{"type":"FeatureCollection","features":[{"type":"Feature","id":1195,"geometry":{"type":"Polygon","coordinates":[[[-122.6671,42.005],[-122.6974,42.0052],[-122.7278,42.0054],[-122.7582,42.0056],[-122.7885,42.0058],[-122.8189,42.006],[-122.8493,42.0062],[-122.8796,42.0063],[-122.91,42.0065],[-122.9403,42.0066],[-122.9707,42.0068],[-123.0011,42.0069],[-123.0314,42.007],[-123.0618,42.0071],[-123.0922,42.0072],[-123.1225,42.0073],[-123.1529,42.0074],[-123.1583,42.0072],[-123.1583,42.0071],[-123.1533,42.0073],[-123.1504,42.0053],[-123.1461,42.0013],[-123.1456,42.0013],[-123.1437,42.0013],[-123.1399,42.0014],[-123.1385,42.0014],[-123.1354,41.9376],[-123.1323,41.8739],[-123.1488,41.8662],[-123.1652,41.8584],[-123.1817,41.8507],[-123.1982,41.843],[-123.226,41.8486],[-123.2538,41.8543],[-123.2816,41.8599],[-123.3094,41.8655],[-123.3031,41.849],[-123.2968,41.8325],[-123.3089,41.8266],[-123.3211,41.8207],[-123.3333,41.8149],[-123.3454,41.809],[-123.3576,41.8031],[-123.3698,41.7972],[-123.3819,41.7913],[-123.3941,41.7855],[-123.4072,41.7689],[-123.4204,41.7524],[-123.4335,41.7358],[-123.4467,41.7192],[-123.4403,41.6967],[-123.4339,41.6742],[-123.443,41.6609],[-123.4522,41.6475],[-123.4613,41.6341],[-123.4705,41.6208],[-123.4871,41.6108],[-123.5036,41.6008],[-123.5202,41.5908],[-123.5367,41.5808],[-123.5317,41.5667],[-123.5267,41.5526],[-123.5216,41.5385],[-123.5166,41.5245],[-123.5116,41.5104],[-123.5065,41.4963],[-123.5015,41.4823],[-123.4965,41.4682],[-123.4931,41.4246],[-123.4898,41.3811],[-123.472,41.3792],[-123.4542,41.3774],[-123.4364,41.3756],[-123.4186,41.3738],[-123.4102,41.3624],[-123.4018,41.3509],[-123.3935,41.3395],[-123.3851,41.3281],[-123.3768,41.3167],[-123.3684,41.3053],[-123.3601,41.2939],[-123.3517,41.2824],[-123.3346,41.2717],[-123.3175,41.2609],[-123.3005,41.2502],[-123.2834,41.2394],[-123.2663,41.2287],[-123.2492,41.2179],[-123.2321,41.2072],[-123.2151,41.1964],[-123.2097,41.1494],[-123.1888,41.1472],[-123.1679,41.1451],[-123.147,41.143],[-123.1262,41.1408],[-123.1119,41.1563],[-123.0977,41.1717],[-123.0834,41.1871],[-123.0692,41.2025],[-123.0438,41.2098],[-123.0185,41.2172],[-122.9931,41.2245],[-122.9677,41.2318],[-122.95,41.2294],[-122.9323,41.2269],[-122.9146,41.2244],[-122.8969,41.222],[-122.888,41.2464],[-122.8791,41.2709],[-122.8635,41.2762],[-122.8479,41.2815],[-122.8322,41.2867],[-122.8166,41.292],[-122.801,41.2973],[-122.7854,41.3025],[-122.7697,41.3078],[-122.7541,41.313],[-122.7504,41.3487],[-122.7356,41.3566],[-122.7209,41.3644],[-122.7061,41.3722],[-122.6914,41.38],[-122.6766,41.3878],[-122.6618,41.3957],[-122.6471,41.4035],[-122.6323,41.4113],[-122.6398,41.4298],[-122.6473,41.4483],[-122.6307,41.4545],[-122.6141,41.4606],[-122.5974,41.4668],[-122.5808,41.4729],[-122.569,41.4829],[-122.5571,41.4928],[-122.5452,41.5028],[-122.5333,41.5127],[-122.5214,41.5227],[-122.5095,41.5327],[-122.4976,41.5426],[-122.4857,41.5526],[-122.4918,41.5642],[-122.4979,41.5758],[-122.504,41.5875],[-122.5101,41.5991],[-122.5162,41.6107],[-122.5222,41.6223],[-122.5283,41.634],[-122.5344,41.6456],[-122.5517,41.6502],[-122.569,41.6547],[-122.5863,41.6593],[-122.6035,41.6639],[-122.6133,41.6736],[-122.6231,41.6833],[-122.6329,41.693],[-122.6426,41.7027],[-122.6294,41.7176],[-122.6162,41.7324],[-122.6029,41.7472],[-122.5897,41.7621],[-122.5819,41.7933],[-122.5742,41.8246],[-122.5664,41.8558],[-122.5586,41.8871],[-122.566,41.9019],[-122.5733,41.9167],[-122.5806,41.9315],[-122.588,41.9463],[-122.5953,41.961],[-122.6026,41.9758],[-122.61,41.9906],[-122.6173,42.0054],[-122.6176,42.0057],[-122.6266,42.0054],[-122.6468,42.0052],[-122.6671,42.005]]]},"properties":{"OBJECTID":1195,"state":"California","agency":"California Department of Fish and Wildlife","unit_type":"DHZ","unit_id":"B6","unit_name":"B","unit_label":"California DHZ B6 - B","aliases":"2025 | b | b6 | b6 b | california | california b6 | california b6 b | california department of fish and wildlife | california department of fish and wildlife b6 | california dhz b6 | california dhz b6 b | dhz | dhz b6 | dhz b6 b","year":"2025","Shape_Length":323080.3262457761,"Shape_Area":5539988575.234073}},{"type":"Feature","id":1196,"geometry":{"type":"Polygon","coordinates":[[[-121.8893,42.0034],[-121.9053,42.0035],[-121.9222,42.0037],[-121.9392,42.0038],[-121.9405,42.0038],[-121.9634,42.0038],[-121.9871,42.0042],[-122.0108,42.0046],[-122.0346,42.005],[-122.0583,42.0054],[-122.082,42.0057],[-122.1057,42.0061],[-122.1294,42.0065],[-122.1531,42.0069],[-122.1768,42.0072],[-122.2005,42.0076],[-122.2242,42.0079],[-122.2479,42.0083],[-122.2716,42.0086],[-122.2953,42.009],[-122.319,42.0093],[-122.3427,42.0096],[-122.359,42.0096],[-122.3752,42.0095],[-122.3799,42.0095],[-122.3988,42.0092],[-122.4177,42.0089],[-122.4366,42.0086],[-122.4555,42.0083],[-122.4751,42.0082],[-122.4919,42.008],[-122.5087,42.0079],[-122.5254,42.0077],[-122.5422,42.0075],[-122.5553,42.0073],[-122.5853,42.0065],[-122.6154,42.0057],[-122.6176,42.0057],[-122.6173,42.0054],[-122.61,41.9906],[-122.6026,41.9758],[-122.5953,41.961],[-122.588,41.9463],[-122.5806,41.9315],[-122.5733,41.9167],[-122.566,41.9019],[-122.5586,41.8871],[-122.5664,41.8558],[-122.5742,41.8246],[-122.5819,41.7933],[-122.5897,41.7621],[-122.6029,41.7472],[-122.6162,41.7324],[-122.6294,41.7176],[-122.6426,41.7027],[-122.6329,41.693],[-122.6231,41.6833],[-122.6133,41.6736],[-122.6035,41.6639],[-122.5863,41.6593],[-122.569,41.6547],[-122.5517,41.6502],[-122.5344,41.6456],[-122.5283,41.634],[-122.5222,41.6223],[-122.5162,41.6107],[-122.5101,41.5991],[-122.504,41.5875],[-122.4979,41.5758],[-122.4918,41.5642],[-122.4857,41.5526],[-122.4787,41.5376],[-122.4717,41.5226],[-122.4648,41.5076],[-122.4578,41.4927],[-122.4508,41.4777],[-122.4438,41.4627],[-122.4369,41.4477],[-122.4299,41.4327],[-122.407,41.4261],[-122.3842,41.4195],[-122.3745,41.432],[-122.3648,41.4445],[-122.3551,41.457],[-122.3454,41.4695],[-122.3357,41.4819],[-122.326,41.4944],[-122.3163,41.5069],[-122.3066,41.5194],[-122.2928,41.5261],[-122.2789,41.5328],[-122.265,41.5395],[-122.2511,41.5462],[-122.2372,41.5529],[-122.2233,41.5596],[-122.2094,41.5663],[-122.1954,41.573],[-122.2004,41.6208],[-122.1803,41.6302],[-122.1602,41.6396],[-122.14,41.649],[-122.1199,41.6584],[-122.0997,41.6678],[-122.0796,41.6772],[-122.0594,41.6866],[-122.0393,41.696],[-122.046,41.711],[-122.0528,41.7259],[-122.0596,41.7409],[-122.0664,41.7559],[-122.0553,41.7713],[-122.0443,41.7868],[-122.0333,41.8023],[-122.0222,41.8177],[-122.0112,41.8332],[-122.0001,41.8487],[-121.9891,41.8642],[-121.978,41.8796],[-121.9669,41.8951],[-121.9558,41.9106],[-121.9448,41.926],[-121.9337,41.9415],[-121.9226,41.957],[-121.9115,41.9724],[-121.9004,41.9879],[-121.8893,42.0033],[-121.8893,42.0034]]]},"properties":{"OBJECTID":1196,"state":"California","agency":"California Department of Fish and Wildlife","unit_type":"DHZ","unit_id":"C1","unit_name":"C","unit_label":"California DHZ C1 - C","aliases":"2025 | c | c1 | c1 c | california | california c1 | california c1 c | california department of fish and wildlife | california department of fish and wildlife c1 | california dhz c1 | california dhz c1 c | dhz | dhz c1 | dhz c1 c","year":"2025","Shape_Length":220487.67031805802,"Shape_Area":2376767174.543434}},{"type":"Feature","id":1197,"geometry":{"type":"Polygon","coordinates":[[[-121.3088,41.9975],[-121.335,41.9976],[-121.3613,41.9977],[-121.3875,41.9978],[-121.4137,41.9979],[-121.44,41.998],[-121.4662,41.9981],[-121.4924,41.9982],[-121.5186,41.9983],[-121.5081,41.9887],[-121.4975,41.9791],[-121.4869,41.9695],[-121.4764,41.9599],[-121.4658,41.9504],[-121.4552,41.9408],[-121.4447,41.9312],[-121.4341,41.9216],[-121.4182,41.9113],[-121.4023,41.9009],[-121.3864,41.8906],[-121.3706,41.8803],[-121.3547,41.87],[-121.3388,41.8596],[-121.3229,41.8493],[-121.307,41.839],[-121.3005,41.8047],[-121.2939,41.7705],[-121.2874,41.7363],[-121.2808,41.702],[-121.2727,41.6916],[-121.2645,41.6812],[-121.2563,41.6708],[-121.2481,41.6604],[-121.2399,41.6499],[-121.2318,41.6395],[-121.2236,41.6291],[-121.2154,41.6187],[-121.2073,41.6083],[-121.1991,41.5979],[-121.191,41.5874],[-121.1828,41.577],[-121.1747,41.5666],[-121.1665,41.5562],[-121.1584,41.5458],[-121.1502,41.5353],[-121.1281,41.5308],[-121.1061,41.5262],[-121.084,41.5217],[-121.0619,41.5171],[-121.0399,41.5125],[-121.0178,41.508],[-120.9958,41.5034],[-120.9737,41.4988],[-120.9619,41.4911],[-120.9501,41.4834],[-120.9383,41.4756],[-120.9265,41.4679],[-120.9147,41.4602],[-120.9029,41.4524],[-120.8911,41.4447],[-120.8794,41.437],[-120.8555,41.444],[-120.8317,41.451],[-120.8078,41.458],[-120.784,41.4649],[-120.7601,41.4719],[-120.7363,41.4789],[-120.7124,41.4859],[-120.6886,41.4928],[-120.6703,41.493],[-120.652,41.4932],[-120.6338,41.4933],[-120.6155,41.4935],[-120.5972,41.4936],[-120.579,41.4938],[-120.5607,41.494],[-120.5424,41.4941],[-120.5272,41.4996],[-120.512,41.5051],[-120.4968,41.5105],[-120.4816,41.516],[-120.4673,41.5348],[-120.4529,41.5536],[-120.4385,41.5724],[-120.4242,41.5912],[-120.418,41.6036],[-120.4119,41.616],[-120.4058,41.6284],[-120.3997,41.6408],[-120.3935,41.6532],[-120.3874,41.6656],[-120.3813,41.678],[-120.3751,41.6904],[-120.3753,41.7333],[-120.3906,41.7333],[-120.4059,41.7334],[-120.4213,41.7334],[-120.4366,41.7335],[-120.4478,41.7506],[-120.459,41.7678],[-120.4479,41.7754],[-120.4368,41.783],[-120.4257,41.7906],[-120.4146,41.7982],[-120.4036,41.8058],[-120.3925,41.8135],[-120.3814,41.8211],[-120.3703,41.8287],[-120.3668,41.8762],[-120.3633,41.9237],[-120.3546,41.941],[-120.3458,41.9584],[-120.337,41.9757],[-120.3283,41.993],[-120.3283,41.9931],[-120.3473,41.9931],[-120.3662,41.9932],[-120.3851,41.9932],[-120.404,41.9933],[-120.4229,41.9933],[-120.4418,41.9934],[-120.4607,41.9935],[-120.4796,41.9935],[-120.4985,41.9936],[-120.5174,41.9936],[-120.5418,41.9935],[-120.5663,41.9933],[-120.5907,41.9932],[-120.6151,41.993],[-120.6421,41.9931],[-120.6676,41.9933],[-120.6931,41.9934],[-120.7186,41.9935],[-120.7441,41.9937],[-120.7488,41.9936],[-120.7664,41.9937],[-120.7853,41.9938],[-120.8042,41.9939],[-120.8202,41.9939],[-120.8362,41.9939],[-120.8522,41.9938],[-120.8682,41.9938],[-120.8843,41.9938],[-120.9003,41.9937],[-120.9163,41.9937],[-120.9323,41.9936],[-120.9522,41.9934],[-120.9721,41.9931],[-120.9747,41.9931],[-120.9924,41.9931],[-121.0101,41.9931],[-121.0153,41.9932],[-121.0318,41.9935],[-121.0483,41.9939],[-121.0567,41.9942],[-121.0857,41.9952],[-121.1011,41.9955],[-121.1165,41.9957],[-121.1319,41.996],[-121.1474,41.9962],[-121.1628,41.9965],[-121.1782,41.9967],[-121.1936,41.997],[-121.209,41.9972],[-121.2227,41.9973],[-121.2488,41.9974],[-121.275,41.9976],[-121.2919,41.9975],[-121.3088,41.9975]]]},"properties":{"OBJECTID":1197,"state":"California","agency":"California Department of Fish and Wildlife","unit_type":"DHZ","unit_id":"X2","unit_name":"X","unit_label":"California DHZ X2 - X","aliases":"2025 | california | california department of fish and wildlife | california department of fish and wildlife x2 | california dhz x2 | california dhz x2 x | california x2 | california x2 x | dhz | dhz x2 | dhz x2 x | x | x2 | x2 x","year":"2025","Shape_Length":284863.9932988445,"Shape_Area":4169848460.015947}},{"type":"Feature","id":1198,"geometry":{"type":"Polygon","coordinates":[[[-119.9997,41.0221],[-119.9998,41.0639],[-119.9999,41.1226],[-120.0,41.132],[-119.9997,41.9949],[-120.001,41.9949],[-120.0208,41.9949],[-120.0406,41.9949],[-120.0605,41.9949],[-120.0803,41.9949],[-120.1086,41.9948],[-120.133,41.9947],[-120.1574,41.9945],[-120.1818,41.9944],[-120.2061,41.9943],[-120.2261,41.9939],[-120.246,41.9935],[-120.2723,41.9932],[-120.2987,41.9929],[-120.3168,41.993],[-120.3283,41.9931],[-120.3283,41.993],[-120.337,41.9757],[-120.3458,41.9584],[-120.3546,41.941],[-120.3633,41.9237],[-120.3668,41.8762],[-120.3703,41.8287],[-120.3814,41.8211],[-120.3925,41.8135],[-120.4036,41.8058],[-120.4146,41.7982],[-120.4257,41.7906],[-120.4368,41.783],[-120.4479,41.7754],[-120.459,41.7678],[-120.4478,41.7506],[-120.4366,41.7335],[-120.4213,41.7334],[-120.4059,41.7334],[-120.3906,41.7333],[-120.3753,41.7333],[-120.3751,41.6904],[-120.3813,41.678],[-120.3874,41.6656],[-120.3935,41.6532],[-120.3997,41.6408],[-120.4058,41.6284],[-120.4119,41.616],[-120.418,41.6036],[-120.4242,41.5912],[-120.4385,41.5724],[-120.4529,41.5536],[-120.4673,41.5348],[-120.4816,41.516],[-120.4968,41.5105],[-120.512,41.5051],[-120.5272,41.4996],[-120.5424,41.4941],[-120.5393,41.4303],[-120.5362,41.3665],[-120.528,41.3464],[-120.5198,41.3263],[-120.5117,41.3062],[-120.5035,41.2861],[-120.507,41.2156],[-120.5105,41.1451],[-120.5016,41.1218],[-120.4926,41.0985],[-120.4837,41.0751],[-120.4747,41.0518],[-120.4585,41.0489],[-120.4422,41.0459],[-120.426,41.0429],[-120.4097,41.04],[-120.3978,41.0467],[-120.3859,41.0533],[-120.3741,41.06],[-120.3622,41.0667],[-120.3478,41.0622],[-120.3334,41.0577],[-120.319,41.0533],[-120.3046,41.0488],[-120.2897,41.0538],[-120.2748,41.0587],[-120.2598,41.0637],[-120.2449,41.0687],[-120.23,41.0594],[-120.215,41.0501],[-120.2001,41.0407],[-120.1851,41.0314],[-120.162,41.0303],[-120.1388,41.0291],[-120.1156,41.028],[-120.0924,41.0268],[-120.0693,41.0256],[-120.0461,41.0245],[-120.0229,41.0233],[-119.9998,41.0221],[-119.9997,41.0221]]]},"properties":{"OBJECTID":1198,"state":"California","agency":"California Department of Fish and Wildlife","unit_type":"DHZ","unit_id":"X3b","unit_name":"X","unit_label":"California DHZ X3b - X","aliases":"2025 | california | california department of fish and wildlife | california department of fish and wildlife x3b | california dhz x3b | california dhz x3b x | california x3b | california x3b x | dhz | dhz x3b | dhz x3b x | x | x3b | x3b x","year":"2025","Shape_Length":299615.23515444016,"Shape_Area":4020208455.992967}},{"type":"Feature","id":1199,"geometry":{"type":"Polygon","coordinates":[[[-122.3842,41.4195],[-122.407,41.4261],[-122.4299,41.4327],[-122.4369,41.4477],[-122.4438,41.4627],[-122.4508,41.4777],[-122.4578,41.4927],[-122.4648,41.5076],[-122.4717,41.5226],[-122.4787,41.5376],[-122.4857,41.5526],[-122.4976,41.5426],[-122.5095,41.5327],[-122.5214,41.5227],[-122.5333,41.5127],[-122.5452,41.5028],[-122.5571,41.4928],[-122.569,41.4829],[-122.5808,41.4729],[-122.5974,41.4668],[-122.6141,41.4606],[-122.6307,41.4545],[-122.6473,41.4483],[-122.6398,41.4298],[-122.6323,41.4113],[-122.6471,41.4035],[-122.6618,41.3957],[-122.6766,41.3878],[-122.6914,41.38],[-122.7061,41.3722],[-122.7209,41.3644],[-122.7356,41.3566],[-122.7504,41.3487],[-122.7541,41.313],[-122.7697,41.3078],[-122.7854,41.3025],[-122.801,41.2973],[-122.8166,41.292],[-122.8322,41.2867],[-122.8479,41.2815],[-122.8635,41.2762],[-122.8791,41.2709],[-122.888,41.2464],[-122.8969,41.222],[-122.9146,41.2244],[-122.9323,41.2269],[-122.95,41.2294],[-122.9677,41.2318],[-122.9931,41.2245],[-123.0185,41.2172],[-123.0438,41.2098],[-123.0692,41.2025],[-123.0834,41.1871],[-123.0977,41.1717],[-123.1119,41.1563],[-123.1262,41.1408],[-123.147,41.143],[-123.1679,41.1451],[-123.1888,41.1472],[-123.2097,41.1494],[-123.2151,41.1964],[-123.2321,41.2072],[-123.2492,41.2179],[-123.2663,41.2287],[-123.2834,41.2394],[-123.3005,41.2502],[-123.3175,41.2609],[-123.3346,41.2717],[-123.3517,41.2824],[-123.3601,41.2939],[-123.3684,41.3053],[-123.3768,41.3167],[-123.3851,41.3281],[-123.3935,41.3395],[-123.4018,41.3509],[-123.4102,41.3624],[-123.4186,41.3738],[-123.4364,41.3756],[-123.4542,41.3774],[-123.472,41.3792],[-123.4898,41.3811],[-123.5001,41.3617],[-123.5103,41.3424],[-123.5206,41.323],[-123.5309,41.3037],[-123.5455,41.297],[-123.5601,41.2902],[-123.5747,41.2835],[-123.5893,41.2768],[-123.6039,41.2701],[-123.6184,41.2633],[-123.633,41.2566],[-123.6476,41.2499],[-123.6544,41.23],[-123.6612,41.2102],[-123.668,41.1904],[-123.6749,41.1706],[-123.6817,41.1507],[-123.6884,41.1309],[-123.6952,41.1111],[-123.702,41.0912],[-123.6939,41.0812],[-123.6858,41.0711],[-123.6777,41.061],[-123.6696,41.0509],[-123.6615,41.0408],[-123.6534,41.0308],[-123.6453,41.0207],[-123.6372,41.0106],[-123.6403,40.9828],[-123.6433,40.955],[-123.6351,40.9429],[-123.6269,40.9308],[-123.6187,40.9187],[-123.6106,40.9066],[-123.6024,40.8945],[-123.5942,40.8824],[-123.5861,40.8703],[-123.5779,40.8582],[-123.5716,40.8308],[-123.5654,40.8033],[-123.5592,40.7759],[-123.5529,40.7485],[-123.5453,40.7353],[-123.5377,40.7221],[-123.5301,40.709],[-123.5225,40.6958],[-123.5149,40.6826],[-123.5072,40.6694],[-123.4996,40.6562],[-123.492,40.6431],[-123.482,40.6358],[-123.472,40.6284],[-123.4619,40.6211],[-123.4519,40.6138],[-123.4547,40.5878],[-123.4576,40.5617],[-123.4519,40.5445],[-123.4462,40.5273],[-123.4405,40.5101],[-123.4348,40.4928],[-123.4291,40.4756],[-123.4235,40.4584],[-123.4178,40.4412],[-123.4121,40.424],[-123.3996,40.4171],[-123.3871,40.4103],[-123.3746,40.4034],[-123.3622,40.3966],[-123.3497,40.3897],[-123.3372,40.3828],[-123.3247,40.376],[-123.3122,40.3691],[-123.3047,40.3587],[-123.2971,40.3483],[-123.2895,40.3379],[-123.2819,40.3274],[-123.2649,40.3184],[-123.2479,40.3094],[-123.2309,40.3003],[-123.2139,40.2913],[-123.1969,40.2823],[-123.1799,40.2732],[-123.1629,40.2642],[-123.1459,40.2551],[-123.1308,40.2385],[-123.1158,40.2219],[-123.1007,40.2053],[-123.0857,40.1887],[-123.0714,40.1841],[-123.0571,40.1795],[-123.0429,40.1749],[-123.0286,40.1703],[-123.0258,40.2134],[-123.0037,40.2213],[-122.9816,40.2293],[-122.9595,40.2372],[-122.9374,40.2452],[-122.95,40.2564],[-122.9625,40.2676],[-122.975,40.2788],[-122.9876,40.29],[-123.0138,40.2912],[-123.04,40.2923],[-123.0302,40.2999],[-123.0204,40.3075],[-123.0105,40.315],[-123.0007,40.3226],[-122.9909,40.3302],[-122.981,40.3377],[-122.9712,40.3453],[-122.9613,40.3529],[-122.9736,40.3723],[-122.9859,40.3918],[-122.9648,40.4053],[-122.9437,40.4188],[-122.9225,40.4323],[-122.9014,40.4458],[-122.8876,40.4607],[-122.8737,40.4755],[-122.8599,40.4904],[-122.846,40.5053],[-122.8276,40.5133],[-122.8092,40.5213],[-122.7908,40.5293],[-122.7724,40.5373],[-122.754,40.5453],[-122.7356,40.5533],[-122.7172,40.5613],[-122.6988,40.5693],[-122.7046,40.6005],[-122.7105,40.6317],[-122.6994,40.6423],[-122.6882,40.6529],[-122.677,40.6634],[-122.6659,40.674],[-122.6452,40.6686],[-122.6245,40.6632],[-122.6038,40.6578],[-122.5831,40.6523],[-122.5705,40.6447],[-122.5579,40.6371],[-122.5453,40.6295],[-122.5327,40.6218],[-122.5201,40.6142],[-122.5075,40.6066],[-122.4949,40.599],[-122.4823,40.5913],[-122.4598,40.5905],[-122.4373,40.5896],[-122.4147,40.5887],[-122.3922,40.5878],[-122.3777,40.6001],[-122.3632,40.6124],[-122.3576,40.6307],[-122.3521,40.649],[-122.3466,40.6673],[-122.3411,40.6857],[-122.3356,40.704],[-122.33,40.7223],[-122.3245,40.7406],[-122.319,40.7589],[-122.3238,40.8011],[-122.3286,40.8432],[-122.3426,40.8581],[-122.3566,40.8731],[-122.3706,40.888],[-122.3846,40.9029],[-122.3986,40.9178],[-122.4126,40.9327],[-122.4266,40.9477],[-122.4406,40.9626],[-122.4315,40.9747],[-122.4223,40.9869],[-122.4132,40.999],[-122.404,41.0112],[-122.3948,41.0233],[-122.3857,41.0354],[-122.3765,41.0476],[-122.3673,41.0597],[-122.3581,41.0718],[-122.349,41.084],[-122.3398,41.0961],[-122.3306,41.1083],[-122.3214,41.1204],[-122.3122,41.1325],[-122.303,41.1447],[-122.2938,41.1568],[-122.2855,41.1804],[-122.2772,41.2041],[-122.2689,41.2278],[-122.2605,41.2514],[-122.2711,41.2598],[-122.2816,41.2683],[-122.2921,41.2767],[-122.3027,41.2851],[-122.311,41.2953],[-122.3192,41.3056],[-122.3275,41.3158],[-122.3358,41.326],[-122.3441,41.3362],[-122.3524,41.3464],[-122.3607,41.3566],[-122.369,41.3668],[-122.3766,41.3932],[-122.3842,41.4195]]]},"properties":{"OBJECTID":1199,"state":"California","agency":"California Department of Fish and Wildlife","unit_type":"DHZ","unit_id":"B2","unit_name":"B","unit_label":"California DHZ B2 - B","aliases":"2025 | b | b2 | b2 b | california | california b2 | california b2 b | california department of fish and wildlife | california department of fish and wildlife b2 | california dhz b2 | california dhz b2 b | dhz | dhz b2 | dhz b2 b","year":"2025","Shape_Length":518861.8117263009,"Shape_Area":9988241685.35949}},{"type":"Feature","id":1200,"geometry":{"type":"Polygon","coordinates":[[[-121.8545,41.2653],[-121.8722,41.2645],[-121.89,41.2636],[-121.9077,41.2628],[-121.9255,41.2619],[-121.9432,41.261],[-121.961,41.2601],[-121.9787,41.2593],[-121.9964,41.2584],[-122.0142,41.2575],[-122.0319,41.2566],[-122.0496,41.2557],[-122.0674,41.2548],[-122.0851,41.2539],[-122.1028,41.253],[-122.1206,41.2521],[-122.1383,41.2512],[-122.1589,41.2555],[-122.1794,41.2597],[-122.1999,41.264],[-122.2205,41.2682],[-122.241,41.2724],[-122.2616,41.2767],[-122.2821,41.2809],[-122.3027,41.2851],[-122.2921,41.2767],[-122.2816,41.2683],[-122.2711,41.2598],[-122.2605,41.2514],[-122.2689,41.2278],[-122.2772,41.2041],[-122.2855,41.1804],[-122.2938,41.1568],[-122.303,41.1447],[-122.3122,41.1325],[-122.3214,41.1204],[-122.3306,41.1083],[-122.3398,41.0961],[-122.349,41.084],[-122.3581,41.0718],[-122.3673,41.0597],[-122.3765,41.0476],[-122.3857,41.0354],[-122.3948,41.0233],[-122.404,41.0112],[-122.4132,40.999],[-122.4223,40.9869],[-122.4315,40.9747],[-122.4406,40.9626],[-122.4266,40.9477],[-122.4126,40.9327],[-122.3986,40.9178],[-122.3846,40.9029],[-122.3706,40.888],[-122.3566,40.8731],[-122.3426,40.8581],[-122.3286,40.8432],[-122.3238,40.8011],[-122.319,40.7589],[-122.2956,40.7532],[-122.2722,40.7475],[-122.2488,40.7418],[-122.2254,40.7361],[-122.203,40.7396],[-122.1805,40.7432],[-122.158,40.7467],[-122.1355,40.7503],[-122.1258,40.7634],[-122.1161,40.7765],[-122.1064,40.7896],[-122.0967,40.8028],[-122.0796,40.809],[-122.0624,40.8152],[-122.0452,40.8215],[-122.028,40.8277],[-122.0107,40.834],[-121.9935,40.8402],[-121.9763,40.8464],[-121.9591,40.8526],[-121.968,40.871],[-121.9769,40.8894],[-121.9858,40.9078],[-121.9947,40.9262],[-121.9877,40.9446],[-121.9807,40.963],[-121.9738,40.9815],[-121.9668,40.9999],[-121.9482,41.014],[-121.9295,41.0281],[-121.9192,41.0207],[-121.9088,41.0133],[-121.8985,41.006],[-121.8881,40.9986],[-121.8777,40.9912],[-121.8674,40.9839],[-121.857,40.9765],[-121.8467,40.9691],[-121.8226,40.9759],[-121.7986,40.9827],[-121.7745,40.9895],[-121.7505,40.9963],[-121.7264,41.0031],[-121.7023,41.0099],[-121.6783,41.0167],[-121.6542,41.0235],[-121.639,41.0198],[-121.6238,41.0162],[-121.6351,41.0387],[-121.6465,41.0612],[-121.6427,41.0978],[-121.639,41.1344],[-121.6518,41.1484],[-121.6646,41.1623],[-121.6791,41.1677],[-121.6936,41.1731],[-121.7081,41.1785],[-121.7227,41.1839],[-121.7372,41.1893],[-121.7517,41.1947],[-121.7663,41.2],[-121.7808,41.2054],[-121.7992,41.2204],[-121.8176,41.2354],[-121.8361,41.2504],[-121.8545,41.2653]]]},"properties":{"OBJECTID":1200,"state":"California","agency":"California Department of Fish and Wildlife","unit_type":"DHZ","unit_id":"C2","unit_name":"C","unit_label":"California DHZ C2 - C","aliases":"2025 | c | c2 | c2 c | california | california c2 | california c2 c | california department of fish and wildlife | california department of fish and wildlife c2 | california dhz c2 | california dhz c2 c | dhz | dhz c2 | dhz c2 c","year":"2025","Shape_Length":228561.2132062489,"Shape_Area":2362578152.495586}},{"type":"Feature","id":1201,"geometry":{"type":"Polygon","coordinates":[[[-120.1851,41.0314],[-120.2001,41.0407],[-120.215,41.0501],[-120.23,41.0594],[-120.2449,41.0687],[-120.2598,41.0637],[-120.2748,41.0587],[-120.2897,41.0538],[-120.3046,41.0488],[-120.319,41.0533],[-120.3334,41.0577],[-120.3478,41.0622],[-120.3622,41.0667],[-120.3741,41.06],[-120.3859,41.0533],[-120.3978,41.0467],[-120.4097,41.04],[-120.426,41.0429],[-120.4422,41.0459],[-120.4585,41.0489],[-120.4747,41.0518],[-120.4792,41.0365],[-120.4836,41.0213],[-120.488,41.006],[-120.4924,40.9908],[-120.4968,40.9755],[-120.5012,40.9602],[-120.5056,40.945],[-120.51,40.9297],[-120.4975,40.9135],[-120.485,40.8974],[-120.4725,40.8812],[-120.46,40.865],[-120.4472,40.856],[-120.4343,40.847],[-120.4215,40.838],[-120.4086,40.829],[-120.3958,40.8201],[-120.383,40.8111],[-120.3702,40.8021],[-120.3573,40.7931],[-120.3445,40.7742],[-120.3316,40.7552],[-120.3188,40.7363],[-120.306,40.7174],[-120.2931,40.6985],[-120.2803,40.6796],[-120.2675,40.6606],[-120.2547,40.6417],[-120.2511,40.6197],[-120.2474,40.5977],[-120.2528,40.573],[-120.2582,40.5484],[-120.2635,40.5237],[-120.2689,40.499],[-120.2742,40.4743],[-120.2796,40.4496],[-120.2849,40.425],[-120.2902,40.4003],[-120.301,40.3895],[-120.3117,40.3787],[-120.2975,40.3754],[-120.2834,40.3721],[-120.2692,40.3688],[-120.255,40.3655],[-120.2409,40.3622],[-120.2267,40.3589],[-120.2125,40.3556],[-120.1984,40.3522],[-120.1931,40.3392],[-120.1879,40.3261],[-120.1827,40.313],[-120.1774,40.2999],[-120.1548,40.2931],[-120.1322,40.2863],[-120.1096,40.2796],[-120.087,40.2728],[-120.0644,40.266],[-120.0418,40.2592],[-120.0192,40.2524],[-119.9966,40.2456],[-119.9962,40.3155],[-119.9961,40.3828],[-119.996,40.5115],[-119.9971,40.6604],[-119.9983,40.7447],[-119.999,40.8834],[-119.9997,41.0221],[-119.9998,41.0221],[-120.0229,41.0233],[-120.0461,41.0245],[-120.0693,41.0256],[-120.0924,41.0268],[-120.1156,41.028],[-120.1388,41.0291],[-120.162,41.0303],[-120.1851,41.0314]]]},"properties":{"OBJECTID":1201,"state":"California","agency":"California Department of Fish and Wildlife","unit_type":"DHZ","unit_id":"X5b","unit_name":"X","unit_label":"California DHZ X5b - X","aliases":"2025 | california | california department of fish and wildlife | california department of fish and wildlife x5b | california dhz x5b | california dhz x5b x | california x5b | california x5b x | dhz | dhz x5b | dhz x5b x | x | x5b | x5b x","year":"2025","Shape_Length":246245.9583858373,"Shape_Area":2409803689.947866}},{"type":"Feature","id":1202,"geometry":{"type":"Polygon","coordinates":[[[-121.306,41.0411],[-121.3273,41.0433],[-121.3486,41.0456],[-121.3699,41.0479],[-121.3911,41.0501],[-121.3996,41.0404],[-121.408,41.0307],[-121.4165,41.021],[-121.4249,41.0112],[-121.4334,41.0015],[-121.4418,40.9918],[-121.4503,40.9821],[-121.4587,40.9723],[-121.479,40.9735],[-121.4993,40.9747],[-121.5195,40.9758],[-121.5398,40.9769],[-121.5614,40.9864],[-121.5831,40.9958],[-121.6048,41.0053],[-121.6264,41.0147],[-121.6215,40.9956],[-121.6165,40.9764],[-121.6116,40.9573],[-121.6066,40.9382],[-121.595,40.9248],[-121.5833,40.9114],[-121.5716,40.898],[-121.56,40.8845],[-121.5483,40.8711],[-121.5367,40.8577],[-121.5251,40.8443],[-121.5134,40.8309],[-121.5095,40.8129],[-121.5055,40.7949],[-121.5015,40.7769],[-121.4976,40.7588],[-121.4812,40.7515],[-121.4648,40.7442],[-121.4484,40.7369],[-121.432,40.7296],[-121.4284,40.7049],[-121.4247,40.6802],[-121.4124,40.6894],[-121.4001,40.6986],[-121.3854,40.6886],[-121.3708,40.6787],[-121.3561,40.6687],[-121.3415,40.6587],[-121.3197,40.6573],[-121.298,40.6558],[-121.2762,40.6544],[-121.2544,40.6529],[-121.2327,40.6514],[-121.2109,40.6499],[-121.1891,40.6485],[-121.1674,40.647],[-121.1509,40.6321],[-121.1344,40.6173],[-121.1179,40.6024],[-121.1015,40.5875],[-121.085,40.5727],[-121.0686,40.5578],[-121.0521,40.5429],[-121.0357,40.5281],[-121.0199,40.5183],[-121.0042,40.5085],[-120.9884,40.4988],[-120.9727,40.489],[-120.9569,40.4792],[-120.9412,40.4694],[-120.9254,40.4597],[-120.9097,40.4499],[-120.8904,40.445],[-120.871,40.4401],[-120.8517,40.4353],[-120.8324,40.4304],[-120.8131,40.4255],[-120.7938,40.4206],[-120.7745,40.4157],[-120.7552,40.4108],[-120.7361,40.4144],[-120.717,40.4179],[-120.6979,40.4214],[-120.6788,40.4249],[-120.6641,40.4187],[-120.6494,40.4125],[-120.6347,40.4063],[-120.62,40.4001],[-120.598,40.3998],[-120.576,40.3995],[-120.5539,40.3992],[-120.5319,40.3989],[-120.5098,40.3986],[-120.4878,40.3983],[-120.4658,40.398],[-120.4437,40.3977],[-120.4463,40.4344],[-120.4489,40.471],[-120.4742,40.4764],[-120.4995,40.4817],[-120.5249,40.4871],[-120.5502,40.4924],[-120.5625,40.5111],[-120.5748,40.5298],[-120.5871,40.5484],[-120.5994,40.5671],[-120.6209,40.5676],[-120.6425,40.5681],[-120.6433,40.6297],[-120.6516,40.6512],[-120.6599,40.6727],[-120.6683,40.6942],[-120.6766,40.7157],[-120.689,40.7288],[-120.7014,40.7418],[-120.7137,40.7549],[-120.7261,40.7679],[-120.742,40.7698],[-120.7579,40.7717],[-120.7738,40.7736],[-120.7897,40.7755],[-120.8056,40.7774],[-120.8214,40.7793],[-120.8373,40.7812],[-120.8532,40.7831],[-120.8635,40.808],[-120.8737,40.833],[-120.8868,40.8282],[-120.8999,40.8233],[-120.913,40.8185],[-120.9261,40.8136],[-120.9417,40.8221],[-120.9573,40.8307],[-120.973,40.8392],[-120.9886,40.8477],[-121.004,40.8431],[-121.0194,40.8384],[-121.0348,40.8337],[-121.0502,40.8291],[-121.0715,40.8318],[-121.0927,40.8346],[-121.114,40.8373],[-121.1353,40.84],[-121.1455,40.8516],[-121.1556,40.8632],[-121.1658,40.8748],[-121.176,40.8865],[-121.1862,40.8981],[-121.1964,40.9097],[-121.2066,40.9213],[-121.2168,40.9329],[-121.228,40.9464],[-121.2391,40.9599],[-121.2502,40.9735],[-121.2614,40.987],[-121.2726,41.0005],[-121.2837,41.014],[-121.2949,41.0275],[-121.306,41.0411]]]},"properties":{"OBJECTID":1202,"state":"California","agency":"California Department of Fish and Wildlife","unit_type":"DHZ","unit_id":"X4","unit_name":"X","unit_label":"California DHZ X4 - X","aliases":"2025 | california | california department of fish and wildlife | california department of fish and wildlife x4 | california dhz x4 | california dhz x4 x | california x4 | california x4 x | dhz | dhz x4 | dhz x4 x | x | x4 | x4 x","year":"2025","Shape_Length":293523.76377446955,"Shape_Area":2874143815.552413}},{"type":"Feature","id":1203,"geometry":{"type":"Polygon","coordinates":[[[-120.5964,40.823],[-120.615,40.8337],[-120.6336,40.8443],[-120.6523,40.855],[-120.6709,40.8657],[-120.6895,40.8764],[-120.7082,40.887],[-120.7268,40.8977],[-120.7455,40.9084],[-120.7525,40.8825],[-120.7594,40.8567],[-120.7511,40.8345],[-120.7428,40.8123],[-120.7344,40.7901],[-120.7261,40.7679],[-120.7137,40.7549],[-120.7014,40.7418],[-120.689,40.7288],[-120.6766,40.7157],[-120.6683,40.6942],[-120.6599,40.6727],[-120.6516,40.6512],[-120.6433,40.6297],[-120.6425,40.5681],[-120.6209,40.5676],[-120.5994,40.5671],[-120.5871,40.5484],[-120.5748,40.5298],[-120.5625,40.5111],[-120.5502,40.4924],[-120.5249,40.4871],[-120.4995,40.4817],[-120.4742,40.4764],[-120.4489,40.471],[-120.4463,40.4344],[-120.4437,40.3977],[-120.4272,40.3953],[-120.4107,40.393],[-120.3942,40.3906],[-120.3777,40.3882],[-120.3612,40.3859],[-120.3447,40.3835],[-120.3282,40.3811],[-120.3117,40.3787],[-120.301,40.3895],[-120.2902,40.4003],[-120.2849,40.425],[-120.2796,40.4496],[-120.2742,40.4743],[-120.2689,40.499],[-120.2635,40.5237],[-120.2582,40.5484],[-120.2528,40.573],[-120.2474,40.5977],[-120.2511,40.6197],[-120.2547,40.6417],[-120.2675,40.6606],[-120.2803,40.6796],[-120.2931,40.6985],[-120.306,40.7174],[-120.3188,40.7363],[-120.3316,40.7552],[-120.3445,40.7742],[-120.3573,40.7931],[-120.3702,40.8021],[-120.383,40.8111],[-120.3958,40.8201],[-120.4086,40.829],[-120.4215,40.838],[-120.4343,40.847],[-120.4472,40.856],[-120.46,40.865],[-120.472,40.8591],[-120.484,40.8532],[-120.496,40.8473],[-120.5081,40.8414],[-120.5201,40.8355],[-120.5321,40.8296],[-120.5441,40.8237],[-120.5561,40.8178],[-120.5762,40.8204],[-120.5964,40.823]]]},"properties":{"OBJECTID":1203,"state":"California","agency":"California Department of Fish and Wildlife","unit_type":"DHZ","unit_id":"X5a","unit_name":"X","unit_label":"California DHZ X5a - X","aliases":"2025 | california | california department of fish and wildlife | california department of fish and wildlife x5a | california dhz x5a | california dhz x5a x | california x5a | california x5a x | dhz | dhz x5a | dhz x5a x | x | x5a | x5a x","year":"2025","Shape_Length":171579.15223002224,"Shape_Area":1402401798.0193198}},{"type":"Feature","id":1204,"geometry":{"type":"Polygon","coordinates":[[[-120.4437,40.3977],[-120.4658,40.398],[-120.4878,40.3983],[-120.5098,40.3986],[-120.5319,40.3989],[-120.5539,40.3992],[-120.576,40.3995],[-120.598,40.3998],[-120.62,40.4001],[-120.6347,40.4063],[-120.6494,40.4125],[-120.6641,40.4187],[-120.6788,40.4249],[-120.6979,40.4214],[-120.717,40.4179],[-120.7361,40.4144],[-120.7552,40.4108],[-120.7673,40.405],[-120.7794,40.3992],[-120.7914,40.3933],[-120.8035,40.3875],[-120.8156,40.3816],[-120.8277,40.3757],[-120.8397,40.3699],[-120.8518,40.364],[-120.8639,40.3582],[-120.876,40.3523],[-120.888,40.3465],[-120.9001,40.3406],[-120.9121,40.3347],[-120.9242,40.3289],[-120.9363,40.323],[-120.9483,40.3172],[-120.9733,40.3156],[-120.9983,40.314],[-121.0232,40.3124],[-121.0482,40.3108],[-121.0579,40.2995],[-121.0676,40.2882],[-121.0773,40.2769],[-121.087,40.2656],[-121.0838,40.2189],[-121.0807,40.1721],[-121.0579,40.1729],[-121.035,40.1738],[-121.0122,40.1746],[-120.9894,40.1754],[-120.9715,40.165],[-120.9535,40.1546],[-120.9356,40.1442],[-120.9177,40.1338],[-120.9157,40.0878],[-120.9329,40.0755],[-120.9501,40.0632],[-120.9673,40.0508],[-120.9845,40.0385],[-120.9727,40.0223],[-120.9608,40.006],[-120.949,39.9897],[-120.9372,39.9735],[-120.943,39.9551],[-120.9489,39.9368],[-120.9233,39.9355],[-120.8977,39.9342],[-120.8722,39.9329],[-120.8466,39.9316],[-120.8302,39.9196],[-120.8139,39.9076],[-120.7975,39.8957],[-120.7811,39.8837],[-120.757,39.8763],[-120.7328,39.8689],[-120.7087,39.8616],[-120.6846,39.8542],[-120.6684,39.8367],[-120.6523,39.8192],[-120.6361,39.8018],[-120.62,39.7843],[-120.6068,39.7771],[-120.5937,39.7698],[-120.5726,39.7767],[-120.5514,39.7835],[-120.5303,39.7903],[-120.5092,39.7971],[-120.488,39.804],[-120.4669,39.8108],[-120.4458,39.8176],[-120.4246,39.8244],[-120.4218,39.8479],[-120.4366,39.861],[-120.4515,39.874],[-120.4664,39.8871],[-120.4813,39.9001],[-120.4962,39.9131],[-120.5111,39.9261],[-120.526,39.9392],[-120.5409,39.9522],[-120.5496,39.9669],[-120.5582,39.9817],[-120.5668,39.9964],[-120.5754,40.0112],[-120.5865,40.0187],[-120.5976,40.0262],[-120.6087,40.0337],[-120.6198,40.0412],[-120.6309,40.0486],[-120.642,40.0561],[-120.6532,40.0636],[-120.6643,40.0711],[-120.6574,40.0849],[-120.6506,40.0986],[-120.6437,40.1123],[-120.6369,40.1261],[-120.63,40.1398],[-120.6232,40.1536],[-120.6163,40.1673],[-120.6094,40.1811],[-120.595,40.1724],[-120.5805,40.1638],[-120.5661,40.1551],[-120.5516,40.1465],[-120.5372,40.1379],[-120.5228,40.1292],[-120.5083,40.1206],[-120.4939,40.1119],[-120.4768,40.1121],[-120.4597,40.1124],[-120.4426,40.1126],[-120.4255,40.1129],[-120.4084,40.1131],[-120.3914,40.1133],[-120.3743,40.1135],[-120.3572,40.1138],[-120.3521,40.156],[-120.3258,40.1482],[-120.2995,40.1405],[-120.2732,40.1327],[-120.2469,40.1249],[-120.2275,40.1296],[-120.2082,40.1344],[-120.1889,40.1392],[-120.1695,40.1439],[-120.148,40.1451],[-120.1265,40.1463],[-120.105,40.1475],[-120.0834,40.1487],[-120.0619,40.1499],[-120.0404,40.1511],[-120.0188,40.1522],[-119.9973,40.1534],[-119.9966,40.2456],[-120.0192,40.2524],[-120.0418,40.2592],[-120.0644,40.266],[-120.087,40.2728],[-120.1096,40.2796],[-120.1322,40.2863],[-120.1548,40.2931],[-120.1774,40.2999],[-120.1827,40.313],[-120.1879,40.3261],[-120.1931,40.3392],[-120.1984,40.3522],[-120.2125,40.3556],[-120.2267,40.3589],[-120.2409,40.3622],[-120.255,40.3655],[-120.2692,40.3688],[-120.2834,40.3721],[-120.2975,40.3754],[-120.3117,40.3787],[-120.3282,40.3811],[-120.3447,40.3835],[-120.3612,40.3859],[-120.3777,40.3882],[-120.3942,40.3906],[-120.4107,40.393],[-120.4272,40.3953],[-120.4437,40.3977]]]},"properties":{"OBJECTID":1204,"state":"California","agency":"California Department of Fish and Wildlife","unit_type":"DHZ","unit_id":"X6a","unit_name":"X","unit_label":"California DHZ X6a - X","aliases":"2025 | california | california department of fish and wildlife | california department of fish and wildlife x6a | california dhz x6a | california dhz x6a x | california x6a | california x6a x | dhz | dhz x6a | dhz x6a x | x | x6a | x6a x","year":"2025","Shape_Length":328154.41738147294,"Shape_Area":3226944926.766146}},{"type":"Feature","id":1205,"geometry":{"type":"Polygon","coordinates":[[[-120.4939,40.1119],[-120.5083,40.1206],[-120.5228,40.1292],[-120.5372,40.1379],[-120.5516,40.1465],[-120.5661,40.1551],[-120.5805,40.1638],[-120.595,40.1724],[-120.6094,40.1811],[-120.6163,40.1673],[-120.6232,40.1536],[-120.63,40.1398],[-120.6369,40.1261],[-120.6437,40.1123],[-120.6506,40.0986],[-120.6574,40.0849],[-120.6643,40.0711],[-120.6532,40.0636],[-120.642,40.0561],[-120.6309,40.0486],[-120.6198,40.0412],[-120.6087,40.0337],[-120.5976,40.0262],[-120.5865,40.0187],[-120.5754,40.0112],[-120.5668,39.9964],[-120.5582,39.9817],[-120.5496,39.9669],[-120.5409,39.9522],[-120.526,39.9392],[-120.5111,39.9261],[-120.4962,39.9131],[-120.4813,39.9001],[-120.4664,39.8871],[-120.4515,39.874],[-120.4366,39.861],[-120.4218,39.8479],[-120.4246,39.8244],[-120.3954,39.8225],[-120.3662,39.8206],[-120.3369,39.8187],[-120.3077,39.8168],[-120.2785,39.8149],[-120.2493,39.813],[-120.2201,39.8111],[-120.1908,39.8092],[-120.1718,39.8049],[-120.1528,39.8006],[-120.1338,39.7963],[-120.1147,39.7921],[-120.0957,39.7878],[-120.0767,39.7835],[-120.0577,39.7792],[-120.0386,39.7749],[-120.0353,39.7376],[-120.032,39.7003],[-120.0167,39.6866],[-120.0014,39.673],[-120.0014,39.6729],[-120.0014,39.6742],[-120.0011,39.7345],[-120.0001,39.8158],[-119.9992,39.8972],[-119.9983,39.9785],[-119.9973,40.0599],[-119.9973,40.0736],[-119.9973,40.0779],[-119.9973,40.078],[-119.9973,40.1534],[-120.0188,40.1522],[-120.0404,40.1511],[-120.0619,40.1499],[-120.0834,40.1487],[-120.105,40.1475],[-120.1265,40.1463],[-120.148,40.1451],[-120.1695,40.1439],[-120.1889,40.1392],[-120.2082,40.1344],[-120.2275,40.1296],[-120.2469,40.1249],[-120.2732,40.1327],[-120.2995,40.1405],[-120.3258,40.1482],[-120.3521,40.156],[-120.3572,40.1138],[-120.3743,40.1135],[-120.3914,40.1133],[-120.4084,40.1131],[-120.4255,40.1129],[-120.4426,40.1126],[-120.4597,40.1124],[-120.4768,40.1121],[-120.4939,40.1119]]]},"properties":{"OBJECTID":1205,"state":"California","agency":"California Department of Fish and Wildlife","unit_type":"DHZ","unit_id":"X6b","unit_name":"X","unit_label":"California DHZ X6b - X","aliases":"2025 | california | california department of fish and wildlife | california department of fish and wildlife x6b | california dhz x6b | california dhz x6b x | california x6b | california x6b x | dhz | dhz x6b | dhz x6b x | x | x6b | x6b x","year":"2025","Shape_Length":207961.01373911224,"Shape_Area":1758678974.7970114}},{"type":"Feature","id":1206,"geometry":{"type":"Polygon","coordinates":[[[-120.9845,40.0385],[-121.011,40.0326],[-121.0376,40.0266],[-121.0642,40.0206],[-121.0907,40.0146],[-121.1124,40.0217],[-121.1341,40.0287],[-121.1505,40.0258],[-121.167,40.0229],[-121.1834,40.0201],[-121.1998,40.0172],[-121.2162,40.0143],[-121.2326,40.0114],[-121.249,40.0085],[-121.2654,40.0056],[-121.2704,39.9845],[-121.2754,39.9633],[-121.2859,39.9555],[-121.2964,39.9476],[-121.3068,39.9397],[-121.3173,39.9319],[-121.3277,39.924],[-121.3382,39.9161],[-121.3486,39.9083],[-121.3591,39.9004],[-121.3718,39.8815],[-121.3845,39.8626],[-121.3972,39.8437],[-121.4099,39.8248],[-121.4249,39.8103],[-121.4399,39.7959],[-121.4549,39.7814],[-121.4699,39.767],[-121.4849,39.7526],[-121.4999,39.7381],[-121.5149,39.7237],[-121.5299,39.7092],[-121.5334,39.6834],[-121.5368,39.6576],[-121.5571,39.6439],[-121.5774,39.6303],[-121.5976,39.6166],[-121.6178,39.603],[-121.6076,39.5768],[-121.5973,39.5506],[-121.587,39.5243],[-121.5768,39.4981],[-121.6047,39.4972],[-121.6327,39.4962],[-121.6606,39.4952],[-121.6886,39.4943],[-121.6884,39.4652],[-121.7074,39.4652],[-121.7263,39.4652],[-121.7453,39.4651],[-121.7643,39.4651],[-121.7832,39.465],[-121.8022,39.465],[-121.8212,39.4649],[-121.8401,39.4649],[-121.8591,39.4648],[-121.8781,39.4647],[-121.897,39.4647],[-121.916,39.4646],[-121.935,39.4645],[-121.9539,39.4644],[-121.9729,39.4644],[-121.9919,39.4643],[-121.9975,39.4785],[-122.0031,39.4927],[-122.0087,39.507],[-122.0144,39.5212],[-122.0394,39.5217],[-122.0644,39.5221],[-122.0895,39.5226],[-122.1145,39.5231],[-122.1395,39.5235],[-122.1646,39.524],[-122.1896,39.5244],[-122.2147,39.5248],[-122.2094,39.4899],[-122.2041,39.455],[-122.1988,39.4201],[-122.1935,39.3852],[-122.1903,39.3417],[-122.1871,39.2983],[-122.1839,39.2548],[-122.1808,39.2113],[-122.1731,39.2004],[-122.1655,39.1894],[-122.1578,39.1785],[-122.1502,39.1675],[-122.1357,39.1746],[-122.1213,39.1818],[-122.1068,39.1889],[-122.0924,39.196],[-122.0704,39.1979],[-122.0485,39.1999],[-122.0265,39.2018],[-122.0046,39.2037],[-121.9904,39.1893],[-121.9763,39.1748],[-121.9621,39.1604],[-121.948,39.146],[-121.9257,39.146],[-121.9034,39.146],[-121.8811,39.146],[-121.8588,39.146],[-121.8365,39.146],[-121.8142,39.146],[-121.7919,39.146],[-121.7696,39.146],[-121.7473,39.146],[-121.725,39.146],[-121.7027,39.146],[-121.6804,39.1459],[-121.6581,39.1459],[-121.6359,39.1459],[-121.6136,39.1458],[-121.5913,39.1458],[-121.5826,39.1364],[-121.5739,39.127],[-121.5653,39.1176],[-121.5566,39.1081],[-121.548,39.0987],[-121.5393,39.0893],[-121.5306,39.0799],[-121.522,39.0705],[-121.5076,39.0617],[-121.4932,39.0529],[-121.4788,39.0441],[-121.4643,39.0354],[-121.4499,39.0266],[-121.4355,39.0178],[-121.4211,39.009],[-121.4068,39.0002],[-121.3953,39.0064],[-121.3839,39.0125],[-121.3725,39.0187],[-121.3611,39.0249],[-121.3496,39.031],[-121.3382,39.0372],[-121.3268,39.0433],[-121.3153,39.0495],[-121.2919,39.0401],[-121.2685,39.0308],[-121.245,39.0214],[-121.2216,39.012],[-121.2006,39.0185],[-121.1795,39.025],[-121.1585,39.0315],[-121.1375,39.038],[-121.1213,39.0251],[-121.1051,39.0122],[-121.0881,39.0135],[-121.0711,39.0147],[-121.0541,39.016],[-121.0371,39.0172],[-121.0299,39.0289],[-121.0227,39.0406],[-121.0155,39.0523],[-121.0082,39.064],[-121.001,39.0757],[-120.9938,39.0875],[-120.9866,39.0992],[-120.9793,39.1109],[-120.9637,39.1219],[-120.948,39.133],[-120.9324,39.1441],[-120.9167,39.1552],[-120.9011,39.1662],[-120.8854,39.1773],[-120.8697,39.1884],[-120.854,39.1994],[-120.8384,39.2105],[-120.8227,39.2216],[-120.807,39.2326],[-120.7913,39.2437],[-120.7756,39.2547],[-120.7599,39.2658],[-120.7442,39.2768],[-120.7285,39.2879],[-120.7111,39.2932],[-120.6937,39.2984],[-120.6763,39.3037],[-120.6589,39.309],[-120.6415,39.3143],[-120.6241,39.3195],[-120.6067,39.3248],[-120.5893,39.3301],[-120.5753,39.3237],[-120.5613,39.3173],[-120.5473,39.3109],[-120.5333,39.3045],[-120.5095,39.309],[-120.4858,39.3135],[-120.462,39.318],[-120.4382,39.3225],[-120.4145,39.327],[-120.3907,39.3315],[-120.3669,39.336],[-120.3432,39.3405],[-120.3517,39.3557],[-120.3602,39.3709],[-120.3687,39.3862],[-120.3773,39.4014],[-120.3922,39.403],[-120.4071,39.4047],[-120.422,39.4064],[-120.4369,39.4081],[-120.4431,39.4267],[-120.4494,39.4454],[-120.44,39.4602],[-120.4306,39.475],[-120.4211,39.4898],[-120.4117,39.5046],[-120.4302,39.514],[-120.4487,39.5234],[-120.4671,39.5328],[-120.4856,39.5421],[-120.4786,39.5668],[-120.4716,39.5915],[-120.4914,39.6019],[-120.5111,39.6123],[-120.5309,39.6227],[-120.5506,39.6331],[-120.5756,39.6236],[-120.6006,39.6141],[-120.6085,39.6263],[-120.6163,39.6385],[-120.6242,39.6507],[-120.632,39.663],[-120.6399,39.6752],[-120.6477,39.6874],[-120.6556,39.6996],[-120.6634,39.7118],[-120.6474,39.7226],[-120.6313,39.7333],[-120.6153,39.7441],[-120.5992,39.7548],[-120.6096,39.7696],[-120.62,39.7843],[-120.6361,39.8018],[-120.6523,39.8192],[-120.6684,39.8367],[-120.6846,39.8542],[-120.7087,39.8616],[-120.7328,39.8689],[-120.757,39.8763],[-120.7811,39.8837],[-120.7975,39.8957],[-120.8139,39.9076],[-120.8302,39.9196],[-120.8466,39.9316],[-120.8722,39.9329],[-120.8977,39.9342],[-120.9233,39.9355],[-120.9489,39.9368],[-120.943,39.9551],[-120.9372,39.9735],[-120.949,39.9897],[-120.9608,40.006],[-120.9727,40.0223],[-120.9845,40.0385]]]},"properties":{"OBJECTID":1206,"state":"California","agency":"California Department of Fish and Wildlife","unit_type":"DHZ","unit_id":"D3","unit_name":"D","unit_label":"California DHZ D3 - D","aliases":"2025 | california | california d3 | california d3 d | california department of fish and wildlife | california department of fish and wildlife d3 | california dhz d3 | california dhz d3 d | d | d3 | d3 d | dhz | dhz d3 | dhz d3 d","year":"2025","Shape_Length":504332.3255100822,"Shape_Area":9779520540.290195}},{"type":"Feature","id":1207,"geometry":{"type":"Polygon","coordinates":[[[-122.9376,39.8608],[-122.9408,39.831],[-122.9441,39.8012],[-122.9595,39.802],[-122.975,39.8029],[-122.9905,39.8037],[-123.006,39.8046],[-123.0215,39.8054],[-123.0369,39.8063],[-123.0524,39.8071],[-123.0679,39.808],[-123.0539,39.8008],[-123.0399,39.7936],[-123.0259,39.7865],[-123.012,39.7793],[-122.998,39.7721],[-122.984,39.7649],[-122.97,39.7578],[-122.9561,39.7506],[-122.9479,39.7372],[-122.9397,39.7239],[-122.9315,39.7105],[-122.9234,39.6972],[-122.9152,39.6838],[-122.907,39.6705],[-122.8989,39.6571],[-122.8907,39.6437],[-122.8889,39.6013],[-122.8872,39.5588],[-122.8684,39.5436],[-122.8496,39.5284],[-122.8281,39.5351],[-122.8066,39.5419],[-122.7852,39.5486],[-122.7637,39.5554],[-122.7397,39.5518],[-122.7157,39.5482],[-122.719,39.5255],[-122.7224,39.5027],[-122.7257,39.48],[-122.7291,39.4573],[-122.7324,39.4346],[-122.7358,39.4118],[-122.7391,39.3891],[-122.7425,39.3664],[-122.7506,39.3531],[-122.7587,39.3398],[-122.7668,39.3265],[-122.775,39.3133],[-122.7565,39.3196],[-122.7381,39.326],[-122.7196,39.3324],[-122.7012,39.3388],[-122.6827,39.3452],[-122.6643,39.3516],[-122.6458,39.358],[-122.6273,39.3643],[-122.6104,39.3669],[-122.5934,39.3694],[-122.5765,39.3719],[-122.5595,39.3743],[-122.5426,39.3768],[-122.5256,39.3793],[-122.5086,39.3818],[-122.4917,39.3843],[-122.4762,39.3842],[-122.4608,39.384],[-122.4454,39.3839],[-122.4299,39.3837],[-122.4122,39.3839],[-122.3945,39.3841],[-122.3768,39.3843],[-122.359,39.3844],[-122.3396,39.3845],[-122.3202,39.3846],[-122.3008,39.3847],[-122.2814,39.3847],[-122.2517,39.3849],[-122.222,39.3851],[-122.1935,39.3852],[-122.1988,39.4201],[-122.2041,39.455],[-122.2094,39.4899],[-122.2147,39.5248],[-122.2124,39.5813],[-122.2101,39.6377],[-122.2079,39.6941],[-122.2056,39.7505],[-122.228,39.7582],[-122.2504,39.7659],[-122.2728,39.7737],[-122.2953,39.7814],[-122.3135,39.7932],[-122.3317,39.805],[-122.3499,39.8168],[-122.3682,39.8286],[-122.3805,39.8232],[-122.3929,39.8178],[-122.4052,39.8124],[-122.4176,39.8069],[-122.4299,39.8015],[-122.4423,39.7961],[-122.4546,39.7906],[-122.4669,39.7852],[-122.4898,39.7887],[-122.5127,39.7921],[-122.5356,39.7956],[-122.5585,39.799],[-122.5655,39.811],[-122.5726,39.8229],[-122.5797,39.8348],[-122.5868,39.8468],[-122.6006,39.8413],[-122.6143,39.8358],[-122.6281,39.8303],[-122.6419,39.8248],[-122.6556,39.8193],[-122.6694,39.8138],[-122.6831,39.8083],[-122.6969,39.8028],[-122.7119,39.8064],[-122.7269,39.81],[-122.742,39.8137],[-122.757,39.8173],[-122.772,39.8209],[-122.7871,39.8246],[-122.8021,39.8282],[-122.8172,39.8318],[-122.8322,39.8355],[-122.8473,39.8391],[-122.8623,39.8427],[-122.8774,39.8463],[-122.8924,39.85],[-122.9075,39.8536],[-122.9225,39.8572],[-122.9376,39.8608]]]},"properties":{"OBJECTID":1207,"state":"California","agency":"California Department of Fish and Wildlife","unit_type":"DHZ","unit_id":"B3","unit_name":"B","unit_label":"California DHZ B3 - B","aliases":"2025 | b | b3 | b3 b | california | california b3 | california b3 b | california department of fish and wildlife | california department of fish and wildlife b3 | california dhz b3 | california dhz b3 b | dhz | dhz b3 | dhz b3 b","year":"2025","Shape_Length":259375.78477220942,"Shape_Area":2691719258.0814376}},{"type":"Feature","id":1208,"geometry":{"type":"Polygon","coordinates":[[[-120.1908,39.8092],[-120.2201,39.8111],[-120.2493,39.813],[-120.2785,39.8149],[-120.3077,39.8168],[-120.3369,39.8187],[-120.3662,39.8206],[-120.3954,39.8225],[-120.4246,39.8244],[-120.4458,39.8176],[-120.4669,39.8108],[-120.488,39.804],[-120.5092,39.7971],[-120.5303,39.7903],[-120.5514,39.7835],[-120.5726,39.7767],[-120.5937,39.7698],[-120.6068,39.7771],[-120.62,39.7843],[-120.6096,39.7696],[-120.5992,39.7548],[-120.6153,39.7441],[-120.6313,39.7333],[-120.6474,39.7226],[-120.6634,39.7118],[-120.6556,39.6996],[-120.6477,39.6874],[-120.6399,39.6752],[-120.632,39.663],[-120.6242,39.6507],[-120.6163,39.6385],[-120.6085,39.6263],[-120.6006,39.6141],[-120.5756,39.6236],[-120.5506,39.6331],[-120.5309,39.6227],[-120.5111,39.6123],[-120.4914,39.6019],[-120.4716,39.5915],[-120.4786,39.5668],[-120.4856,39.5421],[-120.4671,39.5328],[-120.4487,39.5234],[-120.4302,39.514],[-120.4117,39.5046],[-120.4211,39.4898],[-120.4306,39.475],[-120.44,39.4602],[-120.4494,39.4454],[-120.4431,39.4267],[-120.4369,39.4081],[-120.422,39.4064],[-120.4071,39.4047],[-120.3922,39.403],[-120.3773,39.4014],[-120.3687,39.3862],[-120.3602,39.3709],[-120.3517,39.3557],[-120.3432,39.3405],[-120.3367,39.3425],[-120.3189,39.3403],[-120.3011,39.3381],[-120.2833,39.3358],[-120.2655,39.3336],[-120.2478,39.3314],[-120.23,39.3291],[-120.2122,39.3269],[-120.1944,39.3246],[-120.1847,39.3434],[-120.1749,39.3621],[-120.1827,39.3776],[-120.1904,39.3931],[-120.1982,39.4087],[-120.2059,39.4242],[-120.2137,39.4397],[-120.2214,39.4553],[-120.2292,39.4708],[-120.237,39.4863],[-120.2268,39.4991],[-120.2166,39.512],[-120.2,39.5118],[-120.1834,39.5117],[-120.1668,39.5115],[-120.1502,39.5114],[-120.1336,39.5112],[-120.117,39.5111],[-120.1003,39.5109],[-120.0837,39.5107],[-120.0762,39.5206],[-120.0687,39.5304],[-120.0612,39.5402],[-120.0537,39.55],[-120.0597,39.5644],[-120.0657,39.5788],[-120.0717,39.5932],[-120.0778,39.6075],[-120.0605,39.6119],[-120.0432,39.6162],[-120.026,39.6206],[-120.0087,39.6249],[-120.0051,39.6461],[-120.0015,39.6673],[-120.0014,39.6674],[-120.0014,39.6729],[-120.0014,39.673],[-120.0167,39.6866],[-120.032,39.7003],[-120.0353,39.7376],[-120.0386,39.7749],[-120.0577,39.7792],[-120.0767,39.7835],[-120.0957,39.7878],[-120.1147,39.7921],[-120.1338,39.7963],[-120.1528,39.8006],[-120.1718,39.8049],[-120.1908,39.8092]]]},"properties":{"OBJECTID":1208,"state":"California","agency":"California Department of Fish and Wildlife","unit_type":"DHZ","unit_id":"X7a","unit_name":"X","unit_label":"California DHZ X7a - X","aliases":"2025 | california | california department of fish and wildlife | california department of fish and wildlife x7a | california dhz x7a | california dhz x7a x | california x7a | california x7a x | dhz | dhz x7a | dhz x7a x | x | x7a | x7a x","year":"2025","Shape_Length":208238.24627088296,"Shape_Area":1812568293.6348293}},{"type":"Feature","id":1209,"geometry":{"type":"Polygon","coordinates":[[[-120.0026,39.4753],[-120.0014,39.6674],[-120.0015,39.6673],[-120.0051,39.6461],[-120.0087,39.6249],[-120.026,39.6206],[-120.0432,39.6162],[-120.0605,39.6119],[-120.0778,39.6075],[-120.0717,39.5932],[-120.0657,39.5788],[-120.0597,39.5644],[-120.0537,39.55],[-120.0612,39.5402],[-120.0687,39.5304],[-120.0762,39.5206],[-120.0837,39.5107],[-120.1003,39.5109],[-120.117,39.5111],[-120.1336,39.5112],[-120.1502,39.5114],[-120.1668,39.5115],[-120.1834,39.5117],[-120.2,39.5118],[-120.2166,39.512],[-120.2268,39.4991],[-120.237,39.4863],[-120.2292,39.4708],[-120.2214,39.4553],[-120.2137,39.4397],[-120.2059,39.4242],[-120.1982,39.4087],[-120.1904,39.3931],[-120.1827,39.3776],[-120.1749,39.3621],[-120.1847,39.3434],[-120.1944,39.3246],[-120.2122,39.3269],[-120.23,39.3291],[-120.2478,39.3314],[-120.2655,39.3336],[-120.2833,39.3358],[-120.3011,39.3381],[-120.3189,39.3403],[-120.3367,39.3425],[-120.329,39.3257],[-120.3214,39.3089],[-120.3138,39.2921],[-120.3062,39.2753],[-120.2986,39.2585],[-120.2909,39.2417],[-120.2833,39.2249],[-120.2757,39.2081],[-120.2758,39.2078],[-120.2794,39.2043],[-120.2796,39.2043],[-120.2711,39.1885],[-120.2626,39.1727],[-120.2541,39.1568],[-120.2456,39.141],[-120.2371,39.1252],[-120.2286,39.1094],[-120.2201,39.0936],[-120.2116,39.0778],[-120.1985,39.0852],[-120.1855,39.0926],[-120.1725,39.1],[-120.1594,39.1073],[-120.1515,39.1256],[-120.1436,39.1438],[-120.1356,39.1621],[-120.1277,39.1803],[-120.1104,39.195],[-120.0932,39.2098],[-120.0759,39.2245],[-120.0587,39.2392],[-120.0321,39.2441],[-120.0055,39.2491],[-120.0054,39.2712],[-120.0052,39.292],[-120.005,39.3248],[-120.0038,39.4001],[-120.0026,39.4753]]]},"properties":{"OBJECTID":1209,"state":"California","agency":"California Department of Fish and Wildlife","unit_type":"DHZ","unit_id":"X7b","unit_name":"X","unit_label":"California DHZ X7b - X","aliases":"2025 | california | california department of fish and wildlife | california department of fish and wildlife x7b | california dhz x7b | california dhz x7b x | california x7b | california x7b x | dhz | dhz x7b | dhz x7b x | x | x7b | x7b x","year":"2025","Shape_Length":175645.80561560468,"Shape_Area":870826739.7653519}},{"type":"Feature","id":1210,"geometry":{"type":"Polygon","coordinates":[[[-120.2757,39.2081],[-120.2833,39.2249],[-120.2909,39.2417],[-120.2986,39.2585],[-120.3062,39.2753],[-120.3138,39.2921],[-120.3214,39.3089],[-120.329,39.3257],[-120.3367,39.3425],[-120.3432,39.3405],[-120.3669,39.336],[-120.3907,39.3315],[-120.4145,39.327],[-120.4382,39.3225],[-120.462,39.318],[-120.4858,39.3135],[-120.5095,39.309],[-120.5333,39.3045],[-120.5473,39.3109],[-120.5613,39.3173],[-120.5753,39.3237],[-120.5893,39.3301],[-120.6067,39.3248],[-120.6241,39.3195],[-120.6415,39.3143],[-120.6589,39.309],[-120.6763,39.3037],[-120.6937,39.2984],[-120.7111,39.2932],[-120.7285,39.2879],[-120.7442,39.2768],[-120.7599,39.2658],[-120.7756,39.2547],[-120.7913,39.2437],[-120.807,39.2326],[-120.8227,39.2216],[-120.8384,39.2105],[-120.854,39.1994],[-120.8697,39.1884],[-120.8854,39.1773],[-120.9011,39.1662],[-120.9167,39.1552],[-120.9324,39.1441],[-120.948,39.133],[-120.9637,39.1219],[-120.9793,39.1109],[-120.9866,39.0992],[-120.9938,39.0875],[-121.001,39.0757],[-121.0082,39.064],[-121.0155,39.0523],[-121.0227,39.0406],[-121.0299,39.0289],[-121.0371,39.0172],[-121.0541,39.016],[-121.0711,39.0147],[-121.0881,39.0135],[-121.1051,39.0122],[-121.1213,39.0251],[-121.1375,39.038],[-121.1585,39.0315],[-121.1795,39.025],[-121.2006,39.0185],[-121.2216,39.012],[-121.245,39.0214],[-121.2685,39.0308],[-121.2919,39.0401],[-121.3153,39.0495],[-121.3268,39.0433],[-121.3382,39.0372],[-121.3496,39.031],[-121.3611,39.0249],[-121.3725,39.0187],[-121.3839,39.0125],[-121.3953,39.0064],[-121.4068,39.0002],[-121.4211,39.009],[-121.4355,39.0178],[-121.4499,39.0266],[-121.4643,39.0354],[-121.4788,39.0441],[-121.4932,39.0529],[-121.5076,39.0617],[-121.522,39.0705],[-121.5306,39.0799],[-121.5393,39.0893],[-121.548,39.0987],[-121.5566,39.1081],[-121.5653,39.1176],[-121.5739,39.127],[-121.5826,39.1364],[-121.5913,39.1458],[-121.6136,39.1458],[-121.6359,39.1459],[-121.6581,39.1459],[-121.6804,39.1459],[-121.7027,39.146],[-121.725,39.146],[-121.7473,39.146],[-121.7696,39.146],[-121.7919,39.146],[-121.8142,39.146],[-121.8365,39.146],[-121.8588,39.146],[-121.8811,39.146],[-121.9034,39.146],[-121.9257,39.146],[-121.948,39.146],[-121.9621,39.1604],[-121.9763,39.1748],[-121.9904,39.1893],[-122.0046,39.2037],[-122.0265,39.2018],[-122.0485,39.1999],[-122.0704,39.1979],[-122.0924,39.196],[-122.1068,39.1889],[-122.1213,39.1818],[-122.1357,39.1746],[-122.1502,39.1675],[-122.1391,39.1496],[-122.128,39.1316],[-122.1169,39.1136],[-122.1058,39.0957],[-122.0947,39.0777],[-122.0836,39.0598],[-122.0725,39.0418],[-122.0614,39.0238],[-122.0504,39.0059],[-122.0393,38.9879],[-122.0282,38.9699],[-122.0172,38.952],[-122.0061,38.934],[-121.9951,38.916],[-121.9841,38.8981],[-121.973,38.8801],[-121.9611,38.8689],[-121.9491,38.8578],[-121.9372,38.8466],[-121.9252,38.8354],[-121.9133,38.8243],[-121.9014,38.8131],[-121.8894,38.802],[-121.8775,38.7908],[-121.8656,38.7796],[-121.8537,38.7685],[-121.8417,38.7573],[-121.8298,38.7461],[-121.8179,38.7349],[-121.806,38.7238],[-121.7941,38.7126],[-121.7822,38.7014],[-121.7639,38.6945],[-121.7457,38.6876],[-121.7274,38.6807],[-121.7091,38.6738],[-121.6905,38.6737],[-121.6719,38.6736],[-121.6563,38.6733],[-121.6406,38.6729],[-121.6249,38.6726],[-121.6093,38.6722],[-121.5936,38.6719],[-121.5779,38.6715],[-121.5623,38.6712],[-121.5466,38.6708],[-121.5364,38.6536],[-121.5261,38.6363],[-121.5159,38.619],[-121.5057,38.6017],[-121.483,38.5912],[-121.4603,38.5807],[-121.4376,38.5701],[-121.4149,38.5596],[-121.394,38.5643],[-121.3732,38.5691],[-121.3523,38.5739],[-121.3314,38.5786],[-121.3214,38.5917],[-121.3113,38.6048],[-121.3012,38.6179],[-121.2912,38.631],[-121.2674,38.6349],[-121.2437,38.6387],[-121.2199,38.6425],[-121.1962,38.6463],[-121.1837,38.6627],[-121.1712,38.6791],[-121.1587,38.6955],[-121.1462,38.7119],[-121.1395,38.7246],[-121.1329,38.7374],[-121.1262,38.7501],[-121.1196,38.7629],[-121.1129,38.7756],[-121.1063,38.7884],[-121.0996,38.8012],[-121.093,38.8139],[-121.0863,38.8267],[-121.0797,38.8394],[-121.073,38.8522],[-121.0664,38.8649],[-121.0597,38.8777],[-121.053,38.8904],[-121.0463,38.9032],[-121.0397,38.9159],[-121.0143,38.921],[-120.989,38.9261],[-120.9637,38.9312],[-120.9383,38.9362],[-120.9353,38.9645],[-120.9162,38.9614],[-120.8971,38.9583],[-120.878,38.9553],[-120.8589,38.9522],[-120.8476,38.9639],[-120.8363,38.9756],[-120.825,38.9873],[-120.8137,38.9991],[-120.791,38.999],[-120.7683,38.999],[-120.7456,38.9989],[-120.7229,38.9989],[-120.7057,38.9862],[-120.6885,38.9735],[-120.6713,38.9608],[-120.6541,38.9482],[-120.6317,38.9395],[-120.6094,38.9309],[-120.587,38.9223],[-120.5647,38.9136],[-120.5471,38.9208],[-120.5295,38.928],[-120.5119,38.9352],[-120.4943,38.9424],[-120.4831,38.9587],[-120.4719,38.975],[-120.4607,38.9913],[-120.4495,39.0076],[-120.4383,39.0239],[-120.4271,39.0402],[-120.4159,39.0565],[-120.4046,39.0727],[-120.3867,39.0797],[-120.3688,39.0866],[-120.355,39.0792],[-120.3413,39.0718],[-120.3275,39.0643],[-120.3138,39.0569],[-120.3001,39.0494],[-120.2863,39.042],[-120.2726,39.0345],[-120.2589,39.0271],[-120.2383,39.0301],[-120.2177,39.0331],[-120.1972,39.0361],[-120.1766,39.0391],[-120.1678,39.0477],[-120.159,39.0564],[-120.1502,39.065],[-120.1414,39.0737],[-120.1504,39.0905],[-120.1594,39.1073],[-120.1725,39.1],[-120.1855,39.0926],[-120.1985,39.0852],[-120.2116,39.0778],[-120.2201,39.0936],[-120.2286,39.1094],[-120.2371,39.1252],[-120.2456,39.141],[-120.2541,39.1568],[-120.2626,39.1727],[-120.2711,39.1885],[-120.2796,39.2043],[-120.2794,39.2043],[-120.2758,39.2078],[-120.2757,39.2081]]]},"properties":{"OBJECTID":1210,"state":"California","agency":"California Department of Fish and Wildlife","unit_type":"DHZ","unit_id":"D4","unit_name":"D","unit_label":"California DHZ D4 - D","aliases":"2025 | california | california d4 | california d4 d | california department of fish and wildlife | california department of fish and wildlife d4 | california dhz d4 | california dhz d4 d | d | d4 | d4 d | dhz | dhz d4 | dhz d4 d","year":"2025","Shape_Length":485854.1899940334,"Shape_Area":5945638360.365089}},{"type":"Feature","id":1211,"geometry":{"type":"Polygon","coordinates":[[[-119.5855,38.7121],[-119.5868,38.7137],[-119.587,38.7143],[-119.6049,38.7267],[-119.6227,38.739],[-119.6406,38.7514],[-119.6584,38.7638],[-119.6763,38.7761],[-119.6942,38.7885],[-119.7121,38.8009],[-119.7299,38.8132],[-119.75,38.8271],[-119.7701,38.841],[-119.7902,38.8549],[-119.8104,38.8687],[-119.8271,38.8803],[-119.8445,38.8922],[-119.8619,38.9042],[-119.8793,38.9161],[-119.8966,38.9281],[-119.914,38.94],[-119.9254,38.9478],[-119.9302,38.9512],[-119.9329,38.953],[-119.9421,38.9592],[-119.9422,38.9593],[-119.9578,38.9478],[-119.9735,38.9363],[-119.9891,38.9249],[-120.0048,38.9134],[-120.0107,38.8964],[-120.0166,38.8795],[-120.0225,38.8625],[-120.0284,38.8455],[-120.0343,38.8286],[-120.0402,38.8116],[-120.0461,38.7946],[-120.052,38.7777],[-120.0419,38.7628],[-120.0318,38.7478],[-120.0217,38.7329],[-120.0117,38.718],[-120.0016,38.703],[-119.9915,38.6881],[-119.9815,38.6732],[-119.9714,38.6583],[-119.9601,38.6515],[-119.9488,38.6448],[-119.9375,38.6381],[-119.9263,38.6313],[-119.915,38.6246],[-119.9037,38.6179],[-119.8924,38.6111],[-119.8811,38.6044],[-119.8649,38.6041],[-119.8487,38.6038],[-119.8325,38.6034],[-119.8163,38.6031],[-119.8242,38.5816],[-119.832,38.5601],[-119.8152,38.5439],[-119.7983,38.5277],[-119.7815,38.5115],[-119.7646,38.4953],[-119.7501,38.4903],[-119.7356,38.4853],[-119.7216,38.4698],[-119.7075,38.4543],[-119.6935,38.4388],[-119.6795,38.4233],[-119.6654,38.4078],[-119.6514,38.3923],[-119.6374,38.3768],[-119.6234,38.3612],[-119.622,38.3937],[-119.6071,38.3978],[-119.5921,38.4018],[-119.5771,38.4059],[-119.5622,38.41],[-119.5573,38.4324],[-119.5525,38.4548],[-119.5476,38.4772],[-119.5428,38.4997],[-119.5526,38.5138],[-119.5623,38.528],[-119.5721,38.5422],[-119.5819,38.5564],[-119.5917,38.5706],[-119.6015,38.5848],[-119.6113,38.599],[-119.6211,38.6132],[-119.6122,38.6379],[-119.6033,38.6626],[-119.5944,38.6874],[-119.5855,38.7121]]]},"properties":{"OBJECTID":1211,"state":"California","agency":"California Department of Fish and Wildlife","unit_type":"DHZ","unit_id":"X8","unit_name":"X","unit_label":"California DHZ X8 - X","aliases":"2025 | california | california department of fish and wildlife | california department of fish and wildlife x8 | california dhz x8 | california dhz x8 x | california x8 | california x8 x | dhz | dhz x8 | dhz x8 x | x | x8 | x8 x","year":"2025","Shape_Length":174298.348829662,"Shape_Area":1365385404.9058268}},{"type":"Feature","id":1212,"geometry":{"type":"Polygon","coordinates":[[[-119.5482,38.6876],[-119.5676,38.7009],[-119.587,38.7143],[-119.5855,38.7121],[-119.5944,38.6874],[-119.6033,38.6626],[-119.6122,38.6379],[-119.6211,38.6132],[-119.6113,38.599],[-119.6015,38.5848],[-119.5917,38.5706],[-119.5819,38.5564],[-119.5721,38.5422],[-119.5623,38.528],[-119.5526,38.5138],[-119.5428,38.4997],[-119.5476,38.4772],[-119.5525,38.4548],[-119.5573,38.4324],[-119.5622,38.41],[-119.5771,38.4059],[-119.5921,38.4018],[-119.6071,38.3978],[-119.622,38.3937],[-119.6234,38.3612],[-119.6303,38.3424],[-119.6372,38.3236],[-119.6442,38.3048],[-119.6511,38.286],[-119.6322,38.2738],[-119.6133,38.2617],[-119.6176,38.2268],[-119.6219,38.1919],[-119.6073,38.1855],[-119.5926,38.1791],[-119.5779,38.1726],[-119.5632,38.1662],[-119.5486,38.1598],[-119.5339,38.1534],[-119.5193,38.1469],[-119.5046,38.1405],[-119.4934,38.1295],[-119.4823,38.1184],[-119.4711,38.1074],[-119.4599,38.0963],[-119.4449,38.1071],[-119.4298,38.118],[-119.4163,38.1098],[-119.4028,38.1016],[-119.3893,38.0934],[-119.3758,38.0852],[-119.3623,38.077],[-119.3488,38.0689],[-119.3353,38.0607],[-119.3218,38.0525],[-119.3059,38.0518],[-119.29,38.051],[-119.274,38.0503],[-119.2581,38.0496],[-119.2391,38.0591],[-119.2201,38.0686],[-119.2011,38.0782],[-119.1821,38.0877],[-119.1713,38.0666],[-119.1605,38.0455],[-119.138,38.0527],[-119.1154,38.0599],[-119.0928,38.067],[-119.0703,38.0742],[-119.0477,38.0814],[-119.0251,38.0886],[-119.0025,38.0958],[-118.9799,38.1029],[-118.9573,38.1101],[-118.9347,38.1173],[-118.9121,38.1244],[-118.8895,38.1316],[-118.8669,38.1387],[-118.8442,38.1459],[-118.8216,38.153],[-118.799,38.1601],[-118.7977,38.1606],[-118.8088,38.1686],[-118.82,38.1767],[-118.8389,38.1901],[-118.8579,38.2035],[-118.8768,38.2169],[-118.8958,38.2303],[-118.9147,38.2437],[-118.9337,38.2571],[-118.9527,38.2704],[-118.9717,38.2838],[-118.9867,38.2945],[-119.0017,38.3051],[-119.0168,38.3158],[-119.0318,38.3264],[-119.0469,38.3371],[-119.0619,38.3477],[-119.077,38.3583],[-119.0921,38.369],[-119.1055,38.3786],[-119.121,38.3894],[-119.1321,38.3972],[-119.1432,38.405],[-119.1543,38.4128],[-119.1654,38.4206],[-119.1685,38.4228],[-119.1838,38.4334],[-119.1965,38.4422],[-119.2092,38.4511],[-119.2219,38.4599],[-119.2346,38.4687],[-119.2488,38.4788],[-119.263,38.4889],[-119.2784,38.4996],[-119.2938,38.5104],[-119.3062,38.519],[-119.3185,38.5277],[-119.3309,38.5364],[-119.3433,38.5451],[-119.3545,38.5529],[-119.3657,38.5607],[-119.377,38.5686],[-119.3882,38.5764],[-119.3994,38.5842],[-119.4107,38.5921],[-119.4219,38.5999],[-119.4331,38.6077],[-119.4342,38.6085],[-119.4412,38.6133],[-119.4539,38.6221],[-119.4666,38.631],[-119.4776,38.6386],[-119.4887,38.6463],[-119.4998,38.654],[-119.5108,38.6617],[-119.5144,38.6642],[-119.5313,38.6759],[-119.5482,38.6876]]]},"properties":{"OBJECTID":1212,"state":"California","agency":"California Department of Fish and Wildlife","unit_type":"DHZ","unit_id":"X12","unit_name":"X","unit_label":"California DHZ X12 - X","aliases":"2025 | california | california department of fish and wildlife | california department of fish and wildlife x12 | california dhz x12 | california dhz x12 x | california x12 | california x12 x | dhz | dhz x12 | dhz x12 x | x | x12 | x12 x","year":"2025","Shape_Length":244658.60666794956,"Shape_Area":2666932417.0278964}},{"type":"Feature","id":1213,"geometry":{"type":"Polygon","coordinates":[[[-118.032,36.5043],[-118.0404,36.5258],[-118.0488,36.5474],[-118.0573,36.5689],[-118.0657,36.5904],[-118.0742,36.6119],[-118.0826,36.6335],[-118.0911,36.655],[-118.0995,36.6765],[-118.1076,36.6866],[-118.1157,36.6966],[-118.1238,36.7067],[-118.1318,36.7167],[-118.1399,36.7268],[-118.148,36.7369],[-118.1561,36.7469],[-118.1642,36.757],[-118.1723,36.767],[-118.1804,36.7771],[-118.1885,36.7872],[-118.1966,36.7972],[-118.2047,36.8073],[-118.2128,36.8173],[-118.2209,36.8274],[-118.229,36.8374],[-118.2354,36.8643],[-118.2417,36.8912],[-118.2391,36.9247],[-118.2364,36.9583],[-118.2337,36.9918],[-118.231,37.0254],[-118.2384,37.0439],[-118.2458,37.0624],[-118.2532,37.0808],[-118.2605,37.0993],[-118.2679,37.1178],[-118.2753,37.1363],[-118.2827,37.1548],[-118.2901,37.1733],[-118.304,37.1874],[-118.318,37.2015],[-118.3319,37.2156],[-118.3458,37.2297],[-118.352,37.2461],[-118.3582,37.2626],[-118.3644,37.2791],[-118.3707,37.2955],[-118.3769,37.312],[-118.3831,37.3284],[-118.3893,37.3449],[-118.3955,37.3614],[-118.4115,37.3577],[-118.4274,37.354],[-118.4434,37.3504],[-118.4593,37.3467],[-118.4752,37.343],[-118.4912,37.3393],[-118.5071,37.3357],[-118.523,37.332],[-118.5331,37.3183],[-118.5431,37.3047],[-118.5532,37.291],[-118.5632,37.2774],[-118.5733,37.2637],[-118.5833,37.2501],[-118.5934,37.2364],[-118.6034,37.2228],[-118.6236,37.2268],[-118.6437,37.2309],[-118.6639,37.2349],[-118.6841,37.239],[-118.6765,37.2145],[-118.669,37.19],[-118.6614,37.1655],[-118.6539,37.1411],[-118.6271,37.1346],[-118.6004,37.1281],[-118.5737,37.1216],[-118.547,37.1151],[-118.5331,37.1082],[-118.5193,37.1013],[-118.5055,37.0944],[-118.4917,37.0875],[-118.4779,37.0806],[-118.4641,37.0738],[-118.4503,37.0669],[-118.4364,37.06],[-118.4283,37.0342],[-118.4201,37.0084],[-118.4119,36.9826],[-118.4037,36.9568],[-118.3932,36.9389],[-118.3826,36.921],[-118.3721,36.903],[-118.3616,36.8851],[-118.3683,36.8728],[-118.375,36.8605],[-118.3816,36.8482],[-118.3883,36.8359],[-118.3821,36.8006],[-118.3758,36.7653],[-118.3696,36.73],[-118.3634,36.6948],[-118.3523,36.6825],[-118.3412,36.6702],[-118.3301,36.6579],[-118.319,36.6456],[-118.308,36.6333],[-118.2969,36.6211],[-118.2858,36.6088],[-118.2748,36.5965],[-118.2686,36.568],[-118.2624,36.5395],[-118.2562,36.5109],[-118.25,36.4824],[-118.2322,36.4684],[-118.2144,36.4544],[-118.19,36.4566],[-118.1656,36.4588],[-118.1412,36.461],[-118.1168,36.4632],[-118.1057,36.4568],[-118.0946,36.4503],[-118.0835,36.4439],[-118.0724,36.4374],[-118.0614,36.4309],[-118.0503,36.4245],[-118.0392,36.418],[-118.0281,36.4115],[-118.03,36.4579],[-118.032,36.5043]]]},"properties":{"OBJECTID":1213,"state":"California","agency":"California Department of Fish and Wildlife","unit_type":"DHZ","unit_id":"X9b","unit_name":"X","unit_label":"California DHZ X9b - X","aliases":"2025 | california | california department of fish and wildlife | california department of fish and wildlife x9b | california dhz x9b | california dhz x9b x | california x9b | california x9b x | dhz | dhz x9b | dhz x9b x | x | x9b | x9b x","year":"2025","Shape_Length":271844.88515904883,"Shape_Area":1927765208.4311452}},{"type":"Feature","id":1214,"geometry":{"type":"Polygon","coordinates":[[[-117.9035,35.6015],[-117.9209,35.61],[-117.9382,35.6185],[-117.9556,35.627],[-117.9729,35.6355],[-117.9903,35.644],[-118.0077,35.6524],[-118.025,35.6609],[-118.0424,35.6694],[-118.0523,35.6877],[-118.0622,35.706],[-118.0721,35.7243],[-118.0819,35.7426],[-118.1037,35.7388],[-118.1255,35.735],[-118.1473,35.7311],[-118.1691,35.7273],[-118.1814,35.7198],[-118.1936,35.7122],[-118.2059,35.7047],[-118.2181,35.6971],[-118.2304,35.6896],[-118.2426,35.682],[-118.2549,35.6745],[-118.2671,35.6669],[-118.2948,35.662],[-118.3224,35.657],[-118.3388,35.6509],[-118.3551,35.6448],[-118.3715,35.6387],[-118.3878,35.6326],[-118.4051,35.6375],[-118.4224,35.6423],[-118.4396,35.6472],[-118.4569,35.6521],[-118.466,35.6435],[-118.4752,35.635],[-118.4843,35.6264],[-118.4934,35.6179],[-118.5025,35.6093],[-118.5116,35.6008],[-118.5207,35.5922],[-118.5298,35.5837],[-118.5498,35.5748],[-118.5698,35.566],[-118.5897,35.5571],[-118.6097,35.5483],[-118.6296,35.5395],[-118.6495,35.5306],[-118.6695,35.5217],[-118.6894,35.5129],[-118.7072,35.5008],[-118.7251,35.4888],[-118.7429,35.4767],[-118.7607,35.4647],[-118.7785,35.4526],[-118.7963,35.4405],[-118.8141,35.4284],[-118.832,35.4164],[-118.8477,35.4116],[-118.8635,35.4068],[-118.8792,35.4019],[-118.895,35.3971],[-118.9137,35.3954],[-118.9324,35.3937],[-118.951,35.3919],[-118.9697,35.3902],[-118.9884,35.3884],[-119.0071,35.3867],[-119.0257,35.3849],[-119.0444,35.3832],[-119.0394,35.3522],[-119.0219,35.3521],[-119.0045,35.352],[-118.9871,35.3519],[-118.9696,35.3519],[-118.9522,35.3518],[-118.9348,35.3517],[-118.9173,35.3516],[-118.8999,35.3515],[-118.8763,35.346],[-118.8527,35.3405],[-118.8291,35.3349],[-118.8055,35.3294],[-118.7918,35.3218],[-118.778,35.3141],[-118.7643,35.3065],[-118.7506,35.2989],[-118.7368,35.2912],[-118.7231,35.2836],[-118.7094,35.276],[-118.6956,35.2683],[-118.6769,35.2667],[-118.6582,35.2652],[-118.6394,35.2636],[-118.6207,35.262],[-118.6023,35.2503],[-118.5839,35.2386],[-118.5655,35.2269],[-118.5471,35.2152],[-118.5287,35.2035],[-118.5103,35.1918],[-118.492,35.1801],[-118.4736,35.1684],[-118.4696,35.1449],[-118.4488,35.1389],[-118.428,35.1329],[-118.4073,35.127],[-118.3865,35.121],[-118.3657,35.115],[-118.3449,35.109],[-118.3242,35.103],[-118.3034,35.0971],[-118.2825,35.1024],[-118.2615,35.1077],[-118.2405,35.113],[-118.2196,35.1183],[-118.2007,35.1133],[-118.1818,35.1084],[-118.163,35.1034],[-118.1441,35.0985],[-118.1328,35.1131],[-118.1214,35.1277],[-118.1101,35.1424],[-118.0988,35.157],[-118.0874,35.1716],[-118.0761,35.1863],[-118.0647,35.2009],[-118.0533,35.2155],[-118.0439,35.2416],[-118.0344,35.2678],[-118.0265,35.2774],[-118.0185,35.2871],[-118.0106,35.2968],[-118.0027,35.3065],[-117.9947,35.3161],[-117.9868,35.3258],[-117.9789,35.3355],[-117.9709,35.3452],[-117.9745,35.3907],[-117.9781,35.4362],[-117.9688,35.4569],[-117.9595,35.4775],[-117.9502,35.4982],[-117.9409,35.5189],[-117.9315,35.5395],[-117.9222,35.5602],[-117.9129,35.5809],[-117.9035,35.6015]]]},"properties":{"OBJECTID":1214,"state":"California","agency":"California Department of Fish and Wildlife","unit_type":"DHZ","unit_id":"D9","unit_name":"D","unit_label":"California DHZ D9 - D","aliases":"2025 | california | california d9 | california d9 d | california department of fish and wildlife | california department of fish and wildlife d9 | california dhz d9 | california dhz d9 d | d | d9 | d9 d | dhz | dhz d9 | dhz d9 d","year":"2025","Shape_Length":279798.456759878,"Shape_Area":3777943195.151466}},{"type":"Feature","id":1215,"geometry":{"type":"Polygon","coordinates":[[[-118.1441,35.0985],[-118.163,35.1034],[-118.1818,35.1084],[-118.2007,35.1133],[-118.2196,35.1183],[-118.2405,35.113],[-118.2615,35.1077],[-118.2825,35.1024],[-118.3034,35.0971],[-118.3242,35.103],[-118.3449,35.109],[-118.3657,35.115],[-118.3865,35.121],[-118.4073,35.127],[-118.428,35.1329],[-118.4488,35.1389],[-118.4696,35.1449],[-118.4736,35.1684],[-118.492,35.1801],[-118.5103,35.1918],[-118.5287,35.2035],[-118.5471,35.2152],[-118.5655,35.2269],[-118.5839,35.2386],[-118.6023,35.2503],[-118.6207,35.262],[-118.6394,35.2636],[-118.6582,35.2652],[-118.6769,35.2667],[-118.6956,35.2683],[-118.7094,35.276],[-118.7231,35.2836],[-118.7368,35.2912],[-118.7506,35.2989],[-118.7643,35.3065],[-118.778,35.3141],[-118.7918,35.3218],[-118.8055,35.3294],[-118.8291,35.3349],[-118.8527,35.3405],[-118.8763,35.346],[-118.8999,35.3515],[-118.9173,35.3516],[-118.9348,35.3517],[-118.9522,35.3518],[-118.9696,35.3519],[-118.9871,35.3519],[-119.0045,35.352],[-119.0219,35.3521],[-119.0394,35.3522],[-119.0351,35.33],[-119.0307,35.3078],[-119.0264,35.2857],[-119.0221,35.2635],[-119.0178,35.2413],[-119.0135,35.2191],[-119.0092,35.197],[-119.0049,35.1748],[-119.0001,35.1598],[-118.9954,35.1448],[-118.9907,35.1298],[-118.9859,35.1149],[-118.9812,35.0999],[-118.9765,35.0849],[-118.9717,35.0699],[-118.967,35.0549],[-118.9614,35.0353],[-118.9557,35.0158],[-118.9501,34.9962],[-118.9445,34.9766],[-118.9388,34.957],[-118.9332,34.9374],[-118.9276,34.9179],[-118.922,34.8983],[-118.9072,34.8835],[-118.8925,34.8687],[-118.8778,34.8539],[-118.8631,34.8391],[-118.8732,34.8277],[-118.8833,34.8164],[-118.8726,34.8097],[-118.8619,34.8031],[-118.8512,34.7964],[-118.8405,34.7898],[-118.8299,34.7831],[-118.8192,34.7765],[-118.8085,34.7698],[-118.7978,34.7631],[-118.7812,34.7656],[-118.7645,34.7681],[-118.7479,34.7705],[-118.7312,34.773],[-118.7146,34.7754],[-118.6979,34.7779],[-118.6812,34.7803],[-118.6646,34.7828],[-118.6363,34.7793],[-118.6081,34.7758],[-118.5808,34.776],[-118.5535,34.7761],[-118.5261,34.7762],[-118.4988,34.7762],[-118.4715,34.7763],[-118.4442,34.7764],[-118.4168,34.7765],[-118.3895,34.7765],[-118.3622,34.7766],[-118.3349,34.7766],[-118.3076,34.7767],[-118.2802,34.7767],[-118.2529,34.7768],[-118.2256,34.7768],[-118.1983,34.7768],[-118.1709,34.7768],[-118.1683,34.8346],[-118.1657,34.8925],[-118.1631,34.9503],[-118.1604,35.0081],[-118.1691,35.037],[-118.1778,35.0658],[-118.161,35.0821],[-118.1441,35.0985]]]},"properties":{"OBJECTID":1215,"state":"California","agency":"California Department of Fish and Wildlife","unit_type":"DHZ","unit_id":"D10","unit_name":"D","unit_label":"California DHZ D10 - D","aliases":"2025 | california | california d10 | california d10 d | california department of fish and wildlife | california department of fish and wildlife d10 | california dhz d10 | california dhz d10 d | d | d10 | d10 d | dhz | dhz d10 | dhz d10 d","year":"2025","Shape_Length":258695.06923774382,"Shape_Area":3571942465.443632}},{"type":"Feature","id":1216,"geometry":{"type":"Polygon","coordinates":[[[-114.488,34.7173],[-114.5024,34.7201],[-114.5168,34.7229],[-114.5312,34.7257],[-114.5456,34.7284],[-114.5582,34.7391],[-114.5709,34.7497],[-114.5835,34.7603],[-114.5962,34.7709],[-114.6018,34.7515],[-114.6074,34.7322],[-114.613,34.7128],[-114.6186,34.6934],[-114.6242,34.674],[-114.6298,34.6546],[-114.6354,34.6353],[-114.641,34.6159],[-114.6446,34.5548],[-114.6481,34.4937],[-114.6517,34.4326],[-114.6552,34.3716],[-114.6516,34.337],[-114.648,34.3025],[-114.6443,34.2679],[-114.6407,34.2334],[-114.6299,34.2209],[-114.619,34.2084],[-114.6082,34.196],[-114.5974,34.1835],[-114.6089,34.174],[-114.6203,34.1645],[-114.6318,34.155],[-114.6433,34.1455],[-114.6547,34.136],[-114.6662,34.1265],[-114.6776,34.1171],[-114.6891,34.1076],[-114.7071,34.1041],[-114.7251,34.1006],[-114.7431,34.0971],[-114.7611,34.0936],[-114.7791,34.0901],[-114.7972,34.0866],[-114.8152,34.0831],[-114.8332,34.0796],[-114.8591,34.0866],[-114.8851,34.0936],[-114.9111,34.1006],[-114.9371,34.1076],[-114.9593,34.105],[-114.9816,34.1025],[-115.0038,34.0999],[-115.0261,34.0973],[-115.0483,34.0948],[-115.0706,34.0922],[-115.0928,34.0896],[-115.115,34.087],[-115.1282,34.082],[-115.1413,34.077],[-115.1544,34.072],[-115.1676,34.067],[-115.1807,34.062],[-115.1938,34.057],[-115.2069,34.052],[-115.22,34.047],[-115.2391,34.0514],[-115.2581,34.0558],[-115.2771,34.0602],[-115.2961,34.0646],[-115.3151,34.0691],[-115.3341,34.0735],[-115.3531,34.0779],[-115.3721,34.0823],[-115.3912,34.0867],[-115.4102,34.0911],[-115.4292,34.0955],[-115.4483,34.0999],[-115.4673,34.1043],[-115.4863,34.1086],[-115.5054,34.113],[-115.5244,34.1174],[-115.5364,34.0959],[-115.5485,34.0744],[-115.5661,34.0823],[-115.5838,34.0902],[-115.6074,34.0942],[-115.631,34.0983],[-115.6546,34.1023],[-115.6782,34.1064],[-115.7018,34.1104],[-115.7254,34.1144],[-115.749,34.1185],[-115.7726,34.1225],[-115.7879,34.1225],[-115.8031,34.1224],[-115.8184,34.1224],[-115.8336,34.1223],[-115.8489,34.1223],[-115.8641,34.1222],[-115.8794,34.1222],[-115.8946,34.1221],[-115.9047,34.1294],[-115.9148,34.1367],[-115.9292,34.1367],[-115.9437,34.1367],[-115.9582,34.1366],[-115.9726,34.1366],[-115.9871,34.1365],[-116.0016,34.1365],[-116.016,34.1365],[-116.0305,34.1364],[-116.0449,34.1364],[-116.0594,34.1363],[-116.0739,34.1363],[-116.0883,34.1362],[-116.1028,34.1362],[-116.1173,34.1361],[-116.1317,34.136],[-116.1462,34.136],[-116.1607,34.1359],[-116.1751,34.1359],[-116.1896,34.1358],[-116.2041,34.1357],[-116.2185,34.1356],[-116.233,34.1356],[-116.2474,34.1355],[-116.2619,34.1354],[-116.2764,34.1354],[-116.2908,34.1353],[-116.3053,34.1352],[-116.3198,34.1351],[-116.3342,34.135],[-116.3487,34.1349],[-116.3632,34.1349],[-116.3776,34.1348],[-116.3959,34.1292],[-116.4142,34.1237],[-116.4414,34.1187],[-116.4687,34.1138],[-116.4841,34.1039],[-116.4995,34.094],[-116.5149,34.0841],[-116.5302,34.0742],[-116.5456,34.0643],[-116.561,34.0544],[-116.5764,34.0445],[-116.5918,34.0346],[-116.5834,34.0216],[-116.5751,34.0087],[-116.5821,33.9851],[-116.5892,33.9615],[-116.5962,33.938],[-116.6032,33.9144],[-116.5833,33.9099],[-116.5633,33.9053],[-116.5434,33.9007],[-116.5235,33.8961],[-116.511,33.8881],[-116.4985,33.8801],[-116.486,33.8721],[-116.4735,33.8641],[-116.461,33.8561],[-116.4485,33.8481],[-116.436,33.84],[-116.4236,33.832],[-116.4111,33.824],[-116.3986,33.816],[-116.3861,33.808],[-116.3737,33.7999],[-116.3612,33.7919],[-116.3487,33.7839],[-116.3363,33.7759],[-116.3238,33.7678],[-116.3095,33.7615],[-116.2951,33.7551],[-116.2808,33.7487],[-116.2665,33.7424],[-116.2521,33.736],[-116.2378,33.7297],[-116.2234,33.7233],[-116.2091,33.7169],[-116.2003,33.707],[-116.1915,33.6971],[-116.1827,33.6871],[-116.1739,33.6772],[-116.1651,33.6673],[-116.1563,33.6574],[-116.1475,33.6475],[-116.1387,33.6375],[-116.1299,33.6276],[-116.1211,33.6177],[-116.1123,33.6077],[-116.1035,33.5978],[-116.0947,33.5879],[-116.0859,33.578],[-116.0771,33.568],[-116.0684,33.5581],[-116.0541,33.5549],[-116.0399,33.5517],[-116.0257,33.5485],[-116.0115,33.5453],[-115.9973,33.5421],[-115.983,33.5389],[-115.9688,33.5357],[-115.9546,33.5325],[-115.9422,33.5217],[-115.9298,33.5109],[-115.9174,33.5001],[-115.905,33.4893],[-115.8926,33.4785],[-115.8802,33.4676],[-115.8678,33.4568],[-115.8554,33.446],[-115.843,33.4352],[-115.8307,33.4244],[-115.8183,33.4135],[-115.8059,33.4027],[-115.7935,33.3919],[-115.7812,33.3811],[-115.7688,33.3702],[-115.7564,33.3594],[-115.7403,33.3636],[-115.7242,33.3678],[-115.708,33.372],[-115.6919,33.3762],[-115.6778,33.3709],[-115.6638,33.3656],[-115.6497,33.3603],[-115.6357,33.355],[-115.6262,33.3436],[-115.6168,33.3322],[-115.6073,33.3208],[-115.5979,33.3094],[-115.5884,33.2979],[-115.579,33.2865],[-115.5696,33.2751],[-115.5602,33.2637],[-115.54,33.254],[-115.5199,33.2442],[-115.5175,33.1679],[-115.515,33.0917],[-115.5207,33.0464],[-115.5264,33.0012],[-115.5018,32.9926],[-115.5001,32.9107],[-115.4983,32.8288],[-115.4965,32.7469],[-115.4947,32.665],[-115.4705,32.6667],[-115.4463,32.6685],[-115.4221,32.6702],[-115.3979,32.672],[-115.3736,32.6737],[-115.3494,32.6755],[-115.3252,32.6772],[-115.301,32.6789],[-115.2768,32.6806],[-115.2526,32.6823],[-115.2283,32.6841],[-115.2041,32.6858],[-115.1799,32.6875],[-115.1557,32.6891],[-115.1314,32.6908],[-115.1072,32.6925],[-115.083,32.6942],[-115.0588,32.6959],[-115.0345,32.6975],[-115.0103,32.6992],[-114.9861,32.7008],[-114.9618,32.7025],[-114.9376,32.7041],[-114.9134,32.7058],[-114.8891,32.7074],[-114.8649,32.709],[-114.8407,32.7107],[-114.8164,32.7123],[-114.7922,32.7139],[-114.768,32.7155],[-114.7437,32.7171],[-114.7195,32.7187],[-114.713,32.7321],[-114.7127,32.7324],[-114.712,32.733],[-114.7103,32.7341],[-114.7033,32.7442],[-114.703,32.7445],[-114.7019,32.7454],[-114.7019,32.7454],[-114.6971,32.7436],[-114.6919,32.7402],[-114.6692,32.7346],[-114.6679,32.7343],[-114.659,32.7338],[-114.6569,32.7337],[-114.6319,32.7306],[-114.6304,32.7302],[-114.6252,32.7294],[-114.6235,32.7292],[-114.6232,32.7291],[-114.6231,32.7291],[-114.6191,32.7284],[-114.6182,32.7283],[-114.6167,32.7283],[-114.6163,32.7285],[-114.6158,32.7287],[-114.6147,32.7334],[-114.6148,32.7341],[-114.5881,32.7351],[-114.5817,32.7357],[-114.5815,32.7425],[-114.5715,32.7425],[-114.5666,32.7425],[-114.5646,32.7425],[-114.5517,32.7498],[-114.5388,32.7571],[-114.5269,32.7574],[-114.5317,32.7737],[-114.5319,32.7743],[-114.5324,32.7764],[-114.5326,32.7788],[-114.5327,32.7798],[-114.5321,32.7815],[-114.5308,32.7932],[-114.5288,32.7959],[-114.5287,32.7961],[-114.5178,32.8076],[-114.5107,32.8162],[-114.4936,32.8238],[-114.493,32.8242],[-114.4864,32.8358],[-114.4799,32.8474],[-114.4733,32.859],[-114.4667,32.8706],[-114.4646,32.8887],[-114.463,32.9028],[-114.472,32.9194],[-114.481,32.936],[-114.4753,32.944],[-114.4747,32.9446],[-114.4712,32.9494],[-114.4712,32.9494],[-114.4707,32.9501],[-114.4689,32.9537],[-114.4682,32.9555],[-114.4675,32.9578],[-114.4673,32.9605],[-114.4673,32.963],[-114.4672,32.9633],[-114.4672,32.9658],[-114.4674,32.9668],[-114.4754,32.9762],[-114.4835,32.9855],[-114.4916,32.9949],[-114.4997,33.0042],[-114.5004,33.0055],[-114.5019,33.0091],[-114.5033,33.0122],[-114.5056,33.0163],[-114.5118,33.024],[-114.5194,33.0296],[-114.5245,33.0311],[-114.5255,33.0313],[-114.5311,33.0324],[-114.5548,33.0339],[-114.5784,33.0354],[-114.5818,33.0322],[-114.5825,33.0311],[-114.5831,33.0302],[-114.6032,33.0295],[-114.6233,33.0287],[-114.6247,33.0292],[-114.626,33.0298],[-114.6276,33.0307],[-114.63,33.0334],[-114.6334,33.0382],[-114.654,33.0417],[-114.6746,33.0453],[-114.6744,33.0527],[-114.6746,33.0578],[-114.6751,33.0584],[-114.6875,33.0722],[-114.6892,33.0799],[-114.6991,33.0864],[-114.6993,33.0864],[-114.7067,33.0888],[-114.7075,33.0908],[-114.7031,33.1084],[-114.6988,33.126],[-114.6969,33.1305],[-114.6958,33.1324],[-114.6957,33.1325],[-114.6872,33.1481],[-114.6787,33.1637],[-114.679,33.1653],[-114.6795,33.1704],[-114.6793,33.1719],[-114.6783,33.1997],[-114.6785,33.2044],[-114.6728,33.2217],[-114.6761,33.2282],[-114.6765,33.2286],[-114.6852,33.2389],[-114.6879,33.2426],[-114.6845,33.2496],[-114.6733,33.2563],[-114.6734,33.2631],[-114.6753,33.2662],[-114.6893,33.2753],[-114.7033,33.2845],[-114.7174,33.2936],[-114.7314,33.3027],[-114.7314,33.3035],[-114.7252,33.3091],[-114.7234,33.312],[-114.7226,33.3129],[-114.7107,33.3204],[-114.7088,33.3223],[-114.7085,33.3228],[-114.7078,33.3236],[-114.7074,33.3242],[-114.7065,33.3257],[-114.7004,33.3387],[-114.6993,33.3444],[-114.6983,33.3548],[-114.699,33.3609],[-114.7,33.3632],[-114.7013,33.3659],[-114.7016,33.3664],[-114.7073,33.3787],[-114.7071,33.3818],[-114.7124,33.3874],[-114.7141,33.389],[-114.7215,33.3971],[-114.7246,33.4009],[-114.7255,33.405],[-114.7253,33.4055],[-114.7251,33.4058],[-114.7103,33.4073],[-114.7073,33.4076],[-114.6966,33.4137],[-114.6957,33.415],[-114.6947,33.4157],[-114.694,33.416],[-114.6717,33.4175],[-114.6692,33.4167],[-114.6634,33.415],[-114.6618,33.4143],[-114.6611,33.4141],[-114.6563,33.4128],[-114.6458,33.4152],[-114.6388,33.4198],[-114.6371,33.4211],[-114.6367,33.4215],[-114.6333,33.4246],[-114.6319,33.4259],[-114.6294,33.4284],[-114.6266,33.4348],[-114.6258,33.4374],[-114.6231,33.4536],[-114.6233,33.4547],[-114.6225,33.4577],[-114.6204,33.4605],[-114.62,33.4609],[-114.6155,33.466],[-114.6117,33.4715],[-114.6114,33.4718],[-114.6058,33.4772],[-114.6038,33.48],[-114.6024,33.4813],[-114.6018,33.4819],[-114.6002,33.4838],[-114.5997,33.4846],[-114.5972,33.4909],[-114.5935,33.4962],[-114.5901,33.5009],[-114.5894,33.5015],[-114.5757,33.5085],[-114.562,33.5156],[-114.5605,33.5206],[-114.5606,33.5221],[-114.5607,33.5225],[-114.5598,33.5283],[-114.5598,33.5284],[-114.5511,33.5367],[-114.5505,33.5371],[-114.5336,33.5467],[-114.5308,33.5492],[-114.5253,33.5517],[-114.5313,33.5616],[-114.5327,33.5646],[-114.5357,33.5689],[-114.537,33.5725],[-114.5404,33.5815],[-114.5405,33.582],[-114.5406,33.5829],[-114.5402,33.5866],[-114.5404,33.5892],[-114.5393,33.593],[-114.5368,33.5961],[-114.5315,33.604],[-114.5276,33.6081],[-114.5226,33.6106],[-114.5219,33.6115],[-114.5218,33.6116],[-114.5218,33.6123],[-114.5218,33.6127],[-114.5297,33.6223],[-114.531,33.6272],[-114.5309,33.6275],[-114.5247,33.632],[-114.5237,33.6359],[-114.5238,33.6366],[-114.5308,33.6452],[-114.5141,33.6588],[-114.5162,33.6625],[-114.5162,33.6625],[-114.5313,33.6681],[-114.5317,33.673],[-114.5316,33.6739],[-114.531,33.6767],[-114.5285,33.6822],[-114.5051,33.6931],[-114.5032,33.694],[-114.4987,33.6959],[-114.4975,33.6963],[-114.4972,33.6965],[-114.4946,33.7058],[-114.4944,33.7074],[-114.4944,33.7111],[-114.4954,33.7165],[-114.4992,33.7212],[-114.5003,33.722],[-114.5011,33.7226],[-114.5029,33.7255],[-114.5108,33.7327],[-114.5122,33.7338],[-114.5123,33.7347],[-114.5122,33.7351],[-114.5096,33.7396],[-114.5094,33.74],[-114.5079,33.7422],[-114.5077,33.7427],[-114.5041,33.7557],[-114.5042,33.7561],[-114.5101,33.7713],[-114.516,33.7865],[-114.5162,33.787],[-114.5169,33.7887],[-114.5172,33.7897],[-114.5272,33.8128],[-114.5281,33.8144],[-114.5236,33.8183],[-114.5221,33.8196],[-114.5202,33.8235],[-114.5201,33.8239],[-114.5201,33.824],[-114.52,33.8266],[-114.5219,33.8316],[-114.5221,33.832],[-114.525,33.8376],[-114.5261,33.8394],[-114.5301,33.8572],[-114.515,33.8585],[-114.5128,33.8602],[-114.5114,33.8614],[-114.5108,33.8619],[-114.5048,33.8639],[-114.504,33.8648],[-114.5039,33.8652],[-114.5034,33.8674],[-114.5034,33.8695],[-114.5064,33.8785],[-114.508,33.8796],[-114.5159,33.886],[-114.5214,33.8909],[-114.5229,33.8923],[-114.5233,33.8929],[-114.524,33.894],[-114.5243,33.8946],[-114.5259,33.9005],[-114.5249,33.9016],[-114.5248,33.9016],[-114.5234,33.9013],[-114.5217,33.9005],[-114.5101,33.8997],[-114.5098,33.8999],[-114.5089,33.9007],[-114.5219,33.9131],[-114.5349,33.9254],[-114.5352,33.9259],[-114.5355,33.9264],[-114.5358,33.931],[-114.5357,33.9334],[-114.5355,33.9345],[-114.5346,33.9374],[-114.5338,33.9391],[-114.5293,33.9461],[-114.5219,33.9547],[-114.5185,33.957],[-114.5179,33.9573],[-114.5173,33.9576],[-114.5151,33.958],[-114.5149,33.9579],[-114.5139,33.9576],[-114.5085,33.9577],[-114.5069,33.9584],[-114.4983,33.9636],[-114.4966,33.9653],[-114.4931,33.9686],[-114.4916,33.9698],[-114.4897,33.9714],[-114.4878,33.9735],[-114.4784,33.9832],[-114.4719,33.9877],[-114.467,33.9935],[-114.4615,33.9936],[-114.4675,34.0064],[-114.4674,34.0071],[-114.4656,34.0112],[-114.4573,34.0113],[-114.455,34.0112],[-114.4544,34.0113],[-114.4473,34.0327],[-114.4403,34.0541],[-114.4332,34.0755],[-114.4261,34.0969],[-114.4241,34.0985],[-114.4157,34.1078],[-114.4122,34.1097],[-114.4102,34.1107],[-114.3876,34.1115],[-114.3816,34.1152],[-114.3678,34.1181],[-114.3636,34.1208],[-114.3617,34.1226],[-114.3539,34.1323],[-114.3336,34.1344],[-114.3287,34.1353],[-114.326,34.1359],[-114.3249,34.1363],[-114.3216,34.1383],[-114.3117,34.1457],[-114.311,34.1467],[-114.3067,34.1519],[-114.3064,34.1522],[-114.3054,34.1532],[-114.3025,34.156],[-114.3017,34.1569],[-114.298,34.1606],[-114.2882,34.17],[-114.2692,34.1705],[-114.2683,34.1704],[-114.2643,34.1713],[-114.2642,34.1714],[-114.2591,34.1726],[-114.2503,34.1763],[-114.2496,34.1767],[-114.2482,34.1774],[-114.2461,34.1784],[-114.2403,34.1834],[-114.238,34.1841],[-114.2353,34.1849],[-114.2321,34.1858],[-114.2309,34.1861],[-114.2304,34.1864],[-114.2215,34.1984],[-114.2127,34.2105],[-114.2125,34.2106],[-114.2029,34.2199],[-114.1934,34.2291],[-114.1838,34.2383],[-114.1742,34.2476],[-114.1735,34.2478],[-114.1703,34.2486],[-114.1675,34.2493],[-114.1652,34.2584],[-114.1649,34.2595],[-114.1638,34.2595],[-114.1544,34.2579],[-114.1519,34.2582],[-114.1511,34.2584],[-114.1504,34.2586],[-114.1468,34.2594],[-114.1462,34.2594],[-114.1356,34.2577],[-114.1409,34.3056],[-114.1436,34.3076],[-114.1589,34.3212],[-114.1743,34.3347],[-114.1896,34.3483],[-114.2049,34.3619],[-114.2131,34.3622],[-114.2251,34.3705],[-114.2371,34.3787],[-114.2405,34.3815],[-114.2571,34.3922],[-114.2736,34.403],[-114.2761,34.403],[-114.2791,34.4031],[-114.2806,34.4033],[-114.2919,34.4122],[-114.2919,34.4155],[-114.3037,34.4249],[-114.3155,34.4343],[-114.3172,34.4351],[-114.3232,34.4367],[-114.3268,34.4378],[-114.3335,34.4484],[-114.3348,34.4495],[-114.3374,34.4508],[-114.3403,34.4515],[-114.3418,34.4515],[-114.3423,34.4514],[-114.3474,34.4505],[-114.3592,34.4489],[-114.3615,34.4483],[-114.3633,34.4478],[-114.3651,34.4476],[-114.3676,34.4472],[-114.3691,34.4471],[-114.3738,34.447],[-114.3872,34.4613],[-114.387,34.4628],[-114.3845,34.4683],[-114.3845,34.4683],[-114.3828,34.4919],[-114.3802,34.502],[-114.3783,34.5062],[-114.3781,34.5068],[-114.3794,34.5229],[-114.3809,34.529],[-114.3811,34.5297],[-114.3814,34.5304],[-114.3884,34.541],[-114.3916,34.5462],[-114.4004,34.5623],[-114.4006,34.5628],[-114.4047,34.5677],[-114.4055,34.5699],[-114.4202,34.579],[-114.4231,34.5816],[-114.4298,34.5873],[-114.4313,34.5885],[-114.4337,34.5908],[-114.4361,34.5946],[-114.4343,34.5967],[-114.4311,34.5977],[-114.4311,34.5977],[-114.4301,34.598],[-114.427,34.599],[-114.4269,34.599],[-114.4377,34.6198],[-114.4382,34.6206],[-114.4384,34.6211],[-114.4384,34.6213],[-114.4442,34.6365],[-114.45,34.6517],[-114.4558,34.6554],[-114.4578,34.6567],[-114.4582,34.6584],[-114.453,34.6697],[-114.4545,34.6713],[-114.4602,34.6834],[-114.461,34.6843],[-114.4652,34.6907],[-114.4657,34.6923],[-114.4659,34.6929],[-114.4663,34.694],[-114.4674,34.6985],[-114.4674,34.6986],[-114.4755,34.7143],[-114.4756,34.7143],[-114.4842,34.715],[-114.485,34.7153],[-114.4863,34.716],[-114.4877,34.717],[-114.488,34.7173],[-114.488,34.7173]]]},"properties":{"OBJECTID":1216,"state":"California","agency":"California Department of Fish and Wildlife","unit_type":"DHZ","unit_id":"D12","unit_name":"D","unit_label":"California DHZ D12 - D","aliases":"2025 | california | california d12 | california d12 d | california department of fish and wildlife | california department of fish and wildlife d12 | california dhz d12 | california dhz d12 d | d | d12 | d12 d | dhz | dhz d12 | dhz d12 d","year":"2025","Shape_Length":888769.6396081551,"Shape_Area":21529885502.849575}},{"type":"Feature","id":1217,"geometry":{"type":"Polygon","coordinates":[[[-117.0959,34.4719],[-117.1115,34.4719],[-117.1272,34.4718],[-117.1428,34.4717],[-117.1585,34.4716],[-117.1741,34.4715],[-117.1897,34.4714],[-117.2054,34.4713],[-117.221,34.4712],[-117.2366,34.4711],[-117.2523,34.471],[-117.2679,34.4709],[-117.2836,34.4708],[-117.2992,34.4707],[-117.3148,34.4706],[-117.3305,34.4705],[-117.3461,34.4704],[-117.3581,34.455],[-117.3701,34.4396],[-117.3821,34.4242],[-117.3941,34.4088],[-117.4061,34.3934],[-117.4181,34.378],[-117.4301,34.3626],[-117.442,34.3472],[-117.4619,34.3408],[-117.4817,34.3344],[-117.4742,34.3167],[-117.4667,34.2991],[-117.4591,34.2814],[-117.4516,34.2637],[-117.4441,34.2461],[-117.4366,34.2284],[-117.4291,34.2107],[-117.4216,34.1931],[-117.4368,34.1809],[-117.452,34.1686],[-117.4672,34.1564],[-117.4824,34.1442],[-117.4976,34.132],[-117.5128,34.1197],[-117.528,34.1075],[-117.5432,34.0953],[-117.5449,34.0673],[-117.5235,34.0673],[-117.5021,34.0672],[-117.4807,34.0672],[-117.4593,34.0671],[-117.4379,34.0671],[-117.4165,34.067],[-117.395,34.067],[-117.3736,34.0669],[-117.3522,34.0668],[-117.3308,34.0667],[-117.3094,34.0667],[-117.288,34.0666],[-117.2666,34.0665],[-117.2451,34.0664],[-117.2237,34.0663],[-117.2023,34.0662],[-117.1854,34.0589],[-117.1685,34.0516],[-117.1516,34.0443],[-117.1347,34.037],[-117.1178,34.0297],[-117.101,34.0224],[-117.0841,34.0151],[-117.0672,34.0078],[-117.056,33.9978],[-117.0447,33.9877],[-117.0335,33.9776],[-117.0222,33.9676],[-117.011,33.9575],[-116.9997,33.9474],[-116.9885,33.9373],[-116.9773,33.9273],[-116.9539,33.9265],[-116.9305,33.9257],[-116.9071,33.925],[-116.8837,33.9242],[-116.8604,33.9234],[-116.837,33.9226],[-116.8136,33.9218],[-116.7902,33.921],[-116.7669,33.9202],[-116.7435,33.9194],[-116.7201,33.9186],[-116.6967,33.9177],[-116.6733,33.9169],[-116.65,33.9161],[-116.6266,33.9153],[-116.6032,33.9144],[-116.5962,33.938],[-116.5892,33.9615],[-116.5821,33.9851],[-116.5751,34.0087],[-116.5834,34.0216],[-116.5918,34.0346],[-116.5764,34.0445],[-116.561,34.0544],[-116.5456,34.0643],[-116.5302,34.0742],[-116.5149,34.0841],[-116.4995,34.094],[-116.4841,34.1039],[-116.4687,34.1138],[-116.4414,34.1187],[-116.4142,34.1237],[-116.422,34.1424],[-116.4298,34.161],[-116.4376,34.1796],[-116.4454,34.1983],[-116.442,34.2276],[-116.4386,34.2569],[-116.4507,34.2757],[-116.4629,34.2945],[-116.4751,34.3133],[-116.4873,34.3321],[-116.5025,34.3413],[-116.5176,34.3505],[-116.5328,34.3597],[-116.548,34.3689],[-116.573,34.3691],[-116.5981,34.3694],[-116.6232,34.3697],[-116.6482,34.37],[-116.6684,34.3813],[-116.6885,34.3925],[-116.7087,34.4038],[-116.7289,34.415],[-116.745,34.4186],[-116.7611,34.4222],[-116.7773,34.4258],[-116.7934,34.4294],[-116.8095,34.4329],[-116.8257,34.4365],[-116.8418,34.4401],[-116.8579,34.4437],[-116.8734,34.4437],[-116.8888,34.4437],[-116.9043,34.4437],[-116.9198,34.4437],[-116.9352,34.4437],[-116.9507,34.4437],[-116.9661,34.4437],[-116.9816,34.4437],[-116.9959,34.4473],[-117.0102,34.4508],[-117.0245,34.4543],[-117.0387,34.4579],[-117.053,34.4614],[-117.0673,34.4649],[-117.0816,34.4684],[-117.0959,34.4719]]]},"properties":{"OBJECTID":1217,"state":"California","agency":"California Department of Fish and Wildlife","unit_type":"DHZ","unit_id":"D14","unit_name":"D","unit_label":"California DHZ D14 - D","aliases":"2025 | california | california d14 | california d14 d | california department of fish and wildlife | california department of fish and wildlife d14 | california dhz d14 | california dhz d14 d | d | d14 | d14 d | dhz | dhz d14 | dhz d14 d","year":"2025","Shape_Length":288210.80767788243,"Shape_Area":4429378963.779294}},{"type":"Feature","id":1218,"geometry":{"type":"Polygon","coordinates":[[[-124.2964,40.6215],[-124.3058,40.6305],[-124.3152,40.6395],[-124.3242,40.6234],[-124.3332,40.6072],[-124.3422,40.591],[-124.3512,40.5748],[-124.3602,40.5586],[-124.3693,40.5424],[-124.3783,40.5263],[-124.3873,40.5101],[-124.3926,40.4932],[-124.398,40.4764],[-124.4033,40.4596],[-124.4087,40.4427],[-124.4011,40.4268],[-124.3935,40.4109],[-124.3859,40.3949],[-124.3783,40.379],[-124.3707,40.3631],[-124.3631,40.3471],[-124.3555,40.3312],[-124.3479,40.3153],[-124.3556,40.288],[-124.3633,40.2607],[-124.3523,40.2525],[-124.3412,40.2444],[-124.3302,40.2362],[-124.3192,40.2281],[-124.3082,40.2199],[-124.2972,40.2118],[-124.2862,40.2036],[-124.2752,40.1955],[-124.2642,40.1873],[-124.2532,40.1792],[-124.2422,40.171],[-124.2312,40.1629],[-124.2202,40.1547],[-124.2092,40.1466],[-124.1982,40.1384],[-124.1873,40.1303],[-124.1681,40.1237],[-124.1489,40.117],[-124.1297,40.1104],[-124.1106,40.1038],[-124.1031,40.0856],[-124.0956,40.0674],[-124.0881,40.0492],[-124.0806,40.031],[-124.0588,40.0226],[-124.037,40.0142],[-124.0255,40.0029],[-124.0139,39.9916],[-124.0024,39.9803],[-123.9909,39.969],[-123.9794,39.9577],[-123.9679,39.9465],[-123.9564,39.9352],[-123.9449,39.9239],[-123.9334,39.9126],[-123.9219,39.9013],[-123.9104,39.89],[-123.8989,39.8787],[-123.8874,39.8674],[-123.8759,39.8561],[-123.8645,39.8448],[-123.853,39.8335],[-123.8474,39.806],[-123.8418,39.7784],[-123.8362,39.7509],[-123.8307,39.7234],[-123.8194,39.717],[-123.8082,39.7107],[-123.8138,39.7253],[-123.8193,39.74],[-123.8249,39.7546],[-123.8304,39.7692],[-123.822,39.7802],[-123.8136,39.7912],[-123.8051,39.8022],[-123.7967,39.8132],[-123.7882,39.8241],[-123.7798,39.8351],[-123.7714,39.8461],[-123.7629,39.8571],[-123.7383,39.8627],[-123.7138,39.8682],[-123.7248,39.8825],[-123.7358,39.8968],[-123.7469,39.9111],[-123.7579,39.9254],[-123.769,39.9397],[-123.78,39.954],[-123.7911,39.9683],[-123.8021,39.9826],[-123.7967,40.0254],[-123.7913,40.0682],[-123.8016,40.0799],[-123.8119,40.0916],[-123.8222,40.1033],[-123.8325,40.115],[-123.8246,40.1248],[-123.8167,40.1347],[-123.8087,40.1446],[-123.8008,40.1544],[-123.7929,40.1643],[-123.785,40.1741],[-123.777,40.184],[-123.7691,40.1939],[-123.7849,40.2042],[-123.8007,40.2145],[-123.8165,40.2248],[-123.8324,40.2351],[-123.8458,40.2485],[-123.8592,40.262],[-123.8727,40.2755],[-123.8861,40.2889],[-123.8996,40.3024],[-123.9131,40.3159],[-123.9265,40.3293],[-123.94,40.3428],[-123.9382,40.3839],[-123.9364,40.4249],[-123.9576,40.4307],[-123.9789,40.4364],[-124.0002,40.4421],[-124.0214,40.4478],[-124.0427,40.4535],[-124.064,40.4592],[-124.0853,40.4649],[-124.1066,40.4706],[-124.0977,40.4866],[-124.0888,40.5025],[-124.1067,40.5058],[-124.1246,40.5091],[-124.1425,40.5124],[-124.1603,40.5157],[-124.1665,40.5582],[-124.1727,40.6008],[-124.1881,40.6034],[-124.2036,40.606],[-124.219,40.6086],[-124.2345,40.6112],[-124.25,40.6137],[-124.2654,40.6163],[-124.2809,40.6189],[-124.2964,40.6215]]]},"properties":{"OBJECTID":1218,"state":"California","agency":"California Department of Fish and Wildlife","unit_type":"DHZ","unit_id":"B4","unit_name":"B","unit_label":"California DHZ B4 - B","aliases":"2025 | b | b4 | b4 b | california | california b4 | california b4 b | california department of fish and wildlife | california department of fish and wildlife b4 | california dhz b4 | california dhz b4 b | dhz | dhz b4 | dhz b4 b","year":"2025","Shape_Length":269006.2970431024,"Shape_Area":2402240621.408038}},{"type":"Feature","id":1219,"geometry":{"type":"Polygon","coordinates":[[[-117.5449,34.0673],[-117.5694,34.0723],[-117.5939,34.0773],[-117.6184,34.0823],[-117.6428,34.0873],[-117.6657,34.0844],[-117.6886,34.0815],[-117.7115,34.0785],[-117.7344,34.0756],[-117.7573,34.0727],[-117.7802,34.0698],[-117.803,34.0669],[-117.8259,34.0639],[-117.8458,34.0644],[-117.8657,34.0649],[-117.8856,34.0654],[-117.9055,34.0659],[-117.9253,34.0664],[-117.9452,34.0668],[-117.9651,34.0673],[-117.985,34.0678],[-118.0049,34.0682],[-118.0248,34.0687],[-118.0447,34.0692],[-118.0646,34.0696],[-118.0844,34.0701],[-118.1043,34.0705],[-118.1242,34.0709],[-118.1441,34.0714],[-118.1601,34.0672],[-118.1762,34.063],[-118.1922,34.0588],[-118.2083,34.0546],[-118.2243,34.0504],[-118.2404,34.0462],[-118.2564,34.042],[-118.2724,34.0378],[-118.293,34.037],[-118.3135,34.0362],[-118.3341,34.0354],[-118.3547,34.0345],[-118.3752,34.0337],[-118.3958,34.0329],[-118.4163,34.032],[-118.4369,34.0312],[-118.4514,34.0253],[-118.4659,34.0193],[-118.4804,34.0134],[-118.4949,34.0075],[-118.4817,33.9905],[-118.4684,33.9736],[-118.4551,33.9566],[-118.4418,33.9396],[-118.4354,33.9267],[-118.429,33.9137],[-118.4226,33.9008],[-118.4163,33.8879],[-118.4099,33.8749],[-118.4035,33.862],[-118.3971,33.8491],[-118.3907,33.8361],[-118.4002,33.8205],[-118.4097,33.8049],[-118.4192,33.7892],[-118.4287,33.7736],[-118.4111,33.7651],[-118.3935,33.7566],[-118.376,33.7481],[-118.3584,33.7396],[-118.3408,33.7311],[-118.3233,33.7226],[-118.3057,33.7141],[-118.2881,33.7055],[-118.2808,33.7291],[-118.2735,33.7527],[-118.2576,33.7589],[-118.2416,33.765],[-118.2257,33.7712],[-118.2098,33.7773],[-118.1945,33.7713],[-118.1792,33.7652],[-118.1639,33.7591],[-118.1485,33.753],[-118.1332,33.747],[-118.1179,33.7409],[-118.1026,33.7348],[-118.0873,33.7287],[-118.0773,33.721],[-118.0674,33.7134],[-118.0574,33.7057],[-118.0474,33.698],[-118.0375,33.6903],[-118.0275,33.6827],[-118.0176,33.675],[-118.0076,33.6673],[-117.9976,33.6596],[-117.9877,33.6519],[-117.9777,33.6442],[-117.9678,33.6366],[-117.9578,33.6289],[-117.9479,33.6212],[-117.9379,33.6135],[-117.928,33.6058],[-117.9102,33.5978],[-117.8925,33.5898],[-117.8747,33.5819],[-117.857,33.5739],[-117.8393,33.5659],[-117.8215,33.5579],[-117.8038,33.5499],[-117.786,33.5419],[-117.7771,33.5316],[-117.7682,33.5214],[-117.7592,33.5112],[-117.7503,33.501],[-117.7413,33.4907],[-117.7324,33.4805],[-117.7235,33.4703],[-117.7146,33.46],[-117.6958,33.46],[-117.6771,33.4601],[-117.6661,33.4504],[-117.6552,33.4407],[-117.6442,33.431],[-117.6333,33.4213],[-117.6223,33.4117],[-117.6114,33.402],[-117.6004,33.3923],[-117.5895,33.3826],[-117.5755,33.3729],[-117.5615,33.3632],[-117.5475,33.3535],[-117.5336,33.3438],[-117.5196,33.3341],[-117.5056,33.3244],[-117.4917,33.3147],[-117.4777,33.305],[-117.466,33.291],[-117.4543,33.2771],[-117.4427,33.2631],[-117.431,33.2492],[-117.4193,33.2352],[-117.4077,33.2213],[-117.396,33.2074],[-117.3844,33.1934],[-117.366,33.2015],[-117.3476,33.2095],[-117.3293,33.2176],[-117.3109,33.2256],[-117.2925,33.2337],[-117.2741,33.2417],[-117.2557,33.2498],[-117.2374,33.2578],[-117.2265,33.2804],[-117.2156,33.303],[-117.2017,33.31],[-117.1878,33.317],[-117.174,33.324],[-117.1601,33.331],[-117.1671,33.3547],[-117.1742,33.3784],[-117.1657,33.404],[-117.1571,33.4296],[-117.1486,33.4551],[-117.14,33.4807],[-117.1197,33.4833],[-117.0994,33.486],[-117.0791,33.4887],[-117.0588,33.4913],[-117.0375,33.4811],[-117.0163,33.4709],[-116.9916,33.4693],[-116.9669,33.4677],[-116.9422,33.4661],[-116.9175,33.4645],[-116.9073,33.4837],[-116.897,33.503],[-116.9063,33.5242],[-116.9155,33.5454],[-116.9248,33.5666],[-116.934,33.5879],[-116.9433,33.6091],[-116.9526,33.6303],[-116.9618,33.6515],[-116.9711,33.6727],[-116.9723,33.7475],[-116.9735,33.8223],[-116.9903,33.8365],[-117.0071,33.8507],[-116.9996,33.8698],[-116.9922,33.889],[-116.9847,33.9081],[-116.9773,33.9273],[-116.9885,33.9373],[-116.9997,33.9474],[-117.011,33.9575],[-117.0222,33.9676],[-117.0335,33.9776],[-117.0447,33.9877],[-117.056,33.9978],[-117.0672,34.0078],[-117.0841,34.0151],[-117.101,34.0224],[-117.1178,34.0297],[-117.1347,34.037],[-117.1516,34.0443],[-117.1685,34.0516],[-117.1854,34.0589],[-117.2023,34.0662],[-117.2237,34.0663],[-117.2451,34.0664],[-117.2666,34.0665],[-117.288,34.0666],[-117.3094,34.0667],[-117.3308,34.0667],[-117.3522,34.0668],[-117.3736,34.0669],[-117.395,34.067],[-117.4165,34.067],[-117.4379,34.0671],[-117.4593,34.0671],[-117.4807,34.0672],[-117.5021,34.0672],[-117.5235,34.0673],[-117.5449,34.0673]]]},"properties":{"OBJECTID":1219,"state":"California","agency":"California Department of Fish and Wildlife","unit_type":"DHZ","unit_id":"D15","unit_name":"D","unit_label":"California DHZ D15 - D","aliases":"2025 | california | california d15 | california d15 d | california department of fish and wildlife | california department of fish and wildlife d15 | california dhz d15 | california dhz d15 d | d | d15 | d15 d | dhz | dhz d15 | dhz d15 d","year":"2025","Shape_Length":425691.7708748316,"Shape_Area":8244591025.132121}},{"type":"Feature","id":1220,"geometry":{"type":"Polygon","coordinates":[[[-116.6032,33.9144],[-116.6266,33.9153],[-116.65,33.9161],[-116.6733,33.9169],[-116.6967,33.9177],[-116.7201,33.9186],[-116.7435,33.9194],[-116.7669,33.9202],[-116.7902,33.921],[-116.8136,33.9218],[-116.837,33.9226],[-116.8604,33.9234],[-116.8837,33.9242],[-116.9071,33.925],[-116.9305,33.9257],[-116.9539,33.9265],[-116.9773,33.9273],[-116.9847,33.9081],[-116.9922,33.889],[-116.9996,33.8698],[-117.0071,33.8507],[-116.9903,33.8365],[-116.9735,33.8223],[-116.9723,33.7475],[-116.9711,33.6727],[-116.9618,33.6515],[-116.9526,33.6303],[-116.9433,33.6091],[-116.934,33.5879],[-116.9248,33.5666],[-116.9155,33.5454],[-116.9063,33.5242],[-116.897,33.503],[-116.9073,33.4837],[-116.9175,33.4645],[-116.8973,33.4551],[-116.8771,33.4457],[-116.8569,33.4363],[-116.8367,33.4269],[-116.8093,33.427],[-116.7819,33.427],[-116.7546,33.4271],[-116.7272,33.4271],[-116.6998,33.4272],[-116.6724,33.4272],[-116.645,33.4273],[-116.6176,33.4273],[-116.6139,33.3634],[-116.5998,33.3606],[-116.5857,33.3578],[-116.5717,33.3551],[-116.5576,33.3523],[-116.5436,33.3495],[-116.5295,33.3468],[-116.5155,33.344],[-116.5014,33.3412],[-116.4999,33.1957],[-116.5172,33.1816],[-116.5117,33.1597],[-116.5062,33.1378],[-116.5007,33.1159],[-116.4953,33.094],[-116.48,33.1027],[-116.4647,33.1114],[-116.4494,33.1201],[-116.434,33.1287],[-116.4178,33.129],[-116.4016,33.1293],[-116.3854,33.1296],[-116.3691,33.1299],[-116.3529,33.1302],[-116.3367,33.1305],[-116.3204,33.1307],[-116.3042,33.131],[-116.2882,33.1379],[-116.2721,33.1447],[-116.2561,33.1516],[-116.2401,33.1584],[-116.2173,33.1544],[-116.1946,33.1503],[-116.1718,33.1462],[-116.149,33.1421],[-116.1263,33.1381],[-116.1035,33.134],[-116.0808,33.1299],[-116.058,33.1258],[-116.0326,33.1257],[-116.0072,33.1256],[-115.9819,33.1256],[-115.9565,33.1255],[-115.9311,33.1254],[-115.9057,33.1253],[-115.8803,33.1252],[-115.8549,33.1251],[-115.841,33.1191],[-115.8271,33.1131],[-115.8132,33.1071],[-115.7993,33.1011],[-115.7855,33.0951],[-115.7716,33.0891],[-115.7577,33.0831],[-115.7438,33.0771],[-115.7348,33.0673],[-115.7258,33.0575],[-115.7168,33.0477],[-115.7078,33.0379],[-115.6849,33.0378],[-115.662,33.0376],[-115.6391,33.0375],[-115.6162,33.0374],[-115.6055,33.0229],[-115.5948,33.0083],[-115.5841,32.9938],[-115.5734,32.9793],[-115.5617,32.9848],[-115.5499,32.9903],[-115.5382,32.9958],[-115.5264,33.0012],[-115.5207,33.0464],[-115.515,33.0917],[-115.5175,33.1679],[-115.5199,33.2442],[-115.54,33.254],[-115.5602,33.2637],[-115.5696,33.2751],[-115.579,33.2865],[-115.5884,33.2979],[-115.5979,33.3094],[-115.6073,33.3208],[-115.6168,33.3322],[-115.6262,33.3436],[-115.6357,33.355],[-115.6497,33.3603],[-115.6638,33.3656],[-115.6778,33.3709],[-115.6919,33.3762],[-115.708,33.372],[-115.7242,33.3678],[-115.7403,33.3636],[-115.7564,33.3594],[-115.7688,33.3702],[-115.7812,33.3811],[-115.7935,33.3919],[-115.8059,33.4027],[-115.8183,33.4135],[-115.8307,33.4244],[-115.843,33.4352],[-115.8554,33.446],[-115.8678,33.4568],[-115.8802,33.4676],[-115.8926,33.4785],[-115.905,33.4893],[-115.9174,33.5001],[-115.9298,33.5109],[-115.9422,33.5217],[-115.9546,33.5325],[-115.9688,33.5357],[-115.983,33.5389],[-115.9973,33.5421],[-116.0115,33.5453],[-116.0257,33.5485],[-116.0399,33.5517],[-116.0541,33.5549],[-116.0684,33.5581],[-116.0771,33.568],[-116.0859,33.578],[-116.0947,33.5879],[-116.1035,33.5978],[-116.1123,33.6077],[-116.1211,33.6177],[-116.1299,33.6276],[-116.1387,33.6375],[-116.1475,33.6475],[-116.1563,33.6574],[-116.1651,33.6673],[-116.1739,33.6772],[-116.1827,33.6871],[-116.1915,33.6971],[-116.2003,33.707],[-116.2091,33.7169],[-116.2234,33.7233],[-116.2378,33.7297],[-116.2521,33.736],[-116.2665,33.7424],[-116.2808,33.7487],[-116.2951,33.7551],[-116.3095,33.7615],[-116.3238,33.7678],[-116.3363,33.7759],[-116.3487,33.7839],[-116.3612,33.7919],[-116.3737,33.7999],[-116.3861,33.808],[-116.3986,33.816],[-116.4111,33.824],[-116.4236,33.832],[-116.436,33.84],[-116.4485,33.8481],[-116.461,33.8561],[-116.4735,33.8641],[-116.486,33.8721],[-116.4985,33.8801],[-116.511,33.8881],[-116.5235,33.8961],[-116.5434,33.9007],[-116.5633,33.9053],[-116.5833,33.9099],[-116.6032,33.9144]]]},"properties":{"OBJECTID":1220,"state":"California","agency":"California Department of Fish and Wildlife","unit_type":"DHZ","unit_id":"D19","unit_name":"D","unit_label":"California DHZ D19 - D","aliases":"2025 | california | california d19 | california d19 d | california department of fish and wildlife | california department of fish and wildlife d19 | california dhz d19 | california dhz d19 d | d | d19 | d19 d | dhz | dhz d19 | dhz d19 d","year":"2025","Shape_Length":422509.3501276092,"Shape_Area":6984160438.75809}},{"type":"Feature","id":1221,"geometry":{"type":"Polygon","coordinates":[[[-117.0163,33.4709],[-117.0375,33.4811],[-117.0588,33.4913],[-117.0791,33.4887],[-117.0994,33.486],[-117.1197,33.4833],[-117.14,33.4807],[-117.1486,33.4551],[-117.1571,33.4296],[-117.1657,33.404],[-117.1742,33.3784],[-117.1671,33.3547],[-117.1601,33.331],[-117.174,33.324],[-117.1878,33.317],[-117.2017,33.31],[-117.2156,33.303],[-117.2265,33.2804],[-117.2374,33.2578],[-117.2557,33.2498],[-117.2741,33.2417],[-117.2925,33.2337],[-117.3109,33.2256],[-117.3293,33.2176],[-117.3476,33.2095],[-117.366,33.2015],[-117.3844,33.1934],[-117.3702,33.175],[-117.356,33.1566],[-117.3418,33.1382],[-117.3276,33.1198],[-117.3217,33.1063],[-117.3158,33.0929],[-117.3099,33.0794],[-117.304,33.066],[-117.2981,33.0525],[-117.2922,33.0391],[-117.2863,33.0256],[-117.2804,33.0122],[-117.2731,32.9779],[-117.2658,32.9436],[-117.2584,32.9093],[-117.2511,32.875],[-117.2585,32.8618],[-117.2659,32.8486],[-117.2732,32.8354],[-117.2806,32.8221],[-117.2629,32.8085],[-117.2451,32.7948],[-117.2274,32.7811],[-117.2097,32.7675],[-117.2312,32.7606],[-117.2526,32.7537],[-117.2435,32.7355],[-117.2343,32.7174],[-117.2197,32.7197],[-117.2051,32.7221],[-117.1905,32.7244],[-117.1758,32.7267],[-117.164,32.7161],[-117.1522,32.7054],[-117.1403,32.6947],[-117.1285,32.684],[-117.1253,32.6629],[-117.1221,32.6418],[-117.1189,32.6207],[-117.1157,32.5996],[-117.1221,32.6118],[-117.1284,32.6241],[-117.1348,32.6363],[-117.1411,32.6486],[-117.1475,32.6609],[-117.1539,32.6731],[-117.1602,32.6854],[-117.1666,32.6976],[-117.1809,32.6944],[-117.1952,32.6911],[-117.2095,32.6879],[-117.2238,32.6846],[-117.2089,32.6801],[-117.194,32.6757],[-117.1791,32.6712],[-117.1642,32.6667],[-117.1593,32.6501],[-117.1543,32.6335],[-117.1494,32.6169],[-117.1444,32.6004],[-117.1395,32.5838],[-117.1345,32.5672],[-117.1296,32.5506],[-117.1246,32.534],[-117.0992,32.5363],[-117.0738,32.5385],[-117.0484,32.5407],[-117.0229,32.5429],[-116.9975,32.5451],[-116.9721,32.5473],[-116.9466,32.5495],[-116.9212,32.5517],[-116.8958,32.5539],[-116.8703,32.556],[-116.8449,32.5582],[-116.8194,32.5604],[-116.794,32.5625],[-116.7686,32.5647],[-116.7431,32.5668],[-116.7177,32.569],[-116.6922,32.5711],[-116.6668,32.5732],[-116.6413,32.5754],[-116.6159,32.5775],[-116.5904,32.5796],[-116.565,32.5817],[-116.5395,32.5838],[-116.514,32.5859],[-116.4886,32.588],[-116.4631,32.5901],[-116.4377,32.5921],[-116.4122,32.5942],[-116.3867,32.5963],[-116.3613,32.5983],[-116.3358,32.6004],[-116.3103,32.6024],[-116.2849,32.6045],[-116.2594,32.6065],[-116.2339,32.6086],[-116.2085,32.6106],[-116.183,32.6126],[-116.1575,32.6146],[-116.132,32.6166],[-116.1066,32.6186],[-116.0811,32.6206],[-116.0556,32.6226],[-116.0301,32.6246],[-116.0046,32.6266],[-115.9791,32.6286],[-115.9537,32.6305],[-115.9282,32.6325],[-115.9027,32.6344],[-115.8772,32.6364],[-115.8517,32.6383],[-115.8262,32.6403],[-115.8007,32.6422],[-115.7752,32.6441],[-115.7497,32.6461],[-115.7242,32.648],[-115.6987,32.6499],[-115.6732,32.6518],[-115.6477,32.6537],[-115.6222,32.6556],[-115.5967,32.6575],[-115.5712,32.6594],[-115.5457,32.6612],[-115.5202,32.6631],[-115.4947,32.665],[-115.4965,32.7469],[-115.4983,32.8288],[-115.5001,32.9107],[-115.5018,32.9926],[-115.5264,33.0012],[-115.5382,32.9958],[-115.5499,32.9903],[-115.5617,32.9848],[-115.5734,32.9793],[-115.5841,32.9938],[-115.5948,33.0083],[-115.6055,33.0229],[-115.6162,33.0374],[-115.6391,33.0375],[-115.662,33.0376],[-115.6849,33.0378],[-115.7078,33.0379],[-115.7168,33.0477],[-115.7258,33.0575],[-115.7348,33.0673],[-115.7438,33.0771],[-115.7577,33.0831],[-115.7716,33.0891],[-115.7855,33.0951],[-115.7993,33.1011],[-115.8132,33.1071],[-115.8271,33.1131],[-115.841,33.1191],[-115.8549,33.1251],[-115.8803,33.1252],[-115.9057,33.1253],[-115.9311,33.1254],[-115.9565,33.1255],[-115.9819,33.1256],[-116.0072,33.1256],[-116.0326,33.1257],[-116.058,33.1258],[-116.0808,33.1299],[-116.1035,33.134],[-116.1263,33.1381],[-116.149,33.1421],[-116.1718,33.1462],[-116.1946,33.1503],[-116.2173,33.1544],[-116.2401,33.1584],[-116.2561,33.1516],[-116.2721,33.1447],[-116.2882,33.1379],[-116.3042,33.131],[-116.3204,33.1307],[-116.3367,33.1305],[-116.3529,33.1302],[-116.3691,33.1299],[-116.3854,33.1296],[-116.4016,33.1293],[-116.4178,33.129],[-116.434,33.1287],[-116.4494,33.1201],[-116.4647,33.1114],[-116.48,33.1027],[-116.4953,33.094],[-116.5007,33.1159],[-116.5062,33.1378],[-116.5117,33.1597],[-116.5172,33.1816],[-116.4999,33.1957],[-116.5014,33.3412],[-116.5155,33.344],[-116.5295,33.3468],[-116.5436,33.3495],[-116.5576,33.3523],[-116.5717,33.3551],[-116.5857,33.3578],[-116.5998,33.3606],[-116.6139,33.3634],[-116.6176,33.4273],[-116.645,33.4273],[-116.6724,33.4272],[-116.6998,33.4272],[-116.7272,33.4271],[-116.7546,33.4271],[-116.7819,33.427],[-116.8093,33.427],[-116.8367,33.4269],[-116.8569,33.4363],[-116.8771,33.4457],[-116.8973,33.4551],[-116.9175,33.4645],[-116.9422,33.4661],[-116.9669,33.4677],[-116.9916,33.4693],[-117.0163,33.4709]]]},"properties":{"OBJECTID":1221,"state":"California","agency":"California Department of Fish and Wildlife","unit_type":"DHZ","unit_id":"D16","unit_name":"D","unit_label":"California DHZ D16 - D","aliases":"2025 | california | california d16 | california d16 d | california department of fish and wildlife | california department of fish and wildlife d16 | california dhz d16 | california dhz d16 d | d | d16 | d16 d | dhz | dhz d16 | dhz d16 d","year":"2025","Shape_Length":554697.3422563121,"Shape_Area":11629625881.011028}},{"type":"Feature","id":1222,"geometry":{"type":"Polygon","coordinates":[[[-118.6059,33.4784],[-118.5953,33.4674],[-118.5847,33.4564],[-118.5741,33.4454],[-118.5635,33.4344],[-118.5448,33.4308],[-118.5262,33.4272],[-118.5076,33.4236],[-118.489,33.42],[-118.4831,33.3965],[-118.4772,33.373],[-118.4713,33.3495],[-118.4654,33.3261],[-118.4453,33.3239],[-118.4252,33.3218],[-118.4051,33.3197],[-118.385,33.3175],[-118.3649,33.3154],[-118.3448,33.3133],[-118.3247,33.3111],[-118.3046,33.309],[-118.3125,33.3212],[-118.3204,33.3335],[-118.3282,33.3457],[-118.3361,33.358],[-118.344,33.3703],[-118.3519,33.3825],[-118.3598,33.3948],[-118.3677,33.407],[-118.389,33.4158],[-118.4104,33.4247],[-118.4318,33.4335],[-118.4531,33.4423],[-118.4745,33.4511],[-118.4959,33.4599],[-118.5173,33.4687],[-118.5386,33.4775],[-118.5555,33.4777],[-118.5723,33.478],[-118.5891,33.4782],[-118.6059,33.4784]]]},"properties":{"OBJECTID":1222,"state":"California","agency":"California Department of Fish and Wildlife","unit_type":"DHZ","unit_id":"D15","unit_name":"D","unit_label":"California DHZ D15 - D","aliases":"2025 | california | california d15 | california d15 d | california department of fish and wildlife | california department of fish and wildlife d15 | california dhz d15 | california dhz d15 d | d | d15 | d15 d | dhz | dhz d15 | dhz d15 d","year":"2025","Shape_Length":75313.52773706682,"Shape_Area":199167144.16816995}},{"type":"Feature","id":1223,"geometry":{"type":"Polygon","coordinates":[[[-121.3441,38.2283],[-121.36,38.2322],[-121.376,38.2361],[-121.3919,38.24],[-121.4079,38.244],[-121.4238,38.2479],[-121.4398,38.2518],[-121.4558,38.2557],[-121.4717,38.2596],[-121.486,38.2435],[-121.5003,38.2275],[-121.5146,38.2114],[-121.5288,38.1953],[-121.5392,38.1706],[-121.5495,38.146],[-121.5599,38.1213],[-121.5702,38.0966],[-121.5959,38.0959],[-121.6216,38.0953],[-121.6473,38.0946],[-121.6731,38.0939],[-121.6799,38.063],[-121.6925,38.0575],[-121.7051,38.0519],[-121.7177,38.0463],[-121.7303,38.0408],[-121.7429,38.0352],[-121.7554,38.0297],[-121.768,38.0241],[-121.7806,38.0185],[-121.7976,38.0294],[-121.8147,38.0403],[-121.8318,38.0512],[-121.8489,38.0621],[-121.8683,38.0582],[-121.8877,38.0543],[-121.9071,38.0504],[-121.9265,38.0466],[-121.9409,38.0489],[-121.9553,38.0513],[-121.9696,38.0536],[-121.984,38.056],[-121.9984,38.0583],[-122.0127,38.0607],[-122.0271,38.063],[-122.0415,38.0654],[-122.0623,38.058],[-122.0831,38.0507],[-122.1039,38.0433],[-122.1247,38.0359],[-122.1424,38.0389],[-122.16,38.0419],[-122.1777,38.0448],[-122.1954,38.0478],[-122.213,38.0507],[-122.2307,38.0537],[-122.2484,38.0566],[-122.2661,38.0596],[-122.2868,38.0619],[-122.3075,38.0643],[-122.3313,38.0655],[-122.3552,38.0668],[-122.3678,38.0531],[-122.3805,38.0395],[-122.3819,38.0379],[-122.3901,38.0292],[-122.3983,38.0204],[-122.4065,38.0116],[-122.4146,38.0029],[-122.4192,37.9845],[-122.4237,37.966],[-122.4283,37.9476],[-122.4328,37.9292],[-122.4183,37.9174],[-122.4038,37.9056],[-122.3894,37.8937],[-122.3749,37.8819],[-122.3679,37.8636],[-122.3608,37.8454],[-122.3538,37.8271],[-122.3468,37.8088],[-122.3386,37.796],[-122.3305,37.7831],[-122.3223,37.7703],[-122.3142,37.7574],[-122.306,37.7445],[-122.2979,37.7317],[-122.2898,37.7188],[-122.2816,37.706],[-122.3093,37.7061],[-122.337,37.7061],[-122.3647,37.7062],[-122.3923,37.7062],[-122.42,37.7063],[-122.4477,37.7063],[-122.4754,37.7063],[-122.5031,37.7063],[-122.4985,37.6777],[-122.494,37.649],[-122.5005,37.6195],[-122.5069,37.59],[-122.5134,37.5605],[-122.5198,37.531],[-122.5022,37.5167],[-122.4847,37.5024],[-122.4671,37.4881],[-122.4495,37.4738],[-122.4433,37.4588],[-122.4371,37.4438],[-122.4309,37.4289],[-122.4247,37.4139],[-122.4185,37.3989],[-122.4123,37.384],[-122.4061,37.369],[-122.3999,37.354],[-122.4047,37.3252],[-122.4095,37.2964],[-122.4143,37.2676],[-122.419,37.2388],[-122.4122,37.2166],[-122.4055,37.1944],[-122.3959,37.1838],[-122.3864,37.1732],[-122.3769,37.1626],[-122.3674,37.152],[-122.3579,37.1414],[-122.3483,37.1308],[-122.3388,37.1202],[-122.3293,37.1096],[-122.316,37.1049],[-122.3027,37.1002],[-122.2894,37.0956],[-122.2761,37.0909],[-122.2628,37.0738],[-122.2495,37.0567],[-122.2362,37.0396],[-122.223,37.0225],[-122.2087,37.0141],[-122.1944,37.0057],[-122.1802,36.9973],[-122.1659,36.9889],[-122.1517,36.9804],[-122.1375,36.972],[-122.1232,36.9636],[-122.109,36.9552],[-122.0924,36.9547],[-122.0758,36.9543],[-122.0592,36.9538],[-122.0427,36.9533],[-122.0261,36.9529],[-122.0095,36.9524],[-121.9929,36.9519],[-121.9763,36.9514],[-121.9573,36.9636],[-121.9382,36.9758],[-121.9191,36.9641],[-121.9001,36.9524],[-121.881,36.9407],[-121.862,36.929],[-121.8527,36.913],[-121.8434,36.8971],[-121.8342,36.8811],[-121.8249,36.8651],[-121.8157,36.8492],[-121.8065,36.8332],[-121.7972,36.8173],[-121.788,36.8013],[-121.7934,36.7815],[-121.7988,36.7617],[-121.8043,36.7419],[-121.8097,36.7221],[-121.8151,36.7023],[-121.8205,36.6825],[-121.8259,36.6627],[-121.8314,36.6429],[-121.8458,36.6319],[-121.8602,36.6209],[-121.8747,36.6099],[-121.8891,36.5988],[-121.9001,36.6079],[-121.9112,36.6169],[-121.9222,36.6259],[-121.9333,36.6349],[-121.9427,36.618],[-121.952,36.601],[-121.9614,36.584],[-121.9707,36.567],[-121.9659,36.5527],[-121.961,36.5384],[-121.9561,36.5242],[-121.9512,36.5099],[-121.9464,36.4957],[-121.9415,36.4814],[-121.9366,36.4671],[-121.9318,36.4529],[-121.9269,36.4386],[-121.922,36.4244],[-121.9172,36.4101],[-121.9123,36.3958],[-121.9075,36.3816],[-121.9026,36.3673],[-121.8978,36.353],[-121.8929,36.3388],[-121.8995,36.3044],[-121.8888,36.2953],[-121.8781,36.2862],[-121.8673,36.2771],[-121.8566,36.268],[-121.8459,36.2589],[-121.8351,36.2498],[-121.8244,36.2407],[-121.8137,36.2316],[-121.7895,36.2218],[-121.7654,36.2121],[-121.7413,36.2023],[-121.7171,36.1925],[-121.7067,36.1832],[-121.6962,36.1739],[-121.6858,36.1646],[-121.6753,36.1554],[-121.6649,36.1461],[-121.6545,36.1368],[-121.644,36.1275],[-121.6336,36.1182],[-121.6261,36.106],[-121.6185,36.0939],[-121.611,36.0818],[-121.6035,36.0696],[-121.596,36.0575],[-121.5885,36.0453],[-121.581,36.0332],[-121.5735,36.021],[-121.5559,36.0151],[-121.5383,36.0093],[-121.5207,36.0034],[-121.5031,35.9975],[-121.4935,35.9696],[-121.484,35.9417],[-121.4744,35.9137],[-121.4649,35.8858],[-121.4482,35.8726],[-121.4316,35.8594],[-121.4149,35.8461],[-121.3983,35.8329],[-121.3817,35.8196],[-121.3651,35.8064],[-121.3484,35.7931],[-121.3318,35.7799],[-121.325,35.7517],[-121.3181,35.7235],[-121.3064,35.7087],[-121.2948,35.6938],[-121.2831,35.679],[-121.2715,35.6641],[-121.2581,35.6599],[-121.2447,35.6557],[-121.2314,35.6516],[-121.218,35.6474],[-121.2046,35.6432],[-121.1913,35.639],[-121.1779,35.6348],[-121.1645,35.6306],[-121.1566,35.62],[-121.1488,35.6095],[-121.1409,35.5989],[-121.133,35.5884],[-121.1252,35.5778],[-121.1173,35.5673],[-121.1094,35.5567],[-121.1016,35.5462],[-121.0894,35.5352],[-121.0773,35.5243],[-121.0652,35.5133],[-121.053,35.5024],[-121.0409,35.4915],[-121.0288,35.4805],[-121.0167,35.4696],[-121.0045,35.4586],[-120.9794,35.4552],[-120.9543,35.4518],[-120.9292,35.4484],[-120.904,35.445],[-120.8962,35.4294],[-120.8883,35.4137],[-120.8805,35.3981],[-120.8726,35.3824],[-120.8648,35.3667],[-120.857,35.3511],[-120.8491,35.3354],[-120.8413,35.3197],[-120.8549,35.3008],[-120.8686,35.2819],[-120.8822,35.263],[-120.8958,35.2441],[-120.8815,35.232],[-120.8673,35.2198],[-120.853,35.2076],[-120.8388,35.1954],[-120.8182,35.1862],[-120.7976,35.1769],[-120.777,35.1676],[-120.7564,35.1584],[-120.7467,35.1673],[-120.7371,35.1763],[-120.7147,35.1676],[-120.6923,35.159],[-120.6699,35.1503],[-120.6475,35.1416],[-120.6391,35.119],[-120.6306,35.0964],[-120.6353,35.0479],[-120.64,34.9994],[-120.6477,34.9744],[-120.6554,34.9494],[-120.6631,34.9244],[-120.6708,34.8993],[-120.6556,34.8845],[-120.6403,34.8697],[-120.6251,34.8549],[-120.6099,34.8401],[-120.6168,34.8184],[-120.6237,34.7967],[-120.6305,34.775],[-120.6374,34.7533],[-120.6284,34.739],[-120.6194,34.7247],[-120.6104,34.7104],[-120.6014,34.6961],[-120.607,34.6822],[-120.6126,34.6683],[-120.6181,34.6544],[-120.6237,34.6405],[-120.6293,34.6266],[-120.6348,34.6127],[-120.6404,34.5988],[-120.646,34.5849],[-120.6291,34.5768],[-120.6123,34.5687],[-120.5955,34.5607],[-120.5787,34.5526],[-120.5618,34.5445],[-120.545,34.5365],[-120.5282,34.5284],[-120.5114,34.5203],[-120.5015,34.5016],[-120.4916,34.4828],[-120.4817,34.4641],[-120.4718,34.4454],[-120.4502,34.4481],[-120.4286,34.4508],[-120.4071,34.4535],[-120.3855,34.4563],[-120.3639,34.459],[-120.3423,34.4617],[-120.3208,34.4644],[-120.2992,34.4671],[-120.2786,34.4675],[-120.2581,34.4679],[-120.2376,34.4684],[-120.2171,34.4688],[-120.1965,34.4692],[-120.176,34.4696],[-120.1555,34.47],[-120.135,34.4704],[-120.1191,34.4688],[-120.1032,34.4673],[-120.0874,34.4657],[-120.0715,34.4641],[-120.0557,34.4625],[-120.0398,34.461],[-120.0239,34.4594],[-120.0081,34.4578],[-119.9918,34.4511],[-119.9755,34.4444],[-119.9592,34.4377],[-119.9429,34.431],[-119.9267,34.4243],[-119.9104,34.4176],[-119.8941,34.4109],[-119.8778,34.4042],[-119.8542,34.4064],[-119.8306,34.4086],[-119.807,34.4108],[-119.7834,34.413],[-119.7651,34.4079],[-119.7467,34.4028],[-119.7283,34.3977],[-119.71,34.3926],[-119.6918,34.4029],[-119.6737,34.4132],[-119.6457,34.413],[-119.6177,34.4128],[-119.5898,34.4125],[-119.5618,34.4123],[-119.5494,34.4072],[-119.537,34.4022],[-119.5245,34.3971],[-119.5121,34.392],[-119.4997,34.387],[-119.4873,34.3819],[-119.4749,34.3769],[-119.4625,34.3718],[-119.4445,34.3577],[-119.4265,34.3436],[-119.4085,34.3295],[-119.3905,34.3154],[-119.3783,34.3101],[-119.3661,34.3048],[-119.3538,34.2995],[-119.3416,34.2942],[-119.3294,34.2888],[-119.3172,34.2835],[-119.305,34.2782],[-119.2928,34.2729],[-119.2832,34.2566],[-119.2737,34.2404],[-119.2641,34.2242],[-119.2546,34.2079],[-119.245,34.1917],[-119.2355,34.1755],[-119.226,34.1592],[-119.2165,34.143],[-119.199,34.1366],[-119.1816,34.1302],[-119.1641,34.1238],[-119.1467,34.1173],[-119.1292,34.1109],[-119.1118,34.1045],[-119.0944,34.0981],[-119.0769,34.0917],[-119.0595,34.0852],[-119.0421,34.0788],[-119.0247,34.0724],[-119.0073,34.066],[-118.9898,34.0595],[-118.9724,34.0531],[-118.955,34.0466],[-118.9376,34.0402],[-118.9138,34.0367],[-118.89,34.0333],[-118.8663,34.0298],[-118.8425,34.0263],[-118.8249,34.012],[-118.8073,33.9978],[-118.7911,34.0058],[-118.7749,34.0138],[-118.7586,34.0218],[-118.7424,34.0298],[-118.7157,34.0299],[-118.6891,34.0299],[-118.6624,34.03],[-118.6358,34.03],[-118.6091,34.03],[-118.5825,34.0301],[-118.5558,34.0301],[-118.5292,34.0301],[-118.5121,34.0188],[-118.4949,34.0075],[-118.4804,34.0134],[-118.4659,34.0193],[-118.4514,34.0253],[-118.4369,34.0312],[-118.4482,34.0505],[-118.4595,34.0699],[-118.4708,34.0892],[-118.4821,34.1085],[-118.4785,34.1536],[-118.475,34.1986],[-118.4714,34.2436],[-118.4678,34.2886],[-118.4777,34.2963],[-118.4876,34.3039],[-118.4975,34.3115],[-118.5075,34.3191],[-118.5174,34.3268],[-118.5273,34.3344],[-118.5372,34.342],[-118.5472,34.3496],[-118.5552,34.3605],[-118.5633,34.3714],[-118.5714,34.3823],[-118.5795,34.3932],[-118.5876,34.404],[-118.5956,34.4149],[-118.6037,34.4258],[-118.6118,34.4367],[-118.6286,34.4288],[-118.6453,34.4209],[-118.662,34.4129],[-118.6788,34.405],[-118.7048,34.4058],[-118.7309,34.4066],[-118.7569,34.4075],[-118.783,34.4083],[-118.8027,34.4061],[-118.8224,34.404],[-118.8421,34.4018],[-118.8619,34.3996],[-118.8816,34.3975],[-118.9013,34.3953],[-118.921,34.3931],[-118.9407,34.391],[-118.9421,34.4723],[-118.9435,34.5537],[-118.9573,34.5633],[-118.9711,34.573],[-118.9952,34.5682],[-119.0192,34.5635],[-119.0433,34.5587],[-119.0674,34.554],[-119.092,34.5546],[-119.1166,34.5552],[-119.1413,34.5557],[-119.1659,34.5563],[-119.1906,34.5569],[-119.2152,34.5574],[-119.2398,34.558],[-119.2645,34.5586],[-119.2574,34.5748],[-119.2708,34.5786],[-119.2842,34.5824],[-119.2977,34.5862],[-119.3111,34.5901],[-119.3245,34.5939],[-119.338,34.5977],[-119.3514,34.6015],[-119.3649,34.6054],[-119.3745,34.6256],[-119.3841,34.6458],[-119.3696,34.6628],[-119.3551,34.6798],[-119.3636,34.6911],[-119.372,34.7025],[-119.3805,34.7139],[-119.3889,34.7253],[-119.3974,34.7367],[-119.4059,34.7481],[-119.4144,34.7594],[-119.4228,34.7708],[-119.4313,34.7822],[-119.4398,34.7936],[-119.4483,34.8049],[-119.4568,34.8163],[-119.4653,34.8277],[-119.4737,34.8391],[-119.4822,34.8504],[-119.4907,34.8618],[-119.4963,34.8798],[-119.5018,34.8978],[-119.5073,34.9157],[-119.5128,34.9337],[-119.492,34.9345],[-119.4713,34.9354],[-119.4557,34.9513],[-119.4401,34.9673],[-119.4245,34.9833],[-119.4089,34.9992],[-119.4044,35.0274],[-119.3998,35.0556],[-119.3728,35.0556],[-119.3457,35.0556],[-119.3187,35.0556],[-119.2916,35.0556],[-119.2646,35.0556],[-119.2375,35.0555],[-119.2105,35.0555],[-119.1834,35.0555],[-119.1564,35.0554],[-119.1293,35.0554],[-119.1023,35.0553],[-119.0752,35.0552],[-119.0482,35.0552],[-119.0211,35.0551],[-118.9941,35.055],[-118.967,35.0549],[-118.9717,35.0699],[-118.9765,35.0849],[-118.9812,35.0999],[-118.9859,35.1149],[-118.9907,35.1298],[-118.9954,35.1448],[-119.0001,35.1598],[-119.0049,35.1748],[-119.0092,35.197],[-119.0135,35.2191],[-119.0178,35.2413],[-119.0221,35.2635],[-119.0264,35.2857],[-119.0307,35.3078],[-119.0351,35.33],[-119.0394,35.3522],[-119.0444,35.3832],[-119.0528,35.4028],[-119.0612,35.4224],[-119.0775,35.4364],[-119.0938,35.4504],[-119.1101,35.4644],[-119.1264,35.4784],[-119.1428,35.4923],[-119.1591,35.5063],[-119.1755,35.5203],[-119.1918,35.5343],[-119.1959,35.5517],[-119.1999,35.5691],[-119.2039,35.5865],[-119.208,35.6039],[-119.212,35.6212],[-119.2161,35.6386],[-119.2201,35.656],[-119.2242,35.6734],[-119.2283,35.6908],[-119.2323,35.7082],[-119.2364,35.7256],[-119.2404,35.7429],[-119.2445,35.7603],[-119.2486,35.7777],[-119.2526,35.7951],[-119.2567,35.8125],[-119.2608,35.8299],[-119.2648,35.8472],[-119.2689,35.8646],[-119.273,35.882],[-119.2771,35.8994],[-119.2812,35.9168],[-119.2852,35.9341],[-119.2893,35.9515],[-119.2934,35.9689],[-119.2975,35.9863],[-119.3016,36.0037],[-119.3057,36.021],[-119.3098,36.0384],[-119.3139,36.0558],[-119.318,36.0732],[-119.3221,36.0906],[-119.3244,36.1231],[-119.3268,36.1556],[-119.3292,36.1881],[-119.3316,36.2206],[-119.3426,36.2369],[-119.3535,36.2533],[-119.3645,36.2696],[-119.3755,36.2859],[-119.3865,36.3022],[-119.3975,36.3185],[-119.4085,36.3349],[-119.4195,36.3512],[-119.4305,36.3675],[-119.4415,36.3838],[-119.4525,36.4001],[-119.4636,36.4164],[-119.4746,36.4328],[-119.4856,36.4491],[-119.4967,36.4654],[-119.5077,36.4817],[-119.5192,36.4892],[-119.5308,36.4967],[-119.5408,36.5045],[-119.5507,36.5123],[-119.5607,36.5201],[-119.5707,36.5279],[-119.5807,36.5357],[-119.5906,36.5435],[-119.6006,36.5513],[-119.6106,36.5591],[-119.6259,36.5734],[-119.6411,36.5877],[-119.6564,36.6021],[-119.6717,36.6164],[-119.687,36.6307],[-119.7023,36.6451],[-119.7176,36.6594],[-119.7329,36.6737],[-119.7482,36.688],[-119.7636,36.7023],[-119.7789,36.7167],[-119.7942,36.731],[-119.8096,36.7453],[-119.8249,36.7596],[-119.8403,36.7739],[-119.8556,36.7882],[-119.8668,36.796],[-119.8781,36.8037],[-119.8893,36.8115],[-119.9005,36.8192],[-119.9117,36.827],[-119.923,36.8347],[-119.9342,36.8425],[-119.9454,36.8502],[-119.9542,36.8586],[-119.963,36.8669],[-119.9717,36.8753],[-119.9805,36.8837],[-119.9893,36.892],[-119.998,36.9004],[-120.0068,36.9087],[-120.0156,36.9171],[-120.0244,36.9254],[-120.0331,36.9338],[-120.0419,36.9421],[-120.0507,36.9505],[-120.0595,36.9589],[-120.0683,36.9672],[-120.0771,36.9756],[-120.0859,36.9839],[-120.0986,36.9944],[-120.1113,37.0049],[-120.124,37.0154],[-120.1367,37.026],[-120.1494,37.0365],[-120.1621,37.047],[-120.1749,37.0575],[-120.1876,37.068],[-120.2003,37.0785],[-120.213,37.089],[-120.2258,37.0995],[-120.2385,37.11],[-120.2513,37.1205],[-120.264,37.131],[-120.2768,37.1415],[-120.2895,37.152],[-120.2998,37.1604],[-120.3101,37.1688],[-120.3204,37.1773],[-120.3308,37.1857],[-120.3411,37.1942],[-120.3514,37.2026],[-120.3617,37.2111],[-120.372,37.2195],[-120.3824,37.2279],[-120.3927,37.2364],[-120.403,37.2448],[-120.4133,37.2532],[-120.4237,37.2617],[-120.434,37.2701],[-120.4443,37.2785],[-120.4547,37.287],[-120.472,37.2934],[-120.4894,37.2999],[-120.5067,37.3063],[-120.5241,37.3128],[-120.5415,37.3192],[-120.5588,37.3256],[-120.5762,37.3321],[-120.5936,37.3385],[-120.611,37.3449],[-120.6283,37.3514],[-120.6457,37.3578],[-120.6631,37.3642],[-120.6805,37.3706],[-120.6979,37.3771],[-120.7153,37.3835],[-120.7327,37.3899],[-120.7416,37.3982],[-120.7506,37.4064],[-120.7596,37.4147],[-120.7685,37.423],[-120.7775,37.4313],[-120.7865,37.4395],[-120.7955,37.4478],[-120.8045,37.4561],[-120.8186,37.4618],[-120.8327,37.4676],[-120.8468,37.4733],[-120.8609,37.4791],[-120.8689,37.494],[-120.877,37.5089],[-120.885,37.5238],[-120.8931,37.5388],[-120.9066,37.5508],[-120.9202,37.5627],[-120.9337,37.5747],[-120.9473,37.5867],[-120.9608,37.5987],[-120.9744,37.6107],[-120.988,37.6227],[-121.0015,37.6347],[-121.0151,37.6467],[-121.0287,37.6586],[-121.0423,37.6706],[-121.0559,37.6826],[-121.0695,37.6946],[-121.0831,37.7066],[-121.0967,37.7185],[-121.1103,37.7305],[-121.1235,37.7419],[-121.1368,37.7533],[-121.15,37.7648],[-121.1633,37.7762],[-121.1766,37.7876],[-121.1899,37.799],[-121.2031,37.8104],[-121.2164,37.8218],[-121.2186,37.8605],[-121.2207,37.8991],[-121.2299,37.9255],[-121.2391,37.9519],[-121.2483,37.9783],[-121.2575,38.0046],[-121.2589,38.0551],[-121.2603,38.1056],[-121.2616,38.1561],[-121.263,38.2066],[-121.276,38.2252],[-121.289,38.2438],[-121.3027,38.2399],[-121.3165,38.236],[-121.3303,38.2322],[-121.3441,38.2283]]]},"properties":{"OBJECTID":1223,"state":"California","agency":"California Department of Fish and Wildlife","unit_type":"DHZ","unit_id":"A (South Unit 110)","unit_name":"A","unit_label":"California DHZ A (South Unit 110) - A","aliases":"2025 | a | a south unit 110 | a south unit 110 a | asouthunit110 | asouthunit110 a | california | california a south unit 110 | california a south unit 110 a | california asouthunit110 | california asouthunit110 a | california department of fish and wild","year":"2025","Shape_Length":1554360.9801944168,"Shape_Area":68890384540.85411}},{"type":"Feature","id":1224,"geometry":{"type":"Polygon","coordinates":[[[-122.6659,40.674],[-122.677,40.6634],[-122.6882,40.6529],[-122.6994,40.6423],[-122.7105,40.6317],[-122.7046,40.6005],[-122.6988,40.5693],[-122.7172,40.5613],[-122.7356,40.5533],[-122.754,40.5453],[-122.7724,40.5373],[-122.7908,40.5293],[-122.8092,40.5213],[-122.8276,40.5133],[-122.846,40.5053],[-122.8599,40.4904],[-122.8737,40.4755],[-122.8876,40.4607],[-122.9014,40.4458],[-122.9225,40.4323],[-122.9437,40.4188],[-122.9648,40.4053],[-122.9859,40.3918],[-122.9736,40.3723],[-122.9613,40.3529],[-122.9712,40.3453],[-122.981,40.3377],[-122.9909,40.3302],[-123.0007,40.3226],[-123.0105,40.315],[-123.0204,40.3075],[-123.0302,40.2999],[-123.04,40.2923],[-123.0138,40.2912],[-122.9876,40.29],[-122.975,40.2788],[-122.9625,40.2676],[-122.95,40.2564],[-122.9374,40.2452],[-122.9595,40.2372],[-122.9816,40.2293],[-123.0037,40.2213],[-123.0258,40.2134],[-123.0286,40.1703],[-123.0252,40.1415],[-123.0497,40.1414],[-123.0743,40.1412],[-123.0989,40.141],[-123.1234,40.1408],[-123.131,40.1276],[-123.1385,40.1144],[-123.146,40.1012],[-123.1535,40.088],[-123.1414,40.0732],[-123.1294,40.0584],[-123.1173,40.0436],[-123.1053,40.0288],[-123.086,40.0296],[-123.0667,40.0304],[-123.0474,40.0312],[-123.0281,40.032],[-123.0088,40.0328],[-122.9895,40.0335],[-122.9702,40.0343],[-122.9509,40.0351],[-122.9435,40.0053],[-122.936,39.9755],[-122.9286,39.9458],[-122.9212,39.916],[-122.9294,39.8884],[-122.9376,39.8608],[-122.9225,39.8572],[-122.9075,39.8536],[-122.8924,39.85],[-122.8774,39.8463],[-122.8623,39.8427],[-122.8473,39.8391],[-122.8322,39.8355],[-122.8172,39.8318],[-122.8021,39.8282],[-122.7871,39.8246],[-122.772,39.8209],[-122.757,39.8173],[-122.742,39.8137],[-122.7269,39.81],[-122.7119,39.8064],[-122.6969,39.8028],[-122.6831,39.8083],[-122.6694,39.8138],[-122.6556,39.8193],[-122.6419,39.8248],[-122.6281,39.8303],[-122.6143,39.8358],[-122.6006,39.8413],[-122.5868,39.8468],[-122.5797,39.8348],[-122.5726,39.8229],[-122.5655,39.811],[-122.5585,39.799],[-122.5356,39.7956],[-122.5127,39.7921],[-122.4898,39.7887],[-122.4669,39.7852],[-122.4546,39.7906],[-122.4423,39.7961],[-122.4299,39.8015],[-122.4176,39.8069],[-122.4052,39.8124],[-122.3929,39.8178],[-122.3805,39.8232],[-122.3682,39.8286],[-122.3499,39.8168],[-122.3317,39.805],[-122.3135,39.7932],[-122.2953,39.7814],[-122.2728,39.7737],[-122.2504,39.7659],[-122.228,39.7582],[-122.2056,39.7505],[-122.2043,39.8046],[-122.2031,39.8587],[-122.2018,39.9128],[-122.2006,39.9669],[-122.2033,39.9932],[-122.206,40.0195],[-122.2088,40.0457],[-122.2115,40.072],[-122.2142,40.0983],[-122.217,40.1245],[-122.2197,40.1508],[-122.2225,40.1771],[-122.2295,40.1909],[-122.2365,40.2048],[-122.2435,40.2187],[-122.2505,40.2326],[-122.2575,40.2464],[-122.2646,40.2603],[-122.2716,40.2742],[-122.2786,40.2881],[-122.2817,40.3327],[-122.2848,40.3774],[-122.2882,40.4146],[-122.2917,40.4518],[-122.3046,40.4674],[-122.3175,40.483],[-122.3303,40.4986],[-122.3432,40.5142],[-122.3482,40.5387],[-122.3532,40.5633],[-122.3582,40.5878],[-122.3632,40.6124],[-122.3777,40.6001],[-122.3922,40.5878],[-122.4147,40.5887],[-122.4373,40.5896],[-122.4598,40.5905],[-122.4823,40.5913],[-122.4949,40.599],[-122.5075,40.6066],[-122.5201,40.6142],[-122.5327,40.6218],[-122.5453,40.6295],[-122.5579,40.6371],[-122.5705,40.6447],[-122.5831,40.6523],[-122.6038,40.6578],[-122.6245,40.6632],[-122.6452,40.6686],[-122.6659,40.674]]]},"properties":{"OBJECTID":1224,"state":"California","agency":"California Department of Fish and Wildlife","unit_type":"DHZ","unit_id":"B5","unit_name":"B","unit_label":"California DHZ B5 - B","aliases":"2025 | b | b5 | b5 b | california | california b5 | california b5 b | california department of fish and wildlife | california department of fish and wildlife b5 | california dhz b5 | california dhz b5 b | dhz | dhz b5 | dhz b5 b","year":"2025","Shape_Length":342350.449771284,"Shape_Area":5312855809.259295}},{"type":"Feature","id":1225,"geometry":{"type":"Polygon","coordinates":[[[-119.1978,37.7],[-119.2111,37.7075],[-119.2245,37.715],[-119.2378,37.7225],[-119.2511,37.73],[-119.2606,37.7179],[-119.2701,37.7058],[-119.2796,37.6938],[-119.2891,37.6817],[-119.2986,37.6696],[-119.3081,37.6576],[-119.3176,37.6455],[-119.327,37.6334],[-119.3468,37.6329],[-119.3665,37.6323],[-119.3717,37.6127],[-119.3768,37.5931],[-119.3819,37.5735],[-119.387,37.5539],[-119.4014,37.5495],[-119.4159,37.545],[-119.4303,37.5405],[-119.4448,37.536],[-119.4615,37.5356],[-119.4781,37.5351],[-119.4948,37.5346],[-119.5115,37.5341],[-119.5282,37.5336],[-119.5449,37.5331],[-119.5616,37.5326],[-119.5783,37.5321],[-119.5779,37.4932],[-119.6049,37.4952],[-119.632,37.4971],[-119.637,37.4772],[-119.642,37.4573],[-119.6469,37.4373],[-119.6519,37.4174],[-119.6795,37.4176],[-119.707,37.4178],[-119.7346,37.418],[-119.7622,37.4182],[-119.7803,37.4036],[-119.7985,37.3889],[-119.8167,37.3742],[-119.8348,37.3595],[-119.853,37.3448],[-119.8712,37.3302],[-119.8893,37.3155],[-119.9074,37.3008],[-119.9256,37.2861],[-119.9437,37.2714],[-119.9618,37.2567],[-119.9799,37.242],[-119.998,37.2273],[-120.0161,37.2126],[-120.0342,37.1979],[-120.0522,37.1832],[-120.066,37.1789],[-120.0798,37.1747],[-120.0936,37.1705],[-120.1074,37.1662],[-120.1302,37.1645],[-120.1529,37.1627],[-120.1757,37.1609],[-120.1985,37.1591],[-120.2212,37.1573],[-120.244,37.1556],[-120.2668,37.1538],[-120.2895,37.152],[-120.2768,37.1415],[-120.264,37.131],[-120.2513,37.1205],[-120.2385,37.11],[-120.2258,37.0995],[-120.213,37.089],[-120.2003,37.0785],[-120.1876,37.068],[-120.1749,37.0575],[-120.1621,37.047],[-120.1494,37.0365],[-120.1367,37.026],[-120.124,37.0154],[-120.1113,37.0049],[-120.0986,36.9944],[-120.0859,36.9839],[-120.0771,36.9756],[-120.0683,36.9672],[-120.0595,36.9589],[-120.0507,36.9505],[-120.0419,36.9421],[-120.0331,36.9338],[-120.0244,36.9254],[-120.0156,36.9171],[-120.0068,36.9087],[-119.998,36.9004],[-119.9893,36.892],[-119.9805,36.8837],[-119.9717,36.8753],[-119.963,36.8669],[-119.9542,36.8586],[-119.9454,36.8502],[-119.9342,36.8425],[-119.923,36.8347],[-119.9117,36.827],[-119.9005,36.8192],[-119.8893,36.8115],[-119.8781,36.8037],[-119.8668,36.796],[-119.8556,36.7882],[-119.8403,36.7739],[-119.8249,36.7596],[-119.8096,36.7453],[-119.7942,36.731],[-119.7789,36.7167],[-119.7636,36.7023],[-119.7482,36.688],[-119.7329,36.6737],[-119.7176,36.6594],[-119.7023,36.6451],[-119.687,36.6307],[-119.6717,36.6164],[-119.6564,36.6021],[-119.6411,36.5877],[-119.6259,36.5734],[-119.6106,36.5591],[-119.6006,36.5513],[-119.5906,36.5435],[-119.5807,36.5357],[-119.5707,36.5279],[-119.5607,36.5201],[-119.5507,36.5123],[-119.5408,36.5045],[-119.5308,36.4967],[-119.5221,36.5071],[-119.5134,36.5175],[-119.5047,36.5278],[-119.4959,36.5382],[-119.4872,36.5486],[-119.4785,36.559],[-119.4698,36.5693],[-119.4611,36.5797],[-119.4636,36.6131],[-119.4662,36.6465],[-119.4817,36.653],[-119.4972,36.6595],[-119.5127,36.6659],[-119.5282,36.6724],[-119.5192,36.6817],[-119.5101,36.6909],[-119.5011,36.7001],[-119.4921,36.7094],[-119.4831,36.7186],[-119.474,36.7278],[-119.465,36.7371],[-119.456,36.7463],[-119.4469,36.7555],[-119.4379,36.7648],[-119.4288,36.774],[-119.4198,36.7832],[-119.4107,36.7925],[-119.4017,36.8017],[-119.3926,36.8109],[-119.3836,36.8202],[-119.3656,36.8296],[-119.3477,36.8391],[-119.3297,36.8485],[-119.3117,36.8579],[-119.2935,36.8617],[-119.2753,36.8655],[-119.2571,36.8692],[-119.2389,36.873],[-119.2207,36.8767],[-119.2025,36.8805],[-119.1843,36.8842],[-119.1661,36.888],[-119.152,36.88],[-119.1379,36.872],[-119.1238,36.864],[-119.1097,36.8561],[-119.0884,36.8562],[-119.067,36.8564],[-119.0456,36.8565],[-119.0242,36.8567],[-119.0029,36.8568],[-118.9815,36.8569],[-118.9601,36.8571],[-118.9387,36.8572],[-118.9222,36.8526],[-118.9057,36.8481],[-118.8892,36.8435],[-118.8726,36.839],[-118.8617,36.8477],[-118.8507,36.8565],[-118.8397,36.8653],[-118.8287,36.8741],[-118.8177,36.8828],[-118.8067,36.8916],[-118.7958,36.9004],[-118.7848,36.9091],[-118.771,36.9138],[-118.7573,36.9185],[-118.7435,36.9232],[-118.7298,36.9279],[-118.7161,36.9327],[-118.7023,36.9374],[-118.6886,36.9421],[-118.6748,36.9467],[-118.6534,36.9591],[-118.632,36.9715],[-118.6106,36.9839],[-118.5892,36.9963],[-118.5912,37.0451],[-118.5932,37.0939],[-118.5701,37.1045],[-118.547,37.1151],[-118.5737,37.1216],[-118.6004,37.1281],[-118.6271,37.1346],[-118.6539,37.1411],[-118.6614,37.1655],[-118.669,37.19],[-118.6765,37.2145],[-118.6841,37.239],[-118.6746,37.2502],[-118.6651,37.2614],[-118.6778,37.2781],[-118.6904,37.2948],[-118.703,37.3116],[-118.7157,37.3283],[-118.7333,37.3322],[-118.7509,37.3361],[-118.7685,37.34],[-118.786,37.3439],[-118.7794,37.3671],[-118.7727,37.3903],[-118.766,37.4135],[-118.7593,37.4367],[-118.7687,37.4498],[-118.7782,37.4629],[-118.7876,37.476],[-118.797,37.4891],[-118.8238,37.4827],[-118.8505,37.4763],[-118.8587,37.4855],[-118.8669,37.4947],[-118.8751,37.5039],[-118.8833,37.5131],[-118.8914,37.5223],[-118.8996,37.5315],[-118.9078,37.5407],[-118.916,37.5499],[-118.9423,37.554],[-118.9686,37.5581],[-118.9948,37.5621],[-119.0211,37.5662],[-119.033,37.5511],[-119.0449,37.5359],[-119.069,37.5462],[-119.0931,37.5564],[-119.0977,37.6105],[-119.1155,37.6133],[-119.1333,37.6162],[-119.1511,37.619],[-119.1689,37.6219],[-119.1766,37.6369],[-119.1843,37.6519],[-119.192,37.6669],[-119.1997,37.6819],[-119.1978,37.7]]]},"properties":{"OBJECTID":1225,"state":"California","agency":"California Department of Fish and Wildlife","unit_type":"DHZ","unit_id":"D7","unit_name":"D","unit_label":"California DHZ D7 - D","aliases":"2025 | california | california d7 | california d7 d | california department of fish and wildlife | california department of fish and wildlife d7 | california dhz d7 | california dhz d7 d | d | d7 | d7 d | dhz | dhz d7 | dhz d7 d","year":"2025","Shape_Length":485660.7030522838,"Shape_Area":9728147400.63841}},{"type":"Feature","id":1226,"geometry":{"type":"Polygon","coordinates":[[[-118.547,37.1151],[-118.5701,37.1045],[-118.5932,37.0939],[-118.5912,37.0451],[-118.5892,36.9963],[-118.6106,36.9839],[-118.632,36.9715],[-118.6534,36.9591],[-118.6748,36.9467],[-118.6886,36.9421],[-118.7023,36.9374],[-118.7161,36.9327],[-118.7298,36.9279],[-118.7435,36.9232],[-118.7573,36.9185],[-118.771,36.9138],[-118.7848,36.9091],[-118.7958,36.9004],[-118.8067,36.8916],[-118.8177,36.8828],[-118.8287,36.8741],[-118.8397,36.8653],[-118.8507,36.8565],[-118.8617,36.8477],[-118.8726,36.839],[-118.8892,36.8435],[-118.9057,36.8481],[-118.9222,36.8526],[-118.9387,36.8572],[-118.9601,36.8571],[-118.9815,36.8569],[-119.0029,36.8568],[-119.0242,36.8567],[-119.0456,36.8565],[-119.067,36.8564],[-119.0884,36.8562],[-119.1097,36.8561],[-119.1238,36.864],[-119.1379,36.872],[-119.152,36.88],[-119.1661,36.888],[-119.1843,36.8842],[-119.2025,36.8805],[-119.2207,36.8767],[-119.2389,36.873],[-119.2571,36.8692],[-119.2753,36.8655],[-119.2935,36.8617],[-119.3117,36.8579],[-119.3297,36.8485],[-119.3477,36.8391],[-119.3656,36.8296],[-119.3836,36.8202],[-119.3926,36.8109],[-119.4017,36.8017],[-119.4107,36.7925],[-119.4198,36.7832],[-119.4288,36.774],[-119.4379,36.7648],[-119.4469,36.7555],[-119.456,36.7463],[-119.465,36.7371],[-119.474,36.7278],[-119.4831,36.7186],[-119.4921,36.7094],[-119.5011,36.7001],[-119.5101,36.6909],[-119.5192,36.6817],[-119.5282,36.6724],[-119.5127,36.6659],[-119.4972,36.6595],[-119.4817,36.653],[-119.4662,36.6465],[-119.4636,36.6131],[-119.4611,36.5797],[-119.4698,36.5693],[-119.4785,36.559],[-119.4872,36.5486],[-119.4959,36.5382],[-119.5047,36.5278],[-119.5134,36.5175],[-119.5221,36.5071],[-119.5308,36.4967],[-119.5192,36.4892],[-119.5077,36.4817],[-119.4967,36.4654],[-119.4856,36.4491],[-119.4746,36.4328],[-119.4636,36.4164],[-119.4525,36.4001],[-119.4415,36.3838],[-119.4305,36.3675],[-119.4195,36.3512],[-119.4085,36.3349],[-119.3975,36.3185],[-119.3865,36.3022],[-119.3755,36.2859],[-119.3645,36.2696],[-119.3535,36.2533],[-119.3426,36.2369],[-119.3316,36.2206],[-119.3292,36.1881],[-119.3268,36.1556],[-119.3244,36.1231],[-119.3221,36.0906],[-119.318,36.0732],[-119.3139,36.0558],[-119.3098,36.0384],[-119.3057,36.021],[-119.3016,36.0037],[-119.2975,35.9863],[-119.2934,35.9689],[-119.2893,35.9515],[-119.2852,35.9341],[-119.2812,35.9168],[-119.2771,35.8994],[-119.273,35.882],[-119.2689,35.8646],[-119.2648,35.8472],[-119.2608,35.8299],[-119.2567,35.8125],[-119.2526,35.7951],[-119.2486,35.7777],[-119.2445,35.7603],[-119.2404,35.7429],[-119.2364,35.7256],[-119.2323,35.7082],[-119.2283,35.6908],[-119.2242,35.6734],[-119.2201,35.656],[-119.2161,35.6386],[-119.212,35.6212],[-119.208,35.6039],[-119.2039,35.5865],[-119.1999,35.5691],[-119.1959,35.5517],[-119.1918,35.5343],[-119.1755,35.5203],[-119.1591,35.5063],[-119.1428,35.4923],[-119.1264,35.4784],[-119.1101,35.4644],[-119.0938,35.4504],[-119.0775,35.4364],[-119.0612,35.4224],[-119.0528,35.4028],[-119.0444,35.3832],[-119.0257,35.3849],[-119.0071,35.3867],[-118.9884,35.3884],[-118.9697,35.3902],[-118.951,35.3919],[-118.9324,35.3937],[-118.9137,35.3954],[-118.895,35.3971],[-118.8792,35.4019],[-118.8635,35.4068],[-118.8477,35.4116],[-118.832,35.4164],[-118.8141,35.4284],[-118.7963,35.4405],[-118.7785,35.4526],[-118.7607,35.4647],[-118.7429,35.4767],[-118.7251,35.4888],[-118.7072,35.5008],[-118.6894,35.5129],[-118.6695,35.5217],[-118.6495,35.5306],[-118.6296,35.5395],[-118.6097,35.5483],[-118.5897,35.5571],[-118.5698,35.566],[-118.5498,35.5748],[-118.5298,35.5837],[-118.5207,35.5922],[-118.5116,35.6008],[-118.5025,35.6093],[-118.4934,35.6179],[-118.4843,35.6264],[-118.4752,35.635],[-118.466,35.6435],[-118.4569,35.6521],[-118.4396,35.6472],[-118.4224,35.6423],[-118.4051,35.6375],[-118.3878,35.6326],[-118.3715,35.6387],[-118.3551,35.6448],[-118.3388,35.6509],[-118.3224,35.657],[-118.2948,35.662],[-118.2671,35.667],[-118.2554,35.6756],[-118.2437,35.6842],[-118.232,35.6928],[-118.2203,35.7013],[-118.2085,35.7099],[-118.1968,35.7185],[-118.1851,35.7271],[-118.1734,35.7356],[-118.1842,35.7605],[-118.195,35.7853],[-118.2058,35.8101],[-118.2167,35.835],[-118.2061,35.8575],[-118.1955,35.88],[-118.1849,35.9025],[-118.1743,35.925],[-118.1637,35.9475],[-118.1531,35.97],[-118.1424,35.9925],[-118.1318,36.015],[-118.1483,36.0201],[-118.1647,36.0252],[-118.1812,36.0302],[-118.1977,36.0353],[-118.2063,36.0444],[-118.215,36.0535],[-118.2237,36.0625],[-118.2324,36.0716],[-118.241,36.0807],[-118.2497,36.0898],[-118.2584,36.0989],[-118.2671,36.108],[-118.2682,36.1783],[-118.2844,36.1865],[-118.3006,36.1947],[-118.3168,36.2028],[-118.333,36.211],[-118.3492,36.2192],[-118.3654,36.2274],[-118.3816,36.2356],[-118.3979,36.2437],[-118.4022,36.2963],[-118.4065,36.3488],[-118.3956,36.3704],[-118.3847,36.3921],[-118.3738,36.4137],[-118.363,36.4353],[-118.3488,36.4412],[-118.3347,36.4471],[-118.3206,36.453],[-118.3065,36.4589],[-118.2924,36.4648],[-118.2783,36.4707],[-118.2641,36.4765],[-118.25,36.4824],[-118.2562,36.5109],[-118.2624,36.5395],[-118.2686,36.568],[-118.2748,36.5965],[-118.2858,36.6088],[-118.2969,36.6211],[-118.308,36.6333],[-118.319,36.6456],[-118.3301,36.6579],[-118.3412,36.6702],[-118.3523,36.6825],[-118.3634,36.6948],[-118.3696,36.73],[-118.3758,36.7653],[-118.3821,36.8006],[-118.3883,36.8359],[-118.3816,36.8482],[-118.375,36.8605],[-118.3683,36.8728],[-118.3616,36.8851],[-118.3721,36.903],[-118.3826,36.921],[-118.3932,36.9389],[-118.4037,36.9568],[-118.4119,36.9826],[-118.4201,37.0084],[-118.4283,37.0342],[-118.4364,37.06],[-118.4503,37.0669],[-118.4641,37.0738],[-118.4779,37.0806],[-118.4917,37.0875],[-118.5055,37.0944],[-118.5193,37.1013],[-118.5331,37.1082],[-118.547,37.1151]]]},"properties":{"OBJECTID":1226,"state":"California","agency":"California Department of Fish and Wildlife","unit_type":"DHZ","unit_id":"D8","unit_name":"D","unit_label":"California DHZ D8 - D","aliases":"2025 | california | california d8 | california d8 d | california department of fish and wildlife | california department of fish and wildlife d8 | california dhz d8 | california dhz d8 d | d | d8 | d8 d | dhz | dhz d8 | dhz d8 d","year":"2025","Shape_Length":554461.2343180006,"Shape_Area":14965289698.802353}},{"type":"Feature","id":1227,"geometry":{"type":"Polygon","coordinates":[[[-121.5186,41.9983],[-121.5441,41.9986],[-121.5696,41.999],[-121.5951,41.9993],[-121.6206,41.9996],[-121.6373,41.9998],[-121.6541,42.0001],[-121.6709,42.0003],[-121.6877,42.0006],[-121.7045,42.0008],[-121.7213,42.0011],[-121.7381,42.0013],[-121.7548,42.0015],[-121.7716,42.0018],[-121.7884,42.002],[-121.8052,42.0022],[-121.822,42.0025],[-121.8388,42.0027],[-121.8556,42.0029],[-121.8723,42.0031],[-121.8891,42.0034],[-121.8893,42.0034],[-121.8893,42.0033],[-121.9004,41.9879],[-121.9115,41.9724],[-121.9226,41.957],[-121.9337,41.9415],[-121.9448,41.926],[-121.9558,41.9106],[-121.9669,41.8951],[-121.978,41.8796],[-121.9891,41.8642],[-122.0001,41.8487],[-122.0112,41.8332],[-122.0222,41.8177],[-122.0333,41.8023],[-122.0443,41.7868],[-122.0553,41.7713],[-122.0664,41.7559],[-122.0596,41.7409],[-122.0528,41.7259],[-122.046,41.711],[-122.0393,41.696],[-122.0594,41.6866],[-122.0796,41.6772],[-122.0997,41.6678],[-122.1199,41.6584],[-122.14,41.649],[-122.1602,41.6396],[-122.1803,41.6302],[-122.2004,41.6208],[-122.1954,41.573],[-122.2094,41.5663],[-122.2233,41.5596],[-122.2372,41.5529],[-122.2511,41.5462],[-122.265,41.5395],[-122.2789,41.5328],[-122.2928,41.5261],[-122.3066,41.5194],[-122.3163,41.5069],[-122.326,41.4944],[-122.3357,41.4819],[-122.3454,41.4695],[-122.3551,41.457],[-122.3648,41.4445],[-122.3745,41.432],[-122.3842,41.4195],[-122.3766,41.3932],[-122.369,41.3668],[-122.3607,41.3566],[-122.3524,41.3464],[-122.3441,41.3362],[-122.3358,41.326],[-122.3275,41.3158],[-122.3192,41.3056],[-122.311,41.2953],[-122.3027,41.2851],[-122.2821,41.2809],[-122.2616,41.2767],[-122.241,41.2724],[-122.2205,41.2682],[-122.1999,41.264],[-122.1794,41.2597],[-122.1589,41.2555],[-122.1383,41.2512],[-122.1206,41.2521],[-122.1028,41.253],[-122.0851,41.2539],[-122.0674,41.2548],[-122.0496,41.2557],[-122.0319,41.2566],[-122.0142,41.2575],[-121.9964,41.2584],[-121.9787,41.2593],[-121.961,41.2601],[-121.9432,41.261],[-121.9255,41.2619],[-121.9077,41.2628],[-121.89,41.2636],[-121.8722,41.2645],[-121.8545,41.2653],[-121.8361,41.2504],[-121.8176,41.2354],[-121.7992,41.2204],[-121.7808,41.2054],[-121.7663,41.2],[-121.7517,41.1947],[-121.7372,41.1893],[-121.7227,41.1839],[-121.7081,41.1785],[-121.6936,41.1731],[-121.6791,41.1677],[-121.6646,41.1623],[-121.6518,41.1484],[-121.639,41.1344],[-121.6427,41.0978],[-121.6465,41.0612],[-121.6351,41.0387],[-121.6238,41.0162],[-121.6264,41.0147],[-121.6048,41.0053],[-121.5831,40.9958],[-121.5614,40.9864],[-121.5398,40.9769],[-121.5195,40.9758],[-121.4993,40.9747],[-121.479,40.9735],[-121.4587,40.9723],[-121.4503,40.9821],[-121.4418,40.9918],[-121.4334,41.0015],[-121.4249,41.0112],[-121.4165,41.021],[-121.408,41.0307],[-121.3996,41.0404],[-121.3911,41.0501],[-121.3699,41.0479],[-121.3486,41.0456],[-121.3273,41.0433],[-121.306,41.0411],[-121.2949,41.0275],[-121.2837,41.014],[-121.2726,41.0005],[-121.2614,40.987],[-121.2502,40.9735],[-121.2391,40.9599],[-121.228,40.9464],[-121.2168,40.9329],[-121.2013,40.9474],[-121.1857,40.9619],[-121.1701,40.9764],[-121.1546,40.9909],[-121.1449,41.0151],[-121.1352,41.0393],[-121.1256,41.0635],[-121.1159,41.0876],[-121.1248,41.1108],[-121.1338,41.134],[-121.1336,41.3268],[-121.1471,41.3367],[-121.1606,41.3466],[-121.1742,41.3565],[-121.1877,41.3665],[-121.183,41.3876],[-121.1783,41.4087],[-121.1737,41.4298],[-121.169,41.4509],[-121.1643,41.472],[-121.1596,41.4931],[-121.1549,41.5142],[-121.1502,41.5353],[-121.1584,41.5458],[-121.1665,41.5562],[-121.1747,41.5666],[-121.1828,41.577],[-121.191,41.5874],[-121.1991,41.5979],[-121.2073,41.6083],[-121.2154,41.6187],[-121.2236,41.6291],[-121.2318,41.6395],[-121.2399,41.6499],[-121.2481,41.6604],[-121.2563,41.6708],[-121.2645,41.6812],[-121.2727,41.6916],[-121.2808,41.702],[-121.2874,41.7363],[-121.2939,41.7705],[-121.3005,41.8047],[-121.307,41.839],[-121.3229,41.8493],[-121.3388,41.8596],[-121.3547,41.87],[-121.3706,41.8803],[-121.3864,41.8906],[-121.4023,41.9009],[-121.4182,41.9113],[-121.4341,41.9216],[-121.4447,41.9312],[-121.4552,41.9408],[-121.4658,41.9504],[-121.4764,41.9599],[-121.4869,41.9695],[-121.4975,41.9791],[-121.5081,41.9887],[-121.5186,41.9983]]]},"properties":{"OBJECTID":1227,"state":"California","agency":"California Department of Fish and Wildlife","unit_type":"DHZ","unit_id":"X1","unit_name":"X","unit_label":"California DHZ X1 - X","aliases":"2025 | california | california department of fish and wildlife | california department of fish and wildlife x1 | california dhz x1 | california dhz x1 x | california x1 | california x1 x | dhz | dhz x1 | dhz x1 x | x | x1 | x1 x","year":"2025","Shape_Length":387005.15086706774,"Shape_Area":7580022635.717116}},{"type":"Feature","id":1228,"geometry":{"type":"Polygon","coordinates":[[[-121.3415,40.6587],[-121.3561,40.6687],[-121.3708,40.6787],[-121.3854,40.6886],[-121.4001,40.6986],[-121.4124,40.6894],[-121.4247,40.6802],[-121.4395,40.6655],[-121.4543,40.6507],[-121.4691,40.6359],[-121.4838,40.6212],[-121.506,40.6086],[-121.5282,40.5961],[-121.5504,40.5836],[-121.5725,40.571],[-121.5759,40.5418],[-121.6023,40.536],[-121.6288,40.5302],[-121.6553,40.5244],[-121.6818,40.5186],[-121.7089,40.5172],[-121.736,40.5158],[-121.7631,40.5144],[-121.7902,40.513],[-121.8074,40.5011],[-121.8245,40.4893],[-121.8416,40.4775],[-121.8587,40.4657],[-121.8758,40.4539],[-121.8929,40.442],[-121.91,40.4302],[-121.9271,40.4184],[-121.9438,40.4202],[-121.9605,40.4221],[-121.9772,40.4239],[-121.9939,40.4257],[-122.0121,40.4227],[-122.0303,40.4197],[-122.0485,40.4167],[-122.0667,40.4137],[-122.0849,40.4107],[-122.103,40.4077],[-122.1212,40.4047],[-122.1394,40.4016],[-122.1576,40.3986],[-122.1757,40.3956],[-122.1939,40.3925],[-122.2121,40.3895],[-122.2303,40.3865],[-122.2484,40.3834],[-122.2666,40.3804],[-122.2848,40.3774],[-122.2817,40.3327],[-122.2786,40.2881],[-122.2716,40.2742],[-122.2646,40.2603],[-122.2575,40.2464],[-122.2505,40.2326],[-122.2435,40.2187],[-122.2365,40.2048],[-122.2295,40.1909],[-122.2225,40.1771],[-122.2197,40.1508],[-122.217,40.1245],[-122.2142,40.0983],[-122.2115,40.072],[-122.2088,40.0457],[-122.206,40.0195],[-122.2033,39.9932],[-122.2006,39.9669],[-122.2018,39.9128],[-122.2031,39.8587],[-122.2043,39.8046],[-122.2056,39.7505],[-122.2079,39.6941],[-122.2101,39.6377],[-122.2124,39.5813],[-122.2147,39.5248],[-122.1896,39.5244],[-122.1646,39.524],[-122.1395,39.5235],[-122.1145,39.5231],[-122.0895,39.5226],[-122.0644,39.5221],[-122.0394,39.5217],[-122.0144,39.5212],[-122.0087,39.507],[-122.0031,39.4927],[-121.9975,39.4785],[-121.9919,39.4643],[-121.9729,39.4644],[-121.9539,39.4644],[-121.935,39.4645],[-121.916,39.4646],[-121.897,39.4647],[-121.8781,39.4647],[-121.8591,39.4648],[-121.8401,39.4649],[-121.8212,39.4649],[-121.8022,39.465],[-121.7832,39.465],[-121.7643,39.4651],[-121.7453,39.4651],[-121.7263,39.4652],[-121.7074,39.4652],[-121.6884,39.4652],[-121.6886,39.4943],[-121.6606,39.4952],[-121.6327,39.4962],[-121.6047,39.4972],[-121.5768,39.4981],[-121.587,39.5243],[-121.5973,39.5506],[-121.6076,39.5768],[-121.6178,39.603],[-121.5976,39.6166],[-121.5774,39.6303],[-121.5571,39.6439],[-121.5368,39.6576],[-121.5334,39.6834],[-121.5299,39.7092],[-121.5149,39.7237],[-121.4999,39.7381],[-121.4849,39.7526],[-121.4699,39.767],[-121.4549,39.7814],[-121.4399,39.7959],[-121.4249,39.8103],[-121.4099,39.8248],[-121.3972,39.8437],[-121.3845,39.8626],[-121.3718,39.8815],[-121.3591,39.9004],[-121.3486,39.9083],[-121.3382,39.9161],[-121.3277,39.924],[-121.3173,39.9319],[-121.3068,39.9397],[-121.2964,39.9476],[-121.2859,39.9555],[-121.2754,39.9633],[-121.2704,39.9845],[-121.2654,40.0056],[-121.249,40.0085],[-121.2326,40.0114],[-121.2162,40.0143],[-121.1998,40.0172],[-121.1834,40.0201],[-121.167,40.0229],[-121.1505,40.0258],[-121.1341,40.0287],[-121.1124,40.0217],[-121.0907,40.0146],[-121.0642,40.0206],[-121.0376,40.0266],[-121.011,40.0326],[-120.9845,40.0385],[-120.9673,40.0508],[-120.9501,40.0632],[-120.9329,40.0755],[-120.9157,40.0878],[-120.9177,40.1338],[-120.9356,40.1442],[-120.9535,40.1546],[-120.9715,40.165],[-120.9894,40.1754],[-121.0122,40.1746],[-121.035,40.1738],[-121.0579,40.1729],[-121.0807,40.1721],[-121.0838,40.2189],[-121.087,40.2656],[-121.0773,40.2769],[-121.0676,40.2882],[-121.0579,40.2995],[-121.0482,40.3108],[-121.0232,40.3124],[-120.9983,40.314],[-120.9733,40.3156],[-120.9483,40.3172],[-120.9363,40.323],[-120.9242,40.3289],[-120.9121,40.3347],[-120.9001,40.3406],[-120.888,40.3465],[-120.876,40.3523],[-120.8639,40.3582],[-120.8518,40.364],[-120.8397,40.3699],[-120.8277,40.3757],[-120.8156,40.3816],[-120.8035,40.3875],[-120.7914,40.3933],[-120.7794,40.3992],[-120.7673,40.405],[-120.7552,40.4108],[-120.7745,40.4157],[-120.7938,40.4206],[-120.8131,40.4255],[-120.8324,40.4304],[-120.8517,40.4353],[-120.871,40.4401],[-120.8904,40.445],[-120.9097,40.4499],[-120.9254,40.4597],[-120.9412,40.4694],[-120.9569,40.4792],[-120.9727,40.489],[-120.9884,40.4988],[-121.0042,40.5085],[-121.0199,40.5183],[-121.0357,40.5281],[-121.0521,40.5429],[-121.0686,40.5578],[-121.085,40.5727],[-121.1015,40.5875],[-121.1179,40.6024],[-121.1344,40.6173],[-121.1509,40.6321],[-121.1674,40.647],[-121.1891,40.6485],[-121.2109,40.6499],[-121.2327,40.6514],[-121.2544,40.6529],[-121.2762,40.6544],[-121.298,40.6558],[-121.3197,40.6573],[-121.3415,40.6587]]]},"properties":{"OBJECTID":1228,"state":"California","agency":"California Department of Fish and Wildlife","unit_type":"DHZ","unit_id":"C4","unit_name":"C","unit_label":"California DHZ C4 - C","aliases":"2025 | c | c4 | c4 c | california | california c4 | california c4 c | california department of fish and wildlife | california department of fish and wildlife c4 | california dhz c4 | california dhz c4 c | dhz | dhz c4 | dhz c4 c","year":"2025","Shape_Length":479227.84034940373,"Shape_Area":9985907733.772333}},{"type":"Feature","id":1229,"geometry":{"type":"Polygon","coordinates":[[[-121.8467,40.9691],[-121.857,40.9765],[-121.8674,40.9839],[-121.8777,40.9912],[-121.8881,40.9986],[-121.8985,41.006],[-121.9088,41.0133],[-121.9192,41.0207],[-121.9295,41.0281],[-121.9482,41.014],[-121.9668,40.9999],[-121.9738,40.9815],[-121.9807,40.963],[-121.9877,40.9446],[-121.9947,40.9262],[-121.9858,40.9078],[-121.9769,40.8894],[-121.968,40.871],[-121.9591,40.8526],[-121.9763,40.8464],[-121.9935,40.8402],[-122.0107,40.834],[-122.028,40.8277],[-122.0452,40.8215],[-122.0624,40.8152],[-122.0796,40.809],[-122.0967,40.8028],[-122.1064,40.7896],[-122.1161,40.7765],[-122.1258,40.7634],[-122.1355,40.7503],[-122.158,40.7467],[-122.1805,40.7432],[-122.203,40.7396],[-122.2254,40.7361],[-122.2488,40.7418],[-122.2722,40.7475],[-122.2956,40.7532],[-122.319,40.7589],[-122.3245,40.7406],[-122.33,40.7223],[-122.3356,40.704],[-122.3411,40.6857],[-122.3466,40.6673],[-122.3521,40.649],[-122.3576,40.6307],[-122.3632,40.6124],[-122.3582,40.5878],[-122.3532,40.5633],[-122.3482,40.5387],[-122.3432,40.5142],[-122.3303,40.4986],[-122.3175,40.483],[-122.3046,40.4674],[-122.2917,40.4518],[-122.2882,40.4146],[-122.2848,40.3774],[-122.2666,40.3804],[-122.2484,40.3834],[-122.2303,40.3865],[-122.2121,40.3895],[-122.1939,40.3925],[-122.1757,40.3956],[-122.1576,40.3986],[-122.1394,40.4016],[-122.1212,40.4047],[-122.103,40.4077],[-122.0849,40.4107],[-122.0667,40.4137],[-122.0485,40.4167],[-122.0303,40.4197],[-122.0121,40.4227],[-121.9939,40.4257],[-121.9772,40.4239],[-121.9605,40.4221],[-121.9438,40.4202],[-121.9271,40.4184],[-121.91,40.4302],[-121.8929,40.442],[-121.8758,40.4539],[-121.8587,40.4657],[-121.8416,40.4775],[-121.8245,40.4893],[-121.8074,40.5011],[-121.7902,40.513],[-121.7631,40.5144],[-121.736,40.5158],[-121.7089,40.5172],[-121.6818,40.5186],[-121.6553,40.5244],[-121.6288,40.5302],[-121.6023,40.536],[-121.5759,40.5418],[-121.5725,40.571],[-121.5504,40.5836],[-121.5282,40.5961],[-121.506,40.6086],[-121.4838,40.6212],[-121.4691,40.6359],[-121.4543,40.6507],[-121.4395,40.6655],[-121.4247,40.6802],[-121.4284,40.7049],[-121.432,40.7296],[-121.4484,40.7369],[-121.4648,40.7442],[-121.4812,40.7515],[-121.4976,40.7588],[-121.5015,40.7769],[-121.5055,40.7949],[-121.5095,40.8129],[-121.5134,40.8309],[-121.5251,40.8443],[-121.5367,40.8577],[-121.5483,40.8711],[-121.56,40.8845],[-121.5716,40.898],[-121.5833,40.9114],[-121.595,40.9248],[-121.6066,40.9382],[-121.6116,40.9573],[-121.6165,40.9764],[-121.6215,40.9956],[-121.6264,41.0147],[-121.6238,41.0162],[-121.639,41.0198],[-121.6542,41.0235],[-121.6783,41.0167],[-121.7023,41.0099],[-121.7264,41.0031],[-121.7505,40.9963],[-121.7745,40.9895],[-121.7986,40.9827],[-121.8226,40.9759],[-121.8467,40.9691]]]},"properties":{"OBJECTID":1229,"state":"California","agency":"California Department of Fish and Wildlife","unit_type":"DHZ","unit_id":"C3","unit_name":"C","unit_label":"California DHZ C3 - C","aliases":"2025 | c | c3 | c3 c | california | california c3 | california c3 c | california department of fish and wildlife | california department of fish and wildlife c3 | california dhz c3 | california dhz c3 c | dhz | dhz c3 | dhz c3 c","year":"2025","Shape_Length":260261.34080201187,"Shape_Area":3400113200.9126477}},{"type":"Feature","id":1230,"geometry":{"type":"Polygon","coordinates":[[[-120.5424,41.4941],[-120.5607,41.494],[-120.579,41.4938],[-120.5972,41.4936],[-120.6155,41.4935],[-120.6338,41.4933],[-120.652,41.4932],[-120.6703,41.493],[-120.6886,41.4928],[-120.7124,41.4859],[-120.7363,41.4789],[-120.7601,41.4719],[-120.784,41.4649],[-120.8078,41.458],[-120.8317,41.451],[-120.8555,41.444],[-120.8794,41.437],[-120.8911,41.4447],[-120.9029,41.4524],[-120.9147,41.4602],[-120.9265,41.4679],[-120.9383,41.4756],[-120.9501,41.4834],[-120.9619,41.4911],[-120.9737,41.4988],[-120.9958,41.5034],[-121.0178,41.508],[-121.0399,41.5125],[-121.0619,41.5171],[-121.084,41.5217],[-121.1061,41.5262],[-121.1281,41.5308],[-121.1502,41.5353],[-121.1549,41.5142],[-121.1596,41.4931],[-121.1643,41.472],[-121.169,41.4509],[-121.1737,41.4298],[-121.1783,41.4087],[-121.183,41.3876],[-121.1877,41.3665],[-121.1742,41.3565],[-121.1606,41.3466],[-121.1471,41.3367],[-121.1336,41.3268],[-121.1338,41.134],[-121.1248,41.1108],[-121.1159,41.0876],[-121.1256,41.0635],[-121.1352,41.0393],[-121.1449,41.0151],[-121.1546,40.9909],[-121.1701,40.9764],[-121.1857,40.9619],[-121.2013,40.9474],[-121.2168,40.9329],[-121.2066,40.9213],[-121.1964,40.9097],[-121.1862,40.8981],[-121.176,40.8865],[-121.1658,40.8748],[-121.1556,40.8632],[-121.1455,40.8516],[-121.1353,40.84],[-121.114,40.8373],[-121.0927,40.8346],[-121.0715,40.8318],[-121.0502,40.8291],[-121.0348,40.8337],[-121.0194,40.8384],[-121.004,40.8431],[-120.9886,40.8477],[-120.973,40.8392],[-120.9573,40.8307],[-120.9417,40.8221],[-120.9261,40.8136],[-120.913,40.8185],[-120.8999,40.8233],[-120.8868,40.8282],[-120.8737,40.833],[-120.8635,40.808],[-120.8532,40.7831],[-120.8373,40.7812],[-120.8214,40.7793],[-120.8056,40.7774],[-120.7897,40.7755],[-120.7738,40.7736],[-120.7579,40.7717],[-120.742,40.7698],[-120.7261,40.7679],[-120.7344,40.7901],[-120.7428,40.8123],[-120.7511,40.8345],[-120.7594,40.8567],[-120.7525,40.8825],[-120.7455,40.9084],[-120.7268,40.8977],[-120.7082,40.887],[-120.6895,40.8764],[-120.6709,40.8657],[-120.6523,40.855],[-120.6336,40.8443],[-120.615,40.8337],[-120.5964,40.823],[-120.5762,40.8204],[-120.5561,40.8178],[-120.5441,40.8237],[-120.5321,40.8296],[-120.5201,40.8355],[-120.5081,40.8414],[-120.496,40.8473],[-120.484,40.8532],[-120.472,40.8591],[-120.46,40.865],[-120.4725,40.8812],[-120.485,40.8974],[-120.4975,40.9135],[-120.51,40.9297],[-120.5056,40.945],[-120.5012,40.9602],[-120.4968,40.9755],[-120.4924,40.9908],[-120.488,41.006],[-120.4836,41.0213],[-120.4792,41.0365],[-120.4747,41.0518],[-120.4837,41.0751],[-120.4926,41.0985],[-120.5016,41.1218],[-120.5105,41.1451],[-120.507,41.2156],[-120.5035,41.2861],[-120.5117,41.3062],[-120.5198,41.3263],[-120.528,41.3464],[-120.5362,41.3665],[-120.5393,41.4303],[-120.5424,41.4941]]]},"properties":{"OBJECTID":1230,"state":"California","agency":"California Department of Fish and Wildlife","unit_type":"DHZ","unit_id":"X3a","unit_name":"X","unit_label":"California DHZ X3a - X","aliases":"2025 | california | california department of fish and wildlife | california department of fish and wildlife x3a | california dhz x3a | california dhz x3a x | california x3a | california x3a x | dhz | dhz x3a | dhz x3a x | x | x3a | x3a x","year":"2025","Shape_Length":297692.74815057195,"Shape_Area":3967726664.3270087}},{"type":"Feature","id":1231,"geometry":{"type":"Polygon","coordinates":[[[-118.2144,36.4544],[-118.2322,36.4684],[-118.25,36.4824],[-118.2641,36.4765],[-118.2783,36.4707],[-118.2924,36.4648],[-118.3065,36.4589],[-118.3206,36.453],[-118.3347,36.4471],[-118.3488,36.4412],[-118.363,36.4353],[-118.3738,36.4137],[-118.3847,36.3921],[-118.3956,36.3704],[-118.4065,36.3488],[-118.4022,36.2963],[-118.3979,36.2437],[-118.3816,36.2356],[-118.3654,36.2274],[-118.3492,36.2192],[-118.333,36.211],[-118.3168,36.2028],[-118.3006,36.1947],[-118.2844,36.1865],[-118.2682,36.1783],[-118.2671,36.108],[-118.2584,36.0989],[-118.2497,36.0898],[-118.241,36.0807],[-118.2324,36.0716],[-118.2237,36.0625],[-118.215,36.0535],[-118.2063,36.0444],[-118.1977,36.0353],[-118.1812,36.0302],[-118.1647,36.0252],[-118.1483,36.0201],[-118.1318,36.015],[-118.1424,35.9925],[-118.1531,35.97],[-118.1637,35.9475],[-118.1743,35.925],[-118.1849,35.9025],[-118.1955,35.88],[-118.2061,35.8575],[-118.2167,35.835],[-118.2058,35.8101],[-118.195,35.7853],[-118.1842,35.7605],[-118.1734,35.7356],[-118.1851,35.7271],[-118.1968,35.7185],[-118.2085,35.7099],[-118.2203,35.7013],[-118.232,35.6928],[-118.2437,35.6842],[-118.2554,35.6756],[-118.2671,35.667],[-118.2948,35.662],[-118.3224,35.657],[-118.2948,35.662],[-118.2671,35.6669],[-118.2549,35.6745],[-118.2426,35.682],[-118.2304,35.6896],[-118.2181,35.6971],[-118.2059,35.7047],[-118.1936,35.7122],[-118.1814,35.7198],[-118.1691,35.7273],[-118.1473,35.7311],[-118.1255,35.735],[-118.1037,35.7388],[-118.0819,35.7426],[-118.0721,35.7243],[-118.0622,35.706],[-118.0523,35.6877],[-118.0424,35.6694],[-118.025,35.6609],[-118.0077,35.6524],[-117.9903,35.644],[-117.9729,35.6355],[-117.9556,35.627],[-117.9382,35.6185],[-117.9209,35.61],[-117.9035,35.6015],[-117.8944,35.6214],[-117.8853,35.6412],[-117.8762,35.6611],[-117.8671,35.6809],[-117.8703,35.7396],[-117.8735,35.7983],[-117.8796,35.8179],[-117.8857,35.8375],[-117.8918,35.8571],[-117.8979,35.8767],[-117.9041,35.8963],[-117.9102,35.9158],[-117.9163,35.9354],[-117.9224,35.955],[-117.9286,35.9746],[-117.9347,35.9942],[-117.9409,36.0138],[-117.947,36.0333],[-117.9531,36.0529],[-117.9593,36.0725],[-117.9655,36.0921],[-117.9716,36.1116],[-117.976,36.1692],[-117.9805,36.2267],[-117.9921,36.2485],[-118.0037,36.2703],[-118.0154,36.2922],[-118.0271,36.314],[-118.0281,36.4115],[-118.0392,36.418],[-118.0503,36.4245],[-118.0614,36.4309],[-118.0724,36.4374],[-118.0835,36.4439],[-118.0946,36.4503],[-118.1057,36.4568],[-118.1168,36.4632],[-118.1412,36.461],[-118.1656,36.4588],[-118.19,36.4566],[-118.2144,36.4544]]]},"properties":{"OBJECTID":1231,"state":"California","agency":"California Department of Fish and Wildlife","unit_type":"DHZ","unit_id":"X10","unit_name":"X","unit_label":"California DHZ X10 - X","aliases":"2025 | california | california department of fish and wildlife | california department of fish and wildlife x10 | california dhz x10 | california dhz x10 x | california x10 | california x10 x | dhz | dhz x10 | dhz x10 x | x | x10 | x10 x","year":"2025","Shape_Length":285361.22616370046,"Shape_Area":2437731627.6369276}},{"type":"Feature","id":1232,"geometry":{"type":"Polygon","coordinates":[[[-119.7646,38.4953],[-119.7811,38.4919],[-119.7977,38.4885],[-119.8142,38.4851],[-119.8307,38.4817],[-119.8432,38.4691],[-119.8558,38.4564],[-119.8683,38.4438],[-119.8809,38.4311],[-119.8961,38.4259],[-119.9112,38.4207],[-119.9264,38.4155],[-119.9416,38.4103],[-119.9567,38.4051],[-119.9719,38.3999],[-119.9871,38.3946],[-120.0022,38.3894],[-120.0255,38.3929],[-120.0489,38.3964],[-120.0722,38.3999],[-120.0955,38.4033],[-120.1169,38.3945],[-120.1382,38.3857],[-120.1596,38.3769],[-120.181,38.3681],[-120.1926,38.3546],[-120.2043,38.3412],[-120.216,38.3277],[-120.2277,38.3143],[-120.2394,38.3008],[-120.2511,38.2874],[-120.2627,38.2739],[-120.2744,38.2605],[-120.2861,38.247],[-120.2977,38.2336],[-120.3094,38.2201],[-120.321,38.2067],[-120.3327,38.1932],[-120.3443,38.1797],[-120.3559,38.1663],[-120.3676,38.1528],[-120.3808,38.1352],[-120.3941,38.1176],[-120.4073,38.0999],[-120.4205,38.0823],[-120.4338,38.0647],[-120.447,38.0471],[-120.4602,38.0294],[-120.4734,38.0118],[-120.4883,38.0065],[-120.5033,38.0013],[-120.5182,37.996],[-120.5332,37.9908],[-120.5241,37.9721],[-120.515,37.9534],[-120.5299,37.9417],[-120.5449,37.9301],[-120.5599,37.9185],[-120.5748,37.9068],[-120.5898,37.8952],[-120.6047,37.8835],[-120.6197,37.8719],[-120.6346,37.8603],[-120.6444,37.8476],[-120.6542,37.835],[-120.664,37.8224],[-120.6738,37.8098],[-120.6887,37.8071],[-120.7036,37.8043],[-120.7185,37.8016],[-120.7334,37.7988],[-120.7483,37.7961],[-120.7632,37.7933],[-120.7781,37.7906],[-120.793,37.7878],[-120.8079,37.7851],[-120.8228,37.7823],[-120.8377,37.7795],[-120.8526,37.7768],[-120.8675,37.774],[-120.8824,37.7713],[-120.8972,37.7685],[-120.9121,37.7657],[-120.9175,37.7517],[-120.923,37.7377],[-120.9408,37.7435],[-120.9585,37.7493],[-120.9763,37.7551],[-120.9941,37.7609],[-121.0087,37.7571],[-121.0232,37.7533],[-121.0377,37.7495],[-121.0522,37.7457],[-121.0667,37.7419],[-121.0812,37.7381],[-121.0958,37.7343],[-121.1103,37.7305],[-121.0967,37.7185],[-121.0831,37.7066],[-121.0695,37.6946],[-121.0559,37.6826],[-121.0423,37.6706],[-121.0287,37.6586],[-121.0151,37.6467],[-121.0015,37.6347],[-120.988,37.6227],[-120.9744,37.6107],[-120.9608,37.5987],[-120.9473,37.5867],[-120.9337,37.5747],[-120.9202,37.5627],[-120.9066,37.5508],[-120.8931,37.5388],[-120.885,37.5238],[-120.877,37.5089],[-120.8689,37.494],[-120.8609,37.4791],[-120.8468,37.4733],[-120.8327,37.4676],[-120.8186,37.4618],[-120.8045,37.4561],[-120.7955,37.4478],[-120.7865,37.4395],[-120.7775,37.4313],[-120.7685,37.423],[-120.7596,37.4147],[-120.7506,37.4064],[-120.7416,37.3982],[-120.7327,37.3899],[-120.7153,37.3835],[-120.6979,37.3771],[-120.6805,37.3706],[-120.6631,37.3642],[-120.6457,37.3578],[-120.6283,37.3514],[-120.611,37.3449],[-120.5936,37.3385],[-120.5762,37.3321],[-120.5588,37.3256],[-120.5415,37.3192],[-120.5241,37.3128],[-120.5067,37.3063],[-120.4894,37.2999],[-120.472,37.2934],[-120.4547,37.287],[-120.4443,37.2785],[-120.434,37.2701],[-120.4237,37.2617],[-120.4133,37.2532],[-120.403,37.2448],[-120.3927,37.2364],[-120.3824,37.2279],[-120.372,37.2195],[-120.3617,37.2111],[-120.3514,37.2026],[-120.3411,37.1942],[-120.3308,37.1857],[-120.3204,37.1773],[-120.3101,37.1688],[-120.2998,37.1604],[-120.2895,37.152],[-120.2668,37.1538],[-120.244,37.1556],[-120.2212,37.1573],[-120.1985,37.1591],[-120.1757,37.1609],[-120.1529,37.1627],[-120.1302,37.1645],[-120.1074,37.1662],[-120.0936,37.1705],[-120.0798,37.1747],[-120.066,37.1789],[-120.0522,37.1832],[-120.0342,37.1979],[-120.0161,37.2126],[-119.998,37.2273],[-119.9799,37.242],[-119.9618,37.2567],[-119.9437,37.2714],[-119.9256,37.2861],[-119.9074,37.3008],[-119.8893,37.3155],[-119.8712,37.3302],[-119.853,37.3448],[-119.8348,37.3595],[-119.8167,37.3742],[-119.7985,37.3889],[-119.7803,37.4036],[-119.7622,37.4182],[-119.7346,37.418],[-119.707,37.4178],[-119.6795,37.4176],[-119.6519,37.4174],[-119.6469,37.4373],[-119.642,37.4573],[-119.637,37.4772],[-119.632,37.4971],[-119.6049,37.4952],[-119.5779,37.4932],[-119.5783,37.5321],[-119.5616,37.5326],[-119.5449,37.5331],[-119.5282,37.5336],[-119.5115,37.5341],[-119.4948,37.5346],[-119.4781,37.5351],[-119.4615,37.5356],[-119.4448,37.536],[-119.4303,37.5405],[-119.4159,37.545],[-119.4014,37.5495],[-119.387,37.5539],[-119.3819,37.5735],[-119.3768,37.5931],[-119.3717,37.6127],[-119.3665,37.6323],[-119.3468,37.6329],[-119.327,37.6334],[-119.3176,37.6455],[-119.3081,37.6576],[-119.2986,37.6696],[-119.2891,37.6817],[-119.2796,37.6938],[-119.2701,37.7058],[-119.2606,37.7179],[-119.2511,37.73],[-119.2378,37.7225],[-119.2245,37.715],[-119.2111,37.7075],[-119.1978,37.7],[-119.1997,37.6819],[-119.192,37.6669],[-119.1843,37.6519],[-119.1766,37.6369],[-119.1689,37.6219],[-119.1764,37.637],[-119.1839,37.6521],[-119.1914,37.6671],[-119.1989,37.6822],[-119.1995,37.6821],[-119.1971,37.6997],[-119.2077,37.7066],[-119.2183,37.7135],[-119.2289,37.7205],[-119.2396,37.7274],[-119.2543,37.7335],[-119.2691,37.7395],[-119.2528,37.7532],[-119.2365,37.7668],[-119.2202,37.7805],[-119.204,37.7941],[-119.202,37.8393],[-119.2,37.8844],[-119.2137,37.8922],[-119.2273,37.8999],[-119.241,37.9076],[-119.2546,37.9154],[-119.2683,37.9231],[-119.2819,37.9308],[-119.2956,37.9385],[-119.3092,37.9463],[-119.3124,37.9728],[-119.3155,37.9994],[-119.3187,38.0259],[-119.3218,38.0525],[-119.3353,38.0607],[-119.3488,38.0689],[-119.3623,38.077],[-119.3758,38.0852],[-119.3893,38.0934],[-119.4028,38.1016],[-119.4163,38.1098],[-119.4298,38.118],[-119.4449,38.1071],[-119.4599,38.0963],[-119.4711,38.1074],[-119.4823,38.1184],[-119.4934,38.1295],[-119.5046,38.1405],[-119.5193,38.1469],[-119.5339,38.1534],[-119.5486,38.1598],[-119.5632,38.1662],[-119.5779,38.1726],[-119.5926,38.1791],[-119.6073,38.1855],[-119.6219,38.1919],[-119.6176,38.2268],[-119.6133,38.2617],[-119.6322,38.2738],[-119.6511,38.286],[-119.6442,38.3048],[-119.6372,38.3236],[-119.6303,38.3424],[-119.6234,38.3612],[-119.6374,38.3768],[-119.6514,38.3923],[-119.6654,38.4078],[-119.6795,38.4233],[-119.6935,38.4388],[-119.7075,38.4543],[-119.7216,38.4698],[-119.7356,38.4853],[-119.7501,38.4903],[-119.7646,38.4953]]]},"properties":{"OBJECTID":1232,"state":"California","agency":"California Department of Fish and Wildlife","unit_type":"DHZ","unit_id":"D6","unit_name":"D","unit_label":"California DHZ D6 - D","aliases":"2025 | california | california d6 | california d6 d | california department of fish and wildlife | california department of fish and wildlife d6 | california dhz d6 | california dhz d6 d | d | d6 | d6 d | dhz | dhz d6 | dhz d6 d","year":"2025","Shape_Length":537671.2855305752,"Shape_Area":13037133507.210842}},{"type":"Feature","id":1233,"geometry":{"type":"Polygon","coordinates":[[[-120.2589,39.0271],[-120.2726,39.0345],[-120.2863,39.042],[-120.3001,39.0494],[-120.3138,39.0569],[-120.3275,39.0643],[-120.3413,39.0718],[-120.355,39.0792],[-120.3688,39.0866],[-120.3867,39.0797],[-120.4046,39.0727],[-120.4159,39.0565],[-120.4271,39.0402],[-120.4383,39.0239],[-120.4495,39.0076],[-120.4607,38.9913],[-120.4719,38.975],[-120.4831,38.9587],[-120.4943,38.9424],[-120.5119,38.9352],[-120.5295,38.928],[-120.5471,38.9208],[-120.5647,38.9136],[-120.587,38.9223],[-120.6094,38.9309],[-120.6317,38.9395],[-120.6541,38.9482],[-120.6713,38.9608],[-120.6885,38.9735],[-120.7057,38.9862],[-120.7229,38.9989],[-120.7456,38.9989],[-120.7683,38.999],[-120.791,38.999],[-120.8137,38.9991],[-120.825,38.9873],[-120.8363,38.9756],[-120.8476,38.9639],[-120.8589,38.9522],[-120.878,38.9553],[-120.8971,38.9583],[-120.9162,38.9614],[-120.9353,38.9645],[-120.9383,38.9362],[-120.9637,38.9312],[-120.989,38.9261],[-121.0143,38.921],[-121.0397,38.9159],[-121.0463,38.9032],[-121.053,38.8904],[-121.0597,38.8777],[-121.0664,38.8649],[-121.073,38.8522],[-121.0797,38.8394],[-121.0863,38.8267],[-121.093,38.8139],[-121.0996,38.8012],[-121.1063,38.7884],[-121.1129,38.7756],[-121.1196,38.7629],[-121.1262,38.7501],[-121.1329,38.7374],[-121.1395,38.7246],[-121.1462,38.7119],[-121.1587,38.6955],[-121.1712,38.6791],[-121.1837,38.6627],[-121.1962,38.6463],[-121.2199,38.6425],[-121.2437,38.6387],[-121.2674,38.6349],[-121.2912,38.631],[-121.3012,38.6179],[-121.3113,38.6048],[-121.3214,38.5917],[-121.3314,38.5786],[-121.3523,38.5739],[-121.3732,38.5691],[-121.394,38.5643],[-121.4149,38.5596],[-121.4376,38.5701],[-121.4603,38.5807],[-121.483,38.5912],[-121.5057,38.6017],[-121.494,38.5784],[-121.4823,38.5551],[-121.4706,38.5317],[-121.4589,38.5084],[-121.4445,38.4896],[-121.4301,38.4709],[-121.4156,38.4521],[-121.4012,38.4333],[-121.3868,38.4145],[-121.3724,38.3957],[-121.358,38.377],[-121.3436,38.3582],[-121.3367,38.3439],[-121.3299,38.3296],[-121.3231,38.3153],[-121.3163,38.301],[-121.3094,38.2867],[-121.3026,38.2724],[-121.2958,38.2581],[-121.289,38.2438],[-121.276,38.2252],[-121.263,38.2066],[-121.2616,38.1561],[-121.2603,38.1056],[-121.2589,38.0551],[-121.2575,38.0046],[-121.2483,37.9783],[-121.2391,37.9519],[-121.2299,37.9255],[-121.2207,37.8991],[-121.2186,37.8605],[-121.2164,37.8218],[-121.2031,37.8104],[-121.1899,37.799],[-121.1766,37.7876],[-121.1633,37.7762],[-121.15,37.7648],[-121.1368,37.7533],[-121.1235,37.7419],[-121.1103,37.7305],[-121.0958,37.7343],[-121.0812,37.7381],[-121.0667,37.7419],[-121.0522,37.7457],[-121.0377,37.7495],[-121.0232,37.7533],[-121.0087,37.7571],[-120.9941,37.7609],[-120.9763,37.7551],[-120.9585,37.7493],[-120.9408,37.7435],[-120.923,37.7377],[-120.9175,37.7517],[-120.9121,37.7657],[-120.8972,37.7685],[-120.8824,37.7713],[-120.8675,37.774],[-120.8526,37.7768],[-120.8377,37.7795],[-120.8228,37.7823],[-120.8079,37.7851],[-120.793,37.7878],[-120.7781,37.7906],[-120.7632,37.7933],[-120.7483,37.7961],[-120.7334,37.7988],[-120.7185,37.8016],[-120.7036,37.8043],[-120.6887,37.8071],[-120.6738,37.8098],[-120.664,37.8224],[-120.6542,37.835],[-120.6444,37.8476],[-120.6346,37.8603],[-120.6197,37.8719],[-120.6047,37.8835],[-120.5898,37.8952],[-120.5748,37.9068],[-120.5599,37.9185],[-120.5449,37.9301],[-120.5299,37.9417],[-120.515,37.9534],[-120.5241,37.9721],[-120.5332,37.9908],[-120.5182,37.996],[-120.5033,38.0013],[-120.4883,38.0065],[-120.4734,38.0118],[-120.4602,38.0294],[-120.447,38.0471],[-120.4338,38.0647],[-120.4205,38.0823],[-120.4073,38.0999],[-120.3941,38.1176],[-120.3808,38.1352],[-120.3676,38.1528],[-120.3559,38.1663],[-120.3443,38.1797],[-120.3327,38.1932],[-120.321,38.2067],[-120.3094,38.2201],[-120.2977,38.2336],[-120.2861,38.247],[-120.2744,38.2605],[-120.2627,38.2739],[-120.2511,38.2874],[-120.2394,38.3008],[-120.2277,38.3143],[-120.216,38.3277],[-120.2043,38.3412],[-120.1926,38.3546],[-120.181,38.3681],[-120.1596,38.3769],[-120.1382,38.3857],[-120.1169,38.3945],[-120.0955,38.4033],[-120.0722,38.3999],[-120.0489,38.3964],[-120.0255,38.3929],[-120.0022,38.3894],[-119.9871,38.3946],[-119.9719,38.3999],[-119.9567,38.4051],[-119.9416,38.4103],[-119.9264,38.4155],[-119.9112,38.4207],[-119.8961,38.4259],[-119.8809,38.4311],[-119.8683,38.4438],[-119.8558,38.4564],[-119.8432,38.4691],[-119.8307,38.4817],[-119.8142,38.4851],[-119.7977,38.4885],[-119.7811,38.4919],[-119.7646,38.4953],[-119.7815,38.5115],[-119.7983,38.5277],[-119.8152,38.5439],[-119.832,38.5601],[-119.8242,38.5816],[-119.8163,38.6031],[-119.8325,38.6034],[-119.8487,38.6038],[-119.8649,38.6041],[-119.8811,38.6044],[-119.8924,38.6111],[-119.9037,38.6179],[-119.915,38.6246],[-119.9263,38.6313],[-119.9375,38.6381],[-119.9488,38.6448],[-119.9601,38.6515],[-119.9714,38.6583],[-119.9815,38.6732],[-119.9915,38.6881],[-120.0016,38.703],[-120.0117,38.718],[-120.0217,38.7329],[-120.0318,38.7478],[-120.0419,38.7628],[-120.052,38.7777],[-120.0461,38.7946],[-120.0402,38.8116],[-120.0343,38.8286],[-120.0284,38.8455],[-120.0225,38.8625],[-120.0166,38.8795],[-120.0107,38.8964],[-120.0048,38.9134],[-119.9891,38.9249],[-119.9735,38.9363],[-119.9578,38.9478],[-119.9422,38.9593],[-119.9461,38.962],[-119.9487,38.9636],[-119.9661,38.957],[-119.9835,38.9503],[-120.0009,38.9437],[-120.0183,38.9371],[-120.0462,38.9416],[-120.074,38.9462],[-120.0825,38.9621],[-120.0909,38.978],[-120.0993,38.994],[-120.1077,39.0099],[-120.1161,39.0259],[-120.1246,39.0418],[-120.133,39.0577],[-120.1414,39.0737],[-120.1502,39.065],[-120.159,39.0564],[-120.1678,39.0477],[-120.1766,39.0391],[-120.1972,39.0361],[-120.2177,39.0331],[-120.2383,39.0301],[-120.2589,39.0271]]]},"properties":{"OBJECTID":1233,"state":"California","agency":"California Department of Fish and Wildlife","unit_type":"DHZ","unit_id":"D5","unit_name":"D","unit_label":"California DHZ D5 - D","aliases":"2025 | california | california d5 | california d5 d | california department of fish and wildlife | california department of fish and wildlife d5 | california dhz d5 | california dhz d5 d | d | d5 | d5 d | dhz | dhz d5 | dhz d5 d","year":"2025","Shape_Length":529841.8347700298,"Shape_Area":12414895159.138197}},{"type":"Feature","id":1234,"geometry":{"type":"Polygon","coordinates":[[[-118.4356,37.9022],[-118.436,37.9018],[-118.4466,37.8862],[-118.4573,37.8706],[-118.468,37.855],[-118.4787,37.8394],[-118.4731,37.8188],[-118.4676,37.7982],[-118.462,37.7776],[-118.4565,37.757],[-118.4498,37.746],[-118.4431,37.7351],[-118.4364,37.7242],[-118.4297,37.7133],[-118.4231,37.7023],[-118.4164,37.6914],[-118.4097,37.6805],[-118.403,37.6695],[-118.3964,37.6438],[-118.3897,37.6181],[-118.3831,37.5923],[-118.3764,37.5666],[-118.3698,37.5408],[-118.3631,37.5151],[-118.3565,37.4893],[-118.3498,37.4636],[-118.3501,37.4035],[-118.3615,37.393],[-118.3728,37.3824],[-118.3842,37.3719],[-118.3955,37.3614],[-118.3893,37.3449],[-118.3831,37.3284],[-118.3769,37.312],[-118.3707,37.2955],[-118.3644,37.2791],[-118.3582,37.2626],[-118.352,37.2461],[-118.3458,37.2297],[-118.3319,37.2156],[-118.318,37.2015],[-118.304,37.1874],[-118.2901,37.1733],[-118.2827,37.1548],[-118.2753,37.1363],[-118.2679,37.1178],[-118.2605,37.0993],[-118.2532,37.0808],[-118.2458,37.0624],[-118.2384,37.0439],[-118.231,37.0254],[-118.2337,36.9918],[-118.2364,36.9583],[-118.2391,36.9247],[-118.2417,36.8912],[-118.2354,36.8643],[-118.229,36.8374],[-118.2209,36.8274],[-118.2128,36.8173],[-118.2047,36.8073],[-118.1966,36.7972],[-118.1885,36.7872],[-118.1804,36.7771],[-118.1723,36.767],[-118.1642,36.757],[-118.1561,36.7469],[-118.148,36.7369],[-118.1399,36.7268],[-118.1318,36.7167],[-118.1238,36.7067],[-118.1157,36.6966],[-118.1076,36.6866],[-118.0995,36.6765],[-118.0911,36.655],[-118.0826,36.6335],[-118.0742,36.6119],[-118.0657,36.5904],[-118.0573,36.5689],[-118.0488,36.5474],[-118.0404,36.5258],[-118.032,36.5043],[-118.03,36.4579],[-118.0281,36.4115],[-118.0271,36.314],[-118.0154,36.2922],[-118.0037,36.2703],[-117.9921,36.2485],[-117.9805,36.2267],[-117.976,36.1692],[-117.9716,36.1116],[-117.9655,36.0921],[-117.9593,36.0725],[-117.9531,36.0529],[-117.947,36.0333],[-117.9409,36.0138],[-117.9347,35.9942],[-117.9286,35.9746],[-117.9224,35.955],[-117.9163,35.9354],[-117.9102,35.9158],[-117.9041,35.8963],[-117.8979,35.8767],[-117.8918,35.8571],[-117.8857,35.8375],[-117.8796,35.8179],[-117.8735,35.7983],[-117.8497,35.7982],[-117.8259,35.798],[-117.8022,35.7978],[-117.7784,35.7976],[-117.7546,35.7975],[-117.7309,35.7973],[-117.7071,35.7971],[-117.6833,35.7969],[-117.6595,35.7967],[-117.6358,35.7965],[-117.612,35.7963],[-117.5882,35.796],[-117.5645,35.7958],[-117.5407,35.7956],[-117.5169,35.7954],[-117.4932,35.7951],[-117.4752,35.7952],[-117.4572,35.7953],[-117.4391,35.7953],[-117.4211,35.7954],[-117.4031,35.7954],[-117.3851,35.7955],[-117.3671,35.7955],[-117.3491,35.7956],[-117.3311,35.7956],[-117.3131,35.7957],[-117.2951,35.7957],[-117.2771,35.7958],[-117.259,35.7958],[-117.241,35.7958],[-117.223,35.7959],[-117.205,35.7959],[-117.187,35.7959],[-117.169,35.7959],[-117.151,35.7959],[-117.133,35.796],[-117.115,35.796],[-117.097,35.796],[-117.0789,35.796],[-117.0609,35.796],[-117.0429,35.796],[-117.0249,35.796],[-117.0069,35.796],[-116.9889,35.796],[-116.9709,35.796],[-116.9529,35.796],[-116.9349,35.7959],[-116.9168,35.7959],[-116.8988,35.7959],[-116.8808,35.7959],[-116.8628,35.7959],[-116.8448,35.7958],[-116.8268,35.7958],[-116.8088,35.7958],[-116.7908,35.7957],[-116.7728,35.7957],[-116.7548,35.7957],[-116.7367,35.7956],[-116.7187,35.7956],[-116.7007,35.7955],[-116.6827,35.7955],[-116.6647,35.7954],[-116.6467,35.7953],[-116.6287,35.7953],[-116.6107,35.7952],[-116.5927,35.7952],[-116.5747,35.7951],[-116.5566,35.795],[-116.5386,35.7949],[-116.5206,35.7949],[-116.5026,35.7948],[-116.4846,35.7947],[-116.4666,35.7946],[-116.4486,35.7945],[-116.4306,35.7944],[-116.4126,35.7943],[-116.3946,35.7942],[-116.3766,35.7941],[-116.3585,35.794],[-116.3405,35.7939],[-116.3307,35.8122],[-116.3209,35.8305],[-116.3111,35.8487],[-116.3013,35.867],[-116.2798,35.8752],[-116.2584,35.8834],[-116.2615,35.9087],[-116.2646,35.9341],[-116.2677,35.9595],[-116.2708,35.9849],[-116.2822,36.0012],[-116.2937,36.0176],[-116.2979,36.0738],[-116.302,36.1301],[-116.3114,36.1444],[-116.3208,36.1587],[-116.3301,36.173],[-116.3395,36.1873],[-116.3536,36.1932],[-116.3677,36.1991],[-116.3817,36.205],[-116.3958,36.2109],[-116.4055,36.2248],[-116.4151,36.2386],[-116.4247,36.2524],[-116.4344,36.2662],[-116.4244,36.2846],[-116.4144,36.3029],[-116.4183,36.3553],[-116.4222,36.4076],[-116.4221,36.4083],[-116.4223,36.4084],[-116.4329,36.4165],[-116.4434,36.4245],[-116.454,36.4326],[-116.4645,36.4406],[-116.4817,36.4537],[-116.4989,36.4668],[-116.5109,36.476],[-116.523,36.4852],[-116.5234,36.4856],[-116.5304,36.491],[-116.5426,36.5004],[-116.5605,36.514],[-116.5784,36.5276],[-116.5963,36.5412],[-116.6143,36.5547],[-116.6241,36.5622],[-116.6339,36.5696],[-116.6476,36.5801],[-116.6614,36.5906],[-116.6751,36.601],[-116.6889,36.6115],[-116.7026,36.6219],[-116.7164,36.6324],[-116.7301,36.6428],[-116.7439,36.6533],[-116.7577,36.6637],[-116.7715,36.6742],[-116.7852,36.6846],[-116.799,36.6951],[-116.8128,36.7055],[-116.8266,36.7159],[-116.8404,36.7264],[-116.8542,36.7368],[-116.8658,36.7456],[-116.8773,36.7543],[-116.8889,36.7631],[-116.9005,36.7718],[-116.9121,36.7806],[-116.9237,36.7893],[-116.9353,36.7981],[-116.9469,36.8068],[-116.9586,36.8156],[-116.9702,36.8243],[-116.9818,36.8331],[-116.9934,36.8418],[-117.005,36.8505],[-117.0166,36.8593],[-117.0283,36.868],[-117.0399,36.8768],[-117.0515,36.8855],[-117.0632,36.8942],[-117.0748,36.903],[-117.0864,36.9117],[-117.0981,36.9204],[-117.1097,36.9292],[-117.1214,36.9379],[-117.133,36.9466],[-117.1447,36.9553],[-117.1563,36.9641],[-117.168,36.9728],[-117.1796,36.9815],[-117.1913,36.9902],[-117.203,36.999],[-117.2146,37.0077],[-117.2263,37.0164],[-117.2312,37.0199],[-117.2487,37.033],[-117.2614,37.0424],[-117.2741,37.0519],[-117.2868,37.0613],[-117.2994,37.0708],[-117.3121,37.0802],[-117.3248,37.0897],[-117.3375,37.0991],[-117.3502,37.1086],[-117.3629,37.118],[-117.3756,37.1274],[-117.3883,37.1369],[-117.401,37.1463],[-117.4137,37.1558],[-117.4264,37.1652],[-117.4391,37.1746],[-117.4518,37.1841],[-117.464,37.1931],[-117.4763,37.2022],[-117.4885,37.2113],[-117.5007,37.2203],[-117.5106,37.2276],[-117.5204,37.2349],[-117.5303,37.2422],[-117.5401,37.2495],[-117.55,37.2568],[-117.5599,37.2641],[-117.5697,37.2713],[-117.5796,37.2786],[-117.5895,37.2859],[-117.5994,37.2932],[-117.6092,37.3005],[-117.6191,37.3078],[-117.629,37.315],[-117.6389,37.3223],[-117.6488,37.3296],[-117.6586,37.3369],[-117.6745,37.3484],[-117.6903,37.36],[-117.7037,37.3698],[-117.717,37.3796],[-117.7304,37.3894],[-117.7437,37.3992],[-117.7571,37.4089],[-117.7704,37.4187],[-117.7838,37.4285],[-117.7972,37.4383],[-117.8075,37.446],[-117.8178,37.4536],[-117.8281,37.4613],[-117.8384,37.469],[-117.8487,37.4766],[-117.859,37.4843],[-117.8693,37.492],[-117.8796,37.4996],[-117.89,37.507],[-117.9003,37.5145],[-117.9106,37.5219],[-117.9209,37.5293],[-117.9312,37.5368],[-117.9416,37.5442],[-117.9519,37.5516],[-117.9622,37.5591],[-117.9742,37.5678],[-117.9861,37.5765],[-117.9894,37.5788],[-118.0059,37.5908],[-118.0248,37.6045],[-118.0437,37.6183],[-118.0588,37.6293],[-118.0739,37.6403],[-118.089,37.6513],[-118.104,37.6623],[-118.1144,37.6698],[-118.1247,37.6772],[-118.135,37.6847],[-118.1453,37.6922],[-118.1556,37.6997],[-118.1659,37.7072],[-118.1762,37.7147],[-118.1865,37.7222],[-118.1969,37.7297],[-118.2072,37.7372],[-118.2175,37.7446],[-118.2278,37.7521],[-118.2382,37.7596],[-118.2485,37.7671],[-118.2588,37.7746],[-118.2691,37.782],[-118.2795,37.7895],[-118.2898,37.797],[-118.3002,37.8045],[-118.3105,37.812],[-118.3209,37.8194],[-118.3312,37.8269],[-118.3415,37.8344],[-118.3519,37.8419],[-118.3623,37.8493],[-118.3726,37.8568],[-118.383,37.8643],[-118.3933,37.8717],[-118.4037,37.8792],[-118.4141,37.8867],[-118.4244,37.8941],[-118.4348,37.9016],[-118.4356,37.9022]]]},"properties":{"OBJECTID":1234,"state":"California","agency":"California Department of Fish and Wildlife","unit_type":"DHZ","unit_id":"X9c","unit_name":"X","unit_label":"California DHZ X9c - X","aliases":"2025 | california | california department of fish and wildlife | california department of fish and wildlife x9c | california dhz x9c | california dhz x9c x | california x9c | california x9c x | dhz | dhz x9c | dhz x9c x | x | x9c | x9c x","year":"2025","Shape_Length":707960.0454194424,"Shape_Area":22568729668.30103}},{"type":"Feature","id":1235,"geometry":{"type":"Polygon","coordinates":[[[-116.1082,36.1672],[-116.1242,36.1796],[-116.1403,36.1919],[-116.1564,36.2042],[-116.1724,36.2166],[-116.1839,36.2254],[-116.1953,36.2342],[-116.2068,36.2431],[-116.2183,36.2519],[-116.232,36.2624],[-116.2458,36.273],[-116.261,36.2846],[-116.2762,36.2963],[-116.2944,36.3103],[-116.3126,36.3243],[-116.3309,36.3383],[-116.3491,36.3523],[-116.3673,36.3663],[-116.3856,36.3803],[-116.4039,36.3943],[-116.4221,36.4083],[-116.4222,36.4076],[-116.4183,36.3553],[-116.4144,36.3029],[-116.4244,36.2846],[-116.4344,36.2662],[-116.4247,36.2524],[-116.4151,36.2386],[-116.4055,36.2248],[-116.3958,36.2109],[-116.3817,36.205],[-116.3677,36.1991],[-116.3536,36.1932],[-116.3395,36.1873],[-116.3301,36.173],[-116.3208,36.1587],[-116.3114,36.1444],[-116.302,36.1301],[-116.2979,36.0738],[-116.2937,36.0176],[-116.2822,36.0012],[-116.2708,35.9849],[-116.2677,35.9595],[-116.2646,35.9341],[-116.2615,35.9087],[-116.2584,35.8834],[-116.2798,35.8752],[-116.3013,35.867],[-116.3111,35.8487],[-116.3209,35.8305],[-116.3307,35.8122],[-116.3405,35.7939],[-116.3585,35.794],[-116.3766,35.7941],[-116.3946,35.7942],[-116.4126,35.7943],[-116.4306,35.7944],[-116.4486,35.7945],[-116.4666,35.7946],[-116.4846,35.7947],[-116.5026,35.7948],[-116.5206,35.7949],[-116.5386,35.7949],[-116.5566,35.795],[-116.5747,35.7951],[-116.5927,35.7952],[-116.6107,35.7952],[-116.6287,35.7953],[-116.6467,35.7953],[-116.6647,35.7954],[-116.6827,35.7955],[-116.7007,35.7955],[-116.7187,35.7956],[-116.7367,35.7956],[-116.7548,35.7957],[-116.7728,35.7957],[-116.7908,35.7957],[-116.8088,35.7958],[-116.8268,35.7958],[-116.8448,35.7958],[-116.8628,35.7959],[-116.8808,35.7959],[-116.8988,35.7959],[-116.9168,35.7959],[-116.9349,35.7959],[-116.9529,35.796],[-116.9709,35.796],[-116.9889,35.796],[-117.0069,35.796],[-117.0249,35.796],[-117.0429,35.796],[-117.0609,35.796],[-117.0789,35.796],[-117.097,35.796],[-117.115,35.796],[-117.133,35.796],[-117.151,35.7959],[-117.169,35.7959],[-117.187,35.7959],[-117.205,35.7959],[-117.223,35.7959],[-117.241,35.7958],[-117.259,35.7958],[-117.2771,35.7958],[-117.2951,35.7957],[-117.3131,35.7957],[-117.3311,35.7956],[-117.3491,35.7956],[-117.3671,35.7955],[-117.3851,35.7955],[-117.4031,35.7954],[-117.4211,35.7954],[-117.4391,35.7953],[-117.4572,35.7953],[-117.4752,35.7952],[-117.4932,35.7951],[-117.5169,35.7954],[-117.5407,35.7956],[-117.5645,35.7958],[-117.5882,35.796],[-117.612,35.7963],[-117.6358,35.7965],[-117.6595,35.7967],[-117.6833,35.7969],[-117.7071,35.7971],[-117.7309,35.7973],[-117.7546,35.7975],[-117.7784,35.7976],[-117.8022,35.7978],[-117.8259,35.798],[-117.8497,35.7982],[-117.8735,35.7983],[-117.8703,35.7396],[-117.8671,35.6809],[-117.8762,35.6611],[-117.8853,35.6412],[-117.8944,35.6214],[-117.9035,35.6015],[-117.9129,35.5809],[-117.9222,35.5602],[-117.9315,35.5395],[-117.9409,35.5189],[-117.9502,35.4982],[-117.9595,35.4775],[-117.9688,35.4569],[-117.9781,35.4362],[-117.9745,35.3907],[-117.9709,35.3452],[-117.9789,35.3355],[-117.9868,35.3258],[-117.9947,35.3161],[-118.0027,35.3065],[-118.0106,35.2968],[-118.0185,35.2871],[-118.0265,35.2774],[-118.0344,35.2678],[-118.0439,35.2416],[-118.0533,35.2155],[-118.0647,35.2009],[-118.0761,35.1863],[-118.0874,35.1716],[-118.0988,35.157],[-118.1101,35.1424],[-118.1214,35.1277],[-118.1328,35.1131],[-118.1441,35.0985],[-118.161,35.0821],[-118.1778,35.0658],[-118.1691,35.037],[-118.1604,35.0081],[-118.1631,34.9503],[-118.1657,34.8925],[-118.1683,34.8346],[-118.1709,34.7768],[-118.17,34.691],[-118.161,34.6636],[-118.152,34.6361],[-118.143,34.6087],[-118.1341,34.5813],[-118.1129,34.581],[-118.0918,34.5808],[-118.0707,34.5805],[-118.0496,34.5802],[-118.0374,34.5654],[-118.0253,34.5507],[-118.0131,34.5359],[-118.0009,34.5211],[-117.9766,34.5183],[-117.9523,34.5156],[-117.928,34.5128],[-117.9037,34.51],[-117.8794,34.5072],[-117.8552,34.5044],[-117.8309,34.5016],[-117.8066,34.4988],[-117.7828,34.4998],[-117.759,34.5007],[-117.7352,34.5017],[-117.7114,34.5026],[-117.6876,34.5036],[-117.6638,34.5045],[-117.64,34.5054],[-117.6162,34.5064],[-117.5986,34.5064],[-117.581,34.5065],[-117.5634,34.5065],[-117.5458,34.5065],[-117.5282,34.5066],[-117.5106,34.5066],[-117.493,34.5067],[-117.4753,34.5067],[-117.4577,34.5067],[-117.4401,34.5067],[-117.4225,34.5068],[-117.4049,34.5068],[-117.3873,34.5068],[-117.3697,34.5068],[-117.3521,34.5068],[-117.3344,34.5068],[-117.3403,34.4886],[-117.3461,34.4704],[-117.3305,34.4705],[-117.3148,34.4706],[-117.2992,34.4707],[-117.2836,34.4708],[-117.2679,34.4709],[-117.2523,34.471],[-117.2366,34.4711],[-117.221,34.4712],[-117.2054,34.4713],[-117.1897,34.4714],[-117.1741,34.4715],[-117.1585,34.4716],[-117.1428,34.4717],[-117.1272,34.4718],[-117.1115,34.4719],[-117.0959,34.4719],[-117.0816,34.4684],[-117.0673,34.4649],[-117.053,34.4614],[-117.0387,34.4579],[-117.0245,34.4543],[-117.0102,34.4508],[-116.9959,34.4473],[-116.9816,34.4437],[-116.9661,34.4437],[-116.9507,34.4437],[-116.9352,34.4437],[-116.9198,34.4437],[-116.9043,34.4437],[-116.8888,34.4437],[-116.8734,34.4437],[-116.8579,34.4437],[-116.8418,34.4401],[-116.8257,34.4365],[-116.8095,34.4329],[-116.7934,34.4294],[-116.7773,34.4258],[-116.7611,34.4222],[-116.745,34.4186],[-116.7289,34.415],[-116.7087,34.4038],[-116.6885,34.3925],[-116.6684,34.3813],[-116.6482,34.37],[-116.6232,34.3697],[-116.5981,34.3694],[-116.573,34.3691],[-116.548,34.3689],[-116.5328,34.3597],[-116.5176,34.3505],[-116.5025,34.3413],[-116.4873,34.3321],[-116.4751,34.3133],[-116.4629,34.2945],[-116.4507,34.2757],[-116.4386,34.2569],[-116.442,34.2276],[-116.4454,34.1983],[-116.4376,34.1796],[-116.4298,34.161],[-116.422,34.1424],[-116.4142,34.1237],[-116.3959,34.1292],[-116.3776,34.1348],[-116.3632,34.1349],[-116.3487,34.1349],[-116.3342,34.135],[-116.3198,34.1351],[-116.3053,34.1352],[-116.2908,34.1353],[-116.2764,34.1354],[-116.2619,34.1354],[-116.2474,34.1355],[-116.233,34.1356],[-116.2185,34.1356],[-116.2041,34.1357],[-116.1896,34.1358],[-116.1751,34.1359],[-116.1607,34.1359],[-116.1462,34.136],[-116.1317,34.136],[-116.1173,34.1361],[-116.1028,34.1362],[-116.0883,34.1362],[-116.0739,34.1363],[-116.0594,34.1363],[-116.0449,34.1364],[-116.0305,34.1364],[-116.016,34.1365],[-116.0016,34.1365],[-115.9871,34.1365],[-115.9726,34.1366],[-115.9582,34.1366],[-115.9437,34.1367],[-115.9292,34.1367],[-115.9148,34.1367],[-115.9047,34.1294],[-115.8946,34.1221],[-115.8794,34.1222],[-115.8641,34.1222],[-115.8489,34.1223],[-115.8336,34.1223],[-115.8184,34.1224],[-115.8031,34.1224],[-115.7879,34.1225],[-115.7726,34.1225],[-115.749,34.1185],[-115.7254,34.1144],[-115.7018,34.1104],[-115.6782,34.1064],[-115.6546,34.1023],[-115.631,34.0983],[-115.6074,34.0942],[-115.5838,34.0902],[-115.5661,34.0823],[-115.5485,34.0744],[-115.5364,34.0959],[-115.5244,34.1174],[-115.5054,34.113],[-115.4863,34.1086],[-115.4673,34.1043],[-115.4483,34.0999],[-115.4292,34.0955],[-115.4102,34.0911],[-115.3912,34.0867],[-115.3721,34.0823],[-115.3531,34.0779],[-115.3341,34.0735],[-115.3151,34.0691],[-115.2961,34.0646],[-115.2771,34.0602],[-115.2581,34.0558],[-115.2391,34.0514],[-115.22,34.047],[-115.2069,34.052],[-115.1938,34.057],[-115.1807,34.062],[-115.1676,34.067],[-115.1544,34.072],[-115.1413,34.077],[-115.1282,34.082],[-115.115,34.087],[-115.0928,34.0896],[-115.0706,34.0922],[-115.0483,34.0948],[-115.0261,34.0973],[-115.0038,34.0999],[-114.9816,34.1025],[-114.9593,34.105],[-114.9371,34.1076],[-114.9111,34.1006],[-114.8851,34.0936],[-114.8591,34.0866],[-114.8332,34.0796],[-114.8152,34.0831],[-114.7972,34.0866],[-114.7791,34.0901],[-114.7611,34.0936],[-114.7431,34.0971],[-114.7251,34.1006],[-114.7071,34.1041],[-114.6891,34.1076],[-114.6776,34.1171],[-114.6662,34.1265],[-114.6547,34.136],[-114.6433,34.1455],[-114.6318,34.155],[-114.6203,34.1645],[-114.6089,34.174],[-114.5974,34.1835],[-114.6082,34.196],[-114.619,34.2084],[-114.6299,34.2209],[-114.6407,34.2334],[-114.6443,34.2679],[-114.648,34.3025],[-114.6516,34.337],[-114.6552,34.3716],[-114.6517,34.4326],[-114.6481,34.4937],[-114.6446,34.5548],[-114.641,34.6159],[-114.6354,34.6353],[-114.6298,34.6546],[-114.6242,34.674],[-114.6186,34.6934],[-114.613,34.7128],[-114.6074,34.7322],[-114.6018,34.7515],[-114.5962,34.7709],[-114.5835,34.7603],[-114.5709,34.7497],[-114.5582,34.7391],[-114.5456,34.7284],[-114.5312,34.7257],[-114.5168,34.7229],[-114.5024,34.7201],[-114.488,34.7173],[-114.488,34.7173],[-114.4886,34.7187],[-114.4908,34.7242],[-114.4915,34.7252],[-114.508,34.737],[-114.5246,34.7489],[-114.5412,34.7607],[-114.5578,34.7726],[-114.5699,34.792],[-114.5819,34.8115],[-114.594,34.8309],[-114.6061,34.8504],[-114.6066,34.8506],[-114.619,34.859],[-114.6313,34.8674],[-114.6335,34.8711],[-114.636,34.8784],[-114.6367,34.8845],[-114.631,34.9058],[-114.6307,34.9077],[-114.6307,34.9139],[-114.6308,34.9144],[-114.6313,34.9163],[-114.632,34.9183],[-114.6332,34.9239],[-114.6329,34.9272],[-114.6323,34.9301],[-114.6316,34.9324],[-114.6314,34.9506],[-114.6337,34.9554],[-114.6339,34.956],[-114.6352,34.9643],[-114.6299,34.9806],[-114.6295,34.982],[-114.6291,34.9849],[-114.6291,34.985],[-114.6293,34.9925],[-114.6293,34.9925],[-114.6301,34.9957],[-114.6305,34.997],[-114.6309,34.9978],[-114.6313,34.9988],[-114.6329,35.0017],[-114.633,35.0019],[-114.6367,35.0048],[-114.6464,35.0126],[-114.6561,35.0204],[-114.6657,35.0282],[-114.6754,35.036],[-114.6892,35.0471],[-114.7029,35.0582],[-114.7167,35.0692],[-114.7305,35.0803],[-114.7442,35.0914],[-114.758,35.1025],[-114.7718,35.1136],[-114.7856,35.1246],[-114.7971,35.1339],[-114.8085,35.1431],[-114.82,35.1523],[-114.8315,35.1615],[-114.8419,35.1696],[-114.8522,35.1778],[-114.8688,35.1913],[-114.8854,35.2049],[-114.8865,35.2058],[-114.8967,35.2139],[-114.9068,35.222],[-114.917,35.2302],[-114.9271,35.2383],[-114.9424,35.2504],[-114.9578,35.2626],[-114.9757,35.2771],[-114.9936,35.2916],[-114.9965,35.2939],[-115.0061,35.3016],[-115.0157,35.3093],[-115.0158,35.3093],[-115.0338,35.3237],[-115.0519,35.3381],[-115.07,35.3525],[-115.088,35.3668],[-115.1061,35.3812],[-115.1242,35.3955],[-115.1423,35.4099],[-115.1604,35.4242],[-115.1629,35.4262],[-115.1807,35.4404],[-115.1933,35.4503],[-115.2059,35.4603],[-115.2075,35.4616],[-115.2224,35.4735],[-115.2405,35.4878],[-115.2585,35.5021],[-115.2766,35.5164],[-115.2947,35.5307],[-115.3128,35.5451],[-115.3309,35.5594],[-115.349,35.5736],[-115.3671,35.5879],[-115.3709,35.591],[-115.3748,35.594],[-115.391,35.6069],[-115.3933,35.6087],[-115.4058,35.6186],[-115.4065,35.6191],[-115.4182,35.6283],[-115.43,35.6376],[-115.4418,35.6469],[-115.4536,35.6562],[-115.4653,35.6654],[-115.4771,35.6747],[-115.4889,35.684],[-115.5007,35.6933],[-115.5185,35.7074],[-115.5337,35.7194],[-115.5489,35.7314],[-115.5641,35.7434],[-115.5793,35.7555],[-115.5902,35.764],[-115.6011,35.7726],[-115.612,35.7812],[-115.6229,35.7897],[-115.6396,35.8027],[-115.6563,35.8158],[-115.6729,35.8288],[-115.6896,35.8418],[-115.7063,35.8549],[-115.723,35.8679],[-115.7397,35.8809],[-115.7564,35.8939],[-115.7731,35.9069],[-115.7898,35.9199],[-115.8065,35.933],[-115.8233,35.946],[-115.84,35.959],[-115.8567,35.972],[-115.8735,35.985],[-115.8902,35.998],[-115.9039,36.0086],[-115.9176,36.0192],[-115.9312,36.0299],[-115.9449,36.0405],[-115.9586,36.0511],[-115.9723,36.0618],[-115.986,36.0724],[-115.9996,36.083],[-116.0123,36.0928],[-116.025,36.1026],[-116.0405,36.1146],[-116.056,36.1267],[-116.0635,36.1324],[-116.0809,36.1459],[-116.0946,36.1565],[-116.1082,36.1672]]]},"properties":{"OBJECTID":1235,"state":"California","agency":"California Department of Fish and Wildlife","unit_type":"DHZ","unit_id":"D17","unit_name":"D","unit_label":"California DHZ D17 - D","aliases":"2025 | california | california d17 | california d17 d | california department of fish and wildlife | california department of fish and wildlife d17 | california dhz d17 | california dhz d17 d | d | d17 | d17 d | dhz | dhz d17 | dhz d17 d","year":"2025","Shape_Length":1065963.6947564955,"Shape_Area":50647911831.576225}},{"type":"Feature","id":1236,"geometry":{"type":"Polygon","coordinates":[[[-118.967,35.0549],[-118.9941,35.055],[-119.0211,35.0551],[-119.0482,35.0552],[-119.0752,35.0552],[-119.1023,35.0553],[-119.1293,35.0554],[-119.1564,35.0554],[-119.1834,35.0555],[-119.2105,35.0555],[-119.2375,35.0555],[-119.2646,35.0556],[-119.2916,35.0556],[-119.3187,35.0556],[-119.3457,35.0556],[-119.3728,35.0556],[-119.3998,35.0556],[-119.4044,35.0274],[-119.4089,34.9992],[-119.4245,34.9833],[-119.4401,34.9673],[-119.4557,34.9513],[-119.4713,34.9354],[-119.492,34.9345],[-119.5128,34.9337],[-119.5073,34.9157],[-119.5018,34.8978],[-119.4963,34.8798],[-119.4907,34.8618],[-119.4822,34.8504],[-119.4737,34.8391],[-119.4653,34.8277],[-119.4568,34.8163],[-119.4483,34.8049],[-119.4398,34.7936],[-119.4313,34.7822],[-119.4228,34.7708],[-119.4144,34.7594],[-119.4059,34.7481],[-119.3974,34.7367],[-119.3889,34.7253],[-119.3805,34.7139],[-119.372,34.7025],[-119.3636,34.6911],[-119.3551,34.6798],[-119.3696,34.6628],[-119.3841,34.6458],[-119.3745,34.6256],[-119.3649,34.6054],[-119.3514,34.6015],[-119.338,34.5977],[-119.3245,34.5939],[-119.3111,34.5901],[-119.2977,34.5862],[-119.2842,34.5824],[-119.2708,34.5786],[-119.2574,34.5748],[-119.2645,34.5586],[-119.2398,34.558],[-119.2152,34.5574],[-119.1906,34.5569],[-119.1659,34.5563],[-119.1413,34.5557],[-119.1166,34.5552],[-119.092,34.5546],[-119.0674,34.554],[-119.0433,34.5587],[-119.0192,34.5635],[-118.9952,34.5682],[-118.9711,34.573],[-118.9573,34.5633],[-118.9435,34.5537],[-118.9421,34.4723],[-118.9407,34.391],[-118.921,34.3931],[-118.9013,34.3953],[-118.8816,34.3975],[-118.8619,34.3996],[-118.8421,34.4018],[-118.8224,34.404],[-118.8027,34.4061],[-118.783,34.4083],[-118.7569,34.4075],[-118.7309,34.4066],[-118.7048,34.4058],[-118.6788,34.405],[-118.662,34.4129],[-118.6453,34.4209],[-118.6286,34.4288],[-118.6118,34.4367],[-118.6171,34.4498],[-118.6223,34.463],[-118.6276,34.4761],[-118.6328,34.4893],[-118.6381,34.5024],[-118.6434,34.5156],[-118.6486,34.5287],[-118.6539,34.5419],[-118.6684,34.5531],[-118.6828,34.5643],[-118.6973,34.5755],[-118.7118,34.5867],[-118.7226,34.6023],[-118.7334,34.6179],[-118.7442,34.6335],[-118.7551,34.6491],[-118.7659,34.6646],[-118.7768,34.6802],[-118.7876,34.6958],[-118.7985,34.7113],[-118.7978,34.7631],[-118.8085,34.7698],[-118.8192,34.7765],[-118.8299,34.7831],[-118.8405,34.7898],[-118.8512,34.7964],[-118.8619,34.8031],[-118.8726,34.8097],[-118.8833,34.8164],[-118.8732,34.8277],[-118.8631,34.8391],[-118.8778,34.8539],[-118.8925,34.8687],[-118.9072,34.8835],[-118.922,34.8983],[-118.9276,34.9179],[-118.9332,34.9374],[-118.9388,34.957],[-118.9445,34.9766],[-118.9501,34.9962],[-118.9557,35.0158],[-118.9614,35.0353],[-118.967,35.0549]]]},"properties":{"OBJECTID":1236,"state":"California","agency":"California Department of Fish and Wildlife","unit_type":"DHZ","unit_id":"D13","unit_name":"D","unit_label":"California DHZ D13 - D","aliases":"2025 | california | california d13 | california d13 d | california department of fish and wildlife | california department of fish and wildlife d13 | california dhz d13 | california dhz d13 d | d | d13 | d13 d | dhz | dhz d13 | dhz d13 d","year":"2025","Shape_Length":272671.3584719023,"Shape_Area":3344888541.902371}},{"type":"Feature","id":1237,"geometry":{"type":"Polygon","coordinates":[[[-118.6081,34.7758],[-118.6363,34.7793],[-118.6646,34.7828],[-118.6812,34.7803],[-118.6979,34.7779],[-118.7146,34.7754],[-118.7312,34.773],[-118.7479,34.7705],[-118.7645,34.7681],[-118.7812,34.7656],[-118.7978,34.7631],[-118.7985,34.7113],[-118.7876,34.6958],[-118.7768,34.6802],[-118.7659,34.6646],[-118.7551,34.6491],[-118.7442,34.6335],[-118.7334,34.6179],[-118.7226,34.6023],[-118.7118,34.5867],[-118.6973,34.5755],[-118.6828,34.5643],[-118.6684,34.5531],[-118.6539,34.5419],[-118.6486,34.5287],[-118.6434,34.5156],[-118.6381,34.5024],[-118.6328,34.4893],[-118.6276,34.4761],[-118.6223,34.463],[-118.6171,34.4498],[-118.6118,34.4367],[-118.6037,34.4258],[-118.5956,34.4149],[-118.5876,34.404],[-118.5795,34.3932],[-118.5714,34.3823],[-118.5633,34.3714],[-118.5552,34.3605],[-118.5472,34.3496],[-118.5372,34.342],[-118.5273,34.3344],[-118.5174,34.3268],[-118.5075,34.3191],[-118.4975,34.3115],[-118.4876,34.3039],[-118.4777,34.2963],[-118.4678,34.2886],[-118.4714,34.2436],[-118.475,34.1986],[-118.4785,34.1536],[-118.4821,34.1085],[-118.4708,34.0892],[-118.4595,34.0699],[-118.4482,34.0505],[-118.4369,34.0312],[-118.4163,34.032],[-118.3958,34.0329],[-118.3752,34.0337],[-118.3547,34.0345],[-118.3341,34.0354],[-118.3135,34.0362],[-118.293,34.037],[-118.2724,34.0378],[-118.2564,34.042],[-118.2404,34.0462],[-118.2243,34.0504],[-118.2083,34.0546],[-118.1922,34.0588],[-118.1762,34.063],[-118.1601,34.0672],[-118.1441,34.0714],[-118.1242,34.0709],[-118.1043,34.0705],[-118.0844,34.0701],[-118.0646,34.0696],[-118.0447,34.0692],[-118.0248,34.0687],[-118.0049,34.0682],[-117.985,34.0678],[-117.9651,34.0673],[-117.9452,34.0668],[-117.9253,34.0664],[-117.9055,34.0659],[-117.8856,34.0654],[-117.8657,34.0649],[-117.8458,34.0644],[-117.8259,34.0639],[-117.803,34.0669],[-117.7802,34.0698],[-117.7573,34.0727],[-117.7344,34.0756],[-117.7115,34.0785],[-117.6886,34.0815],[-117.6657,34.0844],[-117.6428,34.0873],[-117.6184,34.0823],[-117.5939,34.0773],[-117.5694,34.0723],[-117.5449,34.0673],[-117.5432,34.0953],[-117.528,34.1075],[-117.5128,34.1197],[-117.4976,34.132],[-117.4824,34.1442],[-117.4672,34.1564],[-117.452,34.1686],[-117.4368,34.1809],[-117.4216,34.1931],[-117.4291,34.2107],[-117.4366,34.2284],[-117.4441,34.2461],[-117.4516,34.2637],[-117.4591,34.2814],[-117.4667,34.2991],[-117.4742,34.3167],[-117.4817,34.3344],[-117.4619,34.3408],[-117.442,34.3472],[-117.4301,34.3626],[-117.4181,34.378],[-117.4061,34.3934],[-117.3941,34.4088],[-117.3821,34.4242],[-117.3701,34.4396],[-117.3581,34.455],[-117.3461,34.4704],[-117.3403,34.4886],[-117.3344,34.5068],[-117.3521,34.5068],[-117.3697,34.5068],[-117.3873,34.5068],[-117.4049,34.5068],[-117.4225,34.5068],[-117.4401,34.5067],[-117.4577,34.5067],[-117.4753,34.5067],[-117.493,34.5067],[-117.5106,34.5066],[-117.5282,34.5066],[-117.5458,34.5065],[-117.5634,34.5065],[-117.581,34.5065],[-117.5986,34.5064],[-117.6162,34.5064],[-117.64,34.5054],[-117.6638,34.5045],[-117.6876,34.5036],[-117.7114,34.5026],[-117.7352,34.5017],[-117.759,34.5007],[-117.7828,34.4998],[-117.8066,34.4988],[-117.8309,34.5016],[-117.8552,34.5044],[-117.8794,34.5072],[-117.9037,34.51],[-117.928,34.5128],[-117.9523,34.5156],[-117.9766,34.5183],[-118.0009,34.5211],[-118.0131,34.5359],[-118.0253,34.5507],[-118.0374,34.5654],[-118.0496,34.5802],[-118.0707,34.5805],[-118.0918,34.5808],[-118.1129,34.581],[-118.1341,34.5813],[-118.143,34.6087],[-118.152,34.6361],[-118.161,34.6636],[-118.17,34.691],[-118.1709,34.7768],[-118.1983,34.7768],[-118.2256,34.7768],[-118.2529,34.7768],[-118.2802,34.7767],[-118.3076,34.7767],[-118.3349,34.7766],[-118.3622,34.7766],[-118.3895,34.7765],[-118.4168,34.7765],[-118.4442,34.7764],[-118.4715,34.7763],[-118.4988,34.7762],[-118.5261,34.7762],[-118.5535,34.7761],[-118.5808,34.776],[-118.6081,34.7758]]]},"properties":{"OBJECTID":1237,"state":"California","agency":"California Department of Fish and Wildlife","unit_type":"DHZ","unit_id":"D11","unit_name":"D","unit_label":"California DHZ D11 - D","aliases":"2025 | california | california d11 | california d11 d | california department of fish and wildlife | california department of fish and wildlife d11 | california dhz d11 | california dhz d11 d | d | d11 | d11 d | dhz | dhz d11 | dhz d11 d","year":"2025","Shape_Length":391251.7924669024,"Shape_Area":6604305677.10254}},{"type":"Feature","id":1238,"geometry":{"type":"Polygon","coordinates":[[[-123.7214,41.9975],[-123.7518,41.9976],[-123.7823,41.9977],[-123.8127,41.9979],[-123.8432,41.9979],[-123.8736,41.998],[-123.9041,41.9981],[-123.9345,41.9982],[-123.965,41.9982],[-123.9954,41.9983],[-124.0259,41.9984],[-124.0563,41.9984],[-124.0868,41.9984],[-124.1172,41.9985],[-124.1477,41.9985],[-124.1781,41.9985],[-124.2086,41.9985],[-124.2084,41.8882],[-124.2143,41.8752],[-124.2201,41.8623],[-124.226,41.8493],[-124.2318,41.8364],[-124.2377,41.8234],[-124.2435,41.8105],[-124.2494,41.7975],[-124.2552,41.7846],[-124.2326,41.7735],[-124.21,41.7624],[-124.1873,41.7512],[-124.1647,41.7401],[-124.1567,41.7229],[-124.1487,41.7056],[-124.1407,41.6884],[-124.1327,41.6712],[-124.1247,41.6539],[-124.1168,41.6367],[-124.1088,41.6194],[-124.1008,41.6022],[-124.0961,41.5819],[-124.0914,41.5615],[-124.0866,41.5412],[-124.0819,41.5209],[-124.0772,41.5006],[-124.0725,41.4802],[-124.0678,41.4599],[-124.0631,41.4396],[-124.0686,41.4133],[-124.0741,41.3871],[-124.0796,41.3609],[-124.085,41.3346],[-124.0905,41.3084],[-124.096,41.2822],[-124.1015,41.2559],[-124.107,41.2297],[-124.1134,41.2189],[-124.1199,41.208],[-124.1263,41.1972],[-124.1328,41.1864],[-124.1392,41.1755],[-124.1456,41.1647],[-124.1521,41.1539],[-124.1585,41.143],[-124.1561,41.0986],[-124.1536,41.0541],[-124.1327,41.0408],[-124.1117,41.0274],[-124.1197,40.9976],[-124.1278,40.9677],[-124.1358,40.9379],[-124.1438,40.908],[-124.1544,40.8907],[-124.1649,40.8734],[-124.1755,40.856],[-124.186,40.8387],[-124.1966,40.8214],[-124.2071,40.8041],[-124.2177,40.7867],[-124.2282,40.7694],[-124.2183,40.7814],[-124.2084,40.7934],[-124.1985,40.8054],[-124.1887,40.8175],[-124.1787,40.8295],[-124.1688,40.8415],[-124.1589,40.8535],[-124.149,40.8655],[-124.1343,40.8548],[-124.1195,40.8442],[-124.1048,40.8335],[-124.09,40.8228],[-124.1146,40.8155],[-124.1391,40.8081],[-124.1636,40.8008],[-124.1881,40.7934],[-124.1968,40.7662],[-124.2055,40.739],[-124.2142,40.7117],[-124.2228,40.6845],[-124.2445,40.6926],[-124.2661,40.7008],[-124.2737,40.681],[-124.2813,40.6611],[-124.2888,40.6413],[-124.2964,40.6215],[-124.2809,40.6189],[-124.2654,40.6163],[-124.25,40.6137],[-124.2345,40.6112],[-124.219,40.6086],[-124.2036,40.606],[-124.1881,40.6034],[-124.1727,40.6008],[-124.1665,40.5582],[-124.1603,40.5157],[-124.1425,40.5124],[-124.1246,40.5091],[-124.1067,40.5058],[-124.0888,40.5025],[-124.0977,40.4866],[-124.1066,40.4706],[-124.0853,40.4649],[-124.064,40.4592],[-124.0427,40.4535],[-124.0214,40.4478],[-124.0002,40.4421],[-123.9789,40.4364],[-123.9576,40.4307],[-123.9364,40.4249],[-123.9382,40.3839],[-123.94,40.3428],[-123.9265,40.3293],[-123.9131,40.3159],[-123.8996,40.3024],[-123.8861,40.2889],[-123.8727,40.2755],[-123.8592,40.262],[-123.8458,40.2485],[-123.8324,40.2351],[-123.8165,40.2248],[-123.8007,40.2145],[-123.7849,40.2042],[-123.7691,40.1939],[-123.777,40.184],[-123.785,40.1741],[-123.7929,40.1643],[-123.8008,40.1544],[-123.8087,40.1446],[-123.8167,40.1347],[-123.8246,40.1248],[-123.8325,40.115],[-123.8222,40.1033],[-123.8119,40.0916],[-123.8016,40.0799],[-123.7913,40.0682],[-123.7967,40.0254],[-123.8021,39.9826],[-123.7911,39.9683],[-123.78,39.954],[-123.769,39.9397],[-123.7579,39.9254],[-123.7469,39.9111],[-123.7358,39.8968],[-123.7248,39.8825],[-123.7138,39.8682],[-123.7034,39.8578],[-123.693,39.8473],[-123.6827,39.8369],[-123.6723,39.8264],[-123.6467,39.8265],[-123.6211,39.8266],[-123.5955,39.8267],[-123.5698,39.8267],[-123.5581,39.8084],[-123.5464,39.7902],[-123.5346,39.7719],[-123.5229,39.7536],[-123.5112,39.7353],[-123.4995,39.7171],[-123.4877,39.6988],[-123.476,39.6805],[-123.4695,39.6635],[-123.4629,39.6464],[-123.4563,39.6294],[-123.4498,39.6124],[-123.4432,39.5954],[-123.4367,39.5783],[-123.4301,39.5613],[-123.4236,39.5443],[-123.4078,39.5295],[-123.392,39.5148],[-123.3763,39.5],[-123.3605,39.4853],[-123.3573,39.4488],[-123.3541,39.4122],[-123.3417,39.4229],[-123.3292,39.4335],[-123.3168,39.4441],[-123.3043,39.4547],[-123.2811,39.4558],[-123.2578,39.4569],[-123.2346,39.458],[-123.2113,39.4591],[-123.1979,39.4662],[-123.1845,39.4733],[-123.1711,39.4804],[-123.1577,39.4875],[-123.1473,39.4619],[-123.137,39.4363],[-123.1267,39.4106],[-123.1163,39.385],[-123.1002,39.3826],[-123.0841,39.3803],[-123.0679,39.3779],[-123.0518,39.3755],[-123.0416,39.3858],[-123.0315,39.396],[-123.0214,39.4062],[-123.0112,39.4165],[-122.9835,39.4115],[-122.9558,39.4066],[-122.9452,39.3965],[-122.9345,39.3864],[-122.9239,39.3764],[-122.9132,39.3663],[-122.9026,39.3562],[-122.892,39.3461],[-122.8814,39.336],[-122.8707,39.3259],[-122.8468,39.3227],[-122.8228,39.3196],[-122.7989,39.3164],[-122.775,39.3133],[-122.7668,39.3265],[-122.7587,39.3398],[-122.7506,39.3531],[-122.7425,39.3664],[-122.7391,39.3891],[-122.7358,39.4118],[-122.7324,39.4346],[-122.7291,39.4573],[-122.7257,39.48],[-122.7224,39.5027],[-122.719,39.5255],[-122.7157,39.5482],[-122.7397,39.5518],[-122.7637,39.5554],[-122.7852,39.5486],[-122.8066,39.5419],[-122.8281,39.5351],[-122.8496,39.5284],[-122.8684,39.5436],[-122.8872,39.5588],[-122.8889,39.6013],[-122.8907,39.6437],[-122.8989,39.6571],[-122.907,39.6705],[-122.9152,39.6838],[-122.9234,39.6972],[-122.9315,39.7105],[-122.9397,39.7239],[-122.9479,39.7372],[-122.9561,39.7506],[-122.97,39.7578],[-122.984,39.7649],[-122.998,39.7721],[-123.012,39.7793],[-123.0259,39.7865],[-123.0399,39.7936],[-123.0539,39.8008],[-123.0679,39.808],[-123.0524,39.8071],[-123.0369,39.8063],[-123.0215,39.8054],[-123.006,39.8046],[-122.9905,39.8037],[-122.975,39.8029],[-122.9595,39.802],[-122.9441,39.8012],[-122.9408,39.831],[-122.9376,39.8608],[-122.9294,39.8884],[-122.9212,39.916],[-122.9286,39.9458],[-122.936,39.9755],[-122.9435,40.0053],[-122.9509,40.0351],[-122.9702,40.0343],[-122.9895,40.0335],[-123.0088,40.0328],[-123.0281,40.032],[-123.0474,40.0312],[-123.0667,40.0304],[-123.086,40.0296],[-123.1053,40.0288],[-123.1173,40.0436],[-123.1294,40.0584],[-123.1414,40.0732],[-123.1535,40.088],[-123.146,40.1012],[-123.1385,40.1144],[-123.131,40.1276],[-123.1234,40.1408],[-123.0989,40.141],[-123.0743,40.1412],[-123.0497,40.1414],[-123.0252,40.1415],[-123.0286,40.1703],[-123.0429,40.1749],[-123.0571,40.1795],[-123.0714,40.1841],[-123.0857,40.1887],[-123.1007,40.2053],[-123.1158,40.2219],[-123.1308,40.2385],[-123.1459,40.2551],[-123.1629,40.2642],[-123.1799,40.2732],[-123.1969,40.2823],[-123.2139,40.2913],[-123.2309,40.3003],[-123.2479,40.3094],[-123.2649,40.3184],[-123.2819,40.3274],[-123.2895,40.3379],[-123.2971,40.3483],[-123.3047,40.3587],[-123.3122,40.3691],[-123.3247,40.376],[-123.3372,40.3828],[-123.3497,40.3897],[-123.3622,40.3966],[-123.3746,40.4034],[-123.3871,40.4103],[-123.3996,40.4171],[-123.4121,40.424],[-123.4178,40.4412],[-123.4235,40.4584],[-123.4291,40.4756],[-123.4348,40.4928],[-123.4405,40.5101],[-123.4462,40.5273],[-123.4519,40.5445],[-123.4576,40.5617],[-123.4547,40.5878],[-123.4519,40.6138],[-123.4619,40.6211],[-123.472,40.6284],[-123.482,40.6358],[-123.492,40.6431],[-123.4996,40.6562],[-123.5072,40.6694],[-123.5149,40.6826],[-123.5225,40.6958],[-123.5301,40.709],[-123.5377,40.7221],[-123.5453,40.7353],[-123.5529,40.7485],[-123.5592,40.7759],[-123.5654,40.8033],[-123.5716,40.8308],[-123.5779,40.8582],[-123.5861,40.8703],[-123.5942,40.8824],[-123.6024,40.8945],[-123.6106,40.9066],[-123.6187,40.9187],[-123.6269,40.9308],[-123.6351,40.9429],[-123.6433,40.955],[-123.6403,40.9828],[-123.6372,41.0106],[-123.6453,41.0207],[-123.6534,41.0308],[-123.6615,41.0408],[-123.6696,41.0509],[-123.6777,41.061],[-123.6858,41.0711],[-123.6939,41.0812],[-123.702,41.0912],[-123.6952,41.1111],[-123.6884,41.1309],[-123.6817,41.1507],[-123.6749,41.1706],[-123.668,41.1904],[-123.6612,41.2102],[-123.6544,41.23],[-123.6476,41.2499],[-123.633,41.2566],[-123.6184,41.2633],[-123.6039,41.2701],[-123.5893,41.2768],[-123.5747,41.2835],[-123.5601,41.2902],[-123.5455,41.297],[-123.5309,41.3037],[-123.5206,41.323],[-123.5103,41.3424],[-123.5001,41.3617],[-123.4898,41.3811],[-123.4931,41.4246],[-123.4965,41.4682],[-123.5015,41.4823],[-123.5065,41.4963],[-123.5116,41.5104],[-123.5166,41.5245],[-123.5216,41.5385],[-123.5267,41.5526],[-123.5317,41.5667],[-123.5367,41.5808],[-123.5202,41.5908],[-123.5036,41.6008],[-123.4871,41.6108],[-123.4705,41.6208],[-123.4613,41.6341],[-123.4522,41.6475],[-123.443,41.6609],[-123.4339,41.6742],[-123.4403,41.6967],[-123.4467,41.7192],[-123.4335,41.7358],[-123.4204,41.7524],[-123.4072,41.7689],[-123.3941,41.7855],[-123.3819,41.7913],[-123.3698,41.7972],[-123.3576,41.8031],[-123.3454,41.809],[-123.3333,41.8149],[-123.3211,41.8207],[-123.3089,41.8266],[-123.2968,41.8325],[-123.3031,41.849],[-123.3094,41.8655],[-123.2816,41.8599],[-123.2538,41.8543],[-123.226,41.8486],[-123.1982,41.843],[-123.1817,41.8507],[-123.1652,41.8584],[-123.1488,41.8662],[-123.1323,41.8739],[-123.1354,41.9376],[-123.1385,42.0014],[-123.1399,42.0014],[-123.1437,42.0013],[-123.1456,42.0013],[-123.1461,42.0013],[-123.1504,42.0053],[-123.1533,42.0073],[-123.1583,42.0071],[-123.1583,42.0072],[-123.1786,42.0063],[-123.1988,42.0054],[-123.219,42.0045],[-123.2392,42.0036],[-123.2594,42.0027],[-123.2796,42.0018],[-123.2998,42.0009],[-123.32,42.0],[-123.3454,41.9998],[-123.3708,41.9996],[-123.3778,41.9995],[-123.3817,41.9995],[-123.3982,41.9994],[-123.4148,41.9993],[-123.4313,41.9992],[-123.4478,41.999],[-123.4644,41.9989],[-123.4809,41.9988],[-123.4975,41.9987],[-123.514,41.9986],[-123.5306,41.9984],[-123.5471,41.9983],[-123.5636,41.9982],[-123.5802,41.998],[-123.5967,41.9979],[-123.6133,41.9977],[-123.6298,41.9976],[-123.6464,41.9975],[-123.6735,41.9973],[-123.7006,41.997],[-123.7214,41.9975]]]},"properties":{"OBJECTID":1238,"state":"California","agency":"California Department of Fish and Wildlife","unit_type":"DHZ","unit_id":"B1","unit_name":"B","unit_label":"California DHZ B1 - B","aliases":"2025 | b | b1 | b1 b | california | california b1 | california b1 b | california department of fish and wildlife | california department of fish and wildlife b1 | california dhz b1 | california dhz b1 b | dhz | dhz b1 | dhz b1 b","year":"2025","Shape_Length":953621.2733884789,"Shape_Area":16071465034.270042}},{"type":"Feature","id":1239,"geometry":{"type":"Polygon","coordinates":[[[-118.4356,37.9022],[-118.4511,37.9133],[-118.4666,37.9245],[-118.4821,37.9356],[-118.4976,37.9467],[-118.5131,37.9579],[-118.5286,37.969],[-118.5442,37.9801],[-118.5597,37.9913],[-118.5752,38.0024],[-118.5908,38.0135],[-118.6063,38.0246],[-118.6219,38.0358],[-118.6374,38.0469],[-118.653,38.058],[-118.6686,38.0691],[-118.6841,38.0802],[-118.7019,38.0929],[-118.7197,38.1056],[-118.7376,38.1182],[-118.7554,38.1309],[-118.7659,38.1383],[-118.7764,38.1458],[-118.7869,38.1532],[-118.7974,38.1606],[-118.7977,38.1606],[-118.799,38.1601],[-118.8216,38.153],[-118.8442,38.1459],[-118.8669,38.1387],[-118.8895,38.1316],[-118.9121,38.1244],[-118.9347,38.1173],[-118.9573,38.1101],[-118.9799,38.1029],[-119.0025,38.0958],[-119.0251,38.0886],[-119.0477,38.0814],[-119.0703,38.0742],[-119.0928,38.067],[-119.1154,38.0599],[-119.138,38.0527],[-119.1605,38.0455],[-119.1713,38.0666],[-119.1821,38.0877],[-119.2011,38.0782],[-119.2201,38.0686],[-119.2391,38.0591],[-119.2581,38.0496],[-119.274,38.0503],[-119.29,38.051],[-119.3059,38.0518],[-119.3218,38.0525],[-119.3187,38.0259],[-119.3155,37.9994],[-119.3124,37.9728],[-119.3092,37.9463],[-119.2956,37.9385],[-119.2819,37.9308],[-119.2683,37.9231],[-119.2546,37.9154],[-119.241,37.9076],[-119.2273,37.8999],[-119.2137,37.8922],[-119.2,37.8844],[-119.202,37.8393],[-119.204,37.7941],[-119.2202,37.7805],[-119.2365,37.7668],[-119.2528,37.7532],[-119.2691,37.7395],[-119.2543,37.7335],[-119.2396,37.7274],[-119.2289,37.7205],[-119.2183,37.7135],[-119.2077,37.7066],[-119.1971,37.6997],[-119.1995,37.6821],[-119.1989,37.6822],[-119.1914,37.6671],[-119.1839,37.6521],[-119.1764,37.637],[-119.1689,37.6219],[-119.1511,37.619],[-119.1333,37.6162],[-119.1155,37.6133],[-119.0977,37.6105],[-119.0931,37.5564],[-119.069,37.5462],[-119.0449,37.5359],[-119.033,37.5511],[-119.0211,37.5662],[-118.9948,37.5621],[-118.9686,37.5581],[-118.9423,37.554],[-118.916,37.5499],[-118.9078,37.5407],[-118.8996,37.5315],[-118.8914,37.5223],[-118.8833,37.5131],[-118.8751,37.5039],[-118.8669,37.4947],[-118.8587,37.4855],[-118.8505,37.4763],[-118.8238,37.4827],[-118.797,37.4891],[-118.7876,37.476],[-118.7782,37.4629],[-118.7687,37.4498],[-118.7593,37.4367],[-118.766,37.4135],[-118.7727,37.3903],[-118.7794,37.3671],[-118.786,37.3439],[-118.7685,37.34],[-118.7509,37.3361],[-118.7333,37.3322],[-118.7157,37.3283],[-118.703,37.3116],[-118.6904,37.2948],[-118.6778,37.2781],[-118.6651,37.2614],[-118.6746,37.2502],[-118.6841,37.239],[-118.6639,37.2349],[-118.6437,37.2309],[-118.6236,37.2268],[-118.6034,37.2228],[-118.5934,37.2364],[-118.5833,37.2501],[-118.5733,37.2637],[-118.5632,37.2774],[-118.5532,37.291],[-118.5431,37.3047],[-118.5331,37.3183],[-118.523,37.332],[-118.5071,37.3357],[-118.4912,37.3393],[-118.4752,37.343],[-118.4593,37.3467],[-118.4434,37.3504],[-118.4274,37.354],[-118.4115,37.3577],[-118.3955,37.3614],[-118.3842,37.3719],[-118.3728,37.3824],[-118.3615,37.393],[-118.3501,37.4035],[-118.3498,37.4636],[-118.3565,37.4893],[-118.3631,37.5151],[-118.3698,37.5408],[-118.3764,37.5666],[-118.3831,37.5923],[-118.3897,37.6181],[-118.3964,37.6438],[-118.403,37.6695],[-118.4097,37.6805],[-118.4164,37.6914],[-118.4231,37.7023],[-118.4297,37.7133],[-118.4364,37.7242],[-118.4431,37.7351],[-118.4498,37.746],[-118.4565,37.757],[-118.462,37.7776],[-118.4676,37.7982],[-118.4731,37.8188],[-118.4787,37.8394],[-118.468,37.855],[-118.4573,37.8706],[-118.4466,37.8862],[-118.436,37.9018],[-118.4356,37.9022]]]},"properties":{"OBJECTID":1239,"state":"California","agency":"California Department of Fish and Wildlife","unit_type":"DHZ","unit_id":"X9a","unit_name":"X","unit_label":"California DHZ X9a - X","aliases":"2025 | california | california department of fish and wildlife | california department of fish and wildlife x9a | california dhz x9a | california dhz x9a x | california x9a | california x9a x | dhz | dhz x9a | dhz x9a x | x | x9a | x9a x","year":"2025","Shape_Length":333482.9262155901,"Shape_Area":5052553895.36899}},{"type":"Feature","id":1240,"geometry":{"type":"Polygon","coordinates":[[[-123.6723,39.8264],[-123.6827,39.8369],[-123.693,39.8473],[-123.7034,39.8578],[-123.7138,39.8682],[-123.7383,39.8627],[-123.7629,39.8571],[-123.7714,39.8461],[-123.7798,39.8351],[-123.7882,39.8241],[-123.7967,39.8132],[-123.8051,39.8022],[-123.8136,39.7912],[-123.822,39.7802],[-123.8304,39.7692],[-123.8249,39.7546],[-123.8193,39.74],[-123.8138,39.7253],[-123.8082,39.7107],[-123.8031,39.6926],[-123.798,39.6744],[-123.7928,39.6562],[-123.7877,39.6381],[-123.7826,39.6199],[-123.7774,39.6017],[-123.7723,39.5836],[-123.7672,39.5654],[-123.7738,39.5493],[-123.7804,39.5333],[-123.787,39.5172],[-123.7936,39.5011],[-123.8002,39.485],[-123.8068,39.469],[-123.8133,39.4529],[-123.8199,39.4368],[-123.8238,39.3931],[-123.8278,39.3494],[-123.8206,39.33],[-123.8135,39.3106],[-123.8064,39.2912],[-123.7993,39.2718],[-123.7922,39.2524],[-123.7851,39.233],[-123.778,39.2136],[-123.7709,39.1942],[-123.7582,39.1794],[-123.7455,39.1645],[-123.7329,39.1497],[-123.7202,39.1348],[-123.7128,39.1068],[-123.7053,39.0789],[-123.6979,39.0509],[-123.6904,39.0229],[-123.7022,39.0047],[-123.714,38.9865],[-123.7258,38.9683],[-123.7376,38.9501],[-123.7238,38.9355],[-123.71,38.921],[-123.6962,38.9064],[-123.6825,38.8919],[-123.6687,38.8773],[-123.6549,38.8627],[-123.6412,38.8482],[-123.6274,38.8336],[-123.617,38.8264],[-123.6067,38.8191],[-123.5963,38.8118],[-123.5859,38.8046],[-123.5755,38.7973],[-123.5651,38.7901],[-123.5548,38.7828],[-123.5444,38.7756],[-123.534,38.7683],[-123.5236,38.761],[-123.5133,38.7538],[-123.5029,38.7465],[-123.4926,38.7392],[-123.4822,38.732],[-123.4718,38.7247],[-123.4615,38.7174],[-123.4463,38.6993],[-123.4311,38.6811],[-123.4159,38.663],[-123.4008,38.6448],[-123.3856,38.6267],[-123.3704,38.6085],[-123.3553,38.5903],[-123.3401,38.5722],[-123.3269,38.5646],[-123.3137,38.5571],[-123.3005,38.5495],[-123.2873,38.5419],[-123.2741,38.5344],[-123.2609,38.5268],[-123.2477,38.5192],[-123.2345,38.5116],[-123.2213,38.5041],[-123.2082,38.4965],[-123.195,38.4889],[-123.1818,38.4813],[-123.1686,38.4737],[-123.1554,38.4662],[-123.1423,38.4586],[-123.1291,38.451],[-123.1193,38.4364],[-123.1095,38.4219],[-123.0997,38.4073],[-123.0899,38.3927],[-123.0801,38.3782],[-123.0703,38.3636],[-123.0605,38.349],[-123.0508,38.3344],[-123.0351,38.3185],[-123.0195,38.3025],[-123.0039,38.2865],[-122.9883,38.2705],[-122.9727,38.2545],[-122.9571,38.2385],[-122.9415,38.2225],[-122.9259,38.2065],[-122.9145,38.191],[-122.903,38.1756],[-122.8916,38.1601],[-122.8802,38.1446],[-122.8688,38.1292],[-122.8574,38.1137],[-122.846,38.0983],[-122.8346,38.0828],[-122.8446,38.0927],[-122.8545,38.1026],[-122.8645,38.1125],[-122.8746,38.1224],[-122.8846,38.1323],[-122.8946,38.1422],[-122.9046,38.1521],[-122.9146,38.1619],[-122.9246,38.1718],[-122.9346,38.1817],[-122.9446,38.1916],[-122.9547,38.2015],[-122.9647,38.2114],[-122.9747,38.2213],[-122.9848,38.2312],[-122.9948,38.241],[-122.9897,38.2274],[-122.9846,38.2138],[-122.9795,38.2002],[-122.9744,38.1866],[-122.9693,38.1729],[-122.9642,38.1593],[-122.9591,38.1457],[-122.954,38.1321],[-122.9608,38.1167],[-122.9675,38.1014],[-122.9743,38.086],[-122.9811,38.0707],[-122.9878,38.0553],[-122.9946,38.0399],[-123.0013,38.0246],[-123.0081,38.0092],[-122.9891,38.0158],[-122.97,38.0224],[-122.951,38.029],[-122.9319,38.0356],[-122.9181,38.0308],[-122.9043,38.0259],[-122.8905,38.021],[-122.8767,38.0162],[-122.8628,38.0113],[-122.849,38.0065],[-122.8352,38.0016],[-122.8214,37.9967],[-122.8119,37.9846],[-122.8023,37.9725],[-122.7928,37.9604],[-122.7833,37.9483],[-122.7631,37.9347],[-122.7429,37.9211],[-122.7226,37.9075],[-122.7024,37.8939],[-122.6934,37.9121],[-122.6843,37.9302],[-122.665,37.9163],[-122.6456,37.9024],[-122.6263,37.8885],[-122.607,37.8746],[-122.5876,37.8607],[-122.5683,37.8469],[-122.549,37.833],[-122.5297,37.8191],[-122.516,37.8232],[-122.5023,37.8274],[-122.4885,37.8315],[-122.4748,37.8356],[-122.4611,37.8398],[-122.4473,37.8439],[-122.4336,37.848],[-122.4199,37.8522],[-122.4263,37.8907],[-122.4328,37.9292],[-122.4283,37.9476],[-122.4237,37.966],[-122.4192,37.9845],[-122.4146,38.0029],[-122.4065,38.0116],[-122.3983,38.0204],[-122.3901,38.0292],[-122.3819,38.0379],[-122.3805,38.0395],[-122.3678,38.0531],[-122.3552,38.0668],[-122.3313,38.0655],[-122.3075,38.0643],[-122.2868,38.0619],[-122.2661,38.0596],[-122.2484,38.0566],[-122.2307,38.0537],[-122.213,38.0507],[-122.1954,38.0478],[-122.1777,38.0448],[-122.16,38.0419],[-122.1424,38.0389],[-122.1247,38.0359],[-122.1039,38.0433],[-122.0831,38.0507],[-122.0623,38.058],[-122.0415,38.0654],[-122.0271,38.063],[-122.0127,38.0607],[-121.9984,38.0583],[-121.984,38.056],[-121.9696,38.0536],[-121.9553,38.0513],[-121.9409,38.0489],[-121.9265,38.0466],[-121.9071,38.0504],[-121.8877,38.0543],[-121.8683,38.0582],[-121.8489,38.0621],[-121.8318,38.0512],[-121.8147,38.0403],[-121.7976,38.0294],[-121.7806,38.0185],[-121.768,38.0241],[-121.7554,38.0297],[-121.7429,38.0352],[-121.7303,38.0408],[-121.7177,38.0463],[-121.7051,38.0519],[-121.6925,38.0575],[-121.6799,38.063],[-121.6731,38.0939],[-121.6473,38.0946],[-121.6216,38.0953],[-121.5959,38.0959],[-121.5702,38.0966],[-121.5599,38.1213],[-121.5495,38.146],[-121.5392,38.1706],[-121.5288,38.1953],[-121.5146,38.2114],[-121.5003,38.2275],[-121.486,38.2435],[-121.4717,38.2596],[-121.4558,38.2557],[-121.4398,38.2518],[-121.4238,38.2479],[-121.4079,38.244],[-121.3919,38.24],[-121.376,38.2361],[-121.36,38.2322],[-121.3441,38.2283],[-121.3303,38.2322],[-121.3165,38.236],[-121.3027,38.2399],[-121.289,38.2438],[-121.2958,38.2581],[-121.3026,38.2724],[-121.3094,38.2867],[-121.3163,38.301],[-121.3231,38.3153],[-121.3299,38.3296],[-121.3367,38.3439],[-121.3436,38.3582],[-121.358,38.377],[-121.3724,38.3957],[-121.3868,38.4145],[-121.4012,38.4333],[-121.4156,38.4521],[-121.4301,38.4709],[-121.4445,38.4896],[-121.4589,38.5084],[-121.4706,38.5317],[-121.4823,38.5551],[-121.494,38.5784],[-121.5057,38.6017],[-121.5159,38.619],[-121.5261,38.6363],[-121.5364,38.6536],[-121.5466,38.6708],[-121.5623,38.6712],[-121.5779,38.6715],[-121.5936,38.6719],[-121.6093,38.6722],[-121.6249,38.6726],[-121.6406,38.6729],[-121.6563,38.6733],[-121.6719,38.6736],[-121.6905,38.6737],[-121.7091,38.6738],[-121.7274,38.6807],[-121.7457,38.6876],[-121.7639,38.6945],[-121.7822,38.7014],[-121.7941,38.7126],[-121.806,38.7238],[-121.8179,38.7349],[-121.8298,38.7461],[-121.8417,38.7573],[-121.8537,38.7685],[-121.8656,38.7796],[-121.8775,38.7908],[-121.8894,38.802],[-121.9014,38.8131],[-121.9133,38.8243],[-121.9252,38.8354],[-121.9372,38.8466],[-121.9491,38.8578],[-121.9611,38.8689],[-121.973,38.8801],[-121.9841,38.8981],[-121.9951,38.916],[-122.0061,38.934],[-122.0172,38.952],[-122.0282,38.9699],[-122.0393,38.9879],[-122.0504,39.0059],[-122.0614,39.0238],[-122.0725,39.0418],[-122.0836,39.0598],[-122.0947,39.0777],[-122.1058,39.0957],[-122.1169,39.1136],[-122.128,39.1316],[-122.1391,39.1496],[-122.1502,39.1675],[-122.1578,39.1785],[-122.1655,39.1894],[-122.1731,39.2004],[-122.1808,39.2113],[-122.1839,39.2548],[-122.1871,39.2983],[-122.1903,39.3417],[-122.1935,39.3852],[-122.222,39.3851],[-122.2517,39.3849],[-122.2814,39.3847],[-122.3008,39.3847],[-122.3202,39.3846],[-122.3396,39.3845],[-122.359,39.3844],[-122.3768,39.3843],[-122.3945,39.3841],[-122.4122,39.3839],[-122.4299,39.3837],[-122.4454,39.3839],[-122.4608,39.384],[-122.4762,39.3842],[-122.4917,39.3843],[-122.5086,39.3818],[-122.5256,39.3793],[-122.5426,39.3768],[-122.5595,39.3743],[-122.5765,39.3719],[-122.5934,39.3694],[-122.6104,39.3669],[-122.6273,39.3643],[-122.6458,39.358],[-122.6643,39.3516],[-122.6827,39.3452],[-122.7012,39.3388],[-122.7196,39.3324],[-122.7381,39.326],[-122.7565,39.3196],[-122.775,39.3133],[-122.7989,39.3164],[-122.8228,39.3196],[-122.8468,39.3227],[-122.8707,39.3259],[-122.8814,39.336],[-122.892,39.3461],[-122.9026,39.3562],[-122.9132,39.3663],[-122.9239,39.3764],[-122.9345,39.3864],[-122.9452,39.3965],[-122.9558,39.4066],[-122.9835,39.4115],[-123.0112,39.4165],[-123.0214,39.4062],[-123.0315,39.396],[-123.0416,39.3858],[-123.0518,39.3755],[-123.0679,39.3779],[-123.0841,39.3803],[-123.1002,39.3826],[-123.1163,39.385],[-123.1267,39.4106],[-123.137,39.4363],[-123.1473,39.4619],[-123.1577,39.4875],[-123.1711,39.4804],[-123.1845,39.4733],[-123.1979,39.4662],[-123.2113,39.4591],[-123.2346,39.458],[-123.2578,39.4569],[-123.2811,39.4558],[-123.3043,39.4547],[-123.3168,39.4441],[-123.3292,39.4335],[-123.3417,39.4229],[-123.3541,39.4122],[-123.3573,39.4488],[-123.3605,39.4853],[-123.3763,39.5],[-123.392,39.5148],[-123.4078,39.5295],[-123.4236,39.5443],[-123.4301,39.5613],[-123.4367,39.5783],[-123.4432,39.5954],[-123.4498,39.6124],[-123.4563,39.6294],[-123.4629,39.6464],[-123.4695,39.6635],[-123.476,39.6805],[-123.4877,39.6988],[-123.4995,39.7171],[-123.5112,39.7353],[-123.5229,39.7536],[-123.5346,39.7719],[-123.5464,39.7902],[-123.5581,39.8084],[-123.5698,39.8267],[-123.5955,39.8267],[-123.6211,39.8266],[-123.6467,39.8265],[-123.6723,39.8264]]]},"properties":{"OBJECTID":1240,"state":"California","agency":"California Department of Fish and Wildlife","unit_type":"DHZ","unit_id":"A (North Unit 160)","unit_name":"A","unit_label":"California DHZ A (North Unit 160) - A","aliases":"2025 | a | a north unit 160 | a north unit 160 a | anorthunit160 | anorthunit160 a | california | california a north unit 160 | california a north unit 160 a | california anorthunit160 | california anorthunit160 a | california department of fish and wild","year":"2025","Shape_Length":838319.7479325536,"Shape_Area":23489111586.059116}}]}