{"type":"FeatureCollection","features":[{"type":"Feature","id":1095,"geometry":{"type":"Polygon","coordinates":[[[-111.9992,44.3456],[-112.0226,44.3471],[-112.046,44.3485],[-112.0695,44.3499],[-112.0929,44.3514],[-112.1163,44.3528],[-112.1397,44.3542],[-112.1632,44.3557],[-112.1866,44.3571],[-112.1805,44.3454],[-112.1745,44.3337],[-112.1874,44.3141],[-112.2003,44.2944],[-112.2131,44.2747],[-112.226,44.2551],[-112.2296,44.2354],[-112.2332,44.2157],[-112.2368,44.1961],[-112.2404,44.1764],[-112.2382,44.1034],[-112.2359,44.0303],[-112.2308,44.0054],[-112.2257,43.9805],[-112.2206,43.9555],[-112.2155,43.9306],[-112.2104,43.9056],[-112.2053,43.8807],[-112.2002,43.8558],[-112.1951,43.8308],[-112.1711,43.8306],[-112.1471,43.8303],[-112.1231,43.83],[-112.0992,43.8298],[-112.0752,43.8295],[-112.0512,43.8292],[-112.0272,43.8289],[-112.0032,43.8286],[-111.9792,43.8283],[-111.9552,43.828],[-111.9312,43.8277],[-111.9072,43.8274],[-111.8832,43.8271],[-111.8592,43.8268],[-111.8352,43.8265],[-111.8112,43.8261],[-111.7958,43.8405],[-111.7804,43.8549],[-111.7649,43.8693],[-111.7495,43.8837],[-111.7421,43.8934],[-111.7347,43.9032],[-111.7272,43.9129],[-111.7198,43.9226],[-111.7124,43.9323],[-111.7049,43.9421],[-111.6975,43.9518],[-111.6901,43.9615],[-111.6625,43.9666],[-111.6349,43.9716],[-111.6368,44.0144],[-111.6386,44.0572],[-111.6405,44.1],[-111.6424,44.1428],[-111.6364,44.1771],[-111.6304,44.2115],[-111.6554,44.2219],[-111.6804,44.2322],[-111.7054,44.2426],[-111.7305,44.2529],[-111.7555,44.2632],[-111.7805,44.2736],[-111.8056,44.2839],[-111.8307,44.2942],[-111.8521,44.2963],[-111.8735,44.2984],[-111.8949,44.3004],[-111.9163,44.3025],[-111.9119,44.3606],[-111.9337,44.3569],[-111.9555,44.3531],[-111.9774,44.3494],[-111.9992,44.3456]]]},"properties":{"OBJECTID":1095,"state":"Idaho","agency":"Idaho Fish and Game","unit_type":"GMU","unit_id":"60A","unit_name":"Hunting Unit 60A","unit_label":"Idaho GMU 60A - Hunting Unit 60A","aliases":"2025 | 60a | 60a hunting unit 60a | game management unit | game management unit 60a | game management unit 60a hunting unit 60a | gmu | gmu 60a | gmu 60a hunting unit 60a | hunt unit | hunt unit 60a | hunt unit 60a hunting unit 60a | hunting unit | hunti","year":"2025","Shape_Length":194095.28228572276,"Shape_Area":2379638429.2835097}},{"type":"Feature","id":1096,"geometry":{"type":"Polygon","coordinates":[[[-116.0493,48.0901],[-116.0492,48.1125],[-116.0493,48.1685],[-116.0493,48.2164],[-116.0496,48.2458],[-116.0496,48.2642],[-116.0496,48.2833],[-116.0493,48.3342],[-116.0492,48.505],[-116.0492,48.5282],[-116.0492,48.5498],[-116.0492,48.5702],[-116.0492,48.5744],[-116.0492,48.5764],[-116.0494,48.5869],[-116.0493,48.5883],[-116.0492,48.5889],[-116.0493,48.5961],[-116.0493,48.6022],[-116.0492,48.6191],[-116.0491,48.6204],[-116.0492,48.6228],[-116.0491,48.6321],[-116.049,48.633],[-116.0491,48.6355],[-116.0493,48.6602],[-116.0492,48.6671],[-116.0491,48.6877],[-116.0491,48.688],[-116.0491,48.6908],[-116.0491,48.6969],[-116.049,48.8185],[-116.049,48.8349],[-116.0492,49.0],[-116.0799,49.0],[-116.1107,49.0001],[-116.1414,49.0002],[-116.1721,49.0002],[-116.2029,49.0003],[-116.2336,49.0003],[-116.2643,49.0004],[-116.295,49.0004],[-116.3258,49.0004],[-116.3565,49.0005],[-116.3872,49.0005],[-116.418,49.0005],[-116.4487,49.0005],[-116.4794,49.0005],[-116.5101,49.0005],[-116.5409,49.0004],[-116.5716,49.0004],[-116.6023,49.0004],[-116.6331,49.0003],[-116.6638,49.0003],[-116.6945,49.0002],[-116.7252,49.0002],[-116.756,49.0001],[-116.7867,49.0],[-116.8174,48.9999],[-116.8482,48.9999],[-116.8789,48.9998],[-116.9096,48.9997],[-116.9403,48.9996],[-116.9711,48.9994],[-117.0018,48.9993],[-117.0325,48.9992],[-117.0324,48.9946],[-117.0324,48.9901],[-117.0323,48.9759],[-117.0322,48.9689],[-117.0321,48.9216],[-117.032,48.7874],[-117.0332,48.7452],[-117.0333,48.738],[-117.0335,48.7301],[-117.0338,48.7195],[-117.034,48.7091],[-117.0343,48.7003],[-117.0345,48.6077],[-117.0346,48.5951],[-117.0352,48.4777],[-117.0351,48.4257],[-117.0351,48.3887],[-117.0352,48.3786],[-117.0364,48.316],[-117.0377,48.2534],[-117.0376,48.2532],[-117.0376,48.2515],[-117.0392,48.2016],[-117.0388,48.2013],[-117.0267,48.1813],[-117.0072,48.1801],[-116.9877,48.1789],[-116.9682,48.1777],[-116.9488,48.1765],[-116.9293,48.1753],[-116.9098,48.174],[-116.8903,48.1728],[-116.8709,48.1716],[-116.8555,48.1595],[-116.8402,48.1474],[-116.8187,48.1509],[-116.7972,48.1544],[-116.7757,48.1578],[-116.7541,48.1613],[-116.7435,48.1734],[-116.7328,48.1855],[-116.7222,48.1976],[-116.7116,48.2097],[-116.7009,48.2218],[-116.6902,48.2339],[-116.6796,48.246],[-116.6689,48.2581],[-116.6524,48.2589],[-116.6358,48.2598],[-116.6192,48.2607],[-116.6026,48.2615],[-116.5861,48.2624],[-116.5695,48.2632],[-116.5529,48.264],[-116.5364,48.2649],[-116.5303,48.2847],[-116.5242,48.3045],[-116.5071,48.3075],[-116.4899,48.3104],[-116.4728,48.3134],[-116.4556,48.3163],[-116.4408,48.3099],[-116.426,48.3035],[-116.4112,48.297],[-116.3963,48.2906],[-116.3815,48.2842],[-116.3667,48.2777],[-116.3519,48.2713],[-116.3371,48.2649],[-116.3246,48.2545],[-116.3121,48.2442],[-116.2996,48.2338],[-116.2871,48.2235],[-116.2746,48.2132],[-116.2621,48.2028],[-116.2496,48.1925],[-116.2371,48.1821],[-116.2246,48.1718],[-116.2121,48.1615],[-116.1996,48.1511],[-116.1871,48.1408],[-116.1747,48.1304],[-116.1622,48.1201],[-116.1497,48.1097],[-116.1373,48.0994],[-116.1153,48.0971],[-116.0934,48.0948],[-116.0714,48.0924],[-116.0495,48.0901],[-116.0493,48.0901]]]},"properties":{"OBJECTID":1096,"state":"Idaho","agency":"Idaho Fish and Game","unit_type":"GMU","unit_id":"1","unit_name":"Hunting Unit 1","unit_label":"Idaho GMU 1 - Hunting Unit 1","aliases":"1 | 1 hunting unit 1 | 2025 | game management unit | game management unit 1 | game management unit 1 hunting unit 1 | gmu | gmu 1 | gmu 1 hunting unit 1 | hunt unit | hunt unit 1 | hunt unit 1 hunting unit 1 | hunting unit | hunting unit 1 | hunting unit","year":"2025","Shape_Length":358047.21141446405,"Shape_Area":6411667454.898725}},{"type":"Feature","id":1097,"geometry":{"type":"Polygon","coordinates":[[[-116.0493,48.0901],[-116.0495,48.0901],[-116.0714,48.0924],[-116.0934,48.0948],[-116.1153,48.0971],[-116.1373,48.0994],[-116.1497,48.1097],[-116.1622,48.1201],[-116.1747,48.1304],[-116.1871,48.1408],[-116.1996,48.1511],[-116.2121,48.1615],[-116.2246,48.1718],[-116.2371,48.1821],[-116.2496,48.1925],[-116.2621,48.2028],[-116.2746,48.2132],[-116.2871,48.2235],[-116.2996,48.2338],[-116.3121,48.2442],[-116.3246,48.2545],[-116.3371,48.2649],[-116.3519,48.2713],[-116.3667,48.2777],[-116.3815,48.2842],[-116.3963,48.2906],[-116.4112,48.297],[-116.426,48.3035],[-116.4408,48.3099],[-116.4556,48.3163],[-116.4728,48.3134],[-116.4899,48.3104],[-116.5071,48.3075],[-116.5242,48.3045],[-116.5303,48.2847],[-116.5364,48.2649],[-116.5164,48.2631],[-116.4965,48.2613],[-116.4765,48.2595],[-116.4566,48.2576],[-116.4367,48.2558],[-116.4167,48.254],[-116.3968,48.2522],[-116.3769,48.2504],[-116.3687,48.2275],[-116.3605,48.2046],[-116.3778,48.1981],[-116.3951,48.1915],[-116.4124,48.1849],[-116.4297,48.1784],[-116.4432,48.1627],[-116.4566,48.1469],[-116.47,48.1312],[-116.4835,48.1155],[-116.4969,48.0998],[-116.5103,48.084],[-116.5237,48.0683],[-116.5371,48.0526],[-116.5271,48.0385],[-116.5171,48.0245],[-116.5071,48.0104],[-116.4971,47.9964],[-116.5152,47.9848],[-116.5333,47.9732],[-116.5514,47.9616],[-116.5695,47.9501],[-116.5552,47.9391],[-116.5408,47.9282],[-116.5264,47.9173],[-116.512,47.9063],[-116.488,47.9046],[-116.4639,47.9029],[-116.4398,47.9011],[-116.4158,47.8993],[-116.3992,47.9123],[-116.3826,47.9252],[-116.366,47.9381],[-116.3494,47.951],[-116.3414,47.9833],[-116.3334,48.0157],[-116.3204,48.0222],[-116.3074,48.0286],[-116.2944,48.0351],[-116.2814,48.0415],[-116.2684,48.048],[-116.2554,48.0544],[-116.2424,48.0608],[-116.2294,48.0673],[-116.2106,48.0555],[-116.1919,48.0436],[-116.1732,48.0318],[-116.1545,48.02],[-116.1374,48.0266],[-116.1202,48.0333],[-116.1024,48.0192],[-116.0846,48.0051],[-116.0668,47.9909],[-116.0489,47.9768],[-116.0493,48.0652],[-116.0493,48.0901]]]},"properties":{"OBJECTID":1097,"state":"Idaho","agency":"Idaho Fish and Game","unit_type":"GMU","unit_id":"4A","unit_name":"Hunting Unit 4A","unit_label":"Idaho GMU 4A - Hunting Unit 4A","aliases":"2025 | 4a | 4a hunting unit 4a | game management unit | game management unit 4a | game management unit 4a hunting unit 4a | gmu | gmu 4a | gmu 4a hunting unit 4a | hunt unit | hunt unit 4a | hunt unit 4a hunting unit 4a | hunting unit | hunting unit 4a |","year":"2025","Shape_Length":173801.92178428164,"Shape_Area":759798437.3540114}},{"type":"Feature","id":1098,"geometry":{"type":"Polygon","coordinates":[[[-116.5364,48.2649],[-116.5529,48.264],[-116.5695,48.2632],[-116.5861,48.2624],[-116.6026,48.2615],[-116.6192,48.2607],[-116.6358,48.2598],[-116.6524,48.2589],[-116.6689,48.2581],[-116.6796,48.246],[-116.6902,48.2339],[-116.7009,48.2218],[-116.7116,48.2097],[-116.7222,48.1976],[-116.7328,48.1855],[-116.7435,48.1734],[-116.7541,48.1613],[-116.7757,48.1578],[-116.7972,48.1544],[-116.8187,48.1509],[-116.8402,48.1474],[-116.8555,48.1595],[-116.8709,48.1716],[-116.8903,48.1728],[-116.9098,48.174],[-116.9293,48.1753],[-116.9488,48.1765],[-116.9682,48.1777],[-116.9877,48.1789],[-117.0072,48.1801],[-117.0267,48.1813],[-117.0388,48.2013],[-117.0392,48.2016],[-117.0395,48.1889],[-117.0396,48.1839],[-117.0397,48.1725],[-117.0417,48.0873],[-117.0418,48.0757],[-117.0418,48.0669],[-117.0418,48.0645],[-117.0419,48.0469],[-117.0419,48.0455],[-117.0419,48.0427],[-117.042,48.0045],[-117.042,47.6977],[-117.042,47.6973],[-117.0417,47.6971],[-117.0238,47.7],[-117.0058,47.703],[-116.9879,47.7059],[-116.9699,47.7089],[-116.9484,47.7061],[-116.927,47.7033],[-116.9055,47.7005],[-116.884,47.6978],[-116.8625,47.695],[-116.841,47.6922],[-116.8195,47.6894],[-116.7981,47.6866],[-116.795,47.7208],[-116.7919,47.7551],[-116.7889,47.7893],[-116.7858,47.8236],[-116.7752,47.8346],[-116.7646,47.8455],[-116.754,47.8565],[-116.7434,47.8675],[-116.7327,47.8785],[-116.7221,47.8894],[-116.7115,47.9004],[-116.7009,47.9114],[-116.6989,47.9478],[-116.6828,47.9481],[-116.6666,47.9484],[-116.6504,47.9487],[-116.6342,47.949],[-116.6181,47.9492],[-116.6019,47.9495],[-116.5857,47.9498],[-116.5695,47.9501],[-116.5514,47.9616],[-116.5333,47.9732],[-116.5152,47.9848],[-116.4971,47.9964],[-116.5071,48.0104],[-116.5171,48.0245],[-116.5271,48.0385],[-116.5371,48.0526],[-116.5237,48.0683],[-116.5103,48.084],[-116.4969,48.0998],[-116.4835,48.1155],[-116.47,48.1312],[-116.4566,48.1469],[-116.4432,48.1627],[-116.4297,48.1784],[-116.4124,48.1849],[-116.3951,48.1915],[-116.3778,48.1981],[-116.3605,48.2046],[-116.3687,48.2275],[-116.3769,48.2504],[-116.3968,48.2522],[-116.4167,48.254],[-116.4367,48.2558],[-116.4566,48.2576],[-116.4765,48.2595],[-116.4965,48.2613],[-116.5164,48.2631],[-116.5364,48.2649]]]},"properties":{"OBJECTID":1098,"state":"Idaho","agency":"Idaho Fish and Game","unit_type":"GMU","unit_id":"2","unit_name":"Hunting Unit 2","unit_label":"Idaho GMU 2 - Hunting Unit 2","aliases":"2 | 2 hunting unit 2 | 2025 | game management unit | game management unit 2 | game management unit 2 hunting unit 2 | gmu | gmu 2 | gmu 2 hunting unit 2 | hunt unit | hunt unit 2 | hunt unit 2 hunting unit 2 | hunting unit | hunting unit 2 | hunting unit","year":"2025","Shape_Length":215327.93389289326,"Shape_Area":1803572785.9977202}},{"type":"Feature","id":1099,"geometry":{"type":"Polygon","coordinates":[[[-116.0489,47.9768],[-116.0668,47.9909],[-116.0846,48.0051],[-116.1024,48.0192],[-116.1202,48.0333],[-116.1374,48.0266],[-116.1545,48.02],[-116.1732,48.0318],[-116.1919,48.0436],[-116.2106,48.0555],[-116.2294,48.0673],[-116.2424,48.0608],[-116.2554,48.0544],[-116.2684,48.048],[-116.2814,48.0415],[-116.2944,48.0351],[-116.3074,48.0286],[-116.3204,48.0222],[-116.3334,48.0157],[-116.3414,47.9833],[-116.3494,47.951],[-116.366,47.9381],[-116.3826,47.9252],[-116.3992,47.9123],[-116.4158,47.8993],[-116.4398,47.9011],[-116.4639,47.9029],[-116.488,47.9046],[-116.512,47.9063],[-116.5117,47.7866],[-116.502,47.7748],[-116.4922,47.763],[-116.4825,47.7512],[-116.4727,47.7394],[-116.4517,47.736],[-116.4306,47.7326],[-116.4095,47.7292],[-116.3885,47.7258],[-116.3815,47.7024],[-116.3745,47.6791],[-116.3676,47.6557],[-116.3606,47.6323],[-116.3449,47.6295],[-116.3292,47.6267],[-116.3134,47.6239],[-116.2977,47.621],[-116.282,47.6182],[-116.2663,47.6154],[-116.2506,47.6125],[-116.2348,47.6097],[-116.244,47.5948],[-116.2531,47.5799],[-116.2622,47.565],[-116.2713,47.5502],[-116.2898,47.5494],[-116.3083,47.5486],[-116.3268,47.5478],[-116.3453,47.5469],[-116.3696,47.5539],[-116.3938,47.5608],[-116.4181,47.5677],[-116.4424,47.5747],[-116.4542,47.5675],[-116.4661,47.5604],[-116.4779,47.5533],[-116.4898,47.5462],[-116.5016,47.539],[-116.5135,47.5319],[-116.5253,47.5248],[-116.5371,47.5177],[-116.549,47.5105],[-116.5608,47.5034],[-116.5726,47.4963],[-116.5845,47.4891],[-116.5963,47.482],[-116.6081,47.4749],[-116.6199,47.4677],[-116.6317,47.4606],[-116.6385,47.4442],[-116.6452,47.4279],[-116.652,47.4115],[-116.6587,47.3952],[-116.6366,47.3966],[-116.6145,47.398],[-116.5924,47.3993],[-116.5703,47.4007],[-116.5482,47.4021],[-116.5261,47.4035],[-116.504,47.4049],[-116.4819,47.4062],[-116.4549,47.4039],[-116.4278,47.4016],[-116.4007,47.3992],[-116.3736,47.3969],[-116.3465,47.3946],[-116.3194,47.3922],[-116.2923,47.3899],[-116.2653,47.3875],[-116.2483,47.394],[-116.2314,47.4005],[-116.2145,47.407],[-116.1976,47.4135],[-116.1806,47.4135],[-116.1636,47.4135],[-116.1467,47.4136],[-116.1297,47.4136],[-116.1127,47.4137],[-116.0958,47.4137],[-116.0788,47.4137],[-116.0618,47.4138],[-116.0451,47.4192],[-116.0284,47.4246],[-116.0116,47.4301],[-115.9949,47.4355],[-115.9781,47.4333],[-115.9614,47.431],[-115.9446,47.4287],[-115.9279,47.4265],[-115.9112,47.4242],[-115.8944,47.4219],[-115.8777,47.4196],[-115.861,47.4174],[-115.8356,47.419],[-115.8101,47.4206],[-115.7847,47.4222],[-115.7593,47.4237],[-115.7591,47.4238],[-115.7592,47.4239],[-115.753,47.4315],[-115.7516,47.4366],[-115.7512,47.4373],[-115.7508,47.438],[-115.7498,47.4387],[-115.7498,47.4398],[-115.7499,47.44],[-115.7494,47.4409],[-115.7492,47.4411],[-115.749,47.4412],[-115.7466,47.4423],[-115.7422,47.4425],[-115.7409,47.4426],[-115.7404,47.4428],[-115.7381,47.4438],[-115.7347,47.4443],[-115.7331,47.445],[-115.7269,47.4479],[-115.7191,47.4528],[-115.7183,47.4532],[-115.7138,47.4533],[-115.7087,47.4534],[-115.7049,47.4533],[-115.7037,47.4536],[-115.7021,47.4541],[-115.702,47.4541],[-115.6943,47.4566],[-115.6878,47.4574],[-115.6854,47.4577],[-115.6818,47.4572],[-115.6745,47.4536],[-115.6738,47.4536],[-115.672,47.4544],[-115.6716,47.4545],[-115.6711,47.4546],[-115.6674,47.4543],[-115.6645,47.4541],[-115.6616,47.454],[-115.6614,47.454],[-115.6595,47.4547],[-115.6571,47.4547],[-115.6569,47.4547],[-115.6563,47.4548],[-115.6547,47.455],[-115.6476,47.4565],[-115.647,47.4566],[-115.6465,47.4568],[-115.6437,47.4588],[-115.6413,47.4596],[-115.6391,47.4613],[-115.6387,47.462],[-115.6294,47.4791],[-115.6291,47.4797],[-115.6291,47.4798],[-115.6327,47.4809],[-115.6328,47.4809],[-115.6334,47.4812],[-115.6335,47.4812],[-115.6346,47.4817],[-115.6373,47.4808],[-115.6454,47.4795],[-115.6467,47.4785],[-115.6491,47.4778],[-115.6493,47.4778],[-115.6526,47.478],[-115.6545,47.4783],[-115.6571,47.4782],[-115.6571,47.4782],[-115.6589,47.4781],[-115.6597,47.4782],[-115.6684,47.4888],[-115.669,47.4885],[-115.6737,47.4864],[-115.6764,47.4864],[-115.6787,47.4863],[-115.6836,47.4841],[-115.6894,47.499],[-115.69,47.5001],[-115.6904,47.5007],[-115.6915,47.5014],[-115.6997,47.5032],[-115.7061,47.5112],[-115.7072,47.5123],[-115.708,47.5135],[-115.7081,47.5138],[-115.7081,47.5138],[-115.7083,47.5143],[-115.7102,47.5237],[-115.698,47.5279],[-115.7066,47.535],[-115.7125,47.5332],[-115.7159,47.5344],[-115.7209,47.5335],[-115.736,47.5395],[-115.7402,47.5385],[-115.75,47.5413],[-115.7555,47.5513],[-115.7555,47.5521],[-115.7545,47.5526],[-115.7529,47.5532],[-115.7515,47.5539],[-115.7513,47.554],[-115.7513,47.5541],[-115.7369,47.5641],[-115.7224,47.5741],[-115.7212,47.5764],[-115.72,47.5767],[-115.7194,47.5768],[-115.7177,47.577],[-115.7169,47.5771],[-115.7049,47.5824],[-115.7045,47.5851],[-115.6883,47.5953],[-115.6925,47.5982],[-115.6935,47.6015],[-115.6934,47.6016],[-115.6941,47.6018],[-115.696,47.6025],[-115.6961,47.6025],[-115.6934,47.6164],[-115.6929,47.6169],[-115.6934,47.6179],[-115.6938,47.6183],[-115.6939,47.6183],[-115.6945,47.6213],[-115.6945,47.6223],[-115.6956,47.6244],[-115.6965,47.625],[-115.7023,47.6295],[-115.7029,47.6299],[-115.7073,47.6343],[-115.7079,47.6348],[-115.708,47.6349],[-115.7315,47.644],[-115.7316,47.6442],[-115.7289,47.671],[-115.7278,47.6716],[-115.7281,47.6823],[-115.7279,47.6828],[-115.7435,47.7009],[-115.7592,47.719],[-115.7647,47.7173],[-115.7691,47.7177],[-115.7733,47.718],[-115.7784,47.732],[-115.7835,47.746],[-115.7851,47.7475],[-115.7947,47.7537],[-115.7955,47.7546],[-115.7959,47.755],[-115.7969,47.7567],[-115.7974,47.7576],[-115.7994,47.7576],[-115.7998,47.7576],[-115.804,47.7585],[-115.8041,47.7585],[-115.8086,47.7569],[-115.8127,47.7563],[-115.8267,47.753],[-115.8354,47.7609],[-115.8355,47.761],[-115.8359,47.771],[-115.8367,47.7727],[-115.8367,47.7727],[-115.8368,47.7731],[-115.841,47.7805],[-115.8477,47.7858],[-115.8461,47.7944],[-115.8466,47.7956],[-115.8484,47.7989],[-115.8487,47.7994],[-115.8491,47.8106],[-115.8466,47.8137],[-115.8456,47.8149],[-115.8455,47.815],[-115.8465,47.8167],[-115.8532,47.8281],[-115.8563,47.8286],[-115.8588,47.8303],[-115.8611,47.8318],[-115.8638,47.8331],[-115.8673,47.8336],[-115.8705,47.8348],[-115.871,47.8351],[-115.8715,47.8358],[-115.8716,47.8359],[-115.8721,47.8371],[-115.8723,47.8375],[-115.873,47.8379],[-115.875,47.8428],[-115.8753,47.8432],[-115.8766,47.8446],[-115.8792,47.8465],[-115.88,47.8477],[-115.8815,47.8496],[-115.8819,47.8495],[-115.8923,47.846],[-115.8925,47.846],[-115.8965,47.8453],[-115.8978,47.8448],[-115.8988,47.8438],[-115.8992,47.8437],[-115.9017,47.8433],[-115.9037,47.8444],[-115.9065,47.8463],[-115.9071,47.8471],[-115.907,47.8479],[-115.9065,47.8501],[-115.9065,47.8503],[-115.907,47.8509],[-115.9175,47.8536],[-115.9186,47.8537],[-115.9188,47.8537],[-115.9188,47.8537],[-115.9234,47.8626],[-115.9236,47.8628],[-115.9246,47.864],[-115.9251,47.8663],[-115.9251,47.867],[-115.9255,47.8671],[-115.9266,47.8676],[-115.9289,47.8686],[-115.9296,47.8696],[-115.9305,47.8708],[-115.9354,47.8742],[-115.9358,47.8748],[-115.9357,47.8748],[-115.9357,47.8751],[-115.9369,47.8798],[-115.9381,47.8813],[-115.9402,47.8832],[-115.941,47.8837],[-115.9415,47.8838],[-115.9416,47.8841],[-115.9453,47.8859],[-115.9454,47.8859],[-115.9474,47.8879],[-115.9478,47.8886],[-115.9502,47.8896],[-115.9519,47.8913],[-115.952,47.8914],[-115.9533,47.8941],[-115.9599,47.8981],[-115.9601,47.8982],[-115.9602,47.8982],[-115.9666,47.8984],[-115.9682,47.9016],[-115.9661,47.9079],[-115.9657,47.9088],[-115.9654,47.9109],[-115.9751,47.9145],[-115.9771,47.9147],[-115.981,47.9153],[-115.9819,47.9155],[-115.9828,47.9161],[-115.9831,47.9165],[-115.9828,47.9193],[-115.9833,47.9209],[-115.9833,47.921],[-115.9834,47.9212],[-115.9836,47.9215],[-115.9852,47.9231],[-115.9862,47.9233],[-115.9875,47.9235],[-115.9879,47.9236],[-115.9938,47.9265],[-115.9933,47.929],[-115.9934,47.9293],[-115.9946,47.931],[-115.9951,47.9338],[-115.998,47.9361],[-115.9983,47.9369],[-115.9983,47.9369],[-115.9977,47.9383],[-115.9982,47.9387],[-115.9986,47.9389],[-115.9989,47.9391],[-116.0006,47.9397],[-116.0012,47.9399],[-116.0033,47.9407],[-116.0043,47.9418],[-116.0049,47.9425],[-116.0051,47.9426],[-116.0062,47.943],[-116.0068,47.9437],[-116.0069,47.9441],[-116.0074,47.9451],[-116.0076,47.9459],[-116.0075,47.9461],[-116.0073,47.9466],[-116.0076,47.9505],[-116.0115,47.9537],[-116.0116,47.9537],[-116.0116,47.9538],[-116.0141,47.9572],[-116.0142,47.9573],[-116.0152,47.958],[-116.0181,47.9612],[-116.0201,47.9634],[-116.025,47.9668],[-116.0281,47.969],[-116.0288,47.9709],[-116.0295,47.9716],[-116.0306,47.9727],[-116.0368,47.9717],[-116.0389,47.9715],[-116.0394,47.9716],[-116.0405,47.9725],[-116.0427,47.9742],[-116.0434,47.9743],[-116.0442,47.9746],[-116.0482,47.9767],[-116.0487,47.9768],[-116.0489,47.9768],[-116.0489,47.9768]]]},"properties":{"OBJECTID":1099,"state":"Idaho","agency":"Idaho Fish and Game","unit_type":"GMU","unit_id":"4","unit_name":"Hunting Unit 4","unit_label":"Idaho GMU 4 - Hunting Unit 4","aliases":"2025 | 4 | 4 hunting unit 4 | game management unit | game management unit 4 | game management unit 4 hunting unit 4 | gmu | gmu 4 | gmu 4 hunting unit 4 | hunt unit | hunt unit 4 | hunt unit 4 hunting unit 4 | hunting unit | hunting unit 4 | hunting unit","year":"2025","Shape_Length":311264.906128163,"Shape_Area":3219714413.7626038}},{"type":"Feature","id":1100,"geometry":{"type":"Polygon","coordinates":[[[-116.512,47.9063],[-116.5264,47.9173],[-116.5408,47.9282],[-116.5552,47.9391],[-116.5695,47.9501],[-116.5857,47.9498],[-116.6019,47.9495],[-116.6181,47.9492],[-116.6342,47.949],[-116.6504,47.9487],[-116.6666,47.9484],[-116.6828,47.9481],[-116.6989,47.9478],[-116.7009,47.9114],[-116.7115,47.9004],[-116.7221,47.8894],[-116.7327,47.8785],[-116.7434,47.8675],[-116.754,47.8565],[-116.7646,47.8455],[-116.7752,47.8346],[-116.7858,47.8236],[-116.7889,47.7893],[-116.7919,47.7551],[-116.795,47.7208],[-116.7981,47.6866],[-116.7866,47.6781],[-116.7752,47.6697],[-116.7638,47.6613],[-116.7524,47.6528],[-116.741,47.6444],[-116.7296,47.6359],[-116.7182,47.6275],[-116.7068,47.6191],[-116.7222,47.6223],[-116.7377,47.6256],[-116.7532,47.6289],[-116.7687,47.6321],[-116.775,47.6076],[-116.7814,47.5832],[-116.7877,47.5587],[-116.794,47.5343],[-116.8097,47.52],[-116.8253,47.5058],[-116.8409,47.4916],[-116.8566,47.4773],[-116.8419,47.4695],[-116.8272,47.4617],[-116.8125,47.4538],[-116.7979,47.446],[-116.7832,47.4381],[-116.7686,47.4303],[-116.7539,47.4225],[-116.7393,47.4146],[-116.7397,47.3767],[-116.7102,47.3711],[-116.6806,47.3656],[-116.6697,47.3804],[-116.6587,47.3952],[-116.652,47.4115],[-116.6452,47.4279],[-116.6385,47.4442],[-116.6317,47.4606],[-116.6199,47.4677],[-116.6081,47.4749],[-116.5963,47.482],[-116.5845,47.4891],[-116.5726,47.4963],[-116.5608,47.5034],[-116.549,47.5105],[-116.5371,47.5177],[-116.5253,47.5248],[-116.5135,47.5319],[-116.5016,47.539],[-116.4898,47.5462],[-116.4779,47.5533],[-116.4661,47.5604],[-116.4542,47.5675],[-116.4424,47.5747],[-116.4181,47.5677],[-116.3938,47.5608],[-116.3696,47.5539],[-116.3453,47.5469],[-116.3268,47.5478],[-116.3083,47.5486],[-116.2898,47.5494],[-116.2713,47.5502],[-116.2622,47.565],[-116.2531,47.5799],[-116.244,47.5948],[-116.2348,47.6097],[-116.2506,47.6125],[-116.2663,47.6154],[-116.282,47.6182],[-116.2977,47.621],[-116.3134,47.6239],[-116.3292,47.6267],[-116.3449,47.6295],[-116.3606,47.6323],[-116.3676,47.6557],[-116.3745,47.6791],[-116.3815,47.7024],[-116.3885,47.7258],[-116.4095,47.7292],[-116.4306,47.7326],[-116.4517,47.736],[-116.4727,47.7394],[-116.4825,47.7512],[-116.4922,47.763],[-116.502,47.7748],[-116.5117,47.7866],[-116.512,47.9063]]]},"properties":{"OBJECTID":1100,"state":"Idaho","agency":"Idaho Fish and Game","unit_type":"GMU","unit_id":"3","unit_name":"Hunting Unit 3","unit_label":"Idaho GMU 3 - Hunting Unit 3","aliases":"2025 | 3 | 3 hunting unit 3 | game management unit | game management unit 3 | game management unit 3 hunting unit 3 | gmu | gmu 3 | gmu 3 hunting unit 3 | hunt unit | hunt unit 3 | hunt unit 3 hunting unit 3 | hunting unit | hunting unit 3 | hunting unit","year":"2025","Shape_Length":198176.98221904226,"Shape_Area":1395094233.8551347}},{"type":"Feature","id":1101,"geometry":{"type":"Polygon","coordinates":[[[-116.7981,47.6866],[-116.8195,47.6894],[-116.841,47.6922],[-116.8625,47.695],[-116.884,47.6978],[-116.9055,47.7005],[-116.927,47.7033],[-116.9484,47.7061],[-116.9699,47.7089],[-116.9879,47.7059],[-117.0058,47.703],[-117.0238,47.7],[-117.0417,47.6971],[-117.042,47.6973],[-117.041,47.4688],[-117.04,47.2406],[-117.0399,47.1789],[-117.0398,47.1292],[-117.0398,47.1273],[-117.0398,47.1273],[-117.0218,47.1244],[-117.0038,47.1215],[-116.9858,47.1186],[-116.9678,47.1156],[-116.962,47.1035],[-116.9562,47.0914],[-116.9504,47.0793],[-116.9447,47.0671],[-116.924,47.0641],[-116.9032,47.0611],[-116.8825,47.058],[-116.8618,47.055],[-116.8366,47.0478],[-116.8115,47.0405],[-116.8,47.047],[-116.7885,47.0535],[-116.7769,47.0601],[-116.7654,47.0666],[-116.7539,47.0731],[-116.7424,47.0796],[-116.7309,47.0861],[-116.7194,47.0926],[-116.7063,47.0862],[-116.6933,47.0797],[-116.6802,47.0733],[-116.6672,47.0669],[-116.6522,47.0772],[-116.6372,47.0875],[-116.6223,47.0978],[-116.6073,47.1082],[-116.5923,47.1185],[-116.5773,47.1288],[-116.5623,47.1391],[-116.5473,47.1494],[-116.5173,47.1508],[-116.4873,47.1521],[-116.4961,47.1631],[-116.5049,47.1741],[-116.5138,47.1851],[-116.5226,47.1961],[-116.5474,47.2068],[-116.5722,47.2176],[-116.5969,47.2283],[-116.6217,47.239],[-116.6112,47.2466],[-116.6006,47.2542],[-116.59,47.2618],[-116.5795,47.2694],[-116.5689,47.2769],[-116.5583,47.2845],[-116.5477,47.2921],[-116.5371,47.2997],[-116.5551,47.3079],[-116.573,47.3162],[-116.5909,47.3244],[-116.6089,47.3326],[-116.6268,47.3409],[-116.6447,47.3491],[-116.6627,47.3573],[-116.6806,47.3656],[-116.7102,47.3711],[-116.7397,47.3767],[-116.7393,47.4146],[-116.7539,47.4225],[-116.7686,47.4303],[-116.7832,47.4381],[-116.7979,47.446],[-116.8125,47.4538],[-116.8272,47.4617],[-116.8419,47.4695],[-116.8566,47.4773],[-116.8409,47.4916],[-116.8253,47.5058],[-116.8097,47.52],[-116.794,47.5343],[-116.7877,47.5587],[-116.7814,47.5832],[-116.775,47.6076],[-116.7687,47.6321],[-116.7532,47.6289],[-116.7377,47.6256],[-116.7222,47.6223],[-116.7068,47.6191],[-116.7182,47.6275],[-116.7296,47.6359],[-116.741,47.6444],[-116.7524,47.6528],[-116.7638,47.6613],[-116.7752,47.6697],[-116.7866,47.6781],[-116.7981,47.6866]]]},"properties":{"OBJECTID":1101,"state":"Idaho","agency":"Idaho Fish and Game","unit_type":"GMU","unit_id":"5","unit_name":"Hunting Unit 5","unit_label":"Idaho GMU 5 - Hunting Unit 5","aliases":"2025 | 5 | 5 hunting unit 5 | game management unit | game management unit 5 | game management unit 5 hunting unit 5 | gmu | gmu 5 | gmu 5 hunting unit 5 | hunt unit | hunt unit 5 | hunt unit 5 hunting unit 5 | hunting unit | hunting unit 5 | hunting unit","year":"2025","Shape_Length":226165.95858260666,"Shape_Area":1849641398.5581853}},{"type":"Feature","id":1102,"geometry":{"type":"Polygon","coordinates":[[[-115.861,47.4174],[-115.8777,47.4196],[-115.8944,47.4219],[-115.9112,47.4242],[-115.9279,47.4265],[-115.9446,47.4287],[-115.9614,47.431],[-115.9781,47.4333],[-115.9949,47.4355],[-116.0116,47.4301],[-116.0284,47.4246],[-116.0451,47.4192],[-116.0618,47.4138],[-116.0788,47.4137],[-116.0958,47.4137],[-116.1127,47.4137],[-116.1297,47.4136],[-116.1467,47.4136],[-116.1636,47.4135],[-116.1806,47.4135],[-116.1976,47.4135],[-116.2145,47.407],[-116.2314,47.4005],[-116.2483,47.394],[-116.2653,47.3875],[-116.2923,47.3899],[-116.3194,47.3922],[-116.3465,47.3946],[-116.3736,47.3969],[-116.4007,47.3992],[-116.4278,47.4016],[-116.4549,47.4039],[-116.4819,47.4062],[-116.504,47.4049],[-116.5261,47.4035],[-116.5482,47.4021],[-116.5703,47.4007],[-116.5924,47.3993],[-116.6145,47.398],[-116.6366,47.3966],[-116.6587,47.3952],[-116.6697,47.3804],[-116.6806,47.3656],[-116.6627,47.3573],[-116.6447,47.3491],[-116.6268,47.3409],[-116.6089,47.3326],[-116.5909,47.3244],[-116.573,47.3162],[-116.5551,47.3079],[-116.5371,47.2997],[-116.5477,47.2921],[-116.5583,47.2845],[-116.5689,47.2769],[-116.5795,47.2694],[-116.59,47.2618],[-116.6006,47.2542],[-116.6112,47.2466],[-116.6217,47.239],[-116.5969,47.2283],[-116.5722,47.2176],[-116.5474,47.2068],[-116.5226,47.1961],[-116.5138,47.1851],[-116.5049,47.1741],[-116.4961,47.1631],[-116.4873,47.1521],[-116.5173,47.1508],[-116.5473,47.1494],[-116.5623,47.1391],[-116.5773,47.1288],[-116.5923,47.1185],[-116.6073,47.1082],[-116.6223,47.0978],[-116.6372,47.0875],[-116.6522,47.0772],[-116.6672,47.0669],[-116.6475,47.059],[-116.6278,47.0512],[-116.6081,47.0434],[-116.5884,47.0355],[-116.5631,47.0349],[-116.5378,47.0343],[-116.5124,47.0337],[-116.4871,47.033],[-116.4784,47.0187],[-116.4696,47.0044],[-116.4609,46.9901],[-116.4521,46.9758],[-116.4282,46.9731],[-116.4042,46.9704],[-116.3803,46.9677],[-116.3564,46.965],[-116.3501,46.9515],[-116.3438,46.938],[-116.3375,46.9245],[-116.3312,46.911],[-116.3099,46.9113],[-116.2886,46.9116],[-116.2673,46.9119],[-116.246,46.9122],[-116.2248,46.9124],[-116.2035,46.9127],[-116.1822,46.913],[-116.1609,46.9132],[-116.1488,46.9326],[-116.1366,46.952],[-116.1245,46.9714],[-116.1123,46.9907],[-116.0935,46.9973],[-116.0747,47.0038],[-116.0559,47.0104],[-116.0371,47.0169],[-116.0183,47.0235],[-115.9995,47.03],[-115.9807,47.0366],[-115.9618,47.0431],[-115.9388,47.0403],[-115.9158,47.0376],[-115.8928,47.0348],[-115.8698,47.032],[-115.8598,47.0399],[-115.8498,47.0477],[-115.8398,47.0556],[-115.8298,47.0635],[-115.8429,47.0802],[-115.856,47.097],[-115.8691,47.1137],[-115.8822,47.1305],[-115.8741,47.141],[-115.866,47.1515],[-115.8579,47.162],[-115.8498,47.1725],[-115.8472,47.2118],[-115.8447,47.2512],[-115.8214,47.2516],[-115.798,47.252],[-115.7905,47.2664],[-115.783,47.2809],[-115.7755,47.2953],[-115.768,47.3097],[-115.7605,47.3241],[-115.753,47.3385],[-115.7455,47.3529],[-115.738,47.3673],[-115.7533,47.3736],[-115.7687,47.3799],[-115.7841,47.3861],[-115.7994,47.3924],[-115.8148,47.3986],[-115.8302,47.4049],[-115.8456,47.4111],[-115.861,47.4174]]]},"properties":{"OBJECTID":1102,"state":"Idaho","agency":"Idaho Fish and Game","unit_type":"GMU","unit_id":"6","unit_name":"Hunting Unit 6","unit_label":"Idaho GMU 6 - Hunting Unit 6","aliases":"2025 | 6 | 6 hunting unit 6 | game management unit | game management unit 6 | game management unit 6 hunting unit 6 | gmu | gmu 6 | gmu 6 hunting unit 6 | hunt unit | hunt unit 6 | hunt unit 6 hunting unit 6 | hunting unit | hunting unit 6 | hunting unit","year":"2025","Shape_Length":252914.9471117863,"Shape_Area":2749845270.44365}},{"type":"Feature","id":1103,"geometry":{"type":"Polygon","coordinates":[[[-115.7593,47.4237],[-115.7847,47.4222],[-115.8101,47.4206],[-115.8356,47.419],[-115.861,47.4174],[-115.8456,47.4111],[-115.8302,47.4049],[-115.8148,47.3986],[-115.7994,47.3924],[-115.7841,47.3861],[-115.7687,47.3799],[-115.7533,47.3736],[-115.738,47.3673],[-115.7455,47.3529],[-115.753,47.3385],[-115.7605,47.3241],[-115.768,47.3097],[-115.7755,47.2953],[-115.783,47.2809],[-115.7905,47.2664],[-115.798,47.252],[-115.8214,47.2516],[-115.8447,47.2512],[-115.8472,47.2118],[-115.8498,47.1725],[-115.8579,47.162],[-115.866,47.1515],[-115.8741,47.141],[-115.8822,47.1305],[-115.8534,47.1283],[-115.8246,47.1261],[-115.7959,47.1239],[-115.7671,47.1216],[-115.7491,47.1289],[-115.7311,47.1361],[-115.7131,47.1434],[-115.6951,47.1506],[-115.6803,47.1414],[-115.6655,47.1321],[-115.6507,47.1229],[-115.6359,47.1136],[-115.6211,47.1044],[-115.6063,47.0951],[-115.5915,47.0859],[-115.5768,47.0766],[-115.5615,47.0814],[-115.5462,47.0862],[-115.5309,47.091],[-115.5155,47.0958],[-115.5089,47.0826],[-115.5023,47.0693],[-115.4956,47.056],[-115.489,47.0427],[-115.4824,47.0294],[-115.4758,47.0161],[-115.4691,47.0029],[-115.4625,46.9896],[-115.4477,46.9739],[-115.4329,46.9583],[-115.4156,46.9565],[-115.3984,46.9547],[-115.3812,46.9529],[-115.364,46.9511],[-115.3467,46.9493],[-115.3295,46.9475],[-115.3123,46.9457],[-115.2951,46.9439],[-115.2727,46.9501],[-115.2503,46.9562],[-115.2279,46.9624],[-115.2055,46.9685],[-115.1944,46.9781],[-115.1832,46.9877],[-115.1721,46.9973],[-115.1609,47.0069],[-115.139,47.0087],[-115.117,47.0104],[-115.095,47.0121],[-115.073,47.0138],[-115.073,47.0138],[-115.0724,47.014],[-115.0707,47.0205],[-115.0711,47.0218],[-115.0719,47.0259],[-115.0812,47.0305],[-115.0811,47.0314],[-115.0808,47.033],[-115.0813,47.0347],[-115.0814,47.0364],[-115.0817,47.0367],[-115.0885,47.0422],[-115.0888,47.044],[-115.0967,47.0482],[-115.0969,47.0483],[-115.0973,47.0485],[-115.0998,47.048],[-115.1077,47.0521],[-115.1089,47.0522],[-115.1095,47.0524],[-115.1105,47.0529],[-115.124,47.0657],[-115.1241,47.0658],[-115.1243,47.0659],[-115.1352,47.0843],[-115.1462,47.1027],[-115.1517,47.1018],[-115.1562,47.1027],[-115.1604,47.1023],[-115.1725,47.1127],[-115.1846,47.123],[-115.1854,47.1237],[-115.1869,47.1258],[-115.1869,47.1265],[-115.189,47.1308],[-115.1936,47.1343],[-115.1937,47.1344],[-115.1987,47.1381],[-115.1991,47.1397],[-115.2153,47.1432],[-115.2161,47.1449],[-115.2163,47.1453],[-115.2167,47.1456],[-115.2181,47.1465],[-115.2277,47.1487],[-115.2296,47.1493],[-115.2406,47.1507],[-115.242,47.1506],[-115.2467,47.1533],[-115.2481,47.1554],[-115.2481,47.1561],[-115.2481,47.1563],[-115.2483,47.157],[-115.2486,47.1573],[-115.2491,47.1588],[-115.2504,47.1593],[-115.2556,47.1638],[-115.2556,47.165],[-115.2556,47.1659],[-115.2561,47.1667],[-115.2564,47.1697],[-115.256,47.1744],[-115.2561,47.1748],[-115.2706,47.1819],[-115.2727,47.1826],[-115.2735,47.1827],[-115.2738,47.1827],[-115.2742,47.1826],[-115.2816,47.1829],[-115.2819,47.183],[-115.2821,47.183],[-115.2822,47.1831],[-115.2908,47.1869],[-115.2915,47.187],[-115.3007,47.1886],[-115.3007,47.1886],[-115.3008,47.1907],[-115.301,47.1939],[-115.301,47.1939],[-115.2983,47.1994],[-115.2982,47.2],[-115.2982,47.2004],[-115.298,47.2007],[-115.2967,47.2045],[-115.2963,47.2053],[-115.2958,47.206],[-115.2936,47.208],[-115.2949,47.2205],[-115.2967,47.2218],[-115.2988,47.2249],[-115.2991,47.2253],[-115.3128,47.2305],[-115.3132,47.2308],[-115.3141,47.2316],[-115.3164,47.2332],[-115.3175,47.2347],[-115.3189,47.2369],[-115.3202,47.2418],[-115.3208,47.2425],[-115.3248,47.2452],[-115.3185,47.2519],[-115.3195,47.2536],[-115.3198,47.2538],[-115.3221,47.2564],[-115.3248,47.2568],[-115.3281,47.2578],[-115.3336,47.2597],[-115.3354,47.2602],[-115.3356,47.2602],[-115.3408,47.2627],[-115.341,47.2627],[-115.3411,47.2626],[-115.3426,47.2618],[-115.3453,47.2607],[-115.3467,47.2604],[-115.3489,47.2602],[-115.3499,47.2604],[-115.3549,47.2617],[-115.3593,47.2595],[-115.3596,47.2595],[-115.365,47.261],[-115.3698,47.2639],[-115.3707,47.2643],[-115.3718,47.2651],[-115.3792,47.2651],[-115.3811,47.2661],[-115.3945,47.2651],[-115.3964,47.2652],[-115.4106,47.2642],[-115.4127,47.2653],[-115.4136,47.2661],[-115.4166,47.2691],[-115.4185,47.2697],[-115.4206,47.2763],[-115.4206,47.2766],[-115.4212,47.2776],[-115.4239,47.2784],[-115.4263,47.2799],[-115.4273,47.2801],[-115.4317,47.2797],[-115.457,47.2777],[-115.4574,47.2784],[-115.4577,47.2789],[-115.4578,47.2802],[-115.4576,47.2812],[-115.4578,47.2824],[-115.4621,47.2852],[-115.463,47.2855],[-115.4641,47.2859],[-115.4642,47.286],[-115.4659,47.2869],[-115.466,47.287],[-115.4661,47.2871],[-115.4664,47.2874],[-115.4867,47.2858],[-115.4875,47.2868],[-115.4875,47.2868],[-115.4876,47.2868],[-115.4886,47.2876],[-115.4893,47.288],[-115.4899,47.2883],[-115.4902,47.2884],[-115.5052,47.291],[-115.5057,47.2912],[-115.5079,47.2925],[-115.5086,47.2929],[-115.5094,47.2934],[-115.5098,47.2936],[-115.5182,47.2974],[-115.5193,47.2977],[-115.5221,47.2985],[-115.5261,47.2992],[-115.5272,47.2992],[-115.532,47.3137],[-115.5327,47.3146],[-115.5466,47.3333],[-115.5605,47.3521],[-115.5618,47.3519],[-115.5778,47.3591],[-115.5937,47.3663],[-115.6097,47.3735],[-115.6257,47.3807],[-115.6265,47.3805],[-115.64,47.3785],[-115.6428,47.3778],[-115.6465,47.3813],[-115.6478,47.3823],[-115.6479,47.3825],[-115.6482,47.3835],[-115.6475,47.3881],[-115.6496,47.3912],[-115.6506,47.3923],[-115.6509,47.3926],[-115.6578,47.4005],[-115.6605,47.4019],[-115.6621,47.4025],[-115.6626,47.4025],[-115.6771,47.402],[-115.6772,47.4019],[-115.6767,47.4079],[-115.6785,47.4095],[-115.6787,47.4096],[-115.6793,47.4099],[-115.6905,47.4147],[-115.6908,47.4151],[-115.7011,47.4164],[-115.7033,47.4157],[-115.7037,47.4156],[-115.7049,47.4155],[-115.7155,47.4181],[-115.7168,47.4196],[-115.7171,47.4201],[-115.7206,47.4209],[-115.7302,47.4249],[-115.732,47.425],[-115.7335,47.4253],[-115.7343,47.4255],[-115.7357,47.4257],[-115.7367,47.4259],[-115.7385,47.4267],[-115.7386,47.4267],[-115.7418,47.4244],[-115.7432,47.4238],[-115.7496,47.4225],[-115.7511,47.4223],[-115.7591,47.4238],[-115.7593,47.4237]]]},"properties":{"OBJECTID":1103,"state":"Idaho","agency":"Idaho Fish and Game","unit_type":"GMU","unit_id":"7","unit_name":"Hunting Unit 7","unit_label":"Idaho GMU 7 - Hunting Unit 7","aliases":"2025 | 7 | 7 hunting unit 7 | game management unit | game management unit 7 | game management unit 7 hunting unit 7 | gmu | gmu 7 | gmu 7 hunting unit 7 | hunt unit | hunt unit 7 | hunt unit 7 hunting unit 7 | hunting unit | hunting unit 7 | hunting unit","year":"2025","Shape_Length":211015.02361626076,"Shape_Area":1470822277.3084416}},{"type":"Feature","id":1104,"geometry":{"type":"Polygon","coordinates":[[[-116.8618,47.055],[-116.8825,47.058],[-116.9032,47.0611],[-116.924,47.0641],[-116.9447,47.0671],[-116.9504,47.0793],[-116.9562,47.0914],[-116.962,47.1035],[-116.9678,47.1156],[-116.9858,47.1186],[-117.0038,47.1215],[-117.0218,47.1244],[-117.0398,47.1273],[-117.0398,47.1273],[-117.0397,47.1005],[-117.0398,47.0837],[-117.0397,47.0767],[-117.0398,47.0535],[-117.0398,47.049],[-117.0397,47.0476],[-117.0398,46.9959],[-117.0397,46.9899],[-117.0396,46.9612],[-117.0397,46.9608],[-117.0396,46.9465],[-117.0396,46.9464],[-117.0395,46.9175],[-117.0395,46.9113],[-117.0397,46.8713],[-117.0397,46.8642],[-117.0399,46.7445],[-117.0399,46.7324],[-117.0399,46.7169],[-117.0398,46.7031],[-117.0398,46.6684],[-117.0397,46.643],[-117.0397,46.6369],[-117.0398,46.6264],[-117.0397,46.5071],[-117.0397,46.4409],[-117.0398,46.4401],[-117.0398,46.4332],[-117.0377,46.4238],[-117.0095,46.4237],[-116.9812,46.4236],[-116.953,46.4234],[-116.9247,46.4233],[-116.9044,46.4282],[-116.8841,46.4331],[-116.8638,46.4381],[-116.8434,46.443],[-116.8303,46.4482],[-116.8171,46.4534],[-116.804,46.4586],[-116.7908,46.4638],[-116.7777,46.469],[-116.7645,46.4741],[-116.7514,46.4793],[-116.7382,46.4845],[-116.725,46.4897],[-116.7119,46.4949],[-116.6987,46.5001],[-116.6855,46.5053],[-116.6724,46.5104],[-116.6592,46.5156],[-116.646,46.5208],[-116.6329,46.526],[-116.6118,46.5207],[-116.5907,46.5155],[-116.5697,46.5103],[-116.5486,46.505],[-116.5214,46.5046],[-116.4941,46.5041],[-116.4668,46.5036],[-116.4395,46.5032],[-116.4123,46.5027],[-116.385,46.5022],[-116.3577,46.5018],[-116.3304,46.5013],[-116.3217,46.5039],[-116.3469,46.5064],[-116.3722,46.509],[-116.3975,46.5115],[-116.4228,46.514],[-116.4288,46.5566],[-116.4349,46.5993],[-116.4579,46.6001],[-116.4808,46.601],[-116.5038,46.6018],[-116.5268,46.6027],[-116.5497,46.6035],[-116.5727,46.6043],[-116.5956,46.6052],[-116.6186,46.606],[-116.6167,46.6534],[-116.6149,46.7009],[-116.6008,46.7141],[-116.5868,46.7274],[-116.5727,46.7407],[-116.5587,46.7539],[-116.5675,46.7701],[-116.5764,46.7862],[-116.5852,46.8023],[-116.594,46.8184],[-116.611,46.8243],[-116.628,46.8302],[-116.645,46.8361],[-116.662,46.842],[-116.679,46.8479],[-116.696,46.8538],[-116.713,46.8597],[-116.73,46.8656],[-116.7349,46.892],[-116.7397,46.9184],[-116.7638,46.9198],[-116.7879,46.9211],[-116.812,46.9225],[-116.8361,46.9239],[-116.8602,46.9253],[-116.8843,46.9266],[-116.9085,46.928],[-116.9326,46.9294],[-116.9267,46.9614],[-116.9207,46.9935],[-116.906,47.0088],[-116.8913,47.0242],[-116.8766,47.0396],[-116.8618,47.055]]]},"properties":{"OBJECTID":1104,"state":"Idaho","agency":"Idaho Fish and Game","unit_type":"GMU","unit_id":"8","unit_name":"Hunting Unit 8","unit_label":"Idaho GMU 8 - Hunting Unit 8","aliases":"2025 | 8 | 8 hunting unit 8 | game management unit | game management unit 8 | game management unit 8 hunting unit 8 | gmu | gmu 8 | gmu 8 hunting unit 8 | hunt unit | hunt unit 8 | hunt unit 8 hunting unit 8 | hunting unit | hunting unit 8 | hunting unit","year":"2025","Shape_Length":258669.08378512054,"Shape_Area":1982834875.4030051}},{"type":"Feature","id":1105,"geometry":{"type":"Polygon","coordinates":[[[-115.4625,46.9896],[-115.4691,47.0029],[-115.4758,47.0161],[-115.4824,47.0294],[-115.489,47.0427],[-115.4956,47.056],[-115.5023,47.0693],[-115.5089,47.0826],[-115.5155,47.0958],[-115.5309,47.091],[-115.5462,47.0862],[-115.5615,47.0814],[-115.5768,47.0766],[-115.5915,47.0859],[-115.6063,47.0951],[-115.6211,47.1044],[-115.6359,47.1136],[-115.6507,47.1229],[-115.6655,47.1321],[-115.6803,47.1414],[-115.6951,47.1506],[-115.7131,47.1434],[-115.7311,47.1361],[-115.7491,47.1289],[-115.7671,47.1216],[-115.7959,47.1239],[-115.8246,47.1261],[-115.8534,47.1283],[-115.8822,47.1305],[-115.8691,47.1137],[-115.856,47.097],[-115.8429,47.0802],[-115.8298,47.0635],[-115.8398,47.0556],[-115.8498,47.0477],[-115.8598,47.0399],[-115.8698,47.032],[-115.8527,47.0183],[-115.8357,47.0046],[-115.8187,46.9909],[-115.8016,46.9772],[-115.7846,46.9635],[-115.7676,46.9498],[-115.7506,46.936],[-115.7336,46.9223],[-115.7147,46.9363],[-115.6957,46.9502],[-115.6715,46.9489],[-115.6473,46.9477],[-115.6231,46.9464],[-115.5989,46.9452],[-115.5747,46.9439],[-115.5505,46.9426],[-115.5263,46.9414],[-115.5022,46.9401],[-115.4923,46.9524],[-115.4823,46.9648],[-115.4724,46.9772],[-115.4625,46.9896]]]},"properties":{"OBJECTID":1105,"state":"Idaho","agency":"Idaho Fish and Game","unit_type":"GMU","unit_id":"9","unit_name":"Hunting Unit 9","unit_label":"Idaho GMU 9 - Hunting Unit 9","aliases":"2025 | 9 | 9 hunting unit 9 | game management unit | game management unit 9 | game management unit 9 hunting unit 9 | gmu | gmu 9 | gmu 9 hunting unit 9 | hunt unit | hunt unit 9 | hunt unit 9 hunting unit 9 | hunting unit | hunting unit 9 | hunting unit","year":"2025","Shape_Length":99325.45280800227,"Shape_Area":504186212.51067847}},{"type":"Feature","id":1106,"geometry":{"type":"Polygon","coordinates":[[[-116.6672,47.0669],[-116.6802,47.0733],[-116.6933,47.0797],[-116.7063,47.0862],[-116.7194,47.0926],[-116.7309,47.0861],[-116.7424,47.0796],[-116.7539,47.0731],[-116.7654,47.0666],[-116.7769,47.0601],[-116.7885,47.0535],[-116.8,47.047],[-116.8115,47.0405],[-116.8366,47.0478],[-116.8618,47.055],[-116.8766,47.0396],[-116.8913,47.0242],[-116.906,47.0088],[-116.9207,46.9935],[-116.9267,46.9614],[-116.9326,46.9294],[-116.9085,46.928],[-116.8843,46.9266],[-116.8602,46.9253],[-116.8361,46.9239],[-116.812,46.9225],[-116.7879,46.9211],[-116.7638,46.9198],[-116.7397,46.9184],[-116.7349,46.892],[-116.73,46.8656],[-116.713,46.8597],[-116.696,46.8538],[-116.679,46.8479],[-116.662,46.842],[-116.645,46.8361],[-116.628,46.8302],[-116.611,46.8243],[-116.594,46.8184],[-116.5852,46.8023],[-116.5764,46.7862],[-116.5675,46.7701],[-116.5587,46.7539],[-116.5727,46.7407],[-116.5868,46.7274],[-116.6008,46.7141],[-116.6149,46.7009],[-116.6167,46.6534],[-116.6186,46.606],[-116.5956,46.6052],[-116.5727,46.6043],[-116.5497,46.6035],[-116.5268,46.6027],[-116.5038,46.6018],[-116.4808,46.601],[-116.4579,46.6001],[-116.4349,46.5993],[-116.4288,46.5566],[-116.4228,46.514],[-116.3975,46.5115],[-116.3722,46.509],[-116.3469,46.5064],[-116.3217,46.5039],[-116.3038,46.5174],[-116.286,46.5309],[-116.2682,46.5445],[-116.2503,46.558],[-116.2558,46.5723],[-116.2613,46.5867],[-116.2668,46.601],[-116.2723,46.6154],[-116.2487,46.6128],[-116.2252,46.6102],[-116.2016,46.6076],[-116.178,46.6049],[-116.184,46.6224],[-116.19,46.6399],[-116.196,46.6574],[-116.2021,46.6749],[-116.1904,46.6843],[-116.1787,46.6937],[-116.1671,46.7031],[-116.1554,46.7125],[-116.1594,46.7307],[-116.1634,46.7489],[-116.1674,46.7671],[-116.1714,46.7853],[-116.1755,46.8035],[-116.1795,46.8217],[-116.1835,46.8399],[-116.1875,46.8581],[-116.1683,46.8688],[-116.1491,46.8795],[-116.1299,46.8902],[-116.1107,46.9008],[-116.1358,46.907],[-116.1609,46.9132],[-116.1822,46.913],[-116.2035,46.9127],[-116.2248,46.9124],[-116.246,46.9122],[-116.2673,46.9119],[-116.2886,46.9116],[-116.3099,46.9113],[-116.3312,46.911],[-116.3375,46.9245],[-116.3438,46.938],[-116.3501,46.9515],[-116.3564,46.965],[-116.3803,46.9677],[-116.4042,46.9704],[-116.4282,46.9731],[-116.4521,46.9758],[-116.4609,46.9901],[-116.4696,47.0044],[-116.4784,47.0187],[-116.4871,47.033],[-116.5124,47.0337],[-116.5378,47.0343],[-116.5631,47.0349],[-116.5884,47.0355],[-116.6081,47.0434],[-116.6278,47.0512],[-116.6475,47.059],[-116.6672,47.0669]]]},"properties":{"OBJECTID":1106,"state":"Idaho","agency":"Idaho Fish and Game","unit_type":"GMU","unit_id":"8A","unit_name":"Hunting Unit 8A","unit_label":"Idaho GMU 8A - Hunting Unit 8A","aliases":"2025 | 8a | 8a hunting unit 8a | game management unit | game management unit 8a | game management unit 8a hunting unit 8a | gmu | gmu 8a | gmu 8a hunting unit 8a | hunt unit | hunt unit 8a | hunt unit 8a hunting unit 8a | hunting unit | hunting unit 8a |","year":"2025","Shape_Length":234455.7027582737,"Shape_Area":1888667811.4228973}},{"type":"Feature","id":1107,"geometry":{"type":"Polygon","coordinates":[[[-115.8698,47.032],[-115.8928,47.0348],[-115.9158,47.0376],[-115.9388,47.0403],[-115.9618,47.0431],[-115.9807,47.0366],[-115.9995,47.03],[-116.0183,47.0235],[-116.0371,47.0169],[-116.0559,47.0104],[-116.0747,47.0038],[-116.0935,46.9973],[-116.1123,46.9907],[-116.1245,46.9714],[-116.1366,46.952],[-116.1488,46.9326],[-116.1609,46.9132],[-116.1358,46.907],[-116.1107,46.9008],[-116.1299,46.8902],[-116.1491,46.8795],[-116.1683,46.8688],[-116.1875,46.8581],[-116.1835,46.8399],[-116.1795,46.8217],[-116.1755,46.8035],[-116.1714,46.7853],[-116.1674,46.7671],[-116.1634,46.7489],[-116.1594,46.7307],[-116.1554,46.7125],[-116.1671,46.7031],[-116.1787,46.6937],[-116.1904,46.6843],[-116.2021,46.6749],[-116.196,46.6574],[-116.19,46.6399],[-116.184,46.6224],[-116.178,46.6049],[-116.2016,46.6076],[-116.2252,46.6102],[-116.2487,46.6128],[-116.2723,46.6154],[-116.2668,46.601],[-116.2613,46.5867],[-116.2558,46.5723],[-116.2503,46.558],[-116.2682,46.5445],[-116.286,46.5309],[-116.3038,46.5174],[-116.3217,46.5039],[-116.3304,46.5013],[-116.3163,46.4953],[-116.3021,46.4894],[-116.2879,46.4834],[-116.2737,46.4775],[-116.2596,46.4715],[-116.2454,46.4656],[-116.2312,46.4596],[-116.2171,46.4537],[-116.2059,46.4343],[-116.1948,46.4149],[-116.1836,46.3955],[-116.1725,46.3761],[-116.1613,46.3567],[-116.1502,46.3372],[-116.1391,46.3178],[-116.1279,46.2984],[-116.1137,46.2895],[-116.0995,46.2806],[-116.0853,46.2717],[-116.0711,46.2628],[-116.0569,46.2539],[-116.0427,46.245],[-116.0285,46.236],[-116.0143,46.2271],[-116.0059,46.2068],[-115.9974,46.1866],[-115.989,46.1663],[-115.9805,46.146],[-115.9519,46.1447],[-115.9233,46.1435],[-115.8946,46.1422],[-115.866,46.141],[-115.8374,46.1397],[-115.8087,46.1384],[-115.7801,46.1371],[-115.7515,46.1359],[-115.7345,46.1529],[-115.7175,46.1699],[-115.7005,46.1869],[-115.6834,46.2039],[-115.6664,46.2209],[-115.6493,46.238],[-115.6323,46.255],[-115.6152,46.272],[-115.6126,46.3165],[-115.61,46.361],[-115.5967,46.3746],[-115.5834,46.3881],[-115.5701,46.4017],[-115.5568,46.4152],[-115.5754,46.4296],[-115.5941,46.4439],[-115.6127,46.4582],[-115.6314,46.4725],[-115.6216,46.4827],[-115.6119,46.493],[-115.6022,46.5033],[-115.5925,46.5136],[-115.5827,46.5238],[-115.573,46.5341],[-115.5633,46.5444],[-115.5535,46.5546],[-115.5348,46.5675],[-115.5162,46.5803],[-115.4975,46.5931],[-115.4788,46.606],[-115.4882,46.6145],[-115.4975,46.623],[-115.5069,46.6316],[-115.5163,46.6401],[-115.5257,46.6486],[-115.5351,46.6571],[-115.5444,46.6657],[-115.5538,46.6742],[-115.5594,46.6981],[-115.5649,46.722],[-115.552,46.731],[-115.539,46.74],[-115.5261,46.749],[-115.5131,46.7581],[-115.5002,46.7671],[-115.4872,46.7761],[-115.4743,46.7851],[-115.4613,46.7941],[-115.4661,46.8173],[-115.4852,46.8202],[-115.5042,46.8231],[-115.5233,46.826],[-115.5424,46.8288],[-115.5615,46.8317],[-115.5805,46.8345],[-115.5996,46.8374],[-115.6187,46.8403],[-115.6415,46.8474],[-115.6643,46.8545],[-115.6871,46.8616],[-115.7099,46.8687],[-115.7263,46.8678],[-115.7426,46.8669],[-115.759,46.866],[-115.7754,46.8651],[-115.7918,46.8642],[-115.8082,46.8633],[-115.8246,46.8624],[-115.8409,46.8615],[-115.8588,46.8533],[-115.8766,46.845],[-115.8944,46.8368],[-115.9122,46.8286],[-115.9107,46.8671],[-115.8893,46.8786],[-115.8678,46.8902],[-115.8464,46.9017],[-115.8249,46.9133],[-115.8021,46.9156],[-115.7793,46.9178],[-115.7565,46.9201],[-115.7336,46.9223],[-115.7506,46.936],[-115.7676,46.9498],[-115.7846,46.9635],[-115.8016,46.9772],[-115.8187,46.9909],[-115.8357,47.0046],[-115.8527,47.0183],[-115.8698,47.032]]]},"properties":{"OBJECTID":1107,"state":"Idaho","agency":"Idaho Fish and Game","unit_type":"GMU","unit_id":"10A","unit_name":"Hunting Unit 10A","unit_label":"Idaho GMU 10A - Hunting Unit 10A","aliases":"10a | 10a hunting unit 10a | 2025 | game management unit | game management unit 10a | game management unit 10a hunting unit 10a | gmu | gmu 10a | gmu 10a hunting unit 10a | hunt unit | hunt unit 10a | hunt unit 10a hunting unit 10a | hunting unit | hunti","year":"2025","Shape_Length":324953.34316749475,"Shape_Area":4002629843.6294336}},{"type":"Feature","id":1108,"geometry":{"type":"Polygon","coordinates":[[[-115.073,47.0138],[-115.073,47.0138],[-115.095,47.0121],[-115.117,47.0104],[-115.139,47.0087],[-115.1609,47.0069],[-115.1721,46.9973],[-115.1832,46.9877],[-115.1944,46.9781],[-115.2055,46.9685],[-115.2279,46.9624],[-115.2503,46.9562],[-115.2727,46.9501],[-115.2951,46.9439],[-115.3123,46.9457],[-115.3295,46.9475],[-115.3467,46.9493],[-115.364,46.9511],[-115.3812,46.9529],[-115.3984,46.9547],[-115.4156,46.9565],[-115.4329,46.9583],[-115.4477,46.9739],[-115.4625,46.9896],[-115.4724,46.9772],[-115.4823,46.9648],[-115.4923,46.9524],[-115.5022,46.9401],[-115.5263,46.9414],[-115.5505,46.9426],[-115.5747,46.9439],[-115.5989,46.9452],[-115.6231,46.9464],[-115.6473,46.9477],[-115.6715,46.9489],[-115.6957,46.9502],[-115.7147,46.9363],[-115.7336,46.9223],[-115.7565,46.9201],[-115.7793,46.9178],[-115.8021,46.9156],[-115.8249,46.9133],[-115.8464,46.9017],[-115.8678,46.8902],[-115.8893,46.8786],[-115.9107,46.8671],[-115.9122,46.8286],[-115.8944,46.8368],[-115.8766,46.845],[-115.8588,46.8533],[-115.8409,46.8615],[-115.8246,46.8624],[-115.8082,46.8633],[-115.7918,46.8642],[-115.7754,46.8651],[-115.759,46.866],[-115.7426,46.8669],[-115.7263,46.8678],[-115.7099,46.8687],[-115.6871,46.8616],[-115.6643,46.8545],[-115.6415,46.8474],[-115.6187,46.8403],[-115.5996,46.8374],[-115.5805,46.8345],[-115.5615,46.8317],[-115.5424,46.8288],[-115.5233,46.826],[-115.5042,46.8231],[-115.4852,46.8202],[-115.4661,46.8173],[-115.4613,46.7941],[-115.4743,46.7851],[-115.4872,46.7761],[-115.5002,46.7671],[-115.5131,46.7581],[-115.5261,46.749],[-115.539,46.74],[-115.552,46.731],[-115.5649,46.722],[-115.5594,46.6981],[-115.5538,46.6742],[-115.5444,46.6657],[-115.5351,46.6571],[-115.5257,46.6486],[-115.5163,46.6401],[-115.5069,46.6316],[-115.4975,46.623],[-115.4882,46.6145],[-115.4788,46.606],[-115.4975,46.5931],[-115.5162,46.5803],[-115.5348,46.5675],[-115.5535,46.5546],[-115.5633,46.5444],[-115.573,46.5341],[-115.5827,46.5238],[-115.5925,46.5136],[-115.6022,46.5033],[-115.6119,46.493],[-115.6216,46.4827],[-115.6314,46.4725],[-115.6127,46.4582],[-115.5941,46.4439],[-115.5754,46.4296],[-115.5568,46.4152],[-115.5439,46.4229],[-115.5309,46.4305],[-115.518,46.4381],[-115.505,46.4457],[-115.4923,46.4383],[-115.4796,46.431],[-115.467,46.4236],[-115.4543,46.4162],[-115.4365,46.4167],[-115.4187,46.4173],[-115.4009,46.4178],[-115.3831,46.4184],[-115.3654,46.4189],[-115.3476,46.4194],[-115.3298,46.42],[-115.312,46.4205],[-115.2873,46.4267],[-115.2625,46.4329],[-115.2377,46.4392],[-115.2129,46.4454],[-115.1983,46.4615],[-115.1837,46.4775],[-115.1691,46.4936],[-115.1545,46.5097],[-115.1348,46.5127],[-115.1151,46.5157],[-115.0955,46.5187],[-115.0758,46.5217],[-115.0561,46.5247],[-115.0364,46.5277],[-115.0167,46.5308],[-114.997,46.5338],[-114.9802,46.5408],[-114.9634,46.5479],[-114.9466,46.555],[-114.9297,46.562],[-114.9129,46.5691],[-114.896,46.5761],[-114.8792,46.5832],[-114.8623,46.5903],[-114.8317,46.5865],[-114.8011,46.5828],[-114.7901,46.5927],[-114.7791,46.6027],[-114.7682,46.6126],[-114.7572,46.6226],[-114.7675,46.6319],[-114.7778,46.6413],[-114.7882,46.6506],[-114.7985,46.6599],[-114.7905,46.6692],[-114.7825,46.6784],[-114.7745,46.6876],[-114.7666,46.6969],[-114.7666,46.6971],[-114.7679,46.6977],[-114.768,46.6978],[-114.7685,46.6985],[-114.7695,46.7],[-114.7696,46.7006],[-114.7696,46.7009],[-114.7694,46.7017],[-114.7693,46.7025],[-114.7717,46.7056],[-114.7805,46.7068],[-114.7817,46.7068],[-114.7818,46.7068],[-114.782,46.707],[-114.7821,46.7071],[-114.7821,46.7071],[-114.787,46.7112],[-114.7873,46.7114],[-114.7882,46.7122],[-114.7886,46.7135],[-114.7887,46.7138],[-114.7882,46.7142],[-114.7851,46.7177],[-114.7832,46.7189],[-114.7826,46.7207],[-114.7832,46.7217],[-114.7811,46.7276],[-114.7809,46.7277],[-114.7797,46.7293],[-114.7799,46.7299],[-114.7797,46.7305],[-114.7772,46.7314],[-114.7737,46.7319],[-114.7736,46.732],[-114.7736,46.7322],[-114.7732,46.733],[-114.7731,46.7331],[-114.7675,46.7396],[-114.7674,46.7398],[-114.7676,46.7414],[-114.7667,46.7417],[-114.767,46.7463],[-114.7674,46.7466],[-114.7681,46.749],[-114.7675,46.7494],[-114.7663,46.7502],[-114.7674,46.7537],[-114.7669,46.7551],[-114.7656,46.7574],[-114.7656,46.7583],[-114.768,46.76],[-114.7684,46.7602],[-114.7738,46.7626],[-114.7772,46.7662],[-114.7792,46.7676],[-114.7813,46.7687],[-114.7818,46.7687],[-114.7823,46.7688],[-114.7847,46.7711],[-114.7882,46.7805],[-114.7998,46.7761],[-114.7999,46.7761],[-114.8039,46.7783],[-114.8084,46.7823],[-114.8198,46.7816],[-114.8205,46.7818],[-114.8311,46.7844],[-114.8337,46.7881],[-114.8359,46.791],[-114.8395,46.793],[-114.8453,46.7946],[-114.8531,46.7997],[-114.8532,46.7997],[-114.8703,46.8131],[-114.8736,46.8121],[-114.8741,46.812],[-114.8756,46.8117],[-114.8839,46.8099],[-114.8879,46.8086],[-114.8882,46.8085],[-114.8911,46.8032],[-114.8968,46.8066],[-114.8968,46.807],[-114.8988,46.8085],[-114.8982,46.8101],[-114.8979,46.8122],[-114.8957,46.8157],[-114.8956,46.8159],[-114.8952,46.8168],[-114.9116,46.8269],[-114.928,46.8369],[-114.9266,46.8392],[-114.9282,46.8427],[-114.9283,46.8433],[-114.9241,46.8483],[-114.9264,46.8508],[-114.9274,46.8524],[-114.9458,46.8583],[-114.9465,46.8587],[-114.9475,46.8597],[-114.9468,46.8625],[-114.9453,46.8648],[-114.9412,46.8683],[-114.9411,46.8683],[-114.9342,46.8746],[-114.9335,46.8752],[-114.9317,46.8776],[-114.9315,46.8794],[-114.9312,46.8807],[-114.9312,46.8819],[-114.9312,46.8824],[-114.932,46.8843],[-114.9324,46.8863],[-114.9347,46.89],[-114.9348,46.8903],[-114.9357,46.8918],[-114.9357,46.8919],[-114.9354,46.9012],[-114.9336,46.9035],[-114.9333,46.9036],[-114.9323,46.9037],[-114.9318,46.9038],[-114.9306,46.9052],[-114.9299,46.9065],[-114.9299,46.9065],[-114.9288,46.9099],[-114.9245,46.9113],[-114.9337,46.9196],[-114.9348,46.9197],[-114.9366,46.9206],[-114.9454,46.9248],[-114.9458,46.925],[-114.9492,46.9263],[-114.9565,46.9284],[-114.9577,46.9289],[-114.9599,46.9296],[-114.961,46.9305],[-114.9588,46.9336],[-114.9587,46.9337],[-114.9599,46.9343],[-114.9609,46.9348],[-114.9646,46.9379],[-114.966,46.9381],[-114.9676,46.9385],[-114.9692,46.9388],[-114.9716,46.9397],[-114.9727,46.9405],[-114.9756,46.9426],[-114.9762,46.9431],[-114.9796,46.9465],[-114.9816,46.948],[-114.9827,46.9489],[-114.9835,46.9493],[-114.9865,46.9505],[-114.9866,46.9508],[-114.9857,46.9538],[-114.9856,46.954],[-114.991,46.958],[-114.9923,46.959],[-114.9957,46.9635],[-114.9992,46.9658],[-114.9998,46.9667],[-115.0001,46.9672],[-115.001,46.9683],[-115.0078,46.973],[-115.009,46.9733],[-115.0146,46.9739],[-115.019,46.9743],[-115.029,46.9732],[-115.0505,46.9761],[-115.0504,46.9768],[-115.0501,46.979],[-115.0512,46.9817],[-115.0589,46.9892],[-115.0631,46.993],[-115.0659,46.9988],[-115.0656,47.0004],[-115.0665,47.0015],[-115.0669,47.0019],[-115.0715,47.0102],[-115.0716,47.0105],[-115.073,47.0138]]]},"properties":{"OBJECTID":1108,"state":"Idaho","agency":"Idaho Fish and Game","unit_type":"GMU","unit_id":"10","unit_name":"Hunting Unit 10","unit_label":"Idaho GMU 10 - Hunting Unit 10","aliases":"10 | 10 hunting unit 10 | 2025 | game management unit | game management unit 10 | game management unit 10 hunting unit 10 | gmu | gmu 10 | gmu 10 hunting unit 10 | hunt unit | hunt unit 10 | hunt unit 10 hunting unit 10 | hunting unit | hunting unit 10 |","year":"2025","Shape_Length":309964.8386711627,"Shape_Area":3098298130.260233}},{"type":"Feature","id":1109,"geometry":{"type":"Polygon","coordinates":[[[-114.4667,46.2724],[-114.4656,46.2729],[-114.4645,46.2731],[-114.4639,46.2732],[-114.4608,46.2726],[-114.4527,46.271],[-114.4516,46.2712],[-114.4397,46.2749],[-114.4375,46.2758],[-114.4334,46.2784],[-114.4332,46.2785],[-114.4313,46.28],[-114.4308,46.2806],[-114.4298,46.2816],[-114.4273,46.2841],[-114.4276,46.2858],[-114.4276,46.286],[-114.4273,46.2864],[-114.4319,46.3012],[-114.4321,46.3014],[-114.4322,46.3015],[-114.4325,46.3024],[-114.4315,46.308],[-114.4315,46.3081],[-114.4218,46.3282],[-114.422,46.3299],[-114.4219,46.3303],[-114.4182,46.332],[-114.4144,46.3356],[-114.4139,46.3363],[-114.414,46.3378],[-114.4141,46.3381],[-114.4136,46.3452],[-114.4132,46.3501],[-114.4125,46.3512],[-114.4121,46.3516],[-114.412,46.3527],[-114.4117,46.3553],[-114.4104,46.3608],[-114.4112,46.3636],[-114.4105,46.3652],[-114.4107,46.366],[-114.4137,46.3696],[-114.4145,46.3706],[-114.4152,46.3719],[-114.4166,46.3748],[-114.4167,46.375],[-114.4215,46.3845],[-114.4226,46.3863],[-114.4223,46.3874],[-114.4129,46.395],[-114.4101,46.3964],[-114.41,46.398],[-114.4095,46.4001],[-114.4094,46.4001],[-114.4088,46.4006],[-114.4013,46.4018],[-114.4007,46.4024],[-114.3998,46.4043],[-114.3995,46.4049],[-114.3888,46.4098],[-114.3888,46.4098],[-114.3877,46.41],[-114.3845,46.4173],[-114.384,46.4187],[-114.3845,46.4257],[-114.385,46.4274],[-114.385,46.4279],[-114.3848,46.4284],[-114.3725,46.4428],[-114.3753,46.443],[-114.3764,46.443],[-114.3813,46.4564],[-114.3803,46.4593],[-114.3796,46.4605],[-114.3799,46.4608],[-114.384,46.4667],[-114.3887,46.4682],[-114.3937,46.4692],[-114.3956,46.4729],[-114.3962,46.4735],[-114.3966,46.4739],[-114.4012,46.4804],[-114.4015,46.484],[-114.4014,46.4867],[-114.4014,46.4868],[-114.4015,46.4894],[-114.4018,46.4899],[-114.4006,46.502],[-114.4,46.5022],[-114.3955,46.5029],[-114.3939,46.5036],[-114.3846,46.5049],[-114.3834,46.5049],[-114.3821,46.5044],[-114.3788,46.5029],[-114.3742,46.5023],[-114.3698,46.5039],[-114.3685,46.505],[-114.3638,46.5056],[-114.3622,46.5056],[-114.3598,46.5051],[-114.3597,46.5051],[-114.3567,46.5062],[-114.3539,46.5073],[-114.3524,46.5077],[-114.3504,46.5096],[-114.3489,46.5102],[-114.3484,46.5105],[-114.348,46.5114],[-114.348,46.5119],[-114.3474,46.514],[-114.3428,46.5187],[-114.3423,46.5195],[-114.3422,46.5201],[-114.3423,46.5204],[-114.3457,46.5247],[-114.3466,46.5253],[-114.3469,46.5256],[-114.3477,46.5264],[-114.3478,46.5265],[-114.3481,46.527],[-114.3484,46.5277],[-114.3485,46.5281],[-114.3487,46.5284],[-114.3494,46.5294],[-114.3493,46.5301],[-114.3491,46.5306],[-114.3489,46.531],[-114.3488,46.5313],[-114.3488,46.5319],[-114.3491,46.5329],[-114.349,46.5333],[-114.3474,46.535],[-114.3466,46.5358],[-114.3466,46.5358],[-114.3441,46.5417],[-114.3455,46.5481],[-114.3455,46.5485],[-114.3479,46.5518],[-114.3475,46.5522],[-114.3468,46.5527],[-114.3398,46.5635],[-114.3396,46.5641],[-114.3394,46.5646],[-114.3391,46.5649],[-114.3387,46.5656],[-114.3386,46.5657],[-114.3386,46.5657],[-114.3359,46.5675],[-114.3347,46.5693],[-114.3327,46.5713],[-114.3299,46.5763],[-114.3298,46.5765],[-114.3299,46.5768],[-114.3325,46.5784],[-114.3361,46.5823],[-114.3371,46.583],[-114.3373,46.5832],[-114.3381,46.5846],[-114.3382,46.585],[-114.3396,46.5869],[-114.3399,46.5873],[-114.3408,46.5877],[-114.3441,46.5898],[-114.3434,46.5909],[-114.3434,46.5909],[-114.3427,46.5915],[-114.3422,46.5919],[-114.3419,46.5921],[-114.3404,46.5926],[-114.3403,46.5926],[-114.3393,46.5926],[-114.3389,46.5927],[-114.3354,46.5944],[-114.3349,46.5947],[-114.3304,46.6001],[-114.3302,46.6013],[-114.33,46.6041],[-114.3288,46.6046],[-114.3285,46.6047],[-114.3268,46.6065],[-114.3263,46.6069],[-114.3262,46.607],[-114.3228,46.6116],[-114.3228,46.6117],[-114.3232,46.6125],[-114.3261,46.6154],[-114.3267,46.6166],[-114.3274,46.6177],[-114.328,46.6191],[-114.3273,46.6206],[-114.327,46.6209],[-114.3265,46.6211],[-114.3262,46.6212],[-114.3243,46.623],[-114.3243,46.6232],[-114.3223,46.6264],[-114.3226,46.6275],[-114.3217,46.6309],[-114.3217,46.6309],[-114.3218,46.6311],[-114.3225,46.6336],[-114.3213,46.6394],[-114.3229,46.6417],[-114.3229,46.6419],[-114.323,46.6422],[-114.3218,46.6491],[-114.3218,46.6491],[-114.322,46.6493],[-114.3227,46.6499],[-114.325,46.6537],[-114.325,46.6538],[-114.3252,46.6538],[-114.3257,46.654],[-114.3332,46.6608],[-114.3332,46.6609],[-114.3458,46.6622],[-114.3484,46.6626],[-114.3521,46.6633],[-114.3524,46.6634],[-114.355,46.6652],[-114.3567,46.6672],[-114.3569,46.6676],[-114.3574,46.6679],[-114.3577,46.6683],[-114.3581,46.6693],[-114.3581,46.6706],[-114.3594,46.6699],[-114.3598,46.6697],[-114.3599,46.6696],[-114.3606,46.6692],[-114.3669,46.6688],[-114.3806,46.6652],[-114.3817,46.6641],[-114.3819,46.6639],[-114.3821,46.6635],[-114.4067,46.6599],[-114.4074,46.6602],[-114.4097,46.6621],[-114.4102,46.6601],[-114.4169,46.6581],[-114.4181,46.6585],[-114.4244,46.6606],[-114.4246,46.6606],[-114.428,46.6593],[-114.4298,46.6582],[-114.4384,46.6552],[-114.4393,46.6544],[-114.4534,46.6492],[-114.4538,46.6484],[-114.4538,46.6462],[-114.4539,46.646],[-114.4546,46.645],[-114.4531,46.6425],[-114.4533,46.6413],[-114.4545,46.6409],[-114.4579,46.638],[-114.4591,46.6369],[-114.4635,46.6345],[-114.466,46.6326],[-114.4704,46.6322],[-114.4728,46.6322],[-114.4903,46.6347],[-114.4903,46.6347],[-114.4909,46.6352],[-114.491,46.6352],[-114.4911,46.6353],[-114.4915,46.6356],[-114.4917,46.6358],[-114.4918,46.6358],[-114.492,46.6359],[-114.4921,46.6359],[-114.4923,46.636],[-114.5012,46.6413],[-114.5014,46.6413],[-114.5286,46.6424],[-114.5312,46.6443],[-114.5316,46.6447],[-114.5332,46.6462],[-114.5334,46.6463],[-114.5335,46.6463],[-114.5397,46.6484],[-114.5404,46.6488],[-114.5412,46.6495],[-114.5425,46.6495],[-114.5534,46.6448],[-114.5544,46.6447],[-114.5615,46.6421],[-114.5622,46.6416],[-114.5701,46.6434],[-114.5713,46.6427],[-114.5738,46.6405],[-114.5748,46.6397],[-114.5756,46.6389],[-114.5757,46.6388],[-114.5759,46.6386],[-114.5792,46.6362],[-114.5795,46.6358],[-114.58,46.6352],[-114.58,46.6352],[-114.5806,46.6345],[-114.583,46.6334],[-114.5854,46.6337],[-114.5861,46.6339],[-114.5868,46.6343],[-114.5889,46.6351],[-114.5892,46.6351],[-114.5948,46.6335],[-114.5968,46.6345],[-114.5995,46.636],[-114.6014,46.6361],[-114.6038,46.6356],[-114.6093,46.6371],[-114.6138,46.6389],[-114.614,46.6389],[-114.6154,46.6408],[-114.6155,46.6418],[-114.6146,46.6451],[-114.6142,46.6455],[-114.613,46.6465],[-114.6121,46.6471],[-114.6118,46.6476],[-114.612,46.6482],[-114.6123,46.6488],[-114.6131,46.6514],[-114.6153,46.653],[-114.6166,46.6558],[-114.6189,46.6566],[-114.6291,46.6592],[-114.6335,46.6592],[-114.6349,46.6592],[-114.6363,46.6599],[-114.6376,46.6619],[-114.6396,46.6649],[-114.6396,46.6649],[-114.6342,46.6728],[-114.6378,46.6724],[-114.6414,46.6743],[-114.6413,46.6744],[-114.6411,46.6746],[-114.6408,46.675],[-114.6406,46.6751],[-114.6403,46.6757],[-114.6404,46.6766],[-114.6418,46.6785],[-114.6419,46.6789],[-114.6419,46.6792],[-114.6419,46.6793],[-114.6417,46.6794],[-114.6376,46.6814],[-114.6368,46.6817],[-114.6366,46.682],[-114.6334,46.6834],[-114.6285,46.6867],[-114.6281,46.687],[-114.6273,46.6874],[-114.6251,46.6896],[-114.6231,46.6925],[-114.6237,46.6953],[-114.6244,46.6956],[-114.6246,46.6965],[-114.6243,46.6969],[-114.6235,46.6986],[-114.6234,46.6989],[-114.6233,46.7015],[-114.6209,46.7068],[-114.6209,46.7071],[-114.6228,46.7086],[-114.6248,46.7118],[-114.6255,46.7125],[-114.6331,46.7155],[-114.6332,46.7155],[-114.6342,46.7161],[-114.6342,46.7162],[-114.6392,46.7216],[-114.6396,46.7218],[-114.6429,46.7226],[-114.6437,46.7227],[-114.6456,46.7242],[-114.6458,46.7251],[-114.6459,46.7255],[-114.6459,46.7256],[-114.646,46.7277],[-114.6461,46.729],[-114.6464,46.7297],[-114.649,46.7326],[-114.6492,46.7327],[-114.6502,46.7332],[-114.6503,46.7332],[-114.6505,46.7333],[-114.6608,46.7355],[-114.6648,46.7391],[-114.6651,46.7391],[-114.6655,46.7393],[-114.666,46.7393],[-114.6684,46.7386],[-114.6687,46.7385],[-114.6691,46.7382],[-114.6696,46.7378],[-114.6703,46.7373],[-114.6709,46.737],[-114.6713,46.7368],[-114.6717,46.7367],[-114.6723,46.7366],[-114.673,46.7366],[-114.6733,46.7366],[-114.6742,46.7367],[-114.6752,46.7369],[-114.6752,46.7369],[-114.6775,46.7377],[-114.6778,46.7378],[-114.678,46.7379],[-114.6792,46.7382],[-114.6799,46.7384],[-114.6811,46.7388],[-114.6814,46.7389],[-114.6818,46.7389],[-114.682,46.7389],[-114.6822,46.7388],[-114.6894,46.7366],[-114.6979,46.7406],[-114.6998,46.7393],[-114.6998,46.7391],[-114.7004,46.7382],[-114.7013,46.7348],[-114.7005,46.7344],[-114.7022,46.7311],[-114.7025,46.7308],[-114.7054,46.729],[-114.7065,46.7284],[-114.7075,46.728],[-114.7082,46.7274],[-114.709,46.7268],[-114.7091,46.7266],[-114.7091,46.7263],[-114.708,46.7231],[-114.7099,46.7209],[-114.7103,46.7185],[-114.7104,46.7182],[-114.7108,46.7173],[-114.7108,46.7173],[-114.7109,46.7173],[-114.7133,46.7153],[-114.7144,46.715],[-114.7152,46.7146],[-114.716,46.7143],[-114.7175,46.714],[-114.719,46.7141],[-114.7195,46.7141],[-114.7206,46.7142],[-114.7211,46.7141],[-114.7228,46.7139],[-114.7244,46.7142],[-114.7279,46.7145],[-114.7281,46.7145],[-114.7282,46.7145],[-114.732,46.7132],[-114.7341,46.7129],[-114.735,46.7128],[-114.7369,46.7124],[-114.739,46.7121],[-114.7427,46.7079],[-114.744,46.7071],[-114.7443,46.7068],[-114.7482,46.7018],[-114.7482,46.6987],[-114.7508,46.6976],[-114.7574,46.697],[-114.7595,46.6967],[-114.7666,46.6971],[-114.7666,46.6969],[-114.7745,46.6876],[-114.7825,46.6784],[-114.7905,46.6692],[-114.7985,46.6599],[-114.7882,46.6506],[-114.7778,46.6413],[-114.7675,46.6319],[-114.7572,46.6226],[-114.7682,46.6126],[-114.7791,46.6027],[-114.7901,46.5927],[-114.8011,46.5828],[-114.8317,46.5865],[-114.8623,46.5903],[-114.8792,46.5832],[-114.896,46.5761],[-114.9129,46.5691],[-114.9297,46.562],[-114.9466,46.555],[-114.9634,46.5479],[-114.9802,46.5408],[-114.997,46.5338],[-115.0167,46.5308],[-115.0364,46.5277],[-115.0561,46.5247],[-115.0758,46.5217],[-115.0955,46.5187],[-115.1151,46.5157],[-115.1348,46.5127],[-115.1545,46.5097],[-115.1691,46.4936],[-115.1837,46.4775],[-115.1983,46.4615],[-115.2129,46.4454],[-115.2377,46.4392],[-115.2625,46.4329],[-115.2873,46.4267],[-115.312,46.4205],[-115.3298,46.42],[-115.3476,46.4194],[-115.3654,46.4189],[-115.3831,46.4184],[-115.4009,46.4178],[-115.4187,46.4173],[-115.4365,46.4167],[-115.4543,46.4162],[-115.467,46.4236],[-115.4796,46.431],[-115.4923,46.4383],[-115.505,46.4457],[-115.518,46.4381],[-115.5309,46.4305],[-115.5439,46.4229],[-115.5568,46.4152],[-115.5701,46.4017],[-115.5834,46.3881],[-115.5967,46.3746],[-115.61,46.361],[-115.6126,46.3165],[-115.6152,46.272],[-115.6323,46.255],[-115.6493,46.238],[-115.6664,46.2209],[-115.6834,46.2039],[-115.7005,46.1869],[-115.7175,46.1699],[-115.7345,46.1529],[-115.7515,46.1359],[-115.7233,46.1359],[-115.6951,46.136],[-115.6669,46.136],[-115.6387,46.136],[-115.6105,46.1361],[-115.5823,46.1361],[-115.5541,46.1361],[-115.5259,46.1361],[-115.5099,46.1413],[-115.494,46.1465],[-115.478,46.1517],[-115.4621,46.1569],[-115.4455,46.1519],[-115.429,46.1468],[-115.4125,46.1417],[-115.3959,46.1366],[-115.3815,46.1431],[-115.367,46.1497],[-115.3526,46.1562],[-115.3382,46.1627],[-115.3237,46.1692],[-115.3093,46.1757],[-115.2948,46.1822],[-115.2804,46.1887],[-115.2645,46.1839],[-115.2486,46.1791],[-115.2327,46.1743],[-115.2168,46.1695],[-115.2069,46.1805],[-115.1971,46.1916],[-115.1872,46.2026],[-115.1773,46.2136],[-115.194,46.2304],[-115.2107,46.2472],[-115.1984,46.2549],[-115.1862,46.2625],[-115.174,46.2702],[-115.1617,46.2779],[-115.1495,46.2855],[-115.1372,46.2932],[-115.125,46.3008],[-115.1128,46.3085],[-115.0913,46.3098],[-115.0699,46.3112],[-115.0485,46.3126],[-115.027,46.3139],[-115.0118,46.3258],[-114.9966,46.3376],[-114.9814,46.3495],[-114.9662,46.3613],[-114.9448,46.3646],[-114.9233,46.3679],[-114.9019,46.3712],[-114.8804,46.3745],[-114.8656,46.3665],[-114.8507,46.3584],[-114.8358,46.3503],[-114.821,46.3423],[-114.8061,46.3342],[-114.7913,46.3262],[-114.7764,46.3181],[-114.7616,46.31],[-114.7543,46.3266],[-114.7471,46.3432],[-114.7399,46.3598],[-114.7326,46.3763],[-114.704,46.3763],[-114.6754,46.3763],[-114.6785,46.3539],[-114.6816,46.3316],[-114.6663,46.3228],[-114.6511,46.314],[-114.6359,46.3051],[-114.6207,46.2963],[-114.6014,46.2934],[-114.5822,46.2904],[-114.5629,46.2874],[-114.5437,46.2844],[-114.5244,46.2814],[-114.5052,46.2784],[-114.486,46.2754],[-114.4667,46.2724]]]},"properties":{"OBJECTID":1109,"state":"Idaho","agency":"Idaho Fish and Game","unit_type":"GMU","unit_id":"12","unit_name":"Hunting Unit 12","unit_label":"Idaho GMU 12 - Hunting Unit 12","aliases":"12 | 12 hunting unit 12 | 2025 | game management unit | game management unit 12 | game management unit 12 hunting unit 12 | gmu | gmu 12 | gmu 12 hunting unit 12 | hunt unit | hunt unit 12 | hunt unit 12 hunting unit 12 | hunting unit | hunting unit 12 |","year":"2025","Shape_Length":358628.076177841,"Shape_Area":3065872023.2439623}},{"type":"Feature","id":1110,"geometry":{"type":"Polygon","coordinates":[[[-116.3304,46.5013],[-116.3577,46.5018],[-116.385,46.5022],[-116.4123,46.5027],[-116.4395,46.5032],[-116.4668,46.5036],[-116.4941,46.5041],[-116.5214,46.5046],[-116.5486,46.505],[-116.5697,46.5103],[-116.5907,46.5155],[-116.6118,46.5207],[-116.6329,46.526],[-116.646,46.5208],[-116.6592,46.5156],[-116.6724,46.5104],[-116.6855,46.5053],[-116.6987,46.5001],[-116.7119,46.4949],[-116.725,46.4897],[-116.7382,46.4845],[-116.7514,46.4793],[-116.7645,46.4741],[-116.7777,46.469],[-116.7908,46.4638],[-116.804,46.4586],[-116.8171,46.4534],[-116.8303,46.4482],[-116.8434,46.443],[-116.827,46.4421],[-116.8106,46.4411],[-116.8066,46.4217],[-116.8026,46.4023],[-116.7986,46.3829],[-116.7947,46.3635],[-116.7767,46.3644],[-116.7588,46.3654],[-116.7409,46.3663],[-116.723,46.3673],[-116.7051,46.3683],[-116.6872,46.3692],[-116.6692,46.3702],[-116.6513,46.3711],[-116.6338,46.3594],[-116.6163,46.3476],[-116.5988,46.3359],[-116.5813,46.3241],[-116.5878,46.3108],[-116.5944,46.2975],[-116.6009,46.2842],[-116.6075,46.2708],[-116.5971,46.2618],[-116.5866,46.2528],[-116.5762,46.2438],[-116.5658,46.2348],[-116.5412,46.2353],[-116.5166,46.2358],[-116.492,46.2363],[-116.4674,46.2368],[-116.4506,46.2259],[-116.4338,46.2149],[-116.4169,46.2039],[-116.4001,46.193],[-116.389,46.176],[-116.378,46.159],[-116.3669,46.1421],[-116.3558,46.1251],[-116.3497,46.0851],[-116.3435,46.0451],[-116.3346,46.0355],[-116.3256,46.0259],[-116.3167,46.0163],[-116.3078,46.0067],[-116.2989,45.9971],[-116.2899,45.9875],[-116.281,45.9779],[-116.2721,45.9683],[-116.2516,45.963],[-116.2312,45.9576],[-116.2107,45.9523],[-116.1902,45.9469],[-116.1698,45.9416],[-116.1493,45.9362],[-116.1289,45.9309],[-116.1084,45.9255],[-116.093,45.928],[-116.0776,45.9306],[-116.0775,45.9308],[-116.0773,45.9309],[-116.0544,45.9362],[-116.0314,45.9415],[-116.0084,45.9467],[-115.9854,45.952],[-115.9853,45.9519],[-115.9853,45.9517],[-115.9614,45.9571],[-115.9612,45.9572],[-115.965,45.9813],[-115.9657,45.9818],[-115.9661,45.9838],[-115.9645,46.0096],[-115.9685,46.0437],[-115.9725,46.0778],[-115.9765,46.1119],[-115.9805,46.146],[-115.989,46.1663],[-115.9974,46.1866],[-116.0059,46.2068],[-116.0143,46.2271],[-116.0285,46.236],[-116.0427,46.245],[-116.0569,46.2539],[-116.0711,46.2628],[-116.0853,46.2717],[-116.0995,46.2806],[-116.1137,46.2895],[-116.1279,46.2984],[-116.1391,46.3178],[-116.1502,46.3372],[-116.1613,46.3567],[-116.1725,46.3761],[-116.1836,46.3955],[-116.1948,46.4149],[-116.2059,46.4343],[-116.2171,46.4537],[-116.2312,46.4596],[-116.2454,46.4656],[-116.2596,46.4715],[-116.2737,46.4775],[-116.2879,46.4834],[-116.3021,46.4894],[-116.3163,46.4953],[-116.3304,46.5013]]]},"properties":{"OBJECTID":1110,"state":"Idaho","agency":"Idaho Fish and Game","unit_type":"GMU","unit_id":"11A","unit_name":"Hunting Unit 11A","unit_label":"Idaho GMU 11A - Hunting Unit 11A","aliases":"11a | 11a hunting unit 11a | 2025 | game management unit | game management unit 11a | game management unit 11a hunting unit 11a | gmu | gmu 11a | gmu 11a hunting unit 11a | hunt unit | hunt unit 11a | hunt unit 11a hunting unit 11a | hunting unit | hunti","year":"2025","Shape_Length":222184.7325383308,"Shape_Area":2148492571.7390337}},{"type":"Feature","id":1111,"geometry":{"type":"Polygon","coordinates":[[[-116.8434,46.443],[-116.8638,46.4381],[-116.8841,46.4331],[-116.9044,46.4282],[-116.9247,46.4233],[-116.953,46.4234],[-116.9812,46.4236],[-117.0095,46.4237],[-117.0377,46.4238],[-117.0357,46.4095],[-117.0357,46.4095],[-117.0369,46.4078],[-117.0385,46.405],[-117.0406,46.3979],[-117.0412,46.3964],[-117.0428,46.3892],[-117.0434,46.3881],[-117.045,46.384],[-117.0457,46.3823],[-117.0542,46.3729],[-117.0627,46.3634],[-117.0627,46.363],[-117.062,46.3515],[-117.0539,46.3446],[-117.0528,46.3442],[-117.0437,46.3424],[-117.0434,46.3423],[-117.0427,46.3423],[-117.04,46.3421],[-117.0397,46.3421],[-117.031,46.3403],[-117.0282,46.3389],[-117.0277,46.3387],[-117.0252,46.3369],[-117.0237,46.3355],[-117.0231,46.3341],[-117.0229,46.3332],[-117.0229,46.3321],[-117.0228,46.3215],[-117.0228,46.3215],[-117.0228,46.3211],[-117.0228,46.3205],[-117.0223,46.3177],[-117.0221,46.3172],[-117.022,46.3171],[-117.0148,46.3102],[-117.0122,46.3089],[-117.0121,46.3088],[-117.0114,46.3081],[-117.0106,46.3073],[-117.0097,46.3068],[-117.0069,46.3051],[-117.0057,46.3046],[-117.0053,46.3046],[-117.0018,46.3042],[-117.0016,46.3042],[-117.0011,46.3041],[-116.9849,46.2931],[-116.9849,46.2927],[-116.9849,46.2918],[-116.9849,46.2911],[-116.9851,46.2904],[-116.9855,46.2888],[-116.9876,46.2858],[-116.9891,46.2835],[-116.9902,46.2819],[-116.9806,46.2687],[-116.9755,46.2658],[-116.9749,46.2654],[-116.9745,46.2652],[-116.9744,46.2649],[-116.963,46.2492],[-116.9618,46.2469],[-116.9596,46.2436],[-116.9568,46.2247],[-116.9578,46.2228],[-116.9584,46.2216],[-116.9602,46.2184],[-116.9631,46.2142],[-116.9654,46.2105],[-116.9667,46.208],[-116.9667,46.208],[-116.9667,46.2075],[-116.9655,46.2034],[-116.9647,46.2019],[-116.9644,46.2015],[-116.9632,46.2],[-116.9625,46.1995],[-116.9618,46.199],[-116.9504,46.1921],[-116.95,46.1918],[-116.9485,46.1902],[-116.9482,46.1899],[-116.9461,46.188],[-116.9458,46.1875],[-116.9431,46.1855],[-116.9404,46.1826],[-116.9399,46.1814],[-116.9401,46.1805],[-116.94,46.18],[-116.9393,46.179],[-116.9362,46.1755],[-116.9355,46.1749],[-116.9268,46.1729],[-116.926,46.1723],[-116.9234,46.1603],[-116.9237,46.16],[-116.9249,46.1593],[-116.9254,46.1591],[-116.9278,46.1582],[-116.9303,46.1571],[-116.9304,46.157],[-116.9305,46.1569],[-116.9353,46.1509],[-116.9358,46.1448],[-116.9357,46.143],[-116.9348,46.1412],[-116.9344,46.1405],[-116.9402,46.1328],[-116.9406,46.1325],[-116.9408,46.1322],[-116.9483,46.1259],[-116.9495,46.1247],[-116.9502,46.1236],[-116.9503,46.1232],[-116.9503,46.1228],[-116.9501,46.122],[-116.95,46.1199],[-116.9511,46.1173],[-116.9512,46.1148],[-116.9514,46.114],[-116.9514,46.1131],[-116.9512,46.1125],[-116.9513,46.1113],[-116.9546,46.1052],[-116.9548,46.1042],[-116.955,46.103],[-116.9561,46.1011],[-116.9563,46.101],[-116.9584,46.1],[-116.9584,46.1],[-116.9604,46.0988],[-116.9641,46.0986],[-116.9661,46.0983],[-116.9825,46.0897],[-116.9823,46.0886],[-116.9818,46.0871],[-116.982,46.0861],[-116.982,46.086],[-116.968,46.0763],[-116.9663,46.076],[-116.9648,46.0758],[-116.964,46.0758],[-116.9621,46.076],[-116.9611,46.0762],[-116.9576,46.0752],[-116.9529,46.0708],[-116.9508,46.0693],[-116.9452,46.0638],[-116.9427,46.0608],[-116.9428,46.0591],[-116.9429,46.0588],[-116.9434,46.0555],[-116.933,46.0412],[-116.9314,46.039],[-116.9301,46.036],[-116.9297,46.0351],[-116.9296,46.0349],[-116.9295,46.0342],[-116.9298,46.0337],[-116.9305,46.0281],[-116.9298,46.0235],[-116.9264,46.0202],[-116.9242,46.0193],[-116.9236,46.019],[-116.9211,46.0131],[-116.9208,46.0098],[-116.9206,46.0089],[-116.9202,46.007],[-116.9191,45.9995],[-116.9191,45.9993],[-116.9187,45.9986],[-116.9186,45.9984],[-116.9169,45.9959],[-116.9161,45.9954],[-116.9031,45.9749],[-116.8902,45.9544],[-116.8773,45.9339],[-116.8644,45.9134],[-116.8636,45.9125],[-116.852,45.9007],[-116.8519,45.9006],[-116.8516,45.9003],[-116.8515,45.9002],[-116.8512,45.9],[-116.8507,45.8996],[-116.8482,45.8978],[-116.848,45.8976],[-116.8348,45.8874],[-116.8216,45.8772],[-116.8083,45.867],[-116.7951,45.8568],[-116.7789,45.866],[-116.7628,45.8753],[-116.7466,45.8845],[-116.7305,45.8938],[-116.7371,45.9053],[-116.7437,45.9168],[-116.7503,45.9283],[-116.757,45.9398],[-116.7434,45.9512],[-116.7298,45.9626],[-116.7162,45.974],[-116.7026,45.9853],[-116.689,45.9967],[-116.6753,46.0081],[-116.6617,46.0195],[-116.6481,46.0309],[-116.6362,46.0239],[-116.6243,46.0169],[-116.6124,46.01],[-116.6005,46.003],[-116.5886,45.996],[-116.5766,45.9891],[-116.5647,45.9821],[-116.5528,45.9751],[-116.5255,45.9719],[-116.4981,45.9687],[-116.4708,45.9656],[-116.4434,45.9623],[-116.4315,45.9479],[-116.4196,45.9334],[-116.4076,45.919],[-116.3957,45.9045],[-116.3892,45.9221],[-116.3827,45.9397],[-116.3762,45.9572],[-116.3697,45.9748],[-116.3631,45.9924],[-116.3566,46.01],[-116.35,46.0275],[-116.3435,46.0451],[-116.3497,46.0851],[-116.3558,46.1251],[-116.3669,46.1421],[-116.378,46.159],[-116.389,46.176],[-116.4001,46.193],[-116.4169,46.2039],[-116.4338,46.2149],[-116.4506,46.2259],[-116.4674,46.2368],[-116.492,46.2363],[-116.5166,46.2358],[-116.5412,46.2353],[-116.5658,46.2348],[-116.5762,46.2438],[-116.5866,46.2528],[-116.5971,46.2618],[-116.6075,46.2708],[-116.6009,46.2842],[-116.5944,46.2975],[-116.5878,46.3108],[-116.5813,46.3241],[-116.5988,46.3359],[-116.6163,46.3476],[-116.6338,46.3594],[-116.6513,46.3711],[-116.6692,46.3702],[-116.6872,46.3692],[-116.7051,46.3683],[-116.723,46.3673],[-116.7409,46.3663],[-116.7588,46.3654],[-116.7767,46.3644],[-116.7947,46.3635],[-116.7986,46.3829],[-116.8026,46.4023],[-116.8066,46.4217],[-116.8106,46.4411],[-116.827,46.4421],[-116.8434,46.443]]]},"properties":{"OBJECTID":1111,"state":"Idaho","agency":"Idaho Fish and Game","unit_type":"GMU","unit_id":"11","unit_name":"Hunting Unit 11","unit_label":"Idaho GMU 11 - Hunting Unit 11","aliases":"11 | 11 hunting unit 11 | 2025 | game management unit | game management unit 11 | game management unit 11 hunting unit 11 | gmu | gmu 11 | gmu 11 hunting unit 11 | hunt unit | hunt unit 11 | hunt unit 11 hunting unit 11 | hunting unit | hunting unit 11 |","year":"2025","Shape_Length":231343.41358024615,"Shape_Area":1969075417.4437597}},{"type":"Feature","id":1112,"geometry":{"type":"Polygon","coordinates":[[[-114.4667,46.2724],[-114.486,46.2754],[-114.5052,46.2784],[-114.5244,46.2814],[-114.5437,46.2844],[-114.5629,46.2874],[-114.5822,46.2904],[-114.6014,46.2934],[-114.6207,46.2963],[-114.6359,46.3051],[-114.6511,46.314],[-114.6663,46.3228],[-114.6816,46.3316],[-114.6785,46.3539],[-114.6754,46.3763],[-114.704,46.3763],[-114.7326,46.3763],[-114.7399,46.3598],[-114.7471,46.3432],[-114.7543,46.3266],[-114.7616,46.31],[-114.7764,46.3181],[-114.7913,46.3262],[-114.8061,46.3342],[-114.821,46.3423],[-114.8358,46.3503],[-114.8507,46.3584],[-114.8656,46.3665],[-114.8804,46.3745],[-114.9019,46.3712],[-114.9233,46.3679],[-114.9448,46.3646],[-114.9662,46.3613],[-114.9814,46.3495],[-114.9966,46.3376],[-115.0118,46.3258],[-115.027,46.3139],[-115.0485,46.3126],[-115.0699,46.3112],[-115.0913,46.3098],[-115.1128,46.3085],[-115.125,46.3008],[-115.1372,46.2932],[-115.1495,46.2855],[-115.1617,46.2779],[-115.174,46.2702],[-115.1862,46.2625],[-115.1984,46.2549],[-115.2107,46.2472],[-115.194,46.2304],[-115.1773,46.2136],[-115.1872,46.2026],[-115.1971,46.1916],[-115.2069,46.1805],[-115.2168,46.1695],[-115.2077,46.1602],[-115.1985,46.1508],[-115.1894,46.1415],[-115.1802,46.1322],[-115.1953,46.1218],[-115.2105,46.1114],[-115.2256,46.101],[-115.2407,46.0906],[-115.2558,46.0802],[-115.2709,46.0699],[-115.286,46.0595],[-115.3011,46.0491],[-115.2787,46.046],[-115.2563,46.0429],[-115.2347,46.0493],[-115.2131,46.0557],[-115.1914,46.0622],[-115.1698,46.0686],[-115.1482,46.075],[-115.1265,46.0814],[-115.1049,46.0878],[-115.0833,46.0942],[-115.0898,46.082],[-115.0964,46.0697],[-115.1029,46.0575],[-115.1095,46.0453],[-115.116,46.0331],[-115.1226,46.0209],[-115.1291,46.0087],[-115.1357,45.9965],[-115.1223,45.9881],[-115.109,45.9797],[-115.0957,45.9712],[-115.0823,45.9628],[-115.074,45.9469],[-115.0657,45.931],[-115.0574,45.9151],[-115.0491,45.8992],[-115.0408,45.8833],[-115.0325,45.8674],[-115.0242,45.8515],[-115.0159,45.8356],[-115.0229,45.8187],[-115.0299,45.8017],[-115.0039,45.794],[-114.978,45.7862],[-114.952,45.7785],[-114.9261,45.7707],[-114.9418,45.7549],[-114.9576,45.739],[-114.9733,45.7232],[-114.989,45.7074],[-114.9771,45.6966],[-114.9651,45.6859],[-114.9531,45.6752],[-114.9412,45.6644],[-114.9292,45.6537],[-114.9173,45.643],[-114.9053,45.6323],[-114.8934,45.6215],[-114.8643,45.6238],[-114.8352,45.6261],[-114.8212,45.6079],[-114.8072,45.5897],[-114.8133,45.5753],[-114.8194,45.5609],[-114.8256,45.5465],[-114.8317,45.5321],[-114.8234,45.5233],[-114.815,45.5144],[-114.8067,45.5055],[-114.7984,45.4967],[-114.7833,45.5042],[-114.7681,45.5116],[-114.7552,45.5066],[-114.7422,45.5015],[-114.7293,45.4964],[-114.7164,45.4913],[-114.7035,45.4862],[-114.6906,45.4812],[-114.6777,45.4761],[-114.6648,45.471],[-114.6523,45.4819],[-114.6398,45.4927],[-114.6274,45.5036],[-114.6149,45.5144],[-114.6024,45.5253],[-114.5899,45.5361],[-114.5774,45.547],[-114.5649,45.5579],[-114.5649,45.5579],[-114.5649,45.5579],[-114.5653,45.5605],[-114.5653,45.5626],[-114.5651,45.563],[-114.5644,45.5638],[-114.5588,45.5661],[-114.5584,45.5666],[-114.5572,45.5688],[-114.5571,45.5693],[-114.5574,45.5712],[-114.5574,45.5715],[-114.5574,45.5716],[-114.5573,45.5719],[-114.5573,45.5834],[-114.5576,45.5835],[-114.5585,45.5845],[-114.558,45.5853],[-114.5571,45.5859],[-114.5569,45.5862],[-114.5568,45.5862],[-114.5556,45.5876],[-114.5538,45.5889],[-114.5537,45.5891],[-114.5517,45.5937],[-114.5506,45.5944],[-114.547,45.6],[-114.5468,45.6],[-114.5423,45.6022],[-114.5404,45.6041],[-114.5398,45.6087],[-114.5405,45.6093],[-114.5408,45.6099],[-114.5411,45.6105],[-114.5416,45.6111],[-114.5422,45.612],[-114.5508,45.6184],[-114.5548,45.6205],[-114.5553,45.6223],[-114.5584,45.6272],[-114.5587,45.6278],[-114.5588,45.6279],[-114.559,45.6281],[-114.5603,45.6293],[-114.5635,45.6325],[-114.5588,45.6407],[-114.5575,45.641],[-114.5539,45.6418],[-114.5495,45.6426],[-114.5435,45.6425],[-114.5419,45.6414],[-114.5418,45.6414],[-114.5417,45.6423],[-114.5408,45.6445],[-114.5397,45.6463],[-114.5404,45.6477],[-114.5412,45.6484],[-114.5386,45.6506],[-114.5366,45.6505],[-114.5342,45.6511],[-114.5309,45.6519],[-114.5286,45.6522],[-114.5274,45.6514],[-114.524,45.6497],[-114.5224,45.6494],[-114.5219,45.6495],[-114.5195,45.6509],[-114.5091,45.6569],[-114.5078,45.6576],[-114.5078,45.6577],[-114.5077,45.6588],[-114.5077,45.6589],[-114.507,45.6602],[-114.5062,45.6618],[-114.5058,45.6624],[-114.4998,45.6695],[-114.5003,45.6712],[-114.5008,45.6719],[-114.5011,45.6721],[-114.5015,45.6773],[-114.5015,45.6774],[-114.5004,45.6778],[-114.4993,45.6799],[-114.4993,45.68],[-114.5002,45.6814],[-114.5011,45.6823],[-114.5069,45.6833],[-114.5075,45.6834],[-114.5128,45.6838],[-114.5137,45.684],[-114.5138,45.6841],[-114.5123,45.6866],[-114.5097,45.6889],[-114.5092,45.6894],[-114.5078,45.6899],[-114.5045,45.6916],[-114.4984,45.698],[-114.4975,45.6988],[-114.4969,45.6993],[-114.496,45.7014],[-114.496,45.7043],[-114.496,45.7043],[-114.4963,45.7062],[-114.4974,45.7089],[-114.4975,45.7094],[-114.4981,45.7116],[-114.5004,45.7142],[-114.5017,45.7155],[-114.5041,45.7207],[-114.5041,45.7217],[-114.5052,45.7225],[-114.5055,45.7226],[-114.5125,45.7257],[-114.5131,45.7261],[-114.5132,45.7261],[-114.5147,45.7271],[-114.5152,45.7272],[-114.5189,45.7267],[-114.5204,45.7265],[-114.5211,45.7267],[-114.5344,45.735],[-114.5476,45.7433],[-114.5468,45.7455],[-114.5459,45.7463],[-114.5463,45.7489],[-114.5495,45.7627],[-114.5496,45.7627],[-114.5507,45.7636],[-114.5517,45.764],[-114.5521,45.764],[-114.5591,45.7656],[-114.5593,45.7658],[-114.5648,45.7713],[-114.5662,45.7734],[-114.5647,45.7752],[-114.5633,45.7777],[-114.5632,45.7782],[-114.5631,45.7789],[-114.5628,45.7793],[-114.5617,45.7805],[-114.56,45.7815],[-114.5583,45.7827],[-114.556,45.7851],[-114.5556,45.7861],[-114.5555,45.7863],[-114.5551,45.7868],[-114.5478,45.7894],[-114.5443,45.7902],[-114.5442,45.7909],[-114.545,45.7964],[-114.5451,45.7972],[-114.5447,45.7982],[-114.5446,45.7983],[-114.5413,45.7997],[-114.5394,45.8013],[-114.5389,45.8019],[-114.5313,45.814],[-114.5316,45.8141],[-114.5309,45.8189],[-114.5302,45.8192],[-114.5277,45.8199],[-114.5272,45.8201],[-114.5222,45.8235],[-114.5159,45.8261],[-114.5136,45.8283],[-114.5121,45.8292],[-114.512,45.8296],[-114.5129,45.8298],[-114.5156,45.8314],[-114.5164,45.8321],[-114.5172,45.8357],[-114.5152,45.8397],[-114.5085,45.8458],[-114.5082,45.8458],[-114.5065,45.8457],[-114.5054,45.8457],[-114.5052,45.8457],[-114.504,45.8458],[-114.5039,45.8459],[-114.4992,45.8505],[-114.4943,45.8497],[-114.4937,45.8498],[-114.4927,45.8498],[-114.4923,45.8498],[-114.4916,45.8498],[-114.4909,45.8499],[-114.4905,45.85],[-114.4901,45.85],[-114.4885,45.8507],[-114.4877,45.8514],[-114.4876,45.8514],[-114.4865,45.8516],[-114.485,45.8515],[-114.4803,45.8484],[-114.4778,45.8473],[-114.4774,45.8471],[-114.475,45.8466],[-114.4727,45.8473],[-114.4694,45.8516],[-114.4659,45.8519],[-114.4656,45.852],[-114.4625,45.8543],[-114.4623,45.8545],[-114.4615,45.8551],[-114.4614,45.8551],[-114.458,45.8547],[-114.4573,45.8546],[-114.4566,45.8547],[-114.4562,45.8548],[-114.4491,45.8587],[-114.4231,45.8555],[-114.4213,45.8552],[-114.4211,45.8552],[-114.4207,45.8552],[-114.4184,45.8536],[-114.4182,45.8535],[-114.4129,45.8521],[-114.4128,45.8521],[-114.4096,45.8516],[-114.4096,45.8517],[-114.4096,45.852],[-114.4085,45.8554],[-114.4083,45.8561],[-114.4067,45.8638],[-114.4065,45.8643],[-114.4059,45.8682],[-114.4059,45.8683],[-114.4063,45.869],[-114.4063,45.8692],[-114.4044,45.8717],[-114.3957,45.872],[-114.3956,45.8737],[-114.3956,45.8737],[-114.3953,45.8742],[-114.3946,45.8746],[-114.3908,45.8921],[-114.3919,45.8921],[-114.3925,45.8922],[-114.3928,45.8923],[-114.3968,45.9013],[-114.397,45.9014],[-114.4066,45.91],[-114.4162,45.9185],[-114.4162,45.9187],[-114.4261,45.9319],[-114.4261,45.932],[-114.427,45.9326],[-114.4273,45.9327],[-114.4292,45.9338],[-114.4298,45.9344],[-114.4308,45.9354],[-114.4312,45.9359],[-114.4314,45.9376],[-114.4307,45.9382],[-114.4207,45.9457],[-114.4107,45.9531],[-114.4101,45.9532],[-114.4076,45.9539],[-114.4073,45.954],[-114.4017,45.9636],[-114.4018,45.9636],[-114.4041,45.9664],[-114.4041,45.9664],[-114.4063,45.9697],[-114.4063,45.9697],[-114.4074,45.9703],[-114.4082,45.9707],[-114.4092,45.9713],[-114.4092,45.9713],[-114.4211,45.9813],[-114.4219,45.9816],[-114.4288,45.9864],[-114.4288,45.9864],[-114.4308,45.9867],[-114.4321,45.9867],[-114.4327,45.9868],[-114.4341,45.9874],[-114.4348,45.9875],[-114.4352,45.9876],[-114.4365,45.9875],[-114.4372,45.9875],[-114.4445,45.9873],[-114.4459,45.9873],[-114.447,45.9873],[-114.448,45.9874],[-114.4483,45.9875],[-114.4523,45.9901],[-114.4528,45.9903],[-114.4552,45.9928],[-114.4559,45.9945],[-114.4565,45.9954],[-114.4565,45.9955],[-114.4644,45.9972],[-114.4649,45.997],[-114.465,45.9968],[-114.4665,45.9956],[-114.4709,45.9934],[-114.4766,45.9921],[-114.4771,45.9923],[-114.4776,45.9923],[-114.4798,45.9928],[-114.4805,45.9933],[-114.485,45.9964],[-114.485,45.9966],[-114.4866,45.9996],[-114.4867,46.0001],[-114.4867,46.0006],[-114.4868,46.0006],[-114.4829,46.0081],[-114.4827,46.0082],[-114.4802,46.0095],[-114.4798,46.0097],[-114.4797,46.0097],[-114.478,46.0106],[-114.478,46.0106],[-114.4772,46.0109],[-114.4755,46.0118],[-114.4742,46.0126],[-114.4735,46.015],[-114.4735,46.0153],[-114.4737,46.0155],[-114.4741,46.0175],[-114.4741,46.0182],[-114.4751,46.0193],[-114.4868,46.0295],[-114.49,46.0278],[-114.4903,46.0277],[-114.4908,46.0278],[-114.4912,46.0278],[-114.5067,46.0376],[-114.5058,46.0392],[-114.5046,46.0407],[-114.5041,46.0414],[-114.5041,46.0414],[-114.4997,46.0418],[-114.4978,46.0422],[-114.4977,46.0423],[-114.4976,46.0437],[-114.4969,46.0438],[-114.4954,46.0455],[-114.495,46.0458],[-114.491,46.0531],[-114.4892,46.0536],[-114.4887,46.0538],[-114.4883,46.0539],[-114.4826,46.0552],[-114.4824,46.0552],[-114.482,46.0552],[-114.4807,46.0553],[-114.48,46.0554],[-114.4793,46.0557],[-114.476,46.0575],[-114.4756,46.0577],[-114.4745,46.0587],[-114.4717,46.061],[-114.472,46.0718],[-114.472,46.0719],[-114.4722,46.0766],[-114.4723,46.0768],[-114.471,46.0773],[-114.4705,46.0773],[-114.4695,46.077],[-114.469,46.0771],[-114.4677,46.0771],[-114.4661,46.0775],[-114.4621,46.0829],[-114.4607,46.0857],[-114.4604,46.0915],[-114.4603,46.0919],[-114.4713,46.0985],[-114.4824,46.1051],[-114.4935,46.1117],[-114.5046,46.1183],[-114.5053,46.1184],[-114.5149,46.1336],[-114.5245,46.1488],[-114.5244,46.1488],[-114.5197,46.1517],[-114.5153,46.1534],[-114.5152,46.1588],[-114.515,46.159],[-114.515,46.1675],[-114.5064,46.1646],[-114.497,46.1677],[-114.4924,46.1677],[-114.4902,46.1677],[-114.4765,46.1606],[-114.4651,46.1656],[-114.465,46.1657],[-114.4577,46.1702],[-114.4576,46.1702],[-114.4572,46.1703],[-114.4454,46.1679],[-114.4452,46.168],[-114.4446,46.1689],[-114.4487,46.2171],[-114.4484,46.2175],[-114.4577,46.2436],[-114.4581,46.2438],[-114.4665,46.2506],[-114.4663,46.2508],[-114.4661,46.251],[-114.4659,46.2513],[-114.4659,46.2536],[-114.4685,46.2582],[-114.4686,46.2585],[-114.4691,46.2607],[-114.4691,46.2608],[-114.4693,46.2613],[-114.4701,46.2681],[-114.4685,46.2696],[-114.4667,46.2724]]]},"properties":{"OBJECTID":1112,"state":"Idaho","agency":"Idaho Fish and Game","unit_type":"GMU","unit_id":"17","unit_name":"Hunting Unit 17","unit_label":"Idaho GMU 17 - Hunting Unit 17","aliases":"17 | 17 hunting unit 17 | 2025 | game management unit | game management unit 17 | game management unit 17 hunting unit 17 | gmu | gmu 17 | gmu 17 hunting unit 17 | hunt unit | hunt unit 17 | hunt unit 17 hunting unit 17 | hunting unit | hunting unit 17 |","year":"2025","Shape_Length":354890.45637955464,"Shape_Area":3952179536.664042}},{"type":"Feature","id":1113,"geometry":{"type":"Polygon","coordinates":[[[-115.4294,46.0014],[-115.4297,46.0013],[-115.4299,46.0011],[-115.4302,46.0008],[-115.4303,46.0007],[-115.4343,45.9943],[-115.4344,45.9938],[-115.4346,45.9934],[-115.4292,45.9839],[-115.4289,45.9838],[-115.4288,45.9836],[-115.4303,45.9767],[-115.4301,45.9769],[-115.4297,45.9771],[-115.4218,45.9626],[-115.4209,45.9615],[-115.4206,45.9611],[-115.4204,45.961],[-115.4197,45.9609],[-115.4196,45.9606],[-115.4046,45.9543],[-115.3895,45.948],[-115.3892,45.948],[-115.3891,45.9481],[-115.389,45.9482],[-115.3887,45.9478],[-115.3729,45.9344],[-115.3572,45.9211],[-115.3565,45.9207],[-115.3563,45.9205],[-115.3442,45.9001],[-115.3321,45.8796],[-115.32,45.8592],[-115.3079,45.8388],[-115.2872,45.8256],[-115.2665,45.8125],[-115.2396,45.8136],[-115.2128,45.8147],[-115.1859,45.8158],[-115.1591,45.8169],[-115.1484,45.7944],[-115.1605,45.783],[-115.1725,45.7715],[-115.1846,45.76],[-115.1966,45.7485],[-115.2087,45.737],[-115.2207,45.7255],[-115.2327,45.714],[-115.2448,45.7025],[-115.2235,45.6988],[-115.2022,45.695],[-115.181,45.6913],[-115.1597,45.6876],[-115.145,45.6982],[-115.1303,45.7088],[-115.1156,45.7195],[-115.1009,45.7301],[-115.0861,45.7407],[-115.0714,45.7513],[-115.0567,45.7619],[-115.042,45.7726],[-115.0359,45.7871],[-115.0299,45.8017],[-115.0229,45.8187],[-115.0159,45.8356],[-115.0242,45.8515],[-115.0325,45.8674],[-115.0408,45.8833],[-115.0491,45.8992],[-115.0574,45.9151],[-115.0657,45.931],[-115.074,45.9469],[-115.0823,45.9628],[-115.0957,45.9712],[-115.109,45.9797],[-115.1223,45.9881],[-115.1357,45.9965],[-115.1291,46.0087],[-115.1226,46.0209],[-115.116,46.0331],[-115.1095,46.0453],[-115.1029,46.0575],[-115.0964,46.0697],[-115.0898,46.082],[-115.0833,46.0942],[-115.1049,46.0878],[-115.1265,46.0814],[-115.1482,46.075],[-115.1698,46.0686],[-115.1914,46.0622],[-115.2131,46.0557],[-115.2347,46.0493],[-115.2563,46.0429],[-115.2787,46.046],[-115.3011,46.0491],[-115.3118,46.0399],[-115.3224,46.0308],[-115.3331,46.0216],[-115.3438,46.0125],[-115.3652,46.0097],[-115.3866,46.007],[-115.408,46.0042],[-115.4294,46.0014]]]},"properties":{"OBJECTID":1113,"state":"Idaho","agency":"Idaho Fish and Game","unit_type":"GMU","unit_id":"16A","unit_name":"Hunting Unit 16A","unit_label":"Idaho GMU 16A - Hunting Unit 16A","aliases":"16a | 16a hunting unit 16a | 2025 | game management unit | game management unit 16a | game management unit 16a hunting unit 16a | gmu | gmu 16a | gmu 16a hunting unit 16a | hunt unit | hunt unit 16a | hunt unit 16a hunting unit 16a | hunting unit | hunti","year":"2025","Shape_Length":139206.0958937229,"Shape_Area":717665105.2848172}},{"type":"Feature","id":1114,"geometry":{"type":"Polygon","coordinates":[[[-116.3435,46.0451],[-116.35,46.0275],[-116.3566,46.01],[-116.3631,45.9924],[-116.3697,45.9748],[-116.3762,45.9572],[-116.3827,45.9397],[-116.3892,45.9221],[-116.3957,45.9045],[-116.3833,45.8987],[-116.3708,45.8929],[-116.3583,45.8871],[-116.3458,45.8813],[-116.3334,45.8755],[-116.3209,45.8697],[-116.3084,45.8639],[-116.2959,45.8581],[-116.3035,45.8297],[-116.311,45.8012],[-116.3185,45.7728],[-116.326,45.7443],[-116.3223,45.7144],[-116.3185,45.6845],[-116.3148,45.6546],[-116.311,45.6246],[-116.3073,45.5947],[-116.3035,45.5648],[-116.2998,45.5349],[-116.296,45.505],[-116.3006,45.4829],[-116.3052,45.4609],[-116.3098,45.4388],[-116.3144,45.4168],[-116.288,45.4124],[-116.2615,45.408],[-116.2351,45.4036],[-116.2086,45.3992],[-116.1939,45.4061],[-116.1793,45.413],[-116.1646,45.4199],[-116.1499,45.4267],[-116.1342,45.4141],[-116.1185,45.4015],[-116.0966,45.4073],[-116.0748,45.4132],[-116.053,45.419],[-116.0312,45.4249],[-116.0089,45.4324],[-115.9866,45.4399],[-115.9643,45.4474],[-115.942,45.4548],[-115.9267,45.4676],[-115.9114,45.4804],[-115.896,45.4931],[-115.8807,45.5059],[-115.8866,45.5212],[-115.8925,45.5365],[-115.8794,45.5518],[-115.8662,45.5671],[-115.8531,45.5823],[-115.84,45.5976],[-115.857,45.5968],[-115.8573,45.5968],[-115.8575,45.5967],[-115.8857,45.5959],[-115.9139,45.5951],[-115.9355,45.6074],[-115.957,45.6197],[-115.9785,45.632],[-116.0,45.6443],[-116.0005,45.6445],[-116.0007,45.6445],[-116.001,45.6446],[-116.0012,45.6447],[-116.0014,45.6447],[-116.0086,45.6478],[-116.0087,45.6478],[-116.0089,45.6478],[-116.0091,45.6476],[-116.0093,45.6473],[-116.0099,45.6467],[-116.0118,45.6452],[-116.012,45.6452],[-116.0121,45.6451],[-116.0122,45.645],[-116.0123,45.6449],[-116.0125,45.6449],[-116.0174,45.6424],[-116.0175,45.6423],[-116.0176,45.6423],[-116.0232,45.6445],[-116.0234,45.6445],[-116.0236,45.6445],[-116.0453,45.6529],[-116.0455,45.6529],[-116.0457,45.6529],[-116.046,45.6529],[-116.0463,45.6529],[-116.0483,45.652],[-116.0485,45.6519],[-116.0489,45.6517],[-116.0527,45.6689],[-116.053,45.6689],[-116.0459,45.6888],[-116.0389,45.7087],[-116.039,45.7091],[-116.0391,45.7092],[-116.0413,45.7146],[-116.0413,45.7147],[-116.0413,45.7149],[-116.042,45.7154],[-116.0419,45.7156],[-116.0419,45.7157],[-116.0418,45.7157],[-116.0416,45.7158],[-116.0294,45.7327],[-116.0172,45.7496],[-116.0173,45.7497],[-116.0174,45.7499],[-116.0231,45.7624],[-116.0288,45.7748],[-116.0289,45.775],[-116.0291,45.7754],[-116.0486,45.7838],[-116.0681,45.7922],[-116.0724,45.8355],[-116.0767,45.8788],[-116.0944,45.8801],[-116.1121,45.8815],[-116.1123,45.8815],[-116.1124,45.8815],[-116.1084,45.9255],[-116.1289,45.9309],[-116.1493,45.9362],[-116.1698,45.9416],[-116.1902,45.9469],[-116.2107,45.9523],[-116.2312,45.9576],[-116.2516,45.963],[-116.2721,45.9683],[-116.281,45.9779],[-116.2899,45.9875],[-116.2989,45.9971],[-116.3078,46.0067],[-116.3167,46.0163],[-116.3256,46.0259],[-116.3346,46.0355],[-116.3435,46.0451]]]},"properties":{"OBJECTID":1114,"state":"Idaho","agency":"Idaho Fish and Game","unit_type":"GMU","unit_id":"14","unit_name":"Hunting Unit 14","unit_label":"Idaho GMU 14 - Hunting Unit 14","aliases":"14 | 14 hunting unit 14 | 2025 | game management unit | game management unit 14 | game management unit 14 hunting unit 14 | gmu | gmu 14 | gmu 14 hunting unit 14 | hunt unit | hunt unit 14 | hunt unit 14 hunting unit 14 | hunting unit | hunting unit 14 |","year":"2025","Shape_Length":204721.23137738043,"Shape_Area":1521342579.8332796}},{"type":"Feature","id":1115,"geometry":{"type":"Polygon","coordinates":[[[-116.3957,45.9045],[-116.4076,45.919],[-116.4196,45.9334],[-116.4315,45.9479],[-116.4434,45.9623],[-116.4708,45.9656],[-116.4981,45.9687],[-116.5255,45.9719],[-116.5528,45.9751],[-116.5647,45.9821],[-116.5766,45.9891],[-116.5886,45.996],[-116.6005,46.003],[-116.6124,46.01],[-116.6243,46.0169],[-116.6362,46.0239],[-116.6481,46.0309],[-116.6617,46.0195],[-116.6753,46.0081],[-116.689,45.9967],[-116.7026,45.9853],[-116.7162,45.974],[-116.7298,45.9626],[-116.7434,45.9512],[-116.757,45.9398],[-116.7503,45.9283],[-116.7437,45.9168],[-116.7371,45.9053],[-116.7305,45.8938],[-116.7466,45.8845],[-116.7628,45.8753],[-116.7789,45.866],[-116.7951,45.8568],[-116.791,45.8507],[-116.7907,45.8503],[-116.7859,45.8295],[-116.7859,45.8295],[-116.7744,45.8232],[-116.7743,45.8232],[-116.7718,45.8218],[-116.7716,45.8218],[-116.771,45.8215],[-116.7708,45.8214],[-116.7705,45.8213],[-116.7703,45.8212],[-116.7615,45.8161],[-116.7611,45.8161],[-116.7579,45.8165],[-116.7577,45.8165],[-116.7414,45.8214],[-116.7252,45.8264],[-116.7244,45.8262],[-116.7133,45.8264],[-116.7126,45.8262],[-116.7081,45.8248],[-116.708,45.8247],[-116.7065,45.8236],[-116.7063,45.8234],[-116.6966,45.8192],[-116.6963,45.8187],[-116.6941,45.8134],[-116.694,45.8129],[-116.6854,45.8019],[-116.6768,45.7909],[-116.6753,45.7897],[-116.6752,45.7896],[-116.6705,45.7866],[-116.6699,45.7859],[-116.6682,45.7842],[-116.668,45.7841],[-116.6669,45.7832],[-116.6664,45.7828],[-116.6657,45.7824],[-116.6472,45.7812],[-116.6287,45.78],[-116.6103,45.7788],[-116.5918,45.7776],[-116.5913,45.7772],[-116.5787,45.7685],[-116.578,45.7676],[-116.5618,45.7574],[-116.5603,45.7559],[-116.5444,45.7471],[-116.5441,45.7465],[-116.5439,45.7463],[-116.5435,45.7458],[-116.5423,45.7448],[-116.5394,45.7398],[-116.5371,45.7253],[-116.5371,45.7249],[-116.5377,45.7195],[-116.5377,45.7193],[-116.5374,45.7111],[-116.5374,45.7109],[-116.5296,45.6991],[-116.5219,45.6873],[-116.5141,45.6754],[-116.5064,45.6636],[-116.5062,45.6634],[-116.5014,45.6596],[-116.5009,45.6593],[-116.4981,45.6577],[-116.4979,45.6576],[-116.4969,45.6571],[-116.4966,45.657],[-116.496,45.6566],[-116.4959,45.6565],[-116.4949,45.6558],[-116.4947,45.6557],[-116.4944,45.6554],[-116.4944,45.6554],[-116.4939,45.655],[-116.4932,45.6545],[-116.4908,45.6525],[-116.4904,45.6519],[-116.4903,45.6519],[-116.4891,45.6507],[-116.4875,45.648],[-116.4875,45.6479],[-116.4876,45.6472],[-116.4876,45.6467],[-116.4879,45.6458],[-116.4879,45.6457],[-116.4828,45.6399],[-116.4826,45.6394],[-116.476,45.6318],[-116.4556,45.6376],[-116.4352,45.6435],[-116.4148,45.6493],[-116.3944,45.6551],[-116.3858,45.6663],[-116.3773,45.6774],[-116.3688,45.6886],[-116.3602,45.6997],[-116.3517,45.7109],[-116.3431,45.722],[-116.3346,45.7332],[-116.326,45.7443],[-116.3185,45.7728],[-116.311,45.8012],[-116.3035,45.8297],[-116.2959,45.8581],[-116.3084,45.8639],[-116.3209,45.8697],[-116.3334,45.8755],[-116.3458,45.8813],[-116.3583,45.8871],[-116.3708,45.8929],[-116.3833,45.8987],[-116.3957,45.9045]]]},"properties":{"OBJECTID":1115,"state":"Idaho","agency":"Idaho Fish and Game","unit_type":"GMU","unit_id":"13","unit_name":"Hunting Unit 13","unit_label":"Idaho GMU 13 - Hunting Unit 13","aliases":"13 | 13 hunting unit 13 | 2025 | game management unit | game management unit 13 | game management unit 13 hunting unit 13 | gmu | gmu 13 | gmu 13 hunting unit 13 | hunt unit | hunt unit 13 | hunt unit 13 hunting unit 13 | hunting unit | hunting unit 13 |","year":"2025","Shape_Length":132066.07210938542,"Shape_Area":891317431.9382703}},{"type":"Feature","id":1116,"geometry":{"type":"Polygon","coordinates":[[[-114.7984,45.4967],[-114.8067,45.5055],[-114.815,45.5144],[-114.8234,45.5233],[-114.8317,45.5321],[-114.8256,45.5465],[-114.8194,45.5609],[-114.8133,45.5753],[-114.8072,45.5897],[-114.8212,45.6079],[-114.8352,45.6261],[-114.8643,45.6238],[-114.8934,45.6215],[-114.9053,45.6323],[-114.9173,45.643],[-114.9292,45.6537],[-114.9412,45.6644],[-114.9531,45.6752],[-114.9651,45.6859],[-114.9771,45.6966],[-114.989,45.7074],[-114.9733,45.7232],[-114.9576,45.739],[-114.9418,45.7549],[-114.9261,45.7707],[-114.952,45.7785],[-114.978,45.7862],[-115.0039,45.794],[-115.0299,45.8017],[-115.0359,45.7871],[-115.042,45.7726],[-115.0567,45.7619],[-115.0714,45.7513],[-115.0861,45.7407],[-115.1009,45.7301],[-115.1156,45.7195],[-115.1303,45.7088],[-115.145,45.6982],[-115.1597,45.6876],[-115.181,45.6913],[-115.2022,45.695],[-115.2235,45.6988],[-115.2448,45.7025],[-115.2648,45.7029],[-115.2847,45.7033],[-115.3047,45.7037],[-115.3247,45.7041],[-115.3441,45.6914],[-115.3635,45.6787],[-115.3829,45.666],[-115.4023,45.6533],[-115.4025,45.6531],[-115.4035,45.6518],[-115.414,45.6425],[-115.4244,45.6332],[-115.4349,45.6239],[-115.4453,45.6147],[-115.4496,45.596],[-115.4538,45.5773],[-115.458,45.5587],[-115.4623,45.54],[-115.4753,45.5331],[-115.4883,45.5262],[-115.5013,45.5193],[-115.5143,45.5124],[-115.5273,45.5055],[-115.5403,45.4986],[-115.5533,45.4917],[-115.5663,45.4847],[-115.5579,45.4723],[-115.5495,45.4598],[-115.5412,45.4474],[-115.5328,45.4349],[-115.5244,45.4225],[-115.516,45.41],[-115.5076,45.3976],[-115.4992,45.3851],[-115.4899,45.3945],[-115.4805,45.4038],[-115.4711,45.4131],[-115.4617,45.4224],[-115.4523,45.4318],[-115.4429,45.4411],[-115.4335,45.4504],[-115.4241,45.4597],[-115.4019,45.4662],[-115.3796,45.4728],[-115.3574,45.4793],[-115.3351,45.4858],[-115.3286,45.5018],[-115.3222,45.5178],[-115.3087,45.5243],[-115.2951,45.5308],[-115.2816,45.5373],[-115.268,45.5438],[-115.2545,45.5502],[-115.2409,45.5567],[-115.2274,45.5632],[-115.2138,45.5697],[-115.1952,45.5623],[-115.1765,45.5549],[-115.1579,45.5475],[-115.1393,45.5401],[-115.1206,45.5327],[-115.102,45.5253],[-115.0834,45.5178],[-115.0648,45.5104],[-115.0416,45.5092],[-115.0184,45.5079],[-115.0016,45.4975],[-114.9848,45.4871],[-114.968,45.4767],[-114.9513,45.4664],[-114.9345,45.456],[-114.9177,45.4456],[-114.901,45.4352],[-114.8842,45.4248],[-114.8615,45.4161],[-114.8388,45.4073],[-114.8161,45.3986],[-114.7934,45.3898],[-114.7642,45.3926],[-114.735,45.3954],[-114.7495,45.4056],[-114.764,45.4158],[-114.7786,45.426],[-114.7931,45.4363],[-114.7958,45.4665],[-114.7984,45.4967]]]},"properties":{"OBJECTID":1116,"state":"Idaho","agency":"Idaho Fish and Game","unit_type":"GMU","unit_id":"20","unit_name":"Hunting Unit 20","unit_label":"Idaho GMU 20 - Hunting Unit 20","aliases":"20 | 20 hunting unit 20 | 2025 | game management unit | game management unit 20 | game management unit 20 hunting unit 20 | gmu | gmu 20 | gmu 20 hunting unit 20 | hunt unit | hunt unit 20 | hunt unit 20 hunting unit 20 | hunting unit | hunting unit 20 |","year":"2025","Shape_Length":212706.57462101785,"Shape_Area":1221411454.8637867}},{"type":"Feature","id":1117,"geometry":{"type":"Polygon","coordinates":[[[-116.326,45.7443],[-116.3346,45.7332],[-116.3431,45.722],[-116.3517,45.7109],[-116.3602,45.6997],[-116.3688,45.6886],[-116.3773,45.6774],[-116.3858,45.6663],[-116.3944,45.6551],[-116.4148,45.6493],[-116.4352,45.6435],[-116.4556,45.6376],[-116.476,45.6318],[-116.4717,45.6276],[-116.4719,45.6272],[-116.4636,45.615],[-116.4637,45.6146],[-116.4736,45.602],[-116.4836,45.5894],[-116.4936,45.5768],[-116.5036,45.5642],[-116.5035,45.5639],[-116.5034,45.563],[-116.5034,45.5625],[-116.5274,45.5524],[-116.5276,45.5522],[-116.5323,45.5379],[-116.537,45.5236],[-116.5374,45.5234],[-116.5459,45.4939],[-116.5544,45.4644],[-116.571,45.4471],[-116.5876,45.4299],[-116.6042,45.4127],[-116.6207,45.3955],[-116.6216,45.395],[-116.63,45.3834],[-116.6383,45.3719],[-116.6467,45.3603],[-116.655,45.3487],[-116.6482,45.3294],[-116.6414,45.31],[-116.6346,45.2907],[-116.6278,45.2714],[-116.6207,45.2612],[-116.6136,45.251],[-116.6065,45.2409],[-116.5994,45.2307],[-116.5923,45.2206],[-116.5852,45.2104],[-116.5782,45.2002],[-116.5711,45.1901],[-116.5732,45.2369],[-116.5753,45.2838],[-116.5663,45.2924],[-116.5573,45.3011],[-116.5483,45.3098],[-116.5393,45.3185],[-116.5303,45.3271],[-116.5212,45.3358],[-116.5122,45.3445],[-116.5032,45.3532],[-116.4864,45.3429],[-116.4697,45.3326],[-116.4559,45.3375],[-116.4421,45.3424],[-116.4283,45.3474],[-116.4145,45.3523],[-116.4007,45.3572],[-116.3869,45.3621],[-116.3731,45.367],[-116.3593,45.3719],[-116.3481,45.3831],[-116.3369,45.3943],[-116.3257,45.4056],[-116.3144,45.4168],[-116.3098,45.4388],[-116.3052,45.4609],[-116.3006,45.4829],[-116.296,45.505],[-116.2998,45.5349],[-116.3035,45.5648],[-116.3073,45.5947],[-116.311,45.6246],[-116.3148,45.6546],[-116.3185,45.6845],[-116.3223,45.7144],[-116.326,45.7443]]]},"properties":{"OBJECTID":1117,"state":"Idaho","agency":"Idaho Fish and Game","unit_type":"GMU","unit_id":"18","unit_name":"Hunting Unit 18","unit_label":"Idaho GMU 18 - Hunting Unit 18","aliases":"18 | 18 hunting unit 18 | 2025 | game management unit | game management unit 18 | game management unit 18 hunting unit 18 | gmu | gmu 18 | gmu 18 hunting unit 18 | hunt unit | hunt unit 18 | hunt unit 18 hunting unit 18 | hunting unit | hunting unit 18 |","year":"2025","Shape_Length":148999.46781164242,"Shape_Area":723217562.2324009}},{"type":"Feature","id":1118,"geometry":{"type":"Polygon","coordinates":[[[-113.9483,45.6935],[-113.9484,45.6935],[-113.9488,45.6934],[-113.9522,45.6914],[-113.9531,45.691],[-113.9542,45.6908],[-113.957,45.6902],[-113.9573,45.6902],[-113.959,45.6902],[-113.961,45.6898],[-113.9613,45.6897],[-113.9637,45.6898],[-113.9669,45.691],[-113.9675,45.691],[-113.9675,45.6911],[-113.968,45.6912],[-113.9681,45.6913],[-113.9687,45.6922],[-113.9691,45.6942],[-113.969,45.6953],[-113.9697,45.6969],[-113.97,45.6976],[-113.9715,45.7003],[-113.9715,45.7004],[-113.9716,45.7007],[-113.9716,45.7008],[-113.9715,45.7012],[-113.9708,45.7027],[-113.9711,45.7028],[-113.9724,45.7025],[-113.9742,45.7028],[-113.9742,45.7028],[-113.9798,45.7024],[-113.9799,45.7024],[-113.9803,45.7024],[-113.9807,45.7025],[-113.9877,45.7052],[-113.9878,45.7054],[-113.9888,45.7058],[-113.9901,45.7051],[-113.9914,45.7044],[-113.9918,45.7041],[-113.9937,45.7024],[-113.995,45.6995],[-113.9958,45.6987],[-113.9964,45.697],[-114.0007,45.6964],[-114.0015,45.6964],[-114.0029,45.6957],[-114.0082,45.6942],[-114.0159,45.6958],[-114.017,45.6948],[-114.018,45.6941],[-114.0193,45.6929],[-114.0193,45.6929],[-114.0148,45.6839],[-114.0277,45.6756],[-114.0281,45.6755],[-114.0281,45.6753],[-114.024,45.6709],[-114.0226,45.6707],[-114.0142,45.6577],[-114.0149,45.6558],[-114.0163,45.6526],[-114.0181,45.6496],[-114.0188,45.6486],[-114.0213,45.6482],[-114.0246,45.6483],[-114.0327,45.6488],[-114.0334,45.6486],[-114.0335,45.6486],[-114.0348,45.648],[-114.035,45.6479],[-114.0352,45.6478],[-114.0413,45.6424],[-114.0422,45.642],[-114.0429,45.6414],[-114.043,45.6411],[-114.0439,45.6401],[-114.0445,45.6392],[-114.0446,45.639],[-114.0456,45.6367],[-114.0501,45.6345],[-114.0506,45.6343],[-114.0518,45.6337],[-114.0525,45.6331],[-114.0583,45.6318],[-114.0586,45.6317],[-114.0632,45.63],[-114.0673,45.6279],[-114.0686,45.6262],[-114.0696,45.6249],[-114.0825,45.6086],[-114.0827,45.6069],[-114.0827,45.6064],[-114.0825,45.5976],[-114.0827,45.5963],[-114.0912,45.5908],[-114.0941,45.5895],[-114.105,45.5855],[-114.1052,45.5854],[-114.1105,45.5857],[-114.1109,45.5857],[-114.112,45.5856],[-114.1123,45.5855],[-114.1261,45.5797],[-114.1267,45.5789],[-114.1275,45.5784],[-114.1293,45.57],[-114.1289,45.5695],[-114.1296,45.5651],[-114.1313,45.5639],[-114.1324,45.5631],[-114.133,45.5625],[-114.1353,45.5575],[-114.1412,45.5575],[-114.1419,45.5575],[-114.1507,45.5575],[-114.1526,45.5546],[-114.1548,45.5529],[-114.1573,45.5531],[-114.1583,45.5531],[-114.1669,45.5519],[-114.1691,45.551],[-114.1803,45.5511],[-114.1811,45.55],[-114.1864,45.5457],[-114.1892,45.5413],[-114.1898,45.541],[-114.1909,45.5384],[-114.1912,45.5382],[-114.1914,45.538],[-114.2195,45.5417],[-114.2477,45.5455],[-114.248,45.5458],[-114.2483,45.5457],[-114.2485,45.5454],[-114.2486,45.5454],[-114.2498,45.543],[-114.2499,45.5429],[-114.2509,45.5392],[-114.2518,45.5378],[-114.2516,45.537],[-114.2513,45.5367],[-114.2492,45.5288],[-114.2488,45.5282],[-114.2509,45.5188],[-114.251,45.5188],[-114.2525,45.5162],[-114.2544,45.5147],[-114.2587,45.5089],[-114.2594,45.5057],[-114.26,45.5044],[-114.2603,45.5036],[-114.2604,45.5035],[-114.2604,45.5035],[-114.2604,45.5034],[-114.2606,45.4999],[-114.2711,45.4845],[-114.2723,45.4845],[-114.2874,45.4784],[-114.3025,45.4722],[-114.3038,45.4715],[-114.3061,45.4709],[-114.3068,45.4706],[-114.3136,45.4697],[-114.3149,45.4692],[-114.317,45.4672],[-114.3189,45.466],[-114.3419,45.4598],[-114.3428,45.4598],[-114.3446,45.4599],[-114.3452,45.4601],[-114.3463,45.4612],[-114.3485,45.4635],[-114.3498,45.465],[-114.3512,45.4703],[-114.3514,45.4706],[-114.3597,45.4731],[-114.3605,45.4739],[-114.3608,45.4743],[-114.3606,45.4771],[-114.3659,45.4909],[-114.3716,45.4932],[-114.3756,45.4945],[-114.3761,45.495],[-114.3871,45.5016],[-114.3922,45.5026],[-114.3926,45.5027],[-114.396,45.5038],[-114.3966,45.5039],[-114.4151,45.5096],[-114.418,45.5099],[-114.4184,45.5098],[-114.4196,45.5094],[-114.4236,45.5095],[-114.4242,45.5098],[-114.4308,45.5203],[-114.4375,45.5309],[-114.4376,45.5309],[-114.438,45.5315],[-114.4391,45.5344],[-114.4389,45.5357],[-114.4389,45.5357],[-114.4487,45.5395],[-114.4494,45.5398],[-114.4516,45.5427],[-114.4544,45.5435],[-114.4551,45.5437],[-114.459,45.5436],[-114.4615,45.5437],[-114.4615,45.5437],[-114.462,45.5438],[-114.4642,45.5469],[-114.4617,45.5488],[-114.4617,45.5491],[-114.4615,45.5503],[-114.4614,45.5508],[-114.4618,45.5515],[-114.4626,45.5528],[-114.4627,45.5531],[-114.4602,45.5566],[-114.4599,45.5569],[-114.4597,45.5575],[-114.4573,45.56],[-114.4565,45.5603],[-114.4575,45.5618],[-114.4628,45.561],[-114.4637,45.5609],[-114.4661,45.5609],[-114.4669,45.5615],[-114.4669,45.5615],[-114.4679,45.5622],[-114.4717,45.565],[-114.472,45.5651],[-114.4812,45.561],[-114.4818,45.561],[-114.4836,45.5611],[-114.4852,45.5615],[-114.4955,45.5559],[-114.4964,45.5557],[-114.4977,45.5554],[-114.4993,45.5564],[-114.5013,45.5572],[-114.5023,45.5584],[-114.5064,45.5593],[-114.5158,45.567],[-114.5189,45.5682],[-114.5264,45.5707],[-114.5309,45.5676],[-114.5383,45.5642],[-114.5385,45.5642],[-114.5398,45.5641],[-114.5425,45.5635],[-114.5473,45.5615],[-114.5482,45.5612],[-114.5484,45.5611],[-114.5492,45.5607],[-114.5498,45.5603],[-114.5579,45.5582],[-114.558,45.5583],[-114.5583,45.5585],[-114.5594,45.559],[-114.5596,45.5591],[-114.5646,45.5578],[-114.5649,45.5579],[-114.5649,45.5579],[-114.5774,45.547],[-114.5899,45.5361],[-114.6024,45.5253],[-114.6149,45.5144],[-114.6274,45.5036],[-114.6398,45.4927],[-114.6523,45.4819],[-114.6648,45.471],[-114.6777,45.4761],[-114.6906,45.4812],[-114.7035,45.4862],[-114.7164,45.4913],[-114.7293,45.4964],[-114.7422,45.5015],[-114.7552,45.5066],[-114.7681,45.5116],[-114.7833,45.5042],[-114.7984,45.4967],[-114.7958,45.4665],[-114.7931,45.4363],[-114.7786,45.426],[-114.764,45.4158],[-114.7495,45.4056],[-114.735,45.3954],[-114.7173,45.3832],[-114.6995,45.3709],[-114.6818,45.3587],[-114.6641,45.3464],[-114.6463,45.3342],[-114.6286,45.322],[-114.6109,45.3097],[-114.5932,45.2975],[-114.5696,45.2997],[-114.5459,45.302],[-114.5223,45.3042],[-114.4986,45.3064],[-114.475,45.3087],[-114.4513,45.3109],[-114.4276,45.3131],[-114.404,45.3153],[-114.3814,45.3264],[-114.3588,45.3374],[-114.3363,45.3485],[-114.3137,45.3595],[-114.2911,45.3706],[-114.2685,45.3816],[-114.2459,45.3926],[-114.2233,45.4037],[-114.2069,45.4],[-114.1905,45.3963],[-114.1742,45.3926],[-114.1578,45.3889],[-114.1415,45.3852],[-114.1252,45.3815],[-114.1088,45.3778],[-114.0925,45.3741],[-114.068,45.3818],[-114.0436,45.3894],[-114.0192,45.397],[-113.9947,45.4046],[-113.9903,45.4423],[-113.9859,45.4799],[-113.9715,45.4947],[-113.9571,45.5095],[-113.9427,45.5243],[-113.9283,45.5391],[-113.9374,45.5488],[-113.9465,45.5586],[-113.9556,45.5684],[-113.9647,45.5782],[-113.9685,45.618],[-113.9723,45.6578],[-113.9603,45.6756],[-113.9483,45.6935],[-113.9483,45.6935]]]},"properties":{"OBJECTID":1118,"state":"Idaho","agency":"Idaho Fish and Game","unit_type":"GMU","unit_id":"21","unit_name":"Hunting Unit 21","unit_label":"Idaho GMU 21 - Hunting Unit 21","aliases":"2025 | 21 | 21 hunting unit 21 | game management unit | game management unit 21 | game management unit 21 hunting unit 21 | gmu | gmu 21 | gmu 21 hunting unit 21 | hunt unit | hunt unit 21 | hunt unit 21 hunting unit 21 | hunting unit | hunting unit 21 |","year":"2025","Shape_Length":218957.57066515624,"Shape_Area":1313472116.5741498}},{"type":"Feature","id":1119,"geometry":{"type":"Polygon","coordinates":[[[-113.692,45.2724],[-113.692,45.2725],[-113.691,45.2729],[-113.6908,45.2729],[-113.69,45.2732],[-113.689,45.2733],[-113.6888,45.2733],[-113.6883,45.2732],[-113.6876,45.2731],[-113.6872,45.2731],[-113.6838,45.273],[-113.6809,45.2742],[-113.68,45.2749],[-113.6801,45.2772],[-113.6804,45.2775],[-113.6804,45.2782],[-113.6805,45.2786],[-113.6806,45.2791],[-113.6818,45.2802],[-113.6822,45.2808],[-113.6861,45.2843],[-113.6863,45.2845],[-113.6868,45.2855],[-113.6876,45.2862],[-113.7018,45.2943],[-113.702,45.2945],[-113.7027,45.2954],[-113.7029,45.296],[-113.7036,45.2987],[-113.7045,45.2993],[-113.7062,45.2998],[-113.7076,45.3001],[-113.7126,45.3037],[-113.7127,45.3038],[-113.7128,45.3039],[-113.7132,45.3044],[-113.7133,45.3064],[-113.7132,45.3068],[-113.717,45.3119],[-113.7172,45.312],[-113.7172,45.312],[-113.7239,45.3194],[-113.7246,45.3197],[-113.732,45.3309],[-113.7395,45.3421],[-113.7394,45.3424],[-113.7372,45.3471],[-113.7357,45.3477],[-113.7312,45.3575],[-113.7316,45.3585],[-113.7336,45.3642],[-113.735,45.3645],[-113.7352,45.3646],[-113.738,45.3692],[-113.7374,45.3695],[-113.7326,45.3842],[-113.7325,45.3853],[-113.7386,45.3944],[-113.7388,45.3944],[-113.7472,45.3998],[-113.7483,45.4013],[-113.7489,45.4025],[-113.7499,45.4028],[-113.7507,45.4029],[-113.7518,45.4029],[-113.7537,45.4031],[-113.7549,45.4036],[-113.7762,45.4086],[-113.7762,45.4086],[-113.7762,45.4088],[-113.7758,45.41],[-113.7756,45.4104],[-113.7757,45.4109],[-113.776,45.4126],[-113.7762,45.4134],[-113.7763,45.4136],[-113.777,45.415],[-113.7772,45.4155],[-113.7769,45.4169],[-113.7755,45.4179],[-113.7714,45.4203],[-113.7665,45.4214],[-113.7638,45.4227],[-113.762,45.4239],[-113.7721,45.4316],[-113.7729,45.4316],[-113.7754,45.4333],[-113.7754,45.4333],[-113.7757,45.4386],[-113.7757,45.4391],[-113.7752,45.4399],[-113.7823,45.4513],[-113.7833,45.4517],[-113.7749,45.4628],[-113.7745,45.4638],[-113.7743,45.4647],[-113.7743,45.4648],[-113.7628,45.4787],[-113.7615,45.4795],[-113.7648,45.499],[-113.7649,45.4995],[-113.7694,45.5044],[-113.7707,45.5063],[-113.7698,45.5098],[-113.7696,45.5109],[-113.7701,45.512],[-113.7719,45.5121],[-113.7726,45.5124],[-113.773,45.5128],[-113.773,45.513],[-113.7726,45.5146],[-113.7716,45.5158],[-113.7709,45.5166],[-113.7707,45.5169],[-113.7703,45.5172],[-113.7701,45.5174],[-113.77,45.5175],[-113.7664,45.5204],[-113.7769,45.5233],[-113.777,45.5233],[-113.7775,45.5233],[-113.7811,45.5223],[-113.783,45.5221],[-113.7925,45.5222],[-113.7942,45.5226],[-113.8053,45.5223],[-113.8074,45.5207],[-113.8093,45.52],[-113.8104,45.5199],[-113.8343,45.5205],[-113.8344,45.5212],[-113.8343,45.5213],[-113.8342,45.5215],[-113.8342,45.5216],[-113.8305,45.5301],[-113.8288,45.532],[-113.8294,45.5368],[-113.829,45.5383],[-113.8246,45.5451],[-113.8231,45.5465],[-113.8192,45.5543],[-113.819,45.5556],[-113.8175,45.5595],[-113.8176,45.5609],[-113.8179,45.5617],[-113.818,45.5622],[-113.8209,45.5661],[-113.8193,45.5668],[-113.8119,45.574],[-113.8101,45.5758],[-113.8092,45.5764],[-113.8076,45.5776],[-113.8067,45.5783],[-113.8037,45.5798],[-113.8025,45.5801],[-113.7995,45.5813],[-113.7972,45.5816],[-113.7969,45.5818],[-113.7976,45.5827],[-113.798,45.5833],[-113.798,45.5834],[-113.7986,45.5856],[-113.7997,45.5883],[-113.8033,45.5921],[-113.8034,45.5922],[-113.8035,45.5923],[-113.8055,45.5962],[-113.8059,45.5988],[-113.8066,45.6017],[-113.8177,45.6077],[-113.8185,45.6081],[-113.8192,45.6088],[-113.8221,45.6114],[-113.8284,45.6128],[-113.8286,45.6127],[-113.8385,45.6106],[-113.8396,45.6111],[-113.8472,45.6165],[-113.8484,45.6192],[-113.85,45.6204],[-113.8519,45.6208],[-113.8537,45.6215],[-113.8541,45.6219],[-113.8568,45.6217],[-113.8575,45.6215],[-113.8603,45.6226],[-113.8611,45.6235],[-113.8633,45.6232],[-113.8636,45.6231],[-113.8643,45.6227],[-113.8649,45.6225],[-113.8744,45.62],[-113.8744,45.62],[-113.8801,45.6184],[-113.8827,45.6189],[-113.8827,45.6188],[-113.8841,45.6181],[-113.8873,45.6174],[-113.8897,45.6182],[-113.892,45.6193],[-113.8926,45.6197],[-113.894,45.6205],[-113.8964,45.6212],[-113.8985,45.6219],[-113.8999,45.6219],[-113.9051,45.6222],[-113.9049,45.6231],[-113.9047,45.6242],[-113.9041,45.6251],[-113.9031,45.6261],[-113.9025,45.6265],[-113.9019,45.627],[-113.9016,45.6277],[-113.9007,45.628],[-113.8996,45.6285],[-113.8996,45.6286],[-113.9014,45.6319],[-113.902,45.6339],[-113.9021,45.6347],[-113.9022,45.6353],[-113.9014,45.6384],[-113.8992,45.6404],[-113.8952,45.6431],[-113.8952,45.6433],[-113.8952,45.6435],[-113.8955,45.6444],[-113.8958,45.6447],[-113.8963,45.6452],[-113.8969,45.6464],[-113.8972,45.6466],[-113.8991,45.6473],[-113.9013,45.6486],[-113.9014,45.649],[-113.9034,45.6511],[-113.9103,45.653],[-113.9107,45.6531],[-113.9135,45.6545],[-113.9157,45.6569],[-113.9187,45.6578],[-113.9207,45.6638],[-113.9233,45.6658],[-113.9236,45.6672],[-113.9255,45.6682],[-113.9292,45.6707],[-113.9296,45.6713],[-113.9343,45.6835],[-113.9351,45.6888],[-113.9341,45.6923],[-113.9432,45.6944],[-113.9454,45.6937],[-113.9458,45.6936],[-113.9474,45.6936],[-113.9483,45.6935],[-113.9483,45.6935],[-113.9603,45.6756],[-113.9723,45.6578],[-113.9685,45.618],[-113.9647,45.5782],[-113.9556,45.5684],[-113.9465,45.5586],[-113.9374,45.5488],[-113.9283,45.5391],[-113.9427,45.5243],[-113.9571,45.5095],[-113.9715,45.4947],[-113.9859,45.4799],[-113.9903,45.4423],[-113.9947,45.4046],[-113.9764,45.3913],[-113.9581,45.378],[-113.9398,45.3647],[-113.9215,45.3514],[-113.9161,45.3257],[-113.9106,45.3001],[-113.9052,45.2744],[-113.8997,45.2487],[-113.8845,45.2426],[-113.8693,45.2365],[-113.8541,45.2304],[-113.839,45.2244],[-113.8206,45.2304],[-113.8022,45.2364],[-113.7839,45.2424],[-113.7655,45.2484],[-113.7471,45.2544],[-113.7287,45.2604],[-113.7104,45.2664],[-113.692,45.2724],[-113.692,45.2724]]]},"properties":{"OBJECTID":1119,"state":"Idaho","agency":"Idaho Fish and Game","unit_type":"GMU","unit_id":"21A","unit_name":"Hunting Unit 21A","unit_label":"Idaho GMU 21A - Hunting Unit 21A","aliases":"2025 | 21a | 21a hunting unit 21a | game management unit | game management unit 21a | game management unit 21a hunting unit 21a | gmu | gmu 21a | gmu 21a hunting unit 21a | hunt unit | hunt unit 21a | hunt unit 21a hunting unit 21a | hunting unit | hunti","year":"2025","Shape_Length":143099.40275868462,"Shape_Area":650641957.6996176}},{"type":"Feature","id":1120,"geometry":{"type":"Polygon","coordinates":[[[-115.4453,45.6147],[-115.4561,45.6287],[-115.4669,45.6427],[-115.4777,45.6567],[-115.4885,45.6707],[-115.5008,45.664],[-115.513,45.6574],[-115.5253,45.6507],[-115.5376,45.6441],[-115.5499,45.6374],[-115.5621,45.6307],[-115.5744,45.6241],[-115.5866,45.6174],[-115.602,45.629],[-115.6173,45.6407],[-115.6326,45.6523],[-115.6479,45.6639],[-115.6613,45.6519],[-115.6747,45.6399],[-115.688,45.6279],[-115.7014,45.6158],[-115.7187,45.6136],[-115.736,45.6113],[-115.7534,45.609],[-115.7707,45.6067],[-115.788,45.6044],[-115.8053,45.6022],[-115.8227,45.5999],[-115.84,45.5976],[-115.8531,45.5823],[-115.8662,45.5671],[-115.8794,45.5518],[-115.8925,45.5365],[-115.8866,45.5212],[-115.8807,45.5059],[-115.896,45.4931],[-115.9114,45.4804],[-115.9267,45.4676],[-115.942,45.4548],[-115.9243,45.4565],[-115.9066,45.4581],[-115.889,45.4598],[-115.8713,45.4614],[-115.8536,45.463],[-115.8359,45.4647],[-115.8182,45.4663],[-115.8005,45.4679],[-115.784,45.4638],[-115.7675,45.4596],[-115.751,45.4554],[-115.7345,45.4513],[-115.7181,45.4471],[-115.7016,45.4429],[-115.6851,45.4388],[-115.6686,45.4346],[-115.6547,45.4252],[-115.6408,45.4158],[-115.6269,45.4064],[-115.613,45.397],[-115.5881,45.3924],[-115.5632,45.3879],[-115.5384,45.3833],[-115.5135,45.3787],[-115.4992,45.3851],[-115.5076,45.3976],[-115.516,45.41],[-115.5244,45.4225],[-115.5328,45.4349],[-115.5412,45.4474],[-115.5495,45.4598],[-115.5579,45.4723],[-115.5663,45.4847],[-115.5533,45.4917],[-115.5403,45.4986],[-115.5273,45.5055],[-115.5143,45.5124],[-115.5013,45.5193],[-115.4883,45.5262],[-115.4753,45.5331],[-115.4623,45.54],[-115.458,45.5587],[-115.4538,45.5773],[-115.4496,45.596],[-115.4453,45.6147]]]},"properties":{"OBJECTID":1120,"state":"Idaho","agency":"Idaho Fish and Game","unit_type":"GMU","unit_id":"19","unit_name":"Hunting Unit 19","unit_label":"Idaho GMU 19 - Hunting Unit 19","aliases":"19 | 19 hunting unit 19 | 2025 | game management unit | game management unit 19 | game management unit 19 hunting unit 19 | gmu | gmu 19 | gmu 19 hunting unit 19 | hunt unit | hunt unit 19 | hunt unit 19 hunting unit 19 | hunting unit | hunting unit 19 |","year":"2025","Shape_Length":128831.42711768167,"Shape_Area":657268673.6360571}},{"type":"Feature","id":1121,"geometry":{"type":"Polygon","coordinates":[[[-114.735,45.3954],[-114.7642,45.3926],[-114.7934,45.3898],[-114.8161,45.3986],[-114.8388,45.4073],[-114.8615,45.4161],[-114.8842,45.4248],[-114.901,45.4352],[-114.9177,45.4456],[-114.9345,45.456],[-114.9513,45.4664],[-114.968,45.4767],[-114.9848,45.4871],[-115.0016,45.4975],[-115.0184,45.5079],[-115.0416,45.5092],[-115.0648,45.5104],[-115.0834,45.5178],[-115.102,45.5253],[-115.1206,45.5327],[-115.1393,45.5401],[-115.1579,45.5475],[-115.1765,45.5549],[-115.1952,45.5623],[-115.2138,45.5697],[-115.2274,45.5632],[-115.2409,45.5567],[-115.2545,45.5502],[-115.268,45.5438],[-115.2816,45.5373],[-115.2951,45.5308],[-115.3087,45.5243],[-115.3222,45.5178],[-115.3286,45.5018],[-115.3351,45.4858],[-115.3574,45.4793],[-115.3796,45.4728],[-115.4019,45.4662],[-115.4241,45.4597],[-115.4335,45.4504],[-115.4429,45.4411],[-115.4523,45.4318],[-115.4617,45.4224],[-115.4711,45.4131],[-115.4805,45.4038],[-115.4899,45.3945],[-115.4992,45.3851],[-115.5135,45.3787],[-115.5043,45.3501],[-115.495,45.3214],[-115.4858,45.2928],[-115.4766,45.2642],[-115.4936,45.2549],[-115.5106,45.2457],[-115.5277,45.2365],[-115.5447,45.2272],[-115.5539,45.2121],[-115.5631,45.1969],[-115.5723,45.1817],[-115.5814,45.1665],[-115.5906,45.1514],[-115.5998,45.1362],[-115.609,45.121],[-115.6182,45.1058],[-115.6108,45.0961],[-115.6034,45.0864],[-115.5961,45.0767],[-115.5887,45.0669],[-115.5586,45.067],[-115.5284,45.0671],[-115.4983,45.0671],[-115.4681,45.0672],[-115.4626,45.0797],[-115.4572,45.0922],[-115.4517,45.1047],[-115.4462,45.1173],[-115.4407,45.1298],[-115.4352,45.1423],[-115.4297,45.1549],[-115.4242,45.1674],[-115.4098,45.1729],[-115.3955,45.1784],[-115.3905,45.2031],[-115.3855,45.2278],[-115.3806,45.2525],[-115.3756,45.2772],[-115.3538,45.2795],[-115.3321,45.2819],[-115.3103,45.2843],[-115.2885,45.2867],[-115.2667,45.2891],[-115.2449,45.2915],[-115.2231,45.2938],[-115.2013,45.2962],[-115.1864,45.2843],[-115.1714,45.2724],[-115.1564,45.2605],[-115.1415,45.2486],[-115.1209,45.246],[-115.1003,45.2434],[-115.0797,45.2407],[-115.0591,45.2381],[-115.0387,45.2446],[-115.0184,45.2512],[-114.998,45.2578],[-114.9776,45.2644],[-114.9676,45.2549],[-114.9576,45.2455],[-114.9476,45.236],[-114.9376,45.2265],[-114.9132,45.2299],[-114.8887,45.2333],[-114.8642,45.2366],[-114.8397,45.24],[-114.8277,45.2186],[-114.8157,45.1973],[-114.8037,45.1759],[-114.7917,45.1546],[-114.7772,45.1396],[-114.7626,45.1247],[-114.7481,45.1097],[-114.7336,45.0947],[-114.7322,45.1512],[-114.7231,45.1634],[-114.714,45.1755],[-114.7049,45.1877],[-114.6959,45.1999],[-114.6868,45.212],[-114.6777,45.2242],[-114.6686,45.2364],[-114.6595,45.2486],[-114.6429,45.2608],[-114.6264,45.273],[-114.6098,45.2852],[-114.5932,45.2975],[-114.6109,45.3097],[-114.6286,45.322],[-114.6463,45.3342],[-114.6641,45.3464],[-114.6818,45.3587],[-114.6995,45.3709],[-114.7173,45.3832],[-114.735,45.3954]]]},"properties":{"OBJECTID":1121,"state":"Idaho","agency":"Idaho Fish and Game","unit_type":"GMU","unit_id":"20A","unit_name":"Hunting Unit 20A","unit_label":"Idaho GMU 20A - Hunting Unit 20A","aliases":"2025 | 20a | 20a hunting unit 20a | game management unit | game management unit 20a | game management unit 20a hunting unit 20a | gmu | gmu 20a | gmu 20a hunting unit 20a | hunt unit | hunt unit 20a | hunt unit 20a hunting unit 20a | hunting unit | hunti","year":"2025","Shape_Length":258366.00921603618,"Shape_Area":1945165161.777419}},{"type":"Feature","id":1122,"geometry":{"type":"Polygon","coordinates":[[[-115.5135,45.3787],[-115.5384,45.3833],[-115.5632,45.3879],[-115.5881,45.3924],[-115.613,45.397],[-115.6269,45.4064],[-115.6408,45.4158],[-115.6547,45.4252],[-115.6686,45.4346],[-115.6851,45.4388],[-115.7016,45.4429],[-115.7181,45.4471],[-115.7345,45.4513],[-115.751,45.4554],[-115.7675,45.4596],[-115.784,45.4638],[-115.8005,45.4679],[-115.8182,45.4663],[-115.8359,45.4647],[-115.8536,45.463],[-115.8713,45.4614],[-115.889,45.4598],[-115.9066,45.4581],[-115.9243,45.4565],[-115.942,45.4548],[-115.9643,45.4474],[-115.9866,45.4399],[-116.0089,45.4324],[-116.0312,45.4249],[-116.0228,45.4143],[-116.0143,45.4038],[-116.0059,45.3933],[-115.9975,45.3828],[-115.9891,45.3723],[-115.9806,45.3617],[-115.9722,45.3512],[-115.9638,45.3407],[-115.9554,45.3302],[-115.947,45.3197],[-115.9386,45.3091],[-115.9302,45.2986],[-115.9218,45.2881],[-115.9134,45.2776],[-115.905,45.2671],[-115.8966,45.2565],[-115.9061,45.2486],[-115.9156,45.2406],[-115.925,45.2327],[-115.9345,45.2247],[-115.9439,45.2167],[-115.9534,45.2088],[-115.9628,45.2008],[-115.9723,45.1928],[-115.9597,45.1861],[-115.9471,45.1793],[-115.9345,45.1726],[-115.922,45.1658],[-115.9218,45.0719],[-115.8952,45.0798],[-115.8685,45.0877],[-115.8418,45.0956],[-115.8152,45.1035],[-115.7885,45.1114],[-115.7618,45.1192],[-115.7351,45.1271],[-115.7084,45.135],[-115.6858,45.1277],[-115.6633,45.1204],[-115.6407,45.1131],[-115.6182,45.1058],[-115.609,45.121],[-115.5998,45.1362],[-115.5906,45.1514],[-115.5814,45.1665],[-115.5723,45.1817],[-115.5631,45.1969],[-115.5539,45.2121],[-115.5447,45.2272],[-115.5277,45.2365],[-115.5106,45.2457],[-115.4936,45.2549],[-115.4766,45.2642],[-115.4858,45.2928],[-115.495,45.3214],[-115.5043,45.3501],[-115.5135,45.3787]]]},"properties":{"OBJECTID":1122,"state":"Idaho","agency":"Idaho Fish and Game","unit_type":"GMU","unit_id":"19A","unit_name":"Hunting Unit 19A","unit_label":"Idaho GMU 19A - Hunting Unit 19A","aliases":"19a | 19a hunting unit 19a | 2025 | game management unit | game management unit 19a | game management unit 19a hunting unit 19a | gmu | gmu 19a | gmu 19a hunting unit 19a | hunt unit | hunt unit 19a | hunt unit 19a hunting unit 19a | hunting unit | hunti","year":"2025","Shape_Length":150537.66508238146,"Shape_Area":1201479297.9144928}},{"type":"Feature","id":1123,"geometry":{"type":"Polygon","coordinates":[[[-116.0312,45.4249],[-116.053,45.419],[-116.0748,45.4132],[-116.0966,45.4073],[-116.1185,45.4015],[-116.1342,45.4141],[-116.1499,45.4267],[-116.1646,45.4199],[-116.1793,45.413],[-116.1939,45.4061],[-116.2086,45.3992],[-116.2351,45.4036],[-116.2615,45.408],[-116.288,45.4124],[-116.3144,45.4168],[-116.3257,45.4056],[-116.3369,45.3943],[-116.3481,45.3831],[-116.3593,45.3719],[-116.3731,45.367],[-116.3869,45.3621],[-116.4007,45.3572],[-116.4145,45.3523],[-116.4283,45.3474],[-116.4421,45.3424],[-116.4559,45.3375],[-116.4697,45.3326],[-116.4864,45.3429],[-116.5032,45.3532],[-116.5122,45.3445],[-116.5212,45.3358],[-116.5303,45.3271],[-116.5393,45.3185],[-116.5483,45.3098],[-116.5573,45.3011],[-116.5663,45.2924],[-116.5753,45.2838],[-116.5732,45.2369],[-116.5711,45.1901],[-116.5608,45.176],[-116.5505,45.1619],[-116.5403,45.1479],[-116.53,45.1338],[-116.5197,45.1197],[-116.5095,45.1057],[-116.4992,45.0916],[-116.489,45.0775],[-116.4688,45.0878],[-116.4485,45.0981],[-116.4283,45.1084],[-116.408,45.1187],[-116.4046,45.076],[-116.4011,45.0332],[-116.3925,45.0217],[-116.3838,45.0102],[-116.3752,44.9988],[-116.3666,44.9873],[-116.3613,44.9739],[-116.356,44.9605],[-116.3507,44.947],[-116.3454,44.9336],[-116.3401,44.9202],[-116.3348,44.9067],[-116.3295,44.8933],[-116.3242,44.8799],[-116.3062,44.8739],[-116.2881,44.868],[-116.2784,44.8571],[-116.2688,44.8463],[-116.2592,44.8355],[-116.2495,44.8246],[-116.2399,44.8138],[-116.2303,44.803],[-116.2207,44.7921],[-116.211,44.7813],[-116.2076,44.802],[-116.2041,44.8228],[-116.2006,44.8435],[-116.1971,44.8642],[-116.1906,44.8769],[-116.184,44.8896],[-116.1775,44.9022],[-116.171,44.9149],[-116.1644,44.9276],[-116.1579,44.9402],[-116.1514,44.9529],[-116.1448,44.9655],[-116.1383,44.9782],[-116.1317,44.9909],[-116.1252,45.0035],[-116.1186,45.0162],[-116.1121,45.0289],[-116.1055,45.0415],[-116.099,45.0542],[-116.0924,45.0668],[-116.1168,45.0733],[-116.1412,45.0798],[-116.1364,45.0994],[-116.1316,45.1191],[-116.1267,45.1388],[-116.1219,45.1585],[-116.1015,45.1557],[-116.0811,45.1529],[-116.0675,45.161],[-116.0539,45.1691],[-116.0403,45.1773],[-116.0267,45.1854],[-116.013,45.1935],[-115.9994,45.2016],[-115.9858,45.2097],[-115.9721,45.2178],[-115.9723,45.1928],[-115.9628,45.2008],[-115.9534,45.2088],[-115.9439,45.2167],[-115.9345,45.2247],[-115.925,45.2327],[-115.9156,45.2406],[-115.9061,45.2486],[-115.8966,45.2565],[-115.905,45.2671],[-115.9134,45.2776],[-115.9218,45.2881],[-115.9302,45.2986],[-115.9386,45.3091],[-115.947,45.3197],[-115.9554,45.3302],[-115.9638,45.3407],[-115.9722,45.3512],[-115.9806,45.3617],[-115.9891,45.3723],[-115.9975,45.3828],[-116.0059,45.3933],[-116.0143,45.4038],[-116.0228,45.4143],[-116.0312,45.4249]]]},"properties":{"OBJECTID":1123,"state":"Idaho","agency":"Idaho Fish and Game","unit_type":"GMU","unit_id":"23","unit_name":"Hunting Unit 23","unit_label":"Idaho GMU 23 - Hunting Unit 23","aliases":"2025 | 23 | 23 hunting unit 23 | game management unit | game management unit 23 | game management unit 23 hunting unit 23 | gmu | gmu 23 | gmu 23 hunting unit 23 | hunt unit | hunt unit 23 | hunt unit 23 hunting unit 23 | hunting unit | hunting unit 23 |","year":"2025","Shape_Length":222794.56117180263,"Shape_Area":1897759989.052377}},{"type":"Feature","id":1124,"geometry":{"type":"Polygon","coordinates":[[[-113.9947,45.4046],[-114.0192,45.397],[-114.0436,45.3894],[-114.068,45.3818],[-114.0925,45.3741],[-114.1088,45.3778],[-114.1252,45.3815],[-114.1415,45.3852],[-114.1578,45.3889],[-114.1742,45.3926],[-114.1905,45.3963],[-114.2069,45.4],[-114.2233,45.4037],[-114.2459,45.3926],[-114.2685,45.3816],[-114.2911,45.3706],[-114.3137,45.3595],[-114.3363,45.3485],[-114.3588,45.3374],[-114.3814,45.3264],[-114.404,45.3153],[-114.4276,45.3131],[-114.4513,45.3109],[-114.475,45.3087],[-114.4986,45.3064],[-114.5223,45.3042],[-114.5459,45.302],[-114.5696,45.2997],[-114.5932,45.2975],[-114.5843,45.2887],[-114.5754,45.2799],[-114.5665,45.2711],[-114.5575,45.2623],[-114.5486,45.2535],[-114.5397,45.2447],[-114.5308,45.2359],[-114.5219,45.2271],[-114.5393,45.2126],[-114.5567,45.1982],[-114.574,45.1837],[-114.5914,45.1692],[-114.5766,45.154],[-114.5619,45.1389],[-114.5472,45.1237],[-114.5325,45.1085],[-114.5409,45.0975],[-114.5493,45.0866],[-114.5576,45.0756],[-114.566,45.0646],[-114.5744,45.0536],[-114.5828,45.0426],[-114.5911,45.0316],[-114.5995,45.0207],[-114.6079,45.0097],[-114.6162,44.9987],[-114.6246,44.9877],[-114.6329,44.9767],[-114.6413,44.9658],[-114.6497,44.9548],[-114.658,44.9438],[-114.6664,44.9328],[-114.6595,44.9215],[-114.6526,44.9103],[-114.6457,44.899],[-114.6388,44.8877],[-114.622,44.8854],[-114.6052,44.8831],[-114.5883,44.8809],[-114.5715,44.8786],[-114.5589,44.8685],[-114.5462,44.8584],[-114.5336,44.8484],[-114.5209,44.8383],[-114.5083,44.8282],[-114.4956,44.8182],[-114.483,44.8081],[-114.4703,44.798],[-114.4776,44.778],[-114.4848,44.7581],[-114.492,44.7381],[-114.4993,44.7181],[-114.4876,44.7115],[-114.4759,44.7048],[-114.4642,44.6982],[-114.4525,44.6915],[-114.4408,44.6849],[-114.4291,44.6783],[-114.4174,44.6716],[-114.4057,44.665],[-114.3978,44.6759],[-114.3898,44.6868],[-114.3818,44.6978],[-114.3739,44.7087],[-114.3913,44.7211],[-114.4088,44.7334],[-114.3902,44.748],[-114.3716,44.7627],[-114.353,44.7773],[-114.3344,44.792],[-114.3158,44.8066],[-114.2971,44.8212],[-114.2785,44.8358],[-114.2599,44.8505],[-114.2437,44.8528],[-114.2276,44.8551],[-114.2115,44.8574],[-114.1954,44.8596],[-114.1979,44.8307],[-114.2004,44.8018],[-114.2029,44.7729],[-114.2054,44.744],[-114.1796,44.7447],[-114.1539,44.7453],[-114.1432,44.7376],[-114.1325,44.7299],[-114.1219,44.7221],[-114.1112,44.7144],[-114.1005,44.7067],[-114.0899,44.6989],[-114.0792,44.6912],[-114.0685,44.6835],[-114.0493,44.6921],[-114.0351,44.7063],[-114.0209,44.7205],[-114.0066,44.7346],[-113.9924,44.7488],[-113.9975,44.7628],[-114.0026,44.7769],[-114.0077,44.7909],[-114.0128,44.805],[-114.0025,44.8229],[-113.9922,44.8408],[-113.9819,44.8586],[-113.9716,44.8765],[-113.9653,44.8997],[-113.9591,44.9228],[-113.9528,44.946],[-113.9465,44.9692],[-113.9402,44.9924],[-113.9338,45.0155],[-113.9275,45.0387],[-113.9212,45.0619],[-113.9072,45.0781],[-113.8931,45.0943],[-113.8955,45.1357],[-113.8978,45.1772],[-113.8997,45.2487],[-113.9052,45.2744],[-113.9106,45.3001],[-113.9161,45.3257],[-113.9215,45.3514],[-113.9398,45.3647],[-113.9581,45.378],[-113.9764,45.3913],[-113.9947,45.4046]]]},"properties":{"OBJECTID":1124,"state":"Idaho","agency":"Idaho Fish and Game","unit_type":"GMU","unit_id":"28","unit_name":"Hunting Unit 28","unit_label":"Idaho GMU 28 - Hunting Unit 28","aliases":"2025 | 28 | 28 hunting unit 28 | game management unit | game management unit 28 | game management unit 28 hunting unit 28 | gmu | gmu 28 | gmu 28 hunting unit 28 | hunt unit | hunt unit 28 | hunt unit 28 hunting unit 28 | hunting unit | hunting unit 28 |","year":"2025","Shape_Length":286870.36662756314,"Shape_Area":3367330878.510974}},{"type":"Feature","id":1125,"geometry":{"type":"Polygon","coordinates":[[[-116.5711,45.1901],[-116.5782,45.2002],[-116.5852,45.2104],[-116.5923,45.2206],[-116.5994,45.2307],[-116.6065,45.2409],[-116.6136,45.251],[-116.6207,45.2612],[-116.6278,45.2714],[-116.6346,45.2907],[-116.6414,45.31],[-116.6482,45.3294],[-116.655,45.3487],[-116.6641,45.3253],[-116.6732,45.302],[-116.6732,45.3014],[-116.6724,45.2952],[-116.6724,45.2948],[-116.6724,45.2936],[-116.6724,45.2934],[-116.6793,45.2746],[-116.6863,45.2559],[-116.6932,45.2372],[-116.7002,45.2184],[-116.7071,45.1997],[-116.714,45.181],[-116.721,45.1622],[-116.7279,45.1435],[-116.7429,45.1282],[-116.7578,45.1129],[-116.7728,45.0977],[-116.7877,45.0824],[-116.8027,45.0671],[-116.8176,45.0518],[-116.8325,45.0366],[-116.8474,45.0213],[-116.8371,45.0023],[-116.8268,44.9833],[-116.8267,44.9825],[-116.8303,44.9773],[-116.8306,44.9771],[-116.8306,44.9771],[-116.8312,44.9764],[-116.8317,44.9754],[-116.8325,44.9314],[-116.8412,44.9159],[-116.8498,44.9004],[-116.8584,44.8849],[-116.8671,44.8694],[-116.8822,44.8574],[-116.8974,44.8454],[-116.9056,44.82],[-116.9139,44.7947],[-116.9046,44.7799],[-116.8953,44.765],[-116.886,44.7502],[-116.8766,44.7354],[-116.8673,44.7205],[-116.858,44.7057],[-116.8487,44.6909],[-116.8395,44.676],[-116.8265,44.6647],[-116.8136,44.6533],[-116.8007,44.642],[-116.7878,44.6306],[-116.7749,44.6193],[-116.762,44.6079],[-116.7491,44.5965],[-116.7362,44.5852],[-116.7213,44.5818],[-116.7064,44.5784],[-116.6916,44.5751],[-116.6767,44.5717],[-116.6476,44.5707],[-116.6185,44.5697],[-116.5895,44.5686],[-116.5604,44.5676],[-116.546,44.5726],[-116.5317,44.5777],[-116.5173,44.5828],[-116.5029,44.5878],[-116.4886,44.5929],[-116.4742,44.5979],[-116.4598,44.603],[-116.4455,44.608],[-116.4508,44.6291],[-116.4561,44.6502],[-116.4503,44.6852],[-116.4445,44.7203],[-116.4387,44.7554],[-116.4328,44.7904],[-116.4188,44.8073],[-116.4048,44.8242],[-116.3908,44.8411],[-116.3768,44.858],[-116.3847,44.8818],[-116.3925,44.9056],[-116.3861,44.926],[-116.3796,44.9465],[-116.3731,44.9669],[-116.3666,44.9873],[-116.3752,44.9988],[-116.3838,45.0102],[-116.3925,45.0217],[-116.4011,45.0332],[-116.4046,45.076],[-116.408,45.1187],[-116.4283,45.1084],[-116.4485,45.0981],[-116.4688,45.0878],[-116.489,45.0775],[-116.4992,45.0916],[-116.5095,45.1057],[-116.5197,45.1197],[-116.53,45.1338],[-116.5403,45.1479],[-116.5505,45.1619],[-116.5608,45.176],[-116.5711,45.1901]]]},"properties":{"OBJECTID":1125,"state":"Idaho","agency":"Idaho Fish and Game","unit_type":"GMU","unit_id":"22","unit_name":"Hunting Unit 22","unit_label":"Idaho GMU 22 - Hunting Unit 22","aliases":"2025 | 22 | 22 hunting unit 22 | game management unit | game management unit 22 | game management unit 22 hunting unit 22 | gmu | gmu 22 | gmu 22 hunting unit 22 | hunt unit | hunt unit 22 | hunt unit 22 hunting unit 22 | hunting unit | hunting unit 22 |","year":"2025","Shape_Length":219288.78413399975,"Shape_Area":2198068280.4842677}},{"type":"Feature","id":1126,"geometry":{"type":"Polygon","coordinates":[[[-114.7336,45.0947],[-114.7481,45.1097],[-114.7626,45.1247],[-114.7772,45.1396],[-114.7917,45.1546],[-114.8037,45.1759],[-114.8157,45.1973],[-114.8277,45.2186],[-114.8397,45.24],[-114.8642,45.2366],[-114.8887,45.2333],[-114.9132,45.2299],[-114.9376,45.2265],[-114.9476,45.236],[-114.9576,45.2455],[-114.9676,45.2549],[-114.9776,45.2644],[-114.998,45.2578],[-115.0184,45.2512],[-115.0387,45.2446],[-115.0591,45.2381],[-115.0797,45.2407],[-115.1003,45.2434],[-115.1209,45.246],[-115.1415,45.2486],[-115.1564,45.2605],[-115.1714,45.2724],[-115.1864,45.2843],[-115.2013,45.2962],[-115.2231,45.2938],[-115.2449,45.2915],[-115.2667,45.2891],[-115.2885,45.2867],[-115.3103,45.2843],[-115.3321,45.2819],[-115.3538,45.2795],[-115.3756,45.2772],[-115.3806,45.2525],[-115.3855,45.2278],[-115.3905,45.2031],[-115.3955,45.1784],[-115.4098,45.1729],[-115.4242,45.1674],[-115.4297,45.1549],[-115.4352,45.1423],[-115.4407,45.1298],[-115.4462,45.1173],[-115.4517,45.1047],[-115.4572,45.0922],[-115.4626,45.0797],[-115.4681,45.0672],[-115.4473,45.0589],[-115.4265,45.0505],[-115.4056,45.0422],[-115.3848,45.0339],[-115.3583,45.0342],[-115.3317,45.0344],[-115.3051,45.0347],[-115.2785,45.0349],[-115.2677,45.0207],[-115.2568,45.0065],[-115.246,44.9922],[-115.2352,44.978],[-115.2387,44.956],[-115.2422,44.9339],[-115.2458,44.9119],[-115.2493,44.8899],[-115.2336,44.8856],[-115.2179,44.8813],[-115.2039,44.8952],[-115.1899,44.909],[-115.1759,44.9228],[-115.1619,44.9367],[-115.1403,44.948],[-115.1187,44.9594],[-115.0971,44.9708],[-115.0755,44.9821],[-115.0648,44.9751],[-115.0542,44.9681],[-115.0436,44.9612],[-115.033,44.9542],[-115.0223,44.9472],[-115.0117,44.9402],[-115.0011,44.9332],[-114.9905,44.9262],[-114.9717,44.9323],[-114.9529,44.9384],[-114.9424,44.9492],[-114.9319,44.9599],[-114.9214,44.9707],[-114.9109,44.9815],[-114.9004,44.9922],[-114.8898,45.003],[-114.8793,45.0138],[-114.8688,45.0246],[-114.8472,45.0315],[-114.8256,45.0384],[-114.804,45.0453],[-114.7824,45.0523],[-114.7702,45.0629],[-114.758,45.0735],[-114.7458,45.0841],[-114.7336,45.0947]]]},"properties":{"OBJECTID":1126,"state":"Idaho","agency":"Idaho Fish and Game","unit_type":"GMU","unit_id":"26","unit_name":"Hunting Unit 26","unit_label":"Idaho GMU 26 - Hunting Unit 26","aliases":"2025 | 26 | 26 hunting unit 26 | game management unit | game management unit 26 | game management unit 26 hunting unit 26 | gmu | gmu 26 | gmu 26 hunting unit 26 | hunt unit | hunt unit 26 | hunt unit 26 hunting unit 26 | hunting unit | hunting unit 26 |","year":"2025","Shape_Length":180493.50495978008,"Shape_Area":1530474862.2069185}},{"type":"Feature","id":1127,"geometry":{"type":"Polygon","coordinates":[[[-114.4057,44.665],[-114.4174,44.6716],[-114.4291,44.6783],[-114.4408,44.6849],[-114.4525,44.6915],[-114.4642,44.6982],[-114.4759,44.7048],[-114.4876,44.7115],[-114.4993,44.7181],[-114.492,44.7381],[-114.4848,44.7581],[-114.4776,44.778],[-114.4703,44.798],[-114.483,44.8081],[-114.4956,44.8182],[-114.5083,44.8282],[-114.5209,44.8383],[-114.5336,44.8484],[-114.5462,44.8584],[-114.5589,44.8685],[-114.5715,44.8786],[-114.5883,44.8809],[-114.6052,44.8831],[-114.622,44.8854],[-114.6388,44.8877],[-114.6457,44.899],[-114.6526,44.9103],[-114.6595,44.9215],[-114.6664,44.9328],[-114.658,44.9438],[-114.6497,44.9548],[-114.6413,44.9658],[-114.6329,44.9767],[-114.6246,44.9877],[-114.6162,44.9987],[-114.6079,45.0097],[-114.5995,45.0207],[-114.5911,45.0316],[-114.5828,45.0426],[-114.5744,45.0536],[-114.566,45.0646],[-114.5576,45.0756],[-114.5493,45.0866],[-114.5409,45.0975],[-114.5325,45.1085],[-114.5472,45.1237],[-114.5619,45.1389],[-114.5766,45.154],[-114.5914,45.1692],[-114.574,45.1837],[-114.5567,45.1982],[-114.5393,45.2126],[-114.5219,45.2271],[-114.5308,45.2359],[-114.5397,45.2447],[-114.5486,45.2535],[-114.5575,45.2623],[-114.5665,45.2711],[-114.5754,45.2799],[-114.5843,45.2887],[-114.5932,45.2975],[-114.6098,45.2852],[-114.6264,45.273],[-114.6429,45.2608],[-114.6595,45.2486],[-114.6686,45.2364],[-114.6777,45.2242],[-114.6868,45.212],[-114.6959,45.1999],[-114.7049,45.1877],[-114.714,45.1755],[-114.7231,45.1634],[-114.7322,45.1512],[-114.7336,45.0947],[-114.7458,45.0841],[-114.758,45.0735],[-114.7702,45.0629],[-114.7824,45.0523],[-114.804,45.0453],[-114.8256,45.0384],[-114.8472,45.0315],[-114.8688,45.0246],[-114.8793,45.0138],[-114.8898,45.003],[-114.9004,44.9922],[-114.9109,44.9815],[-114.9214,44.9707],[-114.9319,44.9599],[-114.9424,44.9492],[-114.9529,44.9384],[-114.9717,44.9323],[-114.9905,44.9262],[-115.0011,44.9332],[-115.0117,44.9402],[-115.0223,44.9472],[-115.033,44.9542],[-115.0436,44.9612],[-115.0542,44.9681],[-115.0648,44.9751],[-115.0755,44.9821],[-115.0971,44.9708],[-115.1187,44.9594],[-115.1403,44.948],[-115.1619,44.9367],[-115.1759,44.9228],[-115.1899,44.909],[-115.2039,44.8952],[-115.2179,44.8813],[-115.2336,44.8856],[-115.2493,44.8899],[-115.2652,44.8853],[-115.281,44.8807],[-115.2968,44.8761],[-115.3127,44.8714],[-115.3285,44.8668],[-115.3443,44.8622],[-115.3601,44.8575],[-115.376,44.8529],[-115.3855,44.8264],[-115.395,44.7999],[-115.4045,44.7735],[-115.414,44.747],[-115.4235,44.7205],[-115.4329,44.694],[-115.4424,44.6676],[-115.4519,44.6411],[-115.4292,44.6286],[-115.4066,44.616],[-115.3949,44.5979],[-115.3833,44.5797],[-115.3705,44.5721],[-115.3577,44.5645],[-115.3449,44.5569],[-115.3321,44.5493],[-115.3193,44.5416],[-115.3065,44.534],[-115.2937,44.5264],[-115.2809,44.5188],[-115.2639,44.5192],[-115.247,44.5196],[-115.243,44.5019],[-115.2389,44.4843],[-115.2349,44.4667],[-115.2309,44.449],[-115.2015,44.4503],[-115.172,44.4516],[-115.1623,44.4633],[-115.1526,44.475],[-115.1429,44.4867],[-115.1332,44.4984],[-115.1203,44.4923],[-115.1074,44.4863],[-115.0945,44.4802],[-115.0816,44.4742],[-115.0677,44.4786],[-115.0539,44.483],[-115.0401,44.4874],[-115.0263,44.4918],[-115.0124,44.4963],[-114.9986,44.5007],[-114.9848,44.5051],[-114.9709,44.5095],[-114.9651,44.4929],[-114.9593,44.4762],[-114.9535,44.4596],[-114.9477,44.443],[-114.9205,44.4432],[-114.8933,44.4435],[-114.8662,44.4437],[-114.839,44.444],[-114.83,44.4539],[-114.821,44.4638],[-114.8121,44.4738],[-114.8031,44.4837],[-114.7826,44.4783],[-114.7621,44.4729],[-114.7417,44.4675],[-114.7212,44.4621],[-114.697,44.473],[-114.6728,44.4839],[-114.6487,44.4948],[-114.6245,44.5057],[-114.6003,44.5166],[-114.576,44.5275],[-114.5518,44.5384],[-114.5276,44.5493],[-114.5124,44.5637],[-114.4972,44.5782],[-114.4819,44.5927],[-114.4667,44.6071],[-114.4515,44.6216],[-114.4362,44.636],[-114.421,44.6505],[-114.4057,44.665]]]},"properties":{"OBJECTID":1127,"state":"Idaho","agency":"Idaho Fish and Game","unit_type":"GMU","unit_id":"27","unit_name":"Hunting Unit 27","unit_label":"Idaho GMU 27 - Hunting Unit 27","aliases":"2025 | 27 | 27 hunting unit 27 | game management unit | game management unit 27 | game management unit 27 hunting unit 27 | gmu | gmu 27 | gmu 27 hunting unit 27 | hunt unit | hunt unit 27 | hunt unit 27 hunting unit 27 | hunting unit | hunting unit 27 |","year":"2025","Shape_Length":325732.12190922006,"Shape_Area":4020295781.2025976}},{"type":"Feature","id":1128,"geometry":{"type":"Polygon","coordinates":[[[-113.692,45.2724],[-113.692,45.2724],[-113.7104,45.2664],[-113.7287,45.2604],[-113.7471,45.2544],[-113.7655,45.2484],[-113.7839,45.2424],[-113.8022,45.2364],[-113.8206,45.2304],[-113.839,45.2244],[-113.8541,45.2304],[-113.8693,45.2365],[-113.8845,45.2426],[-113.8997,45.2487],[-113.8978,45.1772],[-113.8761,45.1666],[-113.8544,45.156],[-113.8328,45.1455],[-113.8111,45.1349],[-113.7894,45.1243],[-113.7677,45.1137],[-113.7461,45.1031],[-113.7244,45.0925],[-113.7085,45.0749],[-113.6927,45.0572],[-113.6768,45.0396],[-113.6609,45.022],[-113.6556,44.9988],[-113.6502,44.9757],[-113.6448,44.9525],[-113.6395,44.9294],[-113.6341,44.9062],[-113.6288,44.883],[-113.6234,44.8599],[-113.6181,44.8367],[-113.6068,44.8287],[-113.5954,44.8207],[-113.5841,44.8127],[-113.5728,44.8047],[-113.5615,44.7967],[-113.5502,44.7887],[-113.5389,44.7807],[-113.5276,44.7727],[-113.5064,44.7612],[-113.4852,44.7498],[-113.464,44.7383],[-113.4428,44.7268],[-113.4216,44.7153],[-113.4005,44.7038],[-113.3793,44.6922],[-113.3581,44.6807],[-113.3411,44.6865],[-113.324,44.6923],[-113.3069,44.6981],[-113.2898,44.7039],[-113.2788,44.727],[-113.2677,44.7501],[-113.2567,44.7732],[-113.2456,44.7964],[-113.2591,44.8054],[-113.2725,44.8144],[-113.2731,44.8144],[-113.2924,44.8054],[-113.2948,44.8047],[-113.2971,44.8033],[-113.2974,44.8032],[-113.2979,44.8032],[-113.2989,44.8031],[-113.3025,44.7988],[-113.3038,44.7989],[-113.3284,44.7889],[-113.3294,44.7887],[-113.3534,44.7913],[-113.3538,44.7915],[-113.3539,44.7958],[-113.3462,44.7993],[-113.3515,44.8106],[-113.3519,44.8114],[-113.3522,44.8124],[-113.3525,44.8127],[-113.3537,44.8145],[-113.3544,44.8163],[-113.3546,44.8167],[-113.3593,44.8215],[-113.3603,44.8219],[-113.377,44.8308],[-113.377,44.8344],[-113.377,44.8344],[-113.3775,44.8351],[-113.3837,44.8372],[-113.3842,44.8374],[-113.4033,44.8376],[-113.4223,44.8378],[-113.4223,44.8402],[-113.4227,44.8413],[-113.4225,44.8428],[-113.426,44.8483],[-113.4262,44.8499],[-113.4272,44.8512],[-113.4278,44.8521],[-113.4337,44.8551],[-113.4368,44.8552],[-113.4373,44.8552],[-113.4385,44.8554],[-113.4549,44.8653],[-113.4551,44.8654],[-113.4557,44.868],[-113.4557,44.8682],[-113.4556,44.8703],[-113.4561,44.872],[-113.4572,44.8754],[-113.4572,44.8755],[-113.4574,44.876],[-113.4577,44.8762],[-113.4582,44.8765],[-113.4585,44.8767],[-113.4594,44.8772],[-113.4595,44.8776],[-113.4624,44.8822],[-113.4613,44.8869],[-113.4638,44.8885],[-113.4641,44.8886],[-113.4644,44.8889],[-113.4655,44.89],[-113.4655,44.8901],[-113.4737,44.8932],[-113.4737,44.8933],[-113.4772,44.8969],[-113.4758,44.8983],[-113.4755,44.9014],[-113.4744,44.9036],[-113.475,44.905],[-113.4718,44.9098],[-113.4745,44.9108],[-113.4753,44.9114],[-113.4784,44.9132],[-113.4808,44.9165],[-113.4835,44.9191],[-113.484,44.9199],[-113.489,44.921],[-113.4914,44.9241],[-113.4915,44.9256],[-113.4915,44.9258],[-113.4911,44.9275],[-113.4912,44.9276],[-113.4919,44.9293],[-113.492,44.9298],[-113.4919,44.93],[-113.4952,44.9317],[-113.4955,44.9336],[-113.4953,44.9348],[-113.4955,44.9356],[-113.4955,44.9358],[-113.4956,44.9366],[-113.4956,44.937],[-113.4968,44.9391],[-113.4985,44.9427],[-113.4975,44.9455],[-113.4964,44.947],[-113.4943,44.9486],[-113.486,44.947],[-113.4857,44.9471],[-113.4844,44.9474],[-113.4837,44.9476],[-113.483,44.9483],[-113.4828,44.9487],[-113.476,44.9493],[-113.4751,44.949],[-113.4717,44.9481],[-113.4675,44.9481],[-113.4653,44.948],[-113.4635,44.9493],[-113.4633,44.9499],[-113.4632,44.95],[-113.4612,44.9516],[-113.4607,44.9522],[-113.453,44.9522],[-113.4527,44.9522],[-113.4502,44.9533],[-113.4485,44.954],[-113.4471,44.9553],[-113.4458,44.9575],[-113.4455,44.9579],[-113.4438,44.9596],[-113.4468,44.9663],[-113.4468,44.9664],[-113.4476,44.968],[-113.4481,44.9688],[-113.4487,44.9695],[-113.4496,44.9705],[-113.4458,44.9785],[-113.4462,44.9794],[-113.446,44.981],[-113.446,44.9814],[-113.4461,44.9822],[-113.4463,44.9828],[-113.447,44.9846],[-113.4473,44.9851],[-113.447,44.9864],[-113.4464,44.9886],[-113.446,44.9898],[-113.4459,44.99],[-113.4453,44.9912],[-113.4453,44.9928],[-113.4455,44.9933],[-113.4455,44.9935],[-113.4454,44.9956],[-113.4457,44.9962],[-113.4468,44.9984],[-113.4464,44.9992],[-113.442,45.003],[-113.4468,45.0185],[-113.4516,45.0339],[-113.4563,45.0494],[-113.4611,45.0648],[-113.4734,45.0618],[-113.4776,45.0621],[-113.4809,45.0627],[-113.4949,45.0804],[-113.4966,45.0811],[-113.4966,45.0811],[-113.4993,45.0811],[-113.5024,45.0816],[-113.5038,45.0824],[-113.5047,45.0827],[-113.5071,45.0833],[-113.5096,45.0837],[-113.5138,45.0848],[-113.5144,45.085],[-113.5226,45.0918],[-113.5179,45.0959],[-113.5119,45.0997],[-113.5105,45.1021],[-113.5086,45.1053],[-113.5067,45.1071],[-113.506,45.1084],[-113.5061,45.1094],[-113.5081,45.112],[-113.5087,45.1127],[-113.5157,45.116],[-113.5204,45.1151],[-113.5228,45.1155],[-113.5324,45.1154],[-113.5351,45.1141],[-113.5351,45.1141],[-113.5367,45.1126],[-113.5381,45.1123],[-113.5434,45.1122],[-113.5506,45.1135],[-113.5524,45.1162],[-113.5532,45.1174],[-113.5574,45.1193],[-113.5625,45.1222],[-113.5729,45.1275],[-113.5737,45.1283],[-113.575,45.1294],[-113.5758,45.1301],[-113.5716,45.1381],[-113.5676,45.1425],[-113.5668,45.1441],[-113.5666,45.1449],[-113.5675,45.1492],[-113.5904,45.159],[-113.5904,45.1603],[-113.5919,45.1625],[-113.5931,45.164],[-113.594,45.1655],[-113.5943,45.1659],[-113.5944,45.168],[-113.5941,45.1693],[-113.5924,45.1713],[-113.5921,45.172],[-113.5919,45.1728],[-113.5926,45.1847],[-113.5947,45.1851],[-113.5957,45.1853],[-113.5961,45.1855],[-113.5972,45.1863],[-113.5975,45.1867],[-113.5976,45.1868],[-113.5976,45.1873],[-113.5991,45.1897],[-113.5996,45.1914],[-113.6002,45.1921],[-113.6046,45.1922],[-113.6088,45.1956],[-113.6092,45.196],[-113.6117,45.1973],[-113.615,45.1985],[-113.6153,45.1987],[-113.616,45.1999],[-113.6184,45.2027],[-113.6194,45.203],[-113.6229,45.2055],[-113.6229,45.2056],[-113.6231,45.2056],[-113.6238,45.2061],[-113.6242,45.2063],[-113.6308,45.2094],[-113.6316,45.2104],[-113.6367,45.2122],[-113.6369,45.2123],[-113.6372,45.2131],[-113.6371,45.2138],[-113.6381,45.2178],[-113.6389,45.2186],[-113.6425,45.2209],[-113.6434,45.2217],[-113.6459,45.2243],[-113.6466,45.2248],[-113.6466,45.2248],[-113.6478,45.227],[-113.6478,45.2279],[-113.6478,45.2286],[-113.6478,45.2296],[-113.6481,45.2303],[-113.6486,45.2313],[-113.6487,45.2318],[-113.6493,45.2341],[-113.6496,45.2345],[-113.6506,45.2351],[-113.6516,45.2356],[-113.6526,45.2371],[-113.6528,45.2373],[-113.6539,45.2386],[-113.6551,45.2398],[-113.6555,45.2401],[-113.656,45.2404],[-113.6583,45.2418],[-113.6583,45.2418],[-113.6603,45.2431],[-113.6629,45.2436],[-113.6666,45.2469],[-113.667,45.247],[-113.6699,45.2473],[-113.67,45.2473],[-113.6715,45.2482],[-113.6745,45.2493],[-113.6772,45.2493],[-113.6788,45.2497],[-113.6926,45.2646],[-113.6919,45.2658],[-113.6917,45.272],[-113.692,45.2724],[-113.692,45.2724]]]},"properties":{"OBJECTID":1128,"state":"Idaho","agency":"Idaho Fish and Game","unit_type":"GMU","unit_id":"30","unit_name":"Hunting Unit 30","unit_label":"Idaho GMU 30 - Hunting Unit 30","aliases":"2025 | 30 | 30 hunting unit 30 | game management unit | game management unit 30 | game management unit 30 hunting unit 30 | gmu | gmu 30 | gmu 30 hunting unit 30 | hunt unit | hunt unit 30 | hunt unit 30 hunting unit 30 | hunting unit | hunting unit 30 |","year":"2025","Shape_Length":205841.48069605316,"Shape_Area":1051517525.4190335}},{"type":"Feature","id":1129,"geometry":{"type":"Polygon","coordinates":[[[-115.9723,45.1928],[-115.9721,45.2178],[-115.9858,45.2097],[-115.9994,45.2016],[-116.013,45.1935],[-116.0267,45.1854],[-116.0403,45.1773],[-116.0539,45.1691],[-116.0675,45.161],[-116.0811,45.1529],[-116.1015,45.1557],[-116.1219,45.1585],[-116.1267,45.1388],[-116.1316,45.1191],[-116.1364,45.0994],[-116.1412,45.0798],[-116.1168,45.0733],[-116.0924,45.0668],[-116.099,45.0542],[-116.1055,45.0415],[-116.1121,45.0289],[-116.1186,45.0162],[-116.1252,45.0035],[-116.1317,44.9909],[-116.1383,44.9782],[-116.1448,44.9655],[-116.1514,44.9529],[-116.1579,44.9402],[-116.1644,44.9276],[-116.171,44.9149],[-116.1775,44.9022],[-116.184,44.8896],[-116.1906,44.8769],[-116.1971,44.8642],[-116.2006,44.8435],[-116.2041,44.8228],[-116.2076,44.802],[-116.211,44.7813],[-116.1976,44.7618],[-116.1842,44.7424],[-116.1708,44.7229],[-116.1574,44.7034],[-116.1642,44.6745],[-116.1711,44.6456],[-116.1779,44.6167],[-116.1847,44.5878],[-116.1781,44.5661],[-116.1716,44.5443],[-116.165,44.5225],[-116.1584,44.5008],[-116.1422,44.4894],[-116.126,44.478],[-116.131,44.4603],[-116.136,44.4425],[-116.1409,44.4247],[-116.1459,44.4069],[-116.133,44.3899],[-116.1201,44.3728],[-116.1293,44.3524],[-116.1384,44.332],[-116.1476,44.3116],[-116.1567,44.2912],[-116.1392,44.2942],[-116.1217,44.2971],[-116.1042,44.3],[-116.0867,44.3029],[-116.0775,44.2851],[-116.0684,44.2672],[-116.0593,44.2493],[-116.0501,44.2315],[-116.0347,44.2412],[-116.0193,44.251],[-116.0039,44.2607],[-115.9884,44.2705],[-115.9811,44.2843],[-115.9738,44.2981],[-115.9664,44.3119],[-115.9591,44.3256],[-115.9517,44.3394],[-115.9444,44.3532],[-115.937,44.367],[-115.9297,44.3808],[-115.9148,44.3962],[-115.8998,44.4115],[-115.8849,44.4269],[-115.8699,44.4422],[-115.8538,44.4492],[-115.8377,44.4562],[-115.8216,44.4631],[-115.8055,44.4701],[-115.7958,44.4945],[-115.7861,44.5189],[-115.7943,44.531],[-115.8025,44.5431],[-115.8107,44.5551],[-115.8188,44.5672],[-115.8216,44.6441],[-115.812,44.669],[-115.8024,44.6939],[-115.7928,44.7188],[-115.7832,44.7437],[-115.8028,44.7582],[-115.8223,44.7727],[-115.823,44.8379],[-115.8428,44.842],[-115.8626,44.8461],[-115.8825,44.8502],[-115.9023,44.8542],[-115.893,44.8684],[-115.8836,44.8825],[-115.8742,44.8966],[-115.8648,44.9107],[-115.872,44.9309],[-115.8791,44.951],[-115.8862,44.9712],[-115.8933,44.9913],[-115.9004,45.0115],[-115.9075,45.0316],[-115.9147,45.0517],[-115.9218,45.0719],[-115.922,45.1658],[-115.9345,45.1726],[-115.9471,45.1793],[-115.9597,45.1861],[-115.9723,45.1928]]]},"properties":{"OBJECTID":1129,"state":"Idaho","agency":"Idaho Fish and Game","unit_type":"GMU","unit_id":"24","unit_name":"Hunting Unit 24","unit_label":"Idaho GMU 24 - Hunting Unit 24","aliases":"2025 | 24 | 24 hunting unit 24 | game management unit | game management unit 24 | game management unit 24 hunting unit 24 | gmu | gmu 24 | gmu 24 hunting unit 24 | hunt unit | hunt unit 24 | hunt unit 24 hunting unit 24 | hunting unit | hunting unit 24 |","year":"2025","Shape_Length":260718.19439183394,"Shape_Area":2295812148.568596}},{"type":"Feature","id":1130,"geometry":{"type":"Polygon","coordinates":[[[-113.3581,44.6807],[-113.3793,44.6922],[-113.4005,44.7038],[-113.4216,44.7153],[-113.4428,44.7268],[-113.464,44.7383],[-113.4852,44.7498],[-113.5064,44.7612],[-113.5276,44.7727],[-113.5389,44.7807],[-113.5502,44.7887],[-113.5615,44.7967],[-113.5728,44.8047],[-113.5841,44.8127],[-113.5954,44.8207],[-113.6068,44.8287],[-113.6181,44.8367],[-113.6234,44.8599],[-113.6288,44.883],[-113.6341,44.9062],[-113.6395,44.9294],[-113.6448,44.9525],[-113.6502,44.9757],[-113.6556,44.9988],[-113.6609,45.022],[-113.6768,45.0396],[-113.6927,45.0572],[-113.7085,45.0749],[-113.7244,45.0925],[-113.7461,45.1031],[-113.7677,45.1137],[-113.7894,45.1243],[-113.8111,45.1349],[-113.8328,45.1455],[-113.8544,45.156],[-113.8761,45.1666],[-113.8978,45.1772],[-113.8955,45.1357],[-113.8931,45.0943],[-113.9072,45.0781],[-113.9212,45.0619],[-113.9275,45.0387],[-113.9338,45.0155],[-113.9402,44.9924],[-113.9465,44.9692],[-113.9528,44.946],[-113.9591,44.9228],[-113.9653,44.8997],[-113.9716,44.8765],[-113.9603,44.8678],[-113.949,44.8591],[-113.9377,44.8504],[-113.9263,44.8417],[-113.915,44.833],[-113.9037,44.8243],[-113.8924,44.8156],[-113.8811,44.8069],[-113.8736,44.7952],[-113.8661,44.7834],[-113.8585,44.7717],[-113.851,44.7599],[-113.8435,44.7482],[-113.836,44.7365],[-113.8284,44.7247],[-113.8209,44.713],[-113.8172,44.6881],[-113.8136,44.6633],[-113.7905,44.6658],[-113.7675,44.6684],[-113.7445,44.6709],[-113.7215,44.6734],[-113.7031,44.6662],[-113.6848,44.659],[-113.6664,44.6517],[-113.6481,44.6445],[-113.6361,44.6229],[-113.624,44.6013],[-113.612,44.5796],[-113.6,44.558],[-113.5781,44.5546],[-113.5562,44.5513],[-113.5343,44.5479],[-113.5125,44.5445],[-113.522,44.5281],[-113.5315,44.5117],[-113.541,44.4953],[-113.5504,44.4788],[-113.5322,44.4712],[-113.514,44.4635],[-113.4958,44.4558],[-113.4775,44.4481],[-113.4564,44.4571],[-113.4353,44.4662],[-113.4142,44.4752],[-113.3931,44.4843],[-113.3798,44.4726],[-113.3666,44.4609],[-113.3534,44.4492],[-113.3401,44.4375],[-113.3269,44.4257],[-113.3137,44.414],[-113.3005,44.4023],[-113.2872,44.3906],[-113.2726,44.3998],[-113.2579,44.4089],[-113.2432,44.4181],[-113.2285,44.4272],[-113.2384,44.442],[-113.2483,44.4567],[-113.2582,44.4715],[-113.2681,44.4862],[-113.2781,44.5009],[-113.288,44.5157],[-113.2979,44.5304],[-113.3078,44.5451],[-113.3127,44.5796],[-113.3176,44.6141],[-113.3277,44.6308],[-113.3379,44.6474],[-113.348,44.6641],[-113.3581,44.6807]]]},"properties":{"OBJECTID":1130,"state":"Idaho","agency":"Idaho Fish and Game","unit_type":"GMU","unit_id":"29","unit_name":"Hunting Unit 29","unit_label":"Idaho GMU 29 - Hunting Unit 29","aliases":"2025 | 29 | 29 hunting unit 29 | game management unit | game management unit 29 | game management unit 29 hunting unit 29 | gmu | gmu 29 | gmu 29 hunting unit 29 | hunt unit | hunt unit 29 | hunt unit 29 hunting unit 29 | hunting unit | hunting unit 29 |","year":"2025","Shape_Length":239676.14120986266,"Shape_Area":1810947766.6513138}},{"type":"Feature","id":1131,"geometry":{"type":"Polygon","coordinates":[[[-115.6182,45.1058],[-115.6407,45.1131],[-115.6633,45.1204],[-115.6858,45.1277],[-115.7084,45.135],[-115.7351,45.1271],[-115.7618,45.1192],[-115.7885,45.1114],[-115.8152,45.1035],[-115.8418,45.0956],[-115.8685,45.0877],[-115.8952,45.0798],[-115.9218,45.0719],[-115.9147,45.0517],[-115.9075,45.0316],[-115.9004,45.0115],[-115.8933,44.9913],[-115.8862,44.9712],[-115.8791,44.951],[-115.872,44.9309],[-115.8648,44.9107],[-115.8742,44.8966],[-115.8836,44.8825],[-115.893,44.8684],[-115.9023,44.8542],[-115.8825,44.8502],[-115.8626,44.8461],[-115.8428,44.842],[-115.823,44.8379],[-115.8223,44.7727],[-115.8028,44.7582],[-115.7832,44.7437],[-115.7928,44.7188],[-115.8024,44.6939],[-115.812,44.669],[-115.8216,44.6441],[-115.8188,44.5672],[-115.7968,44.5633],[-115.7748,44.5593],[-115.7529,44.5554],[-115.7309,44.5515],[-115.7361,44.5206],[-115.7413,44.4897],[-115.7158,44.4796],[-115.6903,44.4694],[-115.6747,44.4788],[-115.659,44.4882],[-115.6434,44.4976],[-115.6277,44.5069],[-115.6146,44.5252],[-115.6015,44.5435],[-115.5739,44.5475],[-115.5463,44.5515],[-115.5186,44.5554],[-115.491,44.5594],[-115.4858,44.5787],[-115.4806,44.5981],[-115.4621,44.6026],[-115.4436,44.607],[-115.4251,44.6115],[-115.4066,44.616],[-115.4292,44.6286],[-115.4519,44.6411],[-115.4424,44.6676],[-115.4329,44.694],[-115.4235,44.7205],[-115.414,44.747],[-115.4045,44.7735],[-115.395,44.7999],[-115.3855,44.8264],[-115.376,44.8529],[-115.3601,44.8575],[-115.3443,44.8622],[-115.3285,44.8668],[-115.3127,44.8714],[-115.2968,44.8761],[-115.281,44.8807],[-115.2652,44.8853],[-115.2493,44.8899],[-115.2458,44.9119],[-115.2422,44.9339],[-115.2387,44.956],[-115.2352,44.978],[-115.246,44.9922],[-115.2568,45.0065],[-115.2677,45.0207],[-115.2785,45.0349],[-115.3051,45.0347],[-115.3317,45.0344],[-115.3583,45.0342],[-115.3848,45.0339],[-115.4056,45.0422],[-115.4265,45.0505],[-115.4473,45.0589],[-115.4681,45.0672],[-115.4983,45.0671],[-115.5284,45.0671],[-115.5586,45.067],[-115.5887,45.0669],[-115.5961,45.0767],[-115.6034,45.0864],[-115.6108,45.0961],[-115.6182,45.1058]]]},"properties":{"OBJECTID":1131,"state":"Idaho","agency":"Idaho Fish and Game","unit_type":"GMU","unit_id":"25","unit_name":"Hunting Unit 25","unit_label":"Idaho GMU 25 - Hunting Unit 25","aliases":"2025 | 25 | 25 hunting unit 25 | game management unit | game management unit 25 | game management unit 25 hunting unit 25 | gmu | gmu 25 | gmu 25 hunting unit 25 | hunt unit | hunt unit 25 | hunt unit 25 hunting unit 25 | hunting unit | hunting unit 25 |","year":"2025","Shape_Length":226117.040106316,"Shape_Area":2340237244.552299}},{"type":"Feature","id":1132,"geometry":{"type":"Polygon","coordinates":[[[-116.211,44.7813],[-116.2207,44.7921],[-116.2303,44.803],[-116.2399,44.8138],[-116.2495,44.8246],[-116.2592,44.8355],[-116.2688,44.8463],[-116.2784,44.8571],[-116.2881,44.868],[-116.3062,44.8739],[-116.3242,44.8799],[-116.3295,44.8933],[-116.3348,44.9067],[-116.3401,44.9202],[-116.3454,44.9336],[-116.3507,44.947],[-116.356,44.9605],[-116.3613,44.9739],[-116.3666,44.9873],[-116.3731,44.9669],[-116.3796,44.9465],[-116.3861,44.926],[-116.3925,44.9056],[-116.3847,44.8818],[-116.3768,44.858],[-116.3908,44.8411],[-116.4048,44.8242],[-116.4188,44.8073],[-116.4328,44.7904],[-116.4387,44.7554],[-116.4445,44.7203],[-116.4503,44.6852],[-116.4561,44.6502],[-116.4508,44.6291],[-116.4455,44.608],[-116.439,44.5805],[-116.4326,44.5531],[-116.4261,44.5256],[-116.4197,44.4982],[-116.4249,44.4693],[-116.4301,44.4405],[-116.4353,44.4117],[-116.4405,44.3829],[-116.4272,44.3684],[-116.414,44.3539],[-116.4007,44.3393],[-116.3874,44.3248],[-116.3711,44.3289],[-116.3548,44.333],[-116.3385,44.337],[-116.3222,44.3411],[-116.3152,44.3061],[-116.3083,44.271],[-116.3015,44.236],[-116.2946,44.201],[-116.2769,44.2038],[-116.2592,44.2067],[-116.2415,44.2095],[-116.2238,44.2123],[-116.2061,44.2152],[-116.1884,44.218],[-116.1707,44.2208],[-116.153,44.2236],[-116.1466,44.2123],[-116.1402,44.201],[-116.1484,44.1709],[-116.1567,44.1407],[-116.1649,44.1105],[-116.1732,44.0803],[-116.1441,44.0826],[-116.115,44.0849],[-116.1177,44.1273],[-116.1204,44.1697],[-116.1162,44.1864],[-116.112,44.203],[-116.1078,44.2197],[-116.1036,44.2363],[-116.0993,44.253],[-116.0951,44.2696],[-116.0909,44.2863],[-116.0867,44.3029],[-116.1042,44.3],[-116.1217,44.2971],[-116.1392,44.2942],[-116.1567,44.2912],[-116.1476,44.3116],[-116.1384,44.332],[-116.1293,44.3524],[-116.1201,44.3728],[-116.133,44.3899],[-116.1459,44.4069],[-116.1409,44.4247],[-116.136,44.4425],[-116.131,44.4603],[-116.126,44.478],[-116.1422,44.4894],[-116.1584,44.5008],[-116.165,44.5225],[-116.1716,44.5443],[-116.1781,44.5661],[-116.1847,44.5878],[-116.1779,44.6167],[-116.1711,44.6456],[-116.1642,44.6745],[-116.1574,44.7034],[-116.1708,44.7229],[-116.1842,44.7424],[-116.1976,44.7618],[-116.211,44.7813]]]},"properties":{"OBJECTID":1132,"state":"Idaho","agency":"Idaho Fish and Game","unit_type":"GMU","unit_id":"32A","unit_name":"Hunting Unit 32A","unit_label":"Idaho GMU 32A - Hunting Unit 32A","aliases":"2025 | 32a | 32a hunting unit 32a | game management unit | game management unit 32a | game management unit 32a hunting unit 32a | gmu | gmu 32a | gmu 32a hunting unit 32a | hunt unit | hunt unit 32a | hunt unit 32a hunting unit 32a | hunting unit | hunti","year":"2025","Shape_Length":246420.25720390936,"Shape_Area":1506534772.1627934}},{"type":"Feature","id":1133,"geometry":{"type":"Polygon","coordinates":[[[-116.6767,44.5717],[-116.6916,44.5751],[-116.7064,44.5784],[-116.7213,44.5818],[-116.7362,44.5852],[-116.7491,44.5965],[-116.762,44.6079],[-116.7749,44.6193],[-116.7878,44.6306],[-116.8007,44.642],[-116.8136,44.6533],[-116.8265,44.6647],[-116.8395,44.676],[-116.8487,44.6909],[-116.858,44.7057],[-116.8673,44.7205],[-116.8766,44.7354],[-116.886,44.7502],[-116.8953,44.765],[-116.9046,44.7799],[-116.9139,44.7947],[-116.9056,44.82],[-116.8974,44.8454],[-116.9057,44.8315],[-116.9141,44.8177],[-116.9224,44.8039],[-116.9308,44.79],[-116.9447,44.7807],[-116.9703,44.7713],[-116.9959,44.7619],[-117.0215,44.7525],[-117.0471,44.7431],[-117.0539,44.7297],[-117.0607,44.7163],[-117.0675,44.7029],[-117.0744,44.6895],[-117.0812,44.6761],[-117.088,44.6627],[-117.0948,44.6493],[-117.1016,44.6359],[-117.1084,44.6225],[-117.1152,44.6091],[-117.122,44.5957],[-117.1288,44.5823],[-117.1356,44.5689],[-117.1424,44.5555],[-117.1492,44.5421],[-117.156,44.5287],[-117.1736,44.5165],[-117.1912,44.5042],[-117.2088,44.4919],[-117.2263,44.4797],[-117.2305,44.4589],[-117.2346,44.4381],[-117.2387,44.4173],[-117.2428,44.3965],[-117.2296,44.3819],[-117.2165,44.3672],[-117.2033,44.3526],[-117.1902,44.338],[-117.1971,44.3259],[-117.2041,44.3138],[-117.211,44.3017],[-117.218,44.2896],[-117.2062,44.2821],[-117.1945,44.2745],[-117.1828,44.2669],[-117.171,44.2593],[-117.155,44.2646],[-117.1389,44.2699],[-117.1228,44.2752],[-117.1067,44.2805],[-117.0916,44.268],[-117.0765,44.2555],[-117.0615,44.2429],[-117.0464,44.2304],[-117.0302,44.2339],[-117.0141,44.2374],[-116.998,44.2409],[-116.9818,44.2444],[-116.9699,44.2564],[-116.958,44.2685],[-116.9461,44.2806],[-116.9341,44.2927],[-116.9222,44.3047],[-116.9102,44.3168],[-116.8983,44.3289],[-116.8863,44.3409],[-116.8816,44.3568],[-116.877,44.3727],[-116.8723,44.3887],[-116.8676,44.4046],[-116.8512,44.4127],[-116.8347,44.4209],[-116.8183,44.4291],[-116.8019,44.4373],[-116.7854,44.4454],[-116.769,44.4536],[-116.7526,44.4617],[-116.7361,44.4699],[-116.7287,44.4826],[-116.7213,44.4954],[-116.7139,44.5081],[-116.7064,44.5208],[-116.699,44.5335],[-116.6916,44.5463],[-116.6841,44.559],[-116.6767,44.5717]]]},"properties":{"OBJECTID":1133,"state":"Idaho","agency":"Idaho Fish and Game","unit_type":"GMU","unit_id":"31","unit_name":"Hunting Unit 31","unit_label":"Idaho GMU 31 - Hunting Unit 31","aliases":"2025 | 31 | 31 hunting unit 31 | game management unit | game management unit 31 | game management unit 31 hunting unit 31 | gmu | gmu 31 | gmu 31 hunting unit 31 | hunt unit | hunt unit 31 | hunt unit 31 hunting unit 31 | hunting unit | hunting unit 31 |","year":"2025","Shape_Length":180509.07440971775,"Shape_Area":1537599788.585736}},{"type":"Feature","id":1134,"geometry":{"type":"Polygon","coordinates":[[[-114.0685,44.6835],[-114.0792,44.6912],[-114.0899,44.6989],[-114.1005,44.7067],[-114.1112,44.7144],[-114.1219,44.7221],[-114.1325,44.7299],[-114.1432,44.7376],[-114.1539,44.7453],[-114.1796,44.7447],[-114.2054,44.744],[-114.2029,44.7729],[-114.2004,44.8018],[-114.1979,44.8307],[-114.1954,44.8596],[-114.2115,44.8574],[-114.2276,44.8551],[-114.2437,44.8528],[-114.2599,44.8505],[-114.2785,44.8358],[-114.2971,44.8212],[-114.3158,44.8066],[-114.3344,44.792],[-114.353,44.7773],[-114.3716,44.7627],[-114.3902,44.748],[-114.4088,44.7334],[-114.3913,44.7211],[-114.3739,44.7087],[-114.3818,44.6978],[-114.3898,44.6868],[-114.3978,44.6759],[-114.4057,44.665],[-114.421,44.6505],[-114.4362,44.636],[-114.4515,44.6216],[-114.4667,44.6071],[-114.4819,44.5927],[-114.4972,44.5782],[-114.5124,44.5637],[-114.5276,44.5493],[-114.5173,44.5334],[-114.507,44.5176],[-114.4968,44.5018],[-114.4865,44.4859],[-114.507,44.4721],[-114.5275,44.4583],[-114.548,44.4445],[-114.5684,44.4307],[-114.5721,44.3911],[-114.5823,44.3835],[-114.5925,44.3759],[-114.6026,44.3683],[-114.6128,44.3607],[-114.6229,44.3531],[-114.6331,44.3455],[-114.6432,44.3379],[-114.6534,44.3303],[-114.6635,44.3227],[-114.6737,44.3151],[-114.6838,44.3074],[-114.6939,44.2998],[-114.7041,44.2922],[-114.7142,44.2846],[-114.7243,44.277],[-114.7345,44.2694],[-114.7136,44.2645],[-114.6928,44.2595],[-114.672,44.2546],[-114.6511,44.2497],[-114.6295,44.2512],[-114.6079,44.2527],[-114.5862,44.2542],[-114.5646,44.2556],[-114.5372,44.2554],[-114.5099,44.2551],[-114.4826,44.2548],[-114.4552,44.2545],[-114.4279,44.2542],[-114.4005,44.2539],[-114.3732,44.2536],[-114.3458,44.2533],[-114.3353,44.2613],[-114.3247,44.2693],[-114.3142,44.2774],[-114.3036,44.2854],[-114.2945,44.311],[-114.2854,44.3367],[-114.2762,44.3623],[-114.267,44.3879],[-114.2592,44.3984],[-114.2514,44.4089],[-114.2436,44.4193],[-114.2357,44.4298],[-114.2279,44.4403],[-114.2201,44.4507],[-114.2122,44.4612],[-114.2044,44.4716],[-114.1904,44.4911],[-114.1763,44.5105],[-114.1804,44.5272],[-114.1844,44.544],[-114.1884,44.5607],[-114.1924,44.5774],[-114.18,44.5926],[-114.1676,44.6077],[-114.1552,44.6228],[-114.1428,44.638],[-114.1242,44.6493],[-114.1057,44.6607],[-114.0871,44.6721],[-114.0685,44.6835]]]},"properties":{"OBJECTID":1134,"state":"Idaho","agency":"Idaho Fish and Game","unit_type":"GMU","unit_id":"36B","unit_name":"Hunting Unit 36B","unit_label":"Idaho GMU 36B - Hunting Unit 36B","aliases":"2025 | 36b | 36b hunting unit 36b | game management unit | game management unit 36b | game management unit 36b hunting unit 36b | gmu | gmu 36b | gmu 36b hunting unit 36b | hunt unit | hunt unit 36b | hunt unit 36b hunting unit 36b | hunting unit | hunti","year":"2025","Shape_Length":201309.8408043084,"Shape_Area":1523896526.014208}},{"type":"Feature","id":1135,"geometry":{"type":"Polygon","coordinates":[[[-113.4775,44.4481],[-113.4958,44.4558],[-113.514,44.4635],[-113.5322,44.4712],[-113.5504,44.4788],[-113.541,44.4953],[-113.5315,44.5117],[-113.522,44.5281],[-113.5125,44.5445],[-113.5343,44.5479],[-113.5562,44.5513],[-113.5781,44.5546],[-113.6,44.558],[-113.612,44.5796],[-113.624,44.6013],[-113.6361,44.6229],[-113.6481,44.6445],[-113.6664,44.6517],[-113.6848,44.659],[-113.7031,44.6662],[-113.7215,44.6734],[-113.7445,44.6709],[-113.7675,44.6684],[-113.7905,44.6658],[-113.8136,44.6633],[-113.8172,44.6881],[-113.8209,44.713],[-113.8284,44.7247],[-113.836,44.7365],[-113.8435,44.7482],[-113.851,44.7599],[-113.8585,44.7717],[-113.8661,44.7834],[-113.8736,44.7952],[-113.8811,44.8069],[-113.8924,44.8156],[-113.9037,44.8243],[-113.915,44.833],[-113.9263,44.8417],[-113.9377,44.8504],[-113.949,44.8591],[-113.9603,44.8678],[-113.9716,44.8765],[-113.9819,44.8586],[-113.9922,44.8408],[-114.0025,44.8229],[-114.0128,44.805],[-114.0077,44.7909],[-114.0026,44.7769],[-113.9975,44.7628],[-113.9924,44.7488],[-114.0066,44.7346],[-114.0209,44.7205],[-114.0351,44.7063],[-114.0493,44.6921],[-114.0363,44.6788],[-114.0232,44.6654],[-114.0102,44.652],[-113.9972,44.6387],[-113.9749,44.6359],[-113.9525,44.6331],[-113.9302,44.6303],[-113.9079,44.6275],[-113.8989,44.6176],[-113.8899,44.6076],[-113.8809,44.5977],[-113.8719,44.5878],[-113.8629,44.5778],[-113.8539,44.5679],[-113.8449,44.558],[-113.8359,44.548],[-113.8202,44.5445],[-113.8044,44.541],[-113.7887,44.5375],[-113.773,44.534],[-113.7572,44.5305],[-113.7415,44.527],[-113.7258,44.5235],[-113.7101,44.5199],[-113.6989,44.4985],[-113.6877,44.477],[-113.6765,44.4556],[-113.6654,44.4341],[-113.6542,44.4126],[-113.643,44.3912],[-113.6319,44.3697],[-113.6208,44.3482],[-113.6031,44.3429],[-113.5855,44.3375],[-113.5679,44.3322],[-113.5503,44.3268],[-113.5282,44.3296],[-113.5061,44.3324],[-113.4841,44.3352],[-113.462,44.338],[-113.4742,44.3581],[-113.4863,44.3781],[-113.4819,44.4131],[-113.4775,44.4481]]]},"properties":{"OBJECTID":1135,"state":"Idaho","agency":"Idaho Fish and Game","unit_type":"GMU","unit_id":"37A","unit_name":"Hunting Unit 37A","unit_label":"Idaho GMU 37A - Hunting Unit 37A","aliases":"2025 | 37a | 37a hunting unit 37a | game management unit | game management unit 37a | game management unit 37a hunting unit 37a | gmu | gmu 37a | gmu 37a hunting unit 37a | hunt unit | hunt unit 37a | hunt unit 37a hunting unit 37a | hunting unit | hunti","year":"2025","Shape_Length":178235.47935454358,"Shape_Area":888036202.133126}},{"type":"Feature","id":1136,"geometry":{"type":"Polygon","coordinates":[[[-112.998,44.4484],[-113.0047,44.4623],[-113.0115,44.4761],[-113.0139,44.4793],[-113.0159,44.4806],[-113.0203,44.4848],[-113.0214,44.486],[-113.0231,44.4887],[-113.0232,44.4889],[-113.0254,44.4931],[-113.0264,44.4946],[-113.0151,44.5158],[-113.0055,44.5194],[-113.007,44.5257],[-113.0071,44.5259],[-113.027,44.5375],[-113.0469,44.5491],[-113.036,44.5613],[-113.0513,44.571],[-113.0665,44.5807],[-113.0637,44.5865],[-113.0755,44.5931],[-113.0874,44.5997],[-113.0701,44.6114],[-113.0529,44.6232],[-113.0511,44.6266],[-113.0511,44.6356],[-113.0653,44.6501],[-113.0639,44.6524],[-113.07,44.6687],[-113.0678,44.6732],[-113.0678,44.6794],[-113.0684,44.6796],[-113.0823,44.6839],[-113.0801,44.6885],[-113.0908,44.7054],[-113.1015,44.7222],[-113.1021,44.7275],[-113.1162,44.7387],[-113.1304,44.7499],[-113.1318,44.7505],[-113.135,44.7534],[-113.1349,44.7543],[-113.1349,44.7543],[-113.1353,44.7565],[-113.1373,44.7589],[-113.1375,44.7593],[-113.1377,44.7597],[-113.1378,44.7599],[-113.1377,44.76],[-113.1376,44.7602],[-113.1313,44.7649],[-113.1517,44.7745],[-113.172,44.7841],[-113.172,44.7841],[-113.1796,44.7875],[-113.1807,44.7891],[-113.1953,44.7954],[-113.2099,44.8018],[-113.2245,44.8081],[-113.2391,44.8144],[-113.2403,44.8166],[-113.2562,44.8155],[-113.2722,44.8144],[-113.2725,44.8144],[-113.2591,44.8054],[-113.2456,44.7964],[-113.2567,44.7732],[-113.2677,44.7501],[-113.2788,44.727],[-113.2898,44.7039],[-113.3069,44.6981],[-113.324,44.6923],[-113.3411,44.6865],[-113.3581,44.6807],[-113.348,44.6641],[-113.3379,44.6474],[-113.3277,44.6308],[-113.3176,44.6141],[-113.3127,44.5796],[-113.3078,44.5451],[-113.2979,44.5304],[-113.288,44.5157],[-113.2781,44.5009],[-113.2681,44.4862],[-113.2582,44.4715],[-113.2483,44.4567],[-113.2384,44.442],[-113.2285,44.4272],[-113.2068,44.4315],[-113.1851,44.4358],[-113.1634,44.4401],[-113.1416,44.4444],[-113.1199,44.4486],[-113.0981,44.4529],[-113.0764,44.4572],[-113.0546,44.4614],[-113.0264,44.4548],[-112.9982,44.4482],[-112.998,44.4484]]]},"properties":{"OBJECTID":1136,"state":"Idaho","agency":"Idaho Fish and Game","unit_type":"GMU","unit_id":"30A","unit_name":"Hunting Unit 30A","unit_label":"Idaho GMU 30A - Hunting Unit 30A","aliases":"2025 | 30a | 30a hunting unit 30a | game management unit | game management unit 30a | game management unit 30a hunting unit 30a | gmu | gmu 30a | gmu 30a hunting unit 30a | hunt unit | hunt unit 30a | hunt unit 30a hunting unit 30a | hunting unit | hunti","year":"2025","Shape_Length":126456.78956285185,"Shape_Area":710260209.0959104}},{"type":"Feature","id":1137,"geometry":{"type":"Polygon","coordinates":[[[-111.0972,44.4866],[-111.0975,44.4867],[-111.0977,44.4868],[-111.0987,44.4872],[-111.1003,44.4876],[-111.104,44.4866],[-111.1142,44.4929],[-111.1142,44.4929],[-111.1147,44.4936],[-111.125,44.4959],[-111.1305,44.4997],[-111.1319,44.5325],[-111.1341,44.5335],[-111.1372,44.5345],[-111.1375,44.5345],[-111.1409,44.5362],[-111.1475,44.5353],[-111.1507,44.5351],[-111.1596,44.5465],[-111.1597,44.5465],[-111.174,44.5494],[-111.1747,44.5497],[-111.1809,44.5546],[-111.1802,44.5676],[-111.1803,44.5679],[-111.1812,44.5691],[-111.2012,44.5729],[-111.2213,44.5767],[-111.2249,44.5764],[-111.2278,44.5773],[-111.2278,44.5779],[-111.2278,44.578],[-111.228,44.5782],[-111.2282,44.5784],[-111.23,44.5825],[-111.2313,44.5868],[-111.2315,44.5881],[-111.2329,44.5898],[-111.2324,44.5924],[-111.234,44.6002],[-111.2358,44.6012],[-111.2354,44.6052],[-111.2375,44.609],[-111.2384,44.6106],[-111.2406,44.6143],[-111.2203,44.6228],[-111.2267,44.6284],[-111.2269,44.6285],[-111.2429,44.6432],[-111.2481,44.6435],[-111.2507,44.6459],[-111.2508,44.6462],[-111.2513,44.6468],[-111.2513,44.6482],[-111.2513,44.6484],[-111.2517,44.6487],[-111.2531,44.6503],[-111.253,44.6505],[-111.2533,44.651],[-111.2538,44.651],[-111.2546,44.6509],[-111.2579,44.65],[-111.2582,44.6499],[-111.2586,44.6499],[-111.2606,44.6496],[-111.2606,44.6496],[-111.261,44.6496],[-111.2621,44.6497],[-111.2682,44.6474],[-111.2686,44.6471],[-111.2689,44.6471],[-111.2691,44.647],[-111.2704,44.6467],[-111.2708,44.6469],[-111.271,44.647],[-111.2771,44.6501],[-111.2806,44.6549],[-111.2785,44.655],[-111.2764,44.656],[-111.2757,44.6567],[-111.2754,44.6581],[-111.2752,44.6586],[-111.2736,44.6599],[-111.2735,44.6601],[-111.2716,44.6625],[-111.2708,44.6627],[-111.267,44.6651],[-111.2669,44.6653],[-111.2667,44.6669],[-111.2688,44.6682],[-111.2758,44.6744],[-111.2765,44.6756],[-111.2767,44.6766],[-111.2763,44.6782],[-111.2767,44.6789],[-111.2786,44.6814],[-111.2821,44.6835],[-111.2877,44.6856],[-111.2965,44.6956],[-111.2964,44.6961],[-111.2949,44.6986],[-111.296,44.7018],[-111.2962,44.7021],[-111.2963,44.7022],[-111.2993,44.7033],[-111.2995,44.7034],[-111.3011,44.7056],[-111.3011,44.7056],[-111.3043,44.7066],[-111.3049,44.7069],[-111.3085,44.7086],[-111.3112,44.7105],[-111.3176,44.7141],[-111.3188,44.7159],[-111.3218,44.718],[-111.322,44.7182],[-111.3229,44.7199],[-111.3233,44.7227],[-111.3237,44.7241],[-111.3228,44.7269],[-111.3228,44.7274],[-111.3229,44.7278],[-111.3235,44.7288],[-111.3236,44.729],[-111.333,44.7314],[-111.3354,44.7324],[-111.3371,44.7331],[-111.3371,44.7331],[-111.3578,44.7294],[-111.3583,44.7299],[-111.365,44.7368],[-111.3657,44.7373],[-111.3663,44.7378],[-111.3666,44.7381],[-111.3667,44.7384],[-111.3665,44.739],[-111.3665,44.7404],[-111.3667,44.7411],[-111.3663,44.742],[-111.3663,44.7422],[-111.3678,44.743],[-111.3681,44.7431],[-111.3683,44.7432],[-111.3718,44.7461],[-111.3718,44.7462],[-111.3727,44.7467],[-111.3745,44.7476],[-111.3748,44.7478],[-111.3751,44.7483],[-111.3751,44.7487],[-111.3749,44.7489],[-111.3747,44.7493],[-111.3774,44.7515],[-111.3845,44.7548],[-111.3848,44.7551],[-111.385,44.755],[-111.3959,44.7487],[-111.396,44.7481],[-111.3977,44.7466],[-111.395,44.7453],[-111.3948,44.7449],[-111.395,44.7434],[-111.3954,44.742],[-111.3956,44.7406],[-111.3956,44.7404],[-111.3953,44.7394],[-111.3954,44.7393],[-111.3954,44.7392],[-111.3973,44.7378],[-111.3976,44.7373],[-111.3984,44.7363],[-111.3985,44.7361],[-111.3987,44.7358],[-111.3992,44.7347],[-111.3991,44.7332],[-111.3985,44.7315],[-111.3973,44.7282],[-111.3983,44.7262],[-111.398,44.7242],[-111.3985,44.7233],[-111.3986,44.7232],[-111.4045,44.721],[-111.4048,44.7204],[-111.407,44.7179],[-111.4071,44.7174],[-111.4083,44.7159],[-111.4262,44.7169],[-111.4262,44.7171],[-111.4262,44.7174],[-111.4262,44.7176],[-111.4476,44.7172],[-111.4477,44.7172],[-111.4623,44.7146],[-111.4642,44.7141],[-111.4692,44.7111],[-111.4893,44.7049],[-111.4783,44.6833],[-111.4784,44.6831],[-111.4753,44.6812],[-111.4748,44.6811],[-111.4746,44.6813],[-111.4687,44.6787],[-111.4707,44.6767],[-111.471,44.6762],[-111.4713,44.6756],[-111.4716,44.675],[-111.4742,44.6743],[-111.4744,44.6741],[-111.4761,44.6739],[-111.4761,44.6739],[-111.4764,44.6738],[-111.4735,44.665],[-111.4785,44.6621],[-111.4782,44.6597],[-111.4784,44.6596],[-111.4795,44.6585],[-111.4803,44.6582],[-111.4808,44.6573],[-111.4816,44.6567],[-111.4833,44.6553],[-111.4852,44.6547],[-111.4854,44.6547],[-111.4866,44.6544],[-111.488,44.6522],[-111.4881,44.6518],[-111.4885,44.6507],[-111.4888,44.6503],[-111.4893,44.65],[-111.4903,44.6497],[-111.4909,44.6494],[-111.491,44.6493],[-111.4903,44.6422],[-111.4959,44.6443],[-111.5077,44.6452],[-111.5095,44.6448],[-111.5129,44.6442],[-111.5162,44.6436],[-111.5166,44.6408],[-111.5166,44.6408],[-111.5101,44.6353],[-111.5074,44.6324],[-111.5065,44.6318],[-111.5046,44.6303],[-111.5079,44.625],[-111.5114,44.6227],[-111.5199,44.6157],[-111.5201,44.6123],[-111.5202,44.6117],[-111.5219,44.6093],[-111.5257,44.6047],[-111.5243,44.6041],[-111.5197,44.6024],[-111.5195,44.602],[-111.5236,44.5988],[-111.5245,44.5979],[-111.5246,44.5974],[-111.5245,44.5967],[-111.5239,44.5948],[-111.5237,44.5945],[-111.5233,44.5937],[-111.5198,44.5891],[-111.5192,44.5843],[-111.5192,44.5837],[-111.5181,44.5822],[-111.5175,44.5819],[-111.5086,44.5771],[-111.5082,44.5769],[-111.5051,44.5752],[-111.5021,44.5731],[-111.5013,44.5708],[-111.5019,44.5702],[-111.505,44.5687],[-111.5057,44.5689],[-111.5057,44.5689],[-111.5059,44.5688],[-111.51,44.5654],[-111.51,44.5652],[-111.5084,44.5627],[-111.5053,44.5619],[-111.5046,44.5618],[-111.4999,44.5611],[-111.4987,44.5608],[-111.4973,44.561],[-111.4933,44.5608],[-111.4917,44.5605],[-111.489,44.5594],[-111.4863,44.5576],[-111.4845,44.557],[-111.4834,44.5565],[-111.4807,44.5556],[-111.479,44.5535],[-111.4785,44.5533],[-111.4761,44.5544],[-111.4752,44.5563],[-111.474,44.5568],[-111.4695,44.5574],[-111.4692,44.552],[-111.4691,44.5519],[-111.469,44.5518],[-111.4685,44.5515],[-111.4679,44.5488],[-111.4678,44.5483],[-111.466,44.5433],[-111.4642,44.5419],[-111.4671,44.5404],[-111.4676,44.5402],[-111.469,44.5392],[-111.4701,44.5402],[-111.4757,44.5408],[-111.4772,44.5415],[-111.4778,44.5416],[-111.4779,44.5416],[-111.4791,44.5416],[-111.4797,44.542],[-111.4827,44.5413],[-111.4829,44.5413],[-111.4845,44.5409],[-111.4858,44.5415],[-111.4938,44.5406],[-111.4946,44.5407],[-111.4966,44.5411],[-111.4976,44.5419],[-111.4989,44.5419],[-111.5001,44.5415],[-111.5115,44.5359],[-111.5138,44.5362],[-111.5154,44.537],[-111.517,44.5397],[-111.5171,44.5399],[-111.5326,44.55],[-111.5346,44.5502],[-111.5359,44.5504],[-111.5373,44.5508],[-111.5469,44.557],[-111.548,44.5572],[-111.5527,44.5558],[-111.5587,44.5547],[-111.5594,44.5548],[-111.5629,44.5553],[-111.5642,44.5571],[-111.5645,44.5576],[-111.5741,44.5591],[-111.5757,44.5593],[-111.5916,44.5615],[-111.5927,44.5606],[-111.6016,44.5539],[-111.6046,44.5531],[-111.6061,44.5521],[-111.612,44.5492],[-111.6153,44.5492],[-111.6167,44.5501],[-111.6191,44.5507],[-111.6212,44.5507],[-111.6259,44.5517],[-111.6367,44.5526],[-111.6424,44.5534],[-111.644,44.554],[-111.6534,44.5547],[-111.6536,44.5546],[-111.6618,44.5543],[-111.6732,44.5568],[-111.6769,44.5578],[-111.6831,44.5615],[-111.6833,44.5615],[-111.6863,44.5592],[-111.6901,44.5562],[-111.6904,44.5561],[-111.6909,44.5562],[-111.6966,44.5579],[-111.6981,44.5583],[-111.7038,44.56],[-111.7048,44.559],[-111.7049,44.5587],[-111.708,44.5517],[-111.7142,44.5464],[-111.7154,44.5436],[-111.7159,44.5433],[-111.717,44.5432],[-111.7289,44.5432],[-111.7303,44.5429],[-111.7312,44.5426],[-111.7332,44.5423],[-111.7357,44.543],[-111.7364,44.543],[-111.741,44.5414],[-111.7446,44.5408],[-111.7476,44.5401],[-111.7487,44.5396],[-111.7506,44.5387],[-111.7615,44.5282],[-111.7619,44.5267],[-111.7661,44.5277],[-111.7682,44.5283],[-111.7684,44.5285],[-111.7741,44.5288],[-111.7817,44.5242],[-111.785,44.5236],[-111.7862,44.5237],[-111.802,44.5256],[-111.8065,44.5154],[-111.8075,44.5148],[-111.8087,44.5139],[-111.8081,44.5116],[-111.8102,44.5112],[-111.8153,44.5104],[-111.8223,44.5094],[-111.8236,44.5101],[-111.8249,44.512],[-111.8291,44.515],[-111.8313,44.5174],[-111.8307,44.5199],[-111.8327,44.5206],[-111.8328,44.5208],[-111.833,44.5209],[-111.8332,44.521],[-111.8352,44.5221],[-111.8392,44.5243],[-111.8439,44.5295],[-111.8456,44.533],[-111.8462,44.5342],[-111.8467,44.535],[-111.8472,44.536],[-111.8491,44.5393],[-111.8502,44.5407],[-111.853,44.5433],[-111.8563,44.5458],[-111.8568,44.5483],[-111.8589,44.5495],[-111.86,44.5499],[-111.8606,44.5501],[-111.8642,44.5521],[-111.8647,44.5538],[-111.865,44.5565],[-111.865,44.5569],[-111.8664,44.5629],[-111.8701,44.5644],[-111.8732,44.563],[-111.8743,44.5628],[-111.8876,44.5632],[-111.8894,44.5646],[-111.8947,44.5623],[-111.8948,44.5617],[-111.8959,44.5593],[-111.8972,44.559],[-111.8978,44.5588],[-111.8979,44.5588],[-111.9133,44.5562],[-111.9168,44.5562],[-111.9188,44.557],[-111.9203,44.5576],[-111.9219,44.5576],[-111.922,44.5576],[-111.9235,44.5575],[-111.9237,44.5574],[-111.9342,44.5579],[-111.939,44.557],[-111.9447,44.5566],[-111.9514,44.55],[-111.9607,44.5497],[-111.9608,44.5497],[-111.9673,44.5448],[-111.9674,44.5445],[-111.979,44.5358],[-111.9795,44.5359],[-111.9823,44.5367],[-111.9826,44.5368],[-111.9831,44.5367],[-111.984,44.5368],[-111.9845,44.5369],[-111.9847,44.537],[-111.99,44.5371],[-111.9938,44.5359],[-111.9977,44.5365],[-112.0034,44.5378],[-112.0039,44.5378],[-112.0079,44.541],[-112.0086,44.5421],[-112.0099,44.5426],[-112.0117,44.5433],[-112.0205,44.5437],[-112.0212,44.5441],[-112.0278,44.546],[-112.032,44.5466],[-112.0325,44.5467],[-112.0326,44.5467],[-112.0328,44.5465],[-112.0348,44.5405],[-112.0341,44.5284],[-112.0355,44.5292],[-112.0356,44.5293],[-112.0371,44.5306],[-112.0374,44.5315],[-112.0378,44.5324],[-112.0438,44.5323],[-112.0442,44.5325],[-112.0449,44.533],[-112.0517,44.5346],[-112.0531,44.535],[-112.0549,44.5363],[-112.0555,44.5366],[-112.0638,44.5361],[-112.0665,44.5362],[-112.0673,44.5364],[-112.0684,44.5369],[-112.0731,44.535],[-112.076,44.5334],[-112.0761,44.5334],[-112.0781,44.5337],[-112.0946,44.5287],[-112.0947,44.5286],[-112.0962,44.5241],[-112.0976,44.5226],[-112.0996,44.5217],[-112.1013,44.521],[-112.1055,44.5208],[-112.1063,44.5208],[-112.1069,44.5212],[-112.107,44.5213],[-112.1074,44.5223],[-112.1081,44.5231],[-112.1098,44.5243],[-112.1136,44.525],[-112.1185,44.5262],[-112.1249,44.5284],[-112.1254,44.5287],[-112.1269,44.529],[-112.127,44.5293],[-112.1268,44.5306],[-112.1277,44.5327],[-112.1289,44.534],[-112.1292,44.5357],[-112.1296,44.5365],[-112.1302,44.537],[-112.1314,44.5378],[-112.1324,44.5379],[-112.133,44.5378],[-112.1336,44.5376],[-112.1366,44.5399],[-112.1392,44.5393],[-112.1429,44.5398],[-112.1472,44.5381],[-112.1479,44.5373],[-112.1517,44.5384],[-112.1524,44.5386],[-112.163,44.5411],[-112.1649,44.5415],[-112.1723,44.5374],[-112.1723,44.5374],[-112.1763,44.5359],[-112.1763,44.5359],[-112.1769,44.5356],[-112.1795,44.5332],[-112.1956,44.5376],[-112.1977,44.5381],[-112.2094,44.5404],[-112.21,44.5405],[-112.2108,44.5407],[-112.219,44.5431],[-112.2292,44.552],[-112.2292,44.5525],[-112.2289,44.5531],[-112.2289,44.5532],[-112.2287,44.5534],[-112.2279,44.5542],[-112.2277,44.5576],[-112.2279,44.5577],[-112.2309,44.5598],[-112.2302,44.562],[-112.2302,44.5625],[-112.2296,44.5634],[-112.2295,44.5635],[-112.2293,44.5636],[-112.2291,44.5638],[-112.2291,44.5641],[-112.2298,44.5643],[-112.2322,44.5645],[-112.2348,44.565],[-112.2357,44.5652],[-112.2418,44.5677],[-112.2418,44.5677],[-112.2452,44.5683],[-112.2456,44.5684],[-112.2473,44.5686],[-112.2473,44.5686],[-112.2501,44.5681],[-112.2502,44.568],[-112.2738,44.5641],[-112.2973,44.5602],[-112.2981,44.5591],[-112.307,44.5579],[-112.3093,44.5555],[-112.2907,44.5398],[-112.2722,44.5241],[-112.2536,44.5085],[-112.2351,44.4928],[-112.229,44.4759],[-112.2229,44.4589],[-112.2169,44.4419],[-112.2108,44.4249],[-112.2048,44.408],[-112.1987,44.391],[-112.1926,44.374],[-112.1866,44.3571],[-112.1632,44.3557],[-112.1397,44.3542],[-112.1163,44.3528],[-112.0929,44.3514],[-112.0695,44.3499],[-112.046,44.3485],[-112.0226,44.3471],[-111.9992,44.3456],[-111.9774,44.3494],[-111.9555,44.3531],[-111.9337,44.3569],[-111.9119,44.3606],[-111.9107,44.3896],[-111.8913,44.39],[-111.8718,44.3904],[-111.8524,44.3907],[-111.833,44.3911],[-111.8139,44.4051],[-111.7948,44.419],[-111.767,44.4218],[-111.7392,44.4246],[-111.7114,44.4274],[-111.6835,44.4302],[-111.6566,44.4305],[-111.6297,44.4308],[-111.6028,44.431],[-111.5759,44.4313],[-111.549,44.4316],[-111.5221,44.4318],[-111.4952,44.4321],[-111.4683,44.4323],[-111.4579,44.4412],[-111.4475,44.4501],[-111.4371,44.459],[-111.4267,44.4679],[-111.4102,44.4642],[-111.3938,44.4604],[-111.3774,44.4567],[-111.361,44.453],[-111.3699,44.4388],[-111.3787,44.4247],[-111.3875,44.4105],[-111.3964,44.3964],[-111.4052,44.3822],[-111.414,44.3681],[-111.4229,44.3539],[-111.4317,44.3397],[-111.4258,44.3263],[-111.4199,44.3129],[-111.414,44.2995],[-111.4081,44.2861],[-111.3841,44.286],[-111.3601,44.2859],[-111.3362,44.2858],[-111.3122,44.2857],[-111.3073,44.3024],[-111.3024,44.3191],[-111.2768,44.3215],[-111.2512,44.3239],[-111.2256,44.3263],[-111.2,44.3287],[-111.1744,44.331],[-111.1488,44.3334],[-111.1231,44.3358],[-111.0975,44.3381],[-111.0972,44.4866],[-111.0972,44.4866]]]},"properties":{"OBJECTID":1137,"state":"Idaho","agency":"Idaho Fish and Game","unit_type":"GMU","unit_id":"61","unit_name":"Hunting Unit 61","unit_label":"Idaho GMU 61 - Hunting Unit 61","aliases":"2025 | 61 | 61 hunting unit 61 | game management unit | game management unit 61 | game management unit 61 hunting unit 61 | gmu | gmu 61 | gmu 61 hunting unit 61 | hunt unit | hunt unit 61 | hunt unit 61 hunting unit 61 | hunting unit | hunting unit 61 |","year":"2025","Shape_Length":336333.94779857557,"Shape_Area":2073623205.887651}},{"type":"Feature","id":1138,"geometry":{"type":"Polygon","coordinates":[[[-113.5503,44.3268],[-113.5679,44.3322],[-113.5855,44.3375],[-113.6031,44.3429],[-113.6208,44.3482],[-113.6319,44.3697],[-113.643,44.3912],[-113.6542,44.4126],[-113.6654,44.4341],[-113.6765,44.4556],[-113.6877,44.477],[-113.6989,44.4985],[-113.7101,44.5199],[-113.7258,44.5235],[-113.7415,44.527],[-113.7572,44.5305],[-113.773,44.534],[-113.7887,44.5375],[-113.8044,44.541],[-113.8202,44.5445],[-113.8359,44.548],[-113.8449,44.558],[-113.8539,44.5679],[-113.8629,44.5778],[-113.8719,44.5878],[-113.8809,44.5977],[-113.8899,44.6076],[-113.8989,44.6176],[-113.9079,44.6275],[-113.9302,44.6303],[-113.9525,44.6331],[-113.9749,44.6359],[-113.9972,44.6387],[-114.0102,44.652],[-114.0232,44.6654],[-114.0363,44.6788],[-114.0493,44.6921],[-114.0685,44.6835],[-114.0871,44.6721],[-114.1057,44.6607],[-114.1242,44.6493],[-114.1428,44.638],[-114.1552,44.6228],[-114.1676,44.6077],[-114.18,44.5926],[-114.1924,44.5774],[-114.1884,44.5607],[-114.1844,44.544],[-114.1804,44.5272],[-114.1763,44.5105],[-114.1904,44.4911],[-114.2044,44.4716],[-114.189,44.4656],[-114.1736,44.4595],[-114.1582,44.4535],[-114.1428,44.4474],[-114.1314,44.4344],[-114.1201,44.4215],[-114.1087,44.4085],[-114.0973,44.3955],[-114.086,44.3826],[-114.0746,44.3696],[-114.0632,44.3566],[-114.0519,44.3437],[-114.0465,44.3171],[-114.0412,44.2905],[-114.0247,44.2756],[-114.0082,44.2607],[-113.9916,44.2458],[-113.9751,44.2309],[-113.9585,44.2411],[-113.9419,44.2513],[-113.9252,44.2615],[-113.9086,44.2716],[-113.9013,44.259],[-113.894,44.2463],[-113.8867,44.2337],[-113.8794,44.221],[-113.8491,44.2192],[-113.8189,44.2173],[-113.8068,44.2005],[-113.7948,44.1838],[-113.7827,44.167],[-113.7707,44.1502],[-113.7737,44.0909],[-113.7486,44.0844],[-113.7235,44.078],[-113.6984,44.0716],[-113.6733,44.0652],[-113.6636,44.0778],[-113.6539,44.0904],[-113.6442,44.103],[-113.6345,44.1155],[-113.6131,44.1291],[-113.5917,44.1427],[-113.5703,44.1562],[-113.5489,44.1698],[-113.5449,44.1907],[-113.5409,44.2116],[-113.5368,44.2325],[-113.5328,44.2534],[-113.5447,44.2671],[-113.5565,44.2807],[-113.5683,44.2943],[-113.5802,44.3079],[-113.5652,44.3174],[-113.5503,44.3268]]]},"properties":{"OBJECTID":1138,"state":"Idaho","agency":"Idaho Fish and Game","unit_type":"GMU","unit_id":"37","unit_name":"Hunting Unit 37","unit_label":"Idaho GMU 37 - Hunting Unit 37","aliases":"2025 | 37 | 37 hunting unit 37 | game management unit | game management unit 37 | game management unit 37 hunting unit 37 | gmu | gmu 37 | gmu 37 hunting unit 37 | hunt unit | hunt unit 37 | hunt unit 37 hunting unit 37 | hunting unit | hunting unit 37 |","year":"2025","Shape_Length":202100.80731207528,"Shape_Area":1833470053.8990903}},{"type":"Feature","id":1139,"geometry":{"type":"Polygon","coordinates":[[[-116.115,44.0849],[-116.1441,44.0826],[-116.1732,44.0803],[-116.1649,44.1105],[-116.1567,44.1407],[-116.1484,44.1709],[-116.1402,44.201],[-116.1466,44.2123],[-116.153,44.2236],[-116.1707,44.2208],[-116.1884,44.218],[-116.2061,44.2152],[-116.2238,44.2123],[-116.2415,44.2095],[-116.2592,44.2067],[-116.2769,44.2038],[-116.2946,44.201],[-116.3015,44.236],[-116.3083,44.271],[-116.3152,44.3061],[-116.3222,44.3411],[-116.3385,44.337],[-116.3548,44.333],[-116.3711,44.3289],[-116.3874,44.3248],[-116.4007,44.3393],[-116.414,44.3539],[-116.4272,44.3684],[-116.4405,44.3829],[-116.4353,44.4117],[-116.4301,44.4405],[-116.4249,44.4693],[-116.4197,44.4982],[-116.4261,44.5256],[-116.4326,44.5531],[-116.439,44.5805],[-116.4455,44.608],[-116.4598,44.603],[-116.4742,44.5979],[-116.4886,44.5929],[-116.5029,44.5878],[-116.5173,44.5828],[-116.5317,44.5777],[-116.546,44.5726],[-116.5604,44.5676],[-116.5895,44.5686],[-116.6185,44.5697],[-116.6476,44.5707],[-116.6767,44.5717],[-116.6841,44.559],[-116.6916,44.5463],[-116.699,44.5335],[-116.7064,44.5208],[-116.7139,44.5081],[-116.7213,44.4954],[-116.7287,44.4826],[-116.7361,44.4699],[-116.7526,44.4617],[-116.769,44.4536],[-116.7854,44.4454],[-116.8019,44.4373],[-116.8183,44.4291],[-116.8347,44.4209],[-116.8512,44.4127],[-116.8676,44.4046],[-116.8723,44.3887],[-116.877,44.3727],[-116.8816,44.3568],[-116.8863,44.3409],[-116.8983,44.3289],[-116.9102,44.3168],[-116.9222,44.3047],[-116.9341,44.2927],[-116.9461,44.2806],[-116.958,44.2685],[-116.9699,44.2564],[-116.9818,44.2444],[-116.9736,44.2393],[-116.9719,44.1975],[-116.9525,44.1882],[-116.933,44.1789],[-116.9136,44.1696],[-116.8941,44.1603],[-116.8955,44.1556],[-116.9092,44.1399],[-116.923,44.1242],[-116.9367,44.1084],[-116.9505,44.0927],[-116.9426,44.0785],[-116.9347,44.0644],[-116.9269,44.0502],[-116.919,44.0361],[-116.9042,44.0318],[-116.8894,44.0275],[-116.8745,44.0232],[-116.8597,44.019],[-116.8449,44.0147],[-116.8301,44.0104],[-116.8152,44.0061],[-116.8004,44.0018],[-116.7831,43.9905],[-116.7657,43.9792],[-116.7484,43.9679],[-116.731,43.9566],[-116.7137,43.9453],[-116.6963,43.934],[-116.679,43.9226],[-116.6617,43.9113],[-116.6411,43.9023],[-116.6205,43.8933],[-116.5999,43.8844],[-116.5793,43.8754],[-116.5595,43.8772],[-116.5397,43.879],[-116.52,43.8808],[-116.5002,43.8826],[-116.4812,43.8682],[-116.4622,43.8537],[-116.4723,43.8341],[-116.4825,43.8145],[-116.4764,43.7884],[-116.4704,43.7623],[-116.4644,43.7362],[-116.4583,43.71],[-116.4409,43.7096],[-116.4235,43.7092],[-116.4061,43.7087],[-116.3887,43.7083],[-116.3712,43.7079],[-116.3538,43.7074],[-116.3364,43.707],[-116.319,43.7065],[-116.3057,43.7204],[-116.2925,43.7342],[-116.2792,43.7481],[-116.266,43.7619],[-116.2677,43.8115],[-116.2579,43.8262],[-116.248,43.8409],[-116.2382,43.8557],[-116.2283,43.8704],[-116.2185,43.8851],[-116.2086,43.8998],[-116.1988,43.9146],[-116.1889,43.9293],[-116.1915,43.9544],[-116.1942,43.9795],[-116.1792,43.9919],[-116.1643,44.0043],[-116.1493,44.0167],[-116.1344,44.0291],[-116.1248,44.0566],[-116.1152,44.0842],[-116.115,44.0849]]]},"properties":{"OBJECTID":1139,"state":"Idaho","agency":"Idaho Fish and Game","unit_type":"GMU","unit_id":"32","unit_name":"Hunting Unit 32","unit_label":"Idaho GMU 32 - Hunting Unit 32","aliases":"2025 | 32 | 32 hunting unit 32 | game management unit | game management unit 32 | game management unit 32 hunting unit 32 | gmu | gmu 32 | gmu 32 hunting unit 32 | hunt unit | hunt unit 32 | hunt unit 32 hunting unit 32 | hunting unit | hunting unit 32 |","year":"2025","Shape_Length":298783.11392935435,"Shape_Area":3772650922.2124186}},{"type":"Feature","id":1140,"geometry":{"type":"Polygon","coordinates":[[[-115.2309,44.449],[-115.2349,44.4667],[-115.2389,44.4843],[-115.243,44.5019],[-115.247,44.5196],[-115.2639,44.5192],[-115.2809,44.5188],[-115.2937,44.5264],[-115.3065,44.534],[-115.3193,44.5416],[-115.3321,44.5493],[-115.3449,44.5569],[-115.3577,44.5645],[-115.3705,44.5721],[-115.3833,44.5797],[-115.3949,44.5979],[-115.4066,44.616],[-115.4251,44.6115],[-115.4436,44.607],[-115.4621,44.6026],[-115.4806,44.5981],[-115.4858,44.5787],[-115.491,44.5594],[-115.5186,44.5554],[-115.5463,44.5515],[-115.5739,44.5475],[-115.6015,44.5435],[-115.6146,44.5252],[-115.6277,44.5069],[-115.6185,44.4963],[-115.6093,44.4856],[-115.6264,44.4718],[-115.6434,44.4581],[-115.6604,44.4443],[-115.6773,44.4305],[-115.6874,44.4111],[-115.6974,44.3917],[-115.7075,44.3723],[-115.7175,44.3529],[-115.7276,44.3334],[-115.7376,44.314],[-115.7476,44.2946],[-115.7576,44.2752],[-115.7548,44.2242],[-115.7374,44.2269],[-115.7201,44.2296],[-115.7027,44.2323],[-115.6853,44.235],[-115.6679,44.2378],[-115.6505,44.2405],[-115.6332,44.2432],[-115.6158,44.2459],[-115.6003,44.2406],[-115.5848,44.2352],[-115.5693,44.2299],[-115.5538,44.2246],[-115.5352,44.2289],[-115.5167,44.2332],[-115.4982,44.2376],[-115.4797,44.2419],[-115.4611,44.2462],[-115.4426,44.2505],[-115.4241,44.2548],[-115.4055,44.2591],[-115.392,44.2709],[-115.3785,44.2826],[-115.365,44.2943],[-115.3515,44.3061],[-115.3579,44.3457],[-115.3421,44.3442],[-115.3262,44.3426],[-115.3104,44.3411],[-115.2946,44.3395],[-115.2866,44.3532],[-115.2787,44.3669],[-115.2707,44.3806],[-115.2628,44.3943],[-115.2548,44.408],[-115.2468,44.4216],[-115.2389,44.4353],[-115.2309,44.449]]]},"properties":{"OBJECTID":1140,"state":"Idaho","agency":"Idaho Fish and Game","unit_type":"GMU","unit_id":"34","unit_name":"Hunting Unit 34","unit_label":"Idaho GMU 34 - Hunting Unit 34","aliases":"2025 | 34 | 34 hunting unit 34 | game management unit | game management unit 34 | game management unit 34 hunting unit 34 | gmu | gmu 34 | gmu 34 hunting unit 34 | hunt unit | hunt unit 34 | hunt unit 34 hunting unit 34 | hunting unit | hunting unit 34 |","year":"2025","Shape_Length":143610.30618652474,"Shape_Area":1131077188.206866}},{"type":"Feature","id":1141,"geometry":{"type":"Polygon","coordinates":[[[-115.6277,44.5069],[-115.6434,44.4976],[-115.659,44.4882],[-115.6747,44.4788],[-115.6903,44.4694],[-115.7158,44.4796],[-115.7413,44.4897],[-115.7361,44.5206],[-115.7309,44.5515],[-115.7529,44.5554],[-115.7748,44.5593],[-115.7968,44.5633],[-115.8188,44.5672],[-115.8107,44.5551],[-115.8025,44.5431],[-115.7943,44.531],[-115.7861,44.5189],[-115.7958,44.4945],[-115.8055,44.4701],[-115.8216,44.4631],[-115.8377,44.4562],[-115.8538,44.4492],[-115.8699,44.4422],[-115.8849,44.4269],[-115.8998,44.4115],[-115.9148,44.3962],[-115.9297,44.3808],[-115.937,44.367],[-115.9444,44.3532],[-115.9517,44.3394],[-115.9591,44.3256],[-115.9664,44.3119],[-115.9738,44.2981],[-115.9811,44.2843],[-115.9884,44.2705],[-116.0039,44.2607],[-116.0193,44.251],[-116.0347,44.2412],[-116.0501,44.2315],[-116.0593,44.2493],[-116.0684,44.2672],[-116.0775,44.2851],[-116.0867,44.3029],[-116.0909,44.2863],[-116.0951,44.2696],[-116.0993,44.253],[-116.1036,44.2363],[-116.1078,44.2197],[-116.112,44.203],[-116.1162,44.1864],[-116.1204,44.1697],[-116.1177,44.1273],[-116.115,44.0849],[-116.1152,44.0842],[-116.0968,44.0793],[-116.0783,44.0743],[-116.0723,44.0565],[-116.0663,44.0387],[-116.0602,44.0209],[-116.0542,44.0031],[-116.0375,43.9961],[-116.0209,43.989],[-116.0042,43.9819],[-115.9875,43.9749],[-115.9689,43.9774],[-115.9502,43.9799],[-115.9315,43.9825],[-115.9128,43.985],[-115.8986,43.9929],[-115.8843,44.0007],[-115.8701,44.0086],[-115.8559,44.0164],[-115.8416,44.0243],[-115.8274,44.0321],[-115.8131,44.0399],[-115.7989,44.0478],[-115.7746,44.0475],[-115.7504,44.0472],[-115.7308,44.0337],[-115.7111,44.0203],[-115.6915,44.0068],[-115.6719,43.9934],[-115.6593,43.9991],[-115.6467,44.0048],[-115.6341,44.0105],[-115.6215,44.0162],[-115.6089,44.0219],[-115.5963,44.0276],[-115.5837,44.0333],[-115.571,44.039],[-115.5619,44.0573],[-115.5528,44.0757],[-115.5436,44.0941],[-115.5345,44.1124],[-115.5253,44.1308],[-115.5161,44.1492],[-115.507,44.1675],[-115.4978,44.1859],[-115.4722,44.1899],[-115.4467,44.1939],[-115.4211,44.1978],[-115.3955,44.2018],[-115.4005,44.2305],[-115.4055,44.2591],[-115.4241,44.2548],[-115.4426,44.2505],[-115.4611,44.2462],[-115.4797,44.2419],[-115.4982,44.2376],[-115.5167,44.2332],[-115.5352,44.2289],[-115.5538,44.2246],[-115.5693,44.2299],[-115.5848,44.2352],[-115.6003,44.2406],[-115.6158,44.2459],[-115.6332,44.2432],[-115.6505,44.2405],[-115.6679,44.2378],[-115.6853,44.235],[-115.7027,44.2323],[-115.7201,44.2296],[-115.7374,44.2269],[-115.7548,44.2242],[-115.7576,44.2752],[-115.7476,44.2946],[-115.7376,44.314],[-115.7276,44.3334],[-115.7175,44.3529],[-115.7075,44.3723],[-115.6974,44.3917],[-115.6874,44.4111],[-115.6773,44.4305],[-115.6604,44.4443],[-115.6434,44.4581],[-115.6264,44.4718],[-115.6093,44.4856],[-115.6185,44.4963],[-115.6277,44.5069]]]},"properties":{"OBJECTID":1141,"state":"Idaho","agency":"Idaho Fish and Game","unit_type":"GMU","unit_id":"33","unit_name":"Hunting Unit 33","unit_label":"Idaho GMU 33 - Hunting Unit 33","aliases":"2025 | 33 | 33 hunting unit 33 | game management unit | game management unit 33 | game management unit 33 hunting unit 33 | gmu | gmu 33 | gmu 33 hunting unit 33 | hunt unit | hunt unit 33 | hunt unit 33 hunting unit 33 | hunting unit | hunting unit 33 |","year":"2025","Shape_Length":257640.04039214068,"Shape_Area":1731343403.5673487}},{"type":"Feature","id":1142,"geometry":{"type":"Polygon","coordinates":[[[-112.1866,44.3571],[-112.1926,44.374],[-112.1987,44.391],[-112.2048,44.408],[-112.2108,44.4249],[-112.2169,44.4419],[-112.2229,44.4589],[-112.229,44.4759],[-112.2351,44.4928],[-112.2536,44.5085],[-112.2722,44.5241],[-112.2907,44.5398],[-112.3093,44.5555],[-112.3115,44.5546],[-112.3148,44.5509],[-112.3154,44.5472],[-112.3155,44.5469],[-112.3154,44.5414],[-112.319,44.5393],[-112.3191,44.5391],[-112.3196,44.539],[-112.3198,44.539],[-112.3235,44.5392],[-112.324,44.5392],[-112.3372,44.5381],[-112.3407,44.5376],[-112.3438,44.5386],[-112.3463,44.5387],[-112.3483,44.5387],[-112.3498,44.5383],[-112.3506,44.5381],[-112.3512,44.538],[-112.3524,44.538],[-112.3526,44.5378],[-112.3565,44.5323],[-112.3568,44.5306],[-112.3588,44.529],[-112.3567,44.5249],[-112.3568,44.5245],[-112.3571,44.5232],[-112.3581,44.5208],[-112.3579,44.5104],[-112.3582,44.5097],[-112.3584,44.5087],[-112.3576,44.506],[-112.3567,44.5053],[-112.357,44.5022],[-112.3569,44.5016],[-112.3569,44.5013],[-112.3571,44.4993],[-112.3575,44.4949],[-112.3574,44.4947],[-112.3569,44.4938],[-112.3567,44.4936],[-112.3645,44.478],[-112.3645,44.476],[-112.3649,44.4748],[-112.365,44.4747],[-112.3649,44.4736],[-112.3649,44.4731],[-112.365,44.4728],[-112.3718,44.4635],[-112.3731,44.4621],[-112.3748,44.4605],[-112.3759,44.4594],[-112.384,44.4512],[-112.3842,44.4509],[-112.3868,44.4478],[-112.3947,44.4524],[-112.3985,44.4531],[-112.3993,44.454],[-112.4001,44.4547],[-112.4008,44.4553],[-112.4013,44.4557],[-112.4023,44.4562],[-112.4025,44.4563],[-112.4026,44.4563],[-112.423,44.4547],[-112.43,44.4539],[-112.4338,44.4548],[-112.4346,44.4565],[-112.434,44.4597],[-112.4341,44.4603],[-112.4352,44.462],[-112.4366,44.4626],[-112.4422,44.4664],[-112.4432,44.4671],[-112.4454,44.4677],[-112.4554,44.4668],[-112.4555,44.467],[-112.456,44.4694],[-112.4558,44.4699],[-112.4554,44.4708],[-112.4555,44.4715],[-112.4598,44.4749],[-112.46,44.4756],[-112.4603,44.4756],[-112.4643,44.4755],[-112.4654,44.4759],[-112.468,44.4776],[-112.4691,44.4782],[-112.4753,44.4785],[-112.4797,44.4755],[-112.4829,44.4748],[-112.4842,44.4735],[-112.4843,44.4732],[-112.4847,44.472],[-112.4847,44.4719],[-112.485,44.4716],[-112.4899,44.471],[-112.49,44.471],[-112.4937,44.4684],[-112.4943,44.4679],[-112.4947,44.4678],[-112.496,44.4678],[-112.4965,44.4679],[-112.4996,44.4637],[-112.51,44.4659],[-112.5115,44.4715],[-112.5118,44.4722],[-112.5124,44.4735],[-112.5129,44.4741],[-112.5164,44.476],[-112.5222,44.4763],[-112.5249,44.4773],[-112.5284,44.4768],[-112.5319,44.478],[-112.5358,44.4782],[-112.5367,44.479],[-112.5429,44.484],[-112.5431,44.484],[-112.5433,44.484],[-112.5447,44.4838],[-112.5518,44.4844],[-112.553,44.4842],[-112.555,44.484],[-112.5554,44.4839],[-112.5612,44.4826],[-112.5661,44.4828],[-112.5662,44.4828],[-112.5683,44.4826],[-112.5709,44.4822],[-112.575,44.4809],[-112.5768,44.4807],[-112.5777,44.4801],[-112.5796,44.4812],[-112.582,44.4821],[-112.5837,44.4817],[-112.5849,44.4816],[-112.5944,44.4873],[-112.5967,44.4883],[-112.6023,44.491],[-112.6066,44.4901],[-112.6087,44.4896],[-112.6184,44.4873],[-112.6199,44.4867],[-112.6234,44.4845],[-112.6239,44.484],[-112.6266,44.4833],[-112.6291,44.4836],[-112.6289,44.4845],[-112.6292,44.4859],[-112.6298,44.488],[-112.6329,44.4911],[-112.6393,44.4906],[-112.6407,44.4907],[-112.643,44.4901],[-112.6438,44.49],[-112.6525,44.4877],[-112.6534,44.4876],[-112.657,44.487],[-112.6581,44.4868],[-112.6609,44.4858],[-112.6628,44.4864],[-112.6646,44.4865],[-112.6763,44.4921],[-112.6799,44.4914],[-112.6921,44.4994],[-112.6921,44.4995],[-112.6926,44.4999],[-112.6927,44.5],[-112.6966,44.4995],[-112.6984,44.4999],[-112.6984,44.4999],[-112.7147,44.5004],[-112.7309,44.5009],[-112.7329,44.5001],[-112.7343,44.4995],[-112.7353,44.4987],[-112.737,44.4956],[-112.738,44.4944],[-112.7392,44.4932],[-112.7412,44.4903],[-112.7426,44.4881],[-112.7453,44.488],[-112.7462,44.4882],[-112.7507,44.4906],[-112.7517,44.4902],[-112.7549,44.489],[-112.7561,44.4888],[-112.7569,44.4887],[-112.762,44.4887],[-112.7712,44.4842],[-112.7811,44.4849],[-112.7861,44.4784],[-112.7647,44.4676],[-112.7433,44.4568],[-112.7219,44.446],[-112.7005,44.4352],[-112.6791,44.4244],[-112.6578,44.4135],[-112.6364,44.4027],[-112.6151,44.3919],[-112.6065,44.3767],[-112.598,44.3616],[-112.5895,44.3464],[-112.581,44.3313],[-112.5679,44.325],[-112.5548,44.3187],[-112.5418,44.3124],[-112.5287,44.3062],[-112.5156,44.2999],[-112.5025,44.2936],[-112.4894,44.2873],[-112.4763,44.2811],[-112.4534,44.2749],[-112.4305,44.2688],[-112.4076,44.2626],[-112.3847,44.2565],[-112.3784,44.2359],[-112.3721,44.2153],[-112.3658,44.1947],[-112.3595,44.1741],[-112.3297,44.1747],[-112.3,44.1753],[-112.2702,44.1758],[-112.2404,44.1764],[-112.2368,44.1961],[-112.2332,44.2157],[-112.2296,44.2354],[-112.226,44.2551],[-112.2131,44.2747],[-112.2003,44.2944],[-112.1874,44.3141],[-112.1745,44.3337],[-112.1805,44.3454],[-112.1866,44.3571]]]},"properties":{"OBJECTID":1142,"state":"Idaho","agency":"Idaho Fish and Game","unit_type":"GMU","unit_id":"59","unit_name":"Hunting Unit 59","unit_label":"Idaho GMU 59 - Hunting Unit 59","aliases":"2025 | 59 | 59 hunting unit 59 | game management unit | game management unit 59 | game management unit 59 hunting unit 59 | gmu | gmu 59 | gmu 59 hunting unit 59 | hunt unit | hunt unit 59 | hunt unit 59 hunting unit 59 | hunting unit | hunting unit 59 |","year":"2025","Shape_Length":161941.651105998,"Shape_Area":950440889.5503718}},{"type":"Feature","id":1143,"geometry":{"type":"Polygon","coordinates":[[[-114.5646,44.2556],[-114.5862,44.2542],[-114.6079,44.2527],[-114.6295,44.2512],[-114.6511,44.2497],[-114.672,44.2546],[-114.6928,44.2595],[-114.7136,44.2645],[-114.7345,44.2694],[-114.7243,44.277],[-114.7142,44.2846],[-114.7041,44.2922],[-114.6939,44.2998],[-114.6838,44.3074],[-114.6737,44.3151],[-114.6635,44.3227],[-114.6534,44.3303],[-114.6432,44.3379],[-114.6331,44.3455],[-114.6229,44.3531],[-114.6128,44.3607],[-114.6026,44.3683],[-114.5925,44.3759],[-114.5823,44.3835],[-114.5721,44.3911],[-114.5684,44.4307],[-114.548,44.4445],[-114.5275,44.4583],[-114.507,44.4721],[-114.4865,44.4859],[-114.4968,44.5018],[-114.507,44.5176],[-114.5173,44.5334],[-114.5276,44.5493],[-114.5518,44.5384],[-114.576,44.5275],[-114.6003,44.5166],[-114.6245,44.5057],[-114.6487,44.4948],[-114.6728,44.4839],[-114.697,44.473],[-114.7212,44.4621],[-114.7417,44.4675],[-114.7621,44.4729],[-114.7826,44.4783],[-114.8031,44.4837],[-114.8121,44.4738],[-114.821,44.4638],[-114.83,44.4539],[-114.839,44.444],[-114.8662,44.4437],[-114.8933,44.4435],[-114.9205,44.4432],[-114.9477,44.443],[-114.9535,44.4596],[-114.9593,44.4762],[-114.9651,44.4929],[-114.9709,44.5095],[-114.9848,44.5051],[-114.9986,44.5007],[-115.0124,44.4963],[-115.0263,44.4918],[-115.0401,44.4874],[-115.0539,44.483],[-115.0677,44.4786],[-115.0816,44.4742],[-115.0945,44.4802],[-115.1074,44.4863],[-115.1203,44.4923],[-115.1332,44.4984],[-115.1429,44.4867],[-115.1526,44.475],[-115.1623,44.4633],[-115.172,44.4516],[-115.2015,44.4503],[-115.2309,44.449],[-115.2389,44.4353],[-115.2468,44.4216],[-115.2548,44.408],[-115.2628,44.3943],[-115.2707,44.3806],[-115.2787,44.3669],[-115.2866,44.3532],[-115.2946,44.3395],[-115.2801,44.3341],[-115.2656,44.3288],[-115.2512,44.3234],[-115.2367,44.318],[-115.2223,44.3126],[-115.2078,44.3072],[-115.1934,44.3018],[-115.1789,44.2964],[-115.1734,44.2497],[-115.1679,44.2031],[-115.1499,44.1972],[-115.132,44.1912],[-115.114,44.1853],[-115.0961,44.1794],[-115.0781,44.1734],[-115.0602,44.1675],[-115.0423,44.1615],[-115.0243,44.1556],[-115.0344,44.1393],[-115.0444,44.123],[-115.0325,44.1165],[-115.0206,44.11],[-115.0087,44.1035],[-114.9968,44.0969],[-115.0085,44.0873],[-115.0202,44.0778],[-115.0319,44.0682],[-115.0436,44.0586],[-115.0283,44.0467],[-115.013,44.0349],[-114.9977,44.023],[-114.9824,44.0111],[-114.9866,43.9804],[-114.9908,43.9498],[-114.9892,43.8586],[-114.9715,43.8534],[-114.9539,43.8481],[-114.9362,43.8428],[-114.9185,43.8376],[-114.9008,43.8323],[-114.8832,43.827],[-114.8655,43.8217],[-114.8479,43.8164],[-114.8383,43.8022],[-114.8288,43.788],[-114.8007,43.7948],[-114.7726,43.8017],[-114.7445,43.8085],[-114.7163,43.8154],[-114.7121,43.8381],[-114.708,43.8608],[-114.7038,43.8836],[-114.6996,43.9063],[-114.6786,43.912],[-114.6577,43.9176],[-114.6705,43.9291],[-114.6833,43.9406],[-114.6961,43.952],[-114.7089,43.9635],[-114.6957,43.9754],[-114.6824,43.9874],[-114.6691,43.9993],[-114.6558,44.0112],[-114.6425,44.0232],[-114.6292,44.0351],[-114.6159,44.047],[-114.6026,44.0589],[-114.6139,44.0706],[-114.6251,44.0822],[-114.6363,44.0938],[-114.6475,44.1054],[-114.6526,44.1493],[-114.6576,44.1932],[-114.646,44.201],[-114.6344,44.2088],[-114.6228,44.2166],[-114.6111,44.2244],[-114.5995,44.2322],[-114.5879,44.24],[-114.5762,44.2478],[-114.5646,44.2556]]]},"properties":{"OBJECTID":1143,"state":"Idaho","agency":"Idaho Fish and Game","unit_type":"GMU","unit_id":"36","unit_name":"Hunting Unit 36","unit_label":"Idaho GMU 36 - Hunting Unit 36","aliases":"2025 | 36 | 36 hunting unit 36 | game management unit | game management unit 36 | game management unit 36 hunting unit 36 | gmu | gmu 36 | gmu 36 hunting unit 36 | hunt unit | hunt unit 36 | hunt unit 36 hunting unit 36 | hunting unit | hunting unit 36 |","year":"2025","Shape_Length":296575.5909156472,"Shape_Area":2691923317.160832}},{"type":"Feature","id":1144,"geometry":{"type":"Polygon","coordinates":[[[-111.0486,44.1328],[-111.0485,44.1334],[-111.0496,44.219],[-111.0507,44.3046],[-111.0518,44.3903],[-111.0529,44.4759],[-111.0551,44.4755],[-111.0561,44.4751],[-111.0629,44.4761],[-111.0651,44.4769],[-111.0674,44.4783],[-111.0674,44.4783],[-111.0685,44.479],[-111.07,44.4799],[-111.0715,44.4805],[-111.0731,44.481],[-111.0791,44.4813],[-111.0793,44.4813],[-111.0795,44.4814],[-111.0797,44.4815],[-111.0837,44.4828],[-111.0862,44.4833],[-111.091,44.4842],[-111.0968,44.4865],[-111.0969,44.4866],[-111.0971,44.4866],[-111.0972,44.4866],[-111.0972,44.4866],[-111.0975,44.3381],[-111.0979,44.176],[-111.098,44.1328],[-111.074,44.1328],[-111.05,44.1328],[-111.0486,44.1328]]]},"properties":{"OBJECTID":1144,"state":"Idaho","agency":"Idaho Fish and Game","unit_type":"GMU","unit_id":"YNP","unit_name":"Hunting Unit YNP","unit_label":"Idaho GMU YNP - Hunting Unit YNP","aliases":"2025 | game management unit | game management unit ynp | game management unit ynp hunting unit ynp | gmu | gmu ynp | gmu ynp hunting unit ynp | hunt unit | hunt unit ynp | hunt unit ynp hunting unit ynp | hunting unit | hunting unit ynp | hunting unit yn","year":"2025","Shape_Length":85461.46284428396,"Shape_Area":144445354.57973126}},{"type":"Feature","id":1145,"geometry":{"type":"Polygon","coordinates":[[[-113.2872,44.3906],[-113.3005,44.4023],[-113.3137,44.414],[-113.3269,44.4257],[-113.3401,44.4375],[-113.3534,44.4492],[-113.3666,44.4609],[-113.3798,44.4726],[-113.3931,44.4843],[-113.4142,44.4752],[-113.4353,44.4662],[-113.4564,44.4571],[-113.4775,44.4481],[-113.4819,44.4131],[-113.4863,44.3781],[-113.4742,44.3581],[-113.462,44.338],[-113.4841,44.3352],[-113.5061,44.3324],[-113.5282,44.3296],[-113.5503,44.3268],[-113.5652,44.3174],[-113.5802,44.3079],[-113.5683,44.2943],[-113.5565,44.2807],[-113.5447,44.2671],[-113.5328,44.2534],[-113.5368,44.2325],[-113.5409,44.2116],[-113.5449,44.1907],[-113.5489,44.1698],[-113.5703,44.1562],[-113.5917,44.1427],[-113.6131,44.1291],[-113.6345,44.1155],[-113.6442,44.103],[-113.6539,44.0904],[-113.6636,44.0778],[-113.6733,44.0652],[-113.6584,44.0595],[-113.6435,44.0538],[-113.6286,44.0481],[-113.6137,44.0424],[-113.5988,44.0367],[-113.5839,44.031],[-113.569,44.0253],[-113.5542,44.0196],[-113.5426,44.0035],[-113.5311,43.9874],[-113.5135,43.9968],[-113.4959,44.0061],[-113.4783,44.0155],[-113.4606,44.0249],[-113.4436,44.0157],[-113.4265,44.0066],[-113.4094,43.9974],[-113.3923,43.9883],[-113.3753,43.9791],[-113.3582,43.9699],[-113.3412,43.9608],[-113.3241,43.9516],[-113.3212,43.913],[-113.3182,43.8744],[-113.296,43.8631],[-113.2737,43.8519],[-113.2684,43.8269],[-113.2631,43.802],[-113.2577,43.777],[-113.2524,43.752],[-113.2311,43.7513],[-113.2098,43.7506],[-113.1885,43.7499],[-113.1672,43.7492],[-113.1459,43.7484],[-113.1246,43.7477],[-113.1032,43.747],[-113.0819,43.7463],[-113.09,43.7273],[-113.0981,43.7084],[-113.1061,43.6895],[-113.1142,43.6705],[-113.0994,43.6576],[-113.0847,43.6446],[-113.0715,43.6566],[-113.0584,43.6686],[-113.0452,43.6806],[-113.0321,43.6927],[-113.0252,43.7153],[-113.0183,43.738],[-113.0114,43.7606],[-113.0045,43.7833],[-112.9852,43.7859],[-112.966,43.7885],[-112.9467,43.7911],[-112.9275,43.7938],[-112.9082,43.7964],[-112.8889,43.799],[-112.8697,43.8016],[-112.8504,43.8042],[-112.855,43.8192],[-112.8596,43.8343],[-112.8642,43.8493],[-112.8688,43.8643],[-112.8824,43.8725],[-112.8959,43.8806],[-112.9095,43.8888],[-112.9231,43.8969],[-112.9293,43.9114],[-112.9354,43.9259],[-112.9416,43.9404],[-112.9477,43.9549],[-112.9539,43.9694],[-112.9601,43.9839],[-112.9662,43.9984],[-112.9724,44.0129],[-112.9951,44.0248],[-113.0178,44.0367],[-113.0405,44.0485],[-113.0632,44.0604],[-113.0693,44.0783],[-113.0753,44.0963],[-113.0814,44.1142],[-113.0875,44.1321],[-113.0948,44.1428],[-113.1021,44.1534],[-113.1094,44.164],[-113.1167,44.1747],[-113.124,44.1853],[-113.1314,44.1959],[-113.1387,44.2066],[-113.146,44.2172],[-113.1652,44.2286],[-113.1844,44.24],[-113.2035,44.2513],[-113.2227,44.2627],[-113.2308,44.2787],[-113.2388,44.2947],[-113.2469,44.3107],[-113.255,44.3267],[-113.263,44.3426],[-113.2711,44.3586],[-113.2792,44.3746],[-113.2872,44.3906]]]},"properties":{"OBJECTID":1145,"state":"Idaho","agency":"Idaho Fish and Game","unit_type":"GMU","unit_id":"51","unit_name":"Hunting Unit 51","unit_label":"Idaho GMU 51 - Hunting Unit 51","aliases":"2025 | 51 | 51 hunting unit 51 | game management unit | game management unit 51 | game management unit 51 hunting unit 51 | gmu | gmu 51 | gmu 51 hunting unit 51 | hunt unit | hunt unit 51 | hunt unit 51 hunting unit 51 | hunting unit | hunting unit 51 |","year":"2025","Shape_Length":268997.6214898006,"Shape_Area":2453894340.5779905}},{"type":"Feature","id":1146,"geometry":{"type":"Polygon","coordinates":[[[-112.3595,44.1741],[-112.3658,44.1947],[-112.3721,44.2153],[-112.3784,44.2359],[-112.3847,44.2565],[-112.4076,44.2626],[-112.4305,44.2688],[-112.4534,44.2749],[-112.4763,44.2811],[-112.4894,44.2873],[-112.5025,44.2936],[-112.5156,44.2999],[-112.5287,44.3062],[-112.5418,44.3124],[-112.5548,44.3187],[-112.5679,44.325],[-112.581,44.3313],[-112.5895,44.3464],[-112.598,44.3616],[-112.6065,44.3767],[-112.6151,44.3919],[-112.6364,44.4027],[-112.6578,44.4135],[-112.6791,44.4244],[-112.7005,44.4352],[-112.7219,44.446],[-112.7433,44.4568],[-112.7647,44.4676],[-112.7861,44.4784],[-112.7978,44.4676],[-112.7981,44.4675],[-112.7984,44.4667],[-112.7976,44.4657],[-112.8084,44.4536],[-112.8115,44.4552],[-112.8131,44.4547],[-112.8144,44.4539],[-112.817,44.4504],[-112.8177,44.4488],[-112.8185,44.4477],[-112.8283,44.4421],[-112.8283,44.4393],[-112.8281,44.4372],[-112.8271,44.4324],[-112.8271,44.4324],[-112.8274,44.4323],[-112.8287,44.4318],[-112.8296,44.4315],[-112.8348,44.4284],[-112.8363,44.4263],[-112.8369,44.4261],[-112.8375,44.4259],[-112.8404,44.4251],[-112.8326,44.4184],[-112.8319,44.4172],[-112.829,44.4147],[-112.827,44.4126],[-112.8218,44.4069],[-112.822,44.4062],[-112.822,44.405],[-112.8219,44.404],[-112.8218,44.4035],[-112.8216,44.4029],[-112.8134,44.3982],[-112.8148,44.3965],[-112.8144,44.3941],[-112.8141,44.3937],[-112.8126,44.3923],[-112.8126,44.3923],[-112.8124,44.3876],[-112.8132,44.3865],[-112.8133,44.3862],[-112.8137,44.3856],[-112.8138,44.3854],[-112.8139,44.3849],[-112.8127,44.3774],[-112.8172,44.3743],[-112.8177,44.3737],[-112.8178,44.3736],[-112.8202,44.3713],[-112.8216,44.3704],[-112.8248,44.3684],[-112.8267,44.3676],[-112.8288,44.3665],[-112.8357,44.3635],[-112.8368,44.3626],[-112.8371,44.3621],[-112.8371,44.3621],[-112.8374,44.3621],[-112.8376,44.362],[-112.8379,44.362],[-112.8401,44.3622],[-112.8407,44.3619],[-112.8424,44.3604],[-112.8431,44.3598],[-112.8444,44.3589],[-112.8452,44.3583],[-112.845,44.3582],[-112.8404,44.3115],[-112.8358,44.2647],[-112.8311,44.2179],[-112.8265,44.1712],[-112.8174,44.1631],[-112.8083,44.155],[-112.7992,44.1469],[-112.79,44.1388],[-112.7809,44.1307],[-112.7718,44.1226],[-112.7627,44.1145],[-112.7536,44.1064],[-112.7547,44.0025],[-112.7431,43.9952],[-112.7315,43.9879],[-112.7213,43.996],[-112.7112,44.004],[-112.701,44.012],[-112.6908,44.02],[-112.6807,44.028],[-112.6705,44.036],[-112.6603,44.044],[-112.6502,44.0521],[-112.64,44.0601],[-112.6298,44.0681],[-112.6197,44.0761],[-112.6095,44.0841],[-112.5993,44.0921],[-112.5891,44.1001],[-112.5789,44.1081],[-112.5687,44.1161],[-112.5502,44.1231],[-112.5317,44.1301],[-112.5132,44.1371],[-112.4946,44.144],[-112.4761,44.151],[-112.4575,44.158],[-112.439,44.1649],[-112.4204,44.1719],[-112.39,44.173],[-112.3595,44.1741]]]},"properties":{"OBJECTID":1146,"state":"Idaho","agency":"Idaho Fish and Game","unit_type":"GMU","unit_id":"59A","unit_name":"Hunting Unit 59A","unit_label":"Idaho GMU 59A - Hunting Unit 59A","aliases":"2025 | 59a | 59a hunting unit 59a | game management unit | game management unit 59a | game management unit 59a hunting unit 59a | gmu | gmu 59a | gmu 59a hunting unit 59a | hunt unit | hunt unit 59a | hunt unit 59a hunting unit 59a | hunting unit | hunti","year":"2025","Shape_Length":150801.08008101748,"Shape_Area":1053001829.2408662}},{"type":"Feature","id":1147,"geometry":{"type":"Polygon","coordinates":[[[-113.9751,44.2309],[-113.9916,44.2458],[-114.0082,44.2607],[-114.0247,44.2756],[-114.0412,44.2905],[-114.0465,44.3171],[-114.0519,44.3437],[-114.0632,44.3566],[-114.0746,44.3696],[-114.086,44.3826],[-114.0973,44.3955],[-114.1087,44.4085],[-114.1201,44.4215],[-114.1314,44.4344],[-114.1428,44.4474],[-114.1582,44.4535],[-114.1736,44.4595],[-114.189,44.4656],[-114.2044,44.4716],[-114.2122,44.4612],[-114.2201,44.4507],[-114.2279,44.4403],[-114.2357,44.4298],[-114.2436,44.4193],[-114.2514,44.4089],[-114.2592,44.3984],[-114.267,44.3879],[-114.2762,44.3623],[-114.2854,44.3367],[-114.2945,44.311],[-114.3036,44.2854],[-114.3142,44.2774],[-114.3247,44.2693],[-114.3353,44.2613],[-114.3458,44.2533],[-114.3732,44.2536],[-114.4005,44.2539],[-114.4279,44.2542],[-114.4552,44.2545],[-114.4826,44.2548],[-114.5099,44.2551],[-114.5372,44.2554],[-114.5646,44.2556],[-114.5762,44.2478],[-114.5879,44.24],[-114.5995,44.2322],[-114.6111,44.2244],[-114.6228,44.2166],[-114.6344,44.2088],[-114.646,44.201],[-114.6576,44.1932],[-114.6526,44.1493],[-114.6475,44.1054],[-114.6363,44.0938],[-114.6251,44.0822],[-114.6139,44.0706],[-114.6026,44.0589],[-114.6159,44.047],[-114.6292,44.0351],[-114.6425,44.0232],[-114.6558,44.0112],[-114.6691,43.9993],[-114.6824,43.9874],[-114.6957,43.9754],[-114.7089,43.9635],[-114.6961,43.952],[-114.6833,43.9406],[-114.6705,43.9291],[-114.6577,43.9176],[-114.6415,43.9086],[-114.6254,43.8996],[-114.6092,43.8906],[-114.5931,43.8817],[-114.5769,43.8727],[-114.5608,43.8637],[-114.5447,43.8547],[-114.5285,43.8457],[-114.5202,43.8716],[-114.5118,43.8975],[-114.4864,43.8971],[-114.4609,43.8966],[-114.4354,43.8962],[-114.41,43.8957],[-114.4018,43.9052],[-114.3936,43.9147],[-114.3854,43.9241],[-114.3772,43.9336],[-114.369,43.9431],[-114.3608,43.9526],[-114.3526,43.962],[-114.3443,43.9715],[-114.3317,43.9585],[-114.3191,43.9455],[-114.3046,43.9499],[-114.2901,43.9543],[-114.2756,43.9586],[-114.2611,43.963],[-114.2466,43.9674],[-114.2321,43.9718],[-114.2176,43.9762],[-114.2031,43.9806],[-114.1943,43.9905],[-114.1854,44.0004],[-114.1766,44.0103],[-114.1677,44.0202],[-114.1589,44.0302],[-114.15,44.0401],[-114.1412,44.05],[-114.1323,44.0599],[-114.1234,44.0698],[-114.1146,44.0798],[-114.1057,44.0897],[-114.0968,44.0996],[-114.0879,44.1095],[-114.0791,44.1194],[-114.0702,44.1293],[-114.0613,44.1393],[-114.0417,44.149],[-114.0221,44.1588],[-114.0025,44.1685],[-113.9829,44.1783],[-113.979,44.2046],[-113.9751,44.2309]]]},"properties":{"OBJECTID":1147,"state":"Idaho","agency":"Idaho Fish and Game","unit_type":"GMU","unit_id":"36A","unit_name":"Hunting Unit 36A","unit_label":"Idaho GMU 36A - Hunting Unit 36A","aliases":"2025 | 36a | 36a hunting unit 36a | game management unit | game management unit 36a | game management unit 36a hunting unit 36a | gmu | gmu 36a | gmu 36a hunting unit 36a | hunt unit | hunt unit 36a | hunt unit 36a hunting unit 36a | hunting unit | hunti","year":"2025","Shape_Length":210080.48272027183,"Shape_Area":2011073252.8030477}},{"type":"Feature","id":1148,"geometry":{"type":"Polygon","coordinates":[[[-112.998,44.4484],[-112.9982,44.4482],[-113.0264,44.4548],[-113.0546,44.4614],[-113.0764,44.4572],[-113.0981,44.4529],[-113.1199,44.4486],[-113.1416,44.4444],[-113.1634,44.4401],[-113.1851,44.4358],[-113.2068,44.4315],[-113.2285,44.4272],[-113.2432,44.4181],[-113.2579,44.4089],[-113.2726,44.3998],[-113.2872,44.3906],[-113.2792,44.3746],[-113.2711,44.3586],[-113.263,44.3426],[-113.255,44.3267],[-113.2469,44.3107],[-113.2388,44.2947],[-113.2308,44.2787],[-113.2227,44.2627],[-113.2035,44.2513],[-113.1844,44.24],[-113.1652,44.2286],[-113.146,44.2172],[-113.1387,44.2066],[-113.1314,44.1959],[-113.124,44.1853],[-113.1167,44.1747],[-113.1094,44.164],[-113.1021,44.1534],[-113.0948,44.1428],[-113.0875,44.1321],[-113.0814,44.1142],[-113.0753,44.0963],[-113.0693,44.0783],[-113.0632,44.0604],[-113.0405,44.0485],[-113.0178,44.0367],[-112.9951,44.0248],[-112.9724,44.0129],[-112.9662,43.9984],[-112.9601,43.9839],[-112.9539,43.9694],[-112.9477,43.9549],[-112.9416,43.9404],[-112.9354,43.9259],[-112.9293,43.9114],[-112.9231,43.8969],[-112.9095,43.8888],[-112.8959,43.8806],[-112.8824,43.8725],[-112.8688,43.8643],[-112.8642,43.8493],[-112.8596,43.8343],[-112.855,43.8192],[-112.8504,43.8042],[-112.843,43.8157],[-112.8356,43.8272],[-112.8282,43.8386],[-112.8207,43.8501],[-112.8133,43.8616],[-112.8059,43.8731],[-112.7985,43.8846],[-112.791,43.8961],[-112.7836,43.9076],[-112.7762,43.919],[-112.7687,43.9305],[-112.7613,43.942],[-112.7538,43.9535],[-112.7464,43.965],[-112.7389,43.9765],[-112.7315,43.9879],[-112.7431,43.9952],[-112.7547,44.0025],[-112.7536,44.1064],[-112.7627,44.1145],[-112.7718,44.1226],[-112.7809,44.1307],[-112.79,44.1388],[-112.7992,44.1469],[-112.8083,44.155],[-112.8174,44.1631],[-112.8265,44.1712],[-112.8311,44.2179],[-112.8358,44.2647],[-112.8404,44.3115],[-112.845,44.3582],[-112.8452,44.3583],[-112.8455,44.3582],[-112.8457,44.3581],[-112.8467,44.3583],[-112.8526,44.3594],[-112.855,44.3599],[-112.8608,44.3661],[-112.8614,44.3671],[-112.8637,44.3695],[-112.8646,44.37],[-112.8681,44.3705],[-112.8686,44.3706],[-112.8736,44.3741],[-112.875,44.3766],[-112.8811,44.3797],[-112.8812,44.3797],[-112.8842,44.3937],[-112.8842,44.3937],[-112.8847,44.402],[-112.8849,44.4022],[-112.8938,44.4041],[-112.8997,44.3996],[-112.9168,44.4041],[-112.917,44.4043],[-112.9185,44.4074],[-112.9185,44.4075],[-112.919,44.4086],[-112.9205,44.4099],[-112.9247,44.4109],[-112.9274,44.4113],[-112.9282,44.4123],[-112.9311,44.4133],[-112.9313,44.4134],[-112.9324,44.4133],[-112.934,44.4129],[-112.936,44.4127],[-112.9379,44.4127],[-112.94,44.413],[-112.9531,44.4198],[-112.9531,44.4198],[-112.9643,44.4269],[-112.9755,44.4341],[-112.9867,44.4413],[-112.998,44.4484]]]},"properties":{"OBJECTID":1148,"state":"Idaho","agency":"Idaho Fish and Game","unit_type":"GMU","unit_id":"58","unit_name":"Hunting Unit 58","unit_label":"Idaho GMU 58 - Hunting Unit 58","aliases":"2025 | 58 | 58 hunting unit 58 | game management unit | game management unit 58 | game management unit 58 hunting unit 58 | gmu | gmu 58 | gmu 58 hunting unit 58 | hunt unit | hunt unit 58 | hunt unit 58 hunting unit 58 | hunting unit | hunting unit 58 |","year":"2025","Shape_Length":186853.28244897161,"Shape_Area":1533818252.9489746}},{"type":"Feature","id":1149,"geometry":{"type":"Polygon","coordinates":[[[-111.0975,44.3381],[-111.1231,44.3358],[-111.1488,44.3334],[-111.1744,44.331],[-111.2,44.3287],[-111.2256,44.3263],[-111.2512,44.3239],[-111.2768,44.3215],[-111.3024,44.3191],[-111.3073,44.3024],[-111.3122,44.2857],[-111.3362,44.2858],[-111.3601,44.2859],[-111.3841,44.286],[-111.4081,44.2861],[-111.414,44.2995],[-111.4199,44.3129],[-111.4258,44.3263],[-111.4317,44.3397],[-111.441,44.3211],[-111.4504,44.3025],[-111.4597,44.2838],[-111.469,44.2652],[-111.4635,44.2507],[-111.4579,44.2363],[-111.4524,44.2218],[-111.4468,44.2073],[-111.4413,44.1929],[-111.4357,44.1784],[-111.4302,44.1639],[-111.4246,44.1495],[-111.4325,44.1299],[-111.4403,44.1104],[-111.4481,44.0909],[-111.456,44.0714],[-111.4314,44.0713],[-111.4069,44.0712],[-111.3824,44.0711],[-111.3579,44.0711],[-111.3498,44.0818],[-111.3418,44.0926],[-111.3337,44.1033],[-111.3256,44.1141],[-111.3106,44.1119],[-111.2956,44.1098],[-111.2806,44.1076],[-111.2655,44.1054],[-111.2424,44.1118],[-111.2193,44.1181],[-111.1961,44.1244],[-111.173,44.1307],[-111.1542,44.142],[-111.1354,44.1534],[-111.1167,44.1647],[-111.0979,44.176],[-111.0975,44.3381]]]},"properties":{"OBJECTID":1149,"state":"Idaho","agency":"Idaho Fish and Game","unit_type":"GMU","unit_id":"62A","unit_name":"Hunting Unit 62A","unit_label":"Idaho GMU 62A - Hunting Unit 62A","aliases":"2025 | 62a | 62a hunting unit 62a | game management unit | game management unit 62a | game management unit 62a hunting unit 62a | gmu | gmu 62a | gmu 62a hunting unit 62a | hunt unit | hunt unit 62a | hunt unit 62a hunting unit 62a | hunting unit | hunti","year":"2025","Shape_Length":117367.53708505038,"Shape_Area":635242456.1638672}},{"type":"Feature","id":1150,"geometry":{"type":"Polygon","coordinates":[[[-115.2946,44.3395],[-115.3104,44.3411],[-115.3262,44.3426],[-115.3421,44.3442],[-115.3579,44.3457],[-115.3515,44.3061],[-115.365,44.2943],[-115.3785,44.2826],[-115.392,44.2709],[-115.4055,44.2591],[-115.4005,44.2305],[-115.3955,44.2018],[-115.4211,44.1978],[-115.4467,44.1939],[-115.4722,44.1899],[-115.4978,44.1859],[-115.507,44.1675],[-115.5161,44.1492],[-115.5253,44.1308],[-115.5345,44.1124],[-115.5436,44.0941],[-115.5528,44.0757],[-115.5619,44.0573],[-115.571,44.039],[-115.5535,44.0375],[-115.5361,44.036],[-115.5186,44.0345],[-115.5011,44.033],[-115.4771,44.042],[-115.4531,44.0509],[-115.4291,44.0599],[-115.4051,44.0689],[-115.3869,44.0554],[-115.3687,44.0419],[-115.3505,44.0285],[-115.3322,44.015],[-115.3134,44.0243],[-115.2946,44.0337],[-115.2757,44.0431],[-115.2568,44.0525],[-115.238,44.0618],[-115.2191,44.0712],[-115.2002,44.0806],[-115.1814,44.09],[-115.1759,44.0768],[-115.1704,44.0636],[-115.1649,44.0504],[-115.1594,44.0373],[-115.154,44.0241],[-115.1485,44.0109],[-115.143,43.9978],[-115.1376,43.9846],[-115.1218,43.9744],[-115.1059,43.9643],[-115.0901,43.9541],[-115.0743,43.9439],[-115.0535,43.9454],[-115.0326,43.9469],[-115.0117,43.9483],[-114.9908,43.9498],[-114.9866,43.9804],[-114.9824,44.0111],[-114.9977,44.023],[-115.013,44.0349],[-115.0283,44.0467],[-115.0436,44.0586],[-115.0319,44.0682],[-115.0202,44.0778],[-115.0085,44.0873],[-114.9968,44.0969],[-115.0087,44.1035],[-115.0206,44.11],[-115.0325,44.1165],[-115.0444,44.123],[-115.0344,44.1393],[-115.0243,44.1556],[-115.0423,44.1615],[-115.0602,44.1675],[-115.0781,44.1734],[-115.0961,44.1794],[-115.114,44.1853],[-115.132,44.1912],[-115.1499,44.1972],[-115.1679,44.2031],[-115.1734,44.2497],[-115.1789,44.2964],[-115.1934,44.3018],[-115.2078,44.3072],[-115.2223,44.3126],[-115.2367,44.318],[-115.2512,44.3234],[-115.2656,44.3288],[-115.2801,44.3341],[-115.2946,44.3395]]]},"properties":{"OBJECTID":1150,"state":"Idaho","agency":"Idaho Fish and Game","unit_type":"GMU","unit_id":"35","unit_name":"Hunting Unit 35","unit_label":"Idaho GMU 35 - Hunting Unit 35","aliases":"2025 | 35 | 35 hunting unit 35 | game management unit | game management unit 35 | game management unit 35 hunting unit 35 | gmu | gmu 35 | gmu 35 hunting unit 35 | hunt unit | hunt unit 35 | hunt unit 35 hunting unit 35 | hunting unit | hunting unit 35 |","year":"2025","Shape_Length":173489.81936437078,"Shape_Area":1011017079.6954356}},{"type":"Feature","id":1151,"geometry":{"type":"Polygon","coordinates":[[[-113.8794,44.221],[-113.8867,44.2337],[-113.894,44.2463],[-113.9013,44.259],[-113.9086,44.2716],[-113.9252,44.2615],[-113.9419,44.2513],[-113.9585,44.2411],[-113.9751,44.2309],[-113.979,44.2046],[-113.9829,44.1783],[-114.0025,44.1685],[-114.0221,44.1588],[-114.0417,44.149],[-114.0613,44.1393],[-114.0702,44.1293],[-114.0791,44.1194],[-114.0879,44.1095],[-114.0968,44.0996],[-114.1057,44.0897],[-114.1146,44.0798],[-114.1234,44.0698],[-114.1323,44.0599],[-114.1412,44.05],[-114.15,44.0401],[-114.1589,44.0302],[-114.1677,44.0202],[-114.1766,44.0103],[-114.1854,44.0004],[-114.1943,43.9905],[-114.2031,43.9806],[-114.2176,43.9762],[-114.2321,43.9718],[-114.2466,43.9674],[-114.2611,43.963],[-114.2756,43.9586],[-114.2901,43.9543],[-114.3046,43.9499],[-114.3191,43.9455],[-114.3317,43.9585],[-114.3443,43.9715],[-114.3526,43.962],[-114.3608,43.9526],[-114.369,43.9431],[-114.3772,43.9336],[-114.3854,43.9241],[-114.3936,43.9147],[-114.4018,43.9052],[-114.41,43.8957],[-114.3936,43.8935],[-114.3772,43.8913],[-114.3608,43.8891],[-114.3445,43.8869],[-114.3281,43.8847],[-114.3117,43.8825],[-114.2953,43.8803],[-114.2789,43.8781],[-114.271,43.852],[-114.2631,43.8259],[-114.251,43.8202],[-114.2389,43.8146],[-114.2268,43.8089],[-114.2147,43.8032],[-114.2026,43.7975],[-114.1905,43.7918],[-114.1784,43.7861],[-114.1663,43.7804],[-114.1542,43.7747],[-114.1421,43.769],[-114.13,43.7633],[-114.1179,43.7576],[-114.1058,43.7519],[-114.0938,43.7462],[-114.0817,43.7405],[-114.0696,43.7348],[-114.0597,43.7444],[-114.0498,43.7541],[-114.0399,43.7637],[-114.03,43.7733],[-114.0161,43.7571],[-114.0023,43.7409],[-113.9884,43.7246],[-113.9746,43.7084],[-113.9544,43.6948],[-113.9341,43.6813],[-113.9139,43.6677],[-113.8937,43.6541],[-113.8736,43.6405],[-113.8534,43.6269],[-113.8332,43.6134],[-113.813,43.5998],[-113.8061,43.5717],[-113.7796,43.5748],[-113.7531,43.5778],[-113.7266,43.5809],[-113.7001,43.584],[-113.6953,43.567],[-113.6905,43.55],[-113.6857,43.5331],[-113.6809,43.5161],[-113.6761,43.4991],[-113.6714,43.4821],[-113.6666,43.4651],[-113.6618,43.4482],[-113.6666,43.4184],[-113.6714,43.3885],[-113.6714,43.3885],[-113.6709,43.3883],[-113.6602,43.3873],[-113.657,43.3891],[-113.6548,43.3903],[-113.6545,43.3905],[-113.6528,43.391],[-113.6525,43.3911],[-113.6524,43.3911],[-113.6521,43.3911],[-113.6433,43.3915],[-113.6421,43.3918],[-113.6416,43.392],[-113.6384,43.3929],[-113.6382,43.393],[-113.6378,43.3931],[-113.6374,43.3933],[-113.6373,43.3934],[-113.637,43.3936],[-113.6359,43.3946],[-113.6357,43.3948],[-113.6355,43.3949],[-113.6351,43.3951],[-113.6349,43.3952],[-113.6333,43.3959],[-113.628,43.4013],[-113.628,43.4015],[-113.6279,43.4019],[-113.6275,43.4032],[-113.6274,43.4035],[-113.6272,43.4041],[-113.627,43.4045],[-113.6267,43.4049],[-113.6264,43.4053],[-113.626,43.406],[-113.6258,43.4066],[-113.6258,43.4068],[-113.6258,43.4071],[-113.6261,43.4083],[-113.6264,43.4087],[-113.627,43.4095],[-113.6279,43.4105],[-113.6282,43.4109],[-113.6285,43.4121],[-113.6285,43.4121],[-113.6285,43.4123],[-113.6285,43.4131],[-113.628,43.4143],[-113.6276,43.4149],[-113.6234,43.4189],[-113.6234,43.4189],[-113.6215,43.4237],[-113.6215,43.4239],[-113.6211,43.4246],[-113.621,43.4248],[-113.6198,43.4263],[-113.619,43.4289],[-113.619,43.4289],[-113.6201,43.4308],[-113.6206,43.4315],[-113.6208,43.4318],[-113.6209,43.432],[-113.6209,43.4321],[-113.6208,43.4334],[-113.6208,43.4336],[-113.6208,43.4336],[-113.6207,43.4338],[-113.62,43.4352],[-113.6199,43.4353],[-113.619,43.436],[-113.6182,43.4364],[-113.6149,43.4376],[-113.6137,43.4378],[-113.61,43.4382],[-113.6074,43.4384],[-113.6074,43.4384],[-113.6065,43.4385],[-113.6057,43.4387],[-113.6052,43.4389],[-113.6045,43.4392],[-113.6043,43.4393],[-113.6038,43.4396],[-113.6029,43.4402],[-113.601,43.4414],[-113.5919,43.4474],[-113.5912,43.4479],[-113.59,43.4486],[-113.5895,43.4489],[-113.5885,43.4494],[-113.5882,43.4495],[-113.5882,43.4495],[-113.5877,43.4497],[-113.5741,43.4631],[-113.5605,43.4765],[-113.5468,43.4898],[-113.5332,43.5032],[-113.5196,43.5165],[-113.5059,43.5299],[-113.4923,43.5432],[-113.4786,43.5566],[-113.4584,43.5635],[-113.4381,43.5705],[-113.4178,43.5774],[-113.3975,43.5844],[-113.3772,43.5914],[-113.357,43.5983],[-113.3367,43.6052],[-113.3164,43.6122],[-113.2976,43.6115],[-113.2788,43.6109],[-113.26,43.6103],[-113.2412,43.6096],[-113.2224,43.609],[-113.2036,43.6083],[-113.1848,43.6076],[-113.166,43.607],[-113.1457,43.6164],[-113.1253,43.6258],[-113.105,43.6352],[-113.0847,43.6446],[-113.0994,43.6576],[-113.1142,43.6705],[-113.1061,43.6895],[-113.0981,43.7084],[-113.09,43.7273],[-113.0819,43.7463],[-113.1032,43.747],[-113.1246,43.7477],[-113.1459,43.7484],[-113.1672,43.7492],[-113.1885,43.7499],[-113.2098,43.7506],[-113.2311,43.7513],[-113.2524,43.752],[-113.2577,43.777],[-113.2631,43.802],[-113.2684,43.8269],[-113.2737,43.8519],[-113.296,43.8631],[-113.3182,43.8744],[-113.3212,43.913],[-113.3241,43.9516],[-113.3412,43.9608],[-113.3582,43.9699],[-113.3753,43.9791],[-113.3923,43.9883],[-113.4094,43.9974],[-113.4265,44.0066],[-113.4436,44.0157],[-113.4606,44.0249],[-113.4783,44.0155],[-113.4959,44.0061],[-113.5135,43.9968],[-113.5311,43.9874],[-113.5426,44.0035],[-113.5542,44.0196],[-113.569,44.0253],[-113.5839,44.031],[-113.5988,44.0367],[-113.6137,44.0424],[-113.6286,44.0481],[-113.6435,44.0538],[-113.6584,44.0595],[-113.6733,44.0652],[-113.6984,44.0716],[-113.7235,44.078],[-113.7486,44.0844],[-113.7737,44.0909],[-113.7707,44.1502],[-113.7827,44.167],[-113.7948,44.1838],[-113.8068,44.2005],[-113.8189,44.2173],[-113.8491,44.2192],[-113.8794,44.221]]]},"properties":{"OBJECTID":1151,"state":"Idaho","agency":"Idaho Fish and Game","unit_type":"GMU","unit_id":"50","unit_name":"Hunting Unit 50","unit_label":"Idaho GMU 50 - Hunting Unit 50","aliases":"2025 | 50 | 50 hunting unit 50 | game management unit | game management unit 50 | game management unit 50 hunting unit 50 | gmu | gmu 50 | gmu 50 hunting unit 50 | hunt unit | hunt unit 50 | hunt unit 50 hunting unit 50 | hunting unit | hunting unit 50 |","year":"2025","Shape_Length":346787.1292038991,"Shape_Area":4254210554.852401}},{"type":"Feature","id":1152,"geometry":{"type":"Polygon","coordinates":[[[-111.0486,44.1328],[-111.05,44.1328],[-111.074,44.1328],[-111.098,44.1328],[-111.0979,44.176],[-111.1167,44.1647],[-111.1354,44.1534],[-111.1542,44.142],[-111.173,44.1307],[-111.1961,44.1244],[-111.2193,44.1181],[-111.2424,44.1118],[-111.2655,44.1054],[-111.2806,44.1076],[-111.2956,44.1098],[-111.3106,44.1119],[-111.3256,44.1141],[-111.3337,44.1033],[-111.3418,44.0926],[-111.3498,44.0818],[-111.3579,44.0711],[-111.3824,44.0711],[-111.4069,44.0712],[-111.4314,44.0713],[-111.456,44.0714],[-111.4684,44.0593],[-111.4808,44.0473],[-111.4932,44.0353],[-111.5055,44.0233],[-111.5217,44.0168],[-111.5379,44.0104],[-111.5541,44.0039],[-111.5702,43.9975],[-111.5864,43.991],[-111.6026,43.9845],[-111.6187,43.9781],[-111.6349,43.9716],[-111.6625,43.9666],[-111.6901,43.9615],[-111.6975,43.9518],[-111.7049,43.9421],[-111.7124,43.9323],[-111.7198,43.9226],[-111.7272,43.9129],[-111.7347,43.9032],[-111.7421,43.8934],[-111.7495,43.8837],[-111.7215,43.8837],[-111.6935,43.8836],[-111.6654,43.8836],[-111.6374,43.8835],[-111.6094,43.8835],[-111.5813,43.8834],[-111.5533,43.8834],[-111.5253,43.8833],[-111.5048,43.8746],[-111.4842,43.8659],[-111.4637,43.8572],[-111.4432,43.8485],[-111.4292,43.8527],[-111.4152,43.8569],[-111.4012,43.861],[-111.3872,43.8652],[-111.3732,43.8694],[-111.3592,43.8735],[-111.3452,43.8777],[-111.3312,43.8818],[-111.3095,43.8712],[-111.2878,43.8606],[-111.2747,43.8517],[-111.2617,43.8428],[-111.2487,43.8339],[-111.2357,43.8249],[-111.2122,43.8231],[-111.1886,43.8212],[-111.1651,43.8193],[-111.1415,43.8174],[-111.118,43.8156],[-111.0944,43.8137],[-111.0709,43.8118],[-111.0474,43.8099],[-111.0466,43.8123],[-111.0476,43.9725],[-111.0486,44.1328]]]},"properties":{"OBJECTID":1152,"state":"Idaho","agency":"Idaho Fish and Game","unit_type":"GMU","unit_id":"62","unit_name":"Hunting Unit 62","unit_label":"Idaho GMU 62 - Hunting Unit 62","aliases":"2025 | 62 | 62 hunting unit 62 | game management unit | game management unit 62 | game management unit 62 hunting unit 62 | gmu | gmu 62 | gmu 62 hunting unit 62 | hunt unit | hunt unit 62 | hunt unit 62 hunting unit 62 | hunting unit | hunting unit 62 |","year":"2025","Shape_Length":172081.24210995235,"Shape_Area":1262657807.1798878}},{"type":"Feature","id":1153,"geometry":{"type":"Polygon","coordinates":[[[-112.2404,44.1764],[-112.2702,44.1758],[-112.3,44.1753],[-112.3297,44.1747],[-112.3595,44.1741],[-112.39,44.173],[-112.4204,44.1719],[-112.439,44.1649],[-112.4575,44.158],[-112.4761,44.151],[-112.4946,44.144],[-112.5132,44.1371],[-112.5317,44.1301],[-112.5502,44.1231],[-112.5687,44.1161],[-112.5789,44.1081],[-112.5891,44.1001],[-112.5993,44.0921],[-112.6095,44.0841],[-112.6197,44.0761],[-112.6298,44.0681],[-112.64,44.0601],[-112.6502,44.0521],[-112.6603,44.044],[-112.6705,44.036],[-112.6807,44.028],[-112.6908,44.02],[-112.701,44.012],[-112.7112,44.004],[-112.7213,43.996],[-112.7315,43.9879],[-112.7389,43.9765],[-112.7464,43.965],[-112.7538,43.9535],[-112.7613,43.942],[-112.7687,43.9305],[-112.7762,43.919],[-112.7836,43.9076],[-112.791,43.8961],[-112.7985,43.8846],[-112.8059,43.8731],[-112.8133,43.8616],[-112.8207,43.8501],[-112.8282,43.8386],[-112.8356,43.8272],[-112.843,43.8157],[-112.8504,43.8042],[-112.8697,43.8016],[-112.8889,43.799],[-112.9082,43.7964],[-112.9275,43.7938],[-112.9467,43.7911],[-112.966,43.7885],[-112.9852,43.7859],[-113.0045,43.7833],[-113.0114,43.7606],[-113.0183,43.738],[-113.0252,43.7153],[-113.0321,43.6927],[-113.0452,43.6806],[-113.0584,43.6686],[-113.0715,43.6566],[-113.0847,43.6446],[-113.105,43.6352],[-113.1253,43.6258],[-113.1457,43.6164],[-113.166,43.607],[-113.1456,43.5995],[-113.1253,43.592],[-113.1049,43.5846],[-113.0846,43.5771],[-113.0642,43.5696],[-113.0439,43.5621],[-113.0236,43.5546],[-113.0033,43.5471],[-112.9913,43.5389],[-112.9793,43.5307],[-112.9674,43.5225],[-112.9554,43.5142],[-112.932,43.5092],[-112.9086,43.5042],[-112.8852,43.4992],[-112.8618,43.4942],[-112.8489,43.4863],[-112.8359,43.4784],[-112.823,43.4705],[-112.81,43.4626],[-112.7971,43.4546],[-112.7842,43.4467],[-112.7712,43.4388],[-112.7583,43.4309],[-112.7454,43.423],[-112.7325,43.4151],[-112.7196,43.4071],[-112.7066,43.3992],[-112.6937,43.3913],[-112.6808,43.3834],[-112.6679,43.3754],[-112.655,43.3675],[-112.6421,43.3596],[-112.6292,43.3517],[-112.6163,43.3437],[-112.6034,43.3358],[-112.5906,43.3279],[-112.5777,43.3199],[-112.5648,43.312],[-112.5519,43.304],[-112.539,43.2961],[-112.5262,43.2882],[-112.5133,43.2802],[-112.5004,43.2723],[-112.4876,43.2643],[-112.4747,43.2564],[-112.4619,43.2485],[-112.449,43.2405],[-112.4287,43.2305],[-112.4084,43.2206],[-112.3881,43.2106],[-112.3678,43.2006],[-112.3552,43.2135],[-112.3425,43.2265],[-112.3298,43.2394],[-112.3172,43.2523],[-112.3045,43.2652],[-112.2918,43.2781],[-112.2792,43.291],[-112.2665,43.3039],[-112.2538,43.3169],[-112.2411,43.3298],[-112.2284,43.3427],[-112.2157,43.3556],[-112.203,43.3685],[-112.1903,43.3814],[-112.1776,43.3943],[-112.1649,43.4072],[-112.151,43.4184],[-112.1371,43.4296],[-112.1233,43.4408],[-112.1094,43.452],[-112.0955,43.4631],[-112.0816,43.4743],[-112.0677,43.4855],[-112.0538,43.4967],[-112.0603,43.5286],[-112.0667,43.5604],[-112.0732,43.5923],[-112.0796,43.6242],[-112.0868,43.6371],[-112.094,43.65],[-112.1012,43.6629],[-112.1084,43.6758],[-112.1156,43.6887],[-112.1229,43.7017],[-112.1301,43.7146],[-112.1373,43.7275],[-112.1445,43.7404],[-112.1517,43.7533],[-112.159,43.7663],[-112.1662,43.7792],[-112.1734,43.7921],[-112.1807,43.805],[-112.1879,43.8179],[-112.1951,43.8308],[-112.2002,43.8558],[-112.2053,43.8807],[-112.2104,43.9056],[-112.2155,43.9306],[-112.2206,43.9555],[-112.2257,43.9805],[-112.2308,44.0054],[-112.2359,44.0303],[-112.2382,44.1034],[-112.2404,44.1764]]]},"properties":{"OBJECTID":1153,"state":"Idaho","agency":"Idaho Fish and Game","unit_type":"GMU","unit_id":"63","unit_name":"Hunting Unit 63","unit_label":"Idaho GMU 63 - Hunting Unit 63","aliases":"2025 | 63 | 63 hunting unit 63 | game management unit | game management unit 63 | game management unit 63 hunting unit 63 | gmu | gmu 63 | gmu 63 hunting unit 63 | hunt unit | hunt unit 63 | hunt unit 63 hunting unit 63 | hunting unit | hunting unit 63 |","year":"2025","Shape_Length":306367.669485994,"Shape_Area":5204303412.382135}},{"type":"Feature","id":1154,"geometry":{"type":"Polygon","coordinates":[[[-116.9505,44.0927],[-116.9465,44.0751],[-116.9425,44.0575],[-116.9386,44.0399],[-116.9346,44.0223],[-116.9407,44.0029],[-116.9468,43.9835],[-116.9529,43.964],[-116.9589,43.9446],[-116.965,43.9252],[-116.9711,43.9058],[-116.9772,43.8864],[-116.9833,43.867],[-116.9954,43.859],[-117.0076,43.851],[-117.0198,43.843],[-117.032,43.835],[-117.0293,43.7574],[-117.0267,43.6798],[-117.003,43.6755],[-116.9794,43.6712],[-116.9705,43.6624],[-116.9617,43.6535],[-116.9528,43.6447],[-116.944,43.6358],[-116.9351,43.627],[-116.9263,43.6181],[-116.9174,43.6092],[-116.9086,43.6004],[-116.8912,43.5977],[-116.8739,43.595],[-116.8566,43.5922],[-116.8393,43.5895],[-116.8252,43.5743],[-116.8112,43.5591],[-116.7971,43.5439],[-116.7831,43.5288],[-116.7812,43.4771],[-116.7703,43.4691],[-116.7594,43.4611],[-116.7485,43.4531],[-116.7376,43.4452],[-116.7268,43.4372],[-116.7159,43.4292],[-116.705,43.4212],[-116.6942,43.4133],[-116.6833,43.4053],[-116.6724,43.3973],[-116.6616,43.3893],[-116.6507,43.3813],[-116.6398,43.3734],[-116.629,43.3654],[-116.6181,43.3574],[-116.6073,43.3494],[-116.6004,43.3385],[-116.5936,43.3275],[-116.5867,43.3166],[-116.5799,43.3056],[-116.5601,43.2995],[-116.5403,43.2933],[-116.5205,43.2871],[-116.5008,43.281],[-116.4781,43.2817],[-116.4555,43.2824],[-116.4329,43.2831],[-116.4102,43.2838],[-116.4043,43.261],[-116.3984,43.2382],[-116.3925,43.2154],[-116.3866,43.1926],[-116.3759,43.1833],[-116.3651,43.174],[-116.3544,43.1647],[-116.3437,43.1554],[-116.3329,43.1461],[-116.3222,43.1368],[-116.3114,43.1275],[-116.3007,43.1182],[-116.2739,43.1096],[-116.2471,43.1009],[-116.2203,43.0922],[-116.1936,43.0836],[-116.2005,43.0474],[-116.1876,43.0409],[-116.1747,43.0343],[-116.1618,43.0278],[-116.1489,43.0213],[-116.136,43.0147],[-116.1231,43.0082],[-116.1102,43.0016],[-116.0973,42.9951],[-116.0759,42.9835],[-116.0546,42.972],[-116.0333,42.9604],[-116.0119,42.9488],[-115.9869,42.9558],[-115.9618,42.9628],[-115.9368,42.9698],[-115.9117,42.9767],[-115.8822,42.9756],[-115.8527,42.9745],[-115.8233,42.9733],[-115.7938,42.9721],[-115.7832,42.9634],[-115.7726,42.9547],[-115.762,42.946],[-115.7514,42.9372],[-115.7514,42.9389],[-115.757,42.9647],[-115.7627,42.9905],[-115.7513,43.0112],[-115.7398,43.032],[-115.7283,43.0527],[-115.7169,43.0735],[-115.7173,43.1267],[-115.6905,43.1331],[-115.6637,43.1394],[-115.6792,43.1457],[-115.6946,43.1521],[-115.71,43.1585],[-115.7255,43.1648],[-115.7409,43.1712],[-115.7563,43.1775],[-115.7718,43.1839],[-115.7872,43.1902],[-115.8035,43.2054],[-115.8198,43.2206],[-115.8362,43.2358],[-115.8525,43.251],[-115.8688,43.2662],[-115.8852,43.2814],[-115.9015,43.2966],[-115.9179,43.3118],[-115.9298,43.3229],[-115.9417,43.334],[-115.9543,43.345],[-115.9669,43.3559],[-115.9796,43.3669],[-115.9922,43.3779],[-116.0049,43.3889],[-116.0175,43.3999],[-116.0302,43.4109],[-116.0429,43.4219],[-116.0555,43.4329],[-116.0682,43.4439],[-116.0809,43.4549],[-116.0936,43.4659],[-116.1063,43.4769],[-116.1189,43.4878],[-116.1316,43.4988],[-116.1443,43.5098],[-116.1527,43.5259],[-116.161,43.5421],[-116.1445,43.5422],[-116.128,43.5424],[-116.1115,43.5425],[-116.095,43.5426],[-116.1068,43.5507],[-116.1186,43.5588],[-116.1304,43.5668],[-116.1422,43.5749],[-116.154,43.5829],[-116.1658,43.591],[-116.1776,43.599],[-116.1894,43.6071],[-116.2013,43.6151],[-116.2131,43.6232],[-116.2249,43.6312],[-116.2367,43.6393],[-116.2486,43.6473],[-116.2604,43.6554],[-116.2722,43.6634],[-116.2841,43.6715],[-116.2928,43.6802],[-116.3015,43.689],[-116.3102,43.6978],[-116.319,43.7065],[-116.3364,43.707],[-116.3538,43.7074],[-116.3712,43.7079],[-116.3887,43.7083],[-116.4061,43.7087],[-116.4235,43.7092],[-116.4409,43.7096],[-116.4583,43.71],[-116.4644,43.7362],[-116.4704,43.7623],[-116.4764,43.7884],[-116.4825,43.8145],[-116.4723,43.8341],[-116.4622,43.8537],[-116.4812,43.8682],[-116.5002,43.8826],[-116.52,43.8808],[-116.5397,43.879],[-116.5595,43.8772],[-116.5793,43.8754],[-116.5999,43.8844],[-116.6205,43.8933],[-116.6411,43.9023],[-116.6617,43.9113],[-116.679,43.9226],[-116.6963,43.934],[-116.7137,43.9453],[-116.731,43.9566],[-116.7484,43.9679],[-116.7657,43.9792],[-116.7831,43.9905],[-116.8004,44.0018],[-116.8152,44.0061],[-116.8301,44.0104],[-116.8449,44.0147],[-116.8597,44.019],[-116.8745,44.0232],[-116.8894,44.0275],[-116.9042,44.0318],[-116.919,44.0361],[-116.9269,44.0502],[-116.9347,44.0644],[-116.9426,44.0785],[-116.9505,44.0927]]]},"properties":{"OBJECTID":1154,"state":"Idaho","agency":"Idaho Fish and Game","unit_type":"GMU","unit_id":"38","unit_name":"Hunting Unit 38","unit_label":"Idaho GMU 38 - Hunting Unit 38","aliases":"2025 | 38 | 38 hunting unit 38 | game management unit | game management unit 38 | game management unit 38 hunting unit 38 | gmu | gmu 38 | gmu 38 hunting unit 38 | hunt unit | hunt unit 38 | hunt unit 38 hunting unit 38 | hunting unit | hunting unit 38 |","year":"2025","Shape_Length":395296.8603447196,"Shape_Area":5200841068.662048}},{"type":"Feature","id":1155,"geometry":{"type":"Polygon","coordinates":[[[-115.1814,44.09],[-115.2002,44.0806],[-115.2191,44.0712],[-115.238,44.0618],[-115.2568,44.0525],[-115.2757,44.0431],[-115.2946,44.0337],[-115.3134,44.0243],[-115.3322,44.015],[-115.3505,44.0285],[-115.3687,44.0419],[-115.3869,44.0554],[-115.4051,44.0689],[-115.4291,44.0599],[-115.4531,44.0509],[-115.4771,44.042],[-115.5011,44.033],[-115.5186,44.0345],[-115.5361,44.036],[-115.5535,44.0375],[-115.571,44.039],[-115.5837,44.0333],[-115.5963,44.0276],[-115.6089,44.0219],[-115.6215,44.0162],[-115.6341,44.0105],[-115.6467,44.0048],[-115.6593,43.9991],[-115.6719,43.9934],[-115.6915,44.0068],[-115.7111,44.0203],[-115.7308,44.0337],[-115.7504,44.0472],[-115.7746,44.0475],[-115.7989,44.0478],[-115.8131,44.0399],[-115.8274,44.0321],[-115.8416,44.0243],[-115.8559,44.0164],[-115.8701,44.0086],[-115.8843,44.0007],[-115.8986,43.9929],[-115.9128,43.985],[-115.9315,43.9825],[-115.9502,43.9799],[-115.9689,43.9774],[-115.9875,43.9749],[-116.0042,43.9819],[-116.0209,43.989],[-116.0375,43.9961],[-116.0542,44.0031],[-116.0602,44.0209],[-116.0663,44.0387],[-116.0723,44.0565],[-116.0783,44.0743],[-116.0968,44.0793],[-116.1152,44.0842],[-116.1248,44.0566],[-116.1344,44.0291],[-116.1493,44.0167],[-116.1643,44.0043],[-116.1792,43.9919],[-116.1942,43.9795],[-116.1915,43.9544],[-116.1889,43.9293],[-116.1988,43.9146],[-116.2086,43.8998],[-116.2185,43.8851],[-116.2283,43.8704],[-116.2382,43.8557],[-116.248,43.8409],[-116.2579,43.8262],[-116.2677,43.8115],[-116.266,43.7619],[-116.2792,43.7481],[-116.2925,43.7342],[-116.3057,43.7204],[-116.319,43.7065],[-116.3102,43.6978],[-116.3015,43.689],[-116.2928,43.6802],[-116.2841,43.6715],[-116.2722,43.6634],[-116.2604,43.6554],[-116.2486,43.6473],[-116.2367,43.6393],[-116.2249,43.6312],[-116.2131,43.6232],[-116.2013,43.6151],[-116.1894,43.6071],[-116.1776,43.599],[-116.1658,43.591],[-116.154,43.5829],[-116.1422,43.5749],[-116.1304,43.5668],[-116.1186,43.5588],[-116.1068,43.5507],[-116.095,43.5426],[-116.1115,43.5425],[-116.128,43.5424],[-116.1445,43.5422],[-116.161,43.5421],[-116.1527,43.5259],[-116.1443,43.5098],[-116.1316,43.4988],[-116.1189,43.4878],[-116.1063,43.4769],[-116.0936,43.4659],[-116.0809,43.4549],[-116.0682,43.4439],[-116.0555,43.4329],[-116.0429,43.4219],[-116.0302,43.4109],[-116.0175,43.3999],[-116.0049,43.3889],[-115.9922,43.3779],[-115.9796,43.3669],[-115.9669,43.3559],[-115.9543,43.345],[-115.9417,43.334],[-115.9298,43.3229],[-115.9179,43.3118],[-115.9015,43.2966],[-115.8852,43.2814],[-115.8688,43.2662],[-115.8525,43.251],[-115.8362,43.2358],[-115.8198,43.2206],[-115.8035,43.2054],[-115.7872,43.1902],[-115.7718,43.1839],[-115.7563,43.1775],[-115.7409,43.1712],[-115.7255,43.1648],[-115.71,43.1585],[-115.6946,43.1521],[-115.6792,43.1457],[-115.6637,43.1394],[-115.6501,43.1468],[-115.6364,43.1542],[-115.6228,43.1616],[-115.6091,43.169],[-115.5954,43.1765],[-115.5817,43.1839],[-115.5681,43.1913],[-115.5544,43.1987],[-115.5623,43.2097],[-115.5701,43.2208],[-115.578,43.2318],[-115.5858,43.2429],[-115.5673,43.2512],[-115.5487,43.2596],[-115.5301,43.268],[-115.5115,43.2764],[-115.4929,43.2848],[-115.4743,43.2931],[-115.4557,43.3015],[-115.4371,43.3099],[-115.4533,43.3252],[-115.4696,43.3404],[-115.4502,43.3547],[-115.4308,43.369],[-115.4114,43.3832],[-115.3921,43.3975],[-115.3879,43.4227],[-115.3837,43.4479],[-115.3968,43.468],[-115.4099,43.488],[-115.4229,43.5081],[-115.436,43.5281],[-115.4388,43.578],[-115.4415,43.6279],[-115.4313,43.6403],[-115.4211,43.6526],[-115.4109,43.665],[-115.4006,43.6773],[-115.3904,43.6897],[-115.3802,43.702],[-115.37,43.7144],[-115.3597,43.7267],[-115.3419,43.7174],[-115.3241,43.708],[-115.3062,43.6987],[-115.2884,43.6893],[-115.2754,43.7055],[-115.2624,43.7217],[-115.2493,43.7379],[-115.2363,43.754],[-115.2271,43.7411],[-115.2179,43.7281],[-115.2087,43.7152],[-115.1995,43.7023],[-115.1832,43.7002],[-115.167,43.6981],[-115.1507,43.6959],[-115.1344,43.6938],[-115.1093,43.6992],[-115.0842,43.7047],[-115.0592,43.7101],[-115.0341,43.7155],[-115.0305,43.7423],[-115.0269,43.7691],[-115.0232,43.7959],[-115.0196,43.8227],[-115.0044,43.8407],[-114.9892,43.8586],[-114.9908,43.9498],[-115.0117,43.9483],[-115.0326,43.9469],[-115.0535,43.9454],[-115.0743,43.9439],[-115.0901,43.9541],[-115.1059,43.9643],[-115.1218,43.9744],[-115.1376,43.9846],[-115.143,43.9978],[-115.1485,44.0109],[-115.154,44.0241],[-115.1594,44.0373],[-115.1649,44.0504],[-115.1704,44.0636],[-115.1759,44.0768],[-115.1814,44.09]]]},"properties":{"OBJECTID":1155,"state":"Idaho","agency":"Idaho Fish and Game","unit_type":"GMU","unit_id":"39","unit_name":"Hunting Unit 39","unit_label":"Idaho GMU 39 - Hunting Unit 39","aliases":"2025 | 39 | 39 hunting unit 39 | game management unit | game management unit 39 | game management unit 39 hunting unit 39 | gmu | gmu 39 | gmu 39 hunting unit 39 | hunt unit | hunt unit 39 | hunt unit 39 hunting unit 39 | hunting unit | hunting unit 39 |","year":"2025","Shape_Length":405349.8114801948,"Shape_Area":6295073744.432352}},{"type":"Feature","id":1156,"geometry":{"type":"Polygon","coordinates":[[[-114.6577,43.9176],[-114.6786,43.912],[-114.6996,43.9063],[-114.7038,43.8836],[-114.708,43.8608],[-114.7121,43.8381],[-114.7163,43.8154],[-114.7038,43.796],[-114.6913,43.7767],[-114.6788,43.7573],[-114.6663,43.738],[-114.6705,43.7017],[-114.6746,43.6655],[-114.6788,43.6292],[-114.6829,43.593],[-114.6588,43.5845],[-114.6348,43.5759],[-114.6107,43.5674],[-114.5866,43.5589],[-114.5804,43.5439],[-114.5742,43.5289],[-114.568,43.514],[-114.5618,43.499],[-114.5404,43.4959],[-114.5189,43.4928],[-114.4975,43.4897],[-114.4761,43.4865],[-114.4674,43.4774],[-114.4587,43.4682],[-114.4499,43.459],[-114.4412,43.4499],[-114.4616,43.4403],[-114.482,43.4307],[-114.4885,43.4196],[-114.4951,43.4085],[-114.5017,43.3974],[-114.5083,43.3863],[-114.5149,43.3753],[-114.5214,43.3642],[-114.528,43.3531],[-114.5346,43.342],[-114.5186,43.3414],[-114.5026,43.3408],[-114.4866,43.3402],[-114.4706,43.3396],[-114.4547,43.3389],[-114.4387,43.3383],[-114.4227,43.3377],[-114.4067,43.3371],[-114.3908,43.3364],[-114.3748,43.3358],[-114.3588,43.3352],[-114.3428,43.3345],[-114.3269,43.3339],[-114.3109,43.3333],[-114.2949,43.3326],[-114.2789,43.332],[-114.2723,43.3497],[-114.2656,43.3674],[-114.2589,43.385],[-114.2523,43.4027],[-114.2594,43.4392],[-114.2665,43.4756],[-114.2775,43.4851],[-114.2886,43.4946],[-114.2997,43.5041],[-114.3107,43.5136],[-114.3174,43.5344],[-114.3241,43.5553],[-114.3307,43.5762],[-114.3374,43.5971],[-114.3441,43.618],[-114.3508,43.6389],[-114.3575,43.6597],[-114.3642,43.6806],[-114.3503,43.6956],[-114.3365,43.7105],[-114.3227,43.7254],[-114.3089,43.7403],[-114.295,43.7553],[-114.2812,43.7702],[-114.2673,43.7851],[-114.2535,43.8],[-114.2631,43.8259],[-114.271,43.852],[-114.2789,43.8781],[-114.2953,43.8803],[-114.3117,43.8825],[-114.3281,43.8847],[-114.3445,43.8869],[-114.3608,43.8891],[-114.3772,43.8913],[-114.3936,43.8935],[-114.41,43.8957],[-114.4354,43.8962],[-114.4609,43.8966],[-114.4864,43.8971],[-114.5118,43.8975],[-114.5202,43.8716],[-114.5285,43.8457],[-114.5447,43.8547],[-114.5608,43.8637],[-114.5769,43.8727],[-114.5931,43.8817],[-114.6092,43.8906],[-114.6254,43.8996],[-114.6415,43.9086],[-114.6577,43.9176]]]},"properties":{"OBJECTID":1156,"state":"Idaho","agency":"Idaho Fish and Game","unit_type":"GMU","unit_id":"48","unit_name":"Hunting Unit 48","unit_label":"Idaho GMU 48 - Hunting Unit 48","aliases":"2025 | 48 | 48 hunting unit 48 | game management unit | game management unit 48 | game management unit 48 hunting unit 48 | gmu | gmu 48 | gmu 48 hunting unit 48 | hunt unit | hunt unit 48 | hunt unit 48 hunting unit 48 | hunting unit | hunting unit 48 |","year":"2025","Shape_Length":206391.66957154055,"Shape_Area":1571830514.641296}},{"type":"Feature","id":1157,"geometry":{"type":"Polygon","coordinates":[[[-111.2878,43.8606],[-111.3095,43.8712],[-111.3312,43.8818],[-111.3452,43.8777],[-111.3592,43.8735],[-111.3732,43.8694],[-111.3872,43.8652],[-111.4012,43.861],[-111.4152,43.8569],[-111.4292,43.8527],[-111.4432,43.8485],[-111.4637,43.8572],[-111.4842,43.8659],[-111.5048,43.8746],[-111.5253,43.8833],[-111.5533,43.8834],[-111.5813,43.8834],[-111.6094,43.8835],[-111.6374,43.8835],[-111.6654,43.8836],[-111.6935,43.8836],[-111.7215,43.8837],[-111.7495,43.8837],[-111.7649,43.8693],[-111.7804,43.8549],[-111.7958,43.8405],[-111.8112,43.8261],[-111.8143,43.7725],[-111.8174,43.719],[-111.7982,43.708],[-111.779,43.697],[-111.7599,43.686],[-111.7407,43.675],[-111.7216,43.664],[-111.7024,43.653],[-111.6833,43.642],[-111.6642,43.6309],[-111.6389,43.6333],[-111.6137,43.6356],[-111.5884,43.638],[-111.5632,43.6403],[-111.5379,43.6426],[-111.5127,43.6449],[-111.4874,43.6473],[-111.4622,43.6496],[-111.4462,43.6544],[-111.4302,43.6592],[-111.4143,43.6639],[-111.3983,43.6687],[-111.3777,43.6662],[-111.357,43.6637],[-111.3364,43.6612],[-111.3158,43.6587],[-111.327,43.6745],[-111.3382,43.6902],[-111.3494,43.706],[-111.3606,43.7218],[-111.3606,43.7882],[-111.3432,43.7967],[-111.3258,43.8052],[-111.3083,43.8137],[-111.2909,43.8222],[-111.2878,43.8606]]]},"properties":{"OBJECTID":1157,"state":"Idaho","agency":"Idaho Fish and Game","unit_type":"GMU","unit_id":"64","unit_name":"Hunting Unit 64","unit_label":"Idaho GMU 64 - Hunting Unit 64","aliases":"2025 | 64 | 64 hunting unit 64 | game management unit | game management unit 64 | game management unit 64 hunting unit 64 | gmu | gmu 64 | gmu 64 hunting unit 64 | hunt unit | hunt unit 64 | hunt unit 64 hunting unit 64 | hunting unit | hunting unit 64 |","year":"2025","Shape_Length":130317.35419517546,"Shape_Area":930432618.0198182}},{"type":"Feature","id":1158,"geometry":{"type":"Polygon","coordinates":[[[-111.0466,43.8123],[-111.0474,43.8099],[-111.0709,43.8118],[-111.0944,43.8137],[-111.118,43.8156],[-111.1415,43.8174],[-111.1651,43.8193],[-111.1886,43.8212],[-111.2122,43.8231],[-111.2357,43.8249],[-111.2487,43.8339],[-111.2617,43.8428],[-111.2747,43.8517],[-111.2878,43.8606],[-111.2909,43.8222],[-111.3083,43.8137],[-111.3258,43.8052],[-111.3432,43.7967],[-111.3606,43.7882],[-111.3606,43.7218],[-111.3494,43.706],[-111.3382,43.6902],[-111.327,43.6745],[-111.3158,43.6587],[-111.2985,43.6502],[-111.2812,43.6416],[-111.264,43.6331],[-111.2467,43.6246],[-111.2391,43.6113],[-111.2316,43.5981],[-111.224,43.5849],[-111.2165,43.5716],[-111.1896,43.5776],[-111.1628,43.5835],[-111.136,43.5895],[-111.1091,43.5954],[-111.0935,43.5826],[-111.0779,43.5697],[-111.0623,43.5569],[-111.0467,43.5441],[-111.0452,43.5433],[-111.0459,43.6778],[-111.0466,43.8123]]]},"properties":{"OBJECTID":1158,"state":"Idaho","agency":"Idaho Fish and Game","unit_type":"GMU","unit_id":"65","unit_name":"Hunting Unit 65","unit_label":"Idaho GMU 65 - Hunting Unit 65","aliases":"2025 | 65 | 65 hunting unit 65 | game management unit | game management unit 65 | game management unit 65 hunting unit 65 | gmu | gmu 65 | gmu 65 hunting unit 65 | hunt unit | hunt unit 65 | hunt unit 65 hunting unit 65 | hunting unit | hunting unit 65 |","year":"2025","Shape_Length":107537.3691149774,"Shape_Area":589241251.5403006}},{"type":"Feature","id":1159,"geometry":{"type":"Polygon","coordinates":[[[-114.8479,43.8164],[-114.8655,43.8217],[-114.8832,43.827],[-114.9008,43.8323],[-114.9185,43.8376],[-114.9362,43.8428],[-114.9539,43.8481],[-114.9715,43.8534],[-114.9892,43.8586],[-115.0044,43.8407],[-115.0196,43.8227],[-115.0232,43.7959],[-115.0269,43.7691],[-115.0305,43.7423],[-115.0341,43.7155],[-115.0592,43.7101],[-115.0842,43.7047],[-115.1093,43.6992],[-115.1344,43.6938],[-115.1507,43.6959],[-115.167,43.6981],[-115.1832,43.7002],[-115.1995,43.7023],[-115.2087,43.7152],[-115.2179,43.7281],[-115.2271,43.7411],[-115.2363,43.754],[-115.2493,43.7379],[-115.2624,43.7217],[-115.2754,43.7055],[-115.2884,43.6893],[-115.3062,43.6987],[-115.3241,43.708],[-115.3419,43.7174],[-115.3597,43.7267],[-115.37,43.7144],[-115.3802,43.702],[-115.3904,43.6897],[-115.4006,43.6773],[-115.4109,43.665],[-115.4211,43.6526],[-115.4313,43.6403],[-115.4415,43.6279],[-115.4388,43.578],[-115.436,43.5281],[-115.4229,43.5081],[-115.4099,43.488],[-115.3968,43.468],[-115.3837,43.4479],[-115.3879,43.4227],[-115.3921,43.3975],[-115.3744,43.4025],[-115.3568,43.4076],[-115.3391,43.4126],[-115.3215,43.4176],[-115.3039,43.4226],[-115.2862,43.4277],[-115.2686,43.4327],[-115.2509,43.4377],[-115.237,43.4328],[-115.2231,43.4279],[-115.2092,43.4229],[-115.1953,43.418],[-115.1813,43.4257],[-115.1673,43.4334],[-115.1533,43.4411],[-115.1393,43.4488],[-115.1253,43.4565],[-115.1113,43.4642],[-115.0973,43.4719],[-115.0833,43.4796],[-115.0755,43.4932],[-115.0677,43.5067],[-115.0599,43.5202],[-115.0521,43.5337],[-115.0388,43.5285],[-115.0256,43.5233],[-115.0123,43.5181],[-114.9991,43.5129],[-114.9858,43.5077],[-114.9726,43.5025],[-114.9593,43.4973],[-114.9461,43.4921],[-114.9291,43.5035],[-114.9122,43.5149],[-114.8953,43.5263],[-114.8784,43.5376],[-114.8592,43.532],[-114.84,43.5264],[-114.8208,43.5207],[-114.8016,43.5151],[-114.7924,43.5266],[-114.7832,43.5381],[-114.774,43.5496],[-114.7648,43.5611],[-114.7556,43.5727],[-114.7464,43.5842],[-114.7372,43.5957],[-114.728,43.6072],[-114.7055,43.6001],[-114.6829,43.593],[-114.6788,43.6292],[-114.6746,43.6655],[-114.6705,43.7017],[-114.6663,43.738],[-114.6788,43.7573],[-114.6913,43.7767],[-114.7038,43.796],[-114.7163,43.8154],[-114.7445,43.8085],[-114.7726,43.8017],[-114.8007,43.7948],[-114.8288,43.788],[-114.8383,43.8022],[-114.8479,43.8164]]]},"properties":{"OBJECTID":1159,"state":"Idaho","agency":"Idaho Fish and Game","unit_type":"GMU","unit_id":"43","unit_name":"Hunting Unit 43","unit_label":"Idaho GMU 43 - Hunting Unit 43","aliases":"2025 | 43 | 43 hunting unit 43 | game management unit | game management unit 43 | game management unit 43 hunting unit 43 | gmu | gmu 43 | gmu 43 hunting unit 43 | hunt unit | hunt unit 43 | hunt unit 43 hunting unit 43 | hunting unit | hunting unit 43 |","year":"2025","Shape_Length":217702.42820809316,"Shape_Area":1818197952.7756505}},{"type":"Feature","id":1160,"geometry":{"type":"Polygon","coordinates":[[[-111.6642,43.6309],[-111.6833,43.642],[-111.7024,43.653],[-111.7216,43.664],[-111.7407,43.675],[-111.7599,43.686],[-111.779,43.697],[-111.7982,43.708],[-111.8174,43.719],[-111.8143,43.7725],[-111.8112,43.8261],[-111.8352,43.8265],[-111.8592,43.8268],[-111.8832,43.8271],[-111.9072,43.8274],[-111.9312,43.8277],[-111.9552,43.828],[-111.9792,43.8283],[-112.0032,43.8286],[-112.0272,43.8289],[-112.0512,43.8292],[-112.0752,43.8295],[-112.0992,43.8298],[-112.1231,43.83],[-112.1471,43.8303],[-112.1711,43.8306],[-112.1951,43.8308],[-112.1879,43.8179],[-112.1807,43.805],[-112.1734,43.7921],[-112.1662,43.7792],[-112.159,43.7663],[-112.1517,43.7533],[-112.1445,43.7404],[-112.1373,43.7275],[-112.1301,43.7146],[-112.1229,43.7017],[-112.1156,43.6887],[-112.1084,43.6758],[-112.1012,43.6629],[-112.094,43.65],[-112.0868,43.6371],[-112.0796,43.6242],[-112.0732,43.5923],[-112.0667,43.5604],[-112.0603,43.5286],[-112.0538,43.4967],[-112.0391,43.4909],[-112.0194,43.5034],[-111.9996,43.516],[-111.9799,43.5286],[-111.9601,43.5411],[-111.9403,43.5537],[-111.9205,43.5662],[-111.9007,43.5788],[-111.8809,43.5913],[-111.8559,43.6],[-111.8308,43.6087],[-111.8095,43.6096],[-111.7882,43.6104],[-111.7669,43.6112],[-111.7456,43.6121],[-111.7243,43.6129],[-111.703,43.6137],[-111.6817,43.6145],[-111.6604,43.6153],[-111.6642,43.6309]]]},"properties":{"OBJECTID":1160,"state":"Idaho","agency":"Idaho Fish and Game","unit_type":"GMU","unit_id":"63A","unit_name":"Hunting Unit 63A","unit_label":"Idaho GMU 63A - Hunting Unit 63A","aliases":"2025 | 63a | 63a hunting unit 63a | game management unit | game management unit 63a | game management unit 63a hunting unit 63a | gmu | gmu 63a | gmu 63a hunting unit 63a | hunt unit | hunt unit 63a | hunt unit 63a hunting unit 63a | hunting unit | hunti","year":"2025","Shape_Length":135966.39461776178,"Shape_Area":836308696.2472885}},{"type":"Feature","id":1161,"geometry":{"type":"Polygon","coordinates":[[[-113.7222,43.3788],[-113.6968,43.3837],[-113.6714,43.3885],[-113.6714,43.3885],[-113.6666,43.4184],[-113.6618,43.4482],[-113.6666,43.4651],[-113.6714,43.4821],[-113.6761,43.4991],[-113.6809,43.5161],[-113.6857,43.5331],[-113.6905,43.55],[-113.6953,43.567],[-113.7001,43.584],[-113.7266,43.5809],[-113.7531,43.5778],[-113.7796,43.5748],[-113.8061,43.5717],[-113.813,43.5998],[-113.8332,43.6134],[-113.8534,43.6269],[-113.8736,43.6405],[-113.8937,43.6541],[-113.9139,43.6677],[-113.9341,43.6813],[-113.9544,43.6948],[-113.9746,43.7084],[-113.9884,43.7246],[-114.0023,43.7409],[-114.0161,43.7571],[-114.03,43.7733],[-114.0399,43.7637],[-114.0498,43.7541],[-114.0597,43.7444],[-114.0696,43.7348],[-114.0817,43.7405],[-114.0938,43.7462],[-114.1058,43.7519],[-114.1179,43.7576],[-114.13,43.7633],[-114.1421,43.769],[-114.1542,43.7747],[-114.1663,43.7804],[-114.1784,43.7861],[-114.1905,43.7918],[-114.2026,43.7975],[-114.2147,43.8032],[-114.2268,43.8089],[-114.2389,43.8146],[-114.251,43.8202],[-114.2631,43.8259],[-114.2535,43.8],[-114.2673,43.7851],[-114.2812,43.7702],[-114.295,43.7553],[-114.3089,43.7403],[-114.3227,43.7254],[-114.3365,43.7105],[-114.3503,43.6956],[-114.3642,43.6806],[-114.3575,43.6597],[-114.3508,43.6389],[-114.3441,43.618],[-114.3374,43.5971],[-114.3307,43.5762],[-114.3241,43.5553],[-114.3174,43.5344],[-114.3107,43.5136],[-114.2997,43.5041],[-114.2886,43.4946],[-114.2775,43.4851],[-114.2665,43.4756],[-114.2594,43.4392],[-114.2523,43.4027],[-114.2589,43.385],[-114.2656,43.3674],[-114.2723,43.3497],[-114.2789,43.332],[-114.262,43.3319],[-114.245,43.3317],[-114.2281,43.3316],[-114.2111,43.3315],[-114.1942,43.3314],[-114.1772,43.3312],[-114.1603,43.3311],[-114.1433,43.3309],[-114.127,43.3259],[-114.1106,43.3209],[-114.0942,43.3158],[-114.0778,43.3108],[-114.0614,43.3058],[-114.0451,43.3007],[-114.0287,43.2957],[-114.0123,43.2906],[-113.9957,43.2935],[-113.9791,43.2963],[-113.9624,43.2992],[-113.9458,43.3021],[-113.9347,43.3186],[-113.9237,43.3351],[-113.8986,43.3406],[-113.8736,43.346],[-113.8485,43.3514],[-113.8234,43.3568],[-113.7983,43.3622],[-113.7733,43.3676],[-113.7482,43.373],[-113.7231,43.3784],[-113.7222,43.3788]]]},"properties":{"OBJECTID":1161,"state":"Idaho","agency":"Idaho Fish and Game","unit_type":"GMU","unit_id":"49","unit_name":"Hunting Unit 49","unit_label":"Idaho GMU 49 - Hunting Unit 49","aliases":"2025 | 49 | 49 hunting unit 49 | game management unit | game management unit 49 | game management unit 49 hunting unit 49 | gmu | gmu 49 | gmu 49 hunting unit 49 | hunt unit | hunt unit 49 | hunt unit 49 hunting unit 49 | hunting unit | hunting unit 49 |","year":"2025","Shape_Length":197468.61783736572,"Shape_Area":2054197398.9722872}},{"type":"Feature","id":1162,"geometry":{"type":"Polygon","coordinates":[[[-116.0973,42.9951],[-116.1102,43.0016],[-116.1231,43.0082],[-116.136,43.0147],[-116.1489,43.0213],[-116.1618,43.0278],[-116.1747,43.0343],[-116.1876,43.0409],[-116.2005,43.0474],[-116.1936,43.0836],[-116.2203,43.0922],[-116.2471,43.1009],[-116.2739,43.1096],[-116.3007,43.1182],[-116.3114,43.1275],[-116.3222,43.1368],[-116.3329,43.1461],[-116.3437,43.1554],[-116.3544,43.1647],[-116.3651,43.174],[-116.3759,43.1833],[-116.3866,43.1926],[-116.3925,43.2154],[-116.3984,43.2382],[-116.4043,43.261],[-116.4102,43.2838],[-116.4329,43.2831],[-116.4555,43.2824],[-116.4781,43.2817],[-116.5008,43.281],[-116.5205,43.2871],[-116.5403,43.2933],[-116.5601,43.2995],[-116.5799,43.3056],[-116.5867,43.3166],[-116.5936,43.3275],[-116.6004,43.3385],[-116.6073,43.3494],[-116.6181,43.3574],[-116.629,43.3654],[-116.6398,43.3734],[-116.6507,43.3813],[-116.6616,43.3893],[-116.6724,43.3973],[-116.6833,43.4053],[-116.6942,43.4133],[-116.705,43.4212],[-116.7159,43.4292],[-116.7268,43.4372],[-116.7376,43.4452],[-116.7485,43.4531],[-116.7594,43.4611],[-116.7703,43.4691],[-116.7812,43.4771],[-116.7831,43.5288],[-116.7971,43.5439],[-116.8112,43.5591],[-116.8252,43.5743],[-116.8393,43.5895],[-116.8566,43.5922],[-116.8739,43.595],[-116.8912,43.5977],[-116.9086,43.6004],[-116.9174,43.6092],[-116.9263,43.6181],[-116.9351,43.627],[-116.944,43.6358],[-116.9528,43.6447],[-116.9617,43.6535],[-116.9705,43.6624],[-116.9794,43.6712],[-117.003,43.6755],[-117.0267,43.6798],[-117.0268,43.6187],[-117.0268,43.6179],[-117.0268,43.5924],[-117.0268,43.5919],[-117.0268,43.5917],[-117.0267,43.5219],[-117.0267,43.519],[-117.0267,43.5183],[-117.0266,43.4559],[-117.0265,43.4506],[-117.0266,43.4312],[-117.0266,43.429],[-117.0268,43.3156],[-117.0268,43.3061],[-117.0267,43.2622],[-117.0267,43.2566],[-117.0267,43.2549],[-117.0267,43.1678],[-117.0267,43.1579],[-117.0265,42.9964],[-117.0265,42.9764],[-117.0265,42.9592],[-117.0265,42.9507],[-117.0264,42.9444],[-117.0264,42.9434],[-117.0264,42.9131],[-117.0264,42.8918],[-117.0263,42.8576],[-117.0262,42.8569],[-117.0263,42.8559],[-117.0263,42.8451],[-117.0263,42.7934],[-117.0264,42.7919],[-117.0263,42.7872],[-117.0264,42.7781],[-117.0264,42.7721],[-117.0264,42.5874],[-117.0264,42.5739],[-117.0264,42.567],[-117.0084,42.5711],[-116.9903,42.5752],[-116.9791,42.5681],[-116.9679,42.561],[-116.9566,42.5539],[-116.9454,42.5467],[-116.9342,42.5396],[-116.923,42.5325],[-116.9117,42.5253],[-116.9005,42.5182],[-116.8848,42.5212],[-116.869,42.5242],[-116.8533,42.5272],[-116.8376,42.5302],[-116.8218,42.5332],[-116.8061,42.5362],[-116.7904,42.5392],[-116.7746,42.5422],[-116.76,42.5479],[-116.7455,42.5537],[-116.7309,42.5595],[-116.7163,42.5653],[-116.7017,42.5711],[-116.6871,42.5769],[-116.6725,42.5827],[-116.6579,42.5884],[-116.638,42.5873],[-116.6181,42.5862],[-116.5982,42.585],[-116.5782,42.5839],[-116.5648,42.5905],[-116.5514,42.5971],[-116.538,42.6037],[-116.5246,42.6102],[-116.5112,42.6168],[-116.4978,42.6234],[-116.4844,42.63],[-116.471,42.6366],[-116.4585,42.6456],[-116.446,42.6547],[-116.4336,42.6637],[-116.4211,42.6728],[-116.4086,42.6818],[-116.3961,42.6909],[-116.3836,42.6999],[-116.3711,42.709],[-116.3533,42.7202],[-116.3355,42.7314],[-116.3176,42.7425],[-116.2998,42.7537],[-116.2819,42.7649],[-116.2641,42.7761],[-116.2462,42.7873],[-116.2284,42.7985],[-116.2113,42.8051],[-116.1942,42.8117],[-116.1771,42.8184],[-116.16,42.825],[-116.1429,42.8317],[-116.1258,42.8383],[-116.1087,42.8449],[-116.0916,42.8516],[-116.088,42.8811],[-116.0844,42.9107],[-116.0809,42.9402],[-116.0773,42.9698],[-116.0873,42.9825],[-116.0973,42.9951]]]},"properties":{"OBJECTID":1162,"state":"Idaho","agency":"Idaho Fish and Game","unit_type":"GMU","unit_id":"40","unit_name":"Hunting Unit 40","unit_label":"Idaho GMU 40 - Hunting Unit 40","aliases":"2025 | 40 | 40 hunting unit 40 | game management unit | game management unit 40 | game management unit 40 hunting unit 40 | gmu | gmu 40 | gmu 40 hunting unit 40 | hunt unit | hunt unit 40 | hunt unit 40 hunting unit 40 | hunting unit | hunting unit 40 |","year":"2025","Shape_Length":349412.3010901291,"Shape_Area":5843744621.454496}},{"type":"Feature","id":1163,"geometry":{"type":"Polygon","coordinates":[[[-111.3158,43.6587],[-111.3364,43.6612],[-111.357,43.6637],[-111.3777,43.6662],[-111.3983,43.6687],[-111.4143,43.6639],[-111.4302,43.6592],[-111.4462,43.6544],[-111.4622,43.6496],[-111.4874,43.6473],[-111.5127,43.6449],[-111.5379,43.6426],[-111.5632,43.6403],[-111.5884,43.638],[-111.6137,43.6356],[-111.6389,43.6333],[-111.6642,43.6309],[-111.6604,43.6153],[-111.6431,43.6024],[-111.6258,43.5896],[-111.6038,43.5958],[-111.5817,43.602],[-111.5597,43.6082],[-111.5376,43.6144],[-111.5235,43.6059],[-111.5094,43.5974],[-111.4954,43.5889],[-111.4813,43.5805],[-111.4672,43.572],[-111.4531,43.5635],[-111.439,43.555],[-111.425,43.5465],[-111.4334,43.5159],[-111.4419,43.4854],[-111.4238,43.4744],[-111.4058,43.4634],[-111.3877,43.4525],[-111.3696,43.4415],[-111.3516,43.4306],[-111.3335,43.4196],[-111.3155,43.4086],[-111.2974,43.3976],[-111.2794,43.3867],[-111.2614,43.3757],[-111.2433,43.3647],[-111.2253,43.3537],[-111.2073,43.3428],[-111.1893,43.3318],[-111.1713,43.3208],[-111.1533,43.3098],[-111.1446,43.2931],[-111.136,43.2764],[-111.1274,43.2596],[-111.1187,43.2429],[-111.1101,43.2262],[-111.1014,43.2095],[-111.0928,43.1927],[-111.0842,43.176],[-111.0647,43.1752],[-111.0453,43.1744],[-111.0444,43.1742],[-111.0448,43.3585],[-111.0452,43.5428],[-111.0452,43.5433],[-111.0467,43.5441],[-111.0623,43.5569],[-111.0779,43.5697],[-111.0935,43.5826],[-111.1091,43.5954],[-111.136,43.5895],[-111.1628,43.5835],[-111.1896,43.5776],[-111.2165,43.5716],[-111.224,43.5849],[-111.2316,43.5981],[-111.2391,43.6113],[-111.2467,43.6246],[-111.264,43.6331],[-111.2812,43.6416],[-111.2985,43.6502],[-111.3158,43.6587]]]},"properties":{"OBJECTID":1163,"state":"Idaho","agency":"Idaho Fish and Game","unit_type":"GMU","unit_id":"67","unit_name":"Hunting Unit 67","unit_label":"Idaho GMU 67 - Hunting Unit 67","aliases":"2025 | 67 | 67 hunting unit 67 | game management unit | game management unit 67 | game management unit 67 hunting unit 67 | gmu | gmu 67 | gmu 67 hunting unit 67 | hunt unit | hunt unit 67 | hunt unit 67 hunting unit 67 | hunting unit | hunting unit 67 |","year":"2025","Shape_Length":181507.21242281896,"Shape_Area":1046631991.118099}},{"type":"Feature","id":1164,"geometry":{"type":"Polygon","coordinates":[[[-111.4419,43.4854],[-111.4334,43.5159],[-111.425,43.5465],[-111.439,43.555],[-111.4531,43.5635],[-111.4672,43.572],[-111.4813,43.5805],[-111.4954,43.5889],[-111.5094,43.5974],[-111.5235,43.6059],[-111.5376,43.6144],[-111.5597,43.6082],[-111.5817,43.602],[-111.6038,43.5958],[-111.6258,43.5896],[-111.6431,43.6024],[-111.6604,43.6153],[-111.6817,43.6145],[-111.703,43.6137],[-111.7243,43.6129],[-111.7456,43.6121],[-111.7669,43.6112],[-111.7882,43.6104],[-111.8095,43.6096],[-111.8308,43.6087],[-111.8559,43.6],[-111.8809,43.5913],[-111.9007,43.5788],[-111.9205,43.5662],[-111.9403,43.5537],[-111.9601,43.5411],[-111.9799,43.5286],[-111.9996,43.516],[-112.0194,43.5034],[-112.0391,43.4909],[-112.0479,43.4795],[-112.0567,43.4681],[-112.0655,43.4567],[-112.0742,43.4453],[-112.083,43.4339],[-112.0918,43.4226],[-112.1005,43.4112],[-112.1093,43.3998],[-112.1181,43.3884],[-112.1268,43.377],[-112.1356,43.3656],[-112.1443,43.3542],[-112.1531,43.3428],[-112.1618,43.3314],[-112.1706,43.32],[-112.1793,43.3086],[-112.1924,43.2987],[-112.2055,43.2887],[-112.2186,43.2787],[-112.2317,43.2688],[-112.2448,43.2588],[-112.2579,43.2488],[-112.271,43.2389],[-112.2841,43.2289],[-112.2972,43.2189],[-112.3103,43.209],[-112.3234,43.199],[-112.3365,43.189],[-112.3495,43.179],[-112.3626,43.169],[-112.3757,43.1591],[-112.3887,43.1491],[-112.3936,43.1174],[-112.3985,43.0856],[-112.4033,43.0539],[-112.4082,43.0222],[-112.3846,43.0266],[-112.361,43.0311],[-112.3374,43.0355],[-112.3138,43.0399],[-112.2918,43.0409],[-112.2697,43.0418],[-112.2476,43.0428],[-112.2256,43.0437],[-112.2035,43.0447],[-112.1814,43.0456],[-112.1593,43.0465],[-112.1373,43.0474],[-112.1179,43.0441],[-112.0986,43.0408],[-112.0792,43.0375],[-112.0599,43.0341],[-112.0406,43.0308],[-112.0212,43.0275],[-112.0019,43.0241],[-111.9825,43.0208],[-111.9686,43.0382],[-111.9546,43.0557],[-111.9272,43.0505],[-111.8999,43.0453],[-111.8725,43.0401],[-111.8452,43.035],[-111.8272,43.0194],[-111.8093,43.0039],[-111.7914,42.9883],[-111.7734,42.9728],[-111.7507,42.9831],[-111.7279,42.9935],[-111.7052,43.0038],[-111.6824,43.0142],[-111.672,43.0029],[-111.6617,42.9916],[-111.6513,42.9803],[-111.6409,42.969],[-111.6306,42.9576],[-111.6202,42.9463],[-111.6098,42.935],[-111.5995,42.9237],[-111.5819,42.9198],[-111.5644,42.9158],[-111.5468,42.9119],[-111.5292,42.9079],[-111.5157,42.9201],[-111.5021,42.9323],[-111.5045,42.972],[-111.5069,43.0117],[-111.504,43.0426],[-111.5011,43.0735],[-111.4982,43.1043],[-111.4953,43.1352],[-111.5088,43.1552],[-111.5223,43.1753],[-111.5358,43.1953],[-111.5493,43.2153],[-111.5282,43.2104],[-111.5071,43.2056],[-111.4906,43.2143],[-111.4742,43.2231],[-111.4577,43.2319],[-111.4412,43.2406],[-111.4462,43.2544],[-111.4513,43.2682],[-111.4629,43.2746],[-111.4746,43.281],[-111.4862,43.2874],[-111.4979,43.2938],[-111.5095,43.3002],[-111.5212,43.3066],[-111.5328,43.313],[-111.5445,43.3194],[-111.5545,43.3319],[-111.5646,43.3444],[-111.5746,43.3569],[-111.5847,43.3694],[-111.567,43.3729],[-111.5494,43.3763],[-111.5453,43.3943],[-111.5411,43.4122],[-111.5369,43.4302],[-111.5327,43.4481],[-111.51,43.4574],[-111.4873,43.4667],[-111.4646,43.476],[-111.4419,43.4854]]]},"properties":{"OBJECTID":1164,"state":"Idaho","agency":"Idaho Fish and Game","unit_type":"GMU","unit_id":"69","unit_name":"Hunting Unit 69","unit_label":"Idaho GMU 69 - Hunting Unit 69","aliases":"2025 | 69 | 69 hunting unit 69 | game management unit | game management unit 69 | game management unit 69 hunting unit 69 | gmu | gmu 69 | gmu 69 hunting unit 69 | hunt unit | hunt unit 69 | hunt unit 69 hunting unit 69 | hunting unit | hunting unit 69 |","year":"2025","Shape_Length":297239.18002606294,"Shape_Area":3711496524.991821}},{"type":"Feature","id":1165,"geometry":{"type":"Polygon","coordinates":[[[-114.6829,43.593],[-114.7055,43.6001],[-114.728,43.6072],[-114.7372,43.5957],[-114.7464,43.5842],[-114.7556,43.5727],[-114.7648,43.5611],[-114.774,43.5496],[-114.7832,43.5381],[-114.7924,43.5266],[-114.8016,43.5151],[-114.8208,43.5207],[-114.84,43.5264],[-114.8592,43.532],[-114.8784,43.5376],[-114.8953,43.5263],[-114.9122,43.5149],[-114.9291,43.5035],[-114.9461,43.4921],[-114.9593,43.4973],[-114.9726,43.5025],[-114.9858,43.5077],[-114.9991,43.5129],[-115.0123,43.5181],[-115.0256,43.5233],[-115.0388,43.5285],[-115.0521,43.5337],[-115.0599,43.5202],[-115.0677,43.5067],[-115.0755,43.4932],[-115.0833,43.4796],[-115.0973,43.4719],[-115.1113,43.4642],[-115.1253,43.4565],[-115.1393,43.4488],[-115.1533,43.4411],[-115.1673,43.4334],[-115.1813,43.4257],[-115.1953,43.418],[-115.2092,43.4229],[-115.2231,43.4279],[-115.237,43.4328],[-115.2509,43.4377],[-115.2686,43.4327],[-115.2862,43.4277],[-115.3039,43.4226],[-115.3215,43.4176],[-115.3391,43.4126],[-115.3568,43.4076],[-115.3744,43.4025],[-115.3921,43.3975],[-115.4114,43.3832],[-115.4308,43.369],[-115.4502,43.3547],[-115.4696,43.3404],[-115.4533,43.3252],[-115.4371,43.3099],[-115.4155,43.3128],[-115.3939,43.3157],[-115.3723,43.3186],[-115.3507,43.3214],[-115.3399,43.3094],[-115.329,43.2973],[-115.3119,43.3017],[-115.2947,43.306],[-115.2775,43.3103],[-115.2603,43.3146],[-115.2348,43.3126],[-115.2092,43.3107],[-115.1837,43.3086],[-115.1581,43.3066],[-115.1325,43.3046],[-115.107,43.3026],[-115.0814,43.3006],[-115.0559,43.2986],[-115.0434,43.3041],[-115.0309,43.3096],[-115.0184,43.3151],[-115.0059,43.3206],[-114.9935,43.3261],[-114.981,43.3317],[-114.9685,43.3372],[-114.956,43.3427],[-114.9256,43.3426],[-114.8951,43.3426],[-114.8647,43.3426],[-114.8343,43.3425],[-114.8039,43.3425],[-114.7735,43.3424],[-114.7431,43.3423],[-114.7126,43.3422],[-114.6904,43.3422],[-114.6681,43.3422],[-114.6459,43.3422],[-114.6236,43.3422],[-114.6013,43.3421],[-114.5791,43.3421],[-114.5568,43.3421],[-114.5346,43.342],[-114.528,43.3531],[-114.5214,43.3642],[-114.5149,43.3753],[-114.5083,43.3863],[-114.5017,43.3974],[-114.4951,43.4085],[-114.4885,43.4196],[-114.482,43.4307],[-114.4616,43.4403],[-114.4412,43.4499],[-114.4499,43.459],[-114.4587,43.4682],[-114.4674,43.4774],[-114.4761,43.4865],[-114.4975,43.4897],[-114.5189,43.4928],[-114.5404,43.4959],[-114.5618,43.499],[-114.568,43.514],[-114.5742,43.5289],[-114.5804,43.5439],[-114.5866,43.5589],[-114.6107,43.5674],[-114.6348,43.5759],[-114.6588,43.5845],[-114.6829,43.593]]]},"properties":{"OBJECTID":1165,"state":"Idaho","agency":"Idaho Fish and Game","unit_type":"GMU","unit_id":"44","unit_name":"Hunting Unit 44","unit_label":"Idaho GMU 44 - Hunting Unit 44","aliases":"2025 | 44 | 44 hunting unit 44 | game management unit | game management unit 44 | game management unit 44 hunting unit 44 | gmu | gmu 44 | gmu 44 hunting unit 44 | hunt unit | hunt unit 44 | hunt unit 44 hunting unit 44 | hunting unit | hunting unit 44 |","year":"2025","Shape_Length":206528.4431980113,"Shape_Area":1437389311.9081218}},{"type":"Feature","id":1166,"geometry":{"type":"Polygon","coordinates":[[[-111.4419,43.4854],[-111.4646,43.476],[-111.4873,43.4667],[-111.51,43.4574],[-111.5327,43.4481],[-111.5369,43.4302],[-111.5411,43.4122],[-111.5453,43.3943],[-111.5494,43.3763],[-111.567,43.3729],[-111.5847,43.3694],[-111.5746,43.3569],[-111.5646,43.3444],[-111.5545,43.3319],[-111.5445,43.3194],[-111.5328,43.313],[-111.5212,43.3066],[-111.5095,43.3002],[-111.4979,43.2938],[-111.4862,43.2874],[-111.4746,43.281],[-111.4629,43.2746],[-111.4513,43.2682],[-111.4462,43.2544],[-111.4412,43.2406],[-111.4577,43.2319],[-111.4742,43.2231],[-111.4906,43.2143],[-111.5071,43.2056],[-111.5282,43.2104],[-111.5493,43.2153],[-111.5358,43.1953],[-111.5223,43.1753],[-111.5088,43.1552],[-111.4953,43.1352],[-111.4712,43.1393],[-111.447,43.1434],[-111.4229,43.1474],[-111.3988,43.1515],[-111.3819,43.1501],[-111.365,43.1488],[-111.3481,43.1475],[-111.3313,43.1462],[-111.3144,43.1448],[-111.2975,43.1435],[-111.2807,43.1422],[-111.2638,43.1408],[-111.2436,43.1462],[-111.2235,43.1516],[-111.2033,43.157],[-111.1832,43.1624],[-111.163,43.1678],[-111.1429,43.1732],[-111.1227,43.1786],[-111.1025,43.184],[-111.0882,43.1737],[-111.0738,43.1635],[-111.0594,43.1532],[-111.045,43.1429],[-111.0443,43.1428],[-111.0444,43.174],[-111.0444,43.1742],[-111.0453,43.1744],[-111.0647,43.1752],[-111.0842,43.176],[-111.0928,43.1927],[-111.1014,43.2095],[-111.1101,43.2262],[-111.1187,43.2429],[-111.1274,43.2596],[-111.136,43.2764],[-111.1446,43.2931],[-111.1533,43.3098],[-111.1713,43.3208],[-111.1893,43.3318],[-111.2073,43.3428],[-111.2253,43.3537],[-111.2433,43.3647],[-111.2614,43.3757],[-111.2794,43.3867],[-111.2974,43.3976],[-111.3155,43.4086],[-111.3335,43.4196],[-111.3516,43.4306],[-111.3696,43.4415],[-111.3877,43.4525],[-111.4058,43.4634],[-111.4238,43.4744],[-111.4419,43.4854]]]},"properties":{"OBJECTID":1166,"state":"Idaho","agency":"Idaho Fish and Game","unit_type":"GMU","unit_id":"66","unit_name":"Hunting Unit 66","unit_label":"Idaho GMU 66 - Hunting Unit 66","aliases":"2025 | 66 | 66 hunting unit 66 | game management unit | game management unit 66 | game management unit 66 hunting unit 66 | gmu | gmu 66 | gmu 66 hunting unit 66 | hunt unit | hunt unit 66 | hunt unit 66 hunting unit 66 | hunting unit | hunting unit 66 |","year":"2025","Shape_Length":151329.4108934416,"Shape_Area":920002108.0764492}},{"type":"Feature","id":1167,"geometry":{"type":"Polygon","coordinates":[[[-112.0391,43.4909],[-112.0538,43.4967],[-112.0677,43.4855],[-112.0816,43.4743],[-112.0955,43.4631],[-112.1094,43.452],[-112.1233,43.4408],[-112.1371,43.4296],[-112.151,43.4184],[-112.1649,43.4072],[-112.1776,43.3943],[-112.1903,43.3814],[-112.203,43.3685],[-112.2157,43.3556],[-112.2284,43.3427],[-112.2411,43.3298],[-112.2538,43.3169],[-112.2665,43.3039],[-112.2792,43.291],[-112.2918,43.2781],[-112.3045,43.2652],[-112.3172,43.2523],[-112.3298,43.2394],[-112.3425,43.2265],[-112.3552,43.2135],[-112.3678,43.2006],[-112.3877,43.2002],[-112.4075,43.1998],[-112.4274,43.1993],[-112.4472,43.1989],[-112.4671,43.1985],[-112.487,43.1981],[-112.5068,43.1976],[-112.5267,43.1972],[-112.5389,43.1827],[-112.5511,43.1682],[-112.5632,43.1537],[-112.5754,43.1392],[-112.5876,43.1246],[-112.5998,43.1101],[-112.6119,43.0956],[-112.6241,43.0811],[-112.6462,43.0812],[-112.6684,43.0814],[-112.6906,43.0815],[-112.7128,43.0816],[-112.735,43.0817],[-112.7571,43.0818],[-112.7793,43.0819],[-112.8015,43.082],[-112.8051,43.0462],[-112.8087,43.0103],[-112.8139,42.9943],[-112.8191,42.9783],[-112.8242,42.9622],[-112.8294,42.9462],[-112.8346,42.9302],[-112.8397,42.9142],[-112.8449,42.8981],[-112.85,42.8821],[-112.8612,42.872],[-112.8725,42.862],[-112.8837,42.8519],[-112.8949,42.8418],[-112.8887,42.8099],[-112.8824,42.7781],[-112.8555,42.7854],[-112.8286,42.7927],[-112.8115,42.8065],[-112.7944,42.8203],[-112.7772,42.8341],[-112.7601,42.8479],[-112.7443,42.853],[-112.7285,42.8582],[-112.7128,42.8633],[-112.697,42.8684],[-112.6812,42.8735],[-112.6654,42.8786],[-112.6496,42.8837],[-112.6338,42.8888],[-112.6096,42.8947],[-112.5854,42.9006],[-112.5612,42.9064],[-112.5369,42.9123],[-112.5128,42.9125],[-112.4886,42.9126],[-112.4644,42.9127],[-112.4402,42.9128],[-112.4322,42.9401],[-112.4242,42.9675],[-112.4162,42.9948],[-112.4082,43.0222],[-112.4033,43.0539],[-112.3985,43.0856],[-112.3936,43.1174],[-112.3887,43.1491],[-112.3757,43.1591],[-112.3626,43.169],[-112.3495,43.179],[-112.3365,43.189],[-112.3234,43.199],[-112.3103,43.209],[-112.2972,43.2189],[-112.2841,43.2289],[-112.271,43.2389],[-112.2579,43.2488],[-112.2448,43.2588],[-112.2317,43.2688],[-112.2186,43.2787],[-112.2055,43.2887],[-112.1924,43.2987],[-112.1793,43.3086],[-112.1706,43.32],[-112.1618,43.3314],[-112.1531,43.3428],[-112.1443,43.3542],[-112.1356,43.3656],[-112.1268,43.377],[-112.1181,43.3884],[-112.1093,43.3998],[-112.1005,43.4112],[-112.0918,43.4226],[-112.083,43.4339],[-112.0742,43.4453],[-112.0655,43.4567],[-112.0567,43.4681],[-112.0479,43.4795],[-112.0391,43.4909]]]},"properties":{"OBJECTID":1167,"state":"Idaho","agency":"Idaho Fish and Game","unit_type":"GMU","unit_id":"68A","unit_name":"Hunting Unit 68A","unit_label":"Idaho GMU 68A - Hunting Unit 68A","aliases":"2025 | 68a | 68a hunting unit 68a | game management unit | game management unit 68a | game management unit 68a hunting unit 68a | gmu | gmu 68a | gmu 68a hunting unit 68a | hunt unit | hunt unit 68a | hunt unit 68a hunting unit 68a | hunting unit | hunti","year":"2025","Shape_Length":236137.57791521525,"Shape_Area":1149708381.4789615}},{"type":"Feature","id":1168,"geometry":{"type":"Polygon","coordinates":[[[-114.956,43.3427],[-114.9685,43.3372],[-114.981,43.3317],[-114.9935,43.3261],[-115.0059,43.3206],[-115.0184,43.3151],[-115.0309,43.3096],[-115.0434,43.3041],[-115.0559,43.2986],[-115.0814,43.3006],[-115.107,43.3026],[-115.1325,43.3046],[-115.1581,43.3066],[-115.1837,43.3086],[-115.2092,43.3107],[-115.2348,43.3126],[-115.2603,43.3146],[-115.2775,43.3103],[-115.2947,43.306],[-115.3119,43.3017],[-115.329,43.2973],[-115.3399,43.3094],[-115.3507,43.3214],[-115.3723,43.3186],[-115.3939,43.3157],[-115.4155,43.3128],[-115.4371,43.3099],[-115.4557,43.3015],[-115.4743,43.2931],[-115.4929,43.2848],[-115.5115,43.2764],[-115.5301,43.268],[-115.5487,43.2596],[-115.5673,43.2512],[-115.5858,43.2429],[-115.578,43.2318],[-115.5701,43.2208],[-115.5623,43.2097],[-115.5544,43.1987],[-115.5681,43.1913],[-115.5817,43.1839],[-115.5954,43.1765],[-115.6091,43.169],[-115.6228,43.1616],[-115.6364,43.1542],[-115.6501,43.1468],[-115.6637,43.1394],[-115.6905,43.1331],[-115.7173,43.1267],[-115.7169,43.0735],[-115.7283,43.0527],[-115.7398,43.032],[-115.7513,43.0112],[-115.7627,42.9905],[-115.757,42.9647],[-115.7514,42.9389],[-115.7356,42.9411],[-115.7198,42.9434],[-115.704,42.9457],[-115.6882,42.948],[-115.6724,42.9503],[-115.6566,42.9526],[-115.6408,42.9548],[-115.625,42.9571],[-115.6129,42.9481],[-115.6007,42.9391],[-115.5853,42.9379],[-115.5698,42.9367],[-115.5544,42.9354],[-115.5389,42.9342],[-115.5235,42.933],[-115.5081,42.9317],[-115.4926,42.9305],[-115.4772,42.9293],[-115.4612,42.9325],[-115.4452,42.9358],[-115.4293,42.9391],[-115.4133,42.9423],[-115.3973,42.9456],[-115.3813,42.9489],[-115.3654,42.9521],[-115.3494,42.9554],[-115.3324,42.9463],[-115.3153,42.9373],[-115.303,42.9452],[-115.2907,42.9531],[-115.2783,42.9611],[-115.266,42.969],[-115.2537,42.9769],[-115.2413,42.9848],[-115.229,42.9927],[-115.2166,43.0006],[-115.2041,42.9892],[-115.1916,42.9779],[-115.1791,42.9665],[-115.1665,42.9551],[-115.1396,42.9526],[-115.1127,42.9502],[-115.0857,42.9478],[-115.0588,42.9453],[-115.0318,42.9429],[-115.0049,42.9404],[-114.978,42.938],[-114.9511,42.9355],[-114.9416,42.9285],[-114.9154,42.928],[-114.8892,42.9274],[-114.863,42.9268],[-114.8368,42.9262],[-114.8106,42.9256],[-114.7844,42.925],[-114.7582,42.9244],[-114.7321,42.9238],[-114.713,42.9239],[-114.7129,42.9239],[-114.7135,43.016],[-114.7068,43.0297],[-114.7001,43.0433],[-114.6934,43.0569],[-114.6867,43.0705],[-114.68,43.0841],[-114.6733,43.0978],[-114.6666,43.1114],[-114.6599,43.125],[-114.6621,43.1548],[-114.6644,43.1846],[-114.6666,43.2144],[-114.6689,43.2442],[-114.6798,43.2687],[-114.6907,43.2932],[-114.7017,43.3177],[-114.7126,43.3422],[-114.7431,43.3423],[-114.7735,43.3424],[-114.8039,43.3425],[-114.8343,43.3425],[-114.8647,43.3426],[-114.8951,43.3426],[-114.9256,43.3426],[-114.956,43.3427]]]},"properties":{"OBJECTID":1168,"state":"Idaho","agency":"Idaho Fish and Game","unit_type":"GMU","unit_id":"45","unit_name":"Hunting Unit 45","unit_label":"Idaho GMU 45 - Hunting Unit 45","aliases":"2025 | 45 | 45 hunting unit 45 | game management unit | game management unit 45 | game management unit 45 hunting unit 45 | gmu | gmu 45 | gmu 45 hunting unit 45 | hunt unit | hunt unit 45 | hunt unit 45 hunting unit 45 | hunting unit | hunting unit 45 |","year":"2025","Shape_Length":259046.30522121725,"Shape_Area":3291185400.5646772}},{"type":"Feature","id":1169,"geometry":{"type":"Polygon","coordinates":[[[-114.5346,43.342],[-114.5568,43.3421],[-114.5791,43.3421],[-114.6013,43.3421],[-114.6236,43.3422],[-114.6459,43.3422],[-114.6681,43.3422],[-114.6904,43.3422],[-114.7126,43.3422],[-114.7017,43.3177],[-114.6907,43.2932],[-114.6798,43.2687],[-114.6689,43.2442],[-114.6666,43.2144],[-114.6644,43.1846],[-114.6621,43.1548],[-114.6599,43.125],[-114.6666,43.1114],[-114.6733,43.0978],[-114.68,43.0841],[-114.6867,43.0705],[-114.6934,43.0569],[-114.7001,43.0433],[-114.7068,43.0297],[-114.7135,43.016],[-114.7129,42.9239],[-114.7068,42.9239],[-114.6926,42.924],[-114.6702,42.9245],[-114.6479,42.925],[-114.6256,42.9256],[-114.6032,42.9261],[-114.5969,42.9272],[-114.577,42.9293],[-114.5572,42.9315],[-114.5373,42.9337],[-114.5175,42.9359],[-114.4976,42.938],[-114.4777,42.9402],[-114.4579,42.9424],[-114.438,42.9445],[-114.4224,42.94],[-114.4068,42.9354],[-114.3906,42.9361],[-114.3745,42.9367],[-114.3584,42.9374],[-114.3423,42.9381],[-114.3262,42.948],[-114.3101,42.958],[-114.294,42.9679],[-114.2779,42.9779],[-114.2618,42.9878],[-114.2457,42.9978],[-114.2296,43.0077],[-114.2135,43.0177],[-114.1973,43.0276],[-114.1812,43.0375],[-114.1651,43.0475],[-114.149,43.0574],[-114.1328,43.0673],[-114.1167,43.0773],[-114.1005,43.0872],[-114.0844,43.0971],[-114.0741,43.1139],[-114.0639,43.1307],[-114.0536,43.1475],[-114.0434,43.1642],[-114.0331,43.181],[-114.0228,43.1978],[-114.0126,43.2146],[-114.0023,43.2314],[-113.9883,43.2372],[-113.9744,43.2431],[-113.9604,43.2489],[-113.9465,43.2547],[-113.9458,43.3021],[-113.9624,43.2992],[-113.9791,43.2963],[-113.9957,43.2935],[-114.0123,43.2906],[-114.0287,43.2957],[-114.0451,43.3007],[-114.0614,43.3058],[-114.0778,43.3108],[-114.0942,43.3158],[-114.1106,43.3209],[-114.127,43.3259],[-114.1433,43.3309],[-114.1603,43.3311],[-114.1772,43.3312],[-114.1942,43.3314],[-114.2111,43.3315],[-114.2281,43.3316],[-114.245,43.3317],[-114.262,43.3319],[-114.2789,43.332],[-114.2949,43.3326],[-114.3109,43.3333],[-114.3269,43.3339],[-114.3428,43.3345],[-114.3588,43.3352],[-114.3748,43.3358],[-114.3908,43.3364],[-114.4067,43.3371],[-114.4227,43.3377],[-114.4387,43.3383],[-114.4547,43.3389],[-114.4706,43.3396],[-114.4866,43.3402],[-114.5026,43.3408],[-114.5186,43.3414],[-114.5346,43.342]]]},"properties":{"OBJECTID":1169,"state":"Idaho","agency":"Idaho Fish and Game","unit_type":"GMU","unit_id":"52","unit_name":"Hunting Unit 52","unit_label":"Idaho GMU 52 - Hunting Unit 52","aliases":"2025 | 52 | 52 hunting unit 52 | game management unit | game management unit 52 | game management unit 52 hunting unit 52 | gmu | gmu 52 | gmu 52 hunting unit 52 | hunt unit | hunt unit 52 | hunt unit 52 hunting unit 52 | hunting unit | hunting unit 52 |","year":"2025","Shape_Length":195814.7014393786,"Shape_Area":2121960197.4040494}},{"type":"Feature","id":1170,"geometry":{"type":"Polygon","coordinates":[[[-111.0443,43.1428],[-111.045,43.1429],[-111.0594,43.1532],[-111.0738,43.1635],[-111.0882,43.1737],[-111.1025,43.184],[-111.1227,43.1786],[-111.1429,43.1732],[-111.163,43.1678],[-111.1832,43.1624],[-111.2033,43.157],[-111.2235,43.1516],[-111.2436,43.1462],[-111.2638,43.1408],[-111.2807,43.1422],[-111.2975,43.1435],[-111.3144,43.1448],[-111.3313,43.1462],[-111.3481,43.1475],[-111.365,43.1488],[-111.3819,43.1501],[-111.3988,43.1515],[-111.4229,43.1474],[-111.447,43.1434],[-111.4712,43.1393],[-111.4953,43.1352],[-111.4982,43.1043],[-111.5011,43.0735],[-111.504,43.0426],[-111.5069,43.0117],[-111.4799,43.0059],[-111.4529,43.0001],[-111.426,42.9943],[-111.399,42.9884],[-111.372,42.9826],[-111.3451,42.9767],[-111.3181,42.9709],[-111.2912,42.965],[-111.2757,42.9668],[-111.2602,42.9686],[-111.2447,42.9703],[-111.2292,42.9721],[-111.2138,42.9739],[-111.1983,42.9756],[-111.1828,42.9774],[-111.1673,42.9791],[-111.1464,42.9919],[-111.1254,43.0048],[-111.1053,43.0026],[-111.0852,43.0005],[-111.0651,42.9984],[-111.0449,42.9963],[-111.0439,42.9963],[-111.0443,43.1428]]]},"properties":{"OBJECTID":1170,"state":"Idaho","agency":"Idaho Fish and Game","unit_type":"GMU","unit_id":"66A","unit_name":"Hunting Unit 66A","unit_label":"Idaho GMU 66A - Hunting Unit 66A","aliases":"2025 | 66a | 66a hunting unit 66a | game management unit | game management unit 66a | game management unit 66a hunting unit 66a | gmu | gmu 66a | gmu 66a hunting unit 66a | hunt unit | hunt unit 66a | hunt unit 66a hunting unit 66a | hunting unit | hunti","year":"2025","Shape_Length":109243.03804415006,"Shape_Area":691301503.7278668}},{"type":"Feature","id":1171,"geometry":{"type":"Polygon","coordinates":[[[-111.5292,42.9079],[-111.5468,42.9119],[-111.5644,42.9158],[-111.5819,42.9198],[-111.5995,42.9237],[-111.6098,42.935],[-111.6202,42.9463],[-111.6306,42.9576],[-111.6409,42.969],[-111.6513,42.9803],[-111.6617,42.9916],[-111.672,43.0029],[-111.6824,43.0142],[-111.7052,43.0038],[-111.7279,42.9935],[-111.7507,42.9831],[-111.7734,42.9728],[-111.7914,42.9883],[-111.8093,43.0039],[-111.8272,43.0194],[-111.8452,43.035],[-111.8725,43.0401],[-111.8999,43.0453],[-111.9272,43.0505],[-111.9546,43.0557],[-111.9686,43.0382],[-111.9825,43.0208],[-111.9858,42.9996],[-111.989,42.9785],[-111.9922,42.9574],[-111.9955,42.9363],[-111.9837,42.9195],[-111.972,42.9027],[-111.9603,42.886],[-111.9486,42.8692],[-111.9328,42.8674],[-111.917,42.8655],[-111.9011,42.8636],[-111.8853,42.8617],[-111.8849,42.7205],[-111.8655,42.7115],[-111.8462,42.7026],[-111.8269,42.6937],[-111.8075,42.6847],[-111.7882,42.6758],[-111.7689,42.6669],[-111.7496,42.6579],[-111.7303,42.649],[-111.7134,42.6497],[-111.6964,42.6504],[-111.6795,42.6511],[-111.6626,42.6518],[-111.6456,42.6526],[-111.6287,42.6533],[-111.6118,42.654],[-111.5949,42.6547],[-111.5873,42.6693],[-111.5797,42.6839],[-111.5721,42.6985],[-111.5645,42.7131],[-111.5638,42.8138],[-111.5552,42.8373],[-111.5466,42.8609],[-111.5379,42.8844],[-111.5292,42.9079]]]},"properties":{"OBJECTID":1171,"state":"Idaho","agency":"Idaho Fish and Game","unit_type":"GMU","unit_id":"72","unit_name":"Hunting Unit 72","unit_label":"Idaho GMU 72 - Hunting Unit 72","aliases":"2025 | 72 | 72 hunting unit 72 | game management unit | game management unit 72 | game management unit 72 hunting unit 72 | gmu | gmu 72 | gmu 72 hunting unit 72 | hunt unit | hunt unit 72 | hunt unit 72 hunting unit 72 | hunting unit | hunting unit 72 |","year":"2025","Shape_Length":143537.8152100971,"Shape_Area":1094706484.007574}},{"type":"Feature","id":1172,"geometry":{"type":"Polygon","coordinates":[[[-111.9825,43.0208],[-112.0019,43.0241],[-112.0212,43.0275],[-112.0406,43.0308],[-112.0599,43.0341],[-112.0792,43.0375],[-112.0986,43.0408],[-112.1179,43.0441],[-112.1373,43.0474],[-112.1593,43.0465],[-112.1814,43.0456],[-112.2035,43.0447],[-112.2256,43.0437],[-112.2476,43.0428],[-112.2697,43.0418],[-112.2918,43.0409],[-112.3138,43.0399],[-112.3374,43.0355],[-112.361,43.0311],[-112.3846,43.0266],[-112.4082,43.0222],[-112.4162,42.9948],[-112.4242,42.9675],[-112.4322,42.9401],[-112.4402,42.9128],[-112.4321,42.8928],[-112.424,42.8728],[-112.4159,42.8528],[-112.4078,42.8328],[-112.3963,42.8241],[-112.3847,42.8154],[-112.3732,42.8066],[-112.3616,42.7979],[-112.3453,42.796],[-112.3289,42.7941],[-112.3126,42.7923],[-112.2963,42.7904],[-112.2799,42.7885],[-112.2636,42.7866],[-112.2473,42.7847],[-112.2309,42.7828],[-112.2261,42.7523],[-112.2212,42.7219],[-112.2164,42.6914],[-112.2115,42.6609],[-112.2014,42.6526],[-112.1913,42.6443],[-112.1811,42.636],[-112.171,42.6277],[-112.1493,42.6271],[-112.1275,42.6265],[-112.1058,42.6258],[-112.0841,42.6252],[-112.0623,42.6246],[-112.0406,42.624],[-112.0189,42.6233],[-111.9972,42.6227],[-112.0029,42.6418],[-112.0086,42.6609],[-112.0144,42.6799],[-112.0201,42.699],[-112.0074,42.7161],[-111.9946,42.7333],[-111.9818,42.7504],[-111.969,42.7675],[-111.948,42.7558],[-111.9269,42.744],[-111.9059,42.7322],[-111.8849,42.7205],[-111.8853,42.8617],[-111.9011,42.8636],[-111.917,42.8655],[-111.9328,42.8674],[-111.9486,42.8692],[-111.9603,42.886],[-111.972,42.9027],[-111.9837,42.9195],[-111.9955,42.9363],[-111.9922,42.9574],[-111.989,42.9785],[-111.9858,42.9996],[-111.9825,43.0208]]]},"properties":{"OBJECTID":1172,"state":"Idaho","agency":"Idaho Fish and Game","unit_type":"GMU","unit_id":"71","unit_name":"Hunting Unit 71","unit_label":"Idaho GMU 71 - Hunting Unit 71","aliases":"2025 | 71 | 71 hunting unit 71 | game management unit | game management unit 71 | game management unit 71 hunting unit 71 | gmu | gmu 71 | gmu 71 hunting unit 71 | hunt unit | hunt unit 71 | hunt unit 71 hunting unit 71 | hunting unit | hunting unit 71 |","year":"2025","Shape_Length":170953.60134509022,"Shape_Area":1401699134.9757154}},{"type":"Feature","id":1173,"geometry":{"type":"Polygon","coordinates":[[[-111.3884,42.0642],[-111.3935,42.0483],[-111.3986,42.0324],[-111.4037,42.0166],[-111.4087,42.0007],[-111.4087,42.0005],[-111.3861,42.0006],[-111.3635,42.0007],[-111.3409,42.0008],[-111.3183,42.0009],[-111.2957,42.001],[-111.2732,42.0011],[-111.2506,42.0012],[-111.228,42.0012],[-111.2054,42.0013],[-111.1828,42.0014],[-111.1602,42.0014],[-111.1376,42.0015],[-111.115,42.0016],[-111.0924,42.0016],[-111.0698,42.0016],[-111.0472,42.0017],[-111.0468,42.0017],[-111.0463,42.5166],[-111.0457,42.6365],[-111.0451,42.7564],[-111.0445,42.8764],[-111.0439,42.9963],[-111.0449,42.9963],[-111.0651,42.9984],[-111.0852,43.0005],[-111.1053,43.0026],[-111.1254,43.0048],[-111.1464,42.9919],[-111.1673,42.9791],[-111.1828,42.9774],[-111.1983,42.9756],[-111.2138,42.9739],[-111.2292,42.9721],[-111.2447,42.9703],[-111.2602,42.9686],[-111.2757,42.9668],[-111.2912,42.965],[-111.3181,42.9709],[-111.3451,42.9767],[-111.372,42.9826],[-111.399,42.9884],[-111.426,42.9943],[-111.4529,43.0001],[-111.4799,43.0059],[-111.5069,43.0117],[-111.5045,42.972],[-111.5021,42.9323],[-111.5157,42.9201],[-111.5292,42.9079],[-111.5379,42.8844],[-111.5466,42.8609],[-111.5552,42.8373],[-111.5638,42.8138],[-111.5645,42.7131],[-111.5721,42.6985],[-111.5797,42.6839],[-111.5873,42.6693],[-111.5949,42.6547],[-111.5778,42.6494],[-111.5608,42.644],[-111.5438,42.6387],[-111.5268,42.6334],[-111.5115,42.6202],[-111.4961,42.607],[-111.4807,42.5938],[-111.4654,42.5805],[-111.45,42.5673],[-111.4347,42.5541],[-111.4193,42.5409],[-111.404,42.5277],[-111.3973,42.5162],[-111.3907,42.5047],[-111.384,42.4932],[-111.3773,42.4817],[-111.3707,42.4703],[-111.364,42.4588],[-111.3574,42.4473],[-111.3507,42.4358],[-111.3441,42.4243],[-111.3374,42.4128],[-111.3308,42.4013],[-111.3241,42.3898],[-111.3175,42.3783],[-111.3109,42.3668],[-111.3042,42.3554],[-111.2976,42.3439],[-111.3102,42.337],[-111.3228,42.3301],[-111.3354,42.3232],[-111.348,42.3162],[-111.3606,42.3093],[-111.3732,42.3024],[-111.3858,42.2955],[-111.3984,42.2886],[-111.3959,42.2325],[-111.3934,42.1764],[-111.3909,42.1203],[-111.3884,42.0642]]]},"properties":{"OBJECTID":1173,"state":"Idaho","agency":"Idaho Fish and Game","unit_type":"GMU","unit_id":"76","unit_name":"Hunting Unit 76","unit_label":"Idaho GMU 76 - Hunting Unit 76","aliases":"2025 | 76 | 76 hunting unit 76 | game management unit | game management unit 76 | game management unit 76 hunting unit 76 | gmu | gmu 76 | gmu 76 hunting unit 76 | hunt unit | hunt unit 76 | hunt unit 76 hunting unit 76 | hunting unit | hunting unit 76 |","year":"2025","Shape_Length":308598.9174899469,"Shape_Area":3604394066.1510053}},{"type":"Feature","id":1174,"geometry":{"type":"Polygon","coordinates":[[[-115.9117,42.9767],[-115.9368,42.9698],[-115.9618,42.9628],[-115.9869,42.9558],[-116.0119,42.9488],[-116.0333,42.9604],[-116.0546,42.972],[-116.0759,42.9835],[-116.0973,42.9951],[-116.0873,42.9825],[-116.0773,42.9698],[-116.0809,42.9402],[-116.0844,42.9107],[-116.088,42.8811],[-116.0916,42.8516],[-116.1087,42.8449],[-116.1258,42.8383],[-116.1429,42.8317],[-116.16,42.825],[-116.1771,42.8184],[-116.1942,42.8117],[-116.2113,42.8051],[-116.2284,42.7985],[-116.2462,42.7873],[-116.2641,42.7761],[-116.2819,42.7649],[-116.2998,42.7537],[-116.3176,42.7425],[-116.3355,42.7314],[-116.3533,42.7202],[-116.3711,42.709],[-116.3565,42.7006],[-116.342,42.6923],[-116.3274,42.684],[-116.3129,42.6757],[-116.3033,42.6603],[-116.2937,42.645],[-116.2841,42.6296],[-116.2746,42.6143],[-116.2789,42.5686],[-116.2661,42.5519],[-116.2533,42.5352],[-116.2405,42.5185],[-116.2277,42.5017],[-116.2394,42.4814],[-116.251,42.461],[-116.2627,42.4406],[-116.2744,42.4203],[-116.286,42.3999],[-116.2977,42.3795],[-116.3093,42.3592],[-116.321,42.3388],[-116.3331,42.3276],[-116.3453,42.3163],[-116.3574,42.3051],[-116.3695,42.2939],[-116.3816,42.2826],[-116.3937,42.2714],[-116.4058,42.2602],[-116.4179,42.249],[-116.4301,42.2377],[-116.4422,42.2265],[-116.4542,42.2153],[-116.4663,42.204],[-116.4784,42.1928],[-116.4905,42.1815],[-116.5026,42.1703],[-116.5147,42.1591],[-116.5261,42.1389],[-116.5376,42.1188],[-116.5491,42.0986],[-116.5606,42.0785],[-116.572,42.0583],[-116.5835,42.0381],[-116.5949,42.018],[-116.6063,41.9978],[-116.5836,41.9977],[-116.567,41.9976],[-116.5504,41.9975],[-116.5338,41.9974],[-116.5172,41.9973],[-116.4972,41.9972],[-116.4771,41.9972],[-116.4571,41.9971],[-116.437,41.997],[-116.417,41.997],[-116.3969,41.9969],[-116.3769,41.9968],[-116.3568,41.9967],[-116.3374,41.997],[-116.318,41.9972],[-116.3081,41.9972],[-116.2862,41.9973],[-116.2685,41.9974],[-116.2508,41.9975],[-116.233,41.9975],[-116.2151,41.9976],[-116.1973,41.9976],[-116.1794,41.9977],[-116.1782,41.9977],[-116.1694,41.9976],[-116.1496,41.9976],[-116.1333,41.9977],[-116.1289,41.9977],[-116.1208,41.9976],[-116.1188,41.9976],[-116.1008,41.9976],[-116.0829,41.9975],[-116.0787,41.9975],[-116.072,41.9975],[-116.0473,41.9975],[-116.0226,41.9974],[-115.9979,41.9974],[-115.9732,41.9973],[-115.9485,41.9973],[-115.9238,41.9972],[-115.8991,41.9972],[-115.8744,41.9971],[-115.8557,41.9971],[-115.8371,41.9971],[-115.8184,41.9971],[-115.7997,41.997],[-115.7811,41.997],[-115.7624,41.997],[-115.7437,41.997],[-115.7251,41.9969],[-115.7116,41.9968],[-115.696,41.9969],[-115.6805,41.9969],[-115.6649,41.9969],[-115.6494,41.9969],[-115.6494,41.9969],[-115.6491,41.9971],[-115.6491,41.9972],[-115.6343,42.0112],[-115.6397,42.0247],[-115.645,42.0383],[-115.6504,42.0519],[-115.6557,42.0655],[-115.6611,42.0791],[-115.6665,42.0927],[-115.6718,42.1062],[-115.6772,42.1198],[-115.6829,42.163],[-115.6886,42.2063],[-115.6943,42.2495],[-115.7,42.2927],[-115.6839,42.3066],[-115.6678,42.3204],[-115.6516,42.3342],[-115.6355,42.3481],[-115.6353,42.3481],[-115.6351,42.3482],[-115.6349,42.3483],[-115.6347,42.3484],[-115.6347,42.3485],[-115.6347,42.3486],[-115.6347,42.3488],[-115.6297,42.374],[-115.6248,42.3991],[-115.6198,42.4242],[-115.6148,42.4493],[-115.6099,42.4745],[-115.6049,42.4996],[-115.5999,42.5247],[-115.5949,42.5499],[-115.6132,42.5533],[-115.6314,42.5567],[-115.6405,42.569],[-115.6497,42.5813],[-115.6588,42.5935],[-115.668,42.6058],[-115.6771,42.6181],[-115.6863,42.6303],[-115.6954,42.6426],[-115.7046,42.6549],[-115.6903,42.6721],[-115.676,42.6893],[-115.6897,42.7076],[-115.7034,42.726],[-115.7172,42.7443],[-115.7309,42.7626],[-115.7232,42.7745],[-115.7155,42.7864],[-115.7258,42.7982],[-115.7361,42.8099],[-115.7464,42.8217],[-115.7567,42.8334],[-115.767,42.8451],[-115.7773,42.8569],[-115.7877,42.8686],[-115.798,42.8804],[-115.7863,42.8946],[-115.7747,42.9088],[-115.763,42.923],[-115.7514,42.9372],[-115.762,42.946],[-115.7726,42.9547],[-115.7832,42.9634],[-115.7938,42.9721],[-115.8233,42.9733],[-115.8527,42.9745],[-115.8822,42.9756],[-115.9117,42.9767]]]},"properties":{"OBJECTID":1174,"state":"Idaho","agency":"Idaho Fish and Game","unit_type":"GMU","unit_id":"41","unit_name":"Hunting Unit 41","unit_label":"Idaho GMU 41 - Hunting Unit 41","aliases":"2025 | 41 | 41 hunting unit 41 | game management unit | game management unit 41 | game management unit 41 hunting unit 41 | gmu | gmu 41 | gmu 41 hunting unit 41 | hunt unit | hunt unit 41 | hunt unit 41 hunting unit 41 | hunting unit | hunting unit 41 |","year":"2025","Shape_Length":364734.50005427375,"Shape_Area":5708488653.002775}},{"type":"Feature","id":1175,"geometry":{"type":"Polygon","coordinates":[[[-115.1665,42.9551],[-115.1791,42.9665],[-115.1916,42.9779],[-115.2041,42.9892],[-115.2166,43.0006],[-115.229,42.9927],[-115.2413,42.9848],[-115.2537,42.9769],[-115.266,42.969],[-115.2783,42.9611],[-115.2907,42.9531],[-115.303,42.9452],[-115.3153,42.9373],[-115.3324,42.9463],[-115.3494,42.9554],[-115.3654,42.9521],[-115.3813,42.9489],[-115.3973,42.9456],[-115.4133,42.9423],[-115.4293,42.9391],[-115.4452,42.9358],[-115.4612,42.9325],[-115.4772,42.9293],[-115.4926,42.9305],[-115.5081,42.9317],[-115.5235,42.933],[-115.5389,42.9342],[-115.5544,42.9354],[-115.5698,42.9367],[-115.5853,42.9379],[-115.6007,42.9391],[-115.6129,42.9481],[-115.625,42.9571],[-115.6408,42.9548],[-115.6566,42.9526],[-115.6724,42.9503],[-115.6882,42.948],[-115.704,42.9457],[-115.7198,42.9434],[-115.7356,42.9411],[-115.7514,42.9389],[-115.7514,42.9372],[-115.763,42.923],[-115.7747,42.9088],[-115.7863,42.8946],[-115.798,42.8804],[-115.7877,42.8686],[-115.7773,42.8569],[-115.767,42.8451],[-115.7567,42.8334],[-115.7464,42.8217],[-115.7361,42.8099],[-115.7258,42.7982],[-115.7155,42.7864],[-115.7232,42.7745],[-115.7309,42.7626],[-115.7172,42.7443],[-115.7034,42.726],[-115.6897,42.7076],[-115.676,42.6893],[-115.6903,42.6721],[-115.7046,42.6549],[-115.6954,42.6426],[-115.6863,42.6303],[-115.6771,42.6181],[-115.668,42.6058],[-115.6588,42.5935],[-115.6497,42.5813],[-115.6405,42.569],[-115.6314,42.5567],[-115.6132,42.5533],[-115.5949,42.5499],[-115.5999,42.5247],[-115.6049,42.4996],[-115.6099,42.4745],[-115.6148,42.4493],[-115.6198,42.4242],[-115.6248,42.3991],[-115.6297,42.374],[-115.6347,42.3488],[-115.6347,42.3488],[-115.6347,42.3486],[-115.6347,42.3485],[-115.6347,42.3485],[-115.6347,42.3484],[-115.6349,42.3483],[-115.635,42.3482],[-115.6351,42.3482],[-115.6353,42.3481],[-115.6355,42.3481],[-115.6516,42.3342],[-115.6678,42.3204],[-115.6839,42.3066],[-115.7,42.2927],[-115.6943,42.2495],[-115.6886,42.2063],[-115.6829,42.163],[-115.6772,42.1198],[-115.6718,42.1062],[-115.6665,42.0927],[-115.6611,42.0791],[-115.6557,42.0655],[-115.6504,42.0519],[-115.645,42.0383],[-115.6397,42.0247],[-115.6343,42.0112],[-115.6491,41.9972],[-115.6491,41.9971],[-115.6494,41.9969],[-115.6494,41.9969],[-115.6191,41.9969],[-115.5889,41.9969],[-115.5667,41.9969],[-115.5445,41.9968],[-115.5224,41.9968],[-115.5002,41.9967],[-115.4781,41.9967],[-115.4559,41.9966],[-115.4338,41.9966],[-115.4116,41.9965],[-115.4064,42.0097],[-115.4011,42.0229],[-115.3958,42.0361],[-115.3906,42.0493],[-115.3906,42.0494],[-115.3792,42.0395],[-115.3678,42.0297],[-115.3564,42.0199],[-115.345,42.0101],[-115.331,42.02],[-115.317,42.03],[-115.303,42.0399],[-115.289,42.0499],[-115.275,42.0598],[-115.261,42.0697],[-115.247,42.0797],[-115.233,42.0896],[-115.2084,42.085],[-115.1837,42.0805],[-115.159,42.0759],[-115.1344,42.0713],[-115.1212,42.0768],[-115.108,42.0823],[-115.0948,42.0878],[-115.0816,42.0933],[-115.0684,42.0988],[-115.0552,42.1043],[-115.042,42.1097],[-115.0288,42.1152],[-115.0219,42.1388],[-115.0087,42.1452],[-114.9954,42.1515],[-114.9822,42.1579],[-114.9689,42.1642],[-114.9557,42.1705],[-114.9424,42.1769],[-114.9291,42.1832],[-114.9159,42.1896],[-114.9,42.1925],[-114.8841,42.1954],[-114.8683,42.1983],[-114.8524,42.2012],[-114.8365,42.2041],[-114.8206,42.207],[-114.8047,42.2099],[-114.7888,42.2128],[-114.7644,42.2132],[-114.74,42.2135],[-114.7155,42.2139],[-114.6911,42.2143],[-114.6667,42.2147],[-114.6422,42.215],[-114.6178,42.2154],[-114.5934,42.2157],[-114.584,42.233],[-114.5747,42.2502],[-114.5748,42.5637],[-114.6015,42.5705],[-114.6282,42.5774],[-114.6549,42.5842],[-114.6816,42.591],[-114.7001,42.5931],[-114.7187,42.5952],[-114.7372,42.5973],[-114.7557,42.5994],[-114.7742,42.6015],[-114.7928,42.6036],[-114.8113,42.6056],[-114.8298,42.6077],[-114.8402,42.6168],[-114.8506,42.6259],[-114.8506,42.7453],[-114.8709,42.7509],[-114.8913,42.7566],[-114.9116,42.7622],[-114.9319,42.7678],[-114.9242,42.7904],[-114.9165,42.813],[-114.9087,42.8356],[-114.901,42.8582],[-114.915,42.8719],[-114.929,42.8855],[-114.943,42.8992],[-114.957,42.9128],[-114.9821,42.9116],[-115.0071,42.9104],[-115.0322,42.9091],[-115.0573,42.9079],[-115.0824,42.9066],[-115.1075,42.9053],[-115.1326,42.9041],[-115.1577,42.9028],[-115.1621,42.9289],[-115.1665,42.9551]]]},"properties":{"OBJECTID":1175,"state":"Idaho","agency":"Idaho Fish and Game","unit_type":"GMU","unit_id":"46","unit_name":"Hunting Unit 46","unit_label":"Idaho GMU 46 - Hunting Unit 46","aliases":"2025 | 46 | 46 hunting unit 46 | game management unit | game management unit 46 | game management unit 46 hunting unit 46 | gmu | gmu 46 | gmu 46 hunting unit 46 | hunt unit | hunt unit 46 | hunt unit 46 hunting unit 46 | hunting unit | hunting unit 46 |","year":"2025","Shape_Length":398652.7199390041,"Shape_Area":7419785341.69573}},{"type":"Feature","id":1176,"geometry":{"type":"Polygon","coordinates":[[[-112.2115,42.6609],[-112.2164,42.6914],[-112.2212,42.7219],[-112.2261,42.7523],[-112.2309,42.7828],[-112.2473,42.7847],[-112.2636,42.7866],[-112.2799,42.7885],[-112.2963,42.7904],[-112.3126,42.7923],[-112.3289,42.7941],[-112.3453,42.796],[-112.3616,42.7979],[-112.3732,42.8066],[-112.3847,42.8154],[-112.3963,42.8241],[-112.4078,42.8328],[-112.4159,42.8528],[-112.424,42.8728],[-112.4321,42.8928],[-112.4402,42.9128],[-112.4644,42.9127],[-112.4886,42.9126],[-112.5128,42.9125],[-112.5369,42.9123],[-112.5612,42.9064],[-112.5854,42.9006],[-112.6096,42.8947],[-112.6338,42.8888],[-112.6292,42.8311],[-112.6247,42.7735],[-112.6193,42.7512],[-112.6139,42.7289],[-112.6084,42.7067],[-112.603,42.6844],[-112.5976,42.6621],[-112.5922,42.6399],[-112.5868,42.6176],[-112.5814,42.5953],[-112.5681,42.5798],[-112.5547,42.5644],[-112.5389,42.5745],[-112.523,42.5846],[-112.5071,42.5947],[-112.4912,42.6048],[-112.4745,42.6003],[-112.4578,42.5958],[-112.4411,42.5913],[-112.4244,42.5868],[-112.4077,42.5823],[-112.391,42.5778],[-112.3743,42.5733],[-112.3576,42.5688],[-112.3339,42.5715],[-112.3103,42.5743],[-112.2866,42.577],[-112.2629,42.5798],[-112.242,42.5766],[-112.2211,42.5734],[-112.2002,42.5703],[-112.1794,42.5671],[-112.1874,42.5905],[-112.1954,42.614],[-112.2035,42.6375],[-112.2115,42.6609]]]},"properties":{"OBJECTID":1176,"state":"Idaho","agency":"Idaho Fish and Game","unit_type":"GMU","unit_id":"70","unit_name":"Hunting Unit 70","unit_label":"Idaho GMU 70 - Hunting Unit 70","aliases":"2025 | 70 | 70 hunting unit 70 | game management unit | game management unit 70 | game management unit 70 hunting unit 70 | gmu | gmu 70 | gmu 70 hunting unit 70 | hunt unit | hunt unit 70 | hunt unit 70 hunting unit 70 | hunting unit | hunting unit 70 |","year":"2025","Shape_Length":136658.59510163372,"Shape_Area":982698219.9190134}},{"type":"Feature","id":1177,"geometry":{"type":"Polygon","coordinates":[[[-112.5547,42.5644],[-112.5681,42.5798],[-112.5814,42.5953],[-112.5868,42.6176],[-112.5922,42.6399],[-112.5976,42.6621],[-112.603,42.6844],[-112.6084,42.7067],[-112.6139,42.7289],[-112.6193,42.7512],[-112.6247,42.7735],[-112.6292,42.8311],[-112.6338,42.8888],[-112.6496,42.8837],[-112.6654,42.8786],[-112.6812,42.8735],[-112.697,42.8684],[-112.7128,42.8633],[-112.7285,42.8582],[-112.7443,42.853],[-112.7601,42.8479],[-112.7772,42.8341],[-112.7944,42.8203],[-112.8115,42.8065],[-112.8286,42.7927],[-112.8414,42.7819],[-112.8542,42.771],[-112.867,42.7602],[-112.8798,42.7493],[-112.8802,42.6701],[-112.8801,42.6698],[-112.8797,42.6688],[-112.8726,42.6579],[-112.8655,42.6469],[-112.8649,42.6462],[-112.8646,42.6457],[-112.8643,42.6446],[-112.8643,42.6397],[-112.8643,42.6177],[-112.8641,42.6172],[-112.8639,42.6166],[-112.8633,42.6146],[-112.863,42.6135],[-112.8634,42.6124],[-112.8656,42.611],[-112.8672,42.6101],[-112.874,42.6031],[-112.8748,42.6021],[-112.8836,42.5973],[-112.8836,42.5968],[-112.8837,42.5962],[-112.8831,42.5925],[-112.8826,42.5916],[-112.8822,42.5908],[-112.8819,42.5902],[-112.8817,42.5894],[-112.8814,42.5884],[-112.8813,42.5873],[-112.8814,42.5858],[-112.8816,42.5851],[-112.8816,42.5848],[-112.8817,42.5845],[-112.8819,42.5839],[-112.882,42.5833],[-112.882,42.582],[-112.8818,42.5815],[-112.8818,42.5815],[-112.8815,42.5809],[-112.8804,42.5797],[-112.8799,42.5794],[-112.8781,42.5786],[-112.8779,42.5784],[-112.8758,42.5754],[-112.8759,42.574],[-112.8759,42.5732],[-112.8735,42.5662],[-112.872,42.5639],[-112.8692,42.5521],[-112.8687,42.5513],[-112.8682,42.5507],[-112.8676,42.55],[-112.8676,42.55],[-112.867,42.5493],[-112.8642,42.5407],[-112.864,42.5401],[-112.8636,42.5395],[-112.8574,42.5303],[-112.8566,42.5289],[-112.8556,42.5275],[-112.8552,42.527],[-112.8522,42.5254],[-112.8512,42.5252],[-112.8498,42.5249],[-112.8493,42.5249],[-112.8467,42.5245],[-112.8442,42.523],[-112.8439,42.5226],[-112.8412,42.511],[-112.8412,42.5098],[-112.8401,42.5025],[-112.8401,42.5017],[-112.8395,42.4959],[-112.84,42.4944],[-112.8403,42.4936],[-112.8407,42.4923],[-112.8412,42.4906],[-112.8417,42.4836],[-112.8416,42.4827],[-112.8411,42.4806],[-112.8403,42.4786],[-112.8335,42.4715],[-112.8323,42.4705],[-112.8316,42.47],[-112.831,42.4695],[-112.8287,42.4663],[-112.8279,42.4653],[-112.8256,42.4573],[-112.8257,42.4553],[-112.8256,42.4387],[-112.8257,42.4375],[-112.8257,42.434],[-112.8257,42.4289],[-112.8257,42.4263],[-112.8278,42.3999],[-112.8289,42.3986],[-112.8307,42.3928],[-112.8307,42.3918],[-112.8297,42.3548],[-112.829,42.3541],[-112.828,42.3525],[-112.826,42.3498],[-112.824,42.3478],[-112.8201,42.342],[-112.819,42.3398],[-112.8174,42.3379],[-112.8165,42.337],[-112.8157,42.3362],[-112.8136,42.3338],[-112.813,42.333],[-112.8113,42.3304],[-112.8055,42.3224],[-112.8042,42.3206],[-112.8028,42.3188],[-112.8024,42.3182],[-112.8014,42.3168],[-112.8004,42.3154],[-112.7998,42.3145],[-112.7996,42.3142],[-112.7989,42.3132],[-112.7982,42.3122],[-112.7965,42.3097],[-112.7952,42.3076],[-112.7938,42.3057],[-112.7932,42.3048],[-112.788,42.2978],[-112.7872,42.2969],[-112.7851,42.295],[-112.7843,42.294],[-112.7823,42.2912],[-112.7819,42.2905],[-112.7814,42.2896],[-112.7813,42.2885],[-112.7799,42.2854],[-112.7794,42.2846],[-112.7781,42.2834],[-112.7772,42.2829],[-112.7766,42.2825],[-112.7764,42.2824],[-112.7751,42.2815],[-112.7744,42.2812],[-112.7698,42.2773],[-112.7696,42.2768],[-112.7695,42.2766],[-112.7689,42.2756],[-112.7666,42.2714],[-112.7663,42.2707],[-112.7655,42.2692],[-112.7654,42.2691],[-112.7652,42.2687],[-112.7643,42.2669],[-112.7641,42.2666],[-112.7624,42.263],[-112.7622,42.2612],[-112.7618,42.2595],[-112.7612,42.2587],[-112.7605,42.2577],[-112.7603,42.2573],[-112.7599,42.2566],[-112.7597,42.2564],[-112.7576,42.2536],[-112.757,42.2533],[-112.7539,42.2515],[-112.7538,42.2512],[-112.7538,42.2511],[-112.7532,42.25],[-112.7528,42.2494],[-112.7525,42.2486],[-112.7524,42.2479],[-112.7521,42.247],[-112.7518,42.2462],[-112.7514,42.2456],[-112.7509,42.2441],[-112.7501,42.2431],[-112.7499,42.2429],[-112.7495,42.2424],[-112.7491,42.2419],[-112.7488,42.2416],[-112.7484,42.2409],[-112.7479,42.2403],[-112.7461,42.2385],[-112.7453,42.2374],[-112.745,42.2363],[-112.7444,42.2353],[-112.7437,42.2346],[-112.7421,42.2333],[-112.7354,42.2303],[-112.7343,42.2299],[-112.7316,42.2285],[-112.7291,42.2265],[-112.7283,42.2259],[-112.7245,42.2237],[-112.723,42.2229],[-112.7213,42.2219],[-112.72,42.2211],[-112.7191,42.2206],[-112.7179,42.2199],[-112.7171,42.2196],[-112.7043,42.2152],[-112.7027,42.2142],[-112.7008,42.2129],[-112.6999,42.2122],[-112.6991,42.2115],[-112.6926,42.2061],[-112.6919,42.2055],[-112.6913,42.205],[-112.6907,42.2045],[-112.6901,42.204],[-112.6887,42.2032],[-112.6874,42.2026],[-112.6821,42.1998],[-112.6821,42.1998],[-112.6704,42.1866],[-112.6692,42.1852],[-112.6565,42.1687],[-112.6559,42.1683],[-112.6374,42.1762],[-112.6189,42.1842],[-112.6004,42.1921],[-112.5819,42.2001],[-112.5925,42.2141],[-112.603,42.228],[-112.6136,42.242],[-112.6242,42.256],[-112.6194,42.277],[-112.6147,42.2981],[-112.6099,42.3192],[-112.6051,42.3402],[-112.5929,42.3564],[-112.5806,42.3725],[-112.5684,42.3886],[-112.5562,42.4048],[-112.5547,42.5644]]]},"properties":{"OBJECTID":1177,"state":"Idaho","agency":"Idaho Fish and Game","unit_type":"GMU","unit_id":"73A","unit_name":"Hunting Unit 73A","unit_label":"Idaho GMU 73A - Hunting Unit 73A","aliases":"2025 | 73a | 73a hunting unit 73a | game management unit | game management unit 73a | game management unit 73a hunting unit 73a | gmu | gmu 73a | gmu 73a hunting unit 73a | hunt unit | hunt unit 73a | hunt unit 73a hunting unit 73a | hunting unit | hunti","year":"2025","Shape_Length":185583.88746906872,"Shape_Area":1445079906.8765996}},{"type":"Feature","id":1178,"geometry":{"type":"Polygon","coordinates":[[[-111.8849,42.7205],[-111.9059,42.7322],[-111.9269,42.744],[-111.948,42.7558],[-111.969,42.7675],[-111.9818,42.7504],[-111.9946,42.7333],[-112.0074,42.7161],[-112.0201,42.699],[-112.0144,42.6799],[-112.0086,42.6609],[-112.0029,42.6418],[-111.9972,42.6227],[-112.0189,42.6233],[-112.0406,42.624],[-112.0623,42.6246],[-112.0841,42.6252],[-112.1058,42.6258],[-112.1275,42.6265],[-112.1493,42.6271],[-112.171,42.6277],[-112.1811,42.636],[-112.1913,42.6443],[-112.2014,42.6526],[-112.2115,42.6609],[-112.2035,42.6375],[-112.1954,42.614],[-112.1874,42.5905],[-112.1794,42.5671],[-112.1744,42.5345],[-112.1695,42.5019],[-112.1628,42.4907],[-112.156,42.4796],[-112.1492,42.4684],[-112.1425,42.4572],[-112.1357,42.4461],[-112.129,42.4349],[-112.1222,42.4237],[-112.1155,42.4126],[-112.1021,42.4041],[-112.0888,42.3956],[-112.0755,42.3871],[-112.0622,42.3786],[-112.0523,42.3676],[-112.0425,42.3566],[-112.0326,42.3457],[-112.0228,42.3347],[-112.013,42.3237],[-112.0031,42.3128],[-111.9933,42.3018],[-111.9835,42.2908],[-111.9768,42.2796],[-111.9701,42.2683],[-111.9634,42.2571],[-111.9567,42.2458],[-111.9501,42.2346],[-111.9434,42.2233],[-111.9367,42.2121],[-111.93,42.2008],[-111.9234,42.1896],[-111.9167,42.1784],[-111.91,42.1671],[-111.9034,42.1559],[-111.8967,42.1446],[-111.8901,42.1334],[-111.8834,42.1221],[-111.8767,42.1109],[-111.8767,42.1109],[-111.8637,42.1201],[-111.8506,42.1292],[-111.8376,42.1384],[-111.8245,42.1476],[-111.8301,42.1673],[-111.8357,42.187],[-111.8355,42.1875],[-111.8405,42.2147],[-111.8454,42.2419],[-111.835,42.2528],[-111.8245,42.2637],[-111.814,42.2746],[-111.8036,42.2855],[-111.7931,42.2963],[-111.7826,42.3072],[-111.7721,42.3181],[-111.7616,42.329],[-111.7369,42.3384],[-111.7122,42.3478],[-111.7194,42.379],[-111.7266,42.4101],[-111.7284,42.5295],[-111.7303,42.649],[-111.7496,42.6579],[-111.7689,42.6669],[-111.7882,42.6758],[-111.8075,42.6847],[-111.8269,42.6937],[-111.8462,42.7026],[-111.8655,42.7115],[-111.8849,42.7205]]]},"properties":{"OBJECTID":1178,"state":"Idaho","agency":"Idaho Fish and Game","unit_type":"GMU","unit_id":"74","unit_name":"Hunting Unit 74","unit_label":"Idaho GMU 74 - Hunting Unit 74","aliases":"2025 | 74 | 74 hunting unit 74 | game management unit | game management unit 74 | game management unit 74 hunting unit 74 | gmu | gmu 74 | gmu 74 hunting unit 74 | hunt unit | hunt unit 74 | hunt unit 74 hunting unit 74 | hunting unit | hunting unit 74 |","year":"2025","Shape_Length":195569.77536259752,"Shape_Area":1561289908.0234067}},{"type":"Feature","id":1179,"geometry":{"type":"Polygon","coordinates":[[[-112.8802,42.6701],[-112.8798,42.7493],[-112.8959,42.7375],[-112.912,42.7258],[-112.9281,42.714],[-112.9442,42.7023],[-112.9603,42.6905],[-112.9764,42.6787],[-112.9924,42.667],[-113.0085,42.6552],[-113.0294,42.6489],[-113.0502,42.6425],[-113.0711,42.6362],[-113.092,42.6299],[-113.1128,42.6235],[-113.1337,42.6172],[-113.1546,42.6108],[-113.1754,42.6045],[-113.1968,42.6024],[-113.2182,42.6002],[-113.2395,42.5981],[-113.2609,42.596],[-113.2822,42.5939],[-113.3036,42.5918],[-113.325,42.5896],[-113.3463,42.5875],[-113.3677,42.5854],[-113.389,42.5832],[-113.4104,42.5811],[-113.4317,42.5789],[-113.4531,42.5768],[-113.4744,42.5746],[-113.4958,42.5725],[-113.5171,42.5703],[-113.5052,42.5635],[-113.4934,42.5567],[-113.4815,42.5499],[-113.4696,42.543],[-113.4578,42.5362],[-113.4459,42.5294],[-113.434,42.5225],[-113.4222,42.5157],[-113.4075,42.5001],[-113.3927,42.4844],[-113.378,42.4687],[-113.3633,42.4531],[-113.3496,42.4415],[-113.3359,42.4299],[-113.3221,42.4184],[-113.3084,42.4068],[-113.2947,42.3952],[-113.281,42.3837],[-113.2673,42.3721],[-113.2536,42.3605],[-113.2399,42.3489],[-113.2262,42.3374],[-113.2125,42.3258],[-113.1988,42.3142],[-113.1852,42.3026],[-113.1715,42.291],[-113.1578,42.2795],[-113.1442,42.2679],[-113.1295,42.2595],[-113.1148,42.2511],[-113.1001,42.2428],[-113.0855,42.2344],[-113.0708,42.226],[-113.0561,42.2176],[-113.0415,42.2092],[-113.0268,42.2009],[-113.0115,42.1824],[-112.9962,42.1639],[-112.9809,42.1454],[-112.9657,42.1269],[-112.949,42.111],[-112.9324,42.0951],[-112.9158,42.0791],[-112.8992,42.0632],[-112.8826,42.0473],[-112.866,42.0313],[-112.8494,42.0154],[-112.8328,41.9994],[-112.8328,41.9994],[-112.8288,41.9995],[-112.8179,41.9995],[-112.8018,41.9996],[-112.7858,41.9997],[-112.7646,41.9998],[-112.7434,41.9999],[-112.721,42.0],[-112.7006,42.0002],[-112.7004,42.0002],[-112.7001,42.0004],[-112.698,42.0019],[-112.6978,42.002],[-112.6976,42.0021],[-112.6975,42.0022],[-112.6972,42.0024],[-112.6965,42.0029],[-112.6953,42.0042],[-112.6953,42.0043],[-112.6952,42.0074],[-112.693,42.0579],[-112.6928,42.058],[-112.6757,42.0581],[-112.6603,42.0582],[-112.6601,42.0583],[-112.6587,42.0586],[-112.6587,42.0586],[-112.6568,42.0598],[-112.6567,42.0599],[-112.6563,42.0617],[-112.6559,42.1679],[-112.6565,42.1687],[-112.6692,42.1852],[-112.6704,42.1866],[-112.6821,42.1998],[-112.6821,42.1998],[-112.6874,42.2026],[-112.6887,42.2032],[-112.6901,42.204],[-112.6907,42.2045],[-112.6913,42.205],[-112.6919,42.2055],[-112.6926,42.2061],[-112.6991,42.2115],[-112.6999,42.2122],[-112.7008,42.2129],[-112.7027,42.2142],[-112.7043,42.2152],[-112.7171,42.2196],[-112.7179,42.2199],[-112.7191,42.2206],[-112.72,42.2211],[-112.7213,42.2219],[-112.723,42.2229],[-112.7245,42.2237],[-112.7283,42.2259],[-112.7291,42.2265],[-112.7316,42.2285],[-112.7343,42.2299],[-112.7354,42.2303],[-112.7421,42.2333],[-112.7437,42.2346],[-112.7444,42.2353],[-112.745,42.2363],[-112.7453,42.2374],[-112.7461,42.2385],[-112.7479,42.2403],[-112.7484,42.2409],[-112.7488,42.2416],[-112.7491,42.2419],[-112.7495,42.2424],[-112.7499,42.2429],[-112.7501,42.2431],[-112.7509,42.2441],[-112.7514,42.2456],[-112.7518,42.2462],[-112.7521,42.247],[-112.7524,42.2479],[-112.7525,42.2486],[-112.7528,42.2494],[-112.7532,42.25],[-112.7538,42.2511],[-112.7538,42.2512],[-112.7539,42.2515],[-112.757,42.2533],[-112.7576,42.2536],[-112.7597,42.2564],[-112.7599,42.2566],[-112.7603,42.2573],[-112.7605,42.2577],[-112.7612,42.2587],[-112.7618,42.2595],[-112.7622,42.2612],[-112.7624,42.263],[-112.7641,42.2666],[-112.7643,42.2669],[-112.7652,42.2687],[-112.7654,42.2691],[-112.7655,42.2692],[-112.7663,42.2707],[-112.7666,42.2714],[-112.7689,42.2756],[-112.7695,42.2766],[-112.7696,42.2768],[-112.7698,42.2773],[-112.7744,42.2812],[-112.7751,42.2815],[-112.7764,42.2824],[-112.7766,42.2825],[-112.7772,42.2829],[-112.7781,42.2834],[-112.7794,42.2846],[-112.7799,42.2854],[-112.7813,42.2885],[-112.7814,42.2896],[-112.7819,42.2905],[-112.7823,42.2912],[-112.7843,42.294],[-112.7851,42.295],[-112.7872,42.2969],[-112.788,42.2978],[-112.7932,42.3048],[-112.7938,42.3057],[-112.7952,42.3076],[-112.7965,42.3097],[-112.7982,42.3122],[-112.7989,42.3132],[-112.7996,42.3142],[-112.7998,42.3145],[-112.8004,42.3154],[-112.8014,42.3168],[-112.8024,42.3182],[-112.8028,42.3188],[-112.8042,42.3206],[-112.8055,42.3224],[-112.8113,42.3304],[-112.813,42.333],[-112.8136,42.3338],[-112.8157,42.3362],[-112.8165,42.337],[-112.8174,42.3379],[-112.819,42.3398],[-112.8201,42.342],[-112.824,42.3478],[-112.826,42.3498],[-112.828,42.3525],[-112.829,42.3541],[-112.8297,42.3548],[-112.8307,42.3918],[-112.8307,42.3928],[-112.8289,42.3986],[-112.8278,42.3999],[-112.8257,42.4263],[-112.8257,42.4289],[-112.8257,42.434],[-112.8257,42.4375],[-112.8256,42.4387],[-112.8257,42.4553],[-112.8256,42.4573],[-112.8279,42.4653],[-112.8287,42.4663],[-112.831,42.4695],[-112.8316,42.47],[-112.8323,42.4705],[-112.8335,42.4715],[-112.8403,42.4786],[-112.8411,42.4806],[-112.8416,42.4827],[-112.8417,42.4836],[-112.8412,42.4906],[-112.8407,42.4923],[-112.8403,42.4936],[-112.84,42.4944],[-112.8395,42.4959],[-112.8401,42.5017],[-112.8401,42.5025],[-112.8412,42.5098],[-112.8412,42.511],[-112.8439,42.5226],[-112.8442,42.523],[-112.8467,42.5245],[-112.8493,42.5249],[-112.8498,42.5249],[-112.8512,42.5252],[-112.8522,42.5254],[-112.8552,42.527],[-112.8556,42.5275],[-112.8566,42.5289],[-112.8574,42.5303],[-112.8636,42.5395],[-112.864,42.5401],[-112.8642,42.5407],[-112.867,42.5493],[-112.8676,42.55],[-112.8676,42.55],[-112.8682,42.5507],[-112.8687,42.5513],[-112.8692,42.5521],[-112.872,42.5639],[-112.8735,42.5662],[-112.8759,42.5732],[-112.8759,42.574],[-112.8758,42.5754],[-112.8779,42.5784],[-112.8781,42.5786],[-112.8799,42.5794],[-112.8804,42.5797],[-112.8815,42.5809],[-112.8818,42.5815],[-112.8818,42.5815],[-112.882,42.582],[-112.882,42.5833],[-112.8819,42.5839],[-112.8817,42.5845],[-112.8816,42.5848],[-112.8816,42.5851],[-112.8814,42.5858],[-112.8813,42.5873],[-112.8814,42.5884],[-112.8817,42.5894],[-112.8819,42.5902],[-112.8822,42.5908],[-112.8826,42.5916],[-112.8831,42.5925],[-112.8837,42.5962],[-112.8836,42.5968],[-112.8836,42.5973],[-112.8748,42.6021],[-112.874,42.6031],[-112.8672,42.6101],[-112.8656,42.611],[-112.8634,42.6124],[-112.863,42.6135],[-112.8633,42.6146],[-112.8639,42.6166],[-112.8641,42.6172],[-112.8643,42.6177],[-112.8643,42.6397],[-112.8643,42.6446],[-112.8646,42.6457],[-112.8649,42.6462],[-112.8655,42.6469],[-112.8726,42.6579],[-112.8797,42.6688],[-112.8801,42.6698],[-112.8802,42.6701]]]},"properties":{"OBJECTID":1179,"state":"Idaho","agency":"Idaho Fish and Game","unit_type":"GMU","unit_id":"56","unit_name":"Hunting Unit 56","unit_label":"Idaho GMU 56 - Hunting Unit 56","aliases":"2025 | 56 | 56 hunting unit 56 | game management unit | game management unit 56 | game management unit 56 hunting unit 56 | gmu | gmu 56 | gmu 56 hunting unit 56 | hunt unit | hunt unit 56 | hunt unit 56 hunting unit 56 | hunting unit | hunting unit 56 |","year":"2025","Shape_Length":248578.19082054516,"Shape_Area":2379059583.936973}},{"type":"Feature","id":1180,"geometry":{"type":"Polygon","coordinates":[[[-116.6063,41.9978],[-116.5949,42.018],[-116.5835,42.0381],[-116.572,42.0583],[-116.5606,42.0785],[-116.5491,42.0986],[-116.5376,42.1188],[-116.5261,42.1389],[-116.5147,42.1591],[-116.5026,42.1703],[-116.4905,42.1815],[-116.4784,42.1928],[-116.4663,42.204],[-116.4542,42.2153],[-116.4422,42.2265],[-116.4301,42.2377],[-116.4179,42.249],[-116.4058,42.2602],[-116.3937,42.2714],[-116.3816,42.2826],[-116.3695,42.2939],[-116.3574,42.3051],[-116.3453,42.3163],[-116.3331,42.3276],[-116.321,42.3388],[-116.3093,42.3592],[-116.2977,42.3795],[-116.286,42.3999],[-116.2744,42.4203],[-116.2627,42.4406],[-116.251,42.461],[-116.2394,42.4814],[-116.2277,42.5017],[-116.2405,42.5185],[-116.2533,42.5352],[-116.2661,42.5519],[-116.2789,42.5686],[-116.2746,42.6143],[-116.2841,42.6296],[-116.2937,42.645],[-116.3033,42.6603],[-116.3129,42.6757],[-116.3274,42.684],[-116.342,42.6923],[-116.3565,42.7006],[-116.3711,42.709],[-116.3836,42.6999],[-116.3961,42.6909],[-116.4086,42.6818],[-116.4211,42.6728],[-116.4336,42.6637],[-116.446,42.6547],[-116.4585,42.6456],[-116.471,42.6366],[-116.4844,42.63],[-116.4978,42.6234],[-116.5112,42.6168],[-116.5246,42.6102],[-116.538,42.6037],[-116.5514,42.5971],[-116.5648,42.5905],[-116.5782,42.5839],[-116.5982,42.585],[-116.6181,42.5862],[-116.638,42.5873],[-116.6579,42.5884],[-116.6725,42.5827],[-116.6871,42.5769],[-116.7017,42.5711],[-116.7163,42.5653],[-116.7309,42.5595],[-116.7455,42.5537],[-116.76,42.5479],[-116.7746,42.5422],[-116.7904,42.5392],[-116.8061,42.5362],[-116.8218,42.5332],[-116.8376,42.5302],[-116.8533,42.5272],[-116.869,42.5242],[-116.8848,42.5212],[-116.9005,42.5182],[-116.9117,42.5253],[-116.923,42.5325],[-116.9342,42.5396],[-116.9454,42.5467],[-116.9566,42.5539],[-116.9679,42.561],[-116.9791,42.5681],[-116.9903,42.5752],[-117.0084,42.5711],[-117.0264,42.567],[-117.0264,42.5666],[-117.0265,42.5602],[-117.0265,42.5593],[-117.0266,42.4754],[-117.0266,42.4564],[-117.0266,42.4253],[-117.0267,42.4219],[-117.0266,42.4191],[-117.0266,42.357],[-117.0266,42.321],[-117.0266,42.3194],[-117.0267,42.3155],[-117.0266,42.3097],[-117.0266,42.2904],[-117.0266,42.2792],[-117.0266,42.2747],[-117.0265,42.1554],[-117.0264,42.1462],[-117.0265,42.1438],[-117.0266,42.1416],[-117.0265,42.1366],[-117.0265,42.1287],[-117.0265,42.1271],[-117.0265,42.122],[-117.0264,42.1161],[-117.0264,42.1049],[-117.0264,42.1036],[-117.0264,42.1025],[-117.0263,42.0556],[-117.0263,42.055],[-117.0263,42.0544],[-117.0263,42.0003],[-117.0225,41.9999],[-117.0183,41.9995],[-116.9971,41.9994],[-116.9758,41.9992],[-116.9545,41.9991],[-116.9332,41.9989],[-116.9087,41.9988],[-116.8841,41.9988],[-116.8596,41.9987],[-116.8351,41.9986],[-116.8086,41.9986],[-116.8,41.9985],[-116.7805,41.9985],[-116.761,41.9984],[-116.7392,41.9982],[-116.713,41.9981],[-116.7051,41.9982],[-116.6977,41.9981],[-116.6714,41.998],[-116.6451,41.9979],[-116.6257,41.9979],[-116.6063,41.9978]]]},"properties":{"OBJECTID":1180,"state":"Idaho","agency":"Idaho Fish and Game","unit_type":"GMU","unit_id":"42","unit_name":"Hunting Unit 42","unit_label":"Idaho GMU 42 - Hunting Unit 42","aliases":"2025 | 42 | 42 hunting unit 42 | game management unit | game management unit 42 | game management unit 42 hunting unit 42 | gmu | gmu 42 | gmu 42 hunting unit 42 | hunt unit | hunt unit 42 | hunt unit 42 hunting unit 42 | hunting unit | hunting unit 42 |","year":"2025","Shape_Length":252890.9246991818,"Shape_Area":3457611208.1749444}},{"type":"Feature","id":1181,"geometry":{"type":"Polygon","coordinates":[[[-111.7122,42.3478],[-111.7055,42.3346],[-111.6987,42.3214],[-111.692,42.3082],[-111.6852,42.295],[-111.6852,42.2952],[-111.6851,42.2954],[-111.6759,42.3036],[-111.6668,42.3118],[-111.6668,42.3118],[-111.6629,42.3141],[-111.6625,42.3142],[-111.6457,42.3108],[-111.6288,42.3075],[-111.6139,42.3203],[-111.599,42.3331],[-111.5841,42.3458],[-111.5692,42.3586],[-111.5691,42.3586],[-111.5681,42.3587],[-111.5528,42.3729],[-111.5273,42.3689],[-111.5017,42.3649],[-111.4888,42.3554],[-111.4759,42.3458],[-111.463,42.3363],[-111.45,42.3268],[-111.4371,42.3172],[-111.4242,42.3077],[-111.4113,42.2981],[-111.3984,42.2886],[-111.3858,42.2955],[-111.3732,42.3024],[-111.3606,42.3093],[-111.348,42.3162],[-111.3354,42.3232],[-111.3228,42.3301],[-111.3102,42.337],[-111.2976,42.3439],[-111.3042,42.3554],[-111.3109,42.3668],[-111.3175,42.3783],[-111.3241,42.3898],[-111.3308,42.4013],[-111.3374,42.4128],[-111.3441,42.4243],[-111.3507,42.4358],[-111.3574,42.4473],[-111.364,42.4588],[-111.3707,42.4703],[-111.3773,42.4817],[-111.384,42.4932],[-111.3907,42.5047],[-111.3973,42.5162],[-111.404,42.5277],[-111.4193,42.5409],[-111.4347,42.5541],[-111.45,42.5673],[-111.4654,42.5805],[-111.4807,42.5938],[-111.4961,42.607],[-111.5115,42.6202],[-111.5268,42.6334],[-111.5438,42.6387],[-111.5608,42.644],[-111.5778,42.6494],[-111.5949,42.6547],[-111.6118,42.654],[-111.6287,42.6533],[-111.6456,42.6526],[-111.6626,42.6518],[-111.6795,42.6511],[-111.6964,42.6504],[-111.7134,42.6497],[-111.7303,42.649],[-111.7284,42.5295],[-111.7266,42.4101],[-111.7194,42.379],[-111.7122,42.3478]]]},"properties":{"OBJECTID":1181,"state":"Idaho","agency":"Idaho Fish and Game","unit_type":"GMU","unit_id":"75","unit_name":"Hunting Unit 75","unit_label":"Idaho GMU 75 - Hunting Unit 75","aliases":"2025 | 75 | 75 hunting unit 75 | game management unit | game management unit 75 | game management unit 75 hunting unit 75 | gmu | gmu 75 | gmu 75 hunting unit 75 | hunt unit | hunt unit 75 | hunt unit 75 hunting unit 75 | hunting unit | hunting unit 75 |","year":"2025","Shape_Length":136916.09842757724,"Shape_Area":968023775.4748046}},{"type":"Feature","id":1182,"geometry":{"type":"Polygon","coordinates":[[[-111.8767,42.1109],[-111.8834,42.1221],[-111.8901,42.1334],[-111.8967,42.1446],[-111.9034,42.1559],[-111.91,42.1671],[-111.9167,42.1784],[-111.9234,42.1896],[-111.93,42.2008],[-111.9367,42.2121],[-111.9434,42.2233],[-111.9501,42.2346],[-111.9567,42.2458],[-111.9634,42.2571],[-111.9701,42.2683],[-111.9768,42.2796],[-111.9835,42.2908],[-111.9933,42.3018],[-112.0031,42.3128],[-112.013,42.3237],[-112.0228,42.3347],[-112.0326,42.3457],[-112.0425,42.3566],[-112.0523,42.3676],[-112.0622,42.3786],[-112.0755,42.3871],[-112.0888,42.3956],[-112.1021,42.4041],[-112.1155,42.4126],[-112.1222,42.4237],[-112.129,42.4349],[-112.1357,42.4461],[-112.1425,42.4572],[-112.1492,42.4684],[-112.156,42.4796],[-112.1628,42.4907],[-112.1695,42.5019],[-112.1744,42.5345],[-112.1794,42.5671],[-112.2002,42.5703],[-112.2211,42.5734],[-112.242,42.5766],[-112.2629,42.5798],[-112.2866,42.577],[-112.3103,42.5743],[-112.3339,42.5715],[-112.3576,42.5688],[-112.3743,42.5733],[-112.391,42.5778],[-112.4077,42.5823],[-112.4244,42.5868],[-112.4411,42.5913],[-112.4578,42.5958],[-112.4745,42.6003],[-112.4912,42.6048],[-112.5071,42.5947],[-112.523,42.5846],[-112.5389,42.5745],[-112.5547,42.5644],[-112.5562,42.4048],[-112.5684,42.3886],[-112.5806,42.3725],[-112.5929,42.3564],[-112.6051,42.3402],[-112.6099,42.3192],[-112.6147,42.2981],[-112.6194,42.277],[-112.6242,42.256],[-112.6136,42.242],[-112.603,42.228],[-112.5925,42.2141],[-112.5819,42.2001],[-112.6004,42.1921],[-112.6189,42.1842],[-112.6374,42.1762],[-112.6559,42.1683],[-112.6559,42.1679],[-112.6563,42.0617],[-112.6567,42.0599],[-112.6568,42.0598],[-112.6587,42.0586],[-112.6587,42.0586],[-112.6601,42.0583],[-112.6603,42.0582],[-112.6757,42.0581],[-112.6928,42.058],[-112.693,42.0579],[-112.6952,42.0074],[-112.6953,42.0043],[-112.6953,42.0042],[-112.6965,42.0029],[-112.6972,42.0024],[-112.6975,42.0022],[-112.6976,42.0021],[-112.6978,42.002],[-112.698,42.0019],[-112.7001,42.0004],[-112.7004,42.0002],[-112.6848,42.0003],[-112.6691,42.0004],[-112.6534,42.0004],[-112.6377,42.0005],[-112.6221,42.0005],[-112.6064,42.0006],[-112.5907,42.0006],[-112.5751,42.0007],[-112.5594,42.0007],[-112.5437,42.0007],[-112.5281,42.0008],[-112.5124,42.0008],[-112.4967,42.0009],[-112.4811,42.0009],[-112.4654,42.0009],[-112.4497,42.001],[-112.434,42.001],[-112.4184,42.001],[-112.4027,42.001],[-112.387,42.0011],[-112.3714,42.0011],[-112.3557,42.0011],[-112.34,42.0011],[-112.3244,42.0011],[-112.3087,42.0012],[-112.293,42.0012],[-112.2773,42.0012],[-112.2617,42.0012],[-112.246,42.0012],[-112.2303,42.0012],[-112.2147,42.0012],[-112.199,42.0012],[-112.1985,42.0012],[-112.1774,41.9979],[-112.1471,41.9978],[-112.1169,41.9976],[-112.0991,41.9977],[-112.0899,41.9978],[-112.0824,41.9977],[-112.0776,41.9977],[-112.0511,41.998],[-112.033,41.9982],[-112.0148,41.9984],[-112.0122,41.9984],[-112.0114,41.9984],[-111.9832,41.9984],[-111.9551,41.9984],[-111.9274,41.9985],[-111.8997,41.9986],[-111.8942,41.9986],[-111.8739,41.9986],[-111.8535,41.9987],[-111.8332,41.9987],[-111.8129,41.9988],[-111.8128,41.9989],[-111.8128,41.999],[-111.8176,42.0537],[-111.8324,42.068],[-111.8472,42.0823],[-111.862,42.0966],[-111.8767,42.1109],[-111.8767,42.1109]]]},"properties":{"OBJECTID":1182,"state":"Idaho","agency":"Idaho Fish and Game","unit_type":"GMU","unit_id":"73","unit_name":"Hunting Unit 73","unit_label":"Idaho GMU 73 - Hunting Unit 73","aliases":"2025 | 73 | 73 hunting unit 73 | game management unit | game management unit 73 | game management unit 73 hunting unit 73 | gmu | gmu 73 | gmu 73 hunting unit 73 | hunt unit | hunt unit 73 | hunt unit 73 hunting unit 73 | hunting unit | hunting unit 73 |","year":"2025","Shape_Length":249869.98440296532,"Shape_Area":3233805580.971805}},{"type":"Feature","id":1183,"geometry":{"type":"Polygon","coordinates":[[[-113.7933,42.5381],[-113.8175,42.5369],[-113.8418,42.5357],[-113.866,42.5345],[-113.8903,42.5334],[-113.9051,42.5227],[-113.9198,42.5121],[-113.9345,42.5015],[-113.9493,42.4909],[-113.9703,42.4875],[-113.9914,42.4841],[-114.0125,42.4807],[-114.0335,42.4773],[-114.0363,42.4759],[-114.0538,42.4758],[-114.0712,42.4757],[-114.0886,42.4756],[-114.1061,42.4755],[-114.1235,42.4754],[-114.141,42.4753],[-114.1584,42.4752],[-114.1759,42.4751],[-114.1872,42.4896],[-114.1985,42.5041],[-114.2098,42.5186],[-114.2212,42.5331],[-114.2376,42.5332],[-114.2541,42.5332],[-114.2705,42.5333],[-114.287,42.5334],[-114.3035,42.5334],[-114.3199,42.5335],[-114.3364,42.5335],[-114.3528,42.5336],[-114.3806,42.5374],[-114.4083,42.5412],[-114.436,42.5449],[-114.4638,42.5487],[-114.4915,42.5525],[-114.5193,42.5562],[-114.547,42.56],[-114.5748,42.5637],[-114.5747,42.2502],[-114.584,42.233],[-114.5934,42.2157],[-114.6111,42.2041],[-114.6288,42.1924],[-114.6466,42.1808],[-114.6643,42.1691],[-114.6702,42.1538],[-114.6762,42.1385],[-114.6822,42.1233],[-114.6882,42.108],[-114.6834,42.0802],[-114.6787,42.0524],[-114.674,42.0246],[-114.6693,41.9968],[-114.6485,41.9962],[-114.6277,41.9957],[-114.6069,41.9951],[-114.5861,41.9946],[-114.5669,41.9945],[-114.5477,41.9944],[-114.5229,41.9945],[-114.4981,41.9946],[-114.4683,41.9946],[-114.4385,41.9945],[-114.4086,41.9945],[-114.3788,41.9944],[-114.362,41.9944],[-114.3451,41.9944],[-114.3282,41.9944],[-114.3113,41.9944],[-114.2848,41.9944],[-114.2584,41.9943],[-114.232,41.9942],[-114.2055,41.9941],[-114.1763,41.9941],[-114.1536,41.994],[-114.1309,41.9939],[-114.1082,41.9938],[-114.0854,41.9936],[-114.0627,41.9935],[-114.04,41.9934],[-114.0172,41.9933],[-113.9945,41.9932],[-113.9902,41.993],[-113.9901,41.9931],[-113.9785,42.009],[-113.9669,42.0249],[-113.9553,42.0407],[-113.9437,42.0566],[-113.932,42.0725],[-113.9204,42.0884],[-113.9088,42.1042],[-113.8971,42.1201],[-113.8931,42.1789],[-113.8891,42.2377],[-113.8851,42.2965],[-113.8811,42.3553],[-113.8702,42.3675],[-113.8592,42.3797],[-113.8483,42.3919],[-113.8373,42.4042],[-113.8264,42.4164],[-113.8154,42.4286],[-113.8045,42.4409],[-113.7935,42.4531],[-113.7933,42.5381]]]},"properties":{"OBJECTID":1183,"state":"Idaho","agency":"Idaho Fish and Game","unit_type":"GMU","unit_id":"54","unit_name":"Hunting Unit 54","unit_label":"Idaho GMU 54 - Hunting Unit 54","aliases":"2025 | 54 | 54 hunting unit 54 | game management unit | game management unit 54 | game management unit 54 hunting unit 54 | gmu | gmu 54 | gmu 54 hunting unit 54 | hunt unit | hunt unit 54 | hunt unit 54 hunting unit 54 | hunting unit | hunting unit 54 |","year":"2025","Shape_Length":257653.43771033545,"Shape_Area":3528826937.991025}},{"type":"Feature","id":1184,"geometry":{"type":"Polygon","coordinates":[[[-113.4261,42.5126],[-113.441,42.5192],[-113.4559,42.5258],[-113.4707,42.5324],[-113.4856,42.539],[-113.5104,42.5361],[-113.5352,42.5332],[-113.5601,42.5303],[-113.5849,42.5274],[-113.6097,42.5245],[-113.6345,42.5216],[-113.6593,42.5187],[-113.684,42.5157],[-113.7113,42.5213],[-113.7387,42.5269],[-113.766,42.5325],[-113.7933,42.5381],[-113.7935,42.4531],[-113.8045,42.4409],[-113.8154,42.4286],[-113.8264,42.4164],[-113.8373,42.4042],[-113.8483,42.3919],[-113.8592,42.3797],[-113.8702,42.3675],[-113.8811,42.3553],[-113.8851,42.2965],[-113.8891,42.2377],[-113.8931,42.1789],[-113.8971,42.1201],[-113.9088,42.1042],[-113.9204,42.0884],[-113.932,42.0725],[-113.9437,42.0566],[-113.9553,42.0407],[-113.9669,42.0249],[-113.9785,42.009],[-113.9901,41.9931],[-113.9902,41.993],[-113.9878,41.993],[-113.9579,41.9913],[-113.9328,41.99],[-113.9093,41.99],[-113.8857,41.99],[-113.8622,41.9899],[-113.8387,41.9899],[-113.8151,41.9899],[-113.7916,41.9899],[-113.7681,41.9898],[-113.7445,41.9898],[-113.7152,41.9902],[-113.6858,41.9907],[-113.66,41.991],[-113.6596,41.991],[-113.6509,41.9912],[-113.6243,41.9915],[-113.6071,41.9917],[-113.5804,41.992],[-113.5537,41.9923],[-113.527,41.9927],[-113.5003,41.993],[-113.4902,41.9931],[-113.4648,41.9934],[-113.4394,41.9937],[-113.4266,41.9939],[-113.399,41.9942],[-113.3714,41.9946],[-113.3438,41.9949],[-113.3162,41.9952],[-113.3014,41.9954],[-113.291,41.9955],[-113.2711,41.9958],[-113.2513,41.9959],[-113.2314,41.9961],[-113.2116,41.9963],[-113.1917,41.9965],[-113.1918,41.9966],[-113.2008,42.0056],[-113.2097,42.0146],[-113.2187,42.0236],[-113.2276,42.0327],[-113.2366,42.0417],[-113.2455,42.0507],[-113.2545,42.0597],[-113.2634,42.0688],[-113.2724,42.0778],[-113.2814,42.0868],[-113.2903,42.0958],[-113.2993,42.1049],[-113.3083,42.1139],[-113.3172,42.1229],[-113.3262,42.1319],[-113.3352,42.141],[-113.3437,42.1703],[-113.3522,42.1996],[-113.3607,42.2289],[-113.3692,42.2582],[-113.3698,42.3696],[-113.3768,42.3875],[-113.3838,42.4054],[-113.3909,42.4232],[-113.3979,42.4411],[-113.405,42.459],[-113.412,42.4769],[-113.419,42.4947],[-113.4261,42.5126]]]},"properties":{"OBJECTID":1184,"state":"Idaho","agency":"Idaho Fish and Game","unit_type":"GMU","unit_id":"55","unit_name":"Hunting Unit 55","unit_label":"Idaho GMU 55 - Hunting Unit 55","aliases":"2025 | 55 | 55 hunting unit 55 | game management unit | game management unit 55 | game management unit 55 hunting unit 55 | gmu | gmu 55 | gmu 55 hunting unit 55 | hunt unit | hunt unit 55 | hunt unit 55 hunting unit 55 | hunting unit | hunting unit 55 |","year":"2025","Shape_Length":224624.52658681426,"Shape_Area":2621102865.769683}},{"type":"Feature","id":1185,"geometry":{"type":"Polygon","coordinates":[[[-113.3633,42.4531],[-113.378,42.4687],[-113.3927,42.4844],[-113.4075,42.5001],[-113.4222,42.5157],[-113.4261,42.5126],[-113.419,42.4947],[-113.412,42.4769],[-113.405,42.459],[-113.3979,42.4411],[-113.3909,42.4232],[-113.3838,42.4054],[-113.3768,42.3875],[-113.3698,42.3696],[-113.3692,42.2582],[-113.3607,42.2289],[-113.3522,42.1996],[-113.3437,42.1703],[-113.3352,42.141],[-113.3262,42.1319],[-113.3172,42.1229],[-113.3083,42.1139],[-113.2993,42.1049],[-113.2903,42.0958],[-113.2814,42.0868],[-113.2724,42.0778],[-113.2634,42.0688],[-113.2545,42.0597],[-113.2455,42.0507],[-113.2366,42.0417],[-113.2276,42.0327],[-113.2187,42.0236],[-113.2097,42.0146],[-113.2008,42.0056],[-113.1918,41.9966],[-113.1917,41.9965],[-113.1715,41.9967],[-113.1514,41.9968],[-113.1312,41.997],[-113.111,41.9972],[-113.0909,41.9974],[-113.0707,41.9976],[-113.0505,41.9978],[-113.0304,41.9979],[-113.0287,41.9979],[-113.0134,41.9981],[-112.9981,41.9982],[-112.9765,41.9984],[-112.9533,41.9986],[-112.9301,41.9987],[-112.9227,41.9988],[-112.9002,41.999],[-112.8777,41.9991],[-112.8553,41.9993],[-112.8328,41.9994],[-112.8328,41.9994],[-112.8494,42.0154],[-112.866,42.0313],[-112.8826,42.0473],[-112.8992,42.0632],[-112.9158,42.0791],[-112.9324,42.0951],[-112.949,42.111],[-112.9657,42.1269],[-112.9809,42.1454],[-112.9962,42.1639],[-113.0115,42.1824],[-113.0268,42.2009],[-113.0415,42.2092],[-113.0561,42.2176],[-113.0708,42.226],[-113.0855,42.2344],[-113.1001,42.2428],[-113.1148,42.2511],[-113.1295,42.2595],[-113.1442,42.2679],[-113.1578,42.2795],[-113.1715,42.291],[-113.1852,42.3026],[-113.1988,42.3142],[-113.2125,42.3258],[-113.2262,42.3374],[-113.2399,42.3489],[-113.2536,42.3605],[-113.2673,42.3721],[-113.281,42.3837],[-113.2947,42.3952],[-113.3084,42.4068],[-113.3221,42.4184],[-113.3359,42.4299],[-113.3496,42.4415],[-113.3633,42.4531]]]},"properties":{"OBJECTID":1185,"state":"Idaho","agency":"Idaho Fish and Game","unit_type":"GMU","unit_id":"57","unit_name":"Hunting Unit 57","unit_label":"Idaho GMU 57 - Hunting Unit 57","aliases":"2025 | 57 | 57 hunting unit 57 | game management unit | game management unit 57 | game management unit 57 hunting unit 57 | gmu | gmu 57 | gmu 57 hunting unit 57 | hunt unit | hunt unit 57 | hunt unit 57 hunting unit 57 | hunting unit | hunting unit 57 |","year":"2025","Shape_Length":168225.3325762768,"Shape_Area":1050910844.6394085}},{"type":"Feature","id":1186,"geometry":{"type":"Polygon","coordinates":[[[-114.5934,42.2157],[-114.6178,42.2154],[-114.6422,42.215],[-114.6667,42.2147],[-114.6911,42.2143],[-114.7155,42.2139],[-114.74,42.2135],[-114.7644,42.2132],[-114.7888,42.2128],[-114.8047,42.2099],[-114.8206,42.207],[-114.8365,42.2041],[-114.8524,42.2012],[-114.8683,42.1983],[-114.8841,42.1954],[-114.9,42.1925],[-114.9159,42.1896],[-114.9291,42.1832],[-114.9424,42.1769],[-114.9557,42.1705],[-114.9689,42.1642],[-114.9822,42.1579],[-114.9954,42.1515],[-115.0087,42.1452],[-115.0219,42.1388],[-115.0288,42.1152],[-115.042,42.1097],[-115.0552,42.1043],[-115.0684,42.0988],[-115.0816,42.0933],[-115.0948,42.0878],[-115.108,42.0823],[-115.1212,42.0768],[-115.1344,42.0713],[-115.159,42.0759],[-115.1837,42.0805],[-115.2084,42.085],[-115.233,42.0896],[-115.247,42.0797],[-115.261,42.0697],[-115.275,42.0598],[-115.289,42.0499],[-115.303,42.0399],[-115.317,42.03],[-115.331,42.02],[-115.345,42.0101],[-115.3564,42.0199],[-115.3678,42.0297],[-115.3792,42.0395],[-115.3906,42.0494],[-115.3906,42.0493],[-115.3958,42.0361],[-115.4011,42.0229],[-115.4064,42.0097],[-115.4116,41.9965],[-115.4094,41.9965],[-115.4008,41.9965],[-115.3981,41.9965],[-115.3794,41.9964],[-115.3571,41.9964],[-115.3348,41.9964],[-115.3124,41.9963],[-115.2901,41.9963],[-115.2705,41.9963],[-115.2508,41.9963],[-115.2343,41.9964],[-115.2177,41.9965],[-115.2011,41.9966],[-115.1846,41.9967],[-115.168,41.9967],[-115.1514,41.9968],[-115.1349,41.9969],[-115.1183,41.997],[-115.1018,41.997],[-115.0852,41.9971],[-115.0686,41.9972],[-115.0521,41.9972],[-115.0355,41.9973],[-115.0189,41.9973],[-115.0024,41.9974],[-114.9858,41.9975],[-114.9671,41.9981],[-114.9484,41.9987],[-114.9297,41.9993],[-114.911,41.9999],[-114.8944,42.0002],[-114.8771,42.0001],[-114.8597,42.0001],[-114.8424,42.0],[-114.825,41.9999],[-114.8077,41.9999],[-114.7904,41.9998],[-114.773,41.9997],[-114.7557,41.9997],[-114.7404,41.9991],[-114.725,41.9986],[-114.7097,41.998],[-114.6944,41.9975],[-114.6711,41.9968],[-114.6693,41.9968],[-114.674,42.0246],[-114.6787,42.0524],[-114.6834,42.0802],[-114.6882,42.108],[-114.6822,42.1233],[-114.6762,42.1385],[-114.6702,42.1538],[-114.6643,42.1691],[-114.6466,42.1808],[-114.6288,42.1924],[-114.6111,42.2041],[-114.5934,42.2157]]]},"properties":{"OBJECTID":1186,"state":"Idaho","agency":"Idaho Fish and Game","unit_type":"GMU","unit_id":"47","unit_name":"Hunting Unit 47","unit_label":"Idaho GMU 47 - Hunting Unit 47","aliases":"2025 | 47 | 47 hunting unit 47 | game management unit | game management unit 47 | game management unit 47 hunting unit 47 | gmu | gmu 47 | gmu 47 hunting unit 47 | hunt unit | hunt unit 47 | hunt unit 47 hunting unit 47 | hunting unit | hunting unit 47 |","year":"2025","Shape_Length":171468.88305477385,"Shape_Area":888081837.9150124}},{"type":"Feature","id":1187,"geometry":{"type":"Polygon","coordinates":[[[-111.4317,44.3397],[-111.4229,44.3539],[-111.414,44.3681],[-111.4052,44.3822],[-111.3964,44.3964],[-111.3875,44.4105],[-111.3787,44.4247],[-111.3699,44.4388],[-111.361,44.453],[-111.3774,44.4567],[-111.3938,44.4604],[-111.4102,44.4642],[-111.4267,44.4679],[-111.4371,44.459],[-111.4475,44.4501],[-111.4579,44.4412],[-111.4683,44.4323],[-111.4952,44.4321],[-111.5221,44.4318],[-111.549,44.4316],[-111.5759,44.4313],[-111.6028,44.431],[-111.6297,44.4308],[-111.6566,44.4305],[-111.6835,44.4302],[-111.7114,44.4274],[-111.7392,44.4246],[-111.767,44.4218],[-111.7948,44.419],[-111.8139,44.4051],[-111.833,44.3911],[-111.8524,44.3907],[-111.8718,44.3904],[-111.8913,44.39],[-111.9107,44.3896],[-111.9119,44.3606],[-111.9163,44.3025],[-111.8949,44.3004],[-111.8735,44.2984],[-111.8521,44.2963],[-111.8307,44.2942],[-111.8056,44.2839],[-111.7805,44.2736],[-111.7555,44.2632],[-111.7305,44.2529],[-111.7054,44.2426],[-111.6804,44.2322],[-111.6554,44.2219],[-111.6304,44.2115],[-111.6364,44.1771],[-111.6424,44.1428],[-111.6405,44.1],[-111.6386,44.0572],[-111.6368,44.0144],[-111.6349,43.9716],[-111.6187,43.9781],[-111.6026,43.9845],[-111.5864,43.991],[-111.5702,43.9975],[-111.5541,44.0039],[-111.5379,44.0104],[-111.5217,44.0168],[-111.5055,44.0233],[-111.4932,44.0353],[-111.4808,44.0473],[-111.4684,44.0593],[-111.456,44.0714],[-111.4481,44.0909],[-111.4403,44.1104],[-111.4325,44.1299],[-111.4246,44.1495],[-111.4302,44.1639],[-111.4357,44.1784],[-111.4413,44.1929],[-111.4468,44.2073],[-111.4524,44.2218],[-111.4579,44.2363],[-111.4635,44.2507],[-111.469,44.2652],[-111.4597,44.2838],[-111.4504,44.3025],[-111.441,44.3211],[-111.4317,44.3397]]]},"properties":{"OBJECTID":1187,"state":"Idaho","agency":"Idaho Fish and Game","unit_type":"GMU","unit_id":"60","unit_name":"Hunting Unit 60","unit_label":"Idaho GMU 60 - Hunting Unit 60","aliases":"2025 | 60 | 60 hunting unit 60 | game management unit | game management unit 60 | game management unit 60 hunting unit 60 | gmu | gmu 60 | gmu 60 hunting unit 60 | hunt unit | hunt unit 60 | hunt unit 60 hunting unit 60 | hunting unit | hunting unit 60 |","year":"2025","Shape_Length":172579.66791799094,"Shape_Area":1123840682.123712}},{"type":"Feature","id":1188,"geometry":{"type":"Polygon","coordinates":[[[-111.8767,42.1109],[-111.8767,42.1109],[-111.862,42.0966],[-111.8472,42.0823],[-111.8324,42.068],[-111.8176,42.0537],[-111.8128,41.999],[-111.8128,41.9989],[-111.7858,41.999],[-111.7587,41.9991],[-111.7316,41.9991],[-111.7046,41.9992],[-111.6775,41.9993],[-111.6504,41.9993],[-111.6234,41.9994],[-111.5963,41.9994],[-111.5963,41.9995],[-111.6008,42.0186],[-111.6053,42.0376],[-111.6097,42.0567],[-111.6142,42.0758],[-111.608,42.0922],[-111.6018,42.1086],[-111.5956,42.1251],[-111.5894,42.1415],[-111.5959,42.1528],[-111.6024,42.1642],[-111.609,42.1755],[-111.6155,42.1868],[-111.6133,42.279],[-111.6057,42.2907],[-111.5982,42.3025],[-111.5906,42.3142],[-111.5831,42.3259],[-111.5755,42.3377],[-111.568,42.3494],[-111.5604,42.3612],[-111.5528,42.3729],[-111.5681,42.3587],[-111.5692,42.3586],[-111.5841,42.3458],[-111.599,42.3331],[-111.6139,42.3203],[-111.6288,42.3075],[-111.6457,42.3108],[-111.6625,42.3142],[-111.6629,42.3141],[-111.6668,42.3118],[-111.6668,42.3118],[-111.6759,42.3036],[-111.6851,42.2954],[-111.6852,42.295],[-111.692,42.3082],[-111.6987,42.3214],[-111.7055,42.3346],[-111.7122,42.3478],[-111.7369,42.3384],[-111.7616,42.329],[-111.7721,42.3181],[-111.7826,42.3072],[-111.7931,42.2963],[-111.8036,42.2855],[-111.814,42.2746],[-111.8245,42.2637],[-111.835,42.2528],[-111.8454,42.2419],[-111.8405,42.2147],[-111.8355,42.1875],[-111.8357,42.187],[-111.8301,42.1673],[-111.8245,42.1476],[-111.8376,42.1384],[-111.8506,42.1292],[-111.8637,42.1201],[-111.8767,42.1109]]]},"properties":{"OBJECTID":1188,"state":"Idaho","agency":"Idaho Fish and Game","unit_type":"GMU","unit_id":"77","unit_name":"Hunting Unit 77","unit_label":"Idaho GMU 77 - Hunting Unit 77","aliases":"2025 | 77 | 77 hunting unit 77 | game management unit | game management unit 77 | game management unit 77 hunting unit 77 | gmu | gmu 77 | gmu 77 hunting unit 77 | hunt unit | hunt unit 77 | hunt unit 77 hunting unit 77 | hunting unit | hunting unit 77 |","year":"2025","Shape_Length":130472.06708896383,"Shape_Area":666239740.8408208}},{"type":"Feature","id":1189,"geometry":{"type":"Polygon","coordinates":[[[-111.4524,42.0002],[-111.4357,42.0004],[-111.419,42.0006],[-111.4087,42.0005],[-111.4087,42.0007],[-111.4037,42.0166],[-111.3986,42.0324],[-111.3935,42.0483],[-111.3884,42.0642],[-111.3909,42.1203],[-111.3934,42.1764],[-111.3959,42.2325],[-111.3984,42.2886],[-111.4113,42.2981],[-111.4242,42.3077],[-111.4371,42.3172],[-111.45,42.3268],[-111.463,42.3363],[-111.4759,42.3458],[-111.4888,42.3554],[-111.5017,42.3649],[-111.5273,42.3689],[-111.5528,42.3729],[-111.5604,42.3612],[-111.568,42.3494],[-111.5755,42.3377],[-111.5831,42.3259],[-111.5906,42.3142],[-111.5982,42.3025],[-111.6057,42.2907],[-111.6133,42.279],[-111.6155,42.1868],[-111.609,42.1755],[-111.6024,42.1642],[-111.5959,42.1528],[-111.5894,42.1415],[-111.5956,42.1251],[-111.6018,42.1086],[-111.608,42.0922],[-111.6142,42.0758],[-111.6097,42.0567],[-111.6053,42.0376],[-111.6008,42.0186],[-111.5963,41.9995],[-111.5963,41.9994],[-111.57,41.9995],[-111.554,41.9995],[-111.538,41.9995],[-111.5219,41.9996],[-111.5059,41.9996],[-111.5028,41.9996],[-111.5,41.9996],[-111.4837,41.9996],[-111.4751,41.9997],[-111.4622,41.9999],[-111.4524,42.0002]]]},"properties":{"OBJECTID":1189,"state":"Idaho","agency":"Idaho Fish and Game","unit_type":"GMU","unit_id":"78","unit_name":"Hunting Unit 78","unit_label":"Idaho GMU 78 - Hunting Unit 78","aliases":"2025 | 78 | 78 hunting unit 78 | game management unit | game management unit 78 | game management unit 78 hunting unit 78 | gmu | gmu 78 | gmu 78 hunting unit 78 | hunt unit | hunt unit 78 | hunt unit 78 hunting unit 78 | hunting unit | hunting unit 78 |","year":"2025","Shape_Length":107861.59995525502,"Shape_Area":658146507.6917903}},{"type":"Feature","id":1190,"geometry":{"type":"Polygon","coordinates":[[[-114.9511,42.9355],[-114.978,42.938],[-115.0049,42.9404],[-115.0318,42.9429],[-115.0588,42.9453],[-115.0857,42.9478],[-115.1127,42.9502],[-115.1396,42.9526],[-115.1665,42.9551],[-115.1621,42.9289],[-115.1577,42.9028],[-115.1326,42.9041],[-115.1075,42.9053],[-115.0824,42.9066],[-115.0573,42.9079],[-115.0322,42.9091],[-115.0071,42.9104],[-114.9821,42.9116],[-114.957,42.9128],[-114.943,42.8992],[-114.929,42.8855],[-114.915,42.8719],[-114.901,42.8582],[-114.9087,42.8356],[-114.9165,42.813],[-114.9242,42.7904],[-114.9319,42.7678],[-114.9116,42.7622],[-114.8913,42.7566],[-114.8709,42.7509],[-114.8506,42.7453],[-114.8506,42.6259],[-114.8402,42.6168],[-114.8298,42.6077],[-114.8113,42.6056],[-114.7928,42.6036],[-114.7742,42.6015],[-114.7557,42.5994],[-114.7372,42.5973],[-114.7187,42.5952],[-114.7001,42.5931],[-114.6816,42.591],[-114.6549,42.5842],[-114.6282,42.5774],[-114.6015,42.5705],[-114.5748,42.5637],[-114.547,42.56],[-114.5193,42.5562],[-114.4915,42.5525],[-114.4638,42.5487],[-114.436,42.5449],[-114.4083,42.5412],[-114.3806,42.5374],[-114.3528,42.5336],[-114.3364,42.5335],[-114.3199,42.5335],[-114.3035,42.5334],[-114.287,42.5334],[-114.2705,42.5333],[-114.2541,42.5332],[-114.2376,42.5332],[-114.2212,42.5331],[-114.2098,42.5186],[-114.1985,42.5041],[-114.1872,42.4896],[-114.1759,42.4751],[-114.1584,42.4752],[-114.141,42.4753],[-114.1235,42.4754],[-114.1061,42.4755],[-114.0886,42.4756],[-114.0712,42.4757],[-114.0538,42.4758],[-114.0363,42.4759],[-114.0335,42.4773],[-114.0125,42.4807],[-113.9914,42.4841],[-113.9703,42.4875],[-113.9493,42.4909],[-113.9345,42.5015],[-113.9198,42.5121],[-113.9051,42.5227],[-113.8903,42.5334],[-113.866,42.5345],[-113.8418,42.5357],[-113.8175,42.5369],[-113.7933,42.5381],[-113.766,42.5325],[-113.7387,42.5269],[-113.7113,42.5213],[-113.684,42.5157],[-113.6593,42.5187],[-113.6345,42.5216],[-113.6097,42.5245],[-113.5849,42.5274],[-113.5601,42.5303],[-113.5352,42.5332],[-113.5104,42.5361],[-113.4856,42.539],[-113.4707,42.5324],[-113.4559,42.5258],[-113.441,42.5192],[-113.4261,42.5126],[-113.4222,42.5157],[-113.434,42.5225],[-113.4459,42.5294],[-113.4578,42.5362],[-113.4696,42.543],[-113.4815,42.5499],[-113.4934,42.5567],[-113.5052,42.5635],[-113.5171,42.5703],[-113.4958,42.5725],[-113.4744,42.5746],[-113.4531,42.5768],[-113.4317,42.5789],[-113.4104,42.5811],[-113.389,42.5832],[-113.3677,42.5854],[-113.3463,42.5875],[-113.325,42.5896],[-113.3036,42.5918],[-113.2822,42.5939],[-113.2609,42.596],[-113.2395,42.5981],[-113.2182,42.6002],[-113.1968,42.6024],[-113.1754,42.6045],[-113.1754,42.6083],[-113.1752,42.6306],[-113.1964,42.6312],[-113.2176,42.6319],[-113.2342,42.6319],[-113.2509,42.6318],[-113.267,42.6337],[-113.2832,42.6356],[-113.2993,42.6375],[-113.3155,42.6394],[-113.3154,42.6753],[-113.3305,42.6808],[-113.3457,42.6862],[-113.3608,42.6917],[-113.3759,42.6971],[-113.3944,42.6971],[-113.413,42.6971],[-113.4427,42.6935],[-113.4724,42.6899],[-113.4722,42.7507],[-113.4723,42.7507],[-113.4891,42.7544],[-113.5058,42.7582],[-113.5225,42.7619],[-113.5393,42.7657],[-113.556,42.7694],[-113.5728,42.7732],[-113.5895,42.7769],[-113.6063,42.7807],[-113.623,42.7844],[-113.6398,42.7881],[-113.6566,42.7919],[-113.6733,42.7956],[-113.6901,42.7993],[-113.7069,42.8031],[-113.7236,42.8068],[-113.7404,42.8105],[-113.7529,42.817],[-113.7655,42.8235],[-113.7781,42.83],[-113.7906,42.8365],[-113.8032,42.843],[-113.8158,42.8495],[-113.8284,42.856],[-113.8409,42.8625],[-113.8667,42.8702],[-113.8925,42.8778],[-113.9183,42.8854],[-113.9441,42.893],[-113.9739,42.8926],[-114.0038,42.8922],[-114.0337,42.8918],[-114.0635,42.8914],[-114.0642,42.8917],[-114.0649,42.8919],[-114.0654,42.8921],[-114.0824,42.8932],[-114.0995,42.8943],[-114.1165,42.8953],[-114.1336,42.8964],[-114.1506,42.8975],[-114.1677,42.8985],[-114.1847,42.8996],[-114.2018,42.9006],[-114.2155,42.9008],[-114.2368,42.9004],[-114.258,42.9],[-114.2792,42.8996],[-114.3005,42.8992],[-114.3137,42.9037],[-114.327,42.9083],[-114.3403,42.9128],[-114.3536,42.9173],[-114.3669,42.9218],[-114.3802,42.9264],[-114.3935,42.9309],[-114.4068,42.9354],[-114.4224,42.94],[-114.438,42.9445],[-114.4579,42.9424],[-114.4777,42.9402],[-114.4976,42.938],[-114.5175,42.9359],[-114.5373,42.9337],[-114.5572,42.9315],[-114.577,42.9293],[-114.5969,42.9272],[-114.6032,42.9261],[-114.6256,42.9256],[-114.6479,42.925],[-114.6702,42.9245],[-114.6926,42.924],[-114.7068,42.9239],[-114.7129,42.9239],[-114.713,42.9239],[-114.7321,42.9238],[-114.7582,42.9244],[-114.7844,42.925],[-114.8106,42.9256],[-114.8368,42.9262],[-114.863,42.9268],[-114.8892,42.9274],[-114.9154,42.928],[-114.9416,42.9285],[-114.9511,42.9355]]]},"properties":{"OBJECTID":1190,"state":"Idaho","agency":"Idaho Fish and Game","unit_type":"GMU","unit_id":"53","unit_name":"Hunting Unit 53","unit_label":"Idaho GMU 53 - Hunting Unit 53","aliases":"2025 | 53 | 53 hunting unit 53 | game management unit | game management unit 53 | game management unit 53 hunting unit 53 | gmu | gmu 53 | gmu 53 hunting unit 53 | hunt unit | hunt unit 53 | hunt unit 53 hunting unit 53 | hunting unit | hunting unit 53 |","year":"2025","Shape_Length":406248.87012896704,"Shape_Area":4710759471.551577}},{"type":"Feature","id":1191,"geometry":{"type":"Polygon","coordinates":[[[-113.7404,42.8105],[-113.7236,42.8068],[-113.7069,42.8031],[-113.6901,42.7993],[-113.6733,42.7956],[-113.6566,42.7919],[-113.6398,42.7881],[-113.623,42.7844],[-113.6063,42.7807],[-113.5895,42.7769],[-113.5728,42.7732],[-113.556,42.7694],[-113.5393,42.7657],[-113.5225,42.7619],[-113.5058,42.7582],[-113.4891,42.7544],[-113.4723,42.7507],[-113.4686,42.7499],[-113.4641,42.749],[-113.4525,42.7464],[-113.4524,42.7572],[-113.4525,42.7612],[-113.4524,42.7632],[-113.4482,42.7803],[-113.444,42.7975],[-113.4398,42.8146],[-113.4355,42.8318],[-113.4313,42.849],[-113.4271,42.8661],[-113.4229,42.8833],[-113.4187,42.9004],[-113.4103,42.911],[-113.4019,42.9216],[-113.3934,42.9322],[-113.385,42.9428],[-113.3766,42.9534],[-113.3682,42.964],[-113.3598,42.9746],[-113.3513,42.9852],[-113.3408,42.9928],[-113.3303,43.0004],[-113.3198,43.0079],[-113.3093,43.0155],[-113.2988,43.023],[-113.2882,43.0306],[-113.2777,43.0382],[-113.2672,43.0457],[-113.2619,43.0656],[-113.2566,43.0854],[-113.2513,43.1053],[-113.246,43.1251],[-113.2407,43.145],[-113.2353,43.1648],[-113.23,43.1847],[-113.2247,43.2046],[-113.2266,43.2656],[-113.2284,43.3267],[-113.2303,43.3878],[-113.2321,43.4489],[-113.2426,43.4611],[-113.2531,43.4733],[-113.2636,43.4855],[-113.2741,43.4977],[-113.2846,43.5099],[-113.2951,43.522],[-113.3056,43.5342],[-113.3161,43.5464],[-113.3164,43.6122],[-113.3367,43.6052],[-113.357,43.5983],[-113.3772,43.5914],[-113.3975,43.5844],[-113.4178,43.5774],[-113.4381,43.5705],[-113.4584,43.5635],[-113.4786,43.5566],[-113.4923,43.5432],[-113.5059,43.5299],[-113.5196,43.5165],[-113.5332,43.5032],[-113.5468,43.4898],[-113.5605,43.4765],[-113.5741,43.4631],[-113.5877,43.4497],[-113.5882,43.4495],[-113.5882,43.4495],[-113.5885,43.4494],[-113.5895,43.4489],[-113.59,43.4486],[-113.5905,43.4483],[-113.5908,43.4481],[-113.5912,43.4479],[-113.5919,43.4474],[-113.601,43.4414],[-113.6029,43.4402],[-113.6038,43.4396],[-113.6043,43.4393],[-113.6045,43.4392],[-113.6052,43.4389],[-113.6057,43.4387],[-113.6065,43.4385],[-113.6074,43.4384],[-113.6074,43.4384],[-113.61,43.4382],[-113.6137,43.4378],[-113.6149,43.4376],[-113.6182,43.4364],[-113.619,43.436],[-113.6199,43.4353],[-113.62,43.4352],[-113.6207,43.4338],[-113.6208,43.4336],[-113.6208,43.4336],[-113.6208,43.4334],[-113.6209,43.4331],[-113.621,43.4328],[-113.621,43.4325],[-113.621,43.4323],[-113.6209,43.4321],[-113.6209,43.432],[-113.6208,43.4318],[-113.6206,43.4315],[-113.6201,43.4308],[-113.619,43.4289],[-113.619,43.4289],[-113.6198,43.4263],[-113.6199,43.4261],[-113.6209,43.4249],[-113.621,43.4248],[-113.6211,43.4246],[-113.6215,43.4239],[-113.6215,43.4237],[-113.6234,43.4189],[-113.6234,43.4189],[-113.6276,43.4149],[-113.6278,43.4146],[-113.6279,43.4144],[-113.628,43.4143],[-113.6285,43.4131],[-113.6285,43.413],[-113.6286,43.4127],[-113.6285,43.4123],[-113.6285,43.4121],[-113.6285,43.4121],[-113.6285,43.4119],[-113.6284,43.4115],[-113.6283,43.4111],[-113.6282,43.4109],[-113.6279,43.4105],[-113.6278,43.4103],[-113.6275,43.4099],[-113.627,43.4095],[-113.6264,43.4087],[-113.6261,43.4083],[-113.6258,43.4071],[-113.6258,43.4068],[-113.6258,43.4066],[-113.626,43.406],[-113.6264,43.4053],[-113.6267,43.4049],[-113.627,43.4045],[-113.6272,43.4041],[-113.6273,43.4038],[-113.6274,43.4035],[-113.6275,43.4032],[-113.6279,43.4019],[-113.628,43.4015],[-113.628,43.4013],[-113.6333,43.3959],[-113.6348,43.3953],[-113.6349,43.3952],[-113.6351,43.3951],[-113.6355,43.3949],[-113.6357,43.3948],[-113.6359,43.3946],[-113.637,43.3936],[-113.6373,43.3934],[-113.6374,43.3933],[-113.6378,43.3931],[-113.6382,43.393],[-113.6384,43.3929],[-113.6416,43.392],[-113.6433,43.3915],[-113.6521,43.3911],[-113.6524,43.3911],[-113.6525,43.3911],[-113.6528,43.391],[-113.6545,43.3905],[-113.6548,43.3903],[-113.657,43.3891],[-113.6602,43.3873],[-113.6709,43.3883],[-113.6714,43.3885],[-113.6714,43.3885],[-113.6968,43.3837],[-113.7222,43.3788],[-113.7231,43.3784],[-113.7482,43.373],[-113.7733,43.3676],[-113.7983,43.3622],[-113.8234,43.3568],[-113.8485,43.3514],[-113.8736,43.346],[-113.8986,43.3406],[-113.9237,43.3351],[-113.9347,43.3186],[-113.9458,43.3021],[-113.9465,43.2547],[-113.9604,43.2489],[-113.9744,43.2431],[-113.9883,43.2372],[-114.0023,43.2314],[-114.0126,43.2146],[-114.0228,43.1978],[-114.0331,43.181],[-114.0434,43.1642],[-114.0536,43.1475],[-114.0639,43.1307],[-114.0741,43.1139],[-114.0844,43.0971],[-114.1005,43.0872],[-114.1167,43.0773],[-114.1328,43.0673],[-114.149,43.0574],[-114.1651,43.0475],[-114.1812,43.0375],[-114.1973,43.0276],[-114.2135,43.0177],[-114.2296,43.0077],[-114.2457,42.9978],[-114.2618,42.9878],[-114.2779,42.9779],[-114.294,42.9679],[-114.3101,42.958],[-114.3262,42.948],[-114.3423,42.9381],[-114.3584,42.9374],[-114.3745,42.9367],[-114.3906,42.9361],[-114.4068,42.9354],[-114.3935,42.9309],[-114.3802,42.9264],[-114.3669,42.9218],[-114.3536,42.9173],[-114.3403,42.9128],[-114.327,42.9083],[-114.3137,42.9037],[-114.3005,42.8992],[-114.2792,42.8996],[-114.258,42.9],[-114.2368,42.9004],[-114.2155,42.9008],[-114.2018,42.9006],[-114.1847,42.8996],[-114.1677,42.8985],[-114.1506,42.8975],[-114.1336,42.8964],[-114.1165,42.8953],[-114.0995,42.8943],[-114.0824,42.8932],[-114.0654,42.8921],[-114.0649,42.8919],[-114.0642,42.8917],[-114.0635,42.8914],[-114.0337,42.8918],[-114.0038,42.8922],[-113.9739,42.8926],[-113.9441,42.893],[-113.9183,42.8854],[-113.8925,42.8778],[-113.8667,42.8702],[-113.8409,42.8625],[-113.8284,42.856],[-113.8158,42.8495],[-113.8032,42.843],[-113.7906,42.8365],[-113.7781,42.83],[-113.7655,42.8235],[-113.7529,42.817],[-113.7404,42.8105]]]},"properties":{"OBJECTID":1191,"state":"Idaho","agency":"Idaho Fish and Game","unit_type":"GMU","unit_id":"52A","unit_name":"Hunting Unit 52A","unit_label":"Idaho GMU 52A - Hunting Unit 52A","aliases":"2025 | 52a | 52a hunting unit 52a | game management unit | game management unit 52a | game management unit 52a hunting unit 52a | gmu | gmu 52a | gmu 52a hunting unit 52a | hunt unit | hunt unit 52a | hunt unit 52a hunting unit 52a | hunting unit | hunti","year":"2025","Shape_Length":311114.6504327597,"Shape_Area":4487109998.175637}},{"type":"Feature","id":1192,"geometry":{"type":"Polygon","coordinates":[[[-113.166,43.607],[-113.1848,43.6076],[-113.2036,43.6083],[-113.2224,43.609],[-113.2412,43.6096],[-113.26,43.6103],[-113.2788,43.6109],[-113.2976,43.6115],[-113.3164,43.6122],[-113.3161,43.5464],[-113.3056,43.5342],[-113.2951,43.522],[-113.2846,43.5099],[-113.2741,43.4977],[-113.2636,43.4855],[-113.2531,43.4733],[-113.2426,43.4611],[-113.2321,43.4489],[-113.2303,43.3878],[-113.2284,43.3267],[-113.2266,43.2656],[-113.2247,43.2046],[-113.23,43.1847],[-113.2353,43.1648],[-113.2407,43.145],[-113.246,43.1251],[-113.2513,43.1053],[-113.2566,43.0854],[-113.2619,43.0656],[-113.2672,43.0457],[-113.2777,43.0382],[-113.2882,43.0306],[-113.2988,43.023],[-113.3093,43.0155],[-113.3198,43.0079],[-113.3303,43.0004],[-113.3408,42.9928],[-113.3513,42.9852],[-113.3598,42.9746],[-113.3682,42.964],[-113.3766,42.9534],[-113.385,42.9428],[-113.3934,42.9322],[-113.4019,42.9216],[-113.4103,42.911],[-113.4187,42.9004],[-113.4229,42.8833],[-113.4271,42.8661],[-113.4313,42.849],[-113.4355,42.8318],[-113.4398,42.8146],[-113.444,42.7975],[-113.4482,42.7803],[-113.4524,42.7632],[-113.4525,42.7612],[-113.4524,42.7572],[-113.4525,42.7464],[-113.4641,42.749],[-113.4686,42.7499],[-113.4722,42.7507],[-113.4724,42.6899],[-113.4427,42.6935],[-113.413,42.6971],[-113.3944,42.6971],[-113.3759,42.6971],[-113.3608,42.6917],[-113.3457,42.6862],[-113.3305,42.6808],[-113.3154,42.6753],[-113.3155,42.6394],[-113.2993,42.6375],[-113.2832,42.6356],[-113.267,42.6337],[-113.2509,42.6318],[-113.2342,42.6319],[-113.2176,42.6319],[-113.1964,42.6312],[-113.1752,42.6306],[-113.1754,42.6083],[-113.1754,42.6045],[-113.1546,42.6108],[-113.1337,42.6172],[-113.1128,42.6235],[-113.092,42.6299],[-113.0711,42.6362],[-113.0502,42.6425],[-113.0294,42.6489],[-113.0085,42.6552],[-112.9924,42.667],[-112.9764,42.6787],[-112.9603,42.6905],[-112.9442,42.7023],[-112.9281,42.714],[-112.912,42.7258],[-112.8959,42.7375],[-112.8798,42.7493],[-112.867,42.7602],[-112.8542,42.771],[-112.8414,42.7819],[-112.8286,42.7927],[-112.8555,42.7854],[-112.8824,42.7781],[-112.8887,42.8099],[-112.8949,42.8418],[-112.8837,42.8519],[-112.8725,42.862],[-112.8612,42.872],[-112.85,42.8821],[-112.8449,42.8981],[-112.8397,42.9142],[-112.8346,42.9302],[-112.8294,42.9462],[-112.8242,42.9622],[-112.8191,42.9783],[-112.8139,42.9943],[-112.8087,43.0103],[-112.8051,43.0462],[-112.8015,43.082],[-112.7793,43.0819],[-112.7571,43.0818],[-112.735,43.0817],[-112.7128,43.0816],[-112.6906,43.0815],[-112.6684,43.0814],[-112.6462,43.0812],[-112.6241,43.0811],[-112.6119,43.0956],[-112.5998,43.1101],[-112.5876,43.1246],[-112.5754,43.1392],[-112.5632,43.1537],[-112.5511,43.1682],[-112.5389,43.1827],[-112.5267,43.1972],[-112.5068,43.1976],[-112.487,43.1981],[-112.4671,43.1985],[-112.4472,43.1989],[-112.4274,43.1993],[-112.4075,43.1998],[-112.3877,43.2002],[-112.3678,43.2006],[-112.3881,43.2106],[-112.4084,43.2206],[-112.4287,43.2305],[-112.449,43.2405],[-112.4619,43.2485],[-112.4747,43.2564],[-112.4876,43.2643],[-112.5004,43.2723],[-112.5133,43.2802],[-112.5262,43.2882],[-112.539,43.2961],[-112.5519,43.304],[-112.5648,43.312],[-112.5777,43.3199],[-112.5906,43.3279],[-112.6034,43.3358],[-112.6163,43.3437],[-112.6292,43.3517],[-112.6421,43.3596],[-112.655,43.3675],[-112.6679,43.3754],[-112.6808,43.3834],[-112.6937,43.3913],[-112.7066,43.3992],[-112.7196,43.4071],[-112.7325,43.4151],[-112.7454,43.423],[-112.7583,43.4309],[-112.7712,43.4388],[-112.7842,43.4467],[-112.7971,43.4546],[-112.81,43.4626],[-112.823,43.4705],[-112.8359,43.4784],[-112.8489,43.4863],[-112.8618,43.4942],[-112.8852,43.4992],[-112.9086,43.5042],[-112.932,43.5092],[-112.9554,43.5142],[-112.9674,43.5225],[-112.9793,43.5307],[-112.9913,43.5389],[-113.0033,43.5471],[-113.0236,43.5546],[-113.0439,43.5621],[-113.0642,43.5696],[-113.0846,43.5771],[-113.1049,43.5846],[-113.1253,43.592],[-113.1456,43.5995],[-113.166,43.607]]]},"properties":{"OBJECTID":1192,"state":"Idaho","agency":"Idaho Fish and Game","unit_type":"GMU","unit_id":"68","unit_name":"Hunting Unit 68","unit_label":"Idaho GMU 68 - Hunting Unit 68","aliases":"2025 | 68 | 68 hunting unit 68 | game management unit | game management unit 68 | game management unit 68 hunting unit 68 | gmu | gmu 68 | gmu 68 hunting unit 68 | hunt unit | hunt unit 68 | hunt unit 68 hunting unit 68 | hunting unit | hunting unit 68 |","year":"2025","Shape_Length":354224.533726078,"Shape_Area":4716946466.2125435}},{"type":"Feature","id":1193,"geometry":{"type":"Polygon","coordinates":[[[-115.8906,46.0176],[-115.9091,46.0156],[-115.9275,46.0136],[-115.946,46.0116],[-115.9645,46.0096],[-115.9661,45.9838],[-115.9657,45.9818],[-115.965,45.9813],[-115.9612,45.9572],[-115.9614,45.9571],[-115.9853,45.9517],[-115.9853,45.9519],[-115.9854,45.952],[-116.0084,45.9467],[-116.0314,45.9415],[-116.0544,45.9362],[-116.0773,45.9309],[-116.0775,45.9308],[-116.0776,45.9306],[-116.093,45.928],[-116.1084,45.9255],[-116.1124,45.8815],[-116.1123,45.8815],[-116.1121,45.8815],[-116.0944,45.8801],[-116.0767,45.8788],[-116.0724,45.8355],[-116.0681,45.7922],[-116.0486,45.7838],[-116.0291,45.7754],[-116.0289,45.775],[-116.0288,45.7748],[-116.0231,45.7624],[-116.0174,45.7499],[-116.0173,45.7497],[-116.0172,45.7496],[-116.0294,45.7327],[-116.0416,45.7158],[-116.0418,45.7157],[-116.0419,45.7157],[-116.0419,45.7156],[-116.042,45.7154],[-116.0413,45.7149],[-116.0413,45.7147],[-116.0413,45.7146],[-116.0391,45.7092],[-116.039,45.7091],[-116.0389,45.7087],[-116.0459,45.6888],[-116.053,45.6689],[-116.0527,45.6689],[-116.0489,45.6517],[-116.0485,45.6519],[-116.0483,45.652],[-116.0463,45.6529],[-116.046,45.6529],[-116.0457,45.6529],[-116.0455,45.6529],[-116.0453,45.6529],[-116.0236,45.6445],[-116.0234,45.6445],[-116.0232,45.6445],[-116.0176,45.6423],[-116.0175,45.6423],[-116.0174,45.6424],[-116.0125,45.6449],[-116.0123,45.6449],[-116.0122,45.645],[-116.0121,45.6451],[-116.012,45.6452],[-116.0118,45.6452],[-116.0099,45.6467],[-116.0093,45.6473],[-116.0091,45.6476],[-116.0089,45.6478],[-116.0087,45.6478],[-116.0086,45.6478],[-116.0014,45.6447],[-116.0012,45.6447],[-116.001,45.6446],[-116.0007,45.6445],[-116.0005,45.6445],[-116.0,45.6443],[-115.9785,45.632],[-115.957,45.6197],[-115.9355,45.6074],[-115.9139,45.5951],[-115.8857,45.5959],[-115.8575,45.5967],[-115.8573,45.5968],[-115.857,45.5968],[-115.84,45.5976],[-115.8227,45.5999],[-115.8053,45.6022],[-115.788,45.6044],[-115.7707,45.6067],[-115.7534,45.609],[-115.736,45.6113],[-115.7187,45.6136],[-115.7014,45.6158],[-115.688,45.6279],[-115.6747,45.6399],[-115.6613,45.6519],[-115.6479,45.6639],[-115.6326,45.6523],[-115.6173,45.6407],[-115.602,45.629],[-115.5866,45.6174],[-115.5744,45.6241],[-115.5621,45.6307],[-115.5499,45.6374],[-115.5376,45.6441],[-115.5253,45.6507],[-115.513,45.6574],[-115.5008,45.664],[-115.4885,45.6707],[-115.4777,45.6567],[-115.4669,45.6427],[-115.4561,45.6287],[-115.4453,45.6147],[-115.4349,45.6239],[-115.4244,45.6332],[-115.414,45.6425],[-115.4035,45.6518],[-115.4025,45.6531],[-115.4023,45.6533],[-115.3829,45.666],[-115.3635,45.6787],[-115.3441,45.6914],[-115.3247,45.7041],[-115.3047,45.7037],[-115.2847,45.7033],[-115.2648,45.7029],[-115.2448,45.7025],[-115.2327,45.714],[-115.2207,45.7255],[-115.2087,45.737],[-115.1966,45.7485],[-115.1846,45.76],[-115.1725,45.7715],[-115.1605,45.783],[-115.1484,45.7944],[-115.1591,45.8169],[-115.1859,45.8158],[-115.2128,45.8147],[-115.2396,45.8136],[-115.2665,45.8125],[-115.2872,45.8256],[-115.3079,45.8388],[-115.32,45.8592],[-115.3321,45.8796],[-115.3442,45.9001],[-115.3563,45.9205],[-115.3565,45.9207],[-115.3572,45.9211],[-115.3729,45.9344],[-115.3887,45.9478],[-115.389,45.9482],[-115.3891,45.9481],[-115.3892,45.948],[-115.3895,45.948],[-115.4046,45.9543],[-115.4196,45.9606],[-115.4197,45.9609],[-115.4204,45.961],[-115.4206,45.9611],[-115.4209,45.9615],[-115.4218,45.9626],[-115.4297,45.9771],[-115.4301,45.9769],[-115.4303,45.9767],[-115.4288,45.9836],[-115.4289,45.9838],[-115.4292,45.9839],[-115.4346,45.9934],[-115.4344,45.9938],[-115.4343,45.9943],[-115.4303,46.0007],[-115.4302,46.0008],[-115.4299,46.0011],[-115.4297,46.0013],[-115.4295,46.0015],[-115.4433,45.9932],[-115.4572,45.9849],[-115.471,45.9766],[-115.4848,45.9683],[-115.4987,45.9601],[-115.5125,45.9518],[-115.5264,45.9435],[-115.5402,45.9352],[-115.5405,45.9351],[-115.5407,45.935],[-115.5409,45.9347],[-115.541,45.9343],[-115.5412,45.9342],[-115.5423,45.9338],[-115.5424,45.9333],[-115.5558,45.9476],[-115.5693,45.9619],[-115.5827,45.9762],[-115.5962,45.9905],[-115.6179,45.9929],[-115.6396,45.9952],[-115.6614,45.9976],[-115.6831,45.9999],[-115.6832,45.9998],[-115.6932,45.9872],[-115.7032,45.9745],[-115.7132,45.9619],[-115.7232,45.9492],[-115.7231,45.9491],[-115.7227,45.9481],[-115.7228,45.948],[-115.7237,45.946],[-115.7249,45.9463],[-115.7397,45.9429],[-115.7546,45.9395],[-115.7694,45.9361],[-115.7843,45.9328],[-115.7951,45.9398],[-115.806,45.9469],[-115.8169,45.954],[-115.8278,45.961],[-115.8386,45.9681],[-115.8495,45.9751],[-115.8604,45.9822],[-115.8713,45.9893],[-115.8714,45.9895],[-115.8717,45.9896],[-115.8691,45.9985],[-115.8693,45.9987],[-115.8801,46.0081],[-115.8909,46.0174],[-115.8906,46.0175],[-115.8906,46.0176]]]},"properties":{"OBJECTID":1193,"state":"Idaho","agency":"Idaho Fish and Game","unit_type":"GMU","unit_id":"15","unit_name":"Hunting Unit 15","unit_label":"Idaho GMU 15 - Hunting Unit 15","aliases":"15 | 15 hunting unit 15 | 2025 | game management unit | game management unit 15 | game management unit 15 hunting unit 15 | gmu | gmu 15 | gmu 15 hunting unit 15 | hunt unit | hunt unit 15 | hunt unit 15 hunting unit 15 | hunting unit | hunting unit 15 |","year":"2025","Shape_Length":240064.6491582619,"Shape_Area":2263149631.7364707}},{"type":"Feature","id":1194,"geometry":{"type":"Polygon","coordinates":[[[-115.2168,46.1695],[-115.2327,46.1743],[-115.2486,46.1791],[-115.2645,46.1839],[-115.2804,46.1887],[-115.2948,46.1822],[-115.3093,46.1757],[-115.3237,46.1692],[-115.3382,46.1627],[-115.3526,46.1562],[-115.367,46.1497],[-115.3815,46.1431],[-115.3959,46.1366],[-115.4125,46.1417],[-115.429,46.1468],[-115.4455,46.1519],[-115.4621,46.1569],[-115.478,46.1517],[-115.494,46.1465],[-115.5099,46.1413],[-115.5259,46.1361],[-115.5541,46.1361],[-115.5823,46.1361],[-115.6105,46.1361],[-115.6387,46.136],[-115.6669,46.136],[-115.6951,46.136],[-115.7233,46.1359],[-115.7515,46.1359],[-115.7801,46.1371],[-115.8087,46.1384],[-115.8374,46.1397],[-115.866,46.141],[-115.8946,46.1422],[-115.9233,46.1435],[-115.9519,46.1447],[-115.9805,46.146],[-115.9765,46.1119],[-115.9725,46.0778],[-115.9685,46.0437],[-115.9645,46.0096],[-115.946,46.0116],[-115.9275,46.0136],[-115.9091,46.0156],[-115.8906,46.0176],[-115.8906,46.0175],[-115.8909,46.0174],[-115.8801,46.0081],[-115.8693,45.9987],[-115.8691,45.9985],[-115.8717,45.9896],[-115.8714,45.9895],[-115.8713,45.9893],[-115.8604,45.9822],[-115.8495,45.9751],[-115.8386,45.9681],[-115.8278,45.961],[-115.8169,45.954],[-115.806,45.9469],[-115.7951,45.9398],[-115.7843,45.9328],[-115.7694,45.9361],[-115.7546,45.9395],[-115.7397,45.9429],[-115.7249,45.9463],[-115.7237,45.946],[-115.7228,45.948],[-115.7227,45.9481],[-115.7231,45.9491],[-115.7232,45.9492],[-115.7132,45.9619],[-115.7032,45.9745],[-115.6932,45.9872],[-115.6832,45.9998],[-115.6831,45.9999],[-115.6614,45.9976],[-115.6396,45.9952],[-115.6179,45.9929],[-115.5962,45.9905],[-115.5827,45.9762],[-115.5693,45.9619],[-115.5558,45.9476],[-115.5424,45.9333],[-115.5423,45.9338],[-115.5412,45.9342],[-115.541,45.9343],[-115.5409,45.9347],[-115.5407,45.935],[-115.5405,45.9351],[-115.5402,45.9352],[-115.5264,45.9435],[-115.5125,45.9518],[-115.4987,45.9601],[-115.4848,45.9683],[-115.471,45.9766],[-115.4572,45.9849],[-115.4433,45.9932],[-115.4295,46.0015],[-115.4294,46.0014],[-115.408,46.0042],[-115.3866,46.007],[-115.3652,46.0097],[-115.3438,46.0125],[-115.3331,46.0216],[-115.3224,46.0308],[-115.3118,46.0399],[-115.3011,46.0491],[-115.286,46.0595],[-115.2709,46.0699],[-115.2558,46.0802],[-115.2407,46.0906],[-115.2256,46.101],[-115.2105,46.1114],[-115.1953,46.1218],[-115.1802,46.1322],[-115.1894,46.1415],[-115.1985,46.1508],[-115.2077,46.1602],[-115.2168,46.1695]]]},"properties":{"OBJECTID":1194,"state":"Idaho","agency":"Idaho Fish and Game","unit_type":"GMU","unit_id":"16","unit_name":"Hunting Unit 16","unit_label":"Idaho GMU 16 - Hunting Unit 16","aliases":"16 | 16 hunting unit 16 | 2025 | game management unit | game management unit 16 | game management unit 16 hunting unit 16 | gmu | gmu 16 | gmu 16 hunting unit 16 | hunt unit | hunt unit 16 | hunt unit 16 hunting unit 16 | hunting unit | hunting unit 16 |","year":"2025","Shape_Length":164239.69977125453,"Shape_Area":1003091090.4518437}}]}