{"type":"FeatureCollection","features":[{"type":"Feature","id":715,"geometry":{"type":"Polygon","coordinates":[[[-108.2795,36.9997],[-108.3071,36.9997],[-108.3347,36.9997],[-108.3469,36.9997],[-108.3525,36.9997],[-108.3536,36.9997],[-108.3548,36.9997],[-108.3567,36.9996],[-108.379,36.9996],[-108.3802,36.9996],[-108.3889,36.9996],[-108.4105,36.9996],[-108.4321,36.9995],[-108.443,36.9995],[-108.4482,36.9995],[-108.4631,36.9995],[-108.4779,36.9994],[-108.4961,36.9994],[-108.5143,36.9994],[-108.5325,36.9994],[-108.5507,36.9993],[-108.5709,36.9993],[-108.5911,36.9992],[-108.6107,36.9992],[-108.6303,36.9991],[-108.6348,36.9992],[-108.6357,36.9992],[-108.6485,36.9991],[-108.6541,36.9991],[-108.6738,36.9991],[-108.6868,36.999],[-108.7025,36.999],[-108.7182,36.9989],[-108.7339,36.9989],[-108.7496,36.9988],[-108.7655,36.9989],[-108.7814,36.9989],[-108.7972,36.9989],[-108.8131,36.9989],[-108.829,36.9989],[-108.8449,36.9989],[-108.8608,36.999],[-108.8766,36.999],[-108.8925,36.999],[-108.9084,36.999],[-108.9243,36.999],[-108.9401,36.999],[-108.956,36.999],[-108.9719,36.999],[-108.9878,36.999],[-109.0037,36.9989],[-109.0244,36.999],[-109.0451,36.999],[-109.0454,36.8736],[-109.0454,36.8598],[-109.0453,36.8268],[-109.0453,36.8179],[-109.0453,36.8133],[-109.0454,36.7124],[-109.0456,36.5566],[-109.0456,36.5516],[-109.0456,36.5503],[-109.0458,36.2391],[-109.046,35.9277],[-109.0461,35.8653],[-109.0463,35.6905],[-109.0462,35.6606],[-109.022,35.6606],[-108.9977,35.6606],[-108.9734,35.6606],[-108.9491,35.6606],[-108.9249,35.6606],[-108.9006,35.6606],[-108.8763,35.6606],[-108.8521,35.6606],[-108.8278,35.6605],[-108.8035,35.6605],[-108.7792,35.6605],[-108.755,35.6604],[-108.7307,35.6604],[-108.7064,35.6603],[-108.6821,35.6603],[-108.6579,35.6602],[-108.6336,35.6601],[-108.6093,35.6601],[-108.5851,35.66],[-108.5608,35.6599],[-108.5365,35.6598],[-108.5122,35.6597],[-108.488,35.6596],[-108.4637,35.6595],[-108.4394,35.6594],[-108.4152,35.6593],[-108.3909,35.6592],[-108.3666,35.6591],[-108.3423,35.659],[-108.3181,35.6588],[-108.2938,35.6587],[-108.2695,35.6585],[-108.2703,35.749],[-108.2702,36.674],[-108.2657,36.6894],[-108.2612,36.7048],[-108.2567,36.7202],[-108.2521,36.7356],[-108.2689,36.7343],[-108.2856,36.7331],[-108.3023,36.7318],[-108.319,36.7305],[-108.3358,36.7293],[-108.3525,36.728],[-108.3692,36.7267],[-108.3859,36.7254],[-108.4002,36.738],[-108.4144,36.7505],[-108.4298,36.75],[-108.4452,36.7495],[-108.4606,36.749],[-108.476,36.7484],[-108.4914,36.7479],[-108.5068,36.7473],[-108.5222,36.7468],[-108.5376,36.7463],[-108.5369,36.8217],[-108.5187,36.836],[-108.5006,36.8503],[-108.485,36.8504],[-108.4694,36.8504],[-108.4538,36.8504],[-108.4382,36.8504],[-108.4226,36.8504],[-108.407,36.8504],[-108.3914,36.8504],[-108.3758,36.8504],[-108.3602,36.8503],[-108.3446,36.8503],[-108.329,36.8503],[-108.3134,36.8503],[-108.2978,36.8503],[-108.2822,36.8503],[-108.2666,36.8503],[-108.251,36.8502],[-108.2496,36.9996],[-108.2496,36.9997],[-108.2583,36.9997],[-108.2631,36.9997],[-108.277,36.9997],[-108.2795,36.9997]]]},"properties":{"OBJECTID":715,"state":"New Mexico","agency":"New Mexico Department of Game and Fish","unit_type":"GMU","unit_id":"1","unit_name":"GMU 1","unit_label":"New Mexico GMU 1","aliases":"1 | 1 gmu 1 | 2026 | game management unit | game management unit 1 | game management unit 1 gmu 1 | gmu | gmu 1 | gmu 1 gmu 1 | hunt unit | hunt unit 1 | hunt unit 1 gmu 1 | hunting unit | hunting unit 1 | hunting unit 1 gmu 1 | new mexico | new mexico 1","year":"2026","Shape_Length":488911.6354968038,"Shape_Area":10093629079.273138}},{"type":"Feature","id":716,"geometry":{"type":"Polygon","coordinates":[[[-107.7236,37.0],[-107.7529,37.0],[-107.7823,37.0001],[-107.7889,37.0],[-107.8035,37.0],[-107.8058,37.0],[-107.8152,36.9999],[-107.8264,36.9999],[-107.8468,36.9998],[-107.8652,36.9997],[-107.8662,36.9997],[-107.8749,36.9997],[-107.8932,36.9997],[-107.9115,36.9997],[-107.9127,36.9997],[-107.9381,36.9998],[-107.9635,36.9998],[-107.9795,36.9999],[-107.9955,36.9998],[-108.0114,36.9998],[-108.0363,36.9998],[-108.0613,36.9997],[-108.0857,36.9997],[-108.1062,36.9997],[-108.1267,36.9998],[-108.1471,36.9998],[-108.1676,36.9998],[-108.1881,36.9998],[-108.2086,36.9997],[-108.2291,36.9997],[-108.2496,36.9997],[-108.2496,36.9996],[-108.251,36.8502],[-108.2666,36.8503],[-108.2822,36.8503],[-108.2978,36.8503],[-108.3134,36.8503],[-108.329,36.8503],[-108.3446,36.8503],[-108.3602,36.8503],[-108.3758,36.8504],[-108.3914,36.8504],[-108.407,36.8504],[-108.4226,36.8504],[-108.4382,36.8504],[-108.4538,36.8504],[-108.4694,36.8504],[-108.485,36.8504],[-108.5006,36.8503],[-108.5187,36.836],[-108.5369,36.8217],[-108.5376,36.7463],[-108.5222,36.7468],[-108.5068,36.7473],[-108.4914,36.7479],[-108.476,36.7484],[-108.4606,36.749],[-108.4452,36.7495],[-108.4298,36.75],[-108.4144,36.7505],[-108.4002,36.738],[-108.3859,36.7254],[-108.3692,36.7267],[-108.3525,36.728],[-108.3358,36.7293],[-108.319,36.7305],[-108.3023,36.7318],[-108.2856,36.7331],[-108.2689,36.7343],[-108.2521,36.7356],[-108.2274,36.7294],[-108.2027,36.7232],[-108.178,36.717],[-108.1533,36.7108],[-108.1287,36.7046],[-108.104,36.6984],[-108.0793,36.6922],[-108.0546,36.6859],[-108.0377,36.6894],[-108.0207,36.6929],[-108.0038,36.6963],[-107.9869,36.6998],[-107.9721,36.6996],[-107.9572,36.6994],[-107.9424,36.6992],[-107.9276,36.6991],[-107.9128,36.6989],[-107.898,36.6987],[-107.8832,36.6985],[-107.8684,36.6983],[-107.8451,36.7073],[-107.8219,36.7163],[-107.8139,36.7474],[-107.7983,36.7499],[-107.7826,36.7524],[-107.767,36.7549],[-107.7514,36.7574],[-107.7396,36.7659],[-107.7277,36.7743],[-107.7159,36.7828],[-107.7041,36.7913],[-107.6923,36.7998],[-107.6804,36.8083],[-107.6686,36.8168],[-107.6567,36.8253],[-107.6375,36.8163],[-107.6182,36.8073],[-107.6138,36.8555],[-107.6094,36.9036],[-107.605,36.9518],[-107.6005,37.0],[-107.622,37.0],[-107.6434,37.0],[-107.6649,37.0],[-107.6863,37.0],[-107.6883,37.0],[-107.7059,37.0],[-107.7236,37.0]]]},"properties":{"OBJECTID":716,"state":"New Mexico","agency":"New Mexico Department of Game and Fish","unit_type":"GMU","unit_id":"2A","unit_name":"GMU 2A","unit_label":"New Mexico GMU 2A","aliases":"2026 | 2a | 2a gmu 2a | game management unit | game management unit 2a | game management unit 2a gmu 2a | gmu | gmu 2a | gmu 2a gmu 2a | hunt unit | hunt unit 2a | hunt unit 2a gmu 2a | hunting unit | hunting unit 2a | hunting unit 2a gmu 2a | new mexico","year":"2026","Shape_Length":221305.514206321,"Shape_Area":2020942252.0404062}},{"type":"Feature","id":717,"geometry":{"type":"Polygon","coordinates":[[[-107.1969,37.0],[-107.2122,37.0],[-107.2275,37.0],[-107.2428,37.0],[-107.2581,37.0],[-107.2705,37.0],[-107.286,37.0],[-107.3015,37.0],[-107.3145,37.0],[-107.3267,37.0001],[-107.3523,37.0001],[-107.378,37.0001],[-107.4036,37.0001],[-107.4292,37.0001],[-107.4549,37.0001],[-107.4805,37.0001],[-107.5062,37.0001],[-107.5318,37.0],[-107.5347,37.0],[-107.5458,37.0],[-107.5554,37.0],[-107.558,37.0],[-107.562,37.0],[-107.5771,37.0],[-107.5894,37.0],[-107.6005,37.0],[-107.605,36.9518],[-107.6094,36.9036],[-107.6138,36.8555],[-107.6182,36.8073],[-107.6375,36.8163],[-107.6567,36.8253],[-107.6686,36.8168],[-107.6804,36.8083],[-107.6923,36.7998],[-107.7041,36.7913],[-107.7159,36.7828],[-107.7277,36.7743],[-107.7396,36.7659],[-107.7514,36.7574],[-107.767,36.7549],[-107.7826,36.7524],[-107.7983,36.7499],[-107.8139,36.7474],[-107.8219,36.7163],[-107.8098,36.7106],[-107.7978,36.7049],[-107.7858,36.6993],[-107.7738,36.6936],[-107.7618,36.6879],[-107.7497,36.6822],[-107.7377,36.6765],[-107.7257,36.6708],[-107.7137,36.6651],[-107.7017,36.6594],[-107.6897,36.6538],[-107.6777,36.6481],[-107.6657,36.6424],[-107.6537,36.6367],[-107.6417,36.631],[-107.6297,36.6253],[-107.6007,36.6243],[-107.5716,36.6234],[-107.5521,36.6168],[-107.5325,36.6103],[-107.5129,36.6037],[-107.4934,36.5972],[-107.4738,36.5906],[-107.4543,36.584],[-107.4347,36.5775],[-107.4152,36.5709],[-107.4028,36.5544],[-107.3905,36.538],[-107.3742,36.5438],[-107.3578,36.5497],[-107.3415,36.5555],[-107.3251,36.5613],[-107.3087,36.5672],[-107.2924,36.573],[-107.276,36.5789],[-107.2597,36.5847],[-107.2433,36.5866],[-107.2269,36.5884],[-107.2105,36.5903],[-107.1942,36.5922],[-107.1948,36.6941],[-107.1955,36.7961],[-107.1962,36.8981],[-107.1969,37.0]]]},"properties":{"OBJECTID":717,"state":"New Mexico","agency":"New Mexico Department of Game and Fish","unit_type":"GMU","unit_id":"2B","unit_name":"GMU 2B","unit_label":"New Mexico GMU 2B","aliases":"2026 | 2b | 2b gmu 2b | game management unit | game management unit 2b | game management unit 2b gmu 2b | gmu | gmu 2b | gmu 2b gmu 2b | hunt unit | hunt unit 2b | hunt unit 2b gmu 2b | hunting unit | hunting unit 2b | hunting unit 2b gmu 2b | new mexico","year":"2026","Shape_Length":190320.71189477795,"Shape_Area":1949098948.183758}},{"type":"Feature","id":718,"geometry":{"type":"Polygon","coordinates":[[[-107.6297,36.6253],[-107.6417,36.631],[-107.6537,36.6367],[-107.6657,36.6424],[-107.6777,36.6481],[-107.6897,36.6538],[-107.7017,36.6594],[-107.7137,36.6651],[-107.7257,36.6708],[-107.7377,36.6765],[-107.7497,36.6822],[-107.7618,36.6879],[-107.7738,36.6936],[-107.7858,36.6993],[-107.7978,36.7049],[-107.8098,36.7106],[-107.8219,36.7163],[-107.8451,36.7073],[-107.8684,36.6983],[-107.8832,36.6985],[-107.898,36.6987],[-107.9128,36.6989],[-107.9276,36.6991],[-107.9424,36.6992],[-107.9572,36.6994],[-107.9721,36.6996],[-107.9869,36.6998],[-107.994,36.6828],[-108.0011,36.6657],[-108.0082,36.6487],[-108.0152,36.6317],[-108.0045,36.6102],[-107.9938,36.5886],[-107.9831,36.5671],[-107.9724,36.5456],[-107.9612,36.5331],[-107.9501,36.5206],[-107.939,36.5081],[-107.9278,36.4957],[-107.9167,36.4832],[-107.9056,36.4707],[-107.8944,36.4582],[-107.8833,36.4457],[-107.8722,36.4332],[-107.8611,36.4208],[-107.85,36.4083],[-107.8389,36.3958],[-107.8278,36.3833],[-107.8167,36.3708],[-107.8056,36.3583],[-107.7945,36.3458],[-107.7849,36.3326],[-107.7752,36.3194],[-107.7656,36.3063],[-107.7559,36.2931],[-107.7463,36.2799],[-107.7367,36.2667],[-107.727,36.2535],[-107.7174,36.2403],[-107.6979,36.2457],[-107.6785,36.2511],[-107.659,36.2565],[-107.6395,36.2619],[-107.6256,36.255],[-107.6117,36.2481],[-107.5978,36.2412],[-107.5838,36.2343],[-107.5622,36.2297],[-107.5406,36.225],[-107.519,36.2204],[-107.4974,36.2158],[-107.4758,36.2112],[-107.4542,36.2066],[-107.4326,36.2019],[-107.4111,36.1973],[-107.4106,36.3604],[-107.4102,36.5236],[-107.3832,36.5235],[-107.3562,36.5233],[-107.3292,36.5232],[-107.3022,36.5231],[-107.2751,36.523],[-107.2481,36.5228],[-107.2211,36.5227],[-107.1941,36.5225],[-107.1942,36.5922],[-107.2105,36.5903],[-107.2269,36.5884],[-107.2433,36.5866],[-107.2597,36.5847],[-107.276,36.5789],[-107.2924,36.573],[-107.3087,36.5672],[-107.3251,36.5613],[-107.3415,36.5555],[-107.3578,36.5497],[-107.3742,36.5438],[-107.3905,36.538],[-107.4028,36.5544],[-107.4152,36.5709],[-107.4347,36.5775],[-107.4543,36.584],[-107.4738,36.5906],[-107.4934,36.5972],[-107.5129,36.6037],[-107.5325,36.6103],[-107.5521,36.6168],[-107.5716,36.6234],[-107.6007,36.6243],[-107.6297,36.6253]]]},"properties":{"OBJECTID":718,"state":"New Mexico","agency":"New Mexico Department of Game and Fish","unit_type":"GMU","unit_id":"2C","unit_name":"GMU 2C","unit_label":"New Mexico GMU 2C","aliases":"2026 | 2c | 2c gmu 2c | game management unit | game management unit 2c | game management unit 2c gmu 2c | gmu | gmu 2c | gmu 2c gmu 2c | hunt unit | hunt unit 2c | hunt unit 2c gmu 2c | hunting unit | hunting unit 2c | hunting unit 2c gmu 2c | new mexico","year":"2026","Shape_Length":230117.21286069314,"Shape_Area":2066372352.0865076}},{"type":"Feature","id":719,"geometry":{"type":"Polygon","coordinates":[[[-106.9855,37.0001],[-107.0119,37.0001],[-107.0384,37.0001],[-107.0648,37.0001],[-107.0912,37.0001],[-107.1176,37.0001],[-107.1441,37.0001],[-107.1705,37.0001],[-107.1969,37.0],[-107.1962,36.8981],[-107.1955,36.7961],[-107.1948,36.6941],[-107.1942,36.5922],[-107.1941,36.5225],[-107.2211,36.5227],[-107.2481,36.5228],[-107.2751,36.523],[-107.3022,36.5231],[-107.3292,36.5232],[-107.3562,36.5233],[-107.3832,36.5235],[-107.4102,36.5236],[-107.4106,36.3604],[-107.4111,36.1973],[-107.413,36.086],[-107.3967,36.0861],[-107.3805,36.0861],[-107.3642,36.0861],[-107.3479,36.0861],[-107.3317,36.0861],[-107.3154,36.0861],[-107.2991,36.0861],[-107.2829,36.0861],[-107.2666,36.0861],[-107.2504,36.086],[-107.2341,36.086],[-107.2178,36.086],[-107.2016,36.086],[-107.1853,36.086],[-107.169,36.086],[-107.1528,36.0859],[-107.1327,36.086],[-107.1127,36.086],[-107.0926,36.086],[-107.0725,36.086],[-107.0525,36.086],[-107.0324,36.086],[-107.0124,36.086],[-106.9923,36.0859],[-106.9924,36.2238],[-106.9922,36.26],[-107.0181,36.26],[-107.044,36.2599],[-107.07,36.2599],[-107.0959,36.2598],[-107.1218,36.2597],[-107.1478,36.2597],[-107.1737,36.2596],[-107.1996,36.2595],[-107.1974,36.3478],[-107.1952,36.436],[-107.1683,36.436],[-107.1414,36.4359],[-107.1145,36.4359],[-107.0876,36.4358],[-107.0871,36.5211],[-107.0634,36.5212],[-107.0398,36.5212],[-107.0162,36.5211],[-106.9925,36.5211],[-106.9657,36.5211],[-106.9388,36.5212],[-106.9119,36.5211],[-106.885,36.5211],[-106.8581,36.5211],[-106.8312,36.5211],[-106.8043,36.5211],[-106.7774,36.521],[-106.7788,36.5538],[-106.7633,36.5535],[-106.7478,36.5533],[-106.7323,36.5531],[-106.7169,36.5529],[-106.7337,36.569],[-106.7505,36.5852],[-106.7564,36.6052],[-106.7622,36.6251],[-106.7681,36.6451],[-106.774,36.6651],[-106.7672,36.6757],[-106.7603,36.6863],[-106.7535,36.697],[-106.7467,36.7076],[-106.7319,36.7138],[-106.7172,36.72],[-106.7024,36.7262],[-106.6877,36.7323],[-106.6607,36.7325],[-106.6337,36.7326],[-106.6067,36.7327],[-106.5797,36.7329],[-106.5768,36.7847],[-106.5739,36.8365],[-106.5919,36.8389],[-106.6099,36.8412],[-106.628,36.8436],[-106.646,36.846],[-106.664,36.8483],[-106.6821,36.8507],[-106.7001,36.853],[-106.7182,36.8554],[-106.7267,36.8446],[-106.7351,36.8339],[-106.7436,36.8231],[-106.7521,36.8123],[-106.7581,36.8253],[-106.7641,36.8382],[-106.7702,36.8512],[-106.7762,36.8641],[-106.8023,36.87],[-106.8285,36.8758],[-106.8547,36.8816],[-106.8809,36.8874],[-106.907,36.8932],[-106.9332,36.899],[-106.9594,36.9048],[-106.9856,36.9106],[-106.9855,37.0001]]]},"properties":{"OBJECTID":719,"state":"New Mexico","agency":"New Mexico Department of Game and Fish","unit_type":"GMU","unit_id":"3","unit_name":"GMU 3","unit_label":"New Mexico GMU 3","aliases":"2026 | 3 | 3 gmu 3 | game management unit | game management unit 3 | game management unit 3 gmu 3 | gmu | gmu 3 | gmu 3 gmu 3 | hunt unit | hunt unit 3 | hunt unit 3 gmu 3 | hunting unit | hunting unit 3 | hunting unit 3 gmu 3 | new mexico | new mexico 3","year":"2026","Shape_Length":391675.08811729716,"Shape_Area":3398844892.341063}},{"type":"Feature","id":720,"geometry":{"type":"Polygon","coordinates":[[[-106.8698,36.9925],[-106.8926,36.9963],[-106.9154,37.0001],[-106.9303,37.0001],[-106.9353,37.0001],[-106.943,37.0001],[-106.952,37.0001],[-106.9617,37.0001],[-106.9677,37.0001],[-106.9715,37.0001],[-106.9855,37.0001],[-106.9856,36.9106],[-106.9594,36.9048],[-106.9332,36.899],[-106.907,36.8932],[-106.8809,36.8874],[-106.8547,36.8816],[-106.8285,36.8758],[-106.8023,36.87],[-106.7762,36.8641],[-106.7702,36.8512],[-106.7641,36.8382],[-106.7581,36.8253],[-106.7521,36.8123],[-106.7436,36.8231],[-106.7351,36.8339],[-106.7267,36.8446],[-106.7182,36.8554],[-106.7001,36.853],[-106.6821,36.8507],[-106.664,36.8483],[-106.646,36.846],[-106.628,36.8436],[-106.6099,36.8412],[-106.5919,36.8389],[-106.5739,36.8365],[-106.5768,36.7847],[-106.5797,36.7329],[-106.6067,36.7327],[-106.6337,36.7326],[-106.6607,36.7325],[-106.6877,36.7323],[-106.7024,36.7262],[-106.7172,36.72],[-106.7319,36.7138],[-106.7467,36.7076],[-106.7535,36.697],[-106.7603,36.6863],[-106.7672,36.6757],[-106.774,36.6651],[-106.7681,36.6451],[-106.7622,36.6251],[-106.7564,36.6052],[-106.7505,36.5852],[-106.7337,36.569],[-106.7169,36.5529],[-106.7163,36.5525],[-106.6924,36.5582],[-106.6685,36.5639],[-106.6447,36.5696],[-106.6208,36.5753],[-106.5941,36.5768],[-106.5674,36.5783],[-106.5407,36.5797],[-106.514,36.5812],[-106.4971,36.5902],[-106.4801,36.5992],[-106.4632,36.6082],[-106.4463,36.6172],[-106.419,36.6175],[-106.3918,36.6179],[-106.3645,36.6183],[-106.3373,36.6187],[-106.31,36.619],[-106.2828,36.6194],[-106.2555,36.6197],[-106.2283,36.6201],[-106.2254,36.6445],[-106.2224,36.6688],[-106.2337,36.6767],[-106.245,36.6847],[-106.2563,36.6926],[-106.2677,36.7005],[-106.279,36.7084],[-106.2903,36.7163],[-106.3016,36.7242],[-106.3129,36.7321],[-106.3073,36.7442],[-106.3016,36.7563],[-106.2959,36.7683],[-106.2902,36.7804],[-106.2845,36.7925],[-106.2788,36.8046],[-106.2731,36.8166],[-106.2674,36.8287],[-106.2805,36.8366],[-106.2936,36.8445],[-106.3066,36.8524],[-106.3197,36.8603],[-106.3328,36.8682],[-106.3459,36.8761],[-106.3589,36.884],[-106.372,36.8919],[-106.3758,36.948],[-106.3967,36.9521],[-106.4175,36.9562],[-106.4384,36.9603],[-106.4593,36.9643],[-106.4681,36.9789],[-106.477,36.9936],[-106.5016,36.9935],[-106.5262,36.9934],[-106.5508,36.9934],[-106.5754,36.9933],[-106.6,36.9932],[-106.6246,36.9931],[-106.6492,36.993],[-106.6738,36.9929],[-106.6982,36.9929],[-106.7261,36.9928],[-106.7541,36.9927],[-106.7821,36.9926],[-106.81,36.9925],[-106.8352,36.9925],[-106.8434,36.9925],[-106.8517,36.9925],[-106.8619,36.9925],[-106.869,36.9925],[-106.8698,36.9925]]]},"properties":{"OBJECTID":720,"state":"New Mexico","agency":"New Mexico Department of Game and Fish","unit_type":"GMU","unit_id":"4","unit_name":"GMU 4","unit_label":"New Mexico GMU 4","aliases":"2026 | 4 | 4 gmu 4 | game management unit | game management unit 4 | game management unit 4 gmu 4 | gmu | gmu 4 | gmu 4 gmu 4 | hunt unit | hunt unit 4 | hunt unit 4 gmu 4 | hunting unit | hunting unit 4 | hunting unit 4 gmu 4 | new mexico | new mexico 4","year":"2026","Shape_Length":247089.20967317716,"Shape_Area":1819668537.4086857}},{"type":"Feature","id":721,"geometry":{"type":"Polygon","coordinates":[[[-106.9925,36.5211],[-107.0162,36.5211],[-107.0398,36.5212],[-107.0634,36.5212],[-107.0871,36.5211],[-107.0876,36.4358],[-107.1145,36.4359],[-107.1414,36.4359],[-107.1683,36.436],[-107.1952,36.436],[-107.1974,36.3478],[-107.1996,36.2595],[-107.1737,36.2596],[-107.1478,36.2597],[-107.1218,36.2597],[-107.0959,36.2598],[-107.07,36.2599],[-107.044,36.2599],[-107.0181,36.26],[-106.9922,36.26],[-106.9924,36.2238],[-106.9746,36.2254],[-106.9568,36.2269],[-106.939,36.2285],[-106.9211,36.2301],[-106.9033,36.2316],[-106.8854,36.2332],[-106.8676,36.2347],[-106.8498,36.2363],[-106.8406,36.2555],[-106.8315,36.2747],[-106.8315,36.3759],[-106.8516,36.3688],[-106.8718,36.3616],[-106.8919,36.3544],[-106.9121,36.3472],[-106.9221,36.3381],[-106.9322,36.329],[-106.9422,36.3199],[-106.9523,36.3108],[-106.9623,36.3018],[-106.9724,36.2927],[-106.9824,36.2836],[-106.9924,36.2745],[-106.9925,36.5211]]]},"properties":{"OBJECTID":721,"state":"New Mexico","agency":"New Mexico Department of Game and Fish","unit_type":"GMU","unit_id":"5A","unit_name":"GMU 5A","unit_label":"New Mexico GMU 5A","aliases":"2026 | 5a | 5a gmu 5a | game management unit | game management unit 5a | game management unit 5a gmu 5a | gmu | gmu 5a | gmu 5a gmu 5a | hunt unit | hunt unit 5a | hunt unit 5a gmu 5a | hunting unit | hunting unit 5a | hunting unit 5a gmu 5a | new mexico","year":"2026","Shape_Length":144850.9970443258,"Shape_Area":605565203.8391515}},{"type":"Feature","id":722,"geometry":{"type":"Polygon","coordinates":[[[-106.7169,36.5529],[-106.7323,36.5531],[-106.7478,36.5533],[-106.7633,36.5535],[-106.7788,36.5538],[-106.7774,36.521],[-106.8043,36.5211],[-106.8312,36.5211],[-106.8581,36.5211],[-106.885,36.5211],[-106.9119,36.5211],[-106.9388,36.5212],[-106.9657,36.5211],[-106.9925,36.5211],[-106.9924,36.2745],[-106.9824,36.2836],[-106.9724,36.2927],[-106.9623,36.3018],[-106.9523,36.3108],[-106.9422,36.3199],[-106.9322,36.329],[-106.9221,36.3381],[-106.9121,36.3472],[-106.8919,36.3544],[-106.8718,36.3616],[-106.8516,36.3688],[-106.8315,36.3759],[-106.8315,36.2747],[-106.8406,36.2555],[-106.8498,36.2363],[-106.8301,36.2273],[-106.8105,36.2184],[-106.7908,36.2095],[-106.7712,36.2005],[-106.7464,36.202],[-106.7215,36.2036],[-106.7051,36.1931],[-106.6886,36.1827],[-106.6721,36.1723],[-106.6557,36.1619],[-106.6324,36.1683],[-106.6091,36.1747],[-106.5858,36.1811],[-106.5625,36.1874],[-106.5465,36.1989],[-106.5304,36.2103],[-106.5144,36.2218],[-106.4984,36.2332],[-106.4772,36.2276],[-106.4559,36.2219],[-106.4445,36.23],[-106.4331,36.2381],[-106.4217,36.2462],[-106.4102,36.2543],[-106.4174,36.2658],[-106.4246,36.2774],[-106.4318,36.289],[-106.4389,36.3005],[-106.4575,36.3097],[-106.476,36.3189],[-106.4945,36.3281],[-106.5131,36.3373],[-106.526,36.3284],[-106.5389,36.3194],[-106.5518,36.3104],[-106.5647,36.3014],[-106.5783,36.3076],[-106.5919,36.3138],[-106.6056,36.32],[-106.6192,36.3262],[-106.6328,36.3325],[-106.6465,36.3387],[-106.6601,36.3449],[-106.6737,36.3511],[-106.6813,36.3726],[-106.6889,36.3941],[-106.6966,36.4155],[-106.7042,36.437],[-106.7118,36.4585],[-106.7194,36.48],[-106.727,36.5014],[-106.7347,36.5229],[-106.7255,36.5377],[-106.7163,36.5525],[-106.7169,36.5529]]]},"properties":{"OBJECTID":722,"state":"New Mexico","agency":"New Mexico Department of Game and Fish","unit_type":"GMU","unit_id":"5B","unit_name":"GMU 5B","unit_label":"New Mexico GMU 5B","aliases":"2026 | 5b | 5b gmu 5b | game management unit | game management unit 5b | game management unit 5b gmu 5b | gmu | gmu 5b | gmu 5b gmu 5b | hunt unit | hunt unit 5b | hunt unit 5b gmu 5b | hunting unit | hunting unit 5b | hunting unit 5b gmu 5b | new mexico","year":"2026","Shape_Length":191001.99926651164,"Shape_Area":1069318170.7930486}},{"type":"Feature","id":723,"geometry":{"type":"Polygon","coordinates":[[[-106.8498,36.2363],[-106.8676,36.2347],[-106.8854,36.2332],[-106.9033,36.2316],[-106.9211,36.2301],[-106.939,36.2285],[-106.9568,36.2269],[-106.9746,36.2254],[-106.9924,36.2238],[-106.9923,36.0859],[-107.0124,36.086],[-107.0324,36.086],[-107.0525,36.086],[-107.0725,36.086],[-107.0926,36.086],[-107.1127,36.086],[-107.1327,36.086],[-107.1528,36.0859],[-107.1374,36.0788],[-107.122,36.0716],[-107.1062,36.0716],[-107.0905,36.0716],[-107.0747,36.0716],[-107.059,36.0716],[-107.0432,36.0716],[-107.0274,36.0716],[-107.0117,36.0716],[-106.9959,36.0715],[-106.9865,36.0597],[-106.9771,36.0478],[-106.9677,36.0359],[-106.9584,36.024],[-106.9665,36.0093],[-106.9747,35.9947],[-106.9828,35.98],[-106.991,35.9653],[-106.9848,35.9358],[-106.9787,35.9062],[-106.9725,35.8766],[-106.9664,35.847],[-106.9727,35.8131],[-106.979,35.7793],[-106.9853,35.7454],[-106.9916,35.7116],[-106.9739,35.7115],[-106.9562,35.7114],[-106.9562,35.5484],[-106.9405,35.5478],[-106.9248,35.5473],[-106.909,35.5467],[-106.8933,35.5461],[-106.8776,35.5455],[-106.8619,35.5449],[-106.8462,35.5443],[-106.8305,35.5437],[-106.8142,35.5359],[-106.7978,35.528],[-106.7815,35.5202],[-106.7652,35.5124],[-106.7489,35.5046],[-106.7325,35.4967],[-106.7162,35.4889],[-106.6999,35.481],[-106.6854,35.4646],[-106.6709,35.4482],[-106.6564,35.4318],[-106.6418,35.4154],[-106.6363,35.3906],[-106.6307,35.3657],[-106.6186,35.3596],[-106.6065,35.3534],[-106.5944,35.3472],[-106.5823,35.3411],[-106.5703,35.3349],[-106.5582,35.3287],[-106.5461,35.3225],[-106.534,35.3164],[-106.5236,35.326],[-106.5133,35.3356],[-106.5029,35.3452],[-106.4925,35.3548],[-106.4821,35.3645],[-106.4717,35.3741],[-106.4613,35.3837],[-106.451,35.3933],[-106.4369,35.401],[-106.4228,35.4087],[-106.4087,35.4164],[-106.3946,35.4241],[-106.3805,35.4318],[-106.3664,35.4395],[-106.3523,35.4472],[-106.3382,35.4549],[-106.324,35.4626],[-106.3099,35.4703],[-106.2958,35.478],[-106.2817,35.4856],[-106.2676,35.4933],[-106.2534,35.501],[-106.2393,35.5087],[-106.2252,35.5164],[-106.2479,35.5262],[-106.2706,35.5361],[-106.2806,35.5457],[-106.2906,35.5552],[-106.3005,35.5648],[-106.3105,35.5743],[-106.3205,35.5839],[-106.3305,35.5934],[-106.3405,35.603],[-106.3505,35.6125],[-106.3655,35.6229],[-106.3806,35.6333],[-106.3957,35.6436],[-106.4107,35.654],[-106.4258,35.6644],[-106.4409,35.6747],[-106.456,35.6851],[-106.4711,35.6954],[-106.4826,35.7095],[-106.494,35.7235],[-106.5055,35.7375],[-106.517,35.7515],[-106.5121,35.7705],[-106.5071,35.7896],[-106.5022,35.8087],[-106.4972,35.8278],[-106.5128,35.8278],[-106.5283,35.8277],[-106.5438,35.8277],[-106.5594,35.8277],[-106.5749,35.8276],[-106.5904,35.8276],[-106.6059,35.8276],[-106.6215,35.8275],[-106.6214,35.9874],[-106.6422,35.9903],[-106.6629,35.9933],[-106.6836,35.9962],[-106.7044,35.9992],[-106.6966,36.0157],[-106.6888,36.0323],[-106.681,36.0488],[-106.6732,36.0653],[-106.682,36.0822],[-106.6908,36.099],[-106.6997,36.1159],[-106.7085,36.1327],[-106.7242,36.1496],[-106.7398,36.1666],[-106.7555,36.1836],[-106.7712,36.2005],[-106.7908,36.2095],[-106.8105,36.2184],[-106.8301,36.2273],[-106.8498,36.2363]]]},"properties":{"OBJECTID":723,"state":"New Mexico","agency":"New Mexico Department of Game and Fish","unit_type":"GMU","unit_id":"6A","unit_name":"GMU 6A","unit_label":"New Mexico GMU 6A","aliases":"2026 | 6a | 6a gmu 6a | game management unit | game management unit 6a | game management unit 6a gmu 6a | gmu | gmu 6a | gmu 6a gmu 6a | hunt unit | hunt unit 6a | hunt unit 6a gmu 6a | hunting unit | hunting unit 6a | hunting unit 6a gmu 6a | new mexico","year":"2026","Shape_Length":323005.2109306487,"Shape_Area":3435875389.444848}},{"type":"Feature","id":724,"geometry":{"type":"Polygon","coordinates":[[[-106.4446,36.0083],[-106.4667,36.0083],[-106.4888,36.0083],[-106.5109,36.0083],[-106.533,36.0083],[-106.5551,36.0083],[-106.5772,36.0083],[-106.5993,36.0083],[-106.6214,36.0083],[-106.6214,35.9874],[-106.6215,35.8275],[-106.6059,35.8276],[-106.5904,35.8276],[-106.5749,35.8276],[-106.5594,35.8277],[-106.5438,35.8277],[-106.5283,35.8277],[-106.5128,35.8278],[-106.4972,35.8278],[-106.4729,35.8366],[-106.4485,35.8454],[-106.4241,35.8543],[-106.3997,35.8631],[-106.3997,35.9502],[-106.4109,35.9647],[-106.4221,35.9793],[-106.4334,35.9938],[-106.4446,36.0083]]]},"properties":{"OBJECTID":724,"state":"New Mexico","agency":"New Mexico Department of Game and Fish","unit_type":"GMU","unit_id":"6B","unit_name":"GMU 6B","unit_label":"New Mexico GMU 6B","aliases":"2026 | 6b | 6b gmu 6b | game management unit | game management unit 6b | game management unit 6b gmu 6b | gmu | gmu 6b | gmu 6b gmu 6b | hunt unit | hunt unit 6b | hunt unit 6b gmu 6b | hunting unit | hunting unit 6b | hunting unit 6b gmu 6b | new mexico","year":"2026","Shape_Length":74147.07443677996,"Shape_Area":370753518.42671627}},{"type":"Feature","id":725,"geometry":{"type":"Polygon","coordinates":[[[-106.3376,36.2105],[-106.3558,36.2214],[-106.3739,36.2324],[-106.3921,36.2433],[-106.4102,36.2543],[-106.4217,36.2462],[-106.4331,36.2381],[-106.4445,36.23],[-106.4559,36.2219],[-106.4772,36.2276],[-106.4984,36.2332],[-106.5144,36.2218],[-106.5304,36.2103],[-106.5465,36.1989],[-106.5625,36.1874],[-106.5858,36.1811],[-106.6091,36.1747],[-106.6324,36.1683],[-106.6557,36.1619],[-106.6721,36.1723],[-106.6886,36.1827],[-106.7051,36.1931],[-106.7215,36.2036],[-106.7464,36.202],[-106.7712,36.2005],[-106.7555,36.1836],[-106.7398,36.1666],[-106.7242,36.1496],[-106.7085,36.1327],[-106.6997,36.1159],[-106.6908,36.099],[-106.682,36.0822],[-106.6732,36.0653],[-106.681,36.0488],[-106.6888,36.0323],[-106.6966,36.0157],[-106.7044,35.9992],[-106.6836,35.9962],[-106.6629,35.9933],[-106.6422,35.9903],[-106.6214,35.9874],[-106.6214,36.0083],[-106.5993,36.0083],[-106.5772,36.0083],[-106.5551,36.0083],[-106.533,36.0083],[-106.5109,36.0083],[-106.4888,36.0083],[-106.4667,36.0083],[-106.4446,36.0083],[-106.4334,35.9938],[-106.4221,35.9793],[-106.4109,35.9647],[-106.3997,35.9502],[-106.3997,35.8631],[-106.4241,35.8543],[-106.4485,35.8454],[-106.4729,35.8366],[-106.4972,35.8278],[-106.5022,35.8087],[-106.5071,35.7896],[-106.5121,35.7705],[-106.517,35.7515],[-106.5055,35.7375],[-106.494,35.7235],[-106.4826,35.7095],[-106.4711,35.6954],[-106.456,35.6851],[-106.4409,35.6747],[-106.4258,35.6644],[-106.4107,35.654],[-106.3957,35.6436],[-106.3806,35.6333],[-106.3655,35.6229],[-106.3505,35.6125],[-106.3405,35.603],[-106.3305,35.5934],[-106.3205,35.5839],[-106.3105,35.5743],[-106.3005,35.5648],[-106.2906,35.5552],[-106.2806,35.5457],[-106.2706,35.5361],[-106.2479,35.5262],[-106.2252,35.5164],[-106.2095,35.5184],[-106.1939,35.5204],[-106.1783,35.5224],[-106.1626,35.5244],[-106.1467,35.5346],[-106.1307,35.5447],[-106.1147,35.5549],[-106.0988,35.5651],[-106.0828,35.5753],[-106.0668,35.5854],[-106.0509,35.5956],[-106.0349,35.6057],[-106.0153,35.613],[-105.9957,35.6203],[-105.976,35.6276],[-105.9564,35.6349],[-105.9503,35.6574],[-105.9442,35.6799],[-105.9382,35.7023],[-105.9321,35.7248],[-105.9403,35.7548],[-105.9485,35.7849],[-105.9578,35.7983],[-105.9671,35.8118],[-105.9765,35.8252],[-105.9858,35.8387],[-105.9951,35.8521],[-106.0044,35.8656],[-106.0138,35.879],[-106.0231,35.8924],[-106.021,35.9519],[-106.0321,35.9611],[-106.0433,35.9703],[-106.0545,35.9796],[-106.0657,35.9888],[-106.0732,35.9996],[-106.0808,36.0104],[-106.0883,36.0212],[-106.0959,36.032],[-106.1034,36.0427],[-106.111,36.0535],[-106.1186,36.0643],[-106.1261,36.0751],[-106.1337,36.0859],[-106.1413,36.0967],[-106.1489,36.1074],[-106.1564,36.1182],[-106.164,36.129],[-106.1716,36.1398],[-106.1792,36.1505],[-106.1868,36.1613],[-106.204,36.1737],[-106.2212,36.1861],[-106.2384,36.1986],[-106.2556,36.211],[-106.2761,36.2108],[-106.2966,36.2107],[-106.3171,36.2106],[-106.3376,36.2105]]]},"properties":{"OBJECTID":725,"state":"New Mexico","agency":"New Mexico Department of Game and Fish","unit_type":"GMU","unit_id":"6C","unit_name":"GMU 6C","unit_label":"New Mexico GMU 6C","aliases":"2026 | 6c | 6c gmu 6c | game management unit | game management unit 6c | game management unit 6c gmu 6c | gmu | gmu 6c | gmu 6c gmu 6c | hunt unit | hunt unit 6c | hunt unit 6c gmu 6c | hunting unit | hunting unit 6c | hunting unit 6c gmu 6c | new mexico","year":"2026","Shape_Length":279616.24768637813,"Shape_Area":3126998885.760134}},{"type":"Feature","id":726,"geometry":{"type":"Polygon","coordinates":[[[-108.0546,36.6859],[-108.0793,36.6922],[-108.104,36.6984],[-108.1287,36.7046],[-108.1533,36.7108],[-108.178,36.717],[-108.2027,36.7232],[-108.2274,36.7294],[-108.2521,36.7356],[-108.2567,36.7202],[-108.2612,36.7048],[-108.2657,36.6894],[-108.2702,36.674],[-108.2703,35.749],[-108.2594,35.7424],[-108.2485,35.7358],[-108.2377,35.7293],[-108.2268,35.7227],[-108.2159,35.7161],[-108.2051,35.7095],[-108.1942,35.703],[-108.1834,35.6964],[-108.1597,35.6963],[-108.1361,35.6962],[-108.1298,35.6781],[-108.1235,35.6599],[-108.1173,35.6418],[-108.111,35.6236],[-108.1184,35.6122],[-108.1258,35.6007],[-108.1332,35.5893],[-108.1406,35.5778],[-108.1261,35.5809],[-108.1115,35.584],[-108.097,35.5871],[-108.0825,35.5902],[-108.068,35.5933],[-108.0535,35.5963],[-108.0389,35.5994],[-108.0244,35.6025],[-108.0128,35.5965],[-108.0012,35.5905],[-107.9896,35.5845],[-107.9779,35.5785],[-107.9718,35.5599],[-107.9579,35.5669],[-107.9439,35.5738],[-107.9299,35.5807],[-107.916,35.5876],[-107.902,35.5946],[-107.888,35.6015],[-107.8741,35.6084],[-107.8601,35.6153],[-107.8497,35.6245],[-107.8394,35.6336],[-107.829,35.6427],[-107.8186,35.6519],[-107.8042,35.6475],[-107.7897,35.6431],[-107.7752,35.6388],[-107.7607,35.6344],[-107.7462,35.63],[-107.7317,35.6256],[-107.7173,35.6212],[-107.7028,35.6169],[-107.6883,35.6125],[-107.6738,35.6081],[-107.6594,35.6037],[-107.6449,35.5993],[-107.6304,35.5949],[-107.616,35.5905],[-107.6015,35.5861],[-107.587,35.5817],[-107.5704,35.5812],[-107.5538,35.5807],[-107.5372,35.5803],[-107.5206,35.5798],[-107.5051,35.5891],[-107.4895,35.5984],[-107.4739,35.6078],[-107.4583,35.6171],[-107.4427,35.6264],[-107.4271,35.6358],[-107.4114,35.6451],[-107.3958,35.6544],[-107.3729,35.6541],[-107.3501,35.6538],[-107.3272,35.6535],[-107.3043,35.6532],[-107.2828,35.646],[-107.2614,35.6388],[-107.24,35.6315],[-107.2185,35.6243],[-107.1914,35.6261],[-107.1643,35.6279],[-107.1371,35.6297],[-107.11,35.6315],[-107.0952,35.6415],[-107.0804,35.6515],[-107.0656,35.6615],[-107.0508,35.6716],[-107.036,35.6816],[-107.0212,35.6916],[-107.0064,35.7016],[-106.9916,35.7116],[-106.9853,35.7454],[-106.979,35.7793],[-106.9727,35.8131],[-106.9664,35.847],[-106.9725,35.8766],[-106.9787,35.9062],[-106.9848,35.9358],[-106.991,35.9653],[-106.9828,35.98],[-106.9747,35.9947],[-106.9665,36.0093],[-106.9584,36.024],[-106.9677,36.0359],[-106.9771,36.0478],[-106.9865,36.0597],[-106.9959,36.0715],[-107.0117,36.0716],[-107.0274,36.0716],[-107.0432,36.0716],[-107.059,36.0716],[-107.0747,36.0716],[-107.0905,36.0716],[-107.1062,36.0716],[-107.122,36.0716],[-107.1374,36.0788],[-107.1528,36.0859],[-107.169,36.086],[-107.1853,36.086],[-107.2016,36.086],[-107.2178,36.086],[-107.2341,36.086],[-107.2504,36.086],[-107.2666,36.0861],[-107.2829,36.0861],[-107.2991,36.0861],[-107.3154,36.0861],[-107.3317,36.0861],[-107.3479,36.0861],[-107.3642,36.0861],[-107.3805,36.0861],[-107.3967,36.0861],[-107.413,36.086],[-107.4111,36.1973],[-107.4326,36.2019],[-107.4542,36.2066],[-107.4758,36.2112],[-107.4974,36.2158],[-107.519,36.2204],[-107.5406,36.225],[-107.5622,36.2297],[-107.5838,36.2343],[-107.5978,36.2412],[-107.6117,36.2481],[-107.6256,36.255],[-107.6395,36.2619],[-107.659,36.2565],[-107.6785,36.2511],[-107.6979,36.2457],[-107.7174,36.2403],[-107.727,36.2535],[-107.7367,36.2667],[-107.7463,36.2799],[-107.7559,36.2931],[-107.7656,36.3063],[-107.7752,36.3194],[-107.7849,36.3326],[-107.7945,36.3458],[-107.8056,36.3583],[-107.8167,36.3708],[-107.8278,36.3833],[-107.8389,36.3958],[-107.85,36.4083],[-107.8611,36.4208],[-107.8722,36.4332],[-107.8833,36.4457],[-107.8944,36.4582],[-107.9056,36.4707],[-107.9167,36.4832],[-107.9278,36.4957],[-107.939,36.5081],[-107.9501,36.5206],[-107.9612,36.5331],[-107.9724,36.5456],[-107.9831,36.5671],[-107.9938,36.5886],[-108.0045,36.6102],[-108.0152,36.6317],[-108.0082,36.6487],[-108.0011,36.6657],[-107.994,36.6828],[-107.9869,36.6998],[-108.0038,36.6963],[-108.0207,36.6929],[-108.0377,36.6894],[-108.0546,36.6859]]]},"properties":{"OBJECTID":726,"state":"New Mexico","agency":"New Mexico Department of Game and Fish","unit_type":"GMU","unit_id":"7","unit_name":"GMU 7","unit_label":"New Mexico GMU 7","aliases":"2026 | 7 | 7 gmu 7 | game management unit | game management unit 7 | game management unit 7 gmu 7 | gmu | gmu 7 | gmu 7 gmu 7 | hunt unit | hunt unit 7 | hunt unit 7 gmu 7 | hunting unit | hunting unit 7 | hunting unit 7 gmu 7 | new mexico | new mexico 7","year":"2026","Shape_Length":462049.8425518535,"Shape_Area":8900010885.67645}},{"type":"Feature","id":727,"geometry":{"type":"Polygon","coordinates":[[[-106.0697,35.4533],[-106.0657,35.487],[-106.0616,35.5206],[-106.0576,35.5543],[-106.0535,35.5879],[-106.0442,35.5968],[-106.0349,35.6057],[-106.0509,35.5956],[-106.0668,35.5854],[-106.0828,35.5753],[-106.0988,35.5651],[-106.1147,35.5549],[-106.1307,35.5447],[-106.1467,35.5346],[-106.1626,35.5244],[-106.1783,35.5224],[-106.1939,35.5204],[-106.2095,35.5184],[-106.2252,35.5164],[-106.2393,35.5087],[-106.2534,35.501],[-106.2676,35.4933],[-106.2817,35.4856],[-106.2958,35.478],[-106.3099,35.4703],[-106.324,35.4626],[-106.3382,35.4549],[-106.3523,35.4472],[-106.3664,35.4395],[-106.3805,35.4318],[-106.3946,35.4241],[-106.4087,35.4164],[-106.4228,35.4087],[-106.4369,35.401],[-106.451,35.3933],[-106.4613,35.3837],[-106.4717,35.3741],[-106.4821,35.3645],[-106.4925,35.3548],[-106.5029,35.3452],[-106.5133,35.3356],[-106.5236,35.326],[-106.534,35.3164],[-106.5418,35.3018],[-106.5495,35.2871],[-106.5572,35.2725],[-106.565,35.2579],[-106.5713,35.2302],[-106.5777,35.2024],[-106.584,35.1746],[-106.5903,35.1469],[-106.6001,35.1365],[-106.6099,35.1262],[-106.6197,35.1159],[-106.6295,35.1055],[-106.6116,35.1005],[-106.5937,35.0955],[-106.5758,35.0905],[-106.5579,35.0855],[-106.54,35.0805],[-106.5221,35.0755],[-106.5043,35.0705],[-106.4864,35.0655],[-106.4711,35.0656],[-106.4558,35.0656],[-106.4405,35.0657],[-106.4252,35.0657],[-106.412,35.0718],[-106.3988,35.078],[-106.3855,35.0841],[-106.3723,35.0902],[-106.3591,35.0964],[-106.3458,35.1025],[-106.3326,35.1086],[-106.3193,35.1147],[-106.3021,35.1081],[-106.2849,35.1015],[-106.2677,35.0948],[-106.2505,35.0882],[-106.2333,35.0816],[-106.2162,35.0749],[-106.199,35.0683],[-106.1818,35.0616],[-106.1646,35.055],[-106.1474,35.0483],[-106.1302,35.0417],[-106.1131,35.035],[-106.0959,35.0284],[-106.0787,35.0217],[-106.0616,35.015],[-106.0444,35.0084],[-106.0342,35.0301],[-106.024,35.0519],[-106.0138,35.0737],[-106.0036,35.0955],[-105.9934,35.1173],[-105.9832,35.139],[-105.973,35.1608],[-105.9628,35.1826],[-105.9589,35.2001],[-105.955,35.2177],[-105.9511,35.2353],[-105.9472,35.2528],[-105.9433,35.2704],[-105.9394,35.288],[-105.9355,35.3055],[-105.9316,35.3231],[-105.9373,35.3557],[-105.9431,35.3884],[-105.9558,35.3989],[-105.9685,35.4095],[-105.9813,35.42],[-105.994,35.4305],[-106.013,35.4362],[-106.0319,35.4419],[-106.0508,35.4476],[-106.0697,35.4533]]]},"properties":{"OBJECTID":727,"state":"New Mexico","agency":"New Mexico Department of Game and Fish","unit_type":"GMU","unit_id":"8","unit_name":"GMU 8","unit_label":"New Mexico GMU 8","aliases":"2026 | 8 | 8 gmu 8 | game management unit | game management unit 8 | game management unit 8 gmu 8 | gmu | gmu 8 | gmu 8 gmu 8 | hunt unit | hunt unit 8 | hunt unit 8 gmu 8 | hunting unit | hunting unit 8 | hunting unit 8 gmu 8 | new mexico | new mexico 8","year":"2026","Shape_Length":215494.67705661856,"Shape_Area":2385197949.6195464}},{"type":"Feature","id":728,"geometry":{"type":"Polygon","coordinates":[[[-106.9562,35.5484],[-106.9562,35.7114],[-106.9739,35.7115],[-106.9916,35.7116],[-107.0064,35.7016],[-107.0212,35.6916],[-107.036,35.6816],[-107.0508,35.6716],[-107.0656,35.6615],[-107.0804,35.6515],[-107.0952,35.6415],[-107.11,35.6315],[-107.1371,35.6297],[-107.1643,35.6279],[-107.1914,35.6261],[-107.2185,35.6243],[-107.24,35.6315],[-107.2614,35.6388],[-107.2828,35.646],[-107.3043,35.6532],[-107.3272,35.6535],[-107.3501,35.6538],[-107.3729,35.6541],[-107.3958,35.6544],[-107.4114,35.6451],[-107.4271,35.6358],[-107.4427,35.6264],[-107.4583,35.6171],[-107.4739,35.6078],[-107.4895,35.5984],[-107.5051,35.5891],[-107.5206,35.5798],[-107.5372,35.5803],[-107.5538,35.5807],[-107.5704,35.5812],[-107.587,35.5817],[-107.6015,35.5861],[-107.616,35.5905],[-107.6304,35.5949],[-107.6449,35.5993],[-107.6594,35.6037],[-107.6738,35.6081],[-107.6883,35.6125],[-107.7028,35.6169],[-107.7173,35.6212],[-107.7317,35.6256],[-107.7462,35.63],[-107.7607,35.6344],[-107.7752,35.6388],[-107.7897,35.6431],[-107.8042,35.6475],[-107.8186,35.6519],[-107.829,35.6427],[-107.8394,35.6336],[-107.8497,35.6245],[-107.8601,35.6153],[-107.8741,35.6084],[-107.888,35.6015],[-107.902,35.5946],[-107.916,35.5876],[-107.9299,35.5807],[-107.9439,35.5738],[-107.9579,35.5669],[-107.9718,35.5599],[-107.9779,35.5785],[-107.9901,35.5687],[-108.0023,35.559],[-108.0145,35.5492],[-108.0267,35.5394],[-108.033,35.5231],[-108.0393,35.5067],[-108.0456,35.4904],[-108.0519,35.474],[-108.0479,35.4193],[-108.044,35.3645],[-108.0311,35.3524],[-108.0182,35.3402],[-108.0054,35.328],[-107.9925,35.3158],[-107.9876,35.3015],[-107.9827,35.2872],[-107.9778,35.2728],[-107.973,35.2585],[-107.9605,35.2454],[-107.948,35.2323],[-107.9355,35.2192],[-107.923,35.2061],[-107.9105,35.1929],[-107.8981,35.1798],[-107.8856,35.1667],[-107.8731,35.1536],[-107.8584,35.1437],[-107.8436,35.1337],[-107.8289,35.1238],[-107.8142,35.1139],[-107.7994,35.104],[-107.7847,35.0941],[-107.77,35.0841],[-107.7552,35.0742],[-107.7283,35.0742],[-107.7013,35.0741],[-107.6744,35.0741],[-107.6474,35.074],[-107.6205,35.074],[-107.5936,35.0739],[-107.5666,35.0738],[-107.5397,35.0738],[-107.5267,35.0648],[-107.5137,35.0559],[-107.5007,35.047],[-107.4878,35.038],[-107.4692,35.0374],[-107.4507,35.0368],[-107.4321,35.0361],[-107.4136,35.0355],[-107.395,35.0348],[-107.3765,35.0342],[-107.3579,35.0335],[-107.3394,35.0329],[-107.3308,35.0241],[-107.3221,35.0154],[-107.3135,35.0067],[-107.3048,34.998],[-107.2882,34.9962],[-107.2715,34.9944],[-107.2548,34.9926],[-107.2381,34.9908],[-107.2214,34.9889],[-107.2047,34.9871],[-107.188,34.9853],[-107.1714,34.9835],[-107.1737,34.9537],[-107.1599,34.945],[-107.1461,34.9363],[-107.1323,34.9276],[-107.1186,34.9189],[-107.1048,34.9102],[-107.091,34.9015],[-107.0773,34.8927],[-107.0635,34.884],[-107.055,34.8656],[-107.0465,34.8472],[-107.038,34.8287],[-107.0295,34.8103],[-107.0132,34.8028],[-106.9968,34.7954],[-106.9805,34.788],[-106.9641,34.7805],[-106.9448,34.7859],[-106.9254,34.7913],[-106.906,34.7967],[-106.8865,34.802],[-106.8671,34.8074],[-106.8477,34.8128],[-106.8283,34.8181],[-106.8089,34.8235],[-106.7852,34.819],[-106.7614,34.8144],[-106.756,34.8286],[-106.7505,34.8428],[-106.7451,34.8571],[-106.7396,34.8713],[-106.7342,34.8855],[-106.7287,34.8997],[-106.7233,34.9139],[-106.7178,34.9282],[-106.7031,34.9356],[-106.6885,34.943],[-106.6738,34.9504],[-106.6591,34.9578],[-106.6554,34.9762],[-106.6517,34.9947],[-106.648,35.0132],[-106.6443,35.0316],[-106.6406,35.0501],[-106.6369,35.0686],[-106.6332,35.0871],[-106.6295,35.1055],[-106.6197,35.1159],[-106.6099,35.1262],[-106.6001,35.1365],[-106.5903,35.1469],[-106.584,35.1746],[-106.5777,35.2024],[-106.5713,35.2302],[-106.565,35.2579],[-106.5572,35.2725],[-106.5495,35.2871],[-106.5418,35.3018],[-106.534,35.3164],[-106.5461,35.3225],[-106.5582,35.3287],[-106.5703,35.3349],[-106.5823,35.3411],[-106.5944,35.3472],[-106.6065,35.3534],[-106.6186,35.3596],[-106.6307,35.3657],[-106.6363,35.3906],[-106.6418,35.4154],[-106.6564,35.4318],[-106.6709,35.4482],[-106.6854,35.4646],[-106.6999,35.481],[-106.7162,35.4889],[-106.7325,35.4967],[-106.7489,35.5046],[-106.7652,35.5124],[-106.7815,35.5202],[-106.7978,35.528],[-106.8142,35.5359],[-106.8305,35.5437],[-106.8462,35.5443],[-106.8619,35.5449],[-106.8776,35.5455],[-106.8933,35.5461],[-106.909,35.5467],[-106.9248,35.5473],[-106.9405,35.5478],[-106.9562,35.5484]]]},"properties":{"OBJECTID":728,"state":"New Mexico","agency":"New Mexico Department of Game and Fish","unit_type":"GMU","unit_id":"9","unit_name":"GMU 9","unit_label":"New Mexico GMU 9","aliases":"2026 | 9 | 9 gmu 9 | game management unit | game management unit 9 | game management unit 9 gmu 9 | gmu | gmu 9 | gmu 9 gmu 9 | hunt unit | hunt unit 9 | hunt unit 9 gmu 9 | hunting unit | hunting unit 9 | hunting unit 9 gmu 9 | new mexico | new mexico 9","year":"2026","Shape_Length":411035.5666354953,"Shape_Area":8601004216.804216}},{"type":"Feature","id":729,"geometry":{"type":"Polygon","coordinates":[[[-108.1834,35.6964],[-108.1942,35.703],[-108.2051,35.7095],[-108.2159,35.7161],[-108.2268,35.7227],[-108.2377,35.7293],[-108.2485,35.7358],[-108.2594,35.7424],[-108.2703,35.749],[-108.2695,35.6585],[-108.2938,35.6587],[-108.3181,35.6588],[-108.3423,35.659],[-108.3666,35.6591],[-108.3909,35.6592],[-108.4152,35.6593],[-108.4394,35.6594],[-108.4637,35.6595],[-108.488,35.6596],[-108.5122,35.6597],[-108.5365,35.6598],[-108.5608,35.6599],[-108.5851,35.66],[-108.6093,35.6601],[-108.6336,35.6601],[-108.6579,35.6602],[-108.6821,35.6603],[-108.7064,35.6603],[-108.7307,35.6604],[-108.755,35.6604],[-108.7792,35.6605],[-108.8035,35.6605],[-108.8278,35.6605],[-108.8521,35.6606],[-108.8763,35.6606],[-108.9006,35.6606],[-108.9249,35.6606],[-108.9491,35.6606],[-108.9734,35.6606],[-108.9977,35.6606],[-109.022,35.6606],[-109.0462,35.6606],[-109.0463,35.6544],[-109.0463,35.6191],[-109.0463,35.6123],[-109.0465,35.5202],[-109.0466,35.4856],[-109.0469,35.3755],[-109.0468,35.3638],[-109.0468,35.3621],[-109.046,35.1907],[-109.046,35.1871],[-109.046,35.1755],[-109.0202,35.1748],[-108.9944,35.1741],[-108.9686,35.1733],[-108.9428,35.1726],[-108.917,35.1719],[-108.8912,35.1711],[-108.8654,35.1703],[-108.8396,35.1696],[-108.8478,35.1378],[-108.8559,35.1061],[-108.8382,35.113],[-108.8204,35.12],[-108.8026,35.1269],[-108.7848,35.1338],[-108.7866,35.2061],[-108.7604,35.2093],[-108.7341,35.2125],[-108.7079,35.2156],[-108.6816,35.2188],[-108.6806,35.3071],[-108.6629,35.3071],[-108.6452,35.3071],[-108.6276,35.3071],[-108.6099,35.307],[-108.5922,35.307],[-108.5745,35.307],[-108.5568,35.3069],[-108.5391,35.3069],[-108.5399,35.1222],[-108.516,35.1272],[-108.492,35.1322],[-108.4796,35.1222],[-108.4673,35.1123],[-108.455,35.1023],[-108.4427,35.0923],[-108.4304,35.0823],[-108.4181,35.0723],[-108.4058,35.0623],[-108.3935,35.0523],[-108.37,35.0506],[-108.3465,35.049],[-108.3229,35.0473],[-108.2994,35.0456],[-108.2759,35.0439],[-108.2524,35.0422],[-108.2289,35.0405],[-108.2054,35.0387],[-108.191,35.0347],[-108.1766,35.0307],[-108.1622,35.0267],[-108.1479,35.0227],[-108.1335,35.0187],[-108.1191,35.0147],[-108.1048,35.0107],[-108.0904,35.0066],[-108.0749,34.9997],[-108.0594,34.9928],[-108.0439,34.9859],[-108.0284,34.979],[-108.0129,34.9721],[-107.9974,34.9652],[-107.9819,34.9583],[-107.9664,34.9514],[-107.9414,34.9565],[-107.9164,34.9616],[-107.9055,34.9835],[-107.8946,35.0053],[-107.8838,35.0272],[-107.8729,35.0491],[-107.8731,35.1536],[-107.8856,35.1667],[-107.8981,35.1798],[-107.9105,35.1929],[-107.923,35.2061],[-107.9355,35.2192],[-107.948,35.2323],[-107.9605,35.2454],[-107.973,35.2585],[-107.9778,35.2728],[-107.9827,35.2872],[-107.9876,35.3015],[-107.9925,35.3158],[-108.0054,35.328],[-108.0182,35.3402],[-108.0311,35.3524],[-108.044,35.3645],[-108.0479,35.4193],[-108.0519,35.474],[-108.0456,35.4904],[-108.0393,35.5067],[-108.033,35.5231],[-108.0267,35.5394],[-108.0145,35.5492],[-108.0023,35.559],[-107.9901,35.5687],[-107.9779,35.5785],[-107.9896,35.5845],[-108.0012,35.5905],[-108.0128,35.5965],[-108.0244,35.6025],[-108.0389,35.5994],[-108.0535,35.5963],[-108.068,35.5933],[-108.0825,35.5902],[-108.097,35.5871],[-108.1115,35.584],[-108.1261,35.5809],[-108.1406,35.5778],[-108.1332,35.5893],[-108.1258,35.6007],[-108.1184,35.6122],[-108.111,35.6236],[-108.1173,35.6418],[-108.1235,35.6599],[-108.1298,35.6781],[-108.1361,35.6962],[-108.1597,35.6963],[-108.1834,35.6964]]]},"properties":{"OBJECTID":729,"state":"New Mexico","agency":"New Mexico Department of Game and Fish","unit_type":"GMU","unit_id":"10","unit_name":"GMU 10","unit_label":"New Mexico GMU 10","aliases":"10 | 10 gmu 10 | 2026 | game management unit | game management unit 10 | game management unit 10 gmu 10 | gmu | gmu 10 | gmu 10 gmu 10 | hunt unit | hunt unit 10 | hunt unit 10 gmu 10 | hunting unit | hunting unit 10 | hunting unit 10 gmu 10 | new mexico","year":"2026","Shape_Length":411787.8967266867,"Shape_Area":5852449164.385039}},{"type":"Feature","id":730,"geometry":{"type":"Polygon","coordinates":[[[-108.5391,35.3069],[-108.5568,35.3069],[-108.5745,35.307],[-108.5922,35.307],[-108.6099,35.307],[-108.6276,35.3071],[-108.6452,35.3071],[-108.6629,35.3071],[-108.6806,35.3071],[-108.6816,35.2188],[-108.7079,35.2156],[-108.7341,35.2125],[-108.7604,35.2093],[-108.7866,35.2061],[-108.7848,35.1338],[-108.8026,35.1269],[-108.8204,35.12],[-108.8382,35.113],[-108.8559,35.1061],[-108.8478,35.1378],[-108.8396,35.1696],[-108.8654,35.1703],[-108.8912,35.1711],[-108.917,35.1719],[-108.9428,35.1726],[-108.9686,35.1733],[-108.9944,35.1741],[-109.0202,35.1748],[-109.046,35.1755],[-109.046,34.9514],[-109.046,34.9495],[-109.046,34.9484],[-109.046,34.9454],[-109.046,34.9441],[-109.046,34.9051],[-109.0461,34.8633],[-109.0461,34.8575],[-109.0289,34.8645],[-109.0118,34.8714],[-108.9942,34.8714],[-108.9767,34.8713],[-108.9592,34.8713],[-108.9417,34.8713],[-108.9242,34.8712],[-108.9067,34.8712],[-108.8892,34.8711],[-108.8717,34.8711],[-108.854,34.8803],[-108.8363,34.8895],[-108.8185,34.8988],[-108.8008,34.908],[-108.7745,34.9099],[-108.7481,34.9117],[-108.7217,34.9135],[-108.6954,34.9154],[-108.6737,34.9118],[-108.6519,34.9082],[-108.6302,34.9046],[-108.6085,34.901],[-108.5822,34.9081],[-108.5558,34.9152],[-108.543,34.9298],[-108.5302,34.9444],[-108.5174,34.9591],[-108.5045,34.9737],[-108.5232,34.9817],[-108.5418,34.9898],[-108.5399,35.1222],[-108.5391,35.3069]]]},"properties":{"OBJECTID":730,"state":"New Mexico","agency":"New Mexico Department of Game and Fish","unit_type":"GMU","unit_id":"11","unit_name":"GMU 11","unit_label":"New Mexico GMU 11","aliases":"11 | 11 gmu 11 | 2026 | game management unit | game management unit 11 | game management unit 11 gmu 11 | gmu | gmu 11 | gmu 11 gmu 11 | hunt unit | hunt unit 11 | hunt unit 11 gmu 11 | hunting unit | hunting unit 11 | hunting unit 11 gmu 11 | new mexico","year":"2026","Shape_Length":202751.12573891936,"Shape_Area":1640806456.0176964}},{"type":"Feature","id":731,"geometry":{"type":"Polygon","coordinates":[[[-108.492,35.1322],[-108.516,35.1272],[-108.5399,35.1222],[-108.5418,34.9898],[-108.5232,34.9817],[-108.5045,34.9737],[-108.5174,34.9591],[-108.5302,34.9444],[-108.543,34.9298],[-108.5558,34.9152],[-108.5822,34.9081],[-108.6085,34.901],[-108.6302,34.9046],[-108.6519,34.9082],[-108.6737,34.9118],[-108.6954,34.9154],[-108.7217,34.9135],[-108.7481,34.9117],[-108.7745,34.9099],[-108.8008,34.908],[-108.8185,34.8988],[-108.8363,34.8895],[-108.854,34.8803],[-108.8717,34.8711],[-108.8892,34.8711],[-108.9067,34.8712],[-108.9242,34.8712],[-108.9417,34.8713],[-108.9592,34.8713],[-108.9767,34.8713],[-108.9942,34.8714],[-109.0118,34.8714],[-109.0289,34.8645],[-109.0461,34.8575],[-109.0461,34.8571],[-109.046,34.8036],[-109.0454,34.7843],[-109.046,34.7514],[-109.0461,34.7429],[-109.0461,34.7155],[-109.046,34.7079],[-109.0461,34.6692],[-109.0461,34.6543],[-109.0461,34.6376],[-109.0462,34.5016],[-109.0465,34.335],[-109.0465,34.3045],[-109.0465,34.2908],[-109.0466,34.2742],[-109.0466,34.2683],[-109.0467,34.2515],[-109.0467,34.1925],[-109.0467,34.1868],[-109.0468,34.1731],[-109.0468,34.1669],[-109.0329,34.1712],[-109.0191,34.1755],[-109.0052,34.1798],[-108.9913,34.1841],[-108.9775,34.1883],[-108.9636,34.1926],[-108.9497,34.1969],[-108.9359,34.2012],[-108.922,34.2054],[-108.9081,34.2097],[-108.8942,34.214],[-108.8803,34.2182],[-108.8665,34.2225],[-108.8526,34.2268],[-108.8387,34.231],[-108.8248,34.2353],[-108.8109,34.2395],[-108.797,34.2438],[-108.7831,34.248],[-108.7693,34.2523],[-108.7554,34.2565],[-108.7415,34.2608],[-108.7276,34.265],[-108.7137,34.2693],[-108.6998,34.2735],[-108.6859,34.2778],[-108.672,34.282],[-108.6581,34.2862],[-108.6442,34.2905],[-108.6303,34.2947],[-108.6164,34.2989],[-108.6024,34.3032],[-108.5902,34.3083],[-108.5779,34.3134],[-108.5657,34.3185],[-108.5534,34.3237],[-108.5412,34.3288],[-108.5289,34.3339],[-108.5166,34.339],[-108.5044,34.3441],[-108.4861,34.3369],[-108.4677,34.3297],[-108.4494,34.3225],[-108.4311,34.3153],[-108.4153,34.3171],[-108.3994,34.3189],[-108.3835,34.3206],[-108.3676,34.3224],[-108.3533,34.3211],[-108.339,34.3198],[-108.3247,34.3185],[-108.3104,34.3173],[-108.296,34.316],[-108.2817,34.3147],[-108.2674,34.3134],[-108.2531,34.3121],[-108.2388,34.3108],[-108.2245,34.3095],[-108.2101,34.3082],[-108.1958,34.3069],[-108.1815,34.3057],[-108.1672,34.3044],[-108.1529,34.3031],[-108.1386,34.3018],[-108.1424,34.3463],[-108.1293,34.3641],[-108.1162,34.3819],[-108.1031,34.3998],[-108.09,34.4176],[-108.0725,34.4327],[-108.055,34.4478],[-108.0374,34.4628],[-108.0198,34.4779],[-108.0162,34.5396],[-108.0126,34.6013],[-108.0071,34.6286],[-108.0016,34.6559],[-107.996,34.6831],[-107.9905,34.7104],[-108.0038,34.7148],[-108.0171,34.7191],[-108.0305,34.7235],[-108.0438,34.7279],[-108.0571,34.7322],[-108.0705,34.7366],[-108.0838,34.741],[-108.0972,34.7453],[-108.1105,34.7497],[-108.1239,34.754],[-108.1372,34.7584],[-108.1506,34.7627],[-108.1639,34.7671],[-108.1773,34.7714],[-108.1906,34.7758],[-108.204,34.7801],[-108.197,34.795],[-108.1901,34.8098],[-108.1832,34.8247],[-108.1762,34.8395],[-108.1693,34.8544],[-108.1624,34.8692],[-108.1554,34.8841],[-108.1485,34.8989],[-108.1556,34.9155],[-108.1628,34.9322],[-108.1537,34.9415],[-108.1447,34.9508],[-108.1357,34.9601],[-108.1266,34.9694],[-108.1176,34.9787],[-108.1085,34.988],[-108.0995,34.9973],[-108.0904,35.0066],[-108.1048,35.0107],[-108.1191,35.0147],[-108.1335,35.0187],[-108.1479,35.0227],[-108.1622,35.0267],[-108.1766,35.0307],[-108.191,35.0347],[-108.2054,35.0387],[-108.2289,35.0405],[-108.2524,35.0422],[-108.2759,35.0439],[-108.2994,35.0456],[-108.3229,35.0473],[-108.3465,35.049],[-108.37,35.0506],[-108.3935,35.0523],[-108.4058,35.0623],[-108.4181,35.0723],[-108.4304,35.0823],[-108.4427,35.0923],[-108.455,35.1023],[-108.4673,35.1123],[-108.4796,35.1222],[-108.492,35.1322]]]},"properties":{"OBJECTID":731,"state":"New Mexico","agency":"New Mexico Department of Game and Fish","unit_type":"GMU","unit_id":"12","unit_name":"GMU 12","unit_label":"New Mexico GMU 12","aliases":"12 | 12 gmu 12 | 2026 | game management unit | game management unit 12 | game management unit 12 gmu 12 | gmu | gmu 12 | gmu 12 gmu 12 | hunt unit | hunt unit 12 | hunt unit 12 gmu 12 | hunting unit | hunting unit 12 | hunting unit 12 gmu 12 | new mexico","year":"2026","Shape_Length":382735.8146353005,"Shape_Area":6737548767.678115}},{"type":"Feature","id":732,"geometry":{"type":"Polygon","coordinates":[[[-107.5397,35.0738],[-107.5666,35.0738],[-107.5936,35.0739],[-107.6205,35.074],[-107.6474,35.074],[-107.6744,35.0741],[-107.7013,35.0741],[-107.7283,35.0742],[-107.7552,35.0742],[-107.77,35.0841],[-107.7847,35.0941],[-107.7994,35.104],[-107.8142,35.1139],[-107.8289,35.1238],[-107.8436,35.1337],[-107.8584,35.1437],[-107.8731,35.1536],[-107.8729,35.0491],[-107.8838,35.0272],[-107.8946,35.0053],[-107.9055,34.9835],[-107.9164,34.9616],[-107.9414,34.9565],[-107.9664,34.9514],[-107.9819,34.9583],[-107.9974,34.9652],[-108.0129,34.9721],[-108.0284,34.979],[-108.0439,34.9859],[-108.0594,34.9928],[-108.0749,34.9997],[-108.0904,35.0066],[-108.0995,34.9973],[-108.1085,34.988],[-108.1176,34.9787],[-108.1266,34.9694],[-108.1357,34.9601],[-108.1447,34.9508],[-108.1537,34.9415],[-108.1628,34.9322],[-108.1556,34.9155],[-108.1485,34.8989],[-108.1554,34.8841],[-108.1624,34.8692],[-108.1693,34.8544],[-108.1762,34.8395],[-108.1832,34.8247],[-108.1901,34.8098],[-108.197,34.795],[-108.204,34.7801],[-108.1906,34.7758],[-108.1773,34.7714],[-108.1639,34.7671],[-108.1506,34.7627],[-108.1372,34.7584],[-108.1239,34.754],[-108.1105,34.7497],[-108.0972,34.7453],[-108.0838,34.741],[-108.0705,34.7366],[-108.0571,34.7322],[-108.0438,34.7279],[-108.0305,34.7235],[-108.0171,34.7191],[-108.0038,34.7148],[-107.9905,34.7104],[-107.996,34.6831],[-108.0016,34.6559],[-108.0071,34.6286],[-108.0126,34.6013],[-108.0162,34.5396],[-108.0198,34.4779],[-108.0374,34.4628],[-108.055,34.4478],[-108.0725,34.4327],[-108.09,34.4176],[-108.1031,34.3998],[-108.1162,34.3819],[-108.1293,34.3641],[-108.1424,34.3463],[-108.1386,34.3018],[-108.1347,34.2668],[-108.1308,34.2319],[-108.1269,34.1969],[-108.123,34.162],[-108.1279,34.1453],[-108.1329,34.1286],[-108.1378,34.1119],[-108.1427,34.0952],[-108.1305,34.0881],[-108.1184,34.0811],[-108.1062,34.074],[-108.094,34.067],[-108.0818,34.0599],[-108.0697,34.0528],[-108.0575,34.0458],[-108.0454,34.0387],[-108.0235,34.0388],[-108.0016,34.0389],[-107.9797,34.0391],[-107.9578,34.0392],[-107.9474,34.0502],[-107.9371,34.0613],[-107.9267,34.0723],[-107.9163,34.0834],[-107.9059,34.0944],[-107.8955,34.1055],[-107.8852,34.1165],[-107.8748,34.1276],[-107.853,34.1332],[-107.8312,34.1389],[-107.8155,34.1363],[-107.7999,34.1337],[-107.7843,34.1312],[-107.7687,34.1286],[-107.753,34.126],[-107.7374,34.1234],[-107.7218,34.1208],[-107.7062,34.1182],[-107.6906,34.1156],[-107.675,34.113],[-107.6593,34.1105],[-107.6437,34.1079],[-107.6281,34.1053],[-107.6125,34.1027],[-107.5969,34.1],[-107.5813,34.0974],[-107.5632,34.0945],[-107.545,34.0916],[-107.5269,34.0887],[-107.5088,34.0858],[-107.4906,34.0828],[-107.4725,34.0799],[-107.4544,34.077],[-107.4362,34.074],[-107.416,34.0781],[-107.3958,34.0821],[-107.3757,34.0861],[-107.3555,34.0901],[-107.3353,34.0941],[-107.3151,34.0981],[-107.2948,34.1021],[-107.2746,34.1061],[-107.2502,34.1141],[-107.2258,34.122],[-107.2013,34.1299],[-107.1769,34.1379],[-107.1568,34.1274],[-107.1367,34.117],[-107.1166,34.1065],[-107.0965,34.096],[-107.0821,34.0769],[-107.0677,34.0577],[-107.0532,34.0385],[-107.0388,34.0193],[-107.0183,34.0156],[-106.9977,34.0118],[-106.9772,34.0081],[-106.9566,34.0044],[-106.9408,34.0223],[-106.925,34.0403],[-106.9092,34.0583],[-106.8934,34.0763],[-106.9009,34.1107],[-106.9084,34.1452],[-106.916,34.1797],[-106.9235,34.2142],[-106.9172,34.2329],[-106.911,34.2516],[-106.9047,34.2703],[-106.8984,34.289],[-106.8921,34.3077],[-106.8858,34.3263],[-106.8795,34.345],[-106.8731,34.3637],[-106.8643,34.3778],[-106.8555,34.3919],[-106.8467,34.4059],[-106.8378,34.42],[-106.831,34.446],[-106.8242,34.472],[-106.8173,34.498],[-106.8104,34.5241],[-106.8036,34.5501],[-106.7967,34.5761],[-106.7898,34.6021],[-106.783,34.6281],[-106.79,34.6458],[-106.7971,34.6634],[-106.7926,34.6823],[-106.7882,34.7012],[-106.7837,34.72],[-106.7793,34.7389],[-106.7748,34.7578],[-106.7704,34.7767],[-106.7659,34.7955],[-106.7614,34.8144],[-106.7852,34.819],[-106.8089,34.8235],[-106.8283,34.8181],[-106.8477,34.8128],[-106.8671,34.8074],[-106.8865,34.802],[-106.906,34.7967],[-106.9254,34.7913],[-106.9448,34.7859],[-106.9641,34.7805],[-106.9805,34.788],[-106.9968,34.7954],[-107.0132,34.8028],[-107.0295,34.8103],[-107.038,34.8287],[-107.0465,34.8472],[-107.055,34.8656],[-107.0635,34.884],[-107.0773,34.8927],[-107.091,34.9015],[-107.1048,34.9102],[-107.1186,34.9189],[-107.1323,34.9276],[-107.1461,34.9363],[-107.1599,34.945],[-107.1737,34.9537],[-107.1714,34.9835],[-107.188,34.9853],[-107.2047,34.9871],[-107.2214,34.9889],[-107.2381,34.9908],[-107.2548,34.9926],[-107.2715,34.9944],[-107.2882,34.9962],[-107.3048,34.998],[-107.3135,35.0067],[-107.3221,35.0154],[-107.3308,35.0241],[-107.3394,35.0329],[-107.3579,35.0335],[-107.3765,35.0342],[-107.395,35.0348],[-107.4136,35.0355],[-107.4321,35.0361],[-107.4507,35.0368],[-107.4692,35.0374],[-107.4878,35.038],[-107.5007,35.047],[-107.5137,35.0559],[-107.5267,35.0648],[-107.5397,35.0738]]]},"properties":{"OBJECTID":732,"state":"New Mexico","agency":"New Mexico Department of Game and Fish","unit_type":"GMU","unit_id":"13","unit_name":"GMU 13","unit_label":"New Mexico GMU 13","aliases":"13 | 13 gmu 13 | 2026 | game management unit | game management unit 13 | game management unit 13 gmu 13 | gmu | gmu 13 | gmu 13 gmu 13 | hunt unit | hunt unit 13 | hunt unit 13 gmu 13 | hunting unit | hunting unit 13 | hunting unit 13 gmu 13 | new mexico","year":"2026","Shape_Length":502594.7736347058,"Shape_Area":11497493893.978966}},{"type":"Feature","id":733,"geometry":{"type":"Polygon","coordinates":[[[-106.0444,35.0084],[-106.0616,35.015],[-106.0787,35.0217],[-106.0959,35.0284],[-106.1131,35.035],[-106.1302,35.0417],[-106.1474,35.0483],[-106.1646,35.055],[-106.1818,35.0616],[-106.199,35.0683],[-106.2162,35.0749],[-106.2333,35.0816],[-106.2505,35.0882],[-106.2677,35.0948],[-106.2849,35.1015],[-106.3021,35.1081],[-106.3193,35.1147],[-106.3326,35.1086],[-106.3458,35.1025],[-106.3591,35.0964],[-106.3723,35.0902],[-106.3855,35.0841],[-106.3988,35.078],[-106.412,35.0718],[-106.4252,35.0657],[-106.4405,35.0657],[-106.4558,35.0656],[-106.4711,35.0656],[-106.4864,35.0655],[-106.5043,35.0705],[-106.5221,35.0755],[-106.54,35.0805],[-106.5579,35.0855],[-106.5758,35.0905],[-106.5937,35.0955],[-106.6116,35.1005],[-106.6295,35.1055],[-106.6332,35.0871],[-106.6369,35.0686],[-106.6406,35.0501],[-106.6443,35.0316],[-106.648,35.0132],[-106.6517,34.9947],[-106.6554,34.9762],[-106.6591,34.9578],[-106.6738,34.9504],[-106.6885,34.943],[-106.7031,34.9356],[-106.7178,34.9282],[-106.7233,34.9139],[-106.7287,34.8997],[-106.7342,34.8855],[-106.7396,34.8713],[-106.7451,34.8571],[-106.7505,34.8428],[-106.756,34.8286],[-106.7614,34.8144],[-106.7659,34.7955],[-106.7704,34.7767],[-106.7748,34.7578],[-106.7793,34.7389],[-106.7837,34.72],[-106.7882,34.7012],[-106.7926,34.6823],[-106.7971,34.6634],[-106.79,34.6458],[-106.783,34.6281],[-106.7898,34.6021],[-106.7967,34.5761],[-106.8036,34.5501],[-106.8104,34.5241],[-106.8173,34.498],[-106.8242,34.472],[-106.831,34.446],[-106.8378,34.42],[-106.8186,34.4208],[-106.7993,34.4217],[-106.78,34.4225],[-106.7608,34.4233],[-106.7415,34.4242],[-106.7222,34.425],[-106.7029,34.4258],[-106.6837,34.4266],[-106.6644,34.4275],[-106.6451,34.4283],[-106.6258,34.4291],[-106.6066,34.4299],[-106.5873,34.4307],[-106.568,34.4315],[-106.5487,34.4323],[-106.5294,34.4331],[-106.5186,34.4182],[-106.5078,34.4034],[-106.4932,34.4112],[-106.4786,34.4191],[-106.4639,34.4269],[-106.4493,34.4347],[-106.4219,34.4389],[-106.3945,34.4431],[-106.367,34.4473],[-106.3396,34.4515],[-106.3272,34.4601],[-106.3149,34.4688],[-106.3025,34.4774],[-106.2901,34.486],[-106.2777,34.4946],[-106.2654,34.5032],[-106.253,34.5118],[-106.2406,34.5204],[-106.2185,34.5307],[-106.1964,34.541],[-106.1742,34.5513],[-106.1521,34.5616],[-106.13,34.5718],[-106.1078,34.5821],[-106.0857,34.5924],[-106.0635,34.6027],[-106.0619,34.6507],[-106.0603,34.6987],[-106.0587,34.7467],[-106.0571,34.7947],[-106.0555,34.8427],[-106.0539,34.8907],[-106.0523,34.9387],[-106.0506,34.9867],[-106.0444,35.0084]]]},"properties":{"OBJECTID":733,"state":"New Mexico","agency":"New Mexico Department of Game and Fish","unit_type":"GMU","unit_id":"14","unit_name":"GMU 14","unit_label":"New Mexico GMU 14","aliases":"14 | 14 gmu 14 | 2026 | game management unit | game management unit 14 | game management unit 14 gmu 14 | gmu | gmu 14 | gmu 14 gmu 14 | hunt unit | hunt unit 14 | hunt unit 14 gmu 14 | hunting unit | hunting unit 14 | hunting unit 14 gmu 14 | new mexico","year":"2026","Shape_Length":263791.73383788887,"Shape_Area":4265905511.9912314}},{"type":"Feature","id":734,"geometry":{"type":"Polygon","coordinates":[[[-108.3676,34.3224],[-108.3835,34.3206],[-108.3994,34.3189],[-108.4153,34.3171],[-108.4311,34.3153],[-108.4494,34.3225],[-108.4677,34.3297],[-108.4861,34.3369],[-108.5044,34.3441],[-108.5166,34.339],[-108.5289,34.3339],[-108.5412,34.3288],[-108.5534,34.3237],[-108.5657,34.3185],[-108.5779,34.3134],[-108.5902,34.3083],[-108.6024,34.3032],[-108.6164,34.2989],[-108.6303,34.2947],[-108.6442,34.2905],[-108.6581,34.2862],[-108.672,34.282],[-108.6859,34.2778],[-108.6998,34.2735],[-108.7137,34.2693],[-108.7276,34.265],[-108.7415,34.2608],[-108.7554,34.2565],[-108.7693,34.2523],[-108.7831,34.248],[-108.797,34.2438],[-108.8109,34.2395],[-108.8248,34.2353],[-108.8387,34.231],[-108.8526,34.2268],[-108.8665,34.2225],[-108.8803,34.2182],[-108.8942,34.214],[-108.9081,34.2097],[-108.922,34.2054],[-108.9359,34.2012],[-108.9497,34.1969],[-108.9636,34.1926],[-108.9775,34.1883],[-108.9913,34.1841],[-109.0052,34.1798],[-109.0191,34.1755],[-109.0329,34.1712],[-109.0468,34.1669],[-109.0468,34.1628],[-109.0468,34.1609],[-109.0468,34.1488],[-109.0469,34.1162],[-109.0469,34.0847],[-109.0469,34.0832],[-109.0469,34.0767],[-109.0467,33.8108],[-109.0467,33.8107],[-109.0467,33.8107],[-109.0236,33.8124],[-109.0006,33.814],[-108.9775,33.8157],[-108.9545,33.8174],[-108.9492,33.7928],[-108.944,33.7683],[-108.9388,33.7437],[-108.9336,33.7192],[-108.9156,33.7126],[-108.8976,33.7061],[-108.8797,33.6995],[-108.8617,33.6929],[-108.8437,33.7009],[-108.8258,33.7088],[-108.8078,33.7167],[-108.7899,33.7246],[-108.7738,33.7189],[-108.7578,33.7132],[-108.7457,33.728],[-108.7337,33.7428],[-108.7216,33.7576],[-108.7096,33.7723],[-108.698,33.7802],[-108.6864,33.7881],[-108.6748,33.796],[-108.6632,33.8038],[-108.6517,33.8117],[-108.6401,33.8196],[-108.6285,33.8274],[-108.6169,33.8353],[-108.6069,33.8521],[-108.5968,33.8688],[-108.5795,33.8725],[-108.5622,33.8762],[-108.5449,33.8799],[-108.5276,33.8837],[-108.5159,33.8902],[-108.5041,33.8967],[-108.4923,33.9033],[-108.4806,33.9098],[-108.4688,33.9163],[-108.4571,33.9228],[-108.4453,33.9294],[-108.4335,33.9359],[-108.4083,33.9306],[-108.383,33.9252],[-108.3578,33.9199],[-108.3326,33.9145],[-108.3111,33.916],[-108.2896,33.9174],[-108.2682,33.9188],[-108.2467,33.9202],[-108.2252,33.9216],[-108.2037,33.923],[-108.1823,33.9244],[-108.1608,33.9258],[-108.1353,33.9329],[-108.1097,33.9401],[-108.0908,33.9525],[-108.0718,33.9649],[-108.0528,33.9773],[-108.0338,33.9897],[-108.0148,34.002],[-107.9958,34.0144],[-107.9768,34.0268],[-107.9578,34.0392],[-107.9797,34.0391],[-108.0016,34.0389],[-108.0235,34.0388],[-108.0454,34.0387],[-108.0575,34.0458],[-108.0697,34.0528],[-108.0818,34.0599],[-108.094,34.067],[-108.1062,34.074],[-108.1184,34.0811],[-108.1305,34.0881],[-108.1427,34.0952],[-108.1378,34.1119],[-108.1329,34.1286],[-108.1279,34.1453],[-108.123,34.162],[-108.1269,34.1969],[-108.1308,34.2319],[-108.1347,34.2668],[-108.1386,34.3018],[-108.1529,34.3031],[-108.1672,34.3044],[-108.1815,34.3057],[-108.1958,34.3069],[-108.2101,34.3082],[-108.2245,34.3095],[-108.2388,34.3108],[-108.2531,34.3121],[-108.2674,34.3134],[-108.2817,34.3147],[-108.296,34.316],[-108.3104,34.3173],[-108.3247,34.3185],[-108.339,34.3198],[-108.3533,34.3211],[-108.3676,34.3224]]]},"properties":{"OBJECTID":734,"state":"New Mexico","agency":"New Mexico Department of Game and Fish","unit_type":"GMU","unit_id":"15","unit_name":"GMU 15","unit_label":"New Mexico GMU 15","aliases":"15 | 15 gmu 15 | 2026 | game management unit | game management unit 15 | game management unit 15 gmu 15 | gmu | gmu 15 | gmu 15 gmu 15 | hunt unit | hunt unit 15 | hunt unit 15 gmu 15 | hunting unit | hunting unit 15 | hunting unit 15 gmu 15 | new mexico","year":"2026","Shape_Length":295801.7967392253,"Shape_Area":4230823203.335766}},{"type":"Feature","id":735,"geometry":{"type":"Polygon","coordinates":[[[-108.7578,33.7132],[-108.7738,33.7189],[-108.7899,33.7246],[-108.8078,33.7167],[-108.8258,33.7088],[-108.8437,33.7009],[-108.8617,33.6929],[-108.8684,33.6722],[-108.8752,33.6515],[-108.8819,33.6308],[-108.8887,33.6101],[-108.8998,33.5961],[-108.9109,33.582],[-108.922,33.568],[-108.9332,33.5539],[-108.9298,33.4965],[-108.9264,33.439],[-108.9202,33.4202],[-108.914,33.4013],[-108.9078,33.3824],[-108.9016,33.3635],[-108.8883,33.3677],[-108.8749,33.372],[-108.8616,33.3762],[-108.8483,33.3805],[-108.8349,33.3847],[-108.8216,33.389],[-108.8083,33.3932],[-108.7949,33.3975],[-108.78,33.3931],[-108.7651,33.3888],[-108.7502,33.3844],[-108.7353,33.38],[-108.7204,33.3757],[-108.7055,33.3713],[-108.6906,33.3669],[-108.6757,33.3625],[-108.6627,33.3688],[-108.6496,33.375],[-108.6366,33.3812],[-108.6236,33.3875],[-108.6105,33.3937],[-108.5975,33.3999],[-108.5844,33.4061],[-108.5714,33.4123],[-108.5514,33.4129],[-108.5314,33.4135],[-108.5114,33.4141],[-108.4914,33.4146],[-108.4713,33.4152],[-108.4513,33.4157],[-108.4313,33.4163],[-108.4113,33.4168],[-108.3956,33.4031],[-108.3799,33.3894],[-108.3533,33.3919],[-108.3267,33.3943],[-108.3001,33.3968],[-108.2735,33.3992],[-108.2693,33.4191],[-108.2652,33.4389],[-108.2541,33.4493],[-108.243,33.4597],[-108.232,33.4701],[-108.2209,33.4805],[-108.2098,33.4909],[-108.1987,33.5013],[-108.1876,33.5116],[-108.1765,33.522],[-108.1965,33.531],[-108.2165,33.54],[-108.235,33.5425],[-108.2534,33.545],[-108.2719,33.5476],[-108.2903,33.5501],[-108.3088,33.5526],[-108.3272,33.5551],[-108.3457,33.5576],[-108.3642,33.5601],[-108.3771,33.5702],[-108.39,33.5803],[-108.4029,33.5903],[-108.4159,33.6004],[-108.4288,33.6105],[-108.4417,33.6205],[-108.4547,33.6306],[-108.4676,33.6407],[-108.4886,33.6366],[-108.5095,33.6325],[-108.5305,33.6284],[-108.5515,33.6244],[-108.5724,33.6203],[-108.5934,33.6162],[-108.6143,33.6121],[-108.6353,33.608],[-108.6488,33.6261],[-108.6624,33.6443],[-108.676,33.6624],[-108.6896,33.6806],[-108.7115,33.6794],[-108.7334,33.6783],[-108.7553,33.6772],[-108.7772,33.676],[-108.7675,33.6946],[-108.7578,33.7132]]]},"properties":{"OBJECTID":735,"state":"New Mexico","agency":"New Mexico Department of Game and Fish","unit_type":"GMU","unit_id":"16A","unit_name":"GMU 16A","unit_label":"New Mexico GMU 16A","aliases":"16a | 16a gmu 16a | 2026 | game management unit | game management unit 16a | game management unit 16a gmu 16a | gmu | gmu 16a | gmu 16a gmu 16a | hunt unit | hunt unit 16a | hunt unit 16a gmu 16a | hunting unit | hunting unit 16a | hunting unit 16a gmu 1","year":"2026","Shape_Length":197671.52438296026,"Shape_Area":1658289141.0133715}},{"type":"Feature","id":736,"geometry":{"type":"Polygon","coordinates":[[[-108.4113,33.4168],[-108.4313,33.4163],[-108.4513,33.4157],[-108.4713,33.4152],[-108.4914,33.4146],[-108.5114,33.4141],[-108.5314,33.4135],[-108.5514,33.4129],[-108.5714,33.4123],[-108.5844,33.4061],[-108.5975,33.3999],[-108.6105,33.3937],[-108.6236,33.3875],[-108.6366,33.3812],[-108.6496,33.375],[-108.6627,33.3688],[-108.6757,33.3625],[-108.6597,33.346],[-108.6437,33.3295],[-108.6278,33.313],[-108.6118,33.2964],[-108.6183,33.284],[-108.6247,33.2716],[-108.6311,33.2591],[-108.6376,33.2467],[-108.6283,33.2186],[-108.6191,33.1906],[-108.5953,33.1963],[-108.5716,33.2019],[-108.5478,33.2076],[-108.524,33.2133],[-108.5105,33.1992],[-108.4969,33.185],[-108.4833,33.1709],[-108.4698,33.1568],[-108.4751,33.1366],[-108.4804,33.1163],[-108.4857,33.0961],[-108.491,33.0759],[-108.4704,33.075],[-108.4498,33.0741],[-108.4292,33.0732],[-108.4086,33.0722],[-108.3909,33.0675],[-108.3733,33.0627],[-108.3556,33.0579],[-108.338,33.0532],[-108.3203,33.0484],[-108.3027,33.0436],[-108.2851,33.0389],[-108.2674,33.0341],[-108.2508,33.0331],[-108.2342,33.0321],[-108.2175,33.0311],[-108.2009,33.0301],[-108.1843,33.0291],[-108.1677,33.0281],[-108.1511,33.0271],[-108.1344,33.0261],[-108.1179,33.0157],[-108.1014,33.0053],[-108.0848,32.995],[-108.0683,32.9846],[-108.0518,32.9742],[-108.0353,32.9638],[-108.0188,32.9534],[-108.0023,32.943],[-107.9902,32.9512],[-107.9781,32.9594],[-107.966,32.9675],[-107.9539,32.9757],[-107.9419,32.9839],[-107.9298,32.992],[-107.9177,33.0002],[-107.9056,33.0084],[-107.8808,33.0064],[-107.8559,33.0045],[-107.851,33.0203],[-107.8461,33.0361],[-107.8411,33.052],[-107.8362,33.0678],[-107.8404,33.085],[-107.8447,33.1021],[-107.8489,33.1193],[-107.8531,33.1365],[-107.8574,33.1537],[-107.8616,33.1709],[-107.8658,33.1881],[-107.8701,33.2052],[-107.8596,33.2165],[-107.8492,33.2277],[-107.8388,33.2389],[-107.8284,33.2502],[-107.8296,33.3055],[-107.8467,33.3046],[-107.8638,33.3036],[-107.8809,33.3026],[-107.8981,33.3016],[-107.9152,33.3006],[-107.9323,33.2996],[-107.9494,33.2986],[-107.9666,33.2976],[-107.9837,33.2966],[-108.0008,33.2956],[-108.0179,33.2946],[-108.035,33.2936],[-108.0522,33.2926],[-108.0693,33.2916],[-108.0864,33.2905],[-108.1035,33.2895],[-108.1123,33.2981],[-108.1211,33.3068],[-108.1299,33.3154],[-108.1387,33.324],[-108.1475,33.3326],[-108.1563,33.3412],[-108.1651,33.3499],[-108.174,33.3585],[-108.1864,33.3636],[-108.1988,33.3687],[-108.2113,33.3738],[-108.2237,33.3788],[-108.2361,33.3839],[-108.2486,33.389],[-108.261,33.3941],[-108.2735,33.3992],[-108.3001,33.3968],[-108.3267,33.3943],[-108.3533,33.3919],[-108.3799,33.3894],[-108.3956,33.4031],[-108.4113,33.4168]]]},"properties":{"OBJECTID":736,"state":"New Mexico","agency":"New Mexico Department of Game and Fish","unit_type":"GMU","unit_id":"16B","unit_name":"GMU 16B","unit_label":"New Mexico GMU 16B","aliases":"16b | 16b gmu 16b | 2026 | game management unit | game management unit 16b | game management unit 16b gmu 16b | gmu | gmu 16b | gmu 16b gmu 16b | hunt unit | hunt unit 16b | hunt unit 16b gmu 16b | hunting unit | hunting unit 16b | hunting unit 16b gmu 1","year":"2026","Shape_Length":235105.47959753615,"Shape_Area":2479800680.74793}},{"type":"Feature","id":737,"geometry":{"type":"Polygon","coordinates":[[[-107.795,33.693],[-107.8134,33.7043],[-107.8318,33.7157],[-107.8408,33.7005],[-107.8498,33.6854],[-107.8675,33.6774],[-107.8851,33.6694],[-107.9027,33.6614],[-107.9203,33.6534],[-107.938,33.6454],[-107.9556,33.6374],[-107.9732,33.6294],[-107.9908,33.6214],[-108.0148,33.6173],[-108.0388,33.6132],[-108.0561,33.6018],[-108.0733,33.5904],[-108.0905,33.579],[-108.1077,33.5676],[-108.1249,33.5562],[-108.1421,33.5448],[-108.1593,33.5334],[-108.1765,33.522],[-108.1876,33.5116],[-108.1987,33.5013],[-108.2098,33.4909],[-108.2209,33.4805],[-108.232,33.4701],[-108.243,33.4597],[-108.2541,33.4493],[-108.2652,33.4389],[-108.2693,33.4191],[-108.2735,33.3992],[-108.261,33.3941],[-108.2486,33.389],[-108.2361,33.3839],[-108.2237,33.3788],[-108.2113,33.3738],[-108.1988,33.3687],[-108.1864,33.3636],[-108.174,33.3585],[-108.1651,33.3499],[-108.1563,33.3412],[-108.1475,33.3326],[-108.1387,33.324],[-108.1299,33.3154],[-108.1211,33.3068],[-108.1123,33.2981],[-108.1035,33.2895],[-108.0864,33.2905],[-108.0693,33.2916],[-108.0522,33.2926],[-108.035,33.2936],[-108.0179,33.2946],[-108.0008,33.2956],[-107.9837,33.2966],[-107.9666,33.2976],[-107.9494,33.2986],[-107.9323,33.2996],[-107.9152,33.3006],[-107.8981,33.3016],[-107.8809,33.3026],[-107.8638,33.3036],[-107.8467,33.3046],[-107.8296,33.3055],[-107.8264,33.3656],[-107.8372,33.3867],[-107.8481,33.4078],[-107.8589,33.4288],[-107.8697,33.4499],[-107.8612,33.4611],[-107.8526,33.4723],[-107.844,33.4835],[-107.8355,33.4947],[-107.8269,33.5059],[-107.8183,33.5171],[-107.8097,33.5283],[-107.8012,33.5395],[-107.7974,33.5646],[-107.7937,33.5897],[-107.8024,33.6017],[-107.8112,33.6137],[-107.8199,33.6257],[-107.8287,33.6377],[-107.8203,33.6515],[-107.8119,33.6653],[-107.8035,33.6792],[-107.795,33.693]]]},"properties":{"OBJECTID":737,"state":"New Mexico","agency":"New Mexico Department of Game and Fish","unit_type":"GMU","unit_id":"16C","unit_name":"GMU 16C","unit_label":"New Mexico GMU 16C","aliases":"16c | 16c gmu 16c | 2026 | game management unit | game management unit 16c | game management unit 16c gmu 16c | gmu | gmu 16c | gmu 16c gmu 16c | hunt unit | hunt unit 16c | hunt unit 16c gmu 16c | hunting unit | hunting unit 16c | hunting unit 16c gmu 1","year":"2026","Shape_Length":153840.13907137446,"Shape_Area":1237520912.8696148}},{"type":"Feature","id":738,"geometry":{"type":"Polygon","coordinates":[[[-108.3326,33.9145],[-108.3578,33.9199],[-108.383,33.9252],[-108.4083,33.9306],[-108.4335,33.9359],[-108.4453,33.9294],[-108.4571,33.9228],[-108.4688,33.9163],[-108.4806,33.9098],[-108.4923,33.9033],[-108.5041,33.8967],[-108.5159,33.8902],[-108.5276,33.8837],[-108.5449,33.8799],[-108.5622,33.8762],[-108.5795,33.8725],[-108.5968,33.8688],[-108.6069,33.8521],[-108.6169,33.8353],[-108.6285,33.8274],[-108.6401,33.8196],[-108.6517,33.8117],[-108.6632,33.8038],[-108.6748,33.796],[-108.6864,33.7881],[-108.698,33.7802],[-108.7096,33.7723],[-108.7216,33.7576],[-108.7337,33.7428],[-108.7457,33.728],[-108.7578,33.7132],[-108.7675,33.6946],[-108.7772,33.676],[-108.7553,33.6772],[-108.7334,33.6783],[-108.7115,33.6794],[-108.6896,33.6806],[-108.676,33.6624],[-108.6624,33.6443],[-108.6488,33.6261],[-108.6353,33.608],[-108.6143,33.6121],[-108.5934,33.6162],[-108.5724,33.6203],[-108.5515,33.6244],[-108.5305,33.6284],[-108.5095,33.6325],[-108.4886,33.6366],[-108.4676,33.6407],[-108.4547,33.6306],[-108.4417,33.6205],[-108.4288,33.6105],[-108.4159,33.6004],[-108.4029,33.5903],[-108.39,33.5803],[-108.3771,33.5702],[-108.3642,33.5601],[-108.3457,33.5576],[-108.3272,33.5551],[-108.3088,33.5526],[-108.2903,33.5501],[-108.2719,33.5476],[-108.2534,33.545],[-108.235,33.5425],[-108.2165,33.54],[-108.1965,33.531],[-108.1765,33.522],[-108.1876,33.5415],[-108.1987,33.561],[-108.2098,33.5805],[-108.2209,33.6],[-108.232,33.6195],[-108.2431,33.639],[-108.2542,33.6585],[-108.2653,33.678],[-108.2762,33.689],[-108.2871,33.7],[-108.2981,33.7109],[-108.309,33.7219],[-108.32,33.7329],[-108.3309,33.7438],[-108.3418,33.7548],[-108.3528,33.7658],[-108.3418,33.7863],[-108.3308,33.8069],[-108.3198,33.8275],[-108.3088,33.8481],[-108.3148,33.8647],[-108.3207,33.8813],[-108.3266,33.8979],[-108.3326,33.9145]]]},"properties":{"OBJECTID":738,"state":"New Mexico","agency":"New Mexico Department of Game and Fish","unit_type":"GMU","unit_id":"16D","unit_name":"GMU 16D","unit_label":"New Mexico GMU 16D","aliases":"16d | 16d gmu 16d | 2026 | game management unit | game management unit 16d | game management unit 16d gmu 16d | gmu | gmu 16d | gmu 16d gmu 16d | hunt unit | hunt unit 16d | hunt unit 16d gmu 16d | hunting unit | hunting unit 16d | hunting unit 16d gmu 1","year":"2026","Shape_Length":168580.45699531067,"Shape_Area":1220812738.2415483}},{"type":"Feature","id":739,"geometry":{"type":"Polygon","coordinates":[[[-107.6291,33.9712],[-107.6231,33.987],[-107.6172,34.0028],[-107.6112,34.0186],[-107.6052,34.0343],[-107.5992,34.0501],[-107.5933,34.0659],[-107.5873,34.0817],[-107.5813,34.0974],[-107.5969,34.1],[-107.6125,34.1027],[-107.6281,34.1053],[-107.6437,34.1079],[-107.6593,34.1105],[-107.675,34.113],[-107.6906,34.1156],[-107.7062,34.1182],[-107.7218,34.1208],[-107.7374,34.1234],[-107.753,34.126],[-107.7687,34.1286],[-107.7843,34.1312],[-107.7999,34.1337],[-107.8155,34.1363],[-107.8312,34.1389],[-107.853,34.1332],[-107.8748,34.1276],[-107.8852,34.1165],[-107.8955,34.1055],[-107.9059,34.0944],[-107.9163,34.0834],[-107.9267,34.0723],[-107.9371,34.0613],[-107.9474,34.0502],[-107.9578,34.0392],[-107.9768,34.0268],[-107.9958,34.0144],[-108.0148,34.002],[-108.0338,33.9897],[-108.0528,33.9773],[-108.0718,33.9649],[-108.0908,33.9525],[-108.1097,33.9401],[-108.1353,33.9329],[-108.1608,33.9258],[-108.1823,33.9244],[-108.2037,33.923],[-108.2252,33.9216],[-108.2467,33.9202],[-108.2682,33.9188],[-108.2896,33.9174],[-108.3111,33.916],[-108.3326,33.9145],[-108.3266,33.8979],[-108.3207,33.8813],[-108.3148,33.8647],[-108.3088,33.8481],[-108.3198,33.8275],[-108.3308,33.8069],[-108.3418,33.7863],[-108.3528,33.7658],[-108.3418,33.7548],[-108.3309,33.7438],[-108.32,33.7329],[-108.309,33.7219],[-108.2981,33.7109],[-108.2871,33.7],[-108.2762,33.689],[-108.2653,33.678],[-108.2542,33.6585],[-108.2431,33.639],[-108.232,33.6195],[-108.2209,33.6],[-108.2098,33.5805],[-108.1987,33.561],[-108.1876,33.5415],[-108.1765,33.522],[-108.1593,33.5334],[-108.1421,33.5448],[-108.1249,33.5562],[-108.1077,33.5676],[-108.0905,33.579],[-108.0733,33.5904],[-108.0561,33.6018],[-108.0388,33.6132],[-108.0148,33.6173],[-107.9908,33.6214],[-107.9732,33.6294],[-107.9556,33.6374],[-107.938,33.6454],[-107.9203,33.6534],[-107.9027,33.6614],[-107.8851,33.6694],[-107.8675,33.6774],[-107.8498,33.6854],[-107.8408,33.7005],[-107.8318,33.7157],[-107.8167,33.726],[-107.8016,33.7363],[-107.7865,33.7466],[-107.7714,33.7569],[-107.7635,33.7801],[-107.7555,33.8032],[-107.7412,33.8082],[-107.7269,33.8131],[-107.7127,33.818],[-107.6984,33.8229],[-107.7038,33.8418],[-107.7092,33.8606],[-107.7032,33.8806],[-107.6972,33.9005],[-107.6912,33.9205],[-107.6852,33.9405],[-107.6712,33.9482],[-107.6572,33.9558],[-107.6431,33.9635],[-107.6291,33.9712]]]},"properties":{"OBJECTID":739,"state":"New Mexico","agency":"New Mexico Department of Game and Fish","unit_type":"GMU","unit_id":"16E","unit_name":"GMU 16E","unit_label":"New Mexico GMU 16E","aliases":"16e | 16e gmu 16e | 2026 | game management unit | game management unit 16e | game management unit 16e gmu 16e | gmu | gmu 16e | gmu 16e gmu 16e | hunt unit | hunt unit 16e | hunt unit 16e gmu 16e | hunting unit | hunting unit 16e | hunting unit 16e gmu 1","year":"2026","Shape_Length":220436.30047972436,"Shape_Area":2479077559.7498136}},{"type":"Feature","id":740,"geometry":{"type":"Polygon","coordinates":[[[-107.1769,34.1379],[-107.2013,34.1299],[-107.2258,34.122],[-107.2502,34.1141],[-107.2746,34.1061],[-107.2948,34.1021],[-107.3151,34.0981],[-107.3353,34.0941],[-107.3555,34.0901],[-107.3757,34.0861],[-107.3958,34.0821],[-107.416,34.0781],[-107.4362,34.074],[-107.4544,34.077],[-107.4725,34.0799],[-107.4906,34.0828],[-107.5088,34.0858],[-107.5269,34.0887],[-107.545,34.0916],[-107.5632,34.0945],[-107.5813,34.0974],[-107.5873,34.0817],[-107.5933,34.0659],[-107.5992,34.0501],[-107.6052,34.0343],[-107.6112,34.0186],[-107.6172,34.0028],[-107.6231,33.987],[-107.6291,33.9712],[-107.6431,33.9635],[-107.6572,33.9558],[-107.6712,33.9482],[-107.6852,33.9405],[-107.6912,33.9205],[-107.6972,33.9005],[-107.7032,33.8806],[-107.7092,33.8606],[-107.7038,33.8418],[-107.6984,33.8229],[-107.6873,33.8086],[-107.6762,33.7942],[-107.6732,33.7707],[-107.6702,33.7472],[-107.6672,33.7237],[-107.6642,33.7002],[-107.6611,33.6767],[-107.6581,33.6532],[-107.6551,33.6297],[-107.6521,33.6062],[-107.6295,33.5957],[-107.6069,33.5853],[-107.5843,33.5749],[-107.5618,33.5644],[-107.5541,33.5493],[-107.5465,33.5341],[-107.5388,33.519],[-107.5312,33.5038],[-107.5235,33.4887],[-107.5159,33.4735],[-107.5082,33.4584],[-107.5006,33.4432],[-107.4905,33.4329],[-107.4804,33.4225],[-107.4702,33.4122],[-107.4601,33.4018],[-107.45,33.3914],[-107.4399,33.3811],[-107.4298,33.3707],[-107.4197,33.3604],[-107.4096,33.35],[-107.3995,33.3397],[-107.3894,33.3293],[-107.3793,33.3189],[-107.3692,33.3086],[-107.3591,33.2982],[-107.349,33.2878],[-107.3389,33.2775],[-107.3183,33.264],[-107.2978,33.2506],[-107.2772,33.2371],[-107.2566,33.2237],[-107.2664,33.2491],[-107.2762,33.2744],[-107.2861,33.2998],[-107.2959,33.3252],[-107.2869,33.343],[-107.2779,33.3608],[-107.2689,33.3785],[-107.2598,33.3963],[-107.2508,33.4141],[-107.2418,33.4319],[-107.2328,33.4497],[-107.2237,33.4674],[-107.2147,33.4852],[-107.2057,33.503],[-107.1966,33.5207],[-107.1876,33.5385],[-107.1785,33.5563],[-107.1695,33.5741],[-107.1604,33.5918],[-107.1513,33.6096],[-107.1374,33.623],[-107.1235,33.6365],[-107.1096,33.65],[-107.0957,33.6634],[-107.0818,33.6769],[-107.0679,33.6903],[-107.054,33.7038],[-107.04,33.7172],[-107.0261,33.7307],[-107.0122,33.7441],[-106.9982,33.7575],[-106.9843,33.771],[-106.9703,33.7844],[-106.9564,33.7978],[-106.9424,33.8113],[-106.9284,33.8247],[-106.9223,33.8364],[-106.9162,33.848],[-106.9101,33.8596],[-106.904,33.8713],[-106.8979,33.8829],[-106.8918,33.8946],[-106.8856,33.9062],[-106.8795,33.9179],[-106.883,33.9575],[-106.8864,33.9971],[-106.8899,34.0367],[-106.8934,34.0763],[-106.9092,34.0583],[-106.925,34.0403],[-106.9408,34.0223],[-106.9566,34.0044],[-106.9772,34.0081],[-106.9977,34.0118],[-107.0183,34.0156],[-107.0388,34.0193],[-107.0532,34.0385],[-107.0677,34.0577],[-107.0821,34.0769],[-107.0965,34.096],[-107.1166,34.1065],[-107.1367,34.117],[-107.1568,34.1274],[-107.1769,34.1379]]]},"properties":{"OBJECTID":740,"state":"New Mexico","agency":"New Mexico Department of Game and Fish","unit_type":"GMU","unit_id":"17","unit_name":"GMU 17","unit_label":"New Mexico GMU 17","aliases":"17 | 17 gmu 17 | 2026 | game management unit | game management unit 17 | game management unit 17 gmu 17 | gmu | gmu 17 | gmu 17 gmu 17 | hunt unit | hunt unit 17 | hunt unit 17 gmu 17 | hunting unit | hunting unit 17 | hunting unit 17 gmu 17 | new mexico","year":"2026","Shape_Length":298955.7354522009,"Shape_Area":4271360791.7739635}},{"type":"Feature","id":741,"geometry":{"type":"Polygon","coordinates":[[[-106.2406,34.5204],[-106.253,34.5118],[-106.2654,34.5032],[-106.2777,34.4946],[-106.2901,34.486],[-106.3025,34.4774],[-106.3149,34.4688],[-106.3272,34.4601],[-106.3396,34.4515],[-106.367,34.4473],[-106.3945,34.4431],[-106.4219,34.4389],[-106.4493,34.4347],[-106.4639,34.4269],[-106.4786,34.4191],[-106.4932,34.4112],[-106.5078,34.4034],[-106.5186,34.4182],[-106.5294,34.4331],[-106.5487,34.4323],[-106.568,34.4315],[-106.5873,34.4307],[-106.6066,34.4299],[-106.6258,34.4291],[-106.6451,34.4283],[-106.6644,34.4275],[-106.6837,34.4266],[-106.7029,34.4258],[-106.7222,34.425],[-106.7415,34.4242],[-106.7608,34.4233],[-106.78,34.4225],[-106.7993,34.4217],[-106.8186,34.4208],[-106.8378,34.42],[-106.8467,34.4059],[-106.8555,34.3919],[-106.8643,34.3778],[-106.8731,34.3637],[-106.8795,34.345],[-106.8858,34.3263],[-106.8921,34.3077],[-106.8984,34.289],[-106.9047,34.2703],[-106.911,34.2516],[-106.9172,34.2329],[-106.9235,34.2142],[-106.916,34.1797],[-106.9084,34.1452],[-106.9009,34.1107],[-106.8934,34.0763],[-106.8899,34.0367],[-106.8864,33.9971],[-106.883,33.9575],[-106.8795,33.9179],[-106.8636,33.9146],[-106.8476,33.9112],[-106.8317,33.9079],[-106.8158,33.9046],[-106.7998,33.9013],[-106.7839,33.8979],[-106.768,33.8946],[-106.752,33.8912],[-106.7506,33.8234],[-106.7356,33.8234],[-106.7206,33.8235],[-106.7056,33.8235],[-106.6906,33.8236],[-106.6756,33.8236],[-106.6606,33.8236],[-106.6456,33.8237],[-106.6306,33.8237],[-106.6156,33.8238],[-106.6006,33.8238],[-106.5856,33.8238],[-106.5706,33.8238],[-106.5556,33.8239],[-106.5406,33.8239],[-106.5256,33.8239],[-106.5106,33.8239],[-106.4956,33.824],[-106.4806,33.824],[-106.4656,33.824],[-106.4506,33.824],[-106.4356,33.824],[-106.4206,33.824],[-106.4056,33.824],[-106.3906,33.824],[-106.3756,33.824],[-106.3606,33.824],[-106.3456,33.824],[-106.3306,33.824],[-106.3155,33.824],[-106.3005,33.824],[-106.2855,33.824],[-106.2705,33.824],[-106.2481,33.8178],[-106.2256,33.8116],[-106.2032,33.8054],[-106.1807,33.7992],[-106.1618,33.7882],[-106.1428,33.7773],[-106.1238,33.7663],[-106.1049,33.7553],[-106.1061,33.5724],[-106.1074,33.3894],[-106.0986,33.3894],[-106.0736,33.3895],[-106.0658,33.42],[-106.058,33.4505],[-106.0502,33.481],[-106.0424,33.5115],[-106.0299,33.5245],[-106.0175,33.5376],[-106.005,33.5507],[-105.9925,33.5637],[-105.9773,33.574],[-105.9622,33.5844],[-105.947,33.5947],[-105.9319,33.605],[-105.9167,33.6153],[-105.9016,33.6256],[-105.8864,33.6359],[-105.8713,33.6462],[-105.8624,33.6687],[-105.8535,33.6912],[-105.8446,33.7137],[-105.8357,33.7363],[-105.834,33.8048],[-105.8322,33.8734],[-105.8243,33.8855],[-105.8164,33.8976],[-105.8084,33.9097],[-105.8005,33.9218],[-105.8259,33.9227],[-105.8512,33.9237],[-105.8766,33.9246],[-105.902,33.9255],[-105.9081,33.9667],[-105.9189,33.9818],[-105.9297,33.9968],[-105.9405,34.0119],[-105.9512,34.0269],[-105.962,34.042],[-105.9728,34.057],[-105.9836,34.0721],[-105.9944,34.0871],[-105.9941,34.2586],[-106.0211,34.2598],[-106.0481,34.2611],[-106.0751,34.2624],[-106.1021,34.2636],[-106.1038,34.3454],[-106.1298,34.3471],[-106.1558,34.3488],[-106.1646,34.3598],[-106.1735,34.3708],[-106.1823,34.3818],[-106.1911,34.3928],[-106.1911,34.5053],[-106.2158,34.5129],[-106.2406,34.5204]]]},"properties":{"OBJECTID":741,"state":"New Mexico","agency":"New Mexico Department of Game and Fish","unit_type":"GMU","unit_id":"18","unit_name":"GMU 18","unit_label":"New Mexico GMU 18","aliases":"18 | 18 gmu 18 | 2026 | game management unit | game management unit 18 | game management unit 18 gmu 18 | gmu | gmu 18 | gmu 18 gmu 18 | hunt unit | hunt unit 18 | hunt unit 18 gmu 18 | hunting unit | hunting unit 18 | hunting unit 18 gmu 18 | new mexico","year":"2026","Shape_Length":406968.555109247,"Shape_Area":6335061197.22072}},{"type":"Feature","id":742,"geometry":{"type":"Polygon","coordinates":[[[-106.0986,33.3894],[-106.1074,33.3894],[-106.1061,33.5724],[-106.1049,33.7553],[-106.1238,33.7663],[-106.1428,33.7773],[-106.1618,33.7882],[-106.1807,33.7992],[-106.2032,33.8054],[-106.2256,33.8116],[-106.2481,33.8178],[-106.2705,33.824],[-106.2855,33.824],[-106.3005,33.824],[-106.3155,33.824],[-106.3306,33.824],[-106.3456,33.824],[-106.3606,33.824],[-106.3756,33.824],[-106.3906,33.824],[-106.4056,33.824],[-106.4206,33.824],[-106.4356,33.824],[-106.4506,33.824],[-106.4656,33.824],[-106.4806,33.824],[-106.4956,33.824],[-106.5106,33.8239],[-106.5256,33.8239],[-106.5406,33.8239],[-106.5556,33.8239],[-106.5706,33.8238],[-106.5856,33.8238],[-106.6006,33.8238],[-106.6156,33.8238],[-106.6306,33.8237],[-106.6456,33.8237],[-106.6606,33.8236],[-106.6756,33.8236],[-106.6906,33.8236],[-106.7056,33.8235],[-106.7206,33.8235],[-106.7356,33.8234],[-106.7506,33.8234],[-106.7509,32.8228],[-106.7444,32.8119],[-106.738,32.801],[-106.7315,32.7901],[-106.7251,32.7793],[-106.7186,32.7684],[-106.7121,32.7575],[-106.7057,32.7466],[-106.6992,32.7357],[-106.6949,32.7139],[-106.6907,32.6921],[-106.6864,32.6703],[-106.6821,32.6485],[-106.6735,32.6376],[-106.6649,32.6267],[-106.6564,32.6157],[-106.6478,32.6048],[-106.649,32.4896],[-106.6234,32.4871],[-106.5978,32.4847],[-106.5892,32.458],[-106.5806,32.4313],[-106.5991,32.4249],[-106.6176,32.4186],[-106.636,32.4122],[-106.6545,32.4059],[-106.673,32.3995],[-106.6914,32.3931],[-106.7099,32.3868],[-106.7284,32.3804],[-106.7387,32.3723],[-106.749,32.3642],[-106.7593,32.3561],[-106.7696,32.348],[-106.7599,32.3258],[-106.7501,32.3035],[-106.7404,32.2812],[-106.7306,32.2589],[-106.7207,32.245],[-106.7107,32.2312],[-106.7007,32.2173],[-106.6908,32.2034],[-106.6808,32.1896],[-106.6709,32.1757],[-106.6609,32.1618],[-106.651,32.148],[-106.6424,32.1296],[-106.6339,32.1112],[-106.6253,32.0928],[-106.6168,32.0744],[-106.6083,32.0559],[-106.5997,32.0375],[-106.5912,32.0191],[-106.5827,32.0007],[-106.5667,32.0008],[-106.5506,32.0009],[-106.5346,32.0009],[-106.5185,32.001],[-106.5025,32.0011],[-106.4865,32.0011],[-106.4704,32.0012],[-106.4544,32.0012],[-106.4384,32.0013],[-106.4223,32.0014],[-106.4063,32.0014],[-106.3902,32.0015],[-106.3742,32.0015],[-106.3582,32.0015],[-106.3421,32.0016],[-106.3261,32.0016],[-106.3193,32.0123],[-106.3124,32.0229],[-106.3056,32.0335],[-106.2988,32.0442],[-106.2919,32.0548],[-106.2851,32.0654],[-106.2783,32.0761],[-106.2714,32.0867],[-106.2646,32.0973],[-106.2577,32.108],[-106.2509,32.1186],[-106.244,32.1292],[-106.2372,32.1399],[-106.2303,32.1505],[-106.2235,32.1611],[-106.2166,32.1718],[-106.2097,32.1824],[-106.2029,32.193],[-106.196,32.2036],[-106.1892,32.2143],[-106.1823,32.2249],[-106.1754,32.2355],[-106.1686,32.2461],[-106.1617,32.2568],[-106.1548,32.2674],[-106.1479,32.278],[-106.1411,32.2886],[-106.1342,32.2992],[-106.1273,32.3099],[-106.1204,32.3205],[-106.1135,32.3311],[-106.1066,32.3417],[-106.1226,32.3416],[-106.1385,32.3415],[-106.1375,32.5819],[-106.1364,32.8222],[-106.1192,32.8241],[-106.1021,32.826],[-106.0849,32.8278],[-106.0677,32.8297],[-106.0661,32.9598],[-106.0817,32.9597],[-106.0973,32.9596],[-106.0979,33.0772],[-106.0986,33.3894]]]},"properties":{"OBJECTID":742,"state":"New Mexico","agency":"New Mexico Department of Game and Fish","unit_type":"GMU","unit_id":"19","unit_name":"GMU 19","unit_label":"New Mexico GMU 19","aliases":"19 | 19 gmu 19 | 2026 | game management unit | game management unit 19 | game management unit 19 gmu 19 | gmu | gmu 19 | gmu 19 gmu 19 | hunt unit | hunt unit 19 | hunt unit 19 gmu 19 | hunting unit | hunting unit 19 | hunting unit 19 gmu 19 | new mexico","year":"2026","Shape_Length":523711.01010997436,"Shape_Area":11016654465.716707}},{"type":"Feature","id":743,"geometry":{"type":"Polygon","coordinates":[[[-106.752,33.8912],[-106.768,33.8946],[-106.7839,33.8979],[-106.7998,33.9013],[-106.8158,33.9046],[-106.8317,33.9079],[-106.8476,33.9112],[-106.8636,33.9146],[-106.8795,33.9179],[-106.8856,33.9062],[-106.8918,33.8946],[-106.8979,33.8829],[-106.904,33.8713],[-106.9101,33.8596],[-106.9162,33.848],[-106.9223,33.8364],[-106.9284,33.8247],[-106.9424,33.8113],[-106.9564,33.7978],[-106.9703,33.7844],[-106.9843,33.771],[-106.9982,33.7575],[-107.0122,33.7441],[-107.0261,33.7307],[-107.04,33.7172],[-107.054,33.7038],[-107.0679,33.6903],[-107.0818,33.6769],[-107.0957,33.6634],[-107.1096,33.65],[-107.1235,33.6365],[-107.1374,33.623],[-107.1513,33.6096],[-107.1604,33.5918],[-107.1695,33.5741],[-107.1785,33.5563],[-107.1876,33.5385],[-107.1966,33.5207],[-107.2057,33.503],[-107.2147,33.4852],[-107.2237,33.4674],[-107.2328,33.4497],[-107.2418,33.4319],[-107.2508,33.4141],[-107.2598,33.3963],[-107.2689,33.3785],[-107.2779,33.3608],[-107.2869,33.343],[-107.2959,33.3252],[-107.2861,33.2998],[-107.2762,33.2744],[-107.2664,33.2491],[-107.2566,33.2237],[-107.2563,33.1493],[-107.2755,33.136],[-107.2947,33.1227],[-107.3007,33.0927],[-107.3066,33.0628],[-107.3126,33.0328],[-107.3185,33.0029],[-107.3172,32.9514],[-107.3158,32.9],[-107.3076,32.8751],[-107.2993,32.8503],[-107.291,32.8254],[-107.2828,32.8005],[-107.2693,32.7863],[-107.2558,32.772],[-107.2423,32.7577],[-107.2288,32.7434],[-107.2153,32.7291],[-107.2018,32.7148],[-107.1883,32.7005],[-107.1749,32.6862],[-107.1531,32.6837],[-107.1314,32.6812],[-107.1096,32.6787],[-107.0879,32.6762],[-107.0661,32.6737],[-107.0444,32.6712],[-107.0226,32.6687],[-107.0009,32.6661],[-106.9911,32.6561],[-106.9812,32.646],[-106.9714,32.6359],[-106.9616,32.6258],[-106.9536,32.6083],[-106.9457,32.5908],[-106.9378,32.5733],[-106.9298,32.5558],[-106.9219,32.5383],[-106.9139,32.5208],[-106.906,32.5032],[-106.8981,32.4857],[-106.882,32.4685],[-106.8659,32.4513],[-106.8499,32.4341],[-106.8338,32.4169],[-106.8178,32.3997],[-106.8017,32.3825],[-106.7857,32.3653],[-106.7696,32.348],[-106.7593,32.3561],[-106.749,32.3642],[-106.7387,32.3723],[-106.7284,32.3804],[-106.7099,32.3868],[-106.6914,32.3931],[-106.673,32.3995],[-106.6545,32.4059],[-106.636,32.4122],[-106.6176,32.4186],[-106.5991,32.4249],[-106.5806,32.4313],[-106.5892,32.458],[-106.5978,32.4847],[-106.6234,32.4871],[-106.649,32.4896],[-106.6478,32.6048],[-106.6564,32.6157],[-106.6649,32.6267],[-106.6735,32.6376],[-106.6821,32.6485],[-106.6864,32.6703],[-106.6907,32.6921],[-106.6949,32.7139],[-106.6992,32.7357],[-106.7057,32.7466],[-106.7121,32.7575],[-106.7186,32.7684],[-106.7251,32.7793],[-106.7315,32.7901],[-106.738,32.801],[-106.7444,32.8119],[-106.7509,32.8228],[-106.7506,33.8234],[-106.752,33.8912]]]},"properties":{"OBJECTID":743,"state":"New Mexico","agency":"New Mexico Department of Game and Fish","unit_type":"GMU","unit_id":"20","unit_name":"GMU 20","unit_label":"New Mexico GMU 20","aliases":"20 | 20 gmu 20 | 2026 | game management unit | game management unit 20 | game management unit 20 gmu 20 | gmu | gmu 20 | gmu 20 gmu 20 | hunt unit | hunt unit 20 | hunt unit 20 gmu 20 | hunting unit | hunting unit 20 | hunting unit 20 gmu 20 | new mexico","year":"2026","Shape_Length":415380.6676058056,"Shape_Area":6603543136.160781}},{"type":"Feature","id":744,"geometry":{"type":"Polygon","coordinates":[[[-107.7301,33.4767],[-107.73,33.6958],[-107.7463,33.6951],[-107.7625,33.6944],[-107.7788,33.6937],[-107.795,33.693],[-107.8035,33.6792],[-107.8119,33.6653],[-107.8203,33.6515],[-107.8287,33.6377],[-107.8199,33.6257],[-107.8112,33.6137],[-107.8024,33.6017],[-107.7937,33.5897],[-107.7974,33.5646],[-107.8012,33.5395],[-107.8097,33.5283],[-107.8183,33.5171],[-107.8269,33.5059],[-107.8355,33.4947],[-107.844,33.4835],[-107.8526,33.4723],[-107.8612,33.4611],[-107.8697,33.4499],[-107.8589,33.4288],[-107.8481,33.4078],[-107.8372,33.3867],[-107.8264,33.3656],[-107.8296,33.3055],[-107.8284,33.2502],[-107.8388,33.2389],[-107.8492,33.2277],[-107.8596,33.2165],[-107.8701,33.2052],[-107.8658,33.1881],[-107.8616,33.1709],[-107.8574,33.1537],[-107.8531,33.1365],[-107.8489,33.1193],[-107.8447,33.1021],[-107.8404,33.085],[-107.8362,33.0678],[-107.8411,33.052],[-107.8461,33.0361],[-107.851,33.0203],[-107.8559,33.0045],[-107.8371,32.9916],[-107.8182,32.9787],[-107.7994,32.9657],[-107.7806,32.9528],[-107.7768,32.9033],[-107.7731,32.8538],[-107.7602,32.8349],[-107.7472,32.8159],[-107.7343,32.797],[-107.7214,32.7781],[-107.7224,32.7345],[-107.6997,32.7457],[-107.6769,32.7569],[-107.6542,32.768],[-107.6315,32.7792],[-107.6314,32.9072],[-107.6574,32.9073],[-107.6835,32.9073],[-107.6859,32.951],[-107.6883,32.9946],[-107.6906,33.0383],[-107.693,33.082],[-107.6972,33.1032],[-107.7015,33.1245],[-107.7057,33.1458],[-107.7099,33.167],[-107.6935,33.1759],[-107.6772,33.1848],[-107.6828,33.2032],[-107.6884,33.2215],[-107.694,33.2399],[-107.6996,33.2582],[-107.6977,33.3247],[-107.6958,33.3911],[-107.7044,33.4125],[-107.7129,33.4339],[-107.7215,33.4553],[-107.7301,33.4767]]]},"properties":{"OBJECTID":744,"state":"New Mexico","agency":"New Mexico Department of Game and Fish","unit_type":"GMU","unit_id":"21A","unit_name":"GMU 21A","unit_label":"New Mexico GMU 21A","aliases":"2026 | 21a | 21a gmu 21a | game management unit | game management unit 21a | game management unit 21a gmu 21a | gmu | gmu 21a | gmu 21a gmu 21a | hunt unit | hunt unit 21a | hunt unit 21a gmu 21a | hunting unit | hunting unit 21a | hunting unit 21a gmu 2","year":"2026","Shape_Length":243356.6413954518,"Shape_Area":1205858810.595857}},{"type":"Feature","id":745,"geometry":{"type":"Polygon","coordinates":[[[-107.6521,33.6062],[-107.6551,33.6297],[-107.6581,33.6532],[-107.6611,33.6767],[-107.6642,33.7002],[-107.6672,33.7237],[-107.6702,33.7472],[-107.6732,33.7707],[-107.6762,33.7942],[-107.6873,33.8086],[-107.6984,33.8229],[-107.7127,33.818],[-107.7269,33.8131],[-107.7412,33.8082],[-107.7555,33.8032],[-107.7635,33.7801],[-107.7714,33.7569],[-107.7865,33.7466],[-107.8016,33.7363],[-107.8167,33.726],[-107.8318,33.7157],[-107.8134,33.7043],[-107.795,33.693],[-107.7788,33.6937],[-107.7625,33.6944],[-107.7463,33.6951],[-107.73,33.6958],[-107.7301,33.4767],[-107.7215,33.4553],[-107.7129,33.4339],[-107.7044,33.4125],[-107.6958,33.3911],[-107.6977,33.3247],[-107.6996,33.2582],[-107.694,33.2399],[-107.6884,33.2215],[-107.6828,33.2032],[-107.6772,33.1848],[-107.6935,33.1759],[-107.7099,33.167],[-107.7057,33.1458],[-107.7015,33.1245],[-107.6972,33.1032],[-107.693,33.082],[-107.6906,33.0383],[-107.6883,32.9946],[-107.6859,32.951],[-107.6835,32.9073],[-107.6574,32.9073],[-107.6314,32.9072],[-107.6315,32.7792],[-107.6542,32.768],[-107.6769,32.7569],[-107.6997,32.7457],[-107.7224,32.7345],[-107.7196,32.6785],[-107.7169,32.6226],[-107.6898,32.6183],[-107.6628,32.614],[-107.6357,32.6098],[-107.6086,32.6055],[-107.5936,32.6054],[-107.5786,32.6054],[-107.5635,32.6054],[-107.5485,32.6054],[-107.5335,32.6053],[-107.5185,32.6053],[-107.5035,32.6052],[-107.4884,32.6052],[-107.4699,32.5903],[-107.4513,32.5755],[-107.4613,32.5628],[-107.4713,32.5501],[-107.4813,32.5374],[-107.4914,32.5247],[-107.5014,32.512],[-107.5114,32.4994],[-107.5214,32.4867],[-107.5314,32.474],[-107.5414,32.4613],[-107.5514,32.4486],[-107.5614,32.4359],[-107.5714,32.4232],[-107.5814,32.4105],[-107.5914,32.3978],[-107.6014,32.3851],[-107.6113,32.3724],[-107.6237,32.3633],[-107.6362,32.3542],[-107.6486,32.3451],[-107.661,32.3359],[-107.6734,32.3268],[-107.6858,32.3177],[-107.6982,32.3086],[-107.7106,32.2995],[-107.7363,32.294],[-107.7621,32.2885],[-107.7591,32.2705],[-107.7429,32.2726],[-107.7267,32.2746],[-107.7105,32.2767],[-107.6942,32.2788],[-107.678,32.2809],[-107.6618,32.283],[-107.6456,32.285],[-107.6293,32.2871],[-107.6059,32.2816],[-107.5825,32.276],[-107.559,32.2705],[-107.5356,32.2649],[-107.5122,32.2593],[-107.4888,32.2538],[-107.4654,32.2482],[-107.442,32.2426],[-107.4268,32.2425],[-107.4116,32.2425],[-107.3965,32.2424],[-107.3813,32.2423],[-107.3662,32.2422],[-107.351,32.2421],[-107.3359,32.242],[-107.3207,32.2419],[-107.3056,32.2418],[-107.2904,32.2418],[-107.2752,32.2417],[-107.2601,32.2416],[-107.2449,32.2415],[-107.2298,32.2414],[-107.2146,32.2413],[-107.1995,32.2411],[-107.1814,32.2432],[-107.1634,32.2452],[-107.1453,32.2473],[-107.1272,32.2493],[-107.1092,32.2514],[-107.0911,32.2534],[-107.0731,32.2554],[-107.055,32.2574],[-107.037,32.2595],[-107.0189,32.2615],[-107.0008,32.2635],[-106.9828,32.2655],[-106.9647,32.2675],[-106.9467,32.2695],[-106.9286,32.2715],[-106.9105,32.2735],[-106.8943,32.2789],[-106.878,32.2842],[-106.8617,32.2896],[-106.8455,32.2949],[-106.8292,32.3002],[-106.8129,32.3056],[-106.7966,32.3109],[-106.7804,32.3162],[-106.775,32.3321],[-106.7696,32.348],[-106.7857,32.3653],[-106.8017,32.3825],[-106.8178,32.3997],[-106.8338,32.4169],[-106.8499,32.4341],[-106.8659,32.4513],[-106.882,32.4685],[-106.8981,32.4857],[-106.906,32.5032],[-106.9139,32.5208],[-106.9219,32.5383],[-106.9298,32.5558],[-106.9378,32.5733],[-106.9457,32.5908],[-106.9536,32.6083],[-106.9616,32.6258],[-106.9714,32.6359],[-106.9812,32.646],[-106.9911,32.6561],[-107.0009,32.6661],[-107.0226,32.6687],[-107.0444,32.6712],[-107.0661,32.6737],[-107.0879,32.6762],[-107.1096,32.6787],[-107.1314,32.6812],[-107.1531,32.6837],[-107.1749,32.6862],[-107.1883,32.7005],[-107.2018,32.7148],[-107.2153,32.7291],[-107.2288,32.7434],[-107.2423,32.7577],[-107.2558,32.772],[-107.2693,32.7863],[-107.2828,32.8005],[-107.291,32.8254],[-107.2993,32.8503],[-107.3076,32.8751],[-107.3158,32.9],[-107.3172,32.9514],[-107.3185,33.0029],[-107.3126,33.0328],[-107.3066,33.0628],[-107.3007,33.0927],[-107.2947,33.1227],[-107.2755,33.136],[-107.2563,33.1493],[-107.2566,33.2237],[-107.2772,33.2371],[-107.2978,33.2506],[-107.3183,33.264],[-107.3389,33.2775],[-107.349,33.2878],[-107.3591,33.2982],[-107.3692,33.3086],[-107.3793,33.3189],[-107.3894,33.3293],[-107.3995,33.3397],[-107.4096,33.35],[-107.4197,33.3604],[-107.4298,33.3707],[-107.4399,33.3811],[-107.45,33.3914],[-107.4601,33.4018],[-107.4702,33.4122],[-107.4804,33.4225],[-107.4905,33.4329],[-107.5006,33.4432],[-107.5082,33.4584],[-107.5159,33.4735],[-107.5235,33.4887],[-107.5312,33.5038],[-107.5388,33.519],[-107.5465,33.5341],[-107.5541,33.5493],[-107.5618,33.5644],[-107.5843,33.5749],[-107.6069,33.5853],[-107.6295,33.5957],[-107.6521,33.6062]]]},"properties":{"OBJECTID":745,"state":"New Mexico","agency":"New Mexico Department of Game and Fish","unit_type":"GMU","unit_id":"21B","unit_name":"GMU 21B","unit_label":"New Mexico GMU 21B","aliases":"2026 | 21b | 21b gmu 21b | game management unit | game management unit 21b | game management unit 21b gmu 21b | gmu | gmu 21b | gmu 21b gmu 21b | hunt unit | hunt unit 21b | hunt unit 21b gmu 21b | hunting unit | hunting unit 21b | hunting unit 21b gmu 2","year":"2026","Shape_Length":537505.9132767584,"Shape_Area":6598956724.962309}},{"type":"Feature","id":746,"geometry":{"type":"Polygon","coordinates":[[[-108.7949,33.3975],[-108.8083,33.3932],[-108.8216,33.389],[-108.8349,33.3847],[-108.8483,33.3805],[-108.8616,33.3762],[-108.8749,33.372],[-108.8883,33.3677],[-108.9016,33.3635],[-108.8966,33.3476],[-108.8916,33.3318],[-108.8866,33.3159],[-108.8816,33.3001],[-108.8766,33.2843],[-108.8716,33.2684],[-108.8666,33.2526],[-108.8616,33.2367],[-108.8515,33.2253],[-108.8415,33.2139],[-108.8315,33.2024],[-108.8216,33.191],[-108.8134,33.1698],[-108.8053,33.1487],[-108.7973,33.1276],[-108.7892,33.1064],[-108.7778,33.0964],[-108.7665,33.0864],[-108.7551,33.0764],[-108.7438,33.0663],[-108.7324,33.0563],[-108.7211,33.0463],[-108.7098,33.0363],[-108.6985,33.0262],[-108.6871,33.0162],[-108.6758,33.0062],[-108.6645,32.9961],[-108.6532,32.9861],[-108.6419,32.9761],[-108.6305,32.966],[-108.6192,32.956],[-108.6079,32.946],[-108.5933,32.9622],[-108.5787,32.9785],[-108.5641,32.9947],[-108.5495,33.011],[-108.5349,33.0272],[-108.5202,33.0435],[-108.5056,33.0597],[-108.491,33.0759],[-108.4857,33.0961],[-108.4804,33.1163],[-108.4751,33.1366],[-108.4698,33.1568],[-108.4833,33.1709],[-108.4969,33.185],[-108.5105,33.1992],[-108.524,33.2133],[-108.5478,33.2076],[-108.5716,33.2019],[-108.5953,33.1963],[-108.6191,33.1906],[-108.6283,33.2186],[-108.6376,33.2467],[-108.6311,33.2591],[-108.6247,33.2716],[-108.6183,33.284],[-108.6118,33.2964],[-108.6278,33.313],[-108.6437,33.3295],[-108.6597,33.346],[-108.6757,33.3625],[-108.6906,33.3669],[-108.7055,33.3713],[-108.7204,33.3757],[-108.7353,33.38],[-108.7502,33.3844],[-108.7651,33.3888],[-108.78,33.3931],[-108.7949,33.3975]]]},"properties":{"OBJECTID":746,"state":"New Mexico","agency":"New Mexico Department of Game and Fish","unit_type":"GMU","unit_id":"22","unit_name":"GMU 22","unit_label":"New Mexico GMU 22","aliases":"2026 | 22 | 22 gmu 22 | game management unit | game management unit 22 | game management unit 22 gmu 22 | gmu | gmu 22 | gmu 22 gmu 22 | hunt unit | hunt unit 22 | hunt unit 22 gmu 22 | hunting unit | hunting unit 22 | hunting unit 22 gmu 22 | new mexico","year":"2026","Shape_Length":144245.5061866107,"Shape_Area":1027289239.0115225}},{"type":"Feature","id":747,"geometry":{"type":"Polygon","coordinates":[[[-108.9545,33.8174],[-108.9775,33.8157],[-109.0006,33.814],[-109.0236,33.8124],[-109.0467,33.8107],[-109.0467,33.8107],[-109.0467,33.7821],[-109.0467,33.7611],[-109.0469,33.7272],[-109.0469,33.7186],[-109.0469,33.7185],[-109.0471,33.6081],[-109.0471,33.6027],[-109.0472,33.5001],[-109.0471,33.4767],[-109.047,33.4673],[-109.047,33.4579],[-109.0476,33.2007],[-109.0476,33.1073],[-109.0475,33.0394],[-109.0475,32.9983],[-109.0478,32.6471],[-109.0477,32.6471],[-109.0372,32.639],[-109.0267,32.6308],[-109.0161,32.6226],[-109.0056,32.6145],[-108.9951,32.6063],[-108.9845,32.5982],[-108.974,32.59],[-108.9635,32.5818],[-108.953,32.5737],[-108.9424,32.5655],[-108.9319,32.5574],[-108.9214,32.5492],[-108.9109,32.541],[-108.9004,32.5329],[-108.8899,32.5247],[-108.8794,32.5165],[-108.8689,32.5083],[-108.8584,32.5002],[-108.8479,32.492],[-108.8374,32.4838],[-108.8269,32.4756],[-108.8164,32.4675],[-108.8059,32.4593],[-108.7954,32.4511],[-108.7849,32.4429],[-108.7744,32.4348],[-108.764,32.4266],[-108.7535,32.4184],[-108.743,32.4102],[-108.7325,32.402],[-108.7221,32.3938],[-108.7116,32.3856],[-108.7127,32.3426],[-108.6937,32.3393],[-108.6748,32.336],[-108.6558,32.3327],[-108.6369,32.3293],[-108.6215,32.3202],[-108.6061,32.311],[-108.5907,32.3018],[-108.5753,32.2927],[-108.5599,32.2835],[-108.5445,32.2743],[-108.5291,32.2651],[-108.5137,32.256],[-108.4984,32.2468],[-108.483,32.2376],[-108.4676,32.2284],[-108.4522,32.2192],[-108.4369,32.21],[-108.4215,32.2008],[-108.4062,32.1916],[-108.3908,32.1824],[-108.3696,32.185],[-108.3485,32.1875],[-108.3273,32.1901],[-108.3061,32.1926],[-108.289,32.1959],[-108.2719,32.1991],[-108.2548,32.2024],[-108.2377,32.2056],[-108.2206,32.2089],[-108.2035,32.2121],[-108.1864,32.2154],[-108.1693,32.2186],[-108.1437,32.2219],[-108.1181,32.2252],[-108.0925,32.2284],[-108.0668,32.2317],[-108.0412,32.235],[-108.0156,32.2382],[-107.9899,32.2415],[-107.9643,32.2447],[-107.9386,32.248],[-107.913,32.2512],[-107.8874,32.2544],[-107.8617,32.2576],[-107.8361,32.2609],[-107.8104,32.2641],[-107.7848,32.2673],[-107.7591,32.2705],[-107.7621,32.2885],[-107.7735,32.2994],[-107.7849,32.3104],[-107.7963,32.3213],[-107.8077,32.3323],[-107.8192,32.3432],[-107.8306,32.3541],[-107.842,32.3651],[-107.8534,32.376],[-107.8648,32.387],[-107.8763,32.3979],[-107.8877,32.4088],[-107.8991,32.4198],[-107.9106,32.4307],[-107.922,32.4416],[-107.9335,32.4525],[-107.9449,32.4635],[-107.9564,32.4744],[-107.9678,32.4853],[-107.9793,32.4962],[-107.9907,32.5072],[-108.0022,32.5181],[-108.0137,32.529],[-108.0251,32.5399],[-108.0366,32.5508],[-108.0481,32.5617],[-108.0596,32.5727],[-108.071,32.5836],[-108.0825,32.5945],[-108.094,32.6054],[-108.1055,32.6163],[-108.117,32.6272],[-108.1285,32.6381],[-108.1309,32.6919],[-108.1334,32.7458],[-108.1431,32.764],[-108.1528,32.7822],[-108.1779,32.7835],[-108.203,32.7848],[-108.2281,32.7861],[-108.2533,32.7874],[-108.2751,32.7784],[-108.2969,32.7694],[-108.3187,32.7604],[-108.3405,32.7514],[-108.3575,32.7554],[-108.3744,32.7594],[-108.3913,32.7633],[-108.4083,32.7673],[-108.4252,32.7713],[-108.4421,32.7752],[-108.4591,32.7792],[-108.476,32.7831],[-108.487,32.8072],[-108.498,32.8312],[-108.509,32.8553],[-108.52,32.8793],[-108.531,32.8876],[-108.542,32.896],[-108.553,32.9043],[-108.564,32.9126],[-108.5749,32.921],[-108.5859,32.9293],[-108.5969,32.9376],[-108.6079,32.946],[-108.6192,32.956],[-108.6305,32.966],[-108.6419,32.9761],[-108.6532,32.9861],[-108.6645,32.9961],[-108.6758,33.0062],[-108.6871,33.0162],[-108.6985,33.0262],[-108.7098,33.0363],[-108.7211,33.0463],[-108.7324,33.0563],[-108.7438,33.0663],[-108.7551,33.0764],[-108.7665,33.0864],[-108.7778,33.0964],[-108.7892,33.1064],[-108.7973,33.1276],[-108.8053,33.1487],[-108.8134,33.1698],[-108.8216,33.191],[-108.8315,33.2024],[-108.8415,33.2139],[-108.8515,33.2253],[-108.8616,33.2367],[-108.8666,33.2526],[-108.8716,33.2684],[-108.8766,33.2843],[-108.8816,33.3001],[-108.8866,33.3159],[-108.8916,33.3318],[-108.8966,33.3476],[-108.9016,33.3635],[-108.9078,33.3824],[-108.914,33.4013],[-108.9202,33.4202],[-108.9264,33.439],[-108.9298,33.4965],[-108.9332,33.5539],[-108.922,33.568],[-108.9109,33.582],[-108.8998,33.5961],[-108.8887,33.6101],[-108.8819,33.6308],[-108.8752,33.6515],[-108.8684,33.6722],[-108.8617,33.6929],[-108.8797,33.6995],[-108.8976,33.7061],[-108.9156,33.7126],[-108.9336,33.7192],[-108.9388,33.7437],[-108.944,33.7683],[-108.9492,33.7928],[-108.9545,33.8174]]]},"properties":{"OBJECTID":747,"state":"New Mexico","agency":"New Mexico Department of Game and Fish","unit_type":"GMU","unit_id":"23","unit_name":"GMU 23","unit_label":"New Mexico GMU 23","aliases":"2026 | 23 | 23 gmu 23 | game management unit | game management unit 23 | game management unit 23 gmu 23 | gmu | gmu 23 | gmu 23 gmu 23 | hunt unit | hunt unit 23 | hunt unit 23 gmu 23 | hunting unit | hunting unit 23 | hunting unit 23 gmu 23 | new mexico","year":"2026","Shape_Length":518621.76040794386,"Shape_Area":7606204630.229567}},{"type":"Feature","id":748,"geometry":{"type":"Polygon","coordinates":[[[-108.4086,33.0722],[-108.4292,33.0732],[-108.4498,33.0741],[-108.4704,33.075],[-108.491,33.0759],[-108.5056,33.0597],[-108.5202,33.0435],[-108.5349,33.0272],[-108.5495,33.011],[-108.5641,32.9947],[-108.5787,32.9785],[-108.5933,32.9622],[-108.6079,32.946],[-108.5969,32.9376],[-108.5859,32.9293],[-108.5749,32.921],[-108.564,32.9126],[-108.553,32.9043],[-108.542,32.896],[-108.531,32.8876],[-108.52,32.8793],[-108.509,32.8553],[-108.498,32.8312],[-108.487,32.8072],[-108.476,32.7831],[-108.4591,32.7792],[-108.4421,32.7752],[-108.4252,32.7713],[-108.4083,32.7673],[-108.3913,32.7633],[-108.3744,32.7594],[-108.3575,32.7554],[-108.3405,32.7514],[-108.3187,32.7604],[-108.2969,32.7694],[-108.2751,32.7784],[-108.2533,32.7874],[-108.2281,32.7861],[-108.203,32.7848],[-108.1779,32.7835],[-108.1528,32.7822],[-108.1431,32.764],[-108.1334,32.7458],[-108.1309,32.6919],[-108.1285,32.6381],[-108.117,32.6272],[-108.1055,32.6163],[-108.094,32.6054],[-108.0825,32.5945],[-108.071,32.5836],[-108.0596,32.5727],[-108.0481,32.5617],[-108.0366,32.5508],[-108.0251,32.5399],[-108.0137,32.529],[-108.0022,32.5181],[-107.9907,32.5072],[-107.9793,32.4962],[-107.9678,32.4853],[-107.9564,32.4744],[-107.9449,32.4635],[-107.9335,32.4525],[-107.922,32.4416],[-107.9106,32.4307],[-107.8991,32.4198],[-107.8877,32.4088],[-107.8763,32.3979],[-107.8648,32.387],[-107.8534,32.376],[-107.842,32.3651],[-107.8306,32.3541],[-107.8192,32.3432],[-107.8077,32.3323],[-107.7963,32.3213],[-107.7849,32.3104],[-107.7735,32.2994],[-107.7621,32.2885],[-107.7363,32.294],[-107.7106,32.2995],[-107.6982,32.3086],[-107.6858,32.3177],[-107.6734,32.3268],[-107.661,32.3359],[-107.6486,32.3451],[-107.6362,32.3542],[-107.6237,32.3633],[-107.6113,32.3724],[-107.6014,32.3851],[-107.5914,32.3978],[-107.5814,32.4105],[-107.5714,32.4232],[-107.5614,32.4359],[-107.5514,32.4486],[-107.5414,32.4613],[-107.5314,32.474],[-107.5214,32.4867],[-107.5114,32.4994],[-107.5014,32.512],[-107.4914,32.5247],[-107.4813,32.5374],[-107.4713,32.5501],[-107.4613,32.5628],[-107.4513,32.5755],[-107.4699,32.5903],[-107.4884,32.6052],[-107.5035,32.6052],[-107.5185,32.6053],[-107.5335,32.6053],[-107.5485,32.6054],[-107.5635,32.6054],[-107.5786,32.6054],[-107.5936,32.6054],[-107.6086,32.6055],[-107.6357,32.6098],[-107.6628,32.614],[-107.6898,32.6183],[-107.7169,32.6226],[-107.7196,32.6785],[-107.7224,32.7345],[-107.7214,32.7781],[-107.7343,32.797],[-107.7472,32.8159],[-107.7602,32.8349],[-107.7731,32.8538],[-107.7768,32.9033],[-107.7806,32.9528],[-107.7994,32.9657],[-107.8182,32.9787],[-107.8371,32.9916],[-107.8559,33.0045],[-107.8808,33.0064],[-107.9056,33.0084],[-107.9177,33.0002],[-107.9298,32.992],[-107.9419,32.9839],[-107.9539,32.9757],[-107.966,32.9675],[-107.9781,32.9594],[-107.9902,32.9512],[-108.0023,32.943],[-108.0188,32.9534],[-108.0353,32.9638],[-108.0518,32.9742],[-108.0683,32.9846],[-108.0848,32.995],[-108.1014,33.0053],[-108.1179,33.0157],[-108.1344,33.0261],[-108.1511,33.0271],[-108.1677,33.0281],[-108.1843,33.0291],[-108.2009,33.0301],[-108.2175,33.0311],[-108.2342,33.0321],[-108.2508,33.0331],[-108.2674,33.0341],[-108.2851,33.0389],[-108.3027,33.0436],[-108.3203,33.0484],[-108.338,33.0532],[-108.3556,33.0579],[-108.3733,33.0627],[-108.3909,33.0675],[-108.4086,33.0722]]]},"properties":{"OBJECTID":748,"state":"New Mexico","agency":"New Mexico Department of Game and Fish","unit_type":"GMU","unit_id":"24","unit_name":"GMU 24","unit_label":"New Mexico GMU 24","aliases":"2026 | 24 | 24 gmu 24 | game management unit | game management unit 24 | game management unit 24 gmu 24 | gmu | gmu 24 | gmu 24 gmu 24 | hunt unit | hunt unit 24 | hunt unit 24 gmu 24 | hunting unit | hunting unit 24 | hunting unit 24 gmu 24 | new mexico","year":"2026","Shape_Length":323947.7804959251,"Shape_Area":3892312600.793389}},{"type":"Feature","id":749,"geometry":{"type":"Polygon","coordinates":[[[-106.7306,32.2589],[-106.7404,32.2812],[-106.7501,32.3035],[-106.7599,32.3258],[-106.7696,32.348],[-106.775,32.3321],[-106.7804,32.3162],[-106.7966,32.3109],[-106.8129,32.3056],[-106.8292,32.3002],[-106.8455,32.2949],[-106.8617,32.2896],[-106.878,32.2842],[-106.8943,32.2789],[-106.9105,32.2735],[-106.9286,32.2715],[-106.9467,32.2695],[-106.9647,32.2675],[-106.9828,32.2655],[-107.0008,32.2635],[-107.0189,32.2615],[-107.037,32.2595],[-107.055,32.2574],[-107.0731,32.2554],[-107.0911,32.2534],[-107.1092,32.2514],[-107.1272,32.2493],[-107.1453,32.2473],[-107.1634,32.2452],[-107.1814,32.2432],[-107.1995,32.2411],[-107.2146,32.2413],[-107.2298,32.2414],[-107.2449,32.2415],[-107.2601,32.2416],[-107.2752,32.2417],[-107.2904,32.2418],[-107.3056,32.2418],[-107.3207,32.2419],[-107.3359,32.242],[-107.351,32.2421],[-107.3662,32.2422],[-107.3813,32.2423],[-107.3965,32.2424],[-107.4116,32.2425],[-107.4268,32.2425],[-107.442,32.2426],[-107.4654,32.2482],[-107.4888,32.2538],[-107.5122,32.2593],[-107.5356,32.2649],[-107.559,32.2705],[-107.5825,32.276],[-107.6059,32.2816],[-107.6293,32.2871],[-107.6456,32.285],[-107.6618,32.283],[-107.678,32.2809],[-107.6942,32.2788],[-107.7105,32.2767],[-107.7267,32.2746],[-107.7429,32.2726],[-107.7591,32.2705],[-107.7848,32.2673],[-107.8104,32.2641],[-107.8361,32.2609],[-107.8617,32.2576],[-107.8874,32.2544],[-107.913,32.2512],[-107.9386,32.248],[-107.9643,32.2447],[-107.9899,32.2415],[-108.0156,32.2382],[-108.0412,32.235],[-108.0668,32.2317],[-108.0925,32.2284],[-108.1181,32.2252],[-108.1437,32.2219],[-108.1693,32.2186],[-108.1864,32.2154],[-108.2035,32.2121],[-108.2206,32.2089],[-108.2377,32.2056],[-108.2548,32.2024],[-108.2719,32.1991],[-108.289,32.1959],[-108.3061,32.1926],[-108.3107,32.1672],[-108.3153,32.1419],[-108.3199,32.1165],[-108.3244,32.0911],[-108.329,32.0657],[-108.3336,32.0403],[-108.3381,32.0149],[-108.3427,31.9895],[-108.3384,31.9719],[-108.3341,31.9543],[-108.3298,31.9367],[-108.3255,31.9191],[-108.312,31.9146],[-108.2984,31.9101],[-108.2849,31.9055],[-108.2713,31.901],[-108.2578,31.8965],[-108.2442,31.8919],[-108.2307,31.8874],[-108.2171,31.8828],[-108.2128,31.8333],[-108.2085,31.7837],[-108.1912,31.7837],[-108.1739,31.7838],[-108.1566,31.7838],[-108.1393,31.7838],[-108.1219,31.7839],[-108.1046,31.7839],[-108.0873,31.7839],[-108.07,31.7839],[-108.0527,31.784],[-108.0354,31.784],[-108.0181,31.784],[-108.0008,31.784],[-107.9835,31.784],[-107.9662,31.784],[-107.9489,31.784],[-107.9315,31.784],[-107.9142,31.784],[-107.8969,31.784],[-107.8796,31.784],[-107.8623,31.784],[-107.845,31.784],[-107.8277,31.784],[-107.8104,31.784],[-107.7931,31.7839],[-107.7758,31.7839],[-107.7585,31.7839],[-107.7412,31.7838],[-107.7238,31.7838],[-107.7065,31.7838],[-107.6892,31.7837],[-107.6719,31.7837],[-107.6546,31.7837],[-107.637,31.7838],[-107.6194,31.7838],[-107.6018,31.7839],[-107.5842,31.784],[-107.5666,31.7841],[-107.549,31.7842],[-107.5314,31.7842],[-107.5138,31.7843],[-107.4962,31.7844],[-107.4786,31.7844],[-107.461,31.7845],[-107.4434,31.7846],[-107.4258,31.7846],[-107.4082,31.7847],[-107.3906,31.7847],[-107.373,31.7848],[-107.3554,31.7848],[-107.3378,31.7849],[-107.3202,31.7849],[-107.3026,31.785],[-107.285,31.785],[-107.2674,31.785],[-107.2498,31.785],[-107.2322,31.7851],[-107.2145,31.7851],[-107.1969,31.7851],[-107.1793,31.7851],[-107.1617,31.7852],[-107.1441,31.7852],[-107.1265,31.7852],[-107.1089,31.7852],[-107.0913,31.7852],[-107.0737,31.7852],[-107.0561,31.7852],[-107.0385,31.7852],[-107.0209,31.7852],[-107.0033,31.7852],[-106.9857,31.7852],[-106.9681,31.7852],[-106.9505,31.7851],[-106.9329,31.7851],[-106.9153,31.7851],[-106.8977,31.7851],[-106.8801,31.785],[-106.8625,31.785],[-106.8449,31.785],[-106.8273,31.7849],[-106.8097,31.7849],[-106.7921,31.7849],[-106.7745,31.7848],[-106.7569,31.7848],[-106.7393,31.7847],[-106.7217,31.7847],[-106.7041,31.7846],[-106.6865,31.7845],[-106.6689,31.7845],[-106.6513,31.7844],[-106.6337,31.7844],[-106.6161,31.7843],[-106.5985,31.7842],[-106.5809,31.7841],[-106.5633,31.7841],[-106.5457,31.784],[-106.5281,31.7839],[-106.5272,31.7897],[-106.5314,31.7919],[-106.5378,31.7999],[-106.5417,31.802],[-106.546,31.8058],[-106.548,31.8075],[-106.5632,31.812],[-106.5765,31.8103],[-106.5926,31.8243],[-106.5964,31.8248],[-106.6051,31.8458],[-106.6139,31.8465],[-106.622,31.8532],[-106.6221,31.8532],[-106.6307,31.8628],[-106.6337,31.8648],[-106.6295,31.8828],[-106.6454,31.895],[-106.6299,31.9065],[-106.6144,31.918],[-106.6125,31.9203],[-106.62,31.9233],[-106.6241,31.9254],[-106.6243,31.9254],[-106.6283,31.9237],[-106.6218,31.9399],[-106.6152,31.956],[-106.6227,31.953],[-106.6248,31.9543],[-106.6248,31.9543],[-106.6199,31.9641],[-106.6191,31.9658],[-106.6193,31.9706],[-106.6195,31.9714],[-106.639,31.9812],[-106.6194,31.995],[-106.6183,32.0005],[-106.6181,32.0005],[-106.6004,32.0006],[-106.5827,32.0007],[-106.5912,32.0191],[-106.5997,32.0375],[-106.6083,32.0559],[-106.6168,32.0744],[-106.6253,32.0928],[-106.6339,32.1112],[-106.6424,32.1296],[-106.651,32.148],[-106.6609,32.1618],[-106.6709,32.1757],[-106.6808,32.1896],[-106.6908,32.2034],[-106.7007,32.2173],[-106.7107,32.2312],[-106.7207,32.245],[-106.7306,32.2589]]]},"properties":{"OBJECTID":749,"state":"New Mexico","agency":"New Mexico Department of Game and Fish","unit_type":"GMU","unit_id":"25","unit_name":"GMU 25","unit_label":"New Mexico GMU 25","aliases":"2026 | 25 | 25 gmu 25 | game management unit | game management unit 25 | game management unit 25 gmu 25 | gmu | gmu 25 | gmu 25 gmu 25 | hunt unit | hunt unit 25 | hunt unit 25 gmu 25 | hunting unit | hunting unit 25 | hunting unit 25 gmu 25 | new mexico","year":"2026","Shape_Length":443666.5915513177,"Shape_Area":8204386709.028138}},{"type":"Feature","id":750,"geometry":{"type":"Polygon","coordinates":[[[-108.6369,32.3293],[-108.6558,32.3327],[-108.6748,32.336],[-108.6937,32.3393],[-108.7127,32.3426],[-108.733,32.348],[-108.7532,32.3535],[-108.7691,32.3444],[-108.785,32.3352],[-108.8009,32.3261],[-108.8168,32.317],[-108.8326,32.3078],[-108.8485,32.2987],[-108.8644,32.2895],[-108.8802,32.2804],[-108.8791,32.0799],[-108.8727,32.0517],[-108.8663,32.0234],[-108.8588,32.0138],[-108.8513,32.0041],[-108.8437,31.9945],[-108.8362,31.9849],[-108.8287,31.9752],[-108.8211,31.9656],[-108.8136,31.956],[-108.8061,31.9463],[-108.8037,31.8748],[-108.8013,31.8033],[-108.806,31.788],[-108.8107,31.7728],[-108.8153,31.7575],[-108.82,31.7423],[-108.8246,31.7271],[-108.8293,31.7118],[-108.8339,31.6966],[-108.8386,31.6813],[-108.8432,31.6661],[-108.8479,31.6508],[-108.8525,31.6356],[-108.8572,31.6203],[-108.8618,31.6051],[-108.8664,31.5898],[-108.8711,31.5746],[-108.8757,31.5593],[-108.8731,31.5262],[-108.8705,31.4932],[-108.8679,31.4601],[-108.8653,31.4271],[-108.8793,31.4246],[-108.8933,31.4221],[-108.9072,31.4196],[-108.9212,31.4171],[-108.9286,31.3959],[-108.936,31.3747],[-108.9434,31.3535],[-108.9507,31.3323],[-108.9275,31.3324],[-108.9043,31.3325],[-108.8811,31.3326],[-108.8579,31.3327],[-108.8347,31.3328],[-108.8116,31.3329],[-108.7884,31.333],[-108.7652,31.333],[-108.742,31.3331],[-108.7188,31.3332],[-108.6956,31.3332],[-108.6724,31.3333],[-108.6492,31.3333],[-108.626,31.3334],[-108.6028,31.3334],[-108.5796,31.3335],[-108.5564,31.3335],[-108.5332,31.3335],[-108.51,31.3335],[-108.4868,31.3336],[-108.4636,31.3336],[-108.4404,31.3336],[-108.4172,31.3336],[-108.394,31.3336],[-108.3708,31.3336],[-108.3477,31.3336],[-108.3245,31.3335],[-108.3013,31.3335],[-108.2781,31.3335],[-108.2549,31.3335],[-108.2317,31.3334],[-108.2085,31.3334],[-108.2085,31.7837],[-108.2128,31.8333],[-108.2171,31.8828],[-108.2307,31.8874],[-108.2442,31.8919],[-108.2578,31.8965],[-108.2713,31.901],[-108.2849,31.9055],[-108.2984,31.9101],[-108.312,31.9146],[-108.3255,31.9191],[-108.3298,31.9367],[-108.3341,31.9543],[-108.3384,31.9719],[-108.3427,31.9895],[-108.3381,32.0149],[-108.3336,32.0403],[-108.329,32.0657],[-108.3244,32.0911],[-108.3199,32.1165],[-108.3153,32.1419],[-108.3107,32.1672],[-108.3061,32.1926],[-108.3273,32.1901],[-108.3485,32.1875],[-108.3696,32.185],[-108.3908,32.1824],[-108.4062,32.1916],[-108.4215,32.2008],[-108.4369,32.21],[-108.4522,32.2192],[-108.4676,32.2284],[-108.483,32.2376],[-108.4984,32.2468],[-108.5137,32.256],[-108.5291,32.2651],[-108.5445,32.2743],[-108.5599,32.2835],[-108.5753,32.2927],[-108.5907,32.3018],[-108.6061,32.311],[-108.6215,32.3202],[-108.6369,32.3293]]]},"properties":{"OBJECTID":750,"state":"New Mexico","agency":"New Mexico Department of Game and Fish","unit_type":"GMU","unit_id":"26","unit_name":"GMU 26","unit_label":"New Mexico GMU 26","aliases":"2026 | 26 | 26 gmu 26 | game management unit | game management unit 26 | game management unit 26 gmu 26 | gmu | gmu 26 | gmu 26 gmu 26 | hunt unit | hunt unit 26 | hunt unit 26 gmu 26 | hunting unit | hunting unit 26 | hunting unit 26 gmu 26 | new mexico","year":"2026","Shape_Length":348492.5137750685,"Shape_Area":5973189964.589828}},{"type":"Feature","id":751,"geometry":{"type":"Polygon","coordinates":[[[-108.7127,32.3426],[-108.7116,32.3856],[-108.7221,32.3938],[-108.7325,32.402],[-108.743,32.4102],[-108.7535,32.4184],[-108.764,32.4266],[-108.7744,32.4348],[-108.7849,32.4429],[-108.7954,32.4511],[-108.8059,32.4593],[-108.8164,32.4675],[-108.8269,32.4756],[-108.8374,32.4838],[-108.8479,32.492],[-108.8584,32.5002],[-108.8689,32.5083],[-108.8794,32.5165],[-108.8899,32.5247],[-108.9004,32.5329],[-108.9109,32.541],[-108.9214,32.5492],[-108.9319,32.5574],[-108.9424,32.5655],[-108.953,32.5737],[-108.9635,32.5818],[-108.974,32.59],[-108.9845,32.5982],[-108.9951,32.6063],[-109.0056,32.6145],[-109.0161,32.6226],[-109.0267,32.6308],[-109.0372,32.639],[-109.0477,32.6471],[-109.0478,32.6471],[-109.0479,32.6188],[-109.0479,32.606],[-109.0479,32.5715],[-109.0479,32.5689],[-109.0479,32.5237],[-109.0481,32.4708],[-109.0479,32.4481],[-109.048,32.3613],[-109.0483,32.2501],[-109.0486,32.1283],[-109.049,31.9513],[-109.049,31.927],[-109.049,31.8987],[-109.049,31.8952],[-109.0492,31.8102],[-109.05,31.5631],[-109.05,31.5564],[-109.0499,31.3324],[-109.0251,31.3323],[-109.0003,31.3323],[-108.9755,31.3323],[-108.9507,31.3323],[-108.9434,31.3535],[-108.936,31.3747],[-108.9286,31.3959],[-108.9212,31.4171],[-108.9072,31.4196],[-108.8933,31.4221],[-108.8793,31.4246],[-108.8653,31.4271],[-108.8679,31.4601],[-108.8705,31.4932],[-108.8731,31.5262],[-108.8757,31.5593],[-108.8711,31.5746],[-108.8664,31.5898],[-108.8618,31.6051],[-108.8572,31.6203],[-108.8525,31.6356],[-108.8479,31.6508],[-108.8432,31.6661],[-108.8386,31.6813],[-108.8339,31.6966],[-108.8293,31.7118],[-108.8246,31.7271],[-108.82,31.7423],[-108.8153,31.7575],[-108.8107,31.7728],[-108.806,31.788],[-108.8013,31.8033],[-108.8037,31.8748],[-108.8061,31.9463],[-108.8136,31.956],[-108.8211,31.9656],[-108.8287,31.9752],[-108.8362,31.9849],[-108.8437,31.9945],[-108.8513,32.0041],[-108.8588,32.0138],[-108.8663,32.0234],[-108.8727,32.0517],[-108.8791,32.0799],[-108.8802,32.2804],[-108.8644,32.2895],[-108.8485,32.2987],[-108.8326,32.3078],[-108.8168,32.317],[-108.8009,32.3261],[-108.785,32.3352],[-108.7691,32.3444],[-108.7532,32.3535],[-108.733,32.348],[-108.7127,32.3426]]]},"properties":{"OBJECTID":751,"state":"New Mexico","agency":"New Mexico Department of Game and Fish","unit_type":"GMU","unit_id":"27","unit_name":"GMU 27","unit_label":"New Mexico GMU 27","aliases":"2026 | 27 | 27 gmu 27 | game management unit | game management unit 27 | game management unit 27 gmu 27 | gmu | gmu 27 | gmu 27 gmu 27 | hunt unit | hunt unit 27 | hunt unit 27 gmu 27 | hunting unit | hunting unit 27 | hunting unit 27 gmu 27 | new mexico","year":"2026","Shape_Length":335021.560420775,"Shape_Area":2659053669.7887144}},{"type":"Feature","id":752,"geometry":{"type":"Polygon","coordinates":[[[-105.9282,32.6669],[-105.9448,32.6743],[-105.9614,32.6817],[-105.978,32.6891],[-105.9946,32.6965],[-105.9988,32.6685],[-106.0029,32.6405],[-106.0071,32.6125],[-106.0113,32.5845],[-106.0154,32.5565],[-106.0196,32.5284],[-106.0237,32.5004],[-106.0279,32.4724],[-106.0364,32.4411],[-106.0449,32.4098],[-106.0603,32.3928],[-106.0758,32.3757],[-106.0912,32.3587],[-106.1066,32.3417],[-106.1135,32.3311],[-106.1204,32.3205],[-106.1273,32.3099],[-106.1342,32.2992],[-106.1411,32.2886],[-106.1479,32.278],[-106.1548,32.2674],[-106.1617,32.2568],[-106.1686,32.2461],[-106.1754,32.2355],[-106.1823,32.2249],[-106.1892,32.2143],[-106.196,32.2036],[-106.2029,32.193],[-106.2097,32.1824],[-106.2166,32.1718],[-106.2235,32.1611],[-106.2303,32.1505],[-106.2372,32.1399],[-106.244,32.1292],[-106.2509,32.1186],[-106.2577,32.108],[-106.2646,32.0973],[-106.2714,32.0867],[-106.2783,32.0761],[-106.2851,32.0654],[-106.2919,32.0548],[-106.2988,32.0442],[-106.3056,32.0335],[-106.3124,32.0229],[-106.3193,32.0123],[-106.3261,32.0016],[-106.3022,32.0017],[-106.2782,32.0018],[-106.2543,32.0018],[-106.2303,32.0019],[-106.2064,32.0019],[-106.1825,32.002],[-106.1585,32.002],[-106.1346,32.0021],[-106.1106,32.0021],[-106.0867,32.0021],[-106.0628,32.0022],[-106.0388,32.0022],[-106.0149,32.0022],[-105.991,32.0022],[-105.967,32.0022],[-105.9431,32.0022],[-105.9359,32.0134],[-105.9288,32.0247],[-105.9216,32.0359],[-105.9145,32.0472],[-105.9073,32.0584],[-105.9001,32.0696],[-105.893,32.0809],[-105.8858,32.0921],[-105.8786,32.1033],[-105.8715,32.1146],[-105.8643,32.1258],[-105.8571,32.137],[-105.85,32.1483],[-105.8428,32.1595],[-105.8356,32.1707],[-105.8284,32.182],[-105.8121,32.1973],[-105.7958,32.2127],[-105.7795,32.2281],[-105.7632,32.2434],[-105.7469,32.2588],[-105.7306,32.2742],[-105.7143,32.2895],[-105.698,32.3049],[-105.6809,32.3085],[-105.6639,32.3121],[-105.6533,32.3321],[-105.6427,32.3521],[-105.6321,32.3721],[-105.6215,32.3921],[-105.6109,32.4059],[-105.6003,32.4197],[-105.5896,32.4335],[-105.579,32.4473],[-105.5684,32.461],[-105.5577,32.4748],[-105.5471,32.4886],[-105.5364,32.5024],[-105.5307,32.5178],[-105.5249,32.5332],[-105.5462,32.5413],[-105.5675,32.5494],[-105.5888,32.5575],[-105.6101,32.5656],[-105.6314,32.5737],[-105.6527,32.5817],[-105.6741,32.5898],[-105.6954,32.5979],[-105.7167,32.5988],[-105.7381,32.5998],[-105.7594,32.6007],[-105.7808,32.6016],[-105.8022,32.6025],[-105.8235,32.6034],[-105.8449,32.6043],[-105.8662,32.6053],[-105.8681,32.6778],[-105.8831,32.6751],[-105.8981,32.6723],[-105.9132,32.6696],[-105.9282,32.6669]]]},"properties":{"OBJECTID":752,"state":"New Mexico","agency":"New Mexico Department of Game and Fish","unit_type":"GMU","unit_id":"28","unit_name":"GMU 28","unit_label":"New Mexico GMU 28","aliases":"2026 | 28 | 28 gmu 28 | game management unit | game management unit 28 | game management unit 28 gmu 28 | gmu | gmu 28 | gmu 28 gmu 28 | hunt unit | hunt unit 28 | hunt unit 28 gmu 28 | hunting unit | hunting unit 28 | hunting unit 28 gmu 28 | new mexico","year":"2026","Shape_Length":247747.8454973796,"Shape_Area":2729544273.6798253}},{"type":"Feature","id":753,"geometry":{"type":"Polygon","coordinates":[[[-105.3462,32.6163],[-105.3695,32.6117],[-105.3928,32.6071],[-105.416,32.6025],[-105.4393,32.5979],[-105.4448,32.5659],[-105.4502,32.5339],[-105.4718,32.526],[-105.4933,32.5182],[-105.5149,32.5103],[-105.5364,32.5024],[-105.5471,32.4886],[-105.5577,32.4748],[-105.5684,32.461],[-105.579,32.4473],[-105.5896,32.4335],[-105.6003,32.4197],[-105.6109,32.4059],[-105.6215,32.3921],[-105.6321,32.3721],[-105.6427,32.3521],[-105.6533,32.3321],[-105.6639,32.3121],[-105.6809,32.3085],[-105.698,32.3049],[-105.7143,32.2895],[-105.7306,32.2742],[-105.7469,32.2588],[-105.7632,32.2434],[-105.7795,32.2281],[-105.7958,32.2127],[-105.8121,32.1973],[-105.8284,32.182],[-105.8356,32.1707],[-105.8428,32.1595],[-105.85,32.1483],[-105.8571,32.137],[-105.8643,32.1258],[-105.8715,32.1146],[-105.8786,32.1033],[-105.8858,32.0921],[-105.893,32.0809],[-105.9001,32.0696],[-105.9073,32.0584],[-105.9145,32.0472],[-105.9216,32.0359],[-105.9288,32.0247],[-105.9359,32.0134],[-105.9431,32.0022],[-105.9178,32.0022],[-105.8925,32.0023],[-105.8672,32.0023],[-105.8419,32.0023],[-105.8165,32.0023],[-105.7912,32.0023],[-105.7659,32.0023],[-105.7406,32.0023],[-105.7153,32.0023],[-105.69,32.0022],[-105.6647,32.0022],[-105.6394,32.0022],[-105.6141,32.0021],[-105.5888,32.0021],[-105.5635,32.002],[-105.5382,32.002],[-105.5129,32.0019],[-105.4876,32.0019],[-105.4623,32.0018],[-105.437,32.0017],[-105.4117,32.0016],[-105.3864,32.0015],[-105.361,32.0014],[-105.3357,32.0013],[-105.3104,32.0012],[-105.2851,32.0011],[-105.2598,32.001],[-105.2345,32.0009],[-105.2092,32.0007],[-105.1839,32.0006],[-105.1586,32.0005],[-105.1333,32.0003],[-105.1269,32.0138],[-105.1205,32.0274],[-105.1141,32.0409],[-105.1076,32.0544],[-105.1012,32.068],[-105.0948,32.0815],[-105.0884,32.095],[-105.0819,32.1086],[-105.0819,32.239],[-105.0952,32.2482],[-105.1085,32.2574],[-105.1218,32.2667],[-105.1352,32.2759],[-105.1485,32.2851],[-105.1618,32.2943],[-105.1752,32.3035],[-105.1885,32.3128],[-105.2047,32.3158],[-105.2208,32.3188],[-105.237,32.3218],[-105.2532,32.3248],[-105.2694,32.3278],[-105.2856,32.3308],[-105.3017,32.3338],[-105.3179,32.3368],[-105.3235,32.3531],[-105.329,32.3693],[-105.3346,32.3855],[-105.3401,32.4018],[-105.338,32.4431],[-105.3359,32.4845],[-105.3338,32.5258],[-105.3316,32.5672],[-105.3389,32.5917],[-105.3462,32.6163]]]},"properties":{"OBJECTID":753,"state":"New Mexico","agency":"New Mexico Department of Game and Fish","unit_type":"GMU","unit_id":"29","unit_name":"GMU 29","unit_label":"New Mexico GMU 29","aliases":"2026 | 29 | 29 gmu 29 | game management unit | game management unit 29 | game management unit 29 gmu 29 | gmu | gmu 29 | gmu 29 gmu 29 | hunt unit | hunt unit 29 | hunt unit 29 gmu 29 | hunting unit | hunting unit 29 | hunting unit 29 gmu 29 | new mexico","year":"2026","Shape_Length":254412.20798291735,"Shape_Area":3064527491.8099165}},{"type":"Feature","id":754,"geometry":{"type":"Polygon","coordinates":[[[-105.1567,32.8911],[-105.1679,32.8762],[-105.1791,32.8613],[-105.1903,32.8464],[-105.2015,32.8316],[-105.2002,32.7539],[-105.2141,32.7362],[-105.2281,32.7185],[-105.2421,32.7007],[-105.2561,32.683],[-105.2731,32.6804],[-105.2902,32.6778],[-105.3042,32.6624],[-105.3182,32.647],[-105.3322,32.6317],[-105.3462,32.6163],[-105.3389,32.5917],[-105.3316,32.5672],[-105.3338,32.5258],[-105.3359,32.4845],[-105.338,32.4431],[-105.3401,32.4018],[-105.3346,32.3855],[-105.329,32.3693],[-105.3235,32.3531],[-105.3179,32.3368],[-105.3017,32.3338],[-105.2856,32.3308],[-105.2694,32.3278],[-105.2532,32.3248],[-105.237,32.3218],[-105.2208,32.3188],[-105.2047,32.3158],[-105.1885,32.3128],[-105.1752,32.3035],[-105.1618,32.2943],[-105.1485,32.2851],[-105.1352,32.2759],[-105.1218,32.2667],[-105.1085,32.2574],[-105.0952,32.2482],[-105.0819,32.239],[-105.0819,32.1086],[-105.0884,32.095],[-105.0948,32.0815],[-105.1012,32.068],[-105.1076,32.0544],[-105.1141,32.0409],[-105.1205,32.0274],[-105.1269,32.0138],[-105.1333,32.0003],[-105.1147,32.0003],[-105.096,32.0003],[-105.0774,32.0003],[-105.0587,32.0003],[-105.04,32.0003],[-105.0214,32.0003],[-105.0027,32.0003],[-104.9841,32.0003],[-104.9654,32.0003],[-104.9468,32.0002],[-104.9281,32.0002],[-104.9095,32.0002],[-104.8908,32.0002],[-104.8722,32.0001],[-104.8535,32.0001],[-104.8349,32.0001],[-104.8148,32.0001],[-104.7947,32.0001],[-104.7747,32.0001],[-104.7546,32.0001],[-104.7268,32.0001],[-104.699,32.0002],[-104.6712,32.0002],[-104.6434,32.0002],[-104.6156,32.0002],[-104.5878,32.0002],[-104.56,32.0002],[-104.5321,32.0002],[-104.5109,32.0075],[-104.4897,32.0147],[-104.4759,32.0344],[-104.4621,32.054],[-104.4483,32.0737],[-104.4345,32.0933],[-104.4206,32.1129],[-104.4068,32.1326],[-104.393,32.1522],[-104.3792,32.1718],[-104.3636,32.1826],[-104.3481,32.1934],[-104.3326,32.2042],[-104.3171,32.215],[-104.305,32.2366],[-104.2929,32.2583],[-104.2809,32.28],[-104.2688,32.3017],[-104.2567,32.3234],[-104.2446,32.3451],[-104.2325,32.3667],[-104.2204,32.3884],[-104.2246,32.4112],[-104.2288,32.434],[-104.2422,32.4434],[-104.2556,32.4528],[-104.269,32.4622],[-104.2824,32.4717],[-104.3024,32.4775],[-104.3223,32.4833],[-104.3423,32.4891],[-104.3623,32.4949],[-104.3694,32.5054],[-104.3766,32.5159],[-104.3838,32.5264],[-104.391,32.5369],[-104.3981,32.5474],[-104.4053,32.5579],[-104.4125,32.5684],[-104.4197,32.5789],[-104.4138,32.5972],[-104.4079,32.6155],[-104.402,32.6337],[-104.3961,32.652],[-104.3968,32.7472],[-104.3975,32.8424],[-104.4247,32.8425],[-104.4518,32.8426],[-104.479,32.8427],[-104.5061,32.8428],[-104.5332,32.8428],[-104.5604,32.8429],[-104.5875,32.843],[-104.6146,32.843],[-104.6238,32.8284],[-104.6399,32.8265],[-104.656,32.8246],[-104.6721,32.8227],[-104.6883,32.8208],[-104.7044,32.8189],[-104.7205,32.817],[-104.7366,32.8151],[-104.7527,32.8132],[-104.7692,32.82],[-104.7857,32.8268],[-104.8023,32.8336],[-104.8188,32.8404],[-104.8349,32.8433],[-104.8511,32.8462],[-104.8672,32.8491],[-104.8833,32.852],[-104.8995,32.8549],[-104.9156,32.8578],[-104.9318,32.8607],[-104.9479,32.8637],[-104.9641,32.8666],[-104.9802,32.8694],[-104.9964,32.8723],[-105.0125,32.8752],[-105.0287,32.8781],[-105.0449,32.881],[-105.061,32.8839],[-105.0772,32.8868],[-105.097,32.8879],[-105.1169,32.889],[-105.1368,32.89],[-105.1567,32.8911]]]},"properties":{"OBJECTID":754,"state":"New Mexico","agency":"New Mexico Department of Game and Fish","unit_type":"GMU","unit_id":"30","unit_name":"GMU 30","unit_label":"New Mexico GMU 30","aliases":"2026 | 30 | 30 gmu 30 | game management unit | game management unit 30 | game management unit 30 gmu 30 | gmu | gmu 30 | gmu 30 gmu 30 | hunt unit | hunt unit 30 | hunt unit 30 gmu 30 | hunting unit | hunting unit 30 | hunting unit 30 gmu 30 | new mexico","year":"2026","Shape_Length":365538.93202427664,"Shape_Area":7638432263.282964}},{"type":"Feature","id":755,"geometry":{"type":"Polygon","coordinates":[[[-103.0436,34.3888],[-103.0615,34.3899],[-103.0794,34.3911],[-103.0973,34.3922],[-103.1152,34.3933],[-103.1331,34.3944],[-103.151,34.3955],[-103.1689,34.3967],[-103.1868,34.3978],[-103.2047,34.3989],[-103.2226,34.4],[-103.2405,34.4011],[-103.2585,34.4022],[-103.2764,34.4033],[-103.2943,34.4044],[-103.3122,34.4055],[-103.3301,34.4066],[-103.348,34.4077],[-103.3659,34.4088],[-103.3838,34.4098],[-103.4017,34.4109],[-103.4196,34.412],[-103.4375,34.4131],[-103.4554,34.4142],[-103.4734,34.4152],[-103.4913,34.4163],[-103.5092,34.4174],[-103.5271,34.4184],[-103.545,34.4195],[-103.5629,34.4205],[-103.5808,34.4216],[-103.5988,34.4226],[-103.6167,34.4237],[-103.616,34.2186],[-103.6245,34.2098],[-103.6331,34.201],[-103.6416,34.1922],[-103.6502,34.1834],[-103.6495,33.9471],[-103.6487,33.7761],[-103.648,33.605],[-103.6516,33.547],[-103.6552,33.489],[-103.6589,33.431],[-103.6625,33.3729],[-103.6846,33.3819],[-103.7068,33.3908],[-103.7289,33.3998],[-103.7511,33.4087],[-103.7636,33.388],[-103.776,33.3672],[-103.7884,33.3465],[-103.8008,33.3257],[-103.8012,32.9535],[-103.7891,32.9322],[-103.777,32.9108],[-103.7648,32.8895],[-103.7527,32.8682],[-103.768,32.8613],[-103.7832,32.8545],[-103.7984,32.8477],[-103.8136,32.8409],[-103.8288,32.8341],[-103.8441,32.8273],[-103.8593,32.8205],[-103.8745,32.8137],[-103.8979,32.8146],[-103.9213,32.8155],[-103.9447,32.8164],[-103.9681,32.8172],[-103.9915,32.8181],[-104.0149,32.819],[-104.0383,32.8199],[-104.0617,32.8207],[-104.079,32.8178],[-104.0963,32.8148],[-104.1136,32.8118],[-104.1309,32.8089],[-104.1482,32.8059],[-104.1655,32.8029],[-104.1828,32.7999],[-104.2001,32.7969],[-104.215,32.8023],[-104.2299,32.8076],[-104.2447,32.8129],[-104.2596,32.8182],[-104.2745,32.8235],[-104.2894,32.8288],[-104.3043,32.8341],[-104.3192,32.8394],[-104.3388,32.8402],[-104.3584,32.8409],[-104.378,32.8417],[-104.3975,32.8424],[-104.3968,32.7472],[-104.3961,32.652],[-104.402,32.6337],[-104.4079,32.6155],[-104.4138,32.5972],[-104.4197,32.5789],[-104.4125,32.5684],[-104.4053,32.5579],[-104.3981,32.5474],[-104.391,32.5369],[-104.3838,32.5264],[-104.3766,32.5159],[-104.3694,32.5054],[-104.3623,32.4949],[-104.3423,32.4891],[-104.3223,32.4833],[-104.3024,32.4775],[-104.2824,32.4717],[-104.269,32.4622],[-104.2556,32.4528],[-104.2422,32.4434],[-104.2288,32.434],[-104.2246,32.4112],[-104.2204,32.3884],[-104.2325,32.3667],[-104.2446,32.3451],[-104.2567,32.3234],[-104.2688,32.3017],[-104.2809,32.28],[-104.2929,32.2583],[-104.305,32.2366],[-104.3171,32.215],[-104.3326,32.2042],[-104.3481,32.1934],[-104.3636,32.1826],[-104.3792,32.1718],[-104.393,32.1522],[-104.4068,32.1326],[-104.4206,32.1129],[-104.4345,32.0933],[-104.4483,32.0737],[-104.4621,32.054],[-104.4759,32.0344],[-104.4897,32.0147],[-104.5109,32.0075],[-104.5321,32.0002],[-104.5038,32.0003],[-104.4755,32.0005],[-104.4471,32.0005],[-104.4188,32.0006],[-104.3905,32.0007],[-104.3621,32.0008],[-104.3338,32.0009],[-104.3055,32.0009],[-104.2771,32.001],[-104.2488,32.001],[-104.2205,32.0011],[-104.1921,32.0011],[-104.1638,32.0011],[-104.1355,32.0011],[-104.1071,32.0012],[-104.0788,32.0012],[-104.0505,32.0012],[-104.0221,32.0011],[-103.9938,32.0011],[-103.9655,32.0011],[-103.9371,32.0011],[-103.9088,32.001],[-103.8805,32.001],[-103.8521,32.0009],[-103.8238,32.0009],[-103.7955,32.0008],[-103.7671,32.0007],[-103.7388,32.0006],[-103.7105,32.0006],[-103.6821,32.0005],[-103.6538,32.0004],[-103.6255,32.0002],[-103.6079,32.0003],[-103.5904,32.0003],[-103.5729,32.0004],[-103.5554,32.0004],[-103.5378,32.0005],[-103.5203,32.0005],[-103.5028,32.0005],[-103.4853,32.0006],[-103.4677,32.0006],[-103.4502,32.0006],[-103.4327,32.0006],[-103.4151,32.0006],[-103.3976,32.0007],[-103.3801,32.0007],[-103.3626,32.0007],[-103.345,32.0007],[-103.3275,32.0007],[-103.31,32.0007],[-103.2925,32.0007],[-103.2749,32.0007],[-103.2574,32.0007],[-103.2399,32.0007],[-103.2223,32.0007],[-103.2048,32.0006],[-103.1873,32.0006],[-103.1698,32.0006],[-103.1522,32.0006],[-103.1347,32.0006],[-103.1172,32.0005],[-103.0996,32.0005],[-103.0821,32.0005],[-103.0646,32.0004],[-103.0647,32.4916],[-103.0647,32.5496],[-103.0647,33.0003],[-103.0634,33.0631],[-103.0621,33.1258],[-103.0608,33.1885],[-103.0595,33.2513],[-103.0582,33.314],[-103.0569,33.3767],[-103.0556,33.4394],[-103.0543,33.5022],[-103.0529,33.5649],[-103.0516,33.6276],[-103.0503,33.6903],[-103.049,33.7529],[-103.0476,33.8156],[-103.0463,33.8783],[-103.045,33.941],[-103.0437,34.0036],[-103.0436,34.3888]]]},"properties":{"OBJECTID":755,"state":"New Mexico","agency":"New Mexico Department of Game and Fish","unit_type":"GMU","unit_id":"31","unit_name":"GMU 31","unit_label":"New Mexico GMU 31","aliases":"2026 | 31 | 31 gmu 31 | game management unit | game management unit 31 | game management unit 31 gmu 31 | gmu | gmu 31 | gmu 31 gmu 31 | hunt unit | hunt unit 31 | hunt unit 31 gmu 31 | hunting unit | hunting unit 31 | hunting unit 31 gmu 31 | new mexico","year":"2026","Shape_Length":823586.0477674493,"Shape_Area":21598286509.80564}},{"type":"Feature","id":756,"geometry":{"type":"Polygon","coordinates":[[[-104.4966,34.4698],[-104.5141,34.4664],[-104.5315,34.4629],[-104.549,34.4595],[-104.5664,34.4561],[-104.5838,34.4526],[-104.6013,34.4492],[-104.6187,34.4457],[-104.6361,34.4423],[-104.6521,34.4473],[-104.6681,34.4523],[-104.684,34.4573],[-104.7,34.4624],[-104.716,34.4674],[-104.732,34.4724],[-104.7479,34.4774],[-104.7639,34.4824],[-104.7799,34.4874],[-104.7959,34.4924],[-104.8118,34.4974],[-104.8278,34.5024],[-104.8438,34.5074],[-104.8598,34.5124],[-104.8758,34.5174],[-104.8918,34.5224],[-104.8925,34.3492],[-104.8932,34.176],[-104.8939,34.0028],[-104.8946,33.8295],[-104.8935,33.6139],[-104.8924,33.3982],[-104.8852,33.3692],[-104.9033,33.3672],[-104.9215,33.3651],[-104.9396,33.363],[-104.9577,33.3609],[-104.9758,33.3589],[-104.994,33.3568],[-105.0121,33.3547],[-105.0302,33.3526],[-105.0459,33.3459],[-105.0616,33.3392],[-105.0772,33.3325],[-105.0929,33.3258],[-105.1098,33.3336],[-105.1266,33.3414],[-105.1435,33.3491],[-105.1603,33.3569],[-105.1672,33.3456],[-105.1742,33.3343],[-105.1811,33.323],[-105.188,33.3116],[-105.1777,33.2889],[-105.1673,33.2662],[-105.1924,33.2591],[-105.2175,33.252],[-105.2259,33.2211],[-105.2343,33.1901],[-105.2453,33.1757],[-105.2563,33.1613],[-105.2673,33.1469],[-105.2783,33.1325],[-105.285,33.0985],[-105.2722,33.0886],[-105.2593,33.0787],[-105.2464,33.0687],[-105.2336,33.0588],[-105.2302,33.0139],[-105.2108,33.0147],[-105.1914,33.0155],[-105.1721,33.0163],[-105.1527,33.017],[-105.1547,32.9541],[-105.1567,32.8911],[-105.1368,32.89],[-105.1169,32.889],[-105.097,32.8879],[-105.0772,32.8868],[-105.061,32.8839],[-105.0449,32.881],[-105.0287,32.8781],[-105.0125,32.8752],[-104.9964,32.8723],[-104.9802,32.8694],[-104.9641,32.8666],[-104.9479,32.8637],[-104.9318,32.8607],[-104.9156,32.8578],[-104.8995,32.8549],[-104.8833,32.852],[-104.8672,32.8491],[-104.8511,32.8462],[-104.8349,32.8433],[-104.8188,32.8404],[-104.8023,32.8336],[-104.7857,32.8268],[-104.7692,32.82],[-104.7527,32.8132],[-104.7366,32.8151],[-104.7205,32.817],[-104.7044,32.8189],[-104.6883,32.8208],[-104.6721,32.8227],[-104.656,32.8246],[-104.6399,32.8265],[-104.6238,32.8284],[-104.6146,32.843],[-104.5875,32.843],[-104.5604,32.8429],[-104.5332,32.8428],[-104.5061,32.8428],[-104.479,32.8427],[-104.4518,32.8426],[-104.4247,32.8425],[-104.3975,32.8424],[-104.4009,32.8818],[-104.3928,32.9108],[-104.3847,32.9398],[-104.3767,32.9688],[-104.3686,32.9979],[-104.3605,33.0269],[-104.3524,33.0559],[-104.3443,33.0849],[-104.3362,33.1139],[-104.3114,33.1159],[-104.2865,33.1178],[-104.2946,33.1502],[-104.3027,33.1826],[-104.3142,33.1929],[-104.3258,33.2031],[-104.3373,33.2133],[-104.3488,33.2236],[-104.3522,33.2885],[-104.3556,33.3535],[-104.3682,33.3596],[-104.3809,33.3656],[-104.3935,33.3717],[-104.4061,33.3777],[-104.3985,33.3982],[-104.391,33.4186],[-104.3834,33.439],[-104.3759,33.4594],[-104.3742,33.5718],[-104.353,33.5808],[-104.3319,33.5899],[-104.3107,33.5989],[-104.2895,33.6079],[-104.2684,33.6169],[-104.2472,33.6259],[-104.226,33.6349],[-104.2048,33.6439],[-104.1844,33.6476],[-104.164,33.6513],[-104.1436,33.655],[-104.1232,33.6586],[-104.1112,33.6649],[-104.0991,33.6711],[-104.087,33.6774],[-104.0749,33.6836],[-104.0628,33.6898],[-104.0507,33.6961],[-104.0386,33.7023],[-104.0265,33.7085],[-104.0144,33.7148],[-104.0024,33.721],[-103.9903,33.7272],[-103.9782,33.7334],[-103.9661,33.7397],[-103.9539,33.7459],[-103.9418,33.7521],[-103.9297,33.7583],[-103.9176,33.7645],[-103.9055,33.7708],[-103.8934,33.777],[-103.8813,33.7832],[-103.8692,33.7894],[-103.857,33.7956],[-103.8449,33.8018],[-103.8328,33.808],[-103.8207,33.8142],[-103.8085,33.8205],[-103.7964,33.8267],[-103.7843,33.8329],[-103.7722,33.8391],[-103.76,33.8453],[-103.7479,33.8515],[-103.7357,33.8577],[-103.725,33.8689],[-103.7142,33.88],[-103.7034,33.8912],[-103.6926,33.9024],[-103.6818,33.9136],[-103.671,33.9248],[-103.6603,33.936],[-103.6495,33.9471],[-103.6502,34.1834],[-103.6416,34.1922],[-103.6331,34.201],[-103.6245,34.2098],[-103.616,34.2186],[-103.6167,34.4237],[-103.6338,34.4239],[-103.651,34.424],[-103.6682,34.4242],[-103.6853,34.4244],[-103.7025,34.4246],[-103.7196,34.4247],[-103.7368,34.4249],[-103.754,34.4251],[-103.78,34.4283],[-103.806,34.4315],[-103.832,34.4348],[-103.858,34.438],[-103.884,34.4412],[-103.9101,34.4444],[-103.9361,34.4476],[-103.9621,34.4508],[-103.9846,34.4461],[-104.007,34.4413],[-104.0295,34.4365],[-104.0519,34.4317],[-104.0761,34.4367],[-104.1003,34.4417],[-104.1244,34.4468],[-104.1486,34.4518],[-104.1728,34.4568],[-104.197,34.4617],[-104.2211,34.4667],[-104.2453,34.4717],[-104.261,34.4716],[-104.2767,34.4715],[-104.2924,34.4714],[-104.3082,34.4713],[-104.3239,34.4712],[-104.3396,34.4711],[-104.3553,34.4709],[-104.371,34.4708],[-104.3867,34.4707],[-104.4024,34.4706],[-104.4181,34.4705],[-104.4338,34.4703],[-104.4495,34.4702],[-104.4652,34.4701],[-104.4809,34.4699],[-104.4966,34.4698]]]},"properties":{"OBJECTID":756,"state":"New Mexico","agency":"New Mexico Department of Game and Fish","unit_type":"GMU","unit_id":"32","unit_name":"GMU 32","unit_label":"New Mexico GMU 32","aliases":"2026 | 32 | 32 gmu 32 | game management unit | game management unit 32 | game management unit 32 gmu 32 | gmu | gmu 32 | gmu 32 gmu 32 | hunt unit | hunt unit 32 | hunt unit 32 gmu 32 | hunting unit | hunting unit 32 | hunting unit 32 gmu 32 | new mexico","year":"2026","Shape_Length":641446.3035549225,"Shape_Area":15771163301.218472}},{"type":"Feature","id":757,"geometry":{"type":"Polygon","coordinates":[[[-103.648,33.605],[-103.6487,33.7761],[-103.6495,33.9471],[-103.6603,33.936],[-103.671,33.9248],[-103.6818,33.9136],[-103.6926,33.9024],[-103.7034,33.8912],[-103.7142,33.88],[-103.725,33.8689],[-103.7357,33.8577],[-103.7479,33.8515],[-103.76,33.8453],[-103.7722,33.8391],[-103.7843,33.8329],[-103.7964,33.8267],[-103.8085,33.8205],[-103.8207,33.8142],[-103.8328,33.808],[-103.8449,33.8018],[-103.857,33.7956],[-103.8692,33.7894],[-103.8813,33.7832],[-103.8934,33.777],[-103.9055,33.7708],[-103.9176,33.7645],[-103.9297,33.7583],[-103.9418,33.7521],[-103.9539,33.7459],[-103.9661,33.7397],[-103.9782,33.7334],[-103.9903,33.7272],[-104.0024,33.721],[-104.0144,33.7148],[-104.0265,33.7085],[-104.0386,33.7023],[-104.0507,33.6961],[-104.0628,33.6898],[-104.0749,33.6836],[-104.087,33.6774],[-104.0991,33.6711],[-104.1112,33.6649],[-104.1232,33.6586],[-104.1436,33.655],[-104.164,33.6513],[-104.1844,33.6476],[-104.2048,33.6439],[-104.226,33.6349],[-104.2472,33.6259],[-104.2684,33.6169],[-104.2895,33.6079],[-104.3107,33.5989],[-104.3319,33.5899],[-104.353,33.5808],[-104.3742,33.5718],[-104.3759,33.4594],[-104.3834,33.439],[-104.391,33.4186],[-104.3985,33.3982],[-104.4061,33.3777],[-104.3935,33.3717],[-104.3809,33.3656],[-104.3682,33.3596],[-104.3556,33.3535],[-104.3522,33.2885],[-104.3488,33.2236],[-104.3373,33.2133],[-104.3258,33.2031],[-104.3142,33.1929],[-104.3027,33.1826],[-104.2946,33.1502],[-104.2865,33.1178],[-104.3114,33.1159],[-104.3362,33.1139],[-104.3443,33.0849],[-104.3524,33.0559],[-104.3605,33.0269],[-104.3686,32.9979],[-104.3767,32.9688],[-104.3847,32.9398],[-104.3928,32.9108],[-104.4009,32.8818],[-104.3975,32.8424],[-104.378,32.8417],[-104.3584,32.8409],[-104.3388,32.8402],[-104.3192,32.8394],[-104.3043,32.8341],[-104.2894,32.8288],[-104.2745,32.8235],[-104.2596,32.8182],[-104.2447,32.8129],[-104.2299,32.8076],[-104.215,32.8023],[-104.2001,32.7969],[-104.1828,32.7999],[-104.1655,32.8029],[-104.1482,32.8059],[-104.1309,32.8089],[-104.1136,32.8118],[-104.0963,32.8148],[-104.079,32.8178],[-104.0617,32.8207],[-104.0383,32.8199],[-104.0149,32.819],[-103.9915,32.8181],[-103.9681,32.8172],[-103.9447,32.8164],[-103.9213,32.8155],[-103.8979,32.8146],[-103.8745,32.8137],[-103.8593,32.8205],[-103.8441,32.8273],[-103.8288,32.8341],[-103.8136,32.8409],[-103.7984,32.8477],[-103.7832,32.8545],[-103.768,32.8613],[-103.7527,32.8682],[-103.7648,32.8895],[-103.777,32.9108],[-103.7891,32.9322],[-103.8012,32.9535],[-103.8008,33.3257],[-103.7884,33.3465],[-103.776,33.3672],[-103.7636,33.388],[-103.7511,33.4087],[-103.7289,33.3998],[-103.7068,33.3908],[-103.6846,33.3819],[-103.6625,33.3729],[-103.6589,33.431],[-103.6552,33.489],[-103.6516,33.547],[-103.648,33.605]]]},"properties":{"OBJECTID":757,"state":"New Mexico","agency":"New Mexico Department of Game and Fish","unit_type":"GMU","unit_id":"33","unit_name":"GMU 33","unit_label":"New Mexico GMU 33","aliases":"2026 | 33 | 33 gmu 33 | game management unit | game management unit 33 | game management unit 33 gmu 33 | gmu | gmu 33 | gmu 33 gmu 33 | hunt unit | hunt unit 33 | hunt unit 33 gmu 33 | hunting unit | hunting unit 33 | hunting unit 33 gmu 33 | new mexico","year":"2026","Shape_Length":369850.64518331824,"Shape_Area":5847577410.636431}},{"type":"Feature","id":758,"geometry":{"type":"Polygon","coordinates":[[[-105.8316,33.0037],[-105.8294,33.084],[-105.8273,33.1643],[-105.8513,33.1618],[-105.8753,33.1592],[-105.8883,33.1497],[-105.9013,33.1402],[-105.9142,33.1306],[-105.9272,33.1211],[-105.9402,33.1116],[-105.9532,33.102],[-105.9662,33.0925],[-105.9791,33.083],[-105.994,33.0822],[-106.0088,33.0815],[-106.0237,33.0808],[-106.0385,33.0801],[-106.0534,33.0794],[-106.0682,33.0787],[-106.0831,33.078],[-106.0979,33.0772],[-106.0973,32.9596],[-106.0817,32.9597],[-106.0661,32.9598],[-106.0677,32.8297],[-106.0849,32.8278],[-106.1021,32.826],[-106.1192,32.8241],[-106.1364,32.8222],[-106.1375,32.5819],[-106.1385,32.3415],[-106.1226,32.3416],[-106.1066,32.3417],[-106.0912,32.3587],[-106.0758,32.3757],[-106.0603,32.3928],[-106.0449,32.4098],[-106.0364,32.4411],[-106.0279,32.4724],[-106.0237,32.5004],[-106.0196,32.5284],[-106.0154,32.5565],[-106.0113,32.5845],[-106.0071,32.6125],[-106.0029,32.6405],[-105.9988,32.6685],[-105.9946,32.6965],[-105.978,32.6891],[-105.9614,32.6817],[-105.9448,32.6743],[-105.9282,32.6669],[-105.9132,32.6696],[-105.8981,32.6723],[-105.8831,32.6751],[-105.8681,32.6778],[-105.8662,32.6053],[-105.8449,32.6043],[-105.8235,32.6034],[-105.8022,32.6025],[-105.7808,32.6016],[-105.7594,32.6007],[-105.7381,32.5998],[-105.7167,32.5988],[-105.6954,32.5979],[-105.6741,32.5898],[-105.6527,32.5817],[-105.6314,32.5737],[-105.6101,32.5656],[-105.5888,32.5575],[-105.5675,32.5494],[-105.5462,32.5413],[-105.5249,32.5332],[-105.5307,32.5178],[-105.5364,32.5024],[-105.5149,32.5103],[-105.4933,32.5182],[-105.4718,32.526],[-105.4502,32.5339],[-105.4448,32.5659],[-105.4393,32.5979],[-105.416,32.6025],[-105.3928,32.6071],[-105.3695,32.6117],[-105.3462,32.6163],[-105.3322,32.6317],[-105.3182,32.647],[-105.3042,32.6624],[-105.2902,32.6778],[-105.2731,32.6804],[-105.2561,32.683],[-105.2421,32.7007],[-105.2281,32.7185],[-105.2141,32.7362],[-105.2002,32.7539],[-105.2015,32.8316],[-105.1903,32.8464],[-105.1791,32.8613],[-105.1679,32.8762],[-105.1567,32.8911],[-105.1547,32.9541],[-105.1527,33.017],[-105.1721,33.0163],[-105.1914,33.0155],[-105.2108,33.0147],[-105.2302,33.0139],[-105.2336,33.0588],[-105.2464,33.0687],[-105.2593,33.0787],[-105.2722,33.0886],[-105.285,33.0985],[-105.2783,33.1325],[-105.2976,33.1324],[-105.317,33.1323],[-105.3163,33.0027],[-105.3324,33.0028],[-105.3485,33.0028],[-105.3646,33.0029],[-105.3807,33.003],[-105.3968,33.003],[-105.4129,33.0031],[-105.429,33.0031],[-105.4451,33.0032],[-105.4612,33.0032],[-105.4773,33.0033],[-105.4934,33.0033],[-105.5095,33.0034],[-105.5256,33.0034],[-105.5417,33.0034],[-105.5578,33.0035],[-105.5739,33.0035],[-105.59,33.0035],[-105.6061,33.0036],[-105.6222,33.0036],[-105.6383,33.0036],[-105.6544,33.0036],[-105.6705,33.0036],[-105.6867,33.0037],[-105.7028,33.0037],[-105.7189,33.0037],[-105.735,33.0037],[-105.7511,33.0037],[-105.7672,33.0037],[-105.7833,33.0037],[-105.7994,33.0037],[-105.8155,33.0037],[-105.8316,33.0037]]]},"properties":{"OBJECTID":758,"state":"New Mexico","agency":"New Mexico Department of Game and Fish","unit_type":"GMU","unit_id":"34","unit_name":"GMU 34","unit_label":"New Mexico GMU 34","aliases":"2026 | 34 | 34 gmu 34 | game management unit | game management unit 34 | game management unit 34 gmu 34 | gmu | gmu 34 | gmu 34 gmu 34 | hunt unit | hunt unit 34 | hunt unit 34 gmu 34 | hunting unit | hunting unit 34 | hunting unit 34 gmu 34 | new mexico","year":"2026","Shape_Length":404980.000531502,"Shape_Area":4419267674.698018}},{"type":"Feature","id":759,"geometry":{"type":"Polygon","coordinates":[[[-105.7272,33.3906],[-105.7523,33.3906],[-105.7773,33.3905],[-105.8024,33.3904],[-105.8275,33.3903],[-105.8526,33.3902],[-105.8777,33.3901],[-105.9027,33.39],[-105.9278,33.3899],[-105.9289,33.304],[-105.93,33.2182],[-105.9043,33.2181],[-105.8786,33.218],[-105.853,33.2179],[-105.8273,33.2178],[-105.8273,33.1643],[-105.8294,33.084],[-105.8316,33.0037],[-105.8155,33.0037],[-105.7994,33.0037],[-105.7833,33.0037],[-105.7672,33.0037],[-105.7511,33.0037],[-105.735,33.0037],[-105.7189,33.0037],[-105.7028,33.0037],[-105.6867,33.0037],[-105.6705,33.0036],[-105.6544,33.0036],[-105.6383,33.0036],[-105.6222,33.0036],[-105.6061,33.0036],[-105.59,33.0035],[-105.5739,33.0035],[-105.5578,33.0035],[-105.5417,33.0034],[-105.5256,33.0034],[-105.5095,33.0034],[-105.4934,33.0033],[-105.4773,33.0033],[-105.4612,33.0032],[-105.4451,33.0032],[-105.429,33.0031],[-105.4129,33.0031],[-105.3968,33.003],[-105.3807,33.003],[-105.3646,33.0029],[-105.3485,33.0028],[-105.3324,33.0028],[-105.3163,33.0027],[-105.317,33.1323],[-105.3174,33.306],[-105.3419,33.306],[-105.3663,33.3059],[-105.3908,33.3059],[-105.4153,33.3058],[-105.4397,33.3058],[-105.4642,33.3057],[-105.4887,33.3057],[-105.5131,33.3056],[-105.5376,33.3056],[-105.5621,33.3055],[-105.5865,33.3054],[-105.611,33.3053],[-105.6355,33.3052],[-105.6599,33.3051],[-105.6844,33.305],[-105.7089,33.3049],[-105.7134,33.3264],[-105.718,33.3478],[-105.7226,33.3692],[-105.7272,33.3906]]]},"properties":{"OBJECTID":759,"state":"New Mexico","agency":"New Mexico Department of Game and Fish","unit_type":"GMU","unit_id":"35","unit_name":"GMU 35","unit_label":"New Mexico GMU 35","aliases":"2026 | 35 | 35 gmu 35 | game management unit | game management unit 35 | game management unit 35 gmu 35 | gmu | gmu 35 | gmu 35 gmu 35 | hunt unit | hunt unit 35 | hunt unit 35 gmu 35 | hunting unit | hunting unit 35 | hunting unit 35 gmu 35 | new mexico","year":"2026","Shape_Length":198756.2234861505,"Shape_Area":1875396529.197348}},{"type":"Feature","id":760,"geometry":{"type":"Polygon","coordinates":[[[-105.6899,33.5806],[-105.7125,33.5888],[-105.7352,33.597],[-105.7578,33.6052],[-105.7805,33.6134],[-105.8032,33.6216],[-105.8259,33.6298],[-105.8486,33.638],[-105.8713,33.6462],[-105.8864,33.6359],[-105.9016,33.6256],[-105.9167,33.6153],[-105.9319,33.605],[-105.947,33.5947],[-105.9622,33.5844],[-105.9773,33.574],[-105.9925,33.5637],[-106.005,33.5507],[-106.0175,33.5376],[-106.0299,33.5245],[-106.0424,33.5115],[-106.0502,33.481],[-106.058,33.4505],[-106.0658,33.42],[-106.0736,33.3895],[-106.0986,33.3894],[-106.0979,33.0772],[-106.0831,33.078],[-106.0682,33.0787],[-106.0534,33.0794],[-106.0385,33.0801],[-106.0237,33.0808],[-106.0088,33.0815],[-105.994,33.0822],[-105.9791,33.083],[-105.9662,33.0925],[-105.9532,33.102],[-105.9402,33.1116],[-105.9272,33.1211],[-105.9142,33.1306],[-105.9013,33.1402],[-105.8883,33.1497],[-105.8753,33.1592],[-105.8513,33.1618],[-105.8273,33.1643],[-105.8273,33.2178],[-105.853,33.2179],[-105.8786,33.218],[-105.9043,33.2181],[-105.93,33.2182],[-105.9289,33.304],[-105.9278,33.3899],[-105.9027,33.39],[-105.8777,33.3901],[-105.8526,33.3902],[-105.8275,33.3903],[-105.8024,33.3904],[-105.7773,33.3905],[-105.7523,33.3906],[-105.7272,33.3906],[-105.7226,33.3692],[-105.718,33.3478],[-105.7134,33.3264],[-105.7089,33.3049],[-105.6844,33.305],[-105.6599,33.3051],[-105.6355,33.3052],[-105.611,33.3053],[-105.5865,33.3054],[-105.5621,33.3055],[-105.5376,33.3056],[-105.5131,33.3056],[-105.4887,33.3057],[-105.4642,33.3057],[-105.4397,33.3058],[-105.4153,33.3058],[-105.3908,33.3059],[-105.3663,33.3059],[-105.3419,33.306],[-105.3174,33.306],[-105.317,33.1323],[-105.2976,33.1324],[-105.2783,33.1325],[-105.2673,33.1469],[-105.2563,33.1613],[-105.2453,33.1757],[-105.2343,33.1901],[-105.2259,33.2211],[-105.2175,33.252],[-105.1924,33.2591],[-105.1673,33.2662],[-105.1777,33.2889],[-105.188,33.3116],[-105.1811,33.323],[-105.1742,33.3343],[-105.1672,33.3456],[-105.1603,33.3569],[-105.1804,33.3599],[-105.2005,33.3629],[-105.2206,33.3659],[-105.2407,33.3689],[-105.2506,33.3789],[-105.2604,33.3889],[-105.2703,33.3989],[-105.2802,33.4089],[-105.2901,33.4189],[-105.3,33.4288],[-105.3099,33.4388],[-105.3198,33.4488],[-105.3349,33.4586],[-105.3501,33.4684],[-105.3653,33.4782],[-105.3805,33.4879],[-105.3957,33.4977],[-105.4109,33.5075],[-105.4261,33.5173],[-105.4413,33.527],[-105.4667,33.5227],[-105.492,33.5184],[-105.5169,33.5257],[-105.5418,33.533],[-105.5667,33.5403],[-105.5917,33.5475],[-105.6077,33.5636],[-105.6237,33.5797],[-105.6402,33.5799],[-105.6568,33.5802],[-105.6733,33.5804],[-105.6899,33.5806]]]},"properties":{"OBJECTID":760,"state":"New Mexico","agency":"New Mexico Department of Game and Fish","unit_type":"GMU","unit_id":"36","unit_name":"GMU 36","unit_label":"New Mexico GMU 36","aliases":"2026 | 36 | 36 gmu 36 | game management unit | game management unit 36 | game management unit 36 gmu 36 | gmu | gmu 36 | gmu 36 gmu 36 | hunt unit | hunt unit 36 | hunt unit 36 gmu 36 | hunting unit | hunting unit 36 | hunting unit 36 gmu 36 | new mexico","year":"2026","Shape_Length":330995.7745485887,"Shape_Area":2551332859.7019954}},{"type":"Feature","id":761,"geometry":{"type":"Polygon","coordinates":[[[-105.5936,33.9834],[-105.6194,33.9821],[-105.6452,33.9808],[-105.6711,33.9794],[-105.6969,33.9781],[-105.7098,33.9711],[-105.7228,33.9641],[-105.7357,33.957],[-105.7487,33.95],[-105.7616,33.9429],[-105.7746,33.9359],[-105.7875,33.9288],[-105.8005,33.9218],[-105.8084,33.9097],[-105.8164,33.8976],[-105.8243,33.8855],[-105.8322,33.8734],[-105.834,33.8048],[-105.8357,33.7363],[-105.8446,33.7137],[-105.8535,33.6912],[-105.8624,33.6687],[-105.8713,33.6462],[-105.8486,33.638],[-105.8259,33.6298],[-105.8032,33.6216],[-105.7805,33.6134],[-105.7578,33.6052],[-105.7352,33.597],[-105.7125,33.5888],[-105.6899,33.5806],[-105.6733,33.5804],[-105.6568,33.5802],[-105.6402,33.5799],[-105.6237,33.5797],[-105.6077,33.5636],[-105.5917,33.5475],[-105.5667,33.5403],[-105.5418,33.533],[-105.5169,33.5257],[-105.492,33.5184],[-105.4667,33.5227],[-105.4413,33.527],[-105.4261,33.5173],[-105.4109,33.5075],[-105.3957,33.4977],[-105.3805,33.4879],[-105.3653,33.4782],[-105.3501,33.4684],[-105.3349,33.4586],[-105.3198,33.4488],[-105.3099,33.4388],[-105.3,33.4288],[-105.2901,33.4189],[-105.2802,33.4089],[-105.2703,33.3989],[-105.2604,33.3889],[-105.2506,33.3789],[-105.2407,33.3689],[-105.2206,33.3659],[-105.2005,33.3629],[-105.1804,33.3599],[-105.1603,33.3569],[-105.1435,33.3491],[-105.1266,33.3414],[-105.1098,33.3336],[-105.0929,33.3258],[-105.0772,33.3325],[-105.0616,33.3392],[-105.0459,33.3459],[-105.0302,33.3526],[-105.0121,33.3547],[-104.994,33.3568],[-104.9758,33.3589],[-104.9577,33.3609],[-104.9396,33.363],[-104.9215,33.3651],[-104.9033,33.3672],[-104.8852,33.3692],[-104.8924,33.3982],[-104.8935,33.6139],[-104.8946,33.8295],[-104.9075,33.8368],[-104.9205,33.8441],[-104.9334,33.8514],[-104.9463,33.8587],[-104.9605,33.8536],[-104.9747,33.8486],[-104.9889,33.8435],[-105.0031,33.8384],[-105.0192,33.841],[-105.0353,33.8436],[-105.0514,33.8462],[-105.0675,33.8488],[-105.0836,33.8514],[-105.0997,33.854],[-105.1158,33.8565],[-105.132,33.8591],[-105.1481,33.8617],[-105.1642,33.8643],[-105.1803,33.8668],[-105.1964,33.8694],[-105.2126,33.872],[-105.2287,33.8745],[-105.2448,33.8771],[-105.2609,33.8797],[-105.278,33.8781],[-105.295,33.8765],[-105.312,33.8749],[-105.3291,33.8733],[-105.3423,33.881],[-105.3555,33.8887],[-105.3687,33.8964],[-105.3819,33.9041],[-105.3951,33.9118],[-105.4083,33.9195],[-105.4215,33.9271],[-105.4347,33.9348],[-105.4546,33.9409],[-105.4744,33.947],[-105.4943,33.9531],[-105.5141,33.9591],[-105.534,33.9652],[-105.5539,33.9712],[-105.5737,33.9773],[-105.5936,33.9834]]]},"properties":{"OBJECTID":761,"state":"New Mexico","agency":"New Mexico Department of Game and Fish","unit_type":"GMU","unit_id":"37","unit_name":"GMU 37","unit_label":"New Mexico GMU 37","aliases":"2026 | 37 | 37 gmu 37 | game management unit | game management unit 37 | game management unit 37 gmu 37 | gmu | gmu 37 | gmu 37 gmu 37 | hunt unit | hunt unit 37 | hunt unit 37 gmu 37 | hunting unit | hunting unit 37 | hunting unit 37 gmu 37 | new mexico","year":"2026","Shape_Length":277752.95723767165,"Shape_Area":4277701560.571035}},{"type":"Feature","id":762,"geometry":{"type":"Polygon","coordinates":[[[-105.508,34.6664],[-105.524,34.6675],[-105.54,34.6687],[-105.556,34.6698],[-105.5721,34.6709],[-105.5881,34.672],[-105.6041,34.6731],[-105.6201,34.6742],[-105.6361,34.6753],[-105.6521,34.6764],[-105.6681,34.6776],[-105.6841,34.6787],[-105.7001,34.6798],[-105.7162,34.6809],[-105.7322,34.682],[-105.7482,34.683],[-105.7642,34.6841],[-105.7756,34.6778],[-105.7869,34.6715],[-105.7982,34.6652],[-105.8096,34.6589],[-105.8209,34.6525],[-105.8322,34.6462],[-105.8436,34.6399],[-105.8549,34.6336],[-105.8662,34.6272],[-105.8775,34.6209],[-105.8889,34.6146],[-105.9002,34.6082],[-105.9115,34.6019],[-105.9228,34.5956],[-105.9341,34.5892],[-105.9455,34.5829],[-105.9602,34.5854],[-105.975,34.5879],[-105.9897,34.5903],[-106.0045,34.5928],[-106.0192,34.5953],[-106.034,34.5977],[-106.0487,34.6002],[-106.0635,34.6027],[-106.0857,34.5924],[-106.1078,34.5821],[-106.13,34.5718],[-106.1521,34.5616],[-106.1742,34.5513],[-106.1964,34.541],[-106.2185,34.5307],[-106.2406,34.5204],[-106.2158,34.5129],[-106.1911,34.5053],[-106.1911,34.3928],[-106.1823,34.3818],[-106.1735,34.3708],[-106.1646,34.3598],[-106.1558,34.3488],[-106.1298,34.3471],[-106.1038,34.3454],[-106.1021,34.2636],[-106.0751,34.2624],[-106.0481,34.2611],[-106.0211,34.2598],[-105.9941,34.2586],[-105.9944,34.0871],[-105.9836,34.0721],[-105.9728,34.057],[-105.962,34.042],[-105.9512,34.0269],[-105.9405,34.0119],[-105.9297,33.9968],[-105.9189,33.9818],[-105.9081,33.9667],[-105.902,33.9255],[-105.8766,33.9246],[-105.8512,33.9237],[-105.8259,33.9227],[-105.8005,33.9218],[-105.7875,33.9288],[-105.7746,33.9359],[-105.7616,33.9429],[-105.7487,33.95],[-105.7357,33.957],[-105.7228,33.9641],[-105.7098,33.9711],[-105.6969,33.9781],[-105.6711,33.9794],[-105.6452,33.9808],[-105.6194,33.9821],[-105.5936,33.9834],[-105.5737,33.9773],[-105.5539,33.9712],[-105.534,33.9652],[-105.5141,33.9591],[-105.4943,33.9531],[-105.4744,33.947],[-105.4546,33.9409],[-105.4347,33.9348],[-105.4215,33.9271],[-105.4083,33.9195],[-105.3951,33.9118],[-105.3819,33.9041],[-105.3687,33.8964],[-105.3555,33.8887],[-105.3423,33.881],[-105.3291,33.8733],[-105.312,33.8749],[-105.295,33.8765],[-105.278,33.8781],[-105.2609,33.8797],[-105.2448,33.8771],[-105.2287,33.8745],[-105.2126,33.872],[-105.1964,33.8694],[-105.1803,33.8668],[-105.1642,33.8643],[-105.1481,33.8617],[-105.132,33.8591],[-105.1158,33.8565],[-105.0997,33.854],[-105.0836,33.8514],[-105.0675,33.8488],[-105.0514,33.8462],[-105.0353,33.8436],[-105.0192,33.841],[-105.0031,33.8384],[-104.9889,33.8435],[-104.9747,33.8486],[-104.9605,33.8536],[-104.9463,33.8587],[-104.9334,33.8514],[-104.9205,33.8441],[-104.9075,33.8368],[-104.8946,33.8295],[-104.8939,34.0028],[-104.8932,34.176],[-104.8925,34.3492],[-104.8918,34.5224],[-104.9089,34.527],[-104.926,34.5316],[-104.9431,34.5362],[-104.9602,34.5407],[-104.9773,34.5453],[-104.9944,34.5499],[-105.0115,34.5545],[-105.0286,34.559],[-105.0457,34.5636],[-105.0628,34.5682],[-105.0799,34.5727],[-105.0971,34.5773],[-105.1142,34.5819],[-105.1313,34.5864],[-105.1484,34.591],[-105.1655,34.5955],[-105.1871,34.596],[-105.2087,34.5964],[-105.2303,34.5968],[-105.2519,34.5972],[-105.2735,34.5976],[-105.2951,34.598],[-105.3167,34.5984],[-105.3383,34.5988],[-105.3561,34.6094],[-105.3739,34.6199],[-105.3917,34.6304],[-105.4095,34.6409],[-105.4341,34.6473],[-105.4587,34.6537],[-105.4834,34.66],[-105.508,34.6664]]]},"properties":{"OBJECTID":762,"state":"New Mexico","agency":"New Mexico Department of Game and Fish","unit_type":"GMU","unit_id":"38","unit_name":"GMU 38","unit_label":"New Mexico GMU 38","aliases":"2026 | 38 | 38 gmu 38 | game management unit | game management unit 38 | game management unit 38 gmu 38 | gmu | gmu 38 | gmu 38 gmu 38 | hunt unit | hunt unit 38 | hunt unit 38 gmu 38 | hunting unit | hunting unit 38 | hunting unit 38 gmu 38 | new mexico","year":"2026","Shape_Length":395725.3250247178,"Shape_Area":8450320697.489326}},{"type":"Feature","id":763,"geometry":{"type":"Polygon","coordinates":[[[-104.7486,34.9649],[-104.7635,34.9656],[-104.7784,34.9664],[-104.7933,34.9672],[-104.8082,34.968],[-104.8231,34.9687],[-104.838,34.9695],[-104.8529,34.9703],[-104.8678,34.971],[-104.8827,34.9718],[-104.8977,34.9725],[-104.9126,34.9733],[-104.9275,34.9741],[-104.9424,34.9748],[-104.9573,34.9756],[-104.9722,34.9763],[-104.9871,34.9771],[-105.002,34.9778],[-105.0169,34.9786],[-105.0318,34.9793],[-105.0467,34.98],[-105.0616,34.9808],[-105.0765,34.9815],[-105.0914,34.9822],[-105.1063,34.983],[-105.1212,34.9837],[-105.1361,34.9844],[-105.151,34.9852],[-105.166,34.9859],[-105.1809,34.9866],[-105.1958,34.9873],[-105.2107,34.9881],[-105.2256,34.9888],[-105.2405,34.9895],[-105.2554,34.9902],[-105.2703,34.9909],[-105.2852,34.9916],[-105.3001,34.9923],[-105.3151,34.993],[-105.33,34.9938],[-105.3449,34.9945],[-105.3598,34.9952],[-105.3747,34.9959],[-105.3896,34.9966],[-105.4045,34.9972],[-105.4194,34.9979],[-105.4343,34.9986],[-105.4493,34.9993],[-105.4642,35.0],[-105.4791,35.0007],[-105.494,35.0014],[-105.5089,35.0021],[-105.5238,35.0027],[-105.5387,35.0034],[-105.5537,35.0041],[-105.5686,35.0048],[-105.5835,35.0054],[-105.5984,35.0061],[-105.6133,35.0068],[-105.6282,35.0075],[-105.6432,35.0081],[-105.6581,35.0088],[-105.673,35.0094],[-105.6879,35.0101],[-105.7028,35.0108],[-105.729,35.0044],[-105.7487,35.0047],[-105.7684,35.0049],[-105.7881,35.0052],[-105.8078,35.0055],[-105.8275,35.0057],[-105.8473,35.006],[-105.867,35.0062],[-105.8867,35.0065],[-105.9064,35.0067],[-105.9261,35.007],[-105.9458,35.0072],[-105.9655,35.0074],[-105.9853,35.0077],[-106.005,35.0079],[-106.0247,35.0081],[-106.0444,35.0084],[-106.0506,34.9867],[-106.0523,34.9387],[-106.0539,34.8907],[-106.0555,34.8427],[-106.0571,34.7947],[-106.0587,34.7467],[-106.0603,34.6987],[-106.0619,34.6507],[-106.0635,34.6027],[-106.0487,34.6002],[-106.034,34.5977],[-106.0192,34.5953],[-106.0045,34.5928],[-105.9897,34.5903],[-105.975,34.5879],[-105.9602,34.5854],[-105.9455,34.5829],[-105.9341,34.5892],[-105.9228,34.5956],[-105.9115,34.6019],[-105.9002,34.6082],[-105.8889,34.6146],[-105.8775,34.6209],[-105.8662,34.6272],[-105.8549,34.6336],[-105.8436,34.6399],[-105.8322,34.6462],[-105.8209,34.6525],[-105.8096,34.6589],[-105.7982,34.6652],[-105.7869,34.6715],[-105.7756,34.6778],[-105.7642,34.6841],[-105.7482,34.683],[-105.7322,34.682],[-105.7162,34.6809],[-105.7001,34.6798],[-105.6841,34.6787],[-105.6681,34.6776],[-105.6521,34.6764],[-105.6361,34.6753],[-105.6201,34.6742],[-105.6041,34.6731],[-105.5881,34.672],[-105.5721,34.6709],[-105.556,34.6698],[-105.54,34.6687],[-105.524,34.6675],[-105.508,34.6664],[-105.4834,34.66],[-105.4587,34.6537],[-105.4341,34.6473],[-105.4095,34.6409],[-105.3917,34.6304],[-105.3739,34.6199],[-105.3561,34.6094],[-105.3383,34.5988],[-105.3167,34.5984],[-105.2951,34.598],[-105.2735,34.5976],[-105.2519,34.5972],[-105.2303,34.5968],[-105.2087,34.5964],[-105.1871,34.596],[-105.1655,34.5955],[-105.1484,34.591],[-105.1313,34.5864],[-105.1142,34.5819],[-105.0971,34.5773],[-105.0799,34.5727],[-105.0628,34.5682],[-105.0457,34.5636],[-105.0286,34.559],[-105.0115,34.5545],[-104.9944,34.5499],[-104.9773,34.5453],[-104.9602,34.5407],[-104.9431,34.5362],[-104.926,34.5316],[-104.9089,34.527],[-104.8918,34.5224],[-104.8758,34.5174],[-104.8598,34.5124],[-104.8438,34.5074],[-104.8278,34.5024],[-104.8118,34.4974],[-104.7959,34.4924],[-104.7799,34.4874],[-104.7639,34.4824],[-104.7479,34.4774],[-104.732,34.4724],[-104.716,34.4674],[-104.7,34.4624],[-104.684,34.4573],[-104.6681,34.4523],[-104.6521,34.4473],[-104.6361,34.4423],[-104.6187,34.4457],[-104.6013,34.4492],[-104.5838,34.4526],[-104.5664,34.4561],[-104.549,34.4595],[-104.5315,34.4629],[-104.5141,34.4664],[-104.4966,34.4698],[-104.4809,34.4699],[-104.4652,34.4701],[-104.4495,34.4702],[-104.4338,34.4703],[-104.4181,34.4705],[-104.4024,34.4706],[-104.3867,34.4707],[-104.371,34.4708],[-104.3553,34.4709],[-104.3396,34.4711],[-104.3239,34.4712],[-104.3082,34.4713],[-104.2924,34.4714],[-104.2767,34.4715],[-104.261,34.4716],[-104.2453,34.4717],[-104.2459,34.5688],[-104.2602,34.5833],[-104.2744,34.5978],[-104.2886,34.6122],[-104.3029,34.6267],[-104.3172,34.6412],[-104.3314,34.6556],[-104.3457,34.6701],[-104.36,34.6845],[-104.3845,34.6933],[-104.4091,34.702],[-104.422,34.7125],[-104.435,34.7231],[-104.448,34.7337],[-104.461,34.7442],[-104.4739,34.7548],[-104.4869,34.7653],[-104.4999,34.7759],[-104.5129,34.7865],[-104.521,34.7965],[-104.529,34.8066],[-104.537,34.8167],[-104.5451,34.8268],[-104.5531,34.8369],[-104.5612,34.847],[-104.5692,34.8571],[-104.5773,34.8672],[-104.5854,34.8773],[-104.5934,34.8873],[-104.6015,34.8974],[-104.6095,34.9075],[-104.6176,34.9176],[-104.6257,34.9277],[-104.6337,34.9378],[-104.6418,34.9478],[-104.6571,34.9473],[-104.6724,34.9467],[-104.6876,34.9461],[-104.7029,34.9455],[-104.7258,34.9552],[-104.7486,34.9649]]]},"properties":{"OBJECTID":763,"state":"New Mexico","agency":"New Mexico Department of Game and Fish","unit_type":"GMU","unit_id":"39","unit_name":"GMU 39","unit_label":"New Mexico GMU 39","aliases":"2026 | 39 | 39 gmu 39 | game management unit | game management unit 39 | game management unit 39 gmu 39 | gmu | gmu 39 | gmu 39 gmu 39 | hunt unit | hunt unit 39 | hunt unit 39 gmu 39 | hunting unit | hunting unit 39 | hunting unit 39 gmu 39 | new mexico","year":"2026","Shape_Length":415059.2814646673,"Shape_Area":6825373157.169964}},{"type":"Feature","id":764,"geometry":{"type":"Polygon","coordinates":[[[-103.0425,35.1828],[-103.0684,35.1753],[-103.0943,35.1677],[-103.1202,35.1602],[-103.146,35.1527],[-103.1719,35.1452],[-103.1978,35.1376],[-103.2236,35.1301],[-103.2495,35.1226],[-103.2699,35.12],[-103.2904,35.1174],[-103.3108,35.1148],[-103.3312,35.1123],[-103.351,35.1199],[-103.3707,35.1276],[-103.3905,35.1353],[-103.4102,35.143],[-103.43,35.1506],[-103.4498,35.1583],[-103.4696,35.1659],[-103.4893,35.1736],[-103.5114,35.1735],[-103.5336,35.1733],[-103.5557,35.1732],[-103.5778,35.1731],[-103.5999,35.1729],[-103.622,35.1728],[-103.6441,35.1726],[-103.6662,35.1725],[-103.6897,35.1685],[-103.7131,35.1645],[-103.7366,35.1605],[-103.76,35.1565],[-103.7744,35.1515],[-103.7887,35.1465],[-103.8031,35.1414],[-103.8174,35.1364],[-103.8317,35.1313],[-103.8461,35.1263],[-103.8604,35.1213],[-103.8747,35.1162],[-103.8939,35.1186],[-103.9131,35.121],[-103.9323,35.1234],[-103.9515,35.1258],[-103.9654,35.1222],[-103.9794,35.1186],[-103.9933,35.115],[-104.0073,35.1114],[-104.0213,35.1077],[-104.0352,35.1041],[-104.0492,35.1005],[-104.0631,35.0968],[-104.0771,35.0932],[-104.091,35.0896],[-104.105,35.0859],[-104.1189,35.0823],[-104.1329,35.0787],[-104.1468,35.075],[-104.1608,35.0714],[-104.1747,35.0677],[-104.2001,35.0652],[-104.2256,35.0626],[-104.251,35.06],[-104.2764,35.0574],[-104.3019,35.0548],[-104.3273,35.0522],[-104.3527,35.0495],[-104.3781,35.0469],[-104.3955,35.0419],[-104.413,35.0368],[-104.4304,35.0318],[-104.4478,35.0267],[-104.4652,35.0217],[-104.4826,35.0166],[-104.5,35.0116],[-104.5174,35.0065],[-104.5329,34.9992],[-104.5485,34.9918],[-104.5641,34.9845],[-104.5796,34.9772],[-104.5952,34.9699],[-104.6107,34.9625],[-104.6263,34.9552],[-104.6418,34.9478],[-104.6337,34.9378],[-104.6257,34.9277],[-104.6176,34.9176],[-104.6095,34.9075],[-104.6015,34.8974],[-104.5934,34.8873],[-104.5854,34.8773],[-104.5773,34.8672],[-104.5692,34.8571],[-104.5612,34.847],[-104.5531,34.8369],[-104.5451,34.8268],[-104.537,34.8167],[-104.529,34.8066],[-104.521,34.7965],[-104.5129,34.7865],[-104.4999,34.7759],[-104.4869,34.7653],[-104.4739,34.7548],[-104.461,34.7442],[-104.448,34.7337],[-104.435,34.7231],[-104.422,34.7125],[-104.4091,34.702],[-104.3845,34.6933],[-104.36,34.6845],[-104.3457,34.6701],[-104.3314,34.6556],[-104.3172,34.6412],[-104.3029,34.6267],[-104.2886,34.6122],[-104.2744,34.5978],[-104.2602,34.5833],[-104.2459,34.5688],[-104.2453,34.4717],[-104.2211,34.4667],[-104.197,34.4617],[-104.1728,34.4568],[-104.1486,34.4518],[-104.1244,34.4468],[-104.1003,34.4417],[-104.0761,34.4367],[-104.0519,34.4317],[-104.0295,34.4365],[-104.007,34.4413],[-103.9846,34.4461],[-103.9621,34.4508],[-103.9361,34.4476],[-103.9101,34.4444],[-103.884,34.4412],[-103.858,34.438],[-103.832,34.4348],[-103.806,34.4315],[-103.78,34.4283],[-103.754,34.4251],[-103.7368,34.4249],[-103.7196,34.4247],[-103.7025,34.4246],[-103.6853,34.4244],[-103.6682,34.4242],[-103.651,34.424],[-103.6338,34.4239],[-103.6167,34.4237],[-103.5988,34.4226],[-103.5808,34.4216],[-103.5629,34.4205],[-103.545,34.4195],[-103.5271,34.4184],[-103.5092,34.4174],[-103.4913,34.4163],[-103.4734,34.4152],[-103.4554,34.4142],[-103.4375,34.4131],[-103.4196,34.412],[-103.4017,34.4109],[-103.3838,34.4098],[-103.3659,34.4088],[-103.348,34.4077],[-103.3301,34.4066],[-103.3122,34.4055],[-103.2943,34.4044],[-103.2764,34.4033],[-103.2585,34.4022],[-103.2405,34.4011],[-103.2226,34.4],[-103.2047,34.3989],[-103.1868,34.3978],[-103.1689,34.3967],[-103.151,34.3955],[-103.1331,34.3944],[-103.1152,34.3933],[-103.0973,34.3922],[-103.0794,34.3911],[-103.0615,34.3899],[-103.0436,34.3888],[-103.0431,34.7859],[-103.0425,35.1828]]]},"properties":{"OBJECTID":764,"state":"New Mexico","agency":"New Mexico Department of Game and Fish","unit_type":"GMU","unit_id":"40","unit_name":"GMU 40","unit_label":"New Mexico GMU 40","aliases":"2026 | 40 | 40 gmu 40 | game management unit | game management unit 40 | game management unit 40 gmu 40 | gmu | gmu 40 | gmu 40 gmu 40 | hunt unit | hunt unit 40 | hunt unit 40 gmu 40 | hunting unit | hunting unit 40 | hunting unit 40 gmu 40 | new mexico","year":"2026","Shape_Length":419104.32090200245,"Shape_Area":9778568680.957027}},{"type":"Feature","id":765,"geometry":{"type":"Polygon","coordinates":[[[-103.041,36.1439],[-103.0591,36.144],[-103.0772,36.144],[-103.0954,36.1441],[-103.1135,36.1441],[-103.1316,36.1442],[-103.1497,36.1442],[-103.1678,36.1443],[-103.1859,36.1443],[-103.195,36.125],[-103.2041,36.1056],[-103.2037,35.9989],[-103.2314,35.9989],[-103.259,35.9989],[-103.2866,35.999],[-103.3143,35.999],[-103.3419,35.999],[-103.3696,35.999],[-103.3972,35.9991],[-103.4248,35.9991],[-103.4525,35.9991],[-103.4801,35.999],[-103.5077,35.999],[-103.5354,35.999],[-103.563,35.999],[-103.5906,35.9989],[-103.6183,35.9989],[-103.6459,35.9988],[-103.6585,35.9938],[-103.671,35.9888],[-103.6836,35.9837],[-103.6962,35.9787],[-103.6918,35.9441],[-103.6873,35.9095],[-103.6829,35.8749],[-103.6785,35.8403],[-103.7,35.8361],[-103.7215,35.8318],[-103.7429,35.8275],[-103.7644,35.8233],[-103.7743,35.8154],[-103.7842,35.8076],[-103.7941,35.7998],[-103.8039,35.792],[-103.7904,35.781],[-103.7768,35.7699],[-103.7632,35.7589],[-103.7497,35.7478],[-103.749,35.6633],[-103.738,35.6523],[-103.727,35.6414],[-103.716,35.6304],[-103.705,35.6194],[-103.694,35.6084],[-103.683,35.5975],[-103.672,35.5865],[-103.661,35.5755],[-103.6416,35.5672],[-103.6222,35.5588],[-103.6028,35.5505],[-103.5834,35.5421],[-103.564,35.5338],[-103.5446,35.5254],[-103.5252,35.5171],[-103.5058,35.5087],[-103.4987,35.4985],[-103.4916,35.4883],[-103.4845,35.478],[-103.4774,35.4678],[-103.4704,35.4576],[-103.4633,35.4474],[-103.4562,35.4372],[-103.4491,35.427],[-103.4421,35.4167],[-103.435,35.4065],[-103.4279,35.3963],[-103.4209,35.3861],[-103.4138,35.3758],[-103.4067,35.3656],[-103.3997,35.3554],[-103.3926,35.3452],[-103.3774,35.3346],[-103.3621,35.3241],[-103.3468,35.3136],[-103.3316,35.303],[-103.3312,35.1123],[-103.3108,35.1148],[-103.2904,35.1174],[-103.2699,35.12],[-103.2495,35.1226],[-103.2236,35.1301],[-103.1978,35.1376],[-103.1719,35.1452],[-103.146,35.1527],[-103.1202,35.1602],[-103.0943,35.1677],[-103.0684,35.1753],[-103.0425,35.1828],[-103.0419,35.4679],[-103.0413,35.753],[-103.041,35.9898],[-103.0411,36.0554],[-103.0411,36.0579],[-103.0412,36.0616],[-103.041,36.0849],[-103.041,36.1439]]]},"properties":{"OBJECTID":765,"state":"New Mexico","agency":"New Mexico Department of Game and Fish","unit_type":"GMU","unit_id":"41","unit_name":"GMU 41","unit_label":"New Mexico GMU 41","aliases":"2026 | 41 | 41 gmu 41 | game management unit | game management unit 41 | game management unit 41 gmu 41 | gmu | gmu 41 | gmu 41 gmu 41 | hunt unit | hunt unit 41 | hunt unit 41 gmu 41 | hunting unit | hunting unit 41 | hunting unit 41 gmu 41 | new mexico","year":"2026","Shape_Length":331840.21230051003,"Shape_Area":4756622461.212719}},{"type":"Feature","id":766,"geometry":{"type":"Polygon","coordinates":[[[-104.5839,35.7613],[-104.6051,35.7696],[-104.6264,35.7779],[-104.6476,35.7861],[-104.6688,35.7944],[-104.6901,35.8027],[-104.7114,35.811],[-104.7326,35.8193],[-104.7539,35.8276],[-104.7714,35.8118],[-104.7888,35.7961],[-104.8091,35.8013],[-104.8293,35.8064],[-104.8496,35.8116],[-104.8699,35.8167],[-104.886,35.8096],[-104.9021,35.8025],[-104.9183,35.7955],[-104.9344,35.7884],[-104.959,35.7936],[-104.9835,35.7988],[-104.9951,35.785],[-105.0067,35.7713],[-105.0184,35.7575],[-105.0299,35.7438],[-105.0468,35.7358],[-105.0637,35.7278],[-105.0806,35.7199],[-105.0975,35.7119],[-105.1144,35.7039],[-105.1312,35.696],[-105.1481,35.688],[-105.165,35.68],[-105.1756,35.6601],[-105.1862,35.6401],[-105.1968,35.6202],[-105.2074,35.6003],[-105.218,35.5803],[-105.2286,35.5604],[-105.2392,35.5404],[-105.2498,35.5205],[-105.2401,35.5041],[-105.2303,35.4876],[-105.2205,35.4711],[-105.2108,35.4547],[-105.2045,35.4157],[-105.1981,35.3767],[-105.1864,35.3675],[-105.1746,35.3584],[-105.1628,35.3492],[-105.151,35.34],[-105.1421,35.3183],[-105.1332,35.2965],[-105.1244,35.2747],[-105.1155,35.2529],[-105.1072,35.2428],[-105.0989,35.2326],[-105.0907,35.2224],[-105.0824,35.2123],[-105.0742,35.2021],[-105.0659,35.192],[-105.0576,35.1818],[-105.0494,35.1716],[-105.0235,35.1749],[-104.9976,35.1781],[-104.9717,35.1814],[-104.9458,35.1846],[-104.9297,35.173],[-104.9136,35.1613],[-104.8975,35.1496],[-104.8814,35.1379],[-104.8654,35.1263],[-104.8493,35.1146],[-104.8332,35.1029],[-104.8172,35.0912],[-104.8044,35.0852],[-104.7916,35.0793],[-104.7788,35.0733],[-104.766,35.0673],[-104.7532,35.0614],[-104.7404,35.0554],[-104.7276,35.0494],[-104.7148,35.0434],[-104.6996,35.055],[-104.6844,35.0665],[-104.689,35.0363],[-104.6937,35.006],[-104.6983,34.9758],[-104.7029,34.9455],[-104.6876,34.9461],[-104.6724,34.9467],[-104.6571,34.9473],[-104.6418,34.9478],[-104.6263,34.9552],[-104.6107,34.9625],[-104.5952,34.9699],[-104.5796,34.9772],[-104.5641,34.9845],[-104.5485,34.9918],[-104.5329,34.9992],[-104.5174,35.0065],[-104.5,35.0116],[-104.4826,35.0166],[-104.4652,35.0217],[-104.4478,35.0267],[-104.4304,35.0318],[-104.413,35.0368],[-104.3955,35.0419],[-104.3781,35.0469],[-104.3527,35.0495],[-104.3273,35.0522],[-104.3019,35.0548],[-104.2764,35.0574],[-104.251,35.06],[-104.2256,35.0626],[-104.2001,35.0652],[-104.1747,35.0677],[-104.1608,35.0714],[-104.1468,35.075],[-104.1329,35.0787],[-104.1189,35.0823],[-104.105,35.0859],[-104.091,35.0896],[-104.0771,35.0932],[-104.0631,35.0968],[-104.0492,35.1005],[-104.0352,35.1041],[-104.0213,35.1077],[-104.0073,35.1114],[-103.9933,35.115],[-103.9794,35.1186],[-103.9654,35.1222],[-103.9515,35.1258],[-103.9323,35.1234],[-103.9131,35.121],[-103.8939,35.1186],[-103.8747,35.1162],[-103.8604,35.1213],[-103.8461,35.1263],[-103.8317,35.1313],[-103.8174,35.1364],[-103.8031,35.1414],[-103.7887,35.1465],[-103.7744,35.1515],[-103.76,35.1565],[-103.7366,35.1605],[-103.7131,35.1645],[-103.6897,35.1685],[-103.6662,35.1725],[-103.6441,35.1726],[-103.622,35.1728],[-103.5999,35.1729],[-103.5778,35.1731],[-103.5557,35.1732],[-103.5336,35.1733],[-103.5114,35.1735],[-103.4893,35.1736],[-103.4696,35.1659],[-103.4498,35.1583],[-103.43,35.1506],[-103.4102,35.143],[-103.3905,35.1353],[-103.3707,35.1276],[-103.351,35.1199],[-103.3312,35.1123],[-103.3316,35.303],[-103.3468,35.3136],[-103.3621,35.3241],[-103.3774,35.3346],[-103.3926,35.3452],[-103.3997,35.3554],[-103.4067,35.3656],[-103.4138,35.3758],[-103.4209,35.3861],[-103.4279,35.3963],[-103.435,35.4065],[-103.4421,35.4167],[-103.4491,35.427],[-103.4562,35.4372],[-103.4633,35.4474],[-103.4704,35.4576],[-103.4774,35.4678],[-103.4845,35.478],[-103.4916,35.4883],[-103.4987,35.4985],[-103.5058,35.5087],[-103.5252,35.5171],[-103.5446,35.5254],[-103.564,35.5338],[-103.5834,35.5421],[-103.6028,35.5505],[-103.6222,35.5588],[-103.6416,35.5672],[-103.661,35.5755],[-103.672,35.5865],[-103.683,35.5975],[-103.694,35.6084],[-103.705,35.6194],[-103.716,35.6304],[-103.727,35.6414],[-103.738,35.6523],[-103.749,35.6633],[-103.7497,35.7478],[-103.7632,35.7589],[-103.7768,35.7699],[-103.7904,35.781],[-103.8039,35.792],[-103.8299,35.7932],[-103.8558,35.7943],[-103.8818,35.7955],[-103.9078,35.7967],[-103.9208,35.7917],[-103.9339,35.7868],[-103.9469,35.7819],[-103.9599,35.777],[-103.9714,35.7854],[-103.9828,35.7938],[-103.9942,35.8022],[-104.0057,35.8106],[-104.0309,35.8052],[-104.0561,35.7999],[-104.0813,35.7946],[-104.1065,35.7892],[-104.1168,35.7717],[-104.127,35.7542],[-104.1373,35.7367],[-104.1476,35.7192],[-104.1757,35.715],[-104.2039,35.7108],[-104.232,35.7065],[-104.2602,35.7023],[-104.2742,35.6963],[-104.2881,35.6903],[-104.302,35.6843],[-104.316,35.6782],[-104.3299,35.6722],[-104.3439,35.6662],[-104.3578,35.6602],[-104.3717,35.6541],[-104.3855,35.67],[-104.3994,35.6858],[-104.4132,35.7016],[-104.427,35.7174],[-104.4117,35.7341],[-104.3963,35.7507],[-104.4155,35.7534],[-104.4347,35.7561],[-104.4538,35.7587],[-104.473,35.7614],[-104.4646,35.7859],[-104.4796,35.7828],[-104.4945,35.7797],[-104.5094,35.7766],[-104.5243,35.7736],[-104.5392,35.7705],[-104.5541,35.7674],[-104.569,35.7643],[-104.5839,35.7613]]]},"properties":{"OBJECTID":766,"state":"New Mexico","agency":"New Mexico Department of Game and Fish","unit_type":"GMU","unit_id":"42","unit_name":"GMU 42","unit_label":"New Mexico GMU 42","aliases":"2026 | 42 | 42 gmu 42 | game management unit | game management unit 42 | game management unit 42 gmu 42 | gmu | gmu 42 | gmu 42 gmu 42 | hunt unit | hunt unit 42 | hunt unit 42 gmu 42 | hunting unit | hunting unit 42 | hunting unit 42 gmu 42 | new mexico","year":"2026","Shape_Length":497263.2610042135,"Shape_Area":11113775174.627823}},{"type":"Feature","id":767,"geometry":{"type":"Polygon","coordinates":[[[-105.8713,35.5445],[-105.8785,35.5558],[-105.8857,35.5672],[-105.8929,35.5785],[-105.9,35.5899],[-105.9072,35.6012],[-105.9144,35.6125],[-105.9216,35.6239],[-105.9288,35.6352],[-105.9564,35.6349],[-105.976,35.6276],[-105.9957,35.6203],[-106.0153,35.613],[-106.0349,35.6057],[-106.0442,35.5968],[-106.0535,35.5879],[-106.0576,35.5543],[-106.0616,35.5206],[-106.0657,35.487],[-106.0697,35.4533],[-106.0508,35.4476],[-106.0319,35.4419],[-106.013,35.4362],[-105.994,35.4305],[-105.9813,35.42],[-105.9685,35.4095],[-105.9558,35.3989],[-105.9431,35.3884],[-105.9373,35.3557],[-105.9316,35.3231],[-105.9355,35.3055],[-105.9394,35.288],[-105.9433,35.2704],[-105.9472,35.2528],[-105.9511,35.2353],[-105.955,35.2177],[-105.9589,35.2001],[-105.9628,35.1826],[-105.973,35.1608],[-105.9832,35.139],[-105.9934,35.1173],[-106.0036,35.0955],[-106.0138,35.0737],[-106.024,35.0519],[-106.0342,35.0301],[-106.0444,35.0084],[-106.0247,35.0081],[-106.005,35.0079],[-105.9853,35.0077],[-105.9655,35.0074],[-105.9458,35.0072],[-105.9261,35.007],[-105.9064,35.0067],[-105.8867,35.0065],[-105.867,35.0062],[-105.8473,35.006],[-105.8275,35.0057],[-105.8078,35.0055],[-105.7881,35.0052],[-105.7684,35.0049],[-105.7487,35.0047],[-105.729,35.0044],[-105.7028,35.0108],[-105.6879,35.0101],[-105.673,35.0094],[-105.6581,35.0088],[-105.6432,35.0081],[-105.6282,35.0075],[-105.6133,35.0068],[-105.5984,35.0061],[-105.5835,35.0054],[-105.5686,35.0048],[-105.5537,35.0041],[-105.5387,35.0034],[-105.5238,35.0027],[-105.5089,35.0021],[-105.494,35.0014],[-105.4791,35.0007],[-105.4642,35.0],[-105.4493,34.9993],[-105.4343,34.9986],[-105.4194,34.9979],[-105.4045,34.9972],[-105.3896,34.9966],[-105.3747,34.9959],[-105.3598,34.9952],[-105.3449,34.9945],[-105.33,34.9938],[-105.3151,34.993],[-105.3001,34.9923],[-105.2852,34.9916],[-105.2703,34.9909],[-105.2554,34.9902],[-105.2405,34.9895],[-105.2256,34.9888],[-105.2107,34.9881],[-105.1958,34.9873],[-105.1809,34.9866],[-105.166,34.9859],[-105.151,34.9852],[-105.1361,34.9844],[-105.1212,34.9837],[-105.1063,34.983],[-105.0914,34.9822],[-105.0765,34.9815],[-105.0616,34.9808],[-105.0467,34.98],[-105.0318,34.9793],[-105.0169,34.9786],[-105.002,34.9778],[-104.9871,34.9771],[-104.9722,34.9763],[-104.9573,34.9756],[-104.9424,34.9748],[-104.9275,34.9741],[-104.9126,34.9733],[-104.8977,34.9725],[-104.8827,34.9718],[-104.8678,34.971],[-104.8529,34.9703],[-104.838,34.9695],[-104.8231,34.9687],[-104.8082,34.968],[-104.7933,34.9672],[-104.7784,34.9664],[-104.7635,34.9656],[-104.7486,34.9649],[-104.7258,34.9552],[-104.7029,34.9455],[-104.6983,34.9758],[-104.6937,35.006],[-104.689,35.0363],[-104.6844,35.0665],[-104.6996,35.055],[-104.7148,35.0434],[-104.7276,35.0494],[-104.7404,35.0554],[-104.7532,35.0614],[-104.766,35.0673],[-104.7788,35.0733],[-104.7916,35.0793],[-104.8044,35.0852],[-104.8172,35.0912],[-104.8332,35.1029],[-104.8493,35.1146],[-104.8654,35.1263],[-104.8814,35.1379],[-104.8975,35.1496],[-104.9136,35.1613],[-104.9297,35.173],[-104.9458,35.1846],[-104.9717,35.1814],[-104.9976,35.1781],[-105.0235,35.1749],[-105.0494,35.1716],[-105.0576,35.1818],[-105.0659,35.192],[-105.0742,35.2021],[-105.0824,35.2123],[-105.0907,35.2224],[-105.0989,35.2326],[-105.1072,35.2428],[-105.1155,35.2529],[-105.1244,35.2747],[-105.1332,35.2965],[-105.1421,35.3183],[-105.151,35.34],[-105.1628,35.3492],[-105.1746,35.3584],[-105.1864,35.3675],[-105.1981,35.3767],[-105.2045,35.4157],[-105.2108,35.4547],[-105.2205,35.4711],[-105.2303,35.4876],[-105.2401,35.5041],[-105.2498,35.5205],[-105.2585,35.5052],[-105.2672,35.4898],[-105.2758,35.4745],[-105.2845,35.4591],[-105.2931,35.4438],[-105.3018,35.4285],[-105.3104,35.4131],[-105.3191,35.3978],[-105.3367,35.3977],[-105.3543,35.3976],[-105.372,35.3975],[-105.3896,35.3973],[-105.4073,35.3972],[-105.4249,35.3971],[-105.4426,35.397],[-105.4602,35.3969],[-105.4779,35.4013],[-105.4956,35.4057],[-105.5132,35.4101],[-105.5309,35.4145],[-105.5486,35.4189],[-105.5663,35.4232],[-105.5839,35.4276],[-105.6016,35.432],[-105.6186,35.4446],[-105.6357,35.4572],[-105.6527,35.4698],[-105.6697,35.4824],[-105.6753,35.4949],[-105.6809,35.5074],[-105.6865,35.5199],[-105.6921,35.5324],[-105.7033,35.5397],[-105.7144,35.5471],[-105.7256,35.5544],[-105.7367,35.5617],[-105.7479,35.569],[-105.759,35.5763],[-105.7702,35.5837],[-105.7813,35.591],[-105.8038,35.5794],[-105.8263,35.5677],[-105.8488,35.5561],[-105.8713,35.5445]]]},"properties":{"OBJECTID":767,"state":"New Mexico","agency":"New Mexico Department of Game and Fish","unit_type":"GMU","unit_id":"43","unit_name":"GMU 43","unit_label":"New Mexico GMU 43","aliases":"2026 | 43 | 43 gmu 43 | game management unit | game management unit 43 | game management unit 43 gmu 43 | gmu | gmu 43 | gmu 43 gmu 43 | hunt unit | hunt unit 43 | hunt unit 43 gmu 43 | hunting unit | hunting unit 43 | hunting unit 43 gmu 43 | new mexico","year":"2026","Shape_Length":392271.69240232767,"Shape_Area":4932821530.323602}},{"type":"Feature","id":768,"geometry":{"type":"Polygon","coordinates":[[[-105.7525,36.2059],[-105.7729,36.2066],[-105.7933,36.2073],[-105.8137,36.2079],[-105.8342,36.2086],[-105.8546,36.2093],[-105.875,36.21],[-105.8954,36.2106],[-105.9158,36.2113],[-105.9319,36.2048],[-105.9479,36.1983],[-105.9639,36.1918],[-105.98,36.1852],[-105.9758,36.1689],[-105.9717,36.1525],[-105.9902,36.1382],[-106.0087,36.1238],[-106.0272,36.1095],[-106.0457,36.0951],[-106.0507,36.0685],[-106.0557,36.0419],[-106.0607,36.0154],[-106.0657,35.9888],[-106.0545,35.9796],[-106.0433,35.9703],[-106.0321,35.9611],[-106.021,35.9519],[-106.0231,35.8924],[-106.0138,35.879],[-106.0044,35.8656],[-105.9951,35.8521],[-105.9858,35.8387],[-105.9765,35.8252],[-105.9671,35.8118],[-105.9578,35.7983],[-105.9485,35.7849],[-105.9403,35.7548],[-105.9321,35.7248],[-105.9382,35.7023],[-105.9442,35.6799],[-105.9503,35.6574],[-105.9564,35.6349],[-105.9288,35.6352],[-105.9216,35.6239],[-105.9144,35.6125],[-105.9072,35.6012],[-105.9,35.5899],[-105.8929,35.5785],[-105.8857,35.5672],[-105.8785,35.5558],[-105.8713,35.5445],[-105.8488,35.5561],[-105.8263,35.5677],[-105.8038,35.5794],[-105.7813,35.591],[-105.7702,35.5837],[-105.759,35.5763],[-105.7479,35.569],[-105.7367,35.5617],[-105.7256,35.5544],[-105.7144,35.5471],[-105.7033,35.5397],[-105.6921,35.5324],[-105.6865,35.5199],[-105.6809,35.5074],[-105.6753,35.4949],[-105.6697,35.4824],[-105.6527,35.4698],[-105.6357,35.4572],[-105.6186,35.4446],[-105.6016,35.432],[-105.5839,35.4276],[-105.5663,35.4232],[-105.5486,35.4189],[-105.5309,35.4145],[-105.5132,35.4101],[-105.4956,35.4057],[-105.4779,35.4013],[-105.4602,35.3969],[-105.4426,35.397],[-105.4249,35.3971],[-105.4073,35.3972],[-105.3896,35.3973],[-105.372,35.3975],[-105.3543,35.3976],[-105.3367,35.3977],[-105.3191,35.3978],[-105.3264,35.4102],[-105.3337,35.4226],[-105.341,35.4351],[-105.3483,35.4475],[-105.3556,35.4599],[-105.363,35.4724],[-105.3703,35.4848],[-105.3776,35.4972],[-105.3928,35.5146],[-105.408,35.5319],[-105.4232,35.5492],[-105.4385,35.5666],[-105.4483,35.5883],[-105.4582,35.6101],[-105.4681,35.6318],[-105.478,35.6536],[-105.4627,35.6535],[-105.4475,35.6534],[-105.4323,35.6533],[-105.417,35.6531],[-105.4075,35.6723],[-105.3981,35.6915],[-105.3886,35.7108],[-105.3791,35.73],[-105.3786,35.7911],[-105.4009,35.7973],[-105.4232,35.8036],[-105.4148,35.8155],[-105.4065,35.8275],[-105.3981,35.8395],[-105.3897,35.8515],[-105.3813,35.8634],[-105.3729,35.8754],[-105.3645,35.8874],[-105.3561,35.8993],[-105.3722,35.9046],[-105.3883,35.91],[-105.4044,35.9153],[-105.4204,35.9206],[-105.4205,36.0591],[-105.432,36.0679],[-105.4435,36.0767],[-105.455,36.0856],[-105.4665,36.0944],[-105.478,36.1032],[-105.4895,36.1121],[-105.501,36.1209],[-105.5125,36.1297],[-105.5283,36.1368],[-105.544,36.1439],[-105.5598,36.1509],[-105.5756,36.158],[-105.5913,36.1651],[-105.6071,36.1722],[-105.6229,36.1792],[-105.6387,36.1863],[-105.6626,36.1779],[-105.6865,36.1694],[-105.703,36.1785],[-105.7195,36.1877],[-105.736,36.1968],[-105.7525,36.2059]]]},"properties":{"OBJECTID":768,"state":"New Mexico","agency":"New Mexico Department of Game and Fish","unit_type":"GMU","unit_id":"45","unit_name":"GMU 45","unit_label":"New Mexico GMU 45","aliases":"2026 | 45 | 45 gmu 45 | game management unit | game management unit 45 | game management unit 45 gmu 45 | gmu | gmu 45 | gmu 45 gmu 45 | hunt unit | hunt unit 45 | hunt unit 45 gmu 45 | hunting unit | hunting unit 45 | hunting unit 45 gmu 45 | new mexico","year":"2026","Shape_Length":291618.99390179827,"Shape_Area":3946530854.8731837}},{"type":"Feature","id":769,"geometry":{"type":"Polygon","coordinates":[[[-105.1624,36.2859],[-105.1848,36.2871],[-105.2071,36.2883],[-105.2294,36.2896],[-105.2518,36.2908],[-105.2617,36.3018],[-105.2717,36.3129],[-105.2816,36.324],[-105.2916,36.335],[-105.2927,36.2652],[-105.3051,36.2567],[-105.3175,36.2482],[-105.3299,36.2397],[-105.3423,36.2312],[-105.3547,36.2226],[-105.3671,36.2141],[-105.3794,36.2056],[-105.3918,36.1971],[-105.399,36.181],[-105.4062,36.165],[-105.4133,36.149],[-105.4205,36.1329],[-105.4205,36.0591],[-105.4204,35.9206],[-105.4044,35.9153],[-105.3883,35.91],[-105.3722,35.9046],[-105.3561,35.8993],[-105.3645,35.8874],[-105.3729,35.8754],[-105.3813,35.8634],[-105.3897,35.8515],[-105.3981,35.8395],[-105.4065,35.8275],[-105.4148,35.8155],[-105.4232,35.8036],[-105.4009,35.7973],[-105.3786,35.7911],[-105.3791,35.73],[-105.3886,35.7108],[-105.3981,35.6915],[-105.4075,35.6723],[-105.417,35.6531],[-105.4323,35.6533],[-105.4475,35.6534],[-105.4627,35.6535],[-105.478,35.6536],[-105.4681,35.6318],[-105.4582,35.6101],[-105.4483,35.5883],[-105.4385,35.5666],[-105.4232,35.5492],[-105.408,35.5319],[-105.3928,35.5146],[-105.3776,35.4972],[-105.3703,35.4848],[-105.363,35.4724],[-105.3556,35.4599],[-105.3483,35.4475],[-105.341,35.4351],[-105.3337,35.4226],[-105.3264,35.4102],[-105.3191,35.3978],[-105.3104,35.4131],[-105.3018,35.4285],[-105.2931,35.4438],[-105.2845,35.4591],[-105.2758,35.4745],[-105.2672,35.4898],[-105.2585,35.5052],[-105.2498,35.5205],[-105.2392,35.5404],[-105.2286,35.5604],[-105.218,35.5803],[-105.2074,35.6003],[-105.1968,35.6202],[-105.1862,35.6401],[-105.1756,35.6601],[-105.165,35.68],[-105.1481,35.688],[-105.1312,35.696],[-105.1144,35.7039],[-105.0975,35.7119],[-105.0806,35.7199],[-105.0637,35.7278],[-105.0468,35.7358],[-105.0299,35.7438],[-105.0184,35.7575],[-105.0067,35.7713],[-104.9951,35.785],[-104.9835,35.7988],[-104.9751,35.8132],[-104.9666,35.8276],[-104.9538,35.8332],[-104.9409,35.8388],[-104.9281,35.8444],[-104.9153,35.85],[-104.9025,35.8556],[-104.8897,35.8612],[-104.8768,35.8667],[-104.864,35.8723],[-104.8543,35.881],[-104.8445,35.8898],[-104.8348,35.8985],[-104.825,35.9072],[-104.8153,35.9159],[-104.8055,35.9247],[-104.7958,35.9334],[-104.786,35.9421],[-104.7762,35.9508],[-104.7665,35.9595],[-104.7567,35.9682],[-104.7469,35.977],[-104.7372,35.9857],[-104.7274,35.9944],[-104.7176,36.0031],[-104.7078,36.0118],[-104.7258,36.0218],[-104.7438,36.0318],[-104.7619,36.0418],[-104.7799,36.0518],[-104.7979,36.0618],[-104.8159,36.0718],[-104.834,36.0818],[-104.852,36.0918],[-104.87,36.1018],[-104.8881,36.1118],[-104.9061,36.1218],[-104.9242,36.1317],[-104.9423,36.1417],[-104.9603,36.1517],[-104.9784,36.1617],[-104.9965,36.1716],[-105.0153,36.1706],[-105.0342,36.1696],[-105.0502,36.1842],[-105.0662,36.1987],[-105.0822,36.2133],[-105.0982,36.2278],[-105.1143,36.2423],[-105.1303,36.2568],[-105.1464,36.2714],[-105.1624,36.2859]]]},"properties":{"OBJECTID":769,"state":"New Mexico","agency":"New Mexico Department of Game and Fish","unit_type":"GMU","unit_id":"46","unit_name":"GMU 46","unit_label":"New Mexico GMU 46","aliases":"2026 | 46 | 46 gmu 46 | game management unit | game management unit 46 | game management unit 46 gmu 46 | gmu | gmu 46 | gmu 46 gmu 46 | hunt unit | hunt unit 46 | hunt unit 46 gmu 46 | hunting unit | hunting unit 46 | hunting unit 46 gmu 46 | new mexico","year":"2026","Shape_Length":284469.76802724536,"Shape_Area":3254369446.553968}},{"type":"Feature","id":770,"geometry":{"type":"Polygon","coordinates":[[[-104.4772,36.3201],[-104.493,36.3252],[-104.5088,36.3304],[-104.5246,36.3355],[-104.5404,36.3406],[-104.5562,36.3458],[-104.572,36.3509],[-104.5879,36.356],[-104.6037,36.3611],[-104.6104,36.3448],[-104.617,36.3284],[-104.6237,36.3121],[-104.6303,36.2957],[-104.6373,36.2749],[-104.6443,36.2541],[-104.6513,36.2332],[-104.6583,36.2124],[-104.6653,36.1916],[-104.6723,36.1708],[-104.6792,36.1499],[-104.6862,36.1291],[-104.6916,36.0998],[-104.697,36.0705],[-104.7024,36.0411],[-104.7078,36.0118],[-104.7176,36.0031],[-104.7274,35.9944],[-104.7372,35.9857],[-104.7469,35.977],[-104.7567,35.9682],[-104.7665,35.9595],[-104.7762,35.9508],[-104.786,35.9421],[-104.7958,35.9334],[-104.8055,35.9247],[-104.8153,35.9159],[-104.825,35.9072],[-104.8348,35.8985],[-104.8445,35.8898],[-104.8543,35.881],[-104.864,35.8723],[-104.8768,35.8667],[-104.8897,35.8612],[-104.9025,35.8556],[-104.9153,35.85],[-104.9281,35.8444],[-104.9409,35.8388],[-104.9538,35.8332],[-104.9666,35.8276],[-104.9751,35.8132],[-104.9835,35.7988],[-104.959,35.7936],[-104.9344,35.7884],[-104.9183,35.7955],[-104.9021,35.8025],[-104.886,35.8096],[-104.8699,35.8167],[-104.8496,35.8116],[-104.8293,35.8064],[-104.8091,35.8013],[-104.7888,35.7961],[-104.7714,35.8118],[-104.7539,35.8276],[-104.7326,35.8193],[-104.7114,35.811],[-104.6901,35.8027],[-104.6688,35.7944],[-104.6476,35.7861],[-104.6264,35.7779],[-104.6051,35.7696],[-104.5839,35.7613],[-104.569,35.7643],[-104.5541,35.7674],[-104.5392,35.7705],[-104.5243,35.7736],[-104.5094,35.7766],[-104.4945,35.7797],[-104.4796,35.7828],[-104.4646,35.7859],[-104.473,35.7614],[-104.4538,35.7587],[-104.4347,35.7561],[-104.4155,35.7534],[-104.3963,35.7507],[-104.4117,35.7341],[-104.427,35.7174],[-104.4132,35.7016],[-104.3994,35.6858],[-104.3855,35.67],[-104.3717,35.6541],[-104.3578,35.6602],[-104.3439,35.6662],[-104.3299,35.6722],[-104.316,35.6782],[-104.302,35.6843],[-104.2881,35.6903],[-104.2742,35.6963],[-104.2602,35.7023],[-104.232,35.7065],[-104.2039,35.7108],[-104.1757,35.715],[-104.1476,35.7192],[-104.1373,35.7367],[-104.127,35.7542],[-104.1168,35.7717],[-104.1065,35.7892],[-104.0813,35.7946],[-104.0561,35.7999],[-104.0309,35.8052],[-104.0057,35.8106],[-104.0178,35.8188],[-104.0299,35.827],[-104.042,35.8352],[-104.0541,35.8434],[-104.0662,35.8517],[-104.0784,35.8599],[-104.0905,35.8681],[-104.1026,35.8763],[-104.1189,35.8826],[-104.1351,35.8889],[-104.1514,35.8952],[-104.1676,35.9015],[-104.1803,35.9208],[-104.1929,35.94],[-104.2055,35.9593],[-104.2181,35.9785],[-104.2233,35.9949],[-104.2284,36.0114],[-104.2336,36.0278],[-104.2388,36.0443],[-104.2439,36.0607],[-104.2491,36.0772],[-104.2543,36.0936],[-104.2595,36.11],[-104.2589,36.3054],[-104.2862,36.3073],[-104.3134,36.3091],[-104.3407,36.311],[-104.368,36.3128],[-104.3953,36.3146],[-104.4226,36.3165],[-104.4499,36.3183],[-104.4772,36.3201]]]},"properties":{"OBJECTID":770,"state":"New Mexico","agency":"New Mexico Department of Game and Fish","unit_type":"GMU","unit_id":"47","unit_name":"GMU 47","unit_label":"New Mexico GMU 47","aliases":"2026 | 47 | 47 gmu 47 | game management unit | game management unit 47 | game management unit 47 gmu 47 | gmu | gmu 47 | gmu 47 gmu 47 | hunt unit | hunt unit 47 | hunt unit 47 gmu 47 | hunting unit | hunting unit 47 | hunting unit 47 gmu 47 | new mexico","year":"2026","Shape_Length":285753.1040086967,"Shape_Area":3142518723.317263}},{"type":"Feature","id":771,"geometry":{"type":"Polygon","coordinates":[[[-105.0175,36.3497],[-105.0344,36.3497],[-105.0513,36.3498],[-105.0682,36.3498],[-105.085,36.3499],[-105.1019,36.3499],[-105.1188,36.3499],[-105.1357,36.35],[-105.1526,36.35],[-105.1694,36.3501],[-105.1863,36.3501],[-105.2032,36.3501],[-105.2201,36.3501],[-105.237,36.3502],[-105.2538,36.3502],[-105.2707,36.3502],[-105.2876,36.3502],[-105.2916,36.335],[-105.2816,36.324],[-105.2717,36.3129],[-105.2617,36.3018],[-105.2518,36.2908],[-105.2294,36.2896],[-105.2071,36.2883],[-105.1848,36.2871],[-105.1624,36.2859],[-105.1464,36.2714],[-105.1303,36.2568],[-105.1143,36.2423],[-105.0982,36.2278],[-105.0822,36.2133],[-105.0662,36.1987],[-105.0502,36.1842],[-105.0342,36.1696],[-105.0153,36.1706],[-104.9965,36.1716],[-104.9784,36.1617],[-104.9603,36.1517],[-104.9423,36.1417],[-104.9242,36.1317],[-104.9061,36.1218],[-104.8881,36.1118],[-104.87,36.1018],[-104.852,36.0918],[-104.834,36.0818],[-104.8159,36.0718],[-104.7979,36.0618],[-104.7799,36.0518],[-104.7619,36.0418],[-104.7438,36.0318],[-104.7258,36.0218],[-104.7078,36.0118],[-104.7024,36.0411],[-104.697,36.0705],[-104.6916,36.0998],[-104.6862,36.1291],[-104.6792,36.1499],[-104.6723,36.1708],[-104.6653,36.1916],[-104.6583,36.2124],[-104.6513,36.2332],[-104.6443,36.2541],[-104.6373,36.2749],[-104.6303,36.2957],[-104.6543,36.2954],[-104.6783,36.2952],[-104.7023,36.2949],[-104.7262,36.2946],[-104.7502,36.2943],[-104.7742,36.294],[-104.7982,36.2937],[-104.8222,36.2934],[-104.836,36.288],[-104.8499,36.2827],[-104.8638,36.2773],[-104.8776,36.2719],[-104.8951,36.2817],[-104.9126,36.2914],[-104.93,36.3011],[-104.9475,36.3108],[-104.965,36.3205],[-104.9825,36.3302],[-105.0,36.3399],[-105.0175,36.3497]]]},"properties":{"OBJECTID":771,"state":"New Mexico","agency":"New Mexico Department of Game and Fish","unit_type":"GMU","unit_id":"48","unit_name":"GMU 48","unit_label":"New Mexico GMU 48","aliases":"2026 | 48 | 48 gmu 48 | game management unit | game management unit 48 | game management unit 48 gmu 48 | gmu | gmu 48 | gmu 48 gmu 48 | hunt unit | hunt unit 48 | hunt unit 48 gmu 48 | hunting unit | hunting unit 48 | hunting unit 48 gmu 48 | new mexico","year":"2026","Shape_Length":162210.98775164466,"Shape_Area":975635667.8068993}},{"type":"Feature","id":772,"geometry":{"type":"Polygon","coordinates":[[[-105.2993,36.4302],[-105.3264,36.4365],[-105.3536,36.4429],[-105.3599,36.4257],[-105.3662,36.4085],[-105.3924,36.4076],[-105.4186,36.4067],[-105.4448,36.4058],[-105.471,36.4049],[-105.4972,36.4039],[-105.5234,36.403],[-105.5496,36.4021],[-105.5758,36.4011],[-105.5907,36.3878],[-105.6055,36.3744],[-105.6203,36.3611],[-105.6351,36.3477],[-105.6598,36.3448],[-105.6845,36.3419],[-105.7092,36.339],[-105.7339,36.3361],[-105.7478,36.3193],[-105.7618,36.3026],[-105.7757,36.2858],[-105.7897,36.2691],[-105.8055,36.2619],[-105.8212,36.2546],[-105.837,36.2474],[-105.8528,36.2402],[-105.8685,36.233],[-105.8843,36.2258],[-105.9001,36.2185],[-105.9158,36.2113],[-105.8954,36.2106],[-105.875,36.21],[-105.8546,36.2093],[-105.8342,36.2086],[-105.8137,36.2079],[-105.7933,36.2073],[-105.7729,36.2066],[-105.7525,36.2059],[-105.736,36.1968],[-105.7195,36.1877],[-105.703,36.1785],[-105.6865,36.1694],[-105.6626,36.1779],[-105.6387,36.1863],[-105.6229,36.1792],[-105.6071,36.1722],[-105.5913,36.1651],[-105.5756,36.158],[-105.5598,36.1509],[-105.544,36.1439],[-105.5283,36.1368],[-105.5125,36.1297],[-105.501,36.1209],[-105.4895,36.1121],[-105.478,36.1032],[-105.4665,36.0944],[-105.455,36.0856],[-105.4435,36.0767],[-105.432,36.0679],[-105.4205,36.0591],[-105.4205,36.1329],[-105.4133,36.149],[-105.4062,36.165],[-105.399,36.181],[-105.3918,36.1971],[-105.3794,36.2056],[-105.3671,36.2141],[-105.3547,36.2226],[-105.3423,36.2312],[-105.3299,36.2397],[-105.3175,36.2482],[-105.3051,36.2567],[-105.2927,36.2652],[-105.2916,36.335],[-105.2876,36.3502],[-105.2934,36.3902],[-105.2993,36.4302]]]},"properties":{"OBJECTID":772,"state":"New Mexico","agency":"New Mexico Department of Game and Fish","unit_type":"GMU","unit_id":"49","unit_name":"GMU 49","unit_label":"New Mexico GMU 49","aliases":"2026 | 49 | 49 gmu 49 | game management unit | game management unit 49 | game management unit 49 gmu 49 | gmu | gmu 49 | gmu 49 gmu 49 | hunt unit | hunt unit 49 | hunt unit 49 gmu 49 | hunting unit | hunting unit 49 | hunting unit 49 gmu 49 | new mexico","year":"2026","Shape_Length":163344.9853513518,"Shape_Area":1083995878.8015501}},{"type":"Feature","id":773,"geometry":{"type":"Polygon","coordinates":[[[-105.7185,36.9958],[-105.7438,36.9958],[-105.7691,36.9958],[-105.7945,36.9958],[-105.8198,36.9957],[-105.8452,36.9957],[-105.8705,36.9956],[-105.8959,36.9956],[-105.9212,36.9955],[-105.9402,36.9954],[-105.9592,36.9954],[-105.9782,36.9954],[-105.9972,36.9953],[-105.9912,36.9711],[-105.9852,36.9469],[-105.9793,36.9226],[-105.9733,36.8984],[-105.9758,36.85],[-105.9783,36.8015],[-105.9808,36.7531],[-105.9833,36.7047],[-105.9754,36.6749],[-105.9675,36.6451],[-105.9664,36.6104],[-105.9593,36.5971],[-105.9521,36.5837],[-105.9449,36.5704],[-105.9377,36.5571],[-105.9305,36.5438],[-105.9234,36.5305],[-105.9162,36.5172],[-105.909,36.5039],[-105.9063,36.4639],[-105.9036,36.424],[-105.9009,36.384],[-105.8982,36.344],[-105.9148,36.3415],[-105.9314,36.339],[-105.948,36.3365],[-105.9646,36.3339],[-105.9812,36.3314],[-105.9978,36.3289],[-106.0144,36.3263],[-106.031,36.3238],[-106.0412,36.3416],[-106.0514,36.3594],[-106.0689,36.3571],[-106.0864,36.3548],[-106.1039,36.3526],[-106.1215,36.3503],[-106.139,36.348],[-106.1565,36.3457],[-106.174,36.3435],[-106.1915,36.3412],[-106.1879,36.3206],[-106.1843,36.3],[-106.1807,36.2795],[-106.1771,36.2589],[-106.1968,36.2469],[-106.2164,36.2349],[-106.236,36.223],[-106.2556,36.211],[-106.2384,36.1986],[-106.2212,36.1861],[-106.204,36.1737],[-106.1868,36.1613],[-106.1792,36.1505],[-106.1716,36.1398],[-106.164,36.129],[-106.1564,36.1182],[-106.1489,36.1074],[-106.1413,36.0967],[-106.1337,36.0859],[-106.1261,36.0751],[-106.1186,36.0643],[-106.111,36.0535],[-106.1034,36.0427],[-106.0959,36.032],[-106.0883,36.0212],[-106.0808,36.0104],[-106.0732,35.9996],[-106.0657,35.9888],[-106.0607,36.0154],[-106.0557,36.0419],[-106.0507,36.0685],[-106.0457,36.0951],[-106.0272,36.1095],[-106.0087,36.1238],[-105.9902,36.1382],[-105.9717,36.1525],[-105.9758,36.1689],[-105.98,36.1852],[-105.9639,36.1918],[-105.9479,36.1983],[-105.9319,36.2048],[-105.9158,36.2113],[-105.9001,36.2185],[-105.8843,36.2258],[-105.8685,36.233],[-105.8528,36.2402],[-105.837,36.2474],[-105.8212,36.2546],[-105.8055,36.2619],[-105.7897,36.2691],[-105.7757,36.2858],[-105.7618,36.3026],[-105.7478,36.3193],[-105.7339,36.3361],[-105.7298,36.3563],[-105.7257,36.3764],[-105.7216,36.3966],[-105.7175,36.4168],[-105.724,36.4514],[-105.7304,36.486],[-105.7251,36.5011],[-105.7198,36.5162],[-105.7145,36.5312],[-105.7092,36.5463],[-105.7039,36.5614],[-105.6986,36.5765],[-105.6933,36.5916],[-105.688,36.6066],[-105.6925,36.6272],[-105.6969,36.6478],[-105.7013,36.6684],[-105.7058,36.689],[-105.697,36.7078],[-105.6882,36.7267],[-105.6795,36.7455],[-105.6707,36.7644],[-105.6779,36.7761],[-105.6851,36.7879],[-105.6923,36.7996],[-105.6995,36.8114],[-105.7032,36.8817],[-105.7118,36.8937],[-105.7204,36.9057],[-105.7291,36.9177],[-105.7377,36.9297],[-105.7328,36.9462],[-105.728,36.9627],[-105.7231,36.9793],[-105.7182,36.9958],[-105.7183,36.9958],[-105.7185,36.9958]]]},"properties":{"OBJECTID":773,"state":"New Mexico","agency":"New Mexico Department of Game and Fish","unit_type":"GMU","unit_id":"50","unit_name":"GMU 50","unit_label":"New Mexico GMU 50","aliases":"2026 | 50 | 50 gmu 50 | game management unit | game management unit 50 | game management unit 50 gmu 50 | gmu | gmu 50 | gmu 50 gmu 50 | hunt unit | hunt unit 50 | hunt unit 50 gmu 50 | hunting unit | hunting unit 50 | hunting unit 50 gmu 50 | new mexico","year":"2026","Shape_Length":306823.30139071046,"Shape_Area":2386415843.690814}},{"type":"Feature","id":774,"geometry":{"type":"Polygon","coordinates":[[[-106.23,36.7023],[-106.2507,36.7098],[-106.2714,36.7172],[-106.2922,36.7247],[-106.3129,36.7321],[-106.3016,36.7242],[-106.2903,36.7163],[-106.279,36.7084],[-106.2677,36.7005],[-106.2563,36.6926],[-106.245,36.6847],[-106.2337,36.6767],[-106.2224,36.6688],[-106.2254,36.6445],[-106.2283,36.6201],[-106.2555,36.6197],[-106.2828,36.6194],[-106.31,36.619],[-106.3373,36.6187],[-106.3645,36.6183],[-106.3918,36.6179],[-106.419,36.6175],[-106.4463,36.6172],[-106.4632,36.6082],[-106.4801,36.5992],[-106.4971,36.5902],[-106.514,36.5812],[-106.5061,36.5678],[-106.4982,36.5544],[-106.4903,36.541],[-106.4824,36.5276],[-106.4781,36.4837],[-106.4738,36.4399],[-106.4837,36.4142],[-106.4935,36.3886],[-106.5033,36.363],[-106.5131,36.3373],[-106.4945,36.3281],[-106.476,36.3189],[-106.4575,36.3097],[-106.4389,36.3005],[-106.4318,36.289],[-106.4246,36.2774],[-106.4174,36.2658],[-106.4102,36.2543],[-106.3921,36.2433],[-106.3739,36.2324],[-106.3558,36.2214],[-106.3376,36.2105],[-106.3171,36.2106],[-106.2966,36.2107],[-106.2761,36.2108],[-106.2556,36.211],[-106.236,36.223],[-106.2164,36.2349],[-106.1968,36.2469],[-106.1771,36.2589],[-106.1807,36.2795],[-106.1843,36.3],[-106.1879,36.3206],[-106.1915,36.3412],[-106.174,36.3435],[-106.1565,36.3457],[-106.139,36.348],[-106.1215,36.3503],[-106.1039,36.3526],[-106.0864,36.3548],[-106.0689,36.3571],[-106.0514,36.3594],[-106.0412,36.3416],[-106.031,36.3238],[-106.0144,36.3263],[-105.9978,36.3289],[-105.9812,36.3314],[-105.9646,36.3339],[-105.948,36.3365],[-105.9314,36.339],[-105.9148,36.3415],[-105.8982,36.344],[-105.9009,36.384],[-105.9036,36.424],[-105.9063,36.4639],[-105.909,36.5039],[-105.9162,36.5172],[-105.9234,36.5305],[-105.9305,36.5438],[-105.9377,36.5571],[-105.9449,36.5704],[-105.9521,36.5837],[-105.9593,36.5971],[-105.9664,36.6104],[-105.9675,36.6451],[-105.9911,36.6439],[-106.0148,36.6427],[-106.0384,36.6415],[-106.0621,36.6403],[-106.0747,36.6497],[-106.0872,36.6592],[-106.0998,36.6687],[-106.1124,36.6782],[-106.1249,36.6877],[-106.1375,36.6972],[-106.1501,36.7067],[-106.1627,36.7162],[-106.1795,36.7127],[-106.1963,36.7092],[-106.2131,36.7058],[-106.23,36.7023]]]},"properties":{"OBJECTID":774,"state":"New Mexico","agency":"New Mexico Department of Game and Fish","unit_type":"GMU","unit_id":"51A","unit_name":"GMU 51A","unit_label":"New Mexico GMU 51A","aliases":"2026 | 51a | 51a gmu 51a | game management unit | game management unit 51a | game management unit 51a gmu 51a | gmu | gmu 51a | gmu 51a gmu 51a | hunt unit | hunt unit 51a | hunt unit 51a gmu 51a | hunting unit | hunting unit 51a | hunting unit 51a gmu 5","year":"2026","Shape_Length":217064.05320271823,"Shape_Area":2015266789.6752775}},{"type":"Feature","id":775,"geometry":{"type":"Polygon","coordinates":[[[-106.4824,36.5276],[-106.4903,36.541],[-106.4982,36.5544],[-106.5061,36.5678],[-106.514,36.5812],[-106.5407,36.5797],[-106.5674,36.5783],[-106.5941,36.5768],[-106.6208,36.5753],[-106.6447,36.5696],[-106.6685,36.5639],[-106.6924,36.5582],[-106.7163,36.5525],[-106.7255,36.5377],[-106.7347,36.5229],[-106.727,36.5014],[-106.7194,36.48],[-106.7118,36.4585],[-106.7042,36.437],[-106.6966,36.4155],[-106.6889,36.3941],[-106.6813,36.3726],[-106.6737,36.3511],[-106.6601,36.3449],[-106.6465,36.3387],[-106.6328,36.3325],[-106.6192,36.3262],[-106.6056,36.32],[-106.5919,36.3138],[-106.5783,36.3076],[-106.5647,36.3014],[-106.5518,36.3104],[-106.5389,36.3194],[-106.526,36.3284],[-106.5131,36.3373],[-106.5033,36.363],[-106.4935,36.3886],[-106.4837,36.4142],[-106.4738,36.4399],[-106.4781,36.4837],[-106.4824,36.5276]]]},"properties":{"OBJECTID":775,"state":"New Mexico","agency":"New Mexico Department of Game and Fish","unit_type":"GMU","unit_id":"51B","unit_name":"GMU 51B","unit_label":"New Mexico GMU 51B","aliases":"2026 | 51b | 51b gmu 51b | game management unit | game management unit 51b | game management unit 51b gmu 51b | gmu | gmu 51b | gmu 51b gmu 51b | hunt unit | hunt unit 51b | hunt unit 51b gmu 51b | hunting unit | hunting unit 51b | hunting unit 51b gmu 5","year":"2026","Shape_Length":87796.3988218617,"Shape_Area":529270613.65765804}},{"type":"Feature","id":776,"geometry":{"type":"Polygon","coordinates":[[[-105.9675,36.6451],[-105.9754,36.6749],[-105.9833,36.7047],[-105.9808,36.7531],[-105.9783,36.8015],[-105.9758,36.85],[-105.9733,36.8984],[-105.9793,36.9226],[-105.9852,36.9469],[-105.9912,36.9711],[-105.9972,36.9953],[-106.0181,36.9953],[-106.039,36.9952],[-106.0598,36.9951],[-106.0807,36.9951],[-106.1016,36.995],[-106.1224,36.9949],[-106.1433,36.9949],[-106.1642,36.9948],[-106.1668,36.9948],[-106.1949,36.9946],[-106.2231,36.9943],[-106.2319,36.9943],[-106.2423,36.9943],[-106.263,36.9942],[-106.2838,36.9941],[-106.3079,36.9941],[-106.3321,36.994],[-106.3562,36.994],[-106.3804,36.9939],[-106.4045,36.9938],[-106.4287,36.9937],[-106.4528,36.9936],[-106.477,36.9936],[-106.4681,36.9789],[-106.4593,36.9643],[-106.4384,36.9603],[-106.4175,36.9562],[-106.3967,36.9521],[-106.3758,36.948],[-106.372,36.8919],[-106.3589,36.884],[-106.3459,36.8761],[-106.3328,36.8682],[-106.3197,36.8603],[-106.3066,36.8524],[-106.2936,36.8445],[-106.2805,36.8366],[-106.2674,36.8287],[-106.2731,36.8166],[-106.2788,36.8046],[-106.2845,36.7925],[-106.2902,36.7804],[-106.2959,36.7683],[-106.3016,36.7563],[-106.3073,36.7442],[-106.3129,36.7321],[-106.2922,36.7247],[-106.2714,36.7172],[-106.2507,36.7098],[-106.23,36.7023],[-106.2131,36.7058],[-106.1963,36.7092],[-106.1795,36.7127],[-106.1627,36.7162],[-106.1501,36.7067],[-106.1375,36.6972],[-106.1249,36.6877],[-106.1124,36.6782],[-106.0998,36.6687],[-106.0872,36.6592],[-106.0747,36.6497],[-106.0621,36.6403],[-106.0384,36.6415],[-106.0148,36.6427],[-105.9911,36.6439],[-105.9675,36.6451]]]},"properties":{"OBJECTID":776,"state":"New Mexico","agency":"New Mexico Department of Game and Fish","unit_type":"GMU","unit_id":"52","unit_name":"GMU 52","unit_label":"New Mexico GMU 52","aliases":"2026 | 52 | 52 gmu 52 | game management unit | game management unit 52 | game management unit 52 gmu 52 | gmu | gmu 52 | gmu 52 gmu 52 | hunt unit | hunt unit 52 | hunt unit 52 gmu 52 | hunting unit | hunting unit 52 | hunting unit 52 gmu 52 | new mexico","year":"2026","Shape_Length":157530.8395218732,"Shape_Area":1099050320.9012506}},{"type":"Feature","id":777,"geometry":{"type":"Polygon","coordinates":[[[-105.5852,36.8617],[-105.5774,36.8784],[-105.5695,36.8951],[-105.5617,36.9119],[-105.5538,36.9286],[-105.546,36.9453],[-105.5381,36.9621],[-105.5302,36.9788],[-105.5224,36.9955],[-105.5488,36.9956],[-105.5753,36.9957],[-105.6018,36.9958],[-105.6283,36.9958],[-105.6508,36.9958],[-105.6733,36.9958],[-105.6958,36.9958],[-105.7183,36.9958],[-105.7182,36.9958],[-105.7231,36.9793],[-105.728,36.9627],[-105.7328,36.9462],[-105.7377,36.9297],[-105.7291,36.9177],[-105.7204,36.9057],[-105.7118,36.8937],[-105.7032,36.8817],[-105.6995,36.8114],[-105.6923,36.7996],[-105.6851,36.7879],[-105.6779,36.7761],[-105.6707,36.7644],[-105.6795,36.7455],[-105.6882,36.7267],[-105.697,36.7078],[-105.7058,36.689],[-105.7013,36.6684],[-105.6969,36.6478],[-105.6925,36.6272],[-105.688,36.6066],[-105.6933,36.5916],[-105.6986,36.5765],[-105.7039,36.5614],[-105.7092,36.5463],[-105.7145,36.5312],[-105.7198,36.5162],[-105.7251,36.5011],[-105.7304,36.486],[-105.724,36.4514],[-105.7175,36.4168],[-105.7216,36.3966],[-105.7257,36.3764],[-105.7298,36.3563],[-105.7339,36.3361],[-105.7092,36.339],[-105.6845,36.3419],[-105.6598,36.3448],[-105.6351,36.3477],[-105.6203,36.3611],[-105.6055,36.3744],[-105.5907,36.3878],[-105.5758,36.4011],[-105.5496,36.4021],[-105.5234,36.403],[-105.4972,36.4039],[-105.471,36.4049],[-105.4448,36.4058],[-105.4186,36.4067],[-105.3924,36.4076],[-105.3662,36.4085],[-105.3599,36.4257],[-105.3536,36.4429],[-105.3448,36.4551],[-105.3361,36.4672],[-105.3274,36.4794],[-105.3187,36.4916],[-105.3333,36.5068],[-105.348,36.522],[-105.3627,36.5372],[-105.3774,36.5524],[-105.3739,36.612],[-105.3703,36.6716],[-105.3557,36.6834],[-105.3411,36.6952],[-105.3265,36.707],[-105.3118,36.7188],[-105.3184,36.737],[-105.3249,36.7553],[-105.3314,36.7735],[-105.338,36.7917],[-105.3534,36.7872],[-105.3689,36.7827],[-105.3844,36.7781],[-105.3998,36.7736],[-105.423,36.7846],[-105.4462,36.7956],[-105.4693,36.8067],[-105.4925,36.8177],[-105.5157,36.8287],[-105.5389,36.8397],[-105.562,36.8507],[-105.5852,36.8617]]]},"properties":{"OBJECTID":777,"state":"New Mexico","agency":"New Mexico Department of Game and Fish","unit_type":"GMU","unit_id":"53","unit_name":"GMU 53","unit_label":"New Mexico GMU 53","aliases":"2026 | 53 | 53 gmu 53 | game management unit | game management unit 53 | game management unit 53 gmu 53 | gmu | gmu 53 | gmu 53 gmu 53 | hunt unit | hunt unit 53 | hunt unit 53 gmu 53 | hunting unit | hunting unit 53 | hunting unit 53 gmu 53 | new mexico","year":"2026","Shape_Length":218754.16032461976,"Shape_Area":1773415829.7676508}},{"type":"Feature","id":778,"geometry":{"type":"Polygon","coordinates":[[[-104.9963,36.5228],[-105.0109,36.5334],[-105.0254,36.5441],[-105.0399,36.5547],[-105.0544,36.5653],[-105.0711,36.5635],[-105.0877,36.5618],[-105.1044,36.56],[-105.121,36.5582],[-105.1351,36.5497],[-105.1491,36.5412],[-105.1632,36.5327],[-105.1772,36.5242],[-105.2003,36.5314],[-105.2233,36.5386],[-105.2464,36.5458],[-105.2695,36.553],[-105.2714,36.5064],[-105.2734,36.4598],[-105.2863,36.445],[-105.2993,36.4302],[-105.2934,36.3902],[-105.2876,36.3502],[-105.2707,36.3502],[-105.2538,36.3502],[-105.237,36.3502],[-105.2201,36.3501],[-105.2032,36.3501],[-105.1863,36.3501],[-105.1694,36.3501],[-105.1526,36.35],[-105.1357,36.35],[-105.1188,36.3499],[-105.1019,36.3499],[-105.085,36.3499],[-105.0682,36.3498],[-105.0513,36.3498],[-105.0344,36.3497],[-105.0175,36.3497],[-105.0,36.3399],[-104.9825,36.3302],[-104.965,36.3205],[-104.9475,36.3108],[-104.93,36.3011],[-104.9126,36.2914],[-104.8951,36.2817],[-104.8776,36.2719],[-104.8638,36.2773],[-104.8499,36.2827],[-104.836,36.288],[-104.8222,36.2934],[-104.7982,36.2937],[-104.7742,36.294],[-104.7502,36.2943],[-104.7262,36.2946],[-104.7023,36.2949],[-104.6783,36.2952],[-104.6543,36.2954],[-104.6303,36.2957],[-104.6237,36.3121],[-104.617,36.3284],[-104.6104,36.3448],[-104.6037,36.3611],[-104.6192,36.3631],[-104.6346,36.3652],[-104.6501,36.3672],[-104.6655,36.3692],[-104.681,36.3712],[-104.6965,36.3732],[-104.7119,36.3752],[-104.7274,36.3772],[-104.7384,36.3699],[-104.7494,36.3627],[-104.7604,36.3554],[-104.7713,36.3481],[-104.7947,36.3486],[-104.8181,36.3492],[-104.8415,36.3497],[-104.8649,36.3502],[-104.8793,36.3452],[-104.8937,36.3403],[-104.9082,36.3354],[-104.9226,36.3305],[-104.9315,36.3604],[-104.9404,36.3903],[-104.9493,36.4202],[-104.9583,36.4502],[-104.9486,36.4653],[-104.939,36.4805],[-104.9293,36.4957],[-104.9197,36.5109],[-104.9388,36.5139],[-104.958,36.5169],[-104.9772,36.5199],[-104.9963,36.5228]]]},"properties":{"OBJECTID":778,"state":"New Mexico","agency":"New Mexico Department of Game and Fish","unit_type":"GMU","unit_id":"54","unit_name":"GMU 54","unit_label":"New Mexico GMU 54","aliases":"2026 | 54 | 54 gmu 54 | game management unit | game management unit 54 | game management unit 54 gmu 54 | gmu | gmu 54 | gmu 54 gmu 54 | hunt unit | hunt unit 54 | hunt unit 54 gmu 54 | hunting unit | hunting unit 54 | hunting unit 54 gmu 54 | new mexico","year":"2026","Shape_Length":179471.69697140148,"Shape_Area":876097796.0365628}},{"type":"Feature","id":779,"geometry":{"type":"Polygon","coordinates":[[[-105.1741,36.9953],[-105.1959,36.9953],[-105.2177,36.9954],[-105.2394,36.9954],[-105.2612,36.9954],[-105.283,36.9955],[-105.3047,36.9955],[-105.3265,36.9955],[-105.3482,36.9955],[-105.37,36.9955],[-105.3918,36.9955],[-105.4135,36.9956],[-105.4353,36.9956],[-105.4571,36.9956],[-105.4788,36.9956],[-105.5006,36.9955],[-105.5224,36.9955],[-105.5302,36.9788],[-105.5381,36.9621],[-105.546,36.9453],[-105.5538,36.9286],[-105.5617,36.9119],[-105.5695,36.8951],[-105.5774,36.8784],[-105.5852,36.8617],[-105.562,36.8507],[-105.5389,36.8397],[-105.5157,36.8287],[-105.4925,36.8177],[-105.4693,36.8067],[-105.4462,36.7956],[-105.423,36.7846],[-105.3998,36.7736],[-105.3844,36.7781],[-105.3689,36.7827],[-105.3534,36.7872],[-105.338,36.7917],[-105.3314,36.7735],[-105.3249,36.7553],[-105.3184,36.737],[-105.3118,36.7188],[-105.3265,36.707],[-105.3411,36.6952],[-105.3557,36.6834],[-105.3703,36.6716],[-105.3739,36.612],[-105.3774,36.5524],[-105.3627,36.5372],[-105.348,36.522],[-105.3333,36.5068],[-105.3187,36.4916],[-105.3274,36.4794],[-105.3361,36.4672],[-105.3448,36.4551],[-105.3536,36.4429],[-105.3264,36.4365],[-105.2993,36.4302],[-105.2863,36.445],[-105.2734,36.4598],[-105.2714,36.5064],[-105.2695,36.553],[-105.2464,36.5458],[-105.2233,36.5386],[-105.2003,36.5314],[-105.1772,36.5242],[-105.1632,36.5327],[-105.1491,36.5412],[-105.1351,36.5497],[-105.121,36.5582],[-105.1044,36.56],[-105.0877,36.5618],[-105.0711,36.5635],[-105.0544,36.5653],[-105.0399,36.5547],[-105.0254,36.5441],[-105.0109,36.5334],[-104.9963,36.5228],[-104.9772,36.5199],[-104.958,36.5169],[-104.9388,36.5139],[-104.9197,36.5109],[-104.9065,36.5153],[-104.8933,36.5197],[-104.8801,36.5241],[-104.8669,36.5285],[-104.8537,36.5329],[-104.8405,36.5373],[-104.8273,36.5417],[-104.8141,36.5461],[-104.7985,36.5568],[-104.7829,36.5674],[-104.7674,36.578],[-104.7518,36.5887],[-104.7362,36.5993],[-104.7206,36.61],[-104.705,36.6206],[-104.6894,36.6312],[-104.6727,36.6398],[-104.6559,36.6484],[-104.6391,36.6569],[-104.6223,36.6655],[-104.6055,36.6741],[-104.5887,36.6827],[-104.5719,36.6912],[-104.5551,36.6998],[-104.5412,36.7146],[-104.5272,36.7294],[-104.5132,36.7442],[-104.4992,36.7589],[-104.4851,36.7737],[-104.4711,36.7885],[-104.4571,36.8033],[-104.4431,36.8181],[-104.437,36.8515],[-104.431,36.885],[-104.4371,36.8986],[-104.4433,36.9122],[-104.4495,36.9258],[-104.4557,36.9394],[-104.4619,36.953],[-104.4681,36.9666],[-104.4743,36.9802],[-104.4805,36.9938],[-104.4805,36.9939],[-104.4884,36.9938],[-104.4934,36.9938],[-104.499,36.9939],[-104.5208,36.9938],[-104.547,36.9938],[-104.5732,36.9937],[-104.5993,36.9937],[-104.6255,36.9936],[-104.6404,36.9936],[-104.6552,36.9936],[-104.6701,36.9936],[-104.6849,36.9936],[-104.6998,36.9936],[-104.7146,36.9936],[-104.7295,36.9935],[-104.7443,36.9935],[-104.7553,36.9935],[-104.7601,36.9935],[-104.7689,36.9935],[-104.7725,36.9935],[-104.7934,36.9935],[-104.8143,36.9935],[-104.8352,36.9934],[-104.856,36.9934],[-104.8769,36.9934],[-104.8978,36.9934],[-104.9187,36.9933],[-104.9396,36.9933],[-104.9562,36.9933],[-104.9728,36.9932],[-104.9894,36.9932],[-105.006,36.9932],[-105.028,36.9928],[-105.0295,36.9927],[-105.0365,36.993],[-105.065,36.9939],[-105.0936,36.9947],[-105.1138,36.9948],[-105.1339,36.995],[-105.154,36.9951],[-105.1741,36.9953]]]},"properties":{"OBJECTID":779,"state":"New Mexico","agency":"New Mexico Department of Game and Fish","unit_type":"GMU","unit_id":"55A","unit_name":"GMU 55A","unit_label":"New Mexico GMU 55A","aliases":"2026 | 55a | 55a gmu 55a | game management unit | game management unit 55a | game management unit 55a gmu 55a | gmu | gmu 55a | gmu 55a gmu 55a | hunt unit | hunt unit 55a | hunt unit 55a gmu 55a | hunting unit | hunting unit 55a | hunting unit 55a gmu 5","year":"2026","Shape_Length":307401.6969711355,"Shape_Area":4079475515.8751364}},{"type":"Feature","id":780,"geometry":{"type":"Polygon","coordinates":[[[-104.5937,36.4672],[-104.5804,36.4844],[-104.5671,36.5016],[-104.5538,36.5188],[-104.5405,36.536],[-104.5342,36.5514],[-104.5279,36.5668],[-104.5216,36.5822],[-104.5153,36.5977],[-104.509,36.6131],[-104.5026,36.6285],[-104.4963,36.6439],[-104.49,36.6593],[-104.4837,36.6747],[-104.4774,36.6901],[-104.4711,36.7055],[-104.4647,36.7209],[-104.4584,36.7364],[-104.4521,36.7518],[-104.4457,36.7672],[-104.4394,36.7826],[-104.4431,36.8181],[-104.4571,36.8033],[-104.4711,36.7885],[-104.4851,36.7737],[-104.4992,36.7589],[-104.5132,36.7442],[-104.5272,36.7294],[-104.5412,36.7146],[-104.5551,36.6998],[-104.5719,36.6912],[-104.5887,36.6827],[-104.6055,36.6741],[-104.6223,36.6655],[-104.6391,36.6569],[-104.6559,36.6484],[-104.6727,36.6398],[-104.6894,36.6312],[-104.705,36.6206],[-104.7206,36.61],[-104.7362,36.5993],[-104.7518,36.5887],[-104.7674,36.578],[-104.7829,36.5674],[-104.7985,36.5568],[-104.8141,36.5461],[-104.8273,36.5417],[-104.8405,36.5373],[-104.8537,36.5329],[-104.8669,36.5285],[-104.8801,36.5241],[-104.8933,36.5197],[-104.9065,36.5153],[-104.9197,36.5109],[-104.9293,36.4957],[-104.939,36.4805],[-104.9486,36.4653],[-104.9583,36.4502],[-104.9493,36.4202],[-104.9404,36.3903],[-104.9315,36.3604],[-104.9226,36.3305],[-104.9082,36.3354],[-104.8937,36.3403],[-104.8793,36.3452],[-104.8649,36.3502],[-104.8415,36.3497],[-104.8181,36.3492],[-104.7947,36.3486],[-104.7713,36.3481],[-104.7604,36.3554],[-104.7494,36.3627],[-104.7384,36.3699],[-104.7274,36.3772],[-104.7119,36.3752],[-104.6965,36.3732],[-104.681,36.3712],[-104.6655,36.3692],[-104.6501,36.3672],[-104.6346,36.3652],[-104.6192,36.3631],[-104.6037,36.3611],[-104.5987,36.4141],[-104.5937,36.4672]]]},"properties":{"OBJECTID":780,"state":"New Mexico","agency":"New Mexico Department of Game and Fish","unit_type":"GMU","unit_id":"55B","unit_name":"GMU 55B","unit_label":"New Mexico GMU 55B","aliases":"2026 | 55b | 55b gmu 55b | game management unit | game management unit 55b | game management unit 55b gmu 55b | gmu | gmu 55b | gmu 55b gmu 55b | hunt unit | hunt unit 55b | hunt unit 55b gmu 55b | hunting unit | hunting unit 55b | hunting unit 55b gmu 5","year":"2026","Shape_Length":160985.72623777372,"Shape_Area":991873176.6069397}},{"type":"Feature","id":781,"geometry":{"type":"Polygon","coordinates":[[[-104.3879,36.875],[-104.4094,36.88],[-104.431,36.885],[-104.437,36.8515],[-104.4431,36.8181],[-104.4394,36.7826],[-104.4457,36.7672],[-104.4521,36.7518],[-104.4584,36.7364],[-104.4647,36.7209],[-104.4711,36.7055],[-104.4774,36.6901],[-104.4837,36.6747],[-104.49,36.6593],[-104.4963,36.6439],[-104.5026,36.6285],[-104.509,36.6131],[-104.5153,36.5977],[-104.5216,36.5822],[-104.5279,36.5668],[-104.5342,36.5514],[-104.5405,36.536],[-104.5538,36.5188],[-104.5671,36.5016],[-104.5804,36.4844],[-104.5937,36.4672],[-104.5987,36.4141],[-104.6037,36.3611],[-104.5879,36.356],[-104.572,36.3509],[-104.5562,36.3458],[-104.5404,36.3406],[-104.5246,36.3355],[-104.5088,36.3304],[-104.493,36.3252],[-104.4772,36.3201],[-104.4499,36.3183],[-104.4226,36.3165],[-104.3953,36.3146],[-104.368,36.3128],[-104.3407,36.311],[-104.3134,36.3091],[-104.2862,36.3073],[-104.2589,36.3054],[-104.2299,36.3055],[-104.2009,36.3055],[-104.1719,36.3055],[-104.1429,36.3055],[-104.1139,36.3055],[-104.0849,36.3054],[-104.0559,36.3054],[-104.0269,36.3054],[-103.9979,36.3053],[-103.9689,36.3053],[-103.9399,36.3052],[-103.9109,36.3052],[-103.8819,36.3051],[-103.8529,36.305],[-103.8239,36.305],[-103.7949,36.3049],[-103.7709,36.3085],[-103.7469,36.3121],[-103.7229,36.3156],[-103.6989,36.3192],[-103.6808,36.3195],[-103.6628,36.3197],[-103.6447,36.32],[-103.6266,36.3202],[-103.6085,36.3204],[-103.5904,36.3207],[-103.5723,36.3209],[-103.5543,36.3211],[-103.5366,36.3285],[-103.5189,36.3359],[-103.5012,36.3433],[-103.4835,36.3506],[-103.4658,36.358],[-103.4481,36.3654],[-103.4304,36.3727],[-103.4127,36.3801],[-103.3918,36.3808],[-103.3709,36.3815],[-103.35,36.3821],[-103.3291,36.3828],[-103.3111,36.3914],[-103.2929,36.4001],[-103.2748,36.4087],[-103.2567,36.4173],[-103.2386,36.4259],[-103.2205,36.4345],[-103.2024,36.4431],[-103.1842,36.4517],[-103.2023,36.4579],[-103.2204,36.464],[-103.2385,36.4702],[-103.2566,36.4763],[-103.2824,36.4805],[-103.3082,36.4846],[-103.334,36.4887],[-103.3599,36.4929],[-103.3857,36.497],[-103.4115,36.5011],[-103.4374,36.5052],[-103.4632,36.5093],[-103.4837,36.521],[-103.5041,36.5327],[-103.5246,36.5444],[-103.545,36.5561],[-103.5655,36.5678],[-103.5859,36.5795],[-103.6064,36.5912],[-103.6269,36.6028],[-103.6421,36.6061],[-103.6574,36.6094],[-103.6726,36.6127],[-103.6878,36.616],[-103.6989,36.6225],[-103.7101,36.629],[-103.7212,36.6355],[-103.7323,36.642],[-103.7434,36.6484],[-103.7545,36.6549],[-103.7657,36.6614],[-103.7768,36.6679],[-103.7842,36.6797],[-103.7916,36.6914],[-103.799,36.7032],[-103.8064,36.715],[-103.8139,36.7268],[-103.8213,36.7385],[-103.8287,36.7503],[-103.8361,36.7621],[-103.856,36.7596],[-103.8759,36.7571],[-103.8958,36.7547],[-103.9157,36.7522],[-103.9356,36.7497],[-103.9555,36.7472],[-103.9754,36.7448],[-103.9953,36.7423],[-104.0126,36.745],[-104.0299,36.7477],[-104.0472,36.7505],[-104.0645,36.7532],[-104.0818,36.7559],[-104.0992,36.7586],[-104.1165,36.7614],[-104.1338,36.7641],[-104.1511,36.7668],[-104.1684,36.7695],[-104.1858,36.7722],[-104.2031,36.7749],[-104.2204,36.7776],[-104.2378,36.7803],[-104.2551,36.783],[-104.2724,36.7857],[-104.2868,36.7969],[-104.3013,36.8081],[-104.3157,36.8192],[-104.3301,36.8304],[-104.3446,36.8415],[-104.359,36.8527],[-104.3734,36.8638],[-104.3879,36.875]]]},"properties":{"OBJECTID":781,"state":"New Mexico","agency":"New Mexico Department of Game and Fish","unit_type":"GMU","unit_id":"56","unit_name":"GMU 56","unit_label":"New Mexico GMU 56","aliases":"2026 | 56 | 56 gmu 56 | game management unit | game management unit 56 | game management unit 56 gmu 56 | gmu | gmu 56 | gmu 56 gmu 56 | hunt unit | hunt unit 56 | hunt unit 56 gmu 56 | hunting unit | hunting unit 56 | hunting unit 56 gmu 56 | new mexico","year":"2026","Shape_Length":320970.70575895667,"Shape_Area":4591374749.897758}},{"type":"Feature","id":782,"geometry":{"type":"Polygon","coordinates":[[[-103.9953,36.7423],[-103.9894,36.7643],[-103.9836,36.7863],[-103.9666,36.8012],[-103.9495,36.8162],[-103.9324,36.8311],[-103.9153,36.846],[-103.8982,36.8609],[-103.8811,36.8758],[-103.864,36.8906],[-103.8469,36.9055],[-103.8522,36.9284],[-103.8576,36.9513],[-103.8629,36.9742],[-103.8683,36.9971],[-103.8683,36.9972],[-103.8889,36.997],[-103.9095,36.9969],[-103.9301,36.9967],[-103.9508,36.9965],[-103.9785,36.9963],[-104.0063,36.9961],[-104.0306,36.996],[-104.0548,36.9959],[-104.0791,36.9957],[-104.1034,36.9956],[-104.1277,36.9954],[-104.152,36.9952],[-104.1763,36.9951],[-104.2006,36.9949],[-104.2168,36.9948],[-104.2334,36.9947],[-104.25,36.9947],[-104.2705,36.9944],[-104.2909,36.9942],[-104.3111,36.9939],[-104.3312,36.9937],[-104.3412,36.9935],[-104.3544,36.9935],[-104.3581,36.9935],[-104.3767,36.9935],[-104.3953,36.9935],[-104.4124,36.9936],[-104.4293,36.9937],[-104.4463,36.9937],[-104.4632,36.9938],[-104.4802,36.9939],[-104.4805,36.9939],[-104.4805,36.9938],[-104.4743,36.9802],[-104.4681,36.9666],[-104.4619,36.953],[-104.4557,36.9394],[-104.4495,36.9258],[-104.4433,36.9122],[-104.4371,36.8986],[-104.431,36.885],[-104.4094,36.88],[-104.3879,36.875],[-104.3734,36.8638],[-104.359,36.8527],[-104.3446,36.8415],[-104.3301,36.8304],[-104.3157,36.8192],[-104.3013,36.8081],[-104.2868,36.7969],[-104.2724,36.7857],[-104.2551,36.783],[-104.2378,36.7803],[-104.2204,36.7776],[-104.2031,36.7749],[-104.1858,36.7722],[-104.1684,36.7695],[-104.1511,36.7668],[-104.1338,36.7641],[-104.1165,36.7614],[-104.0992,36.7586],[-104.0818,36.7559],[-104.0645,36.7532],[-104.0472,36.7505],[-104.0299,36.7477],[-104.0126,36.745],[-103.9953,36.7423]]]},"properties":{"OBJECTID":782,"state":"New Mexico","agency":"New Mexico Department of Game and Fish","unit_type":"GMU","unit_id":"57","unit_name":"GMU 57","unit_label":"New Mexico GMU 57","aliases":"2026 | 57 | 57 gmu 57 | game management unit | game management unit 57 | game management unit 57 gmu 57 | gmu | gmu 57 | gmu 57 gmu 57 | hunt unit | hunt unit 57 | hunt unit 57 gmu 57 | hunting unit | hunting unit 57 | hunting unit 57 gmu 57 | new mexico","year":"2026","Shape_Length":143670.19637516717,"Shape_Area":1116744269.929556}},{"type":"Feature","id":783,"geometry":{"type":"Polygon","coordinates":[[[-103.008,37.0001],[-103.0217,37.0001],[-103.0388,37.0001],[-103.0559,37.0001],[-103.071,37.0002],[-103.086,37.0002],[-103.1024,37.0002],[-103.1188,37.0002],[-103.1355,37.0001],[-103.1523,37.0],[-103.168,37.0],[-103.1837,36.9999],[-103.1995,36.9999],[-103.2152,36.9998],[-103.231,36.9998],[-103.2467,36.9997],[-103.2624,36.9997],[-103.2782,36.9996],[-103.2906,36.9996],[-103.3091,36.9995],[-103.3276,36.9995],[-103.3562,36.9995],[-103.3729,36.9995],[-103.3839,36.9994],[-103.4015,36.9994],[-103.4178,36.9993],[-103.434,36.9993],[-103.4502,36.9992],[-103.4664,36.9992],[-103.4884,36.9991],[-103.5176,36.999],[-103.5469,36.9989],[-103.5675,36.9988],[-103.5881,36.9988],[-103.5962,36.9987],[-103.6113,36.9987],[-103.6264,36.9986],[-103.6415,36.9985],[-103.6566,36.9984],[-103.6717,36.9983],[-103.6868,36.9983],[-103.7019,36.9982],[-103.717,36.9981],[-103.744,36.9979],[-103.7645,36.9977],[-103.7851,36.9975],[-103.8051,36.9974],[-103.8229,36.9973],[-103.8406,36.9972],[-103.8598,36.9972],[-103.8682,36.9972],[-103.8683,36.9972],[-103.8683,36.9971],[-103.8629,36.9742],[-103.8576,36.9513],[-103.8522,36.9284],[-103.8469,36.9055],[-103.864,36.8906],[-103.8811,36.8758],[-103.8982,36.8609],[-103.9153,36.846],[-103.9324,36.8311],[-103.9495,36.8162],[-103.9666,36.8012],[-103.9836,36.7863],[-103.9894,36.7643],[-103.9953,36.7423],[-103.9754,36.7448],[-103.9555,36.7472],[-103.9356,36.7497],[-103.9157,36.7522],[-103.8958,36.7547],[-103.8759,36.7571],[-103.856,36.7596],[-103.8361,36.7621],[-103.8287,36.7503],[-103.8213,36.7385],[-103.8139,36.7268],[-103.8064,36.715],[-103.799,36.7032],[-103.7916,36.6914],[-103.7842,36.6797],[-103.7768,36.6679],[-103.7657,36.6614],[-103.7545,36.6549],[-103.7434,36.6484],[-103.7323,36.642],[-103.7212,36.6355],[-103.7101,36.629],[-103.6989,36.6225],[-103.6878,36.616],[-103.6726,36.6127],[-103.6574,36.6094],[-103.6421,36.6061],[-103.6269,36.6028],[-103.6064,36.5912],[-103.5859,36.5795],[-103.5655,36.5678],[-103.545,36.5561],[-103.5246,36.5444],[-103.5041,36.5327],[-103.4837,36.521],[-103.4632,36.5093],[-103.4374,36.5052],[-103.4115,36.5011],[-103.3857,36.497],[-103.3599,36.4929],[-103.334,36.4887],[-103.3082,36.4846],[-103.2824,36.4805],[-103.2566,36.4763],[-103.2385,36.4702],[-103.2204,36.464],[-103.2023,36.4579],[-103.1842,36.4517],[-103.1595,36.4567],[-103.1347,36.4616],[-103.11,36.4665],[-103.0852,36.4715],[-103.074,36.4789],[-103.0628,36.4864],[-103.0516,36.4939],[-103.0404,36.5014],[-103.0213,36.5119],[-103.0023,36.5225],[-103.0024,36.6415],[-103.0023,37.0001],[-103.008,37.0001]]]},"properties":{"OBJECTID":783,"state":"New Mexico","agency":"New Mexico Department of Game and Fish","unit_type":"GMU","unit_id":"58","unit_name":"GMU 58","unit_label":"New Mexico GMU 58","aliases":"2026 | 58 | 58 gmu 58 | game management unit | game management unit 58 | game management unit 58 gmu 58 | gmu | gmu 58 | gmu 58 gmu 58 | hunt unit | hunt unit 58 | hunt unit 58 gmu 58 | hunting unit | hunting unit 58 | hunting unit 58 gmu 58 | new mexico","year":"2026","Shape_Length":266762.7763074255,"Shape_Area":3958717592.147369}},{"type":"Feature","id":784,"geometry":{"type":"Polygon","coordinates":[[[-103.0417,36.5004],[-103.022,36.5115],[-103.0023,36.5225],[-103.0213,36.5119],[-103.0404,36.5014],[-103.0516,36.4939],[-103.0628,36.4864],[-103.074,36.4789],[-103.0852,36.4715],[-103.11,36.4665],[-103.1347,36.4616],[-103.1595,36.4567],[-103.1842,36.4517],[-103.2024,36.4431],[-103.2205,36.4345],[-103.2386,36.4259],[-103.2567,36.4173],[-103.2748,36.4087],[-103.2929,36.4001],[-103.3111,36.3914],[-103.3291,36.3828],[-103.35,36.3821],[-103.3709,36.3815],[-103.3918,36.3808],[-103.4127,36.3801],[-103.4304,36.3727],[-103.4481,36.3654],[-103.4658,36.358],[-103.4835,36.3506],[-103.5012,36.3433],[-103.5189,36.3359],[-103.5366,36.3285],[-103.5543,36.3211],[-103.5723,36.3209],[-103.5904,36.3207],[-103.6085,36.3204],[-103.6266,36.3202],[-103.6447,36.32],[-103.6628,36.3197],[-103.6808,36.3195],[-103.6989,36.3192],[-103.7229,36.3156],[-103.7469,36.3121],[-103.7709,36.3085],[-103.7949,36.3049],[-103.8239,36.305],[-103.8529,36.305],[-103.8819,36.3051],[-103.9109,36.3052],[-103.9399,36.3052],[-103.9689,36.3053],[-103.9979,36.3053],[-104.0269,36.3054],[-104.0559,36.3054],[-104.0849,36.3054],[-104.1139,36.3055],[-104.1429,36.3055],[-104.1719,36.3055],[-104.2009,36.3055],[-104.2299,36.3055],[-104.2589,36.3054],[-104.2595,36.11],[-104.2543,36.0936],[-104.2491,36.0772],[-104.2439,36.0607],[-104.2388,36.0443],[-104.2336,36.0278],[-104.2284,36.0114],[-104.2233,35.9949],[-104.2181,35.9785],[-104.2055,35.9593],[-104.1929,35.94],[-104.1803,35.9208],[-104.1676,35.9015],[-104.1514,35.8952],[-104.1351,35.8889],[-104.1189,35.8826],[-104.1026,35.8763],[-104.0905,35.8681],[-104.0784,35.8599],[-104.0662,35.8517],[-104.0541,35.8434],[-104.042,35.8352],[-104.0299,35.827],[-104.0178,35.8188],[-104.0057,35.8106],[-103.9942,35.8022],[-103.9828,35.7938],[-103.9714,35.7854],[-103.9599,35.777],[-103.9469,35.7819],[-103.9339,35.7868],[-103.9208,35.7917],[-103.9078,35.7967],[-103.8818,35.7955],[-103.8558,35.7943],[-103.8299,35.7932],[-103.8039,35.792],[-103.7941,35.7998],[-103.7842,35.8076],[-103.7743,35.8154],[-103.7644,35.8233],[-103.7429,35.8275],[-103.7215,35.8318],[-103.7,35.8361],[-103.6785,35.8403],[-103.6829,35.8749],[-103.6873,35.9095],[-103.6918,35.9441],[-103.6962,35.9787],[-103.6836,35.9837],[-103.671,35.9888],[-103.6585,35.9938],[-103.6459,35.9988],[-103.6183,35.9989],[-103.5906,35.9989],[-103.563,35.999],[-103.5354,35.999],[-103.5077,35.999],[-103.4801,35.999],[-103.4525,35.9991],[-103.4248,35.9991],[-103.3972,35.9991],[-103.3696,35.999],[-103.3419,35.999],[-103.3143,35.999],[-103.2866,35.999],[-103.259,35.9989],[-103.2314,35.9989],[-103.2037,35.9989],[-103.2041,36.1056],[-103.195,36.125],[-103.1859,36.1443],[-103.1678,36.1443],[-103.1497,36.1442],[-103.1316,36.1442],[-103.1135,36.1441],[-103.0954,36.1441],[-103.0772,36.144],[-103.0591,36.144],[-103.041,36.1439],[-103.0415,36.3545],[-103.0415,36.3771],[-103.0417,36.5004]]]},"properties":{"OBJECTID":784,"state":"New Mexico","agency":"New Mexico Department of Game and Fish","unit_type":"GMU","unit_id":"59","unit_name":"GMU 59","unit_label":"New Mexico GMU 59","aliases":"2026 | 59 | 59 gmu 59 | game management unit | game management unit 59 | game management unit 59 gmu 59 | gmu | gmu 59 | gmu 59 gmu 59 | hunt unit | hunt unit 59 | hunt unit 59 gmu 59 | hunting unit | hunting unit 59 | hunting unit 59 gmu 59 | new mexico","year":"2026","Shape_Length":349306.938122098,"Shape_Area":4902932437.338503}}]}