{"type":"FeatureCollection","features":[{"type":"Feature","id":107,"geometry":{"type":"MultiPolygon","coordinates":[[[[-119.7019,45.8889],[-119.7257,45.8824],[-119.7496,45.8759],[-119.7734,45.8693],[-119.7973,45.8628],[-119.7749,45.858],[-119.7525,45.8533],[-119.7399,45.8622],[-119.7272,45.8711],[-119.7145,45.88],[-119.7019,45.8889]]],[[[-119.8143,45.8587],[-119.8365,45.862],[-119.8371,45.8469],[-119.8143,45.8587]]],[[[-119.8122,45.8668],[-119.8236,45.869],[-119.8282,45.865],[-119.8122,45.8668]]]]},"properties":{"OBJECTID":107,"state":"Washington","agency":"Washington Department of Fish and Wildlife","unit_type":"DA","unit_id":"3071","unit_name":"Whitcomb","unit_label":"Washington DA 3071 - Whitcomb","aliases":"2026 | 3071 | 3071 whitcomb | da | da 3071 | da 3071 whitcomb | washington | washington 3071 | washington 3071 whitcomb | washington da 3071 | washington da 3071 whitcomb | washington department of fish and wildlife | washington department of fish and wi","year":"2026","Shape_Length":25578.263761683414,"Shape_Area":10663969.145595526}},{"type":"Feature","id":108,"geometry":{"type":"Polygon","coordinates":[[[-120.5775,46.6277],[-120.5862,46.6319],[-120.5963,46.6416],[-120.6064,46.6513],[-120.6165,46.661],[-120.6266,46.6707],[-120.6367,46.6804],[-120.6467,46.69],[-120.6568,46.6997],[-120.6669,46.7094],[-120.6821,46.714],[-120.6973,46.7187],[-120.7125,46.7233],[-120.7277,46.7279],[-120.7429,46.7325],[-120.7582,46.7371],[-120.7734,46.7417],[-120.7886,46.7463],[-120.8045,46.7328],[-120.8204,46.7193],[-120.8254,46.7208],[-120.8355,46.7192],[-120.8418,46.7216],[-120.8581,46.7146],[-120.8745,46.7077],[-120.8908,46.7007],[-120.9071,46.6937],[-120.9082,46.6939],[-120.9105,46.6943],[-120.9138,46.6949],[-120.9152,46.6951],[-120.9172,46.6948],[-120.9185,46.6952],[-120.9204,46.6931],[-120.9178,46.6939],[-120.9154,46.6931],[-120.9147,46.6931],[-120.9324,46.6776],[-120.9502,46.6622],[-120.9564,46.6605],[-120.9603,46.6575],[-120.9618,46.6561],[-120.9605,46.6553],[-120.954,46.6564],[-120.9683,46.65],[-120.9827,46.6437],[-120.9836,46.6443],[-121.0124,46.6384],[-121.0125,46.6411],[-121.0177,46.6407],[-121.0187,46.6412],[-121.0241,46.6384],[-121.025,46.638],[-121.0258,46.6377],[-121.0289,46.6373],[-121.0299,46.6374],[-121.0306,46.6375],[-121.0309,46.6375],[-121.0341,46.6365],[-121.0343,46.6363],[-121.0489,46.6214],[-121.0635,46.6064],[-121.0781,46.5914],[-121.0927,46.5764],[-121.1109,46.5719],[-121.1292,46.5674],[-121.1474,46.5629],[-121.1655,46.5583],[-121.1656,46.5583],[-121.1956,46.5572],[-121.1957,46.5572],[-121.2059,46.5499],[-121.2097,46.5461],[-121.2119,46.5433],[-121.2175,46.538],[-121.2186,46.5367],[-121.2184,46.534],[-121.215,46.5186],[-121.2088,46.5118],[-121.2081,46.5114],[-121.2034,46.5103],[-121.2028,46.51],[-121.2022,46.5098],[-121.1922,46.5007],[-121.1903,46.5003],[-121.1895,46.4999],[-121.1894,46.4999],[-121.1882,46.4992],[-121.1728,46.498],[-121.1665,46.4949],[-121.1645,46.4942],[-121.1629,46.4929],[-121.1527,46.4909],[-121.1451,46.4811],[-121.1375,46.4713],[-121.1369,46.471],[-121.1364,46.4708],[-121.1341,46.4699],[-121.1337,46.4698],[-121.1256,46.4705],[-121.1188,46.4438],[-121.1094,46.4418],[-121.1,46.4406],[-121.0998,46.4406],[-121.0997,46.4405],[-121.0996,46.4405],[-121.0993,46.4404],[-121.0924,46.439],[-121.0903,46.4388],[-121.0888,46.4393],[-121.0877,46.4401],[-121.0855,46.4413],[-121.0839,46.4414],[-121.0822,46.4416],[-121.0776,46.4421],[-121.0769,46.4424],[-121.0645,46.4449],[-121.0636,46.4463],[-121.0626,46.4478],[-121.0625,46.4479],[-121.06,46.4494],[-121.0577,46.45],[-121.05,46.4561],[-121.0491,46.457],[-121.0345,46.465],[-121.0342,46.4659],[-121.0342,46.4659],[-121.034,46.4661],[-121.0315,46.4667],[-121.0298,46.4669],[-121.0187,46.4704],[-121.0182,46.4707],[-121.0055,46.4761],[-121.0042,46.4769],[-121.0012,46.4785],[-120.9849,46.4845],[-120.9685,46.4906],[-120.9678,46.4904],[-120.9557,46.4921],[-120.9555,46.4921],[-120.953,46.4919],[-120.953,46.4919],[-120.9383,46.499],[-120.9236,46.506],[-120.9089,46.5131],[-120.8942,46.5201],[-120.8936,46.52],[-120.8893,46.5212],[-120.8889,46.5214],[-120.8885,46.5215],[-120.8881,46.5214],[-120.8729,46.5267],[-120.8728,46.5267],[-120.8694,46.5267],[-120.8683,46.5258],[-120.8679,46.5256],[-120.867,46.5253],[-120.8668,46.5253],[-120.8667,46.5253],[-120.8661,46.5255],[-120.8656,46.5255],[-120.865,46.5257],[-120.8644,46.5255],[-120.8636,46.5256],[-120.8606,46.5248],[-120.8598,46.5251],[-120.8598,46.5241],[-120.8589,46.5242],[-120.858,46.5233],[-120.8577,46.5233],[-120.8574,46.5232],[-120.8561,46.5232],[-120.8553,46.5227],[-120.8544,46.5232],[-120.8539,46.5228],[-120.8524,46.5232],[-120.8517,46.5231],[-120.847,46.5251],[-120.8464,46.5247],[-120.8427,46.5255],[-120.8421,46.5253],[-120.8392,46.5258],[-120.8385,46.5255],[-120.8383,46.5255],[-120.8374,46.5253],[-120.8371,46.5253],[-120.8362,46.525],[-120.8341,46.5256],[-120.8326,46.5245],[-120.832,46.5248],[-120.8313,46.5244],[-120.83,46.5247],[-120.8298,46.5247],[-120.8289,46.5247],[-120.8285,46.5246],[-120.8253,46.5262],[-120.8247,46.5261],[-120.8236,46.5261],[-120.8217,46.5253],[-120.8208,46.5257],[-120.8198,46.5253],[-120.8185,46.5257],[-120.8177,46.5255],[-120.8163,46.5257],[-120.8161,46.5256],[-120.8241,46.5377],[-120.8322,46.5497],[-120.8403,46.5617],[-120.8483,46.5737],[-120.8564,46.5857],[-120.8644,46.5977],[-120.8725,46.6097],[-120.8806,46.6217],[-120.8693,46.6321],[-120.8581,46.6425],[-120.8469,46.6528],[-120.8357,46.6632],[-120.8195,46.661],[-120.8034,46.6588],[-120.7872,46.6566],[-120.7711,46.6544],[-120.755,46.6522],[-120.7388,46.65],[-120.7227,46.6477],[-120.7066,46.6455],[-120.6904,46.6433],[-120.6743,46.6411],[-120.6582,46.6389],[-120.642,46.6366],[-120.6259,46.6344],[-120.6098,46.6322],[-120.5937,46.63],[-120.5775,46.6277]]]},"properties":{"OBJECTID":108,"state":"Washington","agency":"Washington Department of Fish and Wildlife","unit_type":"DA","unit_id":"3682","unit_name":"Ahtanum","unit_label":"Washington DA 3682 - Ahtanum","aliases":"2026 | 3682 | 3682 ahtanum | ahtanum | da | da 3682 | da 3682 ahtanum | washington | washington 3682 | washington 3682 ahtanum | washington da 3682 | washington da 3682 ahtanum | washington department of fish and wildlife | washington department of fish","year":"2026","Shape_Length":146652.09480376611,"Shape_Area":576034046.3439943}},{"type":"Feature","id":109,"geometry":{"type":"Polygon","coordinates":[[[-117.9371,47.0849],[-117.9526,47.079],[-117.9681,47.073],[-117.9837,47.067],[-117.9992,47.061],[-118.0297,47.0593],[-118.0602,47.0577],[-118.0907,47.056],[-118.1212,47.0543],[-118.1469,47.0594],[-118.1727,47.0645],[-118.1984,47.0695],[-118.2241,47.0745],[-118.2327,47.0874],[-118.2412,47.1002],[-118.2497,47.113],[-118.2583,47.1258],[-118.2851,47.1231],[-118.312,47.1204],[-118.3388,47.1177],[-118.3657,47.1149],[-118.3615,47.0969],[-118.3573,47.0788],[-118.3531,47.0608],[-118.3489,47.0427],[-118.3457,46.9952],[-118.3425,46.9477],[-118.3393,46.9002],[-118.3362,46.8527],[-118.3243,46.8366],[-118.3125,46.8205],[-118.3007,46.8044],[-118.2889,46.7882],[-118.2987,46.7733],[-118.3084,46.7585],[-118.298,46.7572],[-118.2854,46.7536],[-118.2765,46.7504],[-118.2728,46.7507],[-118.2608,46.7491],[-118.238,46.7451],[-118.2371,46.7449],[-118.2354,46.7443],[-118.2088,46.744],[-118.1941,46.7486],[-118.1793,46.7531],[-118.1646,46.7577],[-118.1498,46.7622],[-118.1351,46.7668],[-118.1204,46.7713],[-118.1056,46.7759],[-118.0909,46.7804],[-118.0664,46.777],[-118.0419,46.7736],[-118.0419,46.7736],[-118.0418,46.7736],[-118.0418,46.774],[-118.0418,46.7741],[-118.0416,46.7748],[-118.0414,46.7756],[-118.0407,46.7775],[-118.0406,46.7776],[-118.0404,46.778],[-118.0396,46.7796],[-118.0389,46.7809],[-118.038,46.7823],[-118.0375,46.7831],[-118.0374,46.7833],[-118.0342,46.7854],[-118.0337,46.7855],[-118.033,46.7856],[-118.0316,46.7861],[-118.0315,46.7862],[-118.0307,46.7865],[-118.0302,46.7865],[-118.0292,46.7868],[-118.0288,46.7874],[-118.0283,46.7879],[-118.028,46.788],[-118.0276,46.7881],[-118.0265,46.788],[-118.0263,46.788],[-118.0251,46.7875],[-118.0234,46.7858],[-118.0222,46.7839],[-118.0202,46.783],[-118.0202,46.783],[-118.0148,46.7881],[-118.0148,46.7883],[-118.0133,46.7927],[-118.0133,46.7927],[-118.0138,46.7931],[-118.0168,46.7956],[-118.0178,46.7989],[-118.0177,46.7997],[-118.0166,46.8029],[-118.0164,46.804],[-118.0166,46.8047],[-118.0174,46.806],[-118.0177,46.8072],[-118.0177,46.8078],[-118.0198,46.8121],[-118.0199,46.8122],[-118.02,46.8126],[-118.0199,46.8134],[-118.0194,46.8147],[-118.0193,46.8148],[-118.0187,46.8152],[-118.017,46.8151],[-118.017,46.8151],[-118.0137,46.8147],[-118.0112,46.815],[-118.0089,46.8164],[-118.0074,46.8175],[-118.0072,46.8178],[-117.9975,46.8379],[-118.0012,46.8384],[-118.0013,46.8384],[-118.0045,46.8424],[-118.005,46.8434],[-118.0049,46.8441],[-118.0041,46.8455],[-117.999,46.8501],[-117.9976,46.8509],[-117.9976,46.851],[-117.9953,46.852],[-117.9952,46.852],[-117.9931,46.8536],[-117.993,46.8537],[-117.9922,46.8544],[-117.99,46.8564],[-117.9888,46.8574],[-117.9886,46.8578],[-117.9881,46.8614],[-117.9879,46.8615],[-117.9858,46.8623],[-117.9837,46.8623],[-117.9801,46.8627],[-117.9788,46.8629],[-117.9729,46.866],[-117.9728,46.8662],[-117.9695,46.8675],[-117.9684,46.8678],[-117.9461,46.8789],[-117.9459,46.879],[-117.9382,46.8855],[-117.9366,46.8866],[-117.935,46.887],[-117.9316,46.888],[-117.9283,46.8994],[-117.9276,46.9],[-117.9277,46.9007],[-117.9277,46.9007],[-117.9291,46.9085],[-117.9285,46.9103],[-117.928,46.9119],[-117.928,46.912],[-117.9275,46.9135],[-117.9275,46.9138],[-117.927,46.9182],[-117.927,46.9182],[-117.9268,46.9184],[-117.9261,46.9191],[-117.9247,46.922],[-117.9229,46.9299],[-117.9188,46.9456],[-117.9205,46.9483],[-117.921,46.9493],[-117.9253,46.9507],[-117.9255,46.9518],[-117.9265,46.9527],[-117.9266,46.9529],[-117.9281,46.9552],[-117.9282,46.9553],[-117.9305,46.9575],[-117.9294,46.9627],[-117.9288,46.9635],[-117.9271,46.9706],[-117.9327,46.9731],[-117.9328,46.9734],[-117.9326,46.9745],[-117.9259,46.9786],[-117.9252,46.9794],[-117.9252,46.9797],[-117.9295,46.9826],[-117.9301,46.9828],[-117.9335,46.9837],[-117.9366,46.9847],[-117.9385,46.9859],[-117.9391,46.9871],[-117.9388,46.9878],[-117.9386,46.9882],[-117.9385,46.9883],[-117.9293,46.9993],[-117.9296,46.9997],[-117.93,47.0],[-117.9303,47.0002],[-117.931,47.0007],[-117.9319,47.0016],[-117.9324,47.0019],[-117.9403,47.0017],[-117.9406,47.0017],[-117.9441,47.0026],[-117.9473,47.0036],[-117.9473,47.0037],[-117.9477,47.004],[-117.9479,47.0047],[-117.9479,47.0047],[-117.9467,47.0071],[-117.943,47.0079],[-117.9429,47.0114],[-117.9432,47.0122],[-117.9464,47.0179],[-117.948,47.0199],[-117.9481,47.02],[-117.9483,47.0203],[-117.9489,47.0215],[-117.9489,47.0217],[-117.949,47.0222],[-117.949,47.0229],[-117.9499,47.0254],[-117.95,47.0254],[-117.9502,47.0255],[-117.9502,47.0265],[-117.9502,47.0267],[-117.9508,47.0274],[-117.9563,47.026],[-117.9563,47.026],[-117.9566,47.0257],[-117.9601,47.0332],[-117.96,47.0332],[-117.9597,47.0339],[-117.9616,47.0351],[-117.9623,47.0354],[-117.9633,47.0359],[-117.9643,47.0375],[-117.9643,47.0376],[-117.965,47.0392],[-117.9653,47.0395],[-117.9657,47.04],[-117.9664,47.0406],[-117.9685,47.0422],[-117.9688,47.0424],[-117.9693,47.0435],[-117.9702,47.0445],[-117.9702,47.0448],[-117.9701,47.0451],[-117.9704,47.0458],[-117.9718,47.0462],[-117.9731,47.0474],[-117.9735,47.048],[-117.972,47.0542],[-117.9709,47.0554],[-117.967,47.0583],[-117.9674,47.0587],[-117.9671,47.0595],[-117.9668,47.0597],[-117.9472,47.0708],[-117.9472,47.0711],[-117.9417,47.072],[-117.9416,47.0721],[-117.9378,47.0728],[-117.9373,47.0728],[-117.9365,47.0729],[-117.9359,47.0731],[-117.9359,47.0731],[-117.9353,47.0735],[-117.9382,47.08],[-117.9378,47.0811],[-117.9379,47.0835],[-117.9371,47.0849]]]},"properties":{"OBJECTID":109,"state":"Washington","agency":"Washington Department of Fish and Wildlife","unit_type":"DA","unit_id":"2010","unit_name":"Benge","unit_label":"Washington DA 2010 - Benge","aliases":"2010 | 2010 benge | 2026 | benge | da | da 2010 | da 2010 benge | washington | washington 2010 | washington 2010 benge | washington da 2010 | washington da 2010 benge | washington department of fish and wildlife | washington department of fish and wildli","year":"2026","Shape_Length":146550.60282137495,"Shape_Area":1000913072.8232183}},{"type":"Feature","id":110,"geometry":{"type":"Polygon","coordinates":[[[-119.5056,47.4409],[-119.5287,47.441],[-119.5517,47.441],[-119.5747,47.441],[-119.5978,47.441],[-119.5941,47.4122],[-119.5904,47.3834],[-119.5868,47.3546],[-119.5831,47.3258],[-119.567,47.3238],[-119.551,47.3217],[-119.534,47.3366],[-119.517,47.3515],[-119.5001,47.3664],[-119.4831,47.3813],[-119.4887,47.3962],[-119.4943,47.4111],[-119.5,47.426],[-119.5056,47.4409]]]},"properties":{"OBJECTID":110,"state":"Washington","agency":"Washington Department of Fish and Wildlife","unit_type":"DA","unit_id":"2011","unit_name":"Lakeview","unit_label":"Washington DA 2011 - Lakeview","aliases":"2011 | 2011 lakeview | 2026 | da | da 2011 | da 2011 lakeview | lakeview | washington | washington 2011 | washington 2011 lakeview | washington da 2011 | washington da 2011 lakeview | washington department of fish and wildlife | washington department of","year":"2026","Shape_Length":37440.37873316879,"Shape_Area":84065838.97317226}},{"type":"Feature","id":111,"geometry":{"type":"Polygon","coordinates":[[[-122.8809,47.9998],[-122.8702,48.0078],[-122.8595,48.0157],[-122.8733,48.0355],[-122.8872,48.0553],[-122.901,48.0751],[-122.9149,48.0948],[-122.9312,48.0928],[-122.9476,48.0907],[-122.9639,48.0886],[-122.9802,48.0866],[-122.9966,48.0845],[-123.0129,48.0824],[-123.0292,48.0803],[-123.0456,48.0783],[-123.0555,48.0877],[-123.0654,48.0971],[-123.0754,48.1065],[-123.0853,48.1159],[-123.0953,48.1253],[-123.1053,48.1347],[-123.1152,48.1441],[-123.1252,48.1534],[-123.1406,48.1487],[-123.1561,48.144],[-123.1715,48.1393],[-123.1869,48.1346],[-123.2024,48.1299],[-123.2178,48.1252],[-123.2332,48.1205],[-123.2486,48.1157],[-123.2707,48.1161],[-123.2928,48.1164],[-123.3149,48.1167],[-123.337,48.117],[-123.3592,48.1174],[-123.3813,48.1177],[-123.4034,48.118],[-123.4255,48.1183],[-123.4431,48.1218],[-123.4607,48.1254],[-123.4783,48.1289],[-123.496,48.1325],[-123.5136,48.136],[-123.5312,48.1395],[-123.5489,48.1431],[-123.5665,48.1466],[-123.5665,48.1466],[-123.565,48.1401],[-123.5619,48.1396],[-123.5552,48.1343],[-123.5523,48.1334],[-123.5581,48.1261],[-123.5546,48.1251],[-123.5532,48.112],[-123.5514,48.1114],[-123.5591,48.0987],[-123.5668,48.086],[-123.5626,48.0854],[-123.5703,48.0753],[-123.578,48.0653],[-123.5658,48.0741],[-123.5536,48.0828],[-123.5414,48.0915],[-123.5292,48.1003],[-123.5049,48.1048],[-123.4805,48.1093],[-123.4561,48.1138],[-123.4317,48.1183],[-123.4184,48.1128],[-123.4051,48.1074],[-123.4046,48.1072],[-123.4045,48.1072],[-123.3816,48.1082],[-123.3587,48.1091],[-123.3561,48.1031],[-123.3462,48.1064],[-123.3388,48.1013],[-123.3384,48.1012],[-123.3369,48.1005],[-123.3356,48.1],[-123.335,48.0998],[-123.3181,48.0978],[-123.3013,48.0958],[-123.2845,48.0937],[-123.2677,48.0917],[-123.2509,48.0897],[-123.2341,48.0877],[-123.2173,48.0856],[-123.2005,48.0836],[-123.1837,48.0816],[-123.1669,48.0796],[-123.1501,48.0775],[-123.1333,48.0755],[-123.1165,48.0735],[-123.0997,48.0714],[-123.0829,48.0694],[-123.0661,48.0673],[-123.0481,48.0545],[-123.0472,48.0542],[-123.0372,48.0458],[-123.0271,48.0375],[-123.0171,48.0291],[-123.007,48.0208],[-122.9922,48.034],[-122.9774,48.0471],[-122.9528,48.0456],[-122.9281,48.044],[-122.9034,48.0424],[-122.8787,48.0408],[-122.8762,48.0393],[-122.8762,48.0393],[-122.8809,47.9998]]]},"properties":{"OBJECTID":111,"state":"Washington","agency":"Washington Department of Fish and Wildlife","unit_type":"DA","unit_id":"6020","unit_name":"Dungeness-Miller Peninsula","unit_label":"Washington DA 6020 - Dungeness-Miller Peninsula","aliases":"2026 | 6020 | 6020 dungeness miller peninsula | da | da 6020 | da 6020 dungeness miller peninsula | dungeness miller peninsula | washington | washington 6020 | washington 6020 dungeness miller peninsula | washington da 6020 | washington da 6020 dungeness","year":"2026","Shape_Length":141766.66886877737,"Shape_Area":199375881.1827194}},{"type":"Feature","id":112,"geometry":{"type":"MultiPolygon","coordinates":[[[[-120.1933,48.4179],[-120.1987,48.4215],[-120.1931,48.4216],[-120.1933,48.4179],[-120.1823,48.4079],[-120.1714,48.3979],[-120.1605,48.3879],[-120.1495,48.3779],[-120.1796,48.3772],[-120.2096,48.3765],[-120.196,48.3714],[-120.1823,48.3663],[-120.1687,48.3612],[-120.1551,48.3561],[-120.144,48.3671],[-120.1387,48.3597],[-120.1551,48.3561],[-120.1447,48.3485],[-120.1343,48.3409],[-120.1239,48.3334],[-120.1135,48.3258],[-120.1031,48.3182],[-120.0927,48.3106],[-120.0823,48.303],[-120.0719,48.2955],[-120.0971,48.299],[-120.1223,48.3026],[-120.1278,48.279],[-120.1333,48.2555],[-120.1062,48.2554],[-120.0926,48.2648],[-120.079,48.2741],[-120.0764,48.2773],[-120.0569,48.2881],[-120.0626,48.2882],[-120.0625,48.2919],[-120.0569,48.2881],[-120.038,48.2917],[-120.019,48.2952],[-120.0135,48.3061],[-120.0352,48.306],[-120.0407,48.3027],[-120.0461,48.2991],[-120.0461,48.3028],[-120.0407,48.3027],[-120.0352,48.306],[-120.0193,48.3224],[-120.0034,48.3388],[-119.9875,48.3552],[-119.9716,48.3717],[-120.0004,48.3684],[-120.0076,48.3666],[-120.0321,48.3757],[-120.0567,48.3848],[-120.0812,48.3939],[-120.1058,48.403],[-120.1173,48.3887],[-120.122,48.3994],[-120.1058,48.403],[-120.11,48.4228],[-120.1142,48.4425],[-120.1184,48.4623],[-120.1226,48.4821],[-120.1359,48.4753],[-120.1492,48.4686],[-120.1545,48.4921],[-120.1599,48.5157],[-120.1653,48.5393],[-120.1706,48.5629],[-120.1761,48.5658],[-120.2005,48.5669],[-120.2248,48.568],[-120.2492,48.569],[-120.2736,48.5701],[-120.2832,48.5611],[-120.2928,48.5521],[-120.3024,48.5431],[-120.312,48.5341],[-120.3184,48.5378],[-120.3202,48.5414],[-120.3286,48.5452],[-120.3421,48.5515],[-120.3556,48.5579],[-120.3691,48.5643],[-120.3826,48.5707],[-120.3692,48.5634],[-120.3557,48.5561],[-120.3498,48.5523],[-120.3337,48.5396],[-120.3176,48.5269],[-120.3042,48.5324],[-120.2982,48.5301],[-120.2977,48.5299],[-120.2878,48.5263],[-120.2878,48.5263],[-120.2845,48.5253],[-120.2844,48.5253],[-120.2706,48.5174],[-120.2687,48.5161],[-120.26,48.5123],[-120.2579,48.5102],[-120.2578,48.51],[-120.2553,48.4676],[-120.2529,48.4252],[-120.2231,48.4216],[-120.1933,48.4179]],[[-120.1876,48.4773],[-120.1872,48.4779],[-120.1868,48.4774],[-120.1876,48.4773]],[[-120.198,48.4469],[-120.1927,48.4421],[-120.1985,48.4433],[-120.198,48.4469]],[[-120.0747,48.3341],[-120.0744,48.3292],[-120.0793,48.3305],[-120.0747,48.3341]],[[-120.0525,48.3087],[-120.0468,48.3119],[-120.0467,48.3086],[-120.0525,48.3087]],[[-120.0244,48.2991],[-120.0189,48.3025],[-120.0189,48.2989],[-120.0244,48.2991]],[[-120.1885,48.4721],[-120.1968,48.4733],[-120.1899,48.4757],[-120.1885,48.4721]],[[-120.1388,48.4496],[-120.1334,48.4497],[-120.1334,48.4461],[-120.1388,48.4496]],[[-120.1708,48.5522],[-120.1761,48.5486],[-120.1762,48.5523],[-120.1708,48.5522]],[[-120.1711,48.4506],[-120.1656,48.447],[-120.1711,48.4469],[-120.1711,48.4506]],[[-120.2203,48.4362],[-120.2147,48.4361],[-120.2149,48.4324],[-120.2203,48.4362]],[[-120.0995,48.3532],[-120.0874,48.3489],[-120.0979,48.349],[-120.0995,48.3532]],[[-120.1874,48.5082],[-120.1786,48.5086],[-120.1764,48.505],[-120.1874,48.5082]],[[-120.1548,48.4615],[-120.1437,48.4614],[-120.1438,48.4577],[-120.1548,48.4615]],[[-120.1386,48.4136],[-120.1285,48.4136],[-120.1248,48.4065],[-120.1386,48.4136]],[[-120.1009,48.3632],[-120.079,48.3559],[-120.0954,48.3558],[-120.1009,48.3632]],[[-120.0953,48.3886],[-120.0899,48.3922],[-120.0898,48.3886],[-120.0953,48.3886],[-120.0843,48.3813],[-120.101,48.3813],[-120.0953,48.3886]],[[-120.1854,48.4687],[-120.1779,48.4733],[-120.1776,48.4737],[-120.1858,48.4777],[-120.1784,48.4832],[-120.1717,48.4613],[-120.1854,48.4687]],[[-120.1247,48.3731],[-120.1142,48.3653],[-120.1037,48.3574],[-120.1185,48.3614],[-120.1333,48.3653],[-120.1247,48.3731]],[[-120.1171,48.2591],[-120.117,48.2555],[-120.1224,48.2555],[-120.1171,48.2591],[-120.1116,48.2628],[-120.1061,48.2755],[-120.1007,48.2882],[-120.0898,48.2773],[-120.1007,48.27],[-120.1116,48.2628],[-120.1171,48.2591]],[[-120.2312,48.4398],[-120.2362,48.4688],[-120.2227,48.4615],[-120.2092,48.4542],[-120.2202,48.447],[-120.2312,48.4398]],[[-120.2361,48.5015],[-120.2256,48.4876],[-120.2307,48.4905],[-120.2445,48.4979],[-120.2523,48.5018],[-120.2361,48.5015]]],[[[-120.2531,48.3963],[-120.2529,48.3816],[-120.2366,48.3817],[-120.2531,48.3963]]],[[[-120.0299,48.4028],[-120.0189,48.3991],[-120.0135,48.4064],[-120.0299,48.4028]]],[[[-120.0516,48.2845],[-120.0516,48.2809],[-120.0353,48.2808],[-120.0516,48.2845]]],[[[-120.0135,48.3954],[-120.0191,48.3917],[-120.0135,48.3917],[-120.0135,48.3954]]],[[[-120.1769,48.3852],[-120.1768,48.3888],[-120.1823,48.3888],[-120.1769,48.3852]]],[[[-120.1863,48.3962],[-120.1849,48.3998],[-120.1877,48.3998],[-120.1863,48.3962]]]]},"properties":{"OBJECTID":112,"state":"Washington","agency":"Washington Department of Fish and Wildlife","unit_type":"DA","unit_id":"2012","unit_name":"Methow Valley","unit_label":"Washington DA 2012 - Methow Valley","aliases":"2012 | 2012 methow valley | 2026 | da | da 2012 | da 2012 methow valley | methow valley | washington | washington 2012 | washington 2012 methow valley | washington da 2012 | washington da 2012 methow valley | washington department of fish and wildlife |","year":"2026","Shape_Length":226689.42504697046,"Shape_Area":275908179.2775021}},{"type":"Feature","id":113,"geometry":{"type":"Polygon","coordinates":[[[-119.7068,48.2834],[-119.682,48.2928],[-119.6573,48.3022],[-119.6325,48.3117],[-119.6077,48.3211],[-119.6007,48.3373],[-119.5936,48.3536],[-119.5769,48.3681],[-119.5601,48.3827],[-119.5434,48.3972],[-119.5266,48.4117],[-119.4991,48.4138],[-119.4715,48.4159],[-119.48,48.4377],[-119.4885,48.4594],[-119.4971,48.4812],[-119.5056,48.503],[-119.5059,48.5025],[-119.5062,48.5023],[-119.5063,48.5016],[-119.5063,48.5013],[-119.5103,48.5008],[-119.5308,48.4949],[-119.5513,48.4891],[-119.5718,48.4833],[-119.5923,48.4775],[-119.5855,48.4715],[-119.5784,48.4335],[-119.5714,48.3955],[-119.5986,48.4013],[-119.6257,48.4072],[-119.6268,48.3383],[-119.6476,48.3318],[-119.6685,48.3252],[-119.6781,48.3148],[-119.6876,48.3043],[-119.6972,48.2938],[-119.7068,48.2834]]]},"properties":{"OBJECTID":113,"state":"Washington","agency":"Washington Department of Fish and Wildlife","unit_type":"DA","unit_id":"2015","unit_name":"Omak","unit_label":"Washington DA 2015 - Omak","aliases":"2015 | 2015 omak | 2026 | da | da 2015 | da 2015 omak | omak | washington | washington 2015 | washington 2015 omak | washington da 2015 | washington da 2015 omak | washington department of fish and wildlife | washington department of fish and wildlife 20","year":"2026","Shape_Length":71554.38074832883,"Shape_Area":109773135.50522932}},{"type":"Feature","id":114,"geometry":{"type":"Polygon","coordinates":[[[-119.5923,48.4775],[-119.6108,48.4859],[-119.6293,48.4943],[-119.6479,48.5026],[-119.6664,48.511],[-119.6849,48.5193],[-119.7035,48.5277],[-119.722,48.5361],[-119.7406,48.5444],[-119.734,48.5225],[-119.7275,48.5007],[-119.7158,48.491],[-119.7041,48.4814],[-119.6924,48.4718],[-119.6807,48.4621],[-119.669,48.4525],[-119.6573,48.4428],[-119.6456,48.4332],[-119.634,48.4236],[-119.6218,48.4356],[-119.6097,48.4476],[-119.5976,48.4596],[-119.5855,48.4715],[-119.5923,48.4775]]]},"properties":{"OBJECTID":114,"state":"Washington","agency":"Washington Department of Fish and Wildlife","unit_type":"DA","unit_id":"2016","unit_name":"Conconully","unit_label":"Washington DA 2016 - Conconully","aliases":"2016 | 2016 conconully | 2026 | conconully | da | da 2016 | da 2016 conconully | washington | washington 2016 | washington 2016 conconully | washington da 2016 | washington da 2016 conconully | washington department of fish and wildlife | washington depa","year":"2026","Shape_Length":36439.919242876866,"Shape_Area":59568958.80935333}},{"type":"Feature","id":115,"geometry":{"type":"Polygon","coordinates":[[[-119.4399,48.7045],[-119.4178,48.706],[-119.3958,48.7074],[-119.3845,48.7165],[-119.3732,48.7256],[-119.3619,48.7346],[-119.3507,48.7437],[-119.3394,48.7528],[-119.3281,48.7619],[-119.3168,48.771],[-119.3055,48.7801],[-119.2942,48.7891],[-119.2829,48.7982],[-119.2715,48.8073],[-119.2602,48.8164],[-119.2489,48.8255],[-119.2376,48.8345],[-119.2263,48.8436],[-119.2149,48.8527],[-119.2244,48.8685],[-119.2339,48.8843],[-119.2435,48.9001],[-119.253,48.916],[-119.2398,48.931],[-119.2267,48.946],[-119.2136,48.961],[-119.2004,48.976],[-119.2244,48.9881],[-119.2483,49.0001],[-119.2493,49.0001],[-119.2723,49.0001],[-119.2953,49.0001],[-119.3114,49.0001],[-119.3276,49.0001],[-119.353,49.0001],[-119.3784,49.0001],[-119.4037,49.0001],[-119.4291,49.0001],[-119.43,48.997],[-119.4333,48.9959],[-119.4311,48.9915],[-119.431,48.9914],[-119.4327,48.987],[-119.433,48.9864],[-119.433,48.9864],[-119.4333,48.9862],[-119.4234,48.9802],[-119.425,48.9781],[-119.4248,48.9764],[-119.4244,48.9763],[-119.4249,48.9755],[-119.426,48.9743],[-119.4263,48.9736],[-119.4279,48.9713],[-119.4288,48.9693],[-119.4289,48.9683],[-119.4289,48.9681],[-119.429,48.9678],[-119.4213,48.9592],[-119.4215,48.9587],[-119.4214,48.9582],[-119.4212,48.9564],[-119.4211,48.9561],[-119.4208,48.9547],[-119.4207,48.9538],[-119.4209,48.9535],[-119.4218,48.9526],[-119.4233,48.952],[-119.4263,48.9508],[-119.4275,48.9505],[-119.4312,48.8928],[-119.4311,48.8928],[-119.429,48.8731],[-119.4289,48.8731],[-119.4238,48.8457],[-119.4187,48.8182],[-119.4136,48.7907],[-119.4085,48.7633],[-119.4177,48.7491],[-119.4268,48.735],[-119.436,48.7209],[-119.4451,48.7067],[-119.4448,48.7066],[-119.4399,48.7045]]]},"properties":{"OBJECTID":115,"state":"Washington","agency":"Washington Department of Fish and Wildlife","unit_type":"DA","unit_id":"2013","unit_name":"North Okanogan","unit_label":"Washington DA 2013 - North Okanogan","aliases":"2013 | 2013 north okanogan | 2026 | da | da 2013 | da 2013 north okanogan | north okanogan | washington | washington 2013 | washington 2013 north okanogan | washington da 2013 | washington da 2013 north okanogan | washington department of fish and wildli","year":"2026","Shape_Length":91641.66295139212,"Shape_Area":376207860.1181864}},{"type":"Feature","id":116,"geometry":{"type":"Polygon","coordinates":[[[-119.4451,48.7067],[-119.446,48.7068],[-119.4525,48.7004],[-119.4749,48.699],[-119.4762,48.6983],[-119.4767,48.6979],[-119.4867,48.6883],[-119.4879,48.688],[-119.4936,48.6866],[-119.501,48.6871],[-119.5039,48.6867],[-119.5154,48.6873],[-119.5154,48.6873],[-119.5166,48.6908],[-119.5201,48.6908],[-119.5273,48.6951],[-119.5277,48.6955],[-119.5299,48.698],[-119.5513,48.6879],[-119.5727,48.6778],[-119.5941,48.6677],[-119.6155,48.6576],[-119.6017,48.6411],[-119.588,48.6246],[-119.5743,48.608],[-119.5606,48.5915],[-119.56,48.5911],[-119.5591,48.5903],[-119.5573,48.5889],[-119.553,48.5872],[-119.544,48.5842],[-119.5436,48.5825],[-119.5415,48.5797],[-119.5394,48.5784],[-119.5351,48.5761],[-119.5395,48.5692],[-119.5422,48.5662],[-119.5331,48.5503],[-119.5241,48.5344],[-119.5151,48.5184],[-119.506,48.5025],[-119.5059,48.5025],[-119.5056,48.503],[-119.5054,48.5033],[-119.5051,48.5037],[-119.4938,48.5179],[-119.4826,48.532],[-119.4713,48.5462],[-119.46,48.5604],[-119.4429,48.5643],[-119.4257,48.5682],[-119.4085,48.5721],[-119.3914,48.576],[-119.3807,48.5839],[-119.3701,48.5917],[-119.3594,48.5996],[-119.3487,48.6075],[-119.3381,48.6154],[-119.3274,48.6233],[-119.3168,48.6311],[-119.3061,48.639],[-119.3228,48.6472],[-119.3395,48.6554],[-119.3562,48.6636],[-119.373,48.6718],[-119.3897,48.68],[-119.4064,48.6882],[-119.4231,48.6964],[-119.4399,48.7045],[-119.4448,48.7066],[-119.4451,48.7067]]]},"properties":{"OBJECTID":116,"state":"Washington","agency":"Washington Department of Fish and Wildlife","unit_type":"DA","unit_id":"2014","unit_name":"Central Okanogan","unit_label":"Washington DA 2014 - Central Okanogan","aliases":"2014 | 2014 central okanogan | 2026 | central okanogan | da | da 2014 | da 2014 central okanogan | washington | washington 2014 | washington 2014 central okanogan | washington da 2014 | washington da 2014 central okanogan | washington department of fish","year":"2026","Shape_Length":70276.46952511508,"Shape_Area":251579147.55299252}},{"type":"Feature","id":117,"geometry":{"type":"Polygon","coordinates":[[[-117.6094,46.1383],[-117.6088,46.143],[-117.609,46.1431],[-117.6127,46.151],[-117.613,46.1511],[-117.6132,46.1512],[-117.6147,46.1518],[-117.6196,46.1564],[-117.6264,46.1571],[-117.628,46.158],[-117.652,46.1539],[-117.6536,46.1551],[-117.6675,46.1354],[-117.6814,46.1157],[-117.6822,46.1161],[-117.6897,46.1141],[-117.6899,46.1141],[-117.6902,46.114],[-117.6903,46.1142],[-117.6927,46.1141],[-117.693,46.1143],[-117.6979,46.1139],[-117.6988,46.1191],[-117.7016,46.1194],[-117.7018,46.12],[-117.7145,46.118],[-117.7149,46.1182],[-117.7112,46.0886],[-117.7076,46.059],[-117.704,46.0294],[-117.7004,45.9998],[-117.6839,45.9998],[-117.6792,45.9997],[-117.6613,45.9996],[-117.6434,45.9994],[-117.6419,45.9994],[-117.6322,45.9993],[-117.6314,45.9993],[-117.6127,45.999],[-117.594,45.9987],[-117.5936,45.9987],[-117.5674,45.9985],[-117.565,45.9985],[-117.5539,45.9985],[-117.5539,45.9985],[-117.5595,46.0144],[-117.565,46.0304],[-117.5646,46.0301],[-117.5639,46.0298],[-117.5633,46.0294],[-117.5628,46.0294],[-117.5626,46.0287],[-117.5619,46.0285],[-117.5614,46.0276],[-117.5609,46.0274],[-117.5608,46.0269],[-117.5588,46.0267],[-117.5598,46.0248],[-117.5588,46.0249],[-117.5587,46.0248],[-117.5578,46.0246],[-117.5575,46.0244],[-117.5563,46.0245],[-117.5572,46.0222],[-117.5536,46.0255],[-117.5543,46.0258],[-117.5549,46.0261],[-117.5553,46.0262],[-117.5548,46.0266],[-117.5546,46.0265],[-117.5526,46.0263],[-117.5526,46.0231],[-117.5517,46.0238],[-117.5505,46.0218],[-117.5491,46.0224],[-117.5488,46.022],[-117.548,46.0236],[-117.5467,46.0223],[-117.5447,46.0222],[-117.5445,46.0218],[-117.5252,46.0273],[-117.5248,46.0271],[-117.5235,46.027],[-117.5232,46.0269],[-117.5198,46.0286],[-117.5195,46.028],[-117.5188,46.0278],[-117.5183,46.0273],[-117.5179,46.0272],[-117.5177,46.027],[-117.5112,46.0295],[-117.5096,46.0277],[-117.5089,46.0276],[-117.5085,46.0273],[-117.5072,46.0271],[-117.5068,46.0268],[-117.5032,46.0282],[-117.5026,46.0277],[-117.4954,46.0338],[-117.4939,46.032],[-117.4919,46.0321],[-117.4921,46.0301],[-117.492,46.0301],[-117.4811,46.0338],[-117.4808,46.0337],[-117.4805,46.0336],[-117.4799,46.0315],[-117.4786,46.0314],[-117.4774,46.0305],[-117.4703,46.0362],[-117.4712,46.0364],[-117.4707,46.0376],[-117.4737,46.0376],[-117.4733,46.0395],[-117.4749,46.04],[-117.4753,46.0407],[-117.4758,46.0409],[-117.4764,46.042],[-117.4771,46.0421],[-117.4773,46.0447],[-117.4745,46.0412],[-117.4741,46.041],[-117.4737,46.0407],[-117.4722,46.0405],[-117.4701,46.0393],[-117.4692,46.039],[-117.4691,46.0389],[-117.4679,46.0384],[-117.4657,46.0365],[-117.4624,46.0389],[-117.4604,46.0342],[-117.4603,46.0342],[-117.4601,46.0341],[-117.4595,46.041],[-117.4593,46.0409],[-117.4591,46.0408],[-117.4584,46.0397],[-117.4554,46.0476],[-117.4552,46.0475],[-117.4549,46.0473],[-117.4547,46.0472],[-117.4532,46.0473],[-117.4544,46.0476],[-117.4543,46.0519],[-117.4544,46.0519],[-117.4549,46.0598],[-117.4566,46.0604],[-117.4515,46.0637],[-117.454,46.0646],[-117.4533,46.0706],[-117.4543,46.0709],[-117.4548,46.0713],[-117.455,46.0714],[-117.4548,46.073],[-117.4572,46.0727],[-117.4575,46.074],[-117.4591,46.074],[-117.4595,46.0764],[-117.4609,46.0765],[-117.4644,46.0843],[-117.4647,46.0844],[-117.4569,46.0972],[-117.456,46.0965],[-117.4534,46.109],[-117.455,46.1097],[-117.458,46.112],[-117.4587,46.1123],[-117.46,46.1138],[-117.4604,46.1139],[-117.4642,46.1185],[-117.4664,46.118],[-117.4674,46.119],[-117.4691,46.1189],[-117.4709,46.12],[-117.472,46.1203],[-117.4721,46.1204],[-117.475,46.1206],[-117.4761,46.1213],[-117.4772,46.1218],[-117.48,46.1244],[-117.4817,46.1242],[-117.4819,46.1243],[-117.485,46.1244],[-117.4854,46.1246],[-117.4893,46.1245],[-117.4915,46.1266],[-117.4919,46.1268],[-117.4932,46.1278],[-117.5053,46.1203],[-117.5065,46.1251],[-117.5067,46.1252],[-117.5095,46.1278],[-117.5142,46.1253],[-117.5145,46.1255],[-117.5177,46.1259],[-117.5162,46.1296],[-117.5202,46.1296],[-117.5211,46.1303],[-117.53,46.1185],[-117.5308,46.1198],[-117.5381,46.1177],[-117.5388,46.1184],[-117.5411,46.1188],[-117.5427,46.1202],[-117.5484,46.1199],[-117.549,46.1202],[-117.5747,46.1186],[-117.5752,46.1193],[-117.5767,46.1193],[-117.5777,46.12],[-117.5792,46.1206],[-117.5797,46.1209],[-117.5827,46.1219],[-117.5828,46.122],[-117.5852,46.1222],[-117.5863,46.1228],[-117.5864,46.1228],[-117.5871,46.1241],[-117.5879,46.1242],[-117.5928,46.1307],[-117.5934,46.1309],[-117.5946,46.1326],[-117.5997,46.1336],[-117.6016,46.1365],[-117.6028,46.1369],[-117.6036,46.1372],[-117.6094,46.1383]]]},"properties":{"OBJECTID":117,"state":"Washington","agency":"Washington Department of Fish and Wildlife","unit_type":"DA","unit_id":"1009","unit_name":"East Wenaha","unit_label":"Washington DA 1009 - East Wenaha","aliases":"1009 | 1009 east wenaha | 2026 | da | da 1009 | da 1009 east wenaha | east wenaha | washington | washington 1009 | washington 1009 east wenaha | washington da 1009 | washington da 1009 east wenaha | washington department of fish and wildlife | washington","year":"2026","Shape_Length":83567.38961910823,"Shape_Area":254360854.0661081}},{"type":"Feature","id":118,"geometry":{"type":"Polygon","coordinates":[[[-117.7149,46.1182],[-117.7157,46.1203],[-117.7175,46.1209],[-117.7183,46.1215],[-117.721,46.1213],[-117.7207,46.1239],[-117.7406,46.1098],[-117.7414,46.1105],[-117.7436,46.1104],[-117.7443,46.111],[-117.745,46.1112],[-117.7459,46.1118],[-117.7467,46.112],[-117.7472,46.1123],[-117.75,46.1129],[-117.7506,46.1135],[-117.7529,46.1129],[-117.7547,46.1167],[-117.7712,46.1053],[-117.7691,46.1058],[-117.7737,46.1028],[-117.7751,46.106],[-117.7816,46.1032],[-117.7827,46.1039],[-117.7862,46.0996],[-117.7992,46.0946],[-117.7994,46.0947],[-117.8069,46.0955],[-117.8074,46.096],[-117.8086,46.0963],[-117.8128,46.1004],[-117.8154,46.1004],[-117.8168,46.1021],[-117.8193,46.098],[-117.8181,46.0977],[-117.8205,46.0943],[-117.8217,46.0949],[-117.8277,46.0752],[-117.8275,46.0752],[-117.8274,46.0751],[-117.8266,46.0748],[-117.8339,46.0634],[-117.834,46.0634],[-117.8456,46.0642],[-117.8469,46.065],[-117.8482,46.0653],[-117.8496,46.0661],[-117.8505,46.0662],[-117.8501,46.0688],[-117.8565,46.0698],[-117.8579,46.0707],[-117.8642,46.0682],[-117.8721,46.0823],[-117.8755,46.082],[-117.8793,46.0846],[-117.8864,46.0803],[-117.8871,46.0813],[-117.8959,46.0728],[-117.9048,46.0643],[-117.9068,46.0658],[-117.9124,46.0653],[-117.9129,46.0659],[-117.9148,46.0627],[-117.9118,46.0513],[-117.9096,46.0509],[-117.9122,46.0338],[-117.9096,46.0335],[-117.909,46.0327],[-117.9035,46.0322],[-117.9129,46.0101],[-117.9107,46.0098],[-117.91,46.0071],[-117.9088,46.0067],[-117.9076,46.0059],[-117.9073,46.0058],[-117.9104,46.0031],[-117.9095,46.0028],[-117.9088,46.0024],[-117.9082,46.0022],[-117.9102,46.0003],[-117.9102,46.0003],[-117.9087,46.0003],[-117.8956,46.0002],[-117.8935,46.0002],[-117.8809,46.0002],[-117.8776,46.0001],[-117.8577,46.0001],[-117.8379,46.0001],[-117.8365,46.0001],[-117.8193,46.0001],[-117.802,46.0],[-117.7973,46.0],[-117.7711,45.9999],[-117.7689,45.9999],[-117.7448,45.9999],[-117.7446,45.9999],[-117.7287,45.9998],[-117.7128,45.9998],[-117.7031,45.9998],[-117.7004,45.9998],[-117.704,46.0294],[-117.7076,46.059],[-117.7112,46.0886],[-117.7149,46.1182]]]},"properties":{"OBJECTID":118,"state":"Washington","agency":"Washington Department of Fish and Wildlife","unit_type":"DA","unit_id":"1008","unit_name":"West Wenaha","unit_label":"Washington DA 1008 - West Wenaha","aliases":"1008 | 1008 west wenaha | 2026 | da | da 1008 | da 1008 west wenaha | washington | washington 1008 | washington 1008 west wenaha | washington da 1008 | washington da 1008 west wenaha | washington department of fish and wildlife | washington department of","year":"2026","Shape_Length":63801.437508433264,"Shape_Area":161103051.28418884}},{"type":"Feature","id":119,"geometry":{"type":"Polygon","coordinates":[[[-117.4077,48.5569],[-117.4284,48.5476],[-117.449,48.5382],[-117.4697,48.5289],[-117.4903,48.5195],[-117.4697,48.5086],[-117.449,48.4976],[-117.4284,48.4867],[-117.4077,48.4757],[-117.3921,48.4587],[-117.3765,48.4417],[-117.3608,48.4247],[-117.3452,48.4077],[-117.3507,48.4413],[-117.3562,48.475],[-117.3618,48.5086],[-117.3673,48.5423],[-117.3875,48.5496],[-117.4077,48.5569]]]},"properties":{"OBJECTID":119,"state":"Washington","agency":"Washington Department of Fish and Wildlife","unit_type":"DA","unit_id":"1031","unit_name":"Parker Lake","unit_label":"Washington DA 1031 - Parker Lake","aliases":"1031 | 1031 parker lake | 2026 | da | da 1031 | da 1031 parker lake | parker lake | washington | washington 1031 | washington 1031 parker lake | washington da 1031 | washington da 1031 parker lake | washington department of fish and wildlife | washington","year":"2026","Shape_Length":42401.25562633923,"Shape_Area":69443277.77951977}},{"type":"Feature","id":120,"geometry":{"type":"Polygon","coordinates":[[[-120.2393,46.3908],[-120.254,46.3994],[-120.2686,46.408],[-120.2833,46.4166],[-120.298,46.4251],[-120.3126,46.4337],[-120.3273,46.4423],[-120.342,46.4508],[-120.3567,46.4594],[-120.3714,46.468],[-120.3861,46.4765],[-120.4008,46.4851],[-120.4155,46.4937],[-120.4302,46.5022],[-120.4449,46.5108],[-120.4596,46.5193],[-120.4743,46.5279],[-120.4744,46.5278],[-120.471,46.521],[-120.471,46.5208],[-120.4609,46.5121],[-120.4509,46.5033],[-120.4409,46.4946],[-120.4309,46.4858],[-120.4267,46.4852],[-120.4143,46.4766],[-120.4018,46.4679],[-120.3987,46.467],[-120.3923,46.4637],[-120.3734,46.455],[-120.3607,46.4483],[-120.3479,46.4417],[-120.3481,46.4401],[-120.3503,46.4385],[-120.3504,46.4384],[-120.3398,46.4271],[-120.3291,46.4159],[-120.3275,46.4152],[-120.3068,46.4045],[-120.3062,46.4042],[-120.2962,46.4066],[-120.2927,46.4067],[-120.2787,46.3978],[-120.2754,46.3972],[-120.255,46.3953],[-120.2515,46.3931],[-120.2501,46.3925],[-120.2487,46.3921],[-120.2436,46.3836],[-120.2436,46.3836],[-120.2432,46.3831],[-120.2395,46.3815],[-120.2378,46.3825],[-120.2378,46.3846],[-120.2235,46.3736],[-120.2236,46.373],[-120.2236,46.3728],[-120.2201,46.3688],[-120.2146,46.3652],[-120.2141,46.3663],[-120.2139,46.3663],[-120.2137,46.3663],[-120.2117,46.3651],[-120.2108,46.3641],[-120.2223,46.354],[-120.2214,46.3518],[-120.2039,46.3404],[-120.1863,46.329],[-120.1834,46.3312],[-120.1616,46.3224],[-120.1399,46.3136],[-120.1397,46.314],[-120.1246,46.3093],[-120.1246,46.3083],[-120.1249,46.2994],[-120.1189,46.2978],[-120.1119,46.2962],[-120.1126,46.3015],[-120.0994,46.2969],[-120.097,46.2966],[-120.0926,46.2759],[-120.0927,46.2754],[-120.0984,46.266],[-120.0989,46.2661],[-120.102,46.265],[-120.1003,46.2567],[-120.0961,46.2585],[-120.0961,46.2587],[-120.0957,46.2584],[-120.0984,46.2559],[-120.1089,46.26],[-120.1067,46.2589],[-120.0944,46.2508],[-120.0821,46.2427],[-120.082,46.2427],[-120.0816,46.243],[-120.0814,46.2432],[-120.0795,46.2508],[-120.0848,46.2539],[-120.0698,46.2459],[-120.0548,46.2378],[-120.0528,46.2379],[-120.0343,46.2377],[-120.0159,46.2374],[-119.9975,46.2372],[-119.9791,46.2369],[-119.9636,46.2314],[-119.9481,46.2259],[-119.9327,46.2204],[-119.9172,46.2149],[-119.9017,46.2094],[-119.8862,46.2038],[-119.8708,46.1983],[-119.8553,46.1928],[-119.8368,46.195],[-119.8182,46.1971],[-119.7996,46.1993],[-119.7811,46.2015],[-119.7898,46.2103],[-119.7986,46.2192],[-119.8074,46.2281],[-119.8162,46.2369],[-119.8436,46.2455],[-119.871,46.254],[-119.8985,46.2625],[-119.926,46.2711],[-119.9371,46.2795],[-119.9482,46.288],[-119.9594,46.2965],[-119.9705,46.305],[-119.995,46.3093],[-120.0194,46.3137],[-120.0439,46.3181],[-120.0684,46.3224],[-120.0929,46.3268],[-120.1174,46.3311],[-120.1418,46.3355],[-120.1663,46.3398],[-120.1846,46.3526],[-120.2028,46.3653],[-120.221,46.3781],[-120.2393,46.3908]]]},"properties":{"OBJECTID":120,"state":"Washington","agency":"Washington Department of Fish and Wildlife","unit_type":"DA","unit_id":"3372","unit_name":"Sunnyside","unit_label":"Washington DA 3372 - Sunnyside","aliases":"2026 | 3372 | 3372 sunnyside | da | da 3372 | da 3372 sunnyside | sunnyside | washington | washington 3372 | washington 3372 sunnyside | washington da 3372 | washington da 3372 sunnyside | washington department of fish and wildlife | washington departmen","year":"2026","Shape_Length":147153.60780417573,"Shape_Area":217952878.0857466}},{"type":"Feature","id":121,"geometry":{"type":"Polygon","coordinates":[[[-120.7066,47.1043],[-120.714,47.1082],[-120.7084,47.1022],[-120.7052,47.1019],[-120.705,47.1018],[-120.7049,47.1018],[-120.7028,47.1011],[-120.7024,47.1009],[-120.7027,47.0997],[-120.7036,47.0983],[-120.7064,47.0957],[-120.7067,47.095],[-120.7093,47.0922],[-120.7093,47.0921],[-120.7093,47.0921],[-120.7091,47.0917],[-120.709,47.0915],[-120.7095,47.0905],[-120.7102,47.0894],[-120.7106,47.0888],[-120.7112,47.0887],[-120.7113,47.0887],[-120.7137,47.0877],[-120.715,47.0873],[-120.7168,47.0867],[-120.7172,47.0864],[-120.7173,47.0864],[-120.7181,47.0862],[-120.7193,47.0858],[-120.72,47.0855],[-120.7203,47.0853],[-120.7204,47.0853],[-120.7245,47.0829],[-120.7252,47.083],[-120.7267,47.0833],[-120.7276,47.0833],[-120.7346,47.0818],[-120.7367,47.0813],[-120.7372,47.0813],[-120.7392,47.0803],[-120.7397,47.0807],[-120.7414,47.0809],[-120.7454,47.0811],[-120.7485,47.0813],[-120.7499,47.0821],[-120.7508,47.0822],[-120.7436,47.0776],[-120.7345,47.0679],[-120.7255,47.0581],[-120.7164,47.0484],[-120.7073,47.0386],[-120.6983,47.0289],[-120.6892,47.0191],[-120.6802,47.0094],[-120.6711,46.9996],[-120.6751,46.97],[-120.6764,46.9692],[-120.6716,46.9679],[-120.6716,46.9679],[-120.6667,46.9658],[-120.6652,46.9661],[-120.6519,46.9657],[-120.6504,46.965],[-120.642,46.9662],[-120.6417,46.9662],[-120.6359,46.9656],[-120.6353,46.9656],[-120.6295,46.9657],[-120.6257,46.9652],[-120.6255,46.9652],[-120.6241,46.9651],[-120.6238,46.965],[-120.6226,46.9649],[-120.6224,46.9649],[-120.6188,46.9642],[-120.6187,46.9642],[-120.6181,46.9643],[-120.6164,46.964],[-120.6164,46.964],[-120.6156,46.9644],[-120.6146,46.9644],[-120.6123,46.9643],[-120.6123,46.9643],[-120.6115,46.9642],[-120.6108,46.964],[-120.6108,46.964],[-120.6069,46.9636],[-120.6055,46.9635],[-120.605,46.9635],[-120.604,46.9633],[-120.6033,46.9631],[-120.5993,46.963],[-120.598,46.9617],[-120.598,46.961],[-120.599,46.9592],[-120.599,46.9592],[-120.5991,46.9587],[-120.5991,46.9587],[-120.5985,46.9588],[-120.5874,46.9585],[-120.5896,46.9569],[-120.5802,46.9523],[-120.5796,46.952],[-120.5794,46.9517],[-120.5789,46.9511],[-120.5788,46.9507],[-120.5785,46.9493],[-120.5728,46.9524],[-120.5722,46.9521],[-120.57,46.9556],[-120.5489,46.9439],[-120.5278,46.9321],[-120.5269,46.9318],[-120.525,46.9318],[-120.5203,46.9287],[-120.5169,46.9261],[-120.5124,46.9251],[-120.509,46.9129],[-120.5084,46.9124],[-120.5083,46.9121],[-120.5066,46.9209],[-120.5141,46.9411],[-120.5216,46.9613],[-120.5291,46.9815],[-120.5366,47.0017],[-120.5546,47.0108],[-120.5725,47.0199],[-120.5905,47.029],[-120.6084,47.0381],[-120.6209,47.0415],[-120.6319,47.0502],[-120.6429,47.0588],[-120.654,47.0675],[-120.665,47.0762],[-120.6651,47.0762],[-120.682,47.0893],[-120.699,47.1024],[-120.6992,47.1024],[-120.6992,47.1025],[-120.6997,47.1026],[-120.6998,47.1026],[-120.7007,47.1028],[-120.7009,47.1029],[-120.7011,47.1029],[-120.7011,47.1029],[-120.7013,47.103],[-120.7015,47.103],[-120.7016,47.103],[-120.7019,47.1031],[-120.7021,47.1032],[-120.7021,47.1032],[-120.7045,47.1037],[-120.7058,47.104],[-120.7058,47.1041],[-120.7064,47.1043],[-120.7066,47.1043]]]},"properties":{"OBJECTID":121,"state":"Washington","agency":"Washington Department of Fish and Wildlife","unit_type":"DA","unit_id":"3334","unit_name":"Ellensburg","unit_label":"Washington DA 3334 - Ellensburg","aliases":"2026 | 3334 | 3334 ellensburg | da | da 3334 | da 3334 ellensburg | ellensburg | washington | washington 3334 | washington 3334 ellensburg | washington da 3334 | washington da 3334 ellensburg | washington department of fish and wildlife | washington depa","year":"2026","Shape_Length":66105.14175654585,"Shape_Area":129758842.89018388}},{"type":"Feature","id":122,"geometry":{"type":"Polygon","coordinates":[[[-120.167,47.9348],[-120.1781,47.9506],[-120.1892,47.9663],[-120.1955,47.9428],[-120.2018,47.9193],[-120.191,47.9076],[-120.1802,47.8958],[-120.1694,47.8841],[-120.1586,47.8724],[-120.1305,47.8685],[-120.1024,47.8647],[-120.0908,47.8794],[-120.0792,47.8942],[-120.0675,47.9089],[-120.0559,47.9237],[-120.0611,47.9273],[-120.0558,47.9273],[-120.0559,47.9237],[-120.0557,47.9309],[-120.0639,47.9458],[-120.0721,47.9606],[-120.0958,47.9542],[-120.1196,47.9477],[-120.1433,47.9413],[-120.167,47.9348]],[[-120.1256,47.9341],[-120.1203,47.9341],[-120.1203,47.9305],[-120.1256,47.9341]]]},"properties":{"OBJECTID":122,"state":"Washington","agency":"Washington Department of Fish and Wildlife","unit_type":"DA","unit_id":"2017","unit_name":"Lake Chelan North","unit_label":"Washington DA 2017 - Lake Chelan North","aliases":"2017 | 2017 lake chelan north | 2026 | da | da 2017 | da 2017 lake chelan north | lake chelan north | washington | washington 2017 | washington 2017 lake chelan north | washington da 2017 | washington da 2017 lake chelan north | washington department of","year":"2026","Shape_Length":41669.19803129099,"Shape_Area":75929962.30817237}},{"type":"Feature","id":123,"geometry":{"type":"MultiPolygon","coordinates":[[[[-117.707,46.3469],[-117.7178,46.3478],[-117.7215,46.3499],[-117.7496,46.349],[-117.7513,46.35],[-117.7679,46.348],[-117.7846,46.3461],[-117.8013,46.3442],[-117.818,46.3422],[-117.8347,46.3403],[-117.8514,46.3384],[-117.868,46.3364],[-117.8847,46.3345],[-117.8861,46.3355],[-117.9038,46.34],[-117.9051,46.341],[-117.9221,46.3366],[-117.9391,46.3322],[-117.9561,46.3278],[-117.973,46.3234],[-117.9855,46.3161],[-117.9979,46.3088],[-118.0103,46.3015],[-118.0228,46.2942],[-118.0271,46.2915],[-118.0183,46.2829],[-118.0095,46.2744],[-118.0046,46.2735],[-118.0036,46.2732],[-118.0035,46.2732],[-118.0025,46.2729],[-118.0011,46.2725],[-117.9916,46.2642],[-117.9914,46.2642],[-117.9904,46.2637],[-117.9782,46.2624],[-117.9707,46.2512],[-117.9632,46.24],[-117.9595,46.2394],[-117.9647,46.2162],[-117.9699,46.193],[-117.9584,46.1749],[-117.9469,46.1568],[-117.9353,46.1387],[-117.9238,46.1206],[-117.8954,46.1205],[-117.867,46.1204],[-117.8671,46.1639],[-117.8407,46.1639],[-117.8142,46.1639],[-117.8082,46.2002],[-117.8022,46.2365],[-117.7813,46.2418],[-117.7604,46.2472],[-117.7635,46.2472],[-117.7649,46.2495],[-117.7685,46.2487],[-117.7703,46.2501],[-117.7709,46.2503],[-117.7719,46.2564],[-117.7725,46.2565],[-117.7617,46.2731],[-117.7612,46.2729],[-117.7592,46.2729],[-117.7558,46.2698],[-117.7539,46.2703],[-117.7524,46.2691],[-117.752,46.269],[-117.7517,46.2689],[-117.7484,46.269],[-117.7471,46.2666],[-117.7407,46.2686],[-117.7367,46.2645],[-117.7327,46.2638],[-117.7305,46.2629],[-117.7272,46.2627],[-117.7263,46.262],[-117.7177,46.2711],[-117.7091,46.2802],[-117.7005,46.2892],[-117.6919,46.2983],[-117.6923,46.2984],[-117.7006,46.3142],[-117.7013,46.3144],[-117.707,46.3469]]],[[[-117.9955,46.0576],[-117.9885,46.0925],[-117.9815,46.1275],[-117.9871,46.1135],[-117.9872,46.1134],[-117.9991,46.0947],[-118.0109,46.076],[-118.013,46.0779],[-118.0096,46.0631],[-118.007,46.063],[-118.0067,46.0629],[-118.006,46.0628],[-118.006,46.0627],[-118.0032,46.0642],[-118.0019,46.0633],[-117.9991,46.063],[-117.9955,46.0576]]],[[[-117.9302,46.0772],[-117.9302,46.0918],[-117.9504,46.0914],[-117.9302,46.0772]]],[[[-117.9867,46.1604],[-117.9916,46.1494],[-117.99,46.1495],[-117.99,46.1354],[-117.9888,46.1353],[-117.9883,46.1351],[-117.9818,46.135],[-117.9816,46.135],[-117.9867,46.1604]]],[[[-117.9605,46.1349],[-117.9657,46.1244],[-117.9552,46.1244],[-117.9605,46.1349]]],[[[-117.7166,46.2589],[-117.726,46.2617],[-117.7242,46.2601],[-117.7198,46.2598],[-117.7182,46.2584],[-117.7166,46.2589]]],[[[-117.9346,46.1252],[-117.9346,46.1261],[-117.9355,46.1261],[-117.9346,46.1252]]],[[[-117.9393,46.1244],[-117.9393,46.1252],[-117.9396,46.1252],[-117.9393,46.1244]]]]},"properties":{"OBJECTID":123,"state":"Washington","agency":"Washington Department of Fish and Wildlife","unit_type":"DA","unit_id":"1010","unit_name":" ","unit_label":"Washington DA 1010","aliases":"1010 | 2026 | da | da 1010 | washington | washington 1010 | washington da 1010 | washington department of fish and wildlife | washington department of fish and wildlife 1010","year":"2026","Shape_Length":126569.55450345512,"Shape_Area":368919222.4942668}},{"type":"Feature","id":124,"geometry":{"type":"Polygon","coordinates":[[[-122.1843,47.9481],[-122.1913,47.9485],[-122.1916,47.949],[-122.1916,47.9492],[-122.1916,47.9493],[-122.1912,47.9508],[-122.1911,47.9511],[-122.1895,47.9534],[-122.1871,47.9572],[-122.1864,47.9604],[-122.1882,47.9691],[-122.1877,47.9712],[-122.1876,47.9718],[-122.187,47.9757],[-122.1859,47.9768],[-122.1841,47.978],[-122.1815,47.9792],[-122.1803,47.9796],[-122.1764,47.9801],[-122.1754,47.9802],[-122.1728,47.9811],[-122.1699,47.9827],[-122.1691,47.9834],[-122.1698,47.9854],[-122.1706,47.9865],[-122.1793,47.9919],[-122.1804,47.996],[-122.1899,48.0174],[-122.1963,48.0193],[-122.2034,48.0206],[-122.2148,48.0217],[-122.2358,48.022],[-122.2645,48.0218],[-122.2933,48.0216],[-122.3221,48.0214],[-122.3509,48.0212],[-122.3453,48.0067],[-122.3397,47.9922],[-122.3341,47.9777],[-122.3286,47.9633],[-122.3361,47.9454],[-122.3437,47.9276],[-122.3512,47.9098],[-122.3587,47.892],[-122.3765,47.8759],[-122.3943,47.8598],[-122.4121,47.8436],[-122.4299,47.8275],[-122.4299,47.8275],[-122.4281,47.7581],[-122.4355,47.7399],[-122.4429,47.7217],[-122.4503,47.7034],[-122.4576,47.6852],[-122.452,47.6446],[-122.4465,47.6041],[-122.4471,47.596],[-122.447,47.5401],[-122.4638,47.5226],[-122.4806,47.5051],[-122.4974,47.4876],[-122.5142,47.4701],[-122.5204,47.4523],[-122.5267,47.4344],[-122.533,47.4166],[-122.5392,47.3987],[-122.5333,47.3626],[-122.5273,47.3265],[-122.5257,47.3254],[-122.5006,47.3284],[-122.4754,47.3313],[-122.4503,47.3342],[-122.4252,47.3371],[-122.4,47.34],[-122.3749,47.3429],[-122.3497,47.3458],[-122.3246,47.3487],[-122.3243,47.3486],[-122.3217,47.3475],[-122.3204,47.3463],[-122.32,47.3461],[-122.318,47.3409],[-122.3165,47.34],[-122.3161,47.3397],[-122.316,47.3397],[-122.3159,47.3396],[-122.3156,47.3394],[-122.3155,47.3393],[-122.3152,47.3392],[-122.3148,47.3389],[-122.3146,47.3388],[-122.3133,47.3361],[-122.3121,47.3357],[-122.3132,47.3261],[-122.3132,47.3258],[-122.3134,47.3146],[-122.3134,47.3044],[-122.3134,47.3042],[-122.3134,47.3026],[-122.3178,47.2898],[-122.3147,47.2896],[-122.3029,47.2896],[-122.2903,47.2957],[-122.2777,47.3019],[-122.2517,47.3024],[-122.2256,47.303],[-122.205,47.3138],[-122.1844,47.3245],[-122.1639,47.3353],[-122.1433,47.3461],[-122.1227,47.3568],[-122.102,47.3676],[-122.0814,47.3783],[-122.0608,47.3891],[-122.0402,47.3998],[-122.0195,47.4106],[-121.9989,47.4213],[-121.9782,47.432],[-121.9576,47.4428],[-121.9369,47.4535],[-121.9162,47.4642],[-121.8956,47.475],[-121.8896,47.4917],[-121.8837,47.5085],[-121.8836,47.509],[-121.8942,47.5077],[-121.8966,47.5075],[-121.9002,47.5071],[-121.9239,47.5182],[-121.9243,47.5184],[-121.9342,47.522],[-121.9368,47.524],[-121.9368,47.524],[-121.9381,47.5258],[-121.9375,47.5268],[-121.9365,47.527],[-121.9364,47.5257],[-121.9362,47.524],[-121.9348,47.5226],[-121.9346,47.5225],[-121.9283,47.5231],[-121.9268,47.5246],[-121.9268,47.5247],[-121.91,47.5396],[-121.9099,47.5396],[-121.9077,47.5413],[-121.9076,47.5413],[-121.9064,47.5415],[-121.9062,47.5415],[-121.9046,47.5424],[-121.9046,47.5424],[-121.9039,47.544],[-121.9038,47.544],[-121.9009,47.5466],[-121.9009,47.5466],[-121.9,47.554],[-121.9,47.554],[-121.8988,47.5558],[-121.8988,47.5558],[-121.8973,47.5572],[-121.8973,47.5573],[-121.8942,47.5599],[-121.8941,47.56],[-121.8905,47.5628],[-121.8905,47.5628],[-121.8895,47.564],[-121.8893,47.5642],[-121.8892,47.5643],[-121.8889,47.5648],[-121.8887,47.565],[-121.8882,47.5661],[-121.8881,47.5664],[-121.888,47.5668],[-121.888,47.5675],[-121.8871,47.5688],[-121.8875,47.5697],[-121.8875,47.5718],[-121.8875,47.5721],[-121.8911,47.576],[-121.9001,47.585],[-121.9001,47.585],[-121.9017,47.5865],[-121.9017,47.5866],[-121.9028,47.5876],[-121.9028,47.5876],[-121.9131,47.5963],[-121.9131,47.5963],[-121.9135,47.5972],[-121.9135,47.5972],[-121.9138,47.6008],[-121.9138,47.6009],[-121.9139,47.6048],[-121.9139,47.6048],[-121.914,47.6056],[-121.914,47.6056],[-121.9128,47.6089],[-121.9113,47.6116],[-121.9102,47.6151],[-121.9097,47.6228],[-121.9099,47.6258],[-121.91,47.6261],[-121.9133,47.6314],[-121.9134,47.6314],[-121.9163,47.637],[-121.9163,47.6371],[-121.9163,47.6389],[-121.9163,47.639],[-121.9158,47.6417],[-121.9157,47.6418],[-121.9157,47.6457],[-121.9157,47.6457],[-121.9151,47.6467],[-121.915,47.6468],[-121.9118,47.6529],[-121.9117,47.653],[-121.9114,47.6551],[-121.9114,47.6553],[-121.9104,47.6587],[-121.9104,47.6589],[-121.9095,47.6623],[-121.9095,47.6624],[-121.9079,47.6672],[-121.9079,47.6673],[-121.9084,47.6719],[-121.9084,47.6719],[-121.9074,47.6779],[-121.9074,47.6779],[-121.908,47.6785],[-121.908,47.6785],[-121.9239,47.6838],[-121.9397,47.6891],[-121.9397,47.6891],[-121.9605,47.6952],[-121.9812,47.7013],[-121.9812,47.7014],[-121.984,47.7044],[-121.984,47.7044],[-121.9846,47.709],[-121.9846,47.7091],[-121.9858,47.7176],[-121.9858,47.7177],[-121.9859,47.7201],[-121.9858,47.7202],[-121.9861,47.722],[-121.9861,47.7221],[-121.9875,47.7354],[-121.9875,47.7355],[-121.9872,47.7378],[-121.9872,47.7379],[-121.9863,47.7402],[-121.9863,47.7402],[-121.9862,47.7409],[-121.9862,47.741],[-121.986,47.7417],[-121.986,47.7418],[-121.9859,47.7431],[-121.9889,47.7685],[-121.9919,47.7939],[-121.9962,47.7944],[-121.9979,47.7939],[-121.9985,47.7938],[-121.9988,47.7939],[-122.0011,47.802],[-122.0014,47.8021],[-122.0036,47.8058],[-122.0038,47.8065],[-122.0118,47.813],[-122.0144,47.8146],[-122.0294,47.8213],[-122.0445,47.828],[-122.0448,47.8282],[-122.0462,47.83],[-122.0462,47.83],[-122.0662,47.8436],[-122.0862,47.8572],[-122.0863,47.8574],[-122.0865,47.8595],[-122.077,47.8611],[-122.0768,47.8613],[-122.0767,47.8614],[-122.0766,47.8636],[-122.078,47.8664],[-122.0859,47.8728],[-122.0849,47.8774],[-122.0864,47.8833],[-122.0864,47.8835],[-122.0867,47.8844],[-122.0878,47.8861],[-122.0882,47.887],[-122.089,47.8892],[-122.0895,47.8901],[-122.0912,47.892],[-122.0917,47.8925],[-122.0918,47.8974],[-122.0932,47.9015],[-122.0928,47.9034],[-122.0916,47.9041],[-122.0901,47.9058],[-122.1049,47.9104],[-122.1197,47.9151],[-122.1217,47.918],[-122.133,47.9218],[-122.1337,47.9219],[-122.1444,47.9217],[-122.147,47.9219],[-122.15,47.9225],[-122.1501,47.9225],[-122.1571,47.9254],[-122.1596,47.9256],[-122.1702,47.9309],[-122.1702,47.9318],[-122.17,47.9325],[-122.1692,47.9347],[-122.1691,47.9349],[-122.169,47.9358],[-122.169,47.9367],[-122.1694,47.9384],[-122.1701,47.9399],[-122.1716,47.9415],[-122.1741,47.9436],[-122.1746,47.944],[-122.1833,47.9482],[-122.1843,47.9481]],[[-122.4534,47.5044],[-122.4537,47.4814],[-122.4534,47.4813],[-122.4491,47.479],[-122.4488,47.4788],[-122.4422,47.4706],[-122.4415,47.4704],[-122.4403,47.4698],[-122.4391,47.4694],[-122.4379,47.4687],[-122.4372,47.4685],[-122.4335,47.4455],[-122.4298,47.4226],[-122.4321,47.4215],[-122.4302,47.4232],[-122.4325,47.4218],[-122.4298,47.4028],[-122.4021,47.3998],[-122.4017,47.3997],[-122.3946,47.3988],[-122.393,47.3979],[-122.3922,47.3976],[-122.3915,47.3974],[-122.3891,47.3961],[-122.3869,47.3955],[-122.3821,47.3927],[-122.3811,47.3923],[-122.3793,47.3915],[-122.3789,47.3913],[-122.3748,47.3891],[-122.3739,47.3888],[-122.3969,47.3777],[-122.4199,47.3666],[-122.4429,47.3554],[-122.4659,47.3443],[-122.4662,47.3444],[-122.4694,47.3453],[-122.4694,47.3453],[-122.4703,47.3457],[-122.4625,47.3743],[-122.4618,47.3738],[-122.4617,47.3738],[-122.4559,47.3704],[-122.4432,47.38],[-122.4305,47.3896],[-122.4309,47.3897],[-122.4324,47.3916],[-122.4331,47.3917],[-122.4324,47.3918],[-122.4325,47.3918],[-122.4319,47.3958],[-122.4339,47.3919],[-122.4335,47.3919],[-122.434,47.3918],[-122.4358,47.392],[-122.4379,47.4053],[-122.4379,47.4053],[-122.4383,47.4063],[-122.4385,47.4064],[-122.4387,47.4065],[-122.4516,47.4035],[-122.4519,47.4038],[-122.4632,47.4012],[-122.4642,47.4018],[-122.4662,47.402],[-122.4667,47.4023],[-122.467,47.4024],[-122.4672,47.4025],[-122.4671,47.4017],[-122.4649,47.4013],[-122.4659,47.3907],[-122.4653,47.3906],[-122.4646,47.3899],[-122.4512,47.3946],[-122.4479,47.3901],[-122.4477,47.3901],[-122.4478,47.3898],[-122.446,47.3898],[-122.4506,47.3848],[-122.4501,47.3849],[-122.4503,47.3846],[-122.4535,47.3841],[-122.4568,47.3857],[-122.4573,47.3858],[-122.4578,47.3861],[-122.4696,47.3724],[-122.4814,47.3587],[-122.4932,47.3449],[-122.5049,47.3312],[-122.5084,47.3335],[-122.5091,47.3336],[-122.5091,47.3338],[-122.5152,47.3335],[-122.5153,47.3335],[-122.5189,47.3338],[-122.5211,47.4052],[-122.5217,47.4052],[-122.5155,47.4185],[-122.5092,47.4317],[-122.503,47.4449],[-122.4967,47.4581],[-122.4904,47.4713],[-122.4842,47.4845],[-122.4779,47.4977],[-122.4716,47.5109],[-122.4705,47.5107],[-122.4706,47.5105],[-122.4676,47.5099],[-122.4668,47.5094],[-122.4639,47.5087],[-122.4624,47.5078],[-122.4612,47.5074],[-122.4609,47.5073],[-122.4595,47.5068],[-122.4589,47.5065],[-122.4584,47.5063],[-122.458,47.5062],[-122.4565,47.5058],[-122.4558,47.5054],[-122.4554,47.5052],[-122.4547,47.5049],[-122.4534,47.5044]]]},"properties":{"OBJECTID":124,"state":"Washington","agency":"Washington Department of Fish and Wildlife","unit_type":"DA","unit_id":"4541","unit_name":"North Issaquah","unit_label":"Washington DA 4541 - North Issaquah","aliases":"2026 | 4541 | 4541 north issaquah | da | da 4541 | da 4541 north issaquah | north issaquah | washington | washington 4541 | washington 4541 north issaquah | washington da 4541 | washington da 4541 north issaquah | washington department of fish and wildli","year":"2026","Shape_Length":308853.33253327373,"Shape_Area":2386615515.9555025}},{"type":"Feature","id":125,"geometry":{"type":"MultiPolygon","coordinates":[[[[-119.5402,45.9396],[-119.5612,45.9385],[-119.5821,45.9373],[-119.5865,45.9343],[-119.5696,45.9368],[-119.5422,45.9313],[-119.5148,45.9257],[-119.4961,45.9204],[-119.4774,45.915],[-119.4931,45.9212],[-119.5088,45.9273],[-119.5245,45.9335],[-119.5402,45.9396]]],[[[-119.5696,45.9345],[-119.5713,45.9364],[-119.579,45.9347],[-119.5696,45.9345]]],[[[-119.5154,45.9243],[-119.515,45.9252],[-119.5163,45.9255],[-119.5154,45.9243]]]]},"properties":{"OBJECTID":125,"state":"Washington","agency":"Washington Department of Fish and Wildlife","unit_type":"DA","unit_id":"3072","unit_name":"Paterson","unit_label":"Washington DA 3072 - Paterson","aliases":"2026 | 3072 | 3072 paterson | da | da 3072 | da 3072 paterson | paterson | washington | washington 3072 | washington 3072 paterson | washington da 3072 | washington da 3072 paterson | washington department of fish and wildlife | washington department of","year":"2026","Shape_Length":20234.667506262373,"Shape_Area":3590111.8969151857}},{"type":"Feature","id":126,"geometry":{"type":"Polygon","coordinates":[[[-122.3509,45.9587],[-122.3749,45.9474],[-122.3988,45.9362],[-122.4227,45.925],[-122.4466,45.9138],[-122.4389,45.904],[-122.4312,45.8942],[-122.4235,45.8845],[-122.4159,45.8747],[-122.4082,45.8649],[-122.4005,45.8552],[-122.3928,45.8454],[-122.3852,45.8357],[-122.4105,45.8329],[-122.4358,45.8301],[-122.4611,45.8274],[-122.4863,45.8246],[-122.4626,45.8138],[-122.439,45.8031],[-122.4153,45.7923],[-122.3916,45.7815],[-122.3849,45.7685],[-122.3782,45.7555],[-122.3714,45.7425],[-122.3647,45.7294],[-122.3874,45.7262],[-122.41,45.7229],[-122.4327,45.7196],[-122.4553,45.7163],[-122.4502,45.7028],[-122.445,45.6894],[-122.4398,45.6759],[-122.4346,45.6625],[-122.4125,45.6607],[-122.3904,45.6589],[-122.3682,45.6571],[-122.3461,45.6553],[-122.3611,45.6421],[-122.376,45.629],[-122.3589,45.6315],[-122.3417,45.6341],[-122.3245,45.6366],[-122.3073,45.6391],[-122.2901,45.6416],[-122.273,45.6441],[-122.2558,45.6467],[-122.2386,45.6492],[-122.2263,45.63],[-122.2141,45.6108],[-122.2018,45.5916],[-122.1896,45.5724],[-122.1711,45.5771],[-122.1526,45.5818],[-122.1341,45.5866],[-122.1157,45.5913],[-122.0972,45.596],[-122.0787,45.6007],[-122.0602,45.6054],[-122.0417,45.6101],[-122.0133,45.6162],[-121.9849,45.6222],[-121.9702,45.6311],[-121.9555,45.64],[-121.9407,45.6489],[-121.926,45.6578],[-121.9113,45.6667],[-121.8965,45.6756],[-121.8818,45.6845],[-121.867,45.6934],[-121.849,45.696],[-121.8309,45.6987],[-121.8128,45.7013],[-121.7947,45.704],[-121.7876,45.7219],[-121.8027,45.7327],[-121.8179,45.7435],[-121.8331,45.7543],[-121.8482,45.7651],[-121.8634,45.776],[-121.8786,45.7868],[-121.8938,45.7976],[-121.909,45.8084],[-121.9253,45.8039],[-121.9415,45.7994],[-121.9578,45.7948],[-121.974,45.7903],[-122.0007,45.795],[-122.0273,45.7997],[-122.0539,45.8044],[-122.0805,45.8091],[-122.0984,45.8065],[-122.1162,45.804],[-122.1341,45.8014],[-122.1519,45.7988],[-122.1698,45.7963],[-122.1876,45.7937],[-122.2055,45.7911],[-122.2233,45.7886],[-122.2331,45.8063],[-122.2429,45.824],[-122.2527,45.8417],[-122.2625,45.8594],[-122.2429,45.865],[-122.2233,45.8707],[-122.2036,45.8763],[-122.184,45.8819],[-122.1958,45.8943],[-122.2076,45.9067],[-122.2194,45.919],[-122.2312,45.9314],[-122.2525,45.9336],[-122.2738,45.9359],[-122.2951,45.9381],[-122.3164,45.9403],[-122.3165,45.9402],[-122.3165,45.9401],[-122.3166,45.9401],[-122.3167,45.9402],[-122.3168,45.9401],[-122.317,45.9401],[-122.3171,45.9401],[-122.3172,45.9401],[-122.3178,45.9399],[-122.3179,45.9399],[-122.3184,45.9397],[-122.3185,45.9396],[-122.3198,45.9393],[-122.3199,45.9393],[-122.3201,45.9392],[-122.3205,45.9392],[-122.3206,45.9393],[-122.3209,45.9393],[-122.321,45.9393],[-122.3216,45.9397],[-122.3219,45.9398],[-122.3222,45.9401],[-122.3225,45.9404],[-122.3226,45.9405],[-122.3236,45.9408],[-122.3237,45.9408],[-122.3239,45.9408],[-122.3249,45.9404],[-122.3252,45.9402],[-122.3255,45.94],[-122.3256,45.94],[-122.3257,45.94],[-122.3259,45.9401],[-122.3261,45.9402],[-122.3262,45.9403],[-122.3263,45.9406],[-122.3265,45.9409],[-122.3265,45.9409],[-122.3267,45.941],[-122.3274,45.9412],[-122.3275,45.9412],[-122.3279,45.9412],[-122.3279,45.9412],[-122.3281,45.9413],[-122.3285,45.9414],[-122.3286,45.9414],[-122.3289,45.9416],[-122.329,45.9416],[-122.3291,45.9418],[-122.3291,45.9418],[-122.3291,45.9419],[-122.3291,45.9422],[-122.3293,45.9426],[-122.3299,45.9427],[-122.3304,45.9427],[-122.3304,45.9427],[-122.3311,45.9426],[-122.3316,45.9426],[-122.3321,45.9425],[-122.3324,45.9424],[-122.3326,45.9423],[-122.3327,45.9423],[-122.3329,45.9424],[-122.3331,45.9423],[-122.3331,45.9422],[-122.3335,45.9422],[-122.3336,45.9422],[-122.3341,45.9422],[-122.3341,45.9422],[-122.3347,45.9423],[-122.3356,45.9428],[-122.336,45.9429],[-122.3365,45.9429],[-122.3373,45.943],[-122.3381,45.9432],[-122.3389,45.9433],[-122.3395,45.9435],[-122.3397,45.9435],[-122.3404,45.9435],[-122.3406,45.9435],[-122.341,45.9433],[-122.3411,45.9432],[-122.3414,45.9432],[-122.3509,45.9587]]]},"properties":{"OBJECTID":126,"state":"Washington","agency":"Washington Department of Fish and Game","unit_type":"GMU","unit_id":"568","unit_name":"Washougal","unit_label":"Washington GMU 568 - Washougal","aliases":"2025 | 568 | 568 washougal | game management unit | game management unit 568 | game management unit 568 washougal | gmu | gmu 568 | gmu 568 washougal | hunt unit | hunt unit 568 | hunt unit 568 washougal | hunting unit | hunting unit 568 | hunting unit 5","year":"2025","Shape_Length":194287.74310586147,"Shape_Area":1084297715.712215}},{"type":"Feature","id":127,"geometry":{"type":"Polygon","coordinates":[[[-121.526,45.9962],[-121.5469,45.9878],[-121.5678,45.9795],[-121.5886,45.9711],[-121.6095,45.9627],[-121.6356,45.9663],[-121.6617,45.9698],[-121.6837,45.9613],[-121.7058,45.9528],[-121.7278,45.9443],[-121.7499,45.9357],[-121.7719,45.9272],[-121.7939,45.9187],[-121.816,45.9101],[-121.838,45.9016],[-121.8332,45.8829],[-121.8285,45.8641],[-121.8486,45.8502],[-121.8687,45.8363],[-121.8889,45.8224],[-121.909,45.8084],[-121.8938,45.7976],[-121.8786,45.7868],[-121.8634,45.776],[-121.8482,45.7651],[-121.8331,45.7543],[-121.8179,45.7435],[-121.8027,45.7327],[-121.7876,45.7219],[-121.7947,45.704],[-121.7649,45.699],[-121.7351,45.694],[-121.7085,45.6979],[-121.6819,45.7017],[-121.6554,45.7056],[-121.6288,45.7094],[-121.6022,45.7132],[-121.5756,45.7171],[-121.549,45.7209],[-121.5224,45.7247],[-121.5307,45.7456],[-121.5389,45.7665],[-121.5262,45.7799],[-121.5136,45.7934],[-121.501,45.8068],[-121.4883,45.8202],[-121.4966,45.8354],[-121.5048,45.8506],[-121.5131,45.8658],[-121.5214,45.881],[-121.5135,45.9008],[-121.5056,45.9205],[-121.4977,45.9403],[-121.4899,45.96],[-121.4989,45.9691],[-121.5079,45.9781],[-121.517,45.9872],[-121.526,45.9962]]]},"properties":{"OBJECTID":127,"state":"Washington","agency":"Washington Department of Fish and Game","unit_type":"GMU","unit_id":"574","unit_name":"Wind River","unit_label":"Washington GMU 574 - Wind River","aliases":"2025 | 574 | 574 wind river | game management unit | game management unit 574 | game management unit 574 wind river | gmu | gmu 574 | gmu 574 wind river | hunt unit | hunt unit 574 | hunt unit 574 wind river | hunting unit | hunting unit 574 | hunting un","year":"2025","Shape_Length":110708.55658560072,"Shape_Area":711362013.618411}},{"type":"Feature","id":128,"geometry":{"type":"Polygon","coordinates":[[[-122.3509,45.9587],[-122.3406,45.9793],[-122.3303,45.9999],[-122.3199,46.0205],[-122.3096,46.0411],[-122.3105,46.0421],[-122.3262,46.0259],[-122.3418,46.0096],[-122.3421,46.0096],[-122.3427,46.0094],[-122.3429,46.0093],[-122.343,46.0092],[-122.3432,46.0091],[-122.3435,46.0089],[-122.344,46.0086],[-122.3442,46.0085],[-122.3457,46.0075],[-122.3459,46.0074],[-122.3461,46.0072],[-122.3528,46.0024],[-122.353,46.0023],[-122.353,46.0022],[-122.3557,46.0001],[-122.3559,45.9999],[-122.356,45.9998],[-122.3566,45.9994],[-122.3568,45.9993],[-122.3569,45.9992],[-122.357,45.9992],[-122.3577,45.9989],[-122.3578,45.9989],[-122.3579,45.9988],[-122.359,45.9985],[-122.359,45.9985],[-122.3591,45.9985],[-122.3609,45.9981],[-122.3612,45.998],[-122.3614,45.9979],[-122.3646,45.9972],[-122.3649,45.9971],[-122.3651,45.997],[-122.3654,45.997],[-122.3681,45.9964],[-122.3683,45.9964],[-122.3685,45.9964],[-122.3726,45.9958],[-122.3728,45.9958],[-122.3729,45.9958],[-122.3747,45.9955],[-122.3749,45.9954],[-122.3751,45.9954],[-122.3767,45.9953],[-122.3769,45.9953],[-122.3771,45.9953],[-122.3816,45.9954],[-122.3819,45.9954],[-122.382,45.9954],[-122.388,45.9952],[-122.3883,45.9952],[-122.3885,45.9952],[-122.3914,45.9953],[-122.3918,45.9953],[-122.3918,45.9953],[-122.392,45.9953],[-122.3958,45.9955],[-122.3959,45.9955],[-122.396,45.9955],[-122.398,45.9959],[-122.3983,45.9959],[-122.3984,45.996],[-122.4004,45.9964],[-122.4006,45.9964],[-122.4019,45.9961],[-122.4023,45.996],[-122.4023,45.996],[-122.4027,45.9959],[-122.4039,45.9957],[-122.4045,45.9956],[-122.4059,45.9956],[-122.4063,45.9956],[-122.4066,45.9956],[-122.4079,45.9956],[-122.4081,45.9956],[-122.4088,45.9955],[-122.4091,45.9954],[-122.4094,45.9953],[-122.4105,45.9949],[-122.4108,45.9948],[-122.4112,45.9946],[-122.4127,45.994],[-122.413,45.9938],[-122.413,45.9938],[-122.4134,45.9937],[-122.4154,45.9929],[-122.4155,45.9928],[-122.4156,45.9928],[-122.4168,45.9921],[-122.4171,45.992],[-122.4182,45.9907],[-122.4183,45.9906],[-122.4185,45.9904],[-122.4193,45.9893],[-122.4194,45.9892],[-122.4195,45.9891],[-122.42,45.9876],[-122.4201,45.9875],[-122.4201,45.9874],[-122.4201,45.9873],[-122.4202,45.987],[-122.4203,45.9868],[-122.4208,45.9863],[-122.4209,45.9862],[-122.421,45.986],[-122.4211,45.986],[-122.4212,45.9856],[-122.4213,45.9853],[-122.4214,45.9851],[-122.4214,45.9851],[-122.4215,45.985],[-122.4215,45.9849],[-122.4222,45.9839],[-122.4225,45.9836],[-122.4229,45.9833],[-122.4229,45.9833],[-122.4233,45.9831],[-122.424,45.9831],[-122.4242,45.9832],[-122.4245,45.9833],[-122.4249,45.9835],[-122.425,45.9835],[-122.4251,45.9836],[-122.4253,45.9838],[-122.4256,45.9845],[-122.4257,45.9846],[-122.4258,45.9847],[-122.426,45.985],[-122.4261,45.985],[-122.4262,45.985],[-122.4271,45.9851],[-122.4275,45.985],[-122.4279,45.9848],[-122.4281,45.9848],[-122.4281,45.9848],[-122.4297,45.9843],[-122.4302,45.9841],[-122.4308,45.9841],[-122.4311,45.9841],[-122.4311,45.9841],[-122.4317,45.9842],[-122.4323,45.9845],[-122.4325,45.9845],[-122.4332,45.9846],[-122.4339,45.9848],[-122.4343,45.985],[-122.435,45.9854],[-122.4357,45.9857],[-122.4357,45.9858],[-122.4364,45.9862],[-122.4368,45.9862],[-122.4377,45.9863],[-122.4382,45.9864],[-122.4387,45.9866],[-122.4392,45.9868],[-122.4393,45.987],[-122.4394,45.9872],[-122.4396,45.9874],[-122.4396,45.9876],[-122.4396,45.9879],[-122.4396,45.9881],[-122.4398,45.9883],[-122.44,45.9886],[-122.4402,45.9889],[-122.4405,45.9891],[-122.4408,45.9892],[-122.441,45.9893],[-122.4416,45.9895],[-122.4419,45.9896],[-122.4427,45.9898],[-122.4431,45.9899],[-122.4435,45.9901],[-122.4442,45.9905],[-122.4444,45.9906],[-122.4448,45.9907],[-122.4451,45.9907],[-122.4456,45.9906],[-122.4462,45.9906],[-122.4466,45.9906],[-122.4471,45.9906],[-122.4472,45.9906],[-122.4478,45.9906],[-122.4481,45.9907],[-122.4484,45.9907],[-122.4488,45.9907],[-122.4491,45.9908],[-122.4496,45.991],[-122.4498,45.9911],[-122.4501,45.9911],[-122.4505,45.9912],[-122.4511,45.9912],[-122.4522,45.9912],[-122.4524,45.9912],[-122.4526,45.9913],[-122.4529,45.9913],[-122.4534,45.9915],[-122.4536,45.9916],[-122.4539,45.9916],[-122.4545,45.9918],[-122.4547,45.9919],[-122.4549,45.992],[-122.455,45.992],[-122.4553,45.9922],[-122.4729,45.9924],[-122.4905,45.9927],[-122.5082,45.9929],[-122.5258,45.9932],[-122.5342,45.983],[-122.5426,45.9728],[-122.551,45.9627],[-122.5593,45.9525],[-122.5452,45.9477],[-122.5311,45.9428],[-122.5171,45.938],[-122.503,45.9331],[-122.4889,45.9283],[-122.4748,45.9235],[-122.4607,45.9186],[-122.4466,45.9138],[-122.4227,45.925],[-122.3988,45.9362],[-122.3749,45.9474],[-122.3509,45.9587]]]},"properties":{"OBJECTID":128,"state":"Washington","agency":"Washington Department of Fish and Game","unit_type":"GMU","unit_id":"554","unit_name":"Yale","unit_label":"Washington GMU 554 - Yale","aliases":"2025 | 554 | 554 yale | game management unit | game management unit 554 | game management unit 554 yale | gmu | gmu 554 | gmu 554 yale | hunt unit | hunt unit 554 | hunt unit 554 yale | hunting unit | hunting unit 554 | hunting unit 554 yale | unit | uni","year":"2025","Shape_Length":54165.76030629152,"Shape_Area":106925924.40808837}},{"type":"Feature","id":129,"geometry":{"type":"Polygon","coordinates":[[[-119.9291,45.8268],[-119.9193,45.8504],[-119.9094,45.874],[-119.9089,46.01],[-119.9285,46.0108],[-119.9481,46.0116],[-119.9572,46.0207],[-119.9662,46.0298],[-119.9753,46.0389],[-119.9844,46.048],[-119.9934,46.0572],[-120.0025,46.0663],[-120.0115,46.0754],[-120.0206,46.0845],[-120.0388,46.0846],[-120.057,46.0847],[-120.0752,46.0847],[-120.0934,46.0848],[-120.1064,46.0776],[-120.1194,46.0704],[-120.1324,46.0632],[-120.1453,46.0559],[-120.1666,46.0547],[-120.1879,46.0535],[-120.2092,46.0522],[-120.2305,46.051],[-120.2518,46.0498],[-120.2731,46.0485],[-120.2944,46.0473],[-120.3157,46.046],[-120.3405,46.0384],[-120.3654,46.0308],[-120.3903,46.0232],[-120.4151,46.0156],[-120.44,46.008],[-120.4648,46.0004],[-120.4897,45.9927],[-120.5145,45.9851],[-120.5319,45.9851],[-120.5492,45.9852],[-120.5665,45.9852],[-120.5839,45.9852],[-120.6012,45.9852],[-120.6186,45.9853],[-120.6359,45.9853],[-120.6532,45.9853],[-120.6605,45.9747],[-120.6677,45.9642],[-120.675,45.9536],[-120.6822,45.9431],[-120.6894,45.9325],[-120.6967,45.9219],[-120.7039,45.9114],[-120.7111,45.9008],[-120.7314,45.8877],[-120.7516,45.8746],[-120.7718,45.8615],[-120.792,45.8484],[-120.7996,45.8334],[-120.8071,45.8185],[-120.8147,45.8035],[-120.8222,45.7885],[-120.8171,45.7688],[-120.812,45.7492],[-120.8069,45.7295],[-120.8018,45.7098],[-120.8188,45.6929],[-120.8358,45.676],[-120.8176,45.681],[-120.7993,45.686],[-120.781,45.6909],[-120.7627,45.6959],[-120.7444,45.7009],[-120.7261,45.7058],[-120.7078,45.7108],[-120.6895,45.7157],[-120.6759,45.7232],[-120.6623,45.7307],[-120.6487,45.7382],[-120.6351,45.7457],[-120.6161,45.7439],[-120.5972,45.742],[-120.5782,45.7402],[-120.5593,45.7383],[-120.5459,45.7287],[-120.5325,45.7191],[-120.5191,45.7095],[-120.5057,45.6999],[-120.4802,45.6998],[-120.4547,45.6997],[-120.4292,45.6996],[-120.4037,45.6994],[-120.3796,45.7028],[-120.3555,45.7061],[-120.3313,45.7094],[-120.3072,45.7127],[-120.2831,45.716],[-120.259,45.7193],[-120.2349,45.7226],[-120.2108,45.7259],[-120.2084,45.7281],[-120.1989,45.7366],[-120.1895,45.745],[-120.18,45.7535],[-120.1706,45.762],[-120.145,45.7698],[-120.1194,45.7776],[-120.0938,45.7854],[-120.0682,45.7932],[-120.0426,45.801],[-120.017,45.8088],[-119.9914,45.8166],[-119.9658,45.8244],[-119.9474,45.8256],[-119.9291,45.8268]]]},"properties":{"OBJECTID":129,"state":"Washington","agency":"Washington Department of Fish and Game","unit_type":"GMU","unit_id":"382","unit_name":"East Klickitat","unit_label":"Washington GMU 382 - East Klickitat","aliases":"2025 | 382 | 382 east klickitat | east klickitat | game management unit | game management unit 382 | game management unit 382 east klickitat | gmu | gmu 382 | gmu 382 east klickitat | hunt unit | hunt unit 382 | hunt unit 382 east klickitat | hunting uni","year":"2025","Shape_Length":202730.1853374143,"Shape_Area":2079919718.190166}},{"type":"Feature","id":130,"geometry":{"type":"Polygon","coordinates":[[[-117.9148,46.0627],[-117.9148,46.0627],[-117.9347,46.0614],[-117.9547,46.0601],[-117.9747,46.0588],[-117.9946,46.0575],[-118.0074,46.0433],[-118.0201,46.0291],[-118.0329,46.0148],[-118.0456,46.0006],[-118.0456,46.0006],[-118.0154,46.0005],[-117.9852,46.0005],[-117.955,46.0004],[-117.9248,46.0004],[-117.9102,46.0003],[-117.9102,46.0003],[-117.9082,46.0022],[-117.9088,46.0024],[-117.9095,46.0028],[-117.9104,46.0031],[-117.9073,46.0058],[-117.9076,46.0059],[-117.9088,46.0067],[-117.91,46.0071],[-117.9107,46.0098],[-117.9129,46.0101],[-117.9035,46.0322],[-117.909,46.0327],[-117.9096,46.0335],[-117.9122,46.0338],[-117.9096,46.0509],[-117.9118,46.0513],[-117.9148,46.0627]]]},"properties":{"OBJECTID":130,"state":"Washington","agency":"Washington Department of Fish and Game","unit_type":"GMU","unit_id":"157","unit_name":"Mill Creek Watershed","unit_label":"Washington GMU 157 - Mill Creek Watershed","aliases":"157 | 157 mill creek watershed | 2025 | game management unit | game management unit 157 | game management unit 157 mill creek watershed | gmu | gmu 157 | gmu 157 mill creek watershed | hunt unit | hunt unit 157 | hunt unit 157 mill creek watershed | hunt","year":"2025","Shape_Length":32417.28053767131,"Shape_Area":56051540.44748771}},{"type":"Feature","id":131,"geometry":{"type":"Polygon","coordinates":[[[-121.7714,46.0976],[-121.7869,46.0879],[-121.8025,46.0782],[-121.8181,46.0684],[-121.8336,46.0587],[-121.8492,46.049],[-121.8647,46.0393],[-121.8802,46.0295],[-121.8958,46.0198],[-121.9114,46.0256],[-121.927,46.0314],[-121.9427,46.0371],[-121.9583,46.0429],[-121.974,46.0486],[-121.9896,46.0544],[-122.0053,46.0601],[-122.0209,46.0659],[-122.0323,46.0586],[-122.0437,46.0513],[-122.0617,46.0538],[-122.0797,46.0562],[-122.0977,46.0586],[-122.1157,46.061],[-122.1337,46.0635],[-122.1517,46.0659],[-122.1697,46.0683],[-122.1878,46.0707],[-122.203,46.067],[-122.2182,46.0633],[-122.2334,46.0596],[-122.2487,46.0559],[-122.2639,46.0522],[-122.2791,46.0485],[-122.2943,46.0448],[-122.3096,46.0411],[-122.3199,46.0205],[-122.3303,45.9999],[-122.3406,45.9793],[-122.3509,45.9587],[-122.3414,45.9432],[-122.3411,45.9432],[-122.341,45.9433],[-122.3406,45.9435],[-122.3395,45.9435],[-122.3381,45.9432],[-122.3373,45.943],[-122.3365,45.9429],[-122.3356,45.9428],[-122.3347,45.9423],[-122.3341,45.9422],[-122.3341,45.9422],[-122.3335,45.9422],[-122.3331,45.9423],[-122.3327,45.9423],[-122.3324,45.9424],[-122.3304,45.9427],[-122.3299,45.9427],[-122.3293,45.9426],[-122.3291,45.9422],[-122.3291,45.9419],[-122.3291,45.9418],[-122.3291,45.9418],[-122.3289,45.9416],[-122.3286,45.9414],[-122.3285,45.9414],[-122.3279,45.9412],[-122.3279,45.9412],[-122.3274,45.9412],[-122.3267,45.941],[-122.3265,45.9409],[-122.3265,45.9409],[-122.3263,45.9406],[-122.3262,45.9403],[-122.3261,45.9402],[-122.3256,45.94],[-122.3255,45.94],[-122.3252,45.9402],[-122.3249,45.9404],[-122.3239,45.9408],[-122.3236,45.9408],[-122.3226,45.9405],[-122.3225,45.9404],[-122.3222,45.9401],[-122.3219,45.9398],[-122.3216,45.9397],[-122.321,45.9393],[-122.3209,45.9393],[-122.3206,45.9393],[-122.3205,45.9392],[-122.3201,45.9392],[-122.3199,45.9393],[-122.3198,45.9393],[-122.3185,45.9396],[-122.3184,45.9397],[-122.3179,45.9399],[-122.3178,45.9399],[-122.3172,45.9401],[-122.3171,45.9401],[-122.3167,45.9402],[-122.3166,45.9401],[-122.3165,45.9401],[-122.3165,45.9402],[-122.3164,45.9403],[-122.2951,45.9381],[-122.2738,45.9359],[-122.2525,45.9336],[-122.2312,45.9314],[-122.2194,45.919],[-122.2076,45.9067],[-122.1958,45.8943],[-122.184,45.8819],[-122.2036,45.8763],[-122.2233,45.8707],[-122.2429,45.865],[-122.2625,45.8594],[-122.2527,45.8417],[-122.2429,45.824],[-122.2331,45.8063],[-122.2233,45.7886],[-122.2055,45.7911],[-122.1876,45.7937],[-122.1698,45.7963],[-122.1519,45.7988],[-122.1341,45.8014],[-122.1162,45.804],[-122.0984,45.8065],[-122.0805,45.8091],[-122.0539,45.8044],[-122.0273,45.7997],[-122.0007,45.795],[-121.974,45.7903],[-121.9578,45.7948],[-121.9415,45.7994],[-121.9253,45.8039],[-121.909,45.8084],[-121.8889,45.8224],[-121.8687,45.8363],[-121.8486,45.8502],[-121.8285,45.8641],[-121.8332,45.8829],[-121.838,45.9016],[-121.816,45.9101],[-121.7939,45.9187],[-121.7719,45.9272],[-121.7499,45.9357],[-121.7278,45.9443],[-121.7058,45.9528],[-121.6837,45.9613],[-121.6617,45.9698],[-121.6646,45.9952],[-121.6675,46.0206],[-121.6895,46.0275],[-121.7115,46.0344],[-121.7335,46.0412],[-121.7555,46.0481],[-121.7634,46.0728],[-121.7714,46.0976]]]},"properties":{"OBJECTID":131,"state":"Washington","agency":"Washington Department of Fish and Game","unit_type":"GMU","unit_id":"572","unit_name":"Siouxon","unit_label":"Washington GMU 572 - Siouxon","aliases":"2025 | 572 | 572 siouxon | game management unit | game management unit 572 | game management unit 572 siouxon | gmu | gmu 572 | gmu 572 siouxon | hunt unit | hunt unit 572 | hunt unit 572 siouxon | hunting unit | hunting unit 572 | hunting unit 572 sioux","year":"2025","Shape_Length":162603.06904382556,"Shape_Area":1110179547.7876592}},{"type":"Feature","id":132,"geometry":{"type":"Polygon","coordinates":[[[-121.0796,45.9913],[-121.0925,45.9994],[-121.1055,46.0076],[-121.1185,46.0158],[-121.1315,46.024],[-121.1445,46.0321],[-121.1575,46.0403],[-121.1705,46.0485],[-121.1835,46.0567],[-121.1965,46.0648],[-121.2095,46.073],[-121.2225,46.0812],[-121.2355,46.0894],[-121.2485,46.0975],[-121.2615,46.1057],[-121.2745,46.1139],[-121.2875,46.122],[-121.2749,46.1023],[-121.2622,46.0825],[-121.2495,46.0628],[-121.2369,46.043],[-121.2095,46.0428],[-121.1822,46.0426],[-121.1719,46.0331],[-121.1617,46.0236],[-121.1514,46.0141],[-121.1412,46.0046],[-121.131,45.995],[-121.1207,45.9855],[-121.1105,45.976],[-121.1003,45.9665],[-121.1073,45.9306],[-121.1142,45.8948],[-121.1017,45.8805],[-121.0892,45.8663],[-121.0767,45.8521],[-121.0641,45.8379],[-121.082,45.8323],[-121.1,45.8266],[-121.1179,45.821],[-121.1358,45.8154],[-121.1537,45.8097],[-121.1716,45.8041],[-121.1895,45.7984],[-121.2073,45.7928],[-121.208,45.7533],[-121.2189,45.7455],[-121.2299,45.7377],[-121.2408,45.73],[-121.2518,45.7222],[-121.2627,45.7144],[-121.2737,45.7067],[-121.2846,45.6989],[-121.2955,45.6911],[-121.2756,45.6862],[-121.2556,45.6812],[-121.2357,45.6762],[-121.2158,45.6712],[-121.2077,45.655],[-121.1997,45.6388],[-121.1917,45.6226],[-121.1837,45.6064],[-121.1673,45.6099],[-121.151,45.6133],[-121.1346,45.6167],[-121.1183,45.6201],[-121.1188,45.6209],[-121.1018,45.6344],[-121.0849,45.6479],[-121.0673,45.649],[-121.0497,45.6501],[-121.0321,45.6511],[-121.0144,45.6522],[-120.9968,45.6532],[-120.9792,45.6543],[-120.9616,45.6553],[-120.944,45.6564],[-120.9199,45.6497],[-120.8958,45.6429],[-120.8808,45.6512],[-120.8658,45.6595],[-120.8508,45.6678],[-120.8358,45.676],[-120.8188,45.6929],[-120.8018,45.7098],[-120.8069,45.7295],[-120.812,45.7492],[-120.8171,45.7688],[-120.8222,45.7885],[-120.8147,45.8035],[-120.8071,45.8185],[-120.7996,45.8334],[-120.792,45.8484],[-120.7718,45.8615],[-120.7516,45.8746],[-120.7314,45.8877],[-120.7111,45.9008],[-120.7039,45.9114],[-120.6967,45.9219],[-120.6894,45.9325],[-120.6822,45.9431],[-120.675,45.9536],[-120.6677,45.9642],[-120.6605,45.9747],[-120.6532,45.9853],[-120.6816,45.9895],[-120.7099,45.9937],[-120.7383,45.9979],[-120.7666,46.0021],[-120.795,46.0062],[-120.8233,46.0104],[-120.8517,46.0146],[-120.8801,46.0188],[-120.8917,46.0113],[-120.9033,46.0039],[-120.9253,46.0023],[-120.9473,46.0008],[-120.9694,45.9992],[-120.9914,45.9976],[-121.0135,45.996],[-121.0355,45.9944],[-121.0575,45.9928],[-121.0796,45.9913]]]},"properties":{"OBJECTID":132,"state":"Washington","agency":"Washington Department of Fish and Game","unit_type":"GMU","unit_id":"388","unit_name":"Grayback","unit_label":"Washington GMU 388 - Grayback","aliases":"2025 | 388 | 388 grayback | game management unit | game management unit 388 | game management unit 388 grayback | gmu | gmu 388 | gmu 388 grayback | grayback | hunt unit | hunt unit 388 | hunt unit 388 grayback | hunting unit | hunting unit 388 | hunting","year":"2025","Shape_Length":206199.336273482,"Shape_Area":1253104652.1275325}},{"type":"Feature","id":133,"geometry":{"type":"Polygon","coordinates":[[[-117.2793,45.9983],[-117.2568,45.9983],[-117.2342,45.9984],[-117.2078,45.9983],[-117.1814,45.9982],[-117.155,45.998],[-117.1286,45.9979],[-117.1094,45.9978],[-117.0902,45.9976],[-117.0618,45.9972],[-117.0418,45.9971],[-117.0254,45.997],[-117.009,45.9969],[-116.9926,45.9968],[-116.9762,45.9967],[-116.971,45.9966],[-116.9568,45.9964],[-116.9414,45.9961],[-116.9371,45.9961],[-116.9315,45.996],[-116.9175,45.9954],[-116.9161,45.9954],[-116.9169,45.9959],[-116.9186,45.9984],[-116.9187,45.9986],[-116.9191,45.9993],[-116.9191,45.9995],[-116.9202,46.007],[-116.9206,46.0089],[-116.9208,46.0098],[-116.9211,46.0131],[-116.9236,46.019],[-116.9242,46.0193],[-116.9264,46.0202],[-116.9298,46.0235],[-116.9305,46.0281],[-116.9298,46.0337],[-116.9297,46.0351],[-116.9301,46.036],[-116.9314,46.039],[-116.933,46.0412],[-116.9434,46.0555],[-116.9429,46.0588],[-116.9428,46.0591],[-116.9427,46.0608],[-116.9452,46.0638],[-116.9508,46.0693],[-116.9529,46.0708],[-116.9576,46.0752],[-116.9611,46.0762],[-116.9621,46.076],[-116.964,46.0758],[-116.968,46.0763],[-116.9792,46.0801],[-116.9926,46.0664],[-117.0059,46.0526],[-117.0218,46.0512],[-117.0376,46.0498],[-117.0535,46.0484],[-117.0694,46.047],[-117.0852,46.0455],[-117.1011,46.0441],[-117.1169,46.0427],[-117.1328,46.0413],[-117.1498,46.0313],[-117.1667,46.0213],[-117.1883,46.0264],[-117.2099,46.0314],[-117.2315,46.0364],[-117.2531,46.0415],[-117.2597,46.0307],[-117.2662,46.0199],[-117.2727,46.0091],[-117.2792,45.9984],[-117.2793,45.9983]]]},"properties":{"OBJECTID":133,"state":"Washington","agency":"Washington Department of Fish and Game","unit_type":"GMU","unit_id":"186","unit_name":"Grande Ronde","unit_label":"Washington GMU 186 - Grande Ronde","aliases":"186 | 186 grande ronde | 2025 | game management unit | game management unit 186 | game management unit 186 grande ronde | gmu | gmu 186 | gmu 186 grande ronde | grande ronde | hunt unit | hunt unit 186 | hunt unit 186 grande ronde | hunting unit | huntin","year":"2025","Shape_Length":69090.49115458912,"Shape_Area":141013975.926059}},{"type":"Feature","id":134,"geometry":{"type":"Polygon","coordinates":[[[-121.2875,46.122],[-121.3172,46.1244],[-121.3469,46.1268],[-121.3766,46.1293],[-121.4063,46.1316],[-121.4177,46.1095],[-121.4291,46.0874],[-121.4406,46.0809],[-121.4521,46.0744],[-121.4635,46.0678],[-121.475,46.0613],[-121.4865,46.0548],[-121.498,46.0483],[-121.5095,46.0418],[-121.5209,46.0353],[-121.526,45.9962],[-121.517,45.9872],[-121.5079,45.9781],[-121.4989,45.9691],[-121.4899,45.96],[-121.4977,45.9403],[-121.5056,45.9205],[-121.5135,45.9008],[-121.5214,45.881],[-121.5131,45.8658],[-121.5048,45.8506],[-121.4966,45.8354],[-121.4883,45.8202],[-121.501,45.8068],[-121.5136,45.7934],[-121.5262,45.7799],[-121.5389,45.7665],[-121.5307,45.7456],[-121.5224,45.7247],[-121.5073,45.7207],[-121.4922,45.7168],[-121.4772,45.7128],[-121.4621,45.7088],[-121.447,45.7048],[-121.4319,45.7009],[-121.4168,45.6969],[-121.4017,45.6929],[-121.3872,45.698],[-121.3726,45.703],[-121.3533,45.7001],[-121.334,45.6971],[-121.3148,45.6941],[-121.2955,45.6911],[-121.2846,45.6989],[-121.2737,45.7067],[-121.2627,45.7144],[-121.2518,45.7222],[-121.2408,45.73],[-121.2299,45.7377],[-121.2189,45.7455],[-121.208,45.7533],[-121.2073,45.7928],[-121.1895,45.7984],[-121.1716,45.8041],[-121.1537,45.8097],[-121.1358,45.8154],[-121.1179,45.821],[-121.1,45.8266],[-121.082,45.8323],[-121.0641,45.8379],[-121.0767,45.8521],[-121.0892,45.8663],[-121.1017,45.8805],[-121.1142,45.8948],[-121.1073,45.9306],[-121.1003,45.9665],[-121.1105,45.976],[-121.1207,45.9855],[-121.131,45.995],[-121.1412,46.0046],[-121.1514,46.0141],[-121.1617,46.0236],[-121.1719,46.0331],[-121.1822,46.0426],[-121.2095,46.0428],[-121.2369,46.043],[-121.2495,46.0628],[-121.2622,46.0825],[-121.2749,46.1023],[-121.2875,46.122]]]},"properties":{"OBJECTID":134,"state":"Washington","agency":"Washington Department of Fish and Game","unit_type":"GMU","unit_id":"578","unit_name":"West Klickitat","unit_label":"Washington GMU 578 - West Klickitat","aliases":"2025 | 578 | 578 west klickitat | game management unit | game management unit 578 | game management unit 578 west klickitat | gmu | gmu 578 | gmu 578 west klickitat | hunt unit | hunt unit 578 | hunt unit 578 west klickitat | hunting unit | hunting unit","year":"2025","Shape_Length":146096.94327727513,"Shape_Area":1204037661.1541853}},{"type":"Feature","id":135,"geometry":{"type":"Polygon","coordinates":[[[-117.2531,46.0415],[-117.2413,46.0477],[-117.2294,46.0539],[-117.2176,46.0601],[-117.2057,46.0663],[-117.1939,46.0725],[-117.182,46.0786],[-117.1702,46.0848],[-117.1583,46.091],[-117.1457,46.1123],[-117.1331,46.1336],[-117.148,46.1305],[-117.163,46.1273],[-117.1779,46.1242],[-117.1929,46.1211],[-117.2078,46.1179],[-117.2228,46.1148],[-117.2377,46.1116],[-117.2527,46.1085],[-117.2777,46.1092],[-117.3028,46.1099],[-117.3279,46.1106],[-117.3529,46.1113],[-117.3699,46.1174],[-117.387,46.1235],[-117.404,46.1296],[-117.421,46.1357],[-117.4505,46.13],[-117.48,46.1244],[-117.4772,46.1218],[-117.4761,46.1213],[-117.475,46.1206],[-117.4721,46.1204],[-117.472,46.1203],[-117.4709,46.12],[-117.4691,46.1189],[-117.4674,46.119],[-117.4664,46.118],[-117.4642,46.1185],[-117.4604,46.1139],[-117.46,46.1138],[-117.4587,46.1123],[-117.458,46.112],[-117.455,46.1097],[-117.4534,46.109],[-117.456,46.0965],[-117.4569,46.0972],[-117.4647,46.0844],[-117.4644,46.0843],[-117.4609,46.0765],[-117.4595,46.0764],[-117.4591,46.074],[-117.4575,46.074],[-117.4572,46.0727],[-117.4548,46.073],[-117.455,46.0714],[-117.4548,46.0713],[-117.4543,46.0709],[-117.4533,46.0706],[-117.454,46.0646],[-117.4515,46.0637],[-117.4566,46.0604],[-117.4549,46.0598],[-117.4544,46.0519],[-117.4543,46.0519],[-117.4544,46.0476],[-117.4532,46.0473],[-117.4547,46.0472],[-117.4549,46.0473],[-117.4552,46.0475],[-117.4554,46.0476],[-117.4584,46.0397],[-117.4591,46.0408],[-117.4593,46.0409],[-117.4595,46.041],[-117.4601,46.0341],[-117.4603,46.0342],[-117.4604,46.0342],[-117.4624,46.0389],[-117.4657,46.0365],[-117.4679,46.0384],[-117.4691,46.0389],[-117.4692,46.039],[-117.4701,46.0393],[-117.4722,46.0405],[-117.4737,46.0407],[-117.4741,46.041],[-117.4745,46.0412],[-117.4773,46.0447],[-117.4771,46.0421],[-117.4764,46.042],[-117.4758,46.0409],[-117.4753,46.0407],[-117.4749,46.04],[-117.4733,46.0395],[-117.4737,46.0376],[-117.4707,46.0376],[-117.4712,46.0364],[-117.4703,46.0362],[-117.4774,46.0305],[-117.4786,46.0314],[-117.4799,46.0315],[-117.4805,46.0336],[-117.4808,46.0337],[-117.4811,46.0338],[-117.492,46.0301],[-117.4921,46.0301],[-117.4919,46.0321],[-117.4939,46.032],[-117.4954,46.0338],[-117.5026,46.0277],[-117.5032,46.0282],[-117.5068,46.0268],[-117.5072,46.0271],[-117.5085,46.0273],[-117.5089,46.0276],[-117.5096,46.0277],[-117.5112,46.0295],[-117.5177,46.027],[-117.5179,46.0272],[-117.5183,46.0273],[-117.5188,46.0278],[-117.5195,46.028],[-117.5198,46.0286],[-117.5232,46.0269],[-117.5235,46.027],[-117.5248,46.0271],[-117.5252,46.0273],[-117.5445,46.0218],[-117.5447,46.0222],[-117.5467,46.0223],[-117.548,46.0236],[-117.5488,46.022],[-117.5491,46.0224],[-117.5505,46.0218],[-117.5517,46.0238],[-117.5526,46.0231],[-117.5526,46.0263],[-117.5546,46.0265],[-117.5548,46.0266],[-117.5553,46.0262],[-117.5549,46.0261],[-117.5543,46.0258],[-117.5536,46.0255],[-117.5572,46.0222],[-117.5563,46.0245],[-117.5575,46.0244],[-117.5578,46.0246],[-117.5587,46.0248],[-117.5588,46.0249],[-117.5598,46.0248],[-117.5588,46.0267],[-117.5608,46.0269],[-117.5609,46.0274],[-117.5614,46.0276],[-117.5619,46.0285],[-117.5626,46.0287],[-117.5628,46.0294],[-117.5633,46.0294],[-117.5639,46.0298],[-117.5646,46.0301],[-117.565,46.0304],[-117.5595,46.0144],[-117.5539,45.9985],[-117.5539,45.9985],[-117.5353,45.9983],[-117.5167,45.9981],[-117.4981,45.998],[-117.4795,45.9978],[-117.4719,45.9979],[-117.4675,45.9979],[-117.4457,45.9984],[-117.4298,45.9983],[-117.4139,45.9982],[-117.398,45.9981],[-117.3822,45.998],[-117.3559,45.9966],[-117.3522,45.9968],[-117.3359,45.9976],[-117.3196,45.9985],[-117.3016,45.9984],[-117.2836,45.9983],[-117.2793,45.9983],[-117.2792,45.9984],[-117.2727,46.0091],[-117.2662,46.0199],[-117.2597,46.0307],[-117.2531,46.0415]]]},"properties":{"OBJECTID":135,"state":"Washington","agency":"Washington Department of Fish and Game","unit_type":"GMU","unit_id":"172","unit_name":"Mountain View","unit_label":"Washington GMU 172 - Mountain View","aliases":"172 | 172 mountain view | 2025 | game management unit | game management unit 172 | game management unit 172 mountain view | gmu | gmu 172 | gmu 172 mountain view | hunt unit | hunt unit 172 | hunt unit 172 mountain view | hunting unit | hunting unit 172","year":"2025","Shape_Length":100727.04903607501,"Shape_Area":281766586.2282163}},{"type":"Feature","id":136,"geometry":{"type":"Polygon","coordinates":[[[-117.4819,46.1243],[-117.4819,46.1243],[-117.485,46.1244],[-117.4854,46.1246],[-117.4893,46.1245],[-117.4915,46.1266],[-117.4919,46.1268],[-117.4932,46.1278],[-117.5053,46.1203],[-117.5065,46.1251],[-117.5067,46.1252],[-117.5095,46.1278],[-117.5142,46.1253],[-117.5145,46.1255],[-117.5177,46.1259],[-117.5162,46.1296],[-117.5202,46.1296],[-117.5211,46.1303],[-117.53,46.1185],[-117.5308,46.1198],[-117.5381,46.1177],[-117.5388,46.1184],[-117.5411,46.1188],[-117.5427,46.1202],[-117.5484,46.1199],[-117.549,46.1202],[-117.5747,46.1186],[-117.5752,46.1193],[-117.5767,46.1193],[-117.5777,46.12],[-117.5792,46.1206],[-117.5797,46.1209],[-117.5827,46.1219],[-117.5828,46.122],[-117.5852,46.1222],[-117.5863,46.1228],[-117.5864,46.1228],[-117.5871,46.1241],[-117.5879,46.1242],[-117.5928,46.1307],[-117.5934,46.1309],[-117.5946,46.1326],[-117.5997,46.1336],[-117.6016,46.1365],[-117.6028,46.1369],[-117.6036,46.1372],[-117.6094,46.1383],[-117.6088,46.143],[-117.609,46.1431],[-117.6127,46.151],[-117.613,46.1511],[-117.6132,46.1512],[-117.6147,46.1518],[-117.6196,46.1564],[-117.6264,46.1571],[-117.628,46.158],[-117.652,46.1539],[-117.6536,46.1551],[-117.6675,46.1354],[-117.6814,46.1157],[-117.6822,46.1161],[-117.6897,46.1141],[-117.6899,46.1141],[-117.6902,46.114],[-117.6903,46.1142],[-117.6927,46.1141],[-117.693,46.1143],[-117.6979,46.1139],[-117.6988,46.1191],[-117.7016,46.1194],[-117.7018,46.12],[-117.7145,46.118],[-117.7157,46.1203],[-117.7175,46.1209],[-117.7183,46.1215],[-117.721,46.1213],[-117.7207,46.1239],[-117.7406,46.1098],[-117.7414,46.1105],[-117.7436,46.1104],[-117.7443,46.111],[-117.745,46.1112],[-117.7459,46.1118],[-117.7467,46.112],[-117.7472,46.1123],[-117.75,46.1129],[-117.7506,46.1135],[-117.7529,46.1129],[-117.7547,46.1167],[-117.7712,46.1053],[-117.7691,46.1058],[-117.7737,46.1028],[-117.7751,46.106],[-117.7816,46.1032],[-117.7827,46.1039],[-117.7862,46.0996],[-117.7992,46.0946],[-117.7994,46.0947],[-117.8069,46.0955],[-117.8074,46.096],[-117.8086,46.0963],[-117.8128,46.1004],[-117.8154,46.1004],[-117.8168,46.1021],[-117.8193,46.098],[-117.8181,46.0977],[-117.8205,46.0943],[-117.8217,46.0949],[-117.8277,46.0752],[-117.8275,46.0752],[-117.8274,46.0751],[-117.8266,46.0748],[-117.8339,46.0634],[-117.834,46.0634],[-117.8456,46.0642],[-117.8469,46.065],[-117.8482,46.0653],[-117.8496,46.0661],[-117.8505,46.0662],[-117.8501,46.0688],[-117.8565,46.0698],[-117.8579,46.0707],[-117.8642,46.0682],[-117.8721,46.0823],[-117.8755,46.082],[-117.8793,46.0846],[-117.8864,46.0803],[-117.8871,46.0813],[-117.8959,46.0728],[-117.9048,46.0643],[-117.9068,46.0658],[-117.9124,46.0653],[-117.9129,46.0659],[-117.9148,46.0627],[-117.9118,46.0513],[-117.9096,46.0509],[-117.9122,46.0338],[-117.9096,46.0335],[-117.909,46.0327],[-117.9035,46.0322],[-117.9129,46.0101],[-117.9107,46.0098],[-117.91,46.0071],[-117.9088,46.0067],[-117.9076,46.0059],[-117.9073,46.0058],[-117.9104,46.0031],[-117.9095,46.0028],[-117.9088,46.0024],[-117.9082,46.0022],[-117.9102,46.0003],[-117.9062,46.0003],[-117.8956,46.0002],[-117.8776,46.0001],[-117.8577,46.0001],[-117.8379,46.0001],[-117.8165,46.0001],[-117.7952,46.0],[-117.7738,45.9999],[-117.7525,45.9999],[-117.7502,45.9999],[-117.738,45.9998],[-117.7086,45.9998],[-117.6792,45.9997],[-117.6613,45.9996],[-117.6434,45.9994],[-117.6356,45.9993],[-117.6314,45.9993],[-117.6127,45.999],[-117.594,45.9987],[-117.5925,45.9987],[-117.5837,45.9986],[-117.565,45.9985],[-117.5539,45.9985],[-117.5539,45.9985],[-117.5539,45.9985],[-117.5595,46.0144],[-117.565,46.0304],[-117.5646,46.0301],[-117.5639,46.0298],[-117.5633,46.0294],[-117.5628,46.0294],[-117.5626,46.0287],[-117.5619,46.0285],[-117.5614,46.0276],[-117.5609,46.0274],[-117.5608,46.0269],[-117.5588,46.0267],[-117.5598,46.0248],[-117.5588,46.0249],[-117.5587,46.0248],[-117.5578,46.0246],[-117.5575,46.0244],[-117.5563,46.0245],[-117.5572,46.0222],[-117.5536,46.0255],[-117.5543,46.0258],[-117.5549,46.0261],[-117.5553,46.0262],[-117.5548,46.0266],[-117.5546,46.0265],[-117.5526,46.0263],[-117.5526,46.0231],[-117.5517,46.0238],[-117.5505,46.0218],[-117.5491,46.0224],[-117.5488,46.022],[-117.548,46.0236],[-117.5467,46.0223],[-117.5447,46.0222],[-117.5445,46.0218],[-117.5252,46.0273],[-117.5248,46.0271],[-117.5235,46.027],[-117.5232,46.0269],[-117.5198,46.0286],[-117.5195,46.028],[-117.5188,46.0278],[-117.5183,46.0273],[-117.5179,46.0272],[-117.5177,46.027],[-117.5112,46.0295],[-117.5096,46.0277],[-117.5089,46.0276],[-117.5085,46.0273],[-117.5072,46.0271],[-117.5068,46.0268],[-117.5032,46.0282],[-117.5026,46.0277],[-117.4954,46.0338],[-117.4939,46.032],[-117.4919,46.0321],[-117.4921,46.0301],[-117.492,46.0301],[-117.4811,46.0338],[-117.4808,46.0337],[-117.4805,46.0336],[-117.4799,46.0315],[-117.4786,46.0314],[-117.4774,46.0305],[-117.4703,46.0362],[-117.4712,46.0364],[-117.4707,46.0376],[-117.4737,46.0376],[-117.4733,46.0395],[-117.4749,46.04],[-117.4753,46.0407],[-117.4758,46.0409],[-117.4764,46.042],[-117.4771,46.0421],[-117.4773,46.0447],[-117.4745,46.0412],[-117.4741,46.041],[-117.4737,46.0407],[-117.4722,46.0405],[-117.4701,46.0393],[-117.4692,46.039],[-117.4691,46.0389],[-117.4679,46.0384],[-117.4657,46.0365],[-117.4624,46.0389],[-117.4604,46.0342],[-117.4603,46.0342],[-117.4601,46.0341],[-117.4595,46.041],[-117.4593,46.0409],[-117.4591,46.0408],[-117.4584,46.0397],[-117.4554,46.0476],[-117.4552,46.0475],[-117.4549,46.0473],[-117.4547,46.0472],[-117.4532,46.0473],[-117.4544,46.0476],[-117.4543,46.0519],[-117.4544,46.0519],[-117.4549,46.0598],[-117.4566,46.0604],[-117.4515,46.0637],[-117.454,46.0646],[-117.4533,46.0706],[-117.4543,46.0709],[-117.4548,46.0713],[-117.455,46.0714],[-117.4548,46.073],[-117.4572,46.0727],[-117.4575,46.074],[-117.4591,46.074],[-117.4595,46.0764],[-117.4609,46.0765],[-117.4644,46.0843],[-117.4647,46.0844],[-117.4569,46.0972],[-117.456,46.0965],[-117.4534,46.109],[-117.455,46.1097],[-117.458,46.112],[-117.4587,46.1123],[-117.46,46.1138],[-117.4604,46.1139],[-117.4642,46.1185],[-117.4664,46.118],[-117.4674,46.119],[-117.4691,46.1189],[-117.4709,46.12],[-117.472,46.1203],[-117.4721,46.1204],[-117.475,46.1206],[-117.4761,46.1213],[-117.4772,46.1218],[-117.48,46.1244],[-117.48,46.1244],[-117.4817,46.1242],[-117.4819,46.1243]]]},"properties":{"OBJECTID":136,"state":"Washington","agency":"Washington Department of Fish and Game","unit_type":"GMU","unit_id":"169","unit_name":"Wenaha","unit_label":"Washington GMU 169 - Wenaha","aliases":"169 | 169 wenaha | 2025 | game management unit | game management unit 169 | game management unit 169 wenaha | gmu | gmu 169 | gmu 169 wenaha | hunt unit | hunt unit 169 | hunt unit 169 wenaha | hunting unit | hunting unit 169 | hunting unit 169 wenaha |","year":"2025","Shape_Length":120979.80765693572,"Shape_Area":415502627.51565754}},{"type":"Feature","id":137,"geometry":{"type":"Polygon","coordinates":[[[-122.5593,45.9525],[-122.5797,45.9557],[-122.6,45.9588],[-122.6203,45.9619],[-122.6406,45.965],[-122.6609,45.9681],[-122.6813,45.9712],[-122.7016,45.9744],[-122.7219,45.9775],[-122.7381,45.9852],[-122.7543,45.993],[-122.7705,46.0008],[-122.7867,46.0085],[-122.7963,46.0222],[-122.8058,46.0359],[-122.8153,46.0496],[-122.8248,46.0633],[-122.831,46.0807],[-122.8371,46.098],[-122.8432,46.1154],[-122.8493,46.1328],[-122.8555,46.1502],[-122.8616,46.1675],[-122.8677,46.1849],[-122.8739,46.2023],[-122.8977,46.1926],[-122.9053,46.1676],[-122.9129,46.1426],[-122.9205,46.1176],[-122.9281,46.0926],[-122.9283,46.0925],[-122.9163,46.0801],[-122.9043,46.0676],[-122.8923,46.0552],[-122.8804,46.0428],[-122.8715,46.0305],[-122.8626,46.0182],[-122.8536,46.0059],[-122.8447,45.9936],[-122.8382,45.9792],[-122.8317,45.9647],[-122.8251,45.9502],[-122.8186,45.9357],[-122.8121,45.9212],[-122.8056,45.9067],[-122.7991,45.8922],[-122.7925,45.8777],[-122.785,45.8679],[-122.7903,45.839],[-122.7956,45.81],[-122.7904,45.8042],[-122.7828,45.7867],[-122.7752,45.7693],[-122.7677,45.7519],[-122.7601,45.7345],[-122.762,45.6959],[-122.7639,45.6572],[-122.7422,45.6484],[-122.7204,45.6395],[-122.7008,45.632],[-122.6811,45.6244],[-122.6615,45.6168],[-122.6419,45.6093],[-122.6126,45.6083],[-122.6045,45.6077],[-122.5801,45.6029],[-122.5557,45.5981],[-122.5392,45.5937],[-122.5227,45.5893],[-122.5055,45.5839],[-122.4883,45.5784],[-122.4711,45.5729],[-122.4539,45.5674],[-122.4538,45.5673],[-122.4534,45.5672],[-122.4386,45.5635],[-122.4213,45.5668],[-122.4039,45.5702],[-122.4012,45.5712],[-122.4012,45.5712],[-122.3976,45.5725],[-122.3854,45.5753],[-122.3561,45.5702],[-122.3426,45.5637],[-122.3292,45.5573],[-122.3158,45.5509],[-122.3023,45.5445],[-122.2966,45.5437],[-122.2698,45.5509],[-122.2431,45.5581],[-122.2163,45.5652],[-122.1896,45.5724],[-122.2018,45.5916],[-122.2141,45.6108],[-122.2263,45.63],[-122.2386,45.6492],[-122.2558,45.6467],[-122.273,45.6441],[-122.2901,45.6416],[-122.3073,45.6391],[-122.3245,45.6366],[-122.3417,45.6341],[-122.3589,45.6315],[-122.376,45.629],[-122.3611,45.6421],[-122.3461,45.6553],[-122.3682,45.6571],[-122.3904,45.6589],[-122.4125,45.6607],[-122.4346,45.6625],[-122.4398,45.6759],[-122.445,45.6894],[-122.4502,45.7028],[-122.4553,45.7163],[-122.4327,45.7196],[-122.41,45.7229],[-122.3874,45.7262],[-122.3647,45.7294],[-122.3714,45.7425],[-122.3782,45.7555],[-122.3849,45.7685],[-122.3916,45.7815],[-122.4153,45.7923],[-122.439,45.8031],[-122.4626,45.8138],[-122.4863,45.8246],[-122.4611,45.8274],[-122.4358,45.8301],[-122.4105,45.8329],[-122.3852,45.8357],[-122.3928,45.8454],[-122.4005,45.8552],[-122.4082,45.8649],[-122.4159,45.8747],[-122.4235,45.8845],[-122.4312,45.8942],[-122.4389,45.904],[-122.4466,45.9138],[-122.4607,45.9186],[-122.4748,45.9235],[-122.4889,45.9283],[-122.503,45.9331],[-122.5171,45.938],[-122.5311,45.9428],[-122.5452,45.9477],[-122.5593,45.9525]]]},"properties":{"OBJECTID":137,"state":"Washington","agency":"Washington Department of Fish and Game","unit_type":"GMU","unit_id":"564","unit_name":"Battle Ground","unit_label":"Washington GMU 564 - Battle Ground","aliases":"2025 | 564 | 564 battle ground | battle ground | game management unit | game management unit 564 | game management unit 564 battle ground | gmu | gmu 564 | gmu 564 battle ground | hunt unit | hunt unit 564 | hunt unit 564 battle ground | hunting unit | h","year":"2025","Shape_Length":242426.06938473266,"Shape_Area":1387954142.3724728}},{"type":"Feature","id":138,"geometry":{"type":"Polygon","coordinates":[[[-117.9946,46.0575],[-117.9955,46.0576],[-117.9991,46.063],[-118.0019,46.0633],[-118.0032,46.0642],[-118.006,46.0627],[-118.006,46.0628],[-118.0067,46.0629],[-118.007,46.063],[-118.0096,46.0631],[-118.013,46.0779],[-118.0109,46.076],[-117.9991,46.0947],[-117.9872,46.1134],[-117.9871,46.1135],[-117.9815,46.1275],[-117.9816,46.135],[-117.9818,46.135],[-117.9883,46.1351],[-117.9888,46.1353],[-117.99,46.1354],[-117.99,46.1495],[-117.9916,46.1494],[-117.9867,46.1604],[-117.9783,46.1767],[-117.9699,46.193],[-117.9647,46.2162],[-117.9595,46.2394],[-117.9632,46.24],[-117.9707,46.2512],[-117.9782,46.2624],[-117.9904,46.2637],[-117.9914,46.2642],[-117.9916,46.2642],[-118.0011,46.2725],[-118.0025,46.2729],[-118.0035,46.2732],[-118.0036,46.2732],[-118.0046,46.2735],[-118.0095,46.2744],[-118.0228,46.2942],[-118.0271,46.2915],[-118.0429,46.2888],[-118.0586,46.2861],[-118.0744,46.2835],[-118.0902,46.2808],[-118.106,46.2781],[-118.1217,46.2755],[-118.1375,46.2728],[-118.1533,46.2701],[-118.1509,46.2064],[-118.1486,46.1427],[-118.1625,46.1359],[-118.1764,46.1291],[-118.1904,46.1223],[-118.2043,46.1154],[-118.2182,46.1086],[-118.2322,46.1018],[-118.2461,46.0949],[-118.26,46.0881],[-118.2909,46.0854],[-118.3218,46.0827],[-118.33,46.0725],[-118.3382,46.0622],[-118.3464,46.052],[-118.3546,46.0417],[-118.3628,46.0315],[-118.371,46.0212],[-118.3792,46.011],[-118.3874,46.0007],[-118.3733,46.0006],[-118.3713,46.0006],[-118.3519,46.0007],[-118.324,46.0006],[-118.3097,46.0006],[-118.2809,46.0006],[-118.2521,46.0006],[-118.2232,46.0006],[-118.1944,46.0006],[-118.1655,46.0006],[-118.1367,46.0006],[-118.1078,46.0006],[-118.079,46.0006],[-118.0593,46.0006],[-118.0456,46.0006],[-118.0456,46.0006],[-118.0329,46.0148],[-118.0201,46.0291],[-118.0074,46.0433],[-117.9946,46.0575]]]},"properties":{"OBJECTID":138,"state":"Washington","agency":"Washington Department of Fish and Game","unit_type":"GMU","unit_id":"154","unit_name":"Blue Creek","unit_label":"Washington GMU 154 - Blue Creek","aliases":"154 | 154 blue creek | 2025 | blue creek | game management unit | game management unit 154 | game management unit 154 blue creek | gmu | gmu 154 | gmu 154 blue creek | hunt unit | hunt unit 154 | hunt unit 154 blue creek | hunting unit | hunting unit 154","year":"2025","Shape_Length":116017.30287475318,"Shape_Area":560177429.6907446}},{"type":"Feature","id":139,"geometry":{"type":"Polygon","coordinates":[[[-122.9134,46.2747],[-122.93,46.2793],[-122.9467,46.2839],[-122.9634,46.2886],[-122.98,46.2932],[-122.9916,46.2801],[-123.0031,46.2671],[-123.0147,46.2541],[-123.0262,46.241],[-123.045,46.2521],[-123.0638,46.2632],[-123.0826,46.2744],[-123.1015,46.2855],[-123.1181,46.2724],[-123.1348,46.2593],[-123.1309,46.223],[-123.1269,46.1866],[-123.1209,46.1863],[-123.1011,46.1761],[-123.0812,46.166],[-123.0614,46.1558],[-123.0416,46.1456],[-123.0218,46.1354],[-123.002,46.1252],[-122.9822,46.1151],[-122.9624,46.1049],[-122.9453,46.0987],[-122.9283,46.0925],[-122.9281,46.0926],[-122.9205,46.1176],[-122.9129,46.1426],[-122.9053,46.1676],[-122.8977,46.1926],[-122.9016,46.2131],[-122.9055,46.2337],[-122.9094,46.2542],[-122.9134,46.2747]]]},"properties":{"OBJECTID":139,"state":"Washington","agency":"Washington Department of Fish and Game","unit_type":"GMU","unit_id":"504","unit_name":"Stella","unit_label":"Washington GMU 504 - Stella","aliases":"2025 | 504 | 504 stella | game management unit | game management unit 504 | game management unit 504 stella | gmu | gmu 504 | gmu 504 stella | hunt unit | hunt unit 504 | hunt unit 504 stella | hunting unit | hunting unit 504 | hunting unit 504 stella |","year":"2025","Shape_Length":71149.79253240138,"Shape_Area":258530459.93206525}},{"type":"Feature","id":140,"geometry":{"type":"Polygon","coordinates":[[[-117.2787,46.2886],[-117.2962,46.289],[-117.3138,46.2893],[-117.3313,46.2897],[-117.3489,46.2901],[-117.3664,46.2904],[-117.384,46.2908],[-117.4015,46.2911],[-117.4191,46.2915],[-117.4366,46.2918],[-117.4542,46.2922],[-117.4717,46.2925],[-117.4893,46.2929],[-117.5068,46.2932],[-117.5244,46.2936],[-117.5419,46.2939],[-117.5595,46.2942],[-117.5653,46.2736],[-117.5711,46.2529],[-117.5769,46.2322],[-117.5827,46.2115],[-117.5701,46.2006],[-117.5575,46.1897],[-117.5449,46.1788],[-117.5323,46.1679],[-117.5197,46.157],[-117.5071,46.1461],[-117.4945,46.1352],[-117.4819,46.1243],[-117.4817,46.1242],[-117.48,46.1244],[-117.48,46.1244],[-117.4505,46.13],[-117.421,46.1357],[-117.404,46.1296],[-117.387,46.1235],[-117.3699,46.1174],[-117.3529,46.1113],[-117.3279,46.1106],[-117.3028,46.1099],[-117.2777,46.1092],[-117.2527,46.1085],[-117.2507,46.1411],[-117.2717,46.1431],[-117.2928,46.1451],[-117.3139,46.1471],[-117.335,46.1492],[-117.3181,46.1562],[-117.3012,46.1632],[-117.2843,46.1702],[-117.2674,46.1773],[-117.2702,46.2051],[-117.273,46.2329],[-117.2759,46.2608],[-117.2787,46.2886]]]},"properties":{"OBJECTID":140,"state":"Washington","agency":"Washington Department of Fish and Game","unit_type":"GMU","unit_id":"175","unit_name":"Lick Creek","unit_label":"Washington GMU 175 - Lick Creek","aliases":"175 | 175 lick creek | 2025 | game management unit | game management unit 175 | game management unit 175 lick creek | gmu | gmu 175 | gmu 175 lick creek | hunt unit | hunt unit 175 | hunt unit 175 lick creek | hunting unit | hunting unit 175 | hunting un","year":"2025","Shape_Length":90731.25785907307,"Shape_Area":403519026.3827482}},{"type":"Feature","id":141,"geometry":{"type":"Polygon","coordinates":[[[-122.5085,46.327],[-122.5269,46.3386],[-122.5453,46.3503],[-122.5594,46.3453],[-122.5734,46.3404],[-122.5875,46.3355],[-122.6015,46.3305],[-122.6156,46.3256],[-122.6296,46.3206],[-122.6437,46.3157],[-122.6577,46.3108],[-122.6459,46.3027],[-122.6341,46.2947],[-122.6223,46.2867],[-122.6105,46.2787],[-122.5987,46.2707],[-122.587,46.2627],[-122.5752,46.2547],[-122.5634,46.2467],[-122.5545,46.2171],[-122.5457,46.1875],[-122.5559,46.1784],[-122.5662,46.1694],[-122.5764,46.1603],[-122.5866,46.1512],[-122.5712,46.138],[-122.5558,46.1249],[-122.5404,46.1117],[-122.525,46.0986],[-122.5477,46.0868],[-122.5704,46.075],[-122.593,46.0632],[-122.6156,46.0514],[-122.6044,46.0442],[-122.5932,46.0369],[-122.5819,46.0296],[-122.5707,46.0223],[-122.5595,46.015],[-122.5482,46.0077],[-122.537,46.0005],[-122.5258,45.9932],[-122.5082,45.9929],[-122.4905,45.9927],[-122.4729,45.9924],[-122.4553,45.9922],[-122.4549,45.992],[-122.4547,45.9919],[-122.4545,45.9918],[-122.4539,45.9916],[-122.4536,45.9916],[-122.4534,45.9915],[-122.4529,45.9913],[-122.4526,45.9913],[-122.4524,45.9912],[-122.4522,45.9912],[-122.4511,45.9912],[-122.4505,45.9912],[-122.4501,45.9911],[-122.4498,45.9911],[-122.4496,45.991],[-122.4491,45.9908],[-122.4488,45.9907],[-122.4484,45.9907],[-122.4481,45.9907],[-122.4478,45.9906],[-122.4472,45.9906],[-122.4471,45.9906],[-122.4466,45.9906],[-122.4462,45.9906],[-122.4456,45.9906],[-122.4451,45.9907],[-122.4448,45.9907],[-122.4444,45.9906],[-122.4442,45.9905],[-122.4435,45.9901],[-122.4431,45.9899],[-122.4427,45.9898],[-122.4419,45.9896],[-122.4416,45.9895],[-122.441,45.9893],[-122.4408,45.9892],[-122.4405,45.9891],[-122.4402,45.9889],[-122.44,45.9886],[-122.4398,45.9883],[-122.4396,45.9881],[-122.4396,45.9879],[-122.4396,45.9876],[-122.4396,45.9874],[-122.4394,45.9872],[-122.4393,45.987],[-122.4392,45.9868],[-122.4387,45.9866],[-122.4382,45.9864],[-122.4377,45.9863],[-122.4368,45.9862],[-122.4364,45.9862],[-122.4357,45.9858],[-122.4357,45.9857],[-122.435,45.9854],[-122.4343,45.985],[-122.4339,45.9848],[-122.4332,45.9846],[-122.4325,45.9845],[-122.4323,45.9845],[-122.4317,45.9842],[-122.4311,45.9841],[-122.4311,45.9841],[-122.4308,45.9841],[-122.4302,45.9841],[-122.4297,45.9843],[-122.4281,45.9848],[-122.4281,45.9848],[-122.4279,45.9848],[-122.4275,45.985],[-122.4271,45.9851],[-122.4262,45.985],[-122.4261,45.985],[-122.426,45.985],[-122.4258,45.9847],[-122.4257,45.9846],[-122.4256,45.9845],[-122.4253,45.9838],[-122.4251,45.9836],[-122.425,45.9835],[-122.4249,45.9835],[-122.4245,45.9833],[-122.4242,45.9832],[-122.424,45.9831],[-122.4233,45.9831],[-122.4229,45.9833],[-122.4229,45.9833],[-122.4225,45.9836],[-122.4222,45.9839],[-122.4215,45.9849],[-122.4215,45.985],[-122.4214,45.9851],[-122.4214,45.9851],[-122.4213,45.9853],[-122.4212,45.9856],[-122.4211,45.986],[-122.421,45.986],[-122.4209,45.9862],[-122.4208,45.9863],[-122.4203,45.9868],[-122.4202,45.987],[-122.4201,45.9873],[-122.4201,45.9874],[-122.4201,45.9875],[-122.42,45.9876],[-122.4195,45.9891],[-122.4194,45.9892],[-122.4193,45.9893],[-122.4185,45.9904],[-122.4183,45.9906],[-122.4182,45.9907],[-122.4171,45.992],[-122.4168,45.9921],[-122.4156,45.9928],[-122.4155,45.9928],[-122.4154,45.9929],[-122.4134,45.9937],[-122.413,45.9938],[-122.413,45.9938],[-122.4127,45.994],[-122.4112,45.9946],[-122.4108,45.9948],[-122.4105,45.9949],[-122.4094,45.9953],[-122.4091,45.9954],[-122.4088,45.9955],[-122.4081,45.9956],[-122.4079,45.9956],[-122.4066,45.9956],[-122.4063,45.9956],[-122.4059,45.9956],[-122.4045,45.9956],[-122.4039,45.9957],[-122.4027,45.9959],[-122.4023,45.996],[-122.4023,45.996],[-122.4019,45.9961],[-122.4006,45.9964],[-122.4004,45.9964],[-122.3984,45.996],[-122.3983,45.9959],[-122.398,45.9959],[-122.396,45.9955],[-122.3959,45.9955],[-122.3958,45.9955],[-122.392,45.9953],[-122.3918,45.9953],[-122.3918,45.9953],[-122.3914,45.9953],[-122.3885,45.9952],[-122.3883,45.9952],[-122.388,45.9952],[-122.382,45.9954],[-122.3819,45.9954],[-122.3816,45.9954],[-122.3771,45.9953],[-122.3769,45.9953],[-122.3767,45.9953],[-122.3751,45.9954],[-122.3749,45.9954],[-122.3747,45.9955],[-122.3729,45.9958],[-122.3728,45.9958],[-122.3726,45.9958],[-122.3685,45.9964],[-122.3683,45.9964],[-122.3681,45.9964],[-122.3654,45.997],[-122.3651,45.997],[-122.3649,45.9971],[-122.3646,45.9972],[-122.3614,45.9979],[-122.3612,45.998],[-122.3609,45.9981],[-122.3591,45.9985],[-122.359,45.9985],[-122.359,45.9985],[-122.3579,45.9988],[-122.3578,45.9989],[-122.3577,45.9989],[-122.357,45.9992],[-122.3569,45.9992],[-122.3568,45.9993],[-122.3566,45.9994],[-122.356,45.9998],[-122.3559,45.9999],[-122.3557,46.0001],[-122.353,46.0022],[-122.353,46.0023],[-122.3528,46.0024],[-122.3461,46.0072],[-122.3459,46.0074],[-122.3457,46.0075],[-122.3442,46.0085],[-122.344,46.0086],[-122.3435,46.0089],[-122.3432,46.0091],[-122.343,46.0092],[-122.3429,46.0093],[-122.3427,46.0094],[-122.3421,46.0096],[-122.3418,46.0096],[-122.3262,46.0259],[-122.3105,46.0421],[-122.3081,46.0793],[-122.3282,46.0851],[-122.3483,46.0908],[-122.3684,46.0965],[-122.3885,46.1022],[-122.3933,46.1313],[-122.3982,46.1605],[-122.3911,46.1727],[-122.384,46.185],[-122.3769,46.1972],[-122.3698,46.2095],[-122.3403,46.2096],[-122.3108,46.2098],[-122.2813,46.21],[-122.2518,46.2102],[-122.2627,46.2183],[-122.2736,46.2264],[-122.2846,46.2345],[-122.2955,46.2426],[-122.3171,46.2451],[-122.3386,46.2476],[-122.3602,46.2501],[-122.3818,46.2526],[-122.3976,46.2619],[-122.4134,46.2712],[-122.4293,46.2805],[-122.4451,46.2898],[-122.4609,46.2991],[-122.4768,46.3084],[-122.4926,46.3177],[-122.5085,46.327]]]},"properties":{"OBJECTID":141,"state":"Washington","agency":"Washington Department of Fish and Game","unit_type":"GMU","unit_id":"556","unit_name":"Toutle","unit_label":"Washington GMU 556 - Toutle","aliases":"2025 | 556 | 556 toutle | game management unit | game management unit 556 | game management unit 556 toutle | gmu | gmu 556 | gmu 556 toutle | hunt unit | hunt unit 556 | hunt unit 556 toutle | hunting unit | hunting unit 556 | hunting unit 556 toutle |","year":"2025","Shape_Length":138631.1645063805,"Shape_Area":603440344.0530806}},{"type":"Feature","id":142,"geometry":{"type":"Polygon","coordinates":[[[-117.707,46.347],[-117.707,46.3469],[-117.7178,46.3478],[-117.7215,46.3499],[-117.7496,46.349],[-117.7513,46.35],[-117.7679,46.348],[-117.7846,46.3461],[-117.8013,46.3442],[-117.818,46.3422],[-117.8347,46.3403],[-117.8514,46.3384],[-117.868,46.3364],[-117.8847,46.3345],[-117.8861,46.3355],[-117.9038,46.34],[-117.9051,46.341],[-117.9221,46.3366],[-117.9391,46.3322],[-117.9561,46.3278],[-117.9731,46.3233],[-117.9855,46.3161],[-117.9979,46.3088],[-118.0103,46.3015],[-118.0228,46.2942],[-118.0095,46.2744],[-118.0046,46.2735],[-118.0036,46.2732],[-118.0035,46.2732],[-118.0025,46.2729],[-118.0011,46.2725],[-117.9916,46.2642],[-117.9914,46.2642],[-117.9904,46.2637],[-117.9782,46.2624],[-117.9707,46.2512],[-117.9632,46.24],[-117.9595,46.2394],[-117.9647,46.2162],[-117.9699,46.193],[-117.9783,46.1767],[-117.9867,46.1604],[-117.9916,46.1494],[-117.99,46.1495],[-117.99,46.1354],[-117.9888,46.1353],[-117.9883,46.1351],[-117.9818,46.135],[-117.9816,46.135],[-117.9815,46.1275],[-117.9871,46.1135],[-117.9872,46.1134],[-117.9991,46.0947],[-118.0109,46.076],[-118.013,46.0779],[-118.0096,46.0631],[-118.007,46.063],[-118.0067,46.0629],[-118.006,46.0628],[-118.006,46.0627],[-118.0032,46.0642],[-118.0019,46.0633],[-117.9991,46.063],[-117.9955,46.0576],[-117.9946,46.0575],[-117.9747,46.0588],[-117.9547,46.0601],[-117.9347,46.0614],[-117.9148,46.0627],[-117.9148,46.0627],[-117.9129,46.0659],[-117.9124,46.0653],[-117.9068,46.0658],[-117.9048,46.0643],[-117.8959,46.0728],[-117.8871,46.0813],[-117.8864,46.0803],[-117.8793,46.0846],[-117.8755,46.082],[-117.8721,46.0823],[-117.8642,46.0682],[-117.8579,46.0707],[-117.8565,46.0698],[-117.8501,46.0688],[-117.8505,46.0662],[-117.8496,46.0661],[-117.8482,46.0653],[-117.8469,46.065],[-117.8456,46.0642],[-117.834,46.0634],[-117.8339,46.0634],[-117.8266,46.0748],[-117.8274,46.0751],[-117.8275,46.0752],[-117.8277,46.0752],[-117.8217,46.0949],[-117.8205,46.0943],[-117.8181,46.0977],[-117.8193,46.098],[-117.8168,46.1021],[-117.8154,46.1004],[-117.8128,46.1004],[-117.8086,46.0963],[-117.8074,46.096],[-117.8069,46.0955],[-117.7994,46.0947],[-117.7992,46.0946],[-117.7862,46.0996],[-117.7862,46.0996],[-117.7798,46.1365],[-117.7733,46.1734],[-117.7669,46.2103],[-117.7604,46.2472],[-117.7635,46.2472],[-117.7649,46.2495],[-117.7685,46.2487],[-117.7703,46.2501],[-117.7709,46.2503],[-117.7719,46.2564],[-117.7725,46.2565],[-117.7617,46.2731],[-117.7612,46.2729],[-117.7592,46.2729],[-117.7558,46.2698],[-117.7539,46.2703],[-117.7524,46.2691],[-117.752,46.269],[-117.7517,46.2689],[-117.7484,46.269],[-117.7471,46.2666],[-117.7407,46.2686],[-117.7367,46.2645],[-117.7327,46.2638],[-117.7305,46.2629],[-117.7272,46.2627],[-117.7263,46.262],[-117.726,46.2617],[-117.7242,46.2601],[-117.7198,46.2598],[-117.7182,46.2584],[-117.7169,46.2583],[-117.7044,46.2783],[-117.6919,46.2983],[-117.6923,46.2984],[-117.7006,46.3142],[-117.7013,46.3144],[-117.707,46.347]]]},"properties":{"OBJECTID":142,"state":"Washington","agency":"Washington Department of Fish and Game","unit_type":"GMU","unit_id":"162","unit_name":"Dayton","unit_label":"Washington GMU 162 - Dayton","aliases":"162 | 162 dayton | 2025 | dayton | game management unit | game management unit 162 | game management unit 162 dayton | gmu | gmu 162 | gmu 162 dayton | hunt unit | hunt unit 162 | hunt unit 162 dayton | hunting unit | hunting unit 162 | hunting unit 162","year":"2025","Shape_Length":116634.9217455598,"Shape_Area":533850098.9656587}},{"type":"Feature","id":143,"geometry":{"type":"Polygon","coordinates":[[[-119.2399,46.2478],[-119.257,46.2521],[-119.2742,46.2564],[-119.2913,46.2607],[-119.3085,46.2649],[-119.3199,46.2779],[-119.3314,46.2909],[-119.3429,46.3039],[-119.3544,46.3169],[-119.3659,46.3299],[-119.3773,46.3429],[-119.3888,46.3559],[-119.4003,46.3689],[-119.4235,46.3581],[-119.4466,46.3474],[-119.4697,46.3366],[-119.4929,46.3258],[-119.489,46.2899],[-119.4852,46.254],[-119.4991,46.2601],[-119.513,46.2661],[-119.5269,46.2721],[-119.5408,46.2781],[-119.5584,46.2716],[-119.576,46.2651],[-119.5937,46.2587],[-119.6113,46.2522],[-119.6289,46.2457],[-119.6466,46.2393],[-119.6642,46.2328],[-119.6818,46.2263],[-119.7074,46.2198],[-119.733,46.2132],[-119.7586,46.2066],[-119.7841,46.2001],[-119.8021,46.198],[-119.82,46.1959],[-119.838,46.1938],[-119.8559,46.1917],[-119.8739,46.1966],[-119.8918,46.2015],[-119.9098,46.2064],[-119.9277,46.2113],[-119.9457,46.2162],[-119.9637,46.2211],[-119.9816,46.226],[-119.9996,46.2309],[-120.015,46.2155],[-120.0304,46.2],[-120.0458,46.1845],[-120.0612,46.169],[-120.0766,46.1536],[-120.092,46.1381],[-120.1074,46.1226],[-120.1228,46.1071],[-120.1469,46.0995],[-120.171,46.0919],[-120.1951,46.0843],[-120.2193,46.0766],[-120.2434,46.069],[-120.2675,46.0613],[-120.2916,46.0537],[-120.3157,46.046],[-120.2944,46.0473],[-120.2731,46.0485],[-120.2518,46.0498],[-120.2305,46.051],[-120.2092,46.0522],[-120.1879,46.0535],[-120.1666,46.0547],[-120.1453,46.0559],[-120.1324,46.0632],[-120.1194,46.0704],[-120.1064,46.0776],[-120.0934,46.0848],[-120.0752,46.0847],[-120.057,46.0847],[-120.0388,46.0846],[-120.0206,46.0845],[-120.0115,46.0754],[-120.0025,46.0663],[-119.9934,46.0572],[-119.9844,46.048],[-119.9753,46.0389],[-119.9662,46.0298],[-119.9572,46.0207],[-119.9481,46.0116],[-119.9285,46.0108],[-119.9089,46.01],[-119.9094,45.874],[-119.9193,45.8504],[-119.9291,45.8268],[-119.9129,45.8287],[-119.8967,45.8306],[-119.8805,45.8325],[-119.8643,45.8343],[-119.8482,45.8362],[-119.832,45.8381],[-119.8158,45.84],[-119.7996,45.8419],[-119.7834,45.8438],[-119.7672,45.8457],[-119.751,45.8475],[-119.7348,45.8494],[-119.7186,45.8513],[-119.7024,45.8532],[-119.6862,45.855],[-119.67,45.8569],[-119.6577,45.8655],[-119.6454,45.8741],[-119.6331,45.8826],[-119.6208,45.8912],[-119.6085,45.8998],[-119.5962,45.9083],[-119.5839,45.9169],[-119.5716,45.9255],[-119.5507,45.9207],[-119.5298,45.9159],[-119.509,45.9111],[-119.4881,45.9064],[-119.4674,45.9097],[-119.4468,45.913],[-119.4262,45.9163],[-119.4055,45.9196],[-119.3892,45.9218],[-119.373,45.924],[-119.3567,45.9263],[-119.3404,45.9285],[-119.3195,45.9313],[-119.2987,45.9342],[-119.2778,45.937],[-119.257,45.9398],[-119.236,45.9355],[-119.2151,45.9311],[-119.1861,45.9336],[-119.1571,45.936],[-119.1281,45.9385],[-119.0991,45.941],[-119.0909,45.9439],[-119.0718,45.952],[-119.0527,45.96],[-119.0336,45.968],[-119.0145,45.9761],[-119.0008,45.988],[-118.9872,45.9999],[-118.987,46.0],[-118.9755,46.0075],[-118.9641,46.015],[-118.9527,46.0225],[-118.9412,46.03],[-118.9496,46.0574],[-118.9579,46.0848],[-118.9663,46.1121],[-118.9747,46.1395],[-118.9914,46.1528],[-119.0081,46.1661],[-119.0249,46.1794],[-119.0416,46.1927],[-119.065,46.201],[-119.0885,46.2093],[-119.1119,46.2175],[-119.1354,46.2258],[-119.1615,46.2313],[-119.1876,46.2368],[-119.2138,46.2423],[-119.2399,46.2478]]]},"properties":{"OBJECTID":143,"state":"Washington","agency":"Washington Department of Fish and Game","unit_type":"GMU","unit_id":"373","unit_name":"Horse Heaven","unit_label":"Washington GMU 373 - Horse Heaven","aliases":"2025 | 373 | 373 horse heaven | game management unit | game management unit 373 | game management unit 373 horse heaven | gmu | gmu 373 | gmu 373 horse heaven | horse heaven | hunt unit | hunt unit 373 | hunt unit 373 horse heaven | hunting unit | huntin","year":"2025","Shape_Length":291322.6101515932,"Shape_Area":3021056607.4905033}},{"type":"Feature","id":144,"geometry":{"type":"Polygon","coordinates":[[[-116.9792,46.0801],[-116.982,46.086],[-116.982,46.0861],[-116.9818,46.0871],[-116.9823,46.0886],[-116.9825,46.0897],[-116.9661,46.0983],[-116.9641,46.0986],[-116.9604,46.0988],[-116.9584,46.1],[-116.9584,46.1],[-116.9563,46.101],[-116.9561,46.1011],[-116.955,46.103],[-116.9548,46.1042],[-116.9546,46.1052],[-116.9513,46.1113],[-116.9512,46.1125],[-116.9514,46.1131],[-116.9514,46.114],[-116.9512,46.1148],[-116.9511,46.1173],[-116.95,46.1199],[-116.9501,46.122],[-116.9503,46.1228],[-116.9503,46.1232],[-116.9502,46.1236],[-116.9495,46.1247],[-116.9483,46.1259],[-116.9408,46.1322],[-116.9402,46.1328],[-116.9344,46.1405],[-116.9348,46.1412],[-116.9357,46.143],[-116.9358,46.1448],[-116.9353,46.1509],[-116.9305,46.1569],[-116.9304,46.157],[-116.9303,46.1571],[-116.9278,46.1582],[-116.9254,46.1591],[-116.9249,46.1593],[-116.9237,46.16],[-116.9234,46.1603],[-116.926,46.1723],[-116.9268,46.1729],[-116.9355,46.1749],[-116.9362,46.1755],[-116.9393,46.179],[-116.94,46.18],[-116.9401,46.1805],[-116.9399,46.1814],[-116.9404,46.1826],[-116.9431,46.1855],[-116.9458,46.1875],[-116.9461,46.188],[-116.9482,46.1899],[-116.9485,46.1902],[-116.95,46.1918],[-116.9504,46.1921],[-116.9618,46.199],[-116.9625,46.1995],[-116.9647,46.2019],[-116.9655,46.2034],[-116.9667,46.2075],[-116.9667,46.208],[-116.9667,46.208],[-116.9654,46.2105],[-116.9631,46.2142],[-116.9602,46.2184],[-116.9584,46.2216],[-116.9578,46.2228],[-116.9568,46.2247],[-116.9596,46.2436],[-116.9618,46.2469],[-116.963,46.2492],[-116.9744,46.2649],[-116.9749,46.2654],[-116.9755,46.2658],[-116.9806,46.2687],[-116.9902,46.2819],[-116.9891,46.2835],[-116.9876,46.2858],[-116.9855,46.2888],[-116.9851,46.2904],[-116.9849,46.2918],[-116.9849,46.2927],[-116.9849,46.2931],[-117.0011,46.3041],[-117.0018,46.3042],[-117.0053,46.3046],[-117.0057,46.3046],[-117.0069,46.3051],[-117.0097,46.3068],[-117.0114,46.3081],[-117.0121,46.3088],[-117.0122,46.3089],[-117.0148,46.3102],[-117.022,46.3171],[-117.0221,46.3172],[-117.0223,46.3177],[-117.0228,46.3205],[-117.0228,46.3211],[-117.0228,46.3215],[-117.0228,46.3215],[-117.0229,46.3321],[-117.0229,46.3332],[-117.0231,46.3341],[-117.0237,46.3355],[-117.0252,46.3369],[-117.0277,46.3387],[-117.0282,46.3389],[-117.031,46.3403],[-117.0397,46.3421],[-117.04,46.3421],[-117.0427,46.3423],[-117.0437,46.3424],[-117.0528,46.3442],[-117.0539,46.3447],[-117.0539,46.3446],[-117.0703,46.3389],[-117.0868,46.3331],[-117.1032,46.3274],[-117.1197,46.3216],[-117.1384,46.324],[-117.157,46.3265],[-117.1757,46.3289],[-117.1944,46.3313],[-117.2155,46.3206],[-117.2365,46.31],[-117.2576,46.2993],[-117.2787,46.2886],[-117.2759,46.2608],[-117.273,46.2329],[-117.2702,46.2051],[-117.2674,46.1773],[-117.2843,46.1702],[-117.3012,46.1632],[-117.3181,46.1562],[-117.335,46.1492],[-117.3139,46.1471],[-117.2928,46.1451],[-117.2717,46.1431],[-117.2507,46.1411],[-117.2527,46.1085],[-117.2377,46.1116],[-117.2228,46.1148],[-117.2078,46.1179],[-117.1929,46.1211],[-117.1779,46.1242],[-117.163,46.1273],[-117.148,46.1305],[-117.1331,46.1336],[-117.1457,46.1123],[-117.1583,46.091],[-117.1702,46.0848],[-117.182,46.0786],[-117.1939,46.0725],[-117.2057,46.0663],[-117.2176,46.0601],[-117.2294,46.0539],[-117.2413,46.0477],[-117.2531,46.0415],[-117.2315,46.0364],[-117.2099,46.0314],[-117.1883,46.0264],[-117.1667,46.0213],[-117.1498,46.0313],[-117.1328,46.0413],[-117.1169,46.0427],[-117.1011,46.0441],[-117.0852,46.0455],[-117.0694,46.047],[-117.0535,46.0484],[-117.0376,46.0498],[-117.0218,46.0512],[-117.0059,46.0526],[-116.9926,46.0664],[-116.9792,46.0801]]]},"properties":{"OBJECTID":144,"state":"Washington","agency":"Washington Department of Fish and Game","unit_type":"GMU","unit_id":"181","unit_name":"Couse","unit_label":"Washington GMU 181 - Couse","aliases":"181 | 181 couse | 2025 | couse | game management unit | game management unit 181 | game management unit 181 couse | gmu | gmu 181 | gmu 181 couse | hunt unit | hunt unit 181 | hunt unit 181 couse | hunting unit | hunting unit 181 | hunting unit 181 couse","year":"2025","Shape_Length":133034.69047001592,"Shape_Area":691099739.9781021}},{"type":"Feature","id":145,"geometry":{"type":"Polygon","coordinates":[[[-122.6577,46.3108],[-122.6715,46.3188],[-122.6854,46.3269],[-122.6992,46.3349],[-122.713,46.343],[-122.7269,46.3511],[-122.7407,46.3591],[-122.7545,46.3672],[-122.7684,46.3752],[-122.7848,46.3643],[-122.8012,46.3534],[-122.8176,46.3424],[-122.8341,46.3315],[-122.8554,46.3264],[-122.8767,46.3212],[-122.8981,46.3161],[-122.9194,46.311],[-122.9134,46.2747],[-122.9094,46.2542],[-122.9055,46.2337],[-122.9016,46.2131],[-122.8977,46.1926],[-122.8739,46.2023],[-122.8677,46.1849],[-122.8616,46.1675],[-122.8555,46.1502],[-122.8493,46.1328],[-122.8432,46.1154],[-122.8371,46.098],[-122.831,46.0807],[-122.8248,46.0633],[-122.8153,46.0496],[-122.8058,46.0359],[-122.7963,46.0222],[-122.7867,46.0085],[-122.7705,46.0008],[-122.7543,45.993],[-122.7381,45.9852],[-122.7219,45.9775],[-122.7016,45.9744],[-122.6813,45.9712],[-122.6609,45.9681],[-122.6406,45.965],[-122.6203,45.9619],[-122.6,45.9588],[-122.5797,45.9557],[-122.5593,45.9525],[-122.551,45.9627],[-122.5426,45.9728],[-122.5342,45.983],[-122.5258,45.9932],[-122.537,46.0005],[-122.5482,46.0077],[-122.5595,46.015],[-122.5707,46.0223],[-122.5819,46.0296],[-122.5932,46.0369],[-122.6044,46.0442],[-122.6156,46.0514],[-122.593,46.0632],[-122.5704,46.075],[-122.5477,46.0868],[-122.525,46.0986],[-122.5404,46.1117],[-122.5558,46.1249],[-122.5712,46.138],[-122.5866,46.1512],[-122.5764,46.1603],[-122.5662,46.1694],[-122.5559,46.1784],[-122.5457,46.1875],[-122.5545,46.2171],[-122.5634,46.2467],[-122.5752,46.2547],[-122.587,46.2627],[-122.5987,46.2707],[-122.6105,46.2787],[-122.6223,46.2867],[-122.6341,46.2947],[-122.6459,46.3027],[-122.6577,46.3108]]]},"properties":{"OBJECTID":145,"state":"Washington","agency":"Washington Department of Fish and Game","unit_type":"GMU","unit_id":"550","unit_name":"Coweeman","unit_label":"Washington GMU 550 - Coweeman","aliases":"2025 | 550 | 550 coweeman | coweeman | game management unit | game management unit 550 | game management unit 550 coweeman | gmu | gmu 550 | gmu 550 coweeman | hunt unit | hunt unit 550 | hunt unit 550 coweeman | hunting unit | hunting unit 550 | hunting","year":"2025","Shape_Length":135162.19824644868,"Shape_Area":890453975.8804629}},{"type":"Feature","id":146,"geometry":{"type":"Polygon","coordinates":[[[-117.6854,46.3601],[-117.707,46.347],[-117.7013,46.3144],[-117.7006,46.3142],[-117.6923,46.2984],[-117.6919,46.2983],[-117.7044,46.2783],[-117.7169,46.2583],[-117.7182,46.2584],[-117.7198,46.2598],[-117.7242,46.2601],[-117.726,46.2617],[-117.7263,46.262],[-117.7272,46.2627],[-117.7305,46.2629],[-117.7327,46.2638],[-117.7367,46.2645],[-117.7407,46.2686],[-117.7471,46.2666],[-117.7484,46.269],[-117.7517,46.2689],[-117.752,46.269],[-117.7524,46.2691],[-117.7539,46.2703],[-117.7558,46.2698],[-117.7592,46.2729],[-117.7612,46.2729],[-117.7617,46.2731],[-117.7725,46.2565],[-117.7719,46.2564],[-117.7709,46.2503],[-117.7703,46.2501],[-117.7685,46.2487],[-117.7649,46.2495],[-117.7635,46.2472],[-117.7604,46.2472],[-117.7669,46.2103],[-117.7733,46.1734],[-117.7798,46.1365],[-117.7862,46.0996],[-117.7862,46.0996],[-117.7827,46.1039],[-117.7816,46.1032],[-117.7751,46.106],[-117.7737,46.1028],[-117.7691,46.1058],[-117.7712,46.1053],[-117.7547,46.1167],[-117.7529,46.1129],[-117.7506,46.1135],[-117.75,46.1129],[-117.7472,46.1123],[-117.7467,46.112],[-117.7459,46.1118],[-117.745,46.1112],[-117.7443,46.111],[-117.7436,46.1104],[-117.7414,46.1105],[-117.7406,46.1098],[-117.7207,46.1239],[-117.721,46.1213],[-117.7183,46.1215],[-117.7175,46.1209],[-117.7157,46.1203],[-117.7145,46.118],[-117.7018,46.12],[-117.7016,46.1194],[-117.6988,46.1191],[-117.6979,46.1139],[-117.693,46.1143],[-117.6927,46.1141],[-117.6903,46.1142],[-117.6902,46.114],[-117.6899,46.1141],[-117.6897,46.1141],[-117.6822,46.1161],[-117.6814,46.1157],[-117.6675,46.1354],[-117.6536,46.1551],[-117.652,46.1539],[-117.628,46.158],[-117.6264,46.1571],[-117.6196,46.1564],[-117.6147,46.1518],[-117.6132,46.1512],[-117.613,46.1511],[-117.6127,46.151],[-117.609,46.1431],[-117.6088,46.143],[-117.6094,46.1383],[-117.6036,46.1372],[-117.6028,46.1369],[-117.6016,46.1365],[-117.5997,46.1336],[-117.5946,46.1326],[-117.5934,46.1309],[-117.5928,46.1307],[-117.5879,46.1242],[-117.5871,46.1241],[-117.5864,46.1228],[-117.5863,46.1228],[-117.5852,46.1222],[-117.5828,46.122],[-117.5827,46.1219],[-117.5797,46.1209],[-117.5792,46.1206],[-117.5777,46.12],[-117.5767,46.1193],[-117.5752,46.1193],[-117.5747,46.1186],[-117.549,46.1202],[-117.5484,46.1199],[-117.5427,46.1202],[-117.5411,46.1188],[-117.5388,46.1184],[-117.5381,46.1177],[-117.5308,46.1198],[-117.53,46.1185],[-117.5211,46.1303],[-117.5202,46.1296],[-117.5162,46.1296],[-117.5177,46.1259],[-117.5145,46.1255],[-117.5142,46.1253],[-117.5095,46.1278],[-117.5067,46.1252],[-117.5065,46.1251],[-117.5053,46.1203],[-117.4932,46.1278],[-117.4919,46.1268],[-117.4915,46.1266],[-117.4893,46.1245],[-117.4854,46.1246],[-117.485,46.1244],[-117.4819,46.1243],[-117.4819,46.1243],[-117.4945,46.1352],[-117.5071,46.1461],[-117.5197,46.157],[-117.5323,46.1679],[-117.5449,46.1788],[-117.5575,46.1897],[-117.5701,46.2006],[-117.5827,46.2115],[-117.5769,46.2322],[-117.5711,46.2529],[-117.5653,46.2736],[-117.5595,46.2942],[-117.5701,46.3052],[-117.5808,46.3162],[-117.5915,46.3272],[-117.6022,46.3382],[-117.623,46.3437],[-117.6438,46.3492],[-117.6646,46.3546],[-117.6854,46.3601]]]},"properties":{"OBJECTID":146,"state":"Washington","agency":"Washington Department of Fish and Game","unit_type":"GMU","unit_id":"166","unit_name":"Tucannon","unit_label":"Washington GMU 166 - Tucannon","aliases":"166 | 166 tucannon | 2025 | game management unit | game management unit 166 | game management unit 166 tucannon | gmu | gmu 166 | gmu 166 tucannon | hunt unit | hunt unit 166 | hunt unit 166 tucannon | hunting unit | hunting unit 166 | hunting unit 166 t","year":"2025","Shape_Length":107733.69607516304,"Shape_Area":354314197.5403677}},{"type":"Feature","id":147,"geometry":{"type":"Polygon","coordinates":[[[-123.9023,46.4332],[-123.915,46.4179],[-123.9276,46.4026],[-123.9403,46.3872],[-123.953,46.3719],[-123.9648,46.3523],[-123.9766,46.3328],[-123.9896,46.3246],[-124.0026,46.3164],[-124.0156,46.3082],[-124.0287,46.3],[-124.0417,46.2918],[-124.0547,46.2836],[-124.0677,46.2754],[-124.0807,46.2672],[-124.0572,46.2714],[-124.0336,46.2756],[-124.0385,46.2828],[-124.0249,46.2773],[-124.0113,46.2718],[-123.9976,46.2663],[-123.984,46.2608],[-123.9704,46.2552],[-123.9568,46.2497],[-123.9432,46.2442],[-123.9296,46.2387],[-123.9008,46.2367],[-123.872,46.2348],[-123.8555,46.2391],[-123.839,46.2434],[-123.8226,46.2477],[-123.8061,46.252],[-123.7896,46.2563],[-123.7732,46.2605],[-123.7567,46.2648],[-123.7402,46.2691],[-123.7238,46.2631],[-123.7002,46.2545],[-123.6966,46.2873],[-123.6931,46.32],[-123.7037,46.3286],[-123.7143,46.3372],[-123.7249,46.3458],[-123.7355,46.3544],[-123.7563,46.3643],[-123.7772,46.3741],[-123.798,46.384],[-123.8188,46.3938],[-123.8397,46.4037],[-123.8605,46.4135],[-123.8814,46.4234],[-123.9023,46.4332]]]},"properties":{"OBJECTID":147,"state":"Washington","agency":"Washington Department of Fish and Game","unit_type":"GMU","unit_id":"681","unit_name":"Bear River","unit_label":"Washington GMU 681 - Bear River","aliases":"2025 | 681 | 681 bear river | bear river | game management unit | game management unit 681 | game management unit 681 bear river | gmu | gmu 681 | gmu 681 bear river | hunt unit | hunt unit 681 | hunt unit 681 bear river | hunting unit | hunting unit 681","year":"2025","Shape_Length":84449.12581404163,"Shape_Area":349088327.4906676}},{"type":"Feature","id":148,"geometry":{"type":"Polygon","coordinates":[[[-117.2006,46.4204],[-117.2236,46.4218],[-117.2465,46.4231],[-117.2695,46.4245],[-117.2924,46.4258],[-117.3162,46.4311],[-117.3399,46.4363],[-117.3637,46.4415],[-117.3875,46.4467],[-117.4113,46.452],[-117.435,46.4572],[-117.4588,46.4624],[-117.4826,46.4676],[-117.5015,46.4689],[-117.5203,46.4703],[-117.5392,46.4717],[-117.558,46.473],[-117.5769,46.4744],[-117.5957,46.4758],[-117.6146,46.4771],[-117.6334,46.4785],[-117.6613,46.4706],[-117.6892,46.4626],[-117.683,46.4405],[-117.6769,46.4184],[-117.6708,46.3963],[-117.6646,46.3742],[-117.6854,46.3601],[-117.6646,46.3546],[-117.6438,46.3492],[-117.623,46.3437],[-117.6022,46.3382],[-117.5915,46.3272],[-117.5808,46.3162],[-117.5701,46.3052],[-117.5595,46.2942],[-117.5419,46.2939],[-117.5244,46.2936],[-117.5068,46.2932],[-117.4893,46.2929],[-117.4717,46.2925],[-117.4542,46.2922],[-117.4366,46.2918],[-117.4191,46.2915],[-117.4015,46.2911],[-117.384,46.2908],[-117.3664,46.2904],[-117.3489,46.2901],[-117.3313,46.2897],[-117.3138,46.2893],[-117.2962,46.289],[-117.2787,46.2886],[-117.2576,46.2993],[-117.2365,46.31],[-117.2155,46.3206],[-117.1944,46.3313],[-117.1757,46.3289],[-117.157,46.3265],[-117.1384,46.324],[-117.1197,46.3216],[-117.1032,46.3274],[-117.0868,46.3331],[-117.0703,46.3389],[-117.0539,46.3446],[-117.0539,46.3447],[-117.062,46.3515],[-117.0627,46.363],[-117.0627,46.3634],[-117.0542,46.3729],[-117.0457,46.3823],[-117.045,46.384],[-117.0434,46.3881],[-117.0428,46.3892],[-117.0412,46.3964],[-117.0406,46.3979],[-117.0385,46.405],[-117.0369,46.4078],[-117.0357,46.4095],[-117.0357,46.4095],[-117.0398,46.4259],[-117.0599,46.4252],[-117.08,46.4245],[-117.1001,46.4239],[-117.1202,46.4232],[-117.1403,46.4225],[-117.1604,46.4218],[-117.1805,46.4211],[-117.2006,46.4204]]]},"properties":{"OBJECTID":148,"state":"Washington","agency":"Washington Department of Fish and Game","unit_type":"GMU","unit_id":"178","unit_name":"Peola","unit_label":"Washington GMU 178 - Peola","aliases":"178 | 178 peola | 2025 | game management unit | game management unit 178 | game management unit 178 peola | gmu | gmu 178 | gmu 178 peola | hunt unit | hunt unit 178 | hunt unit 178 peola | hunting unit | hunting unit 178 | hunting unit 178 peola | peola","year":"2025","Shape_Length":127222.63235733371,"Shape_Area":722076437.3091471}},{"type":"Feature","id":149,"geometry":{"type":"Polygon","coordinates":[[[-122.1651,46.4637],[-122.191,46.4621],[-122.2169,46.4606],[-122.2428,46.459],[-122.2687,46.4574],[-122.2806,46.464],[-122.2925,46.4707],[-122.3044,46.4773],[-122.3163,46.484],[-122.3282,46.4906],[-122.3401,46.4973],[-122.3519,46.504],[-122.3638,46.5106],[-122.3897,46.5016],[-122.4155,46.4926],[-122.4413,46.4837],[-122.4671,46.4747],[-122.4892,46.4796],[-122.5113,46.4845],[-122.5334,46.4894],[-122.5555,46.4943],[-122.5777,46.4992],[-122.5998,46.5041],[-122.6219,46.509],[-122.644,46.5139],[-122.6594,46.5077],[-122.6748,46.5015],[-122.6902,46.4953],[-122.7056,46.489],[-122.721,46.4828],[-122.7364,46.4766],[-122.7518,46.4703],[-122.7672,46.4641],[-122.7825,46.4579],[-122.7979,46.4516],[-122.8133,46.4454],[-122.8287,46.4391],[-122.844,46.4329],[-122.8594,46.4266],[-122.8748,46.4204],[-122.8901,46.4141],[-122.9118,46.4098],[-122.9334,46.4055],[-122.9299,46.3819],[-122.9264,46.3582],[-122.9229,46.3346],[-122.9194,46.311],[-122.8981,46.3161],[-122.8767,46.3212],[-122.8554,46.3264],[-122.8341,46.3315],[-122.8176,46.3424],[-122.8012,46.3534],[-122.7848,46.3643],[-122.7684,46.3752],[-122.7545,46.3672],[-122.7407,46.3591],[-122.7269,46.3511],[-122.713,46.343],[-122.6992,46.3349],[-122.6854,46.3269],[-122.6715,46.3188],[-122.6577,46.3108],[-122.6437,46.3157],[-122.6296,46.3206],[-122.6156,46.3256],[-122.6015,46.3305],[-122.5875,46.3355],[-122.5734,46.3404],[-122.5594,46.3453],[-122.5453,46.3503],[-122.5397,46.3874],[-122.5231,46.3866],[-122.5065,46.3858],[-122.4899,46.385],[-122.4733,46.3842],[-122.4567,46.3835],[-122.4401,46.3827],[-122.4235,46.3819],[-122.4069,46.3811],[-122.3903,46.3803],[-122.3737,46.3795],[-122.3571,46.3787],[-122.3405,46.3779],[-122.3239,46.3771],[-122.3073,46.3763],[-122.2907,46.3755],[-122.2741,46.3747],[-122.2551,46.3798],[-122.2361,46.3849],[-122.217,46.3899],[-122.198,46.395],[-122.1808,46.3842],[-122.1635,46.3734],[-122.1463,46.3626],[-122.1291,46.3518],[-122.1132,46.3526],[-122.0974,46.3534],[-122.0816,46.3541],[-122.0658,46.3549],[-122.0872,46.3681],[-122.1085,46.3812],[-122.1299,46.3944],[-122.1513,46.4076],[-122.1751,46.4079],[-122.1988,46.4083],[-122.2076,46.4325],[-122.2164,46.4567],[-122.191,46.4601],[-122.1656,46.4635],[-122.1651,46.4637]]]},"properties":{"OBJECTID":149,"state":"Washington","agency":"Washington Department of Fish and Game","unit_type":"GMU","unit_id":"520","unit_name":"Winston","unit_label":"Washington GMU 520 - Winston","aliases":"2025 | 520 | 520 winston | game management unit | game management unit 520 | game management unit 520 winston | gmu | gmu 520 | gmu 520 winston | hunt unit | hunt unit 520 | hunt unit 520 winston | hunting unit | hunting unit 520 | hunting unit 520 winst","year":"2025","Shape_Length":176450.16408281244,"Shape_Area":757190472.8096077}},{"type":"Feature","id":150,"geometry":{"type":"Polygon","coordinates":[[[-123.9722,46.4856],[-123.9877,46.4732],[-124.0031,46.4609],[-123.9939,46.4478],[-123.9846,46.4346],[-123.9753,46.4215],[-123.9661,46.4084],[-123.9603,46.4221],[-123.9544,46.4358],[-123.9486,46.4495],[-123.9428,46.4633],[-123.9575,46.4744],[-123.9722,46.4856]]]},"properties":{"OBJECTID":150,"state":"Washington","agency":"Washington Department of Fish and Game","unit_type":"GMU","unit_id":"699","unit_name":"Long Island","unit_label":"Washington GMU 699 - Long Island","aliases":"2025 | 699 | 699 long island | game management unit | game management unit 699 | game management unit 699 long island | gmu | gmu 699 | gmu 699 long island | hunt unit | hunt unit 699 | hunt unit 699 long island | hunting unit | hunting unit 699 | huntin","year":"2025","Shape_Length":19804.275022822974,"Shape_Area":19946542.762063522}},{"type":"Feature","id":151,"geometry":{"type":"Polygon","coordinates":[[[-121.9479,46.471],[-121.9526,46.5032],[-121.9573,46.5353],[-121.9875,46.5383],[-122.0177,46.5413],[-122.0479,46.5442],[-122.0781,46.5471],[-122.093,46.5423],[-122.1079,46.5375],[-122.1228,46.5326],[-122.1377,46.5278],[-122.1526,46.523],[-122.1675,46.5181],[-122.1824,46.5133],[-122.1972,46.5084],[-122.1892,46.4972],[-122.1812,46.4861],[-122.1731,46.4749],[-122.1651,46.4637],[-122.1656,46.4635],[-122.1461,46.4654],[-122.1267,46.4672],[-122.1072,46.469],[-122.0877,46.4708],[-122.068,46.4645],[-122.0482,46.4583],[-122.0285,46.452],[-122.0088,46.4457],[-121.9936,46.452],[-121.9784,46.4584],[-121.9632,46.4647],[-121.9479,46.471]]]},"properties":{"OBJECTID":151,"state":"Washington","agency":"Washington Department of Fish and Game","unit_type":"GMU","unit_id":"503","unit_name":"Randle","unit_label":"Washington GMU 503 - Randle","aliases":"2025 | 503 | 503 randle | game management unit | game management unit 503 | game management unit 503 randle | gmu | gmu 503 | gmu 503 randle | hunt unit | hunt unit 503 | hunt unit 503 randle | hunting unit | hunting unit 503 | hunting unit 503 randle |","year":"2025","Shape_Length":50462.55881149029,"Shape_Area":146257903.9394444}},{"type":"Feature","id":152,"geometry":{"type":"Polygon","coordinates":[[[-117.8235,46.5251],[-117.8415,46.5296],[-117.8596,46.5341],[-117.8776,46.5385],[-117.8957,46.543],[-117.9148,46.5347],[-117.9338,46.5264],[-117.9529,46.518],[-117.972,46.5097],[-117.967,46.4955],[-117.9621,46.4812],[-117.9572,46.467],[-117.9523,46.4528],[-117.9474,46.4386],[-117.9425,46.4243],[-117.9376,46.4101],[-117.9327,46.3959],[-117.9428,46.3777],[-117.9529,46.3596],[-117.963,46.3415],[-117.973,46.3234],[-117.9731,46.3233],[-117.9561,46.3278],[-117.9391,46.3322],[-117.9221,46.3366],[-117.9051,46.341],[-117.9038,46.34],[-117.8861,46.3355],[-117.8847,46.3345],[-117.868,46.3364],[-117.8514,46.3384],[-117.8347,46.3403],[-117.818,46.3422],[-117.8013,46.3442],[-117.7846,46.3461],[-117.7679,46.348],[-117.7513,46.35],[-117.7496,46.349],[-117.7215,46.3499],[-117.7178,46.3478],[-117.707,46.3469],[-117.707,46.347],[-117.6854,46.3601],[-117.6646,46.3742],[-117.6708,46.3963],[-117.6769,46.4184],[-117.683,46.4405],[-117.6892,46.4626],[-117.7059,46.4704],[-117.7227,46.4783],[-117.7395,46.4861],[-117.7563,46.4939],[-117.7731,46.5017],[-117.7899,46.5095],[-117.8067,46.5173],[-117.8235,46.5251]]]},"properties":{"OBJECTID":152,"state":"Washington","agency":"Washington Department of Fish and Game","unit_type":"GMU","unit_id":"163","unit_name":"Marengo","unit_label":"Washington GMU 163 - Marengo","aliases":"163 | 163 marengo | 2025 | game management unit | game management unit 163 | game management unit 163 marengo | gmu | gmu 163 | gmu 163 marengo | hunt unit | hunt unit 163 | hunt unit 163 marengo | hunting unit | hunting unit 163 | hunting unit 163 maren","year":"2025","Shape_Length":82659.94843530007,"Shape_Area":394795346.7218925}},{"type":"Feature","id":153,"geometry":{"type":"Polygon","coordinates":[[[-123.3003,46.5701],[-123.3106,46.5615],[-123.321,46.5529],[-123.3456,46.5519],[-123.3702,46.5509],[-123.3947,46.5498],[-123.4193,46.5488],[-123.4439,46.5477],[-123.4685,46.5466],[-123.4931,46.5456],[-123.5177,46.5445],[-123.5429,46.5519],[-123.5682,46.5593],[-123.5935,46.5668],[-123.6188,46.5742],[-123.6255,46.5418],[-123.6323,46.5095],[-123.6391,46.4771],[-123.6459,46.4448],[-123.6536,46.4307],[-123.6614,46.4166],[-123.6691,46.4025],[-123.6768,46.3884],[-123.6915,46.3799],[-123.7062,46.3714],[-123.7208,46.3629],[-123.7355,46.3544],[-123.7249,46.3458],[-123.7143,46.3372],[-123.7037,46.3286],[-123.6931,46.32],[-123.6966,46.2873],[-123.7002,46.2545],[-123.6753,46.2565],[-123.6504,46.2585],[-123.6256,46.2606],[-123.6007,46.2626],[-123.5758,46.2646],[-123.551,46.2666],[-123.5261,46.2686],[-123.5012,46.2706],[-123.4832,46.2666],[-123.4652,46.2626],[-123.4466,46.265],[-123.428,46.2675],[-123.4086,46.2552],[-123.3891,46.243],[-123.3696,46.2308],[-123.3502,46.2186],[-123.3391,46.2272],[-123.328,46.2358],[-123.3169,46.2443],[-123.3058,46.2529],[-123.2947,46.2615],[-123.2836,46.2701],[-123.2725,46.2787],[-123.2614,46.2873],[-123.2526,46.3168],[-123.2439,46.3463],[-123.2643,46.3574],[-123.2848,46.3686],[-123.3053,46.3797],[-123.3258,46.3908],[-123.3292,46.42],[-123.3326,46.4492],[-123.3101,46.4506],[-123.2877,46.452],[-123.2802,46.4819],[-123.2727,46.5118],[-123.2796,46.5264],[-123.2865,46.5409],[-123.2934,46.5555],[-123.3003,46.5701]]]},"properties":{"OBJECTID":153,"state":"Washington","agency":"Washington Department of Fish and Game","unit_type":"GMU","unit_id":"506","unit_name":"Willapa Hills","unit_label":"Washington GMU 506 - Willapa Hills","aliases":"2025 | 506 | 506 willapa hills | game management unit | game management unit 506 | game management unit 506 willapa hills | gmu | gmu 506 | gmu 506 willapa hills | hunt unit | hunt unit 506 | hunt unit 506 willapa hills | hunting unit | hunting unit 506","year":"2025","Shape_Length":143327.07550600643,"Shape_Area":976579144.079583}},{"type":"Feature","id":154,"geometry":{"type":"Polygon","coordinates":[[[-117.8235,46.5251],[-117.8102,46.5334],[-117.797,46.5417],[-117.7837,46.5501],[-117.7705,46.5584],[-117.7775,46.5754],[-117.7846,46.5924],[-117.7916,46.6094],[-117.7987,46.6265],[-117.8159,46.6253],[-117.833,46.6241],[-117.8502,46.6229],[-117.8674,46.6218],[-117.877,46.6042],[-117.8866,46.5867],[-117.9034,46.5881],[-117.9202,46.5894],[-117.9369,46.5907],[-117.9537,46.592],[-117.9812,46.5877],[-118.0087,46.5834],[-118.0361,46.5791],[-118.0636,46.5748],[-118.091,46.5705],[-118.1185,46.5661],[-118.1459,46.5618],[-118.1734,46.5575],[-118.1839,46.5654],[-118.1944,46.5733],[-118.2049,46.5812],[-118.2153,46.5891],[-118.2311,46.5897],[-118.2468,46.5903],[-118.2625,46.5909],[-118.2783,46.5915],[-118.294,46.5921],[-118.3097,46.5927],[-118.3254,46.5933],[-118.3412,46.5939],[-118.3569,46.5945],[-118.3726,46.5951],[-118.3884,46.5957],[-118.4041,46.5963],[-118.4198,46.5969],[-118.4356,46.5975],[-118.4513,46.5981],[-118.467,46.5986],[-118.4861,46.586],[-118.5052,46.5734],[-118.5242,46.5607],[-118.5432,46.5481],[-118.5623,46.5355],[-118.5813,46.5228],[-118.6003,46.5102],[-118.6194,46.4975],[-118.6236,46.4759],[-118.6278,46.4543],[-118.632,46.4327],[-118.6362,46.4111],[-118.6498,46.4048],[-118.6634,46.3985],[-118.677,46.3921],[-118.6906,46.3858],[-118.7042,46.3794],[-118.7178,46.3731],[-118.7314,46.3667],[-118.745,46.3604],[-118.7529,46.3428],[-118.7608,46.3253],[-118.7688,46.3077],[-118.7767,46.2902],[-118.7986,46.2804],[-118.8206,46.2707],[-118.8425,46.2609],[-118.8645,46.2512],[-118.8913,46.248],[-118.9181,46.2449],[-118.945,46.2418],[-118.9718,46.2387],[-118.9892,46.2272],[-119.0067,46.2157],[-119.0242,46.2042],[-119.0416,46.1927],[-119.0249,46.1794],[-119.0081,46.1661],[-118.9914,46.1528],[-118.9747,46.1395],[-118.9663,46.1121],[-118.9579,46.0848],[-118.9496,46.0574],[-118.9412,46.03],[-118.9527,46.0225],[-118.9641,46.015],[-118.9755,46.0075],[-118.987,46.0],[-118.9872,45.9999],[-118.9773,46.0004],[-118.9756,46.0004],[-118.9656,46.0004],[-118.9599,46.0005],[-118.9378,46.0005],[-118.9157,46.0006],[-118.8935,46.0007],[-118.8714,46.0008],[-118.8493,46.0008],[-118.8272,46.0009],[-118.8051,46.001],[-118.783,46.001],[-118.7639,46.0011],[-118.7447,46.0011],[-118.7255,46.0011],[-118.7064,46.0011],[-118.685,46.0011],[-118.6637,46.0011],[-118.6423,46.001],[-118.621,46.001],[-118.6032,46.001],[-118.5873,46.001],[-118.5714,46.001],[-118.5555,46.0009],[-118.5396,46.0009],[-118.5237,46.0009],[-118.5078,46.0009],[-118.4919,46.0008],[-118.476,46.0008],[-118.4561,46.0008],[-118.4308,46.0008],[-118.4054,46.0007],[-118.3944,46.0007],[-118.3921,46.0007],[-118.3874,46.0007],[-118.3792,46.011],[-118.371,46.0212],[-118.3628,46.0315],[-118.3546,46.0417],[-118.3464,46.052],[-118.3382,46.0622],[-118.33,46.0725],[-118.3218,46.0827],[-118.2909,46.0854],[-118.26,46.0881],[-118.2461,46.0949],[-118.2322,46.1018],[-118.2182,46.1086],[-118.2043,46.1154],[-118.1904,46.1223],[-118.1764,46.1291],[-118.1625,46.1359],[-118.1486,46.1427],[-118.1509,46.2064],[-118.1533,46.2701],[-118.1375,46.2728],[-118.1217,46.2755],[-118.106,46.2781],[-118.0902,46.2808],[-118.0744,46.2835],[-118.0586,46.2861],[-118.0429,46.2888],[-118.0271,46.2915],[-118.0228,46.2942],[-118.0103,46.3015],[-117.9979,46.3088],[-117.9855,46.3161],[-117.9731,46.3233],[-117.973,46.3234],[-117.963,46.3415],[-117.9529,46.3596],[-117.9428,46.3777],[-117.9327,46.3959],[-117.9376,46.4101],[-117.9425,46.4243],[-117.9474,46.4386],[-117.9523,46.4528],[-117.9572,46.467],[-117.9621,46.4812],[-117.967,46.4955],[-117.972,46.5097],[-117.9529,46.518],[-117.9338,46.5264],[-117.9148,46.5347],[-117.8957,46.543],[-117.8776,46.5385],[-117.8596,46.5341],[-117.8415,46.5296],[-117.8235,46.5251]]]},"properties":{"OBJECTID":154,"state":"Washington","agency":"Washington Department of Fish and Game","unit_type":"GMU","unit_id":"149","unit_name":"Prescott","unit_label":"Washington GMU 149 - Prescott","aliases":"149 | 149 prescott | 2025 | game management unit | game management unit 149 | game management unit 149 prescott | gmu | gmu 149 | gmu 149 prescott | hunt unit | hunt unit 149 | hunt unit 149 prescott | hunting unit | hunting unit 149 | hunting unit 149 p","year":"2025","Shape_Length":299061.4169432283,"Shape_Area":3675828171.0064726}},{"type":"Feature","id":155,"geometry":{"type":"Polygon","coordinates":[[[-122.8901,46.4141],[-122.8868,46.4518],[-122.8835,46.4896],[-122.8801,46.5273],[-122.8768,46.565],[-122.8895,46.5769],[-122.9022,46.5889],[-122.9149,46.6008],[-122.9276,46.6127],[-122.9403,46.6246],[-122.953,46.6366],[-122.9658,46.6485],[-122.9785,46.6604],[-122.9982,46.6526],[-123.0179,46.6447],[-123.0376,46.6369],[-123.0573,46.6291],[-123.077,46.6212],[-123.0967,46.6134],[-123.1164,46.6055],[-123.1361,46.5977],[-123.1526,46.6144],[-123.1692,46.6312],[-123.1957,46.6311],[-123.2222,46.631],[-123.2488,46.6309],[-123.2753,46.6308],[-123.2816,46.6156],[-123.2878,46.6004],[-123.294,46.5852],[-123.3003,46.5701],[-123.2934,46.5555],[-123.2865,46.5409],[-123.2796,46.5264],[-123.2727,46.5118],[-123.2802,46.4819],[-123.2877,46.452],[-123.3101,46.4506],[-123.3326,46.4492],[-123.3292,46.42],[-123.3258,46.3908],[-123.3053,46.3797],[-123.2848,46.3686],[-123.2643,46.3574],[-123.2439,46.3463],[-123.2526,46.3168],[-123.2614,46.2873],[-123.2725,46.2787],[-123.2836,46.2701],[-123.2947,46.2615],[-123.3058,46.2529],[-123.3169,46.2443],[-123.328,46.2358],[-123.3391,46.2272],[-123.3502,46.2186],[-123.3696,46.2308],[-123.3891,46.243],[-123.4086,46.2552],[-123.428,46.2675],[-123.4466,46.265],[-123.4652,46.2626],[-123.4545,46.2551],[-123.4437,46.2476],[-123.4305,46.2357],[-123.4237,46.2188],[-123.43,46.1915],[-123.43,46.1913],[-123.4284,46.1798],[-123.4123,46.1672],[-123.3962,46.1546],[-123.3905,46.1501],[-123.374,46.1506],[-123.3575,46.1511],[-123.341,46.1516],[-123.3244,46.152],[-123.3079,46.1525],[-123.2914,46.153],[-123.2749,46.1535],[-123.2583,46.154],[-123.2518,46.1571],[-123.2322,46.1665],[-123.2059,46.1715],[-123.1796,46.1766],[-123.1533,46.1816],[-123.1269,46.1866],[-123.1309,46.223],[-123.1348,46.2593],[-123.1181,46.2724],[-123.1015,46.2855],[-123.0826,46.2744],[-123.0638,46.2632],[-123.045,46.2521],[-123.0262,46.241],[-123.0147,46.2541],[-123.0031,46.2671],[-122.9916,46.2801],[-122.98,46.2932],[-122.9634,46.2886],[-122.9467,46.2839],[-122.93,46.2793],[-122.9134,46.2747],[-122.9194,46.311],[-122.9229,46.3346],[-122.9264,46.3582],[-122.9299,46.3819],[-122.9334,46.4055],[-122.9118,46.4098],[-122.8901,46.4141]]]},"properties":{"OBJECTID":155,"state":"Washington","agency":"Washington Department of Fish and Game","unit_type":"GMU","unit_id":"530","unit_name":"Ryderwood","unit_label":"Washington GMU 530 - Ryderwood","aliases":"2025 | 530 | 530 ryderwood | game management unit | game management unit 530 | game management unit 530 ryderwood | gmu | gmu 530 | gmu 530 ryderwood | hunt unit | hunt unit 530 | hunt unit 530 ryderwood | hunting unit | hunting unit 530 | hunting unit 5","year":"2025","Shape_Length":208848.36410288507,"Shape_Area":1416914027.624214}},{"type":"Feature","id":156,"geometry":{"type":"Polygon","coordinates":[[[-120.9152,46.6951],[-120.9152,46.6951],[-120.9193,46.6954],[-120.9331,46.6894],[-120.9468,46.6833],[-120.9606,46.6773],[-120.9743,46.6713],[-121.0008,46.6723],[-121.0272,46.6734],[-121.0536,46.6745],[-121.0801,46.6755],[-121.0984,46.6677],[-121.1166,46.6599],[-121.1349,46.6521],[-121.1532,46.6442],[-121.1815,46.6442],[-121.2098,46.6441],[-121.2381,46.644],[-121.2664,46.6439],[-121.2947,46.6438],[-121.323,46.6438],[-121.3513,46.6436],[-121.3796,46.6435],[-121.3798,46.6435],[-121.3866,46.6234],[-121.3934,46.6033],[-121.4003,46.5833],[-121.4071,46.5632],[-121.4139,46.5431],[-121.4208,46.523],[-121.4276,46.503],[-121.4344,46.4829],[-121.4199,46.4794],[-121.4054,46.4759],[-121.391,46.4724],[-121.3765,46.4689],[-121.362,46.4654],[-121.3475,46.4619],[-121.333,46.4584],[-121.3186,46.4549],[-121.3049,46.462],[-121.2911,46.4691],[-121.2774,46.4762],[-121.2637,46.4834],[-121.25,46.4905],[-121.2363,46.4976],[-121.2225,46.5047],[-121.2088,46.5118],[-121.2088,46.5118],[-121.215,46.5186],[-121.2184,46.534],[-121.2186,46.5367],[-121.2175,46.538],[-121.2119,46.5433],[-121.2097,46.5461],[-121.2059,46.5499],[-121.1957,46.5572],[-121.1956,46.5572],[-121.1656,46.5583],[-121.1655,46.5583],[-121.1475,46.563],[-121.1295,46.5676],[-121.1114,46.5723],[-121.0934,46.5769],[-121.0786,46.5918],[-121.0638,46.6066],[-121.0491,46.6215],[-121.0343,46.6363],[-121.0341,46.6365],[-121.0309,46.6375],[-121.0306,46.6375],[-121.0299,46.6374],[-121.0289,46.6373],[-121.0258,46.6377],[-121.025,46.638],[-121.0241,46.6384],[-121.0187,46.6412],[-121.0177,46.6407],[-121.0125,46.6411],[-121.0124,46.6384],[-120.9836,46.6443],[-120.9827,46.6437],[-120.9683,46.65],[-120.954,46.6564],[-120.9605,46.6553],[-120.9618,46.6561],[-120.9603,46.6575],[-120.9564,46.6605],[-120.9502,46.6622],[-120.9324,46.6776],[-120.9147,46.6931],[-120.9154,46.6931],[-120.9178,46.6939],[-120.9204,46.6931],[-120.9185,46.6952],[-120.9172,46.6948],[-120.9152,46.6951]]]},"properties":{"OBJECTID":156,"state":"Washington","agency":"Washington Department of Fish and Game","unit_type":"GMU","unit_id":"364","unit_name":"Rimrock","unit_label":"Washington GMU 364 - Rimrock","aliases":"2025 | 364 | 364 rimrock | game management unit | game management unit 364 | game management unit 364 rimrock | gmu | gmu 364 | gmu 364 rimrock | hunt unit | hunt unit 364 | hunt unit 364 rimrock | hunting unit | hunting unit 364 | hunting unit 364 rimro","year":"2025","Shape_Length":112142.98736339249,"Shape_Area":427558807.44564384}},{"type":"Feature","id":157,"geometry":{"type":"Polygon","coordinates":[[[-123.953,46.3719],[-123.9837,46.3752],[-124.0143,46.3786],[-124.0186,46.4084],[-124.0229,46.4382],[-124.0272,46.468],[-124.0315,46.4979],[-124.0276,46.5402],[-124.0236,46.5826],[-124.0351,46.5946],[-124.0466,46.6066],[-124.0581,46.6186],[-124.0696,46.6306],[-124.0663,46.5957],[-124.0631,46.5608],[-124.0598,46.5258],[-124.0566,46.4909],[-124.0586,46.4491],[-124.0607,46.4073],[-124.0627,46.3655],[-124.0648,46.3238],[-124.0727,46.2955],[-124.0807,46.2672],[-124.0677,46.2754],[-124.0547,46.2836],[-124.0417,46.2918],[-124.0287,46.3],[-124.0156,46.3082],[-124.0026,46.3164],[-123.9896,46.3246],[-123.9766,46.3328],[-123.9648,46.3523],[-123.953,46.3719]]]},"properties":{"OBJECTID":157,"state":"Washington","agency":"Washington Department of Fish and Game","unit_type":"GMU","unit_id":"684","unit_name":"Long Beach","unit_label":"Washington GMU 684 - Long Beach","aliases":"2025 | 684 | 684 long beach | game management unit | game management unit 684 | game management unit 684 long beach | gmu | gmu 684 | gmu 684 long beach | hunt unit | hunt unit 684 | hunt unit 684 long beach | hunting unit | hunting unit 684 | hunting un","year":"2025","Shape_Length":89866.72440636696,"Shape_Area":131319302.18376806}},{"type":"Feature","id":158,"geometry":{"type":"Polygon","coordinates":[[[-121.4887,46.6694],[-121.5086,46.676],[-121.5285,46.6826],[-121.5484,46.6892],[-121.5683,46.6958],[-121.5803,46.6859],[-121.5924,46.676],[-121.6045,46.6661],[-121.6166,46.6562],[-121.6286,46.6464],[-121.6407,46.6365],[-121.6527,46.6266],[-121.6648,46.6167],[-121.6768,46.6068],[-121.6889,46.5969],[-121.7009,46.5871],[-121.713,46.5772],[-121.725,46.5673],[-121.737,46.5574],[-121.7491,46.5475],[-121.7611,46.5376],[-121.7814,46.5372],[-121.8017,46.5368],[-121.8219,46.5364],[-121.8422,46.5359],[-121.8625,46.5355],[-121.8828,46.5351],[-121.9031,46.5346],[-121.9233,46.5342],[-121.9403,46.5348],[-121.9573,46.5353],[-121.9526,46.5032],[-121.9479,46.471],[-121.9632,46.4647],[-121.9784,46.4584],[-121.9936,46.452],[-122.0088,46.4457],[-122.0285,46.452],[-122.0482,46.4583],[-122.068,46.4645],[-122.0877,46.4708],[-122.1072,46.469],[-122.1267,46.4672],[-122.1461,46.4654],[-122.1656,46.4635],[-122.191,46.4601],[-122.2164,46.4567],[-122.2076,46.4325],[-122.1988,46.4083],[-122.1751,46.4079],[-122.1513,46.4076],[-122.1299,46.3944],[-122.1085,46.3812],[-122.0872,46.3681],[-122.0658,46.3549],[-122.0732,46.3306],[-122.0806,46.3063],[-122.0739,46.2963],[-122.0598,46.3068],[-122.0458,46.3173],[-122.0284,46.3089],[-122.011,46.3006],[-121.9937,46.2922],[-121.9763,46.2838],[-121.9571,46.2908],[-121.9378,46.2977],[-121.9155,46.2891],[-121.8931,46.2805],[-121.8708,46.2718],[-121.8484,46.2632],[-121.829,46.2687],[-121.8096,46.2743],[-121.7902,46.2798],[-121.7708,46.2853],[-121.7555,46.2993],[-121.7401,46.3132],[-121.7247,46.3271],[-121.7093,46.3411],[-121.693,46.3408],[-121.6767,46.3405],[-121.6604,46.3402],[-121.644,46.34],[-121.6232,46.3503],[-121.6024,46.3607],[-121.5816,46.371],[-121.5608,46.3814],[-121.5561,46.3992],[-121.5513,46.417],[-121.5249,46.4207],[-121.4984,46.4245],[-121.472,46.4282],[-121.4455,46.4319],[-121.4368,46.45],[-121.4281,46.4681],[-121.4344,46.4829],[-121.4276,46.503],[-121.4208,46.523],[-121.4139,46.5431],[-121.4071,46.5632],[-121.4003,46.5833],[-121.3934,46.6033],[-121.3866,46.6234],[-121.3798,46.6435],[-121.3951,46.6385],[-121.4104,46.6336],[-121.4257,46.6286],[-121.441,46.6237],[-121.453,46.6351],[-121.4649,46.6466],[-121.4768,46.658],[-121.4887,46.6694]]]},"properties":{"OBJECTID":158,"state":"Washington","agency":"Washington Department of Fish and Game","unit_type":"GMU","unit_id":"516","unit_name":"Packwood","unit_label":"Washington GMU 516 - Packwood","aliases":"2025 | 516 | 516 packwood | game management unit | game management unit 516 | game management unit 516 packwood | gmu | gmu 516 | gmu 516 packwood | hunt unit | hunt unit 516 | hunt unit 516 packwood | hunting unit | hunting unit 516 | hunting unit 516 p","year":"2025","Shape_Length":195077.50802170095,"Shape_Area":1430426450.0621355}},{"type":"Feature","id":159,"geometry":{"type":"Polygon","coordinates":[[[-119.2399,46.2478],[-119.2536,46.259],[-119.2672,46.2702],[-119.269,46.3317],[-119.2708,46.3933],[-119.2726,46.4549],[-119.2744,46.5165],[-119.2909,46.5284],[-119.3073,46.5403],[-119.3237,46.5523],[-119.3402,46.5642],[-119.3566,46.5761],[-119.3731,46.5881],[-119.3895,46.6],[-119.406,46.6119],[-119.414,46.6341],[-119.4219,46.6563],[-119.4343,46.6643],[-119.4467,46.6722],[-119.4591,46.6802],[-119.4715,46.6882],[-119.4839,46.6961],[-119.4963,46.7041],[-119.5088,46.712],[-119.5212,46.72],[-119.5311,46.7117],[-119.541,46.7034],[-119.551,46.6951],[-119.5609,46.6868],[-119.5708,46.6785],[-119.5807,46.6702],[-119.5906,46.6619],[-119.6005,46.6536],[-119.6171,46.6523],[-119.6336,46.6509],[-119.6501,46.6495],[-119.6666,46.6481],[-119.6832,46.6467],[-119.6997,46.6454],[-119.7162,46.644],[-119.7327,46.6426],[-119.7586,46.6383],[-119.7846,46.634],[-119.8105,46.6298],[-119.8364,46.6255],[-119.8549,46.6302],[-119.8733,46.635],[-119.8918,46.6398],[-119.9103,46.6445],[-119.9132,46.5999],[-119.9162,46.5553],[-119.9396,46.5546],[-119.963,46.5539],[-119.9864,46.5531],[-120.0098,46.5524],[-120.0332,46.5517],[-120.0566,46.5509],[-120.08,46.5502],[-120.1034,46.5494],[-120.1165,46.5632],[-120.1297,46.5771],[-120.156,46.5776],[-120.1823,46.5781],[-120.2086,46.5785],[-120.2349,46.579],[-120.2613,46.5795],[-120.2876,46.58],[-120.3139,46.5804],[-120.3402,46.5809],[-120.3397,46.6498],[-120.3662,46.6498],[-120.3928,46.6498],[-120.4193,46.6498],[-120.4458,46.6497],[-120.4635,46.6637],[-120.4813,46.6777],[-120.4912,46.6794],[-120.4976,46.6673],[-120.504,46.6552],[-120.5104,46.6431],[-120.5168,46.631],[-120.5027,46.6191],[-120.4885,46.6072],[-120.4744,46.5952],[-120.4603,46.5833],[-120.4668,46.556],[-120.4733,46.5288],[-120.4743,46.5279],[-120.4744,46.5278],[-120.471,46.521],[-120.471,46.5208],[-120.4609,46.5121],[-120.4509,46.5033],[-120.4409,46.4946],[-120.4309,46.4858],[-120.4267,46.4852],[-120.4143,46.4766],[-120.4018,46.4679],[-120.3987,46.467],[-120.3923,46.4637],[-120.3734,46.455],[-120.3607,46.4483],[-120.3479,46.4417],[-120.3481,46.4401],[-120.3503,46.4385],[-120.3504,46.4384],[-120.3398,46.4271],[-120.3291,46.4159],[-120.3275,46.4152],[-120.3068,46.4045],[-120.3062,46.4042],[-120.2962,46.4066],[-120.2927,46.4067],[-120.2787,46.3978],[-120.2754,46.3972],[-120.255,46.3953],[-120.2515,46.3931],[-120.2501,46.3925],[-120.2487,46.3921],[-120.2436,46.3836],[-120.2436,46.3836],[-120.2435,46.3834],[-120.2432,46.3831],[-120.2395,46.3815],[-120.2378,46.3825],[-120.2378,46.3846],[-120.2235,46.3736],[-120.2236,46.373],[-120.2236,46.3728],[-120.2201,46.3688],[-120.2146,46.3652],[-120.2141,46.3663],[-120.2139,46.3663],[-120.2137,46.3663],[-120.2117,46.3651],[-120.2108,46.3641],[-120.2223,46.354],[-120.2214,46.3518],[-120.2039,46.3404],[-120.1863,46.329],[-120.1834,46.3312],[-120.1616,46.3224],[-120.1399,46.3136],[-120.1397,46.314],[-120.1246,46.3093],[-120.1246,46.3083],[-120.1249,46.2994],[-120.1189,46.2978],[-120.1119,46.2962],[-120.1126,46.3015],[-120.0994,46.2969],[-120.097,46.2966],[-120.0926,46.2759],[-120.0927,46.2754],[-120.0984,46.266],[-120.0989,46.2661],[-120.102,46.265],[-120.0961,46.2587],[-120.0961,46.2585],[-120.1003,46.2567],[-120.1089,46.26],[-120.1067,46.2589],[-120.0944,46.2508],[-120.0821,46.2427],[-120.082,46.2427],[-120.0816,46.243],[-120.0814,46.2432],[-120.0795,46.2508],[-120.0848,46.2539],[-120.0698,46.2459],[-120.0548,46.2378],[-120.0528,46.2379],[-120.0262,46.2344],[-119.9996,46.2309],[-119.9816,46.226],[-119.9637,46.2211],[-119.9457,46.2162],[-119.9277,46.2113],[-119.9098,46.2064],[-119.8918,46.2015],[-119.8739,46.1966],[-119.8559,46.1917],[-119.838,46.1938],[-119.82,46.1959],[-119.8021,46.198],[-119.7841,46.2001],[-119.7586,46.2066],[-119.733,46.2132],[-119.7074,46.2198],[-119.6818,46.2263],[-119.6642,46.2328],[-119.6466,46.2393],[-119.6289,46.2457],[-119.6113,46.2522],[-119.5937,46.2587],[-119.576,46.2651],[-119.5584,46.2716],[-119.5408,46.2781],[-119.5269,46.2721],[-119.513,46.2661],[-119.4991,46.2601],[-119.4852,46.254],[-119.489,46.2899],[-119.4929,46.3258],[-119.4697,46.3366],[-119.4466,46.3474],[-119.4235,46.3581],[-119.4003,46.3689],[-119.3888,46.3559],[-119.3773,46.3429],[-119.3659,46.3299],[-119.3544,46.3169],[-119.3429,46.3039],[-119.3314,46.2909],[-119.3199,46.2779],[-119.3085,46.2649],[-119.2913,46.2607],[-119.2742,46.2564],[-119.257,46.2521],[-119.2399,46.2478]]]},"properties":{"OBJECTID":159,"state":"Washington","agency":"Washington Department of Fish and Game","unit_type":"GMU","unit_id":"372","unit_name":"Rattlesnake Hills","unit_label":"Washington GMU 372 - Rattlesnake Hills","aliases":"2025 | 372 | 372 rattlesnake hills | game management unit | game management unit 372 | game management unit 372 rattlesnake hills | gmu | gmu 372 | gmu 372 rattlesnake hills | hunt unit | hunt unit 372 | hunt unit 372 rattlesnake hills | hunting unit | h","year":"2025","Shape_Length":319473.06254621636,"Shape_Area":3249584959.8208528}},{"type":"Feature","id":160,"geometry":{"type":"Polygon","coordinates":[[[-122.2752,46.5583],[-122.296,46.5637],[-122.3168,46.5691],[-122.3376,46.5745],[-122.3584,46.5799],[-122.3792,46.5852],[-122.4,46.5906],[-122.4208,46.596],[-122.4417,46.6013],[-122.4634,46.6029],[-122.4851,46.6046],[-122.5069,46.6062],[-122.5286,46.6077],[-122.5504,46.6093],[-122.5721,46.6109],[-122.5938,46.6125],[-122.6156,46.6141],[-122.6373,46.6157],[-122.6591,46.6173],[-122.6808,46.6188],[-122.7026,46.6204],[-122.7243,46.622],[-122.7461,46.6235],[-122.7678,46.6251],[-122.7896,46.6266],[-122.8015,46.6433],[-122.8134,46.6599],[-122.8308,46.6599],[-122.8482,46.6599],[-122.8656,46.6599],[-122.883,46.6598],[-122.8946,46.6663],[-122.9061,46.6728],[-122.9177,46.6793],[-122.9293,46.6858],[-122.9408,46.6923],[-122.9524,46.6988],[-122.964,46.7053],[-122.9756,46.7118],[-122.9785,46.6604],[-122.9658,46.6485],[-122.953,46.6366],[-122.9403,46.6246],[-122.9276,46.6127],[-122.9149,46.6008],[-122.9022,46.5889],[-122.8895,46.5769],[-122.8768,46.565],[-122.8801,46.5273],[-122.8835,46.4896],[-122.8868,46.4518],[-122.8901,46.4141],[-122.8748,46.4204],[-122.8594,46.4266],[-122.844,46.4329],[-122.8287,46.4391],[-122.8133,46.4454],[-122.7979,46.4516],[-122.7825,46.4579],[-122.7672,46.4641],[-122.7518,46.4703],[-122.7364,46.4766],[-122.721,46.4828],[-122.7056,46.489],[-122.6902,46.4953],[-122.6748,46.5015],[-122.6594,46.5077],[-122.644,46.5139],[-122.6219,46.509],[-122.5998,46.5041],[-122.5777,46.4992],[-122.5555,46.4943],[-122.5334,46.4894],[-122.5113,46.4845],[-122.4892,46.4796],[-122.4671,46.4747],[-122.4413,46.4837],[-122.4155,46.4926],[-122.3897,46.5016],[-122.3638,46.5106],[-122.3519,46.504],[-122.3401,46.4973],[-122.3282,46.4906],[-122.3163,46.484],[-122.3044,46.4773],[-122.2925,46.4707],[-122.2806,46.464],[-122.2687,46.4574],[-122.2428,46.459],[-122.2169,46.4606],[-122.191,46.4621],[-122.1651,46.4637],[-122.1731,46.4749],[-122.1812,46.4861],[-122.1892,46.4972],[-122.1972,46.5084],[-122.2167,46.5209],[-122.2362,46.5334],[-122.2557,46.5459],[-122.2752,46.5583]]]},"properties":{"OBJECTID":160,"state":"Washington","agency":"Washington Department of Fish and Game","unit_type":"GMU","unit_id":"505","unit_name":"Mossyrock","unit_label":"Washington GMU 505 - Mossyrock","aliases":"2025 | 505 | 505 mossyrock | game management unit | game management unit 505 | game management unit 505 mossyrock | gmu | gmu 505 | gmu 505 mossyrock | hunt unit | hunt unit 505 | hunt unit 505 mossyrock | hunting unit | hunting unit 505 | hunting unit 5","year":"2025","Shape_Length":171009.61754769823,"Shape_Area":784531856.9083979}},{"type":"Feature","id":161,"geometry":{"type":"Polygon","coordinates":[[[-117.2006,46.4204],[-117.2073,46.436],[-117.214,46.4516],[-117.2207,46.4672],[-117.2274,46.4828],[-117.2341,46.4983],[-117.2408,46.5139],[-117.2475,46.5295],[-117.2543,46.5451],[-117.2703,46.5538],[-117.2864,46.5625],[-117.3024,46.5712],[-117.3185,46.5799],[-117.3345,46.5886],[-117.3506,46.5973],[-117.3667,46.606],[-117.3827,46.6147],[-117.393,46.6253],[-117.4032,46.6359],[-117.4135,46.6465],[-117.4237,46.6572],[-117.434,46.6678],[-117.4442,46.6784],[-117.4545,46.689],[-117.4648,46.6996],[-117.4814,46.6962],[-117.498,46.6929],[-117.5147,46.6895],[-117.5313,46.6861],[-117.5479,46.6827],[-117.5645,46.6793],[-117.5812,46.6759],[-117.5978,46.6725],[-117.6113,46.6796],[-117.6248,46.6867],[-117.6382,46.6937],[-117.6517,46.7008],[-117.674,46.6993],[-117.6963,46.6977],[-117.7186,46.6961],[-117.7409,46.6946],[-117.7553,46.6776],[-117.7698,46.6605],[-117.7843,46.6435],[-117.7987,46.6265],[-117.7916,46.6094],[-117.7846,46.5924],[-117.7775,46.5754],[-117.7705,46.5584],[-117.7837,46.5501],[-117.797,46.5417],[-117.8102,46.5334],[-117.8235,46.5251],[-117.8067,46.5173],[-117.7899,46.5095],[-117.7731,46.5017],[-117.7563,46.4939],[-117.7395,46.4861],[-117.7227,46.4783],[-117.7059,46.4704],[-117.6892,46.4626],[-117.6613,46.4706],[-117.6334,46.4785],[-117.6146,46.4771],[-117.5957,46.4758],[-117.5769,46.4744],[-117.558,46.473],[-117.5392,46.4717],[-117.5203,46.4703],[-117.5015,46.4689],[-117.4826,46.4676],[-117.4588,46.4624],[-117.435,46.4572],[-117.4113,46.452],[-117.3875,46.4467],[-117.3637,46.4415],[-117.3399,46.4363],[-117.3162,46.4311],[-117.2924,46.4258],[-117.2695,46.4245],[-117.2465,46.4231],[-117.2236,46.4218],[-117.2006,46.4204]]]},"properties":{"OBJECTID":161,"state":"Washington","agency":"Washington Department of Fish and Game","unit_type":"GMU","unit_id":"145","unit_name":"Mayview","unit_label":"Washington GMU 145 - Mayview","aliases":"145 | 145 mayview | 2025 | game management unit | game management unit 145 | game management unit 145 mayview | gmu | gmu 145 | gmu 145 mayview | hunt unit | hunt unit 145 | hunt unit 145 mayview | hunting unit | hunting unit 145 | hunting unit 145 mayvi","year":"2025","Shape_Length":134329.35905444736,"Shape_Area":914469894.7527846}},{"type":"Feature","id":162,"geometry":{"type":"Polygon","coordinates":[[[-120.5168,46.631],[-120.5472,46.6294],[-120.5775,46.6277],[-120.5862,46.6319],[-120.5965,46.6418],[-120.6067,46.6518],[-120.6169,46.6618],[-120.6272,46.6717],[-120.6374,46.6817],[-120.6477,46.6917],[-120.6579,46.7016],[-120.6682,46.7116],[-120.683,46.7162],[-120.6979,46.7208],[-120.7127,46.7254],[-120.7275,46.73],[-120.7424,46.7345],[-120.7572,46.7391],[-120.7721,46.7437],[-120.7869,46.7483],[-120.7886,46.7463],[-120.8045,46.7328],[-120.8204,46.7193],[-120.8254,46.7208],[-120.8355,46.7192],[-120.8418,46.7216],[-120.8581,46.7146],[-120.8745,46.7077],[-120.8908,46.7007],[-120.9071,46.6937],[-120.9082,46.6939],[-120.9105,46.6943],[-120.9138,46.6949],[-120.9152,46.6951],[-120.9172,46.6948],[-120.9185,46.6952],[-120.9204,46.6931],[-120.9178,46.6939],[-120.9154,46.6931],[-120.9147,46.6931],[-120.9324,46.6776],[-120.9502,46.6622],[-120.9564,46.6605],[-120.9603,46.6575],[-120.9618,46.6561],[-120.9605,46.6553],[-120.954,46.6564],[-120.9683,46.65],[-120.9827,46.6437],[-120.9836,46.6443],[-121.0124,46.6384],[-121.0125,46.6411],[-121.0177,46.6407],[-121.0187,46.6412],[-121.0241,46.6384],[-121.025,46.638],[-121.0258,46.6377],[-121.0289,46.6373],[-121.0299,46.6374],[-121.0306,46.6375],[-121.0309,46.6375],[-121.0341,46.6365],[-121.0343,46.6363],[-121.0491,46.6215],[-121.0638,46.6066],[-121.0786,46.5918],[-121.0934,46.5769],[-121.1114,46.5723],[-121.1295,46.5676],[-121.1475,46.563],[-121.1655,46.5583],[-121.1656,46.5583],[-121.1956,46.5572],[-121.1957,46.5572],[-121.2059,46.5499],[-121.2097,46.5461],[-121.2119,46.5433],[-121.2175,46.538],[-121.2186,46.5367],[-121.2184,46.534],[-121.215,46.5186],[-121.2088,46.5118],[-121.2081,46.5114],[-121.2034,46.5103],[-121.2028,46.51],[-121.2022,46.5098],[-121.1922,46.5007],[-121.1903,46.5003],[-121.1895,46.4999],[-121.1894,46.4999],[-121.1882,46.4992],[-121.1728,46.498],[-121.1665,46.4949],[-121.1645,46.4942],[-121.1629,46.4929],[-121.1527,46.4909],[-121.1451,46.4811],[-121.1375,46.4713],[-121.1369,46.471],[-121.1364,46.4708],[-121.1341,46.4699],[-121.1337,46.4698],[-121.1256,46.4705],[-121.1188,46.4438],[-121.1094,46.4418],[-121.1,46.4406],[-121.0998,46.4406],[-121.0997,46.4405],[-121.0996,46.4405],[-121.0993,46.4404],[-121.0924,46.439],[-121.0903,46.4388],[-121.0888,46.4393],[-121.0877,46.4401],[-121.0855,46.4413],[-121.0839,46.4414],[-121.0822,46.4416],[-121.0776,46.4421],[-121.0769,46.4424],[-121.0645,46.4449],[-121.0636,46.4463],[-121.0626,46.4478],[-121.0625,46.4479],[-121.06,46.4494],[-121.0577,46.45],[-121.05,46.4561],[-121.0491,46.457],[-121.0345,46.465],[-121.0342,46.4659],[-121.0342,46.4659],[-121.034,46.4661],[-121.0315,46.4667],[-121.0298,46.4669],[-121.0187,46.4704],[-121.0182,46.4707],[-121.0055,46.4761],[-121.0042,46.4769],[-121.0012,46.4785],[-120.9849,46.4845],[-120.9685,46.4906],[-120.9678,46.4904],[-120.9557,46.4921],[-120.9555,46.4921],[-120.9546,46.492],[-120.953,46.4919],[-120.953,46.4919],[-120.9383,46.499],[-120.9236,46.506],[-120.9089,46.5131],[-120.8942,46.5201],[-120.8936,46.52],[-120.8893,46.5212],[-120.8889,46.5214],[-120.8888,46.5214],[-120.8885,46.5215],[-120.8881,46.5214],[-120.8729,46.5267],[-120.8728,46.5267],[-120.8694,46.5267],[-120.8683,46.5258],[-120.8679,46.5256],[-120.867,46.5253],[-120.8668,46.5253],[-120.8667,46.5253],[-120.8661,46.5255],[-120.8656,46.5255],[-120.865,46.5257],[-120.8644,46.5255],[-120.8636,46.5256],[-120.8606,46.5248],[-120.8598,46.5251],[-120.8598,46.5241],[-120.8589,46.5242],[-120.858,46.5233],[-120.8577,46.5233],[-120.8574,46.5232],[-120.8561,46.5232],[-120.8553,46.5227],[-120.8544,46.5232],[-120.8539,46.5228],[-120.8524,46.5232],[-120.8517,46.5231],[-120.847,46.5251],[-120.8464,46.5247],[-120.8427,46.5255],[-120.8421,46.5253],[-120.8392,46.5258],[-120.8385,46.5255],[-120.8383,46.5255],[-120.8374,46.5253],[-120.8371,46.5253],[-120.8362,46.525],[-120.8341,46.5256],[-120.8326,46.5245],[-120.832,46.5248],[-120.8319,46.5247],[-120.8315,46.5246],[-120.8313,46.5244],[-120.83,46.5247],[-120.8298,46.5247],[-120.8295,46.5247],[-120.8289,46.5247],[-120.8285,46.5246],[-120.8253,46.5262],[-120.8247,46.5261],[-120.8241,46.526],[-120.8236,46.5261],[-120.8217,46.5253],[-120.8208,46.5257],[-120.8198,46.5253],[-120.8185,46.5257],[-120.8177,46.5255],[-120.8163,46.5257],[-120.8161,46.5256],[-120.7965,46.5264],[-120.7769,46.5271],[-120.7573,46.5279],[-120.7377,46.5286],[-120.7181,46.5293],[-120.6985,46.53],[-120.6789,46.5308],[-120.6593,46.5315],[-120.6384,46.5368],[-120.6174,46.5421],[-120.5965,46.5475],[-120.5755,46.5528],[-120.55,46.5468],[-120.5244,46.5408],[-120.4988,46.5348],[-120.4733,46.5288],[-120.4668,46.556],[-120.4603,46.5833],[-120.4744,46.5952],[-120.4885,46.6072],[-120.5027,46.6191],[-120.5168,46.631]]]},"properties":{"OBJECTID":162,"state":"Washington","agency":"Washington Department of Fish and Game","unit_type":"GMU","unit_id":"368","unit_name":"Cowiche","unit_label":"Washington GMU 368 - Cowiche","aliases":"2025 | 368 | 368 cowiche | cowiche | game management unit | game management unit 368 | game management unit 368 cowiche | gmu | gmu 368 | gmu 368 cowiche | hunt unit | hunt unit 368 | hunt unit 368 cowiche | hunting unit | hunting unit 368 | hunting unit","year":"2025","Shape_Length":154095.0805995472,"Shape_Area":921583531.8592501}},{"type":"Feature","id":163,"geometry":{"type":"Polygon","coordinates":[[[-119.0861,46.7394],[-119.1027,46.7394],[-119.1194,46.7393],[-119.136,46.7393],[-119.1526,46.7393],[-119.1692,46.7393],[-119.1859,46.7392],[-119.2025,46.7392],[-119.2191,46.7392],[-119.2357,46.7391],[-119.2524,46.7391],[-119.269,46.7391],[-119.2856,46.739],[-119.3022,46.739],[-119.3189,46.7389],[-119.3355,46.7389],[-119.3521,46.7388],[-119.3687,46.7388],[-119.3854,46.7387],[-119.402,46.7387],[-119.4186,46.7386],[-119.4352,46.7386],[-119.4519,46.7385],[-119.4685,46.7384],[-119.4851,46.7384],[-119.5017,46.7383],[-119.5184,46.7382],[-119.535,46.7382],[-119.5516,46.7381],[-119.5682,46.738],[-119.5849,46.7379],[-119.6015,46.7379],[-119.6181,46.7378],[-119.6325,46.7259],[-119.6468,46.714],[-119.6611,46.7021],[-119.6755,46.6902],[-119.6898,46.6783],[-119.7041,46.6664],[-119.7184,46.6545],[-119.7327,46.6426],[-119.7162,46.644],[-119.6997,46.6454],[-119.6832,46.6467],[-119.6666,46.6481],[-119.6501,46.6495],[-119.6336,46.6509],[-119.6171,46.6523],[-119.6005,46.6536],[-119.5906,46.6619],[-119.5807,46.6702],[-119.5708,46.6785],[-119.5609,46.6868],[-119.551,46.6951],[-119.541,46.7034],[-119.5311,46.7117],[-119.5212,46.72],[-119.5088,46.712],[-119.4963,46.7041],[-119.4839,46.6961],[-119.4715,46.6882],[-119.4591,46.6802],[-119.4467,46.6722],[-119.4343,46.6643],[-119.4219,46.6563],[-119.414,46.6341],[-119.406,46.6119],[-119.3895,46.6],[-119.3731,46.5881],[-119.3566,46.5761],[-119.3402,46.5642],[-119.3237,46.5523],[-119.3073,46.5403],[-119.2909,46.5284],[-119.2744,46.5165],[-119.2726,46.4549],[-119.2708,46.3933],[-119.269,46.3317],[-119.2672,46.2702],[-119.2536,46.259],[-119.2399,46.2478],[-119.2138,46.2423],[-119.1876,46.2368],[-119.1615,46.2313],[-119.1354,46.2258],[-119.1222,46.2323],[-119.109,46.2389],[-119.0959,46.2454],[-119.0827,46.252],[-119.083,46.3664],[-119.0743,46.3778],[-119.0656,46.3892],[-119.057,46.4007],[-119.0483,46.4121],[-119.0396,46.4235],[-119.031,46.435],[-119.0223,46.4464],[-119.0136,46.4578],[-119.0117,46.5183],[-119.0097,46.5788],[-119.0078,46.6393],[-119.0058,46.6998],[-119.0259,46.7097],[-119.046,46.7196],[-119.066,46.7295],[-119.0861,46.7394]]]},"properties":{"OBJECTID":163,"state":"Washington","agency":"Washington Department of Fish and Game","unit_type":"GMU","unit_id":"379","unit_name":"Ringold","unit_label":"Washington GMU 379 - Ringold","aliases":"2025 | 379 | 379 ringold | game management unit | game management unit 379 | game management unit 379 ringold | gmu | gmu 379 | gmu 379 ringold | hunt unit | hunt unit 379 | hunt unit 379 ringold | hunting unit | hunting unit 379 | hunting unit 379 ringo","year":"2025","Shape_Length":206943.61934684662,"Shape_Area":1337055451.8936062}},{"type":"Feature","id":164,"geometry":{"type":"Polygon","coordinates":[[[-123.7328,46.6919],[-123.7497,46.6852],[-123.7665,46.6785],[-123.7833,46.6718],[-123.8002,46.6652],[-123.8109,46.6751],[-123.8216,46.6851],[-123.8324,46.6951],[-123.8431,46.7051],[-123.8607,46.6987],[-123.8783,46.6922],[-123.8959,46.6858],[-123.9135,46.6793],[-123.9241,46.6604],[-123.9346,46.6414],[-123.9451,46.6225],[-123.9556,46.6036],[-123.9407,46.5901],[-123.9258,46.5767],[-123.911,46.5632],[-123.8961,46.5498],[-123.908,46.5309],[-123.9198,46.5121],[-123.9316,46.4933],[-123.9435,46.4744],[-123.9332,46.4641],[-123.9229,46.4538],[-123.9126,46.4435],[-123.9023,46.4332],[-123.8814,46.4234],[-123.8605,46.4135],[-123.8397,46.4037],[-123.8188,46.3938],[-123.798,46.384],[-123.7772,46.3741],[-123.7563,46.3643],[-123.7355,46.3544],[-123.7208,46.3629],[-123.7062,46.3714],[-123.6915,46.3799],[-123.6768,46.3884],[-123.6691,46.4025],[-123.6614,46.4166],[-123.6536,46.4307],[-123.6459,46.4448],[-123.6391,46.4771],[-123.6323,46.5095],[-123.6255,46.5418],[-123.6188,46.5742],[-123.6293,46.592],[-123.6398,46.6098],[-123.6504,46.6277],[-123.6609,46.6455],[-123.6789,46.6571],[-123.6969,46.6687],[-123.7149,46.6803],[-123.7328,46.6919]]]},"properties":{"OBJECTID":164,"state":"Washington","agency":"Washington Department of Fish and Game","unit_type":"GMU","unit_id":"673","unit_name":"Williams Creek","unit_label":"Washington GMU 673 - Williams Creek","aliases":"2025 | 673 | 673 williams creek | game management unit | game management unit 673 | game management unit 673 williams creek | gmu | gmu 673 | gmu 673 williams creek | hunt unit | hunt unit 673 | hunt unit 673 williams creek | hunting unit | hunting unit","year":"2025","Shape_Length":107471.35085540163,"Shape_Area":696674986.2404833}},{"type":"Feature","id":165,"geometry":{"type":"Polygon","coordinates":[[[-121.9812,46.7446],[-122.0076,46.7468],[-122.0339,46.749],[-122.0603,46.7512],[-122.0867,46.7534],[-122.113,46.7556],[-122.1394,46.7578],[-122.1658,46.76],[-122.1921,46.7622],[-122.2056,46.7431],[-122.2191,46.724],[-122.2145,46.7059],[-122.2099,46.6878],[-122.2053,46.6697],[-122.2007,46.6516],[-122.21,46.6399],[-122.2193,46.6283],[-122.2286,46.6166],[-122.238,46.605],[-122.2473,46.5933],[-122.2566,46.5816],[-122.2659,46.57],[-122.2752,46.5583],[-122.2557,46.5459],[-122.2362,46.5334],[-122.2167,46.5209],[-122.1972,46.5084],[-122.1824,46.5133],[-122.1675,46.5181],[-122.1526,46.523],[-122.1377,46.5278],[-122.1228,46.5326],[-122.1079,46.5375],[-122.093,46.5423],[-122.0781,46.5471],[-122.0479,46.5442],[-122.0177,46.5413],[-121.9875,46.5383],[-121.9573,46.5353],[-121.9403,46.5348],[-121.9233,46.5342],[-121.9156,46.5625],[-121.9079,46.5909],[-121.9001,46.6192],[-121.8923,46.6475],[-121.9117,46.6521],[-121.931,46.6567],[-121.9503,46.6613],[-121.9697,46.6659],[-121.9754,46.7052],[-121.9812,46.7446]]]},"properties":{"OBJECTID":165,"state":"Washington","agency":"Washington Department of Fish and Game","unit_type":"GMU","unit_id":"510","unit_name":"Stormking","unit_label":"Washington GMU 510 - Stormking","aliases":"2025 | 510 | 510 stormking | game management unit | game management unit 510 | game management unit 510 stormking | gmu | gmu 510 | gmu 510 stormking | hunt unit | hunt unit 510 | hunt unit 510 stormking | hunting unit | hunting unit 510 | hunting unit 5","year":"2025","Shape_Length":99073.18677602868,"Shape_Area":544477224.4968854}},{"type":"Feature","id":166,"geometry":{"type":"Polygon","coordinates":[[[-121.3796,46.6435],[-121.3817,46.6759],[-121.3838,46.7082],[-121.3997,46.7237],[-121.4157,46.7392],[-121.4316,46.7547],[-121.4476,46.7702],[-121.4617,46.7638],[-121.4759,46.7573],[-121.4901,46.7509],[-121.5042,46.7444],[-121.5184,46.738],[-121.5325,46.7315],[-121.5467,46.7251],[-121.5608,46.7186],[-121.578,46.7228],[-121.5953,46.7269],[-121.6125,46.731],[-121.6297,46.7351],[-121.6477,46.7353],[-121.6658,46.7355],[-121.6838,46.7356],[-121.7018,46.7358],[-121.7198,46.736],[-121.7378,46.7362],[-121.7558,46.7363],[-121.7738,46.7365],[-121.7919,46.7366],[-121.8099,46.7368],[-121.8279,46.737],[-121.8459,46.7371],[-121.8639,46.7373],[-121.8819,46.7374],[-121.9,46.7376],[-121.918,46.7377],[-121.9338,46.7394],[-121.9496,46.7411],[-121.9654,46.7429],[-121.9812,46.7446],[-121.9754,46.7052],[-121.9697,46.6659],[-121.9503,46.6613],[-121.931,46.6567],[-121.9117,46.6521],[-121.8923,46.6475],[-121.9001,46.6192],[-121.9079,46.5909],[-121.9156,46.5625],[-121.9233,46.5342],[-121.9031,46.5346],[-121.8828,46.5351],[-121.8625,46.5355],[-121.8422,46.5359],[-121.8219,46.5364],[-121.8017,46.5368],[-121.7814,46.5372],[-121.7611,46.5376],[-121.7491,46.5475],[-121.737,46.5574],[-121.725,46.5673],[-121.713,46.5772],[-121.7009,46.5871],[-121.6889,46.5969],[-121.6768,46.6068],[-121.6648,46.6167],[-121.6527,46.6266],[-121.6407,46.6365],[-121.6286,46.6464],[-121.6166,46.6562],[-121.6045,46.6661],[-121.5924,46.676],[-121.5803,46.6859],[-121.5683,46.6958],[-121.5484,46.6892],[-121.5285,46.6826],[-121.5086,46.676],[-121.4887,46.6694],[-121.4768,46.658],[-121.4649,46.6466],[-121.453,46.6351],[-121.441,46.6237],[-121.4257,46.6286],[-121.4104,46.6336],[-121.3951,46.6385],[-121.3798,46.6435],[-121.3796,46.6435]]]},"properties":{"OBJECTID":166,"state":"Washington","agency":"Washington Department of Fish and Game","unit_type":"GMU","unit_id":"513","unit_name":"South Rainier","unit_label":"Washington GMU 513 - South Rainier","aliases":"2025 | 513 | 513 south rainier | game management unit | game management unit 513 | game management unit 513 south rainier | gmu | gmu 513 | gmu 513 south rainier | hunt unit | hunt unit 513 | hunt unit 513 south rainier | hunting unit | hunting unit 513","year":"2025","Shape_Length":140100.16311546296,"Shape_Area":620868729.2485312}},{"type":"Feature","id":167,"geometry":{"type":"Polygon","coordinates":[[[-119.0482,46.7996],[-119.0697,46.8027],[-119.0912,46.8058],[-119.1128,46.8089],[-119.1343,46.8119],[-119.1222,46.7938],[-119.1102,46.7757],[-119.0981,46.7575],[-119.0861,46.7394],[-119.066,46.7295],[-119.046,46.7196],[-119.0259,46.7097],[-119.0058,46.6998],[-119.0078,46.6393],[-119.0097,46.5788],[-119.0117,46.5183],[-119.0136,46.4578],[-119.0223,46.4464],[-119.031,46.435],[-119.0396,46.4235],[-119.0483,46.4121],[-119.057,46.4007],[-119.0656,46.3892],[-119.0743,46.3778],[-119.083,46.3664],[-119.0827,46.252],[-119.0959,46.2454],[-119.109,46.2389],[-119.1222,46.2323],[-119.1354,46.2258],[-119.1119,46.2175],[-119.0885,46.2093],[-119.065,46.201],[-119.0416,46.1927],[-119.0242,46.2042],[-119.0067,46.2157],[-118.9892,46.2272],[-118.9718,46.2387],[-118.945,46.2418],[-118.9181,46.2449],[-118.8913,46.248],[-118.8645,46.2512],[-118.8425,46.2609],[-118.8206,46.2707],[-118.7986,46.2804],[-118.7767,46.2902],[-118.7688,46.3077],[-118.7608,46.3253],[-118.7529,46.3428],[-118.745,46.3604],[-118.7314,46.3667],[-118.7178,46.3731],[-118.7042,46.3794],[-118.6906,46.3858],[-118.677,46.3921],[-118.6634,46.3985],[-118.6498,46.4048],[-118.6362,46.4111],[-118.632,46.4327],[-118.6278,46.4543],[-118.6236,46.4759],[-118.6194,46.4975],[-118.6003,46.5102],[-118.5813,46.5228],[-118.5623,46.5355],[-118.5432,46.5481],[-118.5242,46.5607],[-118.5052,46.5734],[-118.4861,46.586],[-118.467,46.5986],[-118.4513,46.5981],[-118.4356,46.5975],[-118.4198,46.5969],[-118.4041,46.5963],[-118.3884,46.5957],[-118.3726,46.5951],[-118.3569,46.5945],[-118.3412,46.5939],[-118.3254,46.5933],[-118.3097,46.5927],[-118.294,46.5921],[-118.2783,46.5915],[-118.2625,46.5909],[-118.2468,46.5903],[-118.2311,46.5897],[-118.2153,46.5891],[-118.208,46.607],[-118.2007,46.6249],[-118.2068,46.6386],[-118.2129,46.6522],[-118.2189,46.6659],[-118.225,46.6796],[-118.231,46.6933],[-118.2371,46.7069],[-118.2432,46.7206],[-118.2493,46.7343],[-118.2258,46.7391],[-118.2023,46.7439],[-118.2088,46.744],[-118.2354,46.7443],[-118.2371,46.7449],[-118.238,46.7451],[-118.2608,46.7491],[-118.2728,46.7507],[-118.2765,46.7504],[-118.2854,46.7536],[-118.298,46.7572],[-118.3084,46.7585],[-118.3308,46.7677],[-118.3531,46.7769],[-118.3755,46.786],[-118.3979,46.7952],[-118.4253,46.7951],[-118.4526,46.7951],[-118.48,46.795],[-118.5074,46.7949],[-118.5348,46.7948],[-118.5621,46.7947],[-118.5895,46.7946],[-118.6169,46.7944],[-118.6443,46.7943],[-118.6716,46.7942],[-118.699,46.7941],[-118.7264,46.7939],[-118.7538,46.7938],[-118.7811,46.7936],[-118.8085,46.7935],[-118.8359,46.7933],[-118.8624,46.7941],[-118.889,46.7949],[-118.9155,46.7957],[-118.942,46.7965],[-118.9686,46.7973],[-118.9951,46.7981],[-119.0217,46.7988],[-119.0482,46.7996]]]},"properties":{"OBJECTID":167,"state":"Washington","agency":"Washington Department of Fish and Game","unit_type":"GMU","unit_id":"381","unit_name":"Kahlotus","unit_label":"Washington GMU 381 - Kahlotus","aliases":"2025 | 381 | 381 kahlotus | game management unit | game management unit 381 | game management unit 381 kahlotus | gmu | gmu 381 | gmu 381 kahlotus | hunt unit | hunt unit 381 | hunt unit 381 kahlotus | hunting unit | hunting unit 381 | hunting unit 381 k","year":"2025","Shape_Length":261431.0461491961,"Shape_Area":2536113256.5562015}},{"type":"Feature","id":168,"geometry":{"type":"Polygon","coordinates":[[[-120.9174,46.8076],[-120.9346,46.8071],[-120.9519,46.8067],[-120.9691,46.8062],[-120.9864,46.8058],[-121.0036,46.8053],[-121.0209,46.8048],[-121.0381,46.8044],[-121.0554,46.8039],[-121.0642,46.7925],[-121.073,46.7811],[-121.0818,46.7698],[-121.0906,46.7584],[-121.0994,46.747],[-121.1082,46.7357],[-121.117,46.7243],[-121.1258,46.7129],[-121.1143,46.7036],[-121.1029,46.6942],[-121.0915,46.6849],[-121.0801,46.6755],[-121.0536,46.6745],[-121.0272,46.6734],[-121.0008,46.6723],[-120.9743,46.6713],[-120.9606,46.6773],[-120.9468,46.6833],[-120.9331,46.6894],[-120.9193,46.6954],[-120.9152,46.6951],[-120.9152,46.6951],[-120.9138,46.6949],[-120.9105,46.6943],[-120.9082,46.6939],[-120.9071,46.6937],[-120.8908,46.7007],[-120.8745,46.7077],[-120.8581,46.7146],[-120.8418,46.7216],[-120.8355,46.7192],[-120.8254,46.7208],[-120.8204,46.7193],[-120.8045,46.7328],[-120.7886,46.7463],[-120.7869,46.7483],[-120.8032,46.7557],[-120.8195,46.7631],[-120.8358,46.7705],[-120.8521,46.778],[-120.8684,46.7854],[-120.8848,46.7928],[-120.9011,46.8002],[-120.9174,46.8076]]]},"properties":{"OBJECTID":168,"state":"Washington","agency":"Washington Department of Fish and Game","unit_type":"GMU","unit_id":"360","unit_name":"Bethel","unit_label":"Washington GMU 360 - Bethel","aliases":"2025 | 360 | 360 bethel | bethel | game management unit | game management unit 360 | game management unit 360 bethel | gmu | gmu 360 | gmu 360 bethel | hunt unit | hunt unit 360 | hunt unit 360 bethel | hunting unit | hunting unit 360 | hunting unit 360","year":"2025","Shape_Length":65260.73770180369,"Shape_Area":262324117.24529856}},{"type":"Feature","id":169,"geometry":{"type":"Polygon","coordinates":[[[-123.2993,46.8061],[-123.3208,46.8022],[-123.3424,46.7983],[-123.3639,46.7944],[-123.3855,46.7905],[-123.407,46.7866],[-123.4286,46.7826],[-123.4501,46.7787],[-123.4717,46.7748],[-123.4894,46.776],[-123.5071,46.7772],[-123.5248,46.7784],[-123.5425,46.7796],[-123.5602,46.7809],[-123.5779,46.7821],[-123.5957,46.7833],[-123.6134,46.7845],[-123.6253,46.7751],[-123.6372,46.7657],[-123.6491,46.7564],[-123.661,46.747],[-123.6817,46.7449],[-123.7024,46.7427],[-123.7231,46.7406],[-123.7438,46.7385],[-123.7383,46.7152],[-123.7328,46.6919],[-123.7149,46.6803],[-123.6969,46.6687],[-123.6789,46.6571],[-123.6609,46.6455],[-123.6504,46.6277],[-123.6398,46.6098],[-123.6293,46.592],[-123.6188,46.5742],[-123.5935,46.5668],[-123.5682,46.5593],[-123.5429,46.5519],[-123.5177,46.5445],[-123.4931,46.5456],[-123.4685,46.5466],[-123.4439,46.5477],[-123.4193,46.5488],[-123.3947,46.5498],[-123.3702,46.5509],[-123.3456,46.5519],[-123.321,46.5529],[-123.3106,46.5615],[-123.3003,46.5701],[-123.294,46.5852],[-123.2878,46.6004],[-123.2816,46.6156],[-123.2753,46.6308],[-123.3053,46.632],[-123.3353,46.6331],[-123.3652,46.6343],[-123.3952,46.6355],[-123.387,46.667],[-123.3787,46.6985],[-123.3704,46.73],[-123.3621,46.7615],[-123.3464,46.7727],[-123.3307,46.7838],[-123.315,46.795],[-123.2993,46.8061]]]},"properties":{"OBJECTID":169,"state":"Washington","agency":"Washington Department of Fish and Game","unit_type":"GMU","unit_id":"672","unit_name":"Fall River","unit_label":"Washington GMU 672 - Fall River","aliases":"2025 | 672 | 672 fall river | fall river | game management unit | game management unit 672 | game management unit 672 fall river | gmu | gmu 672 | gmu 672 fall river | hunt unit | hunt unit 672 | hunt unit 672 fall river | hunting unit | hunting unit 672","year":"2025","Shape_Length":121227.75677960415,"Shape_Area":642467235.0078837}},{"type":"Feature","id":170,"geometry":{"type":"Polygon","coordinates":[[[-123.097,46.8218],[-123.114,46.8242],[-123.131,46.8266],[-123.1479,46.829],[-123.1649,46.8313],[-123.1819,46.8337],[-123.1988,46.8361],[-123.2158,46.8385],[-123.2328,46.8408],[-123.2494,46.8322],[-123.266,46.8235],[-123.2827,46.8148],[-123.2993,46.8061],[-123.315,46.795],[-123.3307,46.7838],[-123.3464,46.7727],[-123.3621,46.7615],[-123.3704,46.73],[-123.3787,46.6985],[-123.387,46.667],[-123.3952,46.6355],[-123.3652,46.6343],[-123.3353,46.6331],[-123.3053,46.632],[-123.2753,46.6308],[-123.2488,46.6309],[-123.2222,46.631],[-123.1957,46.6311],[-123.1692,46.6312],[-123.1526,46.6144],[-123.1361,46.5977],[-123.1164,46.6055],[-123.0967,46.6134],[-123.077,46.6212],[-123.0573,46.6291],[-123.0376,46.6369],[-123.0179,46.6447],[-122.9982,46.6526],[-122.9785,46.6604],[-122.9756,46.7118],[-122.9835,46.7345],[-122.9915,46.7571],[-122.9994,46.7798],[-123.0074,46.8024],[-123.0298,46.8073],[-123.0522,46.8121],[-123.0746,46.817],[-123.097,46.8218]]]},"properties":{"OBJECTID":170,"state":"Washington","agency":"Washington Department of Fish and Game","unit_type":"GMU","unit_id":"501","unit_name":"Lincoln","unit_label":"Washington GMU 501 - Lincoln","aliases":"2025 | 501 | 501 lincoln | game management unit | game management unit 501 | game management unit 501 lincoln | gmu | gmu 501 | gmu 501 lincoln | hunt unit | hunt unit 501 | hunt unit 501 lincoln | hunting unit | hunting unit 501 | hunting unit 501 linco","year":"2025","Shape_Length":97148.73820507669,"Shape_Area":616379889.6592643}},{"type":"Feature","id":171,"geometry":{"type":"Polygon","coordinates":[[[-117.0398,46.7324],[-117.0399,46.7324],[-117.063,46.7297],[-117.0861,46.7271],[-117.1093,46.7245],[-117.1324,46.7219],[-117.1545,46.7252],[-117.1767,46.7286],[-117.1989,46.7319],[-117.221,46.7353],[-117.2425,46.7483],[-117.2641,46.7613],[-117.2856,46.7744],[-117.3072,46.7874],[-117.3165,46.8003],[-117.3259,46.8132],[-117.3353,46.8261],[-117.3446,46.839],[-117.354,46.8519],[-117.3634,46.8647],[-117.3728,46.8776],[-117.3822,46.8905],[-117.4018,46.8802],[-117.4214,46.8699],[-117.441,46.8596],[-117.4606,46.8493],[-117.4802,46.839],[-117.4998,46.8287],[-117.5194,46.8183],[-117.539,46.808],[-117.5561,46.8084],[-117.5733,46.8087],[-117.5904,46.809],[-117.6075,46.8093],[-117.6247,46.8097],[-117.6418,46.81],[-117.6589,46.8103],[-117.6761,46.8106],[-117.6932,46.8109],[-117.7103,46.8112],[-117.7275,46.8115],[-117.7446,46.8118],[-117.7617,46.8121],[-117.7789,46.8124],[-117.796,46.8127],[-117.8131,46.813],[-117.8343,46.8068],[-117.8554,46.8006],[-117.8765,46.7944],[-117.8976,46.7881],[-117.9187,46.7819],[-117.9399,46.7757],[-117.961,46.7694],[-117.9821,46.7632],[-118.0119,46.7684],[-118.0418,46.7736],[-118.0419,46.7736],[-118.0419,46.7736],[-118.0619,46.7699],[-118.082,46.7662],[-118.1021,46.7625],[-118.1221,46.7588],[-118.1422,46.7551],[-118.1622,46.7514],[-118.1823,46.7476],[-118.2023,46.7439],[-118.2258,46.7391],[-118.2493,46.7343],[-118.2432,46.7206],[-118.2371,46.7069],[-118.231,46.6933],[-118.225,46.6796],[-118.2189,46.6659],[-118.2129,46.6522],[-118.2068,46.6386],[-118.2007,46.6249],[-118.208,46.607],[-118.2153,46.5891],[-118.2049,46.5812],[-118.1944,46.5733],[-118.1839,46.5654],[-118.1734,46.5575],[-118.1459,46.5618],[-118.1185,46.5661],[-118.091,46.5705],[-118.0636,46.5748],[-118.0361,46.5791],[-118.0087,46.5834],[-117.9812,46.5877],[-117.9537,46.592],[-117.9369,46.5907],[-117.9202,46.5894],[-117.9034,46.5881],[-117.8866,46.5867],[-117.877,46.6042],[-117.8674,46.6218],[-117.8502,46.6229],[-117.833,46.6241],[-117.8159,46.6253],[-117.7987,46.6265],[-117.7843,46.6435],[-117.7698,46.6605],[-117.7553,46.6776],[-117.7409,46.6946],[-117.7186,46.6961],[-117.6963,46.6977],[-117.674,46.6993],[-117.6517,46.7008],[-117.6382,46.6937],[-117.6248,46.6867],[-117.6113,46.6796],[-117.5978,46.6725],[-117.5812,46.6759],[-117.5645,46.6793],[-117.5479,46.6827],[-117.5313,46.6861],[-117.5147,46.6895],[-117.498,46.6929],[-117.4814,46.6962],[-117.4648,46.6996],[-117.4545,46.689],[-117.4442,46.6784],[-117.434,46.6678],[-117.4237,46.6572],[-117.4135,46.6465],[-117.4032,46.6359],[-117.393,46.6253],[-117.3827,46.6147],[-117.3667,46.606],[-117.3506,46.5973],[-117.3345,46.5886],[-117.3185,46.5799],[-117.3024,46.5712],[-117.2864,46.5625],[-117.2703,46.5538],[-117.2543,46.5451],[-117.2475,46.5295],[-117.2408,46.5139],[-117.2341,46.4983],[-117.2274,46.4828],[-117.2207,46.4672],[-117.214,46.4516],[-117.2073,46.436],[-117.2006,46.4204],[-117.1805,46.4211],[-117.1604,46.4218],[-117.1403,46.4225],[-117.1202,46.4232],[-117.1001,46.4239],[-117.08,46.4245],[-117.0599,46.4252],[-117.0398,46.4259],[-117.0398,46.4332],[-117.0397,46.4409],[-117.0397,46.5071],[-117.0398,46.6264],[-117.0397,46.6369],[-117.0397,46.643],[-117.0398,46.6684],[-117.0398,46.7031],[-117.0399,46.7169],[-117.0398,46.7324]]]},"properties":{"OBJECTID":171,"state":"Washington","agency":"Washington Department of Fish and Game","unit_type":"GMU","unit_id":"142","unit_name":"Almota","unit_label":"Washington GMU 142 - Almota","aliases":"142 | 142 almota | 2025 | almota | game management unit | game management unit 142 | game management unit 142 almota | gmu | gmu 142 | gmu 142 almota | hunt unit | hunt unit 142 | hunt unit 142 almota | hunting unit | hunting unit 142 | hunting unit 142","year":"2025","Shape_Length":276760.35579246294,"Shape_Area":1972017336.499921}},{"type":"Feature","id":172,"geometry":{"type":"Polygon","coordinates":[[[-119.9662,46.9438],[-119.9853,46.9422],[-120.0044,46.9406],[-120.0235,46.939],[-120.0426,46.9374],[-120.0591,46.9386],[-120.0755,46.9398],[-120.092,46.941],[-120.1085,46.9421],[-120.1249,46.9433],[-120.1414,46.9445],[-120.1579,46.9456],[-120.1743,46.9468],[-120.1908,46.948],[-120.2073,46.9491],[-120.2237,46.9503],[-120.2402,46.9514],[-120.2567,46.9526],[-120.2731,46.9537],[-120.2896,46.9549],[-120.3061,46.956],[-120.3269,46.9539],[-120.3477,46.9517],[-120.3397,46.9407],[-120.3318,46.9297],[-120.3239,46.9188],[-120.3159,46.9078],[-120.308,46.8968],[-120.3001,46.8858],[-120.2921,46.8748],[-120.2842,46.8639],[-120.3018,46.8662],[-120.3194,46.8685],[-120.337,46.8707],[-120.3546,46.873],[-120.3722,46.8753],[-120.3898,46.8776],[-120.4073,46.8799],[-120.4249,46.8822],[-120.4159,46.8732],[-120.4068,46.8642],[-120.3977,46.8552],[-120.3887,46.8462],[-120.3796,46.8372],[-120.3706,46.8282],[-120.3615,46.8192],[-120.3524,46.8102],[-120.3606,46.7913],[-120.3687,46.7723],[-120.3768,46.7534],[-120.3849,46.7344],[-120.397,46.7273],[-120.409,46.7202],[-120.4211,46.7132],[-120.4331,46.7061],[-120.4452,46.699],[-120.4572,46.6919],[-120.4692,46.6848],[-120.4813,46.6777],[-120.4635,46.6637],[-120.4458,46.6497],[-120.4193,46.6498],[-120.3928,46.6498],[-120.3662,46.6498],[-120.3397,46.6498],[-120.3402,46.5809],[-120.3139,46.5804],[-120.2876,46.58],[-120.2613,46.5795],[-120.2349,46.579],[-120.2086,46.5785],[-120.1823,46.5781],[-120.156,46.5776],[-120.1297,46.5771],[-120.1165,46.5632],[-120.1034,46.5494],[-120.08,46.5502],[-120.0566,46.5509],[-120.0332,46.5517],[-120.0098,46.5524],[-119.9864,46.5531],[-119.963,46.5539],[-119.9396,46.5546],[-119.9162,46.5553],[-119.9132,46.5999],[-119.9103,46.6445],[-119.9182,46.6545],[-119.926,46.6644],[-119.9339,46.6744],[-119.9418,46.6843],[-119.9496,46.6943],[-119.9575,46.7042],[-119.9654,46.7142],[-119.9733,46.7241],[-119.9616,46.7468],[-119.9498,46.7694],[-119.9381,46.7921],[-119.9264,46.8147],[-119.936,46.8255],[-119.9456,46.8363],[-119.9552,46.847],[-119.9648,46.8578],[-119.9662,46.9438]]]},"properties":{"OBJECTID":172,"state":"Washington","agency":"Washington Department of Fish and Game","unit_type":"GMU","unit_id":"371","unit_name":"Alkali","unit_label":"Washington GMU 371 - Alkali","aliases":"2025 | 371 | 371 alkali | alkali | game management unit | game management unit 371 | game management unit 371 alkali | gmu | gmu 371 | gmu 371 alkali | hunt unit | hunt unit 371 | hunt unit 371 alkali | hunting unit | hunting unit 371 | hunting unit 371","year":"2025","Shape_Length":179270.99372262403,"Shape_Area":1381188914.5279918}},{"type":"Feature","id":173,"geometry":{"type":"Polygon","coordinates":[[[-122.5603,46.9334],[-122.5834,46.9377],[-122.6065,46.942],[-122.6195,46.9338],[-122.6325,46.9256],[-122.6455,46.9175],[-122.6584,46.9093],[-122.6714,46.9011],[-122.6844,46.893],[-122.6973,46.8848],[-122.7103,46.8766],[-122.7291,46.8741],[-122.7479,46.8716],[-122.7667,46.869],[-122.7855,46.8665],[-122.8044,46.864],[-122.8232,46.8615],[-122.842,46.8589],[-122.8608,46.8564],[-122.8791,46.8497],[-122.8975,46.8429],[-122.9158,46.8362],[-122.9341,46.8294],[-122.9524,46.8227],[-122.9708,46.8159],[-122.9891,46.8092],[-123.0074,46.8024],[-122.9994,46.7798],[-122.9915,46.7571],[-122.9835,46.7345],[-122.9756,46.7118],[-122.964,46.7053],[-122.9524,46.6988],[-122.9408,46.6923],[-122.9293,46.6858],[-122.9177,46.6793],[-122.9061,46.6728],[-122.8946,46.6663],[-122.883,46.6598],[-122.8656,46.6599],[-122.8482,46.6599],[-122.8308,46.6599],[-122.8134,46.6599],[-122.8015,46.6433],[-122.7896,46.6266],[-122.7678,46.6251],[-122.7461,46.6235],[-122.7243,46.622],[-122.7026,46.6204],[-122.6808,46.6188],[-122.6591,46.6173],[-122.6373,46.6157],[-122.6156,46.6141],[-122.5938,46.6125],[-122.5721,46.6109],[-122.5504,46.6093],[-122.5286,46.6077],[-122.5069,46.6062],[-122.4851,46.6046],[-122.4634,46.6029],[-122.4417,46.6013],[-122.4208,46.596],[-122.4,46.5906],[-122.3792,46.5852],[-122.3584,46.5799],[-122.3376,46.5745],[-122.3168,46.5691],[-122.296,46.5637],[-122.2752,46.5583],[-122.2659,46.57],[-122.2566,46.5816],[-122.2473,46.5933],[-122.238,46.605],[-122.2286,46.6166],[-122.2193,46.6283],[-122.21,46.6399],[-122.2007,46.6516],[-122.2053,46.6697],[-122.2099,46.6878],[-122.2145,46.7059],[-122.2191,46.724],[-122.2056,46.7431],[-122.1921,46.7622],[-122.2115,46.7635],[-122.2309,46.7647],[-122.2503,46.7659],[-122.2696,46.7672],[-122.2777,46.7765],[-122.2859,46.7859],[-122.294,46.7952],[-122.3021,46.8046],[-122.3102,46.8139],[-122.3183,46.8232],[-122.3264,46.8326],[-122.3345,46.8419],[-122.3541,46.8451],[-122.3737,46.8483],[-122.3933,46.8514],[-122.4129,46.8546],[-122.4325,46.8577],[-122.4521,46.8609],[-122.4717,46.864],[-122.4913,46.8672],[-122.4942,46.9047],[-122.5107,46.9119],[-122.5273,46.9191],[-122.5438,46.9262],[-122.5603,46.9334]]]},"properties":{"OBJECTID":173,"state":"Washington","agency":"Washington Department of Fish and Game","unit_type":"GMU","unit_id":"667","unit_name":"Skookumchuck","unit_label":"Washington GMU 667 - Skookumchuck","aliases":"2025 | 667 | 667 skookumchuck | game management unit | game management unit 667 | game management unit 667 skookumchuck | gmu | gmu 667 | gmu 667 skookumchuck | hunt unit | hunt unit 667 | hunt unit 667 skookumchuck | hunting unit | hunting unit 667 | hu","year":"2025","Shape_Length":171097.5485013089,"Shape_Area":1588815736.7909093}},{"type":"Feature","id":174,"geometry":{"type":"Polygon","coordinates":[[[-121.0554,46.8039],[-121.0728,46.8095],[-121.0902,46.815],[-121.1076,46.8206],[-121.125,46.8261],[-121.1425,46.8317],[-121.1599,46.8372],[-121.1774,46.8428],[-121.1948,46.8483],[-121.2196,46.8475],[-121.2445,46.8467],[-121.2522,46.8577],[-121.2599,46.8687],[-121.2676,46.8797],[-121.2753,46.8907],[-121.2618,46.9016],[-121.2484,46.9126],[-121.2349,46.9235],[-121.2214,46.9345],[-121.2079,46.9454],[-121.1944,46.9563],[-121.1809,46.9673],[-121.1674,46.9782],[-121.194,46.9745],[-121.2205,46.9707],[-121.247,46.9669],[-121.2735,46.9632],[-121.2887,46.9575],[-121.3038,46.9518],[-121.319,46.9462],[-121.3341,46.9405],[-121.3493,46.9348],[-121.3644,46.9292],[-121.3795,46.9235],[-121.3947,46.9178],[-121.4098,46.9122],[-121.4249,46.9065],[-121.4401,46.9008],[-121.4552,46.8951],[-121.4703,46.8894],[-121.4854,46.8838],[-121.5006,46.8781],[-121.5157,46.8724],[-121.5072,46.8596],[-121.4986,46.8468],[-121.4901,46.8341],[-121.4816,46.8213],[-121.4731,46.8085],[-121.4646,46.7958],[-121.4561,46.783],[-121.4476,46.7702],[-121.4316,46.7547],[-121.4157,46.7392],[-121.3997,46.7237],[-121.3838,46.7082],[-121.3817,46.6759],[-121.3796,46.6435],[-121.3513,46.6436],[-121.323,46.6438],[-121.2947,46.6438],[-121.2664,46.6439],[-121.2381,46.644],[-121.2098,46.6441],[-121.1815,46.6442],[-121.1532,46.6442],[-121.1349,46.6521],[-121.1166,46.6599],[-121.0984,46.6677],[-121.0801,46.6755],[-121.0915,46.6849],[-121.1029,46.6942],[-121.1143,46.7036],[-121.1258,46.7129],[-121.117,46.7243],[-121.1082,46.7357],[-121.0994,46.747],[-121.0906,46.7584],[-121.0818,46.7698],[-121.073,46.7811],[-121.0642,46.7925],[-121.0554,46.8039]]]},"properties":{"OBJECTID":174,"state":"Washington","agency":"Washington Department of Fish and Game","unit_type":"GMU","unit_id":"356","unit_name":"Bumping","unit_label":"Washington GMU 356 - Bumping","aliases":"2025 | 356 | 356 bumping | bumping | game management unit | game management unit 356 | game management unit 356 bumping | gmu | gmu 356 | gmu 356 bumping | hunt unit | hunt unit 356 | hunt unit 356 bumping | hunting unit | hunting unit 356 | hunting unit","year":"2025","Shape_Length":131968.27108493587,"Shape_Area":737496966.633445}},{"type":"Feature","id":175,"geometry":{"type":"Polygon","coordinates":[[[-120.4912,46.6794],[-120.4814,46.6905],[-120.4716,46.7016],[-120.4618,46.7127],[-120.452,46.7238],[-120.4559,46.7563],[-120.4597,46.7887],[-120.4636,46.8212],[-120.4675,46.8537],[-120.4936,46.8602],[-120.5197,46.8668],[-120.5458,46.8734],[-120.572,46.8799],[-120.5981,46.8865],[-120.6243,46.8931],[-120.6504,46.8996],[-120.6766,46.9062],[-120.6939,46.9079],[-120.7113,46.9096],[-120.7286,46.9113],[-120.746,46.913],[-120.7633,46.9147],[-120.7807,46.9165],[-120.798,46.9182],[-120.8154,46.9199],[-120.8289,46.928],[-120.8425,46.9361],[-120.856,46.9442],[-120.8695,46.9524],[-120.8831,46.9605],[-120.8966,46.9686],[-120.9102,46.9767],[-120.9237,46.9848],[-120.9221,46.8874],[-120.9458,46.879],[-120.9696,46.8707],[-120.9565,46.855],[-120.9435,46.8392],[-120.9304,46.8234],[-120.9174,46.8076],[-120.9011,46.8002],[-120.8848,46.7928],[-120.8684,46.7854],[-120.8521,46.778],[-120.8358,46.7705],[-120.8195,46.7631],[-120.8032,46.7557],[-120.7869,46.7483],[-120.7721,46.7437],[-120.7572,46.7391],[-120.7424,46.7345],[-120.7275,46.73],[-120.7127,46.7254],[-120.6979,46.7208],[-120.683,46.7162],[-120.6682,46.7116],[-120.6579,46.7016],[-120.6477,46.6917],[-120.6374,46.6817],[-120.6272,46.6717],[-120.6169,46.6618],[-120.6067,46.6518],[-120.5965,46.6418],[-120.5862,46.6319],[-120.5775,46.6277],[-120.5472,46.6294],[-120.5168,46.631],[-120.5104,46.6431],[-120.504,46.6552],[-120.4976,46.6673],[-120.4912,46.6794]]]},"properties":{"OBJECTID":175,"state":"Washington","agency":"Washington Department of Fish and Game","unit_type":"GMU","unit_id":"342","unit_name":"Umtanum","unit_label":"Washington GMU 342 - Umtanum","aliases":"2025 | 342 | 342 umtanum | game management unit | game management unit 342 | game management unit 342 umtanum | gmu | gmu 342 | gmu 342 umtanum | hunt unit | hunt unit 342 | hunt unit 342 umtanum | hunting unit | hunting unit 342 | hunting unit 342 umtan","year":"2025","Shape_Length":125828.00639259558,"Shape_Area":775008016.3162949}},{"type":"Feature","id":176,"geometry":{"type":"Polygon","coordinates":[[[-120.9696,46.8707],[-120.9888,46.8831],[-121.0081,46.8954],[-121.0273,46.9077],[-121.0466,46.92],[-121.0578,46.9367],[-121.0691,46.9533],[-121.0804,46.97],[-121.0917,46.9866],[-121.1106,46.9845],[-121.1296,46.9824],[-121.1485,46.9803],[-121.1674,46.9782],[-121.1809,46.9673],[-121.1944,46.9563],[-121.2079,46.9454],[-121.2214,46.9345],[-121.2349,46.9235],[-121.2484,46.9126],[-121.2618,46.9016],[-121.2753,46.8907],[-121.2676,46.8797],[-121.2599,46.8687],[-121.2522,46.8577],[-121.2445,46.8467],[-121.2196,46.8475],[-121.1948,46.8483],[-121.1774,46.8428],[-121.1599,46.8372],[-121.1425,46.8317],[-121.125,46.8261],[-121.1076,46.8206],[-121.0902,46.815],[-121.0728,46.8095],[-121.0554,46.8039],[-121.0381,46.8044],[-121.0209,46.8048],[-121.0036,46.8053],[-120.9864,46.8058],[-120.9691,46.8062],[-120.9519,46.8067],[-120.9346,46.8071],[-120.9174,46.8076],[-120.9304,46.8234],[-120.9435,46.8392],[-120.9565,46.855],[-120.9696,46.8707]]]},"properties":{"OBJECTID":176,"state":"Washington","agency":"Washington Department of Fish and Game","unit_type":"GMU","unit_id":"352","unit_name":"Nile","unit_label":"Washington GMU 352 - Nile","aliases":"2025 | 352 | 352 nile | game management unit | game management unit 352 | game management unit 352 nile | gmu | gmu 352 | gmu 352 nile | hunt unit | hunt unit 352 | hunt unit 352 nile | hunting unit | hunting unit 352 | hunting unit 352 nile | nile | uni","year":"2025","Shape_Length":74368.40733693093,"Shape_Area":302586523.8148854}},{"type":"Feature","id":177,"geometry":{"type":"Polygon","coordinates":[[[-123.7438,46.7385],[-123.7461,46.8057],[-123.7361,46.8239],[-123.7262,46.8422],[-123.7162,46.8604],[-123.7062,46.8787],[-123.7132,46.9041],[-123.7202,46.9295],[-123.7417,46.9399],[-123.7632,46.9503],[-123.7847,46.9607],[-123.8062,46.971],[-123.8213,46.9662],[-123.8363,46.9614],[-123.8513,46.9566],[-123.8663,46.9518],[-123.8813,46.947],[-123.8963,46.9422],[-123.9114,46.9374],[-123.9264,46.9326],[-123.9414,46.9277],[-123.9564,46.9229],[-123.9714,46.9181],[-123.9864,46.9133],[-124.0014,46.9085],[-124.0164,46.9036],[-124.0314,46.8988],[-124.0463,46.894],[-124.0527,46.8805],[-124.059,46.8669],[-124.0653,46.8534],[-124.0716,46.8399],[-124.0877,46.8563],[-124.1038,46.8726],[-124.1199,46.8889],[-124.136,46.9052],[-124.1307,46.8847],[-124.1255,46.8641],[-124.1202,46.8435],[-124.1149,46.8229],[-124.1097,46.8023],[-124.1044,46.7817],[-124.0991,46.7611],[-124.0939,46.7406],[-124.0675,46.7365],[-124.0411,46.7324],[-124.0147,46.7284],[-123.9883,46.7243],[-123.9659,46.7307],[-123.9435,46.7372],[-123.9211,46.7436],[-123.8986,46.7501],[-123.8847,46.7388],[-123.8709,46.7276],[-123.857,46.7164],[-123.8431,46.7051],[-123.8324,46.6951],[-123.8216,46.6851],[-123.8109,46.6751],[-123.8002,46.6652],[-123.7833,46.6718],[-123.7665,46.6785],[-123.7497,46.6852],[-123.7328,46.6919],[-123.7383,46.7152],[-123.7438,46.7385]]]},"properties":{"OBJECTID":177,"state":"Washington","agency":"Washington Department of Fish and Game","unit_type":"GMU","unit_id":"658","unit_name":"North River","unit_label":"Washington GMU 658 - North River","aliases":"2025 | 658 | 658 north river | game management unit | game management unit 658 | game management unit 658 north river | gmu | gmu 658 | gmu 658 north river | hunt unit | hunt unit 658 | hunt unit 658 north river | hunting unit | hunting unit 658 | huntin","year":"2025","Shape_Length":122653.79183320663,"Shape_Area":668701032.278945}},{"type":"Feature","id":178,"geometry":{"type":"Polygon","coordinates":[[[-123.2328,46.8408],[-123.2464,46.8573],[-123.2601,46.8738],[-123.2737,46.8902],[-123.2874,46.9067],[-123.3011,46.9232],[-123.3148,46.9396],[-123.3285,46.9561],[-123.3422,46.9726],[-123.3536,46.9807],[-123.365,46.9889],[-123.3764,46.997],[-123.3879,47.0052],[-123.414,47.0038],[-123.4401,47.0025],[-123.4662,47.0012],[-123.4924,46.9998],[-123.5073,46.9965],[-123.5223,46.9932],[-123.5373,46.9898],[-123.5522,46.9865],[-123.5672,46.9832],[-123.5821,46.9799],[-123.5971,46.9765],[-123.612,46.9732],[-123.6369,46.9732],[-123.6618,46.9732],[-123.6867,46.9732],[-123.7115,46.9733],[-123.7364,46.9733],[-123.7613,46.9733],[-123.7862,46.9733],[-123.8111,46.9733],[-123.8062,46.971],[-123.7847,46.9607],[-123.7632,46.9503],[-123.7417,46.9399],[-123.7202,46.9295],[-123.7132,46.9041],[-123.7062,46.8787],[-123.7162,46.8604],[-123.7262,46.8422],[-123.7361,46.8239],[-123.7461,46.8057],[-123.7438,46.7385],[-123.7231,46.7406],[-123.7024,46.7427],[-123.6817,46.7449],[-123.661,46.747],[-123.6491,46.7564],[-123.6372,46.7657],[-123.6253,46.7751],[-123.6134,46.7845],[-123.5957,46.7833],[-123.5779,46.7821],[-123.5602,46.7809],[-123.5425,46.7796],[-123.5248,46.7784],[-123.5071,46.7772],[-123.4894,46.776],[-123.4717,46.7748],[-123.4501,46.7787],[-123.4286,46.7826],[-123.407,46.7866],[-123.3855,46.7905],[-123.3639,46.7944],[-123.3424,46.7983],[-123.3208,46.8022],[-123.2993,46.8061],[-123.2827,46.8148],[-123.266,46.8235],[-123.2494,46.8322],[-123.2328,46.8408]]]},"properties":{"OBJECTID":178,"state":"Washington","agency":"Washington Department of Fish and Game","unit_type":"GMU","unit_id":"660","unit_name":"Minot Peak","unit_label":"Washington GMU 660 - Minot Peak","aliases":"2025 | 660 | 660 minot peak | game management unit | game management unit 660 | game management unit 660 minot peak | gmu | gmu 660 | gmu 660 minot peak | hunt unit | hunt unit 660 | hunt unit 660 minot peak | hunting unit | hunting unit 660 | hunting un","year":"2025","Shape_Length":127858.2779862585,"Shape_Area":797754764.0337641}},{"type":"Feature","id":179,"geometry":{"type":"Polygon","coordinates":[[[-123.0098,47.0559],[-123.0368,47.0503],[-123.0638,47.0447],[-123.0909,47.0391],[-123.1179,47.0336],[-123.137,47.0447],[-123.1561,47.0559],[-123.1865,47.0555],[-123.2169,47.0552],[-123.2473,47.0548],[-123.2778,47.0544],[-123.2915,47.0483],[-123.3053,47.0421],[-123.3191,47.036],[-123.3328,47.0298],[-123.3466,47.0237],[-123.3603,47.0175],[-123.3741,47.0113],[-123.3879,47.0052],[-123.3764,46.997],[-123.365,46.9889],[-123.3536,46.9807],[-123.3422,46.9726],[-123.3285,46.9561],[-123.3148,46.9396],[-123.3011,46.9232],[-123.2874,46.9067],[-123.2737,46.8902],[-123.2601,46.8738],[-123.2464,46.8573],[-123.2328,46.8408],[-123.2158,46.8385],[-123.1988,46.8361],[-123.1819,46.8337],[-123.1649,46.8313],[-123.1479,46.829],[-123.131,46.8266],[-123.114,46.8242],[-123.097,46.8218],[-123.0789,46.834],[-123.0608,46.8462],[-123.0427,46.8584],[-123.0246,46.8706],[-123.0273,46.9202],[-123.0301,46.9699],[-123.0181,46.988],[-123.0061,47.0061],[-122.9941,47.0242],[-122.982,47.0423],[-122.9959,47.0491],[-123.0098,47.0559]]]},"properties":{"OBJECTID":179,"state":"Washington","agency":"Washington Department of Fish and Game","unit_type":"GMU","unit_id":"663","unit_name":"Capitol Peak","unit_label":"Washington GMU 663 - Capitol Peak","aliases":"2025 | 663 | 663 capitol peak | capitol peak | game management unit | game management unit 663 | game management unit 663 capitol peak | gmu | gmu 663 | gmu 663 capitol peak | hunt unit | hunt unit 663 | hunt unit 663 capitol peak | hunting unit | huntin","year":"2025","Shape_Length":94346.70997313083,"Shape_Area":523908857.0452513}},{"type":"Feature","id":180,"geometry":{"type":"Polygon","coordinates":[[[-121.9163,46.9955],[-121.9447,47.0015],[-121.9732,47.0076],[-122.0017,47.0136],[-122.0302,47.0196],[-122.0434,47.0373],[-122.0566,47.055],[-122.0698,47.0727],[-122.083,47.0904],[-122.0986,47.084],[-122.1141,47.0776],[-122.1297,47.0712],[-122.1453,47.0649],[-122.1608,47.0585],[-122.1764,47.0521],[-122.1919,47.0457],[-122.2075,47.0393],[-122.2007,47.0161],[-122.1939,46.9929],[-122.2053,46.9807],[-122.2167,46.9684],[-122.2281,46.9561],[-122.2395,46.9439],[-122.2509,46.9316],[-122.2623,46.9193],[-122.2737,46.9071],[-122.2851,46.8948],[-122.2806,46.8756],[-122.2762,46.8564],[-122.2908,46.8528],[-122.3054,46.8492],[-122.32,46.8455],[-122.3345,46.8419],[-122.3264,46.8326],[-122.3183,46.8232],[-122.3102,46.8139],[-122.3021,46.8046],[-122.294,46.7952],[-122.2859,46.7859],[-122.2777,46.7765],[-122.2696,46.7672],[-122.2503,46.7659],[-122.2309,46.7647],[-122.2115,46.7635],[-122.1921,46.7622],[-122.1658,46.76],[-122.1394,46.7578],[-122.113,46.7556],[-122.0867,46.7534],[-122.0603,46.7512],[-122.0339,46.749],[-122.0076,46.7468],[-121.9812,46.7446],[-121.9654,46.7429],[-121.9496,46.7411],[-121.9338,46.7394],[-121.918,46.7377],[-121.9171,46.8666],[-121.9163,46.9955]]]},"properties":{"OBJECTID":180,"state":"Washington","agency":"Washington Department of Fish and Game","unit_type":"GMU","unit_id":"654","unit_name":"Mashel","unit_label":"Washington GMU 654 - Mashel","aliases":"2025 | 654 | 654 mashel | game management unit | game management unit 654 | game management unit 654 mashel | gmu | gmu 654 | gmu 654 mashel | hunt unit | hunt unit 654 | hunt unit 654 mashel | hunting unit | hunting unit 654 | hunting unit 654 mashel |","year":"2025","Shape_Length":121536.18134236186,"Shape_Area":833122654.2901262}},{"type":"Feature","id":181,"geometry":{"type":"Polygon","coordinates":[[[-119.0447,47.0858],[-119.0696,47.0874],[-119.0945,47.0891],[-119.1193,47.0907],[-119.1442,47.0923],[-119.1691,47.094],[-119.1939,47.0956],[-119.2188,47.0972],[-119.2437,47.0988],[-119.228,47.0846],[-119.2122,47.0703],[-119.1965,47.056],[-119.1808,47.0417],[-119.1651,47.0275],[-119.1494,47.0132],[-119.1337,46.9989],[-119.118,46.9846],[-119.1396,46.9843],[-119.1612,46.984],[-119.1828,46.9836],[-119.2044,46.9833],[-119.226,46.9829],[-119.2476,46.9826],[-119.2692,46.9822],[-119.2908,46.9819],[-119.3174,46.9759],[-119.344,46.9698],[-119.3706,46.9638],[-119.3971,46.9577],[-119.4152,46.9582],[-119.4333,46.9586],[-119.4515,46.959],[-119.4696,46.9594],[-119.4877,46.9598],[-119.5058,46.9602],[-119.5239,46.9606],[-119.542,46.9609],[-119.5629,46.9635],[-119.5838,46.966],[-119.6048,46.9685],[-119.6257,46.971],[-119.6467,46.9735],[-119.6676,46.976],[-119.6886,46.9785],[-119.7095,46.981],[-119.7305,46.9835],[-119.7514,46.986],[-119.7724,46.9884],[-119.7933,46.9909],[-119.8143,46.9934],[-119.8353,46.9959],[-119.8562,46.9983],[-119.8772,47.0008],[-119.8759,47.0721],[-119.8883,47.063],[-119.9006,47.0538],[-119.913,47.0446],[-119.9253,47.0355],[-119.9376,47.0263],[-119.9499,47.0171],[-119.9623,47.008],[-119.9746,46.9988],[-119.9704,46.9713],[-119.9662,46.9438],[-119.9648,46.8578],[-119.9552,46.847],[-119.9456,46.8363],[-119.936,46.8255],[-119.9264,46.8147],[-119.9381,46.7921],[-119.9498,46.7694],[-119.9616,46.7468],[-119.9733,46.7241],[-119.9654,46.7142],[-119.9575,46.7042],[-119.9496,46.6943],[-119.9418,46.6843],[-119.9339,46.6744],[-119.926,46.6644],[-119.9182,46.6545],[-119.9103,46.6445],[-119.8918,46.6398],[-119.8733,46.635],[-119.8549,46.6302],[-119.8364,46.6255],[-119.8105,46.6298],[-119.7846,46.634],[-119.7586,46.6383],[-119.7327,46.6426],[-119.7184,46.6545],[-119.7041,46.6664],[-119.6898,46.6783],[-119.6755,46.6902],[-119.6611,46.7021],[-119.6468,46.714],[-119.6325,46.7259],[-119.6181,46.7378],[-119.6015,46.7379],[-119.5849,46.7379],[-119.5682,46.738],[-119.5516,46.7381],[-119.535,46.7382],[-119.5184,46.7382],[-119.5017,46.7383],[-119.4851,46.7384],[-119.4685,46.7384],[-119.4519,46.7385],[-119.4352,46.7386],[-119.4186,46.7386],[-119.402,46.7387],[-119.3854,46.7387],[-119.3687,46.7388],[-119.3521,46.7388],[-119.3355,46.7389],[-119.3189,46.7389],[-119.3022,46.739],[-119.2856,46.739],[-119.269,46.7391],[-119.2524,46.7391],[-119.2357,46.7391],[-119.2191,46.7392],[-119.2025,46.7392],[-119.1859,46.7392],[-119.1692,46.7393],[-119.1526,46.7393],[-119.136,46.7393],[-119.1194,46.7393],[-119.1027,46.7394],[-119.0861,46.7394],[-119.0981,46.7575],[-119.1102,46.7757],[-119.1222,46.7938],[-119.1343,46.8119],[-119.1128,46.8089],[-119.0912,46.8058],[-119.0697,46.8027],[-119.0482,46.7996],[-119.0465,46.9427],[-119.0447,47.0858]]]},"properties":{"OBJECTID":181,"state":"Washington","agency":"Washington Department of Fish and Game","unit_type":"GMU","unit_id":"278","unit_name":"Wahluke","unit_label":"Washington GMU 278 - Wahluke","aliases":"2025 | 278 | 278 wahluke | game management unit | game management unit 278 | game management unit 278 wahluke | gmu | gmu 278 | gmu 278 wahluke | hunt unit | hunt unit 278 | hunt unit 278 wahluke | hunting unit | hunting unit 278 | hunting unit 278 wahlu","year":"2025","Shape_Length":266932.3847695878,"Shape_Area":2199541409.5192137}},{"type":"Feature","id":182,"geometry":{"type":"Polygon","coordinates":[[[-119.2437,47.0988],[-119.2658,47.1001],[-119.2879,47.1014],[-119.31,47.1027],[-119.3321,47.1039],[-119.3629,47.104],[-119.3937,47.104],[-119.4246,47.104],[-119.4554,47.104],[-119.4862,47.1039],[-119.5171,47.1039],[-119.5479,47.1039],[-119.5787,47.1039],[-119.6095,47.1038],[-119.6404,47.1038],[-119.6712,47.1037],[-119.702,47.1037],[-119.7329,47.1036],[-119.7637,47.1035],[-119.7945,47.1034],[-119.8254,47.1033],[-119.838,47.0955],[-119.8506,47.0877],[-119.8633,47.0799],[-119.8759,47.0721],[-119.8772,47.0008],[-119.8562,46.9983],[-119.8353,46.9959],[-119.8143,46.9934],[-119.7933,46.9909],[-119.7724,46.9884],[-119.7514,46.986],[-119.7305,46.9835],[-119.7095,46.981],[-119.6886,46.9785],[-119.6676,46.976],[-119.6467,46.9735],[-119.6257,46.971],[-119.6048,46.9685],[-119.5838,46.966],[-119.5629,46.9635],[-119.542,46.9609],[-119.5239,46.9606],[-119.5058,46.9602],[-119.4877,46.9598],[-119.4696,46.9594],[-119.4515,46.959],[-119.4333,46.9586],[-119.4152,46.9582],[-119.3971,46.9577],[-119.3706,46.9638],[-119.344,46.9698],[-119.3174,46.9759],[-119.2908,46.9819],[-119.2692,46.9822],[-119.2476,46.9826],[-119.226,46.9829],[-119.2044,46.9833],[-119.1828,46.9836],[-119.1612,46.984],[-119.1396,46.9843],[-119.118,46.9846],[-119.1337,46.9989],[-119.1494,47.0132],[-119.1651,47.0275],[-119.1808,47.0417],[-119.1965,47.056],[-119.2122,47.0703],[-119.228,47.0846],[-119.2437,47.0988]]]},"properties":{"OBJECTID":182,"state":"Washington","agency":"Washington Department of Fish and Game","unit_type":"GMU","unit_id":"290","unit_name":"Desert","unit_label":"Washington GMU 290 - Desert","aliases":"2025 | 290 | 290 desert | desert | game management unit | game management unit 290 | game management unit 290 desert | gmu | gmu 290 | gmu 290 desert | hunt unit | hunt unit 290 | hunt unit 290 desert | hunting unit | hunting unit 290 | hunting unit 290","year":"2025","Shape_Length":132179.63591858203,"Shape_Area":745779073.5957325}},{"type":"Feature","id":183,"geometry":{"type":"Polygon","coordinates":[[[-120.3694,47.0482],[-120.3969,47.0539],[-120.4243,47.0596],[-120.4518,47.0652],[-120.4792,47.0709],[-120.5027,47.0811],[-120.5261,47.0913],[-120.5496,47.1015],[-120.5731,47.1117],[-120.5821,47.0957],[-120.591,47.0797],[-120.6,47.0637],[-120.6089,47.0477],[-120.6084,47.0381],[-120.6209,47.0415],[-120.6319,47.0502],[-120.6429,47.0588],[-120.654,47.0675],[-120.665,47.0762],[-120.6651,47.0762],[-120.682,47.0893],[-120.699,47.1024],[-120.6992,47.1024],[-120.6992,47.1025],[-120.6997,47.1026],[-120.6998,47.1026],[-120.7007,47.1028],[-120.7009,47.1029],[-120.7011,47.1029],[-120.7011,47.1029],[-120.7013,47.103],[-120.7015,47.103],[-120.7016,47.103],[-120.7019,47.1031],[-120.7021,47.1032],[-120.7021,47.1032],[-120.7045,47.1037],[-120.7058,47.104],[-120.7058,47.1041],[-120.7064,47.1043],[-120.7066,47.1043],[-120.714,47.1082],[-120.7084,47.1022],[-120.7052,47.1019],[-120.705,47.1018],[-120.7049,47.1018],[-120.7028,47.1011],[-120.7024,47.1009],[-120.7027,47.0997],[-120.7036,47.0983],[-120.7064,47.0957],[-120.7067,47.095],[-120.7093,47.0922],[-120.7093,47.0921],[-120.7093,47.0921],[-120.7092,47.0919],[-120.7091,47.0917],[-120.709,47.0915],[-120.7095,47.0905],[-120.7102,47.0894],[-120.7106,47.0888],[-120.7112,47.0887],[-120.7113,47.0887],[-120.7137,47.0877],[-120.715,47.0873],[-120.7168,47.0867],[-120.7172,47.0864],[-120.7173,47.0864],[-120.7181,47.0862],[-120.7193,47.0858],[-120.72,47.0855],[-120.7203,47.0853],[-120.7204,47.0853],[-120.7245,47.0829],[-120.7252,47.083],[-120.7267,47.0833],[-120.7276,47.0833],[-120.7343,47.0817],[-120.7367,47.0813],[-120.7372,47.0813],[-120.7391,47.0803],[-120.7436,47.0776],[-120.735,47.0642],[-120.7264,47.0507],[-120.7179,47.0373],[-120.7093,47.0238],[-120.7007,47.0104],[-120.6922,46.9969],[-120.6836,46.9835],[-120.6751,46.97],[-120.6764,46.9692],[-120.6716,46.9679],[-120.6716,46.9679],[-120.6667,46.9658],[-120.6652,46.9661],[-120.6519,46.9657],[-120.6504,46.965],[-120.642,46.9662],[-120.6417,46.9662],[-120.6359,46.9656],[-120.6353,46.9656],[-120.6295,46.9657],[-120.6257,46.9652],[-120.6255,46.9652],[-120.6242,46.9652],[-120.6241,46.9651],[-120.6238,46.965],[-120.6226,46.9649],[-120.6224,46.9649],[-120.6188,46.9642],[-120.6187,46.9642],[-120.6181,46.9643],[-120.6164,46.964],[-120.6164,46.964],[-120.6156,46.9644],[-120.6146,46.9644],[-120.6123,46.9643],[-120.6123,46.9643],[-120.6115,46.9642],[-120.6108,46.964],[-120.6108,46.964],[-120.6069,46.9636],[-120.6055,46.9635],[-120.605,46.9635],[-120.604,46.9633],[-120.6033,46.9631],[-120.5993,46.963],[-120.5992,46.963],[-120.5984,46.9625],[-120.598,46.9619],[-120.598,46.9617],[-120.598,46.961],[-120.599,46.9592],[-120.599,46.9592],[-120.5991,46.9587],[-120.5991,46.9587],[-120.5985,46.9588],[-120.5874,46.9585],[-120.5896,46.9569],[-120.5802,46.9523],[-120.5796,46.952],[-120.5794,46.9517],[-120.5791,46.9514],[-120.5789,46.9511],[-120.5788,46.9507],[-120.5785,46.9493],[-120.5728,46.9524],[-120.5722,46.9521],[-120.57,46.9556],[-120.5489,46.9439],[-120.5278,46.9321],[-120.5269,46.9318],[-120.525,46.9318],[-120.5203,46.9287],[-120.5169,46.9261],[-120.5124,46.9251],[-120.509,46.9129],[-120.5084,46.9124],[-120.5083,46.9121],[-120.4874,46.9046],[-120.4666,46.8971],[-120.4458,46.8896],[-120.4249,46.8822],[-120.4073,46.8799],[-120.3898,46.8776],[-120.3722,46.8753],[-120.3546,46.873],[-120.337,46.8707],[-120.3194,46.8685],[-120.3018,46.8662],[-120.2842,46.8639],[-120.2921,46.8748],[-120.3001,46.8858],[-120.308,46.8968],[-120.3159,46.9078],[-120.3239,46.9188],[-120.3318,46.9297],[-120.3397,46.9407],[-120.3477,46.9517],[-120.3269,46.9539],[-120.3061,46.956],[-120.304,46.9935],[-120.3203,47.0072],[-120.3367,47.0208],[-120.3531,47.0345],[-120.3694,47.0482]]]},"properties":{"OBJECTID":183,"state":"Washington","agency":"Washington Department of Fish and Game","unit_type":"GMU","unit_id":"334","unit_name":"Ellensburg","unit_label":"Washington GMU 334 - Ellensburg","aliases":"2025 | 334 | 334 ellensburg | ellensburg | game management unit | game management unit 334 | game management unit 334 ellensburg | gmu | gmu 334 | gmu 334 ellensburg | hunt unit | hunt unit 334 | hunt unit 334 ellensburg | hunting unit | hunting unit 334","year":"2025","Shape_Length":117427.32091160817,"Shape_Area":490652089.94686776}},{"type":"Feature","id":184,"geometry":{"type":"Polygon","coordinates":[[[-120.7391,47.0803],[-120.7392,47.0803],[-120.7397,47.0807],[-120.7414,47.0809],[-120.7454,47.0811],[-120.7485,47.0813],[-120.7499,47.0821],[-120.7508,47.0822],[-120.7782,47.0901],[-120.8057,47.0979],[-120.8331,47.1057],[-120.8606,47.1135],[-120.8874,47.1091],[-120.9141,47.1047],[-120.9409,47.1003],[-120.9676,47.0959],[-120.9955,47.0963],[-121.0235,47.0968],[-121.0514,47.0972],[-121.0793,47.0977],[-121.088,47.088],[-121.0967,47.0783],[-121.0805,47.0628],[-121.0642,47.0473],[-121.048,47.0318],[-121.0317,47.0163],[-121.0047,47.0085],[-120.9777,47.0006],[-120.9507,46.9927],[-120.9237,46.9848],[-120.9102,46.9767],[-120.8966,46.9686],[-120.8831,46.9605],[-120.8695,46.9524],[-120.856,46.9442],[-120.8425,46.9361],[-120.8289,46.928],[-120.8154,46.9199],[-120.798,46.9182],[-120.7807,46.9165],[-120.7633,46.9147],[-120.746,46.913],[-120.7286,46.9113],[-120.7113,46.9096],[-120.6939,46.9079],[-120.6766,46.9062],[-120.6504,46.8996],[-120.6243,46.8931],[-120.5981,46.8865],[-120.572,46.8799],[-120.5458,46.8734],[-120.5197,46.8668],[-120.4936,46.8602],[-120.4675,46.8537],[-120.4636,46.8212],[-120.4597,46.7887],[-120.4559,46.7563],[-120.452,46.7238],[-120.4618,46.7127],[-120.4716,46.7016],[-120.4814,46.6905],[-120.4912,46.6794],[-120.4813,46.6777],[-120.4692,46.6848],[-120.4572,46.6919],[-120.4452,46.699],[-120.4331,46.7061],[-120.4211,46.7132],[-120.409,46.7202],[-120.397,46.7273],[-120.3849,46.7344],[-120.3768,46.7534],[-120.3687,46.7723],[-120.3606,46.7913],[-120.3524,46.8102],[-120.3615,46.8192],[-120.3706,46.8282],[-120.3796,46.8372],[-120.3887,46.8462],[-120.3977,46.8552],[-120.4068,46.8642],[-120.4159,46.8732],[-120.4249,46.8822],[-120.4458,46.8896],[-120.4666,46.8971],[-120.4874,46.9046],[-120.5083,46.9121],[-120.5084,46.9124],[-120.509,46.9129],[-120.5124,46.9251],[-120.5169,46.9261],[-120.5203,46.9287],[-120.525,46.9318],[-120.5269,46.9318],[-120.5278,46.9321],[-120.5489,46.9439],[-120.57,46.9556],[-120.5722,46.9521],[-120.5728,46.9524],[-120.5785,46.9493],[-120.5788,46.9507],[-120.5789,46.9511],[-120.5791,46.9514],[-120.5794,46.9517],[-120.5796,46.952],[-120.5802,46.9523],[-120.5896,46.9569],[-120.5874,46.9585],[-120.5985,46.9588],[-120.5991,46.9587],[-120.5991,46.9587],[-120.599,46.9592],[-120.599,46.9592],[-120.598,46.961],[-120.598,46.9617],[-120.598,46.9619],[-120.5984,46.9625],[-120.5992,46.963],[-120.5993,46.963],[-120.6033,46.9631],[-120.604,46.9633],[-120.605,46.9635],[-120.6055,46.9635],[-120.6069,46.9636],[-120.6108,46.964],[-120.6108,46.964],[-120.6115,46.9642],[-120.6123,46.9643],[-120.6123,46.9643],[-120.6146,46.9644],[-120.6156,46.9644],[-120.6164,46.964],[-120.6164,46.964],[-120.6181,46.9643],[-120.6187,46.9642],[-120.6188,46.9642],[-120.6224,46.9649],[-120.6226,46.9649],[-120.6238,46.965],[-120.6241,46.9651],[-120.6242,46.9652],[-120.6255,46.9652],[-120.6257,46.9652],[-120.6295,46.9657],[-120.6353,46.9656],[-120.6359,46.9656],[-120.6417,46.9662],[-120.642,46.9662],[-120.6504,46.965],[-120.6519,46.9657],[-120.6652,46.9661],[-120.6667,46.9658],[-120.6716,46.9679],[-120.6716,46.9679],[-120.6764,46.9692],[-120.6751,46.97],[-120.6836,46.9835],[-120.6922,46.9969],[-120.7007,47.0104],[-120.7093,47.0238],[-120.7179,47.0373],[-120.7264,47.0507],[-120.735,47.0642],[-120.7436,47.0776],[-120.7391,47.0803]]]},"properties":{"OBJECTID":184,"state":"Washington","agency":"Washington Department of Fish and Game","unit_type":"GMU","unit_id":"340","unit_name":"Manastash","unit_label":"Washington GMU 340 - Manastash","aliases":"2025 | 340 | 340 manastash | game management unit | game management unit 340 | game management unit 340 manastash | gmu | gmu 340 | gmu 340 manastash | hunt unit | hunt unit 340 | hunt unit 340 manastash | hunting unit | hunting unit 340 | hunting unit 3","year":"2025","Shape_Length":172666.84536318254,"Shape_Area":666108354.7848061}},{"type":"Feature","id":185,"geometry":{"type":"Polygon","coordinates":[[[-121.0967,47.0783],[-121.1219,47.0871],[-121.1471,47.0958],[-121.1723,47.1046],[-121.1975,47.1133],[-121.2227,47.1221],[-121.248,47.1308],[-121.2732,47.1395],[-121.2984,47.1482],[-121.3254,47.14],[-121.3523,47.1317],[-121.3793,47.1235],[-121.4062,47.1152],[-121.3987,47.1009],[-121.3911,47.0865],[-121.3836,47.0722],[-121.3761,47.0579],[-121.3912,47.0392],[-121.4063,47.0205],[-121.4213,47.0018],[-121.4364,46.9831],[-121.4514,46.9645],[-121.4665,46.9458],[-121.4815,46.9271],[-121.4965,46.9084],[-121.5061,46.8904],[-121.5157,46.8724],[-121.5006,46.8781],[-121.4854,46.8838],[-121.4703,46.8894],[-121.4552,46.8951],[-121.4401,46.9008],[-121.4249,46.9065],[-121.4098,46.9122],[-121.3947,46.9178],[-121.3795,46.9235],[-121.3644,46.9292],[-121.3493,46.9348],[-121.3341,46.9405],[-121.319,46.9462],[-121.3038,46.9518],[-121.2887,46.9575],[-121.2735,46.9632],[-121.247,46.9669],[-121.2205,46.9707],[-121.194,46.9745],[-121.1674,46.9782],[-121.1485,46.9803],[-121.1296,46.9824],[-121.1106,46.9845],[-121.0917,46.9866],[-121.0804,46.97],[-121.0691,46.9533],[-121.0578,46.9367],[-121.0466,46.92],[-121.0273,46.9077],[-121.0081,46.8954],[-120.9888,46.8831],[-120.9696,46.8707],[-120.9458,46.879],[-120.9221,46.8874],[-120.9237,46.9848],[-120.9507,46.9927],[-120.9777,47.0006],[-121.0047,47.0085],[-121.0317,47.0163],[-121.048,47.0318],[-121.0642,47.0473],[-121.0805,47.0628],[-121.0967,47.0783]]]},"properties":{"OBJECTID":185,"state":"Washington","agency":"Washington Department of Fish and Game","unit_type":"GMU","unit_id":"346","unit_name":"Little Naches","unit_label":"Washington GMU 346 - Little Naches","aliases":"2025 | 346 | 346 little naches | game management unit | game management unit 346 | game management unit 346 little naches | gmu | gmu 346 | gmu 346 little naches | hunt unit | hunt unit 346 | hunt unit 346 little naches | hunting unit | hunting unit 346","year":"2025","Shape_Length":139814.57943417926,"Shape_Area":622261113.7404794}},{"type":"Feature","id":186,"geometry":{"type":"Polygon","coordinates":[[[-122.7016,47.1853],[-122.7117,47.1771],[-122.7218,47.169],[-122.7319,47.1608],[-122.742,47.1526],[-122.7223,47.1386],[-122.7027,47.1245],[-122.7016,47.1853]]]},"properties":{"OBJECTID":186,"state":"Washington","agency":"Washington Department of Fish and Game","unit_type":"GMU","unit_id":"655","unit_name":"Anderson Island","unit_label":"Washington GMU 655 - Anderson Island","aliases":"2025 | 655 | 655 anderson island | anderson island | game management unit | game management unit 655 | game management unit 655 anderson island | gmu | gmu 655 | gmu 655 anderson island | hunt unit | hunt unit 655 | hunt unit 655 anderson island | huntin","year":"2025","Shape_Length":15780.344576958541,"Shape_Area":10196856.169461818}},{"type":"Feature","id":187,"geometry":{"type":"Polygon","coordinates":[[[-121.5317,47.1536],[-121.5482,47.1599],[-121.5647,47.1663],[-121.5812,47.1726],[-121.5978,47.179],[-121.6143,47.1853],[-121.6308,47.1916],[-121.6473,47.198],[-121.6638,47.2043],[-121.6945,47.2035],[-121.7251,47.2027],[-121.7558,47.2019],[-121.7864,47.201],[-121.8011,47.1964],[-121.8157,47.1919],[-121.8304,47.1873],[-121.845,47.1827],[-121.8597,47.178],[-121.8743,47.1734],[-121.8889,47.1688],[-121.9036,47.1642],[-121.9335,47.1667],[-121.9634,47.1692],[-121.9933,47.1716],[-122.0233,47.1741],[-122.0307,47.1636],[-122.0382,47.1531],[-122.0457,47.1427],[-122.0531,47.1322],[-122.0606,47.1218],[-122.0681,47.1113],[-122.0755,47.1008],[-122.083,47.0904],[-122.0698,47.0727],[-122.0566,47.055],[-122.0434,47.0373],[-122.0302,47.0196],[-122.0017,47.0136],[-121.9732,47.0076],[-121.9447,47.0015],[-121.9163,46.9955],[-121.8924,46.9955],[-121.8685,46.9955],[-121.8446,46.9955],[-121.8207,46.9955],[-121.7968,46.9955],[-121.7729,46.9954],[-121.749,46.9954],[-121.7251,46.9954],[-121.7012,46.9953],[-121.6773,46.9953],[-121.6534,46.9953],[-121.6295,46.9952],[-121.6056,46.9952],[-121.5817,46.9951],[-121.5578,46.9951],[-121.5339,46.995],[-121.5246,46.9734],[-121.5152,46.9517],[-121.5059,46.9301],[-121.4965,46.9084],[-121.4815,46.9271],[-121.4665,46.9458],[-121.4514,46.9645],[-121.4364,46.9831],[-121.4213,47.0018],[-121.4063,47.0205],[-121.3912,47.0392],[-121.3761,47.0579],[-121.3836,47.0722],[-121.3911,47.0865],[-121.3987,47.1009],[-121.4062,47.1152],[-121.4219,47.12],[-121.4376,47.1248],[-121.4533,47.1296],[-121.469,47.1344],[-121.4847,47.1392],[-121.5003,47.144],[-121.516,47.1488],[-121.5317,47.1536]]]},"properties":{"OBJECTID":187,"state":"Washington","agency":"Washington Department of Fish and Game","unit_type":"GMU","unit_id":"653","unit_name":"White River","unit_label":"Washington GMU 653 - White River","aliases":"2025 | 653 | 653 white river | game management unit | game management unit 653 | game management unit 653 white river | gmu | gmu 653 | gmu 653 white river | hunt unit | hunt unit 653 | hunt unit 653 white river | hunting unit | hunting unit 653 | huntin","year":"2025","Shape_Length":143452.45723868342,"Shape_Area":1007608661.8139564}},{"type":"Feature","id":188,"geometry":{"type":"Polygon","coordinates":[[[-122.7646,47.1479],[-122.7786,47.1595],[-122.7926,47.1711],[-122.8066,47.1826],[-122.8206,47.1942],[-122.8413,47.1851],[-122.8621,47.1759],[-122.8828,47.1667],[-122.9035,47.1575],[-122.9144,47.1646],[-122.9253,47.1716],[-122.9362,47.1786],[-122.947,47.1856],[-122.9631,47.1738],[-122.9791,47.1619],[-122.9951,47.1501],[-123.0111,47.1382],[-123.027,47.1264],[-123.043,47.1145],[-123.059,47.1027],[-123.075,47.0908],[-123.0587,47.0821],[-123.0424,47.0733],[-123.0261,47.0646],[-123.0098,47.0559],[-122.9959,47.0491],[-122.982,47.0423],[-122.9941,47.0242],[-123.0061,47.0061],[-123.0181,46.988],[-123.0301,46.9699],[-123.0273,46.9202],[-123.0246,46.8706],[-123.0427,46.8584],[-123.0608,46.8462],[-123.0789,46.834],[-123.097,46.8218],[-123.0746,46.817],[-123.0522,46.8121],[-123.0298,46.8073],[-123.0074,46.8024],[-122.9891,46.8092],[-122.9708,46.8159],[-122.9524,46.8227],[-122.9341,46.8294],[-122.9158,46.8362],[-122.8975,46.8429],[-122.8791,46.8497],[-122.8608,46.8564],[-122.842,46.8589],[-122.8232,46.8615],[-122.8044,46.864],[-122.7855,46.8665],[-122.7667,46.869],[-122.7479,46.8716],[-122.7291,46.8741],[-122.7103,46.8766],[-122.6973,46.8848],[-122.6844,46.893],[-122.6714,46.9011],[-122.6584,46.9093],[-122.6455,46.9175],[-122.6325,46.9256],[-122.6195,46.9338],[-122.6065,46.942],[-122.5834,46.9377],[-122.5603,46.9334],[-122.5678,46.9527],[-122.5753,46.972],[-122.591,46.9743],[-122.6067,46.9765],[-122.6224,46.9788],[-122.6381,46.981],[-122.6461,46.9914],[-122.654,47.0017],[-122.662,47.012],[-122.67,47.0224],[-122.678,47.0327],[-122.686,47.043],[-122.6939,47.0534],[-122.7019,47.0637],[-122.6971,47.0814],[-122.6922,47.0992],[-122.7103,47.1114],[-122.7284,47.1235],[-122.7465,47.1357],[-122.7646,47.1479]]]},"properties":{"OBJECTID":188,"state":"Washington","agency":"Washington Department of Fish and Game","unit_type":"GMU","unit_id":"666","unit_name":"Deschutes","unit_label":"Washington GMU 666 - Deschutes","aliases":"2025 | 666 | 666 deschutes | deschutes | game management unit | game management unit 666 | game management unit 666 deschutes | gmu | gmu 666 | gmu 666 deschutes | hunt unit | hunt unit 666 | hunt unit 666 deschutes | hunting unit | hunting unit 666 | hu","year":"2025","Shape_Length":146964.37718621822,"Shape_Area":967234366.7086053}},{"type":"Feature","id":189,"geometry":{"type":"Polygon","coordinates":[[[-120.0035,47.2151],[-120.0226,47.2189],[-120.0418,47.2227],[-120.0609,47.2265],[-120.0801,47.2302],[-120.0627,47.2151],[-120.0454,47.2],[-120.0281,47.1849],[-120.0107,47.1698],[-120.0071,47.1925],[-120.0035,47.2151]]]},"properties":{"OBJECTID":189,"state":"Washington","agency":"Washington Department of Fish and Game","unit_type":"GMU","unit_id":"330","unit_name":"West Bar","unit_label":"Washington GMU 330 - West Bar","aliases":"2025 | 330 | 330 west bar | game management unit | game management unit 330 | game management unit 330 west bar | gmu | gmu 330 | gmu 330 west bar | hunt unit | hunt unit 330 | hunt unit 330 west bar | hunting unit | hunting unit 330 | hunting unit 330 w","year":"2025","Shape_Length":19619.07847757855,"Shape_Area":15056531.777426163}},{"type":"Feature","id":190,"geometry":{"type":"Polygon","coordinates":[[[-120.0838,47.2338],[-120.1057,47.2326],[-120.1276,47.2314],[-120.1495,47.2302],[-120.1715,47.229],[-120.1934,47.2278],[-120.2153,47.2266],[-120.2372,47.2254],[-120.2591,47.2242],[-120.2662,47.2082],[-120.2734,47.1923],[-120.2805,47.1763],[-120.2877,47.1604],[-120.3058,47.1489],[-120.324,47.1374],[-120.3421,47.1259],[-120.3603,47.1144],[-120.3649,47.0813],[-120.3694,47.0482],[-120.3531,47.0345],[-120.3367,47.0208],[-120.3203,47.0072],[-120.304,46.9935],[-120.3061,46.956],[-120.2896,46.9549],[-120.2731,46.9537],[-120.2567,46.9526],[-120.2402,46.9514],[-120.2237,46.9503],[-120.2073,46.9491],[-120.1908,46.948],[-120.1743,46.9468],[-120.1579,46.9456],[-120.1414,46.9445],[-120.1249,46.9433],[-120.1085,46.9421],[-120.092,46.941],[-120.0755,46.9398],[-120.0591,46.9386],[-120.0426,46.9374],[-120.0235,46.939],[-120.0044,46.9406],[-119.9853,46.9422],[-119.9662,46.9438],[-119.9757,46.96],[-119.9853,46.9763],[-119.9948,46.9925],[-120.0044,47.0088],[-120.0139,47.025],[-120.0235,47.0413],[-120.0331,47.0575],[-120.0427,47.0738],[-120.0347,47.0978],[-120.0267,47.1218],[-120.0187,47.1458],[-120.0107,47.1698],[-120.0281,47.1849],[-120.0454,47.2],[-120.0627,47.2151],[-120.0801,47.2302],[-120.0838,47.2338]]]},"properties":{"OBJECTID":190,"state":"Washington","agency":"Washington Department of Fish and Game","unit_type":"GMU","unit_id":"329","unit_name":"Quilomene","unit_label":"Washington GMU 329 - Quilomene","aliases":"2025 | 329 | 329 quilomene | game management unit | game management unit 329 | game management unit 329 quilomene | gmu | gmu 329 | gmu 329 quilomene | hunt unit | hunt unit 329 | hunt unit 329 quilomene | hunting unit | hunting unit 329 | hunting unit 3","year":"2025","Shape_Length":109216.43671438072,"Shape_Area":717869553.7803783}},{"type":"Feature","id":191,"geometry":{"type":"Polygon","coordinates":[[[-123.1278,47.2067],[-123.1474,47.204],[-123.1669,47.2012],[-123.1839,47.2065],[-123.2009,47.2117],[-123.2179,47.217],[-123.2349,47.2222],[-123.2519,47.2274],[-123.2689,47.2327],[-123.2859,47.2379],[-123.3029,47.2431],[-123.3288,47.2407],[-123.3547,47.2383],[-123.3806,47.2358],[-123.4065,47.2333],[-123.4325,47.2309],[-123.4584,47.2284],[-123.4843,47.226],[-123.5102,47.2235],[-123.515,47.1766],[-123.5441,47.1745],[-123.5733,47.1724],[-123.5676,47.1555],[-123.5619,47.1387],[-123.5563,47.1218],[-123.5506,47.105],[-123.5449,47.0881],[-123.5393,47.0713],[-123.5336,47.0545],[-123.528,47.0376],[-123.5191,47.0282],[-123.5102,47.0187],[-123.5013,47.0093],[-123.4924,46.9998],[-123.4662,47.0012],[-123.4401,47.0025],[-123.414,47.0038],[-123.3879,47.0052],[-123.3741,47.0113],[-123.3603,47.0175],[-123.3466,47.0237],[-123.3328,47.0298],[-123.3191,47.036],[-123.3053,47.0421],[-123.2915,47.0483],[-123.2778,47.0544],[-123.2473,47.0548],[-123.2169,47.0552],[-123.1865,47.0555],[-123.1561,47.0559],[-123.137,47.0447],[-123.1179,47.0336],[-123.0909,47.0391],[-123.0638,47.0447],[-123.0368,47.0503],[-123.0098,47.0559],[-123.0261,47.0646],[-123.0424,47.0733],[-123.0587,47.0821],[-123.075,47.0908],[-123.0816,47.1053],[-123.0882,47.1198],[-123.0948,47.1343],[-123.1014,47.1488],[-123.108,47.1633],[-123.1146,47.1777],[-123.1212,47.1922],[-123.1278,47.2067]]]},"properties":{"OBJECTID":191,"state":"Washington","agency":"Washington Department of Fish and Game","unit_type":"GMU","unit_id":"651","unit_name":"Satsop","unit_label":"Washington GMU 651 - Satsop","aliases":"2025 | 651 | 651 satsop | game management unit | game management unit 651 | game management unit 651 satsop | gmu | gmu 651 | gmu 651 satsop | hunt unit | hunt unit 651 | hunt unit 651 satsop | hunting unit | hunting unit 651 | hunting unit 651 satsop |","year":"2025","Shape_Length":119766.29010947139,"Shape_Area":743302185.0250793}},{"type":"Feature","id":192,"geometry":{"type":"Polygon","coordinates":[[[-117.0397,47.2407],[-117.04,47.2406],[-117.0619,47.2385],[-117.0839,47.2365],[-117.1058,47.2345],[-117.1277,47.2325],[-117.1496,47.2304],[-117.1715,47.2284],[-117.1934,47.2264],[-117.2153,47.2243],[-117.2321,47.2363],[-117.2488,47.2482],[-117.2655,47.2602],[-117.2823,47.2722],[-117.302,47.2683],[-117.3217,47.2644],[-117.3413,47.2605],[-117.361,47.2566],[-117.3685,47.2402],[-117.3887,47.2435],[-117.409,47.2469],[-117.4292,47.2503],[-117.4495,47.2536],[-117.4697,47.257],[-117.49,47.2603],[-117.5102,47.2637],[-117.5305,47.267],[-117.5469,47.2592],[-117.5632,47.2513],[-117.5796,47.2435],[-117.596,47.2356],[-117.613,47.2396],[-117.63,47.2436],[-117.6469,47.2476],[-117.6639,47.2515],[-117.6809,47.2555],[-117.6979,47.2595],[-117.7149,47.2634],[-117.7319,47.2674],[-117.7399,47.2576],[-117.7479,47.2478],[-117.7558,47.2381],[-117.7638,47.2283],[-117.78,47.2263],[-117.7963,47.2243],[-117.8125,47.2224],[-117.8287,47.2204],[-117.845,47.2184],[-117.8612,47.2165],[-117.8774,47.2145],[-117.8937,47.2125],[-117.9087,47.1977],[-117.9236,47.1829],[-117.9386,47.168],[-117.9536,47.1532],[-117.9494,47.1361],[-117.9453,47.1191],[-117.9412,47.102],[-117.9371,47.0849],[-117.9379,47.0835],[-117.9378,47.0811],[-117.9382,47.08],[-117.9353,47.0735],[-117.9359,47.0731],[-117.9359,47.0731],[-117.9365,47.0729],[-117.9367,47.0729],[-117.9373,47.0728],[-117.9378,47.0728],[-117.9416,47.0721],[-117.9417,47.072],[-117.9472,47.0711],[-117.9472,47.0708],[-117.9668,47.0597],[-117.9671,47.0595],[-117.9674,47.0587],[-117.967,47.0583],[-117.9709,47.0554],[-117.972,47.0542],[-117.9735,47.048],[-117.9731,47.0474],[-117.9718,47.0462],[-117.9704,47.0458],[-117.9701,47.0451],[-117.9702,47.0448],[-117.9702,47.0445],[-117.9693,47.0435],[-117.9688,47.0424],[-117.9685,47.0422],[-117.9664,47.0406],[-117.9657,47.04],[-117.9653,47.0395],[-117.965,47.0392],[-117.9643,47.0376],[-117.9643,47.0375],[-117.9633,47.0359],[-117.9631,47.0358],[-117.9623,47.0354],[-117.9616,47.0351],[-117.9597,47.0339],[-117.96,47.0332],[-117.9601,47.0332],[-117.9566,47.0257],[-117.9565,47.0257],[-117.9563,47.026],[-117.9563,47.026],[-117.9508,47.0274],[-117.9507,47.0274],[-117.9502,47.0268],[-117.9502,47.0267],[-117.9502,47.0265],[-117.9502,47.0255],[-117.95,47.0254],[-117.9499,47.0254],[-117.949,47.0229],[-117.949,47.0222],[-117.9489,47.0217],[-117.9489,47.0215],[-117.949,47.0212],[-117.9483,47.0203],[-117.9481,47.02],[-117.948,47.0199],[-117.9464,47.0179],[-117.9432,47.0122],[-117.9429,47.0114],[-117.943,47.0079],[-117.9467,47.0071],[-117.9479,47.0047],[-117.9479,47.0047],[-117.9477,47.004],[-117.9473,47.0037],[-117.9473,47.0036],[-117.9465,47.0036],[-117.9441,47.0026],[-117.9406,47.0017],[-117.9403,47.0017],[-117.9324,47.0019],[-117.9319,47.0016],[-117.931,47.0007],[-117.9303,47.0002],[-117.93,47.0],[-117.9298,46.9999],[-117.9296,46.9997],[-117.9293,46.9993],[-117.9385,46.9883],[-117.9386,46.9882],[-117.9388,46.9878],[-117.9391,46.9871],[-117.9385,46.9859],[-117.9366,46.9847],[-117.9335,46.9837],[-117.9301,46.9828],[-117.9295,46.9826],[-117.9252,46.9797],[-117.9252,46.9794],[-117.9259,46.9786],[-117.9326,46.9745],[-117.9328,46.9734],[-117.9327,46.9731],[-117.9271,46.9706],[-117.9288,46.9635],[-117.9291,46.9633],[-117.9293,46.9629],[-117.9294,46.9627],[-117.9305,46.9575],[-117.9282,46.9553],[-117.9281,46.9552],[-117.9266,46.9529],[-117.9265,46.9527],[-117.9255,46.9518],[-117.9253,46.9507],[-117.921,46.9493],[-117.9205,46.9483],[-117.9188,46.9456],[-117.9229,46.9299],[-117.9247,46.922],[-117.9261,46.9191],[-117.9268,46.9184],[-117.927,46.9182],[-117.927,46.9182],[-117.9275,46.9138],[-117.9275,46.9135],[-117.928,46.912],[-117.928,46.9119],[-117.9285,46.9103],[-117.9291,46.9085],[-117.9277,46.9007],[-117.9277,46.9007],[-117.9276,46.9002],[-117.9276,46.9],[-117.9283,46.8994],[-117.9316,46.888],[-117.935,46.887],[-117.9366,46.8866],[-117.9382,46.8855],[-117.9459,46.879],[-117.9461,46.8789],[-117.9684,46.8678],[-117.9695,46.8675],[-117.9728,46.8662],[-117.9729,46.866],[-117.9788,46.8629],[-117.9801,46.8627],[-117.9837,46.8623],[-117.9858,46.8623],[-117.9879,46.8615],[-117.9881,46.8614],[-117.9886,46.8578],[-117.9888,46.8574],[-117.99,46.8564],[-117.9922,46.8544],[-117.9925,46.8541],[-117.993,46.8537],[-117.9931,46.8536],[-117.9952,46.852],[-117.9953,46.852],[-117.9976,46.851],[-117.9976,46.8509],[-117.999,46.8501],[-118.0041,46.8455],[-118.0049,46.8441],[-118.005,46.8434],[-118.0045,46.8424],[-118.0013,46.8384],[-118.0012,46.8384],[-117.9975,46.8379],[-118.0072,46.8178],[-118.0074,46.8175],[-118.0089,46.8164],[-118.0112,46.815],[-118.0137,46.8147],[-118.017,46.8151],[-118.017,46.8151],[-118.0187,46.8152],[-118.0193,46.8148],[-118.0194,46.8147],[-118.0199,46.8134],[-118.02,46.813],[-118.02,46.8126],[-118.0199,46.8122],[-118.0198,46.8121],[-118.0177,46.8078],[-118.0177,46.8072],[-118.0174,46.806],[-118.0166,46.8047],[-118.0164,46.804],[-118.0166,46.8029],[-118.0177,46.7997],[-118.0178,46.7989],[-118.0168,46.7956],[-118.0138,46.7931],[-118.0133,46.7927],[-118.0133,46.7927],[-118.0148,46.7883],[-118.0148,46.7881],[-118.0202,46.783],[-118.0202,46.783],[-118.0222,46.7839],[-118.0234,46.7858],[-118.0251,46.7875],[-118.0252,46.7875],[-118.0257,46.7878],[-118.0263,46.788],[-118.0265,46.788],[-118.0276,46.7881],[-118.028,46.788],[-118.0283,46.7879],[-118.0288,46.7874],[-118.0292,46.7868],[-118.0302,46.7865],[-118.0307,46.7865],[-118.0315,46.7862],[-118.0316,46.7861],[-118.033,46.7856],[-118.0337,46.7855],[-118.0342,46.7854],[-118.0374,46.7833],[-118.0375,46.7831],[-118.038,46.7823],[-118.0389,46.7809],[-118.0396,46.7796],[-118.0404,46.778],[-118.0406,46.7776],[-118.0407,46.7775],[-118.0414,46.7756],[-118.0416,46.7748],[-118.0418,46.7741],[-118.0418,46.774],[-118.0419,46.7736],[-118.0419,46.7736],[-118.0419,46.7736],[-118.0418,46.7736],[-118.0119,46.7684],[-117.9821,46.7632],[-117.961,46.7694],[-117.9399,46.7757],[-117.9187,46.7819],[-117.8976,46.7881],[-117.8765,46.7944],[-117.8554,46.8006],[-117.8343,46.8068],[-117.8131,46.813],[-117.796,46.8127],[-117.7789,46.8124],[-117.7617,46.8121],[-117.7446,46.8118],[-117.7275,46.8115],[-117.7103,46.8112],[-117.6932,46.8109],[-117.6761,46.8106],[-117.6589,46.8103],[-117.6418,46.81],[-117.6247,46.8097],[-117.6075,46.8093],[-117.5904,46.809],[-117.5733,46.8087],[-117.5561,46.8084],[-117.539,46.808],[-117.5194,46.8183],[-117.4998,46.8287],[-117.4802,46.839],[-117.4606,46.8493],[-117.441,46.8596],[-117.4214,46.8699],[-117.4018,46.8802],[-117.3822,46.8905],[-117.3728,46.8776],[-117.3634,46.8647],[-117.354,46.8519],[-117.3446,46.839],[-117.3353,46.8261],[-117.3259,46.8132],[-117.3165,46.8003],[-117.3072,46.7874],[-117.2856,46.7744],[-117.2641,46.7613],[-117.2425,46.7483],[-117.221,46.7353],[-117.1989,46.7319],[-117.1767,46.7286],[-117.1545,46.7252],[-117.1324,46.7219],[-117.1093,46.7245],[-117.0861,46.7271],[-117.063,46.7297],[-117.0399,46.7324],[-117.0398,46.7324],[-117.0398,46.7348],[-117.0399,46.7445],[-117.0397,46.8642],[-117.0397,46.8713],[-117.0395,46.9113],[-117.0395,46.9175],[-117.0396,46.9464],[-117.0396,46.9612],[-117.0397,46.9899],[-117.0398,46.9959],[-117.0397,47.0476],[-117.0398,47.0535],[-117.0397,47.0767],[-117.0398,47.0837],[-117.0397,47.1005],[-117.0398,47.1273],[-117.0398,47.1292],[-117.0399,47.1789],[-117.0397,47.2407]]]},"properties":{"OBJECTID":192,"state":"Washington","agency":"Washington Department of Fish and Game","unit_type":"GMU","unit_id":"139","unit_name":"Steptoe","unit_label":"Washington GMU 139 - Steptoe","aliases":"139 | 139 steptoe | 2025 | game management unit | game management unit 139 | game management unit 139 steptoe | gmu | gmu 139 | gmu 139 steptoe | hunt unit | hunt unit 139 | hunt unit 139 steptoe | hunting unit | hunting unit 139 | hunting unit 139 stept","year":"2025","Shape_Length":282884.58834392275,"Shape_Area":3450463762.6810946}},{"type":"Feature","id":193,"geometry":{"type":"Polygon","coordinates":[[[-121.2984,47.1482],[-121.3032,47.176],[-121.308,47.2037],[-121.3344,47.2133],[-121.3609,47.2229],[-121.3554,47.2362],[-121.3499,47.2495],[-121.3443,47.2629],[-121.3388,47.2762],[-121.3511,47.2825],[-121.3634,47.2888],[-121.3757,47.2951],[-121.388,47.3014],[-121.4003,47.3077],[-121.4127,47.314],[-121.425,47.3203],[-121.4373,47.3266],[-121.45,47.3123],[-121.4626,47.298],[-121.4753,47.2837],[-121.4879,47.2693],[-121.4934,47.2549],[-121.4989,47.2404],[-121.5044,47.2259],[-121.5099,47.2115],[-121.5153,47.197],[-121.5208,47.1825],[-121.5263,47.1681],[-121.5317,47.1536],[-121.516,47.1488],[-121.5003,47.144],[-121.4847,47.1392],[-121.469,47.1344],[-121.4533,47.1296],[-121.4376,47.1248],[-121.4219,47.12],[-121.4062,47.1152],[-121.3793,47.1235],[-121.3523,47.1317],[-121.3254,47.14],[-121.2984,47.1482]]]},"properties":{"OBJECTID":193,"state":"Washington","agency":"Washington Department of Fish and Game","unit_type":"GMU","unit_id":"466","unit_name":"Stampede","unit_label":"Washington GMU 466 - Stampede","aliases":"2025 | 466 | 466 stampede | game management unit | game management unit 466 | game management unit 466 stampede | gmu | gmu 466 | gmu 466 stampede | hunt unit | hunt unit 466 | hunt unit 466 stampede | hunting unit | hunting unit 466 | hunting unit 466 s","year":"2025","Shape_Length":66296.85164543698,"Shape_Area":256281174.72223946}},{"type":"Feature","id":194,"geometry":{"type":"Polygon","coordinates":[[[-117.8937,47.2125],[-117.9035,47.2245],[-117.9134,47.2365],[-117.9232,47.2485],[-117.9331,47.2605],[-117.943,47.2725],[-117.9528,47.2845],[-117.9627,47.2965],[-117.9726,47.3085],[-117.9885,47.3024],[-118.0044,47.2964],[-118.0203,47.2903],[-118.0362,47.2843],[-118.0521,47.2782],[-118.0679,47.2721],[-118.0838,47.2661],[-118.0997,47.26],[-118.1156,47.2539],[-118.1315,47.2479],[-118.1473,47.2418],[-118.1632,47.2357],[-118.1791,47.2296],[-118.1949,47.2236],[-118.2108,47.2175],[-118.2266,47.2114],[-118.2465,47.2107],[-118.2664,47.21],[-118.2863,47.2093],[-118.3062,47.2087],[-118.326,47.208],[-118.3459,47.2073],[-118.3658,47.2066],[-118.3857,47.2059],[-118.3867,47.2608],[-118.4059,47.2608],[-118.4251,47.2609],[-118.4443,47.2609],[-118.4635,47.261],[-118.4827,47.261],[-118.5019,47.2611],[-118.5211,47.2611],[-118.5403,47.2612],[-118.5595,47.2612],[-118.5787,47.2613],[-118.5979,47.2613],[-118.6171,47.2613],[-118.6363,47.2614],[-118.6555,47.2614],[-118.6747,47.2614],[-118.6939,47.2615],[-118.7131,47.2615],[-118.7323,47.2615],[-118.7515,47.2615],[-118.7707,47.2615],[-118.7898,47.2615],[-118.809,47.2615],[-118.8282,47.2616],[-118.8474,47.2616],[-118.8666,47.2616],[-118.8858,47.2616],[-118.905,47.2615],[-118.9242,47.2615],[-118.9434,47.2615],[-118.9626,47.2615],[-118.9818,47.2615],[-119.001,47.2615],[-119.0024,47.0881],[-119.0236,47.087],[-119.0447,47.0858],[-119.0465,46.9427],[-119.0482,46.7996],[-119.0217,46.7988],[-118.9951,46.7981],[-118.9686,46.7973],[-118.942,46.7965],[-118.9155,46.7957],[-118.889,46.7949],[-118.8624,46.7941],[-118.8359,46.7933],[-118.8085,46.7935],[-118.7811,46.7936],[-118.7538,46.7938],[-118.7264,46.7939],[-118.699,46.7941],[-118.6716,46.7942],[-118.6443,46.7943],[-118.6169,46.7944],[-118.5895,46.7946],[-118.5621,46.7947],[-118.5348,46.7948],[-118.5074,46.7949],[-118.48,46.795],[-118.4526,46.7951],[-118.4253,46.7951],[-118.3979,46.7952],[-118.3755,46.786],[-118.3531,46.7769],[-118.3308,46.7677],[-118.3084,46.7585],[-118.298,46.7572],[-118.2854,46.7536],[-118.2765,46.7504],[-118.2728,46.7507],[-118.2608,46.7491],[-118.238,46.7451],[-118.2371,46.7449],[-118.2354,46.7443],[-118.2088,46.744],[-118.2023,46.7439],[-118.1823,46.7476],[-118.1622,46.7514],[-118.1422,46.7551],[-118.1221,46.7588],[-118.1021,46.7625],[-118.082,46.7662],[-118.0619,46.7699],[-118.0419,46.7736],[-118.0419,46.7736],[-118.0418,46.774],[-118.0418,46.7741],[-118.0416,46.7748],[-118.0414,46.7756],[-118.0407,46.7775],[-118.0406,46.7776],[-118.0404,46.778],[-118.0396,46.7796],[-118.0389,46.7809],[-118.038,46.7823],[-118.0375,46.7831],[-118.0374,46.7833],[-118.0342,46.7854],[-118.0337,46.7855],[-118.033,46.7856],[-118.0316,46.7861],[-118.0315,46.7862],[-118.0307,46.7865],[-118.0302,46.7865],[-118.0292,46.7868],[-118.0288,46.7874],[-118.0283,46.7879],[-118.028,46.788],[-118.0276,46.7881],[-118.0265,46.788],[-118.0263,46.788],[-118.0257,46.7878],[-118.0252,46.7875],[-118.0251,46.7875],[-118.0234,46.7858],[-118.0222,46.7839],[-118.0202,46.783],[-118.0202,46.783],[-118.0148,46.7881],[-118.0148,46.7883],[-118.0133,46.7927],[-118.0133,46.7927],[-118.0138,46.7931],[-118.0168,46.7956],[-118.0178,46.7989],[-118.0177,46.7997],[-118.0166,46.8029],[-118.0164,46.804],[-118.0166,46.8047],[-118.0174,46.806],[-118.0177,46.8072],[-118.0177,46.8078],[-118.0198,46.8121],[-118.0199,46.8122],[-118.02,46.8126],[-118.02,46.813],[-118.0199,46.8134],[-118.0194,46.8147],[-118.0193,46.8148],[-118.0187,46.8152],[-118.017,46.8151],[-118.017,46.8151],[-118.0137,46.8147],[-118.0112,46.815],[-118.0089,46.8164],[-118.0074,46.8175],[-118.0072,46.8178],[-117.9975,46.8379],[-118.0012,46.8384],[-118.0013,46.8384],[-118.0045,46.8424],[-118.005,46.8434],[-118.0049,46.8441],[-118.0041,46.8455],[-117.999,46.8501],[-117.9976,46.8509],[-117.9976,46.851],[-117.9953,46.852],[-117.9952,46.852],[-117.9931,46.8536],[-117.993,46.8537],[-117.9925,46.8541],[-117.9922,46.8544],[-117.99,46.8564],[-117.9888,46.8574],[-117.9886,46.8578],[-117.9881,46.8614],[-117.9879,46.8615],[-117.9858,46.8623],[-117.9837,46.8623],[-117.9801,46.8627],[-117.9788,46.8629],[-117.9729,46.866],[-117.9728,46.8662],[-117.9695,46.8675],[-117.9684,46.8678],[-117.9461,46.8789],[-117.9459,46.879],[-117.9382,46.8855],[-117.9366,46.8866],[-117.935,46.887],[-117.9316,46.888],[-117.9283,46.8994],[-117.9276,46.9],[-117.9276,46.9002],[-117.9277,46.9007],[-117.9277,46.9007],[-117.9291,46.9085],[-117.9285,46.9103],[-117.928,46.9119],[-117.928,46.912],[-117.9275,46.9135],[-117.9275,46.9138],[-117.927,46.9182],[-117.927,46.9182],[-117.9268,46.9184],[-117.9261,46.9191],[-117.9247,46.922],[-117.9229,46.9299],[-117.9188,46.9456],[-117.9205,46.9483],[-117.921,46.9493],[-117.9253,46.9507],[-117.9255,46.9518],[-117.9265,46.9527],[-117.9266,46.9529],[-117.9281,46.9552],[-117.9282,46.9553],[-117.9305,46.9575],[-117.9294,46.9627],[-117.9293,46.9629],[-117.9291,46.9633],[-117.9288,46.9635],[-117.9271,46.9706],[-117.9327,46.9731],[-117.9328,46.9734],[-117.9326,46.9745],[-117.9259,46.9786],[-117.9252,46.9794],[-117.9252,46.9797],[-117.9295,46.9826],[-117.9301,46.9828],[-117.9335,46.9837],[-117.9366,46.9847],[-117.9385,46.9859],[-117.9391,46.9871],[-117.9388,46.9878],[-117.9386,46.9882],[-117.9385,46.9883],[-117.9293,46.9993],[-117.9296,46.9997],[-117.9298,46.9999],[-117.93,47.0],[-117.9303,47.0002],[-117.931,47.0007],[-117.9319,47.0016],[-117.9324,47.0019],[-117.9403,47.0017],[-117.9406,47.0017],[-117.9441,47.0026],[-117.9465,47.0036],[-117.9473,47.0036],[-117.9473,47.0037],[-117.9477,47.004],[-117.9479,47.0047],[-117.9479,47.0047],[-117.9467,47.0071],[-117.943,47.0079],[-117.9429,47.0114],[-117.9432,47.0122],[-117.9464,47.0179],[-117.948,47.0199],[-117.9481,47.02],[-117.9483,47.0203],[-117.949,47.0212],[-117.9489,47.0215],[-117.9489,47.0217],[-117.949,47.0222],[-117.949,47.0229],[-117.9499,47.0254],[-117.95,47.0254],[-117.9502,47.0255],[-117.9502,47.0265],[-117.9502,47.0267],[-117.9502,47.0268],[-117.9507,47.0274],[-117.9508,47.0274],[-117.9563,47.026],[-117.9563,47.026],[-117.9565,47.0257],[-117.9566,47.0257],[-117.9601,47.0332],[-117.96,47.0332],[-117.9597,47.0339],[-117.9616,47.0351],[-117.9623,47.0354],[-117.9631,47.0358],[-117.9633,47.0359],[-117.9643,47.0375],[-117.9643,47.0376],[-117.965,47.0392],[-117.9653,47.0395],[-117.9657,47.04],[-117.9664,47.0406],[-117.9685,47.0422],[-117.9688,47.0424],[-117.9693,47.0435],[-117.9702,47.0445],[-117.9702,47.0448],[-117.9701,47.0451],[-117.9704,47.0458],[-117.9718,47.0462],[-117.9731,47.0474],[-117.9735,47.048],[-117.972,47.0542],[-117.9709,47.0554],[-117.967,47.0583],[-117.9674,47.0587],[-117.9671,47.0595],[-117.9668,47.0597],[-117.9472,47.0708],[-117.9472,47.0711],[-117.9417,47.072],[-117.9416,47.0721],[-117.9378,47.0728],[-117.9373,47.0728],[-117.9367,47.0729],[-117.9365,47.0729],[-117.9359,47.0731],[-117.9359,47.0731],[-117.9353,47.0735],[-117.9382,47.08],[-117.9378,47.0811],[-117.9379,47.0835],[-117.9371,47.0849],[-117.9412,47.102],[-117.9453,47.1191],[-117.9494,47.1361],[-117.9536,47.1532],[-117.9386,47.168],[-117.9236,47.1829],[-117.9087,47.1977],[-117.8937,47.2125]]]},"properties":{"OBJECTID":194,"state":"Washington","agency":"Washington Department of Fish and Game","unit_type":"GMU","unit_id":"284","unit_name":"Ritzville","unit_label":"Washington GMU 284 - Ritzville","aliases":"2025 | 284 | 284 ritzville | game management unit | game management unit 284 | game management unit 284 ritzville | gmu | gmu 284 | gmu 284 ritzville | hunt unit | hunt unit 284 | hunt unit 284 ritzville | hunting unit | hunting unit 284 | hunting unit 2","year":"2025","Shape_Length":294665.82927510695,"Shape_Area":4312599572.831016}},{"type":"Feature","id":195,"geometry":{"type":"Polygon","coordinates":[[[-120.5808,47.3353],[-120.6082,47.3314],[-120.6357,47.3276],[-120.6631,47.3237],[-120.6906,47.3198],[-120.6942,47.2804],[-120.6978,47.2411],[-120.7013,47.2018],[-120.7049,47.1624],[-120.6929,47.1481],[-120.6809,47.1338],[-120.6689,47.1194],[-120.6569,47.1051],[-120.6449,47.0907],[-120.6329,47.0764],[-120.6209,47.062],[-120.6089,47.0477],[-120.6,47.0637],[-120.591,47.0797],[-120.5821,47.0957],[-120.5731,47.1117],[-120.5496,47.1015],[-120.5261,47.0913],[-120.5027,47.0811],[-120.4792,47.0709],[-120.4518,47.0652],[-120.4243,47.0596],[-120.3969,47.0539],[-120.3694,47.0482],[-120.3649,47.0813],[-120.3603,47.1144],[-120.3421,47.1259],[-120.324,47.1374],[-120.3058,47.1489],[-120.2877,47.1604],[-120.2805,47.1763],[-120.2734,47.1923],[-120.2662,47.2082],[-120.2591,47.2242],[-120.2841,47.2225],[-120.3092,47.2208],[-120.3212,47.2269],[-120.3333,47.2329],[-120.3453,47.239],[-120.3574,47.245],[-120.3695,47.2511],[-120.3815,47.2571],[-120.3936,47.2632],[-120.4057,47.2692],[-120.4178,47.2753],[-120.4299,47.2813],[-120.4419,47.2873],[-120.454,47.2934],[-120.4661,47.2994],[-120.4782,47.3055],[-120.4903,47.3115],[-120.5024,47.3175],[-120.526,47.3144],[-120.5495,47.3112],[-120.5731,47.308],[-120.5967,47.3048],[-120.5887,47.3201],[-120.5808,47.3353]]]},"properties":{"OBJECTID":195,"state":"Washington","agency":"Washington Department of Fish and Game","unit_type":"GMU","unit_id":"328","unit_name":"Naneum","unit_label":"Washington GMU 328 - Naneum","aliases":"2025 | 328 | 328 naneum | game management unit | game management unit 328 | game management unit 328 naneum | gmu | gmu 328 | gmu 328 naneum | hunt unit | hunt unit 328 | hunt unit 328 naneum | hunting unit | hunting unit 328 | hunting unit 328 naneum |","year":"2025","Shape_Length":120573.7201403809,"Shape_Area":695649904.4423949}},{"type":"Feature","id":196,"geometry":{"type":"Polygon","coordinates":[[[-121.854,47.3436],[-121.8411,47.3304],[-121.8282,47.3173],[-121.836,47.297],[-121.8439,47.2767],[-121.8518,47.2565],[-121.8596,47.2362],[-121.8413,47.2274],[-121.823,47.2186],[-121.8047,47.2098],[-121.7864,47.201],[-121.7558,47.2019],[-121.7251,47.2027],[-121.6945,47.2035],[-121.6638,47.2043],[-121.6473,47.198],[-121.6308,47.1916],[-121.6143,47.1853],[-121.5978,47.179],[-121.5812,47.1726],[-121.5647,47.1663],[-121.5482,47.1599],[-121.5317,47.1536],[-121.5263,47.1681],[-121.5208,47.1825],[-121.5153,47.197],[-121.5099,47.2115],[-121.5044,47.2259],[-121.4989,47.2404],[-121.4934,47.2549],[-121.4879,47.2693],[-121.5145,47.2775],[-121.5411,47.2857],[-121.5677,47.2938],[-121.5943,47.3019],[-121.6125,47.2949],[-121.6307,47.2878],[-121.6529,47.3005],[-121.6752,47.3133],[-121.6975,47.326],[-121.7198,47.3388],[-121.7365,47.3394],[-121.7533,47.34],[-121.7701,47.3406],[-121.7869,47.3412],[-121.8036,47.3418],[-121.8204,47.3424],[-121.8372,47.343],[-121.854,47.3436]]]},"properties":{"OBJECTID":196,"state":"Washington","agency":"Washington Department of Fish and Game","unit_type":"GMU","unit_id":"485","unit_name":"Green River","unit_label":"Washington GMU 485 - Green River","aliases":"2025 | 485 | 485 green river | game management unit | game management unit 485 | game management unit 485 green river | gmu | gmu 485 | gmu 485 green river | green river | hunt unit | hunt unit 485 | hunt unit 485 green river | hunting unit | hunting uni","year":"2025","Shape_Length":84748.86653849935,"Shape_Area":347023774.32692295}},{"type":"Feature","id":197,"geometry":{"type":"Polygon","coordinates":[[[-121.9036,47.1642],[-121.9198,47.1788],[-121.936,47.1933],[-121.9537,47.1954],[-121.9714,47.1975],[-121.9891,47.1996],[-122.0067,47.2017],[-122.0244,47.2038],[-122.0421,47.2059],[-122.0598,47.208],[-122.0775,47.2101],[-122.0901,47.2226],[-122.1026,47.2351],[-122.1152,47.2476],[-122.1278,47.2601],[-122.1522,47.2708],[-122.1767,47.2816],[-122.2011,47.2923],[-122.2256,47.303],[-122.2517,47.3024],[-122.2777,47.3019],[-122.2903,47.2957],[-122.3029,47.2896],[-122.3147,47.2896],[-122.3178,47.2898],[-122.3134,47.3026],[-122.3134,47.3032],[-122.3134,47.3042],[-122.3134,47.3044],[-122.3134,47.3146],[-122.3132,47.3258],[-122.3132,47.3259],[-122.3132,47.3261],[-122.3121,47.3357],[-122.3133,47.3361],[-122.3146,47.3388],[-122.3148,47.3389],[-122.3152,47.3392],[-122.3155,47.3393],[-122.3156,47.3394],[-122.3159,47.3396],[-122.316,47.3397],[-122.3161,47.3397],[-122.3165,47.34],[-122.3165,47.34],[-122.318,47.3409],[-122.32,47.3461],[-122.3204,47.3463],[-122.3217,47.3475],[-122.3243,47.3486],[-122.3246,47.3487],[-122.3429,47.345],[-122.3613,47.3412],[-122.3797,47.3374],[-122.3981,47.3337],[-122.4164,47.3299],[-122.4348,47.3262],[-122.4532,47.3224],[-122.4716,47.3186],[-122.4986,47.322],[-122.5257,47.3254],[-122.5273,47.3265],[-122.5273,47.3265],[-122.5371,47.3111],[-122.5469,47.2957],[-122.5567,47.2804],[-122.5664,47.265],[-122.5762,47.2496],[-122.586,47.2343],[-122.5957,47.2189],[-122.6055,47.2035],[-122.6182,47.2135],[-122.631,47.2235],[-122.6437,47.2334],[-122.6564,47.2434],[-122.6793,47.2397],[-122.7021,47.236],[-122.7099,47.225],[-122.7177,47.2139],[-122.7256,47.2029],[-122.7334,47.1919],[-122.7412,47.1809],[-122.749,47.1699],[-122.7568,47.1589],[-122.7646,47.1479],[-122.7465,47.1357],[-122.7284,47.1235],[-122.7103,47.1114],[-122.6922,47.0992],[-122.6971,47.0814],[-122.7019,47.0637],[-122.6939,47.0534],[-122.686,47.043],[-122.678,47.0327],[-122.67,47.0224],[-122.662,47.012],[-122.654,47.0017],[-122.6461,46.9914],[-122.6381,46.981],[-122.6224,46.9788],[-122.6067,46.9765],[-122.591,46.9743],[-122.5753,46.972],[-122.5678,46.9527],[-122.5603,46.9334],[-122.5438,46.9262],[-122.5273,46.9191],[-122.5107,46.9119],[-122.4942,46.9047],[-122.4913,46.8672],[-122.4717,46.864],[-122.4521,46.8609],[-122.4325,46.8577],[-122.4129,46.8546],[-122.3933,46.8514],[-122.3737,46.8483],[-122.3541,46.8451],[-122.3345,46.8419],[-122.32,46.8455],[-122.3054,46.8492],[-122.2908,46.8528],[-122.2762,46.8564],[-122.2806,46.8756],[-122.2851,46.8948],[-122.2737,46.9071],[-122.2623,46.9193],[-122.2509,46.9316],[-122.2395,46.9439],[-122.2281,46.9561],[-122.2167,46.9684],[-122.2053,46.9807],[-122.1939,46.9929],[-122.2007,47.0161],[-122.2075,47.0393],[-122.1919,47.0457],[-122.1764,47.0521],[-122.1608,47.0585],[-122.1453,47.0649],[-122.1297,47.0712],[-122.1141,47.0776],[-122.0986,47.084],[-122.083,47.0904],[-122.0755,47.1008],[-122.0681,47.1113],[-122.0606,47.1218],[-122.0531,47.1322],[-122.0457,47.1427],[-122.0382,47.1531],[-122.0307,47.1636],[-122.0233,47.1741],[-121.9933,47.1716],[-121.9634,47.1692],[-121.9335,47.1667],[-121.9036,47.1642]],[[-122.7016,47.1853],[-122.7027,47.1245],[-122.7223,47.1386],[-122.742,47.1526],[-122.7319,47.1608],[-122.7218,47.169],[-122.7117,47.1771],[-122.7016,47.1853]]]},"properties":{"OBJECTID":197,"state":"Washington","agency":"Washington Department of Fish and Game","unit_type":"GMU","unit_id":"652","unit_name":"Puyallup","unit_label":"Washington GMU 652 - Puyallup","aliases":"2025 | 652 | 652 puyallup | game management unit | game management unit 652 | game management unit 652 puyallup | gmu | gmu 652 | gmu 652 puyallup | hunt unit | hunt unit 652 | hunt unit 652 puyallup | hunting unit | hunting unit 652 | hunting unit 652 p","year":"2025","Shape_Length":223448.8910006832,"Shape_Area":1877458897.9840565}},{"type":"Feature","id":198,"geometry":{"type":"MultiPolygon","coordinates":[[[[-123.6246,47.3123],[-123.6287,47.3439],[-123.6328,47.3755],[-123.6496,47.3669],[-123.6663,47.3584],[-123.6831,47.3498],[-123.6999,47.3413],[-123.7166,47.3327],[-123.7334,47.3241],[-123.7501,47.3156],[-123.7668,47.307],[-123.7913,47.3168],[-123.8157,47.3266],[-123.8285,47.3191],[-123.8414,47.3116],[-123.8543,47.3041],[-123.8671,47.2966],[-123.88,47.2892],[-123.8929,47.2817],[-123.9057,47.2742],[-123.9186,47.2667],[-123.9311,47.2547],[-123.9436,47.2428],[-123.9562,47.2308],[-123.9687,47.2189],[-123.9486,47.2079],[-123.9285,47.1969],[-123.9084,47.1859],[-123.8883,47.175],[-123.8926,47.1571],[-123.8969,47.1392],[-123.9012,47.1214],[-123.9055,47.1035],[-123.9097,47.0857],[-123.914,47.0678],[-123.9183,47.05],[-123.9226,47.0321],[-123.9113,47.0167],[-123.9,47.0013],[-123.8887,46.9859],[-123.8774,46.9705],[-123.8608,46.9712],[-123.8442,46.9719],[-123.8277,46.9726],[-123.8111,46.9733],[-123.7862,46.9733],[-123.7613,46.9733],[-123.7364,46.9733],[-123.7115,46.9733],[-123.6867,46.9732],[-123.6618,46.9732],[-123.6369,46.9732],[-123.612,46.9732],[-123.5971,46.9765],[-123.5821,46.9799],[-123.5672,46.9832],[-123.5522,46.9865],[-123.5373,46.9898],[-123.5223,46.9932],[-123.5073,46.9965],[-123.4924,46.9998],[-123.5013,47.0093],[-123.5102,47.0187],[-123.5191,47.0282],[-123.528,47.0376],[-123.5336,47.0545],[-123.5393,47.0713],[-123.5449,47.0881],[-123.5506,47.105],[-123.5563,47.1218],[-123.5619,47.1387],[-123.5676,47.1555],[-123.5733,47.1724],[-123.5441,47.1745],[-123.515,47.1766],[-123.5102,47.2235],[-123.5153,47.267],[-123.5203,47.3104],[-123.5464,47.3109],[-123.5725,47.3114],[-123.5986,47.3118],[-123.6246,47.3123]]],[[[-123.8769,46.9666],[-123.8776,46.9614],[-123.8575,46.9572],[-123.8769,46.9666]]]]},"properties":{"OBJECTID":198,"state":"Washington","agency":"Washington Department of Fish and Game","unit_type":"GMU","unit_id":"648","unit_name":"Wynoochee","unit_label":"Washington GMU 648 - Wynoochee","aliases":"2025 | 648 | 648 wynoochee | game management unit | game management unit 648 | game management unit 648 wynoochee | gmu | gmu 648 | gmu 648 wynoochee | hunt unit | hunt unit 648 | hunt unit 648 wynoochee | hunting unit | hunting unit 648 | hunting unit 6","year":"2025","Shape_Length":153670.94584816697,"Shape_Area":1118979963.0503957}},{"type":"Feature","id":199,"geometry":{"type":"Polygon","coordinates":[[[-121.4155,47.4269],[-121.4257,47.4092],[-121.4358,47.3914],[-121.4459,47.3737],[-121.456,47.3559],[-121.4465,47.3461],[-121.437,47.3363],[-121.4373,47.3266],[-121.425,47.3203],[-121.4127,47.314],[-121.4003,47.3077],[-121.388,47.3014],[-121.3757,47.2951],[-121.3634,47.2888],[-121.3511,47.2825],[-121.3388,47.2762],[-121.3443,47.2629],[-121.3499,47.2495],[-121.3554,47.2362],[-121.3609,47.2229],[-121.3344,47.2133],[-121.308,47.2037],[-121.3032,47.176],[-121.2984,47.1482],[-121.2732,47.1395],[-121.248,47.1308],[-121.2227,47.1221],[-121.1975,47.1133],[-121.1723,47.1046],[-121.1471,47.0958],[-121.1219,47.0871],[-121.0967,47.0783],[-121.088,47.088],[-121.0793,47.0977],[-121.0514,47.0972],[-121.0235,47.0968],[-120.9955,47.0963],[-120.9676,47.0959],[-120.9409,47.1003],[-120.9141,47.1047],[-120.8874,47.1091],[-120.8606,47.1135],[-120.8331,47.1057],[-120.8057,47.0979],[-120.7782,47.0901],[-120.7508,47.0822],[-120.7499,47.0821],[-120.7485,47.0813],[-120.7454,47.0811],[-120.7414,47.0809],[-120.7397,47.0807],[-120.7392,47.0803],[-120.7391,47.0803],[-120.7372,47.0813],[-120.7367,47.0813],[-120.7343,47.0817],[-120.7346,47.0818],[-120.7462,47.0912],[-120.7579,47.1006],[-120.7695,47.11],[-120.7812,47.1194],[-120.7928,47.1288],[-120.8045,47.1382],[-120.8161,47.1476],[-120.8278,47.157],[-120.8448,47.1617],[-120.8618,47.1663],[-120.8788,47.171],[-120.8959,47.1757],[-120.9129,47.1803],[-120.9299,47.185],[-120.947,47.1896],[-120.964,47.1943],[-120.9819,47.1913],[-120.9998,47.1883],[-121.0177,47.1852],[-121.0356,47.1822],[-121.0508,47.1882],[-121.0661,47.1943],[-121.0813,47.2003],[-121.0966,47.2063],[-121.1118,47.2123],[-121.1271,47.2183],[-121.1423,47.2243],[-121.1576,47.2303],[-121.1728,47.2363],[-121.1881,47.2423],[-121.2033,47.2483],[-121.2186,47.2544],[-121.2339,47.2604],[-121.2491,47.2664],[-121.2644,47.2724],[-121.2797,47.2783],[-121.2902,47.2864],[-121.3007,47.2944],[-121.3112,47.3025],[-121.3218,47.3105],[-121.3323,47.3186],[-121.3428,47.3266],[-121.3533,47.3347],[-121.3639,47.3427],[-121.3768,47.3638],[-121.3897,47.3848],[-121.4026,47.4059],[-121.4155,47.4269]]]},"properties":{"OBJECTID":199,"state":"Washington","agency":"Washington Department of Fish and Game","unit_type":"GMU","unit_id":"336","unit_name":"Taneum","unit_label":"Washington GMU 336 - Taneum","aliases":"2025 | 336 | 336 taneum | game management unit | game management unit 336 | game management unit 336 taneum | gmu | gmu 336 | gmu 336 taneum | hunt unit | hunt unit 336 | hunt unit 336 taneum | hunting unit | hunting unit 336 | hunting unit 336 taneum |","year":"2025","Shape_Length":154207.2058019671,"Shape_Area":543770236.916577}},{"type":"Feature","id":200,"geometry":{"type":"Polygon","coordinates":[[[-121.8572,47.4277],[-121.872,47.4406],[-121.8867,47.4534],[-121.8976,47.4433],[-121.9085,47.4332],[-121.9194,47.4231],[-121.9302,47.413],[-121.9411,47.4028],[-121.952,47.3927],[-121.9628,47.3826],[-121.9737,47.3725],[-121.9423,47.3724],[-121.911,47.3723],[-121.8796,47.3722],[-121.8482,47.3721],[-121.854,47.3436],[-121.8372,47.343],[-121.8204,47.3424],[-121.8036,47.3418],[-121.7869,47.3412],[-121.7701,47.3406],[-121.7533,47.34],[-121.7365,47.3394],[-121.7198,47.3388],[-121.6975,47.326],[-121.6752,47.3133],[-121.6529,47.3005],[-121.6307,47.2878],[-121.6125,47.2949],[-121.5943,47.3019],[-121.5677,47.2938],[-121.5411,47.2857],[-121.5145,47.2775],[-121.4879,47.2693],[-121.4753,47.2837],[-121.4626,47.298],[-121.45,47.3123],[-121.4373,47.3266],[-121.437,47.3363],[-121.4612,47.3408],[-121.4855,47.3452],[-121.5097,47.3497],[-121.534,47.3541],[-121.5516,47.3605],[-121.5692,47.3669],[-121.5868,47.3732],[-121.6044,47.3796],[-121.622,47.386],[-121.6396,47.3923],[-121.6572,47.3987],[-121.6748,47.405],[-121.6854,47.4175],[-121.6959,47.43],[-121.725,47.4329],[-121.7541,47.4359],[-121.7832,47.4388],[-121.8122,47.4417],[-121.8347,47.4347],[-121.8572,47.4277]]]},"properties":{"OBJECTID":200,"state":"Washington","agency":"Washington Department of Fish and Game","unit_type":"GMU","unit_id":"490","unit_name":"Cedar River","unit_label":"Washington GMU 490 - Cedar River","aliases":"2025 | 490 | 490 cedar river | cedar river | game management unit | game management unit 490 | game management unit 490 cedar river | gmu | gmu 490 | gmu 490 cedar river | hunt unit | hunt unit 490 | hunt unit 490 cedar river | hunting unit | hunting uni","year":"2025","Shape_Length":102582.54375403751,"Shape_Area":338146139.8248484}},{"type":"Feature","id":201,"geometry":{"type":"Polygon","coordinates":[[[-123.9186,47.2667],[-123.915,47.3143],[-123.9115,47.3618],[-123.9029,47.3832],[-123.8943,47.4047],[-123.8857,47.4261],[-123.877,47.4475],[-123.892,47.4349],[-123.9069,47.4222],[-123.9218,47.4096],[-123.9367,47.3969],[-123.9516,47.3843],[-123.9665,47.3716],[-123.9814,47.3589],[-123.9963,47.3463],[-124.0112,47.3336],[-124.0261,47.321],[-124.041,47.3083],[-124.0558,47.2957],[-124.0707,47.283],[-124.0855,47.2703],[-124.1004,47.2577],[-124.1152,47.245],[-124.1413,47.2448],[-124.1673,47.2445],[-124.1933,47.2443],[-124.2193,47.244],[-124.2141,47.2257],[-124.2089,47.2075],[-124.2037,47.1892],[-124.1984,47.1709],[-124.1932,47.1526],[-124.188,47.1344],[-124.1828,47.1161],[-124.1776,47.0978],[-124.1762,47.0127],[-124.1748,46.9277],[-124.1539,46.9359],[-124.1329,46.9441],[-124.1375,46.9636],[-124.1422,46.9832],[-124.1468,47.0028],[-124.1514,47.0223],[-124.1367,47.032],[-124.122,47.0416],[-124.0981,47.0387],[-124.0742,47.0359],[-124.0503,47.033],[-124.0263,47.0302],[-124.0177,47.0177],[-124.009,47.0052],[-124.0003,46.9927],[-123.9916,46.9802],[-123.9631,46.9778],[-123.9345,46.9753],[-123.9059,46.9729],[-123.8774,46.9705],[-123.8887,46.9859],[-123.9,47.0013],[-123.9113,47.0167],[-123.9226,47.0321],[-123.9183,47.05],[-123.914,47.0678],[-123.9097,47.0857],[-123.9055,47.1035],[-123.9012,47.1214],[-123.8969,47.1392],[-123.8926,47.1571],[-123.8883,47.175],[-123.9084,47.1859],[-123.9285,47.1969],[-123.9486,47.2079],[-123.9687,47.2189],[-123.9562,47.2308],[-123.9436,47.2428],[-123.9311,47.2547],[-123.9186,47.2667]]]},"properties":{"OBJECTID":201,"state":"Washington","agency":"Washington Department of Fish and Game","unit_type":"GMU","unit_id":"642","unit_name":"Copalis","unit_label":"Washington GMU 642 - Copalis","aliases":"2025 | 642 | 642 copalis | copalis | game management unit | game management unit 642 | game management unit 642 copalis | gmu | gmu 642 | gmu 642 copalis | hunt unit | hunt unit 642 | hunt unit 642 copalis | hunting unit | hunting unit 642 | hunting unit","year":"2025","Shape_Length":168266.80244028944,"Shape_Area":720243441.6577572}},{"type":"Feature","id":202,"geometry":{"type":"Polygon","coordinates":[[[-122.4537,47.4814],[-122.4534,47.5044],[-122.4547,47.5049],[-122.4554,47.5052],[-122.4558,47.5054],[-122.4565,47.5058],[-122.458,47.5062],[-122.4584,47.5063],[-122.4589,47.5065],[-122.4595,47.5068],[-122.4609,47.5073],[-122.4612,47.5074],[-122.4624,47.5078],[-122.4639,47.5087],[-122.4668,47.5094],[-122.4676,47.5099],[-122.4706,47.5105],[-122.4705,47.5107],[-122.4716,47.5109],[-122.4779,47.4977],[-122.4841,47.4845],[-122.4904,47.4713],[-122.4967,47.4581],[-122.503,47.4449],[-122.5092,47.4317],[-122.5155,47.4185],[-122.5217,47.4052],[-122.5211,47.4052],[-122.5189,47.3338],[-122.5153,47.3335],[-122.5152,47.3335],[-122.5091,47.3338],[-122.5091,47.3336],[-122.5084,47.3335],[-122.5049,47.3312],[-122.4932,47.3449],[-122.4814,47.3587],[-122.4696,47.3724],[-122.4578,47.3861],[-122.4573,47.3858],[-122.4568,47.3857],[-122.4535,47.3841],[-122.451,47.3841],[-122.4501,47.3846],[-122.4501,47.3849],[-122.4506,47.3848],[-122.446,47.3898],[-122.4478,47.3898],[-122.4477,47.3901],[-122.4479,47.3901],[-122.4512,47.3946],[-122.4646,47.3899],[-122.4653,47.3906],[-122.4659,47.3907],[-122.4649,47.4013],[-122.4671,47.4017],[-122.4672,47.4025],[-122.467,47.4024],[-122.4667,47.4023],[-122.4662,47.402],[-122.4642,47.4018],[-122.4632,47.4012],[-122.4519,47.4038],[-122.4516,47.4035],[-122.4387,47.4065],[-122.4385,47.4064],[-122.4383,47.4063],[-122.4379,47.4053],[-122.4379,47.4053],[-122.4358,47.392],[-122.4336,47.3917],[-122.4335,47.3919],[-122.4339,47.3919],[-122.4319,47.3958],[-122.4325,47.3918],[-122.4324,47.3918],[-122.4331,47.3917],[-122.4324,47.3916],[-122.4309,47.3897],[-122.4305,47.3896],[-122.4432,47.38],[-122.4559,47.3704],[-122.4617,47.3738],[-122.4618,47.3738],[-122.4625,47.3743],[-122.4703,47.3457],[-122.4694,47.3453],[-122.4694,47.3453],[-122.4662,47.3444],[-122.4659,47.3443],[-122.4429,47.3554],[-122.4199,47.3666],[-122.3969,47.3777],[-122.3739,47.3888],[-122.3748,47.3891],[-122.3789,47.3913],[-122.3793,47.3915],[-122.3811,47.3923],[-122.3821,47.3927],[-122.3869,47.3955],[-122.3891,47.3961],[-122.3915,47.3974],[-122.3922,47.3976],[-122.393,47.3979],[-122.3946,47.3988],[-122.4017,47.3997],[-122.4021,47.3998],[-122.4298,47.4028],[-122.4325,47.4218],[-122.4302,47.4232],[-122.4321,47.4215],[-122.4297,47.4226],[-122.4335,47.4455],[-122.4372,47.4685],[-122.4379,47.4687],[-122.4391,47.4694],[-122.4403,47.4698],[-122.4415,47.4704],[-122.4422,47.4706],[-122.4488,47.4788],[-122.4491,47.479],[-122.4534,47.4813],[-122.4537,47.4814]]]},"properties":{"OBJECTID":202,"state":"Washington","agency":"Washington Department of Fish and Game","unit_type":"GMU","unit_id":"422","unit_name":"Vashon - Maury","unit_label":"Washington GMU 422 - Vashon - Maury","aliases":"2025 | 422 | 422 vashon maury | game management unit | game management unit 422 | game management unit 422 vashon maury | gmu | gmu 422 | gmu 422 vashon maury | hunt unit | hunt unit 422 | hunt unit 422 vashon maury | hunting unit | hunting unit 422 | hu","year":"2025","Shape_Length":73029.42468404664,"Shape_Area":96555168.71308534}},{"type":"Feature","id":203,"geometry":{"type":"Polygon","coordinates":[[[-120.8,47.4189],[-120.8155,47.4208],[-120.831,47.4227],[-120.8466,47.4246],[-120.8621,47.4265],[-120.8776,47.4284],[-120.8932,47.4303],[-120.9087,47.4322],[-120.9242,47.4341],[-120.9333,47.4446],[-120.9424,47.4552],[-120.9515,47.4658],[-120.9606,47.4764],[-120.9697,47.487],[-120.9788,47.4976],[-120.988,47.5082],[-120.9971,47.5187],[-121.021,47.5188],[-121.0449,47.5188],[-121.0688,47.5189],[-121.0926,47.5189],[-121.0852,47.5077],[-121.0777,47.4965],[-121.0703,47.4852],[-121.0628,47.474],[-121.0774,47.4601],[-121.092,47.4461],[-121.1066,47.4322],[-121.1212,47.4183],[-121.1349,47.431],[-121.1487,47.4438],[-121.1624,47.4565],[-121.1762,47.4693],[-121.1959,47.4623],[-121.2157,47.4554],[-121.2354,47.4484],[-121.2552,47.4415],[-121.2706,47.4256],[-121.286,47.4098],[-121.3014,47.394],[-121.3168,47.3781],[-121.3352,47.3921],[-121.3535,47.4061],[-121.3719,47.4201],[-121.3903,47.4341],[-121.4155,47.4269],[-121.4026,47.4059],[-121.3897,47.3848],[-121.3768,47.3638],[-121.3639,47.3427],[-121.3533,47.3347],[-121.3428,47.3266],[-121.3323,47.3186],[-121.3218,47.3105],[-121.3112,47.3025],[-121.3007,47.2944],[-121.2902,47.2864],[-121.2797,47.2783],[-121.2644,47.2724],[-121.2491,47.2664],[-121.2339,47.2604],[-121.2186,47.2544],[-121.2033,47.2483],[-121.1881,47.2423],[-121.1728,47.2363],[-121.1576,47.2303],[-121.1423,47.2243],[-121.1271,47.2183],[-121.1118,47.2123],[-121.0966,47.2063],[-121.0813,47.2003],[-121.0661,47.1943],[-121.0508,47.1882],[-121.0356,47.1822],[-121.0177,47.1852],[-120.9998,47.1883],[-120.9819,47.1913],[-120.964,47.1943],[-120.947,47.1896],[-120.9299,47.185],[-120.9129,47.1803],[-120.8959,47.1757],[-120.8788,47.171],[-120.8618,47.1663],[-120.8448,47.1617],[-120.8278,47.157],[-120.8161,47.1476],[-120.8045,47.1382],[-120.7928,47.1288],[-120.7812,47.1194],[-120.7695,47.11],[-120.7579,47.1006],[-120.7462,47.0912],[-120.7346,47.0818],[-120.7343,47.0817],[-120.7276,47.0833],[-120.7267,47.0833],[-120.7252,47.083],[-120.7245,47.0829],[-120.7204,47.0853],[-120.7203,47.0853],[-120.72,47.0855],[-120.7193,47.0858],[-120.7181,47.0862],[-120.7173,47.0864],[-120.7172,47.0864],[-120.7168,47.0867],[-120.715,47.0873],[-120.7137,47.0877],[-120.7113,47.0887],[-120.7112,47.0887],[-120.7106,47.0888],[-120.7102,47.0894],[-120.7095,47.0905],[-120.709,47.0915],[-120.7091,47.0917],[-120.7092,47.0919],[-120.7093,47.0921],[-120.7093,47.0921],[-120.7093,47.0922],[-120.7067,47.095],[-120.7064,47.0957],[-120.7036,47.0983],[-120.7027,47.0997],[-120.7024,47.1009],[-120.7028,47.1011],[-120.7049,47.1018],[-120.705,47.1018],[-120.7052,47.1019],[-120.7084,47.1022],[-120.714,47.1082],[-120.7066,47.1043],[-120.7064,47.1043],[-120.7058,47.1041],[-120.7058,47.104],[-120.7045,47.1037],[-120.7021,47.1032],[-120.7021,47.1032],[-120.7019,47.1031],[-120.7016,47.103],[-120.7015,47.103],[-120.7013,47.103],[-120.7011,47.1029],[-120.7011,47.1029],[-120.7009,47.1029],[-120.7007,47.1028],[-120.6998,47.1026],[-120.6997,47.1026],[-120.6992,47.1025],[-120.6992,47.1024],[-120.699,47.1024],[-120.682,47.0893],[-120.6651,47.0762],[-120.665,47.0762],[-120.654,47.0675],[-120.6429,47.0588],[-120.6319,47.0502],[-120.6209,47.0415],[-120.6084,47.0381],[-120.6089,47.0477],[-120.6209,47.062],[-120.6329,47.0764],[-120.6449,47.0907],[-120.6569,47.1051],[-120.6689,47.1194],[-120.6809,47.1338],[-120.6929,47.1481],[-120.7049,47.1624],[-120.7013,47.2018],[-120.6978,47.2411],[-120.6942,47.2804],[-120.6906,47.3198],[-120.6631,47.3237],[-120.6357,47.3276],[-120.6082,47.3314],[-120.5808,47.3353],[-120.6017,47.3373],[-120.6226,47.3393],[-120.6435,47.3413],[-120.6644,47.3433],[-120.6813,47.3528],[-120.6982,47.3622],[-120.7152,47.3717],[-120.7321,47.3811],[-120.7491,47.3906],[-120.7661,47.4],[-120.783,47.4095],[-120.8,47.4189]]]},"properties":{"OBJECTID":203,"state":"Washington","agency":"Washington Department of Fish and Game","unit_type":"GMU","unit_id":"335","unit_name":"Teanaway","unit_label":"Washington GMU 335 - Teanaway","aliases":"2025 | 335 | 335 teanaway | game management unit | game management unit 335 | game management unit 335 teanaway | gmu | gmu 335 | gmu 335 teanaway | hunt unit | hunt unit 335 | hunt unit 335 teanaway | hunting unit | hunting unit 335 | hunting unit 335 t","year":"2025","Shape_Length":219656.03265958437,"Shape_Area":1391205202.0636704}},{"type":"Feature","id":204,"geometry":{"type":"Polygon","coordinates":[[[-123.3173,47.5068],[-123.3296,47.5135],[-123.3419,47.5202],[-123.3725,47.519],[-123.4031,47.5178],[-123.4337,47.5165],[-123.4643,47.5153],[-123.4949,47.514],[-123.5255,47.5128],[-123.5561,47.5115],[-123.5868,47.5103],[-123.6019,47.4979],[-123.6171,47.4855],[-123.6134,47.4489],[-123.6312,47.4423],[-123.649,47.4357],[-123.6667,47.4291],[-123.6845,47.4225],[-123.6716,47.4107],[-123.6586,47.399],[-123.6457,47.3872],[-123.6328,47.3755],[-123.6287,47.3439],[-123.6246,47.3123],[-123.5986,47.3118],[-123.5725,47.3114],[-123.5464,47.3109],[-123.5203,47.3104],[-123.5153,47.267],[-123.5102,47.2235],[-123.4843,47.226],[-123.4584,47.2284],[-123.4325,47.2309],[-123.4065,47.2333],[-123.3806,47.2358],[-123.3547,47.2383],[-123.3288,47.2407],[-123.3029,47.2431],[-123.2859,47.2379],[-123.2689,47.2327],[-123.2519,47.2274],[-123.2349,47.2222],[-123.2179,47.217],[-123.2009,47.2117],[-123.1839,47.2065],[-123.1669,47.2012],[-123.1474,47.204],[-123.1278,47.2067],[-123.1345,47.2185],[-123.1412,47.2302],[-123.1479,47.242],[-123.1546,47.2537],[-123.1613,47.2654],[-123.168,47.2772],[-123.1747,47.2889],[-123.1814,47.3007],[-123.1712,47.3271],[-123.161,47.3535],[-123.1509,47.3799],[-123.1407,47.4064],[-123.1637,47.4093],[-123.1867,47.4122],[-123.2097,47.4151],[-123.2327,47.418],[-123.2339,47.4569],[-123.2548,47.4693],[-123.2756,47.4818],[-123.2964,47.4943],[-123.3173,47.5068]]]},"properties":{"OBJECTID":204,"state":"Washington","agency":"Washington Department of Fish and Game","unit_type":"GMU","unit_id":"636","unit_name":"Skokomish","unit_label":"Washington GMU 636 - Skokomish","aliases":"2025 | 636 | 636 skokomish | game management unit | game management unit 636 | game management unit 636 skokomish | gmu | gmu 636 | gmu 636 skokomish | hunt unit | hunt unit 636 | hunt unit 636 skokomish | hunting unit | hunting unit 636 | hunting unit 6","year":"2025","Shape_Length":139193.52961577653,"Shape_Area":972565625.4011589}},{"type":"Feature","id":205,"geometry":{"type":"Polygon","coordinates":[[[-123.6171,47.4855],[-123.637,47.4878],[-123.6569,47.4901],[-123.6768,47.4923],[-123.6967,47.4946],[-123.7096,47.5046],[-123.7226,47.5145],[-123.7355,47.5244],[-123.7485,47.5344],[-123.7646,47.5235],[-123.7807,47.5127],[-123.7967,47.5018],[-123.8128,47.4909],[-123.8289,47.4801],[-123.8449,47.4692],[-123.861,47.4584],[-123.877,47.4475],[-123.8857,47.4261],[-123.8943,47.4047],[-123.9029,47.3832],[-123.9115,47.3618],[-123.915,47.3143],[-123.9186,47.2667],[-123.9057,47.2742],[-123.8929,47.2817],[-123.88,47.2892],[-123.8671,47.2966],[-123.8543,47.3041],[-123.8414,47.3116],[-123.8285,47.3191],[-123.8157,47.3266],[-123.7913,47.3168],[-123.7668,47.307],[-123.7501,47.3156],[-123.7334,47.3241],[-123.7166,47.3327],[-123.6999,47.3413],[-123.6831,47.3498],[-123.6663,47.3584],[-123.6496,47.3669],[-123.6328,47.3755],[-123.6457,47.3872],[-123.6586,47.399],[-123.6716,47.4107],[-123.6845,47.4225],[-123.6667,47.4291],[-123.649,47.4357],[-123.6312,47.4423],[-123.6134,47.4489],[-123.6171,47.4855]]]},"properties":{"OBJECTID":205,"state":"Washington","agency":"Washington Department of Fish and Game","unit_type":"GMU","unit_id":"638","unit_name":"Quinault Ridge","unit_label":"Washington GMU 638 - Quinault Ridge","aliases":"2025 | 638 | 638 quinault ridge | game management unit | game management unit 638 | game management unit 638 quinault ridge | gmu | gmu 638 | gmu 638 quinault ridge | hunt unit | hunt unit 638 | hunt unit 638 quinault ridge | hunting unit | hunting unit","year":"2025","Shape_Length":89976.53409538086,"Shape_Area":374032643.32239366}},{"type":"Feature","id":206,"geometry":{"type":"Polygon","coordinates":[[[-122.8206,47.1942],[-122.8282,47.2081],[-122.8359,47.222],[-122.8435,47.2359],[-122.8512,47.2498],[-122.8449,47.2633],[-122.8387,47.2769],[-122.8324,47.2905],[-122.8261,47.3041],[-122.8199,47.3176],[-122.8136,47.3312],[-122.8073,47.3448],[-122.8011,47.3584],[-122.8126,47.3747],[-122.8241,47.391],[-122.8357,47.4073],[-122.8472,47.4236],[-122.8408,47.4414],[-122.8344,47.4593],[-122.828,47.4771],[-122.8216,47.4949],[-122.8388,47.5054],[-122.856,47.516],[-122.8851,47.5171],[-122.9142,47.5183],[-122.9433,47.5195],[-122.9724,47.5206],[-122.9704,47.5667],[-122.9792,47.5565],[-122.9881,47.5463],[-122.9969,47.536],[-123.0057,47.5258],[-123.0145,47.5156],[-123.0232,47.5053],[-123.032,47.4951],[-123.0408,47.4849],[-123.0496,47.4747],[-123.0584,47.4644],[-123.0672,47.4542],[-123.076,47.444],[-123.0847,47.4337],[-123.0935,47.4235],[-123.1023,47.4133],[-123.111,47.403],[-123.1384,47.4064],[-123.1407,47.4064],[-123.1509,47.3799],[-123.161,47.3535],[-123.1712,47.3271],[-123.1814,47.3007],[-123.1747,47.2889],[-123.168,47.2772],[-123.1613,47.2654],[-123.1546,47.2537],[-123.1479,47.242],[-123.1412,47.2302],[-123.1345,47.2185],[-123.1278,47.2067],[-123.1212,47.1922],[-123.1146,47.1777],[-123.108,47.1633],[-123.1014,47.1488],[-123.0948,47.1343],[-123.0882,47.1198],[-123.0816,47.1053],[-123.075,47.0908],[-123.059,47.1027],[-123.043,47.1145],[-123.027,47.1264],[-123.0111,47.1382],[-122.9951,47.1501],[-122.9791,47.1619],[-122.9631,47.1738],[-122.947,47.1856],[-122.9362,47.1786],[-122.9253,47.1716],[-122.9144,47.1646],[-122.9035,47.1575],[-122.8828,47.1667],[-122.8621,47.1759],[-122.8413,47.1851],[-122.8206,47.1942]]]},"properties":{"OBJECTID":206,"state":"Washington","agency":"Washington Department of Fish and Game","unit_type":"GMU","unit_id":"633","unit_name":"Mason","unit_label":"Washington GMU 633 - Mason","aliases":"2025 | 633 | 633 mason | game management unit | game management unit 633 | game management unit 633 mason | gmu | gmu 633 | gmu 633 mason | hunt unit | hunt unit 633 | hunt unit 633 mason | hunting unit | hunting unit 633 | hunting unit 633 mason | mason","year":"2025","Shape_Length":139062.99168761374,"Shape_Area":906467286.3987969}},{"type":"Feature","id":207,"geometry":{"type":"Polygon","coordinates":[[[-119.6856,47.5875],[-119.7016,47.5907],[-119.7176,47.5938],[-119.7336,47.597],[-119.7495,47.6001],[-119.7655,47.6032],[-119.7815,47.6063],[-119.7975,47.6095],[-119.8135,47.6126],[-119.8348,47.6126],[-119.8562,47.6126],[-119.8775,47.6126],[-119.8989,47.6126],[-119.9202,47.6126],[-119.9415,47.6126],[-119.9629,47.6126],[-119.9842,47.6126],[-119.9842,47.5681],[-120.0035,47.5587],[-120.0228,47.5494],[-120.042,47.54],[-120.0613,47.5306],[-120.0587,47.4527],[-120.0561,47.3749],[-120.0657,47.3667],[-120.0753,47.3586],[-120.0849,47.3505],[-120.0945,47.3424],[-120.0918,47.3152],[-120.0891,47.2881],[-120.0865,47.2609],[-120.0838,47.2338],[-120.0801,47.2302],[-120.0609,47.2265],[-120.0418,47.2227],[-120.0226,47.2189],[-120.0035,47.2151],[-119.9881,47.2333],[-119.9728,47.2514],[-119.9575,47.2696],[-119.9421,47.2878],[-119.9259,47.2949],[-119.9097,47.302],[-119.8935,47.3091],[-119.8773,47.3162],[-119.8698,47.3294],[-119.8622,47.3427],[-119.8547,47.3559],[-119.8471,47.3691],[-119.8292,47.3707],[-119.8114,47.3723],[-119.7935,47.3739],[-119.7756,47.3754],[-119.7578,47.377],[-119.7399,47.3786],[-119.722,47.3802],[-119.7041,47.3817],[-119.7005,47.4032],[-119.6969,47.4247],[-119.706,47.4489],[-119.7151,47.4731],[-119.7242,47.4973],[-119.7333,47.5215],[-119.7214,47.538],[-119.7095,47.5545],[-119.6975,47.571],[-119.6856,47.5875]]]},"properties":{"OBJECTID":207,"state":"Washington","agency":"Washington Department of Fish and Game","unit_type":"GMU","unit_id":"269","unit_name":"Moses Coulee","unit_label":"Washington GMU 269 - Moses Coulee","aliases":"2025 | 269 | 269 moses coulee | game management unit | game management unit 269 | game management unit 269 moses coulee | gmu | gmu 269 | gmu 269 moses coulee | hunt unit | hunt unit 269 | hunt unit 269 moses coulee | hunting unit | hunting unit 269 | hu","year":"2025","Shape_Length":131838.95774189936,"Shape_Area":863017876.2415438}},{"type":"Feature","id":208,"geometry":{"type":"Polygon","coordinates":[[[-119.9842,47.6126],[-120.0024,47.6189],[-120.0206,47.6252],[-120.0388,47.6314],[-120.057,47.6377],[-120.0751,47.644],[-120.0933,47.6502],[-120.1115,47.6565],[-120.1297,47.6628],[-120.1567,47.654],[-120.1837,47.6453],[-120.2107,47.6366],[-120.2377,47.6278],[-120.2336,47.5981],[-120.2423,47.5881],[-120.251,47.5782],[-120.2597,47.5682],[-120.2684,47.5583],[-120.2771,47.5483],[-120.2858,47.5384],[-120.2945,47.5284],[-120.3032,47.5185],[-120.3099,47.4949],[-120.3166,47.4713],[-120.3094,47.4521],[-120.3022,47.4329],[-120.295,47.4137],[-120.2879,47.3945],[-120.2684,47.3911],[-120.2489,47.3876],[-120.2294,47.3841],[-120.2099,47.3806],[-120.1904,47.3771],[-120.1709,47.3736],[-120.1514,47.3701],[-120.1319,47.3666],[-120.1132,47.3545],[-120.0945,47.3424],[-120.0849,47.3505],[-120.0753,47.3586],[-120.0657,47.3667],[-120.0561,47.3749],[-120.0587,47.4527],[-120.0613,47.5306],[-120.042,47.54],[-120.0228,47.5494],[-120.0035,47.5587],[-119.9842,47.5681],[-119.9842,47.6126]]]},"properties":{"OBJECTID":208,"state":"Washington","agency":"Washington Department of Fish and Game","unit_type":"GMU","unit_id":"266","unit_name":"Badger","unit_label":"Washington GMU 266 - Badger","aliases":"2025 | 266 | 266 badger | badger | game management unit | game management unit 266 | game management unit 266 badger | gmu | gmu 266 | gmu 266 badger | hunt unit | hunt unit 266 | hunt unit 266 badger | hunting unit | hunting unit 266 | hunting unit 266","year":"2025","Shape_Length":99040.29507714696,"Shape_Area":557948494.3662037}},{"type":"Feature","id":209,"geometry":{"type":"MultiPolygon","coordinates":[[[[-123.9093,47.6294],[-123.934,47.6271],[-123.9586,47.6249],[-123.9832,47.6227],[-124.0079,47.6204],[-124.0341,47.6105],[-124.0602,47.6005],[-124.0864,47.5906],[-124.1126,47.5806],[-124.1388,47.5707],[-124.1649,47.5607],[-124.1911,47.5508],[-124.2172,47.5408],[-124.1977,47.5399],[-124.1782,47.5391],[-124.1588,47.5382],[-124.1393,47.5373],[-124.1198,47.5364],[-124.1004,47.5355],[-124.0809,47.5346],[-124.0614,47.5337],[-124.0357,47.5287],[-124.01,47.5238],[-123.9843,47.5188],[-123.9587,47.5138],[-123.9411,47.5144],[-123.9235,47.5149],[-123.9059,47.5154],[-123.8883,47.5159],[-123.8707,47.5164],[-123.8531,47.5169],[-123.8355,47.5173],[-123.8179,47.5178],[-123.8127,47.5406],[-123.8075,47.5634],[-123.8023,47.5862],[-123.7971,47.609],[-123.8251,47.6141],[-123.8532,47.6192],[-123.8812,47.6243],[-123.9093,47.6294]]],[[[-123.9352,47.493],[-123.9502,47.4884],[-123.9652,47.4839],[-123.9449,47.4781],[-123.9245,47.4724],[-123.9352,47.493]]]]},"properties":{"OBJECTID":209,"state":"Washington","agency":"Washington Department of Fish and Game","unit_type":"GMU","unit_id":"618","unit_name":"Matheny","unit_label":"Washington GMU 618 - Matheny","aliases":"2025 | 618 | 618 matheny | game management unit | game management unit 618 | game management unit 618 matheny | gmu | gmu 618 | gmu 618 matheny | hunt unit | hunt unit 618 | hunt unit 618 matheny | hunting unit | hunting unit 618 | hunting unit 618 mathe","year":"2025","Shape_Length":83459.55210675613,"Shape_Area":260387460.19644487}},{"type":"Feature","id":210,"geometry":{"type":"Polygon","coordinates":[[[-120.363,47.736],[-120.3834,47.7316],[-120.4039,47.7272],[-120.4244,47.7229],[-120.4449,47.7185],[-120.4653,47.7141],[-120.4858,47.7097],[-120.5063,47.7053],[-120.5267,47.7008],[-120.5196,47.6822],[-120.5364,47.6718],[-120.5533,47.6614],[-120.5701,47.6511],[-120.5869,47.6407],[-120.6037,47.6303],[-120.6206,47.6199],[-120.6374,47.6095],[-120.6542,47.5991],[-120.6406,47.5909],[-120.627,47.5828],[-120.6135,47.5747],[-120.5999,47.5666],[-120.5864,47.5585],[-120.5728,47.5504],[-120.5593,47.5423],[-120.5457,47.5342],[-120.5242,47.5316],[-120.5026,47.529],[-120.4811,47.5264],[-120.4596,47.5238],[-120.4461,47.5138],[-120.4326,47.5038],[-120.4192,47.4937],[-120.4057,47.4837],[-120.3834,47.4806],[-120.3611,47.4775],[-120.3389,47.4744],[-120.3166,47.4713],[-120.3099,47.4949],[-120.3032,47.5185],[-120.2945,47.5284],[-120.2858,47.5384],[-120.2771,47.5483],[-120.2684,47.5583],[-120.2597,47.5682],[-120.251,47.5782],[-120.2423,47.5881],[-120.2336,47.5981],[-120.2377,47.6278],[-120.2283,47.6442],[-120.2188,47.6606],[-120.2415,47.6637],[-120.2641,47.6669],[-120.2867,47.67],[-120.3093,47.6731],[-120.3227,47.6889],[-120.3361,47.7046],[-120.3495,47.7203],[-120.363,47.736]]]},"properties":{"OBJECTID":210,"state":"Washington","agency":"Washington Department of Fish and Game","unit_type":"GMU","unit_id":"250","unit_name":"Swakane","unit_label":"Washington GMU 250 - Swakane","aliases":"2025 | 250 | 250 swakane | game management unit | game management unit 250 | game management unit 250 swakane | gmu | gmu 250 | gmu 250 swakane | hunt unit | hunt unit 250 | hunt unit 250 swakane | hunting unit | hunting unit 250 | hunting unit 250 swaka","year":"2025","Shape_Length":97038.4482254115,"Shape_Area":545495788.5658793}},{"type":"Feature","id":211,"geometry":{"type":"Polygon","coordinates":[[[-117.0417,47.6975],[-117.042,47.6977],[-117.0613,47.6945],[-117.0805,47.6914],[-117.0998,47.6883],[-117.119,47.6851],[-117.1383,47.682],[-117.1575,47.6788],[-117.1768,47.6757],[-117.196,47.6725],[-117.2188,47.6847],[-117.2416,47.6968],[-117.2658,47.6924],[-117.2899,47.6879],[-117.3141,47.6835],[-117.3382,47.6791],[-117.3624,47.6746],[-117.3865,47.6701],[-117.4107,47.6657],[-117.4348,47.6612],[-117.4276,47.6449],[-117.4204,47.6287],[-117.4133,47.6124],[-117.4061,47.5961],[-117.4007,47.5599],[-117.3953,47.5237],[-117.3899,47.4874],[-117.3845,47.4512],[-117.3862,47.3787],[-117.3879,47.3062],[-117.3812,47.2938],[-117.3745,47.2814],[-117.3678,47.269],[-117.361,47.2566],[-117.3413,47.2605],[-117.3217,47.2644],[-117.302,47.2683],[-117.2823,47.2722],[-117.2655,47.2602],[-117.2488,47.2482],[-117.2321,47.2363],[-117.2153,47.2243],[-117.1934,47.2264],[-117.1715,47.2284],[-117.1496,47.2304],[-117.1277,47.2325],[-117.1058,47.2345],[-117.0839,47.2365],[-117.0619,47.2385],[-117.04,47.2406],[-117.0397,47.2407],[-117.0407,47.4688],[-117.0417,47.6971],[-117.0417,47.6975]]]},"properties":{"OBJECTID":211,"state":"Washington","agency":"Washington Department of Fish and Game","unit_type":"GMU","unit_id":"127","unit_name":"Mica Peak","unit_label":"Washington GMU 127 - Mica Peak","aliases":"127 | 127 mica peak | 2025 | game management unit | game management unit 127 | game management unit 127 mica peak | gmu | gmu 127 | gmu 127 mica peak | hunt unit | hunt unit 127 | hunt unit 127 mica peak | hunting unit | hunting unit 127 | hunting unit 1","year":"2025","Shape_Length":154527.0308878984,"Shape_Area":1300591249.7126784}},{"type":"Feature","id":212,"geometry":{"type":"Polygon","coordinates":[[[-120.8,47.4189],[-120.7765,47.4237],[-120.7529,47.4285],[-120.7294,47.4333],[-120.7058,47.4381],[-120.7024,47.4841],[-120.699,47.5301],[-120.7154,47.5291],[-120.7317,47.5282],[-120.7481,47.5273],[-120.7644,47.5263],[-120.7808,47.5254],[-120.7971,47.5244],[-120.8135,47.5235],[-120.8298,47.5226],[-120.8353,47.55],[-120.8408,47.5774],[-120.8722,47.5774],[-120.9036,47.5774],[-120.8899,47.5928],[-120.8763,47.6081],[-120.8626,47.6234],[-120.849,47.6388],[-120.8252,47.6283],[-120.8015,47.6178],[-120.7778,47.6073],[-120.7541,47.5968],[-120.7581,47.6467],[-120.7622,47.6967],[-120.7879,47.7039],[-120.8136,47.7112],[-120.8394,47.7184],[-120.8651,47.7257],[-120.876,47.7424],[-120.8869,47.7592],[-120.906,47.7591],[-120.9251,47.7591],[-120.9442,47.759],[-120.9633,47.759],[-120.9777,47.7546],[-120.992,47.7503],[-121.0064,47.746],[-121.0207,47.7417],[-121.0351,47.7374],[-121.0494,47.733],[-121.0637,47.7287],[-121.0781,47.7244],[-121.093,47.7112],[-121.1079,47.698],[-121.1228,47.6847],[-121.1377,47.6715],[-121.1353,47.6425],[-121.1328,47.6134],[-121.1303,47.5844],[-121.1278,47.5553],[-121.1364,47.5421],[-121.145,47.529],[-121.1536,47.5158],[-121.1622,47.5027],[-121.1815,47.5103],[-121.2008,47.518],[-121.2141,47.5102],[-121.2273,47.5024],[-121.2405,47.4945],[-121.2537,47.4867],[-121.2669,47.4789],[-121.2801,47.4711],[-121.2933,47.4633],[-121.3065,47.4554],[-121.3137,47.4671],[-121.3208,47.4788],[-121.3382,47.4676],[-121.3556,47.4564],[-121.3729,47.4452],[-121.3903,47.4341],[-121.3719,47.4201],[-121.3535,47.4061],[-121.3352,47.3921],[-121.3168,47.3781],[-121.3014,47.394],[-121.286,47.4098],[-121.2706,47.4256],[-121.2552,47.4415],[-121.2354,47.4484],[-121.2157,47.4554],[-121.1959,47.4623],[-121.1762,47.4693],[-121.1624,47.4565],[-121.1487,47.4438],[-121.1349,47.431],[-121.1212,47.4183],[-121.1066,47.4322],[-121.092,47.4461],[-121.0774,47.4601],[-121.0628,47.474],[-121.0703,47.4852],[-121.0777,47.4965],[-121.0852,47.5077],[-121.0926,47.5189],[-121.0688,47.5189],[-121.0449,47.5188],[-121.021,47.5188],[-120.9971,47.5187],[-120.988,47.5082],[-120.9788,47.4976],[-120.9697,47.487],[-120.9606,47.4764],[-120.9515,47.4658],[-120.9424,47.4552],[-120.9333,47.4446],[-120.9242,47.4341],[-120.9087,47.4322],[-120.8932,47.4303],[-120.8776,47.4284],[-120.8621,47.4265],[-120.8466,47.4246],[-120.831,47.4227],[-120.8155,47.4208],[-120.8,47.4189]]]},"properties":{"OBJECTID":212,"state":"Washington","agency":"Washington Department of Fish and Game","unit_type":"GMU","unit_id":"249","unit_name":"Alpine","unit_label":"Washington GMU 249 - Alpine","aliases":"2025 | 249 | 249 alpine | alpine | game management unit | game management unit 249 | game management unit 249 alpine | gmu | gmu 249 | gmu 249 alpine | hunt unit | hunt unit 249 | hunt unit 249 alpine | hunting unit | hunting unit 249 | hunting unit 249","year":"2025","Shape_Length":215499.66357498415,"Shape_Area":942767042.897244}},{"type":"Feature","id":213,"geometry":{"type":"Polygon","coordinates":[[[-120.6542,47.5991],[-120.6832,47.5964],[-120.7123,47.5937],[-120.7206,47.6196],[-120.729,47.6456],[-120.7373,47.6715],[-120.7457,47.6974],[-120.7441,47.7626],[-120.7603,47.7662],[-120.7765,47.7698],[-120.7927,47.7734],[-120.8089,47.777],[-120.8251,47.7806],[-120.8413,47.7842],[-120.8575,47.7877],[-120.8737,47.7913],[-120.9027,47.7853],[-120.9317,47.7792],[-120.9607,47.7731],[-120.9897,47.767],[-121.0119,47.7757],[-121.0342,47.7843],[-121.0477,47.7749],[-121.0611,47.7655],[-121.0746,47.756],[-121.088,47.7466],[-121.0781,47.7244],[-121.0637,47.7287],[-121.0494,47.733],[-121.0351,47.7374],[-121.0207,47.7417],[-121.0064,47.746],[-120.992,47.7503],[-120.9777,47.7546],[-120.9633,47.759],[-120.9442,47.759],[-120.9251,47.7591],[-120.906,47.7591],[-120.8869,47.7592],[-120.876,47.7424],[-120.8651,47.7257],[-120.8394,47.7184],[-120.8136,47.7112],[-120.7879,47.7039],[-120.7622,47.6967],[-120.7581,47.6467],[-120.7541,47.5968],[-120.7778,47.6073],[-120.8015,47.6178],[-120.8252,47.6283],[-120.849,47.6388],[-120.8626,47.6234],[-120.8763,47.6081],[-120.8899,47.5928],[-120.9036,47.5774],[-120.8722,47.5774],[-120.8408,47.5774],[-120.8353,47.55],[-120.8298,47.5226],[-120.8135,47.5235],[-120.7971,47.5244],[-120.7808,47.5254],[-120.7644,47.5263],[-120.7481,47.5273],[-120.7317,47.5282],[-120.7154,47.5291],[-120.699,47.5301],[-120.7024,47.4841],[-120.7058,47.4381],[-120.7294,47.4333],[-120.7529,47.4285],[-120.7765,47.4237],[-120.8,47.4189],[-120.783,47.4095],[-120.7661,47.4],[-120.7491,47.3906],[-120.7321,47.3811],[-120.7152,47.3717],[-120.6982,47.3622],[-120.6813,47.3528],[-120.6644,47.3433],[-120.6435,47.3413],[-120.6226,47.3393],[-120.6017,47.3373],[-120.5808,47.3353],[-120.5887,47.3201],[-120.5967,47.3048],[-120.5731,47.308],[-120.5495,47.3112],[-120.526,47.3144],[-120.5024,47.3175],[-120.4903,47.3115],[-120.4782,47.3055],[-120.4661,47.2994],[-120.454,47.2934],[-120.4419,47.2873],[-120.4299,47.2813],[-120.4178,47.2753],[-120.4057,47.2692],[-120.3936,47.2632],[-120.3815,47.2571],[-120.3695,47.2511],[-120.3574,47.245],[-120.3453,47.239],[-120.3333,47.2329],[-120.3212,47.2269],[-120.3092,47.2208],[-120.2841,47.2225],[-120.2591,47.2242],[-120.2372,47.2254],[-120.2153,47.2266],[-120.1934,47.2278],[-120.1715,47.229],[-120.1495,47.2302],[-120.1276,47.2314],[-120.1057,47.2326],[-120.0838,47.2338],[-120.0865,47.2609],[-120.0891,47.2881],[-120.0918,47.3152],[-120.0945,47.3424],[-120.1132,47.3545],[-120.1319,47.3666],[-120.1514,47.3701],[-120.1709,47.3736],[-120.1904,47.3771],[-120.2099,47.3806],[-120.2294,47.3841],[-120.2489,47.3876],[-120.2684,47.3911],[-120.2879,47.3945],[-120.295,47.4137],[-120.3022,47.4329],[-120.3094,47.4521],[-120.3166,47.4713],[-120.3389,47.4744],[-120.3611,47.4775],[-120.3834,47.4806],[-120.4057,47.4837],[-120.4192,47.4937],[-120.4326,47.5038],[-120.4461,47.5138],[-120.4596,47.5238],[-120.4811,47.5264],[-120.5026,47.529],[-120.5242,47.5316],[-120.5457,47.5342],[-120.5593,47.5423],[-120.5728,47.5504],[-120.5864,47.5585],[-120.5999,47.5666],[-120.6135,47.5747],[-120.627,47.5828],[-120.6406,47.5909],[-120.6542,47.5991]]]},"properties":{"OBJECTID":213,"state":"Washington","agency":"Washington Department of Fish and Game","unit_type":"GMU","unit_id":"251","unit_name":"Mission","unit_label":"Washington GMU 251 - Mission","aliases":"2025 | 251 | 251 mission | game management unit | game management unit 251 | game management unit 251 mission | gmu | gmu 251 | gmu 251 mission | hunt unit | hunt unit 251 | hunt unit 251 mission | hunting unit | hunting unit 251 | hunting unit 251 missi","year":"2025","Shape_Length":282092.3789934891,"Shape_Area":1328294912.760601}},{"type":"Feature","id":214,"geometry":{"type":"Polygon","coordinates":[[[-119.2664,47.7424],[-119.2905,47.7424],[-119.3146,47.7425],[-119.3387,47.7426],[-119.3628,47.7427],[-119.3626,47.8154],[-119.3841,47.8154],[-119.4056,47.8155],[-119.4271,47.8155],[-119.4486,47.8155],[-119.4701,47.8156],[-119.4916,47.8156],[-119.5131,47.8156],[-119.5346,47.8156],[-119.5561,47.8156],[-119.5776,47.8156],[-119.5991,47.8156],[-119.6206,47.8156],[-119.642,47.8156],[-119.6635,47.8156],[-119.685,47.8156],[-119.7065,47.8156],[-119.7333,47.8141],[-119.76,47.8127],[-119.7868,47.8112],[-119.8135,47.8097],[-119.8135,47.6126],[-119.7975,47.6095],[-119.7815,47.6063],[-119.7655,47.6032],[-119.7495,47.6001],[-119.7336,47.597],[-119.7176,47.5938],[-119.7016,47.5907],[-119.6856,47.5875],[-119.6731,47.5975],[-119.6606,47.6075],[-119.6429,47.6065],[-119.6252,47.6056],[-119.6075,47.6046],[-119.5899,47.6036],[-119.5722,47.6026],[-119.5545,47.6016],[-119.5368,47.6007],[-119.5191,47.5997],[-119.5049,47.6047],[-119.4907,47.6098],[-119.4764,47.6148],[-119.4622,47.6198],[-119.4457,47.6206],[-119.4292,47.6214],[-119.4127,47.6222],[-119.3961,47.623],[-119.3796,47.6238],[-119.3631,47.6245],[-119.3466,47.6253],[-119.3301,47.6261],[-119.3221,47.6406],[-119.3142,47.6552],[-119.3062,47.6697],[-119.2982,47.6842],[-119.2903,47.6988],[-119.2823,47.7133],[-119.2743,47.7278],[-119.2664,47.7424]]]},"properties":{"OBJECTID":214,"state":"Washington","agency":"Washington Department of Fish and Game","unit_type":"GMU","unit_id":"254","unit_name":"Saint Andrews","unit_label":"Washington GMU 254 - Saint Andrews","aliases":"2025 | 254 | 254 saint andrews | game management unit | game management unit 254 | game management unit 254 saint andrews | gmu | gmu 254 | gmu 254 saint andrews | hunt unit | hunt unit 254 | hunt unit 254 saint andrews | hunting unit | hunting unit 254","year":"2025","Shape_Length":123424.83654030532,"Shape_Area":844156090.636172}},{"type":"Feature","id":215,"geometry":{"type":"Polygon","coordinates":[[[-121.5973,47.8144],[-121.6124,47.8208],[-121.6275,47.8271],[-121.6426,47.8334],[-121.6577,47.8398],[-121.6729,47.8461],[-121.688,47.8524],[-121.7031,47.8588],[-121.7182,47.8651],[-121.7364,47.8633],[-121.7545,47.8616],[-121.7726,47.8598],[-121.7907,47.8581],[-121.8088,47.8563],[-121.827,47.8546],[-121.8451,47.8528],[-121.8632,47.851],[-121.8888,47.8528],[-121.9144,47.8546],[-121.94,47.8564],[-121.9656,47.8582],[-121.9709,47.8266],[-121.9761,47.7949],[-121.9751,47.7931],[-121.9751,47.7929],[-121.975,47.7927],[-121.9748,47.7912],[-121.9748,47.7908],[-121.9747,47.7905],[-121.9747,47.79],[-121.9747,47.7898],[-121.9746,47.7895],[-121.9745,47.7891],[-121.9743,47.7888],[-121.9742,47.7886],[-121.9741,47.7885],[-121.974,47.7883],[-121.9739,47.7882],[-121.9737,47.7881],[-121.9736,47.788],[-121.9733,47.7878],[-121.9728,47.7874],[-121.9724,47.7872],[-121.971,47.7862],[-121.9708,47.786],[-121.9655,47.7807],[-121.9652,47.7805],[-121.965,47.7804],[-121.9648,47.7802],[-121.9644,47.78],[-121.9641,47.7798],[-121.9639,47.7797],[-121.9637,47.7796],[-121.9634,47.7793],[-121.9632,47.7791],[-121.9619,47.7777],[-121.9618,47.7776],[-121.9616,47.7774],[-121.9614,47.7771],[-121.9599,47.7757],[-121.9596,47.7755],[-121.9588,47.7747],[-121.9585,47.7745],[-121.9583,47.7742],[-121.9564,47.7719],[-121.9563,47.7717],[-121.9559,47.771],[-121.9559,47.7708],[-121.9562,47.7682],[-121.9564,47.768],[-121.9566,47.7676],[-121.9568,47.7673],[-121.9569,47.7671],[-121.9574,47.7667],[-121.9585,47.7659],[-121.9588,47.7657],[-121.9598,47.765],[-121.96,47.7649],[-121.9613,47.7641],[-121.9615,47.764],[-121.9622,47.7637],[-121.9625,47.7636],[-121.9629,47.7635],[-121.9636,47.7631],[-121.9641,47.7628],[-121.9655,47.762],[-121.966,47.7618],[-121.9687,47.7603],[-121.969,47.7601],[-121.9716,47.7587],[-121.972,47.7585],[-121.9803,47.754],[-121.9808,47.7537],[-121.9836,47.7521],[-121.9839,47.752],[-121.9842,47.7518],[-121.9849,47.7513],[-121.9851,47.7512],[-121.9861,47.7497],[-121.9861,47.7496],[-121.9861,47.7496],[-121.9862,47.7495],[-121.9861,47.7487],[-121.9861,47.7486],[-121.9861,47.748],[-121.9861,47.7478],[-121.986,47.7474],[-121.986,47.7471],[-121.986,47.7469],[-121.9858,47.7453],[-121.9858,47.745],[-121.9858,47.7447],[-121.9858,47.7445],[-121.9859,47.7431],[-121.986,47.7418],[-121.986,47.7417],[-121.986,47.7417],[-121.9862,47.7415],[-121.9862,47.741],[-121.9862,47.7409],[-121.9863,47.7402],[-121.9863,47.7402],[-121.9863,47.7402],[-121.9872,47.7379],[-121.9872,47.7379],[-121.9872,47.7378],[-121.9875,47.7355],[-121.9875,47.7354],[-121.9875,47.7354],[-121.9861,47.7221],[-121.9861,47.722],[-121.9858,47.7202],[-121.9859,47.7201],[-121.9858,47.7177],[-121.9858,47.7176],[-121.9846,47.7091],[-121.9846,47.709],[-121.984,47.7044],[-121.984,47.7044],[-121.9812,47.7014],[-121.9812,47.7013],[-121.9605,47.6952],[-121.9397,47.6891],[-121.9397,47.6891],[-121.9239,47.6838],[-121.908,47.6785],[-121.908,47.6785],[-121.9074,47.6779],[-121.9074,47.6779],[-121.9084,47.6719],[-121.9084,47.6719],[-121.9079,47.6673],[-121.9079,47.6672],[-121.9079,47.6672],[-121.9095,47.6624],[-121.9095,47.6623],[-121.9104,47.6589],[-121.9104,47.6588],[-121.9104,47.6587],[-121.9114,47.6553],[-121.9114,47.6551],[-121.9117,47.653],[-121.9117,47.6529],[-121.9118,47.6529],[-121.915,47.6468],[-121.915,47.6468],[-121.9151,47.6467],[-121.9157,47.6457],[-121.9157,47.6457],[-121.9157,47.6418],[-121.9157,47.6417],[-121.9158,47.6417],[-121.9163,47.639],[-121.9163,47.6389],[-121.9163,47.6389],[-121.9163,47.6371],[-121.9163,47.637],[-121.9134,47.6314],[-121.9133,47.6314],[-121.91,47.6261],[-121.9099,47.6258],[-121.9097,47.6228],[-121.9102,47.6151],[-121.9113,47.6116],[-121.9114,47.6114],[-121.9127,47.609],[-121.9128,47.6089],[-121.914,47.6056],[-121.914,47.6056],[-121.914,47.6056],[-121.9139,47.6048],[-121.9139,47.6048],[-121.9138,47.6009],[-121.9138,47.6008],[-121.9135,47.5972],[-121.9135,47.5972],[-121.9131,47.5963],[-121.9131,47.5963],[-121.9131,47.5963],[-121.9028,47.5876],[-121.9028,47.5876],[-121.9017,47.5866],[-121.9017,47.5865],[-121.9001,47.585],[-121.9001,47.585],[-121.9001,47.585],[-121.8911,47.576],[-121.8875,47.5721],[-121.8875,47.5718],[-121.8875,47.5697],[-121.8871,47.5688],[-121.888,47.5675],[-121.888,47.5668],[-121.8881,47.5664],[-121.8882,47.5661],[-121.8882,47.566],[-121.8884,47.5655],[-121.8885,47.5652],[-121.8887,47.565],[-121.8888,47.5649],[-121.8889,47.5648],[-121.889,47.5646],[-121.8892,47.5643],[-121.8893,47.5642],[-121.8894,47.564],[-121.8895,47.564],[-121.8905,47.5628],[-121.8905,47.5628],[-121.8941,47.56],[-121.8942,47.5599],[-121.8973,47.5573],[-121.8973,47.5572],[-121.8973,47.5572],[-121.8988,47.5558],[-121.8988,47.5558],[-121.9,47.554],[-121.9,47.554],[-121.9009,47.5466],[-121.9009,47.5466],[-121.9009,47.5466],[-121.9038,47.544],[-121.9039,47.544],[-121.9046,47.5424],[-121.9046,47.5424],[-121.9062,47.5415],[-121.9064,47.5415],[-121.9076,47.5413],[-121.9077,47.5413],[-121.9099,47.5396],[-121.9099,47.5396],[-121.91,47.5396],[-121.9268,47.5247],[-121.9268,47.5246],[-121.9283,47.5231],[-121.9346,47.5225],[-121.9348,47.5226],[-121.9362,47.524],[-121.9364,47.5257],[-121.9365,47.527],[-121.9375,47.5268],[-121.9381,47.5258],[-121.9368,47.524],[-121.9368,47.524],[-121.9344,47.522],[-121.9243,47.5184],[-121.9242,47.5183],[-121.9239,47.5182],[-121.9002,47.5071],[-121.8966,47.5075],[-121.8942,47.5077],[-121.8836,47.509],[-121.8837,47.5085],[-121.8771,47.4883],[-121.8704,47.4681],[-121.8638,47.4479],[-121.8572,47.4277],[-121.8347,47.4347],[-121.8122,47.4417],[-121.7832,47.4388],[-121.7541,47.4359],[-121.725,47.4329],[-121.6959,47.43],[-121.6854,47.4175],[-121.6748,47.405],[-121.6572,47.3987],[-121.6396,47.3923],[-121.622,47.386],[-121.6044,47.3796],[-121.5868,47.3732],[-121.5692,47.3669],[-121.5516,47.3605],[-121.534,47.3541],[-121.5097,47.3497],[-121.4855,47.3452],[-121.4612,47.3408],[-121.437,47.3363],[-121.4465,47.3461],[-121.456,47.3559],[-121.4459,47.3737],[-121.4358,47.3914],[-121.4257,47.4092],[-121.4155,47.4269],[-121.3903,47.4341],[-121.3729,47.4452],[-121.3556,47.4564],[-121.3382,47.4676],[-121.3208,47.4788],[-121.3137,47.4671],[-121.3065,47.4554],[-121.2933,47.4633],[-121.2801,47.4711],[-121.2669,47.4789],[-121.2537,47.4867],[-121.2405,47.4945],[-121.2273,47.5024],[-121.2141,47.5102],[-121.2008,47.518],[-121.1815,47.5103],[-121.1622,47.5027],[-121.1536,47.5158],[-121.145,47.529],[-121.1364,47.5421],[-121.1278,47.5553],[-121.1303,47.5844],[-121.1328,47.6134],[-121.1353,47.6425],[-121.1377,47.6715],[-121.1228,47.6847],[-121.1079,47.698],[-121.093,47.7112],[-121.0781,47.7244],[-121.088,47.7466],[-121.1061,47.7377],[-121.1241,47.7287],[-121.1421,47.7197],[-121.1601,47.7108],[-121.1858,47.7107],[-121.2116,47.7107],[-121.2373,47.7106],[-121.2631,47.7106],[-121.2889,47.7105],[-121.3146,47.7105],[-121.3404,47.7104],[-121.3661,47.7103],[-121.3897,47.721],[-121.4134,47.7316],[-121.4371,47.7423],[-121.4607,47.7529],[-121.4747,47.7656],[-121.4887,47.7782],[-121.5028,47.7908],[-121.5168,47.8034],[-121.5369,47.8062],[-121.557,47.8089],[-121.5771,47.8117],[-121.5973,47.8144]]]},"properties":{"OBJECTID":215,"state":"Washington","agency":"Washington Department of Fish and Game","unit_type":"GMU","unit_id":"460","unit_name":"Snoqualmie","unit_label":"Washington GMU 460 - Snoqualmie","aliases":"2025 | 460 | 460 snoqualmie | game management unit | game management unit 460 | game management unit 460 snoqualmie | gmu | gmu 460 | gmu 460 snoqualmie | hunt unit | hunt unit 460 | hunt unit 460 snoqualmie | hunting unit | hunting unit 460 | hunting un","year":"2025","Shape_Length":234859.84588075159,"Shape_Area":2385612213.5942073}},{"type":"Feature","id":216,"geometry":{"type":"Polygon","coordinates":[[[-117.4348,47.6612],[-117.444,47.6696],[-117.4531,47.6781],[-117.4623,47.6865],[-117.4715,47.695],[-117.4806,47.7034],[-117.4898,47.7119],[-117.499,47.7203],[-117.5082,47.7287],[-117.5174,47.7372],[-117.5265,47.7456],[-117.5357,47.7541],[-117.5449,47.7625],[-117.5541,47.7709],[-117.5633,47.7794],[-117.5725,47.7878],[-117.5817,47.7962],[-117.6019,47.811],[-117.6221,47.8258],[-117.6423,47.8406],[-117.6626,47.8554],[-117.6792,47.8508],[-117.6959,47.8462],[-117.7126,47.8415],[-117.7292,47.8369],[-117.7459,47.8322],[-117.7626,47.8276],[-117.7792,47.8229],[-117.7959,47.8183],[-117.81,47.8235],[-117.8241,47.8287],[-117.8382,47.8339],[-117.8523,47.8391],[-117.8725,47.8249],[-117.8927,47.8106],[-117.889,47.7753],[-117.8853,47.7401],[-117.8816,47.7048],[-117.8779,47.6695],[-117.9079,47.6651],[-117.9379,47.6606],[-117.9332,47.6267],[-117.9285,47.5928],[-117.9238,47.5589],[-117.9191,47.5249],[-117.9262,47.5069],[-117.9333,47.4888],[-117.9404,47.4707],[-117.9474,47.4527],[-117.9258,47.4445],[-117.9042,47.4364],[-117.9128,47.4204],[-117.9214,47.4044],[-117.9299,47.3884],[-117.9384,47.3725],[-117.947,47.3565],[-117.9555,47.3405],[-117.9641,47.3245],[-117.9726,47.3085],[-117.9627,47.2965],[-117.9528,47.2845],[-117.943,47.2725],[-117.9331,47.2605],[-117.9232,47.2485],[-117.9134,47.2365],[-117.9035,47.2245],[-117.8937,47.2125],[-117.8774,47.2145],[-117.8612,47.2165],[-117.845,47.2184],[-117.8287,47.2204],[-117.8125,47.2224],[-117.7963,47.2243],[-117.78,47.2263],[-117.7638,47.2283],[-117.7558,47.2381],[-117.7479,47.2478],[-117.7399,47.2576],[-117.7319,47.2674],[-117.7149,47.2634],[-117.6979,47.2595],[-117.6809,47.2555],[-117.6639,47.2515],[-117.6469,47.2476],[-117.63,47.2436],[-117.613,47.2396],[-117.596,47.2356],[-117.5796,47.2435],[-117.5632,47.2513],[-117.5469,47.2592],[-117.5305,47.267],[-117.5102,47.2637],[-117.49,47.2603],[-117.4697,47.257],[-117.4495,47.2536],[-117.4292,47.2503],[-117.409,47.2469],[-117.3887,47.2435],[-117.3685,47.2402],[-117.361,47.2566],[-117.3678,47.269],[-117.3745,47.2814],[-117.3812,47.2938],[-117.3879,47.3062],[-117.3862,47.3787],[-117.3845,47.4512],[-117.3899,47.4874],[-117.3953,47.5237],[-117.4007,47.5599],[-117.4061,47.5961],[-117.4133,47.6124],[-117.4204,47.6287],[-117.4276,47.6449],[-117.4348,47.6612]]]},"properties":{"OBJECTID":216,"state":"Washington","agency":"Washington Department of Fish and Game","unit_type":"GMU","unit_id":"130","unit_name":"Cheney","unit_label":"Washington GMU 130 - Cheney","aliases":"130 | 130 cheney | 2025 | cheney | game management unit | game management unit 130 | game management unit 130 cheney | gmu | gmu 130 | gmu 130 cheney | hunt unit | hunt unit 130 | hunt unit 130 cheney | hunting unit | hunting unit 130 | hunting unit 130","year":"2025","Shape_Length":214245.35812290967,"Shape_Area":2415013516.663154}},{"type":"Feature","id":217,"geometry":{"type":"Polygon","coordinates":[[[-117.9379,47.6606],[-117.961,47.6596],[-117.984,47.6585],[-118.007,47.6574],[-118.03,47.6563],[-118.053,47.6552],[-118.076,47.6541],[-118.099,47.653],[-118.122,47.6519],[-118.145,47.6508],[-118.168,47.6497],[-118.191,47.6486],[-118.214,47.6474],[-118.237,47.6463],[-118.26,47.6452],[-118.283,47.6441],[-118.306,47.6429],[-118.3265,47.6543],[-118.3471,47.6657],[-118.3676,47.6771],[-118.3882,47.6886],[-118.4088,47.7],[-118.4293,47.7114],[-118.4499,47.7228],[-118.4705,47.7342],[-118.49,47.7415],[-118.5096,47.7488],[-118.5291,47.7561],[-118.5486,47.7634],[-118.5677,47.7627],[-118.5868,47.762],[-118.6059,47.7613],[-118.625,47.7606],[-118.6441,47.7598],[-118.6632,47.7591],[-118.6824,47.7584],[-118.7015,47.7577],[-118.7143,47.7679],[-118.7272,47.7781],[-118.7401,47.7883],[-118.753,47.7984],[-118.7659,47.8086],[-118.7788,47.8188],[-118.7917,47.829],[-118.8046,47.8392],[-118.8175,47.8493],[-118.8305,47.8595],[-118.8434,47.8697],[-118.8563,47.8799],[-118.8692,47.89],[-118.8822,47.9002],[-118.8951,47.9104],[-118.908,47.9206],[-118.9311,47.9241],[-118.9541,47.9276],[-118.9772,47.9311],[-119.0002,47.9347],[-118.9985,47.8824],[-118.9968,47.8301],[-118.982,47.8265],[-118.9672,47.823],[-118.9524,47.8194],[-118.9376,47.8159],[-118.937,47.7185],[-118.931,47.6973],[-118.9251,47.6762],[-118.9191,47.655],[-118.9132,47.6339],[-118.9141,47.5092],[-118.9355,47.5019],[-118.9569,47.4946],[-118.9623,47.4795],[-118.9677,47.4645],[-118.9731,47.4494],[-118.9786,47.4343],[-118.984,47.4193],[-118.9894,47.4042],[-118.9948,47.3892],[-119.0002,47.3741],[-119.001,47.2615],[-118.9818,47.2615],[-118.9626,47.2615],[-118.9434,47.2615],[-118.9242,47.2615],[-118.905,47.2615],[-118.8858,47.2616],[-118.8666,47.2616],[-118.8474,47.2616],[-118.8282,47.2616],[-118.809,47.2615],[-118.7898,47.2615],[-118.7707,47.2615],[-118.7515,47.2615],[-118.7323,47.2615],[-118.7131,47.2615],[-118.6939,47.2615],[-118.6747,47.2614],[-118.6555,47.2614],[-118.6363,47.2614],[-118.6171,47.2613],[-118.5979,47.2613],[-118.5787,47.2613],[-118.5595,47.2612],[-118.5403,47.2612],[-118.5211,47.2611],[-118.5019,47.2611],[-118.4827,47.261],[-118.4635,47.261],[-118.4443,47.2609],[-118.4251,47.2609],[-118.4059,47.2608],[-118.3867,47.2608],[-118.3857,47.2059],[-118.3658,47.2066],[-118.3459,47.2073],[-118.326,47.208],[-118.3062,47.2087],[-118.2863,47.2093],[-118.2664,47.21],[-118.2465,47.2107],[-118.2266,47.2114],[-118.2108,47.2175],[-118.1949,47.2236],[-118.1791,47.2296],[-118.1632,47.2357],[-118.1473,47.2418],[-118.1315,47.2479],[-118.1156,47.2539],[-118.0997,47.26],[-118.0838,47.2661],[-118.0679,47.2721],[-118.0521,47.2782],[-118.0362,47.2843],[-118.0203,47.2903],[-118.0044,47.2964],[-117.9885,47.3024],[-117.9726,47.3085],[-117.9641,47.3245],[-117.9555,47.3405],[-117.947,47.3565],[-117.9384,47.3725],[-117.9299,47.3884],[-117.9214,47.4044],[-117.9128,47.4204],[-117.9042,47.4364],[-117.9258,47.4445],[-117.9474,47.4527],[-117.9404,47.4707],[-117.9333,47.4888],[-117.9262,47.5069],[-117.9191,47.5249],[-117.9238,47.5589],[-117.9285,47.5928],[-117.9332,47.6267],[-117.9379,47.6606]]]},"properties":{"OBJECTID":217,"state":"Washington","agency":"Washington Department of Fish and Game","unit_type":"GMU","unit_id":"136","unit_name":"Harrington","unit_label":"Washington GMU 136 - Harrington","aliases":"136 | 136 harrington | 2025 | game management unit | game management unit 136 | game management unit 136 harrington | gmu | gmu 136 | gmu 136 harrington | harrington | hunt unit | hunt unit 136 | hunt unit 136 harrington | hunting unit | hunting unit 136","year":"2025","Shape_Length":302373.2972448197,"Shape_Area":4109731184.0101633}},{"type":"Feature","id":218,"geometry":{"type":"Polygon","coordinates":[[[-119.0108,47.9396],[-119.0368,47.9443],[-119.0629,47.9489],[-119.0801,47.9404],[-119.0974,47.9319],[-119.1146,47.9234],[-119.1319,47.9149],[-119.1491,47.9064],[-119.1664,47.8979],[-119.1836,47.8894],[-119.2009,47.8809],[-119.2017,47.8081],[-119.2178,47.7917],[-119.234,47.7753],[-119.2502,47.7588],[-119.2664,47.7424],[-119.2743,47.7278],[-119.2823,47.7133],[-119.2903,47.6988],[-119.2982,47.6842],[-119.3062,47.6697],[-119.3142,47.6552],[-119.3221,47.6406],[-119.3301,47.6261],[-119.3466,47.6253],[-119.3631,47.6245],[-119.3796,47.6238],[-119.3961,47.623],[-119.4127,47.6222],[-119.4292,47.6214],[-119.4457,47.6206],[-119.4622,47.6198],[-119.4764,47.6148],[-119.4907,47.6098],[-119.5049,47.6047],[-119.5191,47.5997],[-119.5368,47.6007],[-119.5545,47.6016],[-119.5722,47.6026],[-119.5899,47.6036],[-119.6075,47.6046],[-119.6252,47.6056],[-119.6429,47.6065],[-119.6606,47.6075],[-119.6731,47.5975],[-119.6856,47.5875],[-119.6975,47.571],[-119.7095,47.5545],[-119.7214,47.538],[-119.7333,47.5215],[-119.7242,47.4973],[-119.7151,47.4731],[-119.706,47.4489],[-119.6969,47.4247],[-119.7005,47.4032],[-119.7041,47.3817],[-119.722,47.3802],[-119.7399,47.3786],[-119.7578,47.377],[-119.7756,47.3754],[-119.7935,47.3739],[-119.8114,47.3723],[-119.8292,47.3707],[-119.8471,47.3691],[-119.8547,47.3559],[-119.8622,47.3427],[-119.8698,47.3294],[-119.8773,47.3162],[-119.8935,47.3091],[-119.9097,47.302],[-119.9259,47.2949],[-119.9421,47.2878],[-119.9575,47.2696],[-119.9728,47.2514],[-119.9881,47.2333],[-120.0035,47.2151],[-120.0071,47.1925],[-120.0107,47.1698],[-120.0187,47.1458],[-120.0267,47.1218],[-120.0347,47.0978],[-120.0427,47.0738],[-120.0331,47.0575],[-120.0235,47.0413],[-120.0139,47.025],[-120.0044,47.0088],[-119.9948,46.9925],[-119.9853,46.9763],[-119.9757,46.96],[-119.9662,46.9438],[-119.9704,46.9713],[-119.9746,46.9988],[-119.9623,47.008],[-119.9499,47.0171],[-119.9376,47.0263],[-119.9253,47.0355],[-119.913,47.0446],[-119.9006,47.0538],[-119.8883,47.063],[-119.8759,47.0721],[-119.8633,47.0799],[-119.8506,47.0877],[-119.838,47.0955],[-119.8254,47.1033],[-119.7945,47.1034],[-119.7637,47.1035],[-119.7329,47.1036],[-119.702,47.1037],[-119.6712,47.1037],[-119.6404,47.1038],[-119.6095,47.1038],[-119.5787,47.1039],[-119.5479,47.1039],[-119.5171,47.1039],[-119.4862,47.1039],[-119.4554,47.104],[-119.4246,47.104],[-119.3937,47.104],[-119.3629,47.104],[-119.3321,47.1039],[-119.31,47.1027],[-119.2879,47.1014],[-119.2658,47.1001],[-119.2437,47.0988],[-119.2188,47.0972],[-119.1939,47.0956],[-119.1691,47.094],[-119.1442,47.0923],[-119.1193,47.0907],[-119.0945,47.0891],[-119.0696,47.0874],[-119.0447,47.0858],[-119.0236,47.087],[-119.0024,47.0881],[-119.001,47.2615],[-119.0002,47.3741],[-118.9948,47.3892],[-118.9894,47.4042],[-118.984,47.4193],[-118.9786,47.4343],[-118.9731,47.4494],[-118.9677,47.4645],[-118.9623,47.4795],[-118.9569,47.4946],[-118.9355,47.5019],[-118.9141,47.5092],[-118.9132,47.6339],[-118.9191,47.655],[-118.9251,47.6762],[-118.931,47.6973],[-118.937,47.7185],[-118.9376,47.8159],[-118.9524,47.8194],[-118.9672,47.823],[-118.982,47.8265],[-118.9968,47.8301],[-118.9985,47.8824],[-119.0002,47.9347],[-119.0108,47.9396]]]},"properties":{"OBJECTID":218,"state":"Washington","agency":"Washington Department of Fish and Game","unit_type":"GMU","unit_id":"272","unit_name":"Beezley","unit_label":"Washington GMU 272 - Beezley","aliases":"2025 | 272 | 272 beezley | beezley | game management unit | game management unit 272 | game management unit 272 beezley | gmu | gmu 272 | gmu 272 beezley | hunt unit | hunt unit 272 | hunt unit 272 beezley | hunting unit | hunting unit 272 | hunting unit","year":"2025","Shape_Length":349180.2312746922,"Shape_Area":4611568228.028506}},{"type":"Feature","id":219,"geometry":{"type":"Polygon","coordinates":[[[-124.2471,47.8797],[-124.2744,47.8833],[-124.3018,47.8869],[-124.3292,47.8906],[-124.3566,47.8942],[-124.3433,47.8837],[-124.33,47.8733],[-124.3167,47.8629],[-124.3033,47.8524],[-124.29,47.842],[-124.2767,47.8315],[-124.2634,47.8211],[-124.2501,47.8106],[-124.2674,47.8],[-124.2846,47.7893],[-124.3018,47.7787],[-124.319,47.7681],[-124.3363,47.7574],[-124.3535,47.7468],[-124.3707,47.7362],[-124.3879,47.7255],[-124.393,47.7072],[-124.3981,47.6889],[-124.3914,47.6729],[-124.3847,47.6569],[-124.378,47.6409],[-124.3713,47.6249],[-124.3646,47.6089],[-124.3579,47.5928],[-124.3512,47.5768],[-124.3445,47.5608],[-124.3253,47.5606],[-124.3061,47.5604],[-124.2869,47.5602],[-124.2677,47.56],[-124.2485,47.5598],[-124.2293,47.5595],[-124.2101,47.5593],[-124.1909,47.5591],[-124.1687,47.5686],[-124.1464,47.5781],[-124.1241,47.5875],[-124.1019,47.597],[-124.0796,47.6065],[-124.0573,47.616],[-124.035,47.6254],[-124.0127,47.6349],[-123.9989,47.6443],[-123.9851,47.6537],[-123.9712,47.6631],[-123.9574,47.6725],[-123.9436,47.6819],[-123.9297,47.6913],[-123.9159,47.7007],[-123.902,47.7101],[-123.9137,47.7219],[-123.9253,47.7338],[-123.9369,47.7456],[-123.9486,47.7574],[-123.9474,47.8094],[-123.9688,47.8166],[-123.9902,47.8238],[-124.0115,47.831],[-124.0329,47.8382],[-124.0597,47.8409],[-124.0866,47.8436],[-124.1134,47.8463],[-124.1402,47.849],[-124.167,47.8517],[-124.1938,47.8544],[-124.2207,47.8571],[-124.2475,47.8597],[-124.2471,47.8797]]]},"properties":{"OBJECTID":219,"state":"Washington","agency":"Washington Department of Fish and Game","unit_type":"GMU","unit_id":"615","unit_name":"Clearwater","unit_label":"Washington GMU 615 - Clearwater","aliases":"2025 | 615 | 615 clearwater | clearwater | game management unit | game management unit 615 | game management unit 615 clearwater | gmu | gmu 615 | gmu 615 clearwater | hunt unit | hunt unit 615 | hunt unit 615 clearwater | hunting unit | hunting unit 615","year":"2025","Shape_Length":130575.90235384573,"Shape_Area":872578301.3397366}},{"type":"Feature","id":220,"geometry":{"type":"Polygon","coordinates":[[[-122.4887,47.9118],[-122.5151,47.9148],[-122.5414,47.9177],[-122.5678,47.9207],[-122.5941,47.9237],[-122.587,47.8979],[-122.58,47.8722],[-122.5729,47.8464],[-122.5658,47.8207],[-122.5762,47.8297],[-122.5867,47.8388],[-122.5971,47.8478],[-122.6075,47.8569],[-122.6267,47.8423],[-122.6458,47.8277],[-122.665,47.8131],[-122.6841,47.7986],[-122.6921,47.7886],[-122.7001,47.7787],[-122.7082,47.7687],[-122.7162,47.7588],[-122.7242,47.7488],[-122.7322,47.7389],[-122.7402,47.729],[-122.7482,47.719],[-122.7529,47.6675],[-122.7734,47.6618],[-122.7939,47.6561],[-122.8144,47.6504],[-122.8349,47.6448],[-122.8553,47.6391],[-122.8758,47.6334],[-122.8963,47.6277],[-122.9168,47.622],[-122.9302,47.6081],[-122.9436,47.5943],[-122.957,47.5805],[-122.9704,47.5667],[-122.9724,47.5206],[-122.9433,47.5195],[-122.9142,47.5183],[-122.8851,47.5171],[-122.856,47.516],[-122.8388,47.5054],[-122.8216,47.4949],[-122.828,47.4771],[-122.8344,47.4593],[-122.8408,47.4414],[-122.8472,47.4236],[-122.8357,47.4073],[-122.8241,47.391],[-122.8126,47.3747],[-122.8011,47.3584],[-122.8073,47.3448],[-122.8136,47.3312],[-122.8199,47.3176],[-122.8261,47.3041],[-122.8324,47.2905],[-122.8387,47.2769],[-122.8449,47.2633],[-122.8512,47.2498],[-122.8435,47.2359],[-122.8359,47.222],[-122.8282,47.2081],[-122.8206,47.1942],[-122.8066,47.1826],[-122.7926,47.1711],[-122.7786,47.1595],[-122.7646,47.1479],[-122.7568,47.1589],[-122.749,47.1699],[-122.7412,47.1809],[-122.7334,47.1919],[-122.7256,47.2029],[-122.7177,47.2139],[-122.7099,47.225],[-122.7021,47.236],[-122.6793,47.2397],[-122.6564,47.2434],[-122.6437,47.2334],[-122.631,47.2235],[-122.6182,47.2135],[-122.6055,47.2035],[-122.5957,47.2189],[-122.586,47.2343],[-122.5762,47.2496],[-122.5664,47.265],[-122.5567,47.2804],[-122.5469,47.2957],[-122.5371,47.3111],[-122.5273,47.3265],[-122.5273,47.3265],[-122.5333,47.3626],[-122.5392,47.3987],[-122.533,47.4166],[-122.5267,47.4344],[-122.5204,47.4523],[-122.5142,47.4701],[-122.4974,47.4876],[-122.4806,47.5051],[-122.4638,47.5226],[-122.447,47.54],[-122.4471,47.596],[-122.4471,47.5973],[-122.4465,47.6041],[-122.452,47.6446],[-122.4576,47.6852],[-122.45,47.7013],[-122.4423,47.7174],[-122.4347,47.7336],[-122.427,47.7497],[-122.4299,47.8275],[-122.4299,47.8275],[-122.4373,47.8381],[-122.4446,47.8486],[-122.452,47.8591],[-122.4593,47.8696],[-122.4667,47.8802],[-122.474,47.8907],[-122.4814,47.9012],[-122.4887,47.9118]]]},"properties":{"OBJECTID":220,"state":"Washington","agency":"Washington Department of Fish and Game","unit_type":"GMU","unit_id":"627","unit_name":"Kitsap","unit_label":"Washington GMU 627 - Kitsap","aliases":"2025 | 627 | 627 kitsap | game management unit | game management unit 627 | game management unit 627 kitsap | gmu | gmu 627 | gmu 627 kitsap | hunt unit | hunt unit 627 | hunt unit 627 kitsap | hunting unit | hunting unit 627 | hunting unit 627 kitsap |","year":"2025","Shape_Length":232133.80802295738,"Shape_Area":1829664058.5525706}},{"type":"Feature","id":221,"geometry":{"type":"Polygon","coordinates":[[[-118.3413,47.8944],[-118.3499,47.8684],[-118.3585,47.8424],[-118.378,47.8421],[-118.3975,47.8419],[-118.417,47.8417],[-118.4365,47.8415],[-118.4504,47.8615],[-118.4643,47.8815],[-118.4825,47.8804],[-118.5007,47.8794],[-118.5188,47.8783],[-118.537,47.8772],[-118.5366,47.918],[-118.556,47.9212],[-118.5754,47.9243],[-118.5948,47.9275],[-118.6141,47.9306],[-118.6335,47.9337],[-118.6529,47.9369],[-118.6723,47.94],[-118.6917,47.9431],[-118.7044,47.9228],[-118.7171,47.9024],[-118.7412,47.907],[-118.7652,47.9116],[-118.7893,47.9161],[-118.8133,47.9207],[-118.825,47.9371],[-118.8366,47.9536],[-118.8548,47.9539],[-118.8731,47.9542],[-118.8913,47.9545],[-118.9096,47.9548],[-118.9278,47.9551],[-118.946,47.9553],[-118.9643,47.9556],[-118.9825,47.9559],[-118.9967,47.9477],[-119.0108,47.9396],[-119.0002,47.9347],[-118.9772,47.9311],[-118.9541,47.9276],[-118.9311,47.9241],[-118.908,47.9206],[-118.8951,47.9104],[-118.8822,47.9002],[-118.8692,47.89],[-118.8563,47.8799],[-118.8434,47.8697],[-118.8305,47.8595],[-118.8175,47.8493],[-118.8046,47.8392],[-118.7917,47.829],[-118.7788,47.8188],[-118.7659,47.8086],[-118.753,47.7984],[-118.7401,47.7883],[-118.7272,47.7781],[-118.7143,47.7679],[-118.7015,47.7577],[-118.6824,47.7584],[-118.6632,47.7591],[-118.6441,47.7598],[-118.625,47.7606],[-118.6059,47.7613],[-118.5868,47.762],[-118.5677,47.7627],[-118.5486,47.7634],[-118.5291,47.7561],[-118.5096,47.7488],[-118.49,47.7415],[-118.4705,47.7342],[-118.4499,47.7228],[-118.4293,47.7114],[-118.4088,47.7],[-118.3882,47.6886],[-118.3676,47.6771],[-118.3471,47.6657],[-118.3265,47.6543],[-118.306,47.6429],[-118.283,47.6441],[-118.26,47.6452],[-118.237,47.6463],[-118.214,47.6474],[-118.191,47.6486],[-118.168,47.6497],[-118.145,47.6508],[-118.122,47.6519],[-118.099,47.653],[-118.076,47.6541],[-118.053,47.6552],[-118.03,47.6563],[-118.007,47.6574],[-117.984,47.6585],[-117.961,47.6596],[-117.9379,47.6606],[-117.9079,47.6651],[-117.8779,47.6695],[-117.8816,47.7048],[-117.8853,47.7401],[-117.889,47.7753],[-117.8927,47.8106],[-117.8725,47.8249],[-117.8523,47.8391],[-117.8664,47.8453],[-117.8973,47.8426],[-117.9283,47.8399],[-117.9592,47.8371],[-117.9901,47.8344],[-118.0122,47.8257],[-118.0343,47.817],[-118.0564,47.8083],[-118.0785,47.7996],[-118.087,47.8087],[-118.0954,47.8178],[-118.1038,47.8269],[-118.1122,47.8361],[-118.1207,47.8452],[-118.1291,47.8543],[-118.1375,47.8634],[-118.146,47.8725],[-118.1544,47.8816],[-118.1629,47.8908],[-118.1713,47.8999],[-118.1797,47.909],[-118.1882,47.9181],[-118.1967,47.9272],[-118.2051,47.9364],[-118.2136,47.9455],[-118.2295,47.9391],[-118.2455,47.9327],[-118.2615,47.9263],[-118.2775,47.9199],[-118.2934,47.9136],[-118.3094,47.9072],[-118.3254,47.9008],[-118.3413,47.8944]]]},"properties":{"OBJECTID":221,"state":"Washington","agency":"Washington Department of Fish and Game","unit_type":"GMU","unit_id":"133","unit_name":"Roosevelt","unit_label":"Washington GMU 133 - Roosevelt","aliases":"133 | 133 roosevelt | 2025 | game management unit | game management unit 133 | game management unit 133 roosevelt | gmu | gmu 133 | gmu 133 roosevelt | hunt unit | hunt unit 133 | hunt unit 133 roosevelt | hunting unit | hunting unit 133 | hunting unit 1","year":"2025","Shape_Length":236168.20857792988,"Shape_Area":1465106538.1749415}},{"type":"Feature","id":222,"geometry":{"type":"Polygon","coordinates":[[[-119.7064,47.8828],[-119.7278,47.8928],[-119.7492,47.9027],[-119.7537,47.9208],[-119.7583,47.939],[-119.7629,47.9571],[-119.7675,47.9753],[-119.7933,47.9716],[-119.8191,47.9679],[-119.8448,47.9642],[-119.8706,47.9605],[-119.8619,47.9479],[-119.8754,47.9359],[-119.8889,47.9239],[-119.9023,47.9119],[-119.9158,47.8998],[-119.9235,47.8877],[-119.9313,47.8757],[-119.939,47.8636],[-119.9467,47.8515],[-119.9545,47.8394],[-119.9622,47.8273],[-119.9699,47.8152],[-119.9777,47.8031],[-119.9912,47.7981],[-120.0048,47.7931],[-120.0184,47.7881],[-120.032,47.7831],[-120.0455,47.7781],[-120.0591,47.7731],[-120.0727,47.7681],[-120.0863,47.7631],[-120.1088,47.7698],[-120.1312,47.7765],[-120.1508,47.7696],[-120.1703,47.7626],[-120.1898,47.7557],[-120.2093,47.7487],[-120.2141,47.7047],[-120.2188,47.6606],[-120.2283,47.6442],[-120.2377,47.6278],[-120.2107,47.6366],[-120.1837,47.6453],[-120.1567,47.654],[-120.1297,47.6628],[-120.1115,47.6565],[-120.0933,47.6502],[-120.0751,47.644],[-120.057,47.6377],[-120.0388,47.6314],[-120.0206,47.6252],[-120.0024,47.6189],[-119.9842,47.6126],[-119.9629,47.6126],[-119.9415,47.6126],[-119.9202,47.6126],[-119.8989,47.6126],[-119.8775,47.6126],[-119.8562,47.6126],[-119.8348,47.6126],[-119.8135,47.6126],[-119.8135,47.8097],[-119.7868,47.8112],[-119.76,47.8127],[-119.7333,47.8141],[-119.7065,47.8156],[-119.7064,47.8828]]]},"properties":{"OBJECTID":222,"state":"Washington","agency":"Washington Department of Fish and Game","unit_type":"GMU","unit_id":"262","unit_name":"Withrow","unit_label":"Washington GMU 262 - Withrow","aliases":"2025 | 262 | 262 withrow | game management unit | game management unit 262 | game management unit 262 withrow | gmu | gmu 262 | gmu 262 withrow | hunt unit | hunt unit 262 | hunt unit 262 withrow | hunting unit | hunting unit 262 | hunting unit 262 withr","year":"2025","Shape_Length":144668.34739976868,"Shape_Area":778074002.1172245}},{"type":"Feature","id":223,"geometry":{"type":"Polygon","coordinates":[[[-119.9777,47.8031],[-119.9917,47.8202],[-120.0057,47.8372],[-120.0227,47.837],[-120.0398,47.8368],[-120.0568,47.8366],[-120.0738,47.8363],[-120.089,47.8408],[-120.1042,47.8452],[-120.1194,47.8497],[-120.1345,47.8541],[-120.1497,47.8586],[-120.1649,47.863],[-120.1801,47.8674],[-120.1953,47.8719],[-120.1986,47.895],[-120.202,47.9181],[-120.2053,47.9412],[-120.2087,47.9643],[-120.2221,47.9715],[-120.2356,47.9786],[-120.249,47.9858],[-120.2624,47.993],[-120.2568,47.9599],[-120.2512,47.9269],[-120.2741,47.9184],[-120.2971,47.9099],[-120.32,47.9014],[-120.3429,47.8929],[-120.3589,47.9031],[-120.375,47.9133],[-120.3911,47.9236],[-120.4072,47.9338],[-120.4233,47.944],[-120.4393,47.9542],[-120.4554,47.9644],[-120.4715,47.9747],[-120.4829,47.965],[-120.4944,47.9553],[-120.5058,47.9457],[-120.5172,47.936],[-120.4971,47.923],[-120.477,47.91],[-120.457,47.8969],[-120.4369,47.8839],[-120.4315,47.8527],[-120.4261,47.8215],[-120.4182,47.8109],[-120.4103,47.8002],[-120.4024,47.7895],[-120.3945,47.7788],[-120.3866,47.7681],[-120.3787,47.7574],[-120.3708,47.7467],[-120.363,47.736],[-120.3495,47.7203],[-120.3361,47.7046],[-120.3227,47.6889],[-120.3093,47.6731],[-120.2867,47.67],[-120.2641,47.6669],[-120.2415,47.6637],[-120.2188,47.6606],[-120.2141,47.7047],[-120.2093,47.7487],[-120.1898,47.7557],[-120.1703,47.7626],[-120.1508,47.7696],[-120.1312,47.7765],[-120.1088,47.7698],[-120.0863,47.7631],[-120.0727,47.7681],[-120.0591,47.7731],[-120.0455,47.7781],[-120.032,47.7831],[-120.0184,47.7881],[-120.0048,47.7931],[-119.9912,47.7981],[-119.9777,47.8031]]]},"properties":{"OBJECTID":223,"state":"Washington","agency":"Washington Department of Fish and Game","unit_type":"GMU","unit_id":"247","unit_name":"Entiat","unit_label":"Washington GMU 247 - Entiat","aliases":"2025 | 247 | 247 entiat | entiat | game management unit | game management unit 247 | game management unit 247 entiat | gmu | gmu 247 | gmu 247 entiat | hunt unit | hunt unit 247 | hunt unit 247 entiat | hunting unit | hunting unit 247 | hunting unit 247","year":"2025","Shape_Length":139004.58994282642,"Shape_Area":578880971.6322591}},{"type":"Feature","id":224,"geometry":{"type":"Polygon","coordinates":[[[-124.4034,47.9674],[-124.4267,47.9581],[-124.4501,47.9489],[-124.4734,47.9396],[-124.4968,47.9304],[-124.5201,47.9211],[-124.5434,47.9118],[-124.5667,47.9025],[-124.59,47.8933],[-124.5767,47.8864],[-124.5634,47.8795],[-124.5501,47.8726],[-124.5368,47.8657],[-124.5234,47.8588],[-124.5101,47.8518],[-124.4968,47.8449],[-124.4835,47.838],[-124.4738,47.819],[-124.4641,47.8],[-124.4544,47.781],[-124.4448,47.762],[-124.4305,47.7529],[-124.4163,47.7438],[-124.4021,47.7346],[-124.3879,47.7255],[-124.3707,47.7362],[-124.3535,47.7468],[-124.3363,47.7574],[-124.319,47.7681],[-124.3018,47.7787],[-124.2846,47.7893],[-124.2674,47.8],[-124.2501,47.8106],[-124.2634,47.8211],[-124.2767,47.8315],[-124.29,47.842],[-124.3033,47.8524],[-124.3167,47.8629],[-124.33,47.8733],[-124.3433,47.8837],[-124.3566,47.8942],[-124.3698,47.9026],[-124.383,47.911],[-124.3962,47.9193],[-124.4094,47.9277],[-124.4034,47.9674]]]},"properties":{"OBJECTID":224,"state":"Washington","agency":"Washington Department of Fish and Game","unit_type":"GMU","unit_id":"612","unit_name":"Goodman","unit_label":"Washington GMU 612 - Goodman","aliases":"2025 | 612 | 612 goodman | game management unit | game management unit 612 | game management unit 612 goodman | gmu | gmu 612 | gmu 612 goodman | goodman | hunt unit | hunt unit 612 | hunt unit 612 goodman | hunting unit | hunting unit 612 | hunting unit","year":"2025","Shape_Length":77201.60488599881,"Shape_Area":295304912.02801585}},{"type":"Feature","id":225,"geometry":{"type":"Polygon","coordinates":[[[-122.1804,47.996],[-122.1899,48.0174],[-122.1963,48.0193],[-122.2034,48.0206],[-122.2148,48.0217],[-122.2358,48.022],[-122.2645,48.0221],[-122.2931,48.0222],[-122.3218,48.0222],[-122.3505,48.0223],[-122.3509,48.0212],[-122.3453,48.0067],[-122.3397,47.9922],[-122.3341,47.9777],[-122.3285,47.9633],[-122.3361,47.9454],[-122.3436,47.9276],[-122.3512,47.9098],[-122.3587,47.892],[-122.3765,47.8759],[-122.3943,47.8597],[-122.4121,47.8436],[-122.4299,47.8275],[-122.427,47.7497],[-122.4347,47.7336],[-122.4423,47.7174],[-122.45,47.7013],[-122.4576,47.6852],[-122.452,47.6446],[-122.4465,47.6041],[-122.4471,47.5973],[-122.4471,47.596],[-122.447,47.54],[-122.4638,47.5226],[-122.4806,47.5051],[-122.4974,47.4876],[-122.5142,47.4701],[-122.5204,47.4523],[-122.5267,47.4344],[-122.533,47.4166],[-122.5392,47.3987],[-122.5333,47.3626],[-122.5273,47.3265],[-122.5257,47.3254],[-122.4986,47.322],[-122.4716,47.3186],[-122.4532,47.3224],[-122.4348,47.3262],[-122.4164,47.3299],[-122.3981,47.3337],[-122.3797,47.3374],[-122.3613,47.3412],[-122.3429,47.345],[-122.3246,47.3487],[-122.3243,47.3486],[-122.3217,47.3475],[-122.3204,47.3463],[-122.32,47.3461],[-122.318,47.3409],[-122.3165,47.34],[-122.3165,47.34],[-122.3161,47.3397],[-122.316,47.3397],[-122.3159,47.3396],[-122.3156,47.3394],[-122.3155,47.3393],[-122.3152,47.3392],[-122.3148,47.3389],[-122.3146,47.3388],[-122.3133,47.3361],[-122.3121,47.3357],[-122.3132,47.3261],[-122.3132,47.3259],[-122.3132,47.3258],[-122.3134,47.3146],[-122.3134,47.3044],[-122.3134,47.3042],[-122.3134,47.3032],[-122.3134,47.3026],[-122.3178,47.2898],[-122.3147,47.2896],[-122.3029,47.2896],[-122.2903,47.2957],[-122.2777,47.3019],[-122.2517,47.3024],[-122.2256,47.303],[-122.2011,47.2923],[-122.1767,47.2816],[-122.1522,47.2708],[-122.1278,47.2601],[-122.1152,47.2476],[-122.1026,47.2351],[-122.0901,47.2226],[-122.0775,47.2101],[-122.0598,47.208],[-122.0421,47.2059],[-122.0244,47.2038],[-122.0067,47.2017],[-121.9891,47.1996],[-121.9714,47.1975],[-121.9537,47.1954],[-121.936,47.1933],[-121.9198,47.1788],[-121.9036,47.1642],[-121.8889,47.1688],[-121.8743,47.1734],[-121.8597,47.178],[-121.845,47.1827],[-121.8304,47.1873],[-121.8157,47.1919],[-121.8011,47.1964],[-121.7864,47.201],[-121.8047,47.2098],[-121.823,47.2186],[-121.8413,47.2274],[-121.8596,47.2362],[-121.8518,47.2565],[-121.8439,47.2767],[-121.836,47.297],[-121.8282,47.3173],[-121.8411,47.3304],[-121.854,47.3436],[-121.8482,47.3721],[-121.8796,47.3722],[-121.911,47.3723],[-121.9423,47.3724],[-121.9737,47.3725],[-121.9628,47.3826],[-121.952,47.3927],[-121.9411,47.4028],[-121.9302,47.413],[-121.9194,47.4231],[-121.9085,47.4332],[-121.8976,47.4433],[-121.8867,47.4534],[-121.872,47.4406],[-121.8572,47.4277],[-121.8638,47.4479],[-121.8704,47.4681],[-121.8771,47.4883],[-121.8837,47.5085],[-121.8836,47.509],[-121.8942,47.5077],[-121.8966,47.5075],[-121.9002,47.5071],[-121.9239,47.5182],[-121.9242,47.5183],[-121.9243,47.5184],[-121.9344,47.522],[-121.9368,47.524],[-121.9368,47.524],[-121.9381,47.5258],[-121.9375,47.5268],[-121.9365,47.527],[-121.9364,47.5257],[-121.9362,47.524],[-121.9348,47.5226],[-121.9346,47.5225],[-121.9283,47.5231],[-121.9268,47.5246],[-121.9268,47.5247],[-121.91,47.5396],[-121.9099,47.5396],[-121.9099,47.5396],[-121.9077,47.5413],[-121.9076,47.5413],[-121.9064,47.5415],[-121.9062,47.5415],[-121.9046,47.5424],[-121.9046,47.5424],[-121.9039,47.544],[-121.9038,47.544],[-121.9009,47.5466],[-121.9009,47.5466],[-121.9009,47.5466],[-121.9,47.554],[-121.9,47.554],[-121.8988,47.5558],[-121.8988,47.5558],[-121.8973,47.5572],[-121.8973,47.5572],[-121.8973,47.5573],[-121.8942,47.5599],[-121.8941,47.56],[-121.8905,47.5628],[-121.8905,47.5628],[-121.8895,47.564],[-121.8894,47.564],[-121.8893,47.5642],[-121.8892,47.5643],[-121.889,47.5646],[-121.8889,47.5648],[-121.8888,47.5649],[-121.8887,47.565],[-121.8885,47.5652],[-121.8884,47.5655],[-121.8882,47.566],[-121.8882,47.5661],[-121.8881,47.5664],[-121.888,47.5668],[-121.888,47.5675],[-121.8871,47.5688],[-121.8875,47.5697],[-121.8875,47.5718],[-121.8875,47.5721],[-121.8911,47.576],[-121.9001,47.585],[-121.9001,47.585],[-121.9001,47.585],[-121.9017,47.5865],[-121.9017,47.5866],[-121.9028,47.5876],[-121.9028,47.5876],[-121.9131,47.5963],[-121.9131,47.5963],[-121.9131,47.5963],[-121.9135,47.5972],[-121.9135,47.5972],[-121.9138,47.6008],[-121.9138,47.6009],[-121.9139,47.6048],[-121.9139,47.6048],[-121.914,47.6056],[-121.914,47.6056],[-121.914,47.6056],[-121.9128,47.6089],[-121.9127,47.609],[-121.9114,47.6114],[-121.9113,47.6116],[-121.9102,47.6151],[-121.9097,47.6228],[-121.9099,47.6258],[-121.91,47.6261],[-121.9133,47.6314],[-121.9134,47.6314],[-121.9163,47.637],[-121.9163,47.6371],[-121.9163,47.6389],[-121.9163,47.6389],[-121.9163,47.639],[-121.9158,47.6417],[-121.9157,47.6417],[-121.9157,47.6418],[-121.9157,47.6457],[-121.9157,47.6457],[-121.9151,47.6467],[-121.915,47.6468],[-121.915,47.6468],[-121.9118,47.6529],[-121.9117,47.6529],[-121.9117,47.653],[-121.9114,47.6551],[-121.9114,47.6553],[-121.9104,47.6587],[-121.9104,47.6588],[-121.9104,47.6589],[-121.9095,47.6623],[-121.9095,47.6624],[-121.9079,47.6672],[-121.9079,47.6672],[-121.9079,47.6673],[-121.9084,47.6719],[-121.9084,47.6719],[-121.9074,47.6779],[-121.9074,47.6779],[-121.908,47.6785],[-121.908,47.6785],[-121.9239,47.6838],[-121.9397,47.6891],[-121.9397,47.6891],[-121.9605,47.6952],[-121.9812,47.7013],[-121.9812,47.7014],[-121.984,47.7044],[-121.984,47.7044],[-121.9846,47.709],[-121.9846,47.7091],[-121.9858,47.7176],[-121.9858,47.7177],[-121.9859,47.7201],[-121.9858,47.7202],[-121.9861,47.722],[-121.9861,47.7221],[-121.9875,47.7354],[-121.9875,47.7354],[-121.9875,47.7355],[-121.9872,47.7378],[-121.9872,47.7379],[-121.9872,47.7379],[-121.9863,47.7402],[-121.9863,47.7402],[-121.9863,47.7402],[-121.9862,47.7409],[-121.9862,47.741],[-121.9862,47.7415],[-121.986,47.7417],[-121.986,47.7417],[-121.986,47.7418],[-121.9859,47.7431],[-121.9858,47.7445],[-121.9858,47.7447],[-121.9858,47.745],[-121.9858,47.7453],[-121.986,47.7469],[-121.986,47.7471],[-121.986,47.7474],[-121.9861,47.7478],[-121.9861,47.748],[-121.9861,47.7486],[-121.9861,47.7487],[-121.9862,47.7495],[-121.9861,47.7496],[-121.9861,47.7496],[-121.9861,47.7497],[-121.9851,47.7512],[-121.9849,47.7513],[-121.9842,47.7518],[-121.9839,47.752],[-121.9836,47.7521],[-121.9808,47.7537],[-121.9803,47.754],[-121.972,47.7585],[-121.9716,47.7587],[-121.969,47.7601],[-121.9687,47.7603],[-121.966,47.7618],[-121.9655,47.762],[-121.9641,47.7628],[-121.9636,47.7631],[-121.9629,47.7635],[-121.9625,47.7636],[-121.9622,47.7637],[-121.9615,47.764],[-121.9613,47.7641],[-121.96,47.7649],[-121.9598,47.765],[-121.9588,47.7657],[-121.9585,47.7659],[-121.9574,47.7667],[-121.9569,47.7671],[-121.9568,47.7673],[-121.9566,47.7676],[-121.9564,47.768],[-121.9562,47.7682],[-121.9559,47.7708],[-121.9559,47.771],[-121.9563,47.7717],[-121.9564,47.7719],[-121.9583,47.7742],[-121.9585,47.7745],[-121.9588,47.7747],[-121.9596,47.7755],[-121.9599,47.7757],[-121.9614,47.7771],[-121.9616,47.7774],[-121.9618,47.7776],[-121.9619,47.7777],[-121.9632,47.7791],[-121.9634,47.7793],[-121.9637,47.7796],[-121.9639,47.7797],[-121.9641,47.7798],[-121.9644,47.78],[-121.9648,47.7802],[-121.965,47.7804],[-121.9652,47.7805],[-121.9655,47.7807],[-121.9708,47.786],[-121.971,47.7862],[-121.9724,47.7872],[-121.9728,47.7874],[-121.9733,47.7878],[-121.9736,47.788],[-121.9737,47.7881],[-121.9739,47.7882],[-121.974,47.7883],[-121.9741,47.7885],[-121.9742,47.7886],[-121.9743,47.7888],[-121.9745,47.7891],[-121.9746,47.7895],[-121.9747,47.7898],[-121.9747,47.79],[-121.9747,47.7905],[-121.9748,47.7908],[-121.9748,47.7912],[-121.975,47.7927],[-121.9751,47.7929],[-121.9751,47.7931],[-121.9761,47.7949],[-121.9919,47.7939],[-121.9962,47.7944],[-121.9979,47.7939],[-121.9983,47.7937],[-121.9985,47.7938],[-121.9988,47.7939],[-122.0011,47.802],[-122.0014,47.8021],[-122.0036,47.8058],[-122.0038,47.8065],[-122.0118,47.813],[-122.0144,47.8146],[-122.0294,47.8213],[-122.0445,47.828],[-122.0448,47.8282],[-122.0462,47.83],[-122.0462,47.83],[-122.0662,47.8436],[-122.0862,47.8572],[-122.0863,47.8574],[-122.0865,47.8595],[-122.077,47.8611],[-122.0768,47.8613],[-122.0767,47.8614],[-122.0766,47.8636],[-122.078,47.8664],[-122.0859,47.8728],[-122.0849,47.8774],[-122.0864,47.8833],[-122.0864,47.8835],[-122.0867,47.8844],[-122.0878,47.8861],[-122.0882,47.887],[-122.0884,47.8881],[-122.089,47.8892],[-122.0895,47.8901],[-122.09,47.8911],[-122.0912,47.892],[-122.0917,47.8925],[-122.0918,47.8974],[-122.0932,47.9015],[-122.0928,47.9034],[-122.0916,47.9041],[-122.0901,47.9058],[-122.1049,47.9104],[-122.1197,47.9151],[-122.1217,47.918],[-122.133,47.9218],[-122.1337,47.9219],[-122.1444,47.9217],[-122.147,47.9219],[-122.15,47.9225],[-122.1501,47.9225],[-122.1571,47.9254],[-122.1596,47.9256],[-122.1702,47.9309],[-122.1702,47.9318],[-122.17,47.9325],[-122.1692,47.9347],[-122.1691,47.9349],[-122.169,47.9358],[-122.169,47.9367],[-122.1694,47.9384],[-122.1701,47.9399],[-122.1716,47.9415],[-122.1741,47.9436],[-122.1746,47.944],[-122.1833,47.9482],[-122.1843,47.9481],[-122.1913,47.9485],[-122.1916,47.949],[-122.1916,47.9492],[-122.1916,47.9493],[-122.1912,47.9508],[-122.1911,47.9511],[-122.1895,47.9534],[-122.1871,47.9572],[-122.1864,47.9604],[-122.1882,47.9691],[-122.1877,47.9712],[-122.1876,47.9718],[-122.1873,47.9753],[-122.187,47.9757],[-122.1859,47.9768],[-122.1852,47.9775],[-122.1841,47.978],[-122.1815,47.9792],[-122.1807,47.9795],[-122.1803,47.9796],[-122.1764,47.9801],[-122.1754,47.9802],[-122.1728,47.9811],[-122.1699,47.9827],[-122.1691,47.9834],[-122.1698,47.9854],[-122.1706,47.9865],[-122.1793,47.9919],[-122.1804,47.996]],[[-122.5217,47.4052],[-122.5155,47.4185],[-122.5092,47.4317],[-122.503,47.4449],[-122.4967,47.4581],[-122.4904,47.4713],[-122.4841,47.4845],[-122.4779,47.4977],[-122.4716,47.5109],[-122.4705,47.5107],[-122.4706,47.5105],[-122.4676,47.5099],[-122.4668,47.5094],[-122.4639,47.5087],[-122.4624,47.5078],[-122.4612,47.5074],[-122.4609,47.5073],[-122.4595,47.5068],[-122.4589,47.5065],[-122.4584,47.5063],[-122.458,47.5062],[-122.4565,47.5058],[-122.4558,47.5054],[-122.4554,47.5052],[-122.4547,47.5049],[-122.4534,47.5044],[-122.4537,47.4814],[-122.4534,47.4813],[-122.4491,47.479],[-122.4488,47.4788],[-122.4422,47.4706],[-122.4415,47.4704],[-122.4403,47.4698],[-122.4391,47.4694],[-122.4379,47.4687],[-122.4372,47.4685],[-122.4335,47.4455],[-122.4297,47.4226],[-122.4321,47.4215],[-122.4302,47.4232],[-122.4325,47.4218],[-122.4298,47.4028],[-122.4021,47.3998],[-122.4017,47.3997],[-122.3946,47.3988],[-122.393,47.3979],[-122.3922,47.3976],[-122.3915,47.3974],[-122.3891,47.3961],[-122.3869,47.3955],[-122.3821,47.3927],[-122.3811,47.3923],[-122.3793,47.3915],[-122.3789,47.3913],[-122.3748,47.3891],[-122.3739,47.3888],[-122.3969,47.3777],[-122.4199,47.3666],[-122.4429,47.3554],[-122.4659,47.3443],[-122.4662,47.3444],[-122.4694,47.3453],[-122.4694,47.3453],[-122.4703,47.3457],[-122.4625,47.3743],[-122.4618,47.3738],[-122.4617,47.3738],[-122.4559,47.3704],[-122.4432,47.38],[-122.4305,47.3896],[-122.4309,47.3897],[-122.4324,47.3916],[-122.4331,47.3917],[-122.4324,47.3918],[-122.4325,47.3918],[-122.4319,47.3958],[-122.4339,47.3919],[-122.4335,47.3919],[-122.4336,47.3917],[-122.4358,47.392],[-122.4379,47.4053],[-122.4379,47.4053],[-122.4383,47.4063],[-122.4385,47.4064],[-122.4387,47.4065],[-122.4516,47.4035],[-122.4519,47.4038],[-122.4632,47.4012],[-122.4642,47.4018],[-122.4662,47.402],[-122.4667,47.4023],[-122.467,47.4024],[-122.4672,47.4025],[-122.4671,47.4017],[-122.4649,47.4013],[-122.4659,47.3907],[-122.4653,47.3906],[-122.4646,47.3899],[-122.4512,47.3946],[-122.4479,47.3901],[-122.4477,47.3901],[-122.4478,47.3898],[-122.446,47.3898],[-122.4506,47.3848],[-122.4501,47.3849],[-122.4501,47.3846],[-122.451,47.3841],[-122.4535,47.3841],[-122.4568,47.3857],[-122.4573,47.3858],[-122.4578,47.3861],[-122.4696,47.3724],[-122.4814,47.3587],[-122.4932,47.3449],[-122.5049,47.3312],[-122.5084,47.3335],[-122.5091,47.3336],[-122.5091,47.3338],[-122.5152,47.3335],[-122.5153,47.3335],[-122.5189,47.3338],[-122.5211,47.4052],[-122.5217,47.4052]]]},"properties":{"OBJECTID":225,"state":"Washington","agency":"Washington Department of Fish and Game","unit_type":"GMU","unit_id":"454","unit_name":"Issaquah","unit_label":"Washington GMU 454 - Issaquah","aliases":"2025 | 454 | 454 issaquah | game management unit | game management unit 454 | game management unit 454 issaquah | gmu | gmu 454 | gmu 454 issaquah | hunt unit | hunt unit 454 | hunt unit 454 issaquah | hunting unit | hunting unit 454 | hunting unit 454 i","year":"2025","Shape_Length":373498.98089753895,"Shape_Area":2935154341.7655187}},{"type":"Feature","id":226,"geometry":{"type":"Polygon","coordinates":[[[-119.7362,48.0975],[-119.7561,48.0916],[-119.776,48.0857],[-119.7958,48.0798],[-119.8157,48.0739],[-119.8356,48.068],[-119.8555,48.0621],[-119.8753,48.0562],[-119.8952,48.0502],[-119.889,48.0278],[-119.8829,48.0053],[-119.8767,47.9829],[-119.8706,47.9605],[-119.8448,47.9642],[-119.8191,47.9679],[-119.7933,47.9716],[-119.7675,47.9753],[-119.7629,47.9571],[-119.7583,47.939],[-119.7537,47.9208],[-119.7492,47.9027],[-119.7278,47.8928],[-119.7064,47.8828],[-119.6997,47.8937],[-119.6929,47.9046],[-119.6862,47.9155],[-119.6795,47.9264],[-119.6727,47.9372],[-119.666,47.9481],[-119.6593,47.959],[-119.6525,47.9699],[-119.6366,47.9519],[-119.6058,47.9516],[-119.5749,47.9512],[-119.544,47.9508],[-119.5131,47.9504],[-119.5064,47.9826],[-119.4997,48.0148],[-119.493,48.047],[-119.4862,48.0793],[-119.503,48.069],[-119.5199,48.0586],[-119.5367,48.0483],[-119.5535,48.038],[-119.5703,48.0277],[-119.5871,48.0174],[-119.6039,48.0071],[-119.6207,47.9968],[-119.639,48.0056],[-119.6572,48.0144],[-119.6755,48.0232],[-119.6937,48.0321],[-119.6817,48.0536],[-119.6697,48.0752],[-119.6863,48.0808],[-119.7029,48.0864],[-119.7196,48.092],[-119.7362,48.0975]]]},"properties":{"OBJECTID":226,"state":"Washington","agency":"Washington Department of Fish and Game","unit_type":"GMU","unit_id":"260","unit_name":"Foster Creek","unit_label":"Washington GMU 260 - Foster Creek","aliases":"2025 | 260 | 260 foster creek | foster creek | game management unit | game management unit 260 | game management unit 260 foster creek | gmu | gmu 260 | gmu 260 foster creek | hunt unit | hunt unit 260 | hunt unit 260 foster creek | hunting unit | huntin","year":"2025","Shape_Length":110450.78480987142,"Shape_Area":344195921.2912214}},{"type":"Feature","id":227,"geometry":{"type":"Polygon","coordinates":[[[-120.7038,48.066],[-120.7258,48.0542],[-120.7478,48.0424],[-120.7699,48.0307],[-120.7919,48.0189],[-120.7874,48.0712],[-120.7982,48.0826],[-120.8091,48.0941],[-120.8199,48.1056],[-120.8308,48.1171],[-120.845,48.0987],[-120.8593,48.0803],[-120.8514,48.0642],[-120.8435,48.0482],[-120.8357,48.0321],[-120.8278,48.016],[-120.8536,48.0139],[-120.8794,48.0117],[-120.8704,47.998],[-120.8615,47.9842],[-120.8526,47.9705],[-120.8437,47.9567],[-120.8348,47.943],[-120.8259,47.9293],[-120.817,47.9155],[-120.808,47.9018],[-120.8239,47.8935],[-120.8398,47.8853],[-120.8514,47.897],[-120.8631,47.9087],[-120.8747,47.9204],[-120.8864,47.9321],[-120.898,47.9438],[-120.9097,47.9555],[-120.9214,47.9672],[-120.933,47.9789],[-120.9427,47.9569],[-120.9523,47.9349],[-120.962,47.9129],[-120.9716,47.8909],[-120.9883,47.8934],[-121.0051,47.896],[-121.0218,47.8986],[-121.0386,47.9011],[-121.0489,47.9117],[-121.0593,47.9222],[-121.0696,47.9328],[-121.08,47.9434],[-121.0903,47.9539],[-121.1007,47.9645],[-121.111,47.9751],[-121.1214,47.9856],[-121.1373,47.9698],[-121.1533,47.9539],[-121.1692,47.938],[-121.1851,47.9222],[-121.1775,47.9031],[-121.1699,47.8841],[-121.1623,47.8651],[-121.1546,47.8461],[-121.1408,47.8409],[-121.127,47.8358],[-121.1131,47.8306],[-121.0993,47.8254],[-121.0937,47.786],[-121.088,47.7466],[-121.0746,47.756],[-121.0611,47.7655],[-121.0477,47.7749],[-121.0342,47.7843],[-121.0119,47.7757],[-120.9897,47.767],[-120.9607,47.7731],[-120.9317,47.7792],[-120.9027,47.7853],[-120.8737,47.7913],[-120.8575,47.7877],[-120.8413,47.7842],[-120.8251,47.7806],[-120.8089,47.777],[-120.7927,47.7734],[-120.7765,47.7698],[-120.7603,47.7662],[-120.7441,47.7626],[-120.7457,47.6974],[-120.7373,47.6715],[-120.729,47.6456],[-120.7206,47.6196],[-120.7123,47.5937],[-120.6832,47.5964],[-120.6542,47.5991],[-120.6374,47.6095],[-120.6206,47.6199],[-120.6037,47.6303],[-120.5869,47.6407],[-120.5701,47.6511],[-120.5533,47.6614],[-120.5364,47.6718],[-120.5196,47.6822],[-120.5267,47.7008],[-120.5063,47.7053],[-120.4858,47.7097],[-120.4653,47.7141],[-120.4449,47.7185],[-120.4244,47.7229],[-120.4039,47.7272],[-120.3834,47.7316],[-120.363,47.736],[-120.3708,47.7467],[-120.3787,47.7574],[-120.3866,47.7681],[-120.3945,47.7788],[-120.4024,47.7895],[-120.4103,47.8002],[-120.4182,47.8109],[-120.4261,47.8215],[-120.4315,47.8527],[-120.4369,47.8839],[-120.457,47.8969],[-120.477,47.91],[-120.4971,47.923],[-120.5172,47.936],[-120.5288,47.9441],[-120.5405,47.9522],[-120.5521,47.9604],[-120.5638,47.9685],[-120.5754,47.9766],[-120.5871,47.9848],[-120.5987,47.9929],[-120.6104,48.001],[-120.622,48.0092],[-120.6337,48.0173],[-120.6454,48.0254],[-120.6571,48.0335],[-120.6687,48.0417],[-120.6804,48.0498],[-120.6921,48.0579],[-120.7038,48.066]]]},"properties":{"OBJECTID":227,"state":"Washington","agency":"Washington Department of Fish and Game","unit_type":"GMU","unit_id":"245","unit_name":"Chiwawa","unit_label":"Washington GMU 245 - Chiwawa","aliases":"2025 | 245 | 245 chiwawa | chiwawa | game management unit | game management unit 245 | game management unit 245 chiwawa | gmu | gmu 245 | gmu 245 chiwawa | hunt unit | hunt unit 245 | hunt unit 245 chiwawa | hunting unit | hunting unit 245 | hunting unit","year":"2025","Shape_Length":249354.95635573883,"Shape_Area":1519636659.30106}},{"type":"Feature","id":228,"geometry":{"type":"Polygon","coordinates":[[[-123.9784,48.0729],[-123.9969,48.0714],[-124.0154,48.07],[-124.0339,48.0685],[-124.0524,48.067],[-124.0709,48.0656],[-124.0894,48.0641],[-124.1078,48.0626],[-124.1263,48.0611],[-124.1456,48.0623],[-124.165,48.0634],[-124.1843,48.0645],[-124.2036,48.0657],[-124.2229,48.0668],[-124.2423,48.0679],[-124.2616,48.069],[-124.2809,48.0701],[-124.3072,48.0612],[-124.3336,48.0523],[-124.3599,48.0433],[-124.3862,48.0344],[-124.3905,48.0176],[-124.3948,48.0009],[-124.3991,47.9841],[-124.4034,47.9674],[-124.4094,47.9277],[-124.3962,47.9193],[-124.383,47.911],[-124.3698,47.9026],[-124.3566,47.8942],[-124.3292,47.8906],[-124.3018,47.8869],[-124.2744,47.8833],[-124.2471,47.8797],[-124.2479,47.953],[-124.2252,47.9475],[-124.2024,47.9419],[-124.1797,47.9364],[-124.1569,47.9309],[-124.1304,47.9333],[-124.1039,47.9358],[-124.0774,47.9382],[-124.0509,47.9406],[-124.0244,47.943],[-123.9979,47.9454],[-123.9714,47.9478],[-123.9449,47.9502],[-123.9398,47.9685],[-123.9346,47.9868],[-123.9295,48.0051],[-123.9243,48.0233],[-123.9379,48.0357],[-123.9514,48.0481],[-123.9649,48.0605],[-123.9784,48.0729]]]},"properties":{"OBJECTID":228,"state":"Washington","agency":"Washington Department of Fish and Game","unit_type":"GMU","unit_id":"607","unit_name":"Sol Duc","unit_label":"Washington GMU 607 - Sol Duc","aliases":"2025 | 607 | 607 sol duc | game management unit | game management unit 607 | game management unit 607 sol duc | gmu | gmu 607 | gmu 607 sol duc | hunt unit | hunt unit 607 | hunt unit 607 sol duc | hunting unit | hunting unit 607 | hunting unit 607 sol d","year":"2025","Shape_Length":103931.70225184588,"Shape_Area":523118054.8154725}},{"type":"Feature","id":229,"geometry":{"type":"Polygon","coordinates":[[[-120.2624,47.993],[-120.2888,48.0016],[-120.3152,48.0102],[-120.3415,48.0189],[-120.3679,48.0275],[-120.3943,48.0361],[-120.4207,48.0447],[-120.4471,48.0533],[-120.4735,48.0619],[-120.4802,48.0732],[-120.487,48.0845],[-120.4938,48.0958],[-120.5006,48.107],[-120.5074,48.1183],[-120.5141,48.1296],[-120.5209,48.1409],[-120.5277,48.1521],[-120.5467,48.1484],[-120.5657,48.1447],[-120.5847,48.141],[-120.6037,48.1372],[-120.6162,48.1283],[-120.6287,48.1194],[-120.6412,48.1105],[-120.6538,48.1016],[-120.6663,48.0927],[-120.6788,48.0838],[-120.6913,48.0749],[-120.7038,48.066],[-120.6921,48.0579],[-120.6804,48.0498],[-120.6687,48.0417],[-120.6571,48.0335],[-120.6454,48.0254],[-120.6337,48.0173],[-120.622,48.0092],[-120.6104,48.001],[-120.5987,47.9929],[-120.5871,47.9848],[-120.5754,47.9766],[-120.5638,47.9685],[-120.5521,47.9604],[-120.5405,47.9522],[-120.5288,47.9441],[-120.5172,47.936],[-120.5058,47.9457],[-120.4944,47.9553],[-120.4829,47.965],[-120.4715,47.9747],[-120.4554,47.9644],[-120.4393,47.9542],[-120.4233,47.944],[-120.4072,47.9338],[-120.3911,47.9236],[-120.375,47.9133],[-120.3589,47.9031],[-120.3429,47.8929],[-120.32,47.9014],[-120.2971,47.9099],[-120.2741,47.9184],[-120.2512,47.9269],[-120.2568,47.9599],[-120.2624,47.993]]]},"properties":{"OBJECTID":229,"state":"Washington","agency":"Washington Department of Fish and Game","unit_type":"GMU","unit_id":"246","unit_name":"Slide Ridge","unit_label":"Washington GMU 246 - Slide Ridge","aliases":"2025 | 246 | 246 slide ridge | game management unit | game management unit 246 | game management unit 246 slide ridge | gmu | gmu 246 | gmu 246 slide ridge | hunt unit | hunt unit 246 | hunt unit 246 slide ridge | hunting unit | hunting unit 246 | huntin","year":"2025","Shape_Length":99136.496055834,"Shape_Area":422549224.3508605}},{"type":"Feature","id":230,"geometry":{"type":"Polygon","coordinates":[[[-123.1384,47.4064],[-123.1286,47.4194],[-123.1189,47.4325],[-123.1091,47.4455],[-123.0993,47.4586],[-123.0896,47.4716],[-123.0798,47.4846],[-123.07,47.4977],[-123.0602,47.5107],[-123.0504,47.5238],[-123.0406,47.5368],[-123.0308,47.5498],[-123.021,47.5629],[-123.0112,47.5759],[-123.0014,47.5889],[-122.9916,47.602],[-122.9818,47.615],[-122.9632,47.6282],[-122.9445,47.6413],[-122.9258,47.6545],[-122.9072,47.6676],[-122.8992,47.687],[-122.8912,47.7064],[-122.8832,47.7259],[-122.8752,47.7453],[-122.8783,47.7677],[-122.8813,47.7902],[-122.8843,47.8126],[-122.8874,47.835],[-122.8857,47.8762],[-122.8841,47.9174],[-122.8825,47.9586],[-122.8809,47.9998],[-122.8762,48.0393],[-122.8762,48.0393],[-122.8787,48.0408],[-122.9034,48.0424],[-122.928,48.044],[-122.9527,48.0455],[-122.9774,48.0471],[-122.9922,48.0339],[-123.007,48.0208],[-123.0171,48.0291],[-123.0271,48.0375],[-123.0372,48.0458],[-123.0472,48.0542],[-123.0481,48.0545],[-123.0661,48.0673],[-123.0829,48.0694],[-123.0997,48.0714],[-123.1165,48.0735],[-123.1333,48.0755],[-123.1501,48.0775],[-123.1669,48.0796],[-123.1837,48.0816],[-123.2005,48.0836],[-123.2173,48.0856],[-123.2341,48.0877],[-123.2509,48.0897],[-123.2677,48.0917],[-123.2845,48.0937],[-123.3013,48.0958],[-123.3181,48.0978],[-123.335,48.0998],[-123.3356,48.1],[-123.3369,48.1005],[-123.3384,48.1012],[-123.3388,48.1013],[-123.3462,48.1064],[-123.3561,48.1031],[-123.3587,48.1091],[-123.3816,48.1082],[-123.4045,48.1072],[-123.4046,48.1072],[-123.4051,48.1074],[-123.4184,48.1128],[-123.4317,48.1183],[-123.4561,48.1138],[-123.4805,48.1093],[-123.5049,48.1048],[-123.5292,48.1003],[-123.5414,48.0915],[-123.5536,48.0828],[-123.5658,48.0741],[-123.578,48.0653],[-123.5858,48.054],[-123.5937,48.0427],[-123.5674,48.0428],[-123.5411,48.0429],[-123.5148,48.043],[-123.4886,48.0431],[-123.4623,48.0432],[-123.436,48.0433],[-123.4097,48.0434],[-123.3834,48.0434],[-123.3726,48.0327],[-123.3617,48.0219],[-123.3509,48.0112],[-123.34,48.0004],[-123.3185,48.0003],[-123.2971,48.0002],[-123.2756,48.0001],[-123.2542,48.0],[-123.2479,47.9812],[-123.2416,47.9624],[-123.2353,47.9436],[-123.229,47.9248],[-123.2111,47.9104],[-123.1931,47.896],[-123.1752,47.8817],[-123.1573,47.8673],[-123.1705,47.8494],[-123.1837,47.8315],[-123.1969,47.8136],[-123.21,47.7957],[-123.1886,47.7957],[-123.1671,47.7957],[-123.1456,47.7957],[-123.1241,47.7957],[-123.1264,47.7625],[-123.1287,47.7292],[-123.1309,47.696],[-123.1332,47.6627],[-123.1524,47.6488],[-123.1716,47.6348],[-123.1909,47.6208],[-123.2101,47.6068],[-123.2371,47.6015],[-123.264,47.5962],[-123.291,47.5908],[-123.318,47.5855],[-123.3173,47.5068],[-123.2964,47.4943],[-123.2756,47.4818],[-123.2548,47.4693],[-123.2339,47.4569],[-123.2327,47.418],[-123.2097,47.4151],[-123.1867,47.4122],[-123.1637,47.4093],[-123.1407,47.4064],[-123.1384,47.4064]]]},"properties":{"OBJECTID":230,"state":"Washington","agency":"Washington Department of Fish and Game","unit_type":"GMU","unit_id":"621","unit_name":"Olympic","unit_label":"Washington GMU 621 - Olympic","aliases":"2025 | 621 | 621 olympic | game management unit | game management unit 621 | game management unit 621 olympic | gmu | gmu 621 | gmu 621 olympic | hunt unit | hunt unit 621 | hunt unit 621 olympic | hunting unit | hunting unit 621 | hunting unit 621 olymp","year":"2025","Shape_Length":258799.74003034417,"Shape_Area":1663983962.9114454}},{"type":"Feature","id":231,"geometry":{"type":"Polygon","coordinates":[[[-118.9825,47.9559],[-118.9746,47.9717],[-118.9667,47.9874],[-118.9587,48.0031],[-118.9508,48.0189],[-118.9639,48.025],[-118.977,48.0311],[-118.9901,48.0372],[-119.0032,48.0433],[-119.0099,48.055],[-119.0166,48.0667],[-119.0233,48.0784],[-119.0301,48.0901],[-119.0368,48.1018],[-119.0435,48.1135],[-119.0502,48.1253],[-119.057,48.137],[-119.0755,48.1405],[-119.094,48.1441],[-119.1125,48.1476],[-119.131,48.1512],[-119.1467,48.145],[-119.1625,48.1389],[-119.1782,48.1328],[-119.1939,48.1266],[-119.2097,48.1205],[-119.2254,48.1143],[-119.2411,48.1082],[-119.2568,48.102],[-119.2781,48.1088],[-119.2994,48.1155],[-119.3083,48.1],[-119.3173,48.0844],[-119.3262,48.0689],[-119.3351,48.0533],[-119.354,48.0566],[-119.3729,48.0598],[-119.3918,48.0631],[-119.4107,48.0663],[-119.4295,48.0696],[-119.4484,48.0728],[-119.4673,48.076],[-119.4862,48.0793],[-119.493,48.047],[-119.4997,48.0148],[-119.5064,47.9826],[-119.5131,47.9504],[-119.544,47.9508],[-119.5749,47.9512],[-119.6058,47.9516],[-119.6366,47.9519],[-119.6525,47.9699],[-119.6593,47.959],[-119.666,47.9481],[-119.6727,47.9372],[-119.6795,47.9264],[-119.6862,47.9155],[-119.6929,47.9046],[-119.6997,47.8937],[-119.7064,47.8828],[-119.7065,47.8156],[-119.685,47.8156],[-119.6635,47.8156],[-119.642,47.8156],[-119.6206,47.8156],[-119.5991,47.8156],[-119.5776,47.8156],[-119.5561,47.8156],[-119.5346,47.8156],[-119.5131,47.8156],[-119.4916,47.8156],[-119.4701,47.8156],[-119.4486,47.8155],[-119.4271,47.8155],[-119.4056,47.8155],[-119.3841,47.8154],[-119.3626,47.8154],[-119.3628,47.7427],[-119.3387,47.7426],[-119.3146,47.7425],[-119.2905,47.7424],[-119.2664,47.7424],[-119.2502,47.7588],[-119.234,47.7753],[-119.2178,47.7917],[-119.2017,47.8081],[-119.2009,47.8809],[-119.1836,47.8894],[-119.1664,47.8979],[-119.1491,47.9064],[-119.1319,47.9149],[-119.1146,47.9234],[-119.0974,47.9319],[-119.0801,47.9404],[-119.0629,47.9489],[-119.0368,47.9443],[-119.0108,47.9396],[-118.9967,47.9477],[-118.9825,47.9559]]]},"properties":{"OBJECTID":231,"state":"Washington","agency":"Washington Department of Fish and Game","unit_type":"GMU","unit_id":"248","unit_name":"Big Bend","unit_label":"Washington GMU 248 - Big Bend","aliases":"2025 | 248 | 248 big bend | big bend | game management unit | game management unit 248 | game management unit 248 big bend | gmu | gmu 248 | gmu 248 big bend | hunt unit | hunt unit 248 | hunt unit 248 big bend | hunting unit | hunting unit 248 | hunting","year":"2025","Shape_Length":183999.03169256594,"Shape_Area":1328111646.0651844}},{"type":"Feature","id":232,"geometry":{"type":"Polygon","coordinates":[[[-117.0417,47.6975],[-117.042,48.0045],[-117.0419,48.0427],[-117.0419,48.0469],[-117.0418,48.0645],[-117.0418,48.0669],[-117.0418,48.0757],[-117.0417,48.0873],[-117.0397,48.1725],[-117.0394,48.1839],[-117.0396,48.1839],[-117.0533,48.1785],[-117.067,48.1731],[-117.0807,48.1677],[-117.0944,48.1623],[-117.1081,48.1569],[-117.1217,48.1515],[-117.1354,48.1461],[-117.1491,48.1407],[-117.1628,48.1353],[-117.1764,48.1299],[-117.1901,48.1245],[-117.2038,48.1191],[-117.2175,48.1137],[-117.2311,48.1082],[-117.2448,48.1028],[-117.2584,48.0974],[-117.2747,48.0963],[-117.2909,48.0953],[-117.3072,48.0942],[-117.3234,48.0931],[-117.33,48.0625],[-117.3365,48.0319],[-117.343,48.0013],[-117.3496,47.9706],[-117.3669,47.9686],[-117.3842,47.9665],[-117.4016,47.9644],[-117.4189,47.9623],[-117.4362,47.9603],[-117.4536,47.9582],[-117.4709,47.9561],[-117.4882,47.954],[-117.5094,47.9649],[-117.5305,47.9758],[-117.5516,47.9867],[-117.5728,47.9976],[-117.5847,48.0132],[-117.5967,48.0288],[-117.6086,48.0444],[-117.6206,48.06],[-117.6508,48.0592],[-117.6809,48.0583],[-117.7111,48.0575],[-117.7413,48.0567],[-117.7339,48.0274],[-117.7266,47.9981],[-117.7398,47.9806],[-117.753,47.9631],[-117.7662,47.9456],[-117.7794,47.9281],[-117.798,47.921],[-117.8166,47.9139],[-117.8352,47.9069],[-117.8537,47.8998],[-117.8601,47.8726],[-117.8664,47.8453],[-117.8523,47.8391],[-117.8382,47.8339],[-117.8241,47.8287],[-117.81,47.8235],[-117.7959,47.8183],[-117.7792,47.8229],[-117.7626,47.8276],[-117.7459,47.8322],[-117.7292,47.8369],[-117.7126,47.8415],[-117.6959,47.8462],[-117.6792,47.8508],[-117.6626,47.8554],[-117.6423,47.8406],[-117.6221,47.8258],[-117.6019,47.811],[-117.5817,47.7962],[-117.5725,47.7878],[-117.5633,47.7794],[-117.5541,47.7709],[-117.5449,47.7625],[-117.5357,47.7541],[-117.5265,47.7456],[-117.5174,47.7372],[-117.5082,47.7287],[-117.499,47.7203],[-117.4898,47.7119],[-117.4806,47.7034],[-117.4715,47.695],[-117.4623,47.6865],[-117.4531,47.6781],[-117.444,47.6696],[-117.4348,47.6612],[-117.4107,47.6657],[-117.3865,47.6701],[-117.3624,47.6746],[-117.3382,47.6791],[-117.3141,47.6835],[-117.2899,47.6879],[-117.2658,47.6924],[-117.2416,47.6968],[-117.2188,47.6847],[-117.196,47.6725],[-117.1768,47.6757],[-117.1575,47.6788],[-117.1383,47.682],[-117.119,47.6851],[-117.0998,47.6883],[-117.0805,47.6914],[-117.0613,47.6945],[-117.042,47.6977],[-117.0417,47.6975]]]},"properties":{"OBJECTID":232,"state":"Washington","agency":"Washington Department of Fish and Game","unit_type":"GMU","unit_id":"124","unit_name":"Mount Spokane","unit_label":"Washington GMU 124 - Mount Spokane","aliases":"124 | 124 mount spokane | 2025 | game management unit | game management unit 124 | game management unit 124 mount spokane | gmu | gmu 124 | gmu 124 mount spokane | hunt unit | hunt unit 124 | hunt unit 124 mount spokane | hunting unit | hunting unit 124","year":"2025","Shape_Length":230361.12229895886,"Shape_Area":2002317813.530167}},{"type":"Feature","id":233,"geometry":{"type":"Polygon","coordinates":[[[-122.4534,48.2662],[-122.4725,48.2622],[-122.4916,48.2583],[-122.5107,48.2543],[-122.5298,48.2504],[-122.5334,48.217],[-122.537,48.1837],[-122.526,48.1757],[-122.5149,48.1676],[-122.5038,48.1596],[-122.4927,48.1516],[-122.4816,48.1436],[-122.4706,48.1355],[-122.4595,48.1275],[-122.4484,48.1195],[-122.4374,48.1114],[-122.4263,48.1034],[-122.4152,48.0954],[-122.4042,48.0873],[-122.3931,48.0793],[-122.3821,48.0713],[-122.371,48.0632],[-122.36,48.0552],[-122.3743,48.069],[-122.3886,48.0828],[-122.403,48.0967],[-122.4173,48.1105],[-122.4317,48.1243],[-122.446,48.1382],[-122.4604,48.152],[-122.4748,48.1658],[-122.4694,48.1909],[-122.4641,48.216],[-122.4587,48.2411],[-122.4534,48.2662]]]},"properties":{"OBJECTID":233,"state":"Washington","agency":"Washington Department of Fish and Game","unit_type":"GMU","unit_id":"421","unit_name":"Camano","unit_label":"Washington GMU 421 - Camano","aliases":"2025 | 421 | 421 camano | camano | game management unit | game management unit 421 | game management unit 421 camano | gmu | gmu 421 | gmu 421 camano | hunt unit | hunt unit 421 | hunt unit 421 camano | hunting unit | hunting unit 421 | hunting unit 421","year":"2025","Shape_Length":58891.935414029016,"Shape_Area":67952703.7710007}},{"type":"Feature","id":234,"geometry":{"type":"Polygon","coordinates":[[[-120.5472,48.3067],[-120.5658,48.2965],[-120.5844,48.2863],[-120.6029,48.2761],[-120.6215,48.2658],[-120.6343,48.2799],[-120.6472,48.294],[-120.6601,48.308],[-120.6729,48.3221],[-120.6656,48.3079],[-120.6583,48.2938],[-120.651,48.2796],[-120.6437,48.2654],[-120.6364,48.2512],[-120.6291,48.2371],[-120.6218,48.2229],[-120.6145,48.2087],[-120.6036,48.2017],[-120.5928,48.1946],[-120.5819,48.1875],[-120.5711,48.1804],[-120.5602,48.1734],[-120.5494,48.1663],[-120.5386,48.1592],[-120.5277,48.1521],[-120.5209,48.1409],[-120.5141,48.1296],[-120.5074,48.1183],[-120.5006,48.107],[-120.4938,48.0958],[-120.487,48.0845],[-120.4802,48.0732],[-120.4735,48.0619],[-120.4471,48.0533],[-120.4207,48.0447],[-120.3943,48.0361],[-120.3679,48.0275],[-120.3415,48.0189],[-120.3152,48.0102],[-120.2888,48.0016],[-120.2624,47.993],[-120.249,47.9858],[-120.2356,47.9786],[-120.2221,47.9715],[-120.2087,47.9643],[-120.2053,47.9412],[-120.202,47.9181],[-120.1986,47.895],[-120.1953,47.8719],[-120.1801,47.8674],[-120.1649,47.863],[-120.1497,47.8586],[-120.1345,47.8541],[-120.1194,47.8497],[-120.1042,47.8452],[-120.089,47.8408],[-120.0738,47.8363],[-120.0568,47.8366],[-120.0398,47.8368],[-120.0227,47.837],[-120.0057,47.8372],[-119.9917,47.8202],[-119.9777,47.8031],[-119.9699,47.8152],[-119.9622,47.8273],[-119.9545,47.8394],[-119.9467,47.8515],[-119.939,47.8636],[-119.9313,47.8757],[-119.9235,47.8877],[-119.9158,47.8998],[-119.9023,47.9119],[-119.8889,47.9239],[-119.8754,47.9359],[-119.8619,47.9479],[-119.8799,47.9344],[-119.8978,47.9209],[-119.9149,47.9329],[-119.9319,47.9449],[-119.949,47.9569],[-119.966,47.9689],[-119.9917,47.9774],[-120.0173,47.986],[-120.0429,47.9945],[-120.0686,48.003],[-120.0885,48.0177],[-120.1084,48.0325],[-120.1284,48.0472],[-120.1483,48.0619],[-120.1616,48.0679],[-120.1749,48.0738],[-120.1882,48.0798],[-120.2015,48.0858],[-120.2148,48.0918],[-120.2281,48.0978],[-120.2414,48.1038],[-120.2547,48.1098],[-120.268,48.1157],[-120.2813,48.1217],[-120.2947,48.1277],[-120.308,48.1337],[-120.3213,48.1396],[-120.3346,48.1456],[-120.348,48.1516],[-120.3613,48.1576],[-120.3538,48.1788],[-120.3463,48.2],[-120.3578,48.2107],[-120.3693,48.2213],[-120.3808,48.232],[-120.3923,48.2427],[-120.4116,48.2507],[-120.431,48.2587],[-120.4503,48.2667],[-120.4697,48.2747],[-120.4891,48.2827],[-120.5084,48.2907],[-120.5278,48.2987],[-120.5472,48.3067]]]},"properties":{"OBJECTID":234,"state":"Washington","agency":"Washington Department of Fish and Game","unit_type":"GMU","unit_id":"243","unit_name":"Manson","unit_label":"Washington GMU 243 - Manson","aliases":"2025 | 243 | 243 manson | game management unit | game management unit 243 | game management unit 243 manson | gmu | gmu 243 | gmu 243 manson | hunt unit | hunt unit 243 | hunt unit 243 manson | hunting unit | hunting unit 243 | hunting unit 243 manson |","year":"2025","Shape_Length":190381.42079813976,"Shape_Area":924218677.7267001}},{"type":"Feature","id":235,"geometry":{"type":"MultiPolygon","coordinates":[[[[-124.1018,48.2169],[-124.1219,48.2217],[-124.1421,48.2266],[-124.1623,48.2315],[-124.1824,48.2363],[-124.2026,48.2412],[-124.2228,48.246],[-124.243,48.2509],[-124.2632,48.2557],[-124.2559,48.2447],[-124.2486,48.2337],[-124.2413,48.2227],[-124.234,48.2116],[-124.2267,48.2006],[-124.2194,48.1896],[-124.2121,48.1785],[-124.2048,48.1675],[-124.2143,48.1553],[-124.2239,48.1432],[-124.2334,48.131],[-124.2429,48.1188],[-124.2524,48.1067],[-124.2619,48.0945],[-124.2714,48.0823],[-124.2809,48.0701],[-124.2616,48.069],[-124.2423,48.0679],[-124.2229,48.0668],[-124.2036,48.0657],[-124.1843,48.0645],[-124.165,48.0634],[-124.1456,48.0623],[-124.1263,48.0611],[-124.1078,48.0626],[-124.0894,48.0641],[-124.0709,48.0656],[-124.0524,48.067],[-124.0339,48.0685],[-124.0154,48.07],[-123.9969,48.0714],[-123.9784,48.0729],[-123.9562,48.0798],[-123.934,48.0866],[-123.9183,48.0851],[-123.9027,48.0836],[-123.887,48.0822],[-123.8713,48.0807],[-123.8557,48.0792],[-123.84,48.0777],[-123.8244,48.0762],[-123.8087,48.0747],[-123.7921,48.0809],[-123.7755,48.0872],[-123.7588,48.0934],[-123.7422,48.0996],[-123.7435,48.0566],[-123.7247,48.0549],[-123.706,48.0531],[-123.6873,48.0514],[-123.6686,48.0497],[-123.6499,48.0479],[-123.6311,48.0462],[-123.6124,48.0445],[-123.5937,48.0427],[-123.5858,48.054],[-123.578,48.0653],[-123.578,48.0653],[-123.5703,48.0753],[-123.5626,48.0854],[-123.5668,48.086],[-123.5591,48.0987],[-123.5514,48.1114],[-123.5532,48.112],[-123.5546,48.1251],[-123.5581,48.1261],[-123.5523,48.1334],[-123.5552,48.1343],[-123.5619,48.1396],[-123.565,48.1401],[-123.5665,48.1466],[-123.5665,48.1466],[-123.593,48.1506],[-123.6195,48.1547],[-123.6459,48.1587],[-123.6724,48.1627],[-123.6967,48.1617],[-123.721,48.1608],[-123.7453,48.1598],[-123.7696,48.1588],[-123.7938,48.1578],[-123.8181,48.1568],[-123.8424,48.1558],[-123.8667,48.1548],[-123.8897,48.1577],[-123.9127,48.1605],[-123.9357,48.1634],[-123.9587,48.1663],[-123.9817,48.1692],[-124.0047,48.172],[-124.0277,48.1749],[-124.0507,48.1777],[-124.0654,48.1843],[-124.0801,48.1908],[-124.0948,48.1973],[-124.1095,48.2038],[-124.1097,48.2049],[-124.1018,48.2169]]],[[[-124.1065,48.2043],[-124.1083,48.2063],[-124.1087,48.2039],[-124.1065,48.2043]]]]},"properties":{"OBJECTID":235,"state":"Washington","agency":"Washington Department of Fish and Game","unit_type":"GMU","unit_id":"603","unit_name":"Pysht","unit_label":"Washington GMU 603 - Pysht","aliases":"2025 | 603 | 603 pysht | game management unit | game management unit 603 | game management unit 603 pysht | gmu | gmu 603 | gmu 603 pysht | hunt unit | hunt unit 603 | hunt unit 603 pysht | hunting unit | hunting unit 603 | hunting unit 603 pysht | pysht","year":"2025","Shape_Length":151165.52158297953,"Shape_Area":614532533.3825427}},{"type":"Feature","id":236,"geometry":{"type":"Polygon","coordinates":[[[-124.2632,48.2557],[-124.2876,48.2625],[-124.3121,48.2693],[-124.3366,48.2761],[-124.361,48.2829],[-124.3465,48.2674],[-124.36,48.2564],[-124.3735,48.2454],[-124.387,48.2344],[-124.4005,48.2234],[-124.414,48.2124],[-124.4275,48.2014],[-124.441,48.1904],[-124.4545,48.1794],[-124.4766,48.1739],[-124.4987,48.1685],[-124.5208,48.1631],[-124.5429,48.1577],[-124.565,48.1522],[-124.5871,48.1468],[-124.6092,48.1413],[-124.6313,48.1359],[-124.6142,48.1287],[-124.5971,48.1215],[-124.6028,48.1003],[-124.6084,48.0791],[-124.6141,48.058],[-124.6197,48.0368],[-124.6418,48.0486],[-124.6639,48.0603],[-124.6641,47.9974],[-124.6549,47.9844],[-124.6456,47.9714],[-124.6363,47.9584],[-124.6271,47.9453],[-124.6178,47.9323],[-124.6085,47.9193],[-124.5993,47.9063],[-124.59,47.8933],[-124.5667,47.9025],[-124.5434,47.9118],[-124.5201,47.9211],[-124.4968,47.9304],[-124.4734,47.9396],[-124.4501,47.9489],[-124.4267,47.9581],[-124.4034,47.9674],[-124.3991,47.9841],[-124.3948,48.0009],[-124.3905,48.0176],[-124.3862,48.0344],[-124.3599,48.0433],[-124.3336,48.0523],[-124.3072,48.0612],[-124.2809,48.0701],[-124.2714,48.0823],[-124.2619,48.0945],[-124.2524,48.1067],[-124.2429,48.1188],[-124.2334,48.131],[-124.2239,48.1432],[-124.2143,48.1553],[-124.2048,48.1675],[-124.2121,48.1785],[-124.2194,48.1896],[-124.2267,48.2006],[-124.234,48.2116],[-124.2413,48.2227],[-124.2486,48.2337],[-124.2559,48.2447],[-124.2632,48.2557]]]},"properties":{"OBJECTID":236,"state":"Washington","agency":"Washington Department of Fish and Game","unit_type":"GMU","unit_id":"602","unit_name":"Dickey","unit_label":"Washington GMU 602 - Dickey","aliases":"2025 | 602 | 602 dickey | dickey | game management unit | game management unit 602 | game management unit 602 dickey | gmu | gmu 602 | gmu 602 dickey | hunt unit | hunt unit 602 | hunt unit 602 dickey | hunting unit | hunting unit 602 | hunting unit 602","year":"2025","Shape_Length":128544.17559765735,"Shape_Area":735083716.8960365}},{"type":"Feature","id":237,"geometry":{"type":"Polygon","coordinates":[[[-121.1868,48.2422],[-121.2143,48.2461],[-121.2418,48.25],[-121.2693,48.2539],[-121.2967,48.2579],[-121.3242,48.2617],[-121.3517,48.2656],[-121.3792,48.2695],[-121.4068,48.2734],[-121.4205,48.2937],[-121.4342,48.3139],[-121.4479,48.3341],[-121.4616,48.3544],[-121.48,48.3608],[-121.4985,48.3673],[-121.5115,48.3533],[-121.5244,48.3393],[-121.5374,48.3253],[-121.5503,48.3113],[-121.5633,48.2973],[-121.5762,48.2833],[-121.5892,48.2693],[-121.6021,48.2553],[-121.6258,48.2642],[-121.6494,48.273],[-121.671,48.2731],[-121.6927,48.2732],[-121.7144,48.2733],[-121.736,48.2734],[-121.7577,48.2735],[-121.7794,48.2736],[-121.801,48.2736],[-121.8227,48.2737],[-121.8443,48.2738],[-121.866,48.2739],[-121.8877,48.2739],[-121.9093,48.274],[-121.931,48.2741],[-121.9527,48.2741],[-121.9743,48.2742],[-121.996,48.2743],[-122.0124,48.2648],[-122.0287,48.2553],[-122.0451,48.2458],[-122.0615,48.2363],[-122.0401,48.232],[-122.0187,48.2277],[-121.9973,48.2234],[-121.976,48.2191],[-121.997,48.2053],[-122.0181,48.1916],[-122.0391,48.1778],[-122.0601,48.164],[-122.0456,48.1529],[-122.031,48.1418],[-122.0165,48.1307],[-122.002,48.1196],[-121.9875,48.1085],[-121.9729,48.0974],[-121.9584,48.0864],[-121.9439,48.0753],[-121.937,48.0596],[-121.9301,48.0439],[-121.9232,48.0282],[-121.9163,48.0125],[-121.9094,47.9969],[-121.9025,47.9812],[-121.8956,47.9655],[-121.8887,47.9498],[-121.8967,47.9311],[-121.9047,47.9123],[-121.9127,47.8935],[-121.9207,47.8747],[-121.9431,47.8664],[-121.9656,47.8582],[-121.94,47.8564],[-121.9144,47.8546],[-121.8888,47.8528],[-121.8632,47.851],[-121.8451,47.8528],[-121.827,47.8546],[-121.8088,47.8563],[-121.7907,47.8581],[-121.7726,47.8598],[-121.7545,47.8616],[-121.7364,47.8633],[-121.7182,47.8651],[-121.7031,47.8588],[-121.688,47.8524],[-121.6729,47.8461],[-121.6577,47.8398],[-121.6426,47.8334],[-121.6275,47.8271],[-121.6124,47.8208],[-121.5973,47.8144],[-121.5771,47.8117],[-121.557,47.8089],[-121.5369,47.8062],[-121.5168,47.8034],[-121.5028,47.7908],[-121.4887,47.7782],[-121.4747,47.7656],[-121.4607,47.7529],[-121.4371,47.7423],[-121.4134,47.7316],[-121.3897,47.721],[-121.3661,47.7103],[-121.3404,47.7104],[-121.3146,47.7105],[-121.2889,47.7105],[-121.2631,47.7106],[-121.2373,47.7106],[-121.2116,47.7107],[-121.1858,47.7107],[-121.1601,47.7108],[-121.1421,47.7197],[-121.1241,47.7287],[-121.1061,47.7377],[-121.088,47.7466],[-121.0937,47.786],[-121.0993,47.8254],[-121.114,47.8195],[-121.1288,47.8136],[-121.1435,47.8076],[-121.1582,47.8017],[-121.1724,47.8129],[-121.1866,47.8242],[-121.2009,47.8354],[-121.2151,47.8467],[-121.2293,47.8579],[-121.2435,47.8691],[-121.2578,47.8804],[-121.272,47.8916],[-121.2437,47.89],[-121.2154,47.8883],[-121.2256,47.9062],[-121.2358,47.924],[-121.246,47.9419],[-121.2562,47.9598],[-121.2401,47.9716],[-121.224,47.9834],[-121.2079,47.9952],[-121.1918,48.007],[-121.2125,48.0136],[-121.2333,48.0202],[-121.254,48.0268],[-121.2748,48.0334],[-121.2703,48.0547],[-121.2657,48.0759],[-121.2768,48.0862],[-121.2879,48.0965],[-121.299,48.1068],[-121.3101,48.1171],[-121.3346,48.1147],[-121.3591,48.1122],[-121.368,48.1236],[-121.3769,48.1349],[-121.3858,48.1463],[-121.3947,48.1576],[-121.3778,48.1562],[-121.3609,48.1547],[-121.344,48.1532],[-121.3271,48.1517],[-121.3102,48.1502],[-121.2932,48.1487],[-121.2763,48.1472],[-121.2594,48.1458],[-121.2732,48.1602],[-121.287,48.1746],[-121.3009,48.189],[-121.3147,48.2034],[-121.2987,48.2082],[-121.2827,48.2131],[-121.2667,48.2179],[-121.2508,48.2228],[-121.2348,48.2276],[-121.2188,48.2325],[-121.2028,48.2373],[-121.1868,48.2422]]]},"properties":{"OBJECTID":237,"state":"Washington","agency":"Washington Department of Fish and Game","unit_type":"GMU","unit_id":"448","unit_name":"Stillaguamish","unit_label":"Washington GMU 448 - Stillaguamish","aliases":"2025 | 448 | 448 stillaguamish | game management unit | game management unit 448 | game management unit 448 stillaguamish | gmu | gmu 448 | gmu 448 stillaguamish | hunt unit | hunt unit 448 | hunt unit 448 stillaguamish | hunting unit | hunting unit 448","year":"2025","Shape_Length":311688.8872752348,"Shape_Area":2934905796.087316}},{"type":"Feature","id":238,"geometry":{"type":"Polygon","coordinates":[[[-122.4887,47.9118],[-122.5131,47.923],[-122.5374,47.9343],[-122.5617,47.9455],[-122.5861,47.9568],[-122.5978,47.9698],[-122.6096,47.9828],[-122.6214,47.9958],[-122.6332,48.0088],[-122.6389,48.0377],[-122.6447,48.0667],[-122.6504,48.0956],[-122.6562,48.1245],[-122.6778,48.1347],[-122.6995,48.1448],[-122.7211,48.155],[-122.7428,48.1652],[-122.7645,48.1753],[-122.7861,48.1855],[-122.8078,48.1956],[-122.8295,48.2058],[-122.8388,48.2182],[-122.8481,48.2307],[-122.8574,48.2431],[-122.8667,48.2555],[-122.8647,48.3128],[-122.8628,48.3701],[-122.8869,48.3648],[-122.911,48.3595],[-122.9351,48.3541],[-122.9592,48.3488],[-122.9833,48.3435],[-123.0074,48.3381],[-123.0314,48.3328],[-123.0555,48.3274],[-123.0796,48.3221],[-123.1037,48.3167],[-123.1277,48.3113],[-123.1518,48.306],[-123.1759,48.3006],[-123.1999,48.2952],[-123.224,48.2898],[-123.248,48.2845],[-123.2664,48.2807],[-123.2847,48.277],[-123.303,48.2733],[-123.3214,48.2695],[-123.3397,48.2658],[-123.358,48.2621],[-123.3764,48.2583],[-123.3947,48.2546],[-123.413,48.2508],[-123.4313,48.2471],[-123.4496,48.2433],[-123.468,48.2396],[-123.4863,48.2358],[-123.5046,48.2321],[-123.5229,48.2283],[-123.5412,48.2246],[-123.5475,48.2051],[-123.5539,48.1856],[-123.5602,48.1661],[-123.5665,48.1466],[-123.5665,48.1466],[-123.565,48.1401],[-123.5619,48.1396],[-123.5552,48.1343],[-123.5523,48.1334],[-123.5581,48.1261],[-123.5546,48.1251],[-123.5532,48.112],[-123.5514,48.1114],[-123.5591,48.0987],[-123.5668,48.086],[-123.5626,48.0854],[-123.5703,48.0753],[-123.578,48.0653],[-123.578,48.0653],[-123.5658,48.0741],[-123.5536,48.0828],[-123.5414,48.0915],[-123.5292,48.1003],[-123.5049,48.1048],[-123.4805,48.1093],[-123.4561,48.1138],[-123.4317,48.1183],[-123.4184,48.1128],[-123.4051,48.1074],[-123.4046,48.1072],[-123.4045,48.1072],[-123.3816,48.1082],[-123.3587,48.1091],[-123.3561,48.1031],[-123.3462,48.1064],[-123.3388,48.1013],[-123.3384,48.1012],[-123.3369,48.1005],[-123.3356,48.1],[-123.335,48.0998],[-123.3181,48.0978],[-123.3013,48.0958],[-123.2845,48.0937],[-123.2677,48.0917],[-123.2509,48.0897],[-123.2341,48.0877],[-123.2173,48.0856],[-123.2005,48.0836],[-123.1837,48.0816],[-123.1669,48.0796],[-123.1501,48.0775],[-123.1333,48.0755],[-123.1165,48.0735],[-123.0997,48.0714],[-123.0829,48.0694],[-123.0661,48.0673],[-123.0481,48.0545],[-123.0472,48.0542],[-123.0372,48.0458],[-123.0271,48.0375],[-123.0171,48.0291],[-123.007,48.0208],[-122.9922,48.0339],[-122.9774,48.0471],[-122.9527,48.0455],[-122.928,48.044],[-122.9034,48.0424],[-122.8787,48.0408],[-122.8762,48.0393],[-122.8762,48.0393],[-122.8809,47.9998],[-122.8825,47.9586],[-122.8841,47.9174],[-122.8857,47.8762],[-122.8874,47.835],[-122.8843,47.8126],[-122.8813,47.7902],[-122.8783,47.7677],[-122.8752,47.7453],[-122.8832,47.7259],[-122.8912,47.7064],[-122.8992,47.687],[-122.9072,47.6676],[-122.9258,47.6545],[-122.9445,47.6413],[-122.9632,47.6282],[-122.9818,47.615],[-122.9916,47.602],[-123.0014,47.5889],[-123.0112,47.5759],[-123.021,47.5629],[-123.0308,47.5498],[-123.0406,47.5368],[-123.0504,47.5238],[-123.0602,47.5107],[-123.07,47.4977],[-123.0798,47.4846],[-123.0896,47.4716],[-123.0993,47.4586],[-123.1091,47.4455],[-123.1189,47.4325],[-123.1286,47.4194],[-123.1384,47.4064],[-123.111,47.403],[-123.1023,47.4133],[-123.0935,47.4235],[-123.0847,47.4337],[-123.076,47.444],[-123.0672,47.4542],[-123.0584,47.4644],[-123.0496,47.4747],[-123.0408,47.4849],[-123.032,47.4951],[-123.0232,47.5053],[-123.0145,47.5156],[-123.0057,47.5258],[-122.9969,47.536],[-122.9881,47.5463],[-122.9792,47.5565],[-122.9704,47.5667],[-122.957,47.5805],[-122.9436,47.5943],[-122.9302,47.6081],[-122.9168,47.622],[-122.8963,47.6277],[-122.8758,47.6334],[-122.8553,47.6391],[-122.8349,47.6448],[-122.8144,47.6504],[-122.7939,47.6561],[-122.7734,47.6618],[-122.7529,47.6675],[-122.7482,47.719],[-122.7402,47.729],[-122.7322,47.7389],[-122.7242,47.7488],[-122.7162,47.7588],[-122.7082,47.7687],[-122.7001,47.7787],[-122.6921,47.7886],[-122.6841,47.7986],[-122.665,47.8131],[-122.6458,47.8277],[-122.6267,47.8423],[-122.6075,47.8569],[-122.5971,47.8478],[-122.5867,47.8388],[-122.5762,47.8297],[-122.5658,47.8207],[-122.5729,47.8464],[-122.58,47.8722],[-122.587,47.8979],[-122.5941,47.9237],[-122.5678,47.9207],[-122.5414,47.9177],[-122.5151,47.9148],[-122.4887,47.9118]]]},"properties":{"OBJECTID":238,"state":"Washington","agency":"Washington Department of Fish and Game","unit_type":"GMU","unit_id":"624","unit_name":"Coyle","unit_label":"Washington GMU 624 - Coyle","aliases":"2025 | 624 | 624 coyle | coyle | game management unit | game management unit 624 | game management unit 624 coyle | gmu | gmu 624 | gmu 624 coyle | hunt unit | hunt unit 624 | hunt unit 624 coyle | hunting unit | hunting unit 624 | hunting unit 624 coyle","year":"2025","Shape_Length":364078.2327474316,"Shape_Area":2322955076.277126}},{"type":"Feature","id":239,"geometry":{"type":"Polygon","coordinates":[[[-119.5935,48.3533],[-119.5936,48.3536],[-119.6039,48.343],[-119.6142,48.3325],[-119.6413,48.3289],[-119.6685,48.3252],[-119.6774,48.3342],[-119.6864,48.3433],[-119.6953,48.3523],[-119.7043,48.3613],[-119.7269,48.3648],[-119.7495,48.3683],[-119.7721,48.3718],[-119.7947,48.3754],[-119.8173,48.3789],[-119.8399,48.3824],[-119.8625,48.3859],[-119.8851,48.3894],[-119.9067,48.385],[-119.9283,48.3805],[-119.9499,48.3761],[-119.9716,48.3717],[-120.0004,48.3684],[-120.0076,48.3666],[-120.0252,48.3615],[-120.0429,48.3565],[-120.0605,48.3515],[-120.0782,48.3465],[-120.0683,48.3364],[-120.0639,48.2942],[-120.0764,48.2773],[-120.079,48.2741],[-120.0926,48.2648],[-120.1062,48.2554],[-120.1164,48.231],[-120.1266,48.2067],[-120.1118,48.1979],[-120.097,48.1892],[-120.0822,48.1805],[-120.0675,48.1718],[-120.0527,48.1631],[-120.0379,48.1543],[-120.0232,48.1456],[-120.0084,48.1369],[-120.0125,48.079],[-119.9979,48.0754],[-119.9832,48.0718],[-119.9685,48.0682],[-119.9538,48.0646],[-119.9392,48.061],[-119.9245,48.0574],[-119.9099,48.0538],[-119.8952,48.0502],[-119.8753,48.0562],[-119.8555,48.0621],[-119.8356,48.068],[-119.8157,48.0739],[-119.7958,48.0798],[-119.776,48.0857],[-119.7561,48.0916],[-119.7362,48.0975],[-119.7184,48.1118],[-119.7006,48.1261],[-119.6827,48.1403],[-119.6649,48.1546],[-119.6738,48.1641],[-119.6827,48.1736],[-119.6915,48.183],[-119.7004,48.1925],[-119.7093,48.202],[-119.7182,48.2115],[-119.7271,48.221],[-119.7359,48.2305],[-119.7283,48.2534],[-119.7206,48.2762],[-119.7069,48.2814],[-119.6932,48.2866],[-119.6796,48.2918],[-119.6659,48.2971],[-119.6522,48.3023],[-119.6386,48.3075],[-119.6249,48.3127],[-119.6112,48.3179],[-119.6075,48.3211],[-119.6005,48.3372],[-119.5935,48.3533]]]},"properties":{"OBJECTID":239,"state":"Washington","agency":"Washington Department of Fish and Game","unit_type":"GMU","unit_id":"239","unit_name":"Chiliwist","unit_label":"Washington GMU 239 - Chiliwist","aliases":"2025 | 239 | 239 chiliwist | chiliwist | game management unit | game management unit 239 | game management unit 239 chiliwist | gmu | gmu 239 | gmu 239 chiliwist | hunt unit | hunt unit 239 | hunt unit 239 chiliwist | hunting unit | hunting unit 239 | hu","year":"2025","Shape_Length":135254.70152993794,"Shape_Area":918180281.7747577}},{"type":"Feature","id":240,"geometry":{"type":"Polygon","coordinates":[[[-124.361,48.2829],[-124.3849,48.2918],[-124.4089,48.3007],[-124.4328,48.3095],[-124.4567,48.3184],[-124.4806,48.3273],[-124.5046,48.3361],[-124.5285,48.345],[-124.5525,48.3538],[-124.5544,48.3144],[-124.5564,48.2749],[-124.5839,48.275],[-124.6114,48.2751],[-124.639,48.2752],[-124.6665,48.2753],[-124.6709,48.252],[-124.6753,48.2288],[-124.6796,48.2055],[-124.684,48.1823],[-124.6708,48.1707],[-124.6576,48.1591],[-124.6444,48.1475],[-124.6313,48.1359],[-124.6092,48.1413],[-124.5871,48.1468],[-124.565,48.1522],[-124.5429,48.1577],[-124.5208,48.1631],[-124.4987,48.1685],[-124.4766,48.1739],[-124.4545,48.1794],[-124.441,48.1904],[-124.4275,48.2014],[-124.414,48.2124],[-124.4005,48.2234],[-124.387,48.2344],[-124.3735,48.2454],[-124.36,48.2564],[-124.3465,48.2674],[-124.361,48.2829]]]},"properties":{"OBJECTID":240,"state":"Washington","agency":"Washington Department of Fish and Game","unit_type":"GMU","unit_id":"601","unit_name":"Hoko","unit_label":"Washington GMU 601 - Hoko","aliases":"2025 | 601 | 601 hoko | game management unit | game management unit 601 | game management unit 601 hoko | gmu | gmu 601 | gmu 601 hoko | hoko | hunt unit | hunt unit 601 | hunt unit 601 hoko | hunting unit | hunting unit 601 | hunting unit 601 hoko | uni","year":"2025","Shape_Length":78835.40054048557,"Shape_Area":331192979.6651156}},{"type":"Feature","id":241,"geometry":{"type":"Polygon","coordinates":[[[-122.6081,48.4113],[-122.6363,48.4062],[-122.6646,48.4011],[-122.6688,48.3784],[-122.673,48.3557],[-122.6851,48.3393],[-122.6973,48.323],[-122.7095,48.3066],[-122.7217,48.2902],[-122.7338,48.2738],[-122.746,48.2574],[-122.7581,48.241],[-122.7703,48.2246],[-122.7588,48.2158],[-122.7473,48.2071],[-122.7359,48.1983],[-122.7244,48.1895],[-122.7129,48.1807],[-122.7015,48.1719],[-122.69,48.1631],[-122.6786,48.1543],[-122.6628,48.1552],[-122.6469,48.1561],[-122.6311,48.157],[-122.6153,48.1579],[-122.6112,48.0944],[-122.607,48.0308],[-122.5912,48.0259],[-122.5753,48.0209],[-122.5595,48.016],[-122.5436,48.011],[-122.5278,48.0061],[-122.512,48.0011],[-122.4961,47.9962],[-122.4803,47.9912],[-122.468,47.9721],[-122.4557,47.9529],[-122.4435,47.9337],[-122.4312,47.9146],[-122.4057,47.9097],[-122.3802,47.9048],[-122.3725,47.9183],[-122.3649,47.9317],[-122.3572,47.9452],[-122.3496,47.9587],[-122.3562,47.9776],[-122.3629,47.9965],[-122.3696,48.0153],[-122.3763,48.0342],[-122.3912,48.0419],[-122.4061,48.0496],[-122.421,48.0572],[-122.4358,48.0649],[-122.4507,48.0726],[-122.4656,48.0802],[-122.4806,48.0879],[-122.4955,48.0956],[-122.5014,48.077],[-122.5074,48.0585],[-122.5133,48.04],[-122.5193,48.0215],[-122.5325,48.0419],[-122.5457,48.0623],[-122.5589,48.0827],[-122.5721,48.1031],[-122.5678,48.1479],[-122.583,48.1666],[-122.5983,48.1852],[-122.6135,48.2038],[-122.6288,48.2224],[-122.6521,48.2203],[-122.6755,48.2181],[-122.6988,48.216],[-122.7221,48.2139],[-122.7057,48.222],[-122.6893,48.2302],[-122.6729,48.2384],[-122.6565,48.2465],[-122.6635,48.2766],[-122.644,48.2809],[-122.6246,48.2852],[-122.6051,48.2895],[-122.5856,48.2938],[-122.5661,48.2982],[-122.5466,48.3025],[-122.5271,48.3068],[-122.5076,48.3111],[-122.5302,48.3227],[-122.5528,48.3344],[-122.5755,48.346],[-122.5981,48.3576],[-122.6031,48.3845],[-122.6081,48.4113]]]},"properties":{"OBJECTID":241,"state":"Washington","agency":"Washington Department of Fish and Game","unit_type":"GMU","unit_id":"420","unit_name":"Whidbey","unit_label":"Washington GMU 420 - Whidbey","aliases":"2025 | 420 | 420 whidbey | game management unit | game management unit 420 | game management unit 420 whidbey | gmu | gmu 420 | gmu 420 whidbey | hunt unit | hunt unit 420 | hunt unit 420 whidbey | hunting unit | hunting unit 420 | hunting unit 420 whidb","year":"2025","Shape_Length":180406.16221354846,"Shape_Area":433477901.23616743}},{"type":"Feature","id":242,"geometry":{"type":"Polygon","coordinates":[[[-120.6659,48.4515],[-120.6882,48.4439],[-120.7105,48.4363],[-120.7327,48.4286],[-120.755,48.421],[-120.7772,48.4134],[-120.7995,48.4058],[-120.8217,48.3982],[-120.8439,48.3905],[-120.8547,48.3694],[-120.8689,48.3622],[-120.8831,48.355],[-120.8973,48.3479],[-120.9115,48.3407],[-120.9153,48.323],[-120.9191,48.3052],[-120.9229,48.2875],[-120.9267,48.2698],[-120.9305,48.2521],[-120.9342,48.2343],[-120.9418,48.1989],[-120.965,48.1955],[-120.9882,48.192],[-121.0114,48.1886],[-121.0346,48.1852],[-121.0578,48.1818],[-121.081,48.1783],[-121.1042,48.1749],[-121.1274,48.1715],[-121.1389,48.1649],[-121.1503,48.1584],[-121.1617,48.1519],[-121.1731,48.1453],[-121.1678,48.1266],[-121.1625,48.1079],[-121.1572,48.0891],[-121.1519,48.0704],[-121.1648,48.0572],[-121.1777,48.0439],[-121.1636,48.0293],[-121.1495,48.0148],[-121.1355,48.0002],[-121.1214,47.9856],[-121.111,47.9751],[-121.1007,47.9645],[-121.0903,47.9539],[-121.08,47.9434],[-121.0696,47.9328],[-121.0593,47.9222],[-121.0489,47.9117],[-121.0386,47.9011],[-121.0218,47.8986],[-121.0051,47.896],[-120.9883,47.8934],[-120.9716,47.8909],[-120.962,47.9129],[-120.9523,47.9349],[-120.9427,47.9569],[-120.933,47.9789],[-120.9214,47.9672],[-120.9097,47.9555],[-120.898,47.9438],[-120.8864,47.9321],[-120.8747,47.9204],[-120.8631,47.9087],[-120.8514,47.897],[-120.8398,47.8853],[-120.8239,47.8935],[-120.808,47.9018],[-120.817,47.9155],[-120.8259,47.9293],[-120.8348,47.943],[-120.8437,47.9567],[-120.8526,47.9705],[-120.8615,47.9842],[-120.8704,47.998],[-120.8794,48.0117],[-120.8536,48.0139],[-120.8278,48.016],[-120.8357,48.0321],[-120.8435,48.0482],[-120.8514,48.0642],[-120.8593,48.0803],[-120.845,48.0987],[-120.8308,48.1171],[-120.8199,48.1056],[-120.8091,48.0941],[-120.7982,48.0826],[-120.7874,48.0712],[-120.7919,48.0189],[-120.7699,48.0307],[-120.7478,48.0424],[-120.7258,48.0542],[-120.7038,48.066],[-120.6913,48.0749],[-120.6788,48.0838],[-120.6663,48.0927],[-120.6538,48.1016],[-120.6412,48.1105],[-120.6287,48.1194],[-120.6162,48.1283],[-120.6037,48.1372],[-120.5847,48.141],[-120.5657,48.1447],[-120.5467,48.1484],[-120.5277,48.1521],[-120.5386,48.1592],[-120.5494,48.1663],[-120.5602,48.1734],[-120.5711,48.1804],[-120.5819,48.1875],[-120.5928,48.1946],[-120.6036,48.2017],[-120.6145,48.2087],[-120.6218,48.2229],[-120.6291,48.2371],[-120.6364,48.2512],[-120.6437,48.2654],[-120.651,48.2796],[-120.6583,48.2938],[-120.6656,48.3079],[-120.6729,48.3221],[-120.6601,48.308],[-120.6472,48.294],[-120.6343,48.2799],[-120.6215,48.2658],[-120.6029,48.2761],[-120.5844,48.2863],[-120.5658,48.2965],[-120.5472,48.3067],[-120.5537,48.3339],[-120.5602,48.361],[-120.5826,48.3703],[-120.6051,48.3796],[-120.6275,48.3889],[-120.6499,48.3981],[-120.6579,48.4248],[-120.6659,48.4515]]]},"properties":{"OBJECTID":242,"state":"Washington","agency":"Washington Department of Fish and Game","unit_type":"GMU","unit_id":"244","unit_name":"Clark","unit_label":"Washington GMU 244 - Clark","aliases":"2025 | 244 | 244 clark | clark | game management unit | game management unit 244 | game management unit 244 clark | gmu | gmu 244 | gmu 244 clark | hunt unit | hunt unit 244 | hunt unit 244 clark | hunting unit | hunting unit 244 | hunting unit 244 clark","year":"2025","Shape_Length":241687.61866226813,"Shape_Area":1466631473.3178754}},{"type":"Feature","id":243,"geometry":{"type":"Polygon","coordinates":[[[-120.1225,48.3652],[-120.1333,48.3653],[-120.1551,48.3711],[-120.1574,48.3715],[-120.1835,48.374],[-120.2096,48.3765],[-120.2308,48.374],[-120.252,48.3714],[-120.2733,48.3689],[-120.2945,48.3663],[-120.3157,48.3638],[-120.3369,48.3612],[-120.3581,48.3587],[-120.3793,48.3561],[-120.4018,48.3691],[-120.4243,48.3821],[-120.4468,48.3951],[-120.4693,48.4081],[-120.4918,48.421],[-120.5143,48.434],[-120.5369,48.447],[-120.5594,48.46],[-120.5803,48.4614],[-120.6012,48.4628],[-120.6221,48.4642],[-120.643,48.4655],[-120.6545,48.4585],[-120.6659,48.4515],[-120.6579,48.4248],[-120.6499,48.3981],[-120.6275,48.3889],[-120.6051,48.3796],[-120.5826,48.3703],[-120.5602,48.361],[-120.5537,48.3339],[-120.5472,48.3067],[-120.5278,48.2987],[-120.5084,48.2907],[-120.4891,48.2827],[-120.4697,48.2747],[-120.4503,48.2667],[-120.431,48.2587],[-120.4116,48.2507],[-120.3923,48.2427],[-120.3808,48.232],[-120.3693,48.2213],[-120.3578,48.2107],[-120.3463,48.2],[-120.3538,48.1788],[-120.3613,48.1576],[-120.348,48.1516],[-120.3346,48.1456],[-120.3213,48.1396],[-120.308,48.1337],[-120.2947,48.1277],[-120.2813,48.1217],[-120.268,48.1157],[-120.2547,48.1098],[-120.2414,48.1038],[-120.2281,48.0978],[-120.2148,48.0918],[-120.2015,48.0858],[-120.1882,48.0798],[-120.1749,48.0738],[-120.1616,48.0679],[-120.1483,48.0619],[-120.1284,48.0472],[-120.1084,48.0325],[-120.0885,48.0177],[-120.0686,48.003],[-120.0429,47.9945],[-120.0173,47.986],[-119.9917,47.9774],[-119.966,47.9689],[-119.949,47.9569],[-119.9319,47.9449],[-119.9149,47.9329],[-119.8978,47.9209],[-119.8799,47.9344],[-119.8619,47.9479],[-119.8706,47.9605],[-119.8767,47.9829],[-119.8829,48.0053],[-119.889,48.0278],[-119.8952,48.0502],[-119.9099,48.0538],[-119.9245,48.0574],[-119.9392,48.061],[-119.9538,48.0646],[-119.9685,48.0682],[-119.9832,48.0718],[-119.9979,48.0754],[-120.0125,48.079],[-120.0084,48.1369],[-120.0232,48.1456],[-120.0379,48.1543],[-120.0527,48.1631],[-120.0675,48.1718],[-120.0822,48.1805],[-120.097,48.1892],[-120.1118,48.1979],[-120.1266,48.2067],[-120.1164,48.231],[-120.1062,48.2554],[-120.0926,48.2648],[-120.079,48.2741],[-120.0764,48.2773],[-120.0639,48.2942],[-120.0683,48.3364],[-120.0782,48.3465],[-120.0909,48.3519],[-120.1037,48.3574],[-120.1225,48.3652]]]},"properties":{"OBJECTID":243,"state":"Washington","agency":"Washington Department of Fish and Game","unit_type":"GMU","unit_id":"242","unit_name":"Alta","unit_label":"Washington GMU 242 - Alta","aliases":"2025 | 242 | 242 alta | alta | game management unit | game management unit 242 | game management unit 242 alta | gmu | gmu 242 | gmu 242 alta | hunt unit | hunt unit 242 | hunt unit 242 alta | hunting unit | hunting unit 242 | hunting unit 242 alta | uni","year":"2025","Shape_Length":197902.83393780715,"Shape_Area":1115696913.2620592}},{"type":"Feature","id":244,"geometry":{"type":"Polygon","coordinates":[[[-121.1561,48.4756],[-121.1814,48.4747],[-121.2068,48.4738],[-121.2322,48.4729],[-121.2575,48.4719],[-121.2829,48.471],[-121.3082,48.4701],[-121.3336,48.4692],[-121.3589,48.4682],[-121.3559,48.3937],[-121.3839,48.4017],[-121.4118,48.4096],[-121.4049,48.3775],[-121.3981,48.3453],[-121.3792,48.337],[-121.3603,48.3287],[-121.3414,48.3203],[-121.3226,48.312],[-121.3261,48.2913],[-121.3295,48.2706],[-121.3117,48.2733],[-121.2939,48.2761],[-121.2761,48.2788],[-121.2583,48.2815],[-121.2404,48.2717],[-121.2225,48.2618],[-121.2047,48.252],[-121.1868,48.2422],[-121.2028,48.2373],[-121.2188,48.2325],[-121.2348,48.2276],[-121.2508,48.2228],[-121.2667,48.2179],[-121.2827,48.2131],[-121.2987,48.2082],[-121.3147,48.2034],[-121.3009,48.189],[-121.287,48.1746],[-121.2732,48.1602],[-121.2594,48.1458],[-121.2763,48.1472],[-121.2932,48.1487],[-121.3102,48.1502],[-121.3271,48.1517],[-121.344,48.1532],[-121.3609,48.1547],[-121.3778,48.1562],[-121.3947,48.1576],[-121.3858,48.1463],[-121.3769,48.1349],[-121.368,48.1236],[-121.3591,48.1122],[-121.3346,48.1147],[-121.3101,48.1171],[-121.299,48.1068],[-121.2879,48.0965],[-121.2768,48.0862],[-121.2657,48.0759],[-121.2703,48.0547],[-121.2748,48.0334],[-121.254,48.0268],[-121.2333,48.0202],[-121.2125,48.0136],[-121.1918,48.007],[-121.2079,47.9952],[-121.224,47.9834],[-121.2401,47.9716],[-121.2562,47.9598],[-121.246,47.9419],[-121.2358,47.924],[-121.2256,47.9062],[-121.2154,47.8883],[-121.2437,47.89],[-121.272,47.8916],[-121.2578,47.8804],[-121.2435,47.8691],[-121.2293,47.8579],[-121.2151,47.8467],[-121.2009,47.8354],[-121.1866,47.8242],[-121.1724,47.8129],[-121.1582,47.8017],[-121.1435,47.8076],[-121.1288,47.8136],[-121.114,47.8195],[-121.0993,47.8254],[-121.1131,47.8306],[-121.127,47.8358],[-121.1408,47.8409],[-121.1546,47.8461],[-121.1623,47.8651],[-121.1699,47.8841],[-121.1775,47.9031],[-121.1851,47.9222],[-121.1692,47.938],[-121.1533,47.9539],[-121.1373,47.9698],[-121.1214,47.9856],[-121.1355,48.0002],[-121.1495,48.0148],[-121.1636,48.0293],[-121.1777,48.0439],[-121.1648,48.0572],[-121.1519,48.0704],[-121.1572,48.0891],[-121.1625,48.1079],[-121.1678,48.1266],[-121.1731,48.1453],[-121.1617,48.1519],[-121.1503,48.1584],[-121.1389,48.1649],[-121.1274,48.1715],[-121.1042,48.1749],[-121.081,48.1783],[-121.0578,48.1818],[-121.0346,48.1852],[-121.0114,48.1886],[-120.9882,48.192],[-120.965,48.1955],[-120.9418,48.1989],[-120.9342,48.2343],[-120.9305,48.2521],[-120.9267,48.2698],[-120.9229,48.2875],[-120.9191,48.3052],[-120.9153,48.323],[-120.9115,48.3407],[-120.8973,48.3479],[-120.8831,48.355],[-120.8689,48.3622],[-120.8547,48.3694],[-120.8646,48.3884],[-120.8745,48.4075],[-120.8952,48.4036],[-120.9158,48.3998],[-120.9364,48.3959],[-120.9571,48.3921],[-120.957,48.4322],[-120.977,48.4322],[-120.997,48.4322],[-121.017,48.4321],[-121.037,48.4321],[-121.0519,48.4375],[-121.0668,48.443],[-121.0817,48.4484],[-121.0965,48.4538],[-121.1114,48.4593],[-121.1263,48.4647],[-121.1412,48.4701],[-121.1561,48.4756]]]},"properties":{"OBJECTID":244,"state":"Washington","agency":"Washington Department of Fish and Game","unit_type":"GMU","unit_id":"450","unit_name":"Cascade","unit_label":"Washington GMU 450 - Cascade","aliases":"2025 | 450 | 450 cascade | cascade | game management unit | game management unit 450 | game management unit 450 cascade | gmu | gmu 450 | gmu 450 cascade | hunt unit | hunt unit 450 | hunt unit 450 cascade | hunting unit | hunting unit 450 | hunting unit","year":"2025","Shape_Length":264601.1897074466,"Shape_Area":1234720713.9632816}},{"type":"Feature","id":245,"geometry":{"type":"Polygon","coordinates":[[[-122.8146,48.5245],[-122.8181,48.4811],[-122.8007,48.4962],[-122.7832,48.5114],[-122.7989,48.5179],[-122.8146,48.5245]]]},"properties":{"OBJECTID":245,"state":"Washington","agency":"Washington Department of Fish and Game","unit_type":"GMU","unit_id":"416","unit_name":"Decatur","unit_label":"Washington GMU 416 - Decatur","aliases":"2025 | 416 | 416 decatur | decatur | game management unit | game management unit 416 | game management unit 416 decatur | gmu | gmu 416 | gmu 416 decatur | hunt unit | hunt unit 416 | hunt unit 416 decatur | hunting unit | hunting unit 416 | hunting unit","year":"2025","Shape_Length":11767.48946008685,"Shape_Area":5784346.051554852}},{"type":"Feature","id":246,"geometry":{"type":"Polygon","coordinates":[[[-122.8838,48.5726],[-122.8915,48.5592],[-122.8992,48.5458],[-122.907,48.5324],[-122.9147,48.519],[-122.9224,48.5056],[-122.9301,48.4922],[-122.9378,48.4788],[-122.9455,48.4654],[-122.9289,48.4599],[-122.9124,48.4544],[-122.8958,48.4489],[-122.8793,48.4434],[-122.8628,48.4379],[-122.8462,48.4324],[-122.8297,48.4269],[-122.8132,48.4214],[-122.8208,48.4318],[-122.8284,48.4423],[-122.836,48.4527],[-122.8437,48.4631],[-122.8513,48.4736],[-122.8589,48.484],[-122.8666,48.4945],[-122.8742,48.5049],[-122.879,48.5387],[-122.8838,48.5726]]]},"properties":{"OBJECTID":246,"state":"Washington","agency":"Washington Department of Fish and Game","unit_type":"GMU","unit_id":"414","unit_name":"Lopez","unit_label":"Washington GMU 414 - Lopez","aliases":"2025 | 414 | 414 lopez | game management unit | game management unit 414 | game management unit 414 lopez | gmu | gmu 414 | gmu 414 lopez | hunt unit | hunt unit 414 | hunt unit 414 lopez | hunting unit | hunting unit 414 | hunting unit 414 lopez | lopez","year":"2025","Shape_Length":41414.765684670565,"Shape_Area":55756458.7446866}},{"type":"Feature","id":247,"geometry":{"type":"Polygon","coordinates":[[[-120.1855,48.4778],[-120.1858,48.4777],[-120.1877,48.4771],[-120.1895,48.4775],[-120.1906,48.4777],[-120.2081,48.4826],[-120.2256,48.4876],[-120.2307,48.4905],[-120.2445,48.4979],[-120.2523,48.5018],[-120.2578,48.51],[-120.2579,48.5102],[-120.26,48.5123],[-120.2687,48.5161],[-120.2706,48.5174],[-120.2844,48.5253],[-120.2845,48.5253],[-120.2878,48.5263],[-120.2878,48.5263],[-120.2977,48.5299],[-120.2982,48.5301],[-120.3042,48.5324],[-120.312,48.5341],[-120.3184,48.5378],[-120.3202,48.5414],[-120.3286,48.5452],[-120.3498,48.5523],[-120.3557,48.5561],[-120.3692,48.5634],[-120.3826,48.5707],[-120.395,48.5773],[-120.4074,48.584],[-120.4198,48.5906],[-120.4322,48.5972],[-120.4632,48.5982],[-120.4943,48.5991],[-120.5253,48.6],[-120.5563,48.601],[-120.5749,48.595],[-120.5935,48.589],[-120.612,48.583],[-120.6306,48.577],[-120.639,48.5481],[-120.6474,48.5192],[-120.6691,48.5189],[-120.6909,48.5185],[-120.7127,48.5181],[-120.7344,48.5178],[-120.7523,48.5128],[-120.7703,48.5078],[-120.7544,48.5025],[-120.7384,48.4972],[-120.7225,48.4919],[-120.7066,48.4867],[-120.6907,48.4814],[-120.6748,48.4761],[-120.6589,48.4708],[-120.643,48.4655],[-120.6221,48.4642],[-120.6012,48.4628],[-120.5803,48.4614],[-120.5594,48.46],[-120.5369,48.447],[-120.5143,48.434],[-120.4918,48.421],[-120.4693,48.4081],[-120.4468,48.3951],[-120.4243,48.3821],[-120.4018,48.3691],[-120.3793,48.3561],[-120.3581,48.3587],[-120.3369,48.3612],[-120.3157,48.3638],[-120.2945,48.3663],[-120.2733,48.3689],[-120.252,48.3714],[-120.2308,48.374],[-120.2096,48.3765],[-120.1835,48.374],[-120.1574,48.3715],[-120.1551,48.3711],[-120.1333,48.3653],[-120.1225,48.3652],[-120.1247,48.3731],[-120.1364,48.3952],[-120.1482,48.4172],[-120.1599,48.4393],[-120.1717,48.4613],[-120.1763,48.4678],[-120.1763,48.4687],[-120.1779,48.4733],[-120.1776,48.4737],[-120.1855,48.4778]]]},"properties":{"OBJECTID":247,"state":"Washington","agency":"Washington Department of Fish and Game","unit_type":"GMU","unit_id":"231","unit_name":"Gardner","unit_label":"Washington GMU 231 - Gardner","aliases":"2025 | 231 | 231 gardner | game management unit | game management unit 231 | game management unit 231 gardner | gardner | gmu | gmu 231 | gmu 231 gardner | hunt unit | hunt unit 231 | hunt unit 231 gardner | hunting unit | hunting unit 231 | hunting unit","year":"2025","Shape_Length":121906.20902049667,"Shape_Area":664508863.6014692}},{"type":"Feature","id":248,"geometry":{"type":"Polygon","coordinates":[[[-122.6028,48.5583],[-122.6143,48.5658],[-122.6258,48.5733],[-122.6373,48.5809],[-122.6488,48.5884],[-122.6492,48.529],[-122.6376,48.5363],[-122.626,48.5436],[-122.6144,48.5509],[-122.6028,48.5583]]]},"properties":{"OBJECTID":248,"state":"Washington","agency":"Washington Department of Fish and Game","unit_type":"GMU","unit_id":"419","unit_name":"Guemes","unit_label":"Washington GMU 419 - Guemes","aliases":"2025 | 419 | 419 guemes | game management unit | game management unit 419 | game management unit 419 guemes | gmu | gmu 419 | gmu 419 guemes | guemes | hunt unit | hunt unit 419 | hunt unit 419 guemes | hunting unit | hunting unit 419 | hunting unit 419","year":"2025","Shape_Length":16035.121766330474,"Shape_Area":11261177.570144136}},{"type":"Feature","id":249,"geometry":{"type":"Polygon","coordinates":[[[-122.8085,48.5866],[-122.8092,48.5314],[-122.7897,48.545],[-122.7703,48.5586],[-122.7894,48.5726],[-122.8085,48.5866]]]},"properties":{"OBJECTID":249,"state":"Washington","agency":"Washington Department of Fish and Game","unit_type":"GMU","unit_id":"415","unit_name":"Blakely","unit_label":"Washington GMU 415 - Blakely","aliases":"2025 | 415 | 415 blakely | blakely | game management unit | game management unit 415 | game management unit 415 blakely | gmu | gmu 415 | gmu 415 blakely | hunt unit | hunt unit 415 | hunt unit 415 blakely | hunting unit | hunting unit 415 | hunting unit","year":"2025","Shape_Length":14438.146286242494,"Shape_Area":8734014.169142118}},{"type":"Feature","id":250,"geometry":{"type":"Polygon","coordinates":[[[-119.505,48.5037],[-119.5054,48.5033],[-119.506,48.5025],[-119.5062,48.5023],[-119.5063,48.5016],[-119.5063,48.5013],[-119.5103,48.5008],[-119.5183,48.5171],[-119.5262,48.5335],[-119.5342,48.5499],[-119.5422,48.5662],[-119.5395,48.5692],[-119.5351,48.5761],[-119.5394,48.5784],[-119.5415,48.5797],[-119.5436,48.5825],[-119.544,48.5842],[-119.553,48.5872],[-119.5573,48.5889],[-119.5591,48.5903],[-119.56,48.5911],[-119.5606,48.5915],[-119.5788,48.5938],[-119.597,48.5961],[-119.6152,48.5984],[-119.6334,48.6007],[-119.6516,48.6029],[-119.6698,48.6052],[-119.688,48.6075],[-119.7062,48.6098],[-119.7173,48.5974],[-119.7285,48.5851],[-119.7396,48.5727],[-119.7507,48.5604],[-119.7626,48.5507],[-119.7745,48.541],[-119.7864,48.5313],[-119.7983,48.5216],[-119.8092,48.5051],[-119.8201,48.4886],[-119.8309,48.472],[-119.8418,48.4555],[-119.8526,48.439],[-119.8634,48.4224],[-119.8743,48.4059],[-119.8851,48.3894],[-119.8625,48.3859],[-119.8399,48.3824],[-119.8173,48.3789],[-119.7947,48.3754],[-119.7721,48.3718],[-119.7495,48.3683],[-119.7269,48.3648],[-119.7043,48.3613],[-119.6953,48.3523],[-119.6864,48.3433],[-119.6774,48.3342],[-119.6685,48.3252],[-119.6413,48.3289],[-119.6142,48.3325],[-119.6039,48.343],[-119.5936,48.3536],[-119.5935,48.3533],[-119.5766,48.3679],[-119.5598,48.3825],[-119.5429,48.397],[-119.526,48.4116],[-119.4986,48.4137],[-119.4713,48.4159],[-119.4761,48.4483],[-119.4809,48.4808],[-119.4929,48.4922],[-119.505,48.5037]]]},"properties":{"OBJECTID":250,"state":"Washington","agency":"Washington Department of Fish and Game","unit_type":"GMU","unit_id":"233","unit_name":"Pogue","unit_label":"Washington GMU 233 - Pogue","aliases":"2025 | 233 | 233 pogue | game management unit | game management unit 233 | game management unit 233 pogue | gmu | gmu 233 | gmu 233 pogue | hunt unit | hunt unit 233 | hunt unit 233 pogue | hunting unit | hunting unit 233 | hunting unit 233 pogue | pogue","year":"2025","Shape_Length":99124.91544582335,"Shape_Area":591395238.8412552}},{"type":"Feature","id":251,"geometry":{"type":"Polygon","coordinates":[[[-122.9661,48.5943],[-122.9574,48.5704],[-122.9487,48.5465],[-122.9373,48.5548],[-122.9259,48.563],[-122.9145,48.5713],[-122.903,48.5795],[-122.9188,48.5832],[-122.9346,48.5869],[-122.9503,48.5906],[-122.9661,48.5943]]]},"properties":{"OBJECTID":251,"state":"Washington","agency":"Washington Department of Fish and Game","unit_type":"GMU","unit_id":"412","unit_name":"Shaw","unit_label":"Washington GMU 412 - Shaw","aliases":"2025 | 412 | 412 shaw | game management unit | game management unit 412 | game management unit 412 shaw | gmu | gmu 412 | gmu 412 shaw | hunt unit | hunt unit 412 | hunt unit 412 shaw | hunting unit | hunting unit 412 | hunting unit 412 shaw | shaw | uni","year":"2025","Shape_Length":15364.168770903787,"Shape_Area":11300214.805576468}},{"type":"Feature","id":252,"geometry":{"type":"Polygon","coordinates":[[[-122.7134,48.6087],[-122.7173,48.5397],[-122.705,48.5466],[-122.6927,48.5536],[-122.6804,48.5605],[-122.6681,48.5675],[-122.6795,48.5778],[-122.6908,48.5881],[-122.7021,48.5984],[-122.7134,48.6087]]]},"properties":{"OBJECTID":252,"state":"Washington","agency":"Washington Department of Fish and Game","unit_type":"GMU","unit_id":"417","unit_name":"Cypress","unit_label":"Washington GMU 417 - Cypress","aliases":"2025 | 417 | 417 cypress | cypress | game management unit | game management unit 417 | game management unit 417 cypress | gmu | gmu 417 | gmu 417 cypress | hunt unit | hunt unit 417 | hunt unit 417 cypress | hunting unit | hunting unit 417 | hunting unit","year":"2025","Shape_Length":18026.731131324177,"Shape_Area":13474515.249375341}},{"type":"Feature","id":253,"geometry":{"type":"Polygon","coordinates":[[[-118.1151,48.6252],[-118.1192,48.6261],[-118.1269,48.6053],[-118.1346,48.5844],[-118.1423,48.5635],[-118.15,48.5427],[-118.1647,48.5274],[-118.1794,48.5122],[-118.1941,48.497],[-118.2088,48.4818],[-118.2047,48.4616],[-118.2007,48.4415],[-118.1966,48.4213],[-118.1925,48.4011],[-118.1885,48.381],[-118.1844,48.3608],[-118.1804,48.3406],[-118.1764,48.3205],[-118.1673,48.3073],[-118.1583,48.2942],[-118.1493,48.281],[-118.1403,48.2679],[-118.1537,48.2541],[-118.1671,48.2403],[-118.1805,48.2265],[-118.1939,48.2127],[-118.192,48.1526],[-118.2191,48.1438],[-118.2461,48.135],[-118.2401,48.0987],[-118.234,48.0625],[-118.2541,48.0514],[-118.2741,48.0404],[-118.2947,48.0427],[-118.3152,48.045],[-118.3358,48.0473],[-118.3563,48.0497],[-118.3674,48.0265],[-118.3785,48.0034],[-118.3583,48.0034],[-118.3381,48.0034],[-118.3179,48.0034],[-118.2977,48.0034],[-118.2775,48.0034],[-118.2574,48.0034],[-118.2372,48.0034],[-118.217,48.0034],[-118.1968,48.0034],[-118.1766,48.0033],[-118.1564,48.0033],[-118.1362,48.0033],[-118.116,48.0033],[-118.0958,48.0032],[-118.0756,48.0032],[-118.0555,48.0032],[-118.0353,48.0031],[-118.0151,48.0031],[-117.9949,48.003],[-117.9747,48.003],[-117.9545,48.0029],[-117.9343,48.0029],[-117.9141,48.0028],[-117.8939,48.0027],[-117.8737,48.0027],[-117.8535,48.0026],[-117.8334,48.0025],[-117.8132,48.0025],[-117.793,48.0024],[-117.7728,48.0023],[-117.7526,48.0022],[-117.7324,48.0021],[-117.7266,47.9981],[-117.7339,48.0274],[-117.7413,48.0567],[-117.7111,48.0575],[-117.6809,48.0583],[-117.6508,48.0592],[-117.6206,48.06],[-117.6324,48.0783],[-117.6442,48.0965],[-117.656,48.1148],[-117.6678,48.1331],[-117.6796,48.1514],[-117.6914,48.1697],[-117.7033,48.188],[-117.7151,48.2062],[-117.7155,48.2825],[-117.7294,48.2881],[-117.7433,48.2937],[-117.7572,48.2993],[-117.7711,48.3049],[-117.785,48.3104],[-117.7989,48.316],[-117.8128,48.3216],[-117.8266,48.3272],[-117.8341,48.3523],[-117.8417,48.3774],[-117.8492,48.4025],[-117.8567,48.4276],[-117.868,48.4415],[-117.8794,48.4555],[-117.8907,48.4695],[-117.902,48.4834],[-117.9058,48.5466],[-117.9196,48.5555],[-117.9333,48.5645],[-117.9471,48.5735],[-117.9608,48.5824],[-117.9801,48.5878],[-117.9994,48.5931],[-118.0187,48.5985],[-118.0379,48.6038],[-118.0572,48.6092],[-118.0765,48.6145],[-118.0958,48.6199],[-118.1151,48.6252]]]},"properties":{"OBJECTID":253,"state":"Washington","agency":"Washington Department of Fish and Game","unit_type":"GMU","unit_id":"121","unit_name":"Huckleberry","unit_label":"Washington GMU 121 - Huckleberry","aliases":"121 | 121 huckleberry | 2025 | game management unit | game management unit 121 | game management unit 121 huckleberry | gmu | gmu 121 | gmu 121 huckleberry | huckleberry | hunt unit | hunt unit 121 | hunt unit 121 huckleberry | hunting unit | hunting uni","year":"2025","Shape_Length":228016.77274363264,"Shape_Area":2053312676.1120832}},{"type":"Feature","id":254,"geometry":{"type":"Polygon","coordinates":[[[-123.1471,48.6241],[-123.1544,48.6086],[-123.1617,48.5932],[-123.169,48.5777],[-123.1763,48.5623],[-123.17,48.5502],[-123.1636,48.5381],[-123.1572,48.526],[-123.1509,48.514],[-123.1366,48.507],[-123.1224,48.5],[-123.1081,48.493],[-123.0939,48.486],[-123.0797,48.4791],[-123.0654,48.4721],[-123.0512,48.4651],[-123.037,48.4581],[-123.0184,48.4561],[-122.9999,48.4541],[-122.9814,48.4521],[-122.9629,48.4501],[-122.9778,48.461],[-122.9926,48.4719],[-123.0075,48.4828],[-123.0224,48.4937],[-123.014,48.5226],[-123.0057,48.5516],[-123.0233,48.5606],[-123.041,48.5697],[-123.0587,48.5788],[-123.0764,48.5878],[-123.094,48.5969],[-123.1117,48.606],[-123.1294,48.615],[-123.1471,48.6241]]]},"properties":{"OBJECTID":254,"state":"Washington","agency":"Washington Department of Fish and Game","unit_type":"GMU","unit_id":"413","unit_name":"San Juan","unit_label":"Washington GMU 413 - San Juan","aliases":"2025 | 413 | 413 san juan | game management unit | game management unit 413 | game management unit 413 san juan | gmu | gmu 413 | gmu 413 san juan | hunt unit | hunt unit 413 | hunt unit 413 san juan | hunting unit | hunting unit 413 | hunting unit 413 s","year":"2025","Shape_Length":55140.5413532741,"Shape_Area":140556442.42782867}},{"type":"Feature","id":255,"geometry":{"type":"Polygon","coordinates":[[[-119.9153,48.7149],[-119.932,48.7058],[-119.9487,48.6966],[-119.9654,48.6875],[-119.982,48.6783],[-119.9889,48.6613],[-119.9959,48.6443],[-120.0028,48.6273],[-120.0097,48.6103],[-120.0257,48.6112],[-120.0418,48.6122],[-120.0578,48.6131],[-120.0739,48.6141],[-120.0866,48.6081],[-120.0994,48.602],[-120.1122,48.596],[-120.125,48.59],[-120.1378,48.5839],[-120.1506,48.5779],[-120.1633,48.5719],[-120.1761,48.5658],[-120.1788,48.5527],[-120.1738,48.5047],[-120.1784,48.4832],[-120.1855,48.4778],[-120.1776,48.4737],[-120.1779,48.4733],[-120.1763,48.4687],[-120.1763,48.4678],[-120.1717,48.4613],[-120.1599,48.4393],[-120.1482,48.4172],[-120.1364,48.3952],[-120.1247,48.3731],[-120.1225,48.3652],[-120.1037,48.3574],[-120.0909,48.3519],[-120.0782,48.3465],[-120.0605,48.3515],[-120.0429,48.3565],[-120.0252,48.3615],[-120.0076,48.3666],[-120.0004,48.3684],[-119.9716,48.3717],[-119.9499,48.3761],[-119.9283,48.3805],[-119.9067,48.385],[-119.8851,48.3894],[-119.8743,48.4059],[-119.8634,48.4224],[-119.8526,48.439],[-119.8418,48.4555],[-119.8309,48.472],[-119.8201,48.4886],[-119.8092,48.5051],[-119.7983,48.5216],[-119.7864,48.5313],[-119.7745,48.541],[-119.7626,48.5507],[-119.7507,48.5604],[-119.7657,48.5769],[-119.7807,48.5935],[-119.7958,48.6101],[-119.8108,48.6267],[-119.8258,48.6433],[-119.8409,48.6599],[-119.8559,48.6765],[-119.871,48.693],[-119.8932,48.704],[-119.9153,48.7149]]]},"properties":{"OBJECTID":255,"state":"Washington","agency":"Washington Department of Fish and Game","unit_type":"GMU","unit_id":"224","unit_name":"Pearrygin","unit_label":"Washington GMU 224 - Pearrygin","aliases":"2025 | 224 | 224 pearrygin | game management unit | game management unit 224 | game management unit 224 pearrygin | gmu | gmu 224 | gmu 224 pearrygin | hunt unit | hunt unit 224 | hunt unit 224 pearrygin | hunting unit | hunting unit 224 | hunting unit 2","year":"2025","Shape_Length":113460.84143077361,"Shape_Area":785822112.3459774}},{"type":"Feature","id":256,"geometry":{"type":"Polygon","coordinates":[[[-121.5422,48.7175],[-121.5593,48.7114],[-121.5764,48.7053],[-121.5935,48.6992],[-121.6106,48.6931],[-121.6096,48.6183],[-121.6338,48.6126],[-121.658,48.6069],[-121.6822,48.6012],[-121.7064,48.5955],[-121.7196,48.5807],[-121.7328,48.5658],[-121.746,48.5509],[-121.7592,48.5361],[-121.7858,48.5355],[-121.8123,48.535],[-121.8389,48.5345],[-121.8654,48.5339],[-121.892,48.5334],[-121.9186,48.5328],[-121.9451,48.5322],[-121.9717,48.5317],[-121.9983,48.5311],[-122.0248,48.5305],[-122.0514,48.5299],[-122.0779,48.5293],[-122.1045,48.5288],[-122.1311,48.5282],[-122.1576,48.5276],[-122.1842,48.5269],[-122.2049,48.5187],[-122.2257,48.5105],[-122.234,48.4896],[-122.2423,48.4687],[-122.2507,48.4478],[-122.259,48.4269],[-122.2453,48.41],[-122.2316,48.3931],[-122.2179,48.3762],[-122.2043,48.3593],[-122.2123,48.3497],[-122.2203,48.3401],[-122.2283,48.3304],[-122.2364,48.3208],[-122.219,48.3072],[-122.2016,48.2936],[-122.1843,48.2801],[-122.1669,48.2665],[-122.1572,48.2496],[-122.1475,48.2326],[-122.1377,48.2157],[-122.128,48.1988],[-122.1114,48.2082],[-122.0947,48.2176],[-122.0781,48.2269],[-122.0615,48.2363],[-122.0451,48.2458],[-122.0287,48.2553],[-122.0124,48.2648],[-121.996,48.2743],[-121.9743,48.2742],[-121.9527,48.2741],[-121.931,48.2741],[-121.9093,48.274],[-121.8877,48.2739],[-121.866,48.2739],[-121.8443,48.2738],[-121.8227,48.2737],[-121.801,48.2736],[-121.7794,48.2736],[-121.7577,48.2735],[-121.736,48.2734],[-121.7144,48.2733],[-121.6927,48.2732],[-121.671,48.2731],[-121.6494,48.273],[-121.6258,48.2642],[-121.6021,48.2553],[-121.5892,48.2693],[-121.5762,48.2833],[-121.5633,48.2973],[-121.5503,48.3113],[-121.5374,48.3253],[-121.5244,48.3393],[-121.5115,48.3533],[-121.4985,48.3673],[-121.48,48.3608],[-121.4616,48.3544],[-121.4479,48.3341],[-121.4342,48.3139],[-121.4205,48.2937],[-121.4068,48.2734],[-121.3792,48.2695],[-121.3517,48.2656],[-121.3242,48.2617],[-121.2967,48.2579],[-121.2693,48.2539],[-121.2418,48.25],[-121.2143,48.2461],[-121.1868,48.2422],[-121.2047,48.252],[-121.2225,48.2618],[-121.2404,48.2717],[-121.2583,48.2815],[-121.2761,48.2788],[-121.2939,48.2761],[-121.3117,48.2733],[-121.3295,48.2706],[-121.3261,48.2913],[-121.3226,48.312],[-121.3414,48.3203],[-121.3603,48.3287],[-121.3792,48.337],[-121.3981,48.3453],[-121.4049,48.3775],[-121.4118,48.4096],[-121.3839,48.4017],[-121.3559,48.3937],[-121.3589,48.4682],[-121.3336,48.4692],[-121.3082,48.4701],[-121.2829,48.471],[-121.2575,48.4719],[-121.2322,48.4729],[-121.2068,48.4738],[-121.1814,48.4747],[-121.1561,48.4756],[-121.1617,48.488],[-121.1672,48.5005],[-121.1728,48.513],[-121.1784,48.5254],[-121.1943,48.5292],[-121.2102,48.533],[-121.2261,48.5368],[-121.242,48.5406],[-121.2579,48.5444],[-121.2738,48.5482],[-121.2898,48.552],[-121.3057,48.5558],[-121.3072,48.5974],[-121.324,48.5917],[-121.3409,48.586],[-121.3578,48.5802],[-121.3746,48.5745],[-121.3768,48.6355],[-121.3891,48.6558],[-121.4014,48.676],[-121.4179,48.6713],[-121.4345,48.6667],[-121.451,48.662],[-121.4676,48.6574],[-121.4611,48.6166],[-121.4874,48.6264],[-121.5138,48.6362],[-121.5401,48.646],[-121.5664,48.6558],[-121.5603,48.6712],[-121.5543,48.6867],[-121.5482,48.7021],[-121.5422,48.7175]]]},"properties":{"OBJECTID":256,"state":"Washington","agency":"Washington Department of Fish and Game","unit_type":"GMU","unit_id":"437","unit_name":"Sauk","unit_label":"Washington GMU 437 - Sauk","aliases":"2025 | 437 | 437 sauk | game management unit | game management unit 437 | game management unit 437 sauk | gmu | gmu 437 | gmu 437 sauk | hunt unit | hunt unit 437 | hunt unit 437 sauk | hunting unit | hunting unit 437 | hunting unit 437 sauk | sauk | uni","year":"2025","Shape_Length":312808.8207625045,"Shape_Area":2294487010.8317904}},{"type":"Feature","id":257,"geometry":{"type":"Polygon","coordinates":[[[-117.3975,48.6852],[-117.4254,48.6848],[-117.4533,48.6845],[-117.4648,48.6774],[-117.4763,48.6704],[-117.4878,48.6633],[-117.4992,48.6563],[-117.5107,48.6492],[-117.5222,48.6421],[-117.5336,48.6351],[-117.5451,48.628],[-117.5503,48.595],[-117.5555,48.562],[-117.5697,48.5548],[-117.584,48.5475],[-117.5982,48.5402],[-117.6124,48.533],[-117.6267,48.5257],[-117.6409,48.5184],[-117.6551,48.5111],[-117.6694,48.5039],[-117.6862,48.5052],[-117.7031,48.5066],[-117.72,48.5079],[-117.7369,48.5093],[-117.7538,48.5106],[-117.7707,48.5119],[-117.7876,48.5133],[-117.8045,48.5146],[-117.8239,48.5228],[-117.8433,48.5309],[-117.8627,48.5391],[-117.8821,48.5472],[-117.9058,48.5466],[-117.902,48.4834],[-117.8907,48.4695],[-117.8794,48.4555],[-117.868,48.4415],[-117.8567,48.4276],[-117.8492,48.4025],[-117.8417,48.3774],[-117.8341,48.3523],[-117.8266,48.3272],[-117.8128,48.3216],[-117.7989,48.316],[-117.785,48.3104],[-117.7711,48.3049],[-117.7572,48.2993],[-117.7433,48.2937],[-117.7294,48.2881],[-117.7155,48.2825],[-117.7151,48.2062],[-117.7033,48.188],[-117.6914,48.1697],[-117.6796,48.1514],[-117.6678,48.1331],[-117.656,48.1148],[-117.6442,48.0965],[-117.6324,48.0783],[-117.6206,48.06],[-117.6086,48.0444],[-117.5967,48.0288],[-117.5847,48.0132],[-117.5728,47.9976],[-117.5516,47.9867],[-117.5305,47.9758],[-117.5094,47.9649],[-117.4882,47.954],[-117.4709,47.9561],[-117.4536,47.9582],[-117.4362,47.9603],[-117.4189,47.9623],[-117.4016,47.9644],[-117.3842,47.9665],[-117.3669,47.9686],[-117.3496,47.9706],[-117.343,48.0013],[-117.3365,48.0319],[-117.33,48.0625],[-117.3234,48.0931],[-117.3072,48.0942],[-117.2909,48.0953],[-117.2747,48.0963],[-117.2584,48.0974],[-117.2448,48.1028],[-117.2311,48.1082],[-117.2175,48.1137],[-117.2038,48.1191],[-117.1901,48.1245],[-117.1764,48.1299],[-117.1628,48.1353],[-117.1491,48.1407],[-117.1354,48.1461],[-117.1217,48.1515],[-117.1081,48.1569],[-117.0944,48.1623],[-117.0807,48.1677],[-117.067,48.1731],[-117.0533,48.1785],[-117.0396,48.1839],[-117.0394,48.1839],[-117.0393,48.1884],[-117.0395,48.1889],[-117.0486,48.1976],[-117.0577,48.2063],[-117.0668,48.2151],[-117.0759,48.2238],[-117.0941,48.2252],[-117.1124,48.2267],[-117.1306,48.2282],[-117.1489,48.2296],[-117.1672,48.2311],[-117.1854,48.2326],[-117.2037,48.234],[-117.2219,48.2355],[-117.2302,48.2463],[-117.2385,48.2571],[-117.2468,48.2679],[-117.2551,48.2788],[-117.2633,48.2896],[-117.2716,48.3004],[-117.2799,48.3112],[-117.2882,48.322],[-117.293,48.3588],[-117.2979,48.3955],[-117.3027,48.4322],[-117.3075,48.4689],[-117.2882,48.4844],[-117.2688,48.4999],[-117.2887,48.5145],[-117.3087,48.529],[-117.3286,48.5436],[-117.3486,48.5581],[-117.3547,48.574],[-117.3608,48.5899],[-117.3669,48.6058],[-117.373,48.6216],[-117.3791,48.6375],[-117.3852,48.6534],[-117.3913,48.6693],[-117.3975,48.6852]]]},"properties":{"OBJECTID":257,"state":"Washington","agency":"Washington Department of Fish and Game","unit_type":"GMU","unit_id":"117","unit_name":"49 Degrees North","unit_label":"Washington GMU 117 - 49 Degrees North","aliases":"117 | 117 49 degrees north | 2025 | 49 degrees north | game management unit | game management unit 117 | game management unit 117 49 degrees north | gmu | gmu 117 | gmu 117 49 degrees north | hunt unit | hunt unit 117 | hunt unit 117 49 degrees north | h","year":"2025","Shape_Length":245861.98817653372,"Shape_Area":2448886734.361408}},{"type":"Feature","id":258,"geometry":{"type":"Polygon","coordinates":[[[-122.8961,48.7141],[-122.919,48.712],[-122.9419,48.7099],[-122.959,48.6961],[-122.976,48.6824],[-122.9931,48.6687],[-123.0101,48.655],[-123.017,48.6322],[-123.0239,48.6095],[-123.0071,48.615],[-122.9903,48.6205],[-122.9735,48.626],[-122.9566,48.6315],[-122.9397,48.6208],[-122.9227,48.61],[-122.9057,48.5993],[-122.8887,48.5886],[-122.8665,48.5918],[-122.8442,48.595],[-122.822,48.5982],[-122.7997,48.6014],[-122.7853,48.6162],[-122.7709,48.631],[-122.7564,48.6458],[-122.742,48.6606],[-122.7612,48.6673],[-122.7805,48.674],[-122.7997,48.6807],[-122.819,48.6874],[-122.8382,48.694],[-122.8575,48.7007],[-122.8768,48.7074],[-122.8961,48.7141]]]},"properties":{"OBJECTID":258,"state":"Washington","agency":"Washington Department of Fish and Game","unit_type":"GMU","unit_id":"411","unit_name":"Orcas","unit_label":"Washington GMU 411 - Orcas","aliases":"2025 | 411 | 411 orcas | game management unit | game management unit 411 | game management unit 411 orcas | gmu | gmu 411 | gmu 411 orcas | hunt unit | hunt unit 411 | hunt unit 411 orcas | hunting unit | hunting unit 411 | hunting unit 411 orcas | orcas","year":"2025","Shape_Length":56421.52047679205,"Shape_Area":174172557.51038513}},{"type":"Feature","id":259,"geometry":{"type":"Polygon","coordinates":[[[-122.3505,48.0223],[-122.3533,48.085],[-122.3685,48.1025],[-122.3836,48.1201],[-122.3987,48.1377],[-122.4138,48.1552],[-122.4086,48.1756],[-122.4033,48.196],[-122.3981,48.2164],[-122.3928,48.2368],[-122.4073,48.2513],[-122.4217,48.2658],[-122.4361,48.2803],[-122.4506,48.2948],[-122.4712,48.3055],[-122.4919,48.3161],[-122.5126,48.3268],[-122.5332,48.3375],[-122.541,48.3473],[-122.5487,48.3572],[-122.5564,48.367],[-122.5642,48.3769],[-122.5719,48.3868],[-122.5796,48.3966],[-122.5874,48.4065],[-122.5951,48.4164],[-122.6124,48.4159],[-122.6297,48.4155],[-122.647,48.4151],[-122.6644,48.4147],[-122.6817,48.4143],[-122.699,48.4139],[-122.7163,48.4135],[-122.7336,48.413],[-122.7366,48.4416],[-122.7396,48.4702],[-122.7427,48.4989],[-122.7457,48.5275],[-122.7281,48.5275],[-122.7106,48.5275],[-122.693,48.5275],[-122.6754,48.5275],[-122.6682,48.5631],[-122.661,48.5988],[-122.6479,48.6092],[-122.6349,48.6196],[-122.6218,48.63],[-122.6087,48.6404],[-122.6348,48.6417],[-122.6608,48.6431],[-122.6868,48.6444],[-122.7129,48.6457],[-122.706,48.6707],[-122.7195,48.6834],[-122.733,48.6962],[-122.7465,48.7089],[-122.7601,48.7216],[-122.7736,48.7344],[-122.7871,48.7471],[-122.8007,48.7598],[-122.8142,48.7726],[-122.8385,48.7799],[-122.8628,48.7873],[-122.887,48.7946],[-122.9113,48.8019],[-122.9356,48.8093],[-122.9599,48.8166],[-122.9842,48.8239],[-123.0085,48.8312],[-123.0085,48.7671],[-123.0247,48.7625],[-123.0409,48.758],[-123.0572,48.7534],[-123.0734,48.7489],[-123.0896,48.7443],[-123.1058,48.7397],[-123.122,48.7352],[-123.1383,48.7306],[-123.1545,48.726],[-123.1707,48.7215],[-123.1869,48.7169],[-123.2031,48.7123],[-123.2193,48.7077],[-123.2355,48.7032],[-123.2517,48.6986],[-123.2679,48.694],[-123.2617,48.6758],[-123.2556,48.6577],[-123.2495,48.6395],[-123.2434,48.6213],[-123.2373,48.6032],[-123.2311,48.585],[-123.225,48.5669],[-123.2189,48.5487],[-123.2115,48.5368],[-123.2041,48.5249],[-123.1968,48.513],[-123.1894,48.5011],[-123.182,48.4892],[-123.1746,48.4773],[-123.1672,48.4654],[-123.1599,48.4535],[-123.1487,48.4458],[-123.1375,48.4382],[-123.1263,48.4305],[-123.1151,48.4228],[-123.1318,48.4055],[-123.1484,48.3882],[-123.165,48.3709],[-123.1816,48.3537],[-123.1983,48.3364],[-123.2148,48.3191],[-123.2314,48.3018],[-123.248,48.2845],[-123.224,48.2898],[-123.1999,48.2952],[-123.1759,48.3006],[-123.1518,48.306],[-123.1277,48.3113],[-123.1037,48.3167],[-123.0796,48.3221],[-123.0555,48.3274],[-123.0314,48.3328],[-123.0074,48.3381],[-122.9833,48.3435],[-122.9592,48.3488],[-122.9351,48.3541],[-122.911,48.3595],[-122.8869,48.3648],[-122.8628,48.3701],[-122.8647,48.3128],[-122.8667,48.2555],[-122.8574,48.2431],[-122.8481,48.2307],[-122.8388,48.2182],[-122.8295,48.2058],[-122.8078,48.1956],[-122.7861,48.1855],[-122.7645,48.1753],[-122.7428,48.1652],[-122.7211,48.155],[-122.6995,48.1448],[-122.6778,48.1347],[-122.6562,48.1245],[-122.6504,48.0956],[-122.6447,48.0667],[-122.6389,48.0377],[-122.6332,48.0088],[-122.6214,47.9958],[-122.6096,47.9828],[-122.5978,47.9698],[-122.5861,47.9568],[-122.5617,47.9455],[-122.5374,47.9343],[-122.5131,47.923],[-122.4887,47.9118],[-122.4814,47.9012],[-122.474,47.8907],[-122.4667,47.8802],[-122.4593,47.8696],[-122.452,47.8591],[-122.4446,47.8486],[-122.4373,47.8381],[-122.4299,47.8275],[-122.4299,47.8275],[-122.4121,47.8436],[-122.3943,47.8597],[-122.3765,47.8759],[-122.3587,47.892],[-122.3512,47.9098],[-122.3436,47.9276],[-122.3361,47.9454],[-122.3285,47.9633],[-122.3341,47.9777],[-122.3397,47.9922],[-122.3453,48.0067],[-122.3509,48.0212],[-122.3505,48.0223]],[[-122.6081,48.4113],[-122.6031,48.3845],[-122.5981,48.3576],[-122.5755,48.346],[-122.5528,48.3344],[-122.5302,48.3227],[-122.5076,48.3111],[-122.5271,48.3068],[-122.5466,48.3025],[-122.5661,48.2982],[-122.5856,48.2938],[-122.6051,48.2895],[-122.6246,48.2852],[-122.644,48.2809],[-122.6635,48.2766],[-122.6565,48.2465],[-122.6729,48.2384],[-122.6893,48.2302],[-122.7057,48.222],[-122.7221,48.2139],[-122.6988,48.216],[-122.6755,48.2181],[-122.6521,48.2203],[-122.6288,48.2224],[-122.6135,48.2038],[-122.5983,48.1852],[-122.583,48.1666],[-122.5678,48.1479],[-122.5721,48.1031],[-122.5589,48.0827],[-122.5457,48.0623],[-122.5325,48.0419],[-122.5193,48.0215],[-122.5133,48.04],[-122.5074,48.0585],[-122.5014,48.077],[-122.4955,48.0956],[-122.4806,48.0879],[-122.4656,48.0802],[-122.4507,48.0726],[-122.4358,48.0649],[-122.421,48.0572],[-122.4061,48.0496],[-122.3912,48.0419],[-122.3763,48.0342],[-122.3696,48.0153],[-122.3629,47.9965],[-122.3562,47.9776],[-122.3496,47.9587],[-122.3572,47.9452],[-122.3649,47.9317],[-122.3725,47.9183],[-122.3802,47.9048],[-122.4057,47.9097],[-122.4312,47.9146],[-122.4435,47.9337],[-122.4557,47.9529],[-122.468,47.9721],[-122.4803,47.9912],[-122.4961,47.9962],[-122.512,48.0011],[-122.5278,48.0061],[-122.5436,48.011],[-122.5595,48.016],[-122.5753,48.0209],[-122.5912,48.0259],[-122.607,48.0308],[-122.6112,48.0944],[-122.6153,48.1579],[-122.6311,48.157],[-122.6469,48.1561],[-122.6628,48.1552],[-122.6786,48.1543],[-122.69,48.1631],[-122.7015,48.1719],[-122.7129,48.1807],[-122.7244,48.1895],[-122.7359,48.1983],[-122.7473,48.2071],[-122.7588,48.2158],[-122.7703,48.2246],[-122.7581,48.241],[-122.746,48.2574],[-122.7338,48.2738],[-122.7217,48.2902],[-122.7095,48.3066],[-122.6973,48.323],[-122.6851,48.3393],[-122.673,48.3557],[-122.6688,48.3784],[-122.6646,48.4011],[-122.6363,48.4062],[-122.6081,48.4113]],[[-122.4534,48.2662],[-122.4587,48.2411],[-122.4641,48.216],[-122.4694,48.1909],[-122.4748,48.1658],[-122.4604,48.152],[-122.446,48.1382],[-122.4317,48.1243],[-122.4173,48.1105],[-122.403,48.0967],[-122.3886,48.0828],[-122.3743,48.069],[-122.36,48.0552],[-122.371,48.0632],[-122.3821,48.0713],[-122.3931,48.0793],[-122.4042,48.0873],[-122.4152,48.0954],[-122.4263,48.1034],[-122.4374,48.1114],[-122.4484,48.1195],[-122.4595,48.1275],[-122.4706,48.1355],[-122.4816,48.1436],[-122.4927,48.1516],[-122.5038,48.1596],[-122.5149,48.1676],[-122.526,48.1757],[-122.537,48.1837],[-122.5334,48.217],[-122.5298,48.2504],[-122.5107,48.2543],[-122.4916,48.2583],[-122.4725,48.2622],[-122.4534,48.2662]],[[-122.8838,48.5726],[-122.879,48.5387],[-122.8742,48.5049],[-122.8666,48.4945],[-122.8589,48.484],[-122.8513,48.4736],[-122.8437,48.4631],[-122.836,48.4527],[-122.8284,48.4423],[-122.8208,48.4318],[-122.8132,48.4214],[-122.8297,48.4269],[-122.8462,48.4324],[-122.8628,48.4379],[-122.8793,48.4434],[-122.8958,48.4489],[-122.9124,48.4544],[-122.9289,48.4599],[-122.9455,48.4654],[-122.9378,48.4788],[-122.9301,48.4922],[-122.9224,48.5056],[-122.9147,48.519],[-122.907,48.5324],[-122.8992,48.5458],[-122.8915,48.5592],[-122.8838,48.5726]],[[-122.8085,48.5866],[-122.7894,48.5726],[-122.7703,48.5586],[-122.7897,48.545],[-122.8092,48.5314],[-122.8085,48.5866]],[[-122.7134,48.6087],[-122.7021,48.5984],[-122.6908,48.5881],[-122.6795,48.5778],[-122.6681,48.5675],[-122.6804,48.5605],[-122.6927,48.5536],[-122.705,48.5466],[-122.7173,48.5397],[-122.7134,48.6087]],[[-122.9661,48.5943],[-122.9503,48.5906],[-122.9346,48.5869],[-122.9188,48.5832],[-122.903,48.5795],[-122.9145,48.5713],[-122.9259,48.563],[-122.9373,48.5548],[-122.9487,48.5465],[-122.9574,48.5704],[-122.9661,48.5943]],[[-122.8961,48.7141],[-122.8768,48.7074],[-122.8575,48.7007],[-122.8382,48.694],[-122.819,48.6874],[-122.7997,48.6807],[-122.7805,48.674],[-122.7612,48.6673],[-122.742,48.6606],[-122.7564,48.6458],[-122.7709,48.631],[-122.7853,48.6162],[-122.7997,48.6014],[-122.822,48.5982],[-122.8442,48.595],[-122.8665,48.5918],[-122.8887,48.5886],[-122.9057,48.5993],[-122.9227,48.61],[-122.9397,48.6208],[-122.9566,48.6315],[-122.9735,48.626],[-122.9903,48.6205],[-123.0071,48.615],[-123.0239,48.6095],[-123.017,48.6322],[-123.0101,48.655],[-122.9931,48.6687],[-122.976,48.6824],[-122.959,48.6961],[-122.9419,48.7099],[-122.919,48.712],[-122.8961,48.7141]],[[-123.1471,48.6241],[-123.1294,48.615],[-123.1117,48.606],[-123.094,48.5969],[-123.0764,48.5878],[-123.0587,48.5788],[-123.041,48.5697],[-123.0233,48.5606],[-123.0057,48.5516],[-123.014,48.5226],[-123.0224,48.4937],[-123.0075,48.4828],[-122.9926,48.4719],[-122.9778,48.461],[-122.9629,48.4501],[-122.9814,48.4521],[-122.9999,48.4541],[-123.0184,48.4561],[-123.037,48.4581],[-123.0512,48.4651],[-123.0654,48.4721],[-123.0797,48.4791],[-123.0939,48.486],[-123.1081,48.493],[-123.1224,48.5],[-123.1366,48.507],[-123.1509,48.514],[-123.1572,48.526],[-123.1636,48.5381],[-123.17,48.5502],[-123.1763,48.5623],[-123.169,48.5777],[-123.1617,48.5932],[-123.1544,48.6086],[-123.1471,48.6241]],[[-123.1794,48.6105],[-123.1806,48.5832],[-123.203,48.5962],[-123.1912,48.6033],[-123.1794,48.6105]],[[-123.2245,48.6897],[-123.21,48.6832],[-123.1956,48.6768],[-123.1812,48.6703],[-123.1668,48.6638],[-123.193,48.6671],[-123.2191,48.6704],[-123.2245,48.6897]],[[-122.8146,48.5245],[-122.7989,48.5179],[-122.7832,48.5114],[-122.8007,48.4962],[-122.8181,48.4811],[-122.8146,48.5245]]]},"properties":{"OBJECTID":259,"state":"Washington","agency":"Washington Department of Fish and Game","unit_type":"GMU","unit_id":"410","unit_name":"Islands","unit_label":"Washington GMU 410 - Islands","aliases":"2025 | 410 | 410 islands | game management unit | game management unit 410 | game management unit 410 islands | gmu | gmu 410 | gmu 410 islands | hunt unit | hunt unit 410 | hunt unit 410 islands | hunting unit | hunting unit 410 | hunting unit 410 islan","year":"2025","Shape_Length":809584.626345381,"Shape_Area":2130153716.318011}},{"type":"Feature","id":260,"geometry":{"type":"Polygon","coordinates":[[[-119.936,48.8756],[-119.9585,48.8838],[-119.981,48.8921],[-119.9922,48.8741],[-120.0033,48.8562],[-120.0145,48.8383],[-120.0257,48.8203],[-120.0448,48.8143],[-120.064,48.8082],[-120.0831,48.8022],[-120.1022,48.7961],[-120.1214,48.79],[-120.1405,48.784],[-120.1596,48.7779],[-120.1787,48.7718],[-120.1967,48.7763],[-120.2147,48.7808],[-120.2327,48.7852],[-120.2507,48.7897],[-120.2687,48.7942],[-120.2867,48.7986],[-120.3047,48.8031],[-120.3227,48.8076],[-120.332,48.7935],[-120.3414,48.7794],[-120.3508,48.7653],[-120.3602,48.7512],[-120.3695,48.7371],[-120.3789,48.7231],[-120.3882,48.709],[-120.3976,48.6949],[-120.4158,48.693],[-120.434,48.6911],[-120.4522,48.6892],[-120.4705,48.6872],[-120.4887,48.6853],[-120.5069,48.6834],[-120.5251,48.6815],[-120.5433,48.6796],[-120.5632,48.6896],[-120.5831,48.6997],[-120.6029,48.7098],[-120.6228,48.7199],[-120.6427,48.73],[-120.6626,48.7401],[-120.6825,48.7502],[-120.7024,48.7602],[-120.6842,48.7441],[-120.6661,48.728],[-120.6762,48.7195],[-120.6863,48.711],[-120.6964,48.7025],[-120.7066,48.694],[-120.7126,48.6819],[-120.7186,48.6698],[-120.7246,48.6577],[-120.7306,48.6457],[-120.7366,48.6336],[-120.7426,48.6215],[-120.7486,48.6094],[-120.7546,48.5974],[-120.7395,48.5922],[-120.7244,48.587],[-120.7093,48.5818],[-120.6942,48.5766],[-120.7043,48.5619],[-120.7143,48.5472],[-120.7244,48.5325],[-120.7344,48.5178],[-120.7127,48.5181],[-120.6909,48.5185],[-120.6691,48.5189],[-120.6474,48.5192],[-120.639,48.5481],[-120.6306,48.577],[-120.612,48.583],[-120.5935,48.589],[-120.5749,48.595],[-120.5563,48.601],[-120.5253,48.6],[-120.4943,48.5991],[-120.4632,48.5982],[-120.4322,48.5972],[-120.4198,48.5906],[-120.4074,48.584],[-120.395,48.5773],[-120.3826,48.5707],[-120.3692,48.5634],[-120.3557,48.5561],[-120.3498,48.5523],[-120.3286,48.5452],[-120.3202,48.5414],[-120.3184,48.5378],[-120.312,48.5341],[-120.3042,48.5324],[-120.2982,48.5301],[-120.2977,48.5299],[-120.2878,48.5263],[-120.2878,48.5263],[-120.2845,48.5253],[-120.2844,48.5253],[-120.2706,48.5174],[-120.2687,48.5161],[-120.26,48.5123],[-120.2579,48.5102],[-120.2578,48.51],[-120.2523,48.5018],[-120.2445,48.4979],[-120.2307,48.4905],[-120.2256,48.4876],[-120.2081,48.4826],[-120.1906,48.4777],[-120.1895,48.4775],[-120.1877,48.4771],[-120.1858,48.4777],[-120.1855,48.4778],[-120.1784,48.4832],[-120.1738,48.5047],[-120.1788,48.5527],[-120.1761,48.5658],[-120.1633,48.5719],[-120.1506,48.5779],[-120.1378,48.5839],[-120.125,48.59],[-120.1122,48.596],[-120.0994,48.602],[-120.0866,48.6081],[-120.0739,48.6141],[-120.0578,48.6131],[-120.0418,48.6122],[-120.0257,48.6112],[-120.0097,48.6103],[-120.0028,48.6273],[-119.9959,48.6443],[-119.9889,48.6613],[-119.982,48.6783],[-119.9654,48.6875],[-119.9487,48.6966],[-119.932,48.7058],[-119.9153,48.7149],[-119.9258,48.7341],[-119.9362,48.7532],[-119.9467,48.7724],[-119.9572,48.7915],[-119.9519,48.8125],[-119.9466,48.8336],[-119.9413,48.8546],[-119.936,48.8756]]]},"properties":{"OBJECTID":260,"state":"Washington","agency":"Washington Department of Fish and Game","unit_type":"GMU","unit_id":"218","unit_name":"Chewuch","unit_label":"Washington GMU 218 - Chewuch","aliases":"2025 | 218 | 218 chewuch | chewuch | game management unit | game management unit 218 | game management unit 218 chewuch | gmu | gmu 218 | gmu 218 chewuch | hunt unit | hunt unit 218 | hunt unit 218 chewuch | hunting unit | hunting unit 218 | hunting unit","year":"2025","Shape_Length":216365.82029274758,"Shape_Area":1188532696.429897}},{"type":"Feature","id":261,"geometry":{"type":"Polygon","coordinates":[[[-117.8821,48.5472],[-117.8793,48.5751],[-117.8663,48.5805],[-117.8533,48.5859],[-117.8403,48.5912],[-117.8273,48.5966],[-117.8143,48.602],[-117.8013,48.6073],[-117.7883,48.6127],[-117.7753,48.6181],[-117.7699,48.635],[-117.7645,48.652],[-117.7591,48.669],[-117.7536,48.6859],[-117.7329,48.6976],[-117.7122,48.7092],[-117.6915,48.7208],[-117.6708,48.7324],[-117.6664,48.7567],[-117.6619,48.781],[-117.6574,48.8053],[-117.6529,48.8295],[-117.6683,48.841],[-117.6838,48.8524],[-117.6992,48.8639],[-117.7147,48.8753],[-117.7301,48.8867],[-117.7456,48.8982],[-117.761,48.9096],[-117.7765,48.921],[-117.7895,48.9145],[-117.8026,48.908],[-117.8156,48.9015],[-117.8286,48.895],[-117.8417,48.8884],[-117.8547,48.8819],[-117.8677,48.8754],[-117.8807,48.8689],[-117.8938,48.8623],[-117.9068,48.8558],[-117.9198,48.8493],[-117.9328,48.8428],[-117.9458,48.8362],[-117.9588,48.8297],[-117.9718,48.8232],[-117.9848,48.8166],[-118.0019,48.8007],[-118.0189,48.7848],[-118.0359,48.7689],[-118.0529,48.7529],[-118.0441,48.7351],[-118.0352,48.7173],[-118.0263,48.6995],[-118.0175,48.6817],[-118.0297,48.6747],[-118.0419,48.6676],[-118.0541,48.6605],[-118.0663,48.6535],[-118.0785,48.6464],[-118.0907,48.6393],[-118.1029,48.6323],[-118.1151,48.6252],[-118.0958,48.6199],[-118.0765,48.6145],[-118.0572,48.6092],[-118.0379,48.6038],[-118.0187,48.5985],[-117.9994,48.5931],[-117.9801,48.5878],[-117.9608,48.5824],[-117.9471,48.5735],[-117.9333,48.5645],[-117.9196,48.5555],[-117.9058,48.5466],[-117.8821,48.5472]]]},"properties":{"OBJECTID":261,"state":"Washington","agency":"Washington Department of Fish and Game","unit_type":"GMU","unit_id":"108","unit_name":"Douglas","unit_label":"Washington GMU 108 - Douglas","aliases":"108 | 108 douglas | 2025 | douglas | game management unit | game management unit 108 | game management unit 108 douglas | gmu | gmu 108 | gmu 108 douglas | hunt unit | hunt unit 108 | hunt unit 108 douglas | hunting unit | hunting unit 108 | hunting unit","year":"2025","Shape_Length":117788.39333276577,"Shape_Area":763683580.6075727}},{"type":"Feature","id":262,"geometry":{"type":"Polygon","coordinates":[[[-119.936,48.8756],[-119.9508,48.8872],[-119.9656,48.8988],[-119.9406,48.9053],[-119.9155,48.9118],[-119.8905,48.9183],[-119.8655,48.9248],[-119.8696,48.9436],[-119.8738,48.9623],[-119.8779,48.9811],[-119.882,48.9998],[-119.8998,48.9999],[-119.9176,49.0],[-119.9354,49.0001],[-119.9532,49.0001],[-119.971,49.0002],[-119.9888,49.0003],[-120.0065,49.0003],[-120.0243,49.0004],[-120.0421,49.0005],[-120.0599,49.0005],[-120.0777,49.0006],[-120.0955,49.0006],[-120.1133,49.0007],[-120.1311,49.0007],[-120.1489,49.0008],[-120.1667,49.0008],[-120.1844,49.0008],[-120.2022,49.0009],[-120.22,49.0009],[-120.2378,49.001],[-120.2556,49.001],[-120.2734,49.001],[-120.2912,49.001],[-120.309,49.0011],[-120.3268,49.0011],[-120.3446,49.0011],[-120.3623,49.0011],[-120.3801,49.0012],[-120.3979,49.0012],[-120.4157,49.0012],[-120.4335,49.0012],[-120.4513,49.0012],[-120.4691,49.0012],[-120.4869,49.0012],[-120.5047,49.0012],[-120.5225,49.0012],[-120.5403,49.0012],[-120.558,49.0012],[-120.5758,49.0012],[-120.5936,49.0012],[-120.6114,49.0012],[-120.6292,49.0012],[-120.647,49.0011],[-120.6648,49.0011],[-120.6826,49.0011],[-120.7004,49.0011],[-120.7182,49.001],[-120.7359,49.001],[-120.7537,49.001],[-120.7715,49.001],[-120.7893,49.0009],[-120.8071,49.0009],[-120.8249,49.0008],[-120.8427,49.0008],[-120.8605,49.0008],[-120.8783,49.0007],[-120.8961,49.0007],[-120.9138,49.0006],[-120.9316,49.0006],[-120.9494,49.0005],[-120.9672,49.0004],[-120.985,49.0004],[-121.0028,49.0003],[-121.0206,49.0003],[-121.0131,48.9862],[-121.0055,48.972],[-120.998,48.9579],[-120.9905,48.9438],[-120.983,48.9297],[-120.9754,48.9156],[-120.9679,48.9015],[-120.9604,48.8874],[-120.9764,48.8784],[-120.9924,48.8693],[-120.9955,48.8448],[-120.9987,48.8204],[-121.0019,48.7959],[-121.0051,48.7714],[-120.9945,48.7601],[-120.984,48.7488],[-120.9734,48.7375],[-120.9629,48.7262],[-120.9471,48.7272],[-120.9313,48.7282],[-120.9154,48.7292],[-120.8996,48.7301],[-120.8838,48.7311],[-120.868,48.7321],[-120.8522,48.7331],[-120.8364,48.734],[-120.8239,48.7416],[-120.8114,48.7491],[-120.7989,48.7566],[-120.7863,48.7641],[-120.7738,48.7716],[-120.7613,48.7791],[-120.7487,48.7866],[-120.7362,48.7941],[-120.7193,48.7772],[-120.7024,48.7602],[-120.6825,48.7502],[-120.6626,48.7401],[-120.6427,48.73],[-120.6228,48.7199],[-120.6029,48.7098],[-120.5831,48.6997],[-120.5632,48.6896],[-120.5433,48.6796],[-120.5251,48.6815],[-120.5069,48.6834],[-120.4887,48.6853],[-120.4705,48.6872],[-120.4522,48.6892],[-120.434,48.6911],[-120.4158,48.693],[-120.3976,48.6949],[-120.3882,48.709],[-120.3789,48.7231],[-120.3695,48.7371],[-120.3602,48.7512],[-120.3508,48.7653],[-120.3414,48.7794],[-120.332,48.7935],[-120.3227,48.8076],[-120.3047,48.8031],[-120.2867,48.7986],[-120.2687,48.7942],[-120.2507,48.7897],[-120.2327,48.7852],[-120.2147,48.7808],[-120.1967,48.7763],[-120.1787,48.7718],[-120.1596,48.7779],[-120.1405,48.784],[-120.1214,48.79],[-120.1022,48.7961],[-120.0831,48.8022],[-120.064,48.8082],[-120.0448,48.8143],[-120.0257,48.8203],[-120.0145,48.8383],[-120.0033,48.8562],[-119.9922,48.8741],[-119.981,48.8921],[-119.9585,48.8838],[-119.936,48.8756]]]},"properties":{"OBJECTID":262,"state":"Washington","agency":"Washington Department of Fish and Game","unit_type":"GMU","unit_id":"203","unit_name":"Pasayten","unit_label":"Washington GMU 203 - Pasayten","aliases":"2025 | 203 | 203 pasayten | game management unit | game management unit 203 | game management unit 203 pasayten | gmu | gmu 203 | gmu 203 pasayten | hunt unit | hunt unit 203 | hunt unit 203 pasayten | hunting unit | hunting unit 203 | hunting unit 203 p","year":"2025","Shape_Length":236517.1437364898,"Shape_Area":2127526705.6055198}},{"type":"Feature","id":263,"geometry":{"type":"Polygon","coordinates":[[[-121.0206,49.0003],[-121.0452,49.0003],[-121.0698,49.0003],[-121.0945,49.0003],[-121.1191,49.0003],[-121.1215,48.9074],[-121.1062,48.8921],[-121.0909,48.8768],[-121.0755,48.8614],[-121.0602,48.8461],[-121.0751,48.8408],[-121.0899,48.8355],[-121.1047,48.8302],[-121.1196,48.8249],[-121.1344,48.8196],[-121.1492,48.8143],[-121.164,48.809],[-121.1788,48.8037],[-121.1651,48.7982],[-121.1513,48.7926],[-121.1376,48.787],[-121.1238,48.7815],[-121.1101,48.7759],[-121.0964,48.7703],[-121.0826,48.7648],[-121.0689,48.7592],[-121.085,48.7539],[-121.101,48.7485],[-121.1171,48.7432],[-121.1332,48.7379],[-121.1492,48.7326],[-121.1653,48.7272],[-121.1813,48.7219],[-121.1974,48.7166],[-121.2135,48.7112],[-121.2295,48.7059],[-121.2455,48.7006],[-121.2616,48.6952],[-121.2776,48.6899],[-121.2937,48.6845],[-121.3097,48.6792],[-121.3257,48.6738],[-121.3385,48.6643],[-121.3513,48.6547],[-121.364,48.6451],[-121.3768,48.6355],[-121.3746,48.5745],[-121.3578,48.5802],[-121.3409,48.586],[-121.324,48.5917],[-121.3072,48.5974],[-121.293,48.6077],[-121.2788,48.618],[-121.2646,48.6283],[-121.2505,48.6386],[-121.2363,48.6489],[-121.2221,48.6592],[-121.2079,48.6695],[-121.1937,48.6798],[-121.1644,48.6762],[-121.135,48.6727],[-121.1056,48.6691],[-121.0763,48.6655],[-121.0718,48.6407],[-121.0673,48.616],[-121.0579,48.6245],[-121.0486,48.6329],[-121.0393,48.6414],[-121.03,48.6499],[-121.0207,48.6584],[-121.0113,48.6669],[-121.002,48.6753],[-120.9927,48.6838],[-120.9756,48.6787],[-120.9584,48.6735],[-120.9413,48.6683],[-120.9242,48.6632],[-120.9291,48.6276],[-120.9161,48.6197],[-120.9031,48.6118],[-120.8901,48.6039],[-120.8771,48.596],[-120.8642,48.5881],[-120.8512,48.5802],[-120.8382,48.5723],[-120.8252,48.5643],[-120.8115,48.5502],[-120.7977,48.5361],[-120.784,48.5219],[-120.7703,48.5078],[-120.7523,48.5128],[-120.7344,48.5178],[-120.7244,48.5325],[-120.7143,48.5472],[-120.7043,48.5619],[-120.6942,48.5766],[-120.7093,48.5818],[-120.7244,48.587],[-120.7395,48.5922],[-120.7546,48.5974],[-120.7486,48.6094],[-120.7426,48.6215],[-120.7366,48.6336],[-120.7306,48.6457],[-120.7246,48.6577],[-120.7186,48.6698],[-120.7126,48.6819],[-120.7066,48.694],[-120.6964,48.7025],[-120.6863,48.711],[-120.6762,48.7195],[-120.6661,48.728],[-120.6842,48.7441],[-120.7024,48.7602],[-120.7193,48.7772],[-120.7362,48.7941],[-120.7487,48.7866],[-120.7613,48.7791],[-120.7738,48.7716],[-120.7863,48.7641],[-120.7989,48.7566],[-120.8114,48.7491],[-120.8239,48.7416],[-120.8364,48.734],[-120.8522,48.7331],[-120.868,48.7321],[-120.8838,48.7311],[-120.8996,48.7301],[-120.9154,48.7292],[-120.9313,48.7282],[-120.9471,48.7272],[-120.9629,48.7262],[-120.9734,48.7375],[-120.984,48.7488],[-120.9945,48.7601],[-121.0051,48.7714],[-121.0019,48.7959],[-120.9987,48.8204],[-120.9955,48.8448],[-120.9924,48.8693],[-120.9764,48.8784],[-120.9604,48.8874],[-120.9679,48.9015],[-120.9754,48.9156],[-120.983,48.9297],[-120.9905,48.9438],[-120.998,48.9579],[-121.0055,48.972],[-121.0131,48.9862],[-121.0206,49.0003]]]},"properties":{"OBJECTID":263,"state":"Washington","agency":"Washington Department of Fish and Game","unit_type":"GMU","unit_id":"426","unit_name":"Diablo","unit_label":"Washington GMU 426 - Diablo","aliases":"2025 | 426 | 426 diablo | diablo | game management unit | game management unit 426 | game management unit 426 diablo | gmu | gmu 426 | gmu 426 diablo | hunt unit | hunt unit 426 | hunt unit 426 diablo | hunting unit | hunting unit 426 | hunting unit 426","year":"2025","Shape_Length":240294.32391807632,"Shape_Area":842775557.23904}},{"type":"Feature","id":264,"geometry":{"type":"Polygon","coordinates":[[[-119.445,48.7064],[-119.446,48.7068],[-119.4525,48.7004],[-119.4749,48.699],[-119.4758,48.6986],[-119.4762,48.6983],[-119.4767,48.6979],[-119.4867,48.6883],[-119.4879,48.688],[-119.4936,48.6866],[-119.501,48.6871],[-119.5039,48.6867],[-119.5154,48.6873],[-119.5154,48.6873],[-119.5166,48.6908],[-119.5201,48.6908],[-119.5273,48.6951],[-119.5277,48.6955],[-119.5299,48.698],[-119.5447,48.7158],[-119.5594,48.7336],[-119.5742,48.7514],[-119.589,48.7692],[-119.5855,48.7909],[-119.582,48.8127],[-119.5982,48.8217],[-119.6144,48.8308],[-119.6306,48.8398],[-119.6468,48.8488],[-119.637,48.862],[-119.6272,48.8752],[-119.6174,48.8885],[-119.6076,48.9017],[-119.6198,48.9111],[-119.632,48.9206],[-119.6442,48.9301],[-119.6563,48.9395],[-119.6593,48.9698],[-119.6622,49.0001],[-119.6897,49.0001],[-119.7172,49.0001],[-119.7446,49.0],[-119.7721,49.0],[-119.7996,49.0],[-119.8271,48.9999],[-119.8545,48.9999],[-119.882,48.9998],[-119.8779,48.9811],[-119.8738,48.9623],[-119.8696,48.9436],[-119.8655,48.9248],[-119.8905,48.9183],[-119.9155,48.9118],[-119.9406,48.9053],[-119.9656,48.8988],[-119.9508,48.8872],[-119.936,48.8756],[-119.9413,48.8546],[-119.9466,48.8336],[-119.9519,48.8125],[-119.9572,48.7915],[-119.9467,48.7724],[-119.9362,48.7532],[-119.9258,48.7341],[-119.9153,48.7149],[-119.8932,48.704],[-119.871,48.693],[-119.8559,48.6765],[-119.8409,48.6599],[-119.8258,48.6433],[-119.8108,48.6267],[-119.7958,48.6101],[-119.7807,48.5935],[-119.7657,48.5769],[-119.7507,48.5604],[-119.7396,48.5727],[-119.7285,48.5851],[-119.7173,48.5974],[-119.7062,48.6098],[-119.688,48.6075],[-119.6698,48.6052],[-119.6516,48.6029],[-119.6334,48.6007],[-119.6152,48.5984],[-119.597,48.5961],[-119.5788,48.5938],[-119.5606,48.5915],[-119.56,48.5911],[-119.5591,48.5903],[-119.5573,48.5889],[-119.553,48.5872],[-119.544,48.5842],[-119.5436,48.5825],[-119.5415,48.5797],[-119.5394,48.5784],[-119.5351,48.5761],[-119.5395,48.5692],[-119.5422,48.5662],[-119.5342,48.5499],[-119.5262,48.5335],[-119.5183,48.5171],[-119.5103,48.5008],[-119.5063,48.5013],[-119.5063,48.5016],[-119.5062,48.5023],[-119.506,48.5025],[-119.5054,48.5033],[-119.505,48.5037],[-119.5051,48.5037],[-119.4976,48.529],[-119.4901,48.5544],[-119.4826,48.5797],[-119.4751,48.605],[-119.4676,48.6304],[-119.46,48.6557],[-119.4525,48.6811],[-119.445,48.7064]]]},"properties":{"OBJECTID":264,"state":"Washington","agency":"Washington Department of Fish and Game","unit_type":"GMU","unit_id":"215","unit_name":"Sinlahekin","unit_label":"Washington GMU 215 - Sinlahekin","aliases":"2025 | 215 | 215 sinlahekin | game management unit | game management unit 215 | game management unit 215 sinlahekin | gmu | gmu 215 | gmu 215 sinlahekin | hunt unit | hunt unit 215 | hunt unit 215 sinlahekin | hunting unit | hunting unit 215 | hunting un","year":"2025","Shape_Length":174424.83353410065,"Shape_Area":1102879374.884746}},{"type":"Feature","id":265,"geometry":{"type":"Polygon","coordinates":[[[-119.445,48.7064],[-119.4448,48.7066],[-119.4355,48.7207],[-119.4263,48.7348],[-119.4171,48.7489],[-119.4078,48.763],[-119.4024,48.8044],[-119.409,48.8216],[-119.4156,48.8388],[-119.4223,48.8559],[-119.4289,48.8731],[-119.429,48.8731],[-119.4311,48.8928],[-119.4312,48.8928],[-119.4275,48.9505],[-119.4263,48.9508],[-119.4256,48.9509],[-119.4233,48.952],[-119.4218,48.9526],[-119.4209,48.9535],[-119.4207,48.9538],[-119.4206,48.9539],[-119.4208,48.9547],[-119.4211,48.9561],[-119.4212,48.9564],[-119.4214,48.9582],[-119.4215,48.9587],[-119.4213,48.9592],[-119.429,48.9678],[-119.4289,48.9681],[-119.4289,48.9683],[-119.4288,48.9693],[-119.4279,48.9713],[-119.4263,48.9736],[-119.426,48.9743],[-119.4249,48.9755],[-119.4244,48.9763],[-119.4248,48.9764],[-119.425,48.9781],[-119.4249,48.9784],[-119.4234,48.9802],[-119.4333,48.9862],[-119.433,48.9864],[-119.433,48.9864],[-119.4327,48.987],[-119.431,48.9914],[-119.4311,48.9915],[-119.4333,48.9959],[-119.43,48.997],[-119.4291,49.0001],[-119.4291,49.0001],[-119.4583,49.0001],[-119.4874,49.0001],[-119.5165,49.0001],[-119.5457,49.0001],[-119.5748,49.0001],[-119.6039,49.0001],[-119.6331,49.0001],[-119.6622,49.0001],[-119.6593,48.9698],[-119.6563,48.9395],[-119.6442,48.9301],[-119.632,48.9206],[-119.6198,48.9111],[-119.6076,48.9017],[-119.6174,48.8885],[-119.6272,48.8752],[-119.637,48.862],[-119.6468,48.8488],[-119.6306,48.8398],[-119.6144,48.8308],[-119.5982,48.8217],[-119.582,48.8127],[-119.5855,48.7909],[-119.589,48.7692],[-119.5742,48.7514],[-119.5594,48.7336],[-119.5447,48.7158],[-119.5299,48.698],[-119.5277,48.6955],[-119.5273,48.6951],[-119.5201,48.6908],[-119.5166,48.6908],[-119.5154,48.6873],[-119.5154,48.6873],[-119.5039,48.6867],[-119.501,48.6871],[-119.4936,48.6866],[-119.4879,48.688],[-119.4867,48.6883],[-119.4767,48.6979],[-119.4762,48.6983],[-119.4758,48.6986],[-119.4749,48.699],[-119.4525,48.7004],[-119.446,48.7068],[-119.445,48.7064]]]},"properties":{"OBJECTID":265,"state":"Washington","agency":"Washington Department of Fish and Game","unit_type":"GMU","unit_id":"209","unit_name":"Wannacut","unit_label":"Washington GMU 209 - Wannacut","aliases":"2025 | 209 | 209 wannacut | game management unit | game management unit 209 | game management unit 209 wannacut | gmu | gmu 209 | gmu 209 wannacut | hunt unit | hunt unit 209 | hunt unit 209 wannacut | hunting unit | hunting unit 209 | hunting unit 209 w","year":"2025","Shape_Length":98243.69500885718,"Shape_Area":467036790.40568376}},{"type":"Feature","id":266,"geometry":{"type":"Polygon","coordinates":[[[-121.5218,48.9995],[-121.5389,48.9996],[-121.5561,48.9997],[-121.5732,48.9998],[-121.5904,49.0],[-121.6075,49.0001],[-121.6247,49.0002],[-121.6418,49.0003],[-121.659,49.0004],[-121.6762,49.0004],[-121.6933,49.0005],[-121.7105,49.0006],[-121.7276,49.0007],[-121.7448,49.0008],[-121.7619,49.0009],[-121.7791,49.001],[-121.7962,49.0011],[-121.8134,49.0011],[-121.8305,49.0012],[-121.8477,49.0013],[-121.8649,49.0014],[-121.882,49.0014],[-121.8992,49.0015],[-121.9163,49.0016],[-121.9335,49.0016],[-121.9506,49.0017],[-121.9678,49.0017],[-121.9849,49.0018],[-122.0021,49.0019],[-122.0192,49.0019],[-122.0364,49.002],[-122.0536,49.002],[-122.0707,49.0021],[-122.0703,48.9324],[-122.0871,48.9286],[-122.1039,48.9248],[-122.1207,48.921],[-122.1375,48.9172],[-122.145,48.8974],[-122.1524,48.8776],[-122.1598,48.8578],[-122.1672,48.838],[-122.1531,48.8222],[-122.1391,48.8063],[-122.125,48.7904],[-122.1109,48.7746],[-122.1219,48.7517],[-122.1328,48.7289],[-122.1505,48.7269],[-122.1681,48.7248],[-122.1858,48.7227],[-122.2034,48.7206],[-122.2107,48.6916],[-122.2179,48.6625],[-122.2252,48.6334],[-122.2325,48.6043],[-122.2291,48.5574],[-122.2257,48.5105],[-122.2049,48.5187],[-122.1842,48.5269],[-122.1576,48.5276],[-122.1311,48.5282],[-122.1045,48.5288],[-122.0779,48.5293],[-122.0514,48.5299],[-122.0248,48.5305],[-121.9983,48.5311],[-121.9717,48.5317],[-121.9451,48.5322],[-121.9186,48.5328],[-121.892,48.5334],[-121.8654,48.5339],[-121.8389,48.5345],[-121.8123,48.535],[-121.7858,48.5355],[-121.7592,48.5361],[-121.746,48.5509],[-121.7328,48.5658],[-121.7196,48.5807],[-121.7064,48.5955],[-121.6822,48.6012],[-121.658,48.6069],[-121.6338,48.6126],[-121.6096,48.6183],[-121.6106,48.6931],[-121.5935,48.6992],[-121.5764,48.7053],[-121.5593,48.7114],[-121.5422,48.7175],[-121.5446,48.7527],[-121.547,48.7878],[-121.5708,48.7879],[-121.5946,48.788],[-121.6184,48.788],[-121.6423,48.7881],[-121.6386,48.8246],[-121.635,48.8611],[-121.6066,48.8611],[-121.5783,48.8611],[-121.5499,48.8611],[-121.5215,48.861],[-121.5218,48.9995]]]},"properties":{"OBJECTID":266,"state":"Washington","agency":"Washington Department of Fish and Game","unit_type":"GMU","unit_id":"418","unit_name":"Nooksack","unit_label":"Washington GMU 418 - Nooksack","aliases":"2025 | 418 | 418 nooksack | game management unit | game management unit 418 | game management unit 418 nooksack | gmu | gmu 418 | gmu 418 nooksack | hunt unit | hunt unit 418 | hunt unit 418 nooksack | hunting unit | hunting unit 418 | hunting unit 418 n","year":"2025","Shape_Length":215681.97031054,"Shape_Area":2178983237.849645}},{"type":"Feature","id":267,"geometry":{"type":"Polygon","coordinates":[[[-118.7363,48.4815],[-118.7429,48.5147],[-118.7496,48.5479],[-118.7446,48.5691],[-118.7395,48.5903],[-118.7345,48.6115],[-118.7295,48.6327],[-118.755,48.6396],[-118.7806,48.6465],[-118.8061,48.6534],[-118.8317,48.6602],[-118.8572,48.6671],[-118.8828,48.6739],[-118.9083,48.6808],[-118.9339,48.6876],[-118.9447,48.7087],[-118.9554,48.7299],[-118.9662,48.751],[-118.977,48.7721],[-118.9461,48.7745],[-118.9152,48.7768],[-118.906,48.7965],[-118.8967,48.8161],[-118.8874,48.8358],[-118.8781,48.8555],[-118.8688,48.8752],[-118.8595,48.8948],[-118.8501,48.9145],[-118.8408,48.9342],[-118.8208,48.9366],[-118.8007,48.939],[-118.7807,48.9414],[-118.7606,48.9438],[-118.7654,48.9719],[-118.7702,49.0001],[-118.8,49.0001],[-118.8299,49.0002],[-118.8598,49.0002],[-118.8897,49.0002],[-118.9196,49.0003],[-118.9495,49.0003],[-118.9794,49.0003],[-119.0092,49.0003],[-119.0391,49.0003],[-119.069,49.0003],[-119.0989,49.0003],[-119.1288,49.0002],[-119.1587,49.0002],[-119.1886,49.0002],[-119.2184,49.0001],[-119.2483,49.0001],[-119.2493,49.0001],[-119.2723,49.0001],[-119.2953,49.0001],[-119.3114,49.0001],[-119.3276,49.0001],[-119.353,49.0001],[-119.3784,49.0001],[-119.4038,49.0001],[-119.4291,49.0001],[-119.4291,49.0001],[-119.43,48.997],[-119.4333,48.9959],[-119.4311,48.9915],[-119.431,48.9914],[-119.4327,48.987],[-119.433,48.9864],[-119.433,48.9864],[-119.4333,48.9862],[-119.4234,48.9802],[-119.4249,48.9784],[-119.425,48.9781],[-119.4248,48.9764],[-119.4244,48.9763],[-119.4249,48.9755],[-119.426,48.9743],[-119.4263,48.9736],[-119.4279,48.9713],[-119.4288,48.9693],[-119.4289,48.9683],[-119.4289,48.9681],[-119.429,48.9678],[-119.4213,48.9592],[-119.4215,48.9587],[-119.4214,48.9582],[-119.4212,48.9564],[-119.4211,48.9561],[-119.4208,48.9547],[-119.4206,48.9539],[-119.4207,48.9538],[-119.4209,48.9535],[-119.4218,48.9526],[-119.4233,48.952],[-119.4256,48.9509],[-119.4263,48.9508],[-119.4275,48.9505],[-119.4312,48.8928],[-119.4311,48.8928],[-119.429,48.8731],[-119.4289,48.8731],[-119.4223,48.8559],[-119.4156,48.8388],[-119.409,48.8216],[-119.4024,48.8044],[-119.4078,48.763],[-119.4171,48.7489],[-119.4263,48.7348],[-119.4355,48.7207],[-119.4448,48.7066],[-119.445,48.7064],[-119.4525,48.6811],[-119.46,48.6557],[-119.4676,48.6304],[-119.4751,48.605],[-119.4826,48.5797],[-119.4901,48.5544],[-119.4976,48.529],[-119.5051,48.5037],[-119.505,48.5037],[-119.4929,48.4922],[-119.4809,48.4808],[-119.4576,48.4808],[-119.4343,48.4809],[-119.4111,48.481],[-119.3878,48.4811],[-119.3645,48.4811],[-119.3412,48.4812],[-119.318,48.4813],[-119.2947,48.4813],[-119.2714,48.4814],[-119.2482,48.4814],[-119.2249,48.4815],[-119.2016,48.4815],[-119.1784,48.4815],[-119.1551,48.4816],[-119.1318,48.4816],[-119.1086,48.4816],[-119.0853,48.4816],[-119.062,48.4817],[-119.0388,48.4817],[-119.0155,48.4817],[-118.9922,48.4817],[-118.969,48.4817],[-118.9457,48.4817],[-118.9224,48.4817],[-118.8992,48.4817],[-118.8759,48.4817],[-118.8526,48.4816],[-118.8293,48.4816],[-118.8061,48.4816],[-118.7828,48.4816],[-118.7595,48.4815],[-118.7363,48.4815]]]},"properties":{"OBJECTID":267,"state":"Washington","agency":"Washington Department of Fish and Game","unit_type":"GMU","unit_id":"204","unit_name":"Okanogan East","unit_label":"Washington GMU 204 - Okanogan East","aliases":"2025 | 204 | 204 okanogan east | game management unit | game management unit 204 | game management unit 204 okanogan east | gmu | gmu 204 | gmu 204 okanogan east | hunt unit | hunt unit 204 | hunt unit 204 okanogan east | hunting unit | hunting unit 204","year":"2025","Shape_Length":242620.68547097233,"Shape_Area":2601291951.308944}},{"type":"Feature","id":268,"geometry":{"type":"Polygon","coordinates":[[[-118.1192,48.6261],[-118.1185,48.7349],[-118.1305,48.754],[-118.1424,48.7731],[-118.1544,48.7922],[-118.1664,48.8113],[-118.1784,48.8304],[-118.1903,48.8494],[-118.2023,48.8685],[-118.2143,48.8876],[-118.2169,48.9419],[-118.2195,48.9962],[-118.1967,49.0001],[-118.2146,49.0001],[-118.2326,49.0001],[-118.2505,49.0002],[-118.2684,49.0002],[-118.2863,49.0002],[-118.3042,49.0002],[-118.3222,49.0003],[-118.3401,49.0003],[-118.358,49.0003],[-118.3759,49.0003],[-118.3938,49.0003],[-118.4118,49.0003],[-118.4297,49.0004],[-118.4476,49.0004],[-118.4655,49.0004],[-118.4834,49.0004],[-118.5014,49.0004],[-118.5193,49.0004],[-118.5372,49.0004],[-118.5551,49.0004],[-118.573,49.0003],[-118.591,49.0003],[-118.6089,49.0003],[-118.6268,49.0003],[-118.6447,49.0003],[-118.6626,49.0003],[-118.6806,49.0002],[-118.6985,49.0002],[-118.7164,49.0002],[-118.7343,49.0001],[-118.7522,49.0001],[-118.7702,49.0001],[-118.7654,48.9719],[-118.7606,48.9438],[-118.7807,48.9414],[-118.8007,48.939],[-118.8208,48.9366],[-118.8408,48.9342],[-118.8501,48.9145],[-118.8595,48.8948],[-118.8688,48.8752],[-118.8781,48.8555],[-118.8874,48.8358],[-118.8967,48.8161],[-118.906,48.7965],[-118.9152,48.7768],[-118.9461,48.7745],[-118.977,48.7721],[-118.9662,48.751],[-118.9554,48.7299],[-118.9447,48.7087],[-118.9339,48.6876],[-118.9083,48.6808],[-118.8828,48.6739],[-118.8572,48.6671],[-118.8317,48.6602],[-118.8061,48.6534],[-118.7806,48.6465],[-118.755,48.6396],[-118.7295,48.6327],[-118.7345,48.6115],[-118.7395,48.5903],[-118.7446,48.5691],[-118.7496,48.5479],[-118.7429,48.5147],[-118.7363,48.4815],[-118.7198,48.4815],[-118.7033,48.4816],[-118.6868,48.4816],[-118.6703,48.4816],[-118.6539,48.4817],[-118.6374,48.4817],[-118.6209,48.4817],[-118.6044,48.4818],[-118.5879,48.4818],[-118.5714,48.4818],[-118.5549,48.4818],[-118.5385,48.4818],[-118.522,48.4819],[-118.5055,48.4819],[-118.489,48.4819],[-118.4725,48.4819],[-118.456,48.4819],[-118.4396,48.4819],[-118.4231,48.4819],[-118.4066,48.4819],[-118.3901,48.4819],[-118.3736,48.4819],[-118.3571,48.4819],[-118.3406,48.4819],[-118.3242,48.4819],[-118.3077,48.4819],[-118.2912,48.4819],[-118.2747,48.4819],[-118.2582,48.4819],[-118.2417,48.4818],[-118.2253,48.4818],[-118.2088,48.4818],[-118.1941,48.497],[-118.1794,48.5122],[-118.1647,48.5274],[-118.15,48.5427],[-118.1423,48.5635],[-118.1346,48.5844],[-118.1269,48.6053],[-118.1192,48.6261]]]},"properties":{"OBJECTID":268,"state":"Washington","agency":"Washington Department of Fish and Game","unit_type":"GMU","unit_id":"101","unit_name":"Sherman","unit_label":"Washington GMU 101 - Sherman","aliases":"101 | 101 sherman | 2025 | game management unit | game management unit 101 | game management unit 101 sherman | gmu | gmu 101 | gmu 101 sherman | hunt unit | hunt unit 101 | hunt unit 101 sherman | hunting unit | hunting unit 101 | hunting unit 101 sherm","year":"2025","Shape_Length":221292.1622633304,"Shape_Area":2836995080.876523}},{"type":"Feature","id":269,"geometry":{"type":"Polygon","coordinates":[[[-117.7765,48.921],[-117.7596,48.9278],[-117.7426,48.9345],[-117.7257,48.9412],[-117.7087,48.9479],[-117.6918,48.9547],[-117.6748,48.9614],[-117.6578,48.9681],[-117.6409,48.9748],[-117.6355,48.9878],[-117.6301,49.0007],[-117.6478,49.0007],[-117.6655,49.0007],[-117.6832,49.0008],[-117.7009,49.0008],[-117.7186,49.0008],[-117.7363,49.0008],[-117.754,49.0008],[-117.7717,49.0008],[-117.7894,49.0008],[-117.8071,49.0008],[-117.8248,49.0008],[-117.8426,49.0007],[-117.8603,49.0007],[-117.878,49.0007],[-117.8957,49.0007],[-117.9134,49.0007],[-117.9311,49.0007],[-117.9488,49.0006],[-117.9665,49.0006],[-117.9842,49.0006],[-118.0019,49.0006],[-118.0196,49.0005],[-118.0373,49.0005],[-118.0551,49.0004],[-118.0728,49.0004],[-118.0905,49.0004],[-118.1082,49.0003],[-118.1259,49.0003],[-118.1436,49.0002],[-118.1613,49.0002],[-118.179,49.0001],[-118.1967,49.0001],[-118.2195,48.9962],[-118.2169,48.9419],[-118.2143,48.8876],[-118.2023,48.8685],[-118.1903,48.8494],[-118.1784,48.8304],[-118.1664,48.8113],[-118.1544,48.7922],[-118.1424,48.7731],[-118.1305,48.754],[-118.1185,48.7349],[-118.1192,48.6261],[-118.1151,48.6252],[-118.1029,48.6323],[-118.0907,48.6393],[-118.0785,48.6464],[-118.0663,48.6535],[-118.0541,48.6605],[-118.0419,48.6676],[-118.0297,48.6747],[-118.0175,48.6817],[-118.0263,48.6995],[-118.0352,48.7173],[-118.0441,48.7351],[-118.0529,48.7529],[-118.0359,48.7689],[-118.0189,48.7848],[-118.0019,48.8007],[-117.9848,48.8166],[-117.9718,48.8232],[-117.9588,48.8297],[-117.9458,48.8362],[-117.9328,48.8428],[-117.9198,48.8493],[-117.9068,48.8558],[-117.8938,48.8623],[-117.8807,48.8689],[-117.8677,48.8754],[-117.8547,48.8819],[-117.8417,48.8884],[-117.8286,48.895],[-117.8156,48.9015],[-117.8026,48.908],[-117.7895,48.9145],[-117.7765,48.921]]]},"properties":{"OBJECTID":269,"state":"Washington","agency":"Washington Department of Fish and Game","unit_type":"GMU","unit_id":"105","unit_name":"Kelly Hill","unit_label":"Washington GMU 105 - Kelly Hill","aliases":"105 | 105 kelly hill | 2025 | game management unit | game management unit 105 | game management unit 105 kelly hill | gmu | gmu 105 | gmu 105 kelly hill | hunt unit | hunt unit 105 | hunt unit 105 kelly hill | hunting unit | hunting unit 105 | hunting un","year":"2025","Shape_Length":146514.12403535994,"Shape_Area":758060143.1672639}},{"type":"Feature","id":270,"geometry":{"type":"Polygon","coordinates":[[[-122.0707,49.0021],[-122.0903,49.0021],[-122.1098,49.0022],[-122.1294,49.0023],[-122.1489,49.0024],[-122.1685,49.0025],[-122.188,49.0025],[-122.2076,49.0026],[-122.2272,49.0027],[-122.2467,49.0027],[-122.2663,49.0028],[-122.2858,49.0028],[-122.3054,49.0029],[-122.3249,49.003],[-122.3445,49.003],[-122.364,49.0031],[-122.3836,49.0031],[-122.4031,49.0031],[-122.4227,49.0032],[-122.4423,49.0032],[-122.4618,49.0033],[-122.4814,49.0033],[-122.5009,49.0033],[-122.5205,49.0033],[-122.54,49.0034],[-122.5596,49.0034],[-122.5791,49.0034],[-122.5987,49.0034],[-122.6183,49.0034],[-122.6378,49.0034],[-122.6574,49.0034],[-122.6769,49.0034],[-122.6965,49.0035],[-122.716,49.0034],[-122.7356,49.0034],[-122.7551,49.0034],[-122.7747,49.0034],[-122.7943,49.0034],[-122.8138,49.0034],[-122.8334,49.0034],[-122.8529,49.0034],[-122.8725,49.0033],[-122.892,49.0033],[-122.9116,49.0033],[-122.9311,49.0033],[-122.9507,49.0032],[-122.9702,49.0032],[-122.9898,49.0031],[-123.0094,49.0031],[-123.0289,49.0031],[-123.0485,49.003],[-123.068,49.003],[-123.0876,49.0029],[-123.1071,49.0029],[-123.1267,49.0028],[-123.1462,49.0027],[-123.1658,49.0027],[-123.1854,49.0026],[-123.2049,49.0025],[-123.2245,49.0025],[-123.244,49.0024],[-123.2636,49.0023],[-123.2831,49.0022],[-123.3027,49.0022],[-123.3222,49.0021],[-123.3026,48.9914],[-123.2829,48.9807],[-123.2633,48.9701],[-123.2436,48.9594],[-123.224,48.9487],[-123.2044,48.9381],[-123.1848,48.9274],[-123.1652,48.9167],[-123.1455,48.906],[-123.1259,48.8954],[-123.1064,48.8847],[-123.0868,48.874],[-123.0672,48.8633],[-123.0476,48.8526],[-123.028,48.8419],[-123.0085,48.8312],[-122.9842,48.8239],[-122.9599,48.8166],[-122.9356,48.8093],[-122.9113,48.8019],[-122.887,48.7946],[-122.8628,48.7873],[-122.8385,48.7799],[-122.8142,48.7726],[-122.8007,48.7598],[-122.7871,48.7471],[-122.7736,48.7344],[-122.7601,48.7216],[-122.7465,48.7089],[-122.733,48.6962],[-122.7195,48.6834],[-122.706,48.6707],[-122.7129,48.6457],[-122.6868,48.6444],[-122.6608,48.6431],[-122.6348,48.6417],[-122.6087,48.6404],[-122.6218,48.63],[-122.6349,48.6196],[-122.6479,48.6092],[-122.661,48.5988],[-122.6682,48.5631],[-122.6754,48.5275],[-122.693,48.5275],[-122.7106,48.5275],[-122.7281,48.5275],[-122.7457,48.5275],[-122.7427,48.4989],[-122.7396,48.4702],[-122.7366,48.4416],[-122.7336,48.413],[-122.7163,48.4135],[-122.699,48.4139],[-122.6817,48.4143],[-122.6644,48.4147],[-122.647,48.4151],[-122.6297,48.4155],[-122.6124,48.4159],[-122.5951,48.4164],[-122.5874,48.4065],[-122.5796,48.3966],[-122.5719,48.3868],[-122.5642,48.3769],[-122.5564,48.367],[-122.5487,48.3572],[-122.541,48.3473],[-122.5332,48.3375],[-122.5126,48.3268],[-122.4919,48.3161],[-122.4712,48.3055],[-122.4506,48.2948],[-122.4361,48.2803],[-122.4217,48.2658],[-122.4073,48.2513],[-122.3928,48.2368],[-122.3981,48.2164],[-122.4033,48.196],[-122.4086,48.1756],[-122.4138,48.1552],[-122.3987,48.1377],[-122.3836,48.1201],[-122.3685,48.1025],[-122.3533,48.085],[-122.3505,48.0223],[-122.3218,48.0222],[-122.2931,48.0222],[-122.2645,48.0221],[-122.2358,48.022],[-122.2148,48.0217],[-122.2034,48.0206],[-122.1963,48.0193],[-122.1899,48.0174],[-122.1804,47.996],[-122.1793,47.9919],[-122.1706,47.9865],[-122.1698,47.9854],[-122.1691,47.9834],[-122.1699,47.9827],[-122.1728,47.9811],[-122.1754,47.9802],[-122.1764,47.9801],[-122.1803,47.9796],[-122.1807,47.9795],[-122.1815,47.9792],[-122.1841,47.978],[-122.1852,47.9775],[-122.1859,47.9768],[-122.187,47.9757],[-122.1873,47.9753],[-122.1876,47.9718],[-122.1877,47.9712],[-122.1882,47.9691],[-122.1864,47.9604],[-122.1871,47.9572],[-122.1895,47.9534],[-122.1911,47.9511],[-122.1912,47.9508],[-122.1916,47.9493],[-122.1916,47.9492],[-122.1916,47.949],[-122.1913,47.9485],[-122.1843,47.9481],[-122.1833,47.9482],[-122.1746,47.944],[-122.1741,47.9436],[-122.1716,47.9415],[-122.1701,47.9399],[-122.1694,47.9384],[-122.169,47.9367],[-122.169,47.9358],[-122.1691,47.9349],[-122.1692,47.9347],[-122.17,47.9325],[-122.1702,47.9318],[-122.1702,47.9309],[-122.1596,47.9256],[-122.1571,47.9254],[-122.1501,47.9225],[-122.15,47.9225],[-122.147,47.9219],[-122.1444,47.9217],[-122.1337,47.9219],[-122.133,47.9218],[-122.1217,47.918],[-122.1197,47.9151],[-122.1049,47.9104],[-122.0901,47.9058],[-122.0916,47.9041],[-122.0928,47.9034],[-122.0932,47.9015],[-122.0918,47.8974],[-122.0917,47.8925],[-122.0912,47.892],[-122.09,47.8911],[-122.0895,47.8901],[-122.089,47.8892],[-122.0884,47.8881],[-122.0882,47.887],[-122.0878,47.8861],[-122.0867,47.8844],[-122.0864,47.8835],[-122.0864,47.8833],[-122.0849,47.8774],[-122.0859,47.8728],[-122.078,47.8664],[-122.0766,47.8636],[-122.0767,47.8614],[-122.0768,47.8613],[-122.077,47.8611],[-122.0865,47.8595],[-122.0863,47.8574],[-122.0862,47.8572],[-122.0662,47.8436],[-122.0462,47.83],[-122.0462,47.83],[-122.0448,47.8282],[-122.0445,47.828],[-122.0294,47.8213],[-122.0144,47.8146],[-122.0118,47.813],[-122.0038,47.8065],[-122.0036,47.8058],[-122.0014,47.8021],[-122.0011,47.802],[-121.9988,47.7939],[-121.9985,47.7938],[-121.9983,47.7937],[-121.9979,47.7939],[-121.9962,47.7944],[-121.9919,47.7939],[-121.9761,47.7949],[-121.9709,47.8266],[-121.9656,47.8582],[-121.9431,47.8664],[-121.9207,47.8747],[-121.9127,47.8935],[-121.9047,47.9123],[-121.8967,47.9311],[-121.8887,47.9498],[-121.8956,47.9655],[-121.9025,47.9812],[-121.9094,47.9969],[-121.9163,48.0125],[-121.9232,48.0282],[-121.9301,48.0439],[-121.937,48.0596],[-121.9439,48.0753],[-121.9584,48.0864],[-121.9729,48.0974],[-121.9875,48.1085],[-122.002,48.1196],[-122.0165,48.1307],[-122.031,48.1418],[-122.0456,48.1529],[-122.0601,48.164],[-122.0391,48.1778],[-122.0181,48.1916],[-121.997,48.2053],[-121.976,48.2191],[-121.9973,48.2234],[-122.0187,48.2277],[-122.0401,48.232],[-122.0615,48.2363],[-122.0781,48.2269],[-122.0947,48.2176],[-122.1114,48.2082],[-122.128,48.1988],[-122.1377,48.2157],[-122.1475,48.2326],[-122.1572,48.2496],[-122.1669,48.2665],[-122.1843,48.2801],[-122.2016,48.2936],[-122.219,48.3072],[-122.2364,48.3208],[-122.2283,48.3304],[-122.2203,48.3401],[-122.2123,48.3497],[-122.2043,48.3593],[-122.2179,48.3762],[-122.2316,48.3931],[-122.2453,48.41],[-122.259,48.4269],[-122.2507,48.4478],[-122.2423,48.4687],[-122.234,48.4896],[-122.2257,48.5105],[-122.2291,48.5574],[-122.2325,48.6043],[-122.2252,48.6334],[-122.2179,48.6625],[-122.2107,48.6916],[-122.2034,48.7206],[-122.1858,48.7227],[-122.1681,48.7248],[-122.1505,48.7269],[-122.1328,48.7289],[-122.1219,48.7517],[-122.1109,48.7746],[-122.125,48.7904],[-122.1391,48.8063],[-122.1531,48.8222],[-122.1672,48.838],[-122.1598,48.8578],[-122.1524,48.8776],[-122.145,48.8974],[-122.1375,48.9172],[-122.1207,48.921],[-122.1039,48.9248],[-122.0871,48.9286],[-122.0703,48.9324],[-122.0707,49.0021]],[[-122.6028,48.5583],[-122.6144,48.5509],[-122.626,48.5436],[-122.6376,48.5363],[-122.6492,48.529],[-122.6488,48.5884],[-122.6373,48.5809],[-122.6258,48.5733],[-122.6143,48.5658],[-122.6028,48.5583]]]},"properties":{"OBJECTID":270,"state":"Washington","agency":"Washington Department of Fish and Game","unit_type":"GMU","unit_id":"407","unit_name":"North Sound","unit_label":"Washington GMU 407 - North Sound","aliases":"2025 | 407 | 407 north sound | game management unit | game management unit 407 | game management unit 407 north sound | gmu | gmu 407 | gmu 407 north sound | hunt unit | hunt unit 407 | hunt unit 407 north sound | hunting unit | hunting unit 407 | huntin","year":"2025","Shape_Length":492000.9195570992,"Shape_Area":4774543650.41643}},{"type":"Feature","id":271,"geometry":{"type":"Polygon","coordinates":[[[-117.3975,48.6852],[-117.4037,48.711],[-117.41,48.7368],[-117.4162,48.7626],[-117.4225,48.7884],[-117.4112,48.8071],[-117.4,48.8259],[-117.3887,48.8446],[-117.3775,48.8633],[-117.3662,48.882],[-117.3549,48.9008],[-117.3437,48.9195],[-117.3324,48.9382],[-117.3378,48.9538],[-117.3433,48.9693],[-117.3487,48.9848],[-117.3541,49.0003],[-117.3714,49.0004],[-117.3886,49.0004],[-117.4059,49.0004],[-117.4231,49.0005],[-117.4404,49.0005],[-117.4576,49.0005],[-117.4749,49.0006],[-117.4921,49.0006],[-117.5093,49.0006],[-117.5266,49.0006],[-117.5438,49.0007],[-117.5611,49.0007],[-117.5783,49.0007],[-117.5956,49.0007],[-117.6128,49.0007],[-117.6301,49.0007],[-117.6355,48.9878],[-117.6409,48.9748],[-117.6578,48.9681],[-117.6748,48.9614],[-117.6918,48.9547],[-117.7087,48.9479],[-117.7257,48.9412],[-117.7426,48.9345],[-117.7596,48.9278],[-117.7765,48.921],[-117.761,48.9096],[-117.7456,48.8982],[-117.7301,48.8867],[-117.7147,48.8753],[-117.6992,48.8639],[-117.6838,48.8524],[-117.6683,48.841],[-117.6529,48.8295],[-117.6574,48.8053],[-117.6619,48.781],[-117.6664,48.7567],[-117.6708,48.7324],[-117.6915,48.7208],[-117.7122,48.7092],[-117.7329,48.6976],[-117.7536,48.6859],[-117.7591,48.669],[-117.7645,48.652],[-117.7699,48.635],[-117.7753,48.6181],[-117.7883,48.6127],[-117.8013,48.6073],[-117.8143,48.602],[-117.8273,48.5966],[-117.8403,48.5912],[-117.8533,48.5859],[-117.8663,48.5805],[-117.8793,48.5751],[-117.8821,48.5472],[-117.8627,48.5391],[-117.8433,48.5309],[-117.8239,48.5228],[-117.8045,48.5146],[-117.7876,48.5133],[-117.7707,48.5119],[-117.7538,48.5106],[-117.7369,48.5093],[-117.72,48.5079],[-117.7031,48.5066],[-117.6862,48.5052],[-117.6694,48.5039],[-117.6551,48.5111],[-117.6409,48.5184],[-117.6267,48.5257],[-117.6124,48.533],[-117.5982,48.5402],[-117.584,48.5475],[-117.5697,48.5548],[-117.5555,48.562],[-117.5503,48.595],[-117.5451,48.628],[-117.5336,48.6351],[-117.5222,48.6421],[-117.5107,48.6492],[-117.4992,48.6563],[-117.4878,48.6633],[-117.4763,48.6704],[-117.4648,48.6774],[-117.4533,48.6845],[-117.4254,48.6848],[-117.3975,48.6852]]]},"properties":{"OBJECTID":271,"state":"Washington","agency":"Washington Department of Fish and Game","unit_type":"GMU","unit_id":"111","unit_name":"Aladdin","unit_label":"Washington GMU 111 - Aladdin","aliases":"111 | 111 aladdin | 2025 | aladdin | game management unit | game management unit 111 | game management unit 111 aladdin | gmu | gmu 111 | gmu 111 aladdin | hunt unit | hunt unit 111 | hunt unit 111 aladdin | hunting unit | hunting unit 111 | hunting unit","year":"2025","Shape_Length":171825.421018402,"Shape_Area":1176881277.7097864}},{"type":"Feature","id":272,"geometry":{"type":"Polygon","coordinates":[[[-117.0393,48.1884],[-117.0388,48.2013],[-117.0376,48.2515],[-117.0377,48.2534],[-117.0364,48.316],[-117.0352,48.3786],[-117.0351,48.3887],[-117.0351,48.4257],[-117.0352,48.4777],[-117.0346,48.5951],[-117.0345,48.6077],[-117.0343,48.7003],[-117.034,48.7091],[-117.0338,48.7195],[-117.0335,48.7301],[-117.0333,48.738],[-117.0332,48.7452],[-117.032,48.7874],[-117.0321,48.9216],[-117.0322,48.9689],[-117.0323,48.9759],[-117.0324,48.9901],[-117.0324,48.9946],[-117.0325,48.9992],[-117.0526,48.9993],[-117.0727,48.9994],[-117.0928,48.9995],[-117.1129,48.9995],[-117.133,48.9996],[-117.1531,48.9997],[-117.1732,48.9998],[-117.1933,48.9998],[-117.2134,48.9999],[-117.2335,49.0],[-117.2536,49.0],[-117.2737,49.0001],[-117.2938,49.0002],[-117.3139,49.0002],[-117.334,49.0003],[-117.3541,49.0003],[-117.3487,48.9848],[-117.3433,48.9693],[-117.3378,48.9538],[-117.3324,48.9382],[-117.3437,48.9195],[-117.3549,48.9008],[-117.3662,48.882],[-117.3775,48.8633],[-117.3887,48.8446],[-117.4,48.8259],[-117.4112,48.8071],[-117.4225,48.7884],[-117.4162,48.7626],[-117.41,48.7368],[-117.4037,48.711],[-117.3975,48.6852],[-117.3913,48.6693],[-117.3852,48.6534],[-117.3791,48.6375],[-117.373,48.6216],[-117.3669,48.6058],[-117.3608,48.5899],[-117.3547,48.574],[-117.3486,48.5581],[-117.3286,48.5436],[-117.3087,48.529],[-117.2887,48.5145],[-117.2688,48.4999],[-117.2882,48.4844],[-117.3075,48.4689],[-117.3027,48.4322],[-117.2979,48.3955],[-117.293,48.3588],[-117.2882,48.322],[-117.2799,48.3112],[-117.2716,48.3004],[-117.2633,48.2896],[-117.2551,48.2788],[-117.2468,48.2679],[-117.2385,48.2571],[-117.2302,48.2463],[-117.2219,48.2355],[-117.2037,48.234],[-117.1854,48.2326],[-117.1672,48.2311],[-117.1489,48.2296],[-117.1306,48.2282],[-117.1124,48.2267],[-117.0941,48.2252],[-117.0759,48.2238],[-117.0668,48.2151],[-117.0577,48.2063],[-117.0486,48.1976],[-117.0395,48.1889],[-117.0393,48.1884]]]},"properties":{"OBJECTID":272,"state":"Washington","agency":"Washington Department of Fish and Game","unit_type":"GMU","unit_id":"113","unit_name":"Selkirk","unit_label":"Washington GMU 113 - Selkirk","aliases":"113 | 113 selkirk | 2025 | game management unit | game management unit 113 | game management unit 113 selkirk | gmu | gmu 113 | gmu 113 selkirk | hunt unit | hunt unit 113 | hunt unit 113 selkirk | hunting unit | hunting unit 113 | hunting unit 113 selki","year":"2025","Shape_Length":219764.97563481636,"Shape_Area":1933419473.6491652}},{"type":"Feature","id":273,"geometry":{"type":"Polygon","coordinates":[[[-123.1794,48.6105],[-123.1912,48.6033],[-123.203,48.5962],[-123.1806,48.5832],[-123.1794,48.6105]]]},"properties":{"OBJECTID":273,"state":"Washington","agency":"Washington Department of Fish and Game","unit_type":"GMU","unit_id":"423","unit_name":"Henry","unit_label":"Washington GMU 423 - Henry","aliases":"2025 | 423 | 423 henry | game management unit | game management unit 423 | game management unit 423 henry | gmu | gmu 423 | gmu 423 henry | henry | hunt unit | hunt unit 423 | hunt unit 423 henry | hunting unit | hunting unit 423 | hunting unit 423 henry","year":"2025","Shape_Length":7563.476822578094,"Shape_Area":2572968.03743585}},{"type":"Feature","id":274,"geometry":{"type":"Polygon","coordinates":[[[-123.2245,48.6897],[-123.2191,48.6704],[-123.193,48.6671],[-123.1668,48.6638],[-123.1812,48.6703],[-123.1956,48.6768],[-123.21,48.6832],[-123.2245,48.6897]]]},"properties":{"OBJECTID":274,"state":"Washington","agency":"Washington Department of Fish and Game","unit_type":"GMU","unit_id":"424","unit_name":"Stuart","unit_label":"Washington GMU 424 - Stuart","aliases":"2025 | 424 | 424 stuart | game management unit | game management unit 424 | game management unit 424 stuart | gmu | gmu 424 | gmu 424 stuart | hunt unit | hunt unit 424 | hunt unit 424 stuart | hunting unit | hunting unit 424 | hunting unit 424 stuart |","year":"2025","Shape_Length":11276.137591083361,"Shape_Area":4000936.4567283727}},{"type":"Feature","id":275,"geometry":{"type":"Polygon","coordinates":[[[-122.0806,46.3063],[-122.0983,46.3134],[-122.1159,46.3205],[-122.1336,46.3276],[-122.1512,46.3346],[-122.1789,46.3274],[-122.2066,46.3202],[-122.2343,46.3129],[-122.262,46.3056],[-122.2928,46.3083],[-122.3236,46.311],[-122.3544,46.3137],[-122.3852,46.3164],[-122.416,46.319],[-122.4468,46.3217],[-122.4777,46.3244],[-122.5085,46.327],[-122.4926,46.3177],[-122.4768,46.3084],[-122.4609,46.2991],[-122.4451,46.2898],[-122.4293,46.2805],[-122.4134,46.2712],[-122.3976,46.2619],[-122.3818,46.2526],[-122.3602,46.2501],[-122.3386,46.2476],[-122.3171,46.2451],[-122.2955,46.2426],[-122.2846,46.2345],[-122.2736,46.2264],[-122.2627,46.2183],[-122.2518,46.2102],[-122.2222,46.2065],[-122.1926,46.2029],[-122.163,46.1992],[-122.1334,46.1955],[-122.1094,46.2019],[-122.0854,46.2083],[-122.0932,46.2208],[-122.1011,46.2333],[-122.1089,46.2457],[-122.1167,46.2582],[-122.106,46.2677],[-122.0953,46.2773],[-122.0846,46.2868],[-122.0739,46.2963],[-122.0806,46.3063]]]},"properties":{"OBJECTID":275,"state":"Washington","agency":"Washington Department of Fish and Game","unit_type":"GMU","unit_id":"522","unit_name":"Loo-wit","unit_label":"Washington GMU 522 - Loo-wit","aliases":"2025 | 522 | 522 loo wit | game management unit | game management unit 522 | game management unit 522 loo wit | gmu | gmu 522 | gmu 522 loo wit | hunt unit | hunt unit 522 | hunt unit 522 loo wit | hunting unit | hunting unit 522 | hunting unit 522 loo w","year":"2025","Shape_Length":85005.708029199,"Shape_Area":272761735.73006123}},{"type":"Feature","id":276,"geometry":{"type":"Polygon","coordinates":[[[-122.198,46.395],[-122.217,46.3899],[-122.2361,46.3849],[-122.2551,46.3798],[-122.2741,46.3747],[-122.2907,46.3755],[-122.3073,46.3763],[-122.3239,46.3771],[-122.3405,46.3779],[-122.3571,46.3787],[-122.3737,46.3795],[-122.3903,46.3803],[-122.4069,46.3811],[-122.4235,46.3819],[-122.4401,46.3827],[-122.4567,46.3835],[-122.4733,46.3842],[-122.4899,46.385],[-122.5065,46.3858],[-122.5231,46.3866],[-122.5397,46.3874],[-122.5453,46.3503],[-122.5269,46.3386],[-122.5085,46.327],[-122.4777,46.3244],[-122.4468,46.3217],[-122.416,46.319],[-122.3852,46.3164],[-122.3544,46.3137],[-122.3236,46.311],[-122.2928,46.3083],[-122.262,46.3056],[-122.2343,46.3129],[-122.2066,46.3202],[-122.1789,46.3274],[-122.1512,46.3346],[-122.1336,46.3276],[-122.1159,46.3205],[-122.0983,46.3134],[-122.0806,46.3063],[-122.0732,46.3306],[-122.0658,46.3549],[-122.0816,46.3541],[-122.0974,46.3534],[-122.1132,46.3526],[-122.1291,46.3518],[-122.1463,46.3626],[-122.1635,46.3734],[-122.1808,46.3842],[-122.198,46.395]]]},"properties":{"OBJECTID":276,"state":"Washington","agency":"Washington Department of Fish and Game","unit_type":"GMU","unit_id":"524","unit_name":"Margaret","unit_label":"Washington GMU 524 - Margaret","aliases":"2025 | 524 | 524 margaret | game management unit | game management unit 524 | game management unit 524 margaret | gmu | gmu 524 | gmu 524 margaret | hunt unit | hunt unit 524 | hunt unit 524 margaret | hunting unit | hunting unit 524 | hunting unit 524 m","year":"2025","Shape_Length":86954.11596017092,"Shape_Area":232937036.956314}},{"type":"Feature","id":277,"geometry":{"type":"Polygon","coordinates":[[[-121.4291,46.0874],[-121.4365,46.1005],[-121.4438,46.1137],[-121.4512,46.1268],[-121.4585,46.14],[-121.4659,46.1531],[-121.4733,46.1662],[-121.4807,46.1794],[-121.488,46.1925],[-121.4828,46.2162],[-121.4776,46.2399],[-121.4723,46.2635],[-121.4671,46.2872],[-121.4785,46.3041],[-121.49,46.3209],[-121.5015,46.3378],[-121.513,46.3546],[-121.4988,46.3727],[-121.4847,46.3909],[-121.4627,46.3902],[-121.4407,46.3895],[-121.4187,46.3888],[-121.3967,46.3881],[-121.4046,46.4081],[-121.4124,46.4281],[-121.4203,46.4481],[-121.4281,46.4681],[-121.4368,46.45],[-121.4455,46.4319],[-121.472,46.4282],[-121.4984,46.4245],[-121.5249,46.4207],[-121.5513,46.417],[-121.5561,46.3992],[-121.5608,46.3814],[-121.5816,46.371],[-121.6024,46.3607],[-121.6232,46.3503],[-121.644,46.34],[-121.6604,46.3402],[-121.6767,46.3405],[-121.693,46.3408],[-121.7093,46.3411],[-121.7247,46.3271],[-121.7401,46.3132],[-121.7555,46.2993],[-121.7708,46.2853],[-121.7902,46.2798],[-121.8096,46.2743],[-121.829,46.2687],[-121.8484,46.2632],[-121.8708,46.2718],[-121.8931,46.2805],[-121.9155,46.2891],[-121.9378,46.2977],[-121.9571,46.2908],[-121.9763,46.2838],[-121.9937,46.2922],[-122.011,46.3006],[-122.0284,46.3089],[-122.0458,46.3173],[-122.0598,46.3068],[-122.0739,46.2963],[-122.0846,46.2868],[-122.0953,46.2773],[-122.106,46.2677],[-122.1167,46.2582],[-122.1089,46.2457],[-122.1011,46.2333],[-122.0932,46.2208],[-122.0854,46.2083],[-122.1094,46.2019],[-122.1334,46.1955],[-122.163,46.1992],[-122.1926,46.2029],[-122.2222,46.2065],[-122.2518,46.2102],[-122.2813,46.21],[-122.3108,46.2098],[-122.3403,46.2096],[-122.3698,46.2095],[-122.3769,46.1972],[-122.384,46.185],[-122.3911,46.1727],[-122.3982,46.1605],[-122.3933,46.1313],[-122.3885,46.1022],[-122.3684,46.0965],[-122.3483,46.0908],[-122.3282,46.0851],[-122.3081,46.0793],[-122.3105,46.0421],[-122.3096,46.0411],[-122.2943,46.0448],[-122.2791,46.0485],[-122.2639,46.0522],[-122.2487,46.0559],[-122.2334,46.0596],[-122.2182,46.0633],[-122.203,46.067],[-122.1878,46.0707],[-122.1697,46.0683],[-122.1517,46.0659],[-122.1337,46.0635],[-122.1157,46.061],[-122.0977,46.0586],[-122.0797,46.0562],[-122.0617,46.0538],[-122.0437,46.0513],[-122.0323,46.0586],[-122.0209,46.0659],[-122.0053,46.0601],[-121.9896,46.0544],[-121.974,46.0486],[-121.9583,46.0429],[-121.9427,46.0371],[-121.927,46.0314],[-121.9114,46.0256],[-121.8958,46.0198],[-121.8802,46.0295],[-121.8647,46.0393],[-121.8492,46.049],[-121.8336,46.0587],[-121.8181,46.0684],[-121.8025,46.0782],[-121.7869,46.0879],[-121.7714,46.0976],[-121.7634,46.0728],[-121.7555,46.0481],[-121.7335,46.0412],[-121.7115,46.0344],[-121.6895,46.0275],[-121.6675,46.0206],[-121.6646,45.9952],[-121.6617,45.9698],[-121.6356,45.9663],[-121.6095,45.9627],[-121.5886,45.9711],[-121.5678,45.9795],[-121.5469,45.9878],[-121.526,45.9962],[-121.5209,46.0353],[-121.5095,46.0418],[-121.498,46.0483],[-121.4865,46.0548],[-121.475,46.0613],[-121.4635,46.0678],[-121.4521,46.0744],[-121.4406,46.0809],[-121.4291,46.0874]]]},"properties":{"OBJECTID":277,"state":"Washington","agency":"Washington Department of Fish and Game","unit_type":"GMU","unit_id":"560","unit_name":"Lewis River","unit_label":"Washington GMU 560 - Lewis River","aliases":"2025 | 560 | 560 lewis river | game management unit | game management unit 560 | game management unit 560 lewis river | gmu | gmu 560 | gmu 560 lewis river | hunt unit | hunt unit 560 | hunt unit 560 lewis river | hunting unit | hunting unit 560 | huntin","year":"2025","Shape_Length":265411.3132878409,"Shape_Area":1935615997.5695581}}]}