{"type":"FeatureCollection","features":[{"type":"Feature","id":463,"geometry":{"type":"Polygon","coordinates":[[[-99.8633,33.8041],[-99.8753,33.8132],[-99.8872,33.8222],[-99.906,33.8099],[-99.9248,33.7977],[-99.9435,33.7854],[-99.9623,33.7731],[-99.9811,33.7608],[-99.9998,33.7485],[-100.0186,33.7362],[-100.0373,33.7239],[-100.0323,33.7066],[-100.0272,33.6893],[-100.0222,33.6719],[-100.0171,33.6546],[-100.002,33.651],[-99.9869,33.6473],[-99.9745,33.6574],[-99.9621,33.6675],[-99.9496,33.6775],[-99.9372,33.6876],[-99.9247,33.6977],[-99.9123,33.7078],[-99.8999,33.7178],[-99.8874,33.7279],[-99.8659,33.733],[-99.8444,33.7382],[-99.8229,33.7433],[-99.8014,33.7484],[-99.8088,33.7743],[-99.8162,33.8002],[-99.8398,33.8022],[-99.8633,33.8041]]]},"properties":{"OBJECTID":463,"state":"Texas","agency":"Texas Parks and Wildlife Department","unit_type":"DMU","unit_id":"4","unit_name":"VL","unit_label":"Texas DMU 4 - VL","aliases":"2026 | 4 | 4 vl | dmu | dmu 4 | dmu 4 vl | texas | texas 4 | texas 4 vl | texas dmu 4 | texas dmu 4 vl | texas parks and wildlife department | texas parks and wildlife department 4 | vl","year":"2026","Shape_Length":62864.05191238996,"Shape_Area":197695092.93412766}},{"type":"Feature","id":464,"geometry":{"type":"Polygon","coordinates":[[[-106.5289,31.8794],[-106.5316,31.9097],[-106.5342,31.94],[-106.5369,31.9704],[-106.5396,32.0007],[-106.5592,32.0007],[-106.5788,32.0006],[-106.5984,32.0006],[-106.6181,32.0005],[-106.6183,32.0005],[-106.6194,31.995],[-106.639,31.9812],[-106.6195,31.9714],[-106.6193,31.9706],[-106.6191,31.9658],[-106.6199,31.9641],[-106.6248,31.9543],[-106.6248,31.9543],[-106.6227,31.953],[-106.6152,31.956],[-106.6218,31.9399],[-106.6283,31.9237],[-106.6243,31.9254],[-106.6241,31.9254],[-106.62,31.9233],[-106.6125,31.9203],[-106.6144,31.918],[-106.6299,31.9065],[-106.6454,31.895],[-106.6295,31.8828],[-106.6337,31.8648],[-106.6307,31.8628],[-106.6221,31.8532],[-106.622,31.8532],[-106.6139,31.8465],[-106.6051,31.8458],[-106.5964,31.8248],[-106.5926,31.8243],[-106.5765,31.8103],[-106.5632,31.812],[-106.548,31.8075],[-106.546,31.8058],[-106.5417,31.802],[-106.5378,31.7999],[-106.5314,31.7919],[-106.5272,31.7897],[-106.5165,31.7792],[-106.5058,31.7686],[-106.4951,31.7581],[-106.4844,31.7475],[-106.4694,31.7556],[-106.4543,31.7637],[-106.4362,31.756],[-106.418,31.7482],[-106.3999,31.7405],[-106.3817,31.7327],[-106.3707,31.7161],[-106.3598,31.6995],[-106.3488,31.6829],[-106.3378,31.6663],[-106.3269,31.6497],[-106.3159,31.6331],[-106.305,31.6165],[-106.294,31.5999],[-106.2831,31.5832],[-106.2721,31.5666],[-106.2612,31.55],[-106.2503,31.5334],[-106.2394,31.5168],[-106.2284,31.5002],[-106.2175,31.4835],[-106.2066,31.4669],[-106.1904,31.4583],[-106.1742,31.4497],[-106.158,31.4411],[-106.1418,31.4325],[-106.1256,31.4239],[-106.1095,31.4152],[-106.0933,31.4066],[-106.0771,31.398],[-106.0617,31.3939],[-106.0463,31.3897],[-106.0309,31.3856],[-106.0154,31.3815],[-106.0,31.3773],[-105.9846,31.3732],[-105.9692,31.3691],[-105.9538,31.3649],[-105.9482,31.3519],[-105.9426,31.3389],[-105.937,31.3259],[-105.9314,31.3129],[-105.9159,31.307],[-105.9004,31.301],[-105.8849,31.2951],[-105.8694,31.2891],[-105.8573,31.2738],[-105.8452,31.2586],[-105.8331,31.2433],[-105.821,31.228],[-105.8089,31.2127],[-105.7968,31.1975],[-105.7847,31.1822],[-105.7726,31.1669],[-105.7516,31.1566],[-105.7307,31.1463],[-105.7097,31.136],[-105.6887,31.1256],[-105.6678,31.1153],[-105.6468,31.105],[-105.6259,31.0946],[-105.6049,31.0843],[-105.5988,31.0724],[-105.5926,31.0605],[-105.5864,31.0486],[-105.5803,31.0367],[-105.5741,31.0247],[-105.568,31.0128],[-105.5619,31.0009],[-105.5557,30.989],[-105.538,30.9778],[-105.5203,30.9665],[-105.5025,30.9553],[-105.4848,30.9441],[-105.4671,30.9328],[-105.4494,30.9216],[-105.4317,30.9104],[-105.414,30.8991],[-105.4043,30.8744],[-105.3946,30.8497],[-105.3687,30.845],[-105.3428,30.8402],[-105.3511,30.851],[-105.3595,30.8617],[-105.3678,30.8725],[-105.3762,30.8833],[-105.3845,30.894],[-105.3928,30.9048],[-105.4012,30.9155],[-105.4095,30.9263],[-105.4179,30.937],[-105.4262,30.9478],[-105.4346,30.9585],[-105.443,30.9693],[-105.4513,30.9801],[-105.4597,30.9908],[-105.468,31.0016],[-105.4764,31.0123],[-105.4841,31.0254],[-105.4917,31.0386],[-105.4994,31.0517],[-105.5071,31.0649],[-105.5148,31.078],[-105.5225,31.0912],[-105.5301,31.1043],[-105.5378,31.1174],[-105.5455,31.1306],[-105.5532,31.1437],[-105.5609,31.1568],[-105.5686,31.17],[-105.5763,31.1831],[-105.584,31.1962],[-105.5917,31.2094],[-105.5994,31.2225],[-105.5923,31.2333],[-105.5851,31.2441],[-105.578,31.2549],[-105.5708,31.2657],[-105.5555,31.2626],[-105.5403,31.2596],[-105.525,31.2565],[-105.5097,31.2534],[-105.494,31.267],[-105.4784,31.2806],[-105.4627,31.2942],[-105.447,31.3078],[-105.4306,31.3088],[-105.4143,31.3097],[-105.3979,31.3107],[-105.3815,31.3116],[-105.3676,31.3004],[-105.3538,31.2893],[-105.3399,31.2781],[-105.326,31.2669],[-105.3427,31.2542],[-105.3593,31.2415],[-105.376,31.2287],[-105.3926,31.216],[-105.3982,31.1881],[-105.4037,31.1602],[-105.3928,31.1357],[-105.3818,31.1113],[-105.3709,31.0868],[-105.36,31.0623],[-105.3504,31.0479],[-105.3409,31.0334],[-105.3313,31.019],[-105.3217,31.0045],[-105.3122,30.9901],[-105.3026,30.9756],[-105.2931,30.9612],[-105.2835,30.9467],[-105.2646,30.9555],[-105.2457,30.9642],[-105.2267,30.973],[-105.2078,30.9817],[-105.1966,30.9992],[-105.1853,31.0167],[-105.1676,31.0174],[-105.1499,31.0181],[-105.1322,31.0188],[-105.1146,31.0195],[-105.0969,31.0202],[-105.0792,31.0208],[-105.0615,31.0215],[-105.0438,31.0222],[-105.0333,31.0009],[-105.0228,30.9797],[-105.0123,30.9584],[-105.0018,30.9371],[-104.9972,30.9204],[-104.9927,30.9038],[-104.9881,30.8871],[-104.9835,30.8704],[-104.979,30.8537],[-104.9744,30.8371],[-104.9699,30.8204],[-104.9653,30.8037],[-104.9672,30.7573],[-104.9691,30.7108],[-104.9482,30.6991],[-104.9273,30.6875],[-104.9064,30.6758],[-104.8855,30.6641],[-104.8843,30.8472],[-104.8787,30.8898],[-104.873,30.9323],[-104.853,30.9416],[-104.8329,30.9509],[-104.8152,30.9445],[-104.7974,30.9381],[-104.7797,30.9316],[-104.7619,30.9252],[-104.7684,30.8935],[-104.775,30.8619],[-104.7815,30.8302],[-104.788,30.7985],[-104.781,30.7826],[-104.7741,30.7666],[-104.7671,30.7507],[-104.7601,30.7347],[-104.7479,30.7232],[-104.7357,30.7116],[-104.7235,30.7001],[-104.7113,30.6885],[-104.6991,30.677],[-104.687,30.6654],[-104.6748,30.6539],[-104.6626,30.6423],[-104.6565,30.6183],[-104.6503,30.5943],[-104.6442,30.5702],[-104.638,30.5462],[-104.6292,30.5342],[-104.6203,30.5222],[-104.6115,30.5102],[-104.6026,30.4982],[-104.5938,30.4862],[-104.585,30.4742],[-104.5761,30.4622],[-104.5673,30.4502],[-104.5638,30.4223],[-104.5603,30.3945],[-104.5568,30.3666],[-104.5533,30.3387],[-104.5378,30.3285],[-104.5223,30.3183],[-104.5243,30.267],[-104.5262,30.2156],[-104.52,30.2002],[-104.5138,30.1849],[-104.5076,30.1695],[-104.5014,30.1542],[-104.4953,30.1388],[-104.4891,30.1234],[-104.4829,30.1081],[-104.4767,30.0927],[-104.4633,30.0976],[-104.4499,30.1024],[-104.4365,30.1073],[-104.4231,30.1121],[-104.4343,30.1279],[-104.4455,30.1438],[-104.4567,30.1596],[-104.4679,30.1754],[-104.4623,30.199],[-104.4567,30.2226],[-104.4511,30.2462],[-104.4455,30.2698],[-104.4272,30.2667],[-104.409,30.2635],[-104.3907,30.2604],[-104.3724,30.2572],[-104.3647,30.2397],[-104.3569,30.2221],[-104.3492,30.2046],[-104.3415,30.1871],[-104.3338,30.1695],[-104.326,30.152],[-104.3183,30.1344],[-104.3106,30.1169],[-104.2931,30.1028],[-104.2756,30.0887],[-104.253,30.088],[-104.2303,30.0872],[-104.2077,30.0865],[-104.1851,30.0857],[-104.1624,30.0849],[-104.1398,30.0842],[-104.1171,30.0834],[-104.0945,30.0826],[-104.0911,30.1121],[-104.0876,30.1416],[-104.0842,30.1711],[-104.0807,30.2006],[-104.0627,30.1931],[-104.0447,30.1856],[-104.0266,30.178],[-104.0086,30.1705],[-104.0029,30.1504],[-103.9972,30.1303],[-103.9914,30.1102],[-103.9857,30.0901],[-103.9834,30.0556],[-103.9812,30.0211],[-103.9789,29.9865],[-103.9766,29.952],[-103.954,29.9521],[-103.9313,29.9521],[-103.9213,29.9653],[-103.9113,29.9786],[-103.9012,29.9918],[-103.8912,30.005],[-103.8811,30.0182],[-103.8711,30.0315],[-103.8611,30.0447],[-103.851,30.0579],[-103.8356,30.064],[-103.8203,30.07],[-103.8049,30.0761],[-103.7895,30.0821],[-103.7768,30.0925],[-103.7642,30.1028],[-103.7515,30.1132],[-103.7388,30.1235],[-103.7262,30.1339],[-103.7135,30.1442],[-103.7008,30.1546],[-103.6881,30.1649],[-103.6961,30.1922],[-103.704,30.2195],[-103.7174,30.2225],[-103.7308,30.2255],[-103.7442,30.2285],[-103.7576,30.2315],[-103.771,30.2345],[-103.7844,30.2374],[-103.7978,30.2404],[-103.8112,30.2434],[-103.823,30.2502],[-103.8348,30.2569],[-103.8466,30.2637],[-103.8584,30.2704],[-103.8597,30.3255],[-103.861,30.3806],[-103.8623,30.4357],[-103.8636,30.4908],[-103.8604,30.5238],[-103.8572,30.5567],[-103.8799,30.5529],[-103.9025,30.5492],[-103.9252,30.5454],[-103.9478,30.5416],[-103.9705,30.5378],[-103.9931,30.534],[-104.0158,30.5302],[-104.0384,30.5264],[-104.0526,30.5289],[-104.0668,30.5315],[-104.081,30.534],[-104.0952,30.5365],[-104.1086,30.5234],[-104.122,30.5102],[-104.1353,30.4971],[-104.1487,30.484],[-104.1621,30.4708],[-104.1754,30.4577],[-104.1888,30.4445],[-104.2021,30.4314],[-104.2174,30.436],[-104.2326,30.4405],[-104.242,30.4667],[-104.2513,30.4929],[-104.2607,30.5191],[-104.27,30.5453],[-104.2801,30.56],[-104.2903,30.5747],[-104.3004,30.5894],[-104.3106,30.6041],[-104.3207,30.6188],[-104.3309,30.6334],[-104.341,30.6481],[-104.3512,30.6628],[-104.3577,30.6842],[-104.3641,30.7055],[-104.3706,30.7269],[-104.377,30.7482],[-104.3666,30.7723],[-104.3562,30.7963],[-104.3457,30.8204],[-104.3353,30.8444],[-104.3458,30.8553],[-104.3563,30.8662],[-104.3668,30.8771],[-104.3773,30.888],[-104.373,30.9464],[-104.3786,30.9619],[-104.3841,30.9775],[-104.3896,30.993],[-104.3952,31.0085],[-104.4007,31.024],[-104.4063,31.0396],[-104.4119,31.0551],[-104.4174,31.0706],[-104.4382,31.0792],[-104.459,31.0878],[-104.4798,31.0964],[-104.5006,31.105],[-104.5214,31.1136],[-104.5423,31.1222],[-104.5631,31.1308],[-104.5839,31.1394],[-104.594,31.1613],[-104.6041,31.1832],[-104.6143,31.2051],[-104.6244,31.227],[-104.6113,31.2415],[-104.5981,31.256],[-104.5739,31.2623],[-104.5497,31.2686],[-104.5255,31.2748],[-104.5013,31.2811],[-104.4882,31.2766],[-104.4751,31.2722],[-104.462,31.2677],[-104.4489,31.2633],[-104.4358,31.2588],[-104.4227,31.2543],[-104.4096,31.2499],[-104.3965,31.2454],[-104.3778,31.2369],[-104.3591,31.2283],[-104.3403,31.2198],[-104.3216,31.2113],[-104.3029,31.2027],[-104.2842,31.1942],[-104.2655,31.1857],[-104.2468,31.1771],[-104.2305,31.1766],[-104.2143,31.1761],[-104.198,31.1756],[-104.1817,31.1751],[-104.1655,31.1746],[-104.1492,31.1741],[-104.1329,31.1735],[-104.1167,31.173],[-104.1004,31.1725],[-104.0841,31.172],[-104.0678,31.1715],[-104.0516,31.1709],[-104.0353,31.1704],[-104.019,31.1699],[-104.0028,31.1693],[-103.9865,31.1688],[-103.9796,31.1581],[-103.9727,31.1474],[-103.9658,31.1366],[-103.9589,31.1259],[-103.9521,31.1152],[-103.9452,31.1045],[-103.9383,31.0937],[-103.9314,31.083],[-103.9205,31.0745],[-103.9095,31.0659],[-103.8986,31.0574],[-103.8877,31.0489],[-103.8768,31.0403],[-103.8658,31.0318],[-103.8549,31.0232],[-103.844,31.0147],[-103.8305,30.9981],[-103.817,30.9816],[-103.8036,30.965],[-103.7901,30.9484],[-103.7903,30.8953],[-103.7723,30.8936],[-103.7542,30.8918],[-103.7362,30.8901],[-103.7181,30.8884],[-103.7001,30.8866],[-103.6821,30.8849],[-103.664,30.8831],[-103.646,30.8814],[-103.6279,30.8796],[-103.6099,30.8779],[-103.5919,30.8761],[-103.5738,30.8744],[-103.5558,30.8726],[-103.5378,30.8708],[-103.5197,30.8691],[-103.5017,30.8673],[-103.4919,30.8408],[-103.482,30.8143],[-103.4936,30.8039],[-103.5051,30.7935],[-103.5167,30.7832],[-103.5282,30.7728],[-103.5398,30.7624],[-103.5513,30.752],[-103.5629,30.7416],[-103.5744,30.7312],[-103.5651,30.7131],[-103.5558,30.6951],[-103.5465,30.677],[-103.5372,30.6589],[-103.5436,30.6387],[-103.55,30.6186],[-103.5564,30.5984],[-103.5628,30.5782],[-103.5767,30.5665],[-103.5907,30.5549],[-103.6046,30.5432],[-103.6185,30.5315],[-103.6325,30.5198],[-103.6464,30.5082],[-103.6603,30.4965],[-103.6742,30.4848],[-103.6794,30.4506],[-103.6845,30.4165],[-103.6897,30.3823],[-103.6948,30.3481],[-103.678,30.3415],[-103.6613,30.3348],[-103.6445,30.3282],[-103.6277,30.3215],[-103.615,30.3262],[-103.6023,30.3309],[-103.5897,30.3355],[-103.577,30.3402],[-103.5643,30.3449],[-103.5516,30.3496],[-103.5389,30.3542],[-103.5262,30.3589],[-103.5089,30.3468],[-103.4916,30.3346],[-103.4845,30.3226],[-103.4773,30.3105],[-103.4702,30.2985],[-103.4631,30.2864],[-103.456,30.2744],[-103.4488,30.2624],[-103.4417,30.2503],[-103.4346,30.2383],[-103.4275,30.2262],[-103.4204,30.2142],[-103.4132,30.2021],[-103.4061,30.1901],[-103.399,30.1781],[-103.3919,30.166],[-103.3848,30.154],[-103.3777,30.1419],[-103.3586,30.1402],[-103.3395,30.1385],[-103.3204,30.1368],[-103.3013,30.1351],[-103.2821,30.1334],[-103.263,30.1317],[-103.2439,30.1299],[-103.2248,30.1282],[-103.2105,30.1354],[-103.1962,30.1426],[-103.1819,30.1498],[-103.1676,30.157],[-103.145,30.1603],[-103.1223,30.1636],[-103.0997,30.1669],[-103.0771,30.1702],[-103.0544,30.1735],[-103.0318,30.1768],[-103.0092,30.1801],[-102.9865,30.1834],[-102.9849,30.229],[-102.9834,30.2746],[-102.9818,30.3201],[-102.9802,30.3657],[-102.9884,30.38],[-102.9966,30.3942],[-103.01,30.3858],[-103.0235,30.3774],[-103.0369,30.369],[-103.0503,30.3606],[-103.0638,30.3522],[-103.0772,30.3438],[-103.0906,30.3354],[-103.104,30.327],[-103.1205,30.3233],[-103.137,30.3195],[-103.1535,30.3158],[-103.17,30.312],[-103.1865,30.3083],[-103.2029,30.3045],[-103.2194,30.3008],[-103.2359,30.297],[-103.2524,30.2933],[-103.2689,30.2895],[-103.2853,30.2858],[-103.3018,30.282],[-103.3183,30.2782],[-103.3348,30.2745],[-103.3512,30.2707],[-103.3677,30.2669],[-103.3851,30.2706],[-103.4025,30.2742],[-103.4198,30.2779],[-103.4372,30.2815],[-103.4446,30.3046],[-103.4519,30.3277],[-103.4452,30.3395],[-103.4385,30.3512],[-103.4318,30.363],[-103.4251,30.3747],[-103.4184,30.3865],[-103.4116,30.3982],[-103.4049,30.41],[-103.3982,30.4217],[-103.3884,30.4289],[-103.3785,30.4361],[-103.3687,30.4433],[-103.3588,30.4505],[-103.3489,30.4576],[-103.3391,30.4648],[-103.3292,30.472],[-103.3194,30.4792],[-103.3095,30.4864],[-103.2996,30.4935],[-103.2898,30.5007],[-103.2799,30.5079],[-103.27,30.5151],[-103.2602,30.5223],[-103.2503,30.5294],[-103.2404,30.5366],[-103.2283,30.5415],[-103.2162,30.5464],[-103.2042,30.5514],[-103.1921,30.5563],[-103.18,30.5612],[-103.1679,30.5661],[-103.1558,30.571],[-103.1437,30.5759],[-103.1184,30.5783],[-103.093,30.5807],[-103.0677,30.5831],[-103.0424,30.5855],[-103.017,30.5878],[-102.9917,30.5902],[-102.9664,30.5926],[-102.941,30.5949],[-102.9416,30.644],[-102.9309,30.6638],[-102.9202,30.6836],[-102.9095,30.7034],[-102.8988,30.7232],[-102.8881,30.7334],[-102.8774,30.7435],[-102.8667,30.7537],[-102.856,30.7638],[-102.8453,30.774],[-102.8346,30.7841],[-102.8239,30.7943],[-102.8132,30.8044],[-102.7976,30.8097],[-102.782,30.815],[-102.7663,30.8202],[-102.7507,30.8255],[-102.7351,30.8308],[-102.7195,30.8361],[-102.7038,30.8413],[-102.6882,30.8466],[-102.6694,30.8588],[-102.6505,30.871],[-102.6317,30.8832],[-102.6128,30.8954],[-102.5939,30.9076],[-102.5751,30.9198],[-102.5562,30.932],[-102.5373,30.9442],[-102.5231,30.9489],[-102.5089,30.9536],[-102.4947,30.9583],[-102.4805,30.963],[-102.4663,30.9677],[-102.452,30.9724],[-102.4378,30.9771],[-102.4236,30.9818],[-102.4066,30.9835],[-102.3896,30.9853],[-102.3725,30.987],[-102.3555,30.9887],[-102.3389,30.974],[-102.3223,30.9592],[-102.3057,30.9445],[-102.2891,30.9297],[-102.2737,30.9383],[-102.2583,30.9468],[-102.2429,30.9554],[-102.2275,30.9639],[-102.2115,30.9649],[-102.1954,30.966],[-102.1794,30.967],[-102.1633,30.968],[-102.1485,30.9634],[-102.1337,30.9588],[-102.1189,30.9543],[-102.104,30.9497],[-102.0892,30.9451],[-102.0744,30.9405],[-102.0596,30.9359],[-102.0448,30.9313],[-102.0422,30.8315],[-102.0396,30.7317],[-102.053,30.7197],[-102.0664,30.7077],[-102.0797,30.6956],[-102.0931,30.6836],[-102.1124,30.6743],[-102.1318,30.665],[-102.1511,30.6557],[-102.1704,30.6464],[-102.1898,30.6371],[-102.2091,30.6278],[-102.2284,30.6184],[-102.2477,30.6091],[-102.2586,30.6013],[-102.2695,30.5935],[-102.2803,30.5857],[-102.2912,30.5779],[-102.3021,30.5701],[-102.313,30.5623],[-102.3238,30.5545],[-102.3347,30.5467],[-102.3391,30.5059],[-102.3435,30.465],[-102.3479,30.4242],[-102.3523,30.3833],[-102.3361,30.3688],[-102.3198,30.3543],[-102.3036,30.3397],[-102.2874,30.3252],[-102.2808,30.3029],[-102.2743,30.2806],[-102.2677,30.2583],[-102.2611,30.236],[-102.2546,30.2137],[-102.248,30.1913],[-102.2415,30.169],[-102.2349,30.1467],[-102.2252,30.138],[-102.2155,30.1292],[-102.2058,30.1205],[-102.1961,30.1117],[-102.1864,30.103],[-102.1767,30.0942],[-102.167,30.0854],[-102.1573,30.0767],[-102.1477,30.0679],[-102.138,30.0592],[-102.1283,30.0504],[-102.1186,30.0417],[-102.1089,30.0329],[-102.0993,30.0241],[-102.0896,30.0154],[-102.0799,30.0066],[-102.065,29.9953],[-102.0501,29.984],[-102.0352,29.9727],[-102.0203,29.9614],[-102.0054,29.9501],[-101.9906,29.9387],[-101.9757,29.9274],[-101.9608,29.9161],[-101.937,29.913],[-101.9132,29.9099],[-101.8894,29.9068],[-101.8656,29.9036],[-101.8418,29.9005],[-101.818,29.8974],[-101.7942,29.8942],[-101.7704,29.8911],[-101.7528,29.8831],[-101.7353,29.875],[-101.7177,29.867],[-101.7001,29.859],[-101.6826,29.8509],[-101.665,29.8429],[-101.6475,29.8349],[-101.6299,29.8268],[-101.6118,29.8237],[-101.5938,29.8207],[-101.5757,29.8176],[-101.5576,29.8145],[-101.5682,29.8249],[-101.5787,29.8354],[-101.5893,29.8458],[-101.5998,29.8562],[-101.6097,29.8743],[-101.6196,29.8925],[-101.6295,29.9106],[-101.6394,29.9287],[-101.6493,29.9468],[-101.6592,29.9649],[-101.6691,29.983],[-101.6791,30.0012],[-101.689,30.0193],[-101.6989,30.0374],[-101.7089,30.0555],[-101.7188,30.0736],[-101.7287,30.0917],[-101.7387,30.1098],[-101.7487,30.1279],[-101.7586,30.146],[-101.7574,30.2893],[-101.747,30.3078],[-101.7365,30.3262],[-101.7173,30.3343],[-101.6981,30.3424],[-101.6789,30.3504],[-101.6597,30.3585],[-101.6697,30.3663],[-101.6797,30.3742],[-101.6897,30.382],[-101.6997,30.3898],[-101.7098,30.3976],[-101.7198,30.4055],[-101.7298,30.4133],[-101.7398,30.4211],[-101.7323,30.4464],[-101.7247,30.4716],[-101.7066,30.4698],[-101.6885,30.4679],[-101.6779,30.491],[-101.6672,30.5141],[-101.6566,30.5372],[-101.6459,30.5603],[-101.6492,30.59],[-101.6524,30.6197],[-101.6677,30.6349],[-101.683,30.6502],[-101.6984,30.6654],[-101.7137,30.6806],[-101.6932,30.6877],[-101.6726,30.6948],[-101.6521,30.7018],[-101.6315,30.7089],[-101.611,30.7159],[-101.5904,30.723],[-101.5699,30.7301],[-101.5493,30.7371],[-101.5396,30.7294],[-101.5299,30.7216],[-101.5202,30.7139],[-101.5105,30.7061],[-101.4936,30.708],[-101.4768,30.7099],[-101.4599,30.7117],[-101.443,30.7136],[-101.4534,30.7328],[-101.4638,30.7519],[-101.4742,30.7711],[-101.4846,30.7902],[-101.495,30.8094],[-101.5055,30.8285],[-101.5159,30.8477],[-101.5263,30.8668],[-101.5522,30.8648],[-101.5781,30.8628],[-101.6039,30.8608],[-101.6298,30.8588],[-101.6399,30.8659],[-101.6501,30.8729],[-101.6602,30.88],[-101.6703,30.887],[-101.6865,30.8856],[-101.7027,30.8843],[-101.7189,30.8829],[-101.7351,30.8815],[-101.7485,30.8956],[-101.7619,30.9096],[-101.7887,30.908],[-101.8155,30.9065],[-101.8423,30.9049],[-101.8691,30.9033],[-101.8781,30.9115],[-101.8872,30.9197],[-101.8962,30.9278],[-101.9052,30.936],[-101.9143,30.9442],[-101.9233,30.9524],[-101.9324,30.9605],[-101.9414,30.9687],[-101.9471,31.0004],[-101.9707,31.0089],[-101.9942,31.0173],[-102.009,31.0144],[-102.0238,31.0115],[-102.0386,31.0087],[-102.0534,31.0058],[-102.0682,31.0029],[-102.083,31.0],[-102.0978,30.9971],[-102.1126,30.9942],[-102.1309,31.0066],[-102.1492,31.019],[-102.1676,31.0313],[-102.1859,31.0437],[-102.1812,31.062],[-102.1766,31.0803],[-102.1719,31.0986],[-102.1672,31.1169],[-102.1625,31.1352],[-102.1579,31.1535],[-102.1532,31.1718],[-102.1485,31.1901],[-102.1547,31.2259],[-102.1608,31.2617],[-102.1466,31.2628],[-102.1325,31.2639],[-102.1183,31.2649],[-102.1042,31.266],[-102.09,31.2671],[-102.0758,31.2682],[-102.0617,31.2692],[-102.0475,31.2703],[-102.0356,31.2602],[-102.0236,31.2501],[-102.0117,31.2399],[-101.9998,31.2298],[-101.9879,31.2197],[-101.9759,31.2096],[-101.964,31.1994],[-101.9521,31.1893],[-101.9369,31.1886],[-101.9217,31.188],[-101.9065,31.1873],[-101.8913,31.1866],[-101.8761,31.1859],[-101.8609,31.1853],[-101.8457,31.1846],[-101.8305,31.1839],[-101.8109,31.1949],[-101.7912,31.2058],[-101.7685,31.2028],[-101.7458,31.1998],[-101.7231,31.1967],[-101.7004,31.1937],[-101.6784,31.2005],[-101.6563,31.2073],[-101.6343,31.214],[-101.6122,31.2208],[-101.5882,31.2285],[-101.5948,31.2393],[-101.6015,31.2502],[-101.6081,31.261],[-101.6147,31.2718],[-101.6347,31.2823],[-101.6547,31.2928],[-101.6747,31.3033],[-101.6947,31.3138],[-101.7147,31.3243],[-101.7348,31.3348],[-101.7548,31.3453],[-101.7748,31.3558],[-101.7741,31.4545],[-101.7734,31.5531],[-101.7726,31.6518],[-101.7719,31.7504],[-101.7644,31.7629],[-101.757,31.7753],[-101.7495,31.7878],[-101.742,31.8002],[-101.724,31.7954],[-101.706,31.7907],[-101.688,31.7859],[-101.67,31.7811],[-101.6824,31.8015],[-101.6948,31.8219],[-101.7073,31.8422],[-101.7197,31.8626],[-101.6995,31.8655],[-101.6792,31.8684],[-101.659,31.8713],[-101.6387,31.8742],[-101.6357,31.8979],[-101.6327,31.9215],[-101.6296,31.9452],[-101.6266,31.9688],[-101.6113,31.9812],[-101.596,31.9937],[-101.5807,32.0061],[-101.5654,32.0185],[-101.5629,32.0528],[-101.5604,32.0872],[-101.5798,32.0872],[-101.5993,32.0872],[-101.6187,32.0873],[-101.6381,32.0873],[-101.6575,32.0873],[-101.6769,32.0874],[-101.6963,32.0874],[-101.7157,32.0874],[-101.7352,32.0874],[-101.7546,32.0874],[-101.774,32.0874],[-101.7934,32.0874],[-101.8128,32.0874],[-101.8322,32.0874],[-101.8517,32.0874],[-101.8711,32.0874],[-101.8905,32.0874],[-101.9099,32.0874],[-101.9293,32.0874],[-101.9487,32.0873],[-101.9682,32.0873],[-101.9876,32.0873],[-102.007,32.0873],[-102.0264,32.0872],[-102.0458,32.0872],[-102.0652,32.0871],[-102.0846,32.0871],[-102.1041,32.087],[-102.1235,32.087],[-102.1429,32.0869],[-102.1623,32.0869],[-102.1817,32.0868],[-102.201,32.0869],[-102.2203,32.0869],[-102.2395,32.087],[-102.2588,32.087],[-102.2781,32.0871],[-102.2974,32.0871],[-102.3166,32.0872],[-102.3359,32.0872],[-102.3552,32.0872],[-102.3745,32.0873],[-102.3937,32.0873],[-102.413,32.0873],[-102.4323,32.0873],[-102.4516,32.0873],[-102.4708,32.0874],[-102.4901,32.0874],[-102.5094,32.0874],[-102.5287,32.0874],[-102.5479,32.0874],[-102.5672,32.0874],[-102.5865,32.0874],[-102.6058,32.0874],[-102.625,32.0873],[-102.6443,32.0873],[-102.6636,32.0873],[-102.6829,32.0873],[-102.7021,32.0873],[-102.7214,32.0872],[-102.7407,32.0872],[-102.76,32.0872],[-102.7792,32.0871],[-102.7985,32.0871],[-102.8029,32.092],[-102.8173,32.0874],[-102.8174,32.0874],[-102.8274,32.0797],[-102.8373,32.072],[-102.8473,32.0643],[-102.8573,32.0566],[-102.8672,32.049],[-102.8772,32.0413],[-102.8872,32.0336],[-102.8971,32.0259],[-102.8882,32.0132],[-102.8794,32.0004],[-102.8705,31.9877],[-102.8616,31.9749],[-102.8543,31.95],[-102.8469,31.925],[-102.8396,31.9001],[-102.8322,31.8751],[-102.8152,31.8591],[-102.7983,31.8431],[-102.7813,31.8271],[-102.7644,31.8111],[-102.7475,31.7951],[-102.7305,31.7791],[-102.7136,31.7631],[-102.6967,31.7471],[-102.6879,31.7333],[-102.6792,31.7195],[-102.6704,31.7057],[-102.6616,31.6919],[-102.6529,31.6781],[-102.6441,31.6643],[-102.6354,31.6505],[-102.6266,31.6367],[-102.608,31.6268],[-102.5895,31.6169],[-102.5709,31.607],[-102.5523,31.597],[-102.5338,31.5871],[-102.5152,31.5772],[-102.4967,31.5672],[-102.4781,31.5573],[-102.4652,31.5429],[-102.4523,31.5286],[-102.4394,31.5142],[-102.4265,31.4998],[-102.4319,31.4599],[-102.4372,31.4199],[-102.4511,31.4123],[-102.465,31.4047],[-102.4788,31.3971],[-102.4927,31.3895],[-102.5199,31.3879],[-102.5472,31.3863],[-102.5744,31.3847],[-102.6016,31.3831],[-102.6167,31.3898],[-102.6318,31.3964],[-102.6468,31.4031],[-102.6619,31.4097],[-102.6739,31.418],[-102.6858,31.4262],[-102.6978,31.4345],[-102.7098,31.4427],[-102.7217,31.451],[-102.7337,31.4592],[-102.7457,31.4675],[-102.7577,31.4757],[-102.7697,31.4839],[-102.7816,31.4922],[-102.7936,31.5004],[-102.8056,31.5087],[-102.8176,31.5169],[-102.8296,31.5251],[-102.8416,31.5334],[-102.8536,31.5416],[-102.8633,31.5497],[-102.873,31.5578],[-102.8828,31.5658],[-102.8925,31.5739],[-102.9022,31.582],[-102.9119,31.5901],[-102.9217,31.5981],[-102.9314,31.6062],[-102.9365,31.6281],[-102.9417,31.65],[-102.9468,31.6719],[-102.952,31.6938],[-102.9571,31.7157],[-102.9623,31.7376],[-102.9674,31.7595],[-102.9726,31.7813],[-102.9777,31.8032],[-102.9829,31.8251],[-102.9881,31.847],[-102.9932,31.8689],[-102.9984,31.8908],[-103.0036,31.9126],[-103.0087,31.9345],[-103.0139,31.9564],[-103.0264,31.9716],[-103.0389,31.9868],[-103.0515,32.002],[-103.064,32.0172],[-103.0641,32.0003],[-103.0842,32.0004],[-103.1044,32.0004],[-103.1245,32.0004],[-103.1446,32.0005],[-103.1648,32.0005],[-103.1849,32.0005],[-103.205,32.0006],[-103.2252,32.0006],[-103.2453,32.0006],[-103.2654,32.0006],[-103.2856,32.0006],[-103.3057,32.0006],[-103.3258,32.0006],[-103.3459,32.0006],[-103.3661,32.0006],[-103.3862,32.0006],[-103.4063,32.0006],[-103.4265,32.0006],[-103.4466,32.0006],[-103.4667,32.0005],[-103.4869,32.0005],[-103.507,32.0005],[-103.5271,32.0005],[-103.5473,32.0004],[-103.5674,32.0004],[-103.5875,32.0003],[-103.6077,32.0003],[-103.6278,32.0002],[-103.6479,32.0002],[-103.668,32.0001],[-103.6882,32.0001],[-103.7083,32.0],[-103.7342,32.0001],[-103.7601,32.0002],[-103.786,32.0003],[-103.8119,32.0004],[-103.8378,32.0004],[-103.8637,32.0005],[-103.8896,32.0005],[-103.9155,32.0006],[-103.9414,32.0006],[-103.9673,32.0007],[-103.9932,32.0007],[-104.0191,32.0008],[-104.045,32.0008],[-104.0709,32.0008],[-104.0968,32.0008],[-104.1227,32.0008],[-104.1486,32.0008],[-104.1745,32.0008],[-104.2004,32.0008],[-104.2262,32.0008],[-104.2521,32.0008],[-104.278,32.0007],[-104.3039,32.0007],[-104.3298,32.0007],[-104.3557,32.0006],[-104.3816,32.0006],[-104.4075,32.0005],[-104.4334,32.0004],[-104.4593,32.0004],[-104.4852,32.0003],[-104.5111,32.0002],[-104.537,32.0001],[-104.5283,31.9843],[-104.5195,31.9684],[-104.5108,31.9526],[-104.5021,31.9368],[-104.4934,31.9209],[-104.4847,31.9051],[-104.476,31.8892],[-104.4672,31.8734],[-104.4585,31.8575],[-104.4498,31.8417],[-104.4411,31.8259],[-104.4325,31.81],[-104.4238,31.7942],[-104.4151,31.7783],[-104.4064,31.7625],[-104.3977,31.7466],[-104.3916,31.7283],[-104.3854,31.71],[-104.393,31.6773],[-104.4006,31.6445],[-104.4081,31.6118],[-104.4157,31.579],[-104.4233,31.5463],[-104.4308,31.5135],[-104.4384,31.4808],[-104.4459,31.448],[-104.4541,31.4383],[-104.4623,31.4287],[-104.4705,31.419],[-104.4787,31.4094],[-104.4869,31.3997],[-104.4951,31.3901],[-104.5032,31.3804],[-104.5114,31.3707],[-104.5196,31.3611],[-104.5278,31.3514],[-104.536,31.3417],[-104.5441,31.3321],[-104.5523,31.3224],[-104.5605,31.3127],[-104.5686,31.3031],[-104.5768,31.2934],[-104.5888,31.3041],[-104.6008,31.3148],[-104.6127,31.3254],[-104.6247,31.3361],[-104.6367,31.3468],[-104.6487,31.3575],[-104.6607,31.3681],[-104.6727,31.3788],[-104.6801,31.3928],[-104.6875,31.4069],[-104.6949,31.4209],[-104.7023,31.435],[-104.7097,31.449],[-104.7171,31.463],[-104.7245,31.4771],[-104.7319,31.4911],[-104.7414,31.5032],[-104.751,31.5153],[-104.7605,31.5273],[-104.77,31.5394],[-104.7796,31.5515],[-104.7891,31.5636],[-104.7987,31.5756],[-104.8082,31.5877],[-104.8181,31.6133],[-104.828,31.6388],[-104.8379,31.6644],[-104.8478,31.6899],[-104.8449,31.7338],[-104.842,31.7777],[-104.8619,31.7729],[-104.8819,31.7682],[-104.9018,31.7634],[-104.9217,31.7586],[-104.9302,31.7681],[-104.9386,31.7777],[-104.9471,31.7872],[-104.9555,31.7967],[-104.9528,31.8522],[-104.9596,31.8892],[-104.9663,31.9261],[-104.9731,31.9631],[-104.9799,32.0],[-104.9965,32.0],[-105.013,32.0001],[-105.0296,32.0001],[-105.0461,32.0001],[-105.0627,32.0001],[-105.0792,32.0001],[-105.0958,32.0001],[-105.1123,32.0001],[-105.1289,32.0001],[-105.1455,32.0001],[-105.162,32.0001],[-105.1786,32.0001],[-105.1951,32.0001],[-105.2117,32.0001],[-105.2282,32.0001],[-105.2448,32.0001],[-105.2605,32.0002],[-105.2762,32.0002],[-105.2919,32.0003],[-105.3076,32.0003],[-105.3233,32.0004],[-105.339,32.0004],[-105.3547,32.0005],[-105.3704,32.0005],[-105.3614,31.9926],[-105.3524,31.9847],[-105.3433,31.9767],[-105.3343,31.9688],[-105.3304,31.9436],[-105.3265,31.9184],[-105.3226,31.8932],[-105.3187,31.868],[-105.3314,31.8532],[-105.344,31.8383],[-105.365,31.8341],[-105.386,31.8298],[-105.4069,31.8256],[-105.4279,31.8213],[-105.441,31.8291],[-105.4541,31.8368],[-105.4673,31.8446],[-105.4804,31.8524],[-105.4935,31.8601],[-105.5067,31.8679],[-105.5198,31.8757],[-105.5329,31.8834],[-105.5461,31.8912],[-105.5592,31.8989],[-105.5724,31.9067],[-105.5855,31.9144],[-105.5986,31.9222],[-105.6118,31.9299],[-105.625,31.9377],[-105.6381,31.9454],[-105.6548,31.9594],[-105.6714,31.9734],[-105.6881,31.9874],[-105.7047,32.0014],[-105.7242,32.0015],[-105.7438,32.0015],[-105.7633,32.0016],[-105.7829,32.0016],[-105.8024,32.0017],[-105.8219,32.0017],[-105.8415,32.0018],[-105.861,32.0018],[-105.8545,31.9608],[-105.8481,31.9199],[-105.8416,31.8789],[-105.8352,31.8379],[-105.8291,31.7971],[-105.8229,31.7563],[-105.8247,31.7484],[-105.8076,31.7483],[-105.7905,31.7482],[-105.7916,31.6467],[-105.8141,31.652],[-105.8366,31.6572],[-105.8591,31.6625],[-105.8816,31.6677],[-105.9041,31.673],[-105.9266,31.6782],[-105.9491,31.6834],[-105.9716,31.6887],[-105.9852,31.6998],[-105.9987,31.7109],[-106.0122,31.722],[-106.0257,31.7331],[-106.0349,31.7539],[-106.0441,31.7747],[-106.0532,31.7955],[-106.0624,31.8163],[-106.0593,31.8393],[-106.0562,31.8622],[-106.0531,31.8852],[-106.05,31.9081],[-106.0546,31.955],[-106.0592,32.0019],[-106.0843,32.0019],[-106.1094,32.0019],[-106.1345,32.0018],[-106.1596,32.0018],[-106.1848,32.0018],[-106.2099,32.0017],[-106.235,32.0016],[-106.2601,32.0016],[-106.2852,32.0015],[-106.3103,32.0014],[-106.3354,32.0014],[-106.3606,32.0013],[-106.3857,32.0012],[-106.4108,32.0011],[-106.4359,32.001],[-106.461,32.0009],[-106.4556,31.965],[-106.4502,31.9292],[-106.4546,31.897],[-106.459,31.8648],[-106.4634,31.8327],[-106.4678,31.8005],[-106.4848,31.8012],[-106.5019,31.802],[-106.5086,31.8213],[-106.5154,31.8407],[-106.5221,31.86],[-106.5289,31.8794]],[[-105.0352,31.5614],[-105.0132,31.5509],[-104.9912,31.5404],[-104.9692,31.5299],[-104.9473,31.5194],[-104.9253,31.5089],[-104.9033,31.4984],[-104.8814,31.4879],[-104.8594,31.4774],[-104.8514,31.4481],[-104.8433,31.4188],[-104.8353,31.3894],[-104.8272,31.3601],[-104.8334,31.3393],[-104.8395,31.3184],[-104.8234,31.3174],[-104.8073,31.3164],[-104.7912,31.3155],[-104.7751,31.3145],[-104.7589,31.3135],[-104.7428,31.3125],[-104.7267,31.3115],[-104.7106,31.3105],[-104.6996,31.2902],[-104.7054,31.2756],[-104.7112,31.2611],[-104.717,31.2465],[-104.7228,31.2319],[-104.7285,31.2173],[-104.7343,31.2028],[-104.7401,31.1882],[-104.7459,31.1736],[-104.7516,31.1591],[-104.7574,31.1445],[-104.7632,31.1299],[-104.769,31.1153],[-104.7747,31.1007],[-104.7805,31.0862],[-104.7862,31.0716],[-104.792,31.057],[-104.8014,31.045],[-104.8109,31.033],[-104.8203,31.021],[-104.8297,31.009],[-104.8391,30.997],[-104.8485,30.985],[-104.8579,30.973],[-104.8673,30.961],[-104.883,30.9563],[-104.8988,30.9516],[-104.9145,30.9469],[-104.9302,30.9422],[-104.9392,30.952],[-104.9481,30.9618],[-104.9571,30.9715],[-104.966,30.9813],[-104.975,30.9911],[-104.984,31.0009],[-104.9929,31.0106],[-105.0019,31.0204],[-105.0073,31.0377],[-105.0127,31.0551],[-105.0181,31.0724],[-105.0235,31.0898],[-105.029,31.1071],[-105.0344,31.1244],[-105.0398,31.1418],[-105.0452,31.1591],[-105.0571,31.1705],[-105.0691,31.1818],[-105.081,31.1932],[-105.0929,31.2045],[-105.1066,31.209],[-105.1203,31.2135],[-105.1339,31.2179],[-105.1476,31.2224],[-105.1613,31.2269],[-105.175,31.2314],[-105.1886,31.2358],[-105.2023,31.2403],[-105.2086,31.2684],[-105.2149,31.2964],[-105.192,31.3001],[-105.1691,31.3038],[-105.1461,31.3075],[-105.1232,31.3112],[-105.109,31.3058],[-105.0948,31.3004],[-105.0806,31.2949],[-105.0664,31.2895],[-105.0593,31.279],[-105.0522,31.2685],[-105.045,31.258],[-105.0379,31.2475],[-105.0335,31.2814],[-105.029,31.3154],[-105.0246,31.3493],[-105.0201,31.3832],[-105.028,31.4125],[-105.0358,31.4419],[-105.0437,31.4712],[-105.0516,31.5005],[-105.0434,31.531],[-105.0352,31.5614]],[[-104.7614,30.9618],[-104.7693,30.9813],[-104.7772,31.0007],[-104.7673,31.0133],[-104.7575,31.026],[-104.7476,31.0386],[-104.7377,31.0512],[-104.7193,31.0538],[-104.7008,31.0564],[-104.6824,31.059],[-104.6639,31.0616],[-104.6479,31.0441],[-104.6319,31.0266],[-104.6257,31.0083],[-104.6194,30.9899],[-104.6132,30.9716],[-104.6069,30.9532],[-104.6007,30.9349],[-104.5945,30.9165],[-104.5882,30.8982],[-104.582,30.8798],[-104.5717,30.8649],[-104.5614,30.8499],[-104.5511,30.835],[-104.5408,30.82],[-104.5305,30.8051],[-104.5203,30.7901],[-104.51,30.7752],[-104.4997,30.7602],[-104.4821,30.7471],[-104.4644,30.734],[-104.4468,30.7208],[-104.4292,30.7077],[-104.439,30.6916],[-104.4488,30.6755],[-104.4586,30.6594],[-104.4684,30.6433],[-104.4858,30.6455],[-104.5031,30.6478],[-104.5205,30.65],[-104.5378,30.6522],[-104.5552,30.6545],[-104.5725,30.6567],[-104.5899,30.6589],[-104.6072,30.6611],[-104.6165,30.6694],[-104.6258,30.6777],[-104.6351,30.6859],[-104.6444,30.6942],[-104.6495,30.7141],[-104.6546,30.734],[-104.6598,30.7538],[-104.6649,30.7737],[-104.67,30.7936],[-104.6751,30.8135],[-104.6803,30.8333],[-104.6854,30.8532],[-104.6915,30.8649],[-104.6976,30.8766],[-104.7037,30.8883],[-104.7097,30.9],[-104.7158,30.9117],[-104.7219,30.9234],[-104.728,30.9351],[-104.7341,30.9468],[-104.7478,30.9543],[-104.7614,30.9618]]]},"properties":{"OBJECTID":464,"state":"Texas","agency":"Texas Parks and Wildlife Department","unit_type":"DMU","unit_id":"4","unit_name":"VL","unit_label":"Texas DMU 4 - VL","aliases":"2026 | 4 | 4 vl | dmu | dmu 4 | dmu 4 vl | texas | texas 4 | texas 4 vl | texas dmu 4 | texas dmu 4 vl | texas parks and wildlife department | texas parks and wildlife department 4 | vl","year":"2026","Shape_Length":3328384.475687705,"Shape_Area":54064576100.899796}},{"type":"Feature","id":465,"geometry":{"type":"Polygon","coordinates":[[[-102.6796,35.2701],[-102.6992,35.2704],[-102.7063,35.2702],[-102.7085,35.2701],[-102.7241,35.2567],[-102.7397,35.2433],[-102.7552,35.23],[-102.7708,35.2166],[-102.7863,35.2032],[-102.8018,35.1898],[-102.8174,35.1764],[-102.8329,35.163],[-102.8413,35.1394],[-102.8538,35.1333],[-102.8662,35.1272],[-102.8787,35.121],[-102.8911,35.1149],[-102.9036,35.1088],[-102.916,35.1027],[-102.9285,35.0965],[-102.9409,35.0904],[-102.9519,35.074],[-102.9629,35.0575],[-102.9739,35.0411],[-102.9849,35.0246],[-102.9921,35.0023],[-102.9994,34.9801],[-103.0066,34.9578],[-103.0138,34.9356],[-103.021,34.9133],[-103.0282,34.891],[-103.0354,34.8688],[-103.0426,34.8465],[-103.0432,34.5955],[-103.0299,34.59],[-103.0165,34.5844],[-103.0032,34.5789],[-102.9898,34.5733],[-102.9765,34.5678],[-102.9632,34.5622],[-102.9498,34.5567],[-102.9365,34.5511],[-102.9214,34.5509],[-102.9063,34.5506],[-102.8912,34.5504],[-102.8761,34.5501],[-102.868,34.5305],[-102.8599,34.5109],[-102.8518,34.4913],[-102.8437,34.4717],[-102.8263,34.4658],[-102.809,34.4599],[-102.7916,34.454],[-102.7742,34.4481],[-102.7569,34.4422],[-102.7395,34.4362],[-102.7222,34.4303],[-102.7048,34.4244],[-102.6783,34.4235],[-102.6517,34.4225],[-102.6333,34.4126],[-102.615,34.4027],[-102.5966,34.3928],[-102.5783,34.3829],[-102.5599,34.373],[-102.5416,34.363],[-102.5232,34.3531],[-102.5049,34.3432],[-102.4868,34.3384],[-102.4686,34.3337],[-102.4505,34.3289],[-102.4323,34.3241],[-102.4142,34.3194],[-102.3961,34.3146],[-102.3779,34.3098],[-102.3598,34.305],[-102.3366,34.3048],[-102.3134,34.3045],[-102.2901,34.3043],[-102.2669,34.304],[-102.2488,34.2926],[-102.2307,34.2812],[-102.2126,34.2698],[-102.1945,34.2584],[-102.1758,34.2554],[-102.1572,34.2523],[-102.1385,34.2493],[-102.1198,34.2462],[-102.1037,34.2497],[-102.0876,34.2533],[-102.0714,34.2568],[-102.0553,34.2603],[-102.0379,34.2581],[-102.0205,34.2558],[-102.0031,34.2535],[-101.9858,34.2513],[-101.9684,34.249],[-101.951,34.2467],[-101.9336,34.2445],[-101.9162,34.2422],[-101.9119,34.2991],[-101.9318,34.303],[-101.9516,34.3069],[-101.9715,34.3108],[-101.9913,34.3147],[-102.001,34.3284],[-102.0106,34.342],[-102.0284,34.3484],[-102.0461,34.3548],[-102.0639,34.3612],[-102.0817,34.3675],[-102.0995,34.3739],[-102.1172,34.3803],[-102.135,34.3866],[-102.1528,34.393],[-102.1667,34.4003],[-102.1806,34.4077],[-102.1945,34.415],[-102.2083,34.4224],[-102.2222,34.4297],[-102.2361,34.437],[-102.25,34.4444],[-102.2639,34.4517],[-102.2734,34.4426],[-102.2828,34.4334],[-102.2922,34.4243],[-102.3017,34.4152],[-102.3111,34.406],[-102.3205,34.3969],[-102.33,34.3877],[-102.3394,34.3786],[-102.3565,34.3859],[-102.3736,34.3933],[-102.3907,34.4006],[-102.4078,34.4079],[-102.4249,34.4153],[-102.442,34.4226],[-102.4591,34.4299],[-102.4762,34.4372],[-102.4916,34.4392],[-102.5069,34.4413],[-102.5223,34.4433],[-102.5376,34.4453],[-102.5478,34.4553],[-102.558,34.4652],[-102.5681,34.4752],[-102.5783,34.4851],[-102.596,34.4869],[-102.6138,34.4887],[-102.6315,34.4904],[-102.6492,34.4922],[-102.6661,34.498],[-102.683,34.5037],[-102.6999,34.5095],[-102.7168,34.5152],[-102.7338,34.521],[-102.7507,34.5267],[-102.7676,34.5325],[-102.7845,34.5382],[-102.7912,34.5613],[-102.7979,34.5844],[-102.7813,34.5986],[-102.7646,34.6128],[-102.7479,34.627],[-102.7312,34.6411],[-102.7121,34.6456],[-102.6929,34.6501],[-102.6738,34.6546],[-102.6546,34.659],[-102.6429,34.6654],[-102.6312,34.6718],[-102.6195,34.6781],[-102.6078,34.6845],[-102.5961,34.6909],[-102.5844,34.6972],[-102.5727,34.7036],[-102.561,34.71],[-102.5492,34.7163],[-102.5375,34.7227],[-102.5258,34.7291],[-102.5141,34.7354],[-102.5023,34.7418],[-102.4906,34.7482],[-102.4789,34.7545],[-102.4672,34.7609],[-102.4519,34.7734],[-102.4367,34.7859],[-102.4215,34.7984],[-102.4063,34.8109],[-102.4048,34.902],[-102.4033,34.9932],[-102.4018,35.0844],[-102.4003,35.1755],[-102.4123,35.1933],[-102.4243,35.2112],[-102.4363,35.229],[-102.4483,35.2468],[-102.4523,35.2488],[-102.4774,35.2538],[-102.4876,35.2565],[-102.498,35.2574],[-102.5012,35.258],[-102.5215,35.2619],[-102.5419,35.2659],[-102.5567,35.2684],[-102.5722,35.2716],[-102.584,35.2735],[-102.6072,35.2729],[-102.6304,35.2723],[-102.645,35.2719],[-102.6519,35.2711],[-102.6661,35.2698],[-102.6796,35.2701]]]},"properties":{"OBJECTID":465,"state":"Texas","agency":"Texas Parks and Wildlife Department","unit_type":"DMU","unit_id":"4","unit_name":"VL","unit_label":"Texas DMU 4 - VL","aliases":"2026 | 4 | 4 vl | dmu | dmu 4 | dmu 4 vl | texas | texas 4 | texas 4 vl | texas dmu 4 | texas dmu 4 vl | texas parks and wildlife department | texas parks and wildlife department 4 | vl","year":"2026","Shape_Length":426914.1877448582,"Shape_Area":4457370021.620743}},{"type":"Feature","id":466,"geometry":{"type":"Polygon","coordinates":[[[-102.2418,34.8521],[-102.2589,34.8446],[-102.2759,34.8371],[-102.2866,34.8182],[-102.2974,34.7993],[-102.3081,34.7803],[-102.3188,34.7614],[-102.3151,34.7357],[-102.3114,34.7099],[-102.3224,34.6981],[-102.3334,34.6862],[-102.3444,34.6744],[-102.3554,34.6625],[-102.355,34.5986],[-102.3387,34.5899],[-102.3223,34.5812],[-102.3048,34.583],[-102.2872,34.5847],[-102.2697,34.5865],[-102.2521,34.5882],[-102.2346,34.59],[-102.217,34.5917],[-102.1995,34.5935],[-102.1819,34.5952],[-102.1682,34.5865],[-102.1546,34.5779],[-102.1409,34.5692],[-102.1273,34.5606],[-102.1136,34.5519],[-102.1,34.5432],[-102.0863,34.5346],[-102.0727,34.5259],[-102.0554,34.5207],[-102.038,34.5155],[-102.0207,34.5102],[-102.0033,34.505],[-101.9811,34.5019],[-101.9589,34.4989],[-101.9367,34.4958],[-101.9145,34.4927],[-101.8923,34.4897],[-101.8701,34.4866],[-101.8479,34.4835],[-101.8257,34.4804],[-101.8168,34.4892],[-101.8079,34.4979],[-101.799,34.5067],[-101.7901,34.5154],[-101.8035,34.5351],[-101.8168,34.5547],[-101.8396,34.5571],[-101.8623,34.5596],[-101.8851,34.562],[-101.9078,34.5644],[-101.9263,34.5713],[-101.9449,34.5783],[-101.9634,34.5852],[-101.9819,34.5921],[-101.9868,34.6068],[-101.9917,34.6216],[-101.9965,34.6363],[-102.0014,34.651],[-101.9834,34.6465],[-101.9654,34.642],[-101.9474,34.6375],[-101.9293,34.633],[-101.9113,34.6285],[-101.8933,34.6239],[-101.8753,34.6194],[-101.8573,34.6149],[-101.8504,34.63],[-101.8434,34.6451],[-101.8365,34.6601],[-101.8295,34.6752],[-101.8547,34.6839],[-101.8799,34.6926],[-101.9052,34.7013],[-101.9304,34.71],[-101.9557,34.7187],[-101.9809,34.7274],[-102.0062,34.736],[-102.0314,34.7447],[-102.039,34.7557],[-102.0465,34.7667],[-102.054,34.7777],[-102.0616,34.7888],[-102.0691,34.7998],[-102.0767,34.8108],[-102.0843,34.8218],[-102.0918,34.8328],[-102.1187,34.8326],[-102.1456,34.8323],[-102.1725,34.8321],[-102.1994,34.8318],[-102.2206,34.842],[-102.2418,34.8521]]]},"properties":{"OBJECTID":466,"state":"Texas","agency":"Texas Parks and Wildlife Department","unit_type":"DMU","unit_id":"4","unit_name":"VL","unit_label":"Texas DMU 4 - VL","aliases":"2026 | 4 | 4 vl | dmu | dmu 4 | dmu 4 vl | texas | texas 4 | texas 4 vl | texas dmu 4 | texas dmu 4 vl | texas parks and wildlife department | texas parks and wildlife department 4 | vl","year":"2026","Shape_Length":183661.33409777744,"Shape_Area":1126316048.6308584}},{"type":"Feature","id":467,"geometry":{"type":"Polygon","coordinates":[[[-100.0416,35.2065],[-100.0548,35.1995],[-100.068,35.1924],[-100.0811,35.1854],[-100.0943,35.1783],[-100.1179,35.1855],[-100.1415,35.1927],[-100.1651,35.1999],[-100.1887,35.2071],[-100.2055,35.1952],[-100.2222,35.1834],[-100.239,35.1715],[-100.2557,35.1596],[-100.2755,35.1552],[-100.2953,35.1508],[-100.3151,35.1464],[-100.3349,35.142],[-100.3483,35.1553],[-100.3617,35.1687],[-100.3751,35.182],[-100.3885,35.1953],[-100.4025,35.1838],[-100.4164,35.1723],[-100.4304,35.1608],[-100.4443,35.1493],[-100.458,35.153],[-100.4717,35.1567],[-100.4853,35.1603],[-100.499,35.164],[-100.4915,35.1532],[-100.484,35.1424],[-100.4764,35.1315],[-100.4689,35.1207],[-100.4845,35.1191],[-100.5002,35.1176],[-100.5158,35.116],[-100.5315,35.1144],[-100.5471,35.1128],[-100.5627,35.1113],[-100.5784,35.1097],[-100.594,35.1081],[-100.6,35.0958],[-100.6059,35.0834],[-100.5982,35.0735],[-100.5905,35.0635],[-100.5827,35.0536],[-100.575,35.0436],[-100.5552,35.0515],[-100.5354,35.0595],[-100.5155,35.0674],[-100.4957,35.0753],[-100.4781,35.0761],[-100.4606,35.0768],[-100.443,35.0776],[-100.4254,35.0783],[-100.4129,35.0849],[-100.4003,35.0915],[-100.3878,35.0981],[-100.3752,35.1047],[-100.3627,35.1113],[-100.3501,35.1179],[-100.3376,35.1245],[-100.325,35.1311],[-100.3064,35.1192],[-100.2877,35.1072],[-100.2638,35.1063],[-100.2398,35.1054],[-100.2159,35.1044],[-100.1919,35.1035],[-100.1689,35.0978],[-100.1459,35.0921],[-100.1228,35.0864],[-100.0998,35.0807],[-100.0949,35.0488],[-100.0703,35.0447],[-100.0458,35.0405],[-100.0212,35.0364],[-99.9966,35.0322],[-99.9979,35.1107],[-99.9992,35.1892],[-100.0204,35.1979],[-100.0416,35.2065]]]},"properties":{"OBJECTID":467,"state":"Texas","agency":"Texas Parks and Wildlife Department","unit_type":"DMU","unit_id":"4","unit_name":"VL","unit_label":"Texas DMU 4 - VL","aliases":"2026 | 4 | 4 vl | dmu | dmu 4 | dmu 4 vl | texas | texas 4 | texas 4 vl | texas dmu 4 | texas dmu 4 vl | texas parks and wildlife department | texas parks and wildlife department 4 | vl","year":"2026","Shape_Length":156983.38349368417,"Shape_Area":502774113.29029924}},{"type":"Feature","id":468,"geometry":{"type":"MultiPolygon","coordinates":[[[[-100.4837,36.3035],[-100.4786,36.3246],[-100.4734,36.3457],[-100.4926,36.3551],[-100.5118,36.3644],[-100.533,36.3548],[-100.5543,36.3453],[-100.5755,36.3357],[-100.5967,36.3261],[-100.6086,36.3143],[-100.6205,36.3026],[-100.6323,36.2908],[-100.6442,36.279],[-100.6659,36.275],[-100.6877,36.2711],[-100.7094,36.2671],[-100.7311,36.2631],[-100.7513,36.2659],[-100.7715,36.2687],[-100.7918,36.2714],[-100.812,36.2742],[-100.8322,36.2769],[-100.8524,36.2797],[-100.8727,36.2825],[-100.8929,36.2852],[-100.878,36.2779],[-100.8631,36.2706],[-100.8481,36.2633],[-100.8332,36.256],[-100.8502,36.2431],[-100.8672,36.2301],[-100.8841,36.2172],[-100.9011,36.2042],[-100.8798,36.212],[-100.8585,36.2198],[-100.8371,36.2276],[-100.8158,36.2354],[-100.7925,36.2314],[-100.7691,36.2273],[-100.7768,36.2135],[-100.7846,36.1997],[-100.7923,36.1858],[-100.8,36.172],[-100.7849,36.1653],[-100.7698,36.1586],[-100.7547,36.1518],[-100.7395,36.1451],[-100.7244,36.1384],[-100.7093,36.1317],[-100.6942,36.1249],[-100.6791,36.1182],[-100.6692,36.144],[-100.6592,36.1698],[-100.6419,36.1683],[-100.6245,36.1667],[-100.6141,36.1513],[-100.6036,36.1358],[-100.5932,36.1204],[-100.5827,36.1049],[-100.5643,36.1191],[-100.5459,36.1333],[-100.5274,36.1474],[-100.509,36.1616],[-100.4955,36.1538],[-100.482,36.146],[-100.4686,36.1382],[-100.4551,36.1304],[-100.4416,36.1226],[-100.4281,36.1148],[-100.4147,36.107],[-100.4012,36.0992],[-100.3829,36.1078],[-100.3646,36.1164],[-100.3463,36.125],[-100.328,36.1336],[-100.3097,36.1422],[-100.2914,36.1507],[-100.273,36.1593],[-100.2547,36.1679],[-100.2388,36.1656],[-100.2228,36.1633],[-100.2069,36.161],[-100.1909,36.1587],[-100.1775,36.1656],[-100.1641,36.1726],[-100.1507,36.1795],[-100.1373,36.1864],[-100.1215,36.1822],[-100.1056,36.1781],[-100.0898,36.1739],[-100.0739,36.1697],[-100.0555,36.1852],[-100.0371,36.2008],[-100.0186,36.2163],[-100.0002,36.2318],[-100.0097,36.2407],[-100.0191,36.2496],[-100.0444,36.2491],[-100.0697,36.2486],[-100.0949,36.248],[-100.1202,36.2475],[-100.1344,36.2341],[-100.1487,36.2206],[-100.1629,36.2072],[-100.1771,36.1937],[-100.1893,36.1992],[-100.2016,36.2047],[-100.2138,36.2101],[-100.226,36.2156],[-100.2383,36.2211],[-100.2505,36.2266],[-100.2628,36.232],[-100.275,36.2375],[-100.2887,36.2297],[-100.3024,36.2218],[-100.3161,36.214],[-100.3297,36.2062],[-100.3434,36.1983],[-100.3571,36.1905],[-100.3707,36.1826],[-100.3844,36.1748],[-100.401,36.1866],[-100.4175,36.1983],[-100.4327,36.198],[-100.4478,36.1977],[-100.463,36.1974],[-100.4782,36.1971],[-100.4933,36.1968],[-100.5085,36.1964],[-100.5236,36.1961],[-100.5388,36.1958],[-100.5405,36.3021],[-100.5253,36.2939],[-100.5101,36.2856],[-100.4949,36.2774],[-100.4797,36.2691],[-100.4837,36.3035]]],[[[-100.2863,36.4971],[-100.3103,36.4968],[-100.3342,36.4965],[-100.3582,36.4962],[-100.3821,36.4959],[-100.3864,36.4765],[-100.3906,36.4571],[-100.3949,36.4377],[-100.3991,36.4183],[-100.3906,36.4037],[-100.382,36.389],[-100.4095,36.3873],[-100.4369,36.3857],[-100.4644,36.384],[-100.4918,36.3823],[-100.4755,36.3791],[-100.4593,36.3759],[-100.443,36.3728],[-100.4267,36.3696],[-100.4104,36.3664],[-100.3942,36.3632],[-100.3779,36.36],[-100.3616,36.3568],[-100.3665,36.312],[-100.3455,36.3033],[-100.3244,36.2946],[-100.321,36.3413],[-100.3176,36.3879],[-100.3069,36.3949],[-100.2962,36.402],[-100.2856,36.409],[-100.2749,36.416],[-100.2642,36.423],[-100.2535,36.4301],[-100.2428,36.4371],[-100.2321,36.4441],[-100.2203,36.4577],[-100.2085,36.4712],[-100.1966,36.4848],[-100.1848,36.4983],[-100.2139,36.498],[-100.2306,36.4978],[-100.2594,36.4975],[-100.2863,36.4971]]],[[[-101.0263,36.4926],[-101.0425,36.4928],[-101.0587,36.493],[-101.075,36.4931],[-101.0912,36.4933],[-101.1074,36.4935],[-101.1236,36.4937],[-101.1399,36.4939],[-101.1561,36.494],[-101.1723,36.4942],[-101.1886,36.4944],[-101.2048,36.4945],[-101.221,36.4947],[-101.2372,36.4948],[-101.2535,36.495],[-101.2697,36.4952],[-101.2859,36.4953],[-101.2735,36.4867],[-101.2611,36.478],[-101.2731,36.4653],[-101.2851,36.4527],[-101.297,36.44],[-101.309,36.4273],[-101.2938,36.4118],[-101.2786,36.3962],[-101.2656,36.4079],[-101.2527,36.4196],[-101.2397,36.4314],[-101.2267,36.4431],[-101.2138,36.4548],[-101.2008,36.4665],[-101.1878,36.4782],[-101.1748,36.4899],[-101.1655,36.4777],[-101.1561,36.4654],[-101.1673,36.4522],[-101.1786,36.4389],[-101.1898,36.4257],[-101.201,36.4124],[-101.1978,36.3901],[-101.1945,36.3678],[-101.2026,36.3587],[-101.2106,36.3496],[-101.2187,36.3405],[-101.2268,36.3314],[-101.2348,36.3223],[-101.2429,36.3132],[-101.251,36.3041],[-101.259,36.295],[-101.2744,36.297],[-101.2897,36.299],[-101.3051,36.3009],[-101.3204,36.3029],[-101.337,36.2933],[-101.3536,36.2838],[-101.3701,36.2742],[-101.3867,36.2646],[-101.3643,36.2637],[-101.3419,36.2629],[-101.3195,36.262],[-101.2971,36.2611],[-101.3078,36.2534],[-101.3184,36.2458],[-101.3291,36.2381],[-101.3397,36.2305],[-101.3504,36.2228],[-101.361,36.2151],[-101.3717,36.2075],[-101.3823,36.1998],[-101.4006,36.2004],[-101.4188,36.2009],[-101.4371,36.2015],[-101.4553,36.202],[-101.4812,36.1963],[-101.5071,36.1906],[-101.5329,36.1848],[-101.5588,36.1791],[-101.5422,36.1741],[-101.5256,36.1692],[-101.5089,36.1642],[-101.4923,36.1592],[-101.4892,36.1207],[-101.486,36.0821],[-101.5018,36.0857],[-101.5175,36.0894],[-101.5333,36.093],[-101.549,36.0966],[-101.5648,36.1002],[-101.5806,36.1039],[-101.5963,36.1075],[-101.6121,36.1111],[-101.6294,36.1054],[-101.6466,36.0997],[-101.6639,36.0939],[-101.6811,36.0882],[-101.6546,36.0836],[-101.6281,36.0789],[-101.6016,36.0743],[-101.5751,36.0696],[-101.5486,36.0649],[-101.5221,36.0603],[-101.4956,36.0556],[-101.4691,36.0509],[-101.4619,36.0634],[-101.4547,36.0759],[-101.4475,36.0884],[-101.4403,36.101],[-101.4331,36.1135],[-101.4259,36.126],[-101.4187,36.1385],[-101.4115,36.151],[-101.3965,36.1463],[-101.3816,36.1415],[-101.3666,36.1368],[-101.3516,36.132],[-101.3381,36.141],[-101.3246,36.15],[-101.3111,36.1591],[-101.2976,36.1681],[-101.2841,36.1771],[-101.2706,36.1861],[-101.257,36.1951],[-101.2435,36.2041],[-101.2337,36.2185],[-101.2239,36.233],[-101.2141,36.2474],[-101.2043,36.2618],[-101.1886,36.2663],[-101.1729,36.2707],[-101.1571,36.2752],[-101.1414,36.2796],[-101.1419,36.3428],[-101.127,36.3599],[-101.1121,36.377],[-101.0971,36.3941],[-101.0822,36.4112],[-101.061,36.4101],[-101.0398,36.4089],[-101.0364,36.4298],[-101.033,36.4508],[-101.0297,36.4717],[-101.0263,36.4926]]],[[[-101.5264,36.4974],[-101.5497,36.4976],[-101.573,36.4977],[-101.5963,36.4979],[-101.6197,36.4981],[-101.6407,36.4873],[-101.6617,36.4765],[-101.6828,36.4657],[-101.7038,36.4549],[-101.7245,36.4538],[-101.7452,36.4528],[-101.7658,36.4517],[-101.7865,36.4506],[-101.793,36.4231],[-101.7994,36.3955],[-101.8254,36.3939],[-101.8514,36.3923],[-101.8773,36.3907],[-101.9033,36.3891],[-101.9249,36.3963],[-101.9465,36.4035],[-101.968,36.4106],[-101.9896,36.4178],[-101.9775,36.4055],[-101.9654,36.3932],[-101.9533,36.3808],[-101.9412,36.3685],[-101.9252,36.3654],[-101.9091,36.3622],[-101.893,36.3591],[-101.877,36.3559],[-101.8609,36.3528],[-101.8449,36.3496],[-101.8289,36.3465],[-101.8128,36.3433],[-101.7908,36.3519],[-101.7688,36.3606],[-101.7467,36.3692],[-101.7247,36.3778],[-101.7097,36.3911],[-101.6947,36.4044],[-101.6796,36.4177],[-101.6646,36.431],[-101.6512,36.4356],[-101.6377,36.4402],[-101.6242,36.4447],[-101.6108,36.4493],[-101.5973,36.4539],[-101.5838,36.4585],[-101.5704,36.463],[-101.5569,36.4676],[-101.5417,36.4825],[-101.5264,36.4974]]],[[[-101.957,36.5],[-101.972,36.5],[-101.987,36.5001],[-102.002,36.5002],[-102.017,36.5002],[-102.032,36.5003],[-102.047,36.5003],[-102.062,36.5004],[-102.077,36.5004],[-102.106,36.5005],[-102.135,36.5006],[-102.1641,36.5007],[-102.1931,36.5008],[-102.1752,36.4883],[-102.1572,36.4759],[-102.1393,36.4634],[-102.1213,36.4509],[-102.1055,36.4495],[-102.0896,36.4481],[-102.0738,36.4467],[-102.058,36.4453],[-102.0421,36.4439],[-102.0263,36.4424],[-102.0104,36.441],[-101.9946,36.4396],[-101.9767,36.4473],[-101.9589,36.455],[-101.941,36.4627],[-101.9231,36.4704],[-101.9327,36.4852],[-101.9423,36.4999],[-101.957,36.5]]]]},"properties":{"OBJECTID":468,"state":"Texas","agency":"Texas Parks and Wildlife Department","unit_type":"DMU","unit_id":"4","unit_name":"VL","unit_label":"Texas DMU 4 - VL","aliases":"2026 | 4 | 4 vl | dmu | dmu 4 | dmu 4 vl | texas | texas 4 | texas 4 vl | texas dmu 4 | texas dmu 4 vl | texas parks and wildlife department | texas parks and wildlife department 4 | vl","year":"2026","Shape_Length":742495.0297751456,"Shape_Area":1954965759.8903222}},{"type":"Feature","id":469,"geometry":{"type":"Polygon","coordinates":[[[-102.5894,36.5004],[-102.6151,36.5004],[-102.6407,36.5005],[-102.6664,36.5005],[-102.6921,36.5005],[-102.7178,36.5005],[-102.7434,36.5006],[-102.7691,36.5006],[-102.7948,36.5006],[-102.8205,36.5006],[-102.8462,36.5006],[-102.8718,36.5005],[-102.8975,36.5005],[-102.9232,36.5005],[-102.9489,36.5005],[-102.9745,36.5004],[-103.0002,36.5004],[-103.0209,36.4986],[-103.0416,36.4969],[-103.0199,36.4973],[-102.9981,36.4978],[-102.9764,36.4982],[-102.9547,36.4986],[-102.9329,36.4991],[-102.9112,36.4995],[-102.8895,36.4999],[-102.8677,36.5003],[-102.8704,36.47],[-102.8731,36.4396],[-102.8596,36.4198],[-102.8461,36.4],[-102.8192,36.3933],[-102.7924,36.3866],[-102.7655,36.3799],[-102.7386,36.3732],[-102.7307,36.3601],[-102.7228,36.347],[-102.7149,36.3338],[-102.707,36.3207],[-102.7111,36.2927],[-102.7152,36.2647],[-102.7289,36.2537],[-102.7425,36.2427],[-102.7562,36.2316],[-102.7699,36.2206],[-102.7899,36.2242],[-102.8099,36.2277],[-102.83,36.2312],[-102.85,36.2348],[-102.8565,36.2498],[-102.863,36.2648],[-102.8696,36.2798],[-102.8761,36.2948],[-102.8894,36.3033],[-102.9028,36.3119],[-102.9161,36.3204],[-102.9295,36.3289],[-102.9574,36.3304],[-102.9853,36.332],[-103.0132,36.3335],[-103.0411,36.3349],[-103.0407,36.0849],[-103.0162,36.0768],[-102.9917,36.0687],[-102.9784,36.0634],[-102.9651,36.0581],[-102.9518,36.0528],[-102.9385,36.0475],[-102.9199,36.0436],[-102.9012,36.0398],[-102.8826,36.0359],[-102.864,36.032],[-102.8453,36.0281],[-102.8267,36.0242],[-102.808,36.0203],[-102.7894,36.0164],[-102.7738,36.0061],[-102.7581,35.9958],[-102.7764,35.9821],[-102.7947,35.9684],[-102.813,35.9546],[-102.8313,35.9409],[-102.8444,35.9454],[-102.8574,35.9498],[-102.8705,35.9543],[-102.8836,35.9588],[-102.8967,35.9632],[-102.9097,35.9677],[-102.9228,35.9722],[-102.9359,35.9766],[-102.949,35.9811],[-102.9621,35.9856],[-102.9752,35.99],[-102.9882,35.9945],[-103.0013,35.9989],[-103.0144,36.0034],[-103.0275,36.0079],[-103.0406,36.0123],[-103.0406,36.0075],[-103.0299,35.9979],[-103.0193,35.9882],[-103.0014,35.9796],[-102.9836,35.9711],[-102.9685,35.9571],[-102.9534,35.9431],[-102.9458,35.9291],[-102.9382,35.915],[-102.9307,35.9009],[-102.9231,35.8869],[-102.9155,35.8728],[-102.908,35.8587],[-102.9004,35.8446],[-102.8928,35.8306],[-102.8816,35.8128],[-102.8703,35.7949],[-102.8554,35.7949],[-102.8404,35.7948],[-102.8255,35.7948],[-102.8105,35.7947],[-102.7875,35.7945],[-102.7644,35.7942],[-102.7414,35.7939],[-102.7183,35.7936],[-102.6953,35.7934],[-102.6722,35.7931],[-102.6492,35.7928],[-102.6261,35.7925],[-102.6033,35.7821],[-102.5804,35.7717],[-102.5576,35.7612],[-102.5348,35.7508],[-102.5243,35.7682],[-102.5336,35.7924],[-102.5429,35.8167],[-102.5522,35.8409],[-102.5616,35.8652],[-102.5762,35.879],[-102.5908,35.8929],[-102.6054,35.9067],[-102.6201,35.9205],[-102.6115,35.9423],[-102.603,35.964],[-102.582,35.9744],[-102.561,35.9848],[-102.54,35.9951],[-102.5189,36.0055],[-102.5299,36.0121],[-102.5408,36.0188],[-102.5517,36.0254],[-102.5626,36.0321],[-102.5531,36.0397],[-102.5436,36.0472],[-102.534,36.0548],[-102.5245,36.0623],[-102.5219,36.0645],[-102.5091,36.0823],[-102.5103,36.1518],[-102.5114,36.2213],[-102.5179,36.2334],[-102.5244,36.2456],[-102.5309,36.2577],[-102.5374,36.2699],[-102.536,36.3851],[-102.5345,36.5003],[-102.5617,36.5003],[-102.589,36.5004],[-102.5894,36.5004]]]},"properties":{"OBJECTID":469,"state":"Texas","agency":"Texas Parks and Wildlife Department","unit_type":"DMU","unit_id":"4","unit_name":"VL","unit_label":"Texas DMU 4 - VL","aliases":"2026 | 4 | 4 vl | dmu | dmu 4 | dmu 4 vl | texas | texas 4 | texas 4 vl | texas dmu 4 | texas dmu 4 vl | texas parks and wildlife department | texas parks and wildlife department 4 | vl","year":"2026","Shape_Length":373300.4703040231,"Shape_Area":2602976560.168198}},{"type":"Feature","id":470,"geometry":{"type":"Polygon","coordinates":[[[-103.964,30.8121],[-103.9702,30.8514],[-103.9856,30.8593],[-104.0009,30.8672],[-104.0163,30.8751],[-104.0316,30.883],[-104.047,30.8909],[-104.0624,30.8988],[-104.0777,30.9067],[-104.0931,30.9146],[-104.1056,30.9016],[-104.1181,30.8885],[-104.1095,30.8701],[-104.101,30.8517],[-104.0924,30.8333],[-104.0838,30.8149],[-104.099,30.8076],[-104.1142,30.8003],[-104.1293,30.7929],[-104.1445,30.7856],[-104.1379,30.7666],[-104.1313,30.7476],[-104.1452,30.7324],[-104.1591,30.7171],[-104.1729,30.7019],[-104.1868,30.6866],[-104.207,30.6929],[-104.2273,30.6993],[-104.2475,30.7056],[-104.2677,30.7119],[-104.2611,30.69],[-104.2545,30.668],[-104.2479,30.6461],[-104.2413,30.6241],[-104.2314,30.6146],[-104.2214,30.6052],[-104.2114,30.5957],[-104.2015,30.5863],[-104.1915,30.5768],[-104.1816,30.5673],[-104.1717,30.5579],[-104.1617,30.5484],[-104.1497,30.5545],[-104.1378,30.5607],[-104.1258,30.5668],[-104.1138,30.5729],[-104.1018,30.579],[-104.0899,30.5852],[-104.0779,30.5913],[-104.0659,30.5974],[-104.0679,30.6522],[-104.0546,30.6569],[-104.0412,30.6615],[-104.0279,30.6662],[-104.0145,30.6708],[-103.9932,30.6672],[-103.9719,30.6635],[-103.9506,30.6599],[-103.9293,30.6562],[-103.9123,30.6628],[-103.8954,30.6695],[-103.8784,30.6761],[-103.8614,30.6827],[-103.8794,30.6964],[-103.8974,30.71],[-103.9154,30.7237],[-103.9334,30.7373],[-103.9282,30.7521],[-103.923,30.7668],[-103.9177,30.7816],[-103.9125,30.7963],[-103.9254,30.8003],[-103.9383,30.8042],[-103.9511,30.8082],[-103.964,30.8121]]]},"properties":{"OBJECTID":470,"state":"Texas","agency":"Texas Parks and Wildlife Department","unit_type":"DMU","unit_id":"3","unit_name":"L","unit_label":"Texas DMU 3 - L","aliases":"2026 | 3 | 3 l | dmu | dmu 3 | dmu 3 l | l | texas | texas 3 | texas 3 l | texas dmu 3 | texas dmu 3 l | texas parks and wildlife department | texas parks and wildlife department 3","year":"2026","Shape_Length":138901.62017073165,"Shape_Area":669968120.8902752}},{"type":"Feature","id":471,"geometry":{"type":"MultiPolygon","coordinates":[[[[-101.8526,30.9853],[-101.8762,30.9891],[-101.8999,30.9929],[-101.9235,30.9966],[-101.9471,31.0004],[-101.9414,30.9687],[-101.9324,30.9605],[-101.9233,30.9524],[-101.9143,30.9442],[-101.9052,30.936],[-101.8962,30.9278],[-101.8872,30.9197],[-101.8781,30.9115],[-101.8691,30.9033],[-101.8423,30.9049],[-101.8155,30.9065],[-101.7887,30.908],[-101.7619,30.9096],[-101.7485,30.8956],[-101.7351,30.8815],[-101.7189,30.8829],[-101.7027,30.8843],[-101.6865,30.8856],[-101.6703,30.887],[-101.6602,30.88],[-101.6501,30.8729],[-101.6399,30.8659],[-101.6298,30.8588],[-101.6039,30.8608],[-101.5781,30.8628],[-101.5522,30.8648],[-101.5263,30.8668],[-101.5137,30.8821],[-101.501,30.8974],[-101.4884,30.9127],[-101.4757,30.928],[-101.4595,30.9198],[-101.4433,30.9115],[-101.4396,30.93],[-101.4359,30.9485],[-101.4321,30.9669],[-101.4284,30.9854],[-101.4465,30.9846],[-101.4645,30.9838],[-101.4826,30.983],[-101.5007,30.9822],[-101.5187,30.9814],[-101.5368,30.9806],[-101.5548,30.9798],[-101.5729,30.979],[-101.5876,30.9805],[-101.6024,30.9821],[-101.6171,30.9836],[-101.6318,30.9852],[-101.6465,30.9867],[-101.6613,30.9882],[-101.676,30.9898],[-101.6907,30.9913],[-101.7065,30.9795],[-101.7223,30.9677],[-101.737,30.9756],[-101.7518,30.9835],[-101.7665,30.9914],[-101.7812,30.9993],[-101.7991,30.9958],[-101.8169,30.9923],[-101.8348,30.9888],[-101.8526,30.9853]]],[[[-101.7806,31.1166],[-101.797,31.1099],[-101.8135,31.1032],[-101.8299,31.0965],[-101.8463,31.0898],[-101.8351,31.08],[-101.824,31.0703],[-101.8128,31.0605],[-101.8016,31.0507],[-101.7816,31.0634],[-101.7616,31.076],[-101.7711,31.0963],[-101.7806,31.1166]]],[[[-101.5419,31.2006],[-101.5535,31.2076],[-101.5651,31.2146],[-101.5766,31.2215],[-101.5882,31.2285],[-101.6122,31.2208],[-101.623,31.2072],[-101.6338,31.1935],[-101.6189,31.1872],[-101.604,31.1808],[-101.5891,31.1745],[-101.5742,31.1681],[-101.5866,31.1479],[-101.5989,31.1276],[-101.6091,31.1359],[-101.6192,31.1443],[-101.6294,31.1526],[-101.6395,31.1609],[-101.6345,31.1366],[-101.6296,31.1122],[-101.6246,31.0879],[-101.6196,31.0635],[-101.6022,31.0674],[-101.5847,31.0713],[-101.5673,31.0752],[-101.5498,31.079],[-101.5324,31.0829],[-101.5149,31.0868],[-101.4975,31.0906],[-101.48,31.0945],[-101.4877,31.1078],[-101.4955,31.121],[-101.5032,31.1343],[-101.5109,31.1476],[-101.5187,31.1608],[-101.5264,31.1741],[-101.5342,31.1873],[-101.5419,31.2006]]],[[[-101.3009,31.2727],[-101.3165,31.2699],[-101.3322,31.2671],[-101.3478,31.2644],[-101.3635,31.2616],[-101.3791,31.2588],[-101.3947,31.256],[-101.4104,31.2532],[-101.426,31.2504],[-101.415,31.2311],[-101.404,31.2119],[-101.393,31.1926],[-101.382,31.1733],[-101.3705,31.187],[-101.3591,31.2008],[-101.3476,31.2145],[-101.3361,31.2282],[-101.3107,31.2279],[-101.2853,31.2275],[-101.2931,31.2501],[-101.3009,31.2727]]],[[[-101.4963,31.445],[-101.5162,31.4534],[-101.5361,31.4618],[-101.5519,31.4472],[-101.5678,31.4327],[-101.5836,31.4181],[-101.5994,31.4035],[-101.6072,31.4254],[-101.6149,31.4473],[-101.6292,31.4395],[-101.6436,31.4317],[-101.6579,31.4238],[-101.6722,31.416],[-101.6627,31.4038],[-101.6531,31.3915],[-101.6436,31.3793],[-101.634,31.367],[-101.6245,31.3548],[-101.615,31.3425],[-101.6054,31.3303],[-101.5959,31.318],[-101.5813,31.3177],[-101.5668,31.3174],[-101.5522,31.317],[-101.5376,31.3167],[-101.5156,31.3282],[-101.4937,31.3397],[-101.4717,31.3512],[-101.4497,31.3627],[-101.4558,31.4009],[-101.4618,31.4391],[-101.4791,31.4421],[-101.4963,31.445]]]]},"properties":{"OBJECTID":471,"state":"Texas","agency":"Texas Parks and Wildlife Department","unit_type":"DMU","unit_id":"3","unit_name":"L","unit_label":"Texas DMU 3 - L","aliases":"2026 | 3 | 3 l | dmu | dmu 3 | dmu 3 l | l | texas | texas 3 | texas 3 l | texas dmu 3 | texas dmu 3 l | texas parks and wildlife department | texas parks and wildlife department 3","year":"2026","Shape_Length":313929.3913528619,"Shape_Area":953402210.0169114}},{"type":"Feature","id":472,"geometry":{"type":"Polygon","coordinates":[[[-104.4684,30.6433],[-104.4586,30.6594],[-104.4488,30.6755],[-104.439,30.6916],[-104.4292,30.7077],[-104.4468,30.7208],[-104.4644,30.734],[-104.4821,30.7471],[-104.4997,30.7602],[-104.51,30.7752],[-104.5203,30.7901],[-104.5305,30.8051],[-104.5408,30.82],[-104.5511,30.835],[-104.5614,30.8499],[-104.5717,30.8649],[-104.582,30.8798],[-104.5882,30.8982],[-104.5945,30.9165],[-104.6007,30.9349],[-104.6069,30.9532],[-104.6132,30.9716],[-104.6194,30.9899],[-104.6257,31.0083],[-104.6319,31.0266],[-104.6479,31.0441],[-104.6639,31.0616],[-104.6824,31.059],[-104.7008,31.0564],[-104.7193,31.0538],[-104.7377,31.0512],[-104.7476,31.0386],[-104.7575,31.026],[-104.7673,31.0133],[-104.7772,31.0007],[-104.7693,30.9813],[-104.7614,30.9618],[-104.7478,30.9543],[-104.7341,30.9468],[-104.728,30.9351],[-104.7219,30.9234],[-104.7158,30.9117],[-104.7097,30.9],[-104.7037,30.8883],[-104.6976,30.8766],[-104.6915,30.8649],[-104.6854,30.8532],[-104.6803,30.8333],[-104.6751,30.8135],[-104.67,30.7936],[-104.6649,30.7737],[-104.6598,30.7538],[-104.6546,30.734],[-104.6495,30.7141],[-104.6444,30.6942],[-104.6351,30.6859],[-104.6258,30.6777],[-104.6165,30.6694],[-104.6072,30.6611],[-104.5899,30.6589],[-104.5725,30.6567],[-104.5552,30.6545],[-104.5378,30.6522],[-104.5205,30.65],[-104.5031,30.6478],[-104.4858,30.6455],[-104.4684,30.6433]]]},"properties":{"OBJECTID":472,"state":"Texas","agency":"Texas Parks and Wildlife Department","unit_type":"DMU","unit_id":"3","unit_name":"L","unit_label":"Texas DMU 3 - L","aliases":"2026 | 3 | 3 l | dmu | dmu 3 | dmu 3 l | l | texas | texas 3 | texas 3 l | texas dmu 3 | texas dmu 3 l | texas parks and wildlife department | texas parks and wildlife department 3","year":"2026","Shape_Length":123953.1024200122,"Shape_Area":629706844.225468}},{"type":"Feature","id":473,"geometry":{"type":"Polygon","coordinates":[[[-103.7903,30.8953],[-103.7901,30.9484],[-103.8036,30.965],[-103.817,30.9816],[-103.8305,30.9981],[-103.844,31.0147],[-103.8549,31.0232],[-103.8658,31.0318],[-103.8768,31.0403],[-103.8877,31.0489],[-103.8986,31.0574],[-103.9095,31.0659],[-103.9205,31.0745],[-103.9314,31.083],[-103.9383,31.0937],[-103.9452,31.1045],[-103.9521,31.1152],[-103.9589,31.1259],[-103.9658,31.1366],[-103.9727,31.1474],[-103.9796,31.1581],[-103.9865,31.1688],[-104.0028,31.1693],[-104.019,31.1699],[-104.0353,31.1704],[-104.0516,31.1709],[-104.0678,31.1715],[-104.0841,31.172],[-104.1004,31.1725],[-104.1167,31.173],[-104.1329,31.1735],[-104.1492,31.1741],[-104.1655,31.1746],[-104.1817,31.1751],[-104.198,31.1756],[-104.2143,31.1761],[-104.2305,31.1766],[-104.2468,31.1771],[-104.2655,31.1857],[-104.2842,31.1942],[-104.3029,31.2027],[-104.3216,31.2113],[-104.3403,31.2198],[-104.3591,31.2283],[-104.3778,31.2369],[-104.3965,31.2454],[-104.4096,31.2499],[-104.4227,31.2543],[-104.4358,31.2588],[-104.4489,31.2633],[-104.462,31.2677],[-104.4751,31.2722],[-104.4882,31.2766],[-104.5013,31.2811],[-104.5255,31.2748],[-104.5497,31.2686],[-104.5739,31.2623],[-104.5981,31.256],[-104.6113,31.2415],[-104.6244,31.227],[-104.6143,31.2051],[-104.6041,31.1832],[-104.594,31.1613],[-104.5839,31.1394],[-104.5631,31.1308],[-104.5423,31.1222],[-104.5214,31.1136],[-104.5006,31.105],[-104.4798,31.0964],[-104.459,31.0878],[-104.4382,31.0792],[-104.4174,31.0706],[-104.4119,31.0551],[-104.4063,31.0396],[-104.4007,31.024],[-104.3952,31.0085],[-104.3896,30.993],[-104.3841,30.9775],[-104.3786,30.9619],[-104.373,30.9464],[-104.3614,30.9603],[-104.3497,30.9742],[-104.3381,30.9881],[-104.3264,31.002],[-104.3062,31.0018],[-104.286,31.0016],[-104.2657,31.0014],[-104.2455,31.0012],[-104.2253,31.001],[-104.2051,31.0008],[-104.1848,31.0005],[-104.1646,31.0003],[-104.151,31.0043],[-104.1374,31.0082],[-104.1238,31.0122],[-104.1102,31.0162],[-104.0966,31.0201],[-104.0829,31.0241],[-104.0693,31.028],[-104.0557,31.032],[-104.04,31.0152],[-104.0243,30.9983],[-104.0086,30.9815],[-103.993,30.9647],[-103.9773,30.9478],[-103.9616,30.931],[-103.946,30.9142],[-103.9303,30.8973],[-103.9168,30.8924],[-103.9034,30.8874],[-103.8899,30.8825],[-103.8764,30.8775],[-103.863,30.8726],[-103.8495,30.8676],[-103.8361,30.8627],[-103.8226,30.8577],[-103.8145,30.8671],[-103.8065,30.8765],[-103.7984,30.8859],[-103.7903,30.8953]]]},"properties":{"OBJECTID":473,"state":"Texas","agency":"Texas Parks and Wildlife Department","unit_type":"DMU","unit_id":"3","unit_name":"L","unit_label":"Texas DMU 3 - L","aliases":"2026 | 3 | 3 l | dmu | dmu 3 | dmu 3 l | l | texas | texas 3 | texas 3 l | texas dmu 3 | texas dmu 3 l | texas parks and wildlife department | texas parks and wildlife department 3","year":"2026","Shape_Length":214297.24479094113,"Shape_Area":1506423983.4688122}},{"type":"Feature","id":474,"geometry":{"type":"Polygon","coordinates":[[[-105.0379,31.2475],[-105.045,31.258],[-105.0522,31.2685],[-105.0593,31.279],[-105.0664,31.2895],[-105.0806,31.2949],[-105.0948,31.3004],[-105.109,31.3058],[-105.1232,31.3112],[-105.1461,31.3075],[-105.1691,31.3038],[-105.192,31.3001],[-105.2149,31.2964],[-105.2086,31.2684],[-105.2023,31.2403],[-105.1886,31.2358],[-105.175,31.2314],[-105.1613,31.2269],[-105.1476,31.2224],[-105.1339,31.2179],[-105.1203,31.2135],[-105.1066,31.209],[-105.0929,31.2045],[-105.081,31.1932],[-105.0691,31.1818],[-105.0571,31.1705],[-105.0452,31.1591],[-105.0398,31.1418],[-105.0344,31.1244],[-105.029,31.1071],[-105.0235,31.0898],[-105.0181,31.0724],[-105.0127,31.0551],[-105.0073,31.0377],[-105.0019,31.0204],[-104.9929,31.0106],[-104.984,31.0009],[-104.975,30.9911],[-104.966,30.9813],[-104.9571,30.9715],[-104.9481,30.9618],[-104.9392,30.952],[-104.9302,30.9422],[-104.9145,30.9469],[-104.8988,30.9516],[-104.883,30.9563],[-104.8673,30.961],[-104.8579,30.973],[-104.8485,30.985],[-104.8391,30.997],[-104.8297,31.009],[-104.8203,31.021],[-104.8109,31.033],[-104.8014,31.045],[-104.792,31.057],[-104.7862,31.0716],[-104.7805,31.0862],[-104.7747,31.1007],[-104.769,31.1153],[-104.7632,31.1299],[-104.7574,31.1445],[-104.7516,31.1591],[-104.7459,31.1736],[-104.7401,31.1882],[-104.7343,31.2028],[-104.7285,31.2173],[-104.7228,31.2319],[-104.717,31.2465],[-104.7112,31.2611],[-104.7054,31.2756],[-104.6996,31.2902],[-104.7106,31.3105],[-104.7267,31.3115],[-104.7428,31.3125],[-104.7589,31.3135],[-104.7751,31.3145],[-104.7912,31.3155],[-104.8073,31.3164],[-104.8234,31.3174],[-104.8395,31.3184],[-104.8563,31.3052],[-104.8731,31.2919],[-104.8809,31.2786],[-104.8887,31.2653],[-104.8965,31.2519],[-104.9043,31.2386],[-104.9121,31.2253],[-104.9198,31.212],[-104.9276,31.1986],[-104.9354,31.1853],[-104.9482,31.1931],[-104.961,31.2009],[-104.9738,31.2086],[-104.9866,31.2164],[-104.9995,31.2242],[-105.0123,31.232],[-105.0251,31.2397],[-105.0379,31.2475]]]},"properties":{"OBJECTID":474,"state":"Texas","agency":"Texas Parks and Wildlife Department","unit_type":"DMU","unit_id":"3","unit_name":"L","unit_label":"Texas DMU 3 - L","aliases":"2026 | 3 | 3 l | dmu | dmu 3 | dmu 3 l | l | texas | texas 3 | texas 3 l | texas dmu 3 | texas dmu 3 l | texas parks and wildlife department | texas parks and wildlife department 3","year":"2026","Shape_Length":162324.99650090627,"Shape_Area":962919070.3870205}},{"type":"Feature","id":475,"geometry":{"type":"Polygon","coordinates":[[[-105.2078,30.9817],[-105.2267,30.973],[-105.2457,30.9642],[-105.2646,30.9555],[-105.2835,30.9467],[-105.2931,30.9612],[-105.3026,30.9756],[-105.3122,30.9901],[-105.3217,31.0045],[-105.3313,31.019],[-105.3409,31.0334],[-105.3504,31.0479],[-105.36,31.0623],[-105.3709,31.0868],[-105.3818,31.1113],[-105.3928,31.1357],[-105.4037,31.1602],[-105.3982,31.1881],[-105.3926,31.216],[-105.376,31.2287],[-105.3593,31.2415],[-105.3427,31.2542],[-105.326,31.2669],[-105.3399,31.2781],[-105.3538,31.2893],[-105.3676,31.3004],[-105.3815,31.3116],[-105.3979,31.3107],[-105.4143,31.3097],[-105.4306,31.3088],[-105.447,31.3078],[-105.4627,31.2942],[-105.4784,31.2806],[-105.494,31.267],[-105.5097,31.2534],[-105.525,31.2565],[-105.5403,31.2596],[-105.5555,31.2626],[-105.5708,31.2657],[-105.578,31.2549],[-105.5851,31.2441],[-105.5923,31.2333],[-105.5994,31.2225],[-105.5917,31.2094],[-105.584,31.1962],[-105.5763,31.1831],[-105.5686,31.17],[-105.5609,31.1568],[-105.5532,31.1437],[-105.5455,31.1306],[-105.5378,31.1174],[-105.5301,31.1043],[-105.5225,31.0912],[-105.5148,31.078],[-105.5071,31.0649],[-105.4994,31.0517],[-105.4917,31.0386],[-105.4841,31.0254],[-105.4764,31.0123],[-105.468,31.0016],[-105.4597,30.9908],[-105.4513,30.9801],[-105.443,30.9693],[-105.4346,30.9585],[-105.4262,30.9478],[-105.4179,30.937],[-105.4095,30.9263],[-105.4012,30.9155],[-105.3928,30.9048],[-105.3845,30.894],[-105.3762,30.8833],[-105.3678,30.8725],[-105.3595,30.8617],[-105.3511,30.851],[-105.3428,30.8402],[-105.321,30.8288],[-105.2991,30.8174],[-105.2773,30.8059],[-105.2555,30.7945],[-105.2357,30.8001],[-105.2158,30.8056],[-105.2019,30.7923],[-105.1881,30.779],[-105.1742,30.7656],[-105.1603,30.7523],[-105.1356,30.7479],[-105.1108,30.7435],[-105.0986,30.7294],[-105.0864,30.7153],[-105.0742,30.7012],[-105.062,30.6871],[-105.0342,30.6862],[-105.0063,30.6852],[-104.9975,30.6664],[-104.9886,30.6475],[-104.9798,30.6287],[-104.9709,30.6098],[-104.9484,30.6071],[-104.9259,30.6043],[-104.9191,30.5925],[-104.9124,30.5808],[-104.9056,30.569],[-104.8988,30.5572],[-104.8921,30.5454],[-104.8853,30.5337],[-104.8786,30.5219],[-104.8718,30.5101],[-104.8686,30.4803],[-104.8653,30.4505],[-104.8621,30.4206],[-104.8588,30.3908],[-104.8493,30.3811],[-104.8398,30.3714],[-104.8303,30.3616],[-104.8209,30.3519],[-104.8114,30.3422],[-104.8019,30.3325],[-104.7924,30.3228],[-104.7829,30.313],[-104.7735,30.3033],[-104.764,30.2936],[-104.7545,30.2839],[-104.7451,30.2741],[-104.7356,30.2644],[-104.7261,30.2547],[-104.7167,30.2449],[-104.7072,30.2352],[-104.702,30.2002],[-104.6968,30.1653],[-104.6916,30.1303],[-104.6864,30.0953],[-104.6962,30.0726],[-104.7059,30.0499],[-104.6996,30.0319],[-104.6933,30.0138],[-104.687,29.9958],[-104.6807,29.9778],[-104.6744,29.9597],[-104.6681,29.9417],[-104.6618,29.9236],[-104.6555,29.9056],[-104.6423,29.885],[-104.6291,29.8643],[-104.6159,29.8437],[-104.6027,29.823],[-104.5895,29.8024],[-104.5763,29.7817],[-104.5632,29.7611],[-104.55,29.7404],[-104.5464,29.711],[-104.5428,29.6816],[-104.5332,29.6726],[-104.5235,29.6636],[-104.5139,29.6545],[-104.5042,29.6455],[-104.4946,29.6365],[-104.485,29.6275],[-104.4753,29.6184],[-104.4657,29.6094],[-104.4496,29.5982],[-104.4335,29.587],[-104.4173,29.5757],[-104.4012,29.5645],[-104.3851,29.5533],[-104.369,29.5421],[-104.3529,29.5308],[-104.3368,29.5196],[-104.317,29.532],[-104.3035,29.5256],[-104.2899,29.5193],[-104.2764,29.5129],[-104.2628,29.5065],[-104.2493,29.5001],[-104.2358,29.4938],[-104.2222,29.4874],[-104.2087,29.481],[-104.2173,29.4577],[-104.2078,29.4482],[-104.1983,29.4387],[-104.1888,29.4292],[-104.1793,29.4197],[-104.1698,29.4102],[-104.1603,29.4007],[-104.1508,29.3912],[-104.1413,29.3817],[-104.1266,29.3732],[-104.1119,29.3647],[-104.0972,29.3562],[-104.0825,29.3477],[-104.0678,29.3392],[-104.0532,29.3307],[-104.0385,29.3222],[-104.0238,29.3137],[-104.0026,29.3097],[-103.9813,29.3056],[-103.96,29.3015],[-103.9388,29.2975],[-103.9175,29.2934],[-103.8963,29.2894],[-103.8751,29.2853],[-103.8538,29.2812],[-103.8398,29.2737],[-103.8259,29.2663],[-103.8119,29.2588],[-103.7979,29.2514],[-103.784,29.2439],[-103.77,29.2364],[-103.7561,29.229],[-103.7421,29.2215],[-103.73,29.2011],[-103.7178,29.1807],[-103.6968,29.1774],[-103.6759,29.1742],[-103.6549,29.1709],[-103.6339,29.1676],[-103.613,29.1644],[-103.592,29.1611],[-103.5711,29.1578],[-103.5501,29.1545],[-103.5399,29.1463],[-103.5296,29.1381],[-103.5193,29.1298],[-103.5091,29.1216],[-103.4988,29.1134],[-103.4886,29.1052],[-103.4783,29.0969],[-103.4681,29.0887],[-103.4579,29.0805],[-103.4476,29.0722],[-103.4374,29.064],[-103.4271,29.0558],[-103.4169,29.0475],[-103.4067,29.0393],[-103.3964,29.031],[-103.3862,29.0228],[-103.3634,29.0253],[-103.3406,29.0278],[-103.3292,29.0219],[-103.3178,29.0159],[-103.3064,29.01],[-103.295,29.004],[-103.2836,28.9981],[-103.2722,28.9921],[-103.2608,28.9862],[-103.2494,28.9802],[-103.2329,28.9807],[-103.2164,28.9811],[-103.1999,28.9816],[-103.1835,28.982],[-103.167,28.9825],[-103.1505,28.9829],[-103.134,28.9834],[-103.1175,28.9838],[-103.1131,29.0029],[-103.1088,29.0221],[-103.1044,29.0412],[-103.1,29.0603],[-103.0853,29.0693],[-103.0705,29.0782],[-103.0558,29.0872],[-103.041,29.0961],[-103.0328,29.1074],[-103.0245,29.1186],[-103.0162,29.1299],[-103.008,29.1411],[-102.9997,29.1524],[-102.9914,29.1636],[-102.9832,29.1749],[-102.9749,29.1861],[-102.9631,29.1803],[-102.9512,29.1744],[-102.9302,29.1869],[-102.9093,29.1993],[-102.8883,29.2118],[-102.8673,29.2242],[-102.8846,29.2391],[-102.9018,29.2539],[-102.8958,29.2789],[-102.8898,29.3039],[-102.8838,29.3289],[-102.8778,29.3539],[-102.8614,29.3657],[-102.8451,29.3775],[-102.8287,29.3892],[-102.8123,29.401],[-102.8219,29.4222],[-102.8314,29.4433],[-102.8256,29.4631],[-102.8198,29.4829],[-102.8139,29.5027],[-102.8081,29.5225],[-102.7903,29.536],[-102.7724,29.5494],[-102.7635,29.5724],[-102.7546,29.5953],[-102.7457,29.6183],[-102.7368,29.6412],[-102.7259,29.65],[-102.715,29.6589],[-102.7041,29.6677],[-102.6932,29.6765],[-102.689,29.6928],[-102.6848,29.7091],[-102.6805,29.7254],[-102.6763,29.7417],[-102.6583,29.7375],[-102.6402,29.7332],[-102.6215,29.7425],[-102.6029,29.7517],[-102.5842,29.761],[-102.5655,29.7702],[-102.5468,29.7648],[-102.528,29.7593],[-102.5382,29.7681],[-102.5484,29.7769],[-102.5587,29.7858],[-102.5689,29.7946],[-102.5791,29.8034],[-102.5893,29.8122],[-102.5996,29.821],[-102.6098,29.8298],[-102.62,29.8387],[-102.6303,29.8475],[-102.6405,29.8563],[-102.6507,29.8651],[-102.661,29.8739],[-102.6712,29.8827],[-102.6815,29.8915],[-102.6917,29.9003],[-102.7101,29.8957],[-102.7284,29.8911],[-102.7468,29.8864],[-102.7651,29.8818],[-102.7835,29.8772],[-102.8018,29.8725],[-102.8202,29.8679],[-102.8385,29.8633],[-102.8569,29.8586],[-102.8752,29.854],[-102.8935,29.8493],[-102.9119,29.8447],[-102.9302,29.84],[-102.9486,29.8353],[-102.9669,29.8307],[-102.9852,29.826],[-103.0034,29.8234],[-103.0216,29.8207],[-103.0398,29.8181],[-103.058,29.8154],[-103.0762,29.8128],[-103.0944,29.8101],[-103.1126,29.8075],[-103.1308,29.8048],[-103.154,29.8118],[-103.1772,29.8188],[-103.1933,29.8362],[-103.2094,29.8535],[-103.2255,29.8708],[-103.2416,29.8882],[-103.2577,29.9055],[-103.2738,29.9228],[-103.2899,29.9402],[-103.306,29.9575],[-103.3244,29.9683],[-103.3427,29.979],[-103.3597,29.9659],[-103.3767,29.9528],[-103.3707,29.9213],[-103.3646,29.8897],[-103.3528,29.8736],[-103.3409,29.8576],[-103.3291,29.8415],[-103.3172,29.8254],[-103.3055,29.8176],[-103.2937,29.8098],[-103.2819,29.8021],[-103.2702,29.7943],[-103.2584,29.7865],[-103.2467,29.7787],[-103.235,29.7709],[-103.2232,29.7631],[-103.2169,29.7509],[-103.2106,29.7387],[-103.2043,29.7265],[-103.198,29.7144],[-103.1917,29.7022],[-103.1854,29.69],[-103.1791,29.6778],[-103.1728,29.6656],[-103.1909,29.6733],[-103.2091,29.681],[-103.2272,29.6888],[-103.2454,29.6965],[-103.2635,29.7042],[-103.2817,29.7119],[-103.2998,29.7196],[-103.318,29.7273],[-103.3359,29.7411],[-103.3538,29.7549],[-103.3717,29.7687],[-103.3897,29.7825],[-103.4076,29.7963],[-103.4255,29.8101],[-103.4435,29.8238],[-103.4614,29.8376],[-103.4667,29.8787],[-103.4578,29.905],[-103.4489,29.9312],[-103.44,29.9575],[-103.4311,29.9837],[-103.4474,29.996],[-103.4636,30.0082],[-103.4695,30.0214],[-103.4753,30.0345],[-103.4812,30.0477],[-103.4871,30.0609],[-103.493,30.074],[-103.4988,30.0872],[-103.5047,30.1003],[-103.5106,30.1135],[-103.5065,30.084],[-103.5023,30.0546],[-103.4982,30.0251],[-103.494,29.9956],[-103.5104,29.979],[-103.5269,29.9623],[-103.5433,29.9457],[-103.5597,29.929],[-103.5832,29.9273],[-103.6068,29.9255],[-103.6303,29.9238],[-103.6538,29.922],[-103.678,29.9128],[-103.7021,29.9036],[-103.7263,29.8944],[-103.7504,29.8852],[-103.7644,29.8736],[-103.7784,29.8619],[-103.7924,29.8503],[-103.8064,29.8386],[-103.8204,29.827],[-103.8344,29.8153],[-103.8484,29.8037],[-103.8624,29.792],[-103.8664,29.7339],[-103.8551,29.7217],[-103.8439,29.7095],[-103.8326,29.6974],[-103.8214,29.6852],[-103.8101,29.673],[-103.7989,29.6608],[-103.7876,29.6486],[-103.7764,29.6364],[-103.7875,29.6231],[-103.7985,29.6099],[-103.8095,29.5966],[-103.8206,29.5834],[-103.8316,29.5701],[-103.8427,29.5568],[-103.8537,29.5436],[-103.8647,29.5303],[-103.8853,29.5175],[-103.9059,29.5048],[-103.9264,29.492],[-103.947,29.4792],[-103.9686,29.4862],[-103.9901,29.4932],[-104.0117,29.5002],[-104.0332,29.5072],[-104.044,29.5138],[-104.0548,29.5205],[-104.0657,29.5271],[-104.0765,29.5337],[-104.0873,29.5403],[-104.0981,29.547],[-104.109,29.5536],[-104.1198,29.5602],[-104.1304,29.5711],[-104.1409,29.582],[-104.1515,29.5929],[-104.162,29.6038],[-104.1726,29.6147],[-104.1832,29.6256],[-104.1937,29.6365],[-104.2043,29.6474],[-104.2226,29.6548],[-104.2408,29.6622],[-104.2591,29.6695],[-104.2773,29.6769],[-104.2876,29.6887],[-104.2978,29.7006],[-104.3081,29.7124],[-104.3183,29.7242],[-104.3324,29.7191],[-104.3464,29.7139],[-104.3603,29.7279],[-104.3742,29.742],[-104.3881,29.756],[-104.402,29.77],[-104.424,29.7748],[-104.4459,29.7796],[-104.4679,29.7843],[-104.4898,29.7891],[-104.4997,29.8073],[-104.5096,29.8256],[-104.5194,29.8438],[-104.5293,29.8621],[-104.5392,29.8803],[-104.5491,29.8985],[-104.559,29.9168],[-104.5689,29.935],[-104.5751,29.9561],[-104.5813,29.9772],[-104.5875,29.9982],[-104.5937,30.0193],[-104.598,30.0454],[-104.6024,30.0715],[-104.6067,30.0977],[-104.6111,30.1238],[-104.6154,30.1499],[-104.6198,30.176],[-104.6241,30.2021],[-104.6285,30.2282],[-104.6372,30.2396],[-104.6459,30.2509],[-104.6545,30.2623],[-104.6632,30.2736],[-104.6719,30.285],[-104.6806,30.2963],[-104.6892,30.3077],[-104.6979,30.319],[-104.7066,30.3304],[-104.7153,30.3417],[-104.724,30.3531],[-104.7327,30.3644],[-104.7414,30.3758],[-104.7501,30.3871],[-104.7588,30.3985],[-104.7675,30.4098],[-104.7722,30.4264],[-104.7768,30.4431],[-104.7815,30.4597],[-104.7861,30.4764],[-104.7908,30.493],[-104.7955,30.5096],[-104.8001,30.5263],[-104.8048,30.5429],[-104.8216,30.5581],[-104.8384,30.5734],[-104.8552,30.5886],[-104.872,30.6038],[-104.8788,30.634],[-104.8855,30.6641],[-104.9064,30.6758],[-104.9273,30.6875],[-104.9482,30.6991],[-104.9691,30.7108],[-104.9672,30.7573],[-104.9653,30.8037],[-104.9898,30.8012],[-105.0143,30.7986],[-105.0387,30.7961],[-105.0632,30.7935],[-105.0722,30.8053],[-105.0812,30.817],[-105.0903,30.8288],[-105.0993,30.8406],[-105.1083,30.8523],[-105.1174,30.8641],[-105.1264,30.8759],[-105.1354,30.8876],[-105.1445,30.8994],[-105.1535,30.9112],[-105.1626,30.9229],[-105.1716,30.9347],[-105.1806,30.9464],[-105.1897,30.9582],[-105.1988,30.97],[-105.2078,30.9817]]]},"properties":{"OBJECTID":475,"state":"Texas","agency":"Texas Parks and Wildlife Department","unit_type":"DMU","unit_id":"3","unit_name":"L","unit_label":"Texas DMU 3 - L","aliases":"2026 | 3 | 3 l | dmu | dmu 3 | dmu 3 l | l | texas | texas 3 | texas 3 l | texas dmu 3 | texas dmu 3 l | texas parks and wildlife department | texas parks and wildlife department 3","year":"2026","Shape_Length":1124252.2842443418,"Shape_Area":12106784745.447905}},{"type":"Feature","id":476,"geometry":{"type":"Polygon","coordinates":[[[-104.537,32.0001],[-104.5642,32.0001],[-104.5914,32.0001],[-104.6186,32.0002],[-104.6458,32.0002],[-104.673,32.0002],[-104.7002,32.0001],[-104.7274,32.0001],[-104.7546,32.0001],[-104.7747,32.0001],[-104.7947,32.0001],[-104.8148,32.0001],[-104.8349,32.0001],[-104.853,32.0001],[-104.8711,32.0001],[-104.8893,32.0001],[-104.9074,32.0001],[-104.9255,32.0],[-104.9437,32.0],[-104.9618,32.0],[-104.9799,32.0],[-104.9731,31.9631],[-104.9663,31.9261],[-104.9596,31.8892],[-104.9528,31.8522],[-104.9555,31.7967],[-104.9471,31.7872],[-104.9386,31.7777],[-104.9302,31.7681],[-104.9217,31.7586],[-104.9018,31.7634],[-104.8819,31.7682],[-104.8619,31.7729],[-104.842,31.7777],[-104.8449,31.7338],[-104.8478,31.6899],[-104.8379,31.6644],[-104.828,31.6388],[-104.8181,31.6133],[-104.8082,31.5877],[-104.7987,31.5756],[-104.7891,31.5636],[-104.7796,31.5515],[-104.77,31.5394],[-104.7605,31.5273],[-104.751,31.5153],[-104.7414,31.5032],[-104.7319,31.4911],[-104.7245,31.4771],[-104.7171,31.463],[-104.7097,31.449],[-104.7023,31.435],[-104.6949,31.4209],[-104.6875,31.4069],[-104.6801,31.3928],[-104.6727,31.3788],[-104.6607,31.3681],[-104.6487,31.3575],[-104.6367,31.3468],[-104.6247,31.3361],[-104.6127,31.3254],[-104.6008,31.3148],[-104.5888,31.3041],[-104.5768,31.2934],[-104.5686,31.3031],[-104.5605,31.3127],[-104.5523,31.3224],[-104.5441,31.3321],[-104.536,31.3417],[-104.5278,31.3514],[-104.5196,31.3611],[-104.5114,31.3707],[-104.5032,31.3804],[-104.4951,31.3901],[-104.4869,31.3997],[-104.4787,31.4094],[-104.4705,31.419],[-104.4623,31.4287],[-104.4541,31.4383],[-104.4459,31.448],[-104.4384,31.4808],[-104.4308,31.5135],[-104.4233,31.5463],[-104.4157,31.579],[-104.4081,31.6118],[-104.4006,31.6445],[-104.393,31.6773],[-104.3854,31.71],[-104.3916,31.7283],[-104.3977,31.7466],[-104.4064,31.7625],[-104.4151,31.7783],[-104.4238,31.7942],[-104.4325,31.81],[-104.4411,31.8259],[-104.4498,31.8417],[-104.4585,31.8575],[-104.4672,31.8734],[-104.476,31.8892],[-104.4847,31.9051],[-104.4934,31.9209],[-104.5021,31.9368],[-104.5108,31.9526],[-104.5195,31.9684],[-104.5283,31.9843],[-104.537,32.0001]]]},"properties":{"OBJECTID":476,"state":"Texas","agency":"Texas Parks and Wildlife Department","unit_type":"DMU","unit_id":"3","unit_name":"L","unit_label":"Texas DMU 3 - L","aliases":"2026 | 3 | 3 l | dmu | dmu 3 | dmu 3 l | l | texas | texas 3 | texas 3 l | texas dmu 3 | texas dmu 3 l | texas parks and wildlife department | texas parks and wildlife department 3","year":"2026","Shape_Length":225506.18708492327,"Shape_Area":2726690171.4254093}},{"type":"Feature","id":477,"geometry":{"type":"Polygon","coordinates":[[[-105.3704,32.0005],[-105.3913,32.0006],[-105.4122,32.0007],[-105.4331,32.0007],[-105.454,32.0008],[-105.4749,32.0009],[-105.4958,32.001],[-105.5167,32.001],[-105.5376,32.0011],[-105.5585,32.0011],[-105.5793,32.0012],[-105.6002,32.0012],[-105.6211,32.0013],[-105.642,32.0013],[-105.6629,32.0013],[-105.6838,32.0014],[-105.7047,32.0014],[-105.6881,31.9874],[-105.6714,31.9734],[-105.6548,31.9594],[-105.6381,31.9454],[-105.625,31.9377],[-105.6118,31.9299],[-105.5986,31.9222],[-105.5855,31.9144],[-105.5724,31.9067],[-105.5592,31.8989],[-105.5461,31.8912],[-105.5329,31.8834],[-105.5198,31.8757],[-105.5067,31.8679],[-105.4935,31.8601],[-105.4804,31.8524],[-105.4673,31.8446],[-105.4541,31.8368],[-105.441,31.8291],[-105.4279,31.8213],[-105.4069,31.8256],[-105.386,31.8298],[-105.365,31.8341],[-105.344,31.8383],[-105.3314,31.8532],[-105.3187,31.868],[-105.3226,31.8932],[-105.3265,31.9184],[-105.3304,31.9436],[-105.3343,31.9688],[-105.3433,31.9767],[-105.3524,31.9847],[-105.3614,31.9926],[-105.3704,32.0005]]]},"properties":{"OBJECTID":477,"state":"Texas","agency":"Texas Parks and Wildlife Department","unit_type":"DMU","unit_id":"3","unit_name":"L","unit_label":"Texas DMU 3 - L","aliases":"2026 | 3 | 3 l | dmu | dmu 3 | dmu 3 l | l | texas | texas 3 | texas 3 l | texas dmu 3 | texas dmu 3 l | texas parks and wildlife department | texas parks and wildlife department 3","year":"2026","Shape_Length":92857.99908226199,"Shape_Area":448691073.5315563}},{"type":"Feature","id":478,"geometry":{"type":"Polygon","coordinates":[[[-102.8174,32.0874],[-102.8328,32.0874],[-102.8482,32.0873],[-102.8636,32.0873],[-102.8791,32.0873],[-102.8945,32.0873],[-102.9099,32.0872],[-102.9253,32.0872],[-102.9407,32.0872],[-102.9561,32.0871],[-102.9715,32.0871],[-102.9869,32.087],[-103.0024,32.087],[-103.0178,32.087],[-103.0332,32.0869],[-103.0486,32.0869],[-103.064,32.0868],[-103.064,32.0172],[-103.0515,32.002],[-103.0389,31.9868],[-103.0264,31.9716],[-103.0139,31.9564],[-103.0087,31.9345],[-103.0036,31.9126],[-102.9984,31.8908],[-102.9932,31.8689],[-102.9881,31.847],[-102.9829,31.8251],[-102.9777,31.8032],[-102.9726,31.7813],[-102.9674,31.7595],[-102.9623,31.7376],[-102.9571,31.7157],[-102.952,31.6938],[-102.9468,31.6719],[-102.9417,31.65],[-102.9365,31.6281],[-102.9314,31.6062],[-102.9217,31.5981],[-102.9119,31.5901],[-102.9022,31.582],[-102.8925,31.5739],[-102.8828,31.5658],[-102.873,31.5578],[-102.8633,31.5497],[-102.8536,31.5416],[-102.8416,31.5334],[-102.8296,31.5251],[-102.8176,31.5169],[-102.8056,31.5087],[-102.7936,31.5004],[-102.7816,31.4922],[-102.7697,31.4839],[-102.7577,31.4757],[-102.7457,31.4675],[-102.7337,31.4592],[-102.7217,31.451],[-102.7098,31.4427],[-102.6978,31.4345],[-102.6858,31.4262],[-102.6739,31.418],[-102.6619,31.4097],[-102.6468,31.4031],[-102.6318,31.3964],[-102.6167,31.3898],[-102.6016,31.3831],[-102.5744,31.3847],[-102.5472,31.3863],[-102.5199,31.3879],[-102.4927,31.3895],[-102.4788,31.3971],[-102.465,31.4047],[-102.4511,31.4123],[-102.4372,31.4199],[-102.4319,31.4599],[-102.4265,31.4998],[-102.4394,31.5142],[-102.4523,31.5286],[-102.4652,31.5429],[-102.4781,31.5573],[-102.4967,31.5672],[-102.5152,31.5772],[-102.5338,31.5871],[-102.5523,31.597],[-102.5709,31.607],[-102.5895,31.6169],[-102.608,31.6268],[-102.6266,31.6367],[-102.6354,31.6505],[-102.6441,31.6643],[-102.6529,31.6781],[-102.6616,31.6919],[-102.6704,31.7057],[-102.6792,31.7195],[-102.6879,31.7333],[-102.6967,31.7471],[-102.7136,31.7631],[-102.7305,31.7791],[-102.7475,31.7951],[-102.7644,31.8111],[-102.7813,31.8271],[-102.7983,31.8431],[-102.8152,31.8591],[-102.8322,31.8751],[-102.8396,31.9001],[-102.8469,31.925],[-102.8543,31.95],[-102.8616,31.9749],[-102.8705,31.9877],[-102.8794,32.0004],[-102.8882,32.0132],[-102.8971,32.0259],[-102.8872,32.0336],[-102.8772,32.0413],[-102.8672,32.049],[-102.8573,32.0566],[-102.8473,32.0643],[-102.8373,32.072],[-102.8274,32.0797],[-102.8174,32.0874]]]},"properties":{"OBJECTID":478,"state":"Texas","agency":"Texas Parks and Wildlife Department","unit_type":"DMU","unit_id":"3","unit_name":"L","unit_label":"Texas DMU 3 - L","aliases":"2026 | 3 | 3 l | dmu | dmu 3 | dmu 3 l | l | texas | texas 3 | texas 3 l | texas dmu 3 | texas dmu 3 l | texas parks and wildlife department | texas parks and wildlife department 3","year":"2026","Shape_Length":230495.46001382152,"Shape_Area":1869165652.1636593}},{"type":"Feature","id":479,"geometry":{"type":"Polygon","coordinates":[[[-102.2252,33.297],[-102.2193,33.2821],[-102.2134,33.2671],[-102.2075,33.2522],[-102.2016,33.2372],[-102.1964,33.1863],[-102.1912,33.1354],[-102.1847,33.1242],[-102.1782,33.1129],[-102.1718,33.1017],[-102.1653,33.0905],[-102.1588,33.0792],[-102.1523,33.068],[-102.1459,33.0567],[-102.1394,33.0455],[-102.1287,33.0383],[-102.118,33.031],[-102.1073,33.0238],[-102.0966,33.0166],[-102.0859,33.0093],[-102.0752,33.0021],[-102.0645,32.9948],[-102.0538,32.9876],[-102.0419,32.9704],[-102.0299,32.9532],[-102.018,32.9361],[-102.006,32.9189],[-101.9941,32.9017],[-101.9822,32.8845],[-101.9702,32.8673],[-101.9583,32.8501],[-101.9409,32.8438],[-101.9236,32.8375],[-101.9062,32.8311],[-101.8888,32.8248],[-101.8837,32.8492],[-101.8785,32.8735],[-101.8733,32.8979],[-101.8682,32.9222],[-101.863,32.9466],[-101.8579,32.9709],[-101.8527,32.9953],[-101.8475,33.0196],[-101.8355,33.0293],[-101.8236,33.0391],[-101.8116,33.0488],[-101.7996,33.0586],[-101.7877,33.0683],[-101.7757,33.078],[-101.7637,33.0878],[-101.7517,33.0975],[-101.7462,33.1152],[-101.7406,33.133],[-101.7351,33.1507],[-101.7295,33.1685],[-101.724,33.1862],[-101.7184,33.2039],[-101.7129,33.2217],[-101.7073,33.2394],[-101.7108,33.2824],[-101.7293,33.2806],[-101.7479,33.2787],[-101.7664,33.2769],[-101.7849,33.2751],[-101.8034,33.2732],[-101.822,33.2714],[-101.8405,33.2696],[-101.859,33.2677],[-101.8805,33.2682],[-101.902,33.2688],[-101.9235,33.2693],[-101.945,33.2698],[-101.9665,33.2704],[-101.988,33.2709],[-102.0095,33.2714],[-102.031,33.2719],[-102.049,33.2772],[-102.0671,33.2824],[-102.0851,33.2877],[-102.1031,33.2929],[-102.1212,33.2982],[-102.1392,33.3034],[-102.1573,33.3087],[-102.1753,33.3139],[-102.1974,33.3112],[-102.2195,33.3086],[-102.2252,33.297]]]},"properties":{"OBJECTID":479,"state":"Texas","agency":"Texas Parks and Wildlife Department","unit_type":"DMU","unit_id":"3","unit_name":"L","unit_label":"Texas DMU 3 - L","aliases":"2026 | 3 | 3 l | dmu | dmu 3 | dmu 3 l | l | texas | texas 3 | texas 3 l | texas dmu 3 | texas dmu 3 l | texas parks and wildlife department | texas parks and wildlife department 3","year":"2026","Shape_Length":169685.02208307246,"Shape_Area":1455816181.2190495}},{"type":"Feature","id":480,"geometry":{"type":"Polygon","coordinates":[[[-101.3186,33.7545],[-101.3062,33.7385],[-101.2937,33.7225],[-101.2813,33.7065],[-101.2689,33.6905],[-101.2566,33.6745],[-101.2442,33.6584],[-101.2318,33.6424],[-101.2194,33.6264],[-101.2279,33.6134],[-101.2364,33.6005],[-101.2448,33.5875],[-101.2533,33.5746],[-101.2617,33.5616],[-101.2702,33.5486],[-101.2787,33.5357],[-101.2871,33.5227],[-101.3093,33.5173],[-101.3315,33.5119],[-101.3536,33.5064],[-101.3758,33.501],[-101.39,33.5056],[-101.4041,33.5102],[-101.4182,33.5147],[-101.4324,33.5193],[-101.4465,33.5239],[-101.4607,33.5285],[-101.4749,33.533],[-101.489,33.5376],[-101.5032,33.5422],[-101.5173,33.5467],[-101.5315,33.5513],[-101.5456,33.5559],[-101.5598,33.5604],[-101.574,33.565],[-101.5881,33.5696],[-101.6023,33.5741],[-101.6249,33.5779],[-101.6474,33.5818],[-101.67,33.5856],[-101.6926,33.5894],[-101.7152,33.5933],[-101.7377,33.5971],[-101.7603,33.6009],[-101.7829,33.6047],[-101.7834,33.542],[-101.7689,33.5309],[-101.7544,33.5197],[-101.7399,33.5086],[-101.7254,33.4974],[-101.7109,33.4863],[-101.6964,33.4751],[-101.6819,33.464],[-101.6674,33.4528],[-101.653,33.4468],[-101.6385,33.4407],[-101.6241,33.4347],[-101.6097,33.4286],[-101.5953,33.4226],[-101.5808,33.4165],[-101.5664,33.4105],[-101.552,33.4044],[-101.5337,33.3914],[-101.5155,33.3784],[-101.4972,33.3653],[-101.479,33.3523],[-101.4581,33.3471],[-101.4373,33.3419],[-101.4164,33.3367],[-101.3955,33.3315],[-101.379,33.3322],[-101.3626,33.3328],[-101.3461,33.3335],[-101.3297,33.3342],[-101.3132,33.3348],[-101.2967,33.3355],[-101.2803,33.3362],[-101.2638,33.3368],[-101.2486,33.3398],[-101.2334,33.3428],[-101.2182,33.3457],[-101.203,33.3487],[-101.1878,33.3517],[-101.1726,33.3547],[-101.1574,33.3576],[-101.1422,33.3606],[-101.1229,33.3604],[-101.1036,33.3602],[-101.0843,33.36],[-101.065,33.3598],[-101.0457,33.3596],[-101.0264,33.3594],[-101.0071,33.3592],[-100.9878,33.359],[-100.9761,33.3475],[-100.9645,33.3361],[-100.9528,33.3246],[-100.9411,33.3131],[-100.9197,33.3131],[-100.8983,33.313],[-100.8768,33.313],[-100.8554,33.3129],[-100.8456,33.3321],[-100.8357,33.3514],[-100.8259,33.3706],[-100.816,33.3898],[-100.8033,33.3964],[-100.7906,33.403],[-100.7778,33.4096],[-100.7651,33.4162],[-100.7524,33.4228],[-100.7397,33.4294],[-100.7269,33.436],[-100.7142,33.4426],[-100.7003,33.439],[-100.6864,33.4355],[-100.6724,33.4319],[-100.6585,33.4283],[-100.6523,33.4092],[-100.6462,33.3902],[-100.64,33.3711],[-100.6338,33.352],[-100.6233,33.3373],[-100.6127,33.3226],[-100.6022,33.3078],[-100.5916,33.2931],[-100.5811,33.2784],[-100.5706,33.2637],[-100.56,33.2489],[-100.5495,33.2342],[-100.5619,33.2261],[-100.5744,33.218],[-100.5868,33.2099],[-100.5992,33.2018],[-100.6153,33.2016],[-100.6315,33.2014],[-100.6476,33.2012],[-100.6638,33.201],[-100.6799,33.2008],[-100.696,33.2006],[-100.7122,33.2004],[-100.7283,33.2002],[-100.7444,33.2],[-100.7606,33.1997],[-100.7767,33.1995],[-100.7929,33.1993],[-100.809,33.1991],[-100.8251,33.1989],[-100.8413,33.1986],[-100.8574,33.1984],[-100.8777,33.193],[-100.898,33.1876],[-100.9183,33.1822],[-100.9385,33.1767],[-100.9588,33.1713],[-100.9791,33.1659],[-100.9993,33.1604],[-101.0196,33.155],[-101.0385,33.1542],[-101.0574,33.1533],[-101.0763,33.1525],[-101.0952,33.1516],[-101.114,33.1508],[-101.1329,33.1499],[-101.1518,33.1491],[-101.1707,33.1482],[-101.1963,33.15],[-101.2218,33.1517],[-101.2474,33.1535],[-101.2729,33.1553],[-101.2985,33.157],[-101.324,33.1587],[-101.3496,33.1605],[-101.3751,33.1622],[-101.3944,33.1591],[-101.4137,33.1561],[-101.433,33.153],[-101.4523,33.1499],[-101.4716,33.1468],[-101.4908,33.1437],[-101.5101,33.1406],[-101.5294,33.1375],[-101.5487,33.1344],[-101.568,33.1313],[-101.5872,33.1282],[-101.6065,33.1251],[-101.6258,33.122],[-101.6451,33.1189],[-101.6643,33.1157],[-101.6836,33.1126],[-101.6887,33.0873],[-101.6937,33.0621],[-101.6988,33.0368],[-101.7038,33.0115],[-101.6922,33.0008],[-101.6806,32.9901],[-101.669,32.9794],[-101.6574,32.9687],[-101.6458,32.958],[-101.6342,32.9472],[-101.6226,32.9365],[-101.611,32.9258],[-101.5836,32.9254],[-101.5563,32.925],[-101.5289,32.9246],[-101.5015,32.9242],[-101.4741,32.9237],[-101.4468,32.9233],[-101.4194,32.9229],[-101.392,32.9224],[-101.3731,32.9202],[-101.3542,32.918],[-101.3353,32.9158],[-101.3163,32.9135],[-101.2974,32.9113],[-101.2785,32.9091],[-101.2596,32.9068],[-101.2407,32.9046],[-101.2218,32.9024],[-101.2029,32.9001],[-101.1839,32.8979],[-101.165,32.8956],[-101.1461,32.8934],[-101.1272,32.8911],[-101.1083,32.8889],[-101.0894,32.8866],[-101.0704,32.8753],[-101.0514,32.8641],[-101.0325,32.8528],[-101.0135,32.8415],[-100.9882,32.8389],[-100.9628,32.8362],[-100.9375,32.8335],[-100.9121,32.8309],[-100.8868,32.8282],[-100.8615,32.8255],[-100.8361,32.8228],[-100.8108,32.8201],[-100.799,32.8137],[-100.7872,32.8074],[-100.7754,32.801],[-100.7636,32.7946],[-100.7518,32.7882],[-100.74,32.7819],[-100.7282,32.7755],[-100.7164,32.7691],[-100.7017,32.7677],[-100.6869,32.7663],[-100.6722,32.7648],[-100.6574,32.7634],[-100.6567,32.8633],[-100.6559,32.9633],[-100.6398,32.9634],[-100.6237,32.9635],[-100.6075,32.9636],[-100.5914,32.9638],[-100.5753,32.9639],[-100.5592,32.964],[-100.543,32.9641],[-100.5269,32.9642],[-100.5249,33.0237],[-100.523,33.0832],[-100.521,33.1427],[-100.519,33.2022],[-100.517,33.2616],[-100.515,33.3211],[-100.513,33.3806],[-100.511,33.44],[-100.5127,33.5089],[-100.5143,33.5779],[-100.516,33.6468],[-100.5176,33.7157],[-100.5369,33.7085],[-100.5562,33.7012],[-100.5649,33.6816],[-100.5737,33.6619],[-100.5824,33.6423],[-100.5911,33.6226],[-100.6181,33.6229],[-100.6451,33.6231],[-100.6721,33.6234],[-100.6991,33.6236],[-100.7118,33.633],[-100.7244,33.6424],[-100.7371,33.6517],[-100.7497,33.6611],[-100.7624,33.6705],[-100.7751,33.6799],[-100.7877,33.6892],[-100.8004,33.6986],[-100.8166,33.6884],[-100.8327,33.6781],[-100.8317,33.5865],[-100.8307,33.4949],[-100.8526,33.4868],[-100.8746,33.4787],[-100.8965,33.4705],[-100.9184,33.4624],[-100.9457,33.4632],[-100.9729,33.464],[-101.0002,33.4647],[-101.0274,33.4655],[-101.0309,33.485],[-101.0344,33.5046],[-101.0379,33.5241],[-101.0413,33.5437],[-101.0448,33.5632],[-101.0483,33.5827],[-101.0518,33.6023],[-101.0553,33.6218],[-101.0624,33.6379],[-101.0695,33.6541],[-101.0766,33.6702],[-101.0837,33.6864],[-101.0908,33.7025],[-101.098,33.7186],[-101.1051,33.7348],[-101.1122,33.7509],[-101.1273,33.7695],[-101.1424,33.788],[-101.1575,33.8066],[-101.1726,33.8251],[-101.1669,33.8091],[-101.1613,33.793],[-101.1556,33.777],[-101.15,33.7609],[-101.1711,33.7602],[-101.1921,33.7594],[-101.2132,33.7586],[-101.2343,33.7578],[-101.2554,33.757],[-101.2764,33.7562],[-101.2975,33.7553],[-101.3186,33.7545]]]},"properties":{"OBJECTID":480,"state":"Texas","agency":"Texas Parks and Wildlife Department","unit_type":"DMU","unit_id":"3","unit_name":"L","unit_label":"Texas DMU 3 - L","aliases":"2026 | 3 | 3 l | dmu | dmu 3 | dmu 3 l | l | texas | texas 3 | texas 3 l | texas dmu 3 | texas dmu 3 l | texas parks and wildlife department | texas parks and wildlife department 3","year":"2026","Shape_Length":718813.5789462434,"Shape_Area":6333804815.976503}},{"type":"Feature","id":481,"geometry":{"type":"Polygon","coordinates":[[[-101.5576,29.8145],[-101.5757,29.8176],[-101.5938,29.8207],[-101.6118,29.8237],[-101.6299,29.8268],[-101.6475,29.8349],[-101.665,29.8429],[-101.6826,29.8509],[-101.7001,29.859],[-101.7177,29.867],[-101.7353,29.875],[-101.7528,29.8831],[-101.7704,29.8911],[-101.7942,29.8942],[-101.818,29.8974],[-101.8418,29.9005],[-101.8656,29.9036],[-101.8894,29.9068],[-101.9132,29.9099],[-101.937,29.913],[-101.9608,29.9161],[-101.9757,29.9274],[-101.9906,29.9387],[-102.0054,29.9501],[-102.0203,29.9614],[-102.0352,29.9727],[-102.0501,29.984],[-102.065,29.9953],[-102.0799,30.0066],[-102.0896,30.0154],[-102.0993,30.0241],[-102.1089,30.0329],[-102.1186,30.0417],[-102.1283,30.0504],[-102.138,30.0592],[-102.1477,30.0679],[-102.1573,30.0767],[-102.167,30.0854],[-102.1767,30.0942],[-102.1864,30.103],[-102.1961,30.1117],[-102.2058,30.1205],[-102.2155,30.1292],[-102.2252,30.138],[-102.2349,30.1467],[-102.2415,30.169],[-102.248,30.1913],[-102.2546,30.2137],[-102.2611,30.236],[-102.2677,30.2583],[-102.2743,30.2806],[-102.2808,30.3029],[-102.2874,30.3252],[-102.3036,30.3397],[-102.3198,30.3543],[-102.3361,30.3688],[-102.3523,30.3833],[-102.3788,30.3801],[-102.4053,30.3768],[-102.4318,30.3736],[-102.4583,30.3703],[-102.454,30.3148],[-102.4496,30.2593],[-102.4396,30.2459],[-102.4296,30.2324],[-102.4195,30.219],[-102.4095,30.2055],[-102.4047,30.1898],[-102.3999,30.1741],[-102.3951,30.1584],[-102.3902,30.1427],[-102.3854,30.127],[-102.3806,30.1113],[-102.3758,30.0956],[-102.371,30.0799],[-102.3741,30.0574],[-102.3772,30.0348],[-102.3969,30.0264],[-102.4166,30.018],[-102.4363,30.0097],[-102.4559,30.0013],[-102.4756,29.9929],[-102.4953,29.9845],[-102.5149,29.9761],[-102.5346,29.9677],[-102.5542,29.9593],[-102.5739,29.9509],[-102.5935,29.9424],[-102.6132,29.934],[-102.6328,29.9256],[-102.6525,29.9172],[-102.6721,29.9087],[-102.6917,29.9003],[-102.6815,29.8915],[-102.6712,29.8827],[-102.661,29.8739],[-102.6507,29.8651],[-102.6405,29.8563],[-102.6303,29.8475],[-102.62,29.8387],[-102.6098,29.8298],[-102.5996,29.821],[-102.5893,29.8122],[-102.5791,29.8034],[-102.5689,29.7946],[-102.5587,29.7858],[-102.5484,29.7769],[-102.5382,29.7681],[-102.528,29.7593],[-102.5177,29.7661],[-102.5074,29.7728],[-102.4971,29.7796],[-102.4868,29.7863],[-102.4623,29.7801],[-102.4378,29.774],[-102.4133,29.7678],[-102.3888,29.7616],[-102.3826,29.775],[-102.3763,29.7884],[-102.3701,29.8018],[-102.3639,29.8153],[-102.3576,29.8287],[-102.3514,29.8421],[-102.3452,29.8555],[-102.3389,29.8689],[-102.3157,29.8676],[-102.2925,29.8663],[-102.2692,29.8649],[-102.246,29.8636],[-102.2295,29.8548],[-102.2131,29.8459],[-102.1966,29.837],[-102.1801,29.8282],[-102.1637,29.8193],[-102.1472,29.8104],[-102.1308,29.8016],[-102.1143,29.7927],[-102.0979,29.7909],[-102.0816,29.7891],[-102.0652,29.7872],[-102.0488,29.7854],[-102.0282,29.7921],[-102.0076,29.7989],[-101.987,29.8056],[-101.9664,29.8123],[-101.9496,29.7987],[-101.9327,29.785],[-101.9127,29.7907],[-101.8926,29.7963],[-101.8726,29.802],[-101.8525,29.8076],[-101.8345,29.8019],[-101.8165,29.7961],[-101.7986,29.7904],[-101.7806,29.7847],[-101.7626,29.7789],[-101.7446,29.7732],[-101.7267,29.7675],[-101.7087,29.7617],[-101.6919,29.7629],[-101.6751,29.764],[-101.6583,29.7652],[-101.6415,29.7664],[-101.6246,29.7675],[-101.6078,29.7687],[-101.591,29.7699],[-101.5742,29.771],[-101.5659,29.7928],[-101.5576,29.8145]]]},"properties":{"OBJECTID":481,"state":"Texas","agency":"Texas Parks and Wildlife Department","unit_type":"DMU","unit_id":"2","unit_name":"M","unit_label":"Texas DMU 2 - M","aliases":"2 | 2 m | 2026 | dmu | dmu 2 | dmu 2 m | m | texas | texas 2 | texas 2 m | texas dmu 2 | texas dmu 2 m | texas parks and wildlife department | texas parks and wildlife department 2","year":"2026","Shape_Length":324516.0534498562,"Shape_Area":2429656589.264087}},{"type":"Feature","id":482,"geometry":{"type":"Polygon","coordinates":[[[-102.941,30.5949],[-102.9208,30.5904],[-102.9005,30.586],[-102.8803,30.5815],[-102.86,30.577],[-102.8454,30.5672],[-102.8307,30.5573],[-102.8161,30.5475],[-102.8014,30.5376],[-102.7798,30.5455],[-102.7582,30.5534],[-102.7446,30.5508],[-102.731,30.5483],[-102.7174,30.5457],[-102.7038,30.5431],[-102.6901,30.5405],[-102.6765,30.538],[-102.6629,30.5354],[-102.6493,30.5328],[-102.634,30.535],[-102.6187,30.5371],[-102.6034,30.5392],[-102.5881,30.5414],[-102.5728,30.5435],[-102.5575,30.5456],[-102.5422,30.5478],[-102.5269,30.5499],[-102.5191,30.5669],[-102.5113,30.5839],[-102.5034,30.6008],[-102.4956,30.6178],[-102.5102,30.6364],[-102.5248,30.6549],[-102.5426,30.6483],[-102.5604,30.6417],[-102.5781,30.6351],[-102.5959,30.6285],[-102.6158,30.6273],[-102.6357,30.6261],[-102.6556,30.6249],[-102.6755,30.6237],[-102.6888,30.6285],[-102.702,30.6333],[-102.7153,30.6382],[-102.7285,30.643],[-102.7418,30.6478],[-102.7551,30.6526],[-102.7683,30.6574],[-102.7816,30.6622],[-102.7863,30.7198],[-102.7677,30.7217],[-102.749,30.7236],[-102.7304,30.7255],[-102.7118,30.7274],[-102.6931,30.7293],[-102.6745,30.7311],[-102.6558,30.733],[-102.6372,30.7349],[-102.6244,30.7519],[-102.6115,30.7689],[-102.6211,30.7786],[-102.6307,30.7883],[-102.6403,30.7981],[-102.6498,30.8078],[-102.6594,30.8175],[-102.669,30.8272],[-102.6786,30.8369],[-102.6882,30.8466],[-102.7038,30.8413],[-102.7195,30.8361],[-102.7351,30.8308],[-102.7507,30.8255],[-102.7663,30.8202],[-102.782,30.815],[-102.7976,30.8097],[-102.8132,30.8044],[-102.8239,30.7943],[-102.8346,30.7841],[-102.8453,30.774],[-102.856,30.7638],[-102.8667,30.7537],[-102.8774,30.7435],[-102.8881,30.7334],[-102.8988,30.7232],[-102.9095,30.7034],[-102.9202,30.6836],[-102.9309,30.6638],[-102.9416,30.644],[-102.941,30.5949]]]},"properties":{"OBJECTID":482,"state":"Texas","agency":"Texas Parks and Wildlife Department","unit_type":"DMU","unit_id":"2","unit_name":"M","unit_label":"Texas DMU 2 - M","aliases":"2 | 2 m | 2026 | dmu | dmu 2 | dmu 2 m | m | texas | texas 2 | texas 2 m | texas dmu 2 | texas dmu 2 m | texas parks and wildlife department | texas parks and wildlife department 2","year":"2026","Shape_Length":158050.4254112944,"Shape_Area":741446605.6238371}},{"type":"Feature","id":483,"geometry":{"type":"Polygon","coordinates":[[[-103.7903,30.8953],[-103.7984,30.8859],[-103.8065,30.8765],[-103.8145,30.8671],[-103.8226,30.8577],[-103.8361,30.8627],[-103.8495,30.8676],[-103.863,30.8726],[-103.8764,30.8775],[-103.8899,30.8825],[-103.9034,30.8874],[-103.9168,30.8924],[-103.9303,30.8973],[-103.946,30.9142],[-103.9616,30.931],[-103.9773,30.9478],[-103.993,30.9647],[-104.0086,30.9815],[-104.0243,30.9983],[-104.04,31.0152],[-104.0557,31.032],[-104.0693,31.028],[-104.0829,31.0241],[-104.0966,31.0201],[-104.1102,31.0162],[-104.1238,31.0122],[-104.1374,31.0082],[-104.151,31.0043],[-104.1646,31.0003],[-104.1848,31.0005],[-104.2051,31.0008],[-104.2253,31.001],[-104.2455,31.0012],[-104.2657,31.0014],[-104.286,31.0016],[-104.3062,31.0018],[-104.3264,31.002],[-104.3381,30.9881],[-104.3497,30.9742],[-104.3614,30.9603],[-104.373,30.9464],[-104.3773,30.888],[-104.3668,30.8771],[-104.3563,30.8662],[-104.3458,30.8553],[-104.3353,30.8444],[-104.3457,30.8204],[-104.3562,30.7963],[-104.3666,30.7723],[-104.377,30.7482],[-104.3706,30.7269],[-104.3641,30.7055],[-104.3577,30.6842],[-104.3512,30.6628],[-104.341,30.6481],[-104.3309,30.6334],[-104.3207,30.6188],[-104.3106,30.6041],[-104.3004,30.5894],[-104.2903,30.5747],[-104.2801,30.56],[-104.27,30.5453],[-104.2607,30.5191],[-104.2513,30.4929],[-104.242,30.4667],[-104.2326,30.4405],[-104.2174,30.436],[-104.2021,30.4314],[-104.1888,30.4445],[-104.1754,30.4577],[-104.1621,30.4708],[-104.1487,30.484],[-104.1353,30.4971],[-104.122,30.5102],[-104.1086,30.5234],[-104.0952,30.5365],[-104.081,30.534],[-104.0668,30.5315],[-104.0526,30.5289],[-104.0384,30.5264],[-104.0158,30.5302],[-103.9931,30.534],[-103.9705,30.5378],[-103.9478,30.5416],[-103.9252,30.5454],[-103.9025,30.5492],[-103.8799,30.5529],[-103.8572,30.5567],[-103.8604,30.5238],[-103.8636,30.4908],[-103.8623,30.4357],[-103.861,30.3806],[-103.8597,30.3255],[-103.8584,30.2704],[-103.8466,30.2637],[-103.8348,30.2569],[-103.823,30.2502],[-103.8112,30.2434],[-103.7978,30.2404],[-103.7844,30.2374],[-103.771,30.2345],[-103.7576,30.2315],[-103.7442,30.2285],[-103.7308,30.2255],[-103.7174,30.2225],[-103.704,30.2195],[-103.6961,30.1922],[-103.6881,30.1649],[-103.7008,30.1546],[-103.7135,30.1442],[-103.7262,30.1339],[-103.7388,30.1235],[-103.7515,30.1132],[-103.7642,30.1028],[-103.7768,30.0925],[-103.7895,30.0821],[-103.8049,30.0761],[-103.8203,30.07],[-103.8356,30.064],[-103.851,30.0579],[-103.8611,30.0447],[-103.8711,30.0315],[-103.8811,30.0182],[-103.8912,30.005],[-103.9012,29.9918],[-103.9113,29.9786],[-103.9213,29.9653],[-103.9313,29.9521],[-103.954,29.9521],[-103.9766,29.952],[-103.9789,29.9865],[-103.9812,30.0211],[-103.9834,30.0556],[-103.9857,30.0901],[-103.9914,30.1102],[-103.9972,30.1303],[-104.0029,30.1504],[-104.0086,30.1705],[-104.0266,30.178],[-104.0447,30.1856],[-104.0627,30.1931],[-104.0807,30.2006],[-104.0842,30.1711],[-104.0876,30.1416],[-104.0911,30.1121],[-104.0945,30.0826],[-104.1171,30.0834],[-104.1398,30.0842],[-104.1624,30.0849],[-104.1851,30.0857],[-104.2077,30.0865],[-104.2303,30.0872],[-104.253,30.088],[-104.2756,30.0887],[-104.2931,30.1028],[-104.3106,30.1169],[-104.3183,30.1344],[-104.326,30.152],[-104.3338,30.1695],[-104.3415,30.1871],[-104.3492,30.2046],[-104.3569,30.2221],[-104.3647,30.2397],[-104.3724,30.2572],[-104.3907,30.2604],[-104.409,30.2635],[-104.4272,30.2667],[-104.4455,30.2698],[-104.4511,30.2462],[-104.4567,30.2226],[-104.4623,30.199],[-104.4679,30.1754],[-104.4567,30.1596],[-104.4455,30.1438],[-104.4343,30.1279],[-104.4231,30.1121],[-104.4365,30.1073],[-104.4499,30.1024],[-104.4633,30.0976],[-104.4767,30.0927],[-104.4829,30.1081],[-104.4891,30.1234],[-104.4953,30.1388],[-104.5014,30.1542],[-104.5076,30.1695],[-104.5138,30.1849],[-104.52,30.2002],[-104.5262,30.2156],[-104.5243,30.267],[-104.5223,30.3183],[-104.5378,30.3285],[-104.5533,30.3387],[-104.5568,30.3666],[-104.5603,30.3945],[-104.5638,30.4223],[-104.5673,30.4502],[-104.5761,30.4622],[-104.585,30.4742],[-104.5938,30.4862],[-104.6026,30.4982],[-104.6115,30.5102],[-104.6203,30.5222],[-104.6292,30.5342],[-104.638,30.5462],[-104.6442,30.5702],[-104.6503,30.5943],[-104.6565,30.6183],[-104.6626,30.6423],[-104.6748,30.6539],[-104.687,30.6654],[-104.6991,30.677],[-104.7113,30.6885],[-104.7235,30.7001],[-104.7357,30.7116],[-104.7479,30.7232],[-104.7601,30.7347],[-104.7671,30.7507],[-104.7741,30.7666],[-104.781,30.7826],[-104.788,30.7985],[-104.7815,30.8302],[-104.775,30.8619],[-104.7684,30.8935],[-104.7619,30.9252],[-104.7797,30.9316],[-104.7974,30.9381],[-104.8152,30.9445],[-104.8329,30.9509],[-104.853,30.9416],[-104.873,30.9323],[-104.8787,30.8898],[-104.8843,30.8472],[-104.8855,30.6641],[-104.8788,30.634],[-104.872,30.6038],[-104.8552,30.5886],[-104.8384,30.5734],[-104.8216,30.5581],[-104.8048,30.5429],[-104.8001,30.5263],[-104.7955,30.5096],[-104.7908,30.493],[-104.7861,30.4764],[-104.7815,30.4597],[-104.7768,30.4431],[-104.7722,30.4264],[-104.7675,30.4098],[-104.7588,30.3985],[-104.7501,30.3871],[-104.7414,30.3758],[-104.7327,30.3644],[-104.724,30.3531],[-104.7153,30.3417],[-104.7066,30.3304],[-104.6979,30.319],[-104.6892,30.3077],[-104.6806,30.2963],[-104.6719,30.285],[-104.6632,30.2736],[-104.6545,30.2623],[-104.6459,30.2509],[-104.6372,30.2396],[-104.6285,30.2282],[-104.6241,30.2021],[-104.6198,30.176],[-104.6154,30.1499],[-104.6111,30.1238],[-104.6067,30.0977],[-104.6024,30.0715],[-104.598,30.0454],[-104.5937,30.0193],[-104.5875,29.9982],[-104.5813,29.9772],[-104.5751,29.9561],[-104.5689,29.935],[-104.559,29.9168],[-104.5491,29.8985],[-104.5392,29.8803],[-104.5293,29.8621],[-104.5194,29.8438],[-104.5096,29.8256],[-104.4997,29.8073],[-104.4898,29.7891],[-104.4679,29.7843],[-104.4459,29.7796],[-104.424,29.7748],[-104.402,29.77],[-104.3881,29.756],[-104.3742,29.742],[-104.3603,29.7279],[-104.3464,29.7139],[-104.3324,29.7191],[-104.3183,29.7242],[-104.3081,29.7124],[-104.2978,29.7006],[-104.2876,29.6887],[-104.2773,29.6769],[-104.2591,29.6695],[-104.2408,29.6622],[-104.2226,29.6548],[-104.2043,29.6474],[-104.1937,29.6365],[-104.1832,29.6256],[-104.1726,29.6147],[-104.162,29.6038],[-104.1515,29.5929],[-104.1409,29.582],[-104.1304,29.5711],[-104.1198,29.5602],[-104.109,29.5536],[-104.0981,29.547],[-104.0873,29.5403],[-104.0765,29.5337],[-104.0657,29.5271],[-104.0548,29.5205],[-104.044,29.5138],[-104.0332,29.5072],[-104.0117,29.5002],[-103.9901,29.4932],[-103.9686,29.4862],[-103.947,29.4792],[-103.9264,29.492],[-103.9059,29.5048],[-103.8853,29.5175],[-103.8647,29.5303],[-103.8537,29.5436],[-103.8427,29.5568],[-103.8316,29.5701],[-103.8206,29.5834],[-103.8095,29.5966],[-103.7985,29.6099],[-103.7875,29.6231],[-103.7764,29.6364],[-103.7876,29.6486],[-103.7989,29.6608],[-103.8101,29.673],[-103.8214,29.6852],[-103.8326,29.6974],[-103.8439,29.7095],[-103.8551,29.7217],[-103.8664,29.7339],[-103.8624,29.792],[-103.8484,29.8037],[-103.8344,29.8153],[-103.8204,29.827],[-103.8064,29.8386],[-103.7924,29.8503],[-103.7784,29.8619],[-103.7644,29.8736],[-103.7504,29.8852],[-103.7263,29.8944],[-103.7021,29.9036],[-103.678,29.9128],[-103.6538,29.922],[-103.6303,29.9238],[-103.6068,29.9255],[-103.5832,29.9273],[-103.5597,29.929],[-103.5433,29.9457],[-103.5269,29.9623],[-103.5104,29.979],[-103.494,29.9956],[-103.4982,30.0251],[-103.5023,30.0546],[-103.5065,30.084],[-103.5106,30.1135],[-103.5047,30.1003],[-103.4988,30.0872],[-103.493,30.074],[-103.4871,30.0609],[-103.4812,30.0477],[-103.4753,30.0345],[-103.4695,30.0214],[-103.4636,30.0082],[-103.4474,29.996],[-103.4311,29.9837],[-103.4244,30.0035],[-103.4178,30.0233],[-103.4111,30.043],[-103.4044,30.0628],[-103.3978,30.0826],[-103.3911,30.1024],[-103.3844,30.1221],[-103.3777,30.1419],[-103.3848,30.154],[-103.3919,30.166],[-103.399,30.1781],[-103.4061,30.1901],[-103.4132,30.2021],[-103.4204,30.2142],[-103.4275,30.2262],[-103.4346,30.2383],[-103.4417,30.2503],[-103.4488,30.2624],[-103.456,30.2744],[-103.4631,30.2864],[-103.4702,30.2985],[-103.4773,30.3105],[-103.4845,30.3226],[-103.4916,30.3346],[-103.5089,30.3468],[-103.5262,30.3589],[-103.5389,30.3542],[-103.5516,30.3496],[-103.5643,30.3449],[-103.577,30.3402],[-103.5897,30.3355],[-103.6023,30.3309],[-103.615,30.3262],[-103.6277,30.3215],[-103.6445,30.3282],[-103.6613,30.3348],[-103.678,30.3415],[-103.6948,30.3481],[-103.6897,30.3823],[-103.6845,30.4165],[-103.6794,30.4506],[-103.6742,30.4848],[-103.6603,30.4965],[-103.6464,30.5082],[-103.6325,30.5198],[-103.6185,30.5315],[-103.6046,30.5432],[-103.5907,30.5549],[-103.5767,30.5665],[-103.5628,30.5782],[-103.5564,30.5984],[-103.55,30.6186],[-103.5436,30.6387],[-103.5372,30.6589],[-103.5465,30.677],[-103.5558,30.6951],[-103.5651,30.7131],[-103.5744,30.7312],[-103.5629,30.7416],[-103.5513,30.752],[-103.5398,30.7624],[-103.5282,30.7728],[-103.5167,30.7832],[-103.5051,30.7935],[-103.4936,30.8039],[-103.482,30.8143],[-103.4919,30.8408],[-103.5017,30.8673],[-103.5197,30.8691],[-103.5378,30.8708],[-103.5558,30.8726],[-103.5738,30.8744],[-103.5919,30.8761],[-103.6099,30.8779],[-103.6279,30.8796],[-103.646,30.8814],[-103.664,30.8831],[-103.6821,30.8849],[-103.7001,30.8866],[-103.7181,30.8884],[-103.7362,30.8901],[-103.7542,30.8918],[-103.7723,30.8936],[-103.7903,30.8953]],[[-103.964,30.8121],[-103.9511,30.8082],[-103.9383,30.8042],[-103.9254,30.8003],[-103.9125,30.7963],[-103.9177,30.7816],[-103.923,30.7668],[-103.9282,30.7521],[-103.9334,30.7373],[-103.9154,30.7237],[-103.8974,30.71],[-103.8794,30.6964],[-103.8614,30.6827],[-103.8784,30.6761],[-103.8954,30.6695],[-103.9123,30.6628],[-103.9293,30.6562],[-103.9506,30.6599],[-103.9719,30.6635],[-103.9932,30.6672],[-104.0145,30.6708],[-104.0279,30.6662],[-104.0412,30.6615],[-104.0546,30.6569],[-104.0679,30.6522],[-104.0659,30.5974],[-104.0779,30.5913],[-104.0899,30.5852],[-104.1018,30.579],[-104.1138,30.5729],[-104.1258,30.5668],[-104.1378,30.5607],[-104.1497,30.5545],[-104.1617,30.5484],[-104.1717,30.5579],[-104.1816,30.5673],[-104.1915,30.5768],[-104.2015,30.5863],[-104.2114,30.5957],[-104.2214,30.6052],[-104.2314,30.6146],[-104.2413,30.6241],[-104.2479,30.6461],[-104.2545,30.668],[-104.2611,30.69],[-104.2677,30.7119],[-104.2475,30.7056],[-104.2273,30.6993],[-104.207,30.6929],[-104.1868,30.6866],[-104.1729,30.7019],[-104.1591,30.7171],[-104.1452,30.7324],[-104.1313,30.7476],[-104.1379,30.7666],[-104.1445,30.7856],[-104.1293,30.7929],[-104.1142,30.8003],[-104.099,30.8076],[-104.0838,30.8149],[-104.0924,30.8333],[-104.101,30.8517],[-104.1095,30.8701],[-104.1181,30.8885],[-104.1056,30.9016],[-104.0931,30.9146],[-104.0777,30.9067],[-104.0624,30.8988],[-104.047,30.8909],[-104.0316,30.883],[-104.0163,30.8751],[-104.0009,30.8672],[-103.9856,30.8593],[-103.9702,30.8514],[-103.964,30.8121]]]},"properties":{"OBJECTID":483,"state":"Texas","agency":"Texas Parks and Wildlife Department","unit_type":"DMU","unit_id":"2","unit_name":"M","unit_label":"Texas DMU 2 - M","aliases":"2 | 2 m | 2026 | dmu | dmu 2 | dmu 2 m | m | texas | texas 2 | texas 2 m | texas dmu 2 | texas dmu 2 m | texas parks and wildlife department | texas parks and wildlife department 2","year":"2026","Shape_Length":1113255.5707258717,"Shape_Area":9990717503.930368}},{"type":"Feature","id":484,"geometry":{"type":"Polygon","coordinates":[[[-104.9653,30.8037],[-104.9699,30.8204],[-104.9744,30.8371],[-104.979,30.8537],[-104.9835,30.8704],[-104.9881,30.8871],[-104.9927,30.9038],[-104.9972,30.9204],[-105.0018,30.9371],[-105.0123,30.9584],[-105.0228,30.9797],[-105.0333,31.0009],[-105.0438,31.0222],[-105.0615,31.0215],[-105.0792,31.0208],[-105.0969,31.0202],[-105.1146,31.0195],[-105.1322,31.0188],[-105.1499,31.0181],[-105.1676,31.0174],[-105.1853,31.0167],[-105.1966,30.9992],[-105.2078,30.9817],[-105.1988,30.97],[-105.1897,30.9582],[-105.1806,30.9464],[-105.1716,30.9347],[-105.1626,30.9229],[-105.1535,30.9112],[-105.1445,30.8994],[-105.1354,30.8876],[-105.1264,30.8759],[-105.1174,30.8641],[-105.1083,30.8523],[-105.0993,30.8406],[-105.0903,30.8288],[-105.0812,30.817],[-105.0722,30.8053],[-105.0632,30.7935],[-105.0387,30.7961],[-105.0143,30.7986],[-104.9898,30.8012],[-104.9653,30.8037]]]},"properties":{"OBJECTID":484,"state":"Texas","agency":"Texas Parks and Wildlife Department","unit_type":"DMU","unit_id":"2","unit_name":"M","unit_label":"Texas DMU 2 - M","aliases":"2 | 2 m | 2026 | dmu | dmu 2 | dmu 2 m | m | texas | texas 2 | texas 2 m | texas dmu 2 | texas dmu 2 m | texas parks and wildlife department | texas parks and wildlife department 2","year":"2026","Shape_Length":77905.79727128385,"Shape_Area":350873797.7638905}},{"type":"Feature","id":485,"geometry":{"type":"Polygon","coordinates":[[[-101.6122,31.2208],[-101.6343,31.214],[-101.6563,31.2073],[-101.6784,31.2005],[-101.7004,31.1937],[-101.7083,31.1844],[-101.7161,31.1751],[-101.724,31.1658],[-101.7318,31.1565],[-101.7581,31.1588],[-101.7844,31.1611],[-101.7806,31.1166],[-101.7711,31.0963],[-101.7616,31.076],[-101.7816,31.0634],[-101.8016,31.0507],[-101.7796,31.0457],[-101.7577,31.0407],[-101.7357,31.0356],[-101.7137,31.0306],[-101.718,30.9992],[-101.7223,30.9677],[-101.7065,30.9795],[-101.6907,30.9913],[-101.676,30.9898],[-101.6613,30.9882],[-101.6465,30.9867],[-101.6318,30.9852],[-101.6171,30.9836],[-101.6024,30.9821],[-101.5876,30.9805],[-101.5729,30.979],[-101.5548,30.9798],[-101.5368,30.9806],[-101.5187,30.9814],[-101.5007,30.9822],[-101.4826,30.983],[-101.4645,30.9838],[-101.4465,30.9846],[-101.4284,30.9854],[-101.4177,30.9925],[-101.407,30.9995],[-101.3963,31.0066],[-101.3856,31.0136],[-101.3749,31.0207],[-101.3642,31.0277],[-101.3535,31.0348],[-101.3428,31.0418],[-101.3493,31.0526],[-101.3559,31.0634],[-101.3624,31.0742],[-101.3689,31.085],[-101.3967,31.0874],[-101.4245,31.0898],[-101.4522,31.0921],[-101.48,31.0945],[-101.4975,31.0906],[-101.5149,31.0868],[-101.5324,31.0829],[-101.5498,31.079],[-101.5673,31.0752],[-101.5847,31.0713],[-101.6022,31.0674],[-101.6196,31.0635],[-101.6246,31.0879],[-101.6296,31.1122],[-101.6345,31.1366],[-101.6395,31.1609],[-101.6294,31.1526],[-101.6192,31.1443],[-101.6091,31.1359],[-101.5989,31.1276],[-101.5866,31.1479],[-101.5742,31.1681],[-101.5891,31.1745],[-101.604,31.1808],[-101.6189,31.1872],[-101.6338,31.1935],[-101.623,31.2072],[-101.6122,31.2208]]]},"properties":{"OBJECTID":485,"state":"Texas","agency":"Texas Parks and Wildlife Department","unit_type":"DMU","unit_id":"2","unit_name":"M","unit_label":"Texas DMU 2 - M","aliases":"2 | 2 m | 2026 | dmu | dmu 2 | dmu 2 m | m | texas | texas 2 | texas 2 m | texas dmu 2 | texas dmu 2 m | texas parks and wildlife department | texas parks and wildlife department 2","year":"2026","Shape_Length":149815.20355233992,"Shape_Area":573607200.6618025}},{"type":"Feature","id":486,"geometry":{"type":"Polygon","coordinates":[[[-104.8395,31.3184],[-104.8334,31.3393],[-104.8272,31.3601],[-104.8353,31.3894],[-104.8433,31.4188],[-104.8514,31.4481],[-104.8594,31.4774],[-104.8814,31.4879],[-104.9033,31.4984],[-104.9253,31.5089],[-104.9473,31.5194],[-104.9692,31.5299],[-104.9912,31.5404],[-105.0132,31.5509],[-105.0352,31.5614],[-105.0434,31.531],[-105.0516,31.5005],[-105.0437,31.4712],[-105.0358,31.4419],[-105.028,31.4125],[-105.0201,31.3832],[-105.0246,31.3493],[-105.029,31.3154],[-105.0335,31.2814],[-105.0379,31.2475],[-105.0251,31.2397],[-105.0123,31.232],[-104.9995,31.2242],[-104.9866,31.2164],[-104.9738,31.2086],[-104.961,31.2009],[-104.9482,31.1931],[-104.9354,31.1853],[-104.9276,31.1986],[-104.9198,31.212],[-104.9121,31.2253],[-104.9043,31.2386],[-104.8965,31.2519],[-104.8887,31.2653],[-104.8809,31.2786],[-104.8731,31.2919],[-104.8563,31.3052],[-104.8395,31.3184]]]},"properties":{"OBJECTID":486,"state":"Texas","agency":"Texas Parks and Wildlife Department","unit_type":"DMU","unit_id":"2","unit_name":"M","unit_label":"Texas DMU 2 - M","aliases":"2 | 2 m | 2026 | dmu | dmu 2 | dmu 2 m | m | texas | texas 2 | texas 2 m | texas dmu 2 | texas dmu 2 m | texas parks and wildlife department | texas parks and wildlife department 2","year":"2026","Shape_Length":102351.32910691126,"Shape_Area":566697735.4777838}},{"type":"Feature","id":487,"geometry":{"type":"Polygon","coordinates":[[[-99.7022,33.6835],[-99.7193,33.6932],[-99.7363,33.7029],[-99.7266,33.681],[-99.7169,33.659],[-99.7096,33.6713],[-99.7022,33.6835]]]},"properties":{"OBJECTID":487,"state":"Texas","agency":"Texas Parks and Wildlife Department","unit_type":"DMU","unit_id":"2","unit_name":"M","unit_label":"Texas DMU 2 - M","aliases":"2 | 2 m | 2026 | dmu | dmu 2 | dmu 2 m | m | texas | texas 2 | texas 2 m | texas dmu 2 | texas dmu 2 m | texas parks and wildlife department | texas parks and wildlife department 2","year":"2026","Shape_Length":12087.123051143442,"Shape_Area":5762319.943962134}},{"type":"Feature","id":488,"geometry":{"type":"Polygon","coordinates":[[[-102.0918,34.8328],[-102.0801,34.8532],[-102.0684,34.8735],[-102.0567,34.8939],[-102.045,34.9142],[-102.029,34.9286],[-102.013,34.9429],[-101.997,34.9573],[-101.981,34.9716],[-101.9648,34.9742],[-101.9485,34.9768],[-101.9323,34.9794],[-101.9161,34.982],[-101.8998,34.9846],[-101.8836,34.9872],[-101.8674,34.9898],[-101.8511,34.9924],[-101.8407,34.9995],[-101.8303,35.0067],[-101.8198,35.0138],[-101.8094,35.0209],[-101.7928,35.0177],[-101.7761,35.0145],[-101.7595,35.0112],[-101.7428,35.008],[-101.758,34.9894],[-101.7732,34.9707],[-101.768,34.9495],[-101.7629,34.9283],[-101.7577,34.9071],[-101.7526,34.8859],[-101.7474,34.8646],[-101.7423,34.8434],[-101.7371,34.8222],[-101.732,34.801],[-101.7172,34.8041],[-101.7024,34.8071],[-101.6877,34.8102],[-101.6729,34.8133],[-101.6581,34.8163],[-101.6433,34.8194],[-101.6285,34.8224],[-101.6137,34.8255],[-101.5891,34.8167],[-101.5644,34.8079],[-101.5398,34.799],[-101.5151,34.7902],[-101.498,34.7773],[-101.4808,34.7643],[-101.4637,34.7514],[-101.4465,34.7384],[-101.4294,34.7255],[-101.4122,34.7125],[-101.3951,34.6996],[-101.378,34.6866],[-101.3887,34.663],[-101.3995,34.6393],[-101.4102,34.6157],[-101.4209,34.592],[-101.4448,34.5868],[-101.4686,34.5815],[-101.4925,34.5763],[-101.5163,34.571],[-101.528,34.5582],[-101.5397,34.5455],[-101.5514,34.5327],[-101.5631,34.5199],[-101.5851,34.5158],[-101.6071,34.5116],[-101.599,34.4998],[-101.5909,34.4881],[-101.5827,34.4763],[-101.5746,34.4645],[-101.5526,34.4708],[-101.5307,34.477],[-101.5087,34.4833],[-101.4867,34.4895],[-101.4701,34.4819],[-101.4535,34.4743],[-101.4368,34.4667],[-101.4202,34.4591],[-101.4074,34.4797],[-101.3946,34.5003],[-101.3818,34.5209],[-101.369,34.5415],[-101.3532,34.5394],[-101.3373,34.5373],[-101.3215,34.5353],[-101.3056,34.5332],[-101.2898,34.5311],[-101.2739,34.529],[-101.2581,34.5269],[-101.2422,34.5248],[-101.2228,34.512],[-101.2034,34.4991],[-101.184,34.4863],[-101.1646,34.4734],[-101.1724,34.4554],[-101.1802,34.4374],[-101.1879,34.4193],[-101.1957,34.4013],[-101.2122,34.3949],[-101.2287,34.3885],[-101.2452,34.382],[-101.2617,34.3756],[-101.2556,34.3632],[-101.2495,34.3508],[-101.2434,34.3383],[-101.2372,34.3259],[-101.2311,34.3135],[-101.225,34.3011],[-101.2189,34.2886],[-101.2128,34.2762],[-101.2268,34.2732],[-101.2407,34.2702],[-101.2547,34.2671],[-101.2686,34.2641],[-101.2724,34.2433],[-101.2761,34.2225],[-101.2591,34.2157],[-101.2421,34.2088],[-101.2252,34.2019],[-101.2082,34.1951],[-101.1912,34.1882],[-101.1742,34.1813],[-101.1573,34.1745],[-101.1403,34.1676],[-101.1365,34.1463],[-101.1327,34.125],[-101.1289,34.1037],[-101.1251,34.0824],[-101.1119,34.0613],[-101.0987,34.0402],[-101.0855,34.019],[-101.0723,33.9979],[-101.0662,33.9789],[-101.0601,33.9599],[-101.0539,33.9408],[-101.0478,33.9218],[-101.0601,33.9],[-101.0723,33.8781],[-101.0679,33.8421],[-101.0635,33.806],[-101.0484,33.7898],[-101.0332,33.7737],[-101.0181,33.7575],[-101.003,33.7413],[-100.9752,33.7413],[-100.9474,33.7413],[-100.9195,33.7413],[-100.8917,33.7413],[-100.8986,33.7535],[-100.9055,33.7657],[-100.9124,33.7779],[-100.9193,33.7901],[-100.9026,33.804],[-100.886,33.8178],[-100.8693,33.8317],[-100.8526,33.8455],[-100.8677,33.849],[-100.8829,33.8525],[-100.898,33.856],[-100.9131,33.8595],[-100.9177,33.91],[-100.903,33.9148],[-100.8882,33.9195],[-100.8735,33.9243],[-100.8587,33.929],[-100.8516,33.9401],[-100.8444,33.9513],[-100.8373,33.9624],[-100.8301,33.9735],[-100.8354,34.0029],[-100.8407,34.0323],[-100.8175,34.0367],[-100.7942,34.0411],[-100.771,34.0454],[-100.7477,34.0498],[-100.7464,34.0047],[-100.7188,34.0023],[-100.6911,34.0],[-100.6635,33.9976],[-100.6358,33.9952],[-100.6211,33.9968],[-100.6064,33.9984],[-100.5916,34.0],[-100.5769,34.0016],[-100.5622,34.0032],[-100.5475,34.0048],[-100.5327,34.0064],[-100.518,34.008],[-100.4974,34.0042],[-100.4768,34.0004],[-100.4562,33.9966],[-100.4356,33.9928],[-100.4177,33.9961],[-100.3997,33.9994],[-100.3818,34.0028],[-100.3639,34.0061],[-100.3459,34.0094],[-100.328,34.0127],[-100.3101,34.016],[-100.2921,34.0193],[-100.2734,34.0318],[-100.2546,34.0443],[-100.2359,34.0568],[-100.2171,34.0692],[-100.1983,34.0817],[-100.1796,34.0942],[-100.1608,34.1066],[-100.142,34.1191],[-100.1283,34.1144],[-100.1147,34.1096],[-100.101,34.1049],[-100.0873,34.1001],[-100.0737,34.0953],[-100.06,34.0906],[-100.0464,34.0858],[-100.0327,34.0811],[-100.019,34.0763],[-100.0054,34.0715],[-99.9917,34.0668],[-99.9781,34.062],[-99.9644,34.0572],[-99.9508,34.0525],[-99.9372,34.0477],[-99.9235,34.0429],[-99.9067,34.0313],[-99.8898,34.0198],[-99.873,34.0082],[-99.8562,33.9966],[-99.8397,34.0041],[-99.8232,34.0115],[-99.8066,34.019],[-99.7901,34.0264],[-99.771,34.0252],[-99.7519,34.024],[-99.7328,34.0228],[-99.7137,34.0216],[-99.705,34.0305],[-99.6963,34.0393],[-99.6875,34.0482],[-99.6788,34.057],[-99.6701,34.0659],[-99.6614,34.0747],[-99.6526,34.0836],[-99.6439,34.0924],[-99.6199,34.0839],[-99.5958,34.0755],[-99.5718,34.067],[-99.5478,34.0585],[-99.5314,34.0655],[-99.515,34.0726],[-99.4985,34.0796],[-99.4821,34.0866],[-99.4996,34.0919],[-99.5171,34.0971],[-99.5345,34.1023],[-99.552,34.1076],[-99.5695,34.1128],[-99.587,34.118],[-99.6044,34.1233],[-99.6219,34.1285],[-99.6394,34.1337],[-99.6569,34.1389],[-99.6744,34.1442],[-99.6919,34.1494],[-99.7094,34.1546],[-99.7269,34.1598],[-99.7444,34.165],[-99.7619,34.1702],[-99.7774,34.1782],[-99.7928,34.1862],[-99.8083,34.1942],[-99.8238,34.2022],[-99.8393,34.2101],[-99.8547,34.2181],[-99.8702,34.2261],[-99.8857,34.2341],[-99.9012,34.242],[-99.9167,34.25],[-99.9322,34.258],[-99.9477,34.266],[-99.9632,34.2739],[-99.9787,34.2819],[-99.9942,34.2898],[-100.0097,34.2978],[-100.0333,34.2945],[-100.0569,34.2912],[-100.0805,34.2879],[-100.1041,34.2846],[-100.1068,34.3316],[-100.1095,34.3785],[-100.0958,34.3879],[-100.082,34.3974],[-100.0683,34.4068],[-100.0545,34.4162],[-100.0531,34.4696],[-100.0517,34.5229],[-100.0389,34.5378],[-100.0262,34.5527],[-100.0134,34.5676],[-100.0006,34.5825],[-100.0238,34.5813],[-100.0471,34.5801],[-100.0703,34.5789],[-100.0935,34.5777],[-100.1086,34.5878],[-100.1237,34.5979],[-100.1387,34.6079],[-100.1538,34.618],[-100.1604,34.6306],[-100.167,34.6431],[-100.1736,34.6557],[-100.1802,34.6683],[-100.1869,34.6808],[-100.1935,34.6934],[-100.2001,34.7059],[-100.2067,34.7185],[-100.2055,34.7834],[-100.2228,34.7962],[-100.2402,34.809],[-100.2575,34.8218],[-100.2749,34.8346],[-100.2704,34.8833],[-100.2828,34.8763],[-100.2951,34.8694],[-100.3075,34.8624],[-100.3198,34.8554],[-100.3348,34.8573],[-100.3498,34.8591],[-100.3647,34.861],[-100.3797,34.8629],[-100.3947,34.8647],[-100.4097,34.8666],[-100.4246,34.8685],[-100.4396,34.8703],[-100.4538,34.8795],[-100.468,34.8887],[-100.4822,34.8978],[-100.4964,34.907],[-100.522,34.9005],[-100.5476,34.894],[-100.5732,34.8874],[-100.5988,34.8809],[-100.6117,34.8683],[-100.6246,34.8558],[-100.6375,34.8432],[-100.6504,34.8306],[-100.6718,34.8339],[-100.6932,34.8372],[-100.7145,34.8405],[-100.7359,34.8438],[-100.7566,34.8373],[-100.7773,34.8309],[-100.7979,34.8244],[-100.8186,34.8179],[-100.8283,34.8271],[-100.8381,34.8362],[-100.8478,34.8454],[-100.8575,34.8545],[-100.8672,34.8636],[-100.877,34.8728],[-100.8867,34.8819],[-100.8964,34.8911],[-100.9062,34.9002],[-100.9159,34.9094],[-100.9257,34.9185],[-100.9354,34.9277],[-100.9452,34.9368],[-100.9549,34.9459],[-100.9647,34.9551],[-100.9744,34.9642],[-100.9938,34.9728],[-101.0132,34.9814],[-101.0325,34.99],[-101.0519,34.9986],[-101.0713,35.0072],[-101.0907,35.0158],[-101.1101,35.0244],[-101.1295,35.033],[-101.1542,35.0325],[-101.1788,35.0321],[-101.2035,35.0316],[-101.2281,35.0311],[-101.2346,35.0428],[-101.2411,35.0546],[-101.2476,35.0663],[-101.2541,35.078],[-101.2693,35.0795],[-101.2845,35.081],[-101.2997,35.0824],[-101.3149,35.0839],[-101.326,35.0737],[-101.337,35.0634],[-101.3481,35.0532],[-101.3591,35.0429],[-101.3481,35.0228],[-101.3371,35.0027],[-101.3262,34.9825],[-101.3152,34.9624],[-101.329,34.9437],[-101.3427,34.925],[-101.3553,34.9353],[-101.3679,34.9457],[-101.3804,34.956],[-101.393,34.9663],[-101.407,34.9723],[-101.421,34.9783],[-101.4351,34.9843],[-101.4491,34.9903],[-101.4631,34.9963],[-101.4771,35.0022],[-101.4912,35.0082],[-101.5052,35.0142],[-101.5333,35.0097],[-101.5614,35.0052],[-101.5895,35.0007],[-101.6176,34.9962],[-101.6267,35.0065],[-101.6358,35.0168],[-101.6449,35.0271],[-101.654,35.0374],[-101.6631,35.0477],[-101.6722,35.058],[-101.6813,35.0683],[-101.6904,35.0786],[-101.702,35.0849],[-101.7136,35.0913],[-101.7251,35.0976],[-101.7367,35.1039],[-101.7582,35.1008],[-101.7798,35.0976],[-101.8013,35.0945],[-101.8228,35.0913],[-101.8373,35.0835],[-101.8519,35.0757],[-101.8664,35.068],[-101.8809,35.0602],[-101.8955,35.0524],[-101.91,35.0446],[-101.9245,35.0368],[-101.939,35.029],[-101.9528,35.0345],[-101.9666,35.0399],[-101.9804,35.0454],[-101.9941,35.0509],[-102.0079,35.0563],[-102.0217,35.0618],[-102.0355,35.0672],[-102.0493,35.0727],[-102.073,35.0688],[-102.0966,35.0649],[-102.1203,35.061],[-102.1439,35.0571],[-102.1629,35.0712],[-102.1818,35.0853],[-102.2043,35.0741],[-102.2267,35.0628],[-102.2164,35.0483],[-102.2062,35.0338],[-102.1959,35.0192],[-102.1856,35.0047],[-102.1622,35.0021],[-102.1388,34.9994],[-102.1154,34.9968],[-102.092,34.9941],[-102.0679,35.0026],[-102.0437,35.011],[-102.0328,35.0044],[-102.0218,34.9979],[-102.0109,34.9913],[-101.9999,34.9847],[-102.0216,34.9821],[-102.0433,34.9794],[-102.065,34.9768],[-102.0867,34.9741],[-102.1038,34.9648],[-102.1209,34.9554],[-102.1379,34.9461],[-102.155,34.9367],[-102.1721,34.9274],[-102.1891,34.918],[-102.2062,34.9087],[-102.2232,34.8993],[-102.2325,34.8757],[-102.2418,34.8521],[-102.2206,34.842],[-102.1994,34.8318],[-102.1725,34.8321],[-102.1456,34.8323],[-102.1187,34.8326],[-102.0918,34.8328]],[[-100.4181,34.6347],[-100.4174,34.5978],[-100.4309,34.6016],[-100.4443,34.6054],[-100.4578,34.6091],[-100.4712,34.6129],[-100.4755,34.6473],[-100.4797,34.6817],[-100.4627,34.6888],[-100.4456,34.6959],[-100.4387,34.6806],[-100.4319,34.6653],[-100.425,34.65],[-100.4181,34.6347]],[[-100.7002,34.6821],[-100.6758,34.6802],[-100.6515,34.6783],[-100.6271,34.6763],[-100.6027,34.6744],[-100.6108,34.6527],[-100.619,34.631],[-100.6271,34.6093],[-100.6352,34.5876],[-100.6576,34.5871],[-100.6799,34.5865],[-100.7028,34.5959],[-100.7257,34.6052],[-100.7486,34.6146],[-100.7716,34.6239],[-100.7945,34.6333],[-100.8174,34.6426],[-100.8404,34.652],[-100.8633,34.6613],[-100.8708,34.6729],[-100.8783,34.6844],[-100.8543,34.6793],[-100.8303,34.6742],[-100.8063,34.669],[-100.7823,34.6639],[-100.7618,34.6685],[-100.7413,34.673],[-100.7207,34.6776],[-100.7002,34.6821]],[[-100.2765,34.4425],[-100.2794,34.3881],[-100.2879,34.4013],[-100.2965,34.4144],[-100.305,34.4276],[-100.3135,34.4407],[-100.295,34.4416],[-100.2765,34.4425]],[[-100.3775,34.377],[-100.3921,34.3833],[-100.4067,34.3896],[-100.4213,34.3959],[-100.4359,34.4022],[-100.4194,34.3993],[-100.4029,34.3965],[-100.3864,34.3936],[-100.3699,34.3907],[-100.3775,34.377]],[[-100.9902,34.3995],[-100.9747,34.3992],[-100.9592,34.3988],[-100.9437,34.3985],[-100.9282,34.3981],[-100.915,34.3898],[-100.9018,34.3815],[-100.8887,34.3731],[-100.8755,34.3648],[-100.8623,34.3565],[-100.8491,34.3482],[-100.836,34.3398],[-100.8228,34.3315],[-100.8409,34.3231],[-100.859,34.3148],[-100.8771,34.3064],[-100.8952,34.298],[-100.9117,34.3012],[-100.9282,34.3043],[-100.9447,34.3074],[-100.9611,34.3106],[-100.9776,34.3137],[-100.9941,34.3168],[-101.0106,34.32],[-101.0271,34.3231],[-101.0417,34.3318],[-101.0563,34.3405],[-101.0709,34.3492],[-101.0855,34.3579],[-101.0617,34.3683],[-101.0379,34.3787],[-101.014,34.3891],[-100.9902,34.3995]]]},"properties":{"OBJECTID":488,"state":"Texas","agency":"Texas Parks and Wildlife Department","unit_type":"DMU","unit_id":"2","unit_name":"M","unit_label":"Texas DMU 2 - M","aliases":"2 | 2 m | 2026 | dmu | dmu 2 | dmu 2 m | m | texas | texas 2 | texas 2 m | texas dmu 2 | texas dmu 2 m | texas parks and wildlife department | texas parks and wildlife department 2","year":"2026","Shape_Length":1109446.3614875553,"Shape_Area":13132455331.650629}},{"type":"Feature","id":489,"geometry":{"type":"Polygon","coordinates":[[[-102.3523,30.3833],[-102.3479,30.4242],[-102.3435,30.465],[-102.3391,30.5059],[-102.3347,30.5467],[-102.3238,30.5545],[-102.313,30.5623],[-102.3021,30.5701],[-102.2912,30.5779],[-102.2803,30.5857],[-102.2695,30.5935],[-102.2586,30.6013],[-102.2477,30.6091],[-102.2284,30.6184],[-102.2091,30.6278],[-102.1898,30.6371],[-102.1704,30.6464],[-102.1511,30.6557],[-102.1318,30.665],[-102.1124,30.6743],[-102.0931,30.6836],[-102.0797,30.6956],[-102.0664,30.7077],[-102.053,30.7197],[-102.0396,30.7317],[-102.0422,30.8315],[-102.0448,30.9313],[-102.0596,30.9359],[-102.0744,30.9405],[-102.0892,30.9451],[-102.104,30.9497],[-102.1189,30.9543],[-102.1337,30.9588],[-102.1485,30.9634],[-102.1633,30.968],[-102.1794,30.967],[-102.1954,30.966],[-102.2115,30.9649],[-102.2275,30.9639],[-102.2429,30.9554],[-102.2583,30.9468],[-102.2737,30.9383],[-102.2891,30.9297],[-102.3057,30.9445],[-102.3223,30.9592],[-102.3389,30.974],[-102.3555,30.9887],[-102.3725,30.987],[-102.3896,30.9853],[-102.4066,30.9835],[-102.4236,30.9818],[-102.4378,30.9771],[-102.452,30.9724],[-102.4663,30.9677],[-102.4805,30.963],[-102.4947,30.9583],[-102.5089,30.9536],[-102.5231,30.9489],[-102.5373,30.9442],[-102.5562,30.932],[-102.5751,30.9198],[-102.5939,30.9076],[-102.6128,30.8954],[-102.6317,30.8832],[-102.6505,30.871],[-102.6694,30.8588],[-102.6882,30.8466],[-102.6786,30.8369],[-102.669,30.8272],[-102.6594,30.8175],[-102.6498,30.8078],[-102.6403,30.7981],[-102.6307,30.7883],[-102.6211,30.7786],[-102.6115,30.7689],[-102.6244,30.7519],[-102.6372,30.7349],[-102.6558,30.733],[-102.6745,30.7311],[-102.6931,30.7293],[-102.7118,30.7274],[-102.7304,30.7255],[-102.749,30.7236],[-102.7677,30.7217],[-102.7863,30.7198],[-102.7816,30.6622],[-102.7683,30.6574],[-102.7551,30.6526],[-102.7418,30.6478],[-102.7285,30.643],[-102.7153,30.6382],[-102.702,30.6333],[-102.6888,30.6285],[-102.6755,30.6237],[-102.6556,30.6249],[-102.6357,30.6261],[-102.6158,30.6273],[-102.5959,30.6285],[-102.5781,30.6351],[-102.5604,30.6417],[-102.5426,30.6483],[-102.5248,30.6549],[-102.5102,30.6364],[-102.4956,30.6178],[-102.5034,30.6008],[-102.5113,30.5839],[-102.5191,30.5669],[-102.5269,30.5499],[-102.5422,30.5478],[-102.5575,30.5456],[-102.5728,30.5435],[-102.5881,30.5414],[-102.6034,30.5392],[-102.6187,30.5371],[-102.634,30.535],[-102.6493,30.5328],[-102.6629,30.5354],[-102.6765,30.538],[-102.6901,30.5405],[-102.7038,30.5431],[-102.7174,30.5457],[-102.731,30.5483],[-102.7446,30.5508],[-102.7582,30.5534],[-102.7798,30.5455],[-102.8014,30.5376],[-102.8161,30.5475],[-102.8307,30.5573],[-102.8454,30.5672],[-102.86,30.577],[-102.8803,30.5815],[-102.9005,30.586],[-102.9208,30.5904],[-102.941,30.5949],[-102.9664,30.5926],[-102.9917,30.5902],[-103.017,30.5878],[-103.0424,30.5855],[-103.0677,30.5831],[-103.093,30.5807],[-103.1184,30.5783],[-103.1437,30.5759],[-103.1558,30.571],[-103.1679,30.5661],[-103.18,30.5612],[-103.1921,30.5563],[-103.2042,30.5514],[-103.2162,30.5464],[-103.2283,30.5415],[-103.2404,30.5366],[-103.2503,30.5294],[-103.2602,30.5223],[-103.27,30.5151],[-103.2799,30.5079],[-103.2898,30.5007],[-103.2996,30.4935],[-103.3095,30.4864],[-103.3194,30.4792],[-103.3292,30.472],[-103.3391,30.4648],[-103.3489,30.4576],[-103.3588,30.4505],[-103.3687,30.4433],[-103.3785,30.4361],[-103.3884,30.4289],[-103.3982,30.4217],[-103.4049,30.41],[-103.4116,30.3982],[-103.4184,30.3865],[-103.4251,30.3747],[-103.4318,30.363],[-103.4385,30.3512],[-103.4452,30.3395],[-103.4519,30.3277],[-103.4446,30.3046],[-103.4372,30.2815],[-103.4198,30.2779],[-103.4025,30.2742],[-103.3851,30.2706],[-103.3677,30.2669],[-103.3512,30.2707],[-103.3348,30.2745],[-103.3183,30.2782],[-103.3018,30.282],[-103.2853,30.2858],[-103.2689,30.2895],[-103.2524,30.2933],[-103.2359,30.297],[-103.2194,30.3008],[-103.2029,30.3045],[-103.1865,30.3083],[-103.17,30.312],[-103.1535,30.3158],[-103.137,30.3195],[-103.1205,30.3233],[-103.104,30.327],[-103.0906,30.3354],[-103.0772,30.3438],[-103.0638,30.3522],[-103.0503,30.3606],[-103.0369,30.369],[-103.0235,30.3774],[-103.01,30.3858],[-102.9966,30.3942],[-102.9884,30.38],[-102.9802,30.3657],[-102.9818,30.3201],[-102.9834,30.2746],[-102.9849,30.229],[-102.9865,30.1834],[-103.0092,30.1801],[-103.0318,30.1768],[-103.0544,30.1735],[-103.0771,30.1702],[-103.0997,30.1669],[-103.1223,30.1636],[-103.145,30.1603],[-103.1676,30.157],[-103.1819,30.1498],[-103.1962,30.1426],[-103.2105,30.1354],[-103.2248,30.1282],[-103.2439,30.1299],[-103.263,30.1317],[-103.2821,30.1334],[-103.3013,30.1351],[-103.3204,30.1368],[-103.3395,30.1385],[-103.3586,30.1402],[-103.3777,30.1419],[-103.3844,30.1221],[-103.3911,30.1024],[-103.3978,30.0826],[-103.4044,30.0628],[-103.4111,30.043],[-103.4178,30.0233],[-103.4244,30.0035],[-103.4311,29.9837],[-103.44,29.9575],[-103.4489,29.9312],[-103.4578,29.905],[-103.4667,29.8787],[-103.4614,29.8376],[-103.4435,29.8238],[-103.4255,29.8101],[-103.4076,29.7963],[-103.3897,29.7825],[-103.3717,29.7687],[-103.3538,29.7549],[-103.3359,29.7411],[-103.318,29.7273],[-103.2998,29.7196],[-103.2817,29.7119],[-103.2635,29.7042],[-103.2454,29.6965],[-103.2272,29.6888],[-103.2091,29.681],[-103.1909,29.6733],[-103.1728,29.6656],[-103.1791,29.6778],[-103.1854,29.69],[-103.1917,29.7022],[-103.198,29.7144],[-103.2043,29.7265],[-103.2106,29.7387],[-103.2169,29.7509],[-103.2232,29.7631],[-103.235,29.7709],[-103.2467,29.7787],[-103.2584,29.7865],[-103.2702,29.7943],[-103.2819,29.8021],[-103.2937,29.8098],[-103.3055,29.8176],[-103.3172,29.8254],[-103.3291,29.8415],[-103.3409,29.8576],[-103.3528,29.8736],[-103.3646,29.8897],[-103.3707,29.9213],[-103.3767,29.9528],[-103.3597,29.9659],[-103.3427,29.979],[-103.3244,29.9683],[-103.306,29.9575],[-103.2899,29.9402],[-103.2738,29.9228],[-103.2577,29.9055],[-103.2416,29.8882],[-103.2255,29.8708],[-103.2094,29.8535],[-103.1933,29.8362],[-103.1772,29.8188],[-103.154,29.8118],[-103.1308,29.8048],[-103.1126,29.8075],[-103.0944,29.8101],[-103.0762,29.8128],[-103.058,29.8154],[-103.0398,29.8181],[-103.0216,29.8207],[-103.0034,29.8234],[-102.9852,29.826],[-102.9669,29.8307],[-102.9486,29.8353],[-102.9302,29.84],[-102.9119,29.8447],[-102.8935,29.8493],[-102.8752,29.854],[-102.8569,29.8586],[-102.8385,29.8633],[-102.8202,29.8679],[-102.8018,29.8725],[-102.7835,29.8772],[-102.7651,29.8818],[-102.7468,29.8864],[-102.7284,29.8911],[-102.7101,29.8957],[-102.6917,29.9003],[-102.6721,29.9087],[-102.6525,29.9172],[-102.6328,29.9256],[-102.6132,29.934],[-102.5935,29.9424],[-102.5739,29.9509],[-102.5542,29.9593],[-102.5346,29.9677],[-102.5149,29.9761],[-102.4953,29.9845],[-102.4756,29.9929],[-102.4559,30.0013],[-102.4363,30.0097],[-102.4166,30.018],[-102.3969,30.0264],[-102.3772,30.0348],[-102.3741,30.0574],[-102.371,30.0799],[-102.3758,30.0956],[-102.3806,30.1113],[-102.3854,30.127],[-102.3902,30.1427],[-102.3951,30.1584],[-102.3999,30.1741],[-102.4047,30.1898],[-102.4095,30.2055],[-102.4195,30.219],[-102.4296,30.2324],[-102.4396,30.2459],[-102.4496,30.2593],[-102.454,30.3148],[-102.4583,30.3703],[-102.4318,30.3736],[-102.4053,30.3768],[-102.3788,30.3801],[-102.3523,30.3833]]]},"properties":{"OBJECTID":489,"state":"Texas","agency":"Texas Parks and Wildlife Department","unit_type":"DMU","unit_id":"1","unit_name":"H","unit_label":"Texas DMU 1 - H","aliases":"1 | 1 h | 2026 | dmu | dmu 1 | dmu 1 h | h | texas | texas 1 | texas 1 h | texas dmu 1 | texas dmu 1 h | texas parks and wildlife department | texas parks and wildlife department 1","year":"2026","Shape_Length":706718.3810749332,"Shape_Area":8976117746.49546}},{"type":"Feature","id":490,"geometry":{"type":"Polygon","coordinates":[[[-101.7004,31.1937],[-101.7231,31.1967],[-101.7458,31.1998],[-101.7685,31.2028],[-101.7912,31.2058],[-101.8109,31.1949],[-101.8305,31.1839],[-101.8457,31.1846],[-101.8609,31.1853],[-101.8761,31.1859],[-101.8913,31.1866],[-101.9065,31.1873],[-101.9217,31.188],[-101.9369,31.1886],[-101.9521,31.1893],[-101.964,31.1994],[-101.9759,31.2096],[-101.9879,31.2197],[-101.9998,31.2298],[-102.0117,31.2399],[-102.0236,31.2501],[-102.0356,31.2602],[-102.0475,31.2703],[-102.0617,31.2692],[-102.0758,31.2682],[-102.09,31.2671],[-102.1042,31.266],[-102.1183,31.2649],[-102.1325,31.2639],[-102.1466,31.2628],[-102.1608,31.2617],[-102.1547,31.2259],[-102.1485,31.1901],[-102.1532,31.1718],[-102.1579,31.1535],[-102.1625,31.1352],[-102.1672,31.1169],[-102.1719,31.0986],[-102.1766,31.0803],[-102.1812,31.062],[-102.1859,31.0437],[-102.1676,31.0313],[-102.1492,31.019],[-102.1309,31.0066],[-102.1126,30.9942],[-102.0978,30.9971],[-102.083,31.0],[-102.0682,31.0029],[-102.0534,31.0058],[-102.0386,31.0087],[-102.0238,31.0115],[-102.009,31.0144],[-101.9942,31.0173],[-101.9707,31.0089],[-101.9471,31.0004],[-101.9235,30.9966],[-101.8999,30.9929],[-101.8762,30.9891],[-101.8526,30.9853],[-101.8348,30.9888],[-101.8169,30.9923],[-101.7991,30.9958],[-101.7812,30.9993],[-101.7665,30.9914],[-101.7518,30.9835],[-101.737,30.9756],[-101.7223,30.9677],[-101.718,30.9992],[-101.7137,31.0306],[-101.7357,31.0356],[-101.7577,31.0407],[-101.7796,31.0457],[-101.8016,31.0507],[-101.8128,31.0605],[-101.824,31.0703],[-101.8351,31.08],[-101.8463,31.0898],[-101.8299,31.0965],[-101.8135,31.1032],[-101.797,31.1099],[-101.7806,31.1166],[-101.7844,31.1611],[-101.7581,31.1588],[-101.7318,31.1565],[-101.724,31.1658],[-101.7161,31.1751],[-101.7083,31.1844],[-101.7004,31.1937]]]},"properties":{"OBJECTID":490,"state":"Texas","agency":"Texas Parks and Wildlife Department","unit_type":"DMU","unit_id":"1","unit_name":"H","unit_label":"Texas DMU 1 - H","aliases":"1 | 1 h | 2026 | dmu | dmu 1 | dmu 1 h | h | texas | texas 1 | texas 1 h | texas dmu 1 | texas dmu 1 h | texas parks and wildlife department | texas parks and wildlife department 1","year":"2026","Shape_Length":164899.5396385695,"Shape_Area":935696237.8981962}},{"type":"Feature","id":491,"geometry":{"type":"Polygon","coordinates":[[[-102.1408,34.1275],[-102.1624,34.1357],[-102.184,34.144],[-102.2056,34.1522],[-102.2272,34.1604],[-102.2443,34.1634],[-102.2613,34.1664],[-102.2783,34.1694],[-102.2954,34.1724],[-102.3124,34.1754],[-102.3295,34.1784],[-102.3466,34.1814],[-102.3636,34.1844],[-102.3744,34.1917],[-102.3853,34.1989],[-102.3961,34.2062],[-102.4069,34.2135],[-102.4178,34.2207],[-102.4286,34.228],[-102.4395,34.2352],[-102.4503,34.2425],[-102.4691,34.2451],[-102.4879,34.2477],[-102.5067,34.2504],[-102.5254,34.253],[-102.5442,34.2556],[-102.563,34.2582],[-102.5818,34.2608],[-102.6006,34.2634],[-102.617,34.2574],[-102.6334,34.2514],[-102.6498,34.2454],[-102.6662,34.2394],[-102.6826,34.2334],[-102.6989,34.2274],[-102.7153,34.2214],[-102.7317,34.2154],[-102.7412,34.224],[-102.7508,34.2326],[-102.7603,34.2412],[-102.7698,34.2499],[-102.7794,34.2585],[-102.7889,34.2671],[-102.7985,34.2757],[-102.808,34.2843],[-102.8181,34.2695],[-102.8282,34.2547],[-102.8382,34.2399],[-102.8483,34.2251],[-102.8725,34.2277],[-102.8968,34.2304],[-102.921,34.233],[-102.9452,34.2356],[-102.9695,34.2383],[-102.9937,34.2409],[-103.018,34.2435],[-103.0422,34.2461],[-103.0417,34.0789],[-103.0246,34.0769],[-103.0074,34.0749],[-102.9903,34.073],[-102.9731,34.071],[-102.956,34.069],[-102.9388,34.067],[-102.9217,34.065],[-102.9045,34.063],[-102.8839,34.0687],[-102.8632,34.0744],[-102.8426,34.0801],[-102.8219,34.0858],[-102.8215,34.123],[-102.7944,34.1226],[-102.7673,34.1222],[-102.7401,34.1217],[-102.713,34.1213],[-102.6859,34.1209],[-102.6588,34.1204],[-102.6316,34.12],[-102.6045,34.1195],[-102.6206,34.1035],[-102.6366,34.0875],[-102.6279,34.0669],[-102.6192,34.0463],[-102.6105,34.0257],[-102.6018,34.0051],[-102.5741,34.0048],[-102.5463,34.0045],[-102.5186,34.0041],[-102.4908,34.0038],[-102.4826,34.0161],[-102.4743,34.0285],[-102.4835,34.0451],[-102.4927,34.0618],[-102.5018,34.0785],[-102.511,34.0951],[-102.4871,34.0964],[-102.4632,34.0977],[-102.4394,34.099],[-102.4155,34.1002],[-102.3916,34.1015],[-102.3677,34.1028],[-102.3438,34.104],[-102.3199,34.1053],[-102.2952,34.0971],[-102.2704,34.0888],[-102.2457,34.0806],[-102.221,34.0723],[-102.2137,34.0525],[-102.2063,34.0326],[-102.199,34.0128],[-102.1916,33.9929],[-102.1713,33.9956],[-102.1509,33.9982],[-102.1484,34.0305],[-102.1459,34.0629],[-102.1433,34.0952],[-102.1408,34.1275]]]},"properties":{"OBJECTID":491,"state":"Texas","agency":"Texas Parks and Wildlife Department","unit_type":"DMU","unit_id":"1","unit_name":"H","unit_label":"Texas DMU 1 - H","aliases":"1 | 1 h | 2026 | dmu | dmu 1 | dmu 1 h | h | texas | texas 1 | texas 1 h | texas dmu 1 | texas dmu 1 h | texas parks and wildlife department | texas parks and wildlife department 1","year":"2026","Shape_Length":248762.36941027472,"Shape_Area":1334339770.141082}},{"type":"Feature","id":492,"geometry":{"type":"Polygon","coordinates":[[[-100.536,36.0856],[-100.5537,36.087],[-100.5714,36.0884],[-100.5891,36.0898],[-100.6068,36.0912],[-100.6245,36.0926],[-100.6422,36.094],[-100.6599,36.0954],[-100.6776,36.0968],[-100.6953,36.0982],[-100.7131,36.0996],[-100.7308,36.1009],[-100.7485,36.1023],[-100.7662,36.1037],[-100.7839,36.1051],[-100.8016,36.1064],[-100.8193,36.1078],[-100.8445,36.102],[-100.8698,36.0961],[-100.895,36.0903],[-100.9202,36.0844],[-100.9454,36.0785],[-100.9706,36.0727],[-100.9958,36.0668],[-101.021,36.0609],[-101.0427,36.0607],[-101.0644,36.0605],[-101.0861,36.0602],[-101.1078,36.06],[-101.1192,36.0537],[-101.1306,36.0474],[-101.142,36.0411],[-101.1535,36.0348],[-101.1649,36.0285],[-101.1763,36.0222],[-101.1877,36.0159],[-101.1991,36.0095],[-101.2105,36.0032],[-101.2219,35.9969],[-101.2333,35.9906],[-101.2447,35.9843],[-101.256,35.978],[-101.2674,35.9716],[-101.2788,35.9653],[-101.2902,35.959],[-101.3068,35.9735],[-101.3233,35.988],[-101.3382,35.98],[-101.3531,35.9721],[-101.368,35.9641],[-101.3828,35.9561],[-101.3977,35.9481],[-101.4126,35.9402],[-101.4274,35.9322],[-101.4423,35.9242],[-101.4482,35.9108],[-101.4541,35.8974],[-101.4599,35.8839],[-101.4658,35.8705],[-101.4465,35.8706],[-101.4273,35.8706],[-101.408,35.8707],[-101.3887,35.8707],[-101.3797,35.8795],[-101.3707,35.8884],[-101.3617,35.8972],[-101.3527,35.906],[-101.3437,35.9148],[-101.3346,35.9237],[-101.3256,35.9325],[-101.3166,35.9413],[-101.3014,35.9338],[-101.2863,35.9263],[-101.2711,35.9187],[-101.2559,35.9112],[-101.2379,35.9226],[-101.2198,35.9339],[-101.2017,35.9452],[-101.1837,35.9566],[-101.1656,35.9679],[-101.1475,35.9792],[-101.1294,35.9906],[-101.1113,36.0019],[-101.0939,36.0061],[-101.0764,36.0103],[-101.059,36.0145],[-101.0415,36.0187],[-101.0241,36.0229],[-101.0066,36.027],[-100.9892,36.0312],[-100.9717,36.0354],[-100.9577,36.0294],[-100.9437,36.0234],[-100.9296,36.0173],[-100.9156,36.0113],[-100.8992,36.0217],[-100.8828,36.0321],[-100.8644,36.0281],[-100.846,36.0242],[-100.8275,36.0202],[-100.8091,36.0162],[-100.7934,36.0163],[-100.7777,36.0164],[-100.762,36.0164],[-100.7462,36.0165],[-100.7305,36.0166],[-100.7148,36.0166],[-100.6991,36.0167],[-100.6834,36.0168],[-100.6676,36.0168],[-100.6519,36.0169],[-100.6362,36.017],[-100.6205,36.017],[-100.6048,36.0171],[-100.589,36.0171],[-100.5733,36.0172],[-100.5576,36.0172],[-100.5454,36.0255],[-100.5333,36.0338],[-100.5211,36.042],[-100.5089,36.0503],[-100.5225,36.068],[-100.536,36.0856]]]},"properties":{"OBJECTID":492,"state":"Texas","agency":"Texas Parks and Wildlife Department","unit_type":"DMU","unit_id":"1","unit_name":"H","unit_label":"Texas DMU 1 - H","aliases":"1 | 1 h | 2026 | dmu | dmu 1 | dmu 1 h | h | texas | texas 1 | texas 1 h | texas dmu 1 | texas dmu 1 h | texas parks and wildlife department | texas parks and wildlife department 1","year":"2026","Shape_Length":197326.7506404328,"Shape_Area":600071177.655247}},{"type":"Feature","id":493,"geometry":{"type":"Polygon","coordinates":[[[-102.5219,36.0645],[-102.5098,36.0717],[-102.4977,36.079],[-102.4856,36.0863],[-102.4735,36.0935],[-102.4614,36.1008],[-102.4494,36.108],[-102.4373,36.1153],[-102.4252,36.1225],[-102.4131,36.1298],[-102.4009,36.137],[-102.3888,36.1443],[-102.3767,36.1515],[-102.3646,36.1587],[-102.3525,36.166],[-102.3404,36.1732],[-102.3283,36.1805],[-102.3162,36.1877],[-102.304,36.1949],[-102.2919,36.2022],[-102.2798,36.2094],[-102.2676,36.2166],[-102.2555,36.2239],[-102.2434,36.2311],[-102.2312,36.2383],[-102.2191,36.2456],[-102.207,36.2528],[-102.1948,36.26],[-102.1827,36.2672],[-102.1705,36.2745],[-102.1584,36.2817],[-102.1462,36.2889],[-102.1341,36.2961],[-102.1166,36.2944],[-102.099,36.2927],[-102.0815,36.291],[-102.064,36.2892],[-102.0465,36.2875],[-102.029,36.2858],[-102.0115,36.284],[-101.994,36.2823],[-101.9835,36.2748],[-101.973,36.2673],[-101.9626,36.2599],[-101.9521,36.2524],[-101.9416,36.2449],[-101.9311,36.2374],[-101.9207,36.2299],[-101.9102,36.2224],[-101.8898,36.2301],[-101.8693,36.2378],[-101.8574,36.2267],[-101.8456,36.2155],[-101.8337,36.2044],[-101.8218,36.1932],[-101.8008,36.1991],[-101.7797,36.205],[-101.7587,36.2109],[-101.7376,36.2168],[-101.7166,36.2227],[-101.6955,36.2286],[-101.6745,36.2344],[-101.6534,36.2403],[-101.6375,36.2547],[-101.6216,36.269],[-101.6057,36.2833],[-101.5898,36.2977],[-101.5739,36.312],[-101.558,36.3263],[-101.542,36.3407],[-101.5261,36.355],[-101.5083,36.3625],[-101.4905,36.37],[-101.4726,36.3775],[-101.4548,36.385],[-101.4465,36.3944],[-101.4382,36.4039],[-101.4299,36.4133],[-101.4216,36.4228],[-101.4133,36.4322],[-101.4049,36.4416],[-101.3966,36.4511],[-101.3883,36.4605],[-101.39,36.4963],[-101.4123,36.4965],[-101.4346,36.4966],[-101.4568,36.4968],[-101.4791,36.497],[-101.467,36.4871],[-101.4549,36.4772],[-101.4714,36.4643],[-101.4879,36.4514],[-101.5045,36.4385],[-101.521,36.4256],[-101.5375,36.4127],[-101.5539,36.3997],[-101.5704,36.3868],[-101.5869,36.3739],[-101.6146,36.3763],[-101.6422,36.3787],[-101.638,36.3496],[-101.6338,36.3205],[-101.6501,36.3244],[-101.6663,36.3282],[-101.6786,36.3216],[-101.6909,36.3149],[-101.7032,36.3083],[-101.7155,36.3016],[-101.7278,36.295],[-101.74,36.2883],[-101.7523,36.2817],[-101.7646,36.275],[-101.7872,36.2819],[-101.8097,36.2888],[-101.8323,36.2956],[-101.8548,36.3025],[-101.8821,36.3062],[-101.9094,36.3099],[-101.9368,36.3136],[-101.9641,36.3173],[-101.9914,36.321],[-102.0187,36.3247],[-102.046,36.3283],[-102.0734,36.332],[-102.084,36.3425],[-102.0946,36.3531],[-102.1053,36.3636],[-102.1159,36.3741],[-102.1266,36.3846],[-102.1372,36.3951],[-102.1479,36.4056],[-102.1585,36.4161],[-102.1692,36.4267],[-102.1798,36.4372],[-102.1905,36.4477],[-102.2011,36.4582],[-102.2118,36.4687],[-102.2225,36.4792],[-102.2331,36.4897],[-102.2438,36.5002],[-102.262,36.5002],[-102.2802,36.5003],[-102.2983,36.5003],[-102.3165,36.5003],[-102.3347,36.5003],[-102.3528,36.5003],[-102.371,36.5003],[-102.3892,36.5004],[-102.4073,36.5004],[-102.4255,36.5004],[-102.4437,36.5004],[-102.4618,36.5004],[-102.48,36.5003],[-102.4982,36.5003],[-102.5163,36.5003],[-102.5345,36.5003],[-102.536,36.3851],[-102.5374,36.2699],[-102.5309,36.2577],[-102.5244,36.2456],[-102.5179,36.2334],[-102.5114,36.2213],[-102.5103,36.1518],[-102.5091,36.0823],[-102.5219,36.0645]]]},"properties":{"OBJECTID":493,"state":"Texas","agency":"Texas Parks and Wildlife Department","unit_type":"DMU","unit_id":"4","unit_name":"VL","unit_label":"Texas DMU 4 - VL","aliases":"2026 | 4 | 4 vl | dmu | dmu 4 | dmu 4 vl | texas | texas 4 | texas 4 vl | texas dmu 4 | texas dmu 4 vl | texas parks and wildlife department | texas parks and wildlife department 4 | vl","year":"2026","Shape_Length":311382.6140808523,"Shape_Area":1737636301.0449004}},{"type":"Feature","id":494,"geometry":{"type":"MultiPolygon","coordinates":[[[[-102.3179,35.7482],[-102.3249,35.7603],[-102.3319,35.7725],[-102.3389,35.7847],[-102.3459,35.7968],[-102.3529,35.809],[-102.3599,35.8212],[-102.3669,35.8333],[-102.3739,35.8455],[-102.381,35.8577],[-102.388,35.8698],[-102.395,35.882],[-102.402,35.8942],[-102.409,35.9063],[-102.4161,35.9185],[-102.4231,35.9306],[-102.4301,35.9428],[-102.4421,35.9255],[-102.4541,35.9082],[-102.4661,35.8909],[-102.4781,35.8735],[-102.4703,35.8449],[-102.4625,35.8162],[-102.4547,35.7875],[-102.4469,35.7588],[-102.4662,35.7612],[-102.4856,35.7635],[-102.505,35.7658],[-102.5243,35.7682],[-102.5348,35.7508],[-102.5576,35.7612],[-102.5804,35.7717],[-102.6033,35.7821],[-102.6261,35.7925],[-102.6492,35.7928],[-102.6722,35.7931],[-102.6953,35.7934],[-102.7183,35.7936],[-102.7414,35.7939],[-102.7644,35.7942],[-102.7875,35.7945],[-102.8105,35.7947],[-102.7895,35.7934],[-102.7686,35.792],[-102.7476,35.7907],[-102.7266,35.7893],[-102.7385,35.7689],[-102.7505,35.7485],[-102.7693,35.7504],[-102.7881,35.7524],[-102.8069,35.7543],[-102.8256,35.7562],[-102.8439,35.7492],[-102.8621,35.7422],[-102.8803,35.7352],[-102.8985,35.7282],[-102.9167,35.7211],[-102.9349,35.7141],[-102.953,35.7071],[-102.9712,35.7001],[-102.9887,35.7132],[-103.0061,35.7263],[-103.0235,35.7395],[-103.041,35.7526],[-103.0415,35.4657],[-103.042,35.1788],[-103.042,35.1788],[-103.022,35.1843],[-103.002,35.1898],[-102.982,35.1953],[-102.9619,35.2008],[-102.9419,35.2062],[-102.9219,35.2117],[-102.9019,35.2172],[-102.8818,35.2227],[-102.8812,35.2228],[-102.8592,35.2291],[-102.8371,35.2355],[-102.815,35.2418],[-102.793,35.2481],[-102.789,35.2492],[-102.7689,35.2544],[-102.7488,35.2597],[-102.7287,35.2649],[-102.7085,35.2701],[-102.7063,35.2702],[-102.6992,35.2704],[-102.6796,35.2701],[-102.6661,35.2698],[-102.6519,35.2711],[-102.645,35.2719],[-102.6304,35.2723],[-102.6072,35.2729],[-102.584,35.2735],[-102.5722,35.2716],[-102.5567,35.2684],[-102.5419,35.2659],[-102.5215,35.2619],[-102.5012,35.258],[-102.498,35.2574],[-102.4876,35.2565],[-102.4774,35.2538],[-102.4523,35.2488],[-102.4483,35.2468],[-102.4318,35.2587],[-102.4152,35.2706],[-102.3986,35.2824],[-102.3821,35.2943],[-102.3758,35.3091],[-102.3696,35.3238],[-102.3634,35.3385],[-102.3572,35.3533],[-102.3465,35.3619],[-102.3359,35.3706],[-102.3252,35.3793],[-102.3145,35.3879],[-102.3038,35.3966],[-102.2931,35.4053],[-102.2824,35.4139],[-102.2717,35.4226],[-102.2658,35.4384],[-102.2599,35.4542],[-102.254,35.47],[-102.2481,35.4859],[-102.2538,35.5056],[-102.2596,35.5253],[-102.2654,35.545],[-102.2712,35.5647],[-102.279,35.5755],[-102.2869,35.5864],[-102.2947,35.5972],[-102.3025,35.6081],[-102.3104,35.6189],[-102.3182,35.6297],[-102.3261,35.6406],[-102.3339,35.6514],[-102.3299,35.6715],[-102.326,35.6915],[-102.322,35.7116],[-102.318,35.7316],[-102.3179,35.7482]]],[[[-103.0193,35.9882],[-103.0299,35.9979],[-103.0406,36.0075],[-103.0406,35.9898],[-103.0193,35.9882]]],[[[-102.4667,36.0069],[-102.4811,36.0208],[-102.4956,36.0346],[-102.51,36.0485],[-102.5245,36.0623],[-102.534,36.0548],[-102.5436,36.0472],[-102.5531,36.0397],[-102.5626,36.0321],[-102.5517,36.0254],[-102.5408,36.0188],[-102.5299,36.0121],[-102.5189,36.0055],[-102.4928,36.0062],[-102.4667,36.0069]]]]},"properties":{"OBJECTID":494,"state":"Texas","agency":"Texas Parks and Wildlife Department","unit_type":"DMU","unit_id":"3","unit_name":"L","unit_label":"Texas DMU 3 - L","aliases":"2026 | 3 | 3 l | dmu | dmu 3 | dmu 3 l | l | texas | texas 3 | texas 3 l | texas dmu 3 | texas dmu 3 l | texas parks and wildlife department | texas parks and wildlife department 3","year":"2026","Shape_Length":337248.35462164483,"Shape_Area":3929754287.2425756}},{"type":"Feature","id":495,"geometry":{"type":"Polygon","coordinates":[[[-106.461,32.0009],[-106.4807,32.0008],[-106.5003,32.0008],[-106.5199,32.0007],[-106.5396,32.0007],[-106.5369,31.9704],[-106.5342,31.94],[-106.5316,31.9097],[-106.5289,31.8794],[-106.5221,31.86],[-106.5154,31.8407],[-106.5086,31.8213],[-106.5019,31.802],[-106.4848,31.8012],[-106.4678,31.8005],[-106.4634,31.8327],[-106.459,31.8648],[-106.4546,31.897],[-106.4502,31.9292],[-106.4556,31.965],[-106.461,32.0009]]]},"properties":{"OBJECTID":495,"state":"Texas","agency":"Texas Parks and Wildlife Department","unit_type":"DMU","unit_id":"6","unit_name":"CWD","unit_label":"Texas DMU 6 - CWD","aliases":"2026 | 6 | 6 cwd | cwd | dmu | dmu 6 | dmu 6 cwd | texas | texas 6 | texas 6 cwd | texas dmu 6 | texas dmu 6 cwd | texas parks and wildlife department | texas parks and wildlife department 6","year":"2026","Shape_Length":55621.48006429698,"Shape_Area":144471471.0052696}},{"type":"Feature","id":496,"geometry":{"type":"Polygon","coordinates":[[[-102.4743,34.0285],[-102.4826,34.0161],[-102.4908,34.0038],[-102.5186,34.0041],[-102.5463,34.0045],[-102.5741,34.0048],[-102.6018,34.0051],[-102.6105,34.0257],[-102.6192,34.0463],[-102.6279,34.0669],[-102.6366,34.0875],[-102.6206,34.1035],[-102.6045,34.1195],[-102.6316,34.12],[-102.6588,34.1204],[-102.6859,34.1209],[-102.713,34.1213],[-102.7401,34.1217],[-102.7673,34.1222],[-102.7944,34.1226],[-102.8215,34.123],[-102.8219,34.0858],[-102.8426,34.0801],[-102.8632,34.0744],[-102.8839,34.0687],[-102.9045,34.063],[-102.9055,33.9676],[-102.9065,33.8722],[-102.8814,33.8723],[-102.8563,33.8723],[-102.8312,33.8724],[-102.8061,33.8725],[-102.781,33.8726],[-102.7559,33.8726],[-102.7308,33.8727],[-102.7057,33.8728],[-102.7021,33.8088],[-102.6985,33.7448],[-102.695,33.6808],[-102.6914,33.6168],[-102.7139,33.6174],[-102.7364,33.6179],[-102.7588,33.6185],[-102.7813,33.6191],[-102.8038,33.6196],[-102.8263,33.6202],[-102.8488,33.6207],[-102.8713,33.6213],[-102.8938,33.6218],[-102.9163,33.6224],[-102.9388,33.6229],[-102.9612,33.6234],[-102.9837,33.624],[-103.0062,33.6245],[-103.0287,33.625],[-103.0512,33.6255],[-103.0527,33.5545],[-103.0541,33.4834],[-103.0365,33.4826],[-103.0189,33.4818],[-103.0013,33.481],[-102.9838,33.4802],[-102.9662,33.4794],[-102.9486,33.4786],[-102.931,33.4778],[-102.9134,33.477],[-102.8995,33.464],[-102.8856,33.4509],[-102.8871,33.3889],[-102.8785,33.3778],[-102.8699,33.3667],[-102.8613,33.3556],[-102.8527,33.3445],[-102.8442,33.3334],[-102.8356,33.3223],[-102.827,33.3112],[-102.8184,33.3001],[-102.8033,33.3002],[-102.7881,33.3002],[-102.773,33.3003],[-102.7578,33.3003],[-102.7427,33.3004],[-102.7275,33.3004],[-102.7124,33.3005],[-102.6972,33.3005],[-102.6821,33.3006],[-102.6669,33.3006],[-102.6518,33.3006],[-102.6366,33.3007],[-102.6215,33.3007],[-102.6063,33.3007],[-102.5912,33.3008],[-102.576,33.3008],[-102.561,33.3183],[-102.5459,33.3357],[-102.5309,33.3532],[-102.5158,33.3706],[-102.5155,33.407],[-102.5288,33.4122],[-102.5421,33.4173],[-102.5553,33.4225],[-102.5686,33.4276],[-102.5715,33.4976],[-102.5744,33.5676],[-102.5546,33.5674],[-102.5349,33.5672],[-102.5151,33.567],[-102.4953,33.5667],[-102.4755,33.5665],[-102.4557,33.5663],[-102.436,33.566],[-102.4162,33.5658],[-102.4097,33.5801],[-102.4033,33.5945],[-102.4019,33.7564],[-102.4006,33.9183],[-102.3804,33.9319],[-102.3602,33.9456],[-102.3745,33.956],[-102.3887,33.9663],[-102.403,33.9767],[-102.4172,33.9871],[-102.4315,33.9974],[-102.4458,34.0078],[-102.46,34.0181],[-102.4743,34.0285]]]},"properties":{"OBJECTID":496,"state":"Texas","agency":"Texas Parks and Wildlife Department","unit_type":"DMU","unit_id":"3","unit_name":"L","unit_label":"Texas DMU 3 - L","aliases":"2026 | 3 | 3 l | dmu | dmu 3 | dmu 3 l | l | texas | texas 3 | texas 3 l | texas dmu 3 | texas dmu 3 l | texas parks and wildlife department | texas parks and wildlife department 3","year":"2026","Shape_Length":342831.1376693765,"Shape_Area":3158155557.5740414}},{"type":"Feature","id":497,"geometry":{"type":"MultiPolygon","coordinates":[[[[-102.9247,32.6024],[-102.9422,32.605],[-102.9597,32.6076],[-102.9771,32.6103],[-102.9946,32.6129],[-103.0121,32.6155],[-103.0296,32.6181],[-103.047,32.6207],[-103.0645,32.6233],[-103.0647,32.5496],[-103.0647,32.4916],[-103.0644,32.2893],[-103.064,32.0868],[-103.0486,32.0869],[-103.0332,32.0869],[-103.0178,32.087],[-103.0024,32.087],[-102.9869,32.087],[-102.9715,32.0871],[-102.9561,32.0871],[-102.9407,32.0872],[-102.9253,32.0872],[-102.9099,32.0872],[-102.8945,32.0873],[-102.8791,32.0873],[-102.8636,32.0873],[-102.8482,32.0873],[-102.8328,32.0874],[-102.8174,32.0874],[-102.8173,32.0874],[-102.7948,32.0945],[-102.7924,32.0953],[-102.7698,32.1024],[-102.7775,32.1309],[-102.7852,32.1595],[-102.7929,32.188],[-102.8006,32.2165],[-102.7823,32.2195],[-102.7639,32.2225],[-102.7705,32.2413],[-102.777,32.2602],[-102.7836,32.279],[-102.7901,32.2978],[-102.7967,32.3166],[-102.8033,32.3355],[-102.8098,32.3543],[-102.8164,32.3731],[-102.8256,32.3856],[-102.8347,32.3981],[-102.8439,32.4105],[-102.853,32.423],[-102.8583,32.4436],[-102.8637,32.4643],[-102.869,32.4849],[-102.8743,32.5055],[-102.8519,32.4999],[-102.8294,32.4942],[-102.807,32.4886],[-102.7845,32.4829],[-102.7919,32.4964],[-102.7993,32.5099],[-102.8066,32.5234],[-102.814,32.5369],[-102.795,32.5459],[-102.776,32.555],[-102.757,32.564],[-102.738,32.573],[-102.7495,32.5854],[-102.761,32.5977],[-102.7725,32.6101],[-102.784,32.6224],[-102.7871,32.597],[-102.7901,32.5716],[-102.812,32.5704],[-102.8338,32.5693],[-102.8557,32.5681],[-102.8775,32.5669],[-102.8994,32.5658],[-102.9212,32.5646],[-102.9431,32.5634],[-102.9649,32.5622],[-102.9549,32.5723],[-102.9448,32.5823],[-102.9348,32.5924],[-102.9247,32.6024]]],[[[-102.2788,32.9148],[-102.2935,32.9221],[-102.3082,32.9294],[-102.3228,32.9366],[-102.3375,32.9439],[-102.34,32.9041],[-102.3424,32.8642],[-102.3449,32.8244],[-102.3473,32.7845],[-102.3645,32.7843],[-102.3817,32.7842],[-102.3989,32.784],[-102.4161,32.7838],[-102.4274,32.7738],[-102.4386,32.7639],[-102.4499,32.7539],[-102.4611,32.7439],[-102.4724,32.7339],[-102.4836,32.724],[-102.4949,32.714],[-102.5061,32.704],[-102.5207,32.7007],[-102.5353,32.6974],[-102.55,32.694],[-102.5646,32.6907],[-102.5792,32.6874],[-102.5938,32.6841],[-102.6084,32.6807],[-102.623,32.6774],[-102.632,32.6521],[-102.641,32.6268],[-102.616,32.6277],[-102.5909,32.6286],[-102.5902,32.5616],[-102.6116,32.5495],[-102.6329,32.5374],[-102.6248,32.5243],[-102.6167,32.5112],[-102.6085,32.4981],[-102.6004,32.485],[-102.5719,32.4856],[-102.5435,32.4862],[-102.515,32.4867],[-102.4865,32.4873],[-102.4789,32.4648],[-102.4713,32.4422],[-102.4589,32.4468],[-102.4464,32.4514],[-102.434,32.456],[-102.4216,32.4606],[-102.4091,32.4652],[-102.3967,32.4698],[-102.3843,32.4744],[-102.3718,32.479],[-102.3528,32.4729],[-102.3338,32.4668],[-102.3142,32.4718],[-102.2946,32.4768],[-102.275,32.4818],[-102.2554,32.4868],[-102.2358,32.4918],[-102.2161,32.4968],[-102.1965,32.5018],[-102.1769,32.5068],[-102.1917,32.519],[-102.2065,32.5311],[-102.2213,32.5433],[-102.2361,32.5554],[-102.2401,32.5741],[-102.244,32.5928],[-102.2707,32.5879],[-102.2973,32.583],[-102.3161,32.5916],[-102.3349,32.6002],[-102.3536,32.6088],[-102.3724,32.6174],[-102.3846,32.6309],[-102.3967,32.6445],[-102.4089,32.658],[-102.421,32.6715],[-102.4111,32.6816],[-102.4013,32.6916],[-102.3914,32.7017],[-102.3815,32.7117],[-102.3612,32.7081],[-102.341,32.7044],[-102.3207,32.7008],[-102.3004,32.6971],[-102.2932,32.6857],[-102.286,32.6742],[-102.2788,32.6628],[-102.2716,32.6513],[-102.2604,32.6583],[-102.2491,32.6653],[-102.2379,32.6722],[-102.2266,32.6792],[-102.2349,32.6967],[-102.2432,32.7142],[-102.2514,32.7317],[-102.2597,32.7492],[-102.2356,32.7578],[-102.2115,32.7664],[-102.1874,32.775],[-102.1633,32.7836],[-102.142,32.7882],[-102.1207,32.7927],[-102.1315,32.8128],[-102.1423,32.8329],[-102.1532,32.853],[-102.164,32.8731],[-102.18,32.8684],[-102.196,32.8638],[-102.2119,32.8591],[-102.2279,32.8544],[-102.2283,32.818],[-102.2434,32.8092],[-102.2585,32.8003],[-102.2735,32.7915],[-102.2886,32.7826],[-102.2862,32.8157],[-102.2837,32.8487],[-102.2813,32.8818],[-102.2788,32.9148]]]]},"properties":{"OBJECTID":497,"state":"Texas","agency":"Texas Parks and Wildlife Department","unit_type":"DMU","unit_id":"3","unit_name":"L","unit_label":"Texas DMU 3 - L","aliases":"2026 | 3 | 3 l | dmu | dmu 3 | dmu 3 l | l | texas | texas 3 | texas 3 l | texas dmu 3 | texas dmu 3 l | texas parks and wildlife department | texas parks and wildlife department 3","year":"2026","Shape_Length":459367.34106353804,"Shape_Area":2483775353.253946}},{"type":"Feature","id":498,"geometry":{"type":"MultiPolygon","coordinates":[[[[-102.7085,35.2701],[-102.7287,35.2649],[-102.7488,35.2597],[-102.7689,35.2544],[-102.789,35.2492],[-102.793,35.2481],[-102.815,35.2418],[-102.8371,35.2355],[-102.8592,35.2291],[-102.8812,35.2228],[-102.8818,35.2227],[-102.9019,35.2172],[-102.9219,35.2117],[-102.9419,35.2062],[-102.9619,35.2008],[-102.982,35.1953],[-103.002,35.1898],[-103.022,35.1843],[-103.042,35.1788],[-103.042,35.1788],[-103.0426,34.8465],[-103.0354,34.8688],[-103.0282,34.891],[-103.021,34.9133],[-103.0138,34.9356],[-103.0066,34.9578],[-102.9994,34.9801],[-102.9921,35.0023],[-102.9849,35.0246],[-102.9739,35.0411],[-102.9629,35.0575],[-102.9519,35.074],[-102.9409,35.0904],[-102.9285,35.0965],[-102.916,35.1027],[-102.9036,35.1088],[-102.8911,35.1149],[-102.8787,35.121],[-102.8662,35.1272],[-102.8538,35.1333],[-102.8413,35.1394],[-102.8329,35.163],[-102.8174,35.1764],[-102.8018,35.1898],[-102.7863,35.2032],[-102.7708,35.2166],[-102.7552,35.23],[-102.7397,35.2433],[-102.7241,35.2567],[-102.7085,35.2701]]],[[[-101.6598,35.7144],[-101.6387,35.7032],[-101.6175,35.6919],[-101.5969,35.7044],[-101.5762,35.7168],[-101.562,35.719],[-101.5478,35.7211],[-101.5336,35.7233],[-101.5194,35.7254],[-101.5052,35.7276],[-101.491,35.7298],[-101.4767,35.7319],[-101.4625,35.7341],[-101.4483,35.7362],[-101.4341,35.7384],[-101.4199,35.7405],[-101.4057,35.7426],[-101.3915,35.7448],[-101.3772,35.7469],[-101.363,35.7491],[-101.3488,35.7512],[-101.3388,35.7634],[-101.3288,35.7756],[-101.3188,35.7877],[-101.3088,35.7999],[-101.2925,35.804],[-101.2763,35.8082],[-101.26,35.8123],[-101.2437,35.8164],[-101.2335,35.8236],[-101.2232,35.8309],[-101.2129,35.8381],[-101.2027,35.8454],[-101.1924,35.8526],[-101.1822,35.8598],[-101.1719,35.8671],[-101.1616,35.8743],[-101.1514,35.8815],[-101.1411,35.8887],[-101.1308,35.896],[-101.1205,35.9032],[-101.1103,35.9104],[-101.1,35.9177],[-101.0897,35.9249],[-101.0794,35.9321],[-101.0548,35.938],[-101.0301,35.9439],[-101.0055,35.9498],[-100.9808,35.9557],[-100.9561,35.9616],[-100.9315,35.9675],[-100.9068,35.9734],[-100.8821,35.9793],[-100.8609,35.9796],[-100.8397,35.9798],[-100.8185,35.98],[-100.7974,35.9803],[-100.7762,35.9805],[-100.755,35.9808],[-100.7338,35.981],[-100.7126,35.9812],[-100.692,35.9842],[-100.6714,35.9873],[-100.6508,35.9903],[-100.6302,35.9933],[-100.6096,35.9963],[-100.5889,35.9993],[-100.5683,36.0023],[-100.5477,36.0053],[-100.5303,36.0049],[-100.5129,36.0044],[-100.4955,36.004],[-100.4781,36.0035],[-100.4606,36.0031],[-100.4432,36.0026],[-100.4258,36.0022],[-100.4084,36.0017],[-100.398,36.0109],[-100.3877,36.0201],[-100.3773,36.0292],[-100.3669,36.0384],[-100.377,36.0512],[-100.3872,36.0641],[-100.3973,36.0769],[-100.4074,36.0897],[-100.4247,36.0952],[-100.442,36.1007],[-100.4593,36.1062],[-100.4766,36.1117],[-100.4915,36.1052],[-100.5063,36.0987],[-100.5212,36.0921],[-100.536,36.0856],[-100.5225,36.068],[-100.5089,36.0503],[-100.5211,36.042],[-100.5333,36.0338],[-100.5454,36.0255],[-100.5576,36.0172],[-100.5733,36.0172],[-100.589,36.0171],[-100.6048,36.0171],[-100.6205,36.017],[-100.6362,36.017],[-100.6519,36.0169],[-100.6676,36.0168],[-100.6834,36.0168],[-100.6991,36.0167],[-100.7148,36.0166],[-100.7305,36.0166],[-100.7462,36.0165],[-100.762,36.0164],[-100.7777,36.0164],[-100.7934,36.0163],[-100.8091,36.0162],[-100.8275,36.0202],[-100.846,36.0242],[-100.8644,36.0281],[-100.8828,36.0321],[-100.8992,36.0217],[-100.9156,36.0113],[-100.9296,36.0173],[-100.9437,36.0234],[-100.9577,36.0294],[-100.9717,36.0354],[-100.9892,36.0312],[-101.0066,36.027],[-101.0241,36.0229],[-101.0415,36.0187],[-101.059,36.0145],[-101.0764,36.0103],[-101.0939,36.0061],[-101.1113,36.0019],[-101.1294,35.9906],[-101.1475,35.9792],[-101.1656,35.9679],[-101.1837,35.9566],[-101.2017,35.9452],[-101.2198,35.9339],[-101.2379,35.9226],[-101.2559,35.9112],[-101.2711,35.9187],[-101.2863,35.9263],[-101.3014,35.9338],[-101.3166,35.9413],[-101.3256,35.9325],[-101.3346,35.9237],[-101.3437,35.9148],[-101.3527,35.906],[-101.3617,35.8972],[-101.3707,35.8884],[-101.3797,35.8795],[-101.3887,35.8707],[-101.408,35.8707],[-101.4273,35.8706],[-101.4465,35.8706],[-101.4658,35.8705],[-101.4833,35.8813],[-101.5008,35.8921],[-101.5183,35.9029],[-101.5358,35.9137],[-101.5468,35.9003],[-101.5579,35.8869],[-101.5689,35.8735],[-101.5799,35.8601],[-101.5909,35.8467],[-101.6019,35.8333],[-101.6129,35.8199],[-101.6239,35.8065],[-101.6434,35.8203],[-101.6628,35.8341],[-101.677,35.8369],[-101.6912,35.8398],[-101.7054,35.8426],[-101.7197,35.8455],[-101.7339,35.8483],[-101.7481,35.8511],[-101.7623,35.854],[-101.7765,35.8568],[-101.7925,35.8559],[-101.8084,35.855],[-101.8244,35.8542],[-101.8404,35.8533],[-101.8563,35.8524],[-101.8723,35.8515],[-101.8882,35.8506],[-101.9042,35.8497],[-101.9149,35.8428],[-101.9256,35.8359],[-101.9363,35.8291],[-101.947,35.8222],[-101.9577,35.8153],[-101.9684,35.8084],[-101.9791,35.8015],[-101.9898,35.7946],[-101.9995,35.775],[-102.0092,35.7553],[-102.0189,35.7357],[-102.0286,35.716],[-102.0454,35.7099],[-102.0623,35.7038],[-102.0791,35.6977],[-102.0959,35.6916],[-102.1127,35.6855],[-102.1295,35.6794],[-102.1463,35.6733],[-102.1631,35.6672],[-102.1768,35.6778],[-102.1905,35.6885],[-102.2042,35.6991],[-102.2179,35.7097],[-102.2429,35.7152],[-102.268,35.7207],[-102.293,35.7261],[-102.318,35.7316],[-102.322,35.7116],[-102.326,35.6915],[-102.3299,35.6715],[-102.3339,35.6514],[-102.3261,35.6406],[-102.3182,35.6297],[-102.3104,35.6189],[-102.3025,35.6081],[-102.2947,35.5972],[-102.2869,35.5864],[-102.279,35.5755],[-102.2712,35.5647],[-102.2654,35.545],[-102.2596,35.5253],[-102.2538,35.5056],[-102.2481,35.4859],[-102.254,35.47],[-102.2599,35.4542],[-102.2658,35.4384],[-102.2717,35.4226],[-102.2824,35.4139],[-102.2931,35.4053],[-102.3038,35.3966],[-102.3145,35.3879],[-102.3252,35.3793],[-102.3359,35.3706],[-102.3465,35.3619],[-102.3572,35.3533],[-102.3634,35.3385],[-102.3696,35.3238],[-102.3758,35.3091],[-102.3821,35.2943],[-102.3631,35.2855],[-102.3442,35.2767],[-102.3253,35.2678],[-102.3064,35.259],[-102.2875,35.2501],[-102.2686,35.2413],[-102.2497,35.2325],[-102.2308,35.2236],[-102.214,35.2197],[-102.1972,35.2157],[-102.1804,35.2118],[-102.1636,35.2079],[-102.1468,35.2039],[-102.13,35.2],[-102.1132,35.196],[-102.0964,35.1921],[-102.0766,35.1921],[-102.0568,35.1921],[-102.0369,35.1921],[-102.0171,35.1921],[-101.9973,35.1921],[-101.9775,35.1921],[-101.9576,35.1921],[-101.9378,35.1921],[-101.9332,35.2208],[-101.9286,35.2495],[-101.9048,35.2536],[-101.8809,35.2577],[-101.857,35.2618],[-101.8331,35.2659],[-101.8326,35.3224],[-101.8045,35.3204],[-101.7764,35.3183],[-101.7483,35.3163],[-101.7202,35.3143],[-101.7084,35.3231],[-101.6966,35.3319],[-101.6847,35.3408],[-101.6729,35.3496],[-101.661,35.3584],[-101.6492,35.3672],[-101.6374,35.376],[-101.6255,35.3848],[-101.6227,35.4183],[-101.6071,35.4226],[-101.5914,35.4269],[-101.5758,35.4312],[-101.5601,35.4356],[-101.5444,35.4399],[-101.5288,35.4442],[-101.5131,35.4485],[-101.4975,35.4528],[-101.4818,35.4571],[-101.4661,35.4614],[-101.4505,35.4657],[-101.4348,35.47],[-101.4191,35.4742],[-101.4035,35.4785],[-101.3878,35.4828],[-101.3721,35.4871],[-101.3453,35.4836],[-101.3185,35.4802],[-101.2916,35.4767],[-101.2648,35.4732],[-101.2503,35.4775],[-101.2359,35.4817],[-101.2214,35.486],[-101.2069,35.4902],[-101.1924,35.4945],[-101.178,35.4987],[-101.1635,35.503],[-101.149,35.5072],[-101.1358,35.5146],[-101.1227,35.522],[-101.1095,35.5293],[-101.0963,35.5367],[-101.0832,35.5441],[-101.07,35.5515],[-101.0568,35.5588],[-101.0436,35.5662],[-101.0288,35.579],[-101.0141,35.5918],[-100.9993,35.6045],[-100.9845,35.6173],[-100.9697,35.6301],[-100.9549,35.6429],[-100.9401,35.6556],[-100.9253,35.6684],[-100.9094,35.674],[-100.8934,35.6796],[-100.8775,35.6853],[-100.8615,35.6909],[-100.8456,35.6965],[-100.8296,35.7021],[-100.8137,35.7077],[-100.7977,35.7133],[-100.7882,35.7015],[-100.7787,35.6898],[-100.7691,35.678],[-100.7596,35.6662],[-100.7717,35.6607],[-100.7837,35.6551],[-100.7958,35.6496],[-100.8078,35.644],[-100.8199,35.6385],[-100.8319,35.6329],[-100.844,35.6274],[-100.856,35.6218],[-100.863,35.6082],[-100.87,35.5945],[-100.8425,35.5921],[-100.8149,35.5898],[-100.7874,35.5874],[-100.7598,35.585],[-100.7362,35.5916],[-100.7127,35.5983],[-100.6891,35.6049],[-100.6655,35.6115],[-100.6419,35.6181],[-100.6183,35.6247],[-100.5947,35.6313],[-100.5711,35.6379],[-100.5816,35.6161],[-100.5921,35.5942],[-100.6025,35.5724],[-100.613,35.5505],[-100.6278,35.5476],[-100.6425,35.5447],[-100.6573,35.5417],[-100.672,35.5388],[-100.6868,35.5359],[-100.7015,35.533],[-100.7163,35.53],[-100.731,35.5271],[-100.7564,35.529],[-100.7818,35.5309],[-100.8072,35.5327],[-100.8326,35.5346],[-100.8466,35.5312],[-100.8607,35.5279],[-100.8747,35.5245],[-100.8887,35.5211],[-100.8983,35.5136],[-100.9078,35.5061],[-100.9174,35.4986],[-100.9269,35.4911],[-100.9364,35.4836],[-100.946,35.4761],[-100.9555,35.4685],[-100.9651,35.461],[-100.9746,35.4535],[-100.9841,35.446],[-100.9937,35.4385],[-101.0032,35.431],[-101.0127,35.4235],[-101.0223,35.4159],[-101.0318,35.4084],[-101.0413,35.4009],[-101.0263,35.3974],[-101.0113,35.3938],[-100.9963,35.3903],[-100.9813,35.3868],[-100.9664,35.3832],[-100.9514,35.3797],[-100.9364,35.3762],[-100.9214,35.3726],[-100.9296,35.3617],[-100.9378,35.3509],[-100.946,35.34],[-100.9542,35.3291],[-100.9483,35.3073],[-100.9425,35.2856],[-100.9366,35.2638],[-100.9307,35.242],[-100.9439,35.2355],[-100.9571,35.229],[-100.9703,35.2226],[-100.9834,35.2161],[-100.9966,35.2096],[-101.0098,35.2031],[-101.0229,35.1966],[-101.0361,35.1901],[-101.0161,35.189],[-100.9961,35.1879],[-100.9761,35.1868],[-100.9561,35.1857],[-100.936,35.1846],[-100.916,35.1835],[-100.896,35.1824],[-100.876,35.1813],[-100.8659,35.159],[-100.8823,35.1567],[-100.8987,35.1544],[-100.9151,35.1522],[-100.9315,35.1499],[-100.9479,35.1476],[-100.9642,35.1453],[-100.9806,35.143],[-100.997,35.1407],[-101.0238,35.1446],[-101.0506,35.1485],[-101.0774,35.1524],[-101.1042,35.1563],[-101.1223,35.1657],[-101.1404,35.1751],[-101.1586,35.1845],[-101.1767,35.1939],[-101.1925,35.1927],[-101.2084,35.1915],[-101.2242,35.1902],[-101.24,35.189],[-101.2558,35.1878],[-101.2717,35.1866],[-101.2875,35.1853],[-101.3033,35.1841],[-101.2864,35.1681],[-101.2695,35.1521],[-101.2526,35.136],[-101.2357,35.12],[-101.2212,35.1188],[-101.2067,35.1176],[-101.1922,35.1163],[-101.1777,35.1151],[-101.1752,35.0579],[-101.1513,35.0656],[-101.1274,35.0732],[-101.1035,35.0809],[-101.0796,35.0885],[-101.0653,35.0826],[-101.051,35.0767],[-101.0367,35.0708],[-101.0223,35.0649],[-101.008,35.059],[-100.9937,35.0531],[-100.9794,35.0472],[-100.9651,35.0413],[-100.9528,35.0566],[-100.9405,35.0719],[-100.9253,35.0707],[-100.9101,35.0695],[-100.8949,35.0683],[-100.8797,35.0671],[-100.8788,35.0248],[-100.8506,35.0222],[-100.8223,35.0197],[-100.7941,35.0171],[-100.7658,35.0145],[-100.7615,35.032],[-100.7572,35.0495],[-100.753,35.067],[-100.7487,35.0845],[-100.7444,35.1019],[-100.7401,35.1194],[-100.7358,35.1369],[-100.7315,35.1544],[-100.7279,35.2018],[-100.7242,35.2491],[-100.7331,35.2626],[-100.7421,35.276],[-100.751,35.2895],[-100.7599,35.3029],[-100.7524,35.3261],[-100.7449,35.3492],[-100.7576,35.3571],[-100.7704,35.365],[-100.7831,35.3729],[-100.7958,35.3808],[-100.8086,35.3887],[-100.8213,35.3965],[-100.8341,35.4044],[-100.8468,35.4123],[-100.8382,35.4239],[-100.8295,35.4356],[-100.8209,35.4472],[-100.8122,35.4588],[-100.7863,35.4545],[-100.7604,35.4501],[-100.7387,35.454],[-100.7169,35.4578],[-100.6951,35.4617],[-100.6734,35.4655],[-100.6516,35.4694],[-100.6298,35.4732],[-100.6081,35.4771],[-100.5863,35.4809],[-100.5745,35.4909],[-100.5628,35.5009],[-100.551,35.5109],[-100.5392,35.5209],[-100.5275,35.5309],[-100.5157,35.5409],[-100.5039,35.5509],[-100.4921,35.5609],[-100.4694,35.5702],[-100.4466,35.5795],[-100.4314,35.575],[-100.4161,35.5704],[-100.4009,35.5659],[-100.3856,35.5613],[-100.3977,35.5769],[-100.4097,35.5926],[-100.4218,35.6082],[-100.4339,35.6238],[-100.4154,35.6256],[-100.397,35.6274],[-100.3785,35.6291],[-100.36,35.6309],[-100.3701,35.6432],[-100.3802,35.6555],[-100.3904,35.6678],[-100.4005,35.6801],[-100.4106,35.6924],[-100.4207,35.7047],[-100.4309,35.717],[-100.441,35.7293],[-100.4398,35.769],[-100.4184,35.7791],[-100.3971,35.7892],[-100.3757,35.7993],[-100.3543,35.8094],[-100.3392,35.8051],[-100.3241,35.8008],[-100.3089,35.7964],[-100.2938,35.7921],[-100.2851,35.7672],[-100.2763,35.7423],[-100.2483,35.7446],[-100.2202,35.7468],[-100.2314,35.7706],[-100.2425,35.7943],[-100.2224,35.7982],[-100.2022,35.802],[-100.1821,35.8059],[-100.1619,35.8097],[-100.1475,35.8046],[-100.1332,35.7996],[-100.1188,35.7945],[-100.1044,35.7894],[-100.1124,35.8129],[-100.1204,35.8364],[-100.1433,35.8427],[-100.1663,35.8491],[-100.1892,35.8554],[-100.2121,35.8617],[-100.2351,35.8681],[-100.258,35.8744],[-100.281,35.8807],[-100.3039,35.887],[-100.3232,35.8851],[-100.3426,35.8833],[-100.3619,35.8814],[-100.3812,35.8795],[-100.3957,35.888],[-100.4101,35.8965],[-100.4246,35.9049],[-100.4391,35.9134],[-100.4536,35.9219],[-100.468,35.9304],[-100.4825,35.9388],[-100.497,35.9473],[-100.5162,35.9524],[-100.5353,35.9575],[-100.5545,35.9626],[-100.5736,35.9677],[-100.5905,35.9674],[-100.6074,35.9671],[-100.6243,35.9668],[-100.6411,35.9665],[-100.658,35.9662],[-100.6749,35.9659],[-100.6918,35.9656],[-100.7087,35.9653],[-100.7255,35.965],[-100.7424,35.9647],[-100.7593,35.9643],[-100.7762,35.964],[-100.7931,35.9637],[-100.8099,35.9634],[-100.8268,35.963],[-100.8437,35.9627],[-100.858,35.9593],[-100.8723,35.9559],[-100.8867,35.9524],[-100.901,35.949],[-100.9153,35.9456],[-100.9296,35.9422],[-100.9439,35.9387],[-100.9582,35.9353],[-100.9725,35.9319],[-100.9868,35.9284],[-101.0011,35.925],[-101.0154,35.9216],[-101.0297,35.9181],[-101.044,35.9147],[-101.0583,35.9113],[-101.0726,35.9078],[-101.0898,35.8915],[-101.107,35.8752],[-101.1283,35.8641],[-101.1496,35.8531],[-101.1709,35.842],[-101.1922,35.8309],[-101.2135,35.8199],[-101.2348,35.8088],[-101.256,35.7977],[-101.2773,35.7866],[-101.2949,35.772],[-101.3124,35.7574],[-101.33,35.7428],[-101.3475,35.7282],[-101.3739,35.7252],[-101.4003,35.7221],[-101.4266,35.719],[-101.453,35.716],[-101.4794,35.7129],[-101.5058,35.7098],[-101.5321,35.7067],[-101.5585,35.7036],[-101.5733,35.6903],[-101.5881,35.677],[-101.6028,35.6637],[-101.6176,35.6504],[-101.6324,35.6371],[-101.6471,35.6237],[-101.6619,35.6104],[-101.6766,35.5971],[-101.6884,35.5906],[-101.7003,35.5841],[-101.7121,35.5775],[-101.7239,35.571],[-101.7357,35.5645],[-101.7476,35.558],[-101.7594,35.5514],[-101.7712,35.5449],[-101.7607,35.5539],[-101.7503,35.563],[-101.7398,35.572],[-101.7293,35.5811],[-101.7189,35.5901],[-101.7084,35.5991],[-101.6979,35.6082],[-101.6874,35.6172],[-101.6796,35.6412],[-101.6718,35.6652],[-101.6758,35.6672],[-101.6726,35.6684],[-101.6718,35.6652],[-101.6487,35.675],[-101.6256,35.6848],[-101.6427,35.6996],[-101.6598,35.7144],[-101.6608,35.7171],[-101.658,35.7178],[-101.6598,35.7144]],[[-101.55,35.6935],[-101.5533,35.6919],[-101.5517,35.6959],[-101.55,35.6935]],[[-101.5274,35.7015],[-101.5356,35.7031],[-101.5272,35.7051],[-101.5274,35.7015]]]]},"properties":{"OBJECTID":498,"state":"Texas","agency":"Texas Parks and Wildlife Department","unit_type":"DMU","unit_id":"3","unit_name":"L","unit_label":"Texas DMU 3 - L","aliases":"2026 | 3 | 3 l | dmu | dmu 3 | dmu 3 l | l | texas | texas 3 | texas 3 l | texas dmu 3 | texas dmu 3 l | texas parks and wildlife department | texas parks and wildlife department 3","year":"2026","Shape_Length":1350412.6298885115,"Shape_Area":10474579427.243753}},{"type":"Feature","id":499,"geometry":{"type":"Polygon","coordinates":[[[-105.8229,31.7563],[-105.8291,31.7971],[-105.8352,31.8379],[-105.8416,31.8789],[-105.8481,31.9199],[-105.8545,31.9608],[-105.861,32.0018],[-105.8842,32.0019],[-105.9073,32.0019],[-105.9305,32.002],[-105.9536,32.002],[-105.9519,31.9577],[-105.9503,31.9133],[-105.9555,31.895],[-105.9608,31.8766],[-105.9661,31.8582],[-105.9713,31.8399],[-105.9524,31.8334],[-105.9335,31.827],[-105.9232,31.8073],[-105.9129,31.7876],[-105.9026,31.768],[-105.8923,31.7483],[-105.8754,31.7483],[-105.8585,31.7483],[-105.8416,31.7484],[-105.8247,31.7484],[-105.8229,31.7563]]]},"properties":{"OBJECTID":499,"state":"Texas","agency":"Texas Parks and Wildlife Department","unit_type":"DMU","unit_id":"3","unit_name":"L","unit_label":"Texas DMU 3 - L","aliases":"2026 | 3 | 3 l | dmu | dmu 3 | dmu 3 l | l | texas | texas 3 | texas 3 l | texas dmu 3 | texas dmu 3 l | texas parks and wildlife department | texas parks and wildlife department 3","year":"2026","Shape_Length":75300.17335232713,"Shape_Area":269269541.4979374}},{"type":"Feature","id":500,"geometry":{"type":"Polygon","coordinates":[[[-105.7916,31.6467],[-105.7905,31.7482],[-105.8076,31.7483],[-105.8247,31.7484],[-105.8416,31.7484],[-105.8585,31.7483],[-105.8754,31.7483],[-105.8923,31.7483],[-105.9026,31.768],[-105.9129,31.7876],[-105.9232,31.8073],[-105.9335,31.827],[-105.9524,31.8334],[-105.9713,31.8399],[-105.9661,31.8582],[-105.9608,31.8766],[-105.9555,31.895],[-105.9503,31.9133],[-105.9519,31.9577],[-105.9536,32.002],[-105.98,32.002],[-106.0064,32.002],[-106.0328,32.002],[-106.0592,32.0019],[-106.0546,31.955],[-106.05,31.9081],[-106.0531,31.8852],[-106.0562,31.8622],[-106.0593,31.8393],[-106.0624,31.8163],[-106.0532,31.7955],[-106.0441,31.7747],[-106.0349,31.7539],[-106.0257,31.7331],[-106.0122,31.722],[-105.9987,31.7109],[-105.9852,31.6998],[-105.9716,31.6887],[-105.9491,31.6834],[-105.9266,31.6782],[-105.9041,31.673],[-105.8816,31.6677],[-105.8591,31.6625],[-105.8366,31.6572],[-105.8141,31.652],[-105.7916,31.6467]]]},"properties":{"OBJECTID":500,"state":"Texas","agency":"Texas Parks and Wildlife Department","unit_type":"DMU","unit_id":"6","unit_name":"CWD","unit_label":"Texas DMU 6 - CWD","aliases":"2026 | 6 | 6 cwd | cwd | dmu | dmu 6 | dmu 6 cwd | texas | texas 6 | texas 6 cwd | texas dmu 6 | texas dmu 6 cwd | texas parks and wildlife department | texas parks and wildlife department 6","year":"2026","Shape_Length":117992.87160803849,"Shape_Area":470005764.38044506}},{"type":"Feature","id":501,"geometry":{"type":"MultiPolygon","coordinates":[[[[-103.0417,34.0789],[-103.0429,34.0222],[-103.0441,33.9656],[-103.0453,33.9089],[-103.0465,33.8522],[-103.0477,33.7956],[-103.0488,33.7389],[-103.05,33.6822],[-103.0512,33.6255],[-103.0287,33.625],[-103.0062,33.6245],[-102.9837,33.624],[-102.9612,33.6234],[-102.9388,33.6229],[-102.9163,33.6224],[-102.8938,33.6218],[-102.8713,33.6213],[-102.8488,33.6207],[-102.8263,33.6202],[-102.8038,33.6196],[-102.7813,33.6191],[-102.7588,33.6185],[-102.7364,33.6179],[-102.7139,33.6174],[-102.6914,33.6168],[-102.695,33.6808],[-102.6985,33.7448],[-102.7021,33.8088],[-102.7057,33.8728],[-102.7308,33.8727],[-102.7559,33.8726],[-102.781,33.8726],[-102.8061,33.8725],[-102.8312,33.8724],[-102.8563,33.8723],[-102.8814,33.8723],[-102.9065,33.8722],[-102.9055,33.9676],[-102.9045,34.063],[-102.9217,34.065],[-102.9388,34.067],[-102.956,34.069],[-102.9731,34.071],[-102.9903,34.073],[-103.0074,34.0749],[-103.0246,34.0769],[-103.0417,34.0789]]],[[[-101.9929,34.065],[-102.0113,34.0728],[-102.0298,34.0806],[-102.0483,34.0884],[-102.0668,34.0963],[-102.0853,34.1041],[-102.1038,34.1119],[-102.1223,34.1197],[-102.1408,34.1275],[-102.1433,34.0952],[-102.1459,34.0629],[-102.1484,34.0305],[-102.1509,33.9982],[-102.1713,33.9956],[-102.1916,33.9929],[-102.199,34.0128],[-102.2063,34.0326],[-102.2137,34.0525],[-102.221,34.0723],[-102.2457,34.0806],[-102.2704,34.0888],[-102.2952,34.0971],[-102.3199,34.1053],[-102.3438,34.104],[-102.3677,34.1028],[-102.3916,34.1015],[-102.4155,34.1002],[-102.4394,34.099],[-102.4632,34.0977],[-102.4871,34.0964],[-102.511,34.0951],[-102.5018,34.0785],[-102.4927,34.0618],[-102.4835,34.0451],[-102.4743,34.0285],[-102.46,34.0181],[-102.4458,34.0078],[-102.4315,33.9974],[-102.4172,33.9871],[-102.403,33.9767],[-102.3887,33.9663],[-102.3745,33.956],[-102.3602,33.9456],[-102.3804,33.9319],[-102.4006,33.9183],[-102.4019,33.7564],[-102.4033,33.5945],[-102.4097,33.5801],[-102.4162,33.5658],[-102.436,33.566],[-102.4557,33.5663],[-102.4755,33.5665],[-102.4953,33.5667],[-102.5151,33.567],[-102.5349,33.5672],[-102.5546,33.5674],[-102.5744,33.5676],[-102.5715,33.4976],[-102.5686,33.4276],[-102.5553,33.4225],[-102.5421,33.4173],[-102.5288,33.4122],[-102.5155,33.407],[-102.5158,33.3706],[-102.5309,33.3532],[-102.5459,33.3357],[-102.561,33.3183],[-102.576,33.3008],[-102.5912,33.3008],[-102.6063,33.3007],[-102.6215,33.3007],[-102.6366,33.3007],[-102.6518,33.3006],[-102.6669,33.3006],[-102.6821,33.3006],[-102.6972,33.3005],[-102.7124,33.3005],[-102.7275,33.3004],[-102.7427,33.3004],[-102.7578,33.3003],[-102.773,33.3003],[-102.7881,33.3002],[-102.8033,33.3002],[-102.8184,33.3001],[-102.827,33.3112],[-102.8356,33.3223],[-102.8442,33.3334],[-102.8527,33.3445],[-102.8613,33.3556],[-102.8699,33.3667],[-102.8785,33.3778],[-102.8871,33.3889],[-102.8856,33.4509],[-102.8995,33.464],[-102.9134,33.477],[-102.931,33.4778],[-102.9486,33.4786],[-102.9662,33.4794],[-102.9838,33.4802],[-103.0013,33.481],[-103.0189,33.4818],[-103.0365,33.4826],[-103.0541,33.4834],[-103.0554,33.4222],[-103.0566,33.361],[-103.0579,33.2998],[-103.0592,33.2386],[-103.0604,33.1774],[-103.0617,33.1162],[-103.063,33.055],[-103.0642,32.9938],[-103.0645,32.6233],[-103.047,32.6207],[-103.0296,32.6181],[-103.0121,32.6155],[-102.9946,32.6129],[-102.9771,32.6103],[-102.9597,32.6076],[-102.9422,32.605],[-102.9247,32.6024],[-102.9348,32.5924],[-102.9448,32.5823],[-102.9549,32.5723],[-102.9649,32.5622],[-102.9431,32.5634],[-102.9212,32.5646],[-102.8994,32.5658],[-102.8775,32.5669],[-102.8557,32.5681],[-102.8338,32.5693],[-102.812,32.5704],[-102.7901,32.5716],[-102.7871,32.597],[-102.784,32.6224],[-102.7725,32.6101],[-102.761,32.5977],[-102.7495,32.5854],[-102.738,32.573],[-102.757,32.564],[-102.776,32.555],[-102.795,32.5459],[-102.814,32.5369],[-102.8066,32.5234],[-102.7993,32.5099],[-102.7919,32.4964],[-102.7845,32.4829],[-102.807,32.4886],[-102.8294,32.4942],[-102.8519,32.4999],[-102.8743,32.5055],[-102.869,32.4849],[-102.8637,32.4643],[-102.8583,32.4436],[-102.853,32.423],[-102.8439,32.4105],[-102.8347,32.3981],[-102.8256,32.3856],[-102.8164,32.3731],[-102.8098,32.3543],[-102.8033,32.3355],[-102.7967,32.3166],[-102.7901,32.2978],[-102.7836,32.279],[-102.777,32.2602],[-102.7705,32.2413],[-102.7639,32.2225],[-102.7823,32.2195],[-102.8006,32.2165],[-102.7929,32.188],[-102.7852,32.1595],[-102.7775,32.1309],[-102.7698,32.1024],[-102.7924,32.0953],[-102.7948,32.0945],[-102.8029,32.092],[-102.7985,32.0871],[-102.7792,32.0871],[-102.76,32.0872],[-102.7407,32.0872],[-102.7214,32.0872],[-102.7021,32.0873],[-102.6829,32.0873],[-102.6636,32.0873],[-102.6443,32.0873],[-102.625,32.0873],[-102.6058,32.0874],[-102.5865,32.0874],[-102.5672,32.0874],[-102.5479,32.0874],[-102.5287,32.0874],[-102.5094,32.0874],[-102.4901,32.0874],[-102.4708,32.0874],[-102.4516,32.0873],[-102.4323,32.0873],[-102.413,32.0873],[-102.3937,32.0873],[-102.3745,32.0873],[-102.3552,32.0872],[-102.3359,32.0872],[-102.3166,32.0872],[-102.2974,32.0871],[-102.2781,32.0871],[-102.2588,32.087],[-102.2395,32.087],[-102.2203,32.0869],[-102.201,32.0869],[-102.1817,32.0868],[-102.1623,32.0869],[-102.1429,32.0869],[-102.1235,32.087],[-102.1041,32.087],[-102.0846,32.0871],[-102.0652,32.0871],[-102.0458,32.0872],[-102.0264,32.0872],[-102.007,32.0873],[-101.9876,32.0873],[-101.9682,32.0873],[-101.9487,32.0873],[-101.9293,32.0874],[-101.9099,32.0874],[-101.8905,32.0874],[-101.8711,32.0874],[-101.8517,32.0874],[-101.8322,32.0874],[-101.8128,32.0874],[-101.7934,32.0874],[-101.774,32.0874],[-101.7546,32.0874],[-101.7352,32.0874],[-101.7157,32.0874],[-101.6963,32.0874],[-101.6769,32.0874],[-101.6575,32.0873],[-101.6381,32.0873],[-101.6187,32.0873],[-101.5993,32.0872],[-101.5798,32.0872],[-101.5604,32.0872],[-101.5726,32.0959],[-101.5849,32.1047],[-101.5971,32.1135],[-101.6093,32.1223],[-101.6036,32.166],[-101.5978,32.2097],[-101.6108,32.2028],[-101.6238,32.1958],[-101.6367,32.1889],[-101.6497,32.1819],[-101.6517,32.2691],[-101.6536,32.3563],[-101.6625,32.3645],[-101.6713,32.3727],[-101.6802,32.3808],[-101.6891,32.389],[-101.698,32.3972],[-101.7068,32.4054],[-101.7157,32.4135],[-101.7246,32.4217],[-101.7457,32.4286],[-101.7668,32.4355],[-101.7878,32.4424],[-101.8089,32.4493],[-101.7978,32.4625],[-101.7867,32.4758],[-101.7755,32.489],[-101.7644,32.5022],[-101.7733,32.5185],[-101.7822,32.5348],[-101.791,32.5511],[-101.7999,32.5674],[-101.8183,32.5673],[-101.8368,32.5673],[-101.8552,32.5672],[-101.8736,32.5671],[-101.8843,32.5537],[-101.895,32.5404],[-101.9056,32.527],[-101.9163,32.5136],[-101.9423,32.5168],[-101.9682,32.5201],[-101.9942,32.5233],[-102.0201,32.5265],[-102.0424,32.5199],[-102.0646,32.5133],[-102.0869,32.5066],[-102.1091,32.5],[-102.1113,32.5436],[-102.1281,32.5493],[-102.1449,32.555],[-102.1616,32.5607],[-102.1784,32.5664],[-102.1908,32.5831],[-102.2031,32.5998],[-102.2155,32.6164],[-102.2278,32.6331],[-102.2119,32.6408],[-102.1959,32.6485],[-102.1918,32.6654],[-102.1878,32.6823],[-102.1837,32.6992],[-102.1796,32.7161],[-102.1755,32.7329],[-102.1715,32.7498],[-102.1674,32.7667],[-102.1633,32.7836],[-102.1874,32.775],[-102.2115,32.7664],[-102.2356,32.7578],[-102.2597,32.7492],[-102.2514,32.7317],[-102.2432,32.7142],[-102.2349,32.6967],[-102.2266,32.6792],[-102.2379,32.6722],[-102.2491,32.6653],[-102.2604,32.6583],[-102.2716,32.6513],[-102.2788,32.6628],[-102.286,32.6742],[-102.2932,32.6857],[-102.3004,32.6971],[-102.3207,32.7008],[-102.341,32.7044],[-102.3612,32.7081],[-102.3815,32.7117],[-102.3914,32.7017],[-102.4013,32.6916],[-102.4111,32.6816],[-102.421,32.6715],[-102.4089,32.658],[-102.3967,32.6445],[-102.3846,32.6309],[-102.3724,32.6174],[-102.3536,32.6088],[-102.3349,32.6002],[-102.3161,32.5916],[-102.2973,32.583],[-102.2707,32.5879],[-102.244,32.5928],[-102.2401,32.5741],[-102.2361,32.5554],[-102.2213,32.5433],[-102.2065,32.5311],[-102.1917,32.519],[-102.1769,32.5068],[-102.1965,32.5018],[-102.2161,32.4968],[-102.2358,32.4918],[-102.2554,32.4868],[-102.275,32.4818],[-102.2946,32.4768],[-102.3142,32.4718],[-102.3338,32.4668],[-102.3528,32.4729],[-102.3718,32.479],[-102.3843,32.4744],[-102.3967,32.4698],[-102.4091,32.4652],[-102.4216,32.4606],[-102.434,32.456],[-102.4464,32.4514],[-102.4589,32.4468],[-102.4713,32.4422],[-102.4789,32.4648],[-102.4865,32.4873],[-102.515,32.4867],[-102.5435,32.4862],[-102.5719,32.4856],[-102.6004,32.485],[-102.6085,32.4981],[-102.6167,32.5112],[-102.6248,32.5243],[-102.6329,32.5374],[-102.6116,32.5495],[-102.5902,32.5616],[-102.5909,32.6286],[-102.616,32.6277],[-102.641,32.6268],[-102.632,32.6521],[-102.623,32.6774],[-102.6084,32.6807],[-102.5938,32.6841],[-102.5792,32.6874],[-102.5646,32.6907],[-102.55,32.694],[-102.5353,32.6974],[-102.5207,32.7007],[-102.5061,32.704],[-102.4949,32.714],[-102.4836,32.724],[-102.4724,32.7339],[-102.4611,32.7439],[-102.4499,32.7539],[-102.4386,32.7639],[-102.4274,32.7738],[-102.4161,32.7838],[-102.3989,32.784],[-102.3817,32.7842],[-102.3645,32.7843],[-102.3473,32.7845],[-102.3449,32.8244],[-102.3424,32.8642],[-102.34,32.9041],[-102.3375,32.9439],[-102.3228,32.9366],[-102.3082,32.9294],[-102.2935,32.9221],[-102.2788,32.9148],[-102.2813,32.8818],[-102.2837,32.8487],[-102.2862,32.8157],[-102.2886,32.7826],[-102.2735,32.7915],[-102.2585,32.8003],[-102.2434,32.8092],[-102.2283,32.818],[-102.2279,32.8544],[-102.2119,32.8591],[-102.196,32.8638],[-102.18,32.8684],[-102.164,32.8731],[-102.1768,32.8835],[-102.1895,32.8939],[-102.2023,32.9043],[-102.2151,32.9147],[-102.2279,32.9251],[-102.2406,32.9355],[-102.2534,32.9459],[-102.2662,32.9563],[-102.2942,32.9536],[-102.3222,32.9509],[-102.3501,32.9482],[-102.3781,32.9455],[-102.3854,32.9328],[-102.3927,32.9201],[-102.3999,32.9074],[-102.4072,32.8947],[-102.3987,32.865],[-102.3901,32.8353],[-102.4114,32.8278],[-102.4328,32.8202],[-102.4541,32.8127],[-102.4754,32.8051],[-102.4848,32.8234],[-102.4942,32.8416],[-102.5036,32.8599],[-102.513,32.8781],[-102.5379,32.8813],[-102.5627,32.8844],[-102.575,32.9045],[-102.5873,32.9246],[-102.6068,32.9315],[-102.6262,32.9385],[-102.6457,32.9454],[-102.6651,32.9523],[-102.648,32.9538],[-102.6309,32.9553],[-102.6138,32.9568],[-102.5967,32.9583],[-102.5796,32.9598],[-102.5625,32.9613],[-102.5454,32.9628],[-102.5283,32.9643],[-102.5167,32.9788],[-102.5051,32.9932],[-102.4935,33.0077],[-102.4819,33.0221],[-102.4583,33.0148],[-102.4346,33.0076],[-102.411,33.0003],[-102.3873,32.993],[-102.3761,32.9996],[-102.3648,33.0061],[-102.3536,33.0127],[-102.3423,33.0192],[-102.3459,33.067],[-102.3495,33.1147],[-102.331,33.1295],[-102.3125,33.1443],[-102.294,33.159],[-102.2755,33.1738],[-102.2693,33.1892],[-102.263,33.2046],[-102.2567,33.22],[-102.2504,33.2354],[-102.2441,33.2508],[-102.2378,33.2662],[-102.2315,33.2816],[-102.2252,33.297],[-102.2195,33.3086],[-102.2105,33.3232],[-102.2014,33.3379],[-102.1924,33.3526],[-102.1834,33.3673],[-102.1744,33.3819],[-102.1653,33.3966],[-102.1563,33.4113],[-102.1473,33.4259],[-102.1304,33.4364],[-102.1134,33.4468],[-102.0965,33.4572],[-102.0796,33.4676],[-102.0627,33.478],[-102.0457,33.4884],[-102.0288,33.4988],[-102.0118,33.5092],[-101.9949,33.5196],[-101.9779,33.53],[-101.961,33.5404],[-101.944,33.5508],[-101.9271,33.5612],[-101.9101,33.5716],[-101.8931,33.582],[-101.8761,33.5923],[-101.866,33.6014],[-101.8558,33.6105],[-101.8457,33.6195],[-101.8356,33.6286],[-101.8371,33.6812],[-101.8386,33.7339],[-101.8401,33.7865],[-101.8416,33.8391],[-101.8481,33.8577],[-101.8547,33.8763],[-101.8347,33.8763],[-101.8148,33.8764],[-101.7948,33.8764],[-101.7748,33.8764],[-101.7549,33.8764],[-101.7349,33.8764],[-101.715,33.8764],[-101.695,33.8764],[-101.6956,33.8928],[-101.6674,33.8914],[-101.6393,33.8901],[-101.6111,33.8887],[-101.5829,33.8873],[-101.5548,33.8859],[-101.5266,33.8845],[-101.4985,33.8831],[-101.4703,33.8817],[-101.4645,33.894],[-101.4586,33.9064],[-101.4528,33.9187],[-101.4469,33.931],[-101.4621,33.944],[-101.4773,33.957],[-101.4926,33.9699],[-101.5078,33.9829],[-101.4926,33.9826],[-101.4774,33.9822],[-101.4622,33.9819],[-101.4469,33.9815],[-101.4341,33.9812],[-101.4554,33.9915],[-101.4768,34.0019],[-101.4981,34.0122],[-101.5195,34.0225],[-101.5408,34.0328],[-101.5622,34.0431],[-101.5835,34.0534],[-101.6049,34.0637],[-101.6292,34.0638],[-101.6534,34.0639],[-101.6776,34.064],[-101.7019,34.0641],[-101.7261,34.0642],[-101.7504,34.0643],[-101.7746,34.0644],[-101.7989,34.0645],[-101.8231,34.0646],[-101.8474,34.0646],[-101.8716,34.0647],[-101.8959,34.0648],[-101.9201,34.0648],[-101.9444,34.0649],[-101.9686,34.0649],[-101.9929,34.065]]]]},"properties":{"OBJECTID":501,"state":"Texas","agency":"Texas Parks and Wildlife Department","unit_type":"DMU","unit_id":"4","unit_name":"VL","unit_label":"Texas DMU 4 - VL","aliases":"2026 | 4 | 4 vl | dmu | dmu 4 | dmu 4 vl | texas | texas 4 | texas 4 vl | texas dmu 4 | texas dmu 4 vl | texas parks and wildlife department | texas parks and wildlife department 4 | vl","year":"2026","Shape_Length":1463275.562163044,"Shape_Area":16644902373.76164}},{"type":"Feature","id":502,"geometry":{"type":"MultiPolygon","coordinates":[[[[-100.3775,34.377],[-100.3699,34.3907],[-100.3864,34.3936],[-100.4029,34.3965],[-100.4194,34.3993],[-100.4359,34.4022],[-100.4213,34.3959],[-100.4067,34.3896],[-100.3921,34.3833],[-100.3775,34.377]]],[[[-100.9902,34.3995],[-101.014,34.3891],[-101.0379,34.3787],[-101.0617,34.3683],[-101.0855,34.3579],[-101.0709,34.3492],[-101.0563,34.3405],[-101.0417,34.3318],[-101.0271,34.3231],[-101.0106,34.32],[-100.9941,34.3168],[-100.9776,34.3137],[-100.9611,34.3106],[-100.9447,34.3074],[-100.9282,34.3043],[-100.9117,34.3012],[-100.8952,34.298],[-100.8771,34.3064],[-100.859,34.3148],[-100.8409,34.3231],[-100.8228,34.3315],[-100.836,34.3398],[-100.8491,34.3482],[-100.8623,34.3565],[-100.8755,34.3648],[-100.8887,34.3731],[-100.9018,34.3815],[-100.915,34.3898],[-100.9282,34.3981],[-100.9437,34.3985],[-100.9592,34.3988],[-100.9747,34.3992],[-100.9902,34.3995]]],[[[-100.2765,34.4425],[-100.295,34.4416],[-100.3135,34.4407],[-100.305,34.4276],[-100.2965,34.4144],[-100.2879,34.4013],[-100.2794,34.3881],[-100.2765,34.4425]]],[[[-100.7002,34.6821],[-100.7207,34.6776],[-100.7413,34.673],[-100.7618,34.6685],[-100.7823,34.6639],[-100.8063,34.669],[-100.8303,34.6742],[-100.8543,34.6793],[-100.8783,34.6844],[-100.8708,34.6729],[-100.8633,34.6613],[-100.8404,34.652],[-100.8174,34.6426],[-100.7945,34.6333],[-100.7716,34.6239],[-100.7486,34.6146],[-100.7257,34.6052],[-100.7028,34.5959],[-100.6799,34.5865],[-100.6576,34.5871],[-100.6352,34.5876],[-100.6271,34.6093],[-100.619,34.631],[-100.6108,34.6527],[-100.6027,34.6744],[-100.6271,34.6763],[-100.6515,34.6783],[-100.6758,34.6802],[-100.7002,34.6821]]],[[[-100.4181,34.6347],[-100.425,34.65],[-100.4319,34.6653],[-100.4387,34.6806],[-100.4456,34.6959],[-100.4627,34.6888],[-100.4797,34.6817],[-100.4755,34.6473],[-100.4712,34.6129],[-100.4578,34.6091],[-100.4443,34.6054],[-100.4309,34.6016],[-100.4174,34.5978],[-100.4181,34.6347]]]]},"properties":{"OBJECTID":502,"state":"Texas","agency":"Texas Parks and Wildlife Department","unit_type":"DMU","unit_id":"4","unit_name":"VL","unit_label":"Texas DMU 4 - VL","aliases":"2026 | 4 | 4 vl | dmu | dmu 4 | dmu 4 vl | texas | texas 4 | texas 4 vl | texas dmu 4 | texas dmu 4 vl | texas parks and wildlife department | texas parks and wildlife department 4 | vl","year":"2026","Shape_Length":173511.40591011097,"Shape_Area":367829856.2201637}},{"type":"Feature","id":503,"geometry":{"type":"Polygon","coordinates":[[[-101.4469,33.9815],[-101.4622,33.9819],[-101.4774,33.9822],[-101.4926,33.9826],[-101.5078,33.9829],[-101.4926,33.9699],[-101.4773,33.957],[-101.4621,33.944],[-101.4469,33.931],[-101.4528,33.9187],[-101.4586,33.9064],[-101.4645,33.894],[-101.4703,33.8817],[-101.4892,33.8718],[-101.4737,33.8575],[-101.4583,33.8431],[-101.4428,33.8288],[-101.4273,33.8144],[-101.4119,33.8001],[-101.3964,33.7857],[-101.381,33.7714],[-101.3655,33.757],[-101.342,33.7558],[-101.3186,33.7545],[-101.2975,33.7553],[-101.2764,33.7562],[-101.2554,33.757],[-101.2343,33.7578],[-101.2132,33.7586],[-101.1921,33.7594],[-101.1711,33.7602],[-101.15,33.7609],[-101.1556,33.777],[-101.1613,33.793],[-101.1669,33.8091],[-101.1726,33.8251],[-101.1813,33.8357],[-101.19,33.8463],[-101.1987,33.8569],[-101.2074,33.8675],[-101.2161,33.878],[-101.2248,33.8886],[-101.2335,33.8992],[-101.2422,33.9098],[-101.2586,33.9142],[-101.2749,33.9186],[-101.2912,33.923],[-101.3076,33.9274],[-101.3239,33.9318],[-101.3403,33.9362],[-101.3567,33.9406],[-101.373,33.945],[-101.3883,33.9541],[-101.4036,33.9631],[-101.4188,33.9722],[-101.4341,33.9812],[-101.4469,33.9815]]]},"properties":{"OBJECTID":503,"state":"Texas","agency":"Texas Parks and Wildlife Department","unit_type":"DMU","unit_id":"2","unit_name":"M","unit_label":"Texas DMU 2 - M","aliases":"2 | 2 m | 2026 | dmu | dmu 2 | dmu 2 m | m | texas | texas 2 | texas 2 m | texas dmu 2 | texas dmu 2 m | texas parks and wildlife department | texas parks and wildlife department 2","year":"2026","Shape_Length":98202.3398233661,"Shape_Area":476109274.2053173}},{"type":"Feature","id":504,"geometry":{"type":"Polygon","coordinates":[[[-102.4301,35.9428],[-102.4393,35.9588],[-102.4484,35.9748],[-102.4575,35.9909],[-102.4667,36.0069],[-102.4928,36.0062],[-102.5189,36.0055],[-102.54,35.9951],[-102.561,35.9848],[-102.582,35.9744],[-102.603,35.964],[-102.6115,35.9423],[-102.6201,35.9205],[-102.6054,35.9067],[-102.5908,35.8929],[-102.5762,35.879],[-102.5616,35.8652],[-102.5522,35.8409],[-102.5429,35.8167],[-102.5336,35.7924],[-102.5243,35.7682],[-102.505,35.7658],[-102.4856,35.7635],[-102.4662,35.7612],[-102.4469,35.7588],[-102.4547,35.7875],[-102.4625,35.8162],[-102.4703,35.8449],[-102.4781,35.8735],[-102.4661,35.8909],[-102.4541,35.9082],[-102.4421,35.9255],[-102.4301,35.9428]]]},"properties":{"OBJECTID":504,"state":"Texas","agency":"Texas Parks and Wildlife Department","unit_type":"DMU","unit_id":"6","unit_name":"CWD","unit_label":"Texas DMU 6 - CWD","aliases":"2026 | 6 | 6 cwd | cwd | dmu | dmu 6 | dmu 6 cwd | texas | texas 6 | texas 6 cwd | texas dmu 6 | texas dmu 6 cwd | texas parks and wildlife department | texas parks and wildlife department 6","year":"2026","Shape_Length":74995.03588400286,"Shape_Area":272596518.2147636}},{"type":"Feature","id":505,"geometry":{"type":"Polygon","coordinates":[[[-102.8461,36.4],[-102.8596,36.4198],[-102.8731,36.4396],[-102.8704,36.47],[-102.8677,36.5003],[-102.8895,36.4999],[-102.9112,36.4995],[-102.9329,36.4991],[-102.9547,36.4986],[-102.9764,36.4982],[-102.9981,36.4978],[-103.0199,36.4973],[-103.0416,36.4969],[-103.0416,36.4542],[-103.0416,36.4402],[-103.0415,36.3771],[-103.0415,36.3545],[-103.0411,36.3349],[-103.0132,36.3335],[-102.9853,36.332],[-102.9574,36.3304],[-102.9295,36.3289],[-102.9161,36.3204],[-102.9028,36.3119],[-102.8894,36.3033],[-102.8761,36.2948],[-102.8696,36.2798],[-102.863,36.2648],[-102.8565,36.2498],[-102.85,36.2348],[-102.83,36.2312],[-102.8099,36.2277],[-102.7899,36.2242],[-102.7699,36.2206],[-102.7562,36.2316],[-102.7425,36.2427],[-102.7289,36.2537],[-102.7152,36.2647],[-102.7111,36.2927],[-102.707,36.3207],[-102.7149,36.3338],[-102.7228,36.347],[-102.7307,36.3601],[-102.7386,36.3732],[-102.7655,36.3799],[-102.7924,36.3866],[-102.8192,36.3933],[-102.8461,36.4]]]},"properties":{"OBJECTID":505,"state":"Texas","agency":"Texas Parks and Wildlife Department","unit_type":"DMU","unit_id":"6","unit_name":"CWD","unit_label":"Texas DMU 6 - CWD","aliases":"2026 | 6 | 6 cwd | cwd | dmu | dmu 6 | dmu 6 cwd | texas | texas 6 | texas 6 cwd | texas dmu 6 | texas dmu 6 cwd | texas parks and wildlife department | texas parks and wildlife department 6","year":"2026","Shape_Length":105698.41432412498,"Shape_Area":531126249.9769565}},{"type":"Feature","id":506,"geometry":{"type":"Polygon","coordinates":[[[-102.9385,36.0475],[-102.9518,36.0528],[-102.9651,36.0581],[-102.9784,36.0634],[-102.9917,36.0687],[-103.0162,36.0768],[-103.0407,36.0849],[-103.041,36.0849],[-103.0412,36.0616],[-103.0411,36.0579],[-103.0411,36.0554],[-103.0406,36.0312],[-103.0406,36.0125],[-103.0406,36.0123],[-103.0275,36.0079],[-103.0144,36.0034],[-103.0013,35.9989],[-102.9882,35.9945],[-102.9752,35.99],[-102.9621,35.9856],[-102.949,35.9811],[-102.9359,35.9766],[-102.9228,35.9722],[-102.9097,35.9677],[-102.8967,35.9632],[-102.8836,35.9588],[-102.8705,35.9543],[-102.8574,35.9498],[-102.8444,35.9454],[-102.8313,35.9409],[-102.813,35.9546],[-102.7947,35.9684],[-102.7764,35.9821],[-102.7581,35.9958],[-102.7738,36.0061],[-102.7894,36.0164],[-102.808,36.0203],[-102.8267,36.0242],[-102.8453,36.0281],[-102.864,36.032],[-102.8826,36.0359],[-102.9012,36.0398],[-102.9199,36.0436],[-102.9385,36.0475]]]},"properties":{"OBJECTID":506,"state":"Texas","agency":"Texas Parks and Wildlife Department","unit_type":"DMU","unit_id":"6","unit_name":"CWD","unit_label":"Texas DMU 6 - CWD","aliases":"2026 | 6 | 6 cwd | cwd | dmu | dmu 6 | dmu 6 cwd | texas | texas 6 | texas 6 cwd | texas dmu 6 | texas dmu 6 cwd | texas parks and wildlife department | texas parks and wildlife department 6","year":"2026","Shape_Length":64908.63629145728,"Shape_Area":190358887.65287286}},{"type":"Feature","id":507,"geometry":{"type":"Polygon","coordinates":[[[-102.9534,35.9431],[-102.9685,35.9571],[-102.9836,35.9711],[-103.0014,35.9796],[-103.0193,35.9882],[-103.0406,35.9898],[-103.041,35.9898],[-103.0413,35.753],[-103.041,35.7526],[-103.0235,35.7395],[-103.0061,35.7263],[-102.9887,35.7132],[-102.9712,35.7001],[-102.953,35.7071],[-102.9349,35.7141],[-102.9167,35.7211],[-102.8985,35.7282],[-102.8803,35.7352],[-102.8621,35.7422],[-102.8439,35.7492],[-102.8256,35.7562],[-102.8069,35.7543],[-102.7881,35.7524],[-102.7693,35.7504],[-102.7505,35.7485],[-102.7385,35.7689],[-102.7266,35.7893],[-102.7476,35.7907],[-102.7686,35.792],[-102.7895,35.7934],[-102.8105,35.7947],[-102.8255,35.7948],[-102.8404,35.7948],[-102.8554,35.7949],[-102.8703,35.7949],[-102.8816,35.8128],[-102.8928,35.8306],[-102.9004,35.8446],[-102.908,35.8587],[-102.9155,35.8728],[-102.9231,35.8869],[-102.9307,35.9009],[-102.9382,35.915],[-102.9458,35.9291],[-102.9534,35.9431]]]},"properties":{"OBJECTID":507,"state":"Texas","agency":"Texas Parks and Wildlife Department","unit_type":"DMU","unit_id":"6","unit_name":"CWD","unit_label":"Texas DMU 6 - CWD","aliases":"2026 | 6 | 6 cwd | cwd | dmu | dmu 6 | dmu 6 cwd | texas | texas 6 | texas 6 cwd | texas dmu 6 | texas dmu 6 cwd | texas parks and wildlife department | texas parks and wildlife department 6","year":"2026","Shape_Length":102372.12803872852,"Shape_Area":398944422.59257686}}]}