{"type":"FeatureCollection","features":[{"type":"Feature","id":1241,"geometry":{"type":"Polygon","coordinates":[[[-111.913,35.2539],[-111.9277,35.2543],[-111.9425,35.2546],[-111.9573,35.255],[-111.972,35.2553],[-111.9868,35.2556],[-112.0016,35.256],[-112.0163,35.2563],[-112.0311,35.2567],[-112.0459,35.257],[-112.0606,35.2573],[-112.0754,35.2576],[-112.0902,35.258],[-112.1049,35.2583],[-112.1197,35.2586],[-112.1345,35.2589],[-112.1492,35.2593],[-112.1725,35.2505],[-112.1957,35.2418],[-112.219,35.2331],[-112.2422,35.2244],[-112.2634,35.223],[-112.2846,35.2216],[-112.3057,35.2202],[-112.3269,35.2188],[-112.3481,35.2174],[-112.3692,35.216],[-112.3904,35.2146],[-112.4116,35.2132],[-112.4273,35.2152],[-112.443,35.2172],[-112.4588,35.2193],[-112.4745,35.2213],[-112.4691,35.2075],[-112.4638,35.1937],[-112.4584,35.1798],[-112.4531,35.166],[-112.4477,35.1522],[-112.4424,35.1383],[-112.437,35.1245],[-112.4317,35.1107],[-112.4264,35.0969],[-112.421,35.083],[-112.4157,35.0692],[-112.4104,35.0554],[-112.405,35.0415],[-112.3997,35.0277],[-112.3944,35.0139],[-112.3891,35.0],[-112.3982,34.9885],[-112.4073,34.9769],[-112.4165,34.9653],[-112.4256,34.9538],[-112.4348,34.9422],[-112.4439,34.9306],[-112.453,34.9191],[-112.4622,34.9075],[-112.4661,34.8889],[-112.47,34.8703],[-112.4543,34.8689],[-112.4386,34.8676],[-112.4229,34.8663],[-112.4072,34.865],[-112.3935,34.8721],[-112.3798,34.8793],[-112.3662,34.8865],[-112.3525,34.8936],[-112.3368,34.8896],[-112.3212,34.8856],[-112.3056,34.8816],[-112.29,34.8776],[-112.2842,34.8975],[-112.2784,34.9175],[-112.2636,34.9122],[-112.2489,34.907],[-112.2341,34.9017],[-112.2193,34.8964],[-112.2046,34.8912],[-112.1898,34.8859],[-112.1751,34.8806],[-112.1603,34.8754],[-112.1398,34.8723],[-112.1193,34.8693],[-112.0988,34.8662],[-112.0783,34.8631],[-112.0719,34.8763],[-112.0655,34.8895],[-112.0591,34.9027],[-112.0528,34.9159],[-112.0464,34.9291],[-112.04,34.9422],[-112.0336,34.9554],[-112.0272,34.9686],[-112.0136,34.9752],[-112.0,34.9818],[-111.9864,34.9884],[-111.9728,34.995],[-111.9658,35.0225],[-111.9588,35.0501],[-111.9518,35.0776],[-111.9448,35.1051],[-111.9367,35.1173],[-111.9286,35.1295],[-111.9205,35.1417],[-111.9124,35.1539],[-111.913,35.2539]]]},"properties":{"OBJECTID":1241,"state":"Arizona","agency":"Arizona Game and Fish Department","unit_type":"GMU","unit_id":"8","unit_name":"Flagstaff","unit_label":"Arizona GMU 8 - Flagstaff","aliases":"2025 | 8 | 8 flagstaff | arizona | arizona 8 | arizona 8 flagstaff | arizona game and fish department | arizona game and fish department 8 | arizona game management unit 8 | arizona game management unit 8 flagstaff | arizona gmu 8 | arizona gmu 8 flagsta","year":"2025","Shape_Length":183911.7026616179,"Shape_Area":1681112792.4350643}},{"type":"Feature","id":1242,"geometry":{"type":"Polygon","coordinates":[[[-111.8346,35.2413],[-111.8542,35.2445],[-111.8738,35.2476],[-111.8934,35.2508],[-111.913,35.2539],[-111.9124,35.1539],[-111.9205,35.1417],[-111.9286,35.1295],[-111.9367,35.1173],[-111.9448,35.1051],[-111.9518,35.0776],[-111.9588,35.0501],[-111.9658,35.0225],[-111.9728,34.995],[-111.9864,34.9884],[-112.0,34.9818],[-112.0136,34.9752],[-112.0272,34.9686],[-112.0336,34.9554],[-112.04,34.9422],[-112.0464,34.9291],[-112.0528,34.9159],[-112.0591,34.9027],[-112.0655,34.8895],[-112.0719,34.8763],[-112.0783,34.8631],[-112.0733,34.8462],[-112.0683,34.8293],[-112.0633,34.8124],[-112.0583,34.7955],[-112.0499,34.7862],[-112.0414,34.777],[-112.0329,34.7677],[-112.0245,34.7584],[-112.0161,34.7492],[-112.0076,34.7399],[-111.9992,34.7306],[-111.9907,34.7214],[-111.9781,34.7357],[-111.9655,34.75],[-111.9529,34.7643],[-111.9403,34.7786],[-111.9277,34.7929],[-111.915,34.8072],[-111.9024,34.8215],[-111.8898,34.8359],[-111.8741,34.8396],[-111.8583,34.8434],[-111.8426,34.8472],[-111.8269,34.8509],[-111.8112,34.8547],[-111.7954,34.8585],[-111.7797,34.8622],[-111.764,34.866],[-111.7552,34.8779],[-111.7463,34.8899],[-111.7375,34.9018],[-111.7286,34.9138],[-111.7409,34.9292],[-111.7532,34.9446],[-111.748,34.9721],[-111.7429,34.9996],[-111.7378,35.0271],[-111.7327,35.0547],[-111.7357,35.1051],[-111.7387,35.1556],[-111.7471,35.1685],[-111.7555,35.1814],[-111.7638,35.1942],[-111.7722,35.2071],[-111.7878,35.2156],[-111.8034,35.2242],[-111.819,35.2327],[-111.8346,35.2413]]]},"properties":{"OBJECTID":1242,"state":"Arizona","agency":"Arizona Game and Fish Department","unit_type":"GMU","unit_id":"6B","unit_name":"Flagstaff","unit_label":"Arizona GMU 6B - Flagstaff","aliases":"2025 | 6b | 6b flagstaff | arizona | arizona 6b | arizona 6b flagstaff | arizona game and fish department | arizona game and fish department 6b | arizona game management unit 6b | arizona game management unit 6b flagstaff | arizona gmu 6b | arizona gmu 6","year":"2025","Shape_Length":148749.20425580555,"Shape_Area":1046254159.6764146}},{"type":"Feature","id":1243,"geometry":{"type":"Polygon","coordinates":[[[-110.6468,34.9681],[-110.6592,34.9821],[-110.6716,34.996],[-110.684,35.0099],[-110.6965,35.0238],[-110.7109,35.0282],[-110.7253,35.0326],[-110.7398,35.037],[-110.7542,35.0414],[-110.7687,35.0457],[-110.7831,35.0501],[-110.7976,35.0545],[-110.812,35.0589],[-110.8265,35.0633],[-110.8409,35.0677],[-110.8554,35.0721],[-110.8699,35.0765],[-110.8843,35.0808],[-110.8988,35.0852],[-110.9132,35.0896],[-110.9277,35.094],[-110.9535,35.0981],[-110.9793,35.1022],[-111.0051,35.1063],[-111.0308,35.1104],[-111.0341,35.0632],[-111.0374,35.0161],[-111.0406,34.9689],[-111.0439,34.9218],[-111.0559,34.9034],[-111.0679,34.885],[-111.08,34.8665],[-111.092,34.8481],[-111.104,34.8297],[-111.116,34.8112],[-111.128,34.7928],[-111.14,34.7744],[-111.1274,34.7651],[-111.1147,34.7558],[-111.1021,34.7465],[-111.0895,34.7372],[-111.0949,34.7111],[-111.1002,34.685],[-111.1056,34.6589],[-111.111,34.6328],[-111.1269,34.6291],[-111.1427,34.6254],[-111.1586,34.6217],[-111.1745,34.618],[-111.1903,34.6142],[-111.2062,34.6105],[-111.2221,34.6068],[-111.2379,34.603],[-111.2572,34.5896],[-111.2765,34.5762],[-111.2958,34.5629],[-111.3151,34.5495],[-111.3237,34.5388],[-111.3323,34.5282],[-111.341,34.5175],[-111.3496,34.5069],[-111.3582,34.4962],[-111.3668,34.4856],[-111.3754,34.4749],[-111.384,34.4643],[-111.3997,34.4589],[-111.4153,34.4536],[-111.431,34.4482],[-111.4466,34.4429],[-111.4623,34.4375],[-111.4779,34.4321],[-111.4936,34.4268],[-111.5092,34.4214],[-111.4886,34.4281],[-111.468,34.4348],[-111.4475,34.4415],[-111.4269,34.4481],[-111.4012,34.4417],[-111.3756,34.4354],[-111.35,34.429],[-111.3244,34.4226],[-111.306,34.4303],[-111.2875,34.438],[-111.269,34.4457],[-111.2506,34.4535],[-111.2359,34.4347],[-111.2212,34.4159],[-111.2055,34.4135],[-111.1898,34.4111],[-111.1742,34.4087],[-111.1585,34.4063],[-111.1429,34.4039],[-111.1272,34.4015],[-111.1115,34.3991],[-111.0959,34.3967],[-111.0944,34.462],[-111.0928,34.5273],[-111.0822,34.5426],[-111.0716,34.5579],[-111.061,34.5731],[-111.0504,34.5884],[-111.0574,34.6202],[-111.0379,34.6327],[-111.0184,34.6453],[-110.9988,34.6578],[-110.9793,34.6704],[-110.9732,34.7096],[-110.9671,34.7489],[-110.9542,34.7565],[-110.9413,34.7641],[-110.9283,34.7718],[-110.9154,34.7794],[-110.8932,34.7783],[-110.8711,34.7772],[-110.8489,34.7761],[-110.8268,34.7749],[-110.8085,34.7889],[-110.7903,34.8029],[-110.7721,34.8168],[-110.7538,34.8307],[-110.7471,34.8604],[-110.7404,34.89],[-110.7288,34.8998],[-110.7171,34.9096],[-110.7053,34.9193],[-110.6936,34.9291],[-110.6819,34.9389],[-110.6702,34.9486],[-110.6585,34.9584],[-110.6468,34.9681]]]},"properties":{"OBJECTID":1243,"state":"Arizona","agency":"Arizona Game and Fish Department","unit_type":"GMU","unit_id":"5A","unit_name":"Flagstaff","unit_label":"Arizona GMU 5A - Flagstaff","aliases":"2025 | 5a | 5a flagstaff | arizona | arizona 5a | arizona 5a flagstaff | arizona game and fish department | arizona game and fish department 5a | arizona game management unit 5a | arizona game management unit 5a flagstaff | arizona gmu 5a | arizona gmu 5","year":"2025","Shape_Length":270249.39218885393,"Shape_Area":1734321460.2125168}},{"type":"Feature","id":1244,"geometry":{"type":"Polygon","coordinates":[[[-109.0461,34.8633],[-109.046,34.9051],[-109.046,34.9051],[-109.0701,34.9054],[-109.0941,34.9057],[-109.1181,34.906],[-109.1422,34.9063],[-109.1662,34.9066],[-109.1902,34.9069],[-109.2143,34.9072],[-109.2383,34.9075],[-109.2385,34.7811],[-109.2462,34.7639],[-109.2538,34.7467],[-109.2615,34.7295],[-109.2692,34.7123],[-109.2768,34.6951],[-109.2845,34.678],[-109.2922,34.6608],[-109.2998,34.6436],[-109.3075,34.6264],[-109.3151,34.6092],[-109.3228,34.592],[-109.3304,34.5748],[-109.3381,34.5576],[-109.3457,34.5404],[-109.3533,34.5232],[-109.361,34.506],[-109.3734,34.4907],[-109.3858,34.4755],[-109.3982,34.4603],[-109.4106,34.445],[-109.4079,34.4134],[-109.4052,34.3818],[-109.3997,34.3688],[-109.3942,34.3557],[-109.3887,34.3427],[-109.3832,34.3296],[-109.3777,34.3166],[-109.3722,34.3036],[-109.3667,34.2905],[-109.3612,34.2775],[-109.3558,34.2644],[-109.3503,34.2514],[-109.3448,34.2383],[-109.3393,34.2253],[-109.3338,34.2122],[-109.3284,34.1992],[-109.3229,34.1861],[-109.3174,34.1731],[-109.309,34.163],[-109.3005,34.1529],[-109.2921,34.1428],[-109.2837,34.1328],[-109.2689,34.1349],[-109.2541,34.1371],[-109.2393,34.1392],[-109.2245,34.1414],[-109.2097,34.1435],[-109.1949,34.1456],[-109.1801,34.1478],[-109.1653,34.1499],[-109.1505,34.1521],[-109.1357,34.1542],[-109.1208,34.1563],[-109.106,34.1585],[-109.0912,34.1606],[-109.0764,34.1627],[-109.0616,34.1648],[-109.0468,34.167],[-109.0468,34.1731],[-109.0467,34.1868],[-109.0467,34.1925],[-109.0467,34.2515],[-109.0466,34.2683],[-109.0466,34.2742],[-109.0465,34.2908],[-109.0465,34.3045],[-109.0465,34.335],[-109.0462,34.5016],[-109.0461,34.6376],[-109.0461,34.6543],[-109.0461,34.6692],[-109.046,34.7079],[-109.0461,34.7155],[-109.0461,34.7429],[-109.046,34.7514],[-109.0454,34.7843],[-109.046,34.8036],[-109.0461,34.8571],[-109.0461,34.8633]]]},"properties":{"OBJECTID":1244,"state":"Arizona","agency":"Arizona Game and Fish Department","unit_type":"GMU","unit_id":"2B","unit_name":"Pinetop","unit_label":"Arizona GMU 2B - Pinetop","aliases":"2025 | 2b | 2b pinetop | arizona | arizona 2b | arizona 2b pinetop | arizona game and fish department | arizona game and fish department 2b | arizona game management unit 2b | arizona game management unit 2b pinetop | arizona gmu 2b | arizona gmu 2b pine","year":"2025","Shape_Length":214253.9199449087,"Shape_Area":2132419474.9039438}},{"type":"Feature","id":1245,"geometry":{"type":"Polygon","coordinates":[[[-109.9612,34.8487],[-109.9862,34.854],[-110.0113,34.8594],[-110.0364,34.8648],[-110.0615,34.8701],[-110.0866,34.8755],[-110.1117,34.8808],[-110.1368,34.8862],[-110.1619,34.8915],[-110.1682,34.8798],[-110.1745,34.868],[-110.1808,34.8563],[-110.1871,34.8446],[-110.1933,34.8329],[-110.1996,34.8211],[-110.2059,34.8094],[-110.2122,34.7977],[-110.2222,34.7883],[-110.2321,34.779],[-110.2421,34.7697],[-110.2521,34.7604],[-110.2621,34.7511],[-110.2721,34.7418],[-110.282,34.7325],[-110.292,34.7232],[-110.3017,34.7019],[-110.3114,34.6805],[-110.3241,34.6669],[-110.3368,34.6534],[-110.3495,34.6398],[-110.3622,34.6262],[-110.3749,34.6126],[-110.3876,34.599],[-110.4003,34.5854],[-110.4129,34.5718],[-110.421,34.5583],[-110.4291,34.5448],[-110.4371,34.5313],[-110.4452,34.5178],[-110.4533,34.5043],[-110.4613,34.4908],[-110.4694,34.4773],[-110.4774,34.4638],[-110.4559,34.4527],[-110.4406,34.4565],[-110.4253,34.4602],[-110.4101,34.4639],[-110.3948,34.4676],[-110.3795,34.4713],[-110.3642,34.4751],[-110.349,34.4788],[-110.3337,34.4825],[-110.3116,34.4832],[-110.2894,34.484],[-110.2673,34.4848],[-110.2452,34.4855],[-110.2226,34.4923],[-110.2,34.499],[-110.1774,34.5058],[-110.1548,34.5125],[-110.1358,34.5127],[-110.1169,34.5129],[-110.098,34.5131],[-110.079,34.5133],[-110.0629,34.522],[-110.0468,34.5308],[-110.0307,34.5396],[-110.0146,34.5484],[-109.991,34.551],[-109.9675,34.5536],[-109.944,34.5561],[-109.9204,34.5587],[-109.9006,34.5519],[-109.8807,34.545],[-109.8609,34.5382],[-109.841,34.5313],[-109.8232,34.5314],[-109.8055,34.5314],[-109.7877,34.5315],[-109.7699,34.5315],[-109.7502,34.5249],[-109.7305,34.5183],[-109.7108,34.5116],[-109.6911,34.505],[-109.6714,34.4983],[-109.6517,34.4916],[-109.632,34.485],[-109.6124,34.4783],[-109.6189,34.5163],[-109.6254,34.5542],[-109.6347,34.5703],[-109.644,34.5864],[-109.6533,34.6024],[-109.6627,34.6185],[-109.6725,34.628],[-109.6823,34.6374],[-109.6922,34.6468],[-109.702,34.6562],[-109.7119,34.6656],[-109.7217,34.6751],[-109.7316,34.6845],[-109.7414,34.6939],[-109.7513,34.7033],[-109.7611,34.7127],[-109.771,34.7221],[-109.7808,34.7316],[-109.7907,34.741],[-109.8006,34.7504],[-109.8104,34.7598],[-109.8203,34.7692],[-109.842,34.7768],[-109.8638,34.7844],[-109.8855,34.792],[-109.9073,34.7996],[-109.9207,34.8118],[-109.9342,34.8241],[-109.9477,34.8364],[-109.9612,34.8487]]]},"properties":{"OBJECTID":1245,"state":"Arizona","agency":"Arizona Game and Fish Department","unit_type":"GMU","unit_id":"3A","unit_name":"Pinetop","unit_label":"Arizona GMU 3A - Pinetop","aliases":"2025 | 3a | 3a pinetop | arizona | arizona 3a | arizona 3a pinetop | arizona game and fish department | arizona game and fish department 3a | arizona game management unit 3a | arizona game management unit 3a pinetop | arizona gmu 3a | arizona gmu 3a pine","year":"2025","Shape_Length":212949.4416902096,"Shape_Area":2016113431.8114915}},{"type":"Feature","id":1246,"geometry":{"type":"Polygon","coordinates":[[[-109.841,34.5313],[-109.8609,34.5382],[-109.8807,34.545],[-109.9006,34.5519],[-109.9204,34.5587],[-109.944,34.5561],[-109.9675,34.5536],[-109.991,34.551],[-110.0146,34.5484],[-110.0307,34.5396],[-110.0468,34.5308],[-110.0629,34.522],[-110.079,34.5133],[-110.0833,34.495],[-110.0875,34.4768],[-110.0917,34.4585],[-110.0959,34.4403],[-110.0848,34.4234],[-110.0736,34.4064],[-110.0625,34.3895],[-110.0514,34.3725],[-110.0431,34.3437],[-110.0347,34.3149],[-110.0264,34.286],[-110.0181,34.2572],[-110.0339,34.244],[-110.0497,34.2309],[-110.0654,34.2177],[-110.0812,34.2045],[-110.0615,34.2044],[-110.0418,34.2042],[-110.0327,34.1923],[-110.0236,34.1804],[-110.0146,34.1685],[-110.0055,34.1566],[-109.9964,34.1448],[-109.9873,34.1329],[-109.9783,34.121],[-109.9692,34.1091],[-109.951,34.1094],[-109.9328,34.1098],[-109.9145,34.1102],[-109.8963,34.1105],[-109.8781,34.1109],[-109.8599,34.1112],[-109.8416,34.1116],[-109.8234,34.1119],[-109.8109,34.119],[-109.7984,34.1261],[-109.7854,34.1331],[-109.7724,34.1401],[-109.7594,34.1472],[-109.7464,34.1542],[-109.7351,34.1701],[-109.7239,34.186],[-109.7126,34.202],[-109.7013,34.2179],[-109.6973,34.2451],[-109.6932,34.2723],[-109.7102,34.2742],[-109.7271,34.2761],[-109.7441,34.2779],[-109.761,34.2798],[-109.778,34.2817],[-109.7949,34.2836],[-109.8119,34.2855],[-109.8288,34.2874],[-109.815,34.2929],[-109.8011,34.2984],[-109.7873,34.3039],[-109.7735,34.3094],[-109.7588,34.3208],[-109.7442,34.3321],[-109.7295,34.3435],[-109.7149,34.3549],[-109.7002,34.3663],[-109.6856,34.3777],[-109.6709,34.389],[-109.6562,34.4004],[-109.643,34.4191],[-109.6297,34.4378],[-109.6164,34.4564],[-109.6032,34.4751],[-109.6124,34.4783],[-109.632,34.485],[-109.6517,34.4916],[-109.6714,34.4983],[-109.6911,34.505],[-109.7108,34.5116],[-109.7305,34.5183],[-109.7502,34.5249],[-109.7699,34.5315],[-109.7877,34.5315],[-109.8055,34.5314],[-109.8232,34.5314],[-109.841,34.5313]]]},"properties":{"OBJECTID":1246,"state":"Arizona","agency":"Arizona Game and Fish Department","unit_type":"GMU","unit_id":"3B","unit_name":"Pinetop","unit_label":"Arizona GMU 3B - Pinetop","aliases":"2025 | 3b | 3b pinetop | arizona | arizona 3b | arizona 3b pinetop | arizona game and fish department | arizona game and fish department 3b | arizona game management unit 3b | arizona game management unit 3b pinetop | arizona gmu 3b | arizona gmu 3b pine","year":"2025","Shape_Length":179756.57262179742,"Shape_Area":1487983887.2086854}},{"type":"Feature","id":1247,"geometry":{"type":"Polygon","coordinates":[[[-109.361,34.506],[-109.3896,34.5064],[-109.4183,34.5067],[-109.4469,34.5071],[-109.4756,34.5075],[-109.4916,34.5034],[-109.5075,34.4994],[-109.5235,34.4953],[-109.5394,34.4913],[-109.5554,34.4872],[-109.5713,34.4832],[-109.5872,34.4791],[-109.6032,34.4751],[-109.6164,34.4564],[-109.6297,34.4378],[-109.643,34.4191],[-109.6562,34.4004],[-109.6709,34.389],[-109.6856,34.3777],[-109.7002,34.3663],[-109.7149,34.3549],[-109.7295,34.3435],[-109.7442,34.3321],[-109.7588,34.3208],[-109.7735,34.3094],[-109.7873,34.3039],[-109.8011,34.2984],[-109.815,34.2929],[-109.8288,34.2874],[-109.8119,34.2855],[-109.7949,34.2836],[-109.778,34.2817],[-109.761,34.2798],[-109.7441,34.2779],[-109.7271,34.2761],[-109.7102,34.2742],[-109.6932,34.2723],[-109.6767,34.2712],[-109.6602,34.2701],[-109.6437,34.269],[-109.6272,34.2679],[-109.6107,34.2668],[-109.5941,34.2657],[-109.5776,34.2646],[-109.5611,34.2635],[-109.5408,34.2527],[-109.5204,34.2418],[-109.5001,34.231],[-109.4798,34.2202],[-109.4595,34.2143],[-109.4392,34.2084],[-109.4189,34.2026],[-109.3986,34.1967],[-109.3783,34.1908],[-109.358,34.1849],[-109.3377,34.179],[-109.3174,34.1731],[-109.3229,34.1861],[-109.3284,34.1992],[-109.3338,34.2122],[-109.3393,34.2253],[-109.3448,34.2383],[-109.3503,34.2514],[-109.3558,34.2644],[-109.3612,34.2775],[-109.3667,34.2905],[-109.3722,34.3036],[-109.3777,34.3166],[-109.3832,34.3296],[-109.3887,34.3427],[-109.3942,34.3557],[-109.3997,34.3688],[-109.4052,34.3818],[-109.4079,34.4134],[-109.4106,34.445],[-109.3982,34.4603],[-109.3858,34.4755],[-109.3734,34.4907],[-109.361,34.506]]]},"properties":{"OBJECTID":1247,"state":"Arizona","agency":"Arizona Game and Fish Department","unit_type":"GMU","unit_id":"2C","unit_name":"Pinetop","unit_label":"Arizona GMU 2C - Pinetop","aliases":"2025 | 2c | 2c pinetop | arizona | arizona 2c | arizona 2c pinetop | arizona game and fish department | arizona game and fish department 2c | arizona game management unit 2c | arizona game management unit 2c pinetop | arizona gmu 2c | arizona gmu 2c pine","year":"2025","Shape_Length":141849.32033924136,"Shape_Area":818291219.6265959}},{"type":"Feature","id":1248,"geometry":{"type":"Polygon","coordinates":[[[-110.079,34.5133],[-110.098,34.5131],[-110.1169,34.5129],[-110.1358,34.5127],[-110.1548,34.5125],[-110.1774,34.5058],[-110.2,34.499],[-110.2226,34.4923],[-110.2452,34.4855],[-110.2673,34.4848],[-110.2894,34.484],[-110.3116,34.4832],[-110.3337,34.4825],[-110.349,34.4788],[-110.3642,34.4751],[-110.3795,34.4713],[-110.3948,34.4676],[-110.4101,34.4639],[-110.4253,34.4602],[-110.4406,34.4565],[-110.4559,34.4527],[-110.4774,34.4638],[-110.4896,34.458],[-110.5018,34.4522],[-110.514,34.4464],[-110.5262,34.4406],[-110.5384,34.4348],[-110.5506,34.429],[-110.5628,34.4232],[-110.5749,34.4174],[-110.594,34.4192],[-110.6132,34.4209],[-110.6323,34.4226],[-110.6514,34.4244],[-110.6585,34.4145],[-110.6657,34.4046],[-110.6729,34.3947],[-110.68,34.3848],[-110.6872,34.375],[-110.6944,34.3651],[-110.7015,34.3552],[-110.7087,34.3453],[-110.7249,34.3427],[-110.7412,34.3402],[-110.7574,34.3376],[-110.7737,34.335],[-110.7899,34.3324],[-110.8061,34.3298],[-110.8224,34.3272],[-110.8386,34.3247],[-110.8548,34.3187],[-110.8709,34.3127],[-110.8871,34.3067],[-110.9032,34.3006],[-110.8891,34.2921],[-110.8749,34.2836],[-110.8608,34.2751],[-110.8466,34.2665],[-110.8307,34.2748],[-110.8147,34.283],[-110.7988,34.2912],[-110.7828,34.2994],[-110.7703,34.2893],[-110.7577,34.2792],[-110.7342,34.2787],[-110.7107,34.2783],[-110.6872,34.2778],[-110.6638,34.2773],[-110.6403,34.2768],[-110.6168,34.2763],[-110.5934,34.2758],[-110.5699,34.2753],[-110.5551,34.2826],[-110.5402,34.2898],[-110.5254,34.297],[-110.5106,34.3042],[-110.4935,34.3011],[-110.4764,34.298],[-110.4593,34.2948],[-110.4422,34.2917],[-110.4251,34.2885],[-110.408,34.2854],[-110.3909,34.2822],[-110.3738,34.2791],[-110.3643,34.2677],[-110.3548,34.2563],[-110.3453,34.2449],[-110.3358,34.2336],[-110.3119,34.2301],[-110.2881,34.2266],[-110.2642,34.2231],[-110.2403,34.2196],[-110.2285,34.2266],[-110.2167,34.2337],[-110.2048,34.2407],[-110.193,34.2478],[-110.179,34.2424],[-110.165,34.237],[-110.151,34.2316],[-110.1371,34.2262],[-110.1231,34.2208],[-110.1091,34.2154],[-110.0951,34.21],[-110.0812,34.2045],[-110.0654,34.2177],[-110.0497,34.2309],[-110.0339,34.244],[-110.0181,34.2572],[-110.0264,34.286],[-110.0347,34.3149],[-110.0431,34.3437],[-110.0514,34.3725],[-110.0625,34.3895],[-110.0736,34.4064],[-110.0848,34.4234],[-110.0959,34.4403],[-110.0917,34.4585],[-110.0875,34.4768],[-110.0833,34.495],[-110.079,34.5133]]]},"properties":{"OBJECTID":1248,"state":"Arizona","agency":"Arizona Game and Fish Department","unit_type":"GMU","unit_id":"3C","unit_name":"Pinetop","unit_label":"Arizona GMU 3C - Pinetop","aliases":"2025 | 3c | 3c pinetop | arizona | arizona 3c | arizona 3c pinetop | arizona game and fish department | arizona game and fish department 3c | arizona game management unit 3c | arizona game management unit 3c pinetop | arizona gmu 3c | arizona gmu 3c pine","year":"2025","Shape_Length":206728.09129320743,"Shape_Area":1453650757.5310009}},{"type":"Feature","id":1249,"geometry":{"type":"Polygon","coordinates":[[[-109.5611,34.2635],[-109.5776,34.2646],[-109.5941,34.2657],[-109.6107,34.2668],[-109.6272,34.2679],[-109.6437,34.269],[-109.6602,34.2701],[-109.6767,34.2712],[-109.6932,34.2723],[-109.6973,34.2451],[-109.7013,34.2179],[-109.7126,34.202],[-109.7239,34.186],[-109.7351,34.1701],[-109.7464,34.1542],[-109.7594,34.1472],[-109.7724,34.1401],[-109.7854,34.1331],[-109.7984,34.1261],[-109.7784,34.1229],[-109.7585,34.1196],[-109.7375,34.1273],[-109.7165,34.1349],[-109.6955,34.1425],[-109.6746,34.1501],[-109.6638,34.126],[-109.653,34.1018],[-109.6298,34.0999],[-109.6066,34.098],[-109.5965,34.0841],[-109.5863,34.0701],[-109.5762,34.0562],[-109.566,34.0422],[-109.5559,34.0282],[-109.5458,34.0143],[-109.5357,34.0003],[-109.5256,33.9863],[-109.5369,33.9696],[-109.5482,33.9528],[-109.5595,33.9361],[-109.5708,33.9193],[-109.5519,33.9184],[-109.5331,33.9175],[-109.5142,33.9165],[-109.4953,33.9156],[-109.4955,33.6526],[-109.4884,33.6715],[-109.4812,33.6905],[-109.4652,33.6953],[-109.4491,33.7001],[-109.4331,33.705],[-109.4171,33.7098],[-109.401,33.7146],[-109.385,33.7194],[-109.3689,33.7243],[-109.3529,33.7291],[-109.3479,33.743],[-109.3429,33.7568],[-109.338,33.7707],[-109.333,33.7846],[-109.3281,33.7985],[-109.3231,33.8123],[-109.3181,33.8262],[-109.3132,33.8401],[-109.3008,33.8488],[-109.2885,33.8575],[-109.2761,33.8662],[-109.2638,33.8749],[-109.2392,33.8731],[-109.2146,33.8713],[-109.1901,33.8694],[-109.1655,33.8675],[-109.1524,33.8576],[-109.1393,33.8476],[-109.1263,33.8376],[-109.1132,33.8277],[-109.0966,33.8234],[-109.08,33.8192],[-109.0633,33.815],[-109.0467,33.8108],[-109.0467,33.8107],[-109.0469,34.0767],[-109.0469,34.0832],[-109.0469,34.0847],[-109.0469,34.1162],[-109.0468,34.1488],[-109.0468,34.1609],[-109.0468,34.1628],[-109.0468,34.167],[-109.0616,34.1648],[-109.0764,34.1627],[-109.0912,34.1606],[-109.106,34.1585],[-109.1208,34.1563],[-109.1357,34.1542],[-109.1505,34.1521],[-109.1653,34.1499],[-109.1801,34.1478],[-109.1949,34.1456],[-109.2097,34.1435],[-109.2245,34.1414],[-109.2393,34.1392],[-109.2541,34.1371],[-109.2689,34.1349],[-109.2837,34.1328],[-109.2921,34.1428],[-109.3005,34.1529],[-109.309,34.163],[-109.3174,34.1731],[-109.3377,34.179],[-109.358,34.1849],[-109.3783,34.1908],[-109.3986,34.1967],[-109.4189,34.2026],[-109.4392,34.2084],[-109.4595,34.2143],[-109.4798,34.2202],[-109.5001,34.231],[-109.5204,34.2418],[-109.5408,34.2527],[-109.5611,34.2635]]]},"properties":{"OBJECTID":1249,"state":"Arizona","agency":"Arizona Game and Fish Department","unit_type":"GMU","unit_id":"1","unit_name":"Pinetop","unit_label":"Arizona GMU 1 - Pinetop","aliases":"1 | 1 pinetop | 2025 | arizona | arizona 1 | arizona 1 pinetop | arizona game and fish department | arizona game and fish department 1 | arizona game management unit 1 | arizona game management unit 1 pinetop | arizona gmu 1 | arizona gmu 1 pinetop | ari","year":"2025","Shape_Length":263566.08733212366,"Shape_Area":2177571600.9374795}},{"type":"Feature","id":1250,"geometry":{"type":"Polygon","coordinates":[[[-109.5231,35.1699],[-109.5495,35.1699],[-109.576,35.1699],[-109.6024,35.1699],[-109.6288,35.1699],[-109.629,35.0826],[-109.6558,35.081],[-109.6827,35.0794],[-109.7095,35.0778],[-109.7363,35.0761],[-109.7352,35.1281],[-109.7095,35.1267],[-109.6837,35.1253],[-109.6855,35.1697],[-109.71,35.1698],[-109.7345,35.1698],[-109.759,35.1699],[-109.7835,35.17],[-109.808,35.17],[-109.8326,35.1701],[-109.8571,35.1702],[-109.8816,35.1702],[-109.9061,35.1702],[-109.9306,35.1703],[-109.9551,35.1703],[-109.9797,35.1703],[-110.0042,35.1704],[-110.0287,35.1704],[-110.0532,35.1704],[-110.0777,35.1704],[-110.0833,35.146],[-110.0889,35.1215],[-110.0945,35.097],[-110.1001,35.0726],[-110.0972,35.0489],[-110.0943,35.0251],[-110.0914,35.0014],[-110.0885,34.9777],[-110.0977,34.9669],[-110.1069,34.9562],[-110.1161,34.9454],[-110.1253,34.9346],[-110.1344,34.9238],[-110.1436,34.9131],[-110.1528,34.9023],[-110.1619,34.8915],[-110.1368,34.8862],[-110.1117,34.8808],[-110.0866,34.8755],[-110.0615,34.8701],[-110.0364,34.8648],[-110.0113,34.8594],[-109.9862,34.854],[-109.9612,34.8487],[-109.9477,34.8364],[-109.9342,34.8241],[-109.9207,34.8118],[-109.9073,34.7996],[-109.8855,34.792],[-109.8638,34.7844],[-109.842,34.7768],[-109.8203,34.7692],[-109.8104,34.7598],[-109.8006,34.7504],[-109.7907,34.741],[-109.7808,34.7316],[-109.771,34.7221],[-109.7611,34.7127],[-109.7513,34.7033],[-109.7414,34.6939],[-109.7316,34.6845],[-109.7217,34.6751],[-109.7119,34.6656],[-109.702,34.6562],[-109.6922,34.6468],[-109.6823,34.6374],[-109.6725,34.628],[-109.6627,34.6185],[-109.6533,34.6024],[-109.644,34.5864],[-109.6347,34.5703],[-109.6254,34.5542],[-109.6189,34.5163],[-109.6124,34.4783],[-109.6032,34.4751],[-109.5872,34.4791],[-109.5713,34.4832],[-109.5554,34.4872],[-109.5394,34.4913],[-109.5235,34.4953],[-109.5075,34.4994],[-109.4916,34.5034],[-109.4756,34.5075],[-109.4469,34.5071],[-109.4183,34.5067],[-109.3896,34.5064],[-109.361,34.506],[-109.3533,34.5232],[-109.3457,34.5404],[-109.3381,34.5576],[-109.3304,34.5748],[-109.3228,34.592],[-109.3151,34.6092],[-109.3075,34.6264],[-109.2998,34.6436],[-109.2922,34.6608],[-109.2845,34.678],[-109.2768,34.6951],[-109.2692,34.7123],[-109.2615,34.7295],[-109.2538,34.7467],[-109.2462,34.7639],[-109.2385,34.7811],[-109.2383,34.9075],[-109.2574,34.9076],[-109.2765,34.9077],[-109.2956,34.9079],[-109.3147,34.908],[-109.3139,34.9985],[-109.3364,34.9941],[-109.3589,34.9898],[-109.3814,34.9854],[-109.4039,34.981],[-109.4115,34.9663],[-109.419,34.9515],[-109.4394,34.9516],[-109.4598,34.9516],[-109.4803,34.9516],[-109.5007,34.9516],[-109.5122,34.9298],[-109.5238,34.9079],[-109.5236,35.1111],[-109.5412,35.1257],[-109.5587,35.1404],[-109.5409,35.1551],[-109.5231,35.1699]]]},"properties":{"OBJECTID":1250,"state":"Arizona","agency":"Arizona Game and Fish Department","unit_type":"GMU","unit_id":"2A","unit_name":"Pinetop","unit_label":"Arizona GMU 2A - Pinetop","aliases":"2025 | 2a | 2a pinetop | arizona | arizona 2a | arizona 2a pinetop | arizona game and fish department | arizona game and fish department 2a | arizona game management unit 2a | arizona game management unit 2a pinetop | arizona gmu 2a | arizona gmu 2a pine","year":"2025","Shape_Length":330858.2592372167,"Shape_Area":3687904095.907075}},{"type":"Feature","id":1251,"geometry":{"type":"Polygon","coordinates":[[[-111.3934,35.1962],[-111.4163,35.1888],[-111.4391,35.1814],[-111.462,35.1741],[-111.4848,35.1667],[-111.4992,35.1646],[-111.5135,35.1626],[-111.5279,35.1606],[-111.5423,35.1585],[-111.5566,35.1565],[-111.571,35.1544],[-111.5853,35.1524],[-111.5997,35.1503],[-111.593,35.1319],[-111.5863,35.1134],[-111.5704,35.1059],[-111.5544,35.0985],[-111.5384,35.091],[-111.5224,35.0835],[-111.5065,35.076],[-111.4905,35.0685],[-111.4745,35.061],[-111.4586,35.0535],[-111.4518,35.0214],[-111.445,34.9893],[-111.4382,34.9572],[-111.4314,34.9251],[-111.4143,34.929],[-111.3971,34.933],[-111.38,34.937],[-111.3628,34.941],[-111.3512,34.9259],[-111.3396,34.9109],[-111.328,34.8958],[-111.3164,34.8807],[-111.3049,34.8657],[-111.2933,34.8506],[-111.2817,34.8356],[-111.2701,34.8205],[-111.2524,34.8067],[-111.2347,34.7929],[-111.2169,34.7792],[-111.1992,34.7654],[-111.1844,34.7676],[-111.1696,34.7699],[-111.1548,34.7721],[-111.14,34.7744],[-111.128,34.7928],[-111.116,34.8112],[-111.104,34.8297],[-111.092,34.8481],[-111.08,34.8665],[-111.0679,34.885],[-111.0559,34.9034],[-111.0439,34.9218],[-111.0406,34.9689],[-111.0374,35.0161],[-111.0341,35.0632],[-111.0308,35.1104],[-111.0486,35.1122],[-111.0663,35.114],[-111.084,35.1159],[-111.1017,35.1177],[-111.1194,35.1195],[-111.1371,35.1213],[-111.1548,35.1232],[-111.1725,35.125],[-111.1901,35.1314],[-111.2077,35.1378],[-111.2254,35.1443],[-111.243,35.1507],[-111.2618,35.1564],[-111.2806,35.1621],[-111.2994,35.1678],[-111.3182,35.1735],[-111.337,35.1792],[-111.3558,35.1848],[-111.3746,35.1905],[-111.3934,35.1962]]]},"properties":{"OBJECTID":1251,"state":"Arizona","agency":"Arizona Game and Fish Department","unit_type":"GMU","unit_id":"5BN","unit_name":"Flagstaff","unit_label":"Arizona GMU 5BN - Flagstaff","aliases":"2025 | 5bn | 5bn flagstaff | arizona | arizona 5bn | arizona 5bn flagstaff | arizona game and fish department | arizona game and fish department 5bn | arizona game management unit 5bn | arizona game management unit 5bn flagstaff | arizona gmu 5bn | arizo","year":"2025","Shape_Length":162583.9827602898,"Shape_Area":1351724966.2144072}},{"type":"Feature","id":1252,"geometry":{"type":"Polygon","coordinates":[[[-112.7619,36.1657],[-112.7905,36.1638],[-112.8192,36.1619],[-112.8478,36.16],[-112.8765,36.1581],[-112.8767,35.8204],[-112.8895,35.8118],[-112.9022,35.8032],[-112.9149,35.7946],[-112.9276,35.7859],[-112.9403,35.7773],[-112.953,35.7687],[-112.9657,35.76],[-112.9784,35.7514],[-112.9911,35.7428],[-113.0038,35.7341],[-113.0164,35.7255],[-113.0291,35.7169],[-113.0418,35.7082],[-113.0545,35.6996],[-113.0672,35.6909],[-113.0798,35.6823],[-113.0925,35.6736],[-113.1052,35.665],[-113.1178,35.6563],[-113.1305,35.6477],[-113.1432,35.639],[-113.1558,35.6304],[-113.1685,35.6217],[-113.1811,35.6131],[-113.1938,35.6044],[-113.2064,35.5958],[-113.219,35.5871],[-113.2317,35.5784],[-113.2443,35.5698],[-113.2569,35.5611],[-113.2696,35.5524],[-113.2822,35.5438],[-113.2596,35.536],[-113.2371,35.5283],[-113.2145,35.5205],[-113.192,35.5127],[-113.1791,35.5045],[-113.1663,35.4964],[-113.1534,35.4882],[-113.1406,35.48],[-113.1278,35.4718],[-113.1149,35.4637],[-113.1021,35.4555],[-113.0893,35.4473],[-113.0764,35.4391],[-113.0636,35.4309],[-113.0508,35.4227],[-113.038,35.4145],[-113.0252,35.4063],[-113.0124,35.3982],[-112.9996,35.39],[-112.9868,35.3818],[-112.9776,35.3712],[-112.9684,35.3606],[-112.9593,35.3501],[-112.9501,35.3395],[-112.9249,35.3347],[-112.8997,35.3298],[-112.8746,35.3249],[-112.8494,35.32],[-112.8297,35.3147],[-112.8101,35.3094],[-112.7905,35.3041],[-112.7709,35.2988],[-112.7513,35.2935],[-112.7316,35.2882],[-112.712,35.2829],[-112.6924,35.2775],[-112.6791,35.2715],[-112.6657,35.2655],[-112.6524,35.2595],[-112.6391,35.2535],[-112.6257,35.2475],[-112.6124,35.2415],[-112.5991,35.2355],[-112.5857,35.2295],[-112.5579,35.2274],[-112.5301,35.2254],[-112.5023,35.2234],[-112.4745,35.2213],[-112.4588,35.2193],[-112.443,35.2172],[-112.4273,35.2152],[-112.4116,35.2132],[-112.3904,35.2146],[-112.3692,35.216],[-112.3481,35.2174],[-112.3269,35.2188],[-112.3057,35.2202],[-112.2846,35.2216],[-112.2634,35.223],[-112.2422,35.2244],[-112.219,35.2331],[-112.1957,35.2418],[-112.1725,35.2505],[-112.1492,35.2593],[-112.1536,35.2812],[-112.158,35.3032],[-112.1624,35.3252],[-112.1668,35.3471],[-112.1696,35.4288],[-112.1725,35.5104],[-112.1645,35.5436],[-112.1565,35.5768],[-112.1485,35.6099],[-112.1405,35.6431],[-112.1616,35.6492],[-112.1828,35.6553],[-112.2039,35.6615],[-112.225,35.6676],[-112.241,35.6687],[-112.2571,35.6697],[-112.2731,35.6708],[-112.2891,35.6719],[-112.3051,35.6729],[-112.3211,35.674],[-112.3371,35.675],[-112.3532,35.6761],[-112.3659,35.6841],[-112.3787,35.6922],[-112.3915,35.7002],[-112.4042,35.7082],[-112.417,35.7163],[-112.4298,35.7243],[-112.4426,35.7323],[-112.4554,35.7403],[-112.4452,35.7609],[-112.4351,35.7815],[-112.425,35.8021],[-112.4149,35.8227],[-112.4211,35.8348],[-112.4274,35.8469],[-112.4336,35.859],[-112.4399,35.8711],[-112.4461,35.8832],[-112.4524,35.8953],[-112.4587,35.9073],[-112.4649,35.9194],[-112.4764,35.9266],[-112.4878,35.9338],[-112.4993,35.941],[-112.5107,35.9482],[-112.5199,35.9736],[-112.529,35.9989],[-112.5381,36.0243],[-112.5473,36.0497],[-112.5742,36.0497],[-112.6011,36.0496],[-112.6011,36.1074],[-112.6212,36.1074],[-112.6413,36.1075],[-112.6614,36.1075],[-112.6815,36.1075],[-112.7016,36.1076],[-112.7217,36.1076],[-112.7418,36.1076],[-112.7619,36.1076],[-112.7619,36.1657]]]},"properties":{"OBJECTID":1252,"state":"Arizona","agency":"Arizona Game and Fish Department","unit_type":"GMU","unit_id":"10","unit_name":"Flagstaff, Kingman","unit_label":"Arizona GMU 10 - Flagstaff, Kingman","aliases":"10 | 10 flagstaff kingman | 2025 | arizona | arizona 10 | arizona 10 flagstaff kingman | arizona game and fish department | arizona game and fish department 10 | arizona game management unit 10 | arizona game management unit 10 flagstaff kingman | arizon","year":"2025","Shape_Length":355142.97964678094,"Shape_Area":5840424623.541381}},{"type":"Feature","id":1253,"geometry":{"type":"Polygon","coordinates":[[[-111.4119,37.0],[-111.4296,37.0001],[-111.4472,37.0002],[-111.4648,37.0002],[-111.4825,37.0003],[-111.5001,37.0004],[-111.5177,37.0005],[-111.5354,37.0005],[-111.553,37.0006],[-111.5707,37.0006],[-111.5883,37.0007],[-111.6059,37.0008],[-111.6236,37.0008],[-111.6412,37.0009],[-111.6588,37.0009],[-111.6765,37.001],[-111.6941,37.001],[-111.7118,37.001],[-111.7294,37.0011],[-111.747,37.0011],[-111.7647,37.0011],[-111.7823,37.0012],[-111.8,37.0012],[-111.8176,37.0012],[-111.8352,37.0012],[-111.8529,37.0013],[-111.8705,37.0013],[-111.8881,37.0013],[-111.9058,37.0013],[-111.9234,37.0013],[-111.9411,37.0013],[-111.9587,37.0013],[-111.9763,37.0013],[-111.994,37.0013],[-112.0116,37.0013],[-112.0292,37.0013],[-112.0469,37.0013],[-112.0645,37.0013],[-112.0822,37.0013],[-112.0998,37.0013],[-112.1174,37.0012],[-112.1351,37.0012],[-112.1527,37.0012],[-112.1703,37.0012],[-112.188,37.0011],[-112.2056,37.0011],[-112.2233,37.0011],[-112.2409,37.001],[-112.2585,37.001],[-112.2762,37.001],[-112.2938,37.0009],[-112.3115,37.0009],[-112.3291,37.0008],[-112.3467,37.0008],[-112.3644,37.0007],[-112.382,37.0006],[-112.3996,37.0006],[-112.4173,37.0005],[-112.4349,37.0005],[-112.4526,37.0004],[-112.4702,37.0003],[-112.4878,37.0002],[-112.5055,37.0002],[-112.5231,37.0001],[-112.5407,37.0],[-112.535,36.9762],[-112.5293,36.9524],[-112.5406,36.9312],[-112.5519,36.91],[-112.5632,36.8887],[-112.5744,36.8675],[-112.5857,36.8462],[-112.5969,36.825],[-112.6082,36.8037],[-112.6194,36.7825],[-112.6228,36.7153],[-112.6262,36.6482],[-112.6106,36.6658],[-112.5949,36.6834],[-112.5793,36.701],[-112.5636,36.7186],[-112.5382,36.718],[-112.5128,36.7175],[-112.4874,36.7169],[-112.462,36.7164],[-112.4366,36.7158],[-112.4112,36.7152],[-112.3858,36.7147],[-112.3604,36.7141],[-112.3468,36.7251],[-112.3333,36.7361],[-112.3197,36.7471],[-112.3061,36.7581],[-112.2994,36.7762],[-112.2926,36.7943],[-112.2858,36.8124],[-112.279,36.8305],[-112.2722,36.8485],[-112.2654,36.8666],[-112.2586,36.8847],[-112.2518,36.9028],[-112.2283,36.9029],[-112.2048,36.9029],[-112.1813,36.9029],[-112.1578,36.9029],[-112.1343,36.9029],[-112.1108,36.9029],[-112.0873,36.9029],[-112.0638,36.9029],[-112.0683,36.8749],[-112.0728,36.8469],[-112.0773,36.8189],[-112.0819,36.7909],[-112.0749,36.7765],[-112.068,36.762],[-112.0611,36.7475],[-112.0542,36.733],[-112.0452,36.7247],[-112.0362,36.7164],[-112.0272,36.7081],[-112.0182,36.6998],[-112.0152,36.6763],[-112.0122,36.6528],[-112.0091,36.6293],[-112.0061,36.6059],[-112.0031,36.5824],[-112.0001,36.5589],[-111.9971,36.5354],[-111.9941,36.512],[-111.9729,36.512],[-111.9517,36.5119],[-111.9305,36.5119],[-111.9093,36.5119],[-111.8865,36.5108],[-111.8637,36.5098],[-111.8514,36.5232],[-111.8391,36.5365],[-111.8268,36.5499],[-111.8145,36.5633],[-111.8022,36.5767],[-111.7899,36.59],[-111.7776,36.6034],[-111.7653,36.6168],[-111.7628,36.6764],[-111.751,36.6866],[-111.7391,36.6968],[-111.7273,36.707],[-111.7154,36.7172],[-111.7035,36.7274],[-111.6916,36.7377],[-111.6798,36.7479],[-111.6679,36.7581],[-111.6616,36.7695],[-111.6553,36.7809],[-111.649,36.7923],[-111.6427,36.8038],[-111.6364,36.8152],[-111.6301,36.8266],[-111.6238,36.838],[-111.6175,36.8494],[-111.5934,36.8564],[-111.5693,36.8633],[-111.5452,36.8702],[-111.5211,36.8772],[-111.5214,36.901],[-111.5077,36.9134],[-111.494,36.9257],[-111.4804,36.9381],[-111.4667,36.9505],[-111.453,36.9629],[-111.4393,36.9753],[-111.4256,36.9876],[-111.4119,37.0]]]},"properties":{"OBJECTID":1253,"state":"Arizona","agency":"Arizona Game and Fish Department","unit_type":"GMU","unit_id":"12B","unit_name":"Flagstaff","unit_label":"Arizona GMU 12B - Flagstaff","aliases":"12b | 12b flagstaff | 2025 | arizona | arizona 12b | arizona 12b flagstaff | arizona game and fish department | arizona game and fish department 12b | arizona game management unit 12b | arizona game management unit 12b flagstaff | arizona gmu 12b | arizo","year":"2025","Shape_Length":337406.8941851725,"Shape_Area":2900618427.479857}},{"type":"Feature","id":1254,"geometry":{"type":"Polygon","coordinates":[[[-112.0638,36.9029],[-112.0873,36.9029],[-112.1108,36.9029],[-112.1343,36.9029],[-112.1578,36.9029],[-112.1813,36.9029],[-112.2048,36.9029],[-112.2283,36.9029],[-112.2518,36.9028],[-112.2586,36.8847],[-112.2654,36.8666],[-112.2722,36.8485],[-112.279,36.8305],[-112.2858,36.8124],[-112.2926,36.7943],[-112.2994,36.7762],[-112.3061,36.7581],[-112.3197,36.7471],[-112.3333,36.7361],[-112.3468,36.7251],[-112.3604,36.7141],[-112.3858,36.7147],[-112.4112,36.7152],[-112.4366,36.7158],[-112.462,36.7164],[-112.4874,36.7169],[-112.5128,36.7175],[-112.5382,36.718],[-112.5636,36.7186],[-112.5793,36.701],[-112.5949,36.6834],[-112.6106,36.6658],[-112.6262,36.6482],[-112.6276,36.578],[-112.6437,36.5607],[-112.6599,36.5434],[-112.652,36.5291],[-112.644,36.5149],[-112.6361,36.5007],[-112.6281,36.4865],[-112.6085,36.4941],[-112.5889,36.5017],[-112.5758,36.4889],[-112.5626,36.4761],[-112.5494,36.4633],[-112.5362,36.4505],[-112.514,36.4505],[-112.4918,36.4506],[-112.4695,36.4506],[-112.4473,36.4506],[-112.4239,36.4413],[-112.4005,36.432],[-112.3771,36.4227],[-112.3537,36.4133],[-112.3478,36.3829],[-112.342,36.3524],[-112.3174,36.3524],[-112.2928,36.3523],[-112.2682,36.3523],[-112.2437,36.3523],[-112.2191,36.3523],[-112.1945,36.3522],[-112.1699,36.3522],[-112.1453,36.3521],[-112.1309,36.3449],[-112.1165,36.3377],[-112.1216,36.3809],[-112.1267,36.4242],[-112.1318,36.4674],[-112.1369,36.5106],[-112.143,36.5229],[-112.1491,36.5351],[-112.1552,36.5473],[-112.1613,36.5595],[-112.1673,36.5718],[-112.1734,36.584],[-112.1795,36.5962],[-112.1856,36.6085],[-112.1786,36.6233],[-112.1716,36.6381],[-112.1833,36.6498],[-112.195,36.6615],[-112.2067,36.6733],[-112.2184,36.685],[-112.2118,36.6974],[-112.2053,36.7097],[-112.1987,36.7221],[-112.1921,36.7344],[-112.1748,36.7343],[-112.1576,36.7341],[-112.1404,36.7339],[-112.1231,36.7338],[-112.1059,36.7336],[-112.0886,36.7334],[-112.0714,36.7332],[-112.0542,36.733],[-112.0611,36.7475],[-112.068,36.762],[-112.0749,36.7765],[-112.0819,36.7909],[-112.0773,36.8189],[-112.0728,36.8469],[-112.0683,36.8749],[-112.0638,36.9029]]]},"properties":{"OBJECTID":1254,"state":"Arizona","agency":"Arizona Game and Fish Department","unit_type":"GMU","unit_id":"12A","unit_name":"Flagstaff","unit_label":"Arizona GMU 12A - Flagstaff","aliases":"12a | 12a flagstaff | 2025 | arizona | arizona 12a | arizona 12a flagstaff | arizona game and fish department | arizona game and fish department 12a | arizona game management unit 12a | arizona game management unit 12a flagstaff | arizona gmu 12a | arizo","year":"2025","Shape_Length":222856.34501673814,"Shape_Area":1798673059.2057805}},{"type":"Feature","id":1255,"geometry":{"type":"Polygon","coordinates":[[[-112.5293,36.9524],[-112.535,36.9762],[-112.5407,37.0],[-112.5593,37.0],[-112.5778,37.0001],[-112.5964,37.0001],[-112.6149,37.0002],[-112.6335,37.0002],[-112.652,37.0002],[-112.6705,37.0002],[-112.6891,37.0003],[-112.7076,37.0003],[-112.7262,37.0003],[-112.7447,37.0003],[-112.7632,37.0003],[-112.7818,37.0003],[-112.8003,37.0004],[-112.8189,37.0004],[-112.8374,37.0004],[-112.856,37.0004],[-112.8745,37.0003],[-112.893,37.0003],[-112.9116,37.0003],[-112.9301,37.0003],[-112.9487,37.0003],[-112.9672,37.0003],[-112.9858,37.0003],[-113.0043,37.0002],[-113.0228,37.0002],[-113.0414,37.0002],[-113.0599,37.0001],[-113.0785,37.0001],[-113.097,37.0001],[-113.1155,37.0],[-113.1341,37.0],[-113.1494,37.0],[-113.1648,37.0],[-113.1801,36.9999],[-113.1955,36.9999],[-113.2225,37.0],[-113.2495,37.0],[-113.2671,37.0],[-113.2847,37.0],[-113.296,37.0],[-113.3033,36.9885],[-113.3106,36.977],[-113.3179,36.9655],[-113.3252,36.954],[-113.3325,36.9424],[-113.3398,36.9309],[-113.3471,36.9194],[-113.3544,36.9079],[-113.3467,36.893],[-113.339,36.8781],[-113.3313,36.8631],[-113.3236,36.8482],[-113.3159,36.8333],[-113.3082,36.8184],[-113.3006,36.8034],[-113.2929,36.7885],[-113.2852,36.7736],[-113.2776,36.7587],[-113.2699,36.7437],[-113.2622,36.7288],[-113.2546,36.7139],[-113.2469,36.6989],[-113.2393,36.684],[-113.2316,36.6691],[-113.2393,36.6478],[-113.2469,36.6264],[-113.2545,36.6051],[-113.2621,36.5838],[-113.2755,36.5683],[-113.2889,36.5529],[-113.3024,36.5375],[-113.3158,36.522],[-113.3111,36.5077],[-113.3063,36.4934],[-113.3016,36.4791],[-113.2969,36.4648],[-113.2921,36.4505],[-113.2874,36.4362],[-113.2827,36.4219],[-113.278,36.4076],[-113.3016,36.4098],[-113.3253,36.4119],[-113.3255,36.3684],[-113.3154,36.3568],[-113.3053,36.3453],[-113.2952,36.3338],[-113.2851,36.3222],[-113.275,36.3107],[-113.2649,36.2992],[-113.2548,36.2876],[-113.2447,36.2761],[-113.2432,36.221],[-113.2326,36.2018],[-113.222,36.1826],[-113.2114,36.1634],[-113.2008,36.1442],[-113.1849,36.1498],[-113.169,36.1553],[-113.1531,36.1609],[-113.1371,36.1665],[-113.1216,36.1755],[-113.106,36.1846],[-113.0905,36.1936],[-113.0749,36.2027],[-113.0593,36.2117],[-113.0437,36.2208],[-113.0282,36.2298],[-113.0126,36.2389],[-112.9852,36.2426],[-112.9579,36.2464],[-112.9305,36.2501],[-112.9031,36.2539],[-112.8837,36.2681],[-112.8643,36.2824],[-112.8459,36.2833],[-112.8275,36.2842],[-112.809,36.2852],[-112.7906,36.2861],[-112.7745,36.3006],[-112.7583,36.3151],[-112.7421,36.3296],[-112.7259,36.3441],[-112.7034,36.3427],[-112.6809,36.3413],[-112.6681,36.3539],[-112.6552,36.3665],[-112.6424,36.3791],[-112.6296,36.3916],[-112.6281,36.4865],[-112.6361,36.5007],[-112.644,36.5149],[-112.652,36.5291],[-112.6599,36.5434],[-112.6437,36.5607],[-112.6276,36.578],[-112.6262,36.6482],[-112.6228,36.7153],[-112.6194,36.7825],[-112.6082,36.8037],[-112.5969,36.825],[-112.5857,36.8462],[-112.5744,36.8675],[-112.5632,36.8887],[-112.5519,36.91],[-112.5406,36.9312],[-112.5293,36.9524]]]},"properties":{"OBJECTID":1255,"state":"Arizona","agency":"Arizona Game and Fish Department","unit_type":"GMU","unit_id":"13A","unit_name":"Flagstaff","unit_label":"Arizona GMU 13A - Flagstaff","aliases":"13a | 13a flagstaff | 2025 | arizona | arizona 13a | arizona 13a flagstaff | arizona game and fish department | arizona game and fish department 13a | arizona game management unit 13a | arizona game management unit 13a flagstaff | arizona gmu 13a | arizo","year":"2025","Shape_Length":308299.64550643926,"Shape_Area":5037615911.150117}},{"type":"Feature","id":1256,"geometry":{"type":"Polygon","coordinates":[[[-113.3544,36.9079],[-113.3471,36.9194],[-113.3398,36.9309],[-113.3325,36.9424],[-113.3252,36.954],[-113.3179,36.9655],[-113.3106,36.977],[-113.3033,36.9885],[-113.296,37.0],[-113.3175,37.0],[-113.3389,37.0],[-113.3603,37.0],[-113.3817,37.0],[-113.405,37.0],[-113.4284,37.0],[-113.4517,37.0],[-113.475,37.0],[-113.4923,37.0],[-113.5097,37.0],[-113.5312,37.0],[-113.5528,37.0],[-113.5744,37.0],[-113.596,37.0],[-113.6109,37.0],[-113.6258,37.0],[-113.6552,37.0],[-113.6846,37.0],[-113.714,37.0],[-113.7434,37.0],[-113.7705,37.0],[-113.7966,37.0],[-113.8183,37.0],[-113.8375,37.0],[-113.8531,37.0],[-113.8807,37.0],[-113.9083,37.0],[-113.9231,37.0],[-113.9446,37.0],[-113.9662,37.0],[-113.974,37.0],[-113.993,37.0],[-114.012,37.0],[-114.031,37.0],[-114.05,37.0],[-114.0501,36.9631],[-114.0504,36.9138],[-114.0505,36.8901],[-114.0505,36.862],[-114.0504,36.7566],[-114.0503,36.75],[-114.05,36.6233],[-114.049,36.5567],[-114.0485,36.5023],[-114.0483,36.4971],[-114.0471,36.4845],[-114.0468,36.4775],[-114.0476,36.327],[-114.0476,36.3252],[-114.0473,36.3109],[-114.0485,36.2846],[-114.0474,36.2557],[-114.047,36.2491],[-114.0468,36.2395],[-114.0468,36.2226],[-114.0469,36.194],[-114.0469,36.1939],[-114.0256,36.1944],[-114.0043,36.1949],[-113.9996,36.1778],[-113.995,36.1608],[-113.9903,36.1438],[-113.9857,36.1267],[-113.9602,36.1296],[-113.9347,36.1324],[-113.9269,36.1226],[-113.9191,36.1128],[-113.9113,36.103],[-113.9034,36.0931],[-113.8953,36.0836],[-113.8871,36.0741],[-113.8789,36.0645],[-113.8707,36.055],[-113.8555,36.0534],[-113.8404,36.0518],[-113.8253,36.0501],[-113.8101,36.0485],[-113.8021,36.0331],[-113.7941,36.0177],[-113.7861,36.0023],[-113.7782,35.9869],[-113.7621,35.9724],[-113.746,35.958],[-113.7299,35.9436],[-113.7139,35.9291],[-113.7108,35.9043],[-113.7078,35.8795],[-113.6926,35.8656],[-113.6775,35.8517],[-113.6623,35.8378],[-113.6471,35.8238],[-113.6263,35.8366],[-113.6054,35.8493],[-113.5936,35.8389],[-113.5819,35.8286],[-113.5701,35.8182],[-113.5584,35.8078],[-113.5467,35.7975],[-113.5349,35.7871],[-113.5232,35.7767],[-113.5115,35.7664],[-113.4955,35.7649],[-113.4796,35.7634],[-113.4637,35.7619],[-113.4477,35.7604],[-113.4318,35.7589],[-113.4159,35.7574],[-113.4,35.7559],[-113.384,35.7544],[-113.3733,35.7629],[-113.3625,35.7715],[-113.3517,35.7801],[-113.341,35.7886],[-113.3335,35.8148],[-113.3261,35.841],[-113.3186,35.8672],[-113.3112,35.8934],[-113.3141,35.9276],[-113.3171,35.9618],[-113.3263,35.982],[-113.3356,36.0022],[-113.3448,36.0225],[-113.3541,36.0427],[-113.3436,36.0571],[-113.3332,36.0715],[-113.3227,36.0859],[-113.3122,36.1002],[-113.2902,36.0981],[-113.2681,36.0959],[-113.2461,36.0938],[-113.2241,36.0916],[-113.2182,36.1047],[-113.2124,36.1179],[-113.2066,36.131],[-113.2008,36.1442],[-113.2114,36.1634],[-113.222,36.1826],[-113.2326,36.2018],[-113.2432,36.221],[-113.2447,36.2761],[-113.2548,36.2876],[-113.2649,36.2992],[-113.275,36.3107],[-113.2851,36.3222],[-113.2952,36.3338],[-113.3053,36.3453],[-113.3154,36.3568],[-113.3255,36.3684],[-113.3253,36.4119],[-113.3016,36.4098],[-113.278,36.4076],[-113.2827,36.4219],[-113.2874,36.4362],[-113.2921,36.4505],[-113.2969,36.4648],[-113.3016,36.4791],[-113.3063,36.4934],[-113.3111,36.5077],[-113.3158,36.522],[-113.3024,36.5375],[-113.2889,36.5529],[-113.2755,36.5683],[-113.2621,36.5838],[-113.2545,36.6051],[-113.2469,36.6264],[-113.2393,36.6478],[-113.2316,36.6691],[-113.2393,36.684],[-113.2469,36.6989],[-113.2546,36.7139],[-113.2622,36.7288],[-113.2699,36.7437],[-113.2776,36.7587],[-113.2852,36.7736],[-113.2929,36.7885],[-113.3006,36.8034],[-113.3082,36.8184],[-113.3159,36.8333],[-113.3236,36.8482],[-113.3313,36.8631],[-113.339,36.8781],[-113.3467,36.893],[-113.3544,36.9079]]]},"properties":{"OBJECTID":1256,"state":"Arizona","agency":"Arizona Game and Fish Department","unit_type":"GMU","unit_id":"13B","unit_name":"Flagstaff","unit_label":"Arizona GMU 13B - Flagstaff","aliases":"13b | 13b flagstaff | 2025 | arizona | arizona 13b | arizona 13b flagstaff | arizona game and fish department | arizona game and fish department 13b | arizona game management unit 13b | arizona game management unit 13b flagstaff | arizona gmu 13b | arizo","year":"2025","Shape_Length":413176.90746472246,"Shape_Area":8130906955.632079}},{"type":"Feature","id":1257,"geometry":{"type":"Polygon","coordinates":[[[-113.9347,36.1324],[-113.9602,36.1296],[-113.9857,36.1267],[-114.0033,36.1192],[-114.0209,36.1116],[-114.0386,36.104],[-114.0562,36.0964],[-114.0609,36.0806],[-114.0656,36.0648],[-114.0703,36.049],[-114.075,36.0332],[-114.0798,36.0174],[-114.0845,36.0016],[-114.0892,35.9858],[-114.0939,35.97],[-114.0899,35.9419],[-114.0859,35.9138],[-114.0819,35.8857],[-114.0779,35.8576],[-114.0905,35.8385],[-114.1031,35.8194],[-114.1156,35.8003],[-114.1282,35.7811],[-114.1154,35.7729],[-114.1025,35.7647],[-114.0897,35.7564],[-114.0769,35.7482],[-114.0641,35.74],[-114.0512,35.7317],[-114.0384,35.7235],[-114.0256,35.7152],[-114.0054,35.7118],[-113.9853,35.7084],[-113.9748,35.6934],[-113.9643,35.6784],[-113.9538,35.6634],[-113.9433,35.6484],[-113.9328,35.6334],[-113.9223,35.6184],[-113.9118,35.6034],[-113.9013,35.5884],[-113.8909,35.5734],[-113.8804,35.5584],[-113.8699,35.5434],[-113.8595,35.5284],[-113.849,35.5134],[-113.8385,35.4984],[-113.8281,35.4834],[-113.8177,35.4684],[-113.8132,35.4434],[-113.8088,35.4185],[-113.7944,35.4113],[-113.7801,35.4042],[-113.7657,35.3971],[-113.7514,35.39],[-113.7371,35.3829],[-113.7227,35.3757],[-113.7084,35.3686],[-113.6941,35.3615],[-113.6856,35.3731],[-113.677,35.3847],[-113.6685,35.3963],[-113.66,35.408],[-113.6514,35.4196],[-113.6429,35.4312],[-113.6344,35.4428],[-113.6258,35.4544],[-113.6053,35.4644],[-113.5847,35.4745],[-113.5641,35.4845],[-113.5436,35.4945],[-113.5628,35.4945],[-113.582,35.4945],[-113.6013,35.4946],[-113.6205,35.4946],[-113.6294,35.5032],[-113.6382,35.5119],[-113.6471,35.5206],[-113.6559,35.5292],[-113.6648,35.5379],[-113.6736,35.5466],[-113.6825,35.5552],[-113.6913,35.5639],[-113.7002,35.5725],[-113.7091,35.5812],[-113.7179,35.5899],[-113.7268,35.5985],[-113.7357,35.6072],[-113.7445,35.6158],[-113.7534,35.6245],[-113.7623,35.6331],[-113.7711,35.6418],[-113.78,35.6504],[-113.7889,35.6591],[-113.7978,35.6677],[-113.8067,35.6764],[-113.8156,35.685],[-113.8244,35.6937],[-113.8333,35.7023],[-113.8422,35.711],[-113.8511,35.7196],[-113.86,35.7283],[-113.8689,35.7369],[-113.8778,35.7456],[-113.8867,35.7542],[-113.8956,35.7629],[-113.9045,35.7715],[-113.904,35.9323],[-113.9034,36.0931],[-113.9113,36.103],[-113.9191,36.1128],[-113.9269,36.1226],[-113.9347,36.1324]]]},"properties":{"OBJECTID":1257,"state":"Arizona","agency":"Arizona Game and Fish Department","unit_type":"GMU","unit_id":"15A","unit_name":"Kingman","unit_label":"Arizona GMU 15A - Kingman","aliases":"15a | 15a kingman | 2025 | arizona | arizona 15a | arizona 15a kingman | arizona game and fish department | arizona game and fish department 15a | arizona game management unit 15a | arizona game management unit 15a kingman | arizona gmu 15a | arizona gmu","year":"2025","Shape_Length":221723.85499845835,"Shape_Area":1340046265.5574913}},{"type":"Feature","id":1258,"geometry":{"type":"Polygon","coordinates":[[[-114.0043,36.1949],[-114.0256,36.1944],[-114.0469,36.1939],[-114.0486,36.1935],[-114.0529,36.1919],[-114.055,36.1909],[-114.0599,36.1895],[-114.0611,36.1887],[-114.0662,36.183],[-114.0726,36.1713],[-114.0791,36.1596],[-114.0814,36.1552],[-114.0858,36.1476],[-114.0875,36.1457],[-114.0957,36.1317],[-114.0957,36.1316],[-114.0975,36.1282],[-114.1099,36.1201],[-114.1197,36.1154],[-114.1227,36.1122],[-114.1148,36.0978],[-114.1168,36.0928],[-114.1214,36.0875],[-114.1298,36.0704],[-114.1313,36.068],[-114.1372,36.0468],[-114.1373,36.0452],[-114.1387,36.0405],[-114.1397,36.0392],[-114.141,36.0379],[-114.1415,36.0375],[-114.1519,36.0245],[-114.1539,36.024],[-114.1545,36.024],[-114.1585,36.0254],[-114.1594,36.0258],[-114.1628,36.027],[-114.1637,36.0272],[-114.164,36.0273],[-114.1666,36.0277],[-114.1698,36.0277],[-114.1738,36.0277],[-114.1741,36.0278],[-114.1886,36.0231],[-114.203,36.0183],[-114.2059,36.0176],[-114.2091,36.0169],[-114.214,36.0156],[-114.2154,36.0155],[-114.217,36.0154],[-114.2251,36.0149],[-114.2279,36.015],[-114.2321,36.0146],[-114.2517,36.0198],[-114.2586,36.0235],[-114.2618,36.0252],[-114.2712,36.0332],[-114.2806,36.0412],[-114.2899,36.0492],[-114.2993,36.0572],[-114.3064,36.0577],[-114.3136,36.0585],[-114.3138,36.0581],[-114.3218,36.0459],[-114.3298,36.0338],[-114.3377,36.0216],[-114.3457,36.0094],[-114.3597,36.0048],[-114.3738,36.0002],[-114.3878,35.9956],[-114.4018,35.991],[-114.4171,35.9978],[-114.4323,36.0045],[-114.4475,36.0113],[-114.4627,36.018],[-114.4855,36.0103],[-114.5084,36.0025],[-114.5044,35.9645],[-114.5004,35.9265],[-114.5069,35.9132],[-114.5134,35.8998],[-114.5199,35.8865],[-114.5264,35.8731],[-114.5329,35.8597],[-114.5394,35.8464],[-114.5459,35.833],[-114.5524,35.8197],[-114.5422,35.8036],[-114.5319,35.7876],[-114.5216,35.7716],[-114.5113,35.7555],[-114.5011,35.7395],[-114.4908,35.7235],[-114.4806,35.7074],[-114.4703,35.6914],[-114.4602,35.6774],[-114.45,35.6634],[-114.4399,35.6493],[-114.4298,35.6353],[-114.4196,35.6213],[-114.4095,35.6073],[-114.3994,35.5933],[-114.3893,35.5793],[-114.3792,35.5652],[-114.3691,35.5512],[-114.359,35.5372],[-114.3489,35.5232],[-114.3388,35.5091],[-114.3287,35.4951],[-114.3186,35.4811],[-114.3085,35.467],[-114.2984,35.453],[-114.2884,35.439],[-114.2783,35.4249],[-114.2682,35.4109],[-114.2582,35.3969],[-114.2481,35.3828],[-114.238,35.3688],[-114.228,35.3548],[-114.2179,35.3407],[-114.2079,35.3267],[-114.1978,35.3126],[-114.1878,35.2986],[-114.1778,35.2846],[-114.1677,35.2705],[-114.1577,35.2565],[-114.1477,35.2424],[-114.136,35.2314],[-114.1243,35.2204],[-114.1099,35.2131],[-114.0956,35.2057],[-114.0813,35.1983],[-114.067,35.191],[-114.0485,35.1974],[-114.0299,35.2038],[-114.0114,35.2102],[-113.9929,35.2167],[-113.973,35.2138],[-113.953,35.211],[-113.9331,35.2082],[-113.9131,35.2053],[-113.8932,35.2025],[-113.8733,35.1996],[-113.8534,35.1968],[-113.8334,35.1939],[-113.8166,35.1896],[-113.7998,35.1853],[-113.7829,35.1809],[-113.7661,35.1766],[-113.7493,35.1723],[-113.7325,35.168],[-113.7157,35.1636],[-113.6988,35.1593],[-113.6906,35.1451],[-113.6823,35.1309],[-113.6741,35.1166],[-113.6658,35.1024],[-113.6557,35.1248],[-113.6456,35.1472],[-113.6354,35.1696],[-113.6253,35.1919],[-113.6338,35.2131],[-113.6424,35.2343],[-113.651,35.2555],[-113.6596,35.2767],[-113.6682,35.2979],[-113.6768,35.3191],[-113.6855,35.3403],[-113.6941,35.3615],[-113.7084,35.3686],[-113.7227,35.3757],[-113.7371,35.3829],[-113.7514,35.39],[-113.7657,35.3971],[-113.7801,35.4042],[-113.7944,35.4113],[-113.8088,35.4185],[-113.8132,35.4434],[-113.8177,35.4684],[-113.8281,35.4834],[-113.8385,35.4984],[-113.849,35.5134],[-113.8595,35.5284],[-113.8699,35.5434],[-113.8804,35.5584],[-113.8909,35.5734],[-113.9013,35.5884],[-113.9118,35.6034],[-113.9223,35.6184],[-113.9328,35.6334],[-113.9433,35.6484],[-113.9538,35.6634],[-113.9643,35.6784],[-113.9748,35.6934],[-113.9853,35.7084],[-114.0054,35.7118],[-114.0256,35.7152],[-114.0384,35.7235],[-114.0512,35.7317],[-114.0641,35.74],[-114.0769,35.7482],[-114.0897,35.7564],[-114.1025,35.7647],[-114.1154,35.7729],[-114.1282,35.7811],[-114.1156,35.8003],[-114.1031,35.8194],[-114.0905,35.8385],[-114.0779,35.8576],[-114.0819,35.8857],[-114.0859,35.9138],[-114.0899,35.9419],[-114.0939,35.97],[-114.0892,35.9858],[-114.0845,36.0016],[-114.0798,36.0174],[-114.075,36.0332],[-114.0703,36.049],[-114.0656,36.0648],[-114.0609,36.0806],[-114.0562,36.0964],[-114.0386,36.104],[-114.0209,36.1116],[-114.0033,36.1192],[-113.9857,36.1267],[-113.9903,36.1438],[-113.995,36.1608],[-113.9996,36.1778],[-114.0043,36.1949]]]},"properties":{"OBJECTID":1258,"state":"Arizona","agency":"Arizona Game and Fish Department","unit_type":"GMU","unit_id":"15B","unit_name":"Kingman","unit_label":"Arizona GMU 15B - Kingman","aliases":"15b | 15b kingman | 2025 | arizona | arizona 15b | arizona 15b kingman | arizona game and fish department | arizona game and fish department 15b | arizona game management unit 15b | arizona game management unit 15b kingman | arizona gmu 15b | arizona gmu","year":"2025","Shape_Length":358437.5583081284,"Shape_Area":4092662629.5290656}},{"type":"Feature","id":1259,"geometry":{"type":"Polygon","coordinates":[[[-114.6508,35.9524],[-114.6616,35.9604],[-114.6725,35.9683],[-114.6833,35.9763],[-114.6941,35.9842],[-114.7049,35.9922],[-114.7158,36.0001],[-114.7266,36.0081],[-114.7374,36.016],[-114.7375,36.0161],[-114.7415,36.0126],[-114.7417,36.0004],[-114.7416,35.9895],[-114.7427,35.9882],[-114.7437,35.9845],[-114.7436,35.9838],[-114.7436,35.9836],[-114.7434,35.9831],[-114.7372,35.9708],[-114.7364,35.9697],[-114.7352,35.9685],[-114.7345,35.9679],[-114.7337,35.9671],[-114.7333,35.9667],[-114.7305,35.9631],[-114.73,35.9623],[-114.729,35.9412],[-114.7273,35.9403],[-114.7222,35.9378],[-114.7216,35.9375],[-114.7131,35.9326],[-114.7109,35.9308],[-114.7078,35.9283],[-114.7075,35.9278],[-114.7082,35.9191],[-114.7082,35.9189],[-114.7085,35.9122],[-114.7081,35.9115],[-114.7045,35.9074],[-114.703,35.9058],[-114.7023,35.9049],[-114.7019,35.9044],[-114.6975,35.8989],[-114.6936,35.8957],[-114.6928,35.8951],[-114.6926,35.895],[-114.6917,35.8943],[-114.691,35.8937],[-114.6834,35.8888],[-114.6824,35.888],[-114.6689,35.8758],[-114.667,35.8748],[-114.6668,35.8748],[-114.6659,35.8747],[-114.6657,35.8747],[-114.6638,35.8743],[-114.6637,35.8743],[-114.6625,35.8728],[-114.6623,35.8723],[-114.6618,35.8709],[-114.662,35.8702],[-114.6634,35.8692],[-114.6641,35.8689],[-114.6647,35.8688],[-114.6649,35.8687],[-114.6649,35.8687],[-114.6662,35.8682],[-114.6665,35.868],[-114.6669,35.8679],[-114.678,35.8636],[-114.6906,35.8592],[-114.6911,35.8589],[-114.6911,35.8589],[-114.6918,35.858],[-114.6925,35.8564],[-114.6927,35.8559],[-114.6946,35.8541],[-114.6946,35.8541],[-114.7023,35.853],[-114.7028,35.8528],[-114.7047,35.8516],[-114.705,35.8449],[-114.7048,35.8444],[-114.7037,35.8431],[-114.6957,35.8305],[-114.6968,35.8275],[-114.6999,35.8235],[-114.7006,35.8224],[-114.7017,35.8205],[-114.7019,35.8199],[-114.7028,35.817],[-114.703,35.8161],[-114.7038,35.8146],[-114.7062,35.8126],[-114.7064,35.8125],[-114.7071,35.8121],[-114.7111,35.8072],[-114.7111,35.8072],[-114.7112,35.8071],[-114.7113,35.807],[-114.7119,35.8064],[-114.7121,35.8056],[-114.7121,35.8055],[-114.7121,35.8054],[-114.7121,35.8051],[-114.7116,35.8045],[-114.7113,35.8043],[-114.7034,35.7951],[-114.7026,35.7943],[-114.6994,35.7851],[-114.6996,35.7843],[-114.6997,35.7833],[-114.6986,35.7639],[-114.6985,35.7637],[-114.6985,35.7635],[-114.6984,35.7634],[-114.6984,35.7633],[-114.6984,35.7632],[-114.6965,35.7464],[-114.6963,35.7451],[-114.697,35.7357],[-114.6977,35.7323],[-114.6984,35.7296],[-114.7051,35.7121],[-114.7003,35.7004],[-114.6966,35.6971],[-114.6917,35.6938],[-114.6855,35.6906],[-114.6809,35.686],[-114.6814,35.6805],[-114.682,35.6787],[-114.6825,35.6777],[-114.683,35.6766],[-114.685,35.6728],[-114.6861,35.6708],[-114.6892,35.6552],[-114.6845,35.6471],[-114.6829,35.6461],[-114.6771,35.6415],[-114.6763,35.6404],[-114.6721,35.6337],[-114.6708,35.6318],[-114.6672,35.6253],[-114.6653,35.6218],[-114.6618,35.6211],[-114.6537,35.6093],[-114.6538,35.6074],[-114.6608,35.5869],[-114.6611,35.5869],[-114.6727,35.5772],[-114.6698,35.5758],[-114.6669,35.5727],[-114.6631,35.5639],[-114.6633,35.5595],[-114.6625,35.5569],[-114.6622,35.5537],[-114.6579,35.5307],[-114.6582,35.5303],[-114.6611,35.5271],[-114.6627,35.5253],[-114.6628,35.5251],[-114.6663,35.5213],[-114.6677,35.5215],[-114.6709,35.5199],[-114.6714,35.5195],[-114.6719,35.5192],[-114.6767,35.5143],[-114.6774,35.513],[-114.6774,35.5127],[-114.6776,35.5104],[-114.679,35.502],[-114.6791,35.5011],[-114.6791,35.4991],[-114.679,35.4974],[-114.6788,35.4966],[-114.6783,35.495],[-114.677,35.4923],[-114.6775,35.4902],[-114.6735,35.4779],[-114.6738,35.4757],[-114.6737,35.4752],[-114.6732,35.474],[-114.6693,35.4708],[-114.6674,35.4686],[-114.6665,35.467],[-114.6664,35.4668],[-114.6662,35.4656],[-114.6676,35.4605],[-114.6577,35.4404],[-114.6558,35.438],[-114.6546,35.4355],[-114.6545,35.4351],[-114.6543,35.4334],[-114.6541,35.4325],[-114.654,35.4321],[-114.654,35.4321],[-114.6409,35.421],[-114.6277,35.4098],[-114.6268,35.409],[-114.6261,35.4078],[-114.6255,35.4065],[-114.6204,35.3934],[-114.6181,35.38],[-114.615,35.3754],[-114.6145,35.3746],[-114.6046,35.3541],[-114.6038,35.352],[-114.6,35.3404],[-114.5981,35.3336],[-114.596,35.3256],[-114.5957,35.3226],[-114.5969,35.3074],[-114.597,35.3069],[-114.597,35.2945],[-114.5951,35.2873],[-114.5925,35.2801],[-114.5922,35.2791],[-114.5912,35.2744],[-114.5891,35.268],[-114.5874,35.2631],[-114.5871,35.2619],[-114.5863,35.249],[-114.5856,35.2445],[-114.5853,35.2426],[-114.5852,35.2422],[-114.5833,35.2387],[-114.5831,35.2379],[-114.5827,35.2341],[-114.5829,35.233],[-114.5836,35.2307],[-114.5826,35.2259],[-114.5801,35.213],[-114.58,35.2097],[-114.5799,35.2093],[-114.5798,35.2091],[-114.5719,35.1995],[-114.5605,35.1936],[-114.549,35.1877],[-114.531,35.1887],[-114.513,35.1897],[-114.4951,35.1907],[-114.4771,35.1917],[-114.4591,35.1926],[-114.4411,35.1936],[-114.4231,35.1946],[-114.4051,35.1956],[-114.3953,35.204],[-114.3855,35.2124],[-114.3756,35.2208],[-114.3658,35.2292],[-114.3507,35.2286],[-114.3356,35.2281],[-114.3205,35.2276],[-114.3054,35.227],[-114.2903,35.2265],[-114.2752,35.226],[-114.2601,35.2254],[-114.245,35.2249],[-114.2299,35.2243],[-114.2148,35.2238],[-114.1997,35.2232],[-114.1846,35.2227],[-114.1696,35.2221],[-114.1545,35.2216],[-114.1394,35.221],[-114.1243,35.2204],[-114.136,35.2314],[-114.1477,35.2424],[-114.1577,35.2565],[-114.1677,35.2705],[-114.1778,35.2846],[-114.1878,35.2986],[-114.1978,35.3126],[-114.2079,35.3267],[-114.2179,35.3407],[-114.228,35.3548],[-114.238,35.3688],[-114.2481,35.3828],[-114.2582,35.3969],[-114.2682,35.4109],[-114.2783,35.4249],[-114.2884,35.439],[-114.2984,35.453],[-114.3085,35.467],[-114.3186,35.4811],[-114.3287,35.4951],[-114.3388,35.5091],[-114.3489,35.5232],[-114.359,35.5372],[-114.3691,35.5512],[-114.3792,35.5652],[-114.3893,35.5793],[-114.3994,35.5933],[-114.4095,35.6073],[-114.4196,35.6213],[-114.4298,35.6353],[-114.4399,35.6493],[-114.45,35.6634],[-114.4602,35.6774],[-114.4703,35.6914],[-114.4806,35.7074],[-114.4908,35.7235],[-114.5011,35.7395],[-114.5113,35.7555],[-114.5216,35.7716],[-114.5319,35.7876],[-114.5422,35.8036],[-114.5524,35.8197],[-114.5612,35.8287],[-114.57,35.8377],[-114.5788,35.8467],[-114.5876,35.8557],[-114.5965,35.8647],[-114.6053,35.8737],[-114.6141,35.8827],[-114.6229,35.8917],[-114.6299,35.9069],[-114.6368,35.9221],[-114.6438,35.9372],[-114.6508,35.9524]]]},"properties":{"OBJECTID":1259,"state":"Arizona","agency":"Arizona Game and Fish Department","unit_type":"GMU","unit_id":"15C","unit_name":"Kingman","unit_label":"Arizona GMU 15C - Kingman","aliases":"15c | 15c kingman | 2025 | arizona | arizona 15c | arizona 15c kingman | arizona game and fish department | arizona game and fish department 15c | arizona game management unit 15c | arizona game management unit 15c kingman | arizona gmu 15c | arizona gmu","year":"2025","Shape_Length":252003.19739405083,"Shape_Area":2042496374.7016482}},{"type":"Feature","id":1260,"geometry":{"type":"Polygon","coordinates":[[[-114.1243,35.2204],[-114.1394,35.221],[-114.1545,35.2216],[-114.1696,35.2221],[-114.1846,35.2227],[-114.1997,35.2232],[-114.2148,35.2238],[-114.2299,35.2243],[-114.245,35.2249],[-114.2601,35.2254],[-114.2752,35.226],[-114.2903,35.2265],[-114.3054,35.227],[-114.3205,35.2276],[-114.3356,35.2281],[-114.3507,35.2286],[-114.3658,35.2292],[-114.3756,35.2208],[-114.3855,35.2124],[-114.3953,35.204],[-114.4051,35.1956],[-114.4231,35.1946],[-114.4411,35.1936],[-114.4591,35.1926],[-114.4771,35.1917],[-114.4951,35.1907],[-114.513,35.1897],[-114.531,35.1887],[-114.549,35.1877],[-114.5605,35.1936],[-114.5719,35.1995],[-114.5716,35.194],[-114.5714,35.1913],[-114.5694,35.1844],[-114.5693,35.1831],[-114.5692,35.1824],[-114.5692,35.1799],[-114.5693,35.1762],[-114.5709,35.1563],[-114.5732,35.1481],[-114.5738,35.1447],[-114.5738,35.1446],[-114.5728,35.1392],[-114.5728,35.1387],[-114.5727,35.1384],[-114.5748,35.1346],[-114.5787,35.1287],[-114.5815,35.1265],[-114.583,35.1256],[-114.5836,35.1253],[-114.5991,35.1211],[-114.6017,35.1212],[-114.6167,35.1193],[-114.6317,35.1173],[-114.6345,35.115],[-114.6346,35.115],[-114.6393,35.1105],[-114.6465,35.1024],[-114.639,35.0945],[-114.63,35.0916],[-114.6195,35.0742],[-114.609,35.0567],[-114.6182,35.0513],[-114.6188,35.0508],[-114.6206,35.0495],[-114.6294,35.0419],[-114.631,35.0399],[-114.6311,35.0399],[-114.6368,35.0286],[-114.6381,35.021],[-114.6379,35.0154],[-114.6347,35.0049],[-114.6332,35.0022],[-114.633,35.0019],[-114.6329,35.0017],[-114.6313,34.9988],[-114.6309,34.9978],[-114.6305,34.997],[-114.6301,34.9957],[-114.6293,34.9925],[-114.6293,34.9925],[-114.6291,34.985],[-114.6291,34.9849],[-114.6295,34.982],[-114.6299,34.9806],[-114.6352,34.9643],[-114.6339,34.956],[-114.6337,34.9554],[-114.6314,34.9506],[-114.6316,34.9324],[-114.6323,34.9301],[-114.6329,34.9272],[-114.6332,34.9239],[-114.632,34.9183],[-114.6313,34.9163],[-114.6308,34.9144],[-114.6307,34.9139],[-114.6307,34.9077],[-114.631,34.9058],[-114.6367,34.8845],[-114.636,34.8784],[-114.6335,34.8711],[-114.6313,34.8674],[-114.619,34.859],[-114.6066,34.8506],[-114.6061,34.8504],[-114.5942,34.8312],[-114.5823,34.8121],[-114.5704,34.793],[-114.5586,34.7738],[-114.5418,34.7617],[-114.525,34.7495],[-114.5082,34.7374],[-114.4915,34.7252],[-114.4908,34.7242],[-114.4886,34.7187],[-114.488,34.7173],[-114.4879,34.717],[-114.4877,34.717],[-114.4663,34.7187],[-114.4449,34.7203],[-114.4235,34.7219],[-114.4021,34.7235],[-114.3807,34.7251],[-114.3594,34.7267],[-114.338,34.7282],[-114.3166,34.7298],[-114.3011,34.7313],[-114.2856,34.7327],[-114.2701,34.7342],[-114.2547,34.7356],[-114.2433,34.7428],[-114.2319,34.7499],[-114.2205,34.757],[-114.2091,34.7642],[-114.1977,34.7713],[-114.1863,34.7785],[-114.1749,34.7856],[-114.1635,34.7927],[-114.1592,34.8473],[-114.1549,34.9019],[-114.1501,34.9276],[-114.1452,34.9533],[-114.1404,34.979],[-114.1355,35.0047],[-114.1306,35.0304],[-114.1258,35.0561],[-114.1209,35.0818],[-114.116,35.1075],[-114.1038,35.1284],[-114.0915,35.1492],[-114.0792,35.1701],[-114.067,35.191],[-114.0813,35.1983],[-114.0956,35.2057],[-114.1099,35.2131],[-114.1243,35.2204]]]},"properties":{"OBJECTID":1260,"state":"Arizona","agency":"Arizona Game and Fish Department","unit_type":"GMU","unit_id":"15D","unit_name":"Kingman","unit_label":"Arizona GMU 15D - Kingman","aliases":"15d | 15d kingman | 2025 | arizona | arizona 15d | arizona 15d kingman | arizona game and fish department | arizona game and fish department 15d | arizona game management unit 15d | arizona game management unit 15d kingman | arizona gmu 15d | arizona gmu","year":"2025","Shape_Length":192117.70808753098,"Shape_Area":2260708700.737638}},{"type":"Feature","id":1261,"geometry":{"type":"Polygon","coordinates":[[[-113.9929,35.2167],[-114.0114,35.2102],[-114.0299,35.2038],[-114.0485,35.1974],[-114.067,35.191],[-114.0792,35.1701],[-114.0915,35.1492],[-114.1038,35.1284],[-114.116,35.1075],[-114.1209,35.0818],[-114.1258,35.0561],[-114.1306,35.0304],[-114.1355,35.0047],[-114.1404,34.979],[-114.1452,34.9533],[-114.1501,34.9276],[-114.1549,34.9019],[-114.1592,34.8473],[-114.1635,34.7927],[-114.1749,34.7856],[-114.1863,34.7785],[-114.1977,34.7713],[-114.2091,34.7642],[-114.2205,34.757],[-114.2319,34.7499],[-114.2433,34.7428],[-114.2547,34.7356],[-114.2701,34.7342],[-114.2856,34.7327],[-114.3011,34.7313],[-114.3166,34.7298],[-114.3098,34.7088],[-114.303,34.6879],[-114.3113,34.6752],[-114.3196,34.6625],[-114.3279,34.6498],[-114.3362,34.6371],[-114.3445,34.6244],[-114.3528,34.6117],[-114.3611,34.599],[-114.3694,34.5863],[-114.3644,34.5701],[-114.3593,34.5539],[-114.3543,34.5376],[-114.3493,34.5214],[-114.3443,34.5052],[-114.3392,34.489],[-114.3342,34.4728],[-114.3292,34.4566],[-114.3074,34.4546],[-114.2855,34.4526],[-114.2637,34.4506],[-114.2419,34.4486],[-114.2237,34.4339],[-114.2054,34.4192],[-114.1872,34.4045],[-114.1689,34.3898],[-114.1595,34.3785],[-114.1502,34.3672],[-114.1408,34.3559],[-114.1314,34.3446],[-114.122,34.3334],[-114.1126,34.3221],[-114.1032,34.3108],[-114.0939,34.2995],[-114.0796,34.2896],[-114.0653,34.2797],[-114.051,34.2698],[-114.0367,34.26],[-114.0136,34.259],[-113.9906,34.2581],[-113.9675,34.2571],[-113.9445,34.2561],[-113.9214,34.2552],[-113.8984,34.2542],[-113.8753,34.2532],[-113.8523,34.2523],[-113.843,34.2378],[-113.8337,34.2232],[-113.808,34.2269],[-113.7823,34.2305],[-113.7566,34.2341],[-113.7309,34.2378],[-113.7135,34.2237],[-113.696,34.2097],[-113.6734,34.2146],[-113.6508,34.2196],[-113.6282,34.2245],[-113.6055,34.2294],[-113.5963,34.239],[-113.5871,34.2487],[-113.5779,34.2583],[-113.5687,34.2679],[-113.5595,34.2775],[-113.5503,34.2871],[-113.5411,34.2968],[-113.5319,34.3064],[-113.5116,34.3046],[-113.4913,34.3028],[-113.471,34.301],[-113.4507,34.2991],[-113.4304,34.2973],[-113.4101,34.2955],[-113.3898,34.2936],[-113.3695,34.2918],[-113.3586,34.2996],[-113.3477,34.3074],[-113.3368,34.3151],[-113.3259,34.3229],[-113.3082,34.3287],[-113.2905,34.3345],[-113.2729,34.3404],[-113.2552,34.3462],[-113.2375,34.352],[-113.2198,34.3577],[-113.2021,34.3635],[-113.1844,34.3693],[-113.1986,34.381],[-113.2128,34.3927],[-113.227,34.4043],[-113.2412,34.416],[-113.2554,34.4276],[-113.2696,34.4393],[-113.2838,34.4509],[-113.298,34.4626],[-113.3125,34.4683],[-113.3271,34.4741],[-113.3416,34.4799],[-113.3562,34.4857],[-113.3707,34.4914],[-113.3853,34.4972],[-113.3998,34.503],[-113.4143,34.5087],[-113.4236,34.517],[-113.4328,34.5252],[-113.442,34.5334],[-113.4512,34.5417],[-113.4605,34.5499],[-113.4697,34.5581],[-113.4789,34.5663],[-113.4882,34.5746],[-113.4974,34.5828],[-113.5066,34.591],[-113.5159,34.5992],[-113.5251,34.6075],[-113.5344,34.6157],[-113.5436,34.6239],[-113.5529,34.6321],[-113.5621,34.6404],[-113.5752,34.659],[-113.5883,34.6777],[-113.6014,34.6964],[-113.6146,34.715],[-113.6175,34.7414],[-113.6205,34.7677],[-113.6234,34.794],[-113.6264,34.8204],[-113.6342,34.8448],[-113.6421,34.8691],[-113.6499,34.8935],[-113.6578,34.9179],[-113.6598,34.964],[-113.6618,35.0102],[-113.6638,35.0563],[-113.6658,35.1024],[-113.6741,35.1166],[-113.6823,35.1309],[-113.6906,35.1451],[-113.6988,35.1593],[-113.7157,35.1636],[-113.7325,35.168],[-113.7493,35.1723],[-113.7661,35.1766],[-113.7829,35.1809],[-113.7998,35.1853],[-113.8166,35.1896],[-113.8334,35.1939],[-113.8534,35.1968],[-113.8733,35.1996],[-113.8932,35.2025],[-113.9131,35.2053],[-113.9331,35.2082],[-113.953,35.211],[-113.973,35.2138],[-113.9929,35.2167]]]},"properties":{"OBJECTID":1261,"state":"Arizona","agency":"Arizona Game and Fish Department","unit_type":"GMU","unit_id":"16A","unit_name":"Kingman","unit_label":"Arizona GMU 16A - Kingman","aliases":"16a | 16a kingman | 2025 | arizona | arizona 16a | arizona 16a kingman | arizona game and fish department | arizona game and fish department 16a | arizona game management unit 16a | arizona game management unit 16a kingman | arizona gmu 16a | arizona gmu","year":"2025","Shape_Length":360706.2319996097,"Shape_Area":6402354772.461086}},{"type":"Feature","id":1262,"geometry":{"type":"Polygon","coordinates":[[[-114.3166,34.7298],[-114.338,34.7282],[-114.3594,34.7267],[-114.3807,34.7251],[-114.4021,34.7235],[-114.4235,34.7219],[-114.4449,34.7203],[-114.4663,34.7187],[-114.4877,34.717],[-114.4879,34.717],[-114.4863,34.716],[-114.485,34.7153],[-114.4842,34.715],[-114.4756,34.7143],[-114.4755,34.7143],[-114.4674,34.6986],[-114.4674,34.6985],[-114.4663,34.694],[-114.4659,34.6929],[-114.4657,34.6923],[-114.4652,34.6907],[-114.461,34.6843],[-114.4602,34.6834],[-114.4545,34.6713],[-114.453,34.6697],[-114.4582,34.6584],[-114.4578,34.6567],[-114.4558,34.6554],[-114.45,34.6517],[-114.4442,34.6365],[-114.4384,34.6213],[-114.4384,34.6211],[-114.4382,34.6206],[-114.4377,34.6198],[-114.4269,34.599],[-114.427,34.599],[-114.4301,34.598],[-114.4311,34.5977],[-114.4311,34.5977],[-114.4343,34.5967],[-114.4361,34.5946],[-114.4337,34.5908],[-114.4313,34.5885],[-114.4298,34.5873],[-114.4231,34.5816],[-114.4202,34.579],[-114.4055,34.5699],[-114.4047,34.5677],[-114.4006,34.5628],[-114.4004,34.5623],[-114.3916,34.5462],[-114.3884,34.541],[-114.3814,34.5304],[-114.3811,34.5297],[-114.3809,34.529],[-114.3794,34.5229],[-114.3781,34.5068],[-114.3783,34.5062],[-114.3802,34.502],[-114.3828,34.4919],[-114.3845,34.4683],[-114.3845,34.4683],[-114.387,34.4628],[-114.3872,34.4613],[-114.3738,34.447],[-114.3691,34.4471],[-114.3676,34.4472],[-114.3651,34.4476],[-114.3633,34.4478],[-114.3615,34.4483],[-114.3592,34.4489],[-114.3474,34.4505],[-114.3423,34.4514],[-114.3418,34.4515],[-114.3403,34.4515],[-114.3374,34.4508],[-114.3348,34.4495],[-114.3335,34.4484],[-114.3268,34.4378],[-114.3232,34.4367],[-114.3172,34.4351],[-114.3155,34.4343],[-114.3037,34.4249],[-114.2919,34.4155],[-114.2919,34.4122],[-114.2806,34.4033],[-114.2791,34.4031],[-114.2761,34.403],[-114.2736,34.403],[-114.2571,34.3922],[-114.2405,34.3815],[-114.2371,34.3787],[-114.2251,34.3705],[-114.2131,34.3622],[-114.2049,34.3619],[-114.1896,34.3483],[-114.1743,34.3347],[-114.1589,34.3212],[-114.1436,34.3076],[-114.1409,34.3056],[-114.1386,34.3036],[-114.1162,34.3016],[-114.0939,34.2995],[-114.1032,34.3108],[-114.1126,34.3221],[-114.122,34.3334],[-114.1314,34.3446],[-114.1408,34.3559],[-114.1502,34.3672],[-114.1595,34.3785],[-114.1689,34.3898],[-114.1872,34.4045],[-114.2054,34.4192],[-114.2237,34.4339],[-114.2419,34.4486],[-114.2637,34.4506],[-114.2855,34.4526],[-114.3074,34.4546],[-114.3292,34.4566],[-114.3342,34.4728],[-114.3392,34.489],[-114.3443,34.5052],[-114.3493,34.5214],[-114.3543,34.5376],[-114.3593,34.5539],[-114.3644,34.5701],[-114.3694,34.5863],[-114.3611,34.599],[-114.3528,34.6117],[-114.3445,34.6244],[-114.3362,34.6371],[-114.3279,34.6498],[-114.3196,34.6625],[-114.3113,34.6752],[-114.303,34.6879],[-114.3098,34.7088],[-114.3166,34.7298]]]},"properties":{"OBJECTID":1262,"state":"Arizona","agency":"Arizona Game and Fish Department","unit_type":"GMU","unit_id":"16B","unit_name":"Yuma","unit_label":"Arizona GMU 16B - Yuma","aliases":"16b | 16b yuma | 2025 | arizona | arizona 16b | arizona 16b yuma | arizona game and fish department | arizona game and fish department 16b | arizona game management unit 16b | arizona game management unit 16b yuma | arizona gmu 16b | arizona gmu 16b yuma","year":"2025","Shape_Length":145595.86928154298,"Shape_Area":340423956.0065283}},{"type":"Feature","id":1263,"geometry":{"type":"Polygon","coordinates":[[[-113.2062,35.1114],[-113.2192,35.1037],[-113.2322,35.0959],[-113.2453,35.0882],[-113.2583,35.0804],[-113.2713,35.0727],[-113.2843,35.0649],[-113.2974,35.0572],[-113.3104,35.0494],[-113.3234,35.0417],[-113.3364,35.0339],[-113.3494,35.0261],[-113.3624,35.0184],[-113.3754,35.0106],[-113.3884,35.0028],[-113.4014,34.9951],[-113.4144,34.9873],[-113.4265,34.9959],[-113.4386,35.0045],[-113.4589,35.0002],[-113.4793,34.9959],[-113.4996,34.9916],[-113.52,34.9873],[-113.5403,34.983],[-113.5606,34.9787],[-113.581,34.9743],[-113.6013,34.97],[-113.6154,34.957],[-113.6296,34.9439],[-113.6437,34.9309],[-113.6578,34.9179],[-113.6499,34.8935],[-113.6421,34.8691],[-113.6342,34.8448],[-113.6264,34.8204],[-113.6234,34.794],[-113.6205,34.7677],[-113.6175,34.7414],[-113.6146,34.715],[-113.6014,34.6964],[-113.5883,34.6777],[-113.5752,34.659],[-113.5621,34.6404],[-113.5529,34.6321],[-113.5436,34.6239],[-113.5344,34.6157],[-113.5251,34.6075],[-113.5159,34.5992],[-113.5066,34.591],[-113.4974,34.5828],[-113.4882,34.5746],[-113.4789,34.5663],[-113.4697,34.5581],[-113.4605,34.5499],[-113.4512,34.5417],[-113.442,34.5334],[-113.4328,34.5252],[-113.4236,34.517],[-113.4143,34.5087],[-113.3998,34.503],[-113.3853,34.4972],[-113.3707,34.4914],[-113.3562,34.4857],[-113.3416,34.4799],[-113.3271,34.4741],[-113.3125,34.4683],[-113.298,34.4626],[-113.2838,34.4509],[-113.2696,34.4393],[-113.2554,34.4276],[-113.2412,34.416],[-113.227,34.4043],[-113.2128,34.3927],[-113.1986,34.381],[-113.1844,34.3693],[-113.1786,34.3854],[-113.1727,34.4014],[-113.1669,34.4174],[-113.161,34.4335],[-113.1484,34.4393],[-113.1358,34.4452],[-113.1233,34.4511],[-113.1107,34.457],[-113.0981,34.4629],[-113.0856,34.4688],[-113.073,34.4747],[-113.0604,34.4805],[-113.0687,34.4988],[-113.0771,34.517],[-113.0915,34.5196],[-113.1059,34.5221],[-113.1202,34.5247],[-113.1346,34.5272],[-113.1455,34.5385],[-113.1565,34.5497],[-113.1674,34.561],[-113.1783,34.5723],[-113.1609,34.587],[-113.1435,34.6017],[-113.1261,34.6164],[-113.1088,34.6311],[-113.1005,34.6554],[-113.0923,34.6797],[-113.0716,34.6868],[-113.0509,34.6939],[-113.0417,34.7098],[-113.0325,34.7258],[-113.0233,34.7418],[-113.0141,34.7578],[-113.0166,34.8416],[-112.9905,34.8415],[-112.9643,34.8413],[-112.9627,34.8862],[-112.961,34.9312],[-112.9594,34.9761],[-112.9578,35.0211],[-112.9828,35.021],[-113.0078,35.0209],[-113.0329,35.0208],[-113.0579,35.0207],[-113.0579,35.0507],[-113.0765,35.0583],[-113.095,35.0659],[-113.1135,35.0735],[-113.132,35.0811],[-113.1506,35.0887],[-113.1691,35.0963],[-113.1876,35.1038],[-113.2062,35.1114]]]},"properties":{"OBJECTID":1263,"state":"Arizona","agency":"Arizona Game and Fish Department","unit_type":"GMU","unit_id":"18B","unit_name":"Kingman","unit_label":"Arizona GMU 18B - Kingman","aliases":"18b | 18b kingman | 2025 | arizona | arizona 18b | arizona 18b kingman | arizona game and fish department | arizona game and fish department 18b | arizona game management unit 18b | arizona game management unit 18b kingman | arizona gmu 18b | arizona gmu","year":"2025","Shape_Length":251095.51862285638,"Shape_Area":3144131977.6348886}},{"type":"Feature","id":1264,"geometry":{"type":"Polygon","coordinates":[[[-112.9868,35.3818],[-112.9996,35.39],[-113.0124,35.3982],[-113.0252,35.4063],[-113.038,35.4145],[-113.0508,35.4227],[-113.0636,35.4309],[-113.0764,35.4391],[-113.0893,35.4473],[-113.1021,35.4555],[-113.1149,35.4637],[-113.1278,35.4718],[-113.1406,35.48],[-113.1534,35.4882],[-113.1663,35.4964],[-113.1791,35.5045],[-113.192,35.5127],[-113.2145,35.5205],[-113.2371,35.5283],[-113.2596,35.536],[-113.2822,35.5438],[-113.3003,35.5314],[-113.3184,35.519],[-113.3365,35.5067],[-113.3546,35.4943],[-113.3782,35.4943],[-113.4018,35.4944],[-113.4255,35.4944],[-113.4491,35.4944],[-113.4727,35.4945],[-113.4963,35.4945],[-113.5199,35.4945],[-113.5436,35.4945],[-113.5641,35.4845],[-113.5847,35.4745],[-113.6053,35.4644],[-113.6258,35.4544],[-113.6344,35.4428],[-113.6429,35.4312],[-113.6514,35.4196],[-113.66,35.408],[-113.6685,35.3963],[-113.677,35.3847],[-113.6856,35.3731],[-113.6941,35.3615],[-113.6855,35.3403],[-113.6768,35.3191],[-113.6682,35.2979],[-113.6596,35.2767],[-113.651,35.2555],[-113.6424,35.2343],[-113.6338,35.2131],[-113.6253,35.1919],[-113.6354,35.1696],[-113.6456,35.1472],[-113.6557,35.1248],[-113.6658,35.1024],[-113.6638,35.0563],[-113.6618,35.0102],[-113.6598,34.964],[-113.6578,34.9179],[-113.6437,34.9309],[-113.6296,34.9439],[-113.6154,34.957],[-113.6013,34.97],[-113.581,34.9743],[-113.5606,34.9787],[-113.5403,34.983],[-113.52,34.9873],[-113.4996,34.9916],[-113.4793,34.9959],[-113.4589,35.0002],[-113.4386,35.0045],[-113.4265,34.9959],[-113.4144,34.9873],[-113.4014,34.9951],[-113.3884,35.0028],[-113.3754,35.0106],[-113.3624,35.0184],[-113.3494,35.0261],[-113.3364,35.0339],[-113.3234,35.0417],[-113.3104,35.0494],[-113.2974,35.0572],[-113.2843,35.0649],[-113.2713,35.0727],[-113.2583,35.0804],[-113.2453,35.0882],[-113.2322,35.0959],[-113.2192,35.1037],[-113.2062,35.1114],[-113.1876,35.1038],[-113.1691,35.0963],[-113.1506,35.0887],[-113.132,35.0811],[-113.1135,35.0735],[-113.095,35.0659],[-113.0765,35.0583],[-113.0579,35.0507],[-113.0583,35.1549],[-113.0403,35.1544],[-113.0222,35.1538],[-113.0042,35.1532],[-112.9862,35.1526],[-112.9682,35.152],[-112.9502,35.1514],[-112.9322,35.1508],[-112.9142,35.1502],[-112.9061,35.1714],[-112.898,35.1926],[-112.8899,35.2139],[-112.8818,35.2351],[-112.8737,35.2563],[-112.8656,35.2776],[-112.8575,35.2988],[-112.8494,35.32],[-112.8746,35.3249],[-112.8997,35.3298],[-112.9249,35.3347],[-112.9501,35.3395],[-112.9593,35.3501],[-112.9684,35.3606],[-112.9776,35.3712],[-112.9868,35.3818]]]},"properties":{"OBJECTID":1264,"state":"Arizona","agency":"Arizona Game and Fish Department","unit_type":"GMU","unit_id":"18A","unit_name":"Kingman","unit_label":"Arizona GMU 18A - Kingman","aliases":"18a | 18a kingman | 2025 | arizona | arizona 18a | arizona 18a kingman | arizona game and fish department | arizona game and fish department 18a | arizona game management unit 18a | arizona game management unit 18a kingman | arizona gmu 18a | arizona gmu","year":"2025","Shape_Length":253985.95889466914,"Shape_Area":3194897119.0093775}},{"type":"Feature","id":1265,"geometry":{"type":"Polygon","coordinates":[[[-112.9142,35.1502],[-112.9322,35.1508],[-112.9502,35.1514],[-112.9682,35.152],[-112.9862,35.1526],[-113.0042,35.1532],[-113.0222,35.1538],[-113.0403,35.1544],[-113.0583,35.1549],[-113.0579,35.0507],[-113.0579,35.0207],[-113.0329,35.0208],[-113.0078,35.0209],[-112.9828,35.021],[-112.9578,35.0211],[-112.9594,34.9761],[-112.961,34.9312],[-112.9627,34.8862],[-112.9643,34.8413],[-112.9905,34.8415],[-113.0166,34.8416],[-113.0141,34.7578],[-113.0037,34.7655],[-112.9934,34.7732],[-112.983,34.781],[-112.9726,34.7887],[-112.9579,34.7898],[-112.9433,34.7908],[-112.9286,34.7919],[-112.9139,34.7929],[-112.8992,34.794],[-112.8845,34.795],[-112.8698,34.7961],[-112.8551,34.7971],[-112.8405,34.7982],[-112.8258,34.7992],[-112.8111,34.8003],[-112.7964,34.8013],[-112.7817,34.8024],[-112.767,34.8034],[-112.7523,34.8044],[-112.7376,34.8055],[-112.7151,34.8122],[-112.6926,34.8189],[-112.6701,34.8255],[-112.6476,34.8322],[-112.6604,34.8495],[-112.6733,34.8667],[-112.6862,34.884],[-112.699,34.9013],[-112.7138,34.9052],[-112.7286,34.9092],[-112.7434,34.9131],[-112.7583,34.9171],[-112.7731,34.921],[-112.7879,34.925],[-112.8027,34.9289],[-112.8175,34.9329],[-112.8116,34.9765],[-112.8056,35.0202],[-112.8192,35.0364],[-112.8327,35.0527],[-112.8463,35.0689],[-112.8599,35.0852],[-112.8734,35.1014],[-112.887,35.1177],[-112.9006,35.1339],[-112.9142,35.1502]]]},"properties":{"OBJECTID":1265,"state":"Arizona","agency":"Arizona Game and Fish Department","unit_type":"GMU","unit_id":"17A","unit_name":"Kingman","unit_label":"Arizona GMU 17A - Kingman","aliases":"17a | 17a kingman | 2025 | arizona | arizona 17a | arizona 17a kingman | arizona game and fish department | arizona game and fish department 17a | arizona game management unit 17a | arizona game management unit 17a kingman | arizona gmu 17a | arizona gmu","year":"2025","Shape_Length":154295.3367414019,"Shape_Area":788988983.0783865}},{"type":"Feature","id":1266,"geometry":{"type":"Polygon","coordinates":[[[-112.6476,34.8322],[-112.6701,34.8255],[-112.6926,34.8189],[-112.7151,34.8122],[-112.7376,34.8055],[-112.7523,34.8044],[-112.767,34.8034],[-112.7817,34.8024],[-112.7964,34.8013],[-112.8111,34.8003],[-112.8258,34.7992],[-112.8405,34.7982],[-112.8551,34.7971],[-112.8698,34.7961],[-112.8845,34.795],[-112.8992,34.794],[-112.9139,34.7929],[-112.9286,34.7919],[-112.9433,34.7908],[-112.9579,34.7898],[-112.9726,34.7887],[-112.983,34.781],[-112.9934,34.7732],[-113.0037,34.7655],[-113.0141,34.7578],[-113.0233,34.7418],[-113.0325,34.7258],[-113.0417,34.7098],[-113.0509,34.6939],[-113.0716,34.6868],[-113.0923,34.6797],[-113.1005,34.6554],[-113.1088,34.6311],[-113.1261,34.6164],[-113.1435,34.6017],[-113.1609,34.587],[-113.1783,34.5723],[-113.1674,34.561],[-113.1565,34.5497],[-113.1455,34.5385],[-113.1346,34.5272],[-113.1202,34.5247],[-113.1059,34.5221],[-113.0915,34.5196],[-113.0771,34.517],[-113.0687,34.4988],[-113.0604,34.4805],[-113.0423,34.4745],[-113.0242,34.4685],[-113.0061,34.4624],[-112.988,34.4564],[-112.9699,34.4503],[-112.9518,34.4442],[-112.9337,34.4382],[-112.9156,34.4321],[-112.9065,34.444],[-112.8973,34.4559],[-112.8881,34.4678],[-112.8789,34.4796],[-112.8604,34.4771],[-112.8419,34.4745],[-112.8234,34.472],[-112.8049,34.4694],[-112.7931,34.4629],[-112.7812,34.4563],[-112.7694,34.4498],[-112.7576,34.4433],[-112.7458,34.4367],[-112.734,34.4302],[-112.7221,34.4237],[-112.7103,34.4171],[-112.7057,34.4426],[-112.701,34.468],[-112.6964,34.4934],[-112.6917,34.5189],[-112.6827,34.5293],[-112.6737,34.5397],[-112.6648,34.5501],[-112.6558,34.5605],[-112.6468,34.5709],[-112.6378,34.5813],[-112.6288,34.5918],[-112.6197,34.6022],[-112.6048,34.5982],[-112.5898,34.5943],[-112.5749,34.5903],[-112.5599,34.5863],[-112.545,34.5824],[-112.5301,34.5784],[-112.5151,34.5745],[-112.5002,34.5705],[-112.4968,34.5968],[-112.4934,34.6231],[-112.5036,34.6401],[-112.5137,34.657],[-112.5239,34.674],[-112.5341,34.6909],[-112.5443,34.7079],[-112.5545,34.7249],[-112.5647,34.7418],[-112.5749,34.7588],[-112.5983,34.7671],[-112.6217,34.7753],[-112.6281,34.7896],[-112.6346,34.8038],[-112.6411,34.818],[-112.6476,34.8322]]]},"properties":{"OBJECTID":1266,"state":"Arizona","agency":"Arizona Game and Fish Department","unit_type":"GMU","unit_id":"17B","unit_name":"Kingman","unit_label":"Arizona GMU 17B - Kingman","aliases":"17b | 17b kingman | 2025 | arizona | arizona 17b | arizona 17b kingman | arizona game and fish department | arizona game and fish department 17b | arizona game management unit 17b | arizona game management unit 17b kingman | arizona gmu 17b | arizona gmu","year":"2025","Shape_Length":184461.02483569348,"Shape_Area":1713911431.6810973}},{"type":"Feature","id":1267,"geometry":{"type":"Polygon","coordinates":[[[-112.6924,35.2775],[-112.712,35.2829],[-112.7316,35.2882],[-112.7513,35.2935],[-112.7709,35.2988],[-112.7905,35.3041],[-112.8101,35.3094],[-112.8297,35.3147],[-112.8494,35.32],[-112.8575,35.2988],[-112.8656,35.2776],[-112.8737,35.2563],[-112.8818,35.2351],[-112.8899,35.2139],[-112.898,35.1926],[-112.9061,35.1714],[-112.9142,35.1502],[-112.9006,35.1339],[-112.887,35.1177],[-112.8734,35.1014],[-112.8599,35.0852],[-112.8463,35.0689],[-112.8327,35.0527],[-112.8192,35.0364],[-112.8056,35.0202],[-112.8116,34.9765],[-112.8175,34.9329],[-112.8027,34.9289],[-112.7879,34.925],[-112.7731,34.921],[-112.7583,34.9171],[-112.7434,34.9131],[-112.7286,34.9092],[-112.7138,34.9052],[-112.699,34.9013],[-112.6862,34.884],[-112.6733,34.8667],[-112.6604,34.8495],[-112.6476,34.8322],[-112.6411,34.818],[-112.6346,34.8038],[-112.6281,34.7896],[-112.6217,34.7753],[-112.5983,34.7671],[-112.5749,34.7588],[-112.5647,34.7418],[-112.5545,34.7249],[-112.5443,34.7079],[-112.5341,34.6909],[-112.5239,34.674],[-112.5137,34.657],[-112.5036,34.6401],[-112.4934,34.6231],[-112.4968,34.5968],[-112.5002,34.5705],[-112.4874,34.5649],[-112.4746,34.5593],[-112.4618,34.5537],[-112.4489,34.5481],[-112.4368,34.5666],[-112.4246,34.5852],[-112.4316,34.6168],[-112.4386,34.6484],[-112.4455,34.68],[-112.4525,34.7117],[-112.4504,34.8019],[-112.4553,34.819],[-112.4602,34.8361],[-112.4651,34.8532],[-112.47,34.8703],[-112.4661,34.8889],[-112.4622,34.9075],[-112.453,34.9191],[-112.4439,34.9306],[-112.4348,34.9422],[-112.4256,34.9538],[-112.4165,34.9653],[-112.4073,34.9769],[-112.3982,34.9885],[-112.3891,35.0],[-112.3944,35.0139],[-112.3997,35.0277],[-112.405,35.0415],[-112.4104,35.0554],[-112.4157,35.0692],[-112.421,35.083],[-112.4264,35.0969],[-112.4317,35.1107],[-112.437,35.1245],[-112.4424,35.1383],[-112.4477,35.1522],[-112.4531,35.166],[-112.4584,35.1798],[-112.4638,35.1937],[-112.4691,35.2075],[-112.4745,35.2213],[-112.5023,35.2234],[-112.5301,35.2254],[-112.5579,35.2274],[-112.5857,35.2295],[-112.5991,35.2355],[-112.6124,35.2415],[-112.6257,35.2475],[-112.6391,35.2535],[-112.6524,35.2595],[-112.6657,35.2655],[-112.6791,35.2715],[-112.6924,35.2775]]]},"properties":{"OBJECTID":1267,"state":"Arizona","agency":"Arizona Game and Fish Department","unit_type":"GMU","unit_id":"19B","unit_name":"Kingman","unit_label":"Arizona GMU 19B - Kingman","aliases":"19b | 19b kingman | 2025 | arizona | arizona 19b | arizona 19b kingman | arizona game and fish department | arizona game and fish department 19b | arizona game management unit 19b | arizona game management unit 19b kingman | arizona gmu 19b | arizona gmu","year":"2025","Shape_Length":222609.60987345962,"Shape_Area":1965982980.7181065}},{"type":"Feature","id":1268,"geometry":{"type":"Polygon","coordinates":[[[-112.1603,34.8754],[-112.1751,34.8806],[-112.1898,34.8859],[-112.2046,34.8912],[-112.2193,34.8964],[-112.2341,34.9017],[-112.2489,34.907],[-112.2636,34.9122],[-112.2784,34.9175],[-112.2842,34.8975],[-112.29,34.8776],[-112.3056,34.8816],[-112.3212,34.8856],[-112.3368,34.8896],[-112.3525,34.8936],[-112.3662,34.8865],[-112.3798,34.8793],[-112.3935,34.8721],[-112.4072,34.865],[-112.4229,34.8663],[-112.4386,34.8676],[-112.4543,34.8689],[-112.47,34.8703],[-112.4651,34.8532],[-112.4602,34.8361],[-112.4553,34.819],[-112.4504,34.8019],[-112.4525,34.7117],[-112.4455,34.68],[-112.4386,34.6484],[-112.4316,34.6168],[-112.4246,34.5852],[-112.4368,34.5666],[-112.4489,34.5481],[-112.4333,34.5486],[-112.4177,34.5491],[-112.402,34.5496],[-112.3864,34.5502],[-112.372,34.559],[-112.3575,34.5679],[-112.343,34.5768],[-112.3286,34.5856],[-112.3101,34.5784],[-112.2917,34.5711],[-112.2733,34.5638],[-112.2549,34.5565],[-112.2465,34.537],[-112.238,34.5174],[-112.2466,34.5016],[-112.2551,34.4857],[-112.2636,34.4699],[-112.2721,34.454],[-112.2648,34.4428],[-112.2575,34.4316],[-112.2502,34.4204],[-112.2429,34.4091],[-112.2276,34.3992],[-112.2124,34.3892],[-112.1972,34.3792],[-112.1819,34.3692],[-112.1667,34.3592],[-112.1515,34.3492],[-112.1363,34.3392],[-112.121,34.3292],[-112.1169,34.3614],[-112.0999,34.3779],[-112.083,34.3945],[-112.066,34.411],[-112.049,34.4275],[-112.0403,34.4406],[-112.0315,34.4536],[-112.0228,34.4667],[-112.0141,34.4798],[-112.0053,34.4928],[-111.9966,34.5059],[-111.9878,34.5189],[-111.9791,34.532],[-111.9615,34.5348],[-111.9438,34.5377],[-111.9262,34.5405],[-111.9086,34.5434],[-111.9013,34.5543],[-111.894,34.5652],[-111.8868,34.576],[-111.8795,34.5869],[-111.8869,34.5979],[-111.8942,34.6089],[-111.9016,34.6198],[-111.9089,34.6308],[-111.9163,34.6418],[-111.9237,34.6527],[-111.931,34.6637],[-111.9384,34.6747],[-111.9515,34.6863],[-111.9646,34.698],[-111.9776,34.7097],[-111.9907,34.7214],[-111.9992,34.7306],[-112.0076,34.7399],[-112.0161,34.7492],[-112.0245,34.7584],[-112.0329,34.7677],[-112.0414,34.777],[-112.0499,34.7862],[-112.0583,34.7955],[-112.0633,34.8124],[-112.0683,34.8293],[-112.0733,34.8462],[-112.0783,34.8631],[-112.0988,34.8662],[-112.1193,34.8693],[-112.1398,34.8723],[-112.1603,34.8754]]]},"properties":{"OBJECTID":1268,"state":"Arizona","agency":"Arizona Game and Fish Department","unit_type":"GMU","unit_id":"19A","unit_name":"Kingman","unit_label":"Arizona GMU 19A - Kingman","aliases":"19a | 19a kingman | 2025 | arizona | arizona 19a | arizona 19a kingman | arizona game and fish department | arizona game and fish department 19a | arizona game management unit 19a | arizona game management unit 19a kingman | arizona gmu 19a | arizona gmu","year":"2025","Shape_Length":205503.05777251083,"Shape_Area":1957073017.151766}},{"type":"Feature","id":1269,"geometry":{"type":"Polygon","coordinates":[[[-109.1655,33.8675],[-109.1901,33.8694],[-109.2146,33.8713],[-109.2392,33.8731],[-109.2638,33.8749],[-109.2761,33.8662],[-109.2885,33.8575],[-109.3008,33.8488],[-109.3132,33.8401],[-109.3181,33.8262],[-109.3231,33.8123],[-109.3281,33.7985],[-109.333,33.7846],[-109.338,33.7707],[-109.3429,33.7568],[-109.3479,33.743],[-109.3529,33.7291],[-109.3689,33.7243],[-109.385,33.7194],[-109.401,33.7146],[-109.4171,33.7098],[-109.4331,33.705],[-109.4491,33.7001],[-109.4652,33.6953],[-109.4812,33.6905],[-109.4884,33.6715],[-109.4955,33.6526],[-109.4956,33.1251],[-109.4866,33.1166],[-109.4776,33.1081],[-109.4686,33.0996],[-109.4596,33.0911],[-109.4507,33.0826],[-109.4417,33.0741],[-109.4327,33.0656],[-109.4237,33.0571],[-109.4048,33.0662],[-109.386,33.0753],[-109.3635,33.0699],[-109.341,33.0644],[-109.3184,33.059],[-109.2959,33.0535],[-109.2993,33.0316],[-109.2903,33.0213],[-109.2813,33.011],[-109.2722,33.0006],[-109.2632,32.9903],[-109.2542,32.98],[-109.2452,32.9697],[-109.2362,32.9594],[-109.2272,32.949],[-109.2162,32.9592],[-109.2053,32.9693],[-109.1943,32.9794],[-109.1834,32.9895],[-109.1724,32.9996],[-109.1615,33.0097],[-109.1505,33.0198],[-109.1396,33.0299],[-109.126,33.0354],[-109.1125,33.041],[-109.099,33.0465],[-109.0854,33.0521],[-109.076,33.0659],[-109.0665,33.0797],[-109.057,33.0935],[-109.0476,33.1073],[-109.0475,33.1073],[-109.0476,33.2007],[-109.047,33.4579],[-109.047,33.4624],[-109.047,33.4673],[-109.0471,33.4767],[-109.0472,33.5001],[-109.0471,33.6027],[-109.0471,33.6081],[-109.0469,33.7185],[-109.0469,33.7186],[-109.0469,33.7262],[-109.0469,33.7272],[-109.0467,33.7611],[-109.0467,33.7821],[-109.0467,33.8107],[-109.0467,33.8107],[-109.0467,33.8108],[-109.0633,33.815],[-109.08,33.8192],[-109.0966,33.8234],[-109.1132,33.8277],[-109.1263,33.8376],[-109.1393,33.8476],[-109.1524,33.8576],[-109.1655,33.8675]]]},"properties":{"OBJECTID":1269,"state":"Arizona","agency":"Arizona Game and Fish Department","unit_type":"GMU","unit_id":"27","unit_name":"Pinetop","unit_label":"Arizona GMU 27 - Pinetop","aliases":"2025 | 27 | 27 pinetop | arizona | arizona 27 | arizona 27 pinetop | arizona game and fish department | arizona game and fish department 27 | arizona game management unit 27 | arizona game management unit 27 pinetop | arizona gmu 27 | arizona gmu 27 pine","year":"2025","Shape_Length":256957.67553341135,"Shape_Area":3506149797.319194}},{"type":"Feature","id":1270,"geometry":{"type":"Polygon","coordinates":[[[-110.0193,33.2473],[-110.0286,33.2616],[-110.0379,33.2759],[-110.0472,33.2902],[-110.0565,33.3046],[-110.0563,33.0867],[-110.0443,33.0801],[-110.0322,33.0736],[-110.0202,33.067],[-110.0082,33.0604],[-109.9962,33.0539],[-109.9841,33.0473],[-109.9721,33.0407],[-109.9601,33.0342],[-109.9537,33.0228],[-109.9473,33.0114],[-109.9409,33.0],[-109.9345,32.9886],[-109.9282,32.9773],[-109.9218,32.9659],[-109.9154,32.9545],[-109.909,32.9431],[-109.8924,32.9317],[-109.8757,32.9202],[-109.8591,32.9088],[-109.8425,32.8973],[-109.8259,32.8859],[-109.8092,32.8744],[-109.7926,32.863],[-109.776,32.8515],[-109.759,32.8472],[-109.7419,32.8429],[-109.7249,32.8386],[-109.7078,32.8342],[-109.712,32.7844],[-109.7162,32.7345],[-109.7096,32.7071],[-109.703,32.6798],[-109.6964,32.6524],[-109.6897,32.6251],[-109.6863,32.597],[-109.6829,32.5689],[-109.6794,32.5408],[-109.676,32.5127],[-109.6726,32.4846],[-109.6692,32.4565],[-109.6657,32.4284],[-109.6623,32.4003],[-109.6753,32.3792],[-109.6883,32.358],[-109.6719,32.3592],[-109.6556,32.3604],[-109.6393,32.3616],[-109.623,32.3627],[-109.6056,32.3571],[-109.5882,32.3515],[-109.5709,32.3458],[-109.5535,32.3402],[-109.5362,32.3345],[-109.5188,32.3288],[-109.5014,32.3232],[-109.4841,32.3175],[-109.4624,32.3174],[-109.4407,32.3173],[-109.4162,32.3117],[-109.3917,32.3061],[-109.3672,32.3005],[-109.3426,32.2949],[-109.3181,32.2893],[-109.2936,32.2837],[-109.2691,32.2781],[-109.2446,32.2725],[-109.2201,32.2669],[-109.1956,32.2613],[-109.1711,32.2557],[-109.1466,32.25],[-109.1221,32.2444],[-109.0976,32.2387],[-109.0731,32.2331],[-109.0486,32.2274],[-109.0483,32.2501],[-109.048,32.3613],[-109.0479,32.4481],[-109.0481,32.4708],[-109.0479,32.5237],[-109.0479,32.5689],[-109.0479,32.5706],[-109.0479,32.5715],[-109.0479,32.606],[-109.048,32.6133],[-109.0479,32.6188],[-109.0477,32.6471],[-109.0475,32.9983],[-109.0475,33.0394],[-109.0475,33.1073],[-109.0476,33.1073],[-109.057,33.0935],[-109.0665,33.0797],[-109.076,33.0659],[-109.0854,33.0521],[-109.099,33.0465],[-109.1125,33.041],[-109.126,33.0354],[-109.1396,33.0299],[-109.1505,33.0198],[-109.1615,33.0097],[-109.1724,32.9996],[-109.1834,32.9895],[-109.1943,32.9794],[-109.2053,32.9693],[-109.2162,32.9592],[-109.2272,32.949],[-109.2362,32.9594],[-109.2452,32.9697],[-109.2542,32.98],[-109.2632,32.9903],[-109.2722,33.0006],[-109.2813,33.011],[-109.2903,33.0213],[-109.2993,33.0316],[-109.2959,33.0535],[-109.3184,33.059],[-109.341,33.0644],[-109.3635,33.0699],[-109.386,33.0753],[-109.4048,33.0662],[-109.4237,33.0571],[-109.4327,33.0656],[-109.4417,33.0741],[-109.4507,33.0826],[-109.4596,33.0911],[-109.4686,33.0996],[-109.4776,33.1081],[-109.4866,33.1166],[-109.4956,33.1251],[-109.4959,33.0779],[-109.5082,33.0701],[-109.5204,33.0624],[-109.5327,33.0546],[-109.5449,33.0469],[-109.5572,33.0392],[-109.5694,33.0314],[-109.5817,33.0237],[-109.5939,33.0159],[-109.6116,33.0156],[-109.6293,33.0154],[-109.647,33.0151],[-109.6647,33.0148],[-109.6763,33.0218],[-109.6879,33.0288],[-109.6995,33.0358],[-109.7111,33.0428],[-109.7228,33.0498],[-109.7344,33.0568],[-109.746,33.0638],[-109.7576,33.0708],[-109.7625,33.0975],[-109.7674,33.1243],[-109.7926,33.1216],[-109.8178,33.119],[-109.8253,33.1382],[-109.8328,33.1575],[-109.8474,33.1579],[-109.862,33.1584],[-109.8766,33.1589],[-109.8912,33.1593],[-109.9063,33.1679],[-109.9214,33.1766],[-109.9365,33.1852],[-109.9516,33.1938],[-109.9535,33.232],[-109.9699,33.2358],[-109.9864,33.2397],[-110.0029,33.2435],[-110.0193,33.2473]]]},"properties":{"OBJECTID":1270,"state":"Arizona","agency":"Arizona Game and Fish Department","unit_type":"GMU","unit_id":"28","unit_name":"Tucson","unit_label":"Arizona GMU 28 - Tucson","aliases":"2025 | 28 | 28 tucson | arizona | arizona 28 | arizona 28 tucson | arizona game and fish department | arizona game and fish department 28 | arizona game management unit 28 | arizona game management unit 28 tucson | arizona gmu 28 | arizona gmu 28 tucson","year":"2025","Shape_Length":424180.62002645404,"Shape_Area":5774138029.553695}},{"type":"Feature","id":1271,"geometry":{"type":"Polygon","coordinates":[[[-109.0486,32.2274],[-109.0731,32.2331],[-109.0976,32.2387],[-109.1221,32.2444],[-109.1466,32.25],[-109.1711,32.2557],[-109.1956,32.2613],[-109.2201,32.2669],[-109.2446,32.2725],[-109.2691,32.2781],[-109.2936,32.2837],[-109.3181,32.2893],[-109.3426,32.2949],[-109.3672,32.3005],[-109.3917,32.3061],[-109.4162,32.3117],[-109.4407,32.3173],[-109.4624,32.3174],[-109.4841,32.3175],[-109.4776,32.305],[-109.4711,32.2924],[-109.4647,32.2799],[-109.4582,32.2674],[-109.4517,32.2548],[-109.4453,32.2423],[-109.4388,32.2298],[-109.4324,32.2172],[-109.4373,32.2021],[-109.4422,32.187],[-109.4472,32.1718],[-109.4521,32.1567],[-109.4624,32.1489],[-109.4728,32.141],[-109.4831,32.1332],[-109.4934,32.1254],[-109.5037,32.1176],[-109.514,32.1097],[-109.5243,32.1019],[-109.5347,32.0941],[-109.5228,32.0815],[-109.511,32.0688],[-109.4992,32.0562],[-109.4874,32.0436],[-109.4756,32.0309],[-109.4638,32.0183],[-109.4521,32.0056],[-109.4403,31.993],[-109.453,31.9782],[-109.4657,31.9633],[-109.4785,31.9485],[-109.4912,31.9337],[-109.4914,31.8177],[-109.5035,31.8095],[-109.5157,31.8013],[-109.5279,31.7931],[-109.54,31.785],[-109.5243,31.7731],[-109.5085,31.7612],[-109.4927,31.7493],[-109.4769,31.7374],[-109.4629,31.7397],[-109.4489,31.7421],[-109.4349,31.7445],[-109.4208,31.7469],[-109.4068,31.7493],[-109.3928,31.7517],[-109.3788,31.7541],[-109.3647,31.7564],[-109.3579,31.7428],[-109.3511,31.7291],[-109.3443,31.7155],[-109.3374,31.7018],[-109.3306,31.6882],[-109.3238,31.6745],[-109.317,31.6609],[-109.3102,31.6472],[-109.2924,31.6339],[-109.2747,31.6205],[-109.257,31.6072],[-109.2392,31.5938],[-109.229,31.6014],[-109.2189,31.609],[-109.2087,31.6167],[-109.1985,31.6243],[-109.1883,31.6319],[-109.1781,31.6395],[-109.1679,31.6472],[-109.1577,31.6548],[-109.1442,31.6742],[-109.1306,31.6937],[-109.1171,31.7131],[-109.1035,31.7325],[-109.0899,31.752],[-109.0763,31.7714],[-109.0628,31.7908],[-109.0492,31.8102],[-109.0491,31.8103],[-109.049,31.8952],[-109.0491,31.8963],[-109.049,31.8987],[-109.049,31.927],[-109.049,31.9513],[-109.0486,32.1283],[-109.0486,32.2274]]]},"properties":{"OBJECTID":1271,"state":"Arizona","agency":"Arizona Game and Fish Department","unit_type":"GMU","unit_id":"29","unit_name":"Tucson","unit_label":"Arizona GMU 29 - Tucson","aliases":"2025 | 29 | 29 tucson | arizona | arizona 29 | arizona 29 tucson | arizona game and fish department | arizona game and fish department 29 | arizona game management unit 29 | arizona game management unit 29 tucson | arizona gmu 29 | arizona gmu 29 tucson","year":"2025","Shape_Length":230848.52868862075,"Shape_Area":2635497192.6911063}},{"type":"Feature","id":1272,"geometry":{"type":"Polygon","coordinates":[[[-109.4521,32.1567],[-109.4472,32.1718],[-109.4422,32.187],[-109.4373,32.2021],[-109.4324,32.2172],[-109.4388,32.2298],[-109.4453,32.2423],[-109.4517,32.2548],[-109.4582,32.2674],[-109.4647,32.2799],[-109.4711,32.2924],[-109.4776,32.305],[-109.4841,32.3175],[-109.5014,32.3232],[-109.5188,32.3288],[-109.5362,32.3345],[-109.5535,32.3402],[-109.5709,32.3458],[-109.5882,32.3515],[-109.6056,32.3571],[-109.623,32.3627],[-109.6393,32.3616],[-109.6556,32.3604],[-109.6719,32.3592],[-109.6883,32.358],[-109.7034,32.355],[-109.7186,32.3519],[-109.7337,32.3489],[-109.7489,32.3458],[-109.7608,32.3359],[-109.7728,32.326],[-109.7847,32.3161],[-109.7966,32.3062],[-109.8086,32.2963],[-109.8205,32.2864],[-109.8324,32.2766],[-109.8444,32.2667],[-109.854,32.2541],[-109.8637,32.2416],[-109.8733,32.2291],[-109.883,32.2166],[-109.8996,32.2065],[-109.9162,32.1965],[-109.9328,32.1865],[-109.9494,32.1764],[-109.9411,32.1598],[-109.9327,32.1433],[-109.9244,32.1267],[-109.916,32.1101],[-109.9076,32.0935],[-109.8993,32.077],[-109.891,32.0604],[-109.8826,32.0438],[-109.8743,32.0272],[-109.8659,32.0107],[-109.8576,31.9941],[-109.8493,31.9775],[-109.841,31.9609],[-109.8326,31.9443],[-109.8243,31.9277],[-109.816,31.9112],[-109.8009,31.9086],[-109.7857,31.9061],[-109.7706,31.9035],[-109.7555,31.901],[-109.7403,31.8985],[-109.7252,31.8959],[-109.7101,31.8934],[-109.695,31.8908],[-109.693,31.8382],[-109.691,31.7855],[-109.689,31.7328],[-109.6871,31.6801],[-109.6815,31.649],[-109.676,31.6179],[-109.6706,31.5868],[-109.6651,31.5557],[-109.6543,31.5383],[-109.6435,31.521],[-109.6328,31.5036],[-109.622,31.4863],[-109.6113,31.4689],[-109.6005,31.4516],[-109.5898,31.4342],[-109.5791,31.4168],[-109.5743,31.3961],[-109.5696,31.3754],[-109.5649,31.3547],[-109.5602,31.334],[-109.5443,31.3339],[-109.5283,31.3339],[-109.5124,31.3339],[-109.4964,31.3339],[-109.4805,31.3339],[-109.4645,31.3338],[-109.4486,31.3338],[-109.4326,31.3338],[-109.4167,31.3337],[-109.4007,31.3337],[-109.3848,31.3337],[-109.3688,31.3336],[-109.3529,31.3336],[-109.337,31.3335],[-109.321,31.3335],[-109.3051,31.3334],[-109.2891,31.3334],[-109.2732,31.3333],[-109.2572,31.3333],[-109.2413,31.3332],[-109.2253,31.3332],[-109.2094,31.3331],[-109.1934,31.333],[-109.1775,31.333],[-109.1615,31.3329],[-109.1456,31.3328],[-109.1297,31.3328],[-109.1137,31.3327],[-109.0978,31.3326],[-109.0818,31.3325],[-109.0659,31.3324],[-109.0499,31.3324],[-109.05,31.5564],[-109.05,31.5631],[-109.0491,31.8103],[-109.0492,31.8102],[-109.0628,31.7908],[-109.0763,31.7714],[-109.0899,31.752],[-109.1035,31.7325],[-109.1171,31.7131],[-109.1306,31.6937],[-109.1442,31.6742],[-109.1577,31.6548],[-109.1679,31.6472],[-109.1781,31.6395],[-109.1883,31.6319],[-109.1985,31.6243],[-109.2087,31.6167],[-109.2189,31.609],[-109.229,31.6014],[-109.2392,31.5938],[-109.257,31.6072],[-109.2747,31.6205],[-109.2924,31.6339],[-109.3102,31.6472],[-109.317,31.6609],[-109.3238,31.6745],[-109.3306,31.6882],[-109.3374,31.7018],[-109.3443,31.7155],[-109.3511,31.7291],[-109.3579,31.7428],[-109.3647,31.7564],[-109.3788,31.7541],[-109.3928,31.7517],[-109.4068,31.7493],[-109.4208,31.7469],[-109.4349,31.7445],[-109.4489,31.7421],[-109.4629,31.7397],[-109.4769,31.7374],[-109.4927,31.7493],[-109.5085,31.7612],[-109.5243,31.7731],[-109.54,31.785],[-109.5279,31.7931],[-109.5157,31.8013],[-109.5035,31.8095],[-109.4914,31.8177],[-109.4912,31.9337],[-109.4785,31.9485],[-109.4657,31.9633],[-109.453,31.9782],[-109.4403,31.993],[-109.4521,32.0056],[-109.4638,32.0183],[-109.4756,32.0309],[-109.4874,32.0436],[-109.4992,32.0562],[-109.511,32.0688],[-109.5228,32.0815],[-109.5347,32.0941],[-109.5243,32.1019],[-109.514,32.1097],[-109.5037,32.1176],[-109.4934,32.1254],[-109.4831,32.1332],[-109.4728,32.141],[-109.4624,32.1489],[-109.4521,32.1567]]]},"properties":{"OBJECTID":1272,"state":"Arizona","agency":"Arizona Game and Fish Department","unit_type":"GMU","unit_id":"30A","unit_name":"Tucson","unit_label":"Arizona GMU 30A - Tucson","aliases":"2025 | 30a | 30a tucson | arizona | arizona 30a | arizona 30a tucson | arizona game and fish department | arizona game and fish department 30a | arizona game management unit 30a | arizona game management unit 30a tucson | arizona gmu 30a | arizona gmu 30","year":"2025","Shape_Length":404712.239680902,"Shape_Area":4467629907.223278}},{"type":"Feature","id":1273,"geometry":{"type":"Polygon","coordinates":[[[-109.776,32.8515],[-109.7926,32.863],[-109.8092,32.8744],[-109.8259,32.8859],[-109.8425,32.8973],[-109.8591,32.9088],[-109.8757,32.9202],[-109.8924,32.9317],[-109.909,32.9431],[-109.9154,32.9545],[-109.9218,32.9659],[-109.9282,32.9773],[-109.9345,32.9886],[-109.9409,33.0],[-109.9473,33.0114],[-109.9537,33.0228],[-109.9601,33.0342],[-109.9721,33.0407],[-109.9841,33.0473],[-109.9962,33.0539],[-110.0082,33.0604],[-110.0202,33.067],[-110.0322,33.0736],[-110.0443,33.0801],[-110.0563,33.0867],[-110.0555,32.8755],[-110.0656,32.8858],[-110.0756,32.8961],[-110.0856,32.9063],[-110.0957,32.9166],[-110.1057,32.9269],[-110.1158,32.9372],[-110.1258,32.9474],[-110.1359,32.9577],[-110.1587,32.9653],[-110.1815,32.9728],[-110.2044,32.9804],[-110.2272,32.9879],[-110.2453,32.9911],[-110.2634,32.9942],[-110.2815,32.9973],[-110.2996,33.0004],[-110.3177,33.0035],[-110.3359,33.0066],[-110.354,33.0097],[-110.3721,33.0128],[-110.3906,33.0057],[-110.4091,32.9985],[-110.4276,32.9914],[-110.4461,32.9842],[-110.4646,32.977],[-110.4831,32.9699],[-110.5016,32.9627],[-110.5201,32.9555],[-110.5345,32.952],[-110.549,32.9485],[-110.5635,32.945],[-110.5779,32.9415],[-110.5924,32.938],[-110.6068,32.9344],[-110.6213,32.9309],[-110.6357,32.9274],[-110.6535,32.9147],[-110.6713,32.902],[-110.689,32.8893],[-110.7068,32.8766],[-110.7066,33.0837],[-110.7144,33.0714],[-110.7223,33.059],[-110.7302,33.0467],[-110.738,33.0344],[-110.7459,33.022],[-110.7538,33.0097],[-110.7616,32.9973],[-110.7695,32.985],[-110.7571,32.9672],[-110.7447,32.9495],[-110.7324,32.9318],[-110.72,32.914],[-110.7154,32.8765],[-110.7107,32.839],[-110.688,32.8399],[-110.6652,32.8407],[-110.6425,32.8415],[-110.6198,32.8424],[-110.6091,32.8521],[-110.5983,32.8618],[-110.5875,32.8716],[-110.5767,32.8813],[-110.566,32.891],[-110.5552,32.9008],[-110.5444,32.9105],[-110.5336,32.9202],[-110.5196,32.9176],[-110.5057,32.915],[-110.4917,32.9124],[-110.4778,32.9098],[-110.4638,32.9072],[-110.4499,32.9046],[-110.4359,32.902],[-110.422,32.8994],[-110.4062,32.8916],[-110.3905,32.8838],[-110.3747,32.876],[-110.359,32.8683],[-110.3438,32.8517],[-110.3287,32.8351],[-110.3135,32.8185],[-110.2983,32.8019],[-110.2816,32.7914],[-110.2648,32.7808],[-110.2481,32.7703],[-110.2314,32.7598],[-110.2232,32.7467],[-110.215,32.7336],[-110.2068,32.7205],[-110.1986,32.7075],[-110.1904,32.6944],[-110.1823,32.6813],[-110.1741,32.6682],[-110.1659,32.6551],[-110.1501,32.6431],[-110.1343,32.6311],[-110.1173,32.6292],[-110.1004,32.6272],[-110.0834,32.6253],[-110.0665,32.6233],[-110.0495,32.6214],[-110.0326,32.6194],[-110.0156,32.6174],[-109.9987,32.6155],[-109.9861,32.6006],[-109.9736,32.5856],[-109.9758,32.5281],[-109.978,32.4706],[-109.9528,32.4707],[-109.9275,32.4708],[-109.9269,32.3406],[-109.9015,32.3345],[-109.876,32.3284],[-109.8681,32.3129],[-109.8602,32.2975],[-109.8523,32.2821],[-109.8444,32.2667],[-109.8324,32.2766],[-109.8205,32.2864],[-109.8086,32.2963],[-109.7966,32.3062],[-109.7847,32.3161],[-109.7728,32.326],[-109.7608,32.3359],[-109.7489,32.3458],[-109.7337,32.3489],[-109.7186,32.3519],[-109.7034,32.355],[-109.6883,32.358],[-109.6753,32.3792],[-109.6623,32.4003],[-109.6657,32.4284],[-109.6692,32.4565],[-109.6726,32.4846],[-109.676,32.5127],[-109.6794,32.5408],[-109.6829,32.5689],[-109.6863,32.597],[-109.6897,32.6251],[-109.6964,32.6524],[-109.703,32.6798],[-109.7096,32.7071],[-109.7162,32.7345],[-109.712,32.7844],[-109.7078,32.8342],[-109.7249,32.8386],[-109.7419,32.8429],[-109.759,32.8472],[-109.776,32.8515]]]},"properties":{"OBJECTID":1273,"state":"Arizona","agency":"Arizona Game and Fish Department","unit_type":"GMU","unit_id":"21","unit_name":"Tucson","unit_label":"Arizona GMU 21 - Tucson","aliases":"2025 | 21 | 21 tucson | arizona | arizona 21 | arizona 21 tucson | arizona game and fish department | arizona game and fish department 21 | arizona game management unit 21 | arizona game management unit 21 tucson | arizona gmu 21 | arizona gmu 21 tucson","year":"2025","Shape_Length":396950.1580405353,"Shape_Area":3144755023.60662}},{"type":"Feature","id":1274,"geometry":{"type":"Polygon","coordinates":[[[-110.422,32.8994],[-110.4359,32.902],[-110.4499,32.9046],[-110.4638,32.9072],[-110.4778,32.9098],[-110.4917,32.9124],[-110.5057,32.915],[-110.5196,32.9176],[-110.5336,32.9202],[-110.5444,32.9105],[-110.5552,32.9008],[-110.566,32.891],[-110.5767,32.8813],[-110.5875,32.8716],[-110.5983,32.8618],[-110.6091,32.8521],[-110.6198,32.8424],[-110.6425,32.8415],[-110.6652,32.8407],[-110.688,32.8399],[-110.7107,32.839],[-110.7028,32.8271],[-110.6949,32.8152],[-110.6869,32.8033],[-110.679,32.7914],[-110.6712,32.7795],[-110.6633,32.7675],[-110.6554,32.7556],[-110.6475,32.7437],[-110.6409,32.732],[-110.6344,32.7202],[-110.6279,32.7085],[-110.6214,32.6968],[-110.6149,32.685],[-110.6083,32.6733],[-110.6018,32.6615],[-110.5953,32.6498],[-110.5774,32.6362],[-110.5595,32.6226],[-110.5416,32.609],[-110.5237,32.5954],[-110.5181,32.5774],[-110.5125,32.5594],[-110.5069,32.5414],[-110.5012,32.5234],[-110.4956,32.5055],[-110.49,32.4875],[-110.4844,32.4695],[-110.4788,32.4515],[-110.4877,32.4371],[-110.4967,32.4227],[-110.4831,32.4125],[-110.4696,32.4022],[-110.456,32.392],[-110.4425,32.3817],[-110.4333,32.3689],[-110.4241,32.3562],[-110.4149,32.3434],[-110.4058,32.3306],[-110.3966,32.3178],[-110.3874,32.305],[-110.3782,32.2922],[-110.3691,32.2794],[-110.3599,32.2666],[-110.3508,32.2538],[-110.3416,32.241],[-110.3325,32.2282],[-110.3233,32.2154],[-110.3142,32.2026],[-110.305,32.1898],[-110.2959,32.177],[-110.2906,32.1266],[-110.3022,32.1097],[-110.3138,32.0928],[-110.3254,32.0759],[-110.337,32.059],[-110.3298,32.0478],[-110.3226,32.0365],[-110.3153,32.0252],[-110.3081,32.0139],[-110.3009,32.0027],[-110.2937,31.9914],[-110.2864,31.9801],[-110.2792,31.9688],[-110.2649,31.9677],[-110.2506,31.9666],[-110.2339,31.9729],[-110.2171,31.9791],[-110.2004,31.9854],[-110.1837,31.9916],[-110.167,31.9979],[-110.1502,32.0041],[-110.1335,32.0103],[-110.1167,32.0166],[-110.1011,32.0334],[-110.0854,32.0503],[-110.0697,32.0672],[-110.054,32.084],[-110.0383,32.1009],[-110.0226,32.1178],[-110.0069,32.1346],[-109.9912,32.1515],[-109.9703,32.1639],[-109.9494,32.1764],[-109.9328,32.1865],[-109.9162,32.1965],[-109.8996,32.2065],[-109.883,32.2166],[-109.8733,32.2291],[-109.8637,32.2416],[-109.854,32.2541],[-109.8444,32.2667],[-109.8523,32.2821],[-109.8602,32.2975],[-109.8681,32.3129],[-109.876,32.3284],[-109.9015,32.3345],[-109.9269,32.3406],[-109.9275,32.4708],[-109.9528,32.4707],[-109.978,32.4706],[-109.9758,32.5281],[-109.9736,32.5856],[-109.9861,32.6006],[-109.9987,32.6155],[-110.0156,32.6174],[-110.0326,32.6194],[-110.0495,32.6214],[-110.0665,32.6233],[-110.0834,32.6253],[-110.1004,32.6272],[-110.1173,32.6292],[-110.1343,32.6311],[-110.1501,32.6431],[-110.1659,32.6551],[-110.1741,32.6682],[-110.1823,32.6813],[-110.1904,32.6944],[-110.1986,32.7075],[-110.2068,32.7205],[-110.215,32.7336],[-110.2232,32.7467],[-110.2314,32.7598],[-110.2481,32.7703],[-110.2648,32.7808],[-110.2816,32.7914],[-110.2983,32.8019],[-110.3135,32.8185],[-110.3287,32.8351],[-110.3438,32.8517],[-110.359,32.8683],[-110.3747,32.876],[-110.3905,32.8838],[-110.4062,32.8916],[-110.422,32.8994]]]},"properties":{"OBJECTID":1274,"state":"Arizona","agency":"Arizona Game and Fish Department","unit_type":"GMU","unit_id":"32","unit_name":"Tucson","unit_label":"Arizona GMU 32 - Tucson","aliases":"2025 | 32 | 32 tucson | arizona | arizona 32 | arizona 32 tucson | arizona game and fish department | arizona game and fish department 32 | arizona game management unit 32 | arizona game management unit 32 tucson | arizona gmu 32 | arizona gmu 32 tucson","year":"2025","Shape_Length":300259.18698850577,"Shape_Area":3987293433.212418}},{"type":"Feature","id":1275,"geometry":{"type":"Polygon","coordinates":[[[-112.9323,32.5051],[-112.9578,32.5051],[-112.9833,32.5051],[-113.0089,32.5051],[-113.0344,32.505],[-113.0599,32.505],[-113.0854,32.505],[-113.1109,32.505],[-113.1364,32.5049],[-113.1362,32.4182],[-113.1609,32.4182],[-113.1856,32.4182],[-113.2103,32.4182],[-113.235,32.4182],[-113.2597,32.4182],[-113.2843,32.4182],[-113.309,32.4182],[-113.3337,32.4182],[-113.3342,32.0389],[-113.3186,32.034],[-113.303,32.0292],[-113.2873,32.0243],[-113.2717,32.0195],[-113.2561,32.0146],[-113.2405,32.0098],[-113.2248,32.0049],[-113.2092,32.0001],[-113.1936,31.9952],[-113.178,31.9904],[-113.1624,31.9855],[-113.1468,31.9807],[-113.1312,31.9758],[-113.1156,31.9709],[-113.1,31.966],[-113.0844,31.9612],[-113.085,32.0808],[-113.0856,32.2005],[-113.0664,32.2005],[-113.0472,32.2005],[-113.028,32.2006],[-113.0089,32.2006],[-112.9897,32.2006],[-112.9705,32.2006],[-112.9514,32.2006],[-112.9322,32.2006],[-112.9323,32.5051]]]},"properties":{"OBJECTID":1275,"state":"Arizona","agency":"Arizona Game and Fish Department","unit_type":"GMU","unit_id":"46A","unit_name":"Yuma","unit_label":"Arizona GMU 46A - Yuma","aliases":"2025 | 46a | 46a yuma | arizona | arizona 46a | arizona 46a yuma | arizona game and fish department | arizona game and fish department 46a | arizona game management unit 46a | arizona game management unit 46a yuma | arizona gmu 46a | arizona gmu 46a yuma","year":"2025","Shape_Length":189528.55975625178,"Shape_Area":1620082273.2817414}},{"type":"Feature","id":1276,"geometry":{"type":"Polygon","coordinates":[[[-113.3337,32.4182],[-113.3533,32.4183],[-113.3729,32.4183],[-113.3926,32.4184],[-113.4122,32.4184],[-113.4318,32.4185],[-113.4514,32.4186],[-113.471,32.4186],[-113.4906,32.4187],[-113.5102,32.4187],[-113.5299,32.4187],[-113.5495,32.4188],[-113.5691,32.4188],[-113.5887,32.4188],[-113.6083,32.4189],[-113.6279,32.4189],[-113.6475,32.4189],[-113.6672,32.4189],[-113.6868,32.4189],[-113.7064,32.4189],[-113.726,32.4189],[-113.7456,32.4189],[-113.7652,32.4189],[-113.7849,32.4189],[-113.8045,32.4189],[-113.8241,32.4189],[-113.8437,32.4189],[-113.8633,32.4189],[-113.8829,32.4188],[-113.9025,32.4188],[-113.9222,32.4188],[-113.9418,32.4188],[-113.9614,32.4187],[-113.9616,32.2347],[-113.942,32.2286],[-113.9223,32.2226],[-113.9027,32.2165],[-113.883,32.2104],[-113.8634,32.2043],[-113.8437,32.1982],[-113.8241,32.1922],[-113.8045,32.1861],[-113.7848,32.18],[-113.7652,32.1739],[-113.7456,32.1678],[-113.726,32.1617],[-113.7064,32.1556],[-113.6868,32.1495],[-113.6671,32.1433],[-113.6475,32.1372],[-113.6279,32.1311],[-113.6083,32.125],[-113.5887,32.1188],[-113.5691,32.1127],[-113.5495,32.1066],[-113.53,32.1004],[-113.5104,32.0943],[-113.4908,32.0882],[-113.4712,32.082],[-113.4516,32.0759],[-113.4321,32.0697],[-113.4125,32.0635],[-113.3929,32.0574],[-113.3733,32.0512],[-113.3538,32.045],[-113.3342,32.0389],[-113.3337,32.4182]]]},"properties":{"OBJECTID":1276,"state":"Arizona","agency":"Arizona Game and Fish Department","unit_type":"GMU","unit_id":"46B","unit_name":"Yuma","unit_label":"Arizona GMU 46B - Yuma","aliases":"2025 | 46b | 46b yuma | arizona | arizona 46b | arizona 46b yuma | arizona game and fish department | arizona game and fish department 46b | arizona game management unit 46b | arizona game management unit 46b yuma | arizona gmu 46b | arizona gmu 46b yuma","year":"2025","Shape_Length":184330.02259120246,"Shape_Area":1846524798.3127563}},{"type":"Feature","id":1277,"geometry":{"type":"Polygon","coordinates":[[[-112.5307,32.9051],[-112.5561,32.9094],[-112.5815,32.9137],[-112.6069,32.918],[-112.6324,32.9223],[-112.6578,32.9266],[-112.6832,32.9309],[-112.7086,32.9352],[-112.734,32.9394],[-112.7374,32.9107],[-112.7448,32.8966],[-112.7522,32.8826],[-112.7596,32.8685],[-112.7669,32.8544],[-112.7743,32.8403],[-112.7817,32.8262],[-112.789,32.8121],[-112.7964,32.798],[-112.8037,32.7839],[-112.8111,32.7699],[-112.8184,32.7558],[-112.8258,32.7417],[-112.8331,32.7276],[-112.8405,32.7135],[-112.8478,32.6994],[-112.8551,32.6853],[-112.8614,32.6518],[-112.8676,32.6184],[-112.8738,32.5849],[-112.88,32.5514],[-112.8781,32.5075],[-112.8763,32.4636],[-112.8744,32.4197],[-112.8725,32.3757],[-112.8602,32.3693],[-112.8479,32.363],[-112.8356,32.3566],[-112.8232,32.3502],[-112.8109,32.3438],[-112.7986,32.3374],[-112.7863,32.331],[-112.774,32.3246],[-112.7624,32.3044],[-112.7507,32.2842],[-112.7391,32.264],[-112.7274,32.2438],[-112.7274,32.3314],[-112.702,32.3313],[-112.6765,32.3313],[-112.6765,32.4182],[-112.6509,32.4181],[-112.6254,32.4181],[-112.5999,32.418],[-112.5743,32.418],[-112.5738,32.5937],[-112.557,32.5937],[-112.5403,32.5937],[-112.5236,32.5937],[-112.5068,32.5937],[-112.4901,32.5937],[-112.4734,32.5937],[-112.4566,32.5937],[-112.4399,32.5937],[-112.4232,32.5937],[-112.4065,32.5937],[-112.3897,32.5936],[-112.373,32.5936],[-112.3563,32.5936],[-112.3395,32.5936],[-112.3228,32.5935],[-112.3061,32.5935],[-112.3069,32.6376],[-112.2811,32.6375],[-112.2552,32.6374],[-112.2294,32.6374],[-112.2036,32.6373],[-112.2036,32.6809],[-112.1779,32.6809],[-112.1523,32.6809],[-112.1524,32.7244],[-112.1267,32.7243],[-112.101,32.7243],[-112.0753,32.7243],[-112.0496,32.7242],[-112.0495,32.7678],[-112.0282,32.7678],[-112.0068,32.7678],[-111.9855,32.7678],[-111.9641,32.7678],[-111.9639,32.8279],[-111.9791,32.8284],[-111.9943,32.8289],[-112.0095,32.8294],[-112.0247,32.8299],[-112.0399,32.8304],[-112.0551,32.8309],[-112.0703,32.8314],[-112.0855,32.8319],[-112.1007,32.8324],[-112.1159,32.8329],[-112.1311,32.8334],[-112.1463,32.8339],[-112.1615,32.8344],[-112.1767,32.8349],[-112.1919,32.8354],[-112.2071,32.8359],[-112.2266,32.8378],[-112.246,32.8398],[-112.2655,32.8418],[-112.285,32.8437],[-112.3044,32.8457],[-112.3239,32.8476],[-112.3434,32.8496],[-112.3628,32.8515],[-112.3838,32.8582],[-112.4048,32.8649],[-112.4258,32.8717],[-112.4467,32.8783],[-112.4677,32.885],[-112.4887,32.8917],[-112.5097,32.8984],[-112.5307,32.9051]]]},"properties":{"OBJECTID":1277,"state":"Arizona","agency":"Arizona Game and Fish Department","unit_type":"GMU","unit_id":"40A","unit_name":"Yuma","unit_label":"Arizona GMU 40A - Yuma","aliases":"2025 | 40a | 40a yuma | arizona | arizona 40a | arizona 40a yuma | arizona game and fish department | arizona game and fish department 40a | arizona game management unit 40a | arizona game management unit 40a yuma | arizona gmu 40a | arizona gmu 40a yuma","year":"2025","Shape_Length":295980.9710442765,"Shape_Area":2815805107.7099934}},{"type":"Feature","id":1278,"geometry":{"type":"Polygon","coordinates":[[[-112.734,32.9394],[-112.7487,32.9376],[-112.7634,32.9358],[-112.778,32.9339],[-112.7927,32.9321],[-112.8074,32.9302],[-112.822,32.9284],[-112.8367,32.9265],[-112.8514,32.9247],[-112.866,32.9228],[-112.8807,32.921],[-112.8954,32.9191],[-112.91,32.9173],[-112.9247,32.9154],[-112.9393,32.9135],[-112.954,32.9117],[-112.9687,32.9098],[-112.9839,32.9066],[-112.9992,32.9033],[-113.0145,32.9001],[-113.0298,32.8968],[-113.0451,32.8936],[-113.0603,32.8904],[-113.0756,32.8871],[-113.0909,32.8839],[-113.1061,32.8806],[-113.1214,32.8773],[-113.1367,32.8741],[-113.152,32.8708],[-113.1672,32.8676],[-113.1825,32.8643],[-113.1978,32.861],[-113.213,32.8578],[-113.23,32.8553],[-113.247,32.8529],[-113.264,32.8505],[-113.281,32.848],[-113.298,32.8456],[-113.315,32.8431],[-113.332,32.8407],[-113.349,32.8382],[-113.366,32.8358],[-113.383,32.8333],[-113.4,32.8309],[-113.417,32.8284],[-113.434,32.826],[-113.451,32.8235],[-113.468,32.821],[-113.4849,32.8186],[-113.4992,32.8131],[-113.5134,32.8077],[-113.5276,32.8022],[-113.5418,32.7968],[-113.556,32.7913],[-113.5702,32.7859],[-113.5844,32.7804],[-113.5986,32.775],[-113.6128,32.7695],[-113.6269,32.7641],[-113.6411,32.7586],[-113.6553,32.7531],[-113.6695,32.7477],[-113.6837,32.7422],[-113.6979,32.7367],[-113.7121,32.7313],[-113.7362,32.7276],[-113.7604,32.724],[-113.7845,32.7203],[-113.8087,32.7166],[-113.8328,32.7129],[-113.857,32.7092],[-113.8811,32.7055],[-113.9053,32.7018],[-113.9294,32.6981],[-113.9535,32.6944],[-113.9777,32.6907],[-114.0018,32.687],[-114.0259,32.6833],[-114.0501,32.6795],[-114.0742,32.6758],[-114.0983,32.6721],[-114.112,32.6691],[-114.1256,32.6662],[-114.1393,32.6633],[-114.1529,32.6604],[-114.1665,32.6574],[-114.1802,32.6545],[-114.1938,32.6516],[-114.2075,32.6486],[-114.228,32.6504],[-114.2486,32.6521],[-114.2691,32.6538],[-114.2897,32.6555],[-114.3102,32.6572],[-114.3308,32.6589],[-114.3513,32.6606],[-114.3719,32.6623],[-114.3924,32.664],[-114.413,32.6657],[-114.4335,32.6674],[-114.4541,32.6691],[-114.4746,32.6708],[-114.4952,32.6725],[-114.5158,32.6741],[-114.5363,32.6758],[-114.5542,32.6815],[-114.5721,32.6872],[-114.59,32.6929],[-114.6079,32.6986],[-114.6167,32.7283],[-114.6167,32.7284],[-114.6182,32.7283],[-114.6191,32.7284],[-114.6231,32.7291],[-114.6232,32.7291],[-114.6235,32.7292],[-114.6252,32.7294],[-114.6304,32.7302],[-114.6319,32.7306],[-114.6569,32.7337],[-114.659,32.7338],[-114.6679,32.7343],[-114.6692,32.7346],[-114.6919,32.7402],[-114.6971,32.7436],[-114.7019,32.7454],[-114.7019,32.7454],[-114.703,32.7445],[-114.7033,32.7442],[-114.7103,32.7341],[-114.712,32.733],[-114.7127,32.7324],[-114.713,32.7321],[-114.7195,32.7187],[-114.7273,32.7041],[-114.7351,32.6894],[-114.743,32.6747],[-114.7508,32.6601],[-114.7654,32.6492],[-114.78,32.6384],[-114.7947,32.6275],[-114.8093,32.6166],[-114.8005,32.5928],[-114.7918,32.5689],[-114.7972,32.5503],[-114.8026,32.5317],[-114.8079,32.5131],[-114.8133,32.4945],[-114.8,32.4905],[-114.7866,32.4865],[-114.7733,32.4825],[-114.7599,32.4785],[-114.7466,32.4745],[-114.7332,32.4704],[-114.7199,32.4664],[-114.7065,32.4624],[-114.6932,32.4584],[-114.6799,32.4544],[-114.6665,32.4503],[-114.6532,32.4463],[-114.6399,32.4423],[-114.6265,32.4382],[-114.6132,32.4342],[-114.5999,32.4302],[-114.5865,32.4261],[-114.5732,32.4221],[-114.5599,32.4181],[-114.5466,32.414],[-114.5332,32.41],[-114.5199,32.4059],[-114.5066,32.4019],[-114.4933,32.3979],[-114.48,32.3938],[-114.4666,32.3898],[-114.4533,32.3857],[-114.44,32.3817],[-114.4267,32.3776],[-114.4134,32.3735],[-114.4001,32.3695],[-114.3868,32.3654],[-114.3735,32.3614],[-114.3602,32.3573],[-114.3468,32.3532],[-114.3335,32.3492],[-114.3202,32.3451],[-114.3069,32.341],[-114.2936,32.337],[-114.2803,32.3329],[-114.267,32.3288],[-114.2538,32.3247],[-114.2405,32.3207],[-114.2272,32.3166],[-114.2139,32.3125],[-114.2006,32.3084],[-114.1873,32.3043],[-114.174,32.3003],[-114.1607,32.2962],[-114.1474,32.2921],[-114.1342,32.288],[-114.1209,32.2839],[-114.1076,32.2798],[-114.0943,32.2757],[-114.081,32.2716],[-114.0678,32.2675],[-114.0545,32.2634],[-114.0412,32.2593],[-114.0279,32.2552],[-114.0147,32.2511],[-114.0014,32.247],[-113.9881,32.2429],[-113.9749,32.2388],[-113.9616,32.2347],[-113.9614,32.4187],[-113.9418,32.4188],[-113.9222,32.4188],[-113.9025,32.4188],[-113.8829,32.4188],[-113.8633,32.4189],[-113.8437,32.4189],[-113.8241,32.4189],[-113.8045,32.4189],[-113.7849,32.4189],[-113.7652,32.4189],[-113.7456,32.4189],[-113.726,32.4189],[-113.7064,32.4189],[-113.6868,32.4189],[-113.6672,32.4189],[-113.6475,32.4189],[-113.6279,32.4189],[-113.6083,32.4189],[-113.5887,32.4188],[-113.5691,32.4188],[-113.5495,32.4188],[-113.5299,32.4187],[-113.5102,32.4187],[-113.4906,32.4187],[-113.471,32.4186],[-113.4514,32.4186],[-113.4318,32.4185],[-113.4122,32.4184],[-113.3926,32.4184],[-113.3729,32.4183],[-113.3533,32.4183],[-113.3337,32.4182],[-113.309,32.4182],[-113.2843,32.4182],[-113.2597,32.4182],[-113.235,32.4182],[-113.2103,32.4182],[-113.1856,32.4182],[-113.1609,32.4182],[-113.1362,32.4182],[-113.1364,32.5049],[-113.1109,32.505],[-113.0854,32.505],[-113.0599,32.505],[-113.0344,32.505],[-113.0089,32.5051],[-112.9833,32.5051],[-112.9578,32.5051],[-112.9323,32.5051],[-112.9322,32.2006],[-112.9514,32.2006],[-112.9705,32.2006],[-112.9897,32.2006],[-113.0089,32.2006],[-113.028,32.2006],[-113.0472,32.2005],[-113.0664,32.2005],[-113.0856,32.2005],[-113.085,32.0808],[-113.0844,31.9612],[-113.0694,31.9567],[-113.0545,31.9521],[-113.0396,31.9476],[-113.0247,31.9431],[-113.0098,31.9385],[-112.9949,31.934],[-112.98,31.9295],[-112.9651,31.9249],[-112.9502,31.9204],[-112.9353,31.9159],[-112.9204,31.9113],[-112.9055,31.9068],[-112.8906,31.9022],[-112.8757,31.8977],[-112.8608,31.8931],[-112.8459,31.8886],[-112.831,31.884],[-112.8161,31.8795],[-112.8012,31.8749],[-112.7864,31.8704],[-112.7715,31.8658],[-112.7566,31.8612],[-112.7417,31.8567],[-112.7268,31.8521],[-112.712,31.8475],[-112.6971,31.843],[-112.6822,31.8384],[-112.6674,31.8338],[-112.6525,31.8292],[-112.6376,31.8247],[-112.6228,31.8201],[-112.6079,31.8155],[-112.6076,31.8955],[-112.6181,31.907],[-112.6286,31.9185],[-112.639,31.93],[-112.6495,31.9414],[-112.6528,31.9703],[-112.656,31.9992],[-112.6733,32.013],[-112.6906,32.0268],[-112.6946,32.0618],[-112.6985,32.0968],[-112.6909,32.1119],[-112.6833,32.127],[-112.6756,32.1421],[-112.668,32.1573],[-112.6829,32.1572],[-112.6978,32.1572],[-112.7127,32.1572],[-112.7276,32.1572],[-112.7274,32.2438],[-112.7391,32.264],[-112.7507,32.2842],[-112.7624,32.3044],[-112.774,32.3246],[-112.7863,32.331],[-112.7986,32.3374],[-112.8109,32.3438],[-112.8232,32.3502],[-112.8356,32.3566],[-112.8479,32.363],[-112.8602,32.3693],[-112.8725,32.3757],[-112.8744,32.4197],[-112.8763,32.4636],[-112.8781,32.5075],[-112.88,32.5514],[-112.8738,32.5849],[-112.8676,32.6184],[-112.8614,32.6518],[-112.8551,32.6853],[-112.8478,32.6994],[-112.8405,32.7135],[-112.8331,32.7276],[-112.8258,32.7417],[-112.8184,32.7558],[-112.8111,32.7699],[-112.8037,32.7839],[-112.7964,32.798],[-112.789,32.8121],[-112.7817,32.8262],[-112.7743,32.8403],[-112.7669,32.8544],[-112.7596,32.8685],[-112.7522,32.8826],[-112.7448,32.8966],[-112.7374,32.9107],[-112.734,32.9394]]]},"properties":{"OBJECTID":1278,"state":"Arizona","agency":"Arizona Game and Fish Department","unit_type":"GMU","unit_id":"40B","unit_name":"Yuma","unit_label":"Arizona GMU 40B - Yuma","aliases":"2025 | 40b | 40b yuma | arizona | arizona 40b | arizona 40b yuma | arizona game and fish department | arizona game and fish department 40b | arizona game management unit 40b | arizona game management unit 40b yuma | arizona gmu 40b | arizona gmu 40b yuma","year":"2025","Shape_Length":700170.6899653709,"Shape_Area":8905082572.04987}},{"type":"Feature","id":1279,"geometry":{"type":"Polygon","coordinates":[[[-112.3062,33.3816],[-112.322,33.3843],[-112.3377,33.387],[-112.3535,33.3897],[-112.3692,33.3924],[-112.3851,33.389],[-112.401,33.3855],[-112.4169,33.382],[-112.4328,33.3785],[-112.4487,33.375],[-112.4646,33.3715],[-112.4805,33.368],[-112.4964,33.3645],[-112.5123,33.361],[-112.5282,33.3575],[-112.544,33.354],[-112.5599,33.3505],[-112.5758,33.347],[-112.5917,33.3435],[-112.6076,33.34],[-112.6234,33.3365],[-112.6252,33.3555],[-112.6501,33.3538],[-112.675,33.352],[-112.7,33.3503],[-112.7249,33.3485],[-112.7391,33.3403],[-112.7533,33.332],[-112.7674,33.3238],[-112.7816,33.3155],[-112.7896,33.2879],[-112.7976,33.2602],[-112.8179,33.2642],[-112.8382,33.2683],[-112.8586,33.2723],[-112.8789,33.2763],[-112.8992,33.2803],[-112.9195,33.2844],[-112.9399,33.2884],[-112.9602,33.2924],[-112.9787,33.29],[-112.9972,33.2877],[-113.0156,33.2853],[-113.0341,33.2829],[-113.0526,33.2805],[-113.0711,33.2782],[-113.0895,33.2758],[-113.108,33.2734],[-113.1231,33.2673],[-113.1382,33.2611],[-113.1532,33.255],[-113.1683,33.2488],[-113.1834,33.2427],[-113.1985,33.2365],[-113.2135,33.2303],[-113.2286,33.2242],[-113.2341,33.2108],[-113.2395,33.1974],[-113.2449,33.184],[-113.2504,33.1706],[-113.2558,33.1571],[-113.2612,33.1437],[-113.2667,33.1303],[-113.2721,33.1169],[-113.272,33.0524],[-113.2892,33.0442],[-113.3063,33.0361],[-113.306,32.9445],[-113.2944,32.9336],[-113.2827,32.9228],[-113.2711,32.912],[-113.2595,32.9011],[-113.2479,32.8903],[-113.2362,32.8795],[-113.2246,32.8686],[-113.213,32.8578],[-113.1978,32.861],[-113.1825,32.8643],[-113.1672,32.8676],[-113.152,32.8708],[-113.1367,32.8741],[-113.1214,32.8773],[-113.1061,32.8806],[-113.0909,32.8839],[-113.0756,32.8871],[-113.0603,32.8904],[-113.0451,32.8936],[-113.0298,32.8968],[-113.0145,32.9001],[-112.9992,32.9033],[-112.9839,32.9066],[-112.9687,32.9098],[-112.954,32.9117],[-112.9393,32.9135],[-112.9247,32.9154],[-112.91,32.9173],[-112.8954,32.9191],[-112.8807,32.921],[-112.866,32.9228],[-112.8514,32.9247],[-112.8367,32.9265],[-112.822,32.9284],[-112.8074,32.9302],[-112.7927,32.9321],[-112.778,32.9339],[-112.7634,32.9358],[-112.7487,32.9376],[-112.734,32.9394],[-112.7086,32.9352],[-112.6832,32.9309],[-112.6578,32.9266],[-112.6324,32.9223],[-112.6069,32.918],[-112.5815,32.9137],[-112.5561,32.9094],[-112.5307,32.9051],[-112.5097,32.8984],[-112.4887,32.8917],[-112.4677,32.885],[-112.4467,32.8783],[-112.4258,32.8717],[-112.4048,32.8649],[-112.3838,32.8582],[-112.3628,32.8515],[-112.3434,32.8496],[-112.3239,32.8476],[-112.3044,32.8457],[-112.285,32.8437],[-112.2655,32.8418],[-112.246,32.8398],[-112.2266,32.8378],[-112.2071,32.8359],[-112.1919,32.8354],[-112.1767,32.8349],[-112.1615,32.8344],[-112.1463,32.8339],[-112.1311,32.8334],[-112.1159,32.8329],[-112.1007,32.8324],[-112.0855,32.8319],[-112.0703,32.8314],[-112.0551,32.8309],[-112.0399,32.8304],[-112.0247,32.8299],[-112.0095,32.8294],[-111.9943,32.8289],[-111.9791,32.8284],[-111.9639,32.8279],[-111.9638,32.8792],[-111.9851,32.8782],[-112.0065,32.8772],[-112.0278,32.8761],[-112.0491,32.875],[-112.0484,32.9702],[-112.0477,33.0654],[-112.0365,33.087],[-112.0572,33.087],[-112.0779,33.087],[-112.0986,33.087],[-112.1193,33.087],[-112.1399,33.0869],[-112.1606,33.0869],[-112.1813,33.0869],[-112.202,33.0869],[-112.2022,33.2469],[-112.2282,33.2469],[-112.2541,33.2469],[-112.2801,33.2468],[-112.3061,33.2468],[-112.3062,33.3816]]]},"properties":{"OBJECTID":1279,"state":"Arizona","agency":"Arizona Game and Fish Department","unit_type":"GMU","unit_id":"39","unit_name":"Yuma, Mesa","unit_label":"Arizona GMU 39 - Yuma, Mesa","aliases":"2025 | 39 | 39 yuma mesa | arizona | arizona 39 | arizona 39 yuma mesa | arizona game and fish department | arizona game and fish department 39 | arizona game management unit 39 | arizona game management unit 39 yuma mesa | arizona gmu 39 | arizona gmu 3","year":"2025","Shape_Length":357074.6534961545,"Shape_Area":5046594519.725162}},{"type":"Feature","id":1280,"geometry":{"type":"Polygon","coordinates":[[[-113.9219,33.4534],[-113.9046,33.4684],[-113.8872,33.4833],[-113.8699,33.4982],[-113.8526,33.5131],[-113.8537,33.5515],[-113.8731,33.5515],[-113.8926,33.5515],[-113.9121,33.5516],[-113.9315,33.5516],[-113.951,33.5516],[-113.9704,33.5516],[-113.9899,33.5516],[-114.0094,33.5516],[-114.0288,33.5516],[-114.0483,33.5516],[-114.0677,33.5516],[-114.0872,33.5516],[-114.1067,33.5516],[-114.1261,33.5516],[-114.1456,33.5515],[-114.165,33.5515],[-114.165,33.5355],[-114.1655,33.3637],[-114.1722,33.3496],[-114.1789,33.3356],[-114.1856,33.3215],[-114.1923,33.3074],[-114.199,33.2934],[-114.2057,33.2793],[-114.2123,33.2652],[-114.219,33.2512],[-114.2019,33.2478],[-114.1848,33.2445],[-114.1677,33.2411],[-114.1506,33.2377],[-114.1344,33.2304],[-114.1182,33.2231],[-114.102,33.2158],[-114.0859,33.2085],[-114.0697,33.2012],[-114.0535,33.1939],[-114.0373,33.1866],[-114.0211,33.1793],[-114.0136,33.1947],[-114.006,33.2101],[-113.9985,33.2255],[-113.9909,33.2409],[-113.9881,33.2661],[-113.9852,33.2914],[-113.9823,33.3166],[-113.9794,33.3419],[-113.9685,33.3516],[-113.9576,33.3612],[-113.9468,33.3709],[-113.9359,33.3806],[-113.9289,33.417],[-113.9219,33.4534]]]},"properties":{"OBJECTID":1280,"state":"Arizona","agency":"Arizona Game and Fish Department","unit_type":"GMU","unit_id":"45A","unit_name":"Yuma","unit_label":"Arizona GMU 45A - Yuma","aliases":"2025 | 45a | 45a yuma | arizona | arizona 45a | arizona 45a yuma | arizona game and fish department | arizona game and fish department 45a | arizona game management unit 45a | arizona game management unit 45a yuma | arizona gmu 45a | arizona gmu 45a yuma","year":"2025","Shape_Length":129780.25117109412,"Shape_Area":830700291.6372849}},{"type":"Feature","id":1281,"geometry":{"type":"Polygon","coordinates":[[[-114.1506,33.2377],[-114.1677,33.2411],[-114.1848,33.2445],[-114.2019,33.2478],[-114.219,33.2512],[-114.2218,33.2512],[-114.2369,33.2348],[-114.252,33.2185],[-114.2476,33.2004],[-114.2432,33.1822],[-114.2388,33.1641],[-114.2344,33.146],[-114.2341,33.0125],[-114.2342,32.942],[-114.217,32.942],[-114.1998,32.942],[-114.1826,32.942],[-114.1654,32.942],[-114.1482,32.942],[-114.131,32.942],[-114.1138,32.942],[-114.0966,32.942],[-114.0794,32.942],[-114.0623,32.942],[-114.0451,32.9419],[-114.0279,32.9419],[-114.0107,32.9419],[-113.9935,32.9419],[-113.9763,32.9418],[-113.9591,32.9418],[-113.956,32.9639],[-113.9529,32.9859],[-113.9499,33.008],[-113.9468,33.03],[-113.9497,33.0558],[-113.9526,33.0816],[-113.9556,33.1074],[-113.9585,33.1332],[-113.9741,33.1447],[-113.9898,33.1562],[-114.0055,33.1677],[-114.0211,33.1793],[-114.0373,33.1866],[-114.0535,33.1939],[-114.0697,33.2012],[-114.0859,33.2085],[-114.102,33.2158],[-114.1182,33.2231],[-114.1344,33.2304],[-114.1506,33.2377]]]},"properties":{"OBJECTID":1281,"state":"Arizona","agency":"Arizona Game and Fish Department","unit_type":"GMU","unit_id":"45C","unit_name":"Yuma","unit_label":"Arizona GMU 45C - Yuma","aliases":"2025 | 45c | 45c yuma | arizona | arizona 45c | arizona 45c yuma | arizona game and fish department | arizona game and fish department 45c | arizona game management unit 45c | arizona game management unit 45c yuma | arizona gmu 45c | arizona gmu 45c yuma","year":"2025","Shape_Length":110846.83618750075,"Shape_Area":778315943.4952962}},{"type":"Feature","id":1282,"geometry":{"type":"Polygon","coordinates":[[[-112.2441,36.0419],[-112.2642,36.0531],[-112.2844,36.0644],[-112.3045,36.0756],[-112.3246,36.0868],[-112.3447,36.098],[-112.3649,36.1093],[-112.385,36.1205],[-112.4052,36.1317],[-112.4053,36.021],[-112.432,36.021],[-112.4587,36.0209],[-112.4853,36.0208],[-112.512,36.0207],[-112.5107,35.9482],[-112.4993,35.941],[-112.4878,35.9338],[-112.4764,35.9266],[-112.4649,35.9194],[-112.4587,35.9073],[-112.4524,35.8953],[-112.4461,35.8832],[-112.4399,35.8711],[-112.4336,35.859],[-112.4274,35.8469],[-112.4211,35.8348],[-112.4149,35.8227],[-112.425,35.8021],[-112.4351,35.7815],[-112.4452,35.7609],[-112.4554,35.7403],[-112.4426,35.7323],[-112.4298,35.7243],[-112.417,35.7163],[-112.4042,35.7082],[-112.3915,35.7002],[-112.3787,35.6922],[-112.3659,35.6841],[-112.3532,35.6761],[-112.3371,35.675],[-112.3211,35.674],[-112.3051,35.6729],[-112.2891,35.6719],[-112.2731,35.6708],[-112.2571,35.6697],[-112.241,35.6687],[-112.225,35.6676],[-112.2039,35.6615],[-112.1828,35.6553],[-112.1616,35.6492],[-112.1405,35.6431],[-112.1204,35.636],[-112.1003,35.6289],[-112.0803,35.6217],[-112.0602,35.6146],[-112.0401,35.6075],[-112.0201,35.6004],[-112.0,35.5932],[-111.98,35.5861],[-111.9644,35.5915],[-111.9488,35.5969],[-111.9332,35.6023],[-111.9176,35.6076],[-111.902,35.613],[-111.8864,35.6184],[-111.8708,35.6238],[-111.8552,35.6292],[-111.8395,35.6345],[-111.8239,35.6399],[-111.8083,35.6453],[-111.7927,35.6507],[-111.7771,35.656],[-111.7615,35.6614],[-111.7458,35.6668],[-111.7302,35.6721],[-111.7343,35.6904],[-111.7383,35.7087],[-111.7424,35.7269],[-111.7465,35.7452],[-111.7198,35.7452],[-111.6932,35.7451],[-111.6934,35.8249],[-111.7098,35.836],[-111.7262,35.847],[-111.7239,35.8797],[-111.7217,35.9124],[-111.7194,35.945],[-111.7172,35.9777],[-111.7304,35.992],[-111.7436,36.0064],[-111.7637,36.0064],[-111.7839,36.0064],[-111.804,36.0065],[-111.8242,36.0065],[-111.8443,36.0065],[-111.8644,36.0066],[-111.8846,36.0066],[-111.9047,36.0066],[-111.9181,35.9957],[-111.9314,35.9848],[-111.9448,35.9739],[-111.9582,35.963],[-111.9806,35.9702],[-112.003,35.9774],[-112.0255,35.9845],[-112.0479,35.9917],[-112.0701,35.9917],[-112.0924,35.9917],[-112.1146,35.9917],[-112.1369,35.9917],[-112.137,36.0208],[-112.1639,36.0208],[-112.1907,36.0209],[-112.2175,36.0209],[-112.2443,36.0209],[-112.2441,36.0419]]]},"properties":{"OBJECTID":1282,"state":"Arizona","agency":"Arizona Game and Fish Department","unit_type":"GMU","unit_id":"9","unit_name":"Flagstaff","unit_label":"Arizona GMU 9 - Flagstaff","aliases":"2025 | 9 | 9 flagstaff | arizona | arizona 9 | arizona 9 flagstaff | arizona game and fish department | arizona game and fish department 9 | arizona game management unit 9 | arizona game management unit 9 flagstaff | arizona gmu 9 | arizona gmu 9 flagsta","year":"2025","Shape_Length":243344.09479160298,"Shape_Area":2767377515.967285}},{"type":"Feature","id":1283,"geometry":{"type":"MultiPolygon","coordinates":[[[[-111.5191,35.7427],[-111.528,35.7319],[-111.5368,35.721],[-111.5457,35.7101],[-111.5546,35.6993],[-111.5546,35.6411],[-111.5745,35.6416],[-111.5944,35.6421],[-111.6143,35.6426],[-111.6342,35.6431],[-111.6343,35.6721],[-111.6583,35.6721],[-111.6822,35.6721],[-111.7062,35.6721],[-111.7302,35.6721],[-111.7458,35.6668],[-111.7615,35.6614],[-111.7771,35.656],[-111.7927,35.6507],[-111.8083,35.6453],[-111.8239,35.6399],[-111.8395,35.6345],[-111.8552,35.6292],[-111.8708,35.6238],[-111.8864,35.6184],[-111.902,35.613],[-111.9176,35.6076],[-111.9332,35.6023],[-111.9488,35.5969],[-111.9644,35.5915],[-111.98,35.5861],[-111.957,35.5807],[-111.934,35.5753],[-111.9111,35.5699],[-111.8881,35.5645],[-111.8725,35.5497],[-111.8569,35.5348],[-111.8413,35.5199],[-111.8257,35.505],[-111.8102,35.4902],[-111.7946,35.4753],[-111.779,35.4604],[-111.7635,35.4455],[-111.7701,35.4281],[-111.7766,35.4108],[-111.7832,35.3934],[-111.7898,35.376],[-111.7799,35.3527],[-111.77,35.3294],[-111.7602,35.3061],[-111.7503,35.2828],[-111.7266,35.2815],[-111.7029,35.2803],[-111.6792,35.2791],[-111.6555,35.2779],[-111.6411,35.2821],[-111.6268,35.2863],[-111.6124,35.2904],[-111.5981,35.2946],[-111.5925,35.3139],[-111.587,35.3332],[-111.5815,35.3525],[-111.5759,35.3718],[-111.5542,35.368],[-111.5325,35.3643],[-111.5107,35.3605],[-111.489,35.3568],[-111.4684,35.3681],[-111.4478,35.3793],[-111.441,35.3564],[-111.4342,35.3335],[-111.4274,35.3107],[-111.4206,35.2878],[-111.4138,35.2649],[-111.407,35.242],[-111.4002,35.2191],[-111.3934,35.1962],[-111.3746,35.1905],[-111.3558,35.1848],[-111.337,35.1792],[-111.3182,35.1735],[-111.2994,35.1678],[-111.2806,35.1621],[-111.2618,35.1564],[-111.243,35.1507],[-111.243,35.1566],[-111.2428,35.4886],[-111.2487,35.5055],[-111.2546,35.5224],[-111.2605,35.5394],[-111.2664,35.5563],[-111.2765,35.564],[-111.2867,35.5717],[-111.2968,35.5794],[-111.3069,35.5871],[-111.3128,35.6035],[-111.3187,35.62],[-111.3245,35.6364],[-111.3304,35.6528],[-111.3241,35.6668],[-111.3178,35.6807],[-111.3116,35.6947],[-111.3053,35.7087],[-111.3128,35.7328],[-111.3203,35.7568],[-111.3429,35.7569],[-111.3655,35.757],[-111.3881,35.7571],[-111.4108,35.7571],[-111.4334,35.7572],[-111.456,35.7573],[-111.4786,35.7573],[-111.5012,35.7574],[-111.5191,35.7427]]],[[[-111.5191,35.7427],[-111.5369,35.7574],[-111.5369,35.7427],[-111.5191,35.7427]]]]},"properties":{"OBJECTID":1283,"state":"Arizona","agency":"Arizona Game and Fish Department","unit_type":"GMU","unit_id":"7E","unit_name":"Flagstaff","unit_label":"Arizona GMU 7E - Flagstaff","aliases":"2025 | 7e | 7e flagstaff | arizona | arizona 7e | arizona 7e flagstaff | arizona game and fish department | arizona game and fish department 7e | arizona game management unit 7e | arizona game management unit 7e flagstaff | arizona gmu 7e | arizona gmu 7","year":"2025","Shape_Length":266527.1716507945,"Shape_Area":2374235765.927142}},{"type":"Feature","id":1284,"geometry":{"type":"Polygon","coordinates":[[[-111.4586,35.0535],[-111.4745,35.061],[-111.4905,35.0685],[-111.5065,35.076],[-111.5224,35.0835],[-111.5384,35.091],[-111.5544,35.0985],[-111.5704,35.1059],[-111.5863,35.1134],[-111.6006,35.1016],[-111.6149,35.0898],[-111.6292,35.078],[-111.6435,35.0662],[-111.6654,35.0781],[-111.6873,35.0901],[-111.6987,35.0812],[-111.71,35.0724],[-111.7214,35.0635],[-111.7327,35.0547],[-111.7378,35.0271],[-111.7429,34.9996],[-111.748,34.9721],[-111.7532,34.9446],[-111.7409,34.9292],[-111.7286,34.9138],[-111.7375,34.9018],[-111.7463,34.8899],[-111.7552,34.8779],[-111.764,34.866],[-111.7797,34.8622],[-111.7954,34.8585],[-111.8112,34.8547],[-111.8269,34.8509],[-111.8426,34.8472],[-111.8583,34.8434],[-111.8741,34.8396],[-111.8898,34.8359],[-111.9024,34.8215],[-111.915,34.8072],[-111.9277,34.7929],[-111.9403,34.7786],[-111.9529,34.7643],[-111.9655,34.75],[-111.9781,34.7357],[-111.9907,34.7214],[-111.9776,34.7097],[-111.9646,34.698],[-111.9515,34.6863],[-111.9384,34.6747],[-111.931,34.6637],[-111.9237,34.6527],[-111.9163,34.6418],[-111.9089,34.6308],[-111.9016,34.6198],[-111.8942,34.6089],[-111.8869,34.5979],[-111.8795,34.5869],[-111.8744,34.5599],[-111.8692,34.5329],[-111.8585,34.5248],[-111.8477,34.5167],[-111.8369,34.5086],[-111.8261,34.5005],[-111.8153,34.4924],[-111.8045,34.4843],[-111.7937,34.4762],[-111.783,34.4681],[-111.7851,34.4035],[-111.7744,34.3966],[-111.7637,34.3897],[-111.7529,34.3829],[-111.7422,34.376],[-111.7315,34.3691],[-111.7208,34.3622],[-111.7101,34.3553],[-111.6993,34.3484],[-111.6872,34.3599],[-111.675,34.3714],[-111.6629,34.3829],[-111.6507,34.3944],[-111.631,34.4032],[-111.6114,34.412],[-111.5917,34.4208],[-111.5719,34.4297],[-111.5563,34.4276],[-111.5406,34.4255],[-111.5249,34.4235],[-111.5092,34.4214],[-111.4936,34.4268],[-111.4779,34.4321],[-111.4623,34.4375],[-111.4466,34.4429],[-111.431,34.4482],[-111.4153,34.4536],[-111.3997,34.4589],[-111.384,34.4643],[-111.3754,34.4749],[-111.3668,34.4856],[-111.3582,34.4962],[-111.3496,34.5069],[-111.341,34.5175],[-111.3323,34.5282],[-111.3237,34.5388],[-111.3151,34.5495],[-111.3242,34.5704],[-111.3334,34.5914],[-111.3426,34.6123],[-111.3518,34.6333],[-111.361,34.6542],[-111.3702,34.6752],[-111.3793,34.6961],[-111.3885,34.7171],[-111.4024,34.7348],[-111.4163,34.7525],[-111.4302,34.7702],[-111.444,34.7879],[-111.4409,34.8222],[-111.4377,34.8565],[-111.4346,34.8908],[-111.4314,34.9251],[-111.4382,34.9572],[-111.445,34.9893],[-111.4518,35.0214],[-111.4586,35.0535]]]},"properties":{"OBJECTID":1284,"state":"Arizona","agency":"Arizona Game and Fish Department","unit_type":"GMU","unit_id":"6A","unit_name":"Flagstaff, Kingman","unit_label":"Arizona GMU 6A - Flagstaff, Kingman","aliases":"2025 | 6a | 6a flagstaff kingman | arizona | arizona 6a | arizona 6a flagstaff kingman | arizona game and fish department | arizona game and fish department 6a | arizona game management unit 6a | arizona game management unit 6a flagstaff kingman | arizon","year":"2025","Shape_Length":237730.21547704542,"Shape_Area":2989941230.7676334}},{"type":"Feature","id":1285,"geometry":{"type":"Polygon","coordinates":[[[-114.4748,33.4323],[-114.4948,33.4297],[-114.5149,33.4271],[-114.5349,33.4245],[-114.555,33.4219],[-114.575,33.4193],[-114.5951,33.4166],[-114.6151,33.414],[-114.6352,33.4114],[-114.6426,33.4004],[-114.6501,33.3894],[-114.6576,33.3785],[-114.665,33.3675],[-114.667,33.3311],[-114.6689,33.2946],[-114.6709,33.2582],[-114.6728,33.2217],[-114.6732,33.2217],[-114.6785,33.2044],[-114.6783,33.1997],[-114.6793,33.1719],[-114.6795,33.1704],[-114.679,33.1653],[-114.6787,33.1637],[-114.6872,33.1481],[-114.6957,33.1325],[-114.6958,33.1324],[-114.6969,33.1305],[-114.6988,33.126],[-114.7031,33.1084],[-114.7075,33.0908],[-114.7067,33.0888],[-114.6993,33.0864],[-114.6991,33.0864],[-114.6892,33.0799],[-114.6875,33.0722],[-114.6751,33.0584],[-114.6746,33.0578],[-114.6744,33.0527],[-114.6746,33.0453],[-114.654,33.0417],[-114.6334,33.0382],[-114.63,33.0334],[-114.6276,33.0307],[-114.626,33.0298],[-114.6247,33.0292],[-114.6233,33.0287],[-114.6032,33.0295],[-114.5831,33.0302],[-114.5825,33.0311],[-114.5818,33.0322],[-114.5784,33.0354],[-114.5548,33.0339],[-114.5311,33.0324],[-114.5255,33.0313],[-114.5245,33.0311],[-114.5194,33.0296],[-114.5118,33.024],[-114.5056,33.0163],[-114.5033,33.0122],[-114.5019,33.0091],[-114.5004,33.0055],[-114.4997,33.0042],[-114.4916,32.9949],[-114.4835,32.9855],[-114.4754,32.9762],[-114.4674,32.9668],[-114.4672,32.9658],[-114.4672,32.9633],[-114.4673,32.963],[-114.4673,32.9605],[-114.4675,32.9578],[-114.4682,32.9555],[-114.4689,32.9537],[-114.4707,32.9501],[-114.4712,32.9494],[-114.4712,32.9494],[-114.4747,32.9446],[-114.4753,32.944],[-114.481,32.936],[-114.472,32.9194],[-114.463,32.9028],[-114.4646,32.8887],[-114.4667,32.8706],[-114.4733,32.859],[-114.4799,32.8474],[-114.4864,32.8358],[-114.493,32.8242],[-114.4936,32.8238],[-114.5107,32.8162],[-114.5178,32.8076],[-114.5287,32.7961],[-114.5288,32.7959],[-114.5308,32.7932],[-114.5321,32.7815],[-114.5327,32.7798],[-114.5326,32.7788],[-114.5324,32.7764],[-114.5319,32.7743],[-114.5317,32.7737],[-114.5269,32.7574],[-114.5388,32.7571],[-114.5517,32.7498],[-114.5646,32.7425],[-114.5666,32.7425],[-114.5715,32.7425],[-114.5815,32.7425],[-114.5817,32.7357],[-114.5881,32.7351],[-114.6148,32.7341],[-114.6147,32.7334],[-114.6158,32.7287],[-114.6163,32.7285],[-114.6167,32.7284],[-114.6167,32.7283],[-114.6079,32.6986],[-114.5872,32.6988],[-114.5665,32.6989],[-114.5458,32.6991],[-114.525,32.6993],[-114.5043,32.6994],[-114.4836,32.6996],[-114.4628,32.6997],[-114.4421,32.6999],[-114.4288,32.7177],[-114.4155,32.7356],[-114.4022,32.7535],[-114.3889,32.7714],[-114.3806,32.7953],[-114.3723,32.8192],[-114.364,32.8432],[-114.3557,32.8671],[-114.3479,32.8789],[-114.3401,32.8907],[-114.3322,32.9025],[-114.3244,32.9143],[-114.3166,32.9261],[-114.3088,32.9379],[-114.301,32.9497],[-114.2931,32.9615],[-114.2784,32.9742],[-114.2636,32.987],[-114.2489,32.9998],[-114.2341,33.0125],[-114.2344,33.146],[-114.2388,33.1641],[-114.2432,33.1822],[-114.2476,33.2004],[-114.252,33.2185],[-114.2369,33.2348],[-114.2218,33.2512],[-114.2192,33.2958],[-114.2166,33.3404],[-114.233,33.3447],[-114.2494,33.3491],[-114.2658,33.3534],[-114.2822,33.3578],[-114.2986,33.3621],[-114.315,33.3665],[-114.3314,33.3708],[-114.3478,33.3752],[-114.3637,33.3823],[-114.3795,33.3895],[-114.3954,33.3966],[-114.4113,33.4038],[-114.4271,33.4109],[-114.443,33.418],[-114.4589,33.4252],[-114.4748,33.4323]]]},"properties":{"OBJECTID":1285,"state":"Arizona","agency":"Arizona Game and Fish Department","unit_type":"GMU","unit_id":"43B","unit_name":"Yuma","unit_label":"Arizona GMU 43B - Yuma","aliases":"2025 | 43b | 43b yuma | arizona | arizona 43b | arizona 43b yuma | arizona game and fish department | arizona game and fish department 43b | arizona game management unit 43b | arizona game management unit 43b yuma | arizona gmu 43b | arizona gmu 43b yuma","year":"2025","Shape_Length":242048.5269347776,"Shape_Area":2249614230.3816285}},{"type":"Feature","id":1286,"geometry":{"type":"Polygon","coordinates":[[[-114.0939,34.2995],[-114.1162,34.3016],[-114.1386,34.3036],[-114.1356,34.2577],[-114.1462,34.2594],[-114.1468,34.2594],[-114.1504,34.2586],[-114.1511,34.2584],[-114.1519,34.2582],[-114.1544,34.2579],[-114.1638,34.2595],[-114.1649,34.2595],[-114.1652,34.2584],[-114.1675,34.2493],[-114.1703,34.2486],[-114.1735,34.2478],[-114.1742,34.2476],[-114.1838,34.2383],[-114.1934,34.2291],[-114.2029,34.2199],[-114.2125,34.2106],[-114.2127,34.2105],[-114.2215,34.1984],[-114.2304,34.1864],[-114.2309,34.1861],[-114.2321,34.1858],[-114.2353,34.1849],[-114.238,34.1841],[-114.2403,34.1834],[-114.2461,34.1784],[-114.2482,34.1774],[-114.2496,34.1767],[-114.2503,34.1763],[-114.2591,34.1726],[-114.2642,34.1714],[-114.2643,34.1713],[-114.2683,34.1704],[-114.2692,34.1705],[-114.2882,34.17],[-114.298,34.1606],[-114.3017,34.1569],[-114.3025,34.156],[-114.3054,34.1532],[-114.3064,34.1522],[-114.3067,34.1519],[-114.311,34.1467],[-114.3117,34.1457],[-114.3216,34.1383],[-114.3249,34.1363],[-114.326,34.1359],[-114.3287,34.1353],[-114.3336,34.1344],[-114.3539,34.1323],[-114.3617,34.1226],[-114.3636,34.1208],[-114.3678,34.1181],[-114.3816,34.1152],[-114.3876,34.1115],[-114.4102,34.1107],[-114.4122,34.1097],[-114.4157,34.1078],[-114.4241,34.0985],[-114.4261,34.0969],[-114.4332,34.0755],[-114.4403,34.0541],[-114.4473,34.0327],[-114.4544,34.0113],[-114.455,34.0112],[-114.4573,34.0113],[-114.4656,34.0112],[-114.4674,34.0071],[-114.4675,34.0064],[-114.4615,33.9936],[-114.467,33.9935],[-114.4719,33.9877],[-114.4784,33.9832],[-114.4878,33.9735],[-114.4897,33.9714],[-114.4916,33.9698],[-114.4931,33.9686],[-114.4966,33.9653],[-114.4983,33.9636],[-114.5069,33.9584],[-114.5085,33.9577],[-114.5139,33.9576],[-114.5149,33.9579],[-114.5151,33.958],[-114.5173,33.9576],[-114.5179,33.9573],[-114.5185,33.957],[-114.5219,33.9547],[-114.5293,33.9461],[-114.5338,33.9391],[-114.5346,33.9374],[-114.5355,33.9345],[-114.5357,33.9334],[-114.5358,33.931],[-114.5355,33.9264],[-114.5352,33.9259],[-114.5349,33.9254],[-114.5219,33.9131],[-114.5089,33.9007],[-114.5098,33.8999],[-114.5101,33.8997],[-114.5217,33.9005],[-114.5234,33.9013],[-114.5248,33.9016],[-114.5249,33.9016],[-114.5259,33.9005],[-114.5243,33.8946],[-114.524,33.894],[-114.5233,33.8929],[-114.5229,33.8923],[-114.5214,33.8909],[-114.5159,33.886],[-114.508,33.8796],[-114.5064,33.8785],[-114.5034,33.8695],[-114.5034,33.8674],[-114.5039,33.8652],[-114.504,33.8648],[-114.5048,33.8639],[-114.5108,33.8619],[-114.5114,33.8614],[-114.5128,33.8602],[-114.515,33.8585],[-114.5301,33.8572],[-114.5261,33.8394],[-114.525,33.8376],[-114.5221,33.832],[-114.5219,33.8316],[-114.52,33.8266],[-114.5201,33.824],[-114.5201,33.8239],[-114.5202,33.8235],[-114.5221,33.8196],[-114.5236,33.8183],[-114.5281,33.8144],[-114.5272,33.8128],[-114.5172,33.7897],[-114.5169,33.7887],[-114.5162,33.787],[-114.516,33.7865],[-114.5101,33.7713],[-114.5042,33.7561],[-114.5041,33.7557],[-114.5077,33.7427],[-114.5079,33.7422],[-114.5094,33.74],[-114.5096,33.7396],[-114.5122,33.7351],[-114.5123,33.7347],[-114.5122,33.7338],[-114.5108,33.7327],[-114.5029,33.7255],[-114.5011,33.7226],[-114.5003,33.722],[-114.4992,33.7212],[-114.4954,33.7165],[-114.4944,33.7111],[-114.4944,33.7074],[-114.4946,33.7058],[-114.4972,33.6965],[-114.4975,33.6963],[-114.4987,33.6959],[-114.5032,33.694],[-114.5051,33.6931],[-114.5285,33.6822],[-114.531,33.6767],[-114.5316,33.6739],[-114.5317,33.673],[-114.5313,33.6681],[-114.5162,33.6625],[-114.5162,33.6625],[-114.5141,33.6588],[-114.5308,33.6452],[-114.5238,33.6366],[-114.5237,33.6359],[-114.5247,33.632],[-114.5309,33.6275],[-114.531,33.6272],[-114.5297,33.6223],[-114.5218,33.6127],[-114.5218,33.6123],[-114.5218,33.6116],[-114.5219,33.6115],[-114.5226,33.6106],[-114.5276,33.6081],[-114.5315,33.604],[-114.5368,33.5961],[-114.5393,33.593],[-114.5404,33.5892],[-114.5402,33.5866],[-114.5406,33.5829],[-114.5405,33.582],[-114.5404,33.5815],[-114.537,33.5725],[-114.5357,33.5689],[-114.5327,33.5646],[-114.5313,33.5616],[-114.5253,33.5517],[-114.5308,33.5492],[-114.5336,33.5467],[-114.5505,33.5371],[-114.5511,33.5367],[-114.5598,33.5284],[-114.5598,33.5283],[-114.5607,33.5225],[-114.5606,33.5221],[-114.5605,33.5206],[-114.562,33.5156],[-114.5757,33.5085],[-114.5894,33.5015],[-114.5901,33.5009],[-114.5935,33.4962],[-114.5972,33.4909],[-114.5997,33.4846],[-114.6002,33.4838],[-114.6018,33.4819],[-114.6024,33.4813],[-114.6038,33.48],[-114.6058,33.4772],[-114.6114,33.4718],[-114.6117,33.4715],[-114.6155,33.466],[-114.62,33.4609],[-114.6204,33.4605],[-114.6225,33.4577],[-114.6233,33.4547],[-114.6231,33.4536],[-114.6258,33.4374],[-114.6266,33.4348],[-114.6294,33.4284],[-114.6319,33.4259],[-114.6333,33.4246],[-114.6367,33.4215],[-114.6371,33.4211],[-114.6388,33.4198],[-114.6458,33.4152],[-114.6563,33.4128],[-114.6611,33.4141],[-114.6618,33.4143],[-114.6634,33.415],[-114.6692,33.4167],[-114.6717,33.4175],[-114.694,33.416],[-114.6947,33.4157],[-114.6957,33.415],[-114.6966,33.4137],[-114.7073,33.4076],[-114.7103,33.4073],[-114.7251,33.4058],[-114.7253,33.4055],[-114.7255,33.405],[-114.7246,33.4009],[-114.7215,33.3971],[-114.7141,33.389],[-114.7124,33.3874],[-114.7071,33.3818],[-114.7073,33.3787],[-114.7016,33.3664],[-114.7013,33.3659],[-114.7,33.3632],[-114.699,33.3609],[-114.6983,33.3548],[-114.6993,33.3444],[-114.7004,33.3387],[-114.7065,33.3257],[-114.7074,33.3242],[-114.7078,33.3236],[-114.7085,33.3228],[-114.7088,33.3223],[-114.7107,33.3204],[-114.7226,33.3129],[-114.7234,33.312],[-114.7252,33.3091],[-114.7314,33.3035],[-114.7314,33.3027],[-114.7174,33.2936],[-114.7033,33.2845],[-114.6893,33.2753],[-114.6753,33.2662],[-114.6734,33.2631],[-114.6733,33.2563],[-114.6845,33.2496],[-114.6879,33.2426],[-114.6852,33.2389],[-114.6765,33.2286],[-114.6761,33.2282],[-114.6732,33.2217],[-114.6728,33.2217],[-114.6709,33.2582],[-114.6689,33.2946],[-114.667,33.3311],[-114.665,33.3675],[-114.6576,33.3785],[-114.6501,33.3894],[-114.6426,33.4004],[-114.6352,33.4114],[-114.6151,33.414],[-114.5951,33.4166],[-114.575,33.4193],[-114.555,33.4219],[-114.5349,33.4245],[-114.5149,33.4271],[-114.4948,33.4297],[-114.4748,33.4323],[-114.4589,33.4252],[-114.443,33.418],[-114.4271,33.4109],[-114.4113,33.4038],[-114.3954,33.3966],[-114.3795,33.3895],[-114.3637,33.3823],[-114.3478,33.3752],[-114.3314,33.3708],[-114.315,33.3665],[-114.2986,33.3621],[-114.2822,33.3578],[-114.2658,33.3534],[-114.2494,33.3491],[-114.233,33.3447],[-114.2166,33.3404],[-114.2192,33.2958],[-114.2218,33.2512],[-114.219,33.2512],[-114.2123,33.2652],[-114.2057,33.2793],[-114.199,33.2934],[-114.1923,33.3074],[-114.1856,33.3215],[-114.1789,33.3356],[-114.1722,33.3496],[-114.1655,33.3637],[-114.165,33.5355],[-114.191,33.5366],[-114.217,33.5377],[-114.2167,33.9949],[-114.2271,34.0039],[-114.2375,34.0129],[-114.2479,34.022],[-114.2584,34.031],[-114.266,34.0608],[-114.2737,34.0907],[-114.2814,34.1205],[-114.289,34.1503],[-114.269,34.1608],[-114.2489,34.1712],[-114.2288,34.1817],[-114.2087,34.1922],[-114.1988,34.2009],[-114.1889,34.2095],[-114.179,34.2182],[-114.1691,34.2268],[-114.1592,34.2355],[-114.1492,34.2442],[-114.1393,34.2528],[-114.1294,34.2615],[-114.1205,34.271],[-114.1116,34.2805],[-114.1028,34.29],[-114.0939,34.2995]]]},"properties":{"OBJECTID":1286,"state":"Arizona","agency":"Arizona Game and Fish Department","unit_type":"GMU","unit_id":"43A","unit_name":"Yuma","unit_label":"Arizona GMU 43A - Yuma","aliases":"2025 | 43a | 43a yuma | arizona | arizona 43a | arizona 43a yuma | arizona game and fish department | arizona game and fish department 43a | arizona game management unit 43a | arizona game management unit 43a yuma | arizona gmu 43a | arizona gmu 43a yuma","year":"2025","Shape_Length":380782.42447959067,"Shape_Area":2457735001.363929}},{"type":"Feature","id":1287,"geometry":{"type":"Polygon","coordinates":[[[-113.092,34.2672],[-113.1035,34.28],[-113.1151,34.2928],[-113.1266,34.3055],[-113.1382,34.3183],[-113.1497,34.3311],[-113.1613,34.3438],[-113.1729,34.3566],[-113.1844,34.3693],[-113.2021,34.3635],[-113.2198,34.3577],[-113.2375,34.352],[-113.2552,34.3462],[-113.2729,34.3404],[-113.2905,34.3345],[-113.3082,34.3287],[-113.3259,34.3229],[-113.3368,34.3151],[-113.3477,34.3074],[-113.3586,34.2996],[-113.3695,34.2918],[-113.3898,34.2936],[-113.4101,34.2955],[-113.4304,34.2973],[-113.4507,34.2991],[-113.471,34.301],[-113.4913,34.3028],[-113.5116,34.3046],[-113.5319,34.3064],[-113.5411,34.2968],[-113.5503,34.2871],[-113.5595,34.2775],[-113.5687,34.2679],[-113.5779,34.2583],[-113.5871,34.2487],[-113.5963,34.239],[-113.6055,34.2294],[-113.6282,34.2245],[-113.6508,34.2196],[-113.6734,34.2146],[-113.696,34.2097],[-113.7135,34.2237],[-113.7309,34.2378],[-113.7566,34.2341],[-113.7823,34.2305],[-113.808,34.2269],[-113.8337,34.2232],[-113.843,34.2378],[-113.8523,34.2523],[-113.8753,34.2532],[-113.8984,34.2542],[-113.9214,34.2552],[-113.9445,34.2561],[-113.9675,34.2571],[-113.9906,34.2581],[-114.0136,34.259],[-114.0367,34.26],[-114.051,34.2698],[-114.0653,34.2797],[-114.0796,34.2896],[-114.0939,34.2995],[-114.1028,34.29],[-114.1116,34.2805],[-114.1205,34.271],[-114.1294,34.2615],[-114.1393,34.2528],[-114.1492,34.2442],[-114.1592,34.2355],[-114.1691,34.2268],[-114.179,34.2182],[-114.1889,34.2095],[-114.1988,34.2009],[-114.2087,34.1922],[-114.2288,34.1817],[-114.2489,34.1712],[-114.269,34.1608],[-114.289,34.1503],[-114.2814,34.1205],[-114.2737,34.0907],[-114.266,34.0608],[-114.2584,34.031],[-114.2479,34.022],[-114.2375,34.0129],[-114.2271,34.0039],[-114.2167,33.9949],[-114.1995,33.9944],[-114.1824,33.9939],[-114.1652,33.9934],[-114.148,33.9929],[-114.1309,33.9924],[-114.1137,33.9919],[-114.0966,33.9913],[-114.0794,33.9908],[-114.0685,33.9813],[-114.0576,33.9718],[-114.0467,33.9623],[-114.0358,33.9527],[-114.0249,33.9432],[-114.014,33.9337],[-114.0032,33.9241],[-113.9923,33.9146],[-113.9773,33.9039],[-113.9623,33.8933],[-113.9473,33.8826],[-113.9323,33.872],[-113.9173,33.8613],[-113.9023,33.8507],[-113.8873,33.84],[-113.8723,33.8294],[-113.8574,33.8187],[-113.8424,33.808],[-113.8274,33.7974],[-113.8125,33.7867],[-113.7975,33.776],[-113.7826,33.7653],[-113.7676,33.7547],[-113.7527,33.744],[-113.7564,33.7157],[-113.7601,33.6875],[-113.7639,33.6592],[-113.7676,33.631],[-113.7484,33.6281],[-113.7293,33.6252],[-113.7101,33.6224],[-113.691,33.6195],[-113.6718,33.6166],[-113.6527,33.6137],[-113.6336,33.6108],[-113.6144,33.6079],[-113.5953,33.605],[-113.5762,33.6021],[-113.557,33.5992],[-113.5379,33.5963],[-113.5188,33.5934],[-113.4996,33.5905],[-113.4805,33.5876],[-113.4614,33.5847],[-113.4422,33.5817],[-113.4231,33.5788],[-113.404,33.5759],[-113.3849,33.573],[-113.3657,33.57],[-113.3466,33.5671],[-113.3275,33.5641],[-113.3084,33.5612],[-113.2893,33.5582],[-113.2702,33.5553],[-113.2511,33.5523],[-113.2319,33.5494],[-113.2128,33.5464],[-113.1937,33.5435],[-113.1746,33.5405],[-113.1555,33.5375],[-113.1736,33.5463],[-113.1918,33.5552],[-113.2099,33.564],[-113.228,33.5728],[-113.2462,33.5816],[-113.2643,33.5904],[-113.2825,33.5992],[-113.3006,33.608],[-113.3006,33.7063],[-113.2888,33.7273],[-113.277,33.7482],[-113.2656,33.7551],[-113.2543,33.762],[-113.243,33.7688],[-113.2316,33.7757],[-113.2203,33.7826],[-113.2089,33.7894],[-113.1976,33.7963],[-113.1862,33.8032],[-113.1838,33.838],[-113.1814,33.8728],[-113.179,33.9076],[-113.1766,33.9424],[-113.1649,33.9552],[-113.1532,33.968],[-113.1415,33.9808],[-113.1298,33.9935],[-113.1186,34.0017],[-113.1074,34.0098],[-113.0963,34.0179],[-113.0851,34.0261],[-113.0739,34.0342],[-113.0627,34.0423],[-113.0515,34.0504],[-113.0403,34.0586],[-113.0291,34.0667],[-113.0179,34.0748],[-113.0067,34.0829],[-112.9955,34.091],[-112.9843,34.0992],[-112.9731,34.1073],[-112.9619,34.1154],[-112.9507,34.1235],[-112.9647,34.1336],[-112.9788,34.1437],[-112.9929,34.1538],[-113.0069,34.1639],[-113.021,34.1739],[-113.0351,34.184],[-113.0492,34.1941],[-113.0633,34.2042],[-113.0704,34.2199],[-113.0776,34.2357],[-113.0848,34.2515],[-113.092,34.2672]]]},"properties":{"OBJECTID":1287,"state":"Arizona","agency":"Arizona Game and Fish Department","unit_type":"GMU","unit_id":"44A","unit_name":"Yuma","unit_label":"Arizona GMU 44A - Yuma","aliases":"2025 | 44a | 44a yuma | arizona | arizona 44a | arizona 44a yuma | arizona game and fish department | arizona game and fish department 44a | arizona game management unit 44a | arizona game management unit 44a yuma | arizona gmu 44a | arizona gmu 44a yuma","year":"2025","Shape_Length":384430.48662021424,"Shape_Area":6101073416.006436}},{"type":"Feature","id":1288,"geometry":{"type":"Polygon","coordinates":[[[-114.0794,33.9908],[-114.0966,33.9913],[-114.1137,33.9919],[-114.1309,33.9924],[-114.148,33.9929],[-114.1652,33.9934],[-114.1824,33.9939],[-114.1995,33.9944],[-114.2167,33.9949],[-114.217,33.5377],[-114.191,33.5366],[-114.165,33.5355],[-114.165,33.5515],[-114.1456,33.5515],[-114.1261,33.5516],[-114.1067,33.5516],[-114.0872,33.5516],[-114.0677,33.5516],[-114.0483,33.5516],[-114.0288,33.5516],[-114.0094,33.5516],[-113.9899,33.5516],[-113.9704,33.5516],[-113.951,33.5516],[-113.9315,33.5516],[-113.9121,33.5516],[-113.8926,33.5515],[-113.8731,33.5515],[-113.8537,33.5515],[-113.834,33.5515],[-113.8144,33.5515],[-113.7948,33.5515],[-113.7751,33.5515],[-113.7714,33.5912],[-113.7676,33.631],[-113.7639,33.6592],[-113.7601,33.6875],[-113.7564,33.7157],[-113.7527,33.744],[-113.7676,33.7547],[-113.7826,33.7653],[-113.7975,33.776],[-113.8125,33.7867],[-113.8274,33.7974],[-113.8424,33.808],[-113.8574,33.8187],[-113.8723,33.8294],[-113.8873,33.84],[-113.9023,33.8507],[-113.9173,33.8613],[-113.9323,33.872],[-113.9473,33.8826],[-113.9623,33.8933],[-113.9773,33.9039],[-113.9923,33.9146],[-114.0032,33.9241],[-114.014,33.9337],[-114.0249,33.9432],[-114.0358,33.9527],[-114.0467,33.9623],[-114.0576,33.9718],[-114.0685,33.9813],[-114.0794,33.9908]]]},"properties":{"OBJECTID":1288,"state":"Arizona","agency":"Arizona Game and Fish Department","unit_type":"GMU","unit_id":"44B","unit_name":"Yuma","unit_label":"Arizona GMU 44B - Yuma","aliases":"2025 | 44b | 44b yuma | arizona | arizona 44b | arizona 44b yuma | arizona game and fish department | arizona game and fish department 44b | arizona game management unit 44b | arizona game management unit 44b yuma | arizona gmu 44b | arizona gmu 44b yuma","year":"2025","Shape_Length":168633.44953348092,"Shape_Area":1650934329.6696284}},{"type":"Feature","id":1289,"geometry":{"type":"Polygon","coordinates":[[[-110.1798,31.6324],[-110.1832,31.6552],[-110.1867,31.678],[-110.1902,31.7008],[-110.1936,31.7235],[-110.209,31.7198],[-110.2244,31.7161],[-110.2398,31.7123],[-110.2552,31.7086],[-110.2706,31.7048],[-110.2859,31.701],[-110.3013,31.6973],[-110.3167,31.6935],[-110.3368,31.6931],[-110.3568,31.6927],[-110.3768,31.6922],[-110.3969,31.6918],[-110.4128,31.6958],[-110.4288,31.6999],[-110.4448,31.7039],[-110.4607,31.7079],[-110.4767,31.712],[-110.4926,31.716],[-110.5086,31.72],[-110.5246,31.724],[-110.5202,31.6673],[-110.5308,31.647],[-110.5415,31.6267],[-110.5522,31.6064],[-110.5629,31.5861],[-110.5549,31.5724],[-110.5469,31.5587],[-110.5389,31.545],[-110.5308,31.5314],[-110.5384,31.5214],[-110.546,31.5115],[-110.5535,31.5015],[-110.5611,31.4916],[-110.5687,31.4816],[-110.5762,31.4717],[-110.5838,31.4617],[-110.5913,31.4518],[-110.599,31.4221],[-110.6067,31.3924],[-110.6143,31.3627],[-110.622,31.333],[-110.6072,31.3331],[-110.5925,31.3332],[-110.5778,31.3332],[-110.5631,31.3333],[-110.5483,31.3333],[-110.5336,31.3334],[-110.5189,31.3334],[-110.5041,31.3335],[-110.4894,31.3335],[-110.4747,31.3336],[-110.46,31.3336],[-110.4452,31.3337],[-110.4305,31.3337],[-110.4158,31.3337],[-110.4011,31.3338],[-110.3863,31.3338],[-110.3716,31.3338],[-110.3569,31.3339],[-110.3422,31.3339],[-110.3274,31.3339],[-110.3127,31.3339],[-110.298,31.334],[-110.2833,31.334],[-110.2685,31.334],[-110.2538,31.334],[-110.2391,31.334],[-110.2244,31.3341],[-110.2096,31.3341],[-110.1949,31.3341],[-110.1802,31.3341],[-110.1655,31.3341],[-110.1507,31.3341],[-110.1396,31.3478],[-110.1284,31.3615],[-110.1172,31.3752],[-110.106,31.3889],[-110.1077,31.4283],[-110.1095,31.4676],[-110.1142,31.4836],[-110.1189,31.4996],[-110.1236,31.5155],[-110.1283,31.5315],[-110.133,31.5475],[-110.1378,31.5634],[-110.1425,31.5794],[-110.1472,31.5954],[-110.1553,31.6046],[-110.1635,31.6139],[-110.1716,31.6231],[-110.1798,31.6324]]]},"properties":{"OBJECTID":1289,"state":"Arizona","agency":"Arizona Game and Fish Department","unit_type":"GMU","unit_id":"35A","unit_name":"Tucson","unit_label":"Arizona GMU 35A - Tucson","aliases":"2025 | 35a | 35a tucson | arizona | arizona 35a | arizona 35a tucson | arizona game and fish department | arizona game and fish department 35a | arizona game management unit 35a | arizona game management unit 35a tucson | arizona gmu 35a | arizona gmu 35","year":"2025","Shape_Length":170267.82675652337,"Shape_Area":1666269823.0942163}},{"type":"Feature","id":1290,"geometry":{"type":"Polygon","coordinates":[[[-110.5202,31.6673],[-110.5246,31.724],[-110.541,31.7184],[-110.5574,31.7129],[-110.5738,31.7073],[-110.5902,31.7017],[-110.6065,31.6961],[-110.6229,31.6905],[-110.6393,31.6849],[-110.6557,31.6793],[-110.6694,31.6733],[-110.6831,31.6673],[-110.6968,31.6612],[-110.7105,31.6552],[-110.7172,31.6296],[-110.7239,31.604],[-110.7307,31.5783],[-110.7374,31.5527],[-110.7552,31.5405],[-110.7731,31.5283],[-110.7909,31.516],[-110.8087,31.5038],[-110.8165,31.4895],[-110.8242,31.4753],[-110.832,31.4611],[-110.8397,31.4469],[-110.8475,31.4326],[-110.8553,31.4184],[-110.863,31.4042],[-110.8708,31.39],[-110.8884,31.3761],[-110.9061,31.3623],[-110.9237,31.3485],[-110.9413,31.3347],[-110.9424,31.3329],[-110.9224,31.3329],[-110.9024,31.333],[-110.8823,31.333],[-110.8623,31.333],[-110.8423,31.333],[-110.8223,31.3331],[-110.8022,31.3331],[-110.7822,31.3331],[-110.7622,31.3331],[-110.7421,31.3331],[-110.7221,31.3331],[-110.7021,31.3331],[-110.682,31.3331],[-110.662,31.3331],[-110.642,31.3331],[-110.622,31.333],[-110.6143,31.3627],[-110.6067,31.3924],[-110.599,31.4221],[-110.5913,31.4518],[-110.5838,31.4617],[-110.5762,31.4717],[-110.5687,31.4816],[-110.5611,31.4916],[-110.5535,31.5015],[-110.546,31.5115],[-110.5384,31.5214],[-110.5308,31.5314],[-110.5389,31.545],[-110.5469,31.5587],[-110.5549,31.5724],[-110.5629,31.5861],[-110.5522,31.6064],[-110.5415,31.6267],[-110.5308,31.647],[-110.5202,31.6673]]]},"properties":{"OBJECTID":1290,"state":"Arizona","agency":"Arizona Game and Fish Department","unit_type":"GMU","unit_id":"35B","unit_name":"Tucson","unit_label":"Arizona GMU 35B - Tucson","aliases":"2025 | 35b | 35b tucson | arizona | arizona 35b | arizona 35b tucson | arizona game and fish department | arizona game and fish department 35b | arizona game management unit 35b | arizona game management unit 35b tucson | arizona gmu 35b | arizona gmu 35","year":"2025","Shape_Length":140309.35266095397,"Shape_Area":862400604.9222474}},{"type":"Feature","id":1291,"geometry":{"type":"Polygon","coordinates":[[[-110.6719,31.9634],[-110.6917,31.9631],[-110.7114,31.9627],[-110.7311,31.9624],[-110.7509,31.9621],[-110.7706,31.9618],[-110.7903,31.9614],[-110.8101,31.9611],[-110.8298,31.9608],[-110.8495,31.9604],[-110.8693,31.9601],[-110.889,31.9597],[-110.9087,31.9594],[-110.9285,31.959],[-110.9482,31.9587],[-110.9679,31.9583],[-110.9877,31.958],[-110.9913,31.9027],[-110.9949,31.8473],[-111.0028,31.8322],[-111.0107,31.8171],[-111.0186,31.8019],[-111.0264,31.7868],[-111.0343,31.7717],[-111.0422,31.7565],[-111.0501,31.7414],[-111.058,31.7263],[-111.0551,31.6812],[-111.0522,31.6362],[-111.0493,31.5911],[-111.0465,31.546],[-111.0365,31.5331],[-111.0265,31.5202],[-111.0165,31.5073],[-111.0066,31.4944],[-110.9966,31.4815],[-110.9866,31.4686],[-110.9767,31.4557],[-110.9667,31.4428],[-110.9604,31.4158],[-110.954,31.3887],[-110.9477,31.3617],[-110.9413,31.3347],[-110.9237,31.3485],[-110.9061,31.3623],[-110.8884,31.3761],[-110.8708,31.39],[-110.863,31.4042],[-110.8553,31.4184],[-110.8475,31.4326],[-110.8397,31.4469],[-110.832,31.4611],[-110.8242,31.4753],[-110.8165,31.4895],[-110.8087,31.5038],[-110.7909,31.516],[-110.7731,31.5283],[-110.7552,31.5405],[-110.7374,31.5527],[-110.7307,31.5783],[-110.7239,31.604],[-110.7172,31.6296],[-110.7105,31.6552],[-110.6968,31.6612],[-110.6831,31.6673],[-110.6694,31.6733],[-110.6557,31.6793],[-110.6589,31.7299],[-110.672,31.7504],[-110.6852,31.7708],[-110.6983,31.7912],[-110.7114,31.8117],[-110.7046,31.8252],[-110.6978,31.8387],[-110.691,31.8522],[-110.6842,31.8657],[-110.6774,31.8792],[-110.6706,31.8927],[-110.6638,31.9062],[-110.657,31.9197],[-110.6645,31.9415],[-110.6719,31.9634]]]},"properties":{"OBJECTID":1291,"state":"Arizona","agency":"Arizona Game and Fish Department","unit_type":"GMU","unit_id":"34A","unit_name":"Tucson","unit_label":"Arizona GMU 34A - Tucson","aliases":"2025 | 34a | 34a tucson | arizona | arizona 34a | arizona 34a tucson | arizona game and fish department | arizona game and fish department 34a | arizona game management unit 34a | arizona game management unit 34a tucson | arizona gmu 34a | arizona gmu 34","year":"2025","Shape_Length":186299.78955672195,"Shape_Area":1774004687.7487452}},{"type":"Feature","id":1292,"geometry":{"type":"Polygon","coordinates":[[[-110.5585,31.9849],[-110.575,31.9877],[-110.5914,31.9904],[-110.6079,31.9931],[-110.6243,31.9959],[-110.6408,31.9986],[-110.6572,32.0013],[-110.6737,32.0041],[-110.6901,32.0068],[-110.681,31.9851],[-110.6719,31.9634],[-110.6645,31.9415],[-110.657,31.9197],[-110.6638,31.9062],[-110.6706,31.8927],[-110.6774,31.8792],[-110.6842,31.8657],[-110.691,31.8522],[-110.6978,31.8387],[-110.7046,31.8252],[-110.7114,31.8117],[-110.6983,31.7912],[-110.6852,31.7708],[-110.672,31.7504],[-110.6589,31.7299],[-110.6557,31.6793],[-110.6393,31.6849],[-110.6229,31.6905],[-110.6065,31.6961],[-110.5902,31.7017],[-110.5738,31.7073],[-110.5574,31.7129],[-110.541,31.7184],[-110.5246,31.724],[-110.5086,31.72],[-110.4926,31.716],[-110.4767,31.712],[-110.4607,31.7079],[-110.4448,31.7039],[-110.4288,31.6999],[-110.4128,31.6958],[-110.3969,31.6918],[-110.3768,31.6922],[-110.3568,31.6927],[-110.3368,31.6931],[-110.3167,31.6935],[-110.3013,31.6973],[-110.2859,31.701],[-110.2706,31.7048],[-110.2552,31.7086],[-110.2398,31.7123],[-110.2244,31.7161],[-110.209,31.7198],[-110.1936,31.7235],[-110.2012,31.7396],[-110.2089,31.7556],[-110.2165,31.7717],[-110.2241,31.7877],[-110.22,31.8059],[-110.2158,31.824],[-110.2117,31.8421],[-110.2075,31.8603],[-110.2165,31.8738],[-110.2254,31.8874],[-110.2344,31.901],[-110.2434,31.9146],[-110.2523,31.9281],[-110.2613,31.9417],[-110.2703,31.9553],[-110.2792,31.9688],[-110.3003,31.9681],[-110.3214,31.9674],[-110.3425,31.9667],[-110.3636,31.966],[-110.3846,31.9653],[-110.4057,31.9646],[-110.4268,31.9639],[-110.4479,31.9631],[-110.4617,31.9659],[-110.4755,31.9686],[-110.4894,31.9713],[-110.5032,31.974],[-110.517,31.9768],[-110.5309,31.9795],[-110.5447,31.9822],[-110.5585,31.9849]]]},"properties":{"OBJECTID":1292,"state":"Arizona","agency":"Arizona Game and Fish Department","unit_type":"GMU","unit_id":"34B","unit_name":"Tucson","unit_label":"Arizona GMU 34B - Tucson","aliases":"2025 | 34b | 34b tucson | arizona | arizona 34b | arizona 34b tucson | arizona game and fish department | arizona game and fish department 34b | arizona game management unit 34b | arizona game management unit 34b tucson | arizona gmu 34b | arizona gmu 34","year":"2025","Shape_Length":153831.6042540391,"Shape_Area":1300875531.676956}},{"type":"Feature","id":1293,"geometry":{"type":"Polygon","coordinates":[[[-111.8692,34.5329],[-111.8744,34.5599],[-111.8795,34.5869],[-111.8868,34.576],[-111.894,34.5652],[-111.9013,34.5543],[-111.9086,34.5434],[-111.9262,34.5405],[-111.9438,34.5377],[-111.9615,34.5348],[-111.9791,34.532],[-111.9878,34.5189],[-111.9966,34.5059],[-112.0053,34.4928],[-112.0141,34.4798],[-112.0228,34.4667],[-112.0315,34.4536],[-112.0403,34.4406],[-112.049,34.4275],[-112.066,34.411],[-112.083,34.3945],[-112.0999,34.3779],[-112.1169,34.3614],[-112.121,34.3292],[-112.1196,34.2821],[-112.1159,34.2487],[-112.1122,34.2153],[-112.1206,34.2025],[-112.1289,34.1897],[-112.1373,34.1769],[-112.1457,34.164],[-112.1469,34.0907],[-112.1481,34.0174],[-112.1386,33.9958],[-112.1291,33.9742],[-112.1378,33.9437],[-112.1465,33.9133],[-112.1262,33.9178],[-112.1059,33.9222],[-112.0856,33.9267],[-112.0652,33.9312],[-112.0652,33.9006],[-112.0435,33.9006],[-112.0217,33.9006],[-112.0,33.9006],[-111.9782,33.9006],[-111.9565,33.9005],[-111.9347,33.9005],[-111.9129,33.9004],[-111.8912,33.9004],[-111.8912,33.8184],[-111.8652,33.8173],[-111.8391,33.8162],[-111.8131,33.815],[-111.787,33.8139],[-111.787,33.7269],[-111.7703,33.7252],[-111.7536,33.7236],[-111.7369,33.7219],[-111.7202,33.7203],[-111.7035,33.7186],[-111.6869,33.717],[-111.6702,33.7153],[-111.6535,33.7136],[-111.6571,33.7365],[-111.6608,33.7593],[-111.6644,33.7822],[-111.6681,33.805],[-111.6478,33.8133],[-111.6275,33.8215],[-111.621,33.8528],[-111.6145,33.8841],[-111.6267,33.8908],[-111.6388,33.8974],[-111.6509,33.9041],[-111.663,33.9108],[-111.6729,33.9255],[-111.6829,33.9403],[-111.6928,33.955],[-111.7027,33.9697],[-111.7127,33.9845],[-111.7226,33.9992],[-111.7326,34.0139],[-111.7425,34.0287],[-111.7327,34.048],[-111.7229,34.0673],[-111.7131,34.0866],[-111.7033,34.106],[-111.716,34.1181],[-111.7287,34.1303],[-111.7225,34.1536],[-111.7162,34.1768],[-111.7099,34.2001],[-111.7036,34.2234],[-111.6973,34.2467],[-111.691,34.27],[-111.6847,34.2932],[-111.6784,34.3165],[-111.6889,34.3325],[-111.6993,34.3484],[-111.7101,34.3553],[-111.7208,34.3622],[-111.7315,34.3691],[-111.7422,34.376],[-111.7529,34.3829],[-111.7637,34.3897],[-111.7744,34.3966],[-111.7851,34.4035],[-111.783,34.4681],[-111.7937,34.4762],[-111.8045,34.4843],[-111.8153,34.4924],[-111.8261,34.5005],[-111.8369,34.5086],[-111.8477,34.5167],[-111.8585,34.5248],[-111.8692,34.5329]]]},"properties":{"OBJECTID":1293,"state":"Arizona","agency":"Arizona Game and Fish Department","unit_type":"GMU","unit_id":"21","unit_name":"Mesa","unit_label":"Arizona GMU 21 - Mesa","aliases":"2025 | 21 | 21 mesa | arizona | arizona 21 | arizona 21 mesa | arizona game and fish department | arizona game and fish department 21 | arizona game management unit 21 | arizona game management unit 21 mesa | arizona gmu 21 | arizona gmu 21 mesa | arizon","year":"2025","Shape_Length":268671.6601651743,"Shape_Area":2808603178.15545}},{"type":"Feature","id":1294,"geometry":{"type":"Polygon","coordinates":[[[-111.0947,33.2362],[-111.0958,33.2915],[-111.1109,33.2894],[-111.126,33.2874],[-111.1411,33.2853],[-111.1561,33.2833],[-111.1712,33.2812],[-111.1863,33.2791],[-111.2013,33.2771],[-111.2164,33.275],[-111.2315,33.2729],[-111.2465,33.2709],[-111.2616,33.2688],[-111.2767,33.2667],[-111.2917,33.2647],[-111.3068,33.2626],[-111.3218,33.2605],[-111.3369,33.2584],[-111.3422,33.228],[-111.3474,33.1976],[-111.3527,33.1672],[-111.3579,33.1368],[-111.3632,33.1064],[-111.3684,33.076],[-111.3736,33.0456],[-111.3789,33.0152],[-111.3693,33.0006],[-111.3598,32.986],[-111.3506,32.9763],[-111.3415,32.9666],[-111.3324,32.9569],[-111.3233,32.9473],[-111.3141,32.9376],[-111.305,32.9279],[-111.2959,32.9182],[-111.2868,32.9086],[-111.2777,32.8989],[-111.2686,32.8892],[-111.2594,32.8795],[-111.2503,32.8698],[-111.2412,32.8601],[-111.2321,32.8505],[-111.223,32.8408],[-111.2139,32.8311],[-111.2048,32.8214],[-111.1957,32.8117],[-111.1867,32.802],[-111.1776,32.7923],[-111.1685,32.7827],[-111.1594,32.773],[-111.1503,32.7633],[-111.1412,32.7536],[-111.1322,32.7439],[-111.1231,32.7342],[-111.114,32.7245],[-111.1049,32.7148],[-111.0959,32.7051],[-111.0868,32.6954],[-111.0777,32.6857],[-111.0687,32.676],[-111.0518,32.6611],[-111.0349,32.6461],[-111.0181,32.6311],[-111.0012,32.6162],[-110.9844,32.6012],[-110.9675,32.5862],[-110.9507,32.5713],[-110.9339,32.5563],[-110.9224,32.5633],[-110.9109,32.5702],[-110.8994,32.5772],[-110.8879,32.5841],[-110.8764,32.5911],[-110.8649,32.598],[-110.8534,32.605],[-110.8419,32.6119],[-110.8178,32.6153],[-110.7937,32.6188],[-110.7696,32.6222],[-110.7455,32.6256],[-110.7346,32.6319],[-110.7237,32.6382],[-110.7128,32.6445],[-110.7019,32.6508],[-110.691,32.657],[-110.6801,32.6633],[-110.6692,32.6696],[-110.6583,32.6759],[-110.6529,32.7098],[-110.6475,32.7437],[-110.6554,32.7556],[-110.6633,32.7675],[-110.6712,32.7795],[-110.679,32.7914],[-110.6869,32.8033],[-110.6949,32.8152],[-110.7028,32.8271],[-110.7107,32.839],[-110.7154,32.8765],[-110.72,32.914],[-110.7324,32.9318],[-110.7447,32.9495],[-110.7571,32.9672],[-110.7695,32.985],[-110.783,32.9908],[-110.7965,32.9967],[-110.81,33.0025],[-110.8235,33.0084],[-110.837,33.0142],[-110.8506,33.0201],[-110.8641,33.0259],[-110.8776,33.0317],[-110.8913,33.048],[-110.9049,33.0642],[-110.9186,33.0804],[-110.9322,33.0966],[-110.9424,33.1053],[-110.9525,33.1141],[-110.9627,33.1228],[-110.9728,33.1315],[-110.9829,33.1403],[-110.9931,33.149],[-111.0032,33.1577],[-111.0134,33.1664],[-111.0235,33.1752],[-111.0337,33.1839],[-111.0438,33.1926],[-111.054,33.2013],[-111.0642,33.2101],[-111.0743,33.2188],[-111.0845,33.2275],[-111.0947,33.2362]]]},"properties":{"OBJECTID":1294,"state":"Arizona","agency":"Arizona Game and Fish Department","unit_type":"GMU","unit_id":"37B","unit_name":"Tucson, Mesa","unit_label":"Arizona GMU 37B - Tucson, Mesa","aliases":"2025 | 37b | 37b tucson mesa | arizona | arizona 37b | arizona 37b tucson mesa | arizona game and fish department | arizona game and fish department 37b | arizona game management unit 37b | arizona game management unit 37b tucson mesa | arizona gmu 37b |","year":"2025","Shape_Length":230970.02974499317,"Shape_Area":3074581573.0777197}},{"type":"Feature","id":1295,"geometry":{"type":"MultiPolygon","coordinates":[[[[-111.2181,32.1902],[-111.2365,32.1865],[-111.2549,32.1829],[-111.2732,32.1792],[-111.2916,32.1756],[-111.3102,32.1752],[-111.3288,32.1749],[-111.3475,32.1745],[-111.3661,32.1741],[-111.3848,32.1737],[-111.4034,32.1733],[-111.422,32.1729],[-111.4407,32.1726],[-111.4407,32.0999],[-111.4503,32.0885],[-111.4599,32.0771],[-111.4695,32.0657],[-111.4791,32.0543],[-111.4591,32.0553],[-111.4392,32.0564],[-111.4193,32.0575],[-111.3994,32.0585],[-111.3775,32.0631],[-111.3555,32.0677],[-111.3336,32.0723],[-111.3117,32.0769],[-111.2882,32.0863],[-111.2646,32.0958],[-111.241,32.1052],[-111.2174,32.1147],[-111.2181,32.1902]]],[[[-111.3789,33.0152],[-111.397,33.0136],[-111.4151,33.012],[-111.4333,33.0104],[-111.4514,33.0089],[-111.4695,33.0073],[-111.4876,33.0057],[-111.5057,33.0041],[-111.5239,33.0025],[-111.5194,32.9708],[-111.515,32.939],[-111.5156,32.7235],[-111.5286,32.7284],[-111.5416,32.7334],[-111.5546,32.7383],[-111.5676,32.7432],[-111.5807,32.7481],[-111.5937,32.7531],[-111.6067,32.758],[-111.6197,32.7629],[-111.6369,32.7629],[-111.654,32.763],[-111.6712,32.763],[-111.6884,32.763],[-111.7056,32.763],[-111.7227,32.763],[-111.7399,32.763],[-111.7571,32.763],[-111.7487,32.741],[-111.7404,32.719],[-111.7535,32.7095],[-111.7665,32.6999],[-111.7796,32.6904],[-111.7927,32.6808],[-111.794,32.5502],[-111.7952,32.4196],[-111.7896,32.3969],[-111.7839,32.3742],[-111.7584,32.3742],[-111.7329,32.3742],[-111.7074,32.3742],[-111.6819,32.3741],[-111.6818,32.4196],[-111.6561,32.4203],[-111.6303,32.4211],[-111.6045,32.4218],[-111.5788,32.4226],[-111.5788,32.3742],[-111.5528,32.3743],[-111.5267,32.3743],[-111.5006,32.3743],[-111.4746,32.3743],[-111.4751,32.2161],[-111.459,32.2167],[-111.443,32.2174],[-111.4269,32.2181],[-111.4108,32.2187],[-111.3948,32.2194],[-111.3787,32.22],[-111.3626,32.2207],[-111.3466,32.2213],[-111.3305,32.222],[-111.3144,32.2226],[-111.2984,32.2233],[-111.2823,32.2239],[-111.2662,32.2246],[-111.2502,32.2252],[-111.2341,32.2258],[-111.218,32.2265],[-111.2169,32.4022],[-111.1955,32.4018],[-111.174,32.4014],[-111.1526,32.401],[-111.1311,32.4006],[-111.1475,32.4125],[-111.1638,32.4243],[-111.1495,32.4244],[-111.1352,32.4246],[-111.1209,32.4248],[-111.1066,32.4249],[-111.0923,32.4251],[-111.0779,32.4252],[-111.0636,32.4254],[-111.0493,32.4255],[-111.035,32.4257],[-111.0207,32.4258],[-111.0064,32.426],[-110.992,32.4261],[-110.9777,32.4263],[-110.9634,32.4264],[-110.9491,32.4266],[-110.9348,32.4267],[-110.9339,32.5563],[-110.9507,32.5713],[-110.9675,32.5862],[-110.9844,32.6012],[-111.0012,32.6162],[-111.0181,32.6311],[-111.0349,32.6461],[-111.0518,32.6611],[-111.0687,32.676],[-111.0777,32.6857],[-111.0868,32.6954],[-111.0959,32.7051],[-111.1049,32.7148],[-111.114,32.7245],[-111.1231,32.7342],[-111.1322,32.7439],[-111.1412,32.7536],[-111.1503,32.7633],[-111.1594,32.773],[-111.1685,32.7827],[-111.1776,32.7923],[-111.1867,32.802],[-111.1957,32.8117],[-111.2048,32.8214],[-111.2139,32.8311],[-111.223,32.8408],[-111.2321,32.8505],[-111.2412,32.8601],[-111.2503,32.8698],[-111.2594,32.8795],[-111.2686,32.8892],[-111.2777,32.8989],[-111.2868,32.9086],[-111.2959,32.9182],[-111.305,32.9279],[-111.3141,32.9376],[-111.3233,32.9473],[-111.3324,32.9569],[-111.3415,32.9666],[-111.3506,32.9763],[-111.3598,32.986],[-111.3693,33.0006],[-111.3789,33.0152]]]]},"properties":{"OBJECTID":1295,"state":"Arizona","agency":"Arizona Game and Fish Department","unit_type":"GMU","unit_id":"37A","unit_name":"Tucson","unit_label":"Arizona GMU 37A - Tucson","aliases":"2025 | 37a | 37a tucson | arizona | arizona 37a | arizona 37a tucson | arizona game and fish department | arizona game and fish department 37a | arizona game management unit 37a | arizona game management unit 37a tucson | arizona gmu 37a | arizona gmu 37","year":"2025","Shape_Length":398432.99516322365,"Shape_Area":4291958672.432686}},{"type":"Feature","id":1296,"geometry":{"type":"Polygon","coordinates":[[[-111.2162,32.0004],[-111.2173,32.1038],[-111.2174,32.1147],[-111.241,32.1052],[-111.2646,32.0958],[-111.2882,32.0863],[-111.3117,32.0769],[-111.3204,32.0637],[-111.329,32.0506],[-111.3376,32.0375],[-111.3463,32.0244],[-111.3549,32.0113],[-111.3635,31.9982],[-111.3722,31.9851],[-111.3808,31.972],[-111.3859,31.9391],[-111.391,31.9062],[-111.3961,31.8733],[-111.4013,31.8405],[-111.4181,31.8318],[-111.4349,31.8231],[-111.4415,31.8115],[-111.4482,31.7999],[-111.4548,31.7883],[-111.4615,31.7767],[-111.4681,31.7651],[-111.4748,31.7535],[-111.4814,31.7419],[-111.4881,31.7303],[-111.4934,31.6885],[-111.4986,31.6468],[-111.4786,31.6424],[-111.4585,31.638],[-111.4384,31.6336],[-111.4183,31.6291],[-111.4075,31.6224],[-111.3968,31.6156],[-111.386,31.6088],[-111.3753,31.602],[-111.3646,31.5952],[-111.3538,31.5884],[-111.3431,31.5816],[-111.3323,31.5748],[-111.3225,31.5926],[-111.3126,31.6103],[-111.3027,31.6281],[-111.2928,31.6458],[-111.2757,31.6513],[-111.2586,31.6567],[-111.2415,31.6621],[-111.2244,31.6676],[-111.2121,31.6749],[-111.1997,31.6823],[-111.1874,31.6896],[-111.175,31.697],[-111.1627,31.7043],[-111.1503,31.7117],[-111.138,31.719],[-111.1256,31.7264],[-111.1087,31.7263],[-111.0918,31.7263],[-111.0749,31.7263],[-111.058,31.7263],[-111.0501,31.7414],[-111.0422,31.7565],[-111.0343,31.7717],[-111.0264,31.7868],[-111.0186,31.8019],[-111.0107,31.8171],[-111.0028,31.8322],[-110.9949,31.8473],[-110.9913,31.9027],[-110.9877,31.958],[-110.992,32.0015],[-111.0201,32.0013],[-111.0481,32.0012],[-111.0761,32.0011],[-111.1041,32.001],[-111.1322,32.0008],[-111.1602,32.0007],[-111.1882,32.0005],[-111.2162,32.0004]]]},"properties":{"OBJECTID":1296,"state":"Arizona","agency":"Arizona Game and Fish Department","unit_type":"GMU","unit_id":"36A","unit_name":"Tucson","unit_label":"Arizona GMU 36A - Tucson","aliases":"2025 | 36a | 36a tucson | arizona | arizona 36a | arizona 36a tucson | arizona game and fish department | arizona game and fish department 36a | arizona game management unit 36a | arizona game management unit 36a tucson | arizona gmu 36a | arizona gmu 36","year":"2025","Shape_Length":179663.3618359628,"Shape_Area":1605419957.5044956}},{"type":"Feature","id":1297,"geometry":{"type":"Polygon","coordinates":[[[-111.3117,32.0769],[-111.3336,32.0723],[-111.3555,32.0677],[-111.3775,32.0631],[-111.3994,32.0585],[-111.4093,32.0432],[-111.4193,32.0279],[-111.4353,32.0256],[-111.4513,32.0234],[-111.4674,32.0212],[-111.4834,32.019],[-111.4994,32.0167],[-111.5154,32.0145],[-111.5314,32.0122],[-111.5474,32.01],[-111.5476,31.9227],[-111.562,31.9157],[-111.5764,31.9087],[-111.5908,31.9017],[-111.6052,31.8947],[-111.5973,31.8832],[-111.5894,31.8717],[-111.5815,31.8601],[-111.5736,31.8486],[-111.5782,31.8314],[-111.5829,31.8142],[-111.5875,31.7969],[-111.5922,31.7797],[-111.5968,31.7625],[-111.6015,31.7453],[-111.6061,31.728],[-111.6108,31.7108],[-111.6236,31.703],[-111.6364,31.6952],[-111.6402,31.6687],[-111.644,31.6422],[-111.6478,31.6156],[-111.6516,31.5891],[-111.6445,31.5688],[-111.6373,31.5485],[-111.6302,31.5282],[-111.6231,31.5079],[-111.6035,31.5017],[-111.5839,31.4954],[-111.5643,31.4891],[-111.5446,31.4829],[-111.541,31.5307],[-111.5374,31.5785],[-111.5277,31.5955],[-111.518,31.6126],[-111.5083,31.6297],[-111.4986,31.6468],[-111.4934,31.6885],[-111.4881,31.7303],[-111.4814,31.7419],[-111.4748,31.7535],[-111.4681,31.7651],[-111.4615,31.7767],[-111.4548,31.7883],[-111.4482,31.7999],[-111.4415,31.8115],[-111.4349,31.8231],[-111.4181,31.8318],[-111.4013,31.8405],[-111.3961,31.8733],[-111.391,31.9062],[-111.3859,31.9391],[-111.3808,31.972],[-111.3722,31.9851],[-111.3635,31.9982],[-111.3549,32.0113],[-111.3463,32.0244],[-111.3376,32.0375],[-111.329,32.0506],[-111.3204,32.0637],[-111.3117,32.0769]]]},"properties":{"OBJECTID":1297,"state":"Arizona","agency":"Arizona Game and Fish Department","unit_type":"GMU","unit_id":"36C","unit_name":"Tucson","unit_label":"Arizona GMU 36C - Tucson","aliases":"2025 | 36c | 36c tucson | arizona | arizona 36c | arizona 36c tucson | arizona game and fish department | arizona game and fish department 36c | arizona game management unit 36c | arizona game management unit 36c tucson | arizona gmu 36c | arizona gmu 36","year":"2025","Shape_Length":166303.20240509373,"Shape_Area":826321121.3007836}},{"type":"Feature","id":1298,"geometry":{"type":"Polygon","coordinates":[[[-111.058,31.7263],[-111.0749,31.7263],[-111.0918,31.7263],[-111.1087,31.7263],[-111.1256,31.7264],[-111.138,31.719],[-111.1503,31.7117],[-111.1627,31.7043],[-111.175,31.697],[-111.1874,31.6896],[-111.1997,31.6823],[-111.2121,31.6749],[-111.2244,31.6676],[-111.2415,31.6621],[-111.2586,31.6567],[-111.2757,31.6513],[-111.2928,31.6458],[-111.3027,31.6281],[-111.3126,31.6103],[-111.3225,31.5926],[-111.3323,31.5748],[-111.3431,31.5816],[-111.3538,31.5884],[-111.3646,31.5952],[-111.3753,31.602],[-111.386,31.6088],[-111.3968,31.6156],[-111.4075,31.6224],[-111.4183,31.6291],[-111.4384,31.6336],[-111.4585,31.638],[-111.4786,31.6424],[-111.4986,31.6468],[-111.5083,31.6297],[-111.518,31.6126],[-111.5277,31.5955],[-111.5374,31.5785],[-111.541,31.5307],[-111.5446,31.4829],[-111.5299,31.4782],[-111.5152,31.4735],[-111.5005,31.4688],[-111.4858,31.4642],[-111.4712,31.4595],[-111.4565,31.4548],[-111.4418,31.4501],[-111.4271,31.4454],[-111.4124,31.4407],[-111.3977,31.4361],[-111.383,31.4314],[-111.3684,31.4267],[-111.3537,31.422],[-111.339,31.4173],[-111.3243,31.4126],[-111.3097,31.4079],[-111.295,31.4032],[-111.2803,31.3985],[-111.2656,31.3937],[-111.251,31.389],[-111.2363,31.3843],[-111.2216,31.3796],[-111.207,31.3749],[-111.1923,31.3702],[-111.1777,31.3655],[-111.163,31.3607],[-111.1484,31.356],[-111.1337,31.3513],[-111.1191,31.3466],[-111.1044,31.3418],[-111.0898,31.3371],[-111.0751,31.3324],[-111.0585,31.3324],[-111.0419,31.3325],[-111.0254,31.3326],[-111.0088,31.3327],[-110.9922,31.3327],[-110.9756,31.3328],[-110.959,31.3328],[-110.9424,31.3329],[-110.9413,31.3347],[-110.9477,31.3617],[-110.954,31.3887],[-110.9604,31.4158],[-110.9667,31.4428],[-110.9767,31.4557],[-110.9866,31.4686],[-110.9966,31.4815],[-111.0066,31.4944],[-111.0165,31.5073],[-111.0265,31.5202],[-111.0365,31.5331],[-111.0465,31.546],[-111.0493,31.5911],[-111.0522,31.6362],[-111.0551,31.6812],[-111.058,31.7263]]]},"properties":{"OBJECTID":1298,"state":"Arizona","agency":"Arizona Game and Fish Department","unit_type":"GMU","unit_id":"36B","unit_name":"Tucson","unit_label":"Arizona GMU 36B - Tucson","aliases":"2025 | 36b | 36b tucson | arizona | arizona 36b | arizona 36b tucson | arizona game and fish department | arizona game and fish department 36b | arizona game management unit 36b | arizona game management unit 36b tucson | arizona gmu 36b | arizona gmu 36","year":"2025","Shape_Length":176947.12173116292,"Shape_Area":1456046340.3203144}},{"type":"Feature","id":1299,"geometry":{"type":"Polygon","coordinates":[[[-112.5002,34.5705],[-112.5151,34.5745],[-112.5301,34.5784],[-112.545,34.5824],[-112.5599,34.5863],[-112.5749,34.5903],[-112.5898,34.5943],[-112.6048,34.5982],[-112.6197,34.6022],[-112.6288,34.5918],[-112.6378,34.5813],[-112.6468,34.5709],[-112.6558,34.5605],[-112.6648,34.5501],[-112.6737,34.5397],[-112.6827,34.5293],[-112.6917,34.5189],[-112.6964,34.4934],[-112.701,34.468],[-112.7057,34.4426],[-112.7103,34.4171],[-112.7003,34.4079],[-112.6902,34.3987],[-112.6802,34.3894],[-112.6701,34.3802],[-112.6601,34.371],[-112.65,34.3618],[-112.64,34.3525],[-112.6299,34.3433],[-112.6124,34.3435],[-112.5949,34.3437],[-112.581,34.3244],[-112.5671,34.3051],[-112.5532,34.2858],[-112.5393,34.2665],[-112.5386,34.2103],[-112.5268,34.1953],[-112.515,34.1803],[-112.5032,34.1653],[-112.4914,34.1502],[-112.4686,34.1552],[-112.4459,34.1602],[-112.4231,34.1651],[-112.4003,34.1701],[-112.3954,34.2022],[-112.3904,34.2343],[-112.3817,34.225],[-112.373,34.2156],[-112.3643,34.2063],[-112.3556,34.1969],[-112.3317,34.2072],[-112.3077,34.2174],[-112.2997,34.2317],[-112.2917,34.246],[-112.2837,34.2603],[-112.2757,34.2746],[-112.2544,34.2726],[-112.233,34.2706],[-112.2117,34.2685],[-112.1904,34.2665],[-112.1785,34.2851],[-112.1666,34.3037],[-112.1431,34.2929],[-112.1196,34.2821],[-112.121,34.3292],[-112.1363,34.3392],[-112.1515,34.3492],[-112.1667,34.3592],[-112.1819,34.3692],[-112.1972,34.3792],[-112.2124,34.3892],[-112.2276,34.3992],[-112.2429,34.4091],[-112.2502,34.4204],[-112.2575,34.4316],[-112.2648,34.4428],[-112.2721,34.454],[-112.2636,34.4699],[-112.2551,34.4857],[-112.2466,34.5016],[-112.238,34.5174],[-112.2465,34.537],[-112.2549,34.5565],[-112.2733,34.5638],[-112.2917,34.5711],[-112.3101,34.5784],[-112.3286,34.5856],[-112.343,34.5768],[-112.3575,34.5679],[-112.372,34.559],[-112.3864,34.5502],[-112.402,34.5496],[-112.4177,34.5491],[-112.4333,34.5486],[-112.4489,34.5481],[-112.4618,34.5537],[-112.4746,34.5593],[-112.4874,34.5649],[-112.5002,34.5705]]]},"properties":{"OBJECTID":1299,"state":"Arizona","agency":"Arizona Game and Fish Department","unit_type":"GMU","unit_id":"20A","unit_name":"Kingman","unit_label":"Arizona GMU 20A - Kingman","aliases":"2025 | 20a | 20a kingman | arizona | arizona 20a | arizona 20a kingman | arizona game and fish department | arizona game and fish department 20a | arizona game management unit 20a | arizona game management unit 20a kingman | arizona gmu 20a | arizona gmu","year":"2025","Shape_Length":186046.9828959662,"Shape_Area":1569342068.5514886}},{"type":"Feature","id":1300,"geometry":{"type":"Polygon","coordinates":[[[-112.1196,34.2821],[-112.1431,34.2929],[-112.1666,34.3037],[-112.1785,34.2851],[-112.1904,34.2665],[-112.2117,34.2685],[-112.233,34.2706],[-112.2544,34.2726],[-112.2757,34.2746],[-112.2837,34.2603],[-112.2917,34.246],[-112.2997,34.2317],[-112.3077,34.2174],[-112.3317,34.2072],[-112.3556,34.1969],[-112.3643,34.2063],[-112.373,34.2156],[-112.3817,34.225],[-112.3904,34.2343],[-112.3954,34.2022],[-112.4003,34.1701],[-112.4231,34.1651],[-112.4459,34.1602],[-112.4686,34.1552],[-112.4914,34.1502],[-112.5032,34.1653],[-112.515,34.1803],[-112.5268,34.1953],[-112.5386,34.2103],[-112.5415,34.122],[-112.558,34.1185],[-112.5746,34.1149],[-112.5912,34.1113],[-112.6078,34.1077],[-112.6252,34.0923],[-112.6426,34.0769],[-112.66,34.0615],[-112.6774,34.0461],[-112.6927,34.0453],[-112.708,34.0444],[-112.7233,34.0435],[-112.7386,34.0426],[-112.7324,34.0068],[-112.7263,33.971],[-112.7146,33.9576],[-112.703,33.9442],[-112.6914,33.9308],[-112.6798,33.9174],[-112.6681,33.904],[-112.6565,33.8906],[-112.6449,33.8772],[-112.6333,33.8638],[-112.6191,33.8614],[-112.6049,33.8589],[-112.5907,33.8565],[-112.5765,33.8541],[-112.5623,33.8516],[-112.5481,33.8492],[-112.5338,33.8468],[-112.5196,33.8443],[-112.5054,33.8419],[-112.4912,33.8394],[-112.477,33.837],[-112.4628,33.8345],[-112.4486,33.8321],[-112.4344,33.8296],[-112.4202,33.8272],[-112.406,33.8247],[-112.3882,33.8251],[-112.3704,33.8255],[-112.3525,33.8259],[-112.3347,33.8263],[-112.3169,33.8267],[-112.2991,33.8271],[-112.2813,33.8275],[-112.2634,33.8279],[-112.252,33.8172],[-112.2406,33.8066],[-112.2289,33.8199],[-112.2171,33.8332],[-112.2053,33.8466],[-112.1936,33.8599],[-112.1818,33.8733],[-112.17,33.8866],[-112.1582,33.8999],[-112.1465,33.9133],[-112.1378,33.9437],[-112.1291,33.9742],[-112.1386,33.9958],[-112.1481,34.0174],[-112.1469,34.0907],[-112.1457,34.164],[-112.1373,34.1769],[-112.1289,34.1897],[-112.1206,34.2025],[-112.1122,34.2153],[-112.1159,34.2487],[-112.1196,34.2821]]]},"properties":{"OBJECTID":1300,"state":"Arizona","agency":"Arizona Game and Fish Department","unit_type":"GMU","unit_id":"20B","unit_name":"Mesa","unit_label":"Arizona GMU 20B - Mesa","aliases":"2025 | 20b | 20b mesa | arizona | arizona 20b | arizona 20b mesa | arizona game and fish department | arizona game and fish department 20b | arizona game management unit 20b | arizona game management unit 20b mesa | arizona gmu 20b | arizona gmu 20b mesa","year":"2025","Shape_Length":207354.08520590822,"Shape_Area":1961529480.7125561}},{"type":"Feature","id":1301,"geometry":{"type":"Polygon","coordinates":[[[-112.9156,34.4321],[-112.9337,34.4382],[-112.9518,34.4442],[-112.9699,34.4503],[-112.988,34.4564],[-113.0061,34.4624],[-113.0242,34.4685],[-113.0423,34.4745],[-113.0604,34.4805],[-113.073,34.4747],[-113.0856,34.4688],[-113.0981,34.4629],[-113.1107,34.457],[-113.1233,34.4511],[-113.1358,34.4452],[-113.1484,34.4393],[-113.161,34.4335],[-113.1669,34.4174],[-113.1727,34.4014],[-113.1786,34.3854],[-113.1844,34.3693],[-113.1729,34.3566],[-113.1613,34.3438],[-113.1497,34.3311],[-113.1382,34.3183],[-113.1266,34.3055],[-113.1151,34.2928],[-113.1035,34.28],[-113.092,34.2672],[-113.0848,34.2515],[-113.0776,34.2357],[-113.0704,34.2199],[-113.0633,34.2042],[-113.0492,34.1941],[-113.0351,34.184],[-113.021,34.1739],[-113.0069,34.1639],[-112.9929,34.1538],[-112.9788,34.1437],[-112.9647,34.1336],[-112.9507,34.1235],[-112.9366,34.114],[-112.9226,34.1045],[-112.9085,34.0949],[-112.8945,34.0854],[-112.8804,34.0759],[-112.8664,34.0664],[-112.8524,34.0568],[-112.8384,34.0473],[-112.8243,34.0378],[-112.8103,34.0282],[-112.7963,34.0187],[-112.7823,34.0092],[-112.7683,33.9996],[-112.7543,33.9901],[-112.7403,33.9805],[-112.7263,33.971],[-112.7324,34.0068],[-112.7386,34.0426],[-112.7233,34.0435],[-112.708,34.0444],[-112.6927,34.0453],[-112.6774,34.0461],[-112.66,34.0615],[-112.6426,34.0769],[-112.6252,34.0923],[-112.6078,34.1077],[-112.5912,34.1113],[-112.5746,34.1149],[-112.558,34.1185],[-112.5415,34.122],[-112.5386,34.2103],[-112.5393,34.2665],[-112.5532,34.2858],[-112.5671,34.3051],[-112.581,34.3244],[-112.5949,34.3437],[-112.6124,34.3435],[-112.6299,34.3433],[-112.64,34.3525],[-112.65,34.3618],[-112.6601,34.371],[-112.6701,34.3802],[-112.6802,34.3894],[-112.6902,34.3987],[-112.7003,34.4079],[-112.7103,34.4171],[-112.7221,34.4237],[-112.734,34.4302],[-112.7458,34.4367],[-112.7576,34.4433],[-112.7694,34.4498],[-112.7812,34.4563],[-112.7931,34.4629],[-112.8049,34.4694],[-112.8234,34.472],[-112.8419,34.4745],[-112.8604,34.4771],[-112.8789,34.4796],[-112.8881,34.4678],[-112.8973,34.4559],[-112.9065,34.444],[-112.9156,34.4321]]]},"properties":{"OBJECTID":1301,"state":"Arizona","agency":"Arizona Game and Fish Department","unit_type":"GMU","unit_id":"20C","unit_name":"Yuma","unit_label":"Arizona GMU 20C - Yuma","aliases":"2025 | 20c | 20c yuma | arizona | arizona 20c | arizona 20c yuma | arizona game and fish department | arizona game and fish department 20c | arizona game management unit 20c | arizona game management unit 20c yuma | arizona gmu 20c | arizona gmu 20c yuma","year":"2025","Shape_Length":187760.51670707032,"Shape_Area":1977944123.239751}},{"type":"Feature","id":1302,"geometry":{"type":"Polygon","coordinates":[[[-111.2212,34.4159],[-111.2359,34.4347],[-111.2506,34.4535],[-111.269,34.4457],[-111.2875,34.438],[-111.306,34.4303],[-111.3244,34.4226],[-111.35,34.429],[-111.3756,34.4354],[-111.4012,34.4417],[-111.4269,34.4481],[-111.4475,34.4415],[-111.468,34.4348],[-111.4886,34.4281],[-111.5092,34.4214],[-111.5249,34.4235],[-111.5406,34.4255],[-111.5563,34.4276],[-111.5719,34.4297],[-111.5917,34.4208],[-111.6114,34.412],[-111.631,34.4032],[-111.6507,34.3944],[-111.6629,34.3829],[-111.675,34.3714],[-111.6872,34.3599],[-111.6993,34.3484],[-111.6889,34.3325],[-111.6784,34.3165],[-111.6847,34.2932],[-111.691,34.27],[-111.6973,34.2467],[-111.7036,34.2234],[-111.7099,34.2001],[-111.7162,34.1768],[-111.7225,34.1536],[-111.7287,34.1303],[-111.716,34.1181],[-111.7033,34.106],[-111.7131,34.0866],[-111.7229,34.0673],[-111.7327,34.048],[-111.7425,34.0287],[-111.7326,34.0139],[-111.7226,33.9992],[-111.7127,33.9845],[-111.7027,33.9697],[-111.6928,33.955],[-111.6829,33.9403],[-111.6729,33.9255],[-111.663,33.9108],[-111.6509,33.9041],[-111.6388,33.8974],[-111.6267,33.8908],[-111.6145,33.8841],[-111.621,33.8528],[-111.6275,33.8215],[-111.6478,33.8133],[-111.6681,33.805],[-111.6644,33.7822],[-111.6608,33.7593],[-111.6571,33.7365],[-111.6535,33.7136],[-111.66,33.6873],[-111.6665,33.661],[-111.673,33.6347],[-111.6794,33.6084],[-111.6749,33.5931],[-111.6703,33.5778],[-111.6658,33.5625],[-111.6613,33.5472],[-111.6426,33.5486],[-111.6239,33.55],[-111.6053,33.5513],[-111.5866,33.5527],[-111.5679,33.554],[-111.5493,33.5554],[-111.5306,33.5567],[-111.5119,33.5581],[-111.4924,33.5548],[-111.4729,33.5516],[-111.4534,33.5484],[-111.4339,33.5451],[-111.4227,33.5534],[-111.4116,33.5616],[-111.4004,33.5699],[-111.3893,33.5781],[-111.37,33.5796],[-111.3507,33.581],[-111.3315,33.5825],[-111.3122,33.5839],[-111.293,33.5854],[-111.2737,33.5868],[-111.2545,33.5883],[-111.2352,33.5897],[-111.2249,33.6006],[-111.2145,33.6116],[-111.2042,33.6225],[-111.1939,33.6334],[-111.1835,33.6443],[-111.1732,33.6553],[-111.1628,33.6662],[-111.1525,33.6771],[-111.1628,33.6919],[-111.1732,33.7067],[-111.1835,33.7215],[-111.1939,33.7363],[-111.2083,33.7432],[-111.2227,33.7502],[-111.2372,33.7571],[-111.2516,33.764],[-111.2585,33.7761],[-111.2654,33.7883],[-111.2722,33.8004],[-111.2791,33.8126],[-111.286,33.8247],[-111.2929,33.8369],[-111.2998,33.849],[-111.3066,33.8612],[-111.3098,33.8845],[-111.3129,33.9079],[-111.316,33.9312],[-111.3191,33.9546],[-111.3101,33.9712],[-111.3011,33.9879],[-111.2921,34.0046],[-111.283,34.0212],[-111.2798,34.0454],[-111.2767,34.0696],[-111.2735,34.0938],[-111.2703,34.118],[-111.2578,34.1239],[-111.2452,34.1297],[-111.2327,34.1356],[-111.2201,34.1414],[-111.2076,34.1472],[-111.195,34.1531],[-111.1825,34.1589],[-111.1699,34.1647],[-111.1597,34.1891],[-111.1495,34.2135],[-111.1231,34.2143],[-111.0968,34.2151],[-111.0896,34.2323],[-111.0824,34.2495],[-111.0752,34.2667],[-111.068,34.2839],[-111.075,34.3121],[-111.0819,34.3403],[-111.0889,34.3685],[-111.0959,34.3967],[-111.1115,34.3991],[-111.1272,34.4015],[-111.1429,34.4039],[-111.1585,34.4063],[-111.1742,34.4087],[-111.1898,34.4111],[-111.2055,34.4135],[-111.2212,34.4159]]]},"properties":{"OBJECTID":1302,"state":"Arizona","agency":"Arizona Game and Fish Department","unit_type":"GMU","unit_id":"22","unit_name":"Mesa","unit_label":"Arizona GMU 22 - Mesa","aliases":"2025 | 22 | 22 mesa | arizona | arizona 22 | arizona 22 mesa | arizona game and fish department | arizona game and fish department 22 | arizona game management unit 22 | arizona game management unit 22 mesa | arizona gmu 22 | arizona gmu 22 mesa | arizon","year":"2025","Shape_Length":312882.3137553391,"Shape_Area":4180894477.396238}},{"type":"Feature","id":1303,"geometry":{"type":"Polygon","coordinates":[[[-110.9459,34.3167],[-110.9646,34.3267],[-110.9834,34.3367],[-111.0021,34.3467],[-111.0208,34.3567],[-111.0396,34.3667],[-111.0584,34.3767],[-111.0771,34.3867],[-111.0959,34.3967],[-111.0889,34.3685],[-111.0819,34.3403],[-111.075,34.3121],[-111.068,34.2839],[-111.0752,34.2667],[-111.0824,34.2495],[-111.0896,34.2323],[-111.0968,34.2151],[-111.1231,34.2143],[-111.1495,34.2135],[-111.1597,34.1891],[-111.1699,34.1647],[-111.1825,34.1589],[-111.195,34.1531],[-111.2076,34.1472],[-111.2201,34.1414],[-111.2327,34.1356],[-111.2452,34.1297],[-111.2578,34.1239],[-111.2703,34.118],[-111.2735,34.0938],[-111.2767,34.0696],[-111.2798,34.0454],[-111.283,34.0212],[-111.2921,34.0046],[-111.3011,33.9879],[-111.3101,33.9712],[-111.3191,33.9546],[-111.316,33.9312],[-111.3129,33.9079],[-111.3098,33.8845],[-111.3066,33.8612],[-111.2998,33.849],[-111.2929,33.8369],[-111.286,33.8247],[-111.2791,33.8126],[-111.2722,33.8004],[-111.2654,33.7883],[-111.2585,33.7761],[-111.2516,33.764],[-111.2372,33.7571],[-111.2227,33.7502],[-111.2083,33.7432],[-111.1939,33.7363],[-111.1835,33.7215],[-111.1732,33.7067],[-111.1628,33.6919],[-111.1525,33.6771],[-111.1348,33.6779],[-111.1171,33.6787],[-111.0995,33.6795],[-111.0818,33.6803],[-111.0677,33.6767],[-111.0535,33.673],[-111.0394,33.6694],[-111.0253,33.6657],[-111.0112,33.6621],[-110.9971,33.6584],[-110.983,33.6548],[-110.9689,33.6511],[-110.957,33.6432],[-110.9452,33.6353],[-110.9334,33.6273],[-110.9215,33.6194],[-110.9052,33.6225],[-110.8889,33.6255],[-110.8726,33.6285],[-110.8563,33.6316],[-110.84,33.6346],[-110.8237,33.6377],[-110.8074,33.6407],[-110.791,33.6437],[-110.7794,33.6572],[-110.7677,33.6707],[-110.756,33.6842],[-110.7444,33.6977],[-110.7492,33.7164],[-110.754,33.735],[-110.7588,33.7536],[-110.7637,33.7723],[-110.7685,33.7909],[-110.7733,33.8095],[-110.7782,33.8282],[-110.783,33.8468],[-110.7828,34.2994],[-110.7988,34.2912],[-110.8147,34.283],[-110.8307,34.2748],[-110.8466,34.2665],[-110.8608,34.2751],[-110.8749,34.2836],[-110.8891,34.2921],[-110.9032,34.3006],[-110.9245,34.3087],[-110.9459,34.3167]]]},"properties":{"OBJECTID":1303,"state":"Arizona","agency":"Arizona Game and Fish Department","unit_type":"GMU","unit_id":"23","unit_name":"Mesa","unit_label":"Arizona GMU 23 - Mesa","aliases":"2025 | 23 | 23 mesa | arizona | arizona 23 | arizona 23 mesa | arizona game and fish department | arizona game and fish department 23 | arizona game management unit 23 | arizona game management unit 23 mesa | arizona gmu 23 | arizona gmu 23 mesa | arizon","year":"2025","Shape_Length":241778.9967978236,"Shape_Area":3061648652.059507}},{"type":"Feature","id":1304,"geometry":{"type":"Polygon","coordinates":[[[-110.5271,33.8153],[-110.5419,33.8205],[-110.5566,33.8257],[-110.5714,33.8309],[-110.5862,33.8361],[-110.6041,33.8293],[-110.622,33.8226],[-110.6399,33.8158],[-110.6578,33.809],[-110.6687,33.7951],[-110.6795,33.7812],[-110.6903,33.7673],[-110.7011,33.7534],[-110.7119,33.7395],[-110.7228,33.7256],[-110.7336,33.7116],[-110.7444,33.6977],[-110.756,33.6842],[-110.7677,33.6707],[-110.7794,33.6572],[-110.791,33.6437],[-110.8074,33.6407],[-110.8237,33.6377],[-110.84,33.6346],[-110.8563,33.6316],[-110.8726,33.6285],[-110.8889,33.6255],[-110.9052,33.6225],[-110.9215,33.6194],[-110.9279,33.6021],[-110.9343,33.5848],[-110.9407,33.5675],[-110.9471,33.5501],[-110.9281,33.5425],[-110.909,33.5348],[-110.8899,33.5271],[-110.8709,33.5195],[-110.8606,33.4935],[-110.8503,33.4675],[-110.8401,33.4414],[-110.8298,33.4154],[-110.844,33.4087],[-110.8581,33.402],[-110.8723,33.3953],[-110.8864,33.3886],[-110.9006,33.3819],[-110.9148,33.3752],[-110.9289,33.3685],[-110.943,33.3618],[-110.9585,33.3629],[-110.974,33.3639],[-110.9893,33.3549],[-111.0045,33.3458],[-111.0197,33.3368],[-111.035,33.3277],[-111.0502,33.3187],[-111.0654,33.3096],[-111.0806,33.3005],[-111.0958,33.2915],[-111.0947,33.2362],[-111.0845,33.2275],[-111.0743,33.2188],[-111.0642,33.2101],[-111.054,33.2013],[-111.0438,33.1926],[-111.0337,33.1839],[-111.0235,33.1752],[-111.0134,33.1664],[-111.0032,33.1577],[-110.9931,33.149],[-110.9829,33.1403],[-110.9728,33.1315],[-110.9627,33.1228],[-110.9525,33.1141],[-110.9424,33.1053],[-110.9322,33.0966],[-110.9186,33.0804],[-110.9049,33.0642],[-110.8913,33.048],[-110.8776,33.0317],[-110.8641,33.0259],[-110.8506,33.0201],[-110.837,33.0142],[-110.8235,33.0084],[-110.81,33.0025],[-110.7965,32.9967],[-110.783,32.9908],[-110.7695,32.985],[-110.7616,32.9973],[-110.7538,33.0097],[-110.7459,33.022],[-110.738,33.0344],[-110.7302,33.0467],[-110.7223,33.059],[-110.7144,33.0714],[-110.7066,33.0837],[-110.6882,33.0985],[-110.6698,33.1132],[-110.6514,33.128],[-110.6331,33.1428],[-110.6133,33.1383],[-110.5935,33.1338],[-110.5815,33.1426],[-110.5694,33.1515],[-110.5573,33.1603],[-110.5453,33.1691],[-110.5709,33.1692],[-110.5966,33.1693],[-110.6223,33.1694],[-110.648,33.1695],[-110.6736,33.1696],[-110.6993,33.1697],[-110.725,33.1698],[-110.7507,33.1698],[-110.7472,33.1908],[-110.7436,33.2117],[-110.7401,33.2326],[-110.7366,33.2535],[-110.733,33.2744],[-110.7295,33.2953],[-110.726,33.3162],[-110.7224,33.3372],[-110.7189,33.3581],[-110.7153,33.379],[-110.7118,33.3999],[-110.7083,33.4208],[-110.7047,33.4417],[-110.7012,33.4626],[-110.6976,33.4835],[-110.694,33.5044],[-110.6838,33.5128],[-110.6736,33.5211],[-110.6634,33.5295],[-110.6532,33.5378],[-110.643,33.5461],[-110.6328,33.5545],[-110.6226,33.5628],[-110.6124,33.5712],[-110.6021,33.5795],[-110.5919,33.5878],[-110.5817,33.5962],[-110.5715,33.6045],[-110.5612,33.6128],[-110.551,33.6211],[-110.5408,33.6295],[-110.5305,33.6378],[-110.5288,33.7265],[-110.5271,33.8153]]]},"properties":{"OBJECTID":1304,"state":"Arizona","agency":"Arizona Game and Fish Department","unit_type":"GMU","unit_id":"24A","unit_name":"Mesa","unit_label":"Arizona GMU 24A - Mesa","aliases":"2025 | 24a | 24a mesa | arizona | arizona 24a | arizona 24a mesa | arizona game and fish department | arizona game and fish department 24a | arizona game management unit 24a | arizona game management unit 24a mesa | arizona gmu 24a | arizona gmu 24a mesa","year":"2025","Shape_Length":282069.3953117478,"Shape_Area":2080186116.8806765}},{"type":"Feature","id":1305,"geometry":{"type":"Polygon","coordinates":[[[-110.9689,33.6511],[-110.983,33.6548],[-110.9971,33.6584],[-111.0112,33.6621],[-111.0253,33.6657],[-111.0394,33.6694],[-111.0535,33.673],[-111.0677,33.6767],[-111.0818,33.6803],[-111.0995,33.6795],[-111.1171,33.6787],[-111.1348,33.6779],[-111.1525,33.6771],[-111.1628,33.6662],[-111.1732,33.6553],[-111.1835,33.6443],[-111.1939,33.6334],[-111.2042,33.6225],[-111.2145,33.6116],[-111.2249,33.6006],[-111.2352,33.5897],[-111.2545,33.5883],[-111.2737,33.5868],[-111.293,33.5854],[-111.3122,33.5839],[-111.3315,33.5825],[-111.3507,33.581],[-111.37,33.5796],[-111.3893,33.5781],[-111.4004,33.5699],[-111.4116,33.5616],[-111.4227,33.5534],[-111.4339,33.5451],[-111.4534,33.5484],[-111.4729,33.5516],[-111.4924,33.5548],[-111.5119,33.5581],[-111.5306,33.5567],[-111.5493,33.5554],[-111.5679,33.554],[-111.5866,33.5527],[-111.6053,33.5513],[-111.6239,33.55],[-111.6426,33.5486],[-111.6613,33.5472],[-111.6669,33.5343],[-111.6726,33.5213],[-111.6783,33.5083],[-111.6839,33.4953],[-111.6646,33.4952],[-111.6453,33.4952],[-111.626,33.4951],[-111.6066,33.495],[-111.6064,33.466],[-111.5902,33.466],[-111.5741,33.466],[-111.5579,33.466],[-111.5417,33.466],[-111.5255,33.466],[-111.5093,33.466],[-111.4931,33.466],[-111.4769,33.466],[-111.4769,33.4079],[-111.4611,33.4061],[-111.4454,33.4043],[-111.4296,33.4025],[-111.4139,33.4007],[-111.3981,33.3988],[-111.3824,33.397],[-111.3667,33.3952],[-111.3509,33.3934],[-111.3621,33.3862],[-111.3733,33.379],[-111.3845,33.3718],[-111.3957,33.3646],[-111.4069,33.3575],[-111.4181,33.3503],[-111.4293,33.3431],[-111.4404,33.3359],[-111.4275,33.3262],[-111.4145,33.3165],[-111.4016,33.3069],[-111.3886,33.2972],[-111.3757,33.2875],[-111.3628,33.2778],[-111.3498,33.2681],[-111.3369,33.2584],[-111.3218,33.2605],[-111.3068,33.2626],[-111.2917,33.2647],[-111.2767,33.2667],[-111.2616,33.2688],[-111.2465,33.2709],[-111.2315,33.2729],[-111.2164,33.275],[-111.2013,33.2771],[-111.1863,33.2791],[-111.1712,33.2812],[-111.1561,33.2833],[-111.1411,33.2853],[-111.126,33.2874],[-111.1109,33.2894],[-111.0958,33.2915],[-111.0806,33.3005],[-111.0654,33.3096],[-111.0502,33.3187],[-111.035,33.3277],[-111.0197,33.3368],[-111.0045,33.3458],[-110.9893,33.3549],[-110.974,33.3639],[-110.9585,33.3629],[-110.943,33.3618],[-110.9289,33.3685],[-110.9148,33.3752],[-110.9006,33.3819],[-110.8864,33.3886],[-110.8723,33.3953],[-110.8581,33.402],[-110.844,33.4087],[-110.8298,33.4154],[-110.8401,33.4414],[-110.8503,33.4675],[-110.8606,33.4935],[-110.8709,33.5195],[-110.8899,33.5271],[-110.909,33.5348],[-110.9281,33.5425],[-110.9471,33.5501],[-110.9407,33.5675],[-110.9343,33.5848],[-110.9279,33.6021],[-110.9215,33.6194],[-110.9334,33.6273],[-110.9452,33.6353],[-110.957,33.6432],[-110.9689,33.6511]]]},"properties":{"OBJECTID":1305,"state":"Arizona","agency":"Arizona Game and Fish Department","unit_type":"GMU","unit_id":"24B","unit_name":"Mesa","unit_label":"Arizona GMU 24B - Mesa","aliases":"2025 | 24b | 24b mesa | arizona | arizona 24b | arizona 24b mesa | arizona game and fish department | arizona game and fish department 24b | arizona game management unit 24b | arizona game management unit 24b mesa | arizona gmu 24b | arizona gmu 24b mesa","year":"2025","Shape_Length":226020.96352128068,"Shape_Area":2002785642.6057234}},{"type":"Feature","id":1306,"geometry":{"type":"Polygon","coordinates":[[[-113.752,33.0299],[-113.7515,33.1604],[-113.7509,33.2908],[-113.7503,33.4212],[-113.7497,33.5516],[-113.7751,33.5515],[-113.7948,33.5515],[-113.8144,33.5515],[-113.834,33.5515],[-113.8537,33.5515],[-113.8526,33.5131],[-113.8699,33.4982],[-113.8872,33.4833],[-113.9046,33.4684],[-113.9219,33.4534],[-113.9289,33.417],[-113.9359,33.3806],[-113.9468,33.3709],[-113.9576,33.3612],[-113.9685,33.3516],[-113.9794,33.3419],[-113.9823,33.3166],[-113.9852,33.2914],[-113.9881,33.2661],[-113.9909,33.2409],[-113.9985,33.2255],[-114.006,33.2101],[-114.0136,33.1947],[-114.0211,33.1793],[-114.0055,33.1677],[-113.9898,33.1562],[-113.9741,33.1447],[-113.9585,33.1332],[-113.9556,33.1074],[-113.9526,33.0816],[-113.9497,33.0558],[-113.9468,33.03],[-113.9225,33.03],[-113.8981,33.03],[-113.8738,33.03],[-113.8494,33.03],[-113.8251,33.03],[-113.8007,33.03],[-113.7764,33.03],[-113.752,33.0299]]]},"properties":{"OBJECTID":1306,"state":"Arizona","agency":"Arizona Game and Fish Department","unit_type":"GMU","unit_id":"45B","unit_name":"Yuma","unit_label":"Arizona GMU 45B - Yuma","aliases":"2025 | 45b | 45b yuma | arizona | arizona 45b | arizona 45b yuma | arizona game and fish department | arizona game and fish department 45b | arizona game management unit 45b | arizona game management unit 45b yuma | arizona gmu 45b | arizona gmu 45b yuma","year":"2025","Shape_Length":151657.47672323743,"Shape_Area":1077165678.6104712}},{"type":"Feature","id":1307,"geometry":{"type":"MultiPolygon","coordinates":[[[[-110.6491,32.1404],[-110.6531,32.144],[-110.6533,32.1405],[-110.6491,32.1404]]],[[[-110.6491,32.1404],[-110.6537,32.1334],[-110.6739,32.1371],[-110.6942,32.1408],[-110.7145,32.1445],[-110.7347,32.1481],[-110.7381,32.2209],[-110.721,32.2245],[-110.7039,32.2281],[-110.6868,32.2317],[-110.6698,32.2353],[-110.6805,32.2538],[-110.6912,32.2722],[-110.7019,32.2907],[-110.7126,32.3091],[-110.7404,32.3091],[-110.7683,32.3091],[-110.7961,32.3091],[-110.8239,32.3091],[-110.824,32.3378],[-110.8411,32.34],[-110.8583,32.3422],[-110.8754,32.3443],[-110.8926,32.3465],[-110.9097,32.3487],[-110.9269,32.3508],[-110.944,32.353],[-110.9612,32.3552],[-110.9546,32.3731],[-110.948,32.3909],[-110.9414,32.4088],[-110.9348,32.4267],[-110.9491,32.4266],[-110.9634,32.4264],[-110.9777,32.4263],[-110.992,32.4261],[-111.0064,32.426],[-111.0207,32.4258],[-111.035,32.4257],[-111.0493,32.4255],[-111.0636,32.4254],[-111.0779,32.4252],[-111.0923,32.4251],[-111.1066,32.4249],[-111.1209,32.4248],[-111.1352,32.4246],[-111.1495,32.4244],[-111.1638,32.4243],[-111.1475,32.4125],[-111.1311,32.4006],[-111.1526,32.401],[-111.174,32.4014],[-111.1955,32.4018],[-111.2169,32.4022],[-111.218,32.2265],[-111.2181,32.1902],[-111.2174,32.1147],[-111.2173,32.1038],[-111.1926,32.1039],[-111.168,32.104],[-111.1433,32.1042],[-111.1187,32.1043],[-111.094,32.1044],[-111.0694,32.1045],[-111.0447,32.1047],[-111.0201,32.1048],[-111.0052,32.1084],[-110.9903,32.1121],[-110.9754,32.1158],[-110.9605,32.1194],[-110.9614,32.0015],[-110.9767,32.0015],[-110.992,32.0015],[-110.9877,31.958],[-110.9679,31.9583],[-110.9482,31.9587],[-110.9285,31.959],[-110.9087,31.9594],[-110.889,31.9597],[-110.8693,31.9601],[-110.8495,31.9604],[-110.8298,31.9608],[-110.8101,31.9611],[-110.7903,31.9614],[-110.7706,31.9618],[-110.7509,31.9621],[-110.7311,31.9624],[-110.7114,31.9627],[-110.6917,31.9631],[-110.6719,31.9634],[-110.681,31.9851],[-110.6901,32.0068],[-110.6737,32.0041],[-110.6572,32.0013],[-110.6408,31.9986],[-110.6243,31.9959],[-110.6079,31.9931],[-110.5914,31.9904],[-110.575,31.9877],[-110.5585,31.9849],[-110.5719,31.9938],[-110.5852,32.0026],[-110.5986,32.0115],[-110.6119,32.0203],[-110.6056,32.0522],[-110.5993,32.0841],[-110.593,32.116],[-110.5866,32.1479],[-110.6022,32.146],[-110.6179,32.1442],[-110.6335,32.1423],[-110.6491,32.1404]]]]},"properties":{"OBJECTID":1307,"state":"Arizona","agency":"Arizona Game and Fish Department","unit_type":"GMU","unit_id":"38M","unit_name":"Tucson","unit_label":"Arizona GMU 38M - Tucson","aliases":"2025 | 38m | 38m tucson | arizona | arizona 38m | arizona 38m tucson | arizona game and fish department | arizona game and fish department 38m | arizona game management unit 38m | arizona game management unit 38m tucson | arizona gmu 38m | arizona gmu 38","year":"2025","Shape_Length":255041.0208951985,"Shape_Area":2004456669.0866914}},{"type":"Feature","id":1308,"geometry":{"type":"Polygon","coordinates":[[[-111.2701,34.8205],[-111.2817,34.8356],[-111.2933,34.8506],[-111.3049,34.8657],[-111.3164,34.8807],[-111.328,34.8958],[-111.3396,34.9109],[-111.3512,34.9259],[-111.3628,34.941],[-111.38,34.937],[-111.3971,34.933],[-111.4143,34.929],[-111.4314,34.9251],[-111.4346,34.8908],[-111.4377,34.8565],[-111.4409,34.8222],[-111.444,34.7879],[-111.4302,34.7702],[-111.4163,34.7525],[-111.4024,34.7348],[-111.3885,34.7171],[-111.3793,34.6961],[-111.3702,34.6752],[-111.361,34.6542],[-111.3518,34.6333],[-111.3426,34.6123],[-111.3334,34.5914],[-111.3242,34.5704],[-111.3151,34.5495],[-111.2958,34.5629],[-111.2765,34.5762],[-111.2572,34.5896],[-111.2379,34.603],[-111.2221,34.6068],[-111.2062,34.6105],[-111.1903,34.6142],[-111.1745,34.618],[-111.1586,34.6217],[-111.1427,34.6254],[-111.1269,34.6291],[-111.111,34.6328],[-111.1056,34.6589],[-111.1002,34.685],[-111.0949,34.7111],[-111.0895,34.7372],[-111.1021,34.7465],[-111.1147,34.7558],[-111.1274,34.7651],[-111.14,34.7744],[-111.1548,34.7721],[-111.1696,34.7699],[-111.1844,34.7676],[-111.1992,34.7654],[-111.2169,34.7792],[-111.2347,34.7929],[-111.2524,34.8067],[-111.2701,34.8205]]]},"properties":{"OBJECTID":1308,"state":"Arizona","agency":"Arizona Game and Fish Department","unit_type":"GMU","unit_id":"5BS","unit_name":"Flagstaff","unit_label":"Arizona GMU 5BS - Flagstaff","aliases":"2025 | 5bs | 5bs flagstaff | arizona | arizona 5bs | arizona 5bs flagstaff | arizona game and fish department | arizona game and fish department 5bs | arizona game management unit 5bs | arizona game management unit 5bs flagstaff | arizona gmu 5bs | arizo","year":"2025","Shape_Length":120682.68923746682,"Shape_Area":716573263.976341}},{"type":"Feature","id":1309,"geometry":{"type":"Polygon","coordinates":[[[-111.8881,35.5645],[-111.9111,35.5699],[-111.934,35.5753],[-111.957,35.5807],[-111.98,35.5861],[-112.0,35.5932],[-112.0201,35.6004],[-112.0401,35.6075],[-112.0602,35.6146],[-112.0803,35.6217],[-112.1003,35.6289],[-112.1204,35.636],[-112.1405,35.6431],[-112.1485,35.6099],[-112.1565,35.5768],[-112.1645,35.5436],[-112.1725,35.5104],[-112.1696,35.4288],[-112.1668,35.3471],[-112.1624,35.3252],[-112.158,35.3032],[-112.1536,35.2812],[-112.1492,35.2593],[-112.1345,35.2589],[-112.1197,35.2586],[-112.1049,35.2583],[-112.0902,35.258],[-112.0754,35.2576],[-112.0606,35.2573],[-112.0459,35.257],[-112.0311,35.2567],[-112.0163,35.2563],[-112.0016,35.256],[-111.9868,35.2556],[-111.972,35.2553],[-111.9573,35.255],[-111.9425,35.2546],[-111.9277,35.2543],[-111.913,35.2539],[-111.8934,35.2508],[-111.8738,35.2476],[-111.8542,35.2445],[-111.8346,35.2413],[-111.8355,35.2849],[-111.8142,35.2844],[-111.7929,35.2838],[-111.7716,35.2833],[-111.7503,35.2828],[-111.7602,35.3061],[-111.77,35.3294],[-111.7799,35.3527],[-111.7898,35.376],[-111.7832,35.3934],[-111.7766,35.4108],[-111.7701,35.4281],[-111.7635,35.4455],[-111.779,35.4604],[-111.7946,35.4753],[-111.8102,35.4902],[-111.8257,35.505],[-111.8413,35.5199],[-111.8569,35.5348],[-111.8725,35.5497],[-111.8881,35.5645]]]},"properties":{"OBJECTID":1309,"state":"Arizona","agency":"Arizona Game and Fish Department","unit_type":"GMU","unit_id":"7W","unit_name":"Flagstaff","unit_label":"Arizona GMU 7W - Flagstaff","aliases":"2025 | 7w | 7w flagstaff | arizona | arizona 7w | arizona 7w flagstaff | arizona game and fish department | arizona game and fish department 7w | arizona game management unit 7w | arizona game management unit 7w flagstaff | arizona gmu 7w | arizona gmu 7","year":"2025","Shape_Length":145402.4589984995,"Shape_Area":1242985763.9323206}},{"type":"Feature","id":1310,"geometry":{"type":"Polygon","coordinates":[[[-112.0542,36.733],[-112.0714,36.7332],[-112.0886,36.7334],[-112.1059,36.7336],[-112.1231,36.7338],[-112.1404,36.7339],[-112.1576,36.7341],[-112.1748,36.7343],[-112.1921,36.7344],[-112.1987,36.7221],[-112.2053,36.7097],[-112.2118,36.6974],[-112.2184,36.685],[-112.2067,36.6733],[-112.195,36.6615],[-112.1833,36.6498],[-112.1716,36.6381],[-112.1786,36.6233],[-112.1856,36.6085],[-112.1795,36.5962],[-112.1734,36.584],[-112.1673,36.5718],[-112.1613,36.5595],[-112.1552,36.5473],[-112.1491,36.5351],[-112.143,36.5229],[-112.1369,36.5106],[-112.1318,36.4674],[-112.1267,36.4242],[-112.1216,36.3809],[-112.1165,36.3377],[-112.0988,36.3377],[-112.0812,36.3377],[-112.0636,36.3376],[-112.0459,36.3376],[-112.0361,36.3284],[-112.0262,36.3192],[-112.0164,36.31],[-112.0066,36.3008],[-111.9907,36.3034],[-111.9749,36.306],[-111.959,36.3087],[-111.9432,36.3113],[-111.9273,36.3139],[-111.9115,36.3166],[-111.8956,36.3192],[-111.8798,36.3218],[-111.8962,36.3268],[-111.9127,36.3318],[-111.9292,36.3367],[-111.9457,36.3417],[-111.9384,36.3588],[-111.931,36.3758],[-111.9236,36.3929],[-111.9163,36.4099],[-111.9003,36.4224],[-111.8844,36.4348],[-111.8684,36.4472],[-111.8525,36.4597],[-111.861,36.475],[-111.8695,36.4904],[-111.8822,36.4856],[-111.895,36.4807],[-111.9078,36.4759],[-111.9205,36.4711],[-111.9149,36.4915],[-111.9093,36.5119],[-111.9305,36.5119],[-111.9517,36.5119],[-111.9729,36.512],[-111.9941,36.512],[-111.9971,36.5354],[-112.0001,36.5589],[-112.0031,36.5824],[-112.0061,36.6059],[-112.0091,36.6293],[-112.0122,36.6528],[-112.0152,36.6763],[-112.0182,36.6998],[-112.0272,36.7081],[-112.0362,36.7164],[-112.0452,36.7247],[-112.0542,36.733]]]},"properties":{"OBJECTID":1310,"state":"Arizona","agency":"Arizona Game and Fish Department","unit_type":"GMU","unit_id":"12A","unit_name":"Flagstaff","unit_label":"Arizona GMU 12A - Flagstaff","aliases":"12a | 12a flagstaff | 2025 | arizona | arizona 12a | arizona 12a flagstaff | arizona game and fish department | arizona game and fish department 12a | arizona game management unit 12a | arizona game management unit 12a flagstaff | arizona gmu 12a | arizo","year":"2025","Shape_Length":152239.39040048898,"Shape_Area":793468990.2808224}},{"type":"Feature","id":1311,"geometry":{"type":"Polygon","coordinates":[[[-114.5529,36.1516],[-114.5794,36.1484],[-114.5801,36.1477],[-114.5916,36.1437],[-114.5945,36.143],[-114.6022,36.1384],[-114.6151,36.1305],[-114.6294,36.142],[-114.632,36.1421],[-114.6471,36.1308],[-114.6623,36.1195],[-114.663,36.1184],[-114.6635,36.118],[-114.6733,36.1161],[-114.6792,36.1113],[-114.6922,36.1131],[-114.6939,36.1132],[-114.6961,36.112],[-114.6983,36.1106],[-114.7002,36.1101],[-114.7065,36.1086],[-114.7071,36.1085],[-114.7094,36.1079],[-114.7103,36.1078],[-114.7122,36.1078],[-114.7135,36.1078],[-114.7293,36.1055],[-114.7347,36.1046],[-114.7369,36.1038],[-114.7508,36.0934],[-114.7507,36.0765],[-114.7373,36.0599],[-114.7353,36.0551],[-114.7355,36.0541],[-114.7356,36.0533],[-114.7363,36.0529],[-114.7388,36.051],[-114.7404,36.0496],[-114.7417,36.0475],[-114.7431,36.0455],[-114.7319,36.037],[-114.7303,36.0358],[-114.7228,36.0289],[-114.7237,36.0274],[-114.7375,36.0161],[-114.7374,36.016],[-114.7266,36.0081],[-114.7158,36.0001],[-114.7049,35.9922],[-114.6941,35.9842],[-114.6833,35.9763],[-114.6725,35.9683],[-114.6616,35.9604],[-114.6508,35.9524],[-114.6438,35.9372],[-114.6368,35.9221],[-114.6299,35.9069],[-114.6229,35.8917],[-114.6141,35.8827],[-114.6053,35.8737],[-114.5965,35.8647],[-114.5876,35.8557],[-114.5788,35.8467],[-114.57,35.8377],[-114.5612,35.8287],[-114.5524,35.8197],[-114.5459,35.833],[-114.5394,35.8464],[-114.5329,35.8597],[-114.5264,35.8731],[-114.5199,35.8865],[-114.5134,35.8998],[-114.5069,35.9132],[-114.5004,35.9265],[-114.5044,35.9645],[-114.5084,36.0025],[-114.4855,36.0103],[-114.4627,36.018],[-114.4475,36.0113],[-114.4323,36.0045],[-114.4171,35.9978],[-114.4018,35.991],[-114.3878,35.9956],[-114.3738,36.0002],[-114.3597,36.0048],[-114.3457,36.0094],[-114.3377,36.0216],[-114.3298,36.0338],[-114.3218,36.0459],[-114.3138,36.0581],[-114.3136,36.0585],[-114.3127,36.0678],[-114.3057,36.0756],[-114.3165,36.0911],[-114.318,36.0928],[-114.3284,36.105],[-114.3341,36.1069],[-114.3386,36.1102],[-114.3396,36.1112],[-114.3519,36.1225],[-114.3559,36.1254],[-114.3649,36.1345],[-114.3738,36.1436],[-114.3804,36.1421],[-114.3987,36.1459],[-114.4222,36.1406],[-114.4275,36.1361],[-114.4461,36.1261],[-114.4584,36.1386],[-114.4584,36.1386],[-114.4599,36.1392],[-114.4601,36.1393],[-114.4768,36.1341],[-114.4934,36.1288],[-114.5002,36.1271],[-114.5091,36.1291],[-114.5107,36.1323],[-114.5105,36.1337],[-114.5017,36.1432],[-114.5295,36.1484],[-114.5313,36.1482],[-114.5385,36.1518],[-114.5388,36.1519],[-114.5428,36.1524],[-114.5431,36.1524],[-114.5517,36.1513],[-114.5529,36.1516]]]},"properties":{"OBJECTID":1311,"state":"Arizona","agency":"Arizona Game and Fish Department","unit_type":"GMU","unit_id":"15B","unit_name":"Kingman","unit_label":"Arizona GMU 15B - Kingman","aliases":"15b | 15b kingman | 2025 | arizona | arizona 15b | arizona 15b kingman | arizona game and fish department | arizona game and fish department 15b | arizona game management unit 15b | arizona game management unit 15b kingman | arizona gmu 15b | arizona gmu","year":"2025","Shape_Length":135438.44641996775,"Shape_Area":740441493.2393824}},{"type":"Feature","id":1312,"geometry":{"type":"Polygon","coordinates":[[[-111.3934,35.1962],[-111.4002,35.2191],[-111.407,35.242],[-111.4138,35.2649],[-111.4206,35.2878],[-111.4274,35.3107],[-111.4342,35.3335],[-111.441,35.3564],[-111.4478,35.3793],[-111.4684,35.3681],[-111.489,35.3568],[-111.5107,35.3605],[-111.5325,35.3643],[-111.5542,35.368],[-111.5759,35.3718],[-111.5815,35.3525],[-111.587,35.3332],[-111.5925,35.3139],[-111.5981,35.2946],[-111.6124,35.2904],[-111.6268,35.2863],[-111.6411,35.2821],[-111.6555,35.2779],[-111.6792,35.2791],[-111.7029,35.2803],[-111.7266,35.2815],[-111.7503,35.2828],[-111.7716,35.2833],[-111.7929,35.2838],[-111.8142,35.2844],[-111.8355,35.2849],[-111.8346,35.2413],[-111.819,35.2327],[-111.8034,35.2242],[-111.7878,35.2156],[-111.7722,35.2071],[-111.7638,35.1942],[-111.7555,35.1814],[-111.7471,35.1685],[-111.7387,35.1556],[-111.7357,35.1051],[-111.7327,35.0547],[-111.7214,35.0635],[-111.71,35.0724],[-111.6987,35.0812],[-111.6873,35.0901],[-111.6654,35.0781],[-111.6435,35.0662],[-111.6292,35.078],[-111.6149,35.0898],[-111.6006,35.1016],[-111.5863,35.1134],[-111.593,35.1319],[-111.5997,35.1503],[-111.5853,35.1524],[-111.571,35.1544],[-111.5566,35.1565],[-111.5423,35.1585],[-111.5279,35.1606],[-111.5135,35.1626],[-111.4992,35.1646],[-111.4848,35.1667],[-111.462,35.1741],[-111.4391,35.1814],[-111.4163,35.1888],[-111.3934,35.1962]]]},"properties":{"OBJECTID":1312,"state":"Arizona","agency":"Arizona Game and Fish Department","unit_type":"GMU","unit_id":"11M","unit_name":"Flagstaff","unit_label":"Arizona GMU 11M - Flagstaff","aliases":"11m | 11m flagstaff | 2025 | arizona | arizona 11m | arizona 11m flagstaff | arizona game and fish department | arizona game and fish department 11m | arizona game management unit 11m | arizona game management unit 11m flagstaff | arizona gmu 11m | arizo","year":"2025","Shape_Length":135317.3890398658,"Shape_Area":719702682.0536698}},{"type":"Feature","id":1313,"geometry":{"type":"Polygon","coordinates":[[[-110.3738,34.2791],[-110.3909,34.2822],[-110.408,34.2854],[-110.4251,34.2885],[-110.4422,34.2917],[-110.4593,34.2948],[-110.4764,34.298],[-110.4935,34.3011],[-110.5106,34.3042],[-110.5254,34.297],[-110.5402,34.2898],[-110.5551,34.2826],[-110.5699,34.2753],[-110.5934,34.2758],[-110.6168,34.2763],[-110.6403,34.2768],[-110.6638,34.2773],[-110.6872,34.2778],[-110.7107,34.2783],[-110.7342,34.2787],[-110.7577,34.2792],[-110.7703,34.2893],[-110.7828,34.2994],[-110.783,33.8468],[-110.7782,33.8282],[-110.7733,33.8095],[-110.7685,33.7909],[-110.7637,33.7723],[-110.7588,33.7536],[-110.754,33.735],[-110.7492,33.7164],[-110.7444,33.6977],[-110.7336,33.7116],[-110.7228,33.7256],[-110.7119,33.7395],[-110.7011,33.7534],[-110.6903,33.7673],[-110.6795,33.7812],[-110.6687,33.7951],[-110.6578,33.809],[-110.6399,33.8158],[-110.622,33.8226],[-110.6041,33.8293],[-110.5862,33.8361],[-110.5714,33.8309],[-110.5566,33.8257],[-110.5419,33.8205],[-110.5271,33.8153],[-110.5288,33.7265],[-110.5305,33.6378],[-110.5408,33.6295],[-110.551,33.6211],[-110.5612,33.6128],[-110.5715,33.6045],[-110.5817,33.5962],[-110.5919,33.5878],[-110.6021,33.5795],[-110.6124,33.5712],[-110.6226,33.5628],[-110.6328,33.5545],[-110.643,33.5461],[-110.6532,33.5378],[-110.6634,33.5295],[-110.6736,33.5211],[-110.6838,33.5128],[-110.694,33.5044],[-110.6976,33.4835],[-110.7012,33.4626],[-110.7047,33.4417],[-110.7083,33.4208],[-110.7118,33.3999],[-110.7153,33.379],[-110.7189,33.3581],[-110.7224,33.3372],[-110.726,33.3162],[-110.7295,33.2953],[-110.733,33.2744],[-110.7366,33.2535],[-110.7401,33.2326],[-110.7436,33.2117],[-110.7472,33.1908],[-110.7507,33.1698],[-110.725,33.1698],[-110.6993,33.1697],[-110.6736,33.1696],[-110.648,33.1695],[-110.6223,33.1694],[-110.5966,33.1693],[-110.5709,33.1692],[-110.5453,33.1691],[-110.5573,33.1603],[-110.5694,33.1515],[-110.5815,33.1426],[-110.5935,33.1338],[-110.6133,33.1383],[-110.6331,33.1428],[-110.6514,33.128],[-110.6698,33.1132],[-110.6882,33.0985],[-110.7066,33.0837],[-110.7068,32.8766],[-110.689,32.8893],[-110.6713,32.902],[-110.6535,32.9147],[-110.6357,32.9274],[-110.6213,32.9309],[-110.6068,32.9344],[-110.5924,32.938],[-110.5779,32.9415],[-110.5635,32.945],[-110.549,32.9485],[-110.5345,32.952],[-110.5201,32.9555],[-110.5016,32.9627],[-110.4831,32.9699],[-110.4646,32.977],[-110.4461,32.9842],[-110.4276,32.9914],[-110.4091,32.9985],[-110.3906,33.0057],[-110.3721,33.0128],[-110.354,33.0097],[-110.3359,33.0066],[-110.3177,33.0035],[-110.2996,33.0004],[-110.2815,32.9973],[-110.2634,32.9942],[-110.2453,32.9911],[-110.2272,32.9879],[-110.2044,32.9804],[-110.1815,32.9728],[-110.1587,32.9653],[-110.1359,32.9577],[-110.1258,32.9474],[-110.1158,32.9372],[-110.1057,32.9269],[-110.0957,32.9166],[-110.0856,32.9063],[-110.0756,32.8961],[-110.0656,32.8858],[-110.0555,32.8755],[-110.0563,33.0867],[-110.0565,33.3046],[-110.0472,33.2902],[-110.0379,33.2759],[-110.0286,33.2616],[-110.0193,33.2473],[-110.0029,33.2435],[-109.9864,33.2397],[-109.9699,33.2358],[-109.9535,33.232],[-109.9516,33.1938],[-109.9365,33.1852],[-109.9214,33.1766],[-109.9063,33.1679],[-109.8912,33.1593],[-109.8766,33.1589],[-109.862,33.1584],[-109.8474,33.1579],[-109.8328,33.1575],[-109.8253,33.1382],[-109.8178,33.119],[-109.7926,33.1216],[-109.7674,33.1243],[-109.7625,33.0975],[-109.7576,33.0708],[-109.746,33.0638],[-109.7344,33.0568],[-109.7228,33.0498],[-109.7111,33.0428],[-109.6995,33.0358],[-109.6879,33.0288],[-109.6763,33.0218],[-109.6647,33.0148],[-109.647,33.0151],[-109.6293,33.0154],[-109.6116,33.0156],[-109.5939,33.0159],[-109.5817,33.0237],[-109.5694,33.0314],[-109.5572,33.0392],[-109.5449,33.0469],[-109.5327,33.0546],[-109.5204,33.0624],[-109.5082,33.0701],[-109.4959,33.0779],[-109.4956,33.1251],[-109.4955,33.6526],[-109.4953,33.9156],[-109.5142,33.9165],[-109.5331,33.9175],[-109.5519,33.9184],[-109.5708,33.9193],[-109.5595,33.9361],[-109.5482,33.9528],[-109.5369,33.9696],[-109.5256,33.9863],[-109.5357,34.0003],[-109.5458,34.0143],[-109.5559,34.0282],[-109.566,34.0422],[-109.5762,34.0562],[-109.5863,34.0701],[-109.5965,34.0841],[-109.6066,34.098],[-109.6298,34.0999],[-109.653,34.1018],[-109.6638,34.126],[-109.6746,34.1501],[-109.6955,34.1425],[-109.7165,34.1349],[-109.7375,34.1273],[-109.7585,34.1196],[-109.7784,34.1229],[-109.7984,34.1261],[-109.8109,34.119],[-109.8234,34.1119],[-109.8416,34.1116],[-109.8599,34.1112],[-109.8781,34.1109],[-109.8963,34.1105],[-109.9145,34.1102],[-109.9328,34.1098],[-109.951,34.1094],[-109.9692,34.1091],[-109.9783,34.121],[-109.9873,34.1329],[-109.9964,34.1448],[-110.0055,34.1566],[-110.0146,34.1685],[-110.0236,34.1804],[-110.0327,34.1923],[-110.0418,34.2042],[-110.0615,34.2044],[-110.0812,34.2045],[-110.0951,34.21],[-110.1091,34.2154],[-110.1231,34.2208],[-110.1371,34.2262],[-110.151,34.2316],[-110.165,34.237],[-110.179,34.2424],[-110.193,34.2478],[-110.2048,34.2407],[-110.2167,34.2337],[-110.2285,34.2266],[-110.2403,34.2196],[-110.2642,34.2231],[-110.2881,34.2266],[-110.3119,34.2301],[-110.3358,34.2336],[-110.3453,34.2449],[-110.3548,34.2563],[-110.3643,34.2677],[-110.3738,34.2791]]]},"properties":{"OBJECTID":1313,"state":"Arizona","agency":"Arizona Game and Fish Department","unit_type":"GMU","unit_id":"TL","unit_name":"No AZGFD Administration","unit_label":"Arizona GMU TL - No AZGFD Administration","aliases":"2025 | arizona | arizona game and fish department | arizona game and fish department tl | arizona game management unit tl | arizona game management unit tl no azgfd administration | arizona gmu tl | arizona gmu tl no azgfd administration | arizona hunt u","year":"2025","Shape_Length":676532.4584131876,"Shape_Area":14323024669.604198}},{"type":"Feature","id":1314,"geometry":{"type":"Polygon","coordinates":[[[-111.7744,32.7921],[-111.8002,32.7921],[-111.826,32.7921],[-111.8518,32.7921],[-111.8776,32.7921],[-111.8775,32.7677],[-111.8991,32.7677],[-111.9208,32.7678],[-111.9425,32.7678],[-111.9641,32.7678],[-111.9855,32.7678],[-112.0068,32.7678],[-112.0282,32.7678],[-112.0495,32.7678],[-112.0496,32.7242],[-112.0753,32.7243],[-112.101,32.7243],[-112.1267,32.7243],[-112.1524,32.7244],[-112.1523,32.6809],[-112.1779,32.6809],[-112.2036,32.6809],[-112.2036,32.6373],[-112.2294,32.6374],[-112.2552,32.6374],[-112.2811,32.6375],[-112.3069,32.6376],[-112.3061,32.5935],[-112.3228,32.5935],[-112.3395,32.5936],[-112.3563,32.5936],[-112.373,32.5936],[-112.3897,32.5936],[-112.4065,32.5937],[-112.4232,32.5937],[-112.4399,32.5937],[-112.4566,32.5937],[-112.4734,32.5937],[-112.4901,32.5937],[-112.5068,32.5937],[-112.5236,32.5937],[-112.5403,32.5937],[-112.557,32.5937],[-112.5738,32.5937],[-112.5743,32.418],[-112.5999,32.418],[-112.6254,32.4181],[-112.6509,32.4181],[-112.6765,32.4182],[-112.6765,32.3313],[-112.702,32.3313],[-112.7274,32.3314],[-112.7274,32.2438],[-112.7276,32.1572],[-112.7127,32.1572],[-112.6978,32.1572],[-112.6829,32.1572],[-112.668,32.1573],[-112.6756,32.1421],[-112.6833,32.127],[-112.6909,32.1119],[-112.6985,32.0968],[-112.6946,32.0618],[-112.6906,32.0268],[-112.6733,32.013],[-112.656,31.9992],[-112.6528,31.9703],[-112.6495,31.9414],[-112.639,31.93],[-112.6286,31.9185],[-112.6181,31.907],[-112.6076,31.8955],[-112.6079,31.8155],[-112.5924,31.8108],[-112.577,31.806],[-112.5616,31.8013],[-112.5461,31.7965],[-112.5307,31.7918],[-112.5152,31.787],[-112.4998,31.7823],[-112.4844,31.7775],[-112.469,31.7728],[-112.4535,31.768],[-112.4381,31.7633],[-112.4227,31.7585],[-112.4072,31.7537],[-112.3918,31.749],[-112.3764,31.7442],[-112.361,31.7394],[-112.3456,31.7347],[-112.3302,31.7299],[-112.3148,31.7251],[-112.2993,31.7203],[-112.2839,31.7156],[-112.2685,31.7108],[-112.2531,31.706],[-112.2377,31.7012],[-112.2223,31.6964],[-112.2069,31.6916],[-112.1915,31.6868],[-112.1761,31.682],[-112.1607,31.6772],[-112.1453,31.6724],[-112.13,31.6676],[-112.1146,31.6628],[-112.0992,31.658],[-112.0838,31.6532],[-112.0684,31.6484],[-112.053,31.6436],[-112.0377,31.6388],[-112.0223,31.6339],[-112.0069,31.6291],[-111.9915,31.6243],[-111.9762,31.6195],[-111.9608,31.6147],[-111.9454,31.6098],[-111.9301,31.605],[-111.9147,31.6002],[-111.8993,31.5953],[-111.884,31.5905],[-111.8686,31.5857],[-111.8532,31.5808],[-111.8379,31.576],[-111.8225,31.5711],[-111.8072,31.5663],[-111.7918,31.5614],[-111.7765,31.5566],[-111.7611,31.5517],[-111.7458,31.5469],[-111.7305,31.542],[-111.7151,31.5371],[-111.6998,31.5323],[-111.6844,31.5274],[-111.6691,31.5225],[-111.6538,31.5177],[-111.6384,31.5128],[-111.6231,31.5079],[-111.6302,31.5282],[-111.6373,31.5485],[-111.6445,31.5688],[-111.6516,31.5891],[-111.6478,31.6156],[-111.644,31.6422],[-111.6402,31.6687],[-111.6364,31.6952],[-111.6236,31.703],[-111.6108,31.7108],[-111.6061,31.728],[-111.6015,31.7453],[-111.5968,31.7625],[-111.5922,31.7797],[-111.5875,31.7969],[-111.5829,31.8142],[-111.5782,31.8314],[-111.5736,31.8486],[-111.5815,31.8601],[-111.5894,31.8717],[-111.5973,31.8832],[-111.6052,31.8947],[-111.5908,31.9017],[-111.5764,31.9087],[-111.562,31.9157],[-111.5476,31.9227],[-111.5474,32.01],[-111.5314,32.0122],[-111.5154,32.0145],[-111.4994,32.0167],[-111.4834,32.019],[-111.4674,32.0212],[-111.4513,32.0234],[-111.4353,32.0256],[-111.4193,32.0279],[-111.4093,32.0432],[-111.3994,32.0585],[-111.4193,32.0575],[-111.4392,32.0564],[-111.4591,32.0553],[-111.4791,32.0543],[-111.4695,32.0657],[-111.4599,32.0771],[-111.4503,32.0885],[-111.4407,32.0999],[-111.4407,32.1726],[-111.422,32.1729],[-111.4034,32.1733],[-111.3848,32.1737],[-111.3661,32.1741],[-111.3475,32.1745],[-111.3288,32.1749],[-111.3102,32.1752],[-111.2916,32.1756],[-111.2732,32.1792],[-111.2549,32.1829],[-111.2365,32.1865],[-111.2181,32.1902],[-111.218,32.2265],[-111.2341,32.2258],[-111.2502,32.2252],[-111.2662,32.2246],[-111.2823,32.2239],[-111.2984,32.2233],[-111.3144,32.2226],[-111.3305,32.222],[-111.3466,32.2213],[-111.3626,32.2207],[-111.3787,32.22],[-111.3948,32.2194],[-111.4108,32.2187],[-111.4269,32.2181],[-111.443,32.2174],[-111.459,32.2167],[-111.4751,32.2161],[-111.4746,32.3743],[-111.5006,32.3743],[-111.5267,32.3743],[-111.5528,32.3743],[-111.5788,32.3742],[-111.5788,32.4226],[-111.6045,32.4218],[-111.6303,32.4211],[-111.6561,32.4203],[-111.6818,32.4196],[-111.6819,32.3741],[-111.7074,32.3742],[-111.7329,32.3742],[-111.7584,32.3742],[-111.7839,32.3742],[-111.7896,32.3969],[-111.7952,32.4196],[-111.794,32.5502],[-111.7927,32.6808],[-111.7796,32.6904],[-111.7665,32.6999],[-111.7535,32.7095],[-111.7404,32.719],[-111.7487,32.741],[-111.7571,32.763],[-111.7657,32.7776],[-111.7744,32.7921]]]},"properties":{"OBJECTID":1314,"state":"Arizona","agency":"Arizona Game and Fish Department","unit_type":"GMU","unit_id":"TL","unit_name":"No AZGFD Administration","unit_label":"Arizona GMU TL - No AZGFD Administration","aliases":"2025 | arizona | arizona game and fish department | arizona game and fish department tl | arizona game management unit tl | arizona game management unit tl no azgfd administration | arizona gmu tl | arizona gmu tl no azgfd administration | arizona hunt u","year":"2025","Shape_Length":561810.6833290715,"Shape_Area":11242322955.664518}},{"type":"Feature","id":1315,"geometry":{"type":"Polygon","coordinates":[[[-110.9605,32.1194],[-110.9754,32.1158],[-110.9903,32.1121],[-111.0052,32.1084],[-111.0201,32.1048],[-111.0447,32.1047],[-111.0694,32.1045],[-111.094,32.1044],[-111.1187,32.1043],[-111.1433,32.1042],[-111.168,32.104],[-111.1926,32.1039],[-111.2173,32.1038],[-111.2162,32.0004],[-111.1882,32.0005],[-111.1602,32.0007],[-111.1322,32.0008],[-111.1041,32.001],[-111.0761,32.0011],[-111.0481,32.0012],[-111.0201,32.0013],[-110.992,32.0015],[-110.9767,32.0015],[-110.9614,32.0015],[-110.9605,32.1194]]]},"properties":{"OBJECTID":1315,"state":"Arizona","agency":"Arizona Game and Fish Department","unit_type":"GMU","unit_id":"N/A","unit_name":"No AZGFD Administration","unit_label":"Arizona GMU N/A - No AZGFD Administration","aliases":"2025 | arizona | arizona game and fish department | arizona game and fish department n a | arizona game and fish department na | arizona game management unit n a | arizona game management unit n a no azgfd administration | arizona game management unit na","year":"2025","Shape_Length":72972.6268353562,"Shape_Area":281452791.1474142}},{"type":"Feature","id":1316,"geometry":{"type":"Polygon","coordinates":[[[-111.5191,35.7427],[-111.5012,35.7574],[-111.4786,35.7573],[-111.456,35.7573],[-111.4334,35.7572],[-111.4108,35.7571],[-111.3881,35.7571],[-111.3655,35.757],[-111.3429,35.7569],[-111.3203,35.7568],[-111.3128,35.7328],[-111.3053,35.7087],[-111.3116,35.6947],[-111.3178,35.6807],[-111.3241,35.6668],[-111.3304,35.6528],[-111.3245,35.6364],[-111.3187,35.62],[-111.3128,35.6035],[-111.3069,35.5871],[-111.2968,35.5794],[-111.2867,35.5717],[-111.2765,35.564],[-111.2664,35.5563],[-111.2605,35.5394],[-111.2546,35.5224],[-111.2487,35.5055],[-111.2428,35.4886],[-111.243,35.1566],[-111.2221,35.1566],[-111.2011,35.1566],[-111.1801,35.1566],[-111.1592,35.1566],[-111.1382,35.1566],[-111.1173,35.1566],[-111.0963,35.1565],[-111.0754,35.1565],[-111.0544,35.1565],[-111.0335,35.1565],[-111.0125,35.1564],[-110.9916,35.1564],[-110.9706,35.1564],[-110.9497,35.1563],[-110.9287,35.1563],[-110.9078,35.1562],[-110.9078,35.1702],[-110.8816,35.1702],[-110.8554,35.1703],[-110.8291,35.1703],[-110.8029,35.1703],[-110.7767,35.1703],[-110.7504,35.1702],[-110.7242,35.1702],[-110.698,35.1702],[-110.6786,35.1703],[-110.6592,35.1703],[-110.6398,35.1704],[-110.6204,35.1704],[-110.601,35.1705],[-110.5817,35.1705],[-110.5623,35.1705],[-110.5429,35.1706],[-110.5235,35.1706],[-110.5041,35.1706],[-110.4847,35.1706],[-110.4654,35.1707],[-110.446,35.1707],[-110.4266,35.1707],[-110.4072,35.1707],[-110.3878,35.1707],[-110.3685,35.1707],[-110.3491,35.1707],[-110.3297,35.1707],[-110.3103,35.1707],[-110.2909,35.1707],[-110.2715,35.1707],[-110.2522,35.1707],[-110.2328,35.1707],[-110.2134,35.1706],[-110.194,35.1706],[-110.1746,35.1706],[-110.1552,35.1706],[-110.1359,35.1705],[-110.1165,35.1705],[-110.0971,35.1705],[-110.0777,35.1704],[-110.0532,35.1704],[-110.0287,35.1704],[-110.0042,35.1704],[-109.9797,35.1703],[-109.9551,35.1703],[-109.9306,35.1703],[-109.9061,35.1702],[-109.8816,35.1702],[-109.8571,35.1702],[-109.8326,35.1701],[-109.808,35.17],[-109.7835,35.17],[-109.759,35.1699],[-109.7345,35.1698],[-109.71,35.1698],[-109.6855,35.1697],[-109.6837,35.1253],[-109.7095,35.1267],[-109.7352,35.1281],[-109.7363,35.0761],[-109.7095,35.0778],[-109.6827,35.0794],[-109.6558,35.081],[-109.629,35.0826],[-109.6288,35.1699],[-109.6024,35.1699],[-109.576,35.1699],[-109.5495,35.1699],[-109.5231,35.1699],[-109.5409,35.1551],[-109.5587,35.1404],[-109.5412,35.1257],[-109.5236,35.1111],[-109.5238,34.9079],[-109.5122,34.9298],[-109.5007,34.9516],[-109.4803,34.9516],[-109.4598,34.9516],[-109.4394,34.9516],[-109.419,34.9515],[-109.4115,34.9663],[-109.4039,34.981],[-109.3814,34.9854],[-109.3589,34.9898],[-109.3364,34.9941],[-109.3139,34.9985],[-109.3147,34.908],[-109.2956,34.9079],[-109.2765,34.9077],[-109.2574,34.9076],[-109.2383,34.9075],[-109.2143,34.9072],[-109.1902,34.9069],[-109.1662,34.9066],[-109.1422,34.9063],[-109.1181,34.906],[-109.0941,34.9057],[-109.0701,34.9054],[-109.046,34.9051],[-109.046,34.9051],[-109.046,34.9441],[-109.046,34.9454],[-109.046,34.9484],[-109.046,34.9495],[-109.046,34.9514],[-109.046,35.1871],[-109.046,35.1907],[-109.0468,35.3621],[-109.0468,35.3638],[-109.0469,35.3755],[-109.0466,35.4856],[-109.0465,35.5202],[-109.0463,35.6123],[-109.0463,35.6191],[-109.0463,35.6544],[-109.0463,35.6905],[-109.0461,35.8653],[-109.046,35.9277],[-109.0458,36.2391],[-109.0456,36.5503],[-109.0456,36.5516],[-109.0456,36.5566],[-109.0456,36.625],[-109.0454,36.7124],[-109.0453,36.75],[-109.0453,36.8133],[-109.0453,36.8179],[-109.0453,36.8268],[-109.0454,36.8598],[-109.0454,36.8736],[-109.0452,36.9958],[-109.0629,36.9967],[-109.0805,36.9975],[-109.0981,36.9984],[-109.1157,36.9993],[-109.1321,36.9993],[-109.1485,36.9993],[-109.1648,36.9993],[-109.1812,36.9993],[-109.1976,36.9993],[-109.214,36.9993],[-109.2303,36.9993],[-109.2467,36.9992],[-109.2631,36.9992],[-109.2795,36.9992],[-109.2958,36.9992],[-109.3122,36.9992],[-109.3286,36.9992],[-109.345,36.9991],[-109.3613,36.9991],[-109.3777,36.9991],[-109.3941,36.999],[-109.4105,36.999],[-109.4268,36.999],[-109.4432,36.9989],[-109.4596,36.9989],[-109.476,36.9988],[-109.4923,36.9988],[-109.5087,36.9987],[-109.5251,36.9987],[-109.5415,36.9986],[-109.5578,36.9986],[-109.5742,36.9985],[-109.5906,36.9985],[-109.607,36.9984],[-109.6233,36.9983],[-109.6397,36.9983],[-109.6657,36.9984],[-109.6916,36.9984],[-109.7176,36.9985],[-109.7435,36.9986],[-109.7695,36.9986],[-109.7954,36.9987],[-109.8213,36.9987],[-109.8473,36.9988],[-109.8732,36.9988],[-109.8992,36.9988],[-109.9251,36.9988],[-109.9511,36.9989],[-109.977,36.9989],[-110.003,36.9989],[-110.0289,36.9989],[-110.0549,36.9989],[-110.0808,36.9989],[-110.1068,36.9989],[-110.1327,36.9988],[-110.1587,36.9988],[-110.1846,36.9988],[-110.2106,36.9987],[-110.2365,36.9987],[-110.2625,36.9986],[-110.2884,36.9986],[-110.3144,36.9985],[-110.3403,36.9985],[-110.3663,36.9984],[-110.3922,36.9983],[-110.4182,36.9982],[-110.4441,36.9981],[-110.4701,36.9981],[-110.4903,37.0039],[-110.5191,37.0038],[-110.5479,37.0038],[-110.5767,37.0038],[-110.6055,37.0038],[-110.6343,37.0037],[-110.6631,37.0037],[-110.6919,37.0036],[-110.7207,37.0036],[-110.7495,37.0035],[-110.7783,37.0034],[-110.8071,37.0033],[-110.8359,37.0032],[-110.8647,37.0031],[-110.8935,37.003],[-110.9223,37.0029],[-110.9511,37.0028],[-110.9799,37.0027],[-111.0087,37.0026],[-111.0375,37.0024],[-111.0663,37.0023],[-111.0951,37.0021],[-111.1239,37.002],[-111.1527,37.0018],[-111.1815,37.0016],[-111.2103,37.0015],[-111.2391,37.0013],[-111.2679,37.0011],[-111.2967,37.0009],[-111.3255,37.0007],[-111.3543,37.0005],[-111.3831,37.0002],[-111.4119,37.0],[-111.4256,36.9876],[-111.4393,36.9753],[-111.453,36.9629],[-111.4667,36.9505],[-111.4804,36.9381],[-111.494,36.9257],[-111.5077,36.9134],[-111.5214,36.901],[-111.5211,36.8772],[-111.5452,36.8702],[-111.5693,36.8633],[-111.5934,36.8564],[-111.6175,36.8494],[-111.6238,36.838],[-111.6301,36.8266],[-111.6364,36.8152],[-111.6427,36.8038],[-111.649,36.7923],[-111.6553,36.7809],[-111.6616,36.7695],[-111.6679,36.7581],[-111.6798,36.7479],[-111.6916,36.7377],[-111.7035,36.7274],[-111.7154,36.7172],[-111.7273,36.707],[-111.7391,36.6968],[-111.751,36.6866],[-111.7628,36.6764],[-111.7653,36.6168],[-111.7776,36.6034],[-111.7899,36.59],[-111.8022,36.5767],[-111.8145,36.5633],[-111.8268,36.5499],[-111.8391,36.5365],[-111.8514,36.5232],[-111.8637,36.5098],[-111.8865,36.5108],[-111.9093,36.5119],[-111.9149,36.4915],[-111.9205,36.4711],[-111.9078,36.4759],[-111.895,36.4807],[-111.8822,36.4856],[-111.8695,36.4904],[-111.861,36.475],[-111.8525,36.4597],[-111.8684,36.4472],[-111.8844,36.4348],[-111.9003,36.4224],[-111.9163,36.4099],[-111.9236,36.3929],[-111.931,36.3758],[-111.9384,36.3588],[-111.9457,36.3417],[-111.9292,36.3367],[-111.9127,36.3318],[-111.8962,36.3268],[-111.8798,36.3218],[-111.8956,36.3192],[-111.9115,36.3166],[-111.9273,36.3139],[-111.9432,36.3113],[-111.959,36.3087],[-111.9749,36.306],[-111.9907,36.3034],[-112.0066,36.3008],[-112.0164,36.31],[-112.0262,36.3192],[-112.0361,36.3284],[-112.0459,36.3376],[-112.0636,36.3376],[-112.0812,36.3377],[-112.0988,36.3377],[-112.1165,36.3377],[-112.1309,36.3449],[-112.1453,36.3521],[-112.1699,36.3522],[-112.1945,36.3522],[-112.2191,36.3523],[-112.2437,36.3523],[-112.2682,36.3523],[-112.2928,36.3523],[-112.3174,36.3524],[-112.342,36.3524],[-112.3478,36.3829],[-112.3537,36.4133],[-112.3771,36.4227],[-112.4005,36.432],[-112.4239,36.4413],[-112.4473,36.4506],[-112.4695,36.4506],[-112.4918,36.4506],[-112.514,36.4505],[-112.5362,36.4505],[-112.5494,36.4633],[-112.5626,36.4761],[-112.5758,36.4889],[-112.5889,36.5017],[-112.6085,36.4941],[-112.6281,36.4865],[-112.6296,36.3916],[-112.6424,36.3791],[-112.6552,36.3665],[-112.6681,36.3539],[-112.6809,36.3413],[-112.7034,36.3427],[-112.7259,36.3441],[-112.7421,36.3296],[-112.7583,36.3151],[-112.7745,36.3006],[-112.7906,36.2861],[-112.809,36.2852],[-112.8275,36.2842],[-112.8459,36.2833],[-112.8643,36.2824],[-112.8837,36.2681],[-112.9031,36.2539],[-112.9305,36.2501],[-112.9579,36.2464],[-112.9852,36.2426],[-113.0126,36.2389],[-113.0282,36.2298],[-113.0437,36.2208],[-113.0593,36.2117],[-113.0749,36.2027],[-113.0905,36.1936],[-113.106,36.1846],[-113.1216,36.1755],[-113.1371,36.1665],[-113.1531,36.1609],[-113.169,36.1553],[-113.1849,36.1498],[-113.2008,36.1442],[-113.2066,36.131],[-113.2124,36.1179],[-113.2182,36.1047],[-113.2241,36.0916],[-113.2461,36.0938],[-113.2681,36.0959],[-113.2902,36.0981],[-113.3122,36.1002],[-113.3227,36.0859],[-113.3332,36.0715],[-113.3436,36.0571],[-113.3541,36.0427],[-113.3448,36.0225],[-113.3356,36.0022],[-113.3263,35.982],[-113.3171,35.9618],[-113.3141,35.9276],[-113.3112,35.8934],[-113.3186,35.8672],[-113.3261,35.841],[-113.3335,35.8148],[-113.341,35.7886],[-113.3517,35.7801],[-113.3625,35.7715],[-113.3733,35.7629],[-113.384,35.7544],[-113.4,35.7559],[-113.4159,35.7574],[-113.4318,35.7589],[-113.4477,35.7604],[-113.4637,35.7619],[-113.4796,35.7634],[-113.4955,35.7649],[-113.5115,35.7664],[-113.5232,35.7767],[-113.5349,35.7871],[-113.5467,35.7975],[-113.5584,35.8078],[-113.5701,35.8182],[-113.5819,35.8286],[-113.5936,35.8389],[-113.6054,35.8493],[-113.6263,35.8366],[-113.6471,35.8238],[-113.6623,35.8378],[-113.6775,35.8517],[-113.6926,35.8656],[-113.7078,35.8795],[-113.7108,35.9043],[-113.7139,35.9291],[-113.7299,35.9436],[-113.746,35.958],[-113.7621,35.9724],[-113.7782,35.9869],[-113.7861,36.0023],[-113.7941,36.0177],[-113.8021,36.0331],[-113.8101,36.0485],[-113.8253,36.0501],[-113.8404,36.0518],[-113.8555,36.0534],[-113.8707,36.055],[-113.8789,36.0645],[-113.8871,36.0741],[-113.8953,36.0836],[-113.9034,36.0931],[-113.904,35.9323],[-113.9045,35.7715],[-113.8956,35.7629],[-113.8867,35.7542],[-113.8778,35.7456],[-113.8689,35.7369],[-113.86,35.7283],[-113.8511,35.7196],[-113.8422,35.711],[-113.8333,35.7023],[-113.8244,35.6937],[-113.8156,35.685],[-113.8067,35.6764],[-113.7978,35.6677],[-113.7889,35.6591],[-113.78,35.6504],[-113.7711,35.6418],[-113.7623,35.6331],[-113.7534,35.6245],[-113.7445,35.6158],[-113.7357,35.6072],[-113.7268,35.5985],[-113.7179,35.5899],[-113.7091,35.5812],[-113.7002,35.5725],[-113.6913,35.5639],[-113.6825,35.5552],[-113.6736,35.5466],[-113.6648,35.5379],[-113.6559,35.5292],[-113.6471,35.5206],[-113.6382,35.5119],[-113.6294,35.5032],[-113.6205,35.4946],[-113.6013,35.4946],[-113.582,35.4945],[-113.5628,35.4945],[-113.5436,35.4945],[-113.5199,35.4945],[-113.4963,35.4945],[-113.4727,35.4945],[-113.4491,35.4944],[-113.4255,35.4944],[-113.4018,35.4944],[-113.3782,35.4943],[-113.3546,35.4943],[-113.3365,35.5067],[-113.3184,35.519],[-113.3003,35.5314],[-113.2822,35.5438],[-113.2696,35.5524],[-113.2569,35.5611],[-113.2443,35.5698],[-113.2317,35.5784],[-113.219,35.5871],[-113.2064,35.5958],[-113.1938,35.6044],[-113.1811,35.6131],[-113.1685,35.6217],[-113.1558,35.6304],[-113.1432,35.639],[-113.1305,35.6477],[-113.1178,35.6563],[-113.1052,35.665],[-113.0925,35.6736],[-113.0798,35.6823],[-113.0672,35.6909],[-113.0545,35.6996],[-113.0418,35.7082],[-113.0291,35.7169],[-113.0164,35.7255],[-113.0038,35.7341],[-112.9911,35.7428],[-112.9784,35.7514],[-112.9657,35.76],[-112.953,35.7687],[-112.9403,35.7773],[-112.9276,35.7859],[-112.9149,35.7946],[-112.9022,35.8032],[-112.8895,35.8118],[-112.8767,35.8204],[-112.8765,36.1581],[-112.8478,36.16],[-112.8192,36.1619],[-112.7905,36.1638],[-112.7619,36.1657],[-112.7619,36.1076],[-112.7418,36.1076],[-112.7217,36.1076],[-112.7016,36.1076],[-112.6815,36.1075],[-112.6614,36.1075],[-112.6413,36.1075],[-112.6212,36.1074],[-112.6011,36.1074],[-112.6011,36.0496],[-112.5742,36.0497],[-112.5473,36.0497],[-112.5381,36.0243],[-112.529,35.9989],[-112.5199,35.9736],[-112.5107,35.9482],[-112.512,36.0207],[-112.4853,36.0208],[-112.4587,36.0209],[-112.432,36.021],[-112.4053,36.021],[-112.4052,36.1317],[-112.385,36.1205],[-112.3649,36.1093],[-112.3447,36.098],[-112.3246,36.0868],[-112.3045,36.0756],[-112.2844,36.0644],[-112.2642,36.0531],[-112.2441,36.0419],[-112.2443,36.0209],[-112.2175,36.0209],[-112.1907,36.0209],[-112.1639,36.0208],[-112.137,36.0208],[-112.1369,35.9917],[-112.1146,35.9917],[-112.0924,35.9917],[-112.0701,35.9917],[-112.0479,35.9917],[-112.0255,35.9845],[-112.003,35.9774],[-111.9806,35.9702],[-111.9582,35.963],[-111.9448,35.9739],[-111.9314,35.9848],[-111.9181,35.9957],[-111.9047,36.0066],[-111.8846,36.0066],[-111.8644,36.0066],[-111.8443,36.0065],[-111.8242,36.0065],[-111.804,36.0065],[-111.7839,36.0064],[-111.7637,36.0064],[-111.7436,36.0064],[-111.7304,35.992],[-111.7172,35.9777],[-111.7194,35.945],[-111.7217,35.9124],[-111.7239,35.8797],[-111.7262,35.847],[-111.7098,35.836],[-111.6934,35.8249],[-111.6932,35.7451],[-111.7198,35.7452],[-111.7465,35.7452],[-111.7424,35.7269],[-111.7383,35.7087],[-111.7343,35.6904],[-111.7302,35.6721],[-111.7062,35.6721],[-111.6822,35.6721],[-111.6583,35.6721],[-111.6343,35.6721],[-111.6342,35.6431],[-111.6143,35.6426],[-111.5944,35.6421],[-111.5745,35.6416],[-111.5546,35.6411],[-111.5546,35.6993],[-111.5457,35.7101],[-111.5368,35.721],[-111.528,35.7319],[-111.5191,35.7427],[-111.5369,35.7427],[-111.5369,35.7574],[-111.5191,35.7427]]]},"properties":{"OBJECTID":1316,"state":"Arizona","agency":"Arizona Game and Fish Department","unit_type":"GMU","unit_id":"TL","unit_name":"No AZGFD Administration","unit_label":"Arizona GMU TL - No AZGFD Administration","aliases":"2025 | arizona | arizona game and fish department | arizona game and fish department tl | arizona game management unit tl | arizona game management unit tl no azgfd administration | arizona gmu tl | arizona gmu tl no azgfd administration | arizona hunt u","year":"2025","Shape_Length":1627331.3589498138,"Shape_Area":55454523977.468636}},{"type":"Feature","id":1317,"geometry":{"type":"Polygon","coordinates":[[[-110.6491,32.1404],[-110.6335,32.1423],[-110.6179,32.1442],[-110.6022,32.146],[-110.5866,32.1479],[-110.593,32.116],[-110.5993,32.0841],[-110.6056,32.0522],[-110.6119,32.0203],[-110.5986,32.0115],[-110.5852,32.0026],[-110.5719,31.9938],[-110.5585,31.9849],[-110.5447,31.9822],[-110.5309,31.9795],[-110.517,31.9768],[-110.5032,31.974],[-110.4894,31.9713],[-110.4755,31.9686],[-110.4617,31.9659],[-110.4479,31.9631],[-110.4268,31.9639],[-110.4057,31.9646],[-110.3846,31.9653],[-110.3636,31.966],[-110.3425,31.9667],[-110.3214,31.9674],[-110.3003,31.9681],[-110.2792,31.9688],[-110.2864,31.9801],[-110.2937,31.9914],[-110.3009,32.0027],[-110.3081,32.0139],[-110.3153,32.0252],[-110.3226,32.0365],[-110.3298,32.0478],[-110.337,32.059],[-110.3254,32.0759],[-110.3138,32.0928],[-110.3022,32.1097],[-110.2906,32.1266],[-110.2959,32.177],[-110.305,32.1898],[-110.3142,32.2026],[-110.3233,32.2154],[-110.3325,32.2282],[-110.3416,32.241],[-110.3508,32.2538],[-110.3599,32.2666],[-110.3691,32.2794],[-110.3782,32.2922],[-110.3874,32.305],[-110.3966,32.3178],[-110.4058,32.3306],[-110.4149,32.3434],[-110.4241,32.3562],[-110.4333,32.3689],[-110.4425,32.3817],[-110.456,32.392],[-110.4696,32.4022],[-110.4831,32.4125],[-110.4967,32.4227],[-110.4877,32.4371],[-110.4788,32.4515],[-110.4844,32.4695],[-110.49,32.4875],[-110.4956,32.5055],[-110.5012,32.5234],[-110.5069,32.5414],[-110.5125,32.5594],[-110.5181,32.5774],[-110.5237,32.5954],[-110.5416,32.609],[-110.5595,32.6226],[-110.5774,32.6362],[-110.5953,32.6498],[-110.6018,32.6615],[-110.6083,32.6733],[-110.6149,32.685],[-110.6214,32.6968],[-110.6279,32.7085],[-110.6344,32.7202],[-110.6409,32.732],[-110.6475,32.7437],[-110.6529,32.7098],[-110.6583,32.6759],[-110.6692,32.6696],[-110.6801,32.6633],[-110.691,32.657],[-110.7019,32.6508],[-110.7128,32.6445],[-110.7237,32.6382],[-110.7346,32.6319],[-110.7455,32.6256],[-110.7696,32.6222],[-110.7937,32.6188],[-110.8178,32.6153],[-110.8419,32.6119],[-110.8534,32.605],[-110.8649,32.598],[-110.8764,32.5911],[-110.8879,32.5841],[-110.8994,32.5772],[-110.9109,32.5702],[-110.9224,32.5633],[-110.9339,32.5563],[-110.9348,32.4267],[-110.9414,32.4088],[-110.948,32.3909],[-110.9546,32.3731],[-110.9612,32.3552],[-110.944,32.353],[-110.9269,32.3508],[-110.9097,32.3487],[-110.8926,32.3465],[-110.8754,32.3443],[-110.8583,32.3422],[-110.8411,32.34],[-110.824,32.3378],[-110.8239,32.3091],[-110.7961,32.3091],[-110.7683,32.3091],[-110.7404,32.3091],[-110.7126,32.3091],[-110.7019,32.2907],[-110.6912,32.2722],[-110.6805,32.2538],[-110.6698,32.2353],[-110.6868,32.2317],[-110.7039,32.2281],[-110.721,32.2245],[-110.7381,32.2209],[-110.7347,32.1481],[-110.7145,32.1445],[-110.6942,32.1408],[-110.6739,32.1371],[-110.6537,32.1334],[-110.6491,32.1404],[-110.6533,32.1405],[-110.6531,32.144],[-110.6491,32.1404]]]},"properties":{"OBJECTID":1317,"state":"Arizona","agency":"Arizona Game and Fish Department","unit_type":"GMU","unit_id":"33","unit_name":"Tucson","unit_label":"Arizona GMU 33 - Tucson","aliases":"2025 | 33 | 33 tucson | arizona | arizona 33 | arizona 33 tucson | arizona game and fish department | arizona game and fish department 33 | arizona game management unit 33 | arizona game management unit 33 tucson | arizona gmu 33 | arizona gmu 33 tucson","year":"2025","Shape_Length":273843.5769064879,"Shape_Area":2674384941.4381394}},{"type":"Feature","id":1318,"geometry":{"type":"Polygon","coordinates":[[[-109.816,31.9112],[-109.8243,31.9277],[-109.8326,31.9443],[-109.841,31.9609],[-109.8493,31.9775],[-109.8576,31.9941],[-109.8659,32.0107],[-109.8743,32.0272],[-109.8826,32.0438],[-109.891,32.0604],[-109.8993,32.077],[-109.9076,32.0935],[-109.916,32.1101],[-109.9244,32.1267],[-109.9327,32.1433],[-109.9411,32.1598],[-109.9494,32.1764],[-109.9703,32.1639],[-109.9912,32.1515],[-110.0069,32.1346],[-110.0226,32.1178],[-110.0383,32.1009],[-110.054,32.084],[-110.0697,32.0672],[-110.0854,32.0503],[-110.1011,32.0334],[-110.1167,32.0166],[-110.1335,32.0103],[-110.1502,32.0041],[-110.167,31.9979],[-110.1837,31.9916],[-110.2004,31.9854],[-110.2171,31.9791],[-110.2339,31.9729],[-110.2506,31.9666],[-110.2649,31.9677],[-110.2792,31.9688],[-110.2703,31.9553],[-110.2613,31.9417],[-110.2523,31.9281],[-110.2434,31.9146],[-110.2344,31.901],[-110.2254,31.8874],[-110.2165,31.8738],[-110.2075,31.8603],[-110.2117,31.8421],[-110.2158,31.824],[-110.22,31.8059],[-110.2241,31.7877],[-110.2165,31.7717],[-110.2089,31.7556],[-110.2012,31.7396],[-110.1936,31.7235],[-110.1902,31.7008],[-110.1867,31.678],[-110.1832,31.6552],[-110.1798,31.6324],[-110.1716,31.6231],[-110.1635,31.6139],[-110.1553,31.6046],[-110.1472,31.5954],[-110.1425,31.5794],[-110.1378,31.5634],[-110.133,31.5475],[-110.1283,31.5315],[-110.1236,31.5155],[-110.1189,31.4996],[-110.1142,31.4836],[-110.1095,31.4676],[-110.1077,31.4283],[-110.106,31.3889],[-110.1172,31.3752],[-110.1284,31.3615],[-110.1396,31.3478],[-110.1507,31.3341],[-110.1323,31.3341],[-110.1138,31.3342],[-110.0954,31.3342],[-110.0769,31.3342],[-110.0585,31.3343],[-110.04,31.3343],[-110.0216,31.3343],[-110.0031,31.3343],[-109.9846,31.3344],[-109.9662,31.3344],[-109.9477,31.3344],[-109.9293,31.3344],[-109.9108,31.3344],[-109.8924,31.3344],[-109.8739,31.3344],[-109.8555,31.3344],[-109.837,31.3344],[-109.8186,31.3344],[-109.8001,31.3344],[-109.7817,31.3344],[-109.7632,31.3344],[-109.7447,31.3343],[-109.7263,31.3343],[-109.7078,31.3343],[-109.6894,31.3343],[-109.6709,31.3342],[-109.6525,31.3342],[-109.634,31.3341],[-109.6156,31.3341],[-109.5971,31.3341],[-109.5787,31.334],[-109.5602,31.334],[-109.5649,31.3547],[-109.5696,31.3754],[-109.5743,31.3961],[-109.5791,31.4168],[-109.5898,31.4342],[-109.6005,31.4516],[-109.6113,31.4689],[-109.622,31.4863],[-109.6328,31.5036],[-109.6435,31.521],[-109.6543,31.5383],[-109.6651,31.5557],[-109.6706,31.5868],[-109.676,31.6179],[-109.6815,31.649],[-109.6871,31.6801],[-109.689,31.7328],[-109.691,31.7855],[-109.693,31.8382],[-109.695,31.8908],[-109.7101,31.8934],[-109.7252,31.8959],[-109.7403,31.8985],[-109.7555,31.901],[-109.7706,31.9035],[-109.7857,31.9061],[-109.8009,31.9086],[-109.816,31.9112]]]},"properties":{"OBJECTID":1318,"state":"Arizona","agency":"Arizona Game and Fish Department","unit_type":"GMU","unit_id":"30B","unit_name":"Tucson","unit_label":"Arizona GMU 30B - Tucson","aliases":"2025 | 30b | 30b tucson | arizona | arizona 30b | arizona 30b tucson | arizona game and fish department | arizona game and fish department 30b | arizona game management unit 30b | arizona game management unit 30b tucson | arizona gmu 30b | arizona gmu 30","year":"2025","Shape_Length":280476.82548141514,"Shape_Area":3733160153.245055}},{"type":"Feature","id":1319,"geometry":{"type":"Polygon","coordinates":[[[-110.0777,35.1704],[-110.0971,35.1705],[-110.1165,35.1705],[-110.1359,35.1705],[-110.1552,35.1706],[-110.1746,35.1706],[-110.194,35.1706],[-110.2134,35.1706],[-110.2328,35.1707],[-110.2522,35.1707],[-110.2715,35.1707],[-110.2909,35.1707],[-110.3103,35.1707],[-110.3297,35.1707],[-110.3491,35.1707],[-110.3685,35.1707],[-110.3878,35.1707],[-110.4072,35.1707],[-110.4266,35.1707],[-110.446,35.1707],[-110.4654,35.1707],[-110.4847,35.1706],[-110.5041,35.1706],[-110.5235,35.1706],[-110.5429,35.1706],[-110.5623,35.1705],[-110.5817,35.1705],[-110.601,35.1705],[-110.6204,35.1704],[-110.6398,35.1704],[-110.6592,35.1703],[-110.6786,35.1703],[-110.698,35.1702],[-110.6876,35.1545],[-110.6772,35.1388],[-110.6669,35.1231],[-110.6565,35.1074],[-110.6681,35.091],[-110.6797,35.0745],[-110.6699,35.0533],[-110.6601,35.032],[-110.6503,35.0108],[-110.6405,34.9896],[-110.6198,34.9874],[-110.599,34.9852],[-110.5783,34.983],[-110.5575,34.9809],[-110.5471,34.972],[-110.5367,34.9632],[-110.5263,34.9544],[-110.5159,34.9456],[-110.5137,34.9144],[-110.5114,34.8832],[-110.5216,34.8703],[-110.5317,34.8574],[-110.5419,34.8445],[-110.552,34.8316],[-110.572,34.8204],[-110.592,34.8091],[-110.612,34.7979],[-110.632,34.7866],[-110.6403,34.7773],[-110.6487,34.768],[-110.657,34.7587],[-110.6653,34.7494],[-110.6737,34.7401],[-110.682,34.7308],[-110.6903,34.7215],[-110.6986,34.7122],[-110.7028,34.6925],[-110.707,34.6727],[-110.7112,34.653],[-110.7153,34.6333],[-110.7329,34.6252],[-110.7505,34.6172],[-110.7681,34.6091],[-110.7857,34.6011],[-110.7945,34.5857],[-110.8032,34.5704],[-110.8119,34.555],[-110.8207,34.5397],[-110.8256,34.5142],[-110.8305,34.4887],[-110.8353,34.4632],[-110.8402,34.4377],[-110.8467,34.425],[-110.8532,34.4124],[-110.8597,34.3997],[-110.8662,34.387],[-110.8727,34.3743],[-110.8792,34.3616],[-110.8857,34.3489],[-110.8922,34.3362],[-110.9056,34.3313],[-110.9191,34.3264],[-110.9325,34.3216],[-110.9459,34.3167],[-110.9245,34.3087],[-110.9032,34.3006],[-110.8871,34.3067],[-110.8709,34.3127],[-110.8548,34.3187],[-110.8386,34.3247],[-110.8224,34.3272],[-110.8061,34.3298],[-110.7899,34.3324],[-110.7737,34.335],[-110.7574,34.3376],[-110.7412,34.3402],[-110.7249,34.3427],[-110.7087,34.3453],[-110.7015,34.3552],[-110.6944,34.3651],[-110.6872,34.375],[-110.68,34.3848],[-110.6729,34.3947],[-110.6657,34.4046],[-110.6585,34.4145],[-110.6514,34.4244],[-110.6323,34.4226],[-110.6132,34.4209],[-110.594,34.4192],[-110.5749,34.4174],[-110.5628,34.4232],[-110.5506,34.429],[-110.5384,34.4348],[-110.5262,34.4406],[-110.514,34.4464],[-110.5018,34.4522],[-110.4896,34.458],[-110.4774,34.4638],[-110.4694,34.4773],[-110.4613,34.4908],[-110.4533,34.5043],[-110.4452,34.5178],[-110.4371,34.5313],[-110.4291,34.5448],[-110.421,34.5583],[-110.4129,34.5718],[-110.4003,34.5854],[-110.3876,34.599],[-110.3749,34.6126],[-110.3622,34.6262],[-110.3495,34.6398],[-110.3368,34.6534],[-110.3241,34.6669],[-110.3114,34.6805],[-110.3017,34.7019],[-110.292,34.7232],[-110.282,34.7325],[-110.2721,34.7418],[-110.2621,34.7511],[-110.2521,34.7604],[-110.2421,34.7697],[-110.2321,34.779],[-110.2222,34.7883],[-110.2122,34.7977],[-110.2059,34.8094],[-110.1996,34.8211],[-110.1933,34.8329],[-110.1871,34.8446],[-110.1808,34.8563],[-110.1745,34.868],[-110.1682,34.8798],[-110.1619,34.8915],[-110.1528,34.9023],[-110.1436,34.9131],[-110.1344,34.9238],[-110.1253,34.9346],[-110.1161,34.9454],[-110.1069,34.9562],[-110.0977,34.9669],[-110.0885,34.9777],[-110.0914,35.0014],[-110.0943,35.0251],[-110.0972,35.0489],[-110.1001,35.0726],[-110.0945,35.097],[-110.0889,35.1215],[-110.0833,35.146],[-110.0777,35.1704]]]},"properties":{"OBJECTID":1319,"state":"Arizona","agency":"Arizona Game and Fish Department","unit_type":"GMU","unit_id":"4B","unit_name":"Pinetop","unit_label":"Arizona GMU 4B - Pinetop","aliases":"2025 | 4b | 4b pinetop | arizona | arizona 4b | arizona 4b pinetop | arizona game and fish department | arizona game and fish department 4b | arizona game management unit 4b | arizona game management unit 4b pinetop | arizona gmu 4b | arizona gmu 4b pine","year":"2025","Shape_Length":317656.95270849334,"Shape_Area":3444816486.1457095}},{"type":"Feature","id":1320,"geometry":{"type":"Polygon","coordinates":[[[-110.698,35.1702],[-110.7242,35.1702],[-110.7504,35.1702],[-110.7767,35.1703],[-110.8029,35.1703],[-110.8291,35.1703],[-110.8554,35.1703],[-110.8816,35.1702],[-110.9078,35.1702],[-110.9078,35.1562],[-110.9287,35.1563],[-110.9497,35.1563],[-110.9706,35.1564],[-110.9916,35.1564],[-111.0125,35.1564],[-111.0335,35.1565],[-111.0544,35.1565],[-111.0754,35.1565],[-111.0963,35.1565],[-111.1173,35.1566],[-111.1382,35.1566],[-111.1592,35.1566],[-111.1801,35.1566],[-111.2011,35.1566],[-111.2221,35.1566],[-111.243,35.1566],[-111.243,35.1507],[-111.2254,35.1443],[-111.2077,35.1378],[-111.1901,35.1314],[-111.1725,35.125],[-111.1548,35.1232],[-111.1371,35.1213],[-111.1194,35.1195],[-111.1017,35.1177],[-111.084,35.1159],[-111.0663,35.114],[-111.0486,35.1122],[-111.0308,35.1104],[-111.0051,35.1063],[-110.9793,35.1022],[-110.9535,35.0981],[-110.9277,35.094],[-110.9132,35.0896],[-110.8988,35.0852],[-110.8843,35.0808],[-110.8699,35.0765],[-110.8554,35.0721],[-110.8409,35.0677],[-110.8265,35.0633],[-110.812,35.0589],[-110.7976,35.0545],[-110.7831,35.0501],[-110.7687,35.0457],[-110.7542,35.0414],[-110.7398,35.037],[-110.7253,35.0326],[-110.7109,35.0282],[-110.6965,35.0238],[-110.684,35.0099],[-110.6716,34.996],[-110.6592,34.9821],[-110.6468,34.9681],[-110.6585,34.9584],[-110.6702,34.9486],[-110.6819,34.9389],[-110.6936,34.9291],[-110.7053,34.9193],[-110.7171,34.9096],[-110.7288,34.8998],[-110.7404,34.89],[-110.7471,34.8604],[-110.7538,34.8307],[-110.7721,34.8168],[-110.7903,34.8029],[-110.8085,34.7889],[-110.8268,34.7749],[-110.8489,34.7761],[-110.8711,34.7772],[-110.8932,34.7783],[-110.9154,34.7794],[-110.9283,34.7718],[-110.9413,34.7641],[-110.9542,34.7565],[-110.9671,34.7489],[-110.9732,34.7096],[-110.9793,34.6704],[-110.9988,34.6578],[-111.0184,34.6453],[-111.0379,34.6327],[-111.0574,34.6202],[-111.0504,34.5884],[-111.061,34.5731],[-111.0716,34.5579],[-111.0822,34.5426],[-111.0928,34.5273],[-111.0944,34.462],[-111.0959,34.3967],[-111.0771,34.3867],[-111.0584,34.3767],[-111.0396,34.3667],[-111.0208,34.3567],[-111.0021,34.3467],[-110.9834,34.3367],[-110.9646,34.3267],[-110.9459,34.3167],[-110.9325,34.3216],[-110.9191,34.3264],[-110.9056,34.3313],[-110.8922,34.3362],[-110.8857,34.3489],[-110.8792,34.3616],[-110.8727,34.3743],[-110.8662,34.387],[-110.8597,34.3997],[-110.8532,34.4124],[-110.8467,34.425],[-110.8402,34.4377],[-110.8353,34.4632],[-110.8305,34.4887],[-110.8256,34.5142],[-110.8207,34.5397],[-110.8119,34.555],[-110.8032,34.5704],[-110.7945,34.5857],[-110.7857,34.6011],[-110.7681,34.6091],[-110.7505,34.6172],[-110.7329,34.6252],[-110.7153,34.6333],[-110.7112,34.653],[-110.707,34.6727],[-110.7028,34.6925],[-110.6986,34.7122],[-110.6903,34.7215],[-110.682,34.7308],[-110.6737,34.7401],[-110.6653,34.7494],[-110.657,34.7587],[-110.6487,34.768],[-110.6403,34.7773],[-110.632,34.7866],[-110.612,34.7979],[-110.592,34.8091],[-110.572,34.8204],[-110.552,34.8316],[-110.5419,34.8445],[-110.5317,34.8574],[-110.5216,34.8703],[-110.5114,34.8832],[-110.5137,34.9144],[-110.5159,34.9456],[-110.5263,34.9544],[-110.5367,34.9632],[-110.5471,34.972],[-110.5575,34.9809],[-110.5783,34.983],[-110.599,34.9852],[-110.6198,34.9874],[-110.6405,34.9896],[-110.6503,35.0108],[-110.6601,35.032],[-110.6699,35.0533],[-110.6797,35.0745],[-110.6681,35.091],[-110.6565,35.1074],[-110.6669,35.1231],[-110.6772,35.1388],[-110.6876,35.1545],[-110.698,35.1702]]]},"properties":{"OBJECTID":1320,"state":"Arizona","agency":"Arizona Game and Fish Department","unit_type":"GMU","unit_id":"4A","unit_name":"Pinetop","unit_label":"Arizona GMU 4A - Pinetop","aliases":"2025 | 4a | 4a pinetop | arizona | arizona 4a | arizona 4a pinetop | arizona game and fish department | arizona game and fish department 4a | arizona game management unit 4a | arizona game management unit 4a pinetop | arizona gmu 4a | arizona gmu 4a pine","year":"2025","Shape_Length":334508.9203605705,"Shape_Area":1986460981.1719377}},{"type":"Feature","id":1321,"geometry":{"type":"Polygon","coordinates":[[[-111.8912,33.8184],[-111.9064,33.8221],[-111.9215,33.8258],[-111.9367,33.8295],[-111.9518,33.8333],[-111.9577,33.8163],[-111.9636,33.7993],[-111.9851,33.7992],[-112.0066,33.7991],[-112.028,33.799],[-112.0495,33.7989],[-112.0709,33.7988],[-112.0924,33.7986],[-112.1139,33.7985],[-112.1353,33.7984],[-112.1291,33.7692],[-112.1469,33.7723],[-112.1647,33.7754],[-112.1825,33.7785],[-112.2002,33.7817],[-112.2228,33.7767],[-112.2454,33.7717],[-112.2679,33.7667],[-112.2905,33.7616],[-112.2968,33.7468],[-112.3032,33.732],[-112.3096,33.7172],[-112.3159,33.7024],[-112.3352,33.6993],[-112.3545,33.6963],[-112.3738,33.6932],[-112.3931,33.6902],[-112.4057,33.6743],[-112.4182,33.6585],[-112.4203,33.6092],[-112.4225,33.5599],[-112.4247,33.5106],[-112.4268,33.4613],[-112.4107,33.4614],[-112.3946,33.4615],[-112.3785,33.4616],[-112.3624,33.4617],[-112.3463,33.4618],[-112.3302,33.4619],[-112.3141,33.462],[-112.298,33.4621],[-112.2819,33.4622],[-112.2658,33.4622],[-112.2497,33.4623],[-112.2336,33.4624],[-112.2175,33.4625],[-112.2014,33.4625],[-112.1852,33.4626],[-112.1691,33.4627],[-112.1691,33.3253],[-112.1603,33.3166],[-112.1515,33.3078],[-112.1426,33.299],[-112.1338,33.2903],[-112.1096,33.2905],[-112.0853,33.2908],[-112.0611,33.291],[-112.0369,33.2913],[-112.0126,33.2915],[-111.9884,33.2918],[-111.9641,33.292],[-111.9399,33.2922],[-111.9157,33.2925],[-111.8914,33.2927],[-111.8672,33.2929],[-111.843,33.2931],[-111.8187,33.2933],[-111.7945,33.2935],[-111.7702,33.2937],[-111.746,33.2939],[-111.737,33.3109],[-111.728,33.3278],[-111.707,33.3313],[-111.686,33.3347],[-111.665,33.3382],[-111.644,33.3416],[-111.6411,33.386],[-111.6382,33.4305],[-111.6496,33.4467],[-111.661,33.4629],[-111.6725,33.4791],[-111.6839,33.4953],[-111.6783,33.5083],[-111.6726,33.5213],[-111.6669,33.5343],[-111.6613,33.5472],[-111.6658,33.5625],[-111.6703,33.5778],[-111.6749,33.5931],[-111.6794,33.6084],[-111.673,33.6347],[-111.6665,33.661],[-111.66,33.6873],[-111.6535,33.7136],[-111.6702,33.7153],[-111.6869,33.717],[-111.7035,33.7186],[-111.7202,33.7203],[-111.7369,33.7219],[-111.7536,33.7236],[-111.7703,33.7252],[-111.787,33.7269],[-111.787,33.8139],[-111.8131,33.815],[-111.8391,33.8162],[-111.8652,33.8173],[-111.8912,33.8184]]]},"properties":{"OBJECTID":1321,"state":"Arizona","agency":"Arizona Game and Fish Department","unit_type":"GMU","unit_id":"25M","unit_name":"Mesa","unit_label":"Arizona GMU 25M - Mesa","aliases":"2025 | 25m | 25m mesa | arizona | arizona 25m | arizona 25m mesa | arizona game and fish department | arizona game and fish department 25m | arizona game management unit 25m | arizona game management unit 25m mesa | arizona gmu 25m | arizona gmu 25m mesa","year":"2025","Shape_Length":252033.88908853693,"Shape_Area":3250789541.906906}},{"type":"Feature","id":1322,"geometry":{"type":"Polygon","coordinates":[[[-113.1555,33.5375],[-113.1746,33.5405],[-113.1937,33.5435],[-113.2128,33.5464],[-113.2319,33.5494],[-113.2511,33.5523],[-113.2702,33.5553],[-113.2893,33.5582],[-113.3084,33.5612],[-113.3275,33.5641],[-113.3466,33.5671],[-113.3657,33.57],[-113.3849,33.573],[-113.404,33.5759],[-113.4231,33.5788],[-113.4422,33.5817],[-113.4614,33.5847],[-113.4805,33.5876],[-113.4996,33.5905],[-113.5188,33.5934],[-113.5379,33.5963],[-113.557,33.5992],[-113.5762,33.6021],[-113.5953,33.605],[-113.6144,33.6079],[-113.6336,33.6108],[-113.6527,33.6137],[-113.6718,33.6166],[-113.691,33.6195],[-113.7101,33.6224],[-113.7293,33.6252],[-113.7484,33.6281],[-113.7676,33.631],[-113.7714,33.5912],[-113.7751,33.5515],[-113.7497,33.5516],[-113.7503,33.4212],[-113.7509,33.2908],[-113.7515,33.1604],[-113.752,33.0299],[-113.7764,33.03],[-113.8007,33.03],[-113.8251,33.03],[-113.8494,33.03],[-113.8738,33.03],[-113.8981,33.03],[-113.9225,33.03],[-113.9468,33.03],[-113.9499,33.008],[-113.9529,32.9859],[-113.956,32.9639],[-113.9591,32.9418],[-113.9763,32.9418],[-113.9935,32.9419],[-114.0107,32.9419],[-114.0279,32.9419],[-114.0451,32.9419],[-114.0623,32.942],[-114.0794,32.942],[-114.0966,32.942],[-114.1138,32.942],[-114.131,32.942],[-114.1482,32.942],[-114.1654,32.942],[-114.1826,32.942],[-114.1998,32.942],[-114.217,32.942],[-114.2342,32.942],[-114.2341,33.0125],[-114.2489,32.9998],[-114.2636,32.987],[-114.2784,32.9742],[-114.2931,32.9615],[-114.301,32.9497],[-114.3088,32.9379],[-114.3166,32.9261],[-114.3244,32.9143],[-114.3322,32.9025],[-114.3401,32.8907],[-114.3479,32.8789],[-114.3557,32.8671],[-114.364,32.8432],[-114.3723,32.8192],[-114.3806,32.7953],[-114.3889,32.7714],[-114.4022,32.7535],[-114.4155,32.7356],[-114.4288,32.7177],[-114.4421,32.6999],[-114.4628,32.6997],[-114.4836,32.6996],[-114.5043,32.6994],[-114.525,32.6993],[-114.5458,32.6991],[-114.5665,32.6989],[-114.5872,32.6988],[-114.6079,32.6986],[-114.59,32.6929],[-114.5721,32.6872],[-114.5542,32.6815],[-114.5363,32.6758],[-114.5158,32.6741],[-114.4952,32.6725],[-114.4746,32.6708],[-114.4541,32.6691],[-114.4335,32.6674],[-114.413,32.6657],[-114.3924,32.664],[-114.3719,32.6623],[-114.3513,32.6606],[-114.3308,32.6589],[-114.3102,32.6572],[-114.2897,32.6555],[-114.2691,32.6538],[-114.2486,32.6521],[-114.228,32.6504],[-114.2075,32.6486],[-114.1938,32.6516],[-114.1802,32.6545],[-114.1665,32.6574],[-114.1529,32.6604],[-114.1393,32.6633],[-114.1256,32.6662],[-114.112,32.6691],[-114.0983,32.6721],[-114.0742,32.6758],[-114.0501,32.6795],[-114.0259,32.6833],[-114.0018,32.687],[-113.9777,32.6907],[-113.9535,32.6944],[-113.9294,32.6981],[-113.9053,32.7018],[-113.8811,32.7055],[-113.857,32.7092],[-113.8328,32.7129],[-113.8087,32.7166],[-113.7845,32.7203],[-113.7604,32.724],[-113.7362,32.7276],[-113.7121,32.7313],[-113.6979,32.7367],[-113.6837,32.7422],[-113.6695,32.7477],[-113.6553,32.7531],[-113.6411,32.7586],[-113.6269,32.7641],[-113.6128,32.7695],[-113.5986,32.775],[-113.5844,32.7804],[-113.5702,32.7859],[-113.556,32.7913],[-113.5418,32.7968],[-113.5276,32.8022],[-113.5134,32.8077],[-113.4992,32.8131],[-113.4849,32.8186],[-113.468,32.821],[-113.451,32.8235],[-113.434,32.826],[-113.417,32.8284],[-113.4,32.8309],[-113.383,32.8333],[-113.366,32.8358],[-113.349,32.8382],[-113.332,32.8407],[-113.315,32.8431],[-113.298,32.8456],[-113.281,32.848],[-113.264,32.8505],[-113.247,32.8529],[-113.23,32.8553],[-113.213,32.8578],[-113.2246,32.8686],[-113.2362,32.8795],[-113.2479,32.8903],[-113.2595,32.9011],[-113.2711,32.912],[-113.2827,32.9228],[-113.2944,32.9336],[-113.306,32.9445],[-113.3063,33.0361],[-113.2892,33.0442],[-113.272,33.0524],[-113.2721,33.1169],[-113.2667,33.1303],[-113.2612,33.1437],[-113.2558,33.1571],[-113.2504,33.1706],[-113.2449,33.184],[-113.2395,33.1974],[-113.2341,33.2108],[-113.2286,33.2242],[-113.2135,33.2303],[-113.1985,33.2365],[-113.1834,33.2427],[-113.1683,33.2488],[-113.1532,33.255],[-113.1382,33.2611],[-113.1231,33.2673],[-113.108,33.2734],[-113.0895,33.2758],[-113.0711,33.2782],[-113.0526,33.2805],[-113.0341,33.2829],[-113.0156,33.2853],[-112.9972,33.2877],[-112.9787,33.29],[-112.9602,33.2924],[-112.9399,33.2884],[-112.9195,33.2844],[-112.8992,33.2803],[-112.8789,33.2763],[-112.8586,33.2723],[-112.8382,33.2683],[-112.8179,33.2642],[-112.7976,33.2602],[-112.7896,33.2879],[-112.7816,33.3155],[-112.7674,33.3238],[-112.7533,33.332],[-112.7391,33.3403],[-112.7249,33.3485],[-112.7,33.3503],[-112.675,33.352],[-112.6501,33.3538],[-112.6252,33.3555],[-112.6262,33.4278],[-112.6461,33.4323],[-112.666,33.4368],[-112.686,33.4413],[-112.7059,33.4458],[-112.7258,33.4503],[-112.7458,33.4548],[-112.7657,33.4593],[-112.7857,33.4638],[-112.8056,33.4683],[-112.8256,33.4728],[-112.8455,33.4772],[-112.8655,33.4817],[-112.8854,33.4862],[-112.9054,33.4907],[-112.9254,33.4951],[-112.9453,33.4996],[-112.9716,33.5043],[-112.9979,33.5091],[-113.0241,33.5139],[-113.0504,33.5186],[-113.0767,33.5233],[-113.103,33.5281],[-113.1292,33.5328],[-113.1555,33.5375]]]},"properties":{"OBJECTID":1322,"state":"Arizona","agency":"Arizona Game and Fish Department","unit_type":"GMU","unit_id":"41","unit_name":"Yuma, Mesa","unit_label":"Arizona GMU 41 - Yuma, Mesa","aliases":"2025 | 41 | 41 yuma mesa | arizona | arizona 41 | arizona 41 yuma mesa | arizona game and fish department | arizona game and fish department 41 | arizona game management unit 41 | arizona game management unit 41 yuma mesa | arizona gmu 41 | arizona gmu 4","year":"2025","Shape_Length":547213.0253347092,"Shape_Area":7320137301.776675}},{"type":"Feature","id":1323,"geometry":{"type":"Polygon","coordinates":[[[-112.0652,33.9312],[-112.0856,33.9267],[-112.1059,33.9222],[-112.1262,33.9178],[-112.1465,33.9133],[-112.1582,33.8999],[-112.17,33.8866],[-112.1818,33.8733],[-112.1936,33.8599],[-112.2053,33.8466],[-112.2171,33.8332],[-112.2289,33.8199],[-112.2406,33.8066],[-112.252,33.8172],[-112.2634,33.8279],[-112.2813,33.8275],[-112.2991,33.8271],[-112.3169,33.8267],[-112.3347,33.8263],[-112.3525,33.8259],[-112.3704,33.8255],[-112.3882,33.8251],[-112.406,33.8247],[-112.4202,33.8272],[-112.4344,33.8296],[-112.4486,33.8321],[-112.4628,33.8345],[-112.477,33.837],[-112.4912,33.8394],[-112.5054,33.8419],[-112.5196,33.8443],[-112.5338,33.8468],[-112.5481,33.8492],[-112.5623,33.8516],[-112.5765,33.8541],[-112.5907,33.8565],[-112.6049,33.8589],[-112.6191,33.8614],[-112.6333,33.8638],[-112.6194,33.8527],[-112.6054,33.8415],[-112.5915,33.8304],[-112.5776,33.8193],[-112.5636,33.8081],[-112.5497,33.797],[-112.5358,33.7859],[-112.5218,33.7747],[-112.5079,33.7636],[-112.494,33.7524],[-112.4801,33.7413],[-112.4662,33.7301],[-112.4523,33.719],[-112.4384,33.7078],[-112.4245,33.6967],[-112.4106,33.6855],[-112.4208,33.6773],[-112.4309,33.6691],[-112.441,33.6609],[-112.4512,33.6526],[-112.456,33.6369],[-112.4607,33.6212],[-112.4655,33.6055],[-112.4703,33.5898],[-112.4724,33.5579],[-112.4745,33.5261],[-112.4767,33.4942],[-112.4788,33.4623],[-112.4972,33.458],[-112.5157,33.4537],[-112.5341,33.4494],[-112.5525,33.4451],[-112.5709,33.4407],[-112.5893,33.4364],[-112.6078,33.4321],[-112.6262,33.4278],[-112.6252,33.3555],[-112.6234,33.3365],[-112.6076,33.34],[-112.5917,33.3435],[-112.5758,33.347],[-112.5599,33.3505],[-112.544,33.354],[-112.5282,33.3575],[-112.5123,33.361],[-112.4964,33.3645],[-112.4805,33.368],[-112.4646,33.3715],[-112.4487,33.375],[-112.4328,33.3785],[-112.4169,33.382],[-112.401,33.3855],[-112.3851,33.389],[-112.3692,33.3924],[-112.3535,33.3897],[-112.3377,33.387],[-112.322,33.3843],[-112.3062,33.3816],[-112.3061,33.2468],[-112.2801,33.2468],[-112.2541,33.2469],[-112.2282,33.2469],[-112.2022,33.2469],[-112.202,33.0869],[-112.1813,33.0869],[-112.1606,33.0869],[-112.1399,33.0869],[-112.1193,33.087],[-112.0986,33.087],[-112.0779,33.087],[-112.0572,33.087],[-112.0365,33.087],[-112.0477,33.0654],[-112.0484,32.9702],[-112.0491,32.875],[-112.0278,32.8761],[-112.0065,32.8772],[-111.9851,32.8782],[-111.9638,32.8792],[-111.9639,32.8279],[-111.9641,32.7678],[-111.9425,32.7678],[-111.9208,32.7678],[-111.8991,32.7677],[-111.8775,32.7677],[-111.8776,32.7921],[-111.8518,32.7921],[-111.826,32.7921],[-111.8002,32.7921],[-111.7744,32.7921],[-111.7657,32.7776],[-111.7571,32.763],[-111.7399,32.763],[-111.7227,32.763],[-111.7056,32.763],[-111.6884,32.763],[-111.6712,32.763],[-111.654,32.763],[-111.6369,32.7629],[-111.6197,32.7629],[-111.6067,32.758],[-111.5937,32.7531],[-111.5807,32.7481],[-111.5676,32.7432],[-111.5546,32.7383],[-111.5416,32.7334],[-111.5286,32.7284],[-111.5156,32.7235],[-111.515,32.939],[-111.5194,32.9708],[-111.5239,33.0025],[-111.5057,33.0041],[-111.4876,33.0057],[-111.4695,33.0073],[-111.4514,33.0089],[-111.4333,33.0104],[-111.4151,33.012],[-111.397,33.0136],[-111.3789,33.0152],[-111.3736,33.0456],[-111.3684,33.076],[-111.3632,33.1064],[-111.3579,33.1368],[-111.3527,33.1672],[-111.3474,33.1976],[-111.3422,33.228],[-111.3369,33.2584],[-111.3498,33.2681],[-111.3628,33.2778],[-111.3757,33.2875],[-111.3886,33.2972],[-111.4016,33.3069],[-111.4145,33.3165],[-111.4275,33.3262],[-111.4404,33.3359],[-111.4293,33.3431],[-111.4181,33.3503],[-111.4069,33.3575],[-111.3957,33.3646],[-111.3845,33.3718],[-111.3733,33.379],[-111.3621,33.3862],[-111.3509,33.3934],[-111.3667,33.3952],[-111.3824,33.397],[-111.3981,33.3988],[-111.4139,33.4007],[-111.4296,33.4025],[-111.4454,33.4043],[-111.4611,33.4061],[-111.4769,33.4079],[-111.4769,33.466],[-111.4931,33.466],[-111.5093,33.466],[-111.5255,33.466],[-111.5417,33.466],[-111.5579,33.466],[-111.5741,33.466],[-111.5902,33.466],[-111.6064,33.466],[-111.6066,33.495],[-111.626,33.4951],[-111.6453,33.4952],[-111.6646,33.4952],[-111.6839,33.4953],[-111.6725,33.4791],[-111.661,33.4629],[-111.6496,33.4467],[-111.6382,33.4305],[-111.6411,33.386],[-111.644,33.3416],[-111.665,33.3382],[-111.686,33.3347],[-111.707,33.3313],[-111.728,33.3278],[-111.737,33.3109],[-111.746,33.2939],[-111.7702,33.2937],[-111.7945,33.2935],[-111.8187,33.2933],[-111.843,33.2931],[-111.8672,33.2929],[-111.8914,33.2927],[-111.9157,33.2925],[-111.9399,33.2922],[-111.9641,33.292],[-111.9884,33.2918],[-112.0126,33.2915],[-112.0369,33.2913],[-112.0611,33.291],[-112.0853,33.2908],[-112.1096,33.2905],[-112.1338,33.2903],[-112.1426,33.299],[-112.1515,33.3078],[-112.1603,33.3166],[-112.1691,33.3253],[-112.1691,33.4627],[-112.1852,33.4626],[-112.2014,33.4625],[-112.2175,33.4625],[-112.2336,33.4624],[-112.2497,33.4623],[-112.2658,33.4622],[-112.2819,33.4622],[-112.298,33.4621],[-112.3141,33.462],[-112.3302,33.4619],[-112.3463,33.4618],[-112.3624,33.4617],[-112.3785,33.4616],[-112.3946,33.4615],[-112.4107,33.4614],[-112.4268,33.4613],[-112.4247,33.5106],[-112.4225,33.5599],[-112.4203,33.6092],[-112.4182,33.6585],[-112.4057,33.6743],[-112.3931,33.6902],[-112.3738,33.6932],[-112.3545,33.6963],[-112.3352,33.6993],[-112.3159,33.7024],[-112.3096,33.7172],[-112.3032,33.732],[-112.2968,33.7468],[-112.2905,33.7616],[-112.2679,33.7667],[-112.2454,33.7717],[-112.2228,33.7767],[-112.2002,33.7817],[-112.1825,33.7785],[-112.1647,33.7754],[-112.1469,33.7723],[-112.1291,33.7692],[-112.1353,33.7984],[-112.1139,33.7985],[-112.0924,33.7986],[-112.0709,33.7988],[-112.0495,33.7989],[-112.028,33.799],[-112.0066,33.7991],[-111.9851,33.7992],[-111.9636,33.7993],[-111.9577,33.8163],[-111.9518,33.8333],[-111.9367,33.8295],[-111.9215,33.8258],[-111.9064,33.8221],[-111.8912,33.8184],[-111.8912,33.9004],[-111.9129,33.9004],[-111.9347,33.9005],[-111.9565,33.9005],[-111.9782,33.9006],[-112.0,33.9006],[-112.0217,33.9006],[-112.0435,33.9006],[-112.0652,33.9006],[-112.0652,33.9312]]]},"properties":{"OBJECTID":1323,"state":"Arizona","agency":"Arizona Game and Fish Department","unit_type":"GMU","unit_id":"26M","unit_name":"Mesa","unit_label":"Arizona GMU 26M - Mesa","aliases":"2025 | 26m | 26m mesa | arizona | arizona 26m | arizona 26m mesa | arizona game and fish department | arizona game and fish department 26m | arizona game management unit 26m | arizona game management unit 26m mesa | arizona gmu 26m | arizona gmu 26m mesa","year":"2025","Shape_Length":679377.6287780906,"Shape_Area":5402055462.206887}},{"type":"Feature","id":1324,"geometry":{"type":"Polygon","coordinates":[[[-112.7263,33.971],[-112.7403,33.9805],[-112.7543,33.9901],[-112.7683,33.9996],[-112.7823,34.0092],[-112.7963,34.0187],[-112.8103,34.0282],[-112.8243,34.0378],[-112.8384,34.0473],[-112.8524,34.0568],[-112.8664,34.0664],[-112.8804,34.0759],[-112.8945,34.0854],[-112.9085,34.0949],[-112.9226,34.1045],[-112.9366,34.114],[-112.9507,34.1235],[-112.9619,34.1154],[-112.9731,34.1073],[-112.9843,34.0992],[-112.9955,34.091],[-113.0067,34.0829],[-113.0179,34.0748],[-113.0291,34.0667],[-113.0403,34.0586],[-113.0515,34.0504],[-113.0627,34.0423],[-113.0739,34.0342],[-113.0851,34.0261],[-113.0963,34.0179],[-113.1074,34.0098],[-113.1186,34.0017],[-113.1298,33.9935],[-113.1415,33.9808],[-113.1532,33.968],[-113.1649,33.9552],[-113.1766,33.9424],[-113.179,33.9076],[-113.1814,33.8728],[-113.1838,33.838],[-113.1862,33.8032],[-113.1976,33.7963],[-113.2089,33.7894],[-113.2203,33.7826],[-113.2316,33.7757],[-113.243,33.7688],[-113.2543,33.762],[-113.2656,33.7551],[-113.277,33.7482],[-113.2888,33.7273],[-113.3006,33.7063],[-113.3006,33.608],[-113.2825,33.5992],[-113.2643,33.5904],[-113.2462,33.5816],[-113.228,33.5728],[-113.2099,33.564],[-113.1918,33.5552],[-113.1736,33.5463],[-113.1555,33.5375],[-113.1292,33.5328],[-113.103,33.5281],[-113.0767,33.5233],[-113.0504,33.5186],[-113.0241,33.5139],[-112.9979,33.5091],[-112.9716,33.5043],[-112.9453,33.4996],[-112.9254,33.4951],[-112.9054,33.4907],[-112.8854,33.4862],[-112.8655,33.4817],[-112.8455,33.4772],[-112.8256,33.4728],[-112.8056,33.4683],[-112.7857,33.4638],[-112.7657,33.4593],[-112.7458,33.4548],[-112.7258,33.4503],[-112.7059,33.4458],[-112.686,33.4413],[-112.666,33.4368],[-112.6461,33.4323],[-112.6262,33.4278],[-112.6078,33.4321],[-112.5893,33.4364],[-112.5709,33.4407],[-112.5525,33.4451],[-112.5341,33.4494],[-112.5157,33.4537],[-112.4972,33.458],[-112.4788,33.4623],[-112.4767,33.4942],[-112.4745,33.5261],[-112.4724,33.5579],[-112.4703,33.5898],[-112.4655,33.6055],[-112.4607,33.6212],[-112.456,33.6369],[-112.4512,33.6526],[-112.441,33.6609],[-112.4309,33.6691],[-112.4208,33.6773],[-112.4106,33.6855],[-112.4245,33.6967],[-112.4384,33.7078],[-112.4523,33.719],[-112.4662,33.7301],[-112.4801,33.7413],[-112.494,33.7524],[-112.5079,33.7636],[-112.5218,33.7747],[-112.5358,33.7859],[-112.5497,33.797],[-112.5636,33.8081],[-112.5776,33.8193],[-112.5915,33.8304],[-112.6054,33.8415],[-112.6194,33.8527],[-112.6333,33.8638],[-112.6449,33.8772],[-112.6565,33.8906],[-112.6681,33.904],[-112.6798,33.9174],[-112.6914,33.9308],[-112.703,33.9442],[-112.7146,33.9576],[-112.7263,33.971]]]},"properties":{"OBJECTID":1324,"state":"Arizona","agency":"Arizona Game and Fish Department","unit_type":"GMU","unit_id":"42","unit_name":"Yuma, Mesa","unit_label":"Arizona GMU 42 - Yuma, Mesa","aliases":"2025 | 42 | 42 yuma mesa | arizona | arizona 42 | arizona 42 yuma mesa | arizona game and fish department | arizona game and fish department 42 | arizona game management unit 42 | arizona game management unit 42 yuma mesa | arizona gmu 42 | arizona gmu 4","year":"2025","Shape_Length":247928.01686599897,"Shape_Area":3850026645.3701134}}]}