{"type":"FeatureCollection","features":[{"type":"Feature","id":278,"geometry":{"type":"Polygon","coordinates":[[[-109.5828,45.0029],[-109.6109,45.0029],[-109.639,45.0029],[-109.6671,45.003],[-109.6952,45.003],[-109.7233,45.003],[-109.7514,45.003],[-109.7795,45.003],[-109.8076,45.003],[-109.829,45.0033],[-109.8504,45.0036],[-109.8504,45.003],[-109.8408,44.9921],[-109.8313,44.9811],[-109.8217,44.9702],[-109.8122,44.9592],[-109.7964,44.9527],[-109.7806,44.9461],[-109.7649,44.9396],[-109.7491,44.933],[-109.7334,44.9265],[-109.7176,44.9199],[-109.7018,44.9134],[-109.6861,44.9068],[-109.6754,44.8968],[-109.6647,44.8868],[-109.654,44.8767],[-109.6433,44.8667],[-109.6258,44.8662],[-109.6082,44.8657],[-109.5907,44.8653],[-109.5731,44.8648],[-109.5556,44.8643],[-109.538,44.8638],[-109.5205,44.8633],[-109.503,44.8628],[-109.4886,44.8532],[-109.4742,44.8436],[-109.4599,44.8339],[-109.4456,44.8243],[-109.4312,44.8147],[-109.4169,44.805],[-109.4025,44.7954],[-109.3882,44.7858],[-109.3761,44.7942],[-109.3641,44.8026],[-109.352,44.8111],[-109.3399,44.8195],[-109.3278,44.8279],[-109.3157,44.8364],[-109.3037,44.8448],[-109.2916,44.8532],[-109.2811,44.846],[-109.2706,44.8388],[-109.2601,44.8316],[-109.2496,44.8244],[-109.2333,44.8325],[-109.217,44.8405],[-109.2007,44.8486],[-109.1844,44.8566],[-109.1681,44.8647],[-109.1518,44.8727],[-109.1355,44.8807],[-109.1192,44.8888],[-109.1104,44.8996],[-109.1016,44.9104],[-109.0928,44.9213],[-109.084,44.9321],[-109.0752,44.9429],[-109.0663,44.9537],[-109.0575,44.9646],[-109.0487,44.9754],[-109.0541,44.9998],[-109.0628,44.9999],[-109.0821,44.9998],[-109.0854,45.0],[-109.1057,45.0003],[-109.1259,45.0006],[-109.1462,45.001],[-109.1665,45.0013],[-109.1868,45.0016],[-109.2071,45.002],[-109.2274,45.0023],[-109.2477,45.0026],[-109.268,45.0029],[-109.2883,45.0032],[-109.3086,45.0036],[-109.3289,45.0039],[-109.3492,45.0042],[-109.3694,45.0045],[-109.3897,45.0048],[-109.41,45.0051],[-109.4281,45.0048],[-109.4462,45.0046],[-109.4643,45.0043],[-109.4823,45.004],[-109.5004,45.0038],[-109.5185,45.0035],[-109.5366,45.0032],[-109.5547,45.003],[-109.5547,45.003],[-109.5566,45.0029],[-109.5828,45.0029]]]},"properties":{"OBJECTID":278,"state":"Wyoming","agency":"Wyoming Game and Fish Department","unit_type":"DHA","unit_id":"105","unit_name":"Beartooth","unit_label":"Wyoming DHA 105 - Beartooth","aliases":"105 | 105 beartooth | 2026 | beartooth | dha | dha 105 | dha 105 beartooth | wyoming | wyoming 105 | wyoming 105 beartooth | wyoming dha 105 | wyoming dha 105 beartooth | wyoming game and fish department | wyoming game and fish department 105","year":"2026","Shape_Length":150925.15717110244,"Shape_Area":904313985.7336897}},{"type":"Feature","id":279,"geometry":{"type":"Polygon","coordinates":[[[-109.8122,44.9592],[-109.8217,44.9702],[-109.8313,44.9811],[-109.8408,44.9921],[-109.8504,45.003],[-109.8504,45.0036],[-109.8692,45.0036],[-109.8879,45.0036],[-109.9067,45.0036],[-109.9255,45.0036],[-109.9442,45.0035],[-109.963,45.0035],[-109.9817,45.0035],[-110.0005,45.0034],[-109.9914,44.9947],[-109.9823,44.986],[-109.9732,44.9772],[-109.9641,44.9685],[-109.955,44.9597],[-109.946,44.951],[-109.9369,44.9422],[-109.9278,44.9335],[-109.9354,44.9042],[-109.9429,44.8749],[-109.9504,44.8455],[-109.958,44.8162],[-109.9414,44.8026],[-109.9249,44.789],[-109.9084,44.7753],[-109.8918,44.7617],[-109.8753,44.7481],[-109.8588,44.7344],[-109.8423,44.7208],[-109.8258,44.7072],[-109.8352,44.6983],[-109.8446,44.6894],[-109.854,44.6805],[-109.8634,44.6716],[-109.8525,44.6638],[-109.8415,44.656],[-109.8306,44.6483],[-109.8196,44.6405],[-109.8087,44.6327],[-109.7977,44.6249],[-109.7868,44.6171],[-109.7759,44.6093],[-109.7602,44.6107],[-109.7446,44.6121],[-109.729,44.6135],[-109.7134,44.6149],[-109.6978,44.6162],[-109.6822,44.6176],[-109.6666,44.619],[-109.651,44.6204],[-109.6268,44.6104],[-109.6026,44.6005],[-109.5784,44.5905],[-109.5542,44.5805],[-109.533,44.5927],[-109.5118,44.6048],[-109.4906,44.617],[-109.4694,44.6292],[-109.4455,44.6368],[-109.4216,44.6445],[-109.3977,44.6521],[-109.3737,44.6597],[-109.3757,44.7004],[-109.3906,44.705],[-109.4055,44.7095],[-109.4203,44.7141],[-109.4352,44.7187],[-109.4235,44.7355],[-109.4117,44.7522],[-109.4,44.769],[-109.3882,44.7858],[-109.4025,44.7954],[-109.4169,44.805],[-109.4312,44.8147],[-109.4456,44.8243],[-109.4599,44.8339],[-109.4742,44.8436],[-109.4886,44.8532],[-109.503,44.8628],[-109.5205,44.8633],[-109.538,44.8638],[-109.5556,44.8643],[-109.5731,44.8648],[-109.5907,44.8653],[-109.6082,44.8657],[-109.6258,44.8662],[-109.6433,44.8667],[-109.654,44.8767],[-109.6647,44.8868],[-109.6754,44.8968],[-109.6861,44.9068],[-109.7018,44.9134],[-109.7176,44.9199],[-109.7334,44.9265],[-109.7491,44.933],[-109.7649,44.9396],[-109.7806,44.9461],[-109.7964,44.9527],[-109.8122,44.9592]]]},"properties":{"OBJECTID":279,"state":"Wyoming","agency":"Wyoming Game and Fish Department","unit_type":"DHA","unit_id":"106","unit_name":"Crandall-Sunlight","unit_label":"Wyoming DHA 106 - Crandall-Sunlight","aliases":"106 | 106 crandall sunlight | 2026 | crandall sunlight | dha | dha 106 | dha 106 crandall sunlight | wyoming | wyoming 106 | wyoming 106 crandall sunlight | wyoming dha 106 | wyoming dha 106 crandall sunlight | wyoming game and fish department | wyoming","year":"2026","Shape_Length":165766.47520981086,"Shape_Area":1277215367.3595757}},{"type":"Feature","id":280,"geometry":{"type":"Polygon","coordinates":[[[-105.3708,44.8266],[-105.371,45.0002],[-105.371,45.0003],[-105.392,45.0003],[-105.413,45.0003],[-105.4339,45.0003],[-105.4549,45.0002],[-105.4844,45.0003],[-105.514,45.0003],[-105.5423,45.0003],[-105.5635,45.0003],[-105.5847,45.0004],[-105.6059,45.0004],[-105.6271,45.0004],[-105.6503,45.0004],[-105.6734,45.0004],[-105.6966,45.0005],[-105.7197,45.0005],[-105.7428,45.0004],[-105.7624,45.0005],[-105.782,45.0005],[-105.8016,45.0005],[-105.8212,45.0005],[-105.8407,45.0005],[-105.8603,45.0005],[-105.8799,45.0005],[-105.8995,45.0004],[-105.9115,45.0002],[-105.9118,45.0002],[-105.9196,44.9772],[-105.9275,44.9542],[-105.9506,44.9471],[-105.9736,44.9401],[-105.9967,44.9331],[-106.0197,44.926],[-106.0308,44.9052],[-106.0419,44.8845],[-106.053,44.8637],[-106.064,44.8429],[-106.0751,44.8221],[-106.0862,44.8013],[-106.0972,44.7805],[-106.1083,44.7597],[-106.1109,44.7285],[-106.1134,44.6972],[-106.1214,44.6777],[-106.1295,44.6581],[-106.1151,44.6463],[-106.1007,44.6345],[-106.0863,44.6227],[-106.0719,44.6109],[-106.0766,44.5902],[-106.0813,44.5696],[-106.086,44.549],[-106.0907,44.5284],[-106.1042,44.5137],[-106.1177,44.499],[-106.1311,44.4842],[-106.1446,44.4695],[-106.1467,44.417],[-106.1489,44.3644],[-106.1413,44.3452],[-106.1338,44.326],[-106.1262,44.3068],[-106.1187,44.2876],[-106.1272,44.2693],[-106.1356,44.251],[-106.1441,44.2327],[-106.1526,44.2144],[-106.1364,44.215],[-106.1203,44.2156],[-106.1041,44.2162],[-106.088,44.2168],[-106.0719,44.2174],[-106.0557,44.218],[-106.0396,44.2186],[-106.0234,44.2192],[-106.007,44.2141],[-105.9905,44.2091],[-105.9741,44.204],[-105.9577,44.199],[-105.9413,44.1939],[-105.9249,44.1889],[-105.9084,44.1838],[-105.892,44.1788],[-105.8781,44.1874],[-105.8641,44.196],[-105.8501,44.2046],[-105.8362,44.2132],[-105.8102,44.2184],[-105.7842,44.2237],[-105.7582,44.229],[-105.7322,44.2343],[-105.7062,44.2395],[-105.6802,44.2448],[-105.6542,44.25],[-105.6282,44.2553],[-105.6181,44.2652],[-105.608,44.2751],[-105.5979,44.285],[-105.5878,44.2949],[-105.5591,44.2939],[-105.5305,44.293],[-105.5273,44.3455],[-105.5047,44.3479],[-105.4821,44.3503],[-105.4751,44.3705],[-105.4682,44.3906],[-105.4612,44.4107],[-105.4543,44.4309],[-105.4625,44.4566],[-105.4707,44.4824],[-105.4626,44.4936],[-105.4545,44.5047],[-105.4464,44.5159],[-105.4384,44.527],[-105.4259,44.5333],[-105.4134,44.5395],[-105.4009,44.5457],[-105.3885,44.552],[-105.376,44.5582],[-105.3635,44.5645],[-105.351,44.5707],[-105.3385,44.5769],[-105.332,44.5922],[-105.3255,44.6076],[-105.3317,44.621],[-105.3379,44.6344],[-105.3441,44.6478],[-105.3503,44.6612],[-105.3566,44.6746],[-105.3628,44.688],[-105.369,44.7014],[-105.3752,44.7148],[-105.3798,44.7353],[-105.3843,44.7558],[-105.3889,44.7763],[-105.3934,44.7968],[-105.3821,44.8117],[-105.3708,44.8266]]]},"properties":{"OBJECTID":280,"state":"Wyoming","agency":"Wyoming Game and Fish Department","unit_type":"DHA","unit_id":"17","unit_name":"Northwest Gillette","unit_label":"Wyoming DHA 17 - Northwest Gillette","aliases":"17 | 17 northwest gillette | 2026 | dha | dha 17 | dha 17 northwest gillette | northwest gillette | wyoming | wyoming 17 | wyoming 17 northwest gillette | wyoming dha 17 | wyoming dha 17 northwest gillette | wyoming game and fish department | wyoming gam","year":"2026","Shape_Length":283536.7160415163,"Shape_Area":4597669861.504699}},{"type":"Feature","id":281,"geometry":{"type":"Polygon","coordinates":[[[-107.6446,45.0005],[-107.6602,45.0005],[-107.6759,45.0005],[-107.6915,45.0005],[-107.7071,45.0004],[-107.7228,45.0004],[-107.7384,45.0004],[-107.7541,45.0003],[-107.7697,45.0003],[-107.7853,45.0003],[-107.801,45.0002],[-107.8166,45.0002],[-107.8323,45.0001],[-107.8479,45.0001],[-107.8636,45.0],[-107.8792,45.0],[-107.8948,44.9999],[-107.8865,44.9752],[-107.8781,44.9506],[-107.8698,44.9259],[-107.8614,44.9012],[-107.8531,44.8766],[-107.8447,44.8519],[-107.8364,44.8272],[-107.8281,44.8026],[-107.8072,44.7904],[-107.7864,44.7782],[-107.7656,44.766],[-107.7448,44.7538],[-107.7431,44.7154],[-107.7242,44.7126],[-107.7054,44.7098],[-107.6865,44.707],[-107.6677,44.7042],[-107.6488,44.7014],[-107.63,44.6985],[-107.6111,44.6957],[-107.5923,44.6929],[-107.5702,44.6798],[-107.5482,44.6667],[-107.5262,44.6536],[-107.5041,44.6405],[-107.4891,44.6348],[-107.474,44.6291],[-107.459,44.6234],[-107.444,44.6177],[-107.4289,44.612],[-107.4139,44.6063],[-107.3989,44.6006],[-107.3839,44.5949],[-107.3775,44.5765],[-107.3712,44.5581],[-107.352,44.5438],[-107.3328,44.5295],[-107.3135,44.5152],[-107.2944,44.5009],[-107.2993,44.4582],[-107.275,44.4552],[-107.2508,44.4521],[-107.2265,44.449],[-107.2023,44.4459],[-107.193,44.4279],[-107.1837,44.4099],[-107.1744,44.3918],[-107.1651,44.3738],[-107.1415,44.3823],[-107.1179,44.3909],[-107.0943,44.3994],[-107.0707,44.4079],[-107.0625,44.4225],[-107.0544,44.437],[-107.0462,44.4516],[-107.0381,44.4661],[-107.0299,44.4807],[-107.0217,44.4952],[-107.0136,44.5098],[-107.0054,44.5243],[-106.9872,44.5327],[-106.969,44.5411],[-106.9508,44.5495],[-106.9326,44.5578],[-106.9478,44.5599],[-106.9629,44.562],[-106.978,44.564],[-106.9932,44.5661],[-107.0083,44.5681],[-107.0234,44.5702],[-107.0386,44.5723],[-107.0537,44.5743],[-107.0534,44.6029],[-107.0659,44.6083],[-107.0785,44.6136],[-107.0911,44.6189],[-107.1037,44.6242],[-107.1163,44.6296],[-107.129,44.6349],[-107.1416,44.6402],[-107.1542,44.6455],[-107.1641,44.6676],[-107.1741,44.6896],[-107.1998,44.6896],[-107.2254,44.6896],[-107.2511,44.6895],[-107.2768,44.6895],[-107.2669,44.7076],[-107.2569,44.7257],[-107.247,44.7438],[-107.2371,44.7619],[-107.2532,44.7654],[-107.2693,44.769],[-107.2854,44.7725],[-107.3016,44.776],[-107.3069,44.7943],[-107.3123,44.8125],[-107.3177,44.8307],[-107.3231,44.8489],[-107.3529,44.8488],[-107.3828,44.8487],[-107.3921,44.8633],[-107.4014,44.878],[-107.4108,44.8927],[-107.4201,44.9073],[-107.4415,44.9076],[-107.4628,44.9079],[-107.4842,44.9082],[-107.5056,44.9085],[-107.5302,44.9158],[-107.5549,44.9231],[-107.5796,44.9304],[-107.6042,44.9377],[-107.6143,44.9534],[-107.6244,44.9691],[-107.6345,44.9848],[-107.6446,45.0005]]]},"properties":{"OBJECTID":281,"state":"Wyoming","agency":"Wyoming Game and Fish Department","unit_type":"DHA","unit_id":"25","unit_name":"Tongue-Goose","unit_label":"Wyoming DHA 25 - Tongue-Goose","aliases":"2026 | 25 | 25 tongue goose | dha | dha 25 | dha 25 tongue goose | tongue goose | wyoming | wyoming 25 | wyoming 25 tongue goose | wyoming dha 25 | wyoming dha 25 tongue goose | wyoming game and fish department | wyoming game and fish department 25","year":"2026","Shape_Length":243142.0188813657,"Shape_Area":1921500981.8680344}},{"type":"Feature","id":282,"geometry":{"type":"Polygon","coordinates":[[[-105.0419,44.9514],[-105.0337,44.9758],[-105.0255,45.0001],[-105.0255,45.0001],[-105.0327,45.0001],[-105.0492,45.0001],[-105.0657,45.0001],[-105.0821,45.0002],[-105.0986,45.0002],[-105.1151,45.0002],[-105.1316,45.0002],[-105.148,45.0002],[-105.1645,45.0002],[-105.181,45.0002],[-105.1974,45.0002],[-105.2139,45.0002],[-105.2304,45.0002],[-105.2469,45.0002],[-105.2633,45.0002],[-105.2798,45.0002],[-105.2963,45.0002],[-105.315,45.0002],[-105.3337,45.0002],[-105.3523,45.0003],[-105.371,45.0003],[-105.371,45.0002],[-105.3708,44.8266],[-105.3821,44.8117],[-105.3934,44.7968],[-105.3889,44.7763],[-105.3843,44.7558],[-105.3798,44.7353],[-105.3752,44.7148],[-105.369,44.7014],[-105.3628,44.688],[-105.3566,44.6746],[-105.3503,44.6612],[-105.3441,44.6478],[-105.3379,44.6344],[-105.3317,44.621],[-105.3255,44.6076],[-105.332,44.5922],[-105.3385,44.5769],[-105.351,44.5707],[-105.3635,44.5645],[-105.376,44.5582],[-105.3885,44.552],[-105.4009,44.5457],[-105.4134,44.5395],[-105.4259,44.5333],[-105.4384,44.527],[-105.4464,44.5159],[-105.4545,44.5047],[-105.4626,44.4936],[-105.4707,44.4824],[-105.4625,44.4566],[-105.4543,44.4309],[-105.4612,44.4107],[-105.4682,44.3906],[-105.4751,44.3705],[-105.4821,44.3503],[-105.5047,44.3479],[-105.5273,44.3455],[-105.5305,44.293],[-105.5121,44.2863],[-105.4937,44.2795],[-105.4761,44.2874],[-105.4584,44.2952],[-105.4395,44.2951],[-105.4205,44.295],[-105.4015,44.2949],[-105.3825,44.2948],[-105.3636,44.2947],[-105.3446,44.2946],[-105.3256,44.2945],[-105.3066,44.2944],[-105.2877,44.2943],[-105.2687,44.2941],[-105.2497,44.294],[-105.2307,44.2939],[-105.2118,44.2938],[-105.1928,44.2936],[-105.1738,44.2935],[-105.1548,44.2934],[-105.1345,44.2918],[-105.1141,44.2902],[-105.0938,44.2886],[-105.0734,44.2869],[-105.0531,44.2853],[-105.0328,44.2837],[-105.0124,44.2821],[-104.9921,44.2805],[-104.9846,44.2967],[-104.9771,44.3129],[-104.9696,44.329],[-104.9621,44.3452],[-104.963,44.4631],[-104.9638,44.581],[-104.9761,44.6015],[-104.9885,44.6221],[-105.0008,44.6426],[-105.0131,44.6631],[-105.0161,44.6865],[-105.019,44.7099],[-105.022,44.7333],[-105.025,44.7567],[-105.0379,44.7707],[-105.0508,44.7847],[-105.0637,44.7987],[-105.0766,44.8127],[-105.0827,44.8364],[-105.0888,44.86],[-105.0948,44.8836],[-105.1009,44.9072],[-105.0862,44.9182],[-105.0714,44.9293],[-105.0567,44.9404],[-105.0419,44.9514]]]},"properties":{"OBJECTID":282,"state":"Wyoming","agency":"Wyoming Game and Fish Department","unit_type":"DHA","unit_id":"18","unit_name":"Campbell","unit_label":"Wyoming DHA 18 - Campbell","aliases":"18 | 18 campbell | 2026 | campbell | dha | dha 18 | dha 18 campbell | wyoming | wyoming 18 | wyoming 18 campbell | wyoming dha 18 | wyoming dha 18 campbell | wyoming game and fish department | wyoming game and fish department 18","year":"2026","Shape_Length":244116.89437984445,"Shape_Area":2476530386.491111}},{"type":"Feature","id":283,"geometry":{"type":"Polygon","coordinates":[[[-108.2486,44.9999],[-108.2496,44.9999],[-108.2498,44.9999],[-108.2568,45.0],[-108.2854,45.0],[-108.3141,45.0],[-108.3427,45.0],[-108.3714,45.0],[-108.3952,45.0],[-108.4197,45.0],[-108.4442,45.0],[-108.4639,45.0],[-108.4835,45.0],[-108.5031,45.0],[-108.5227,45.0],[-108.5411,45.0],[-108.5595,45.0],[-108.5778,45.0],[-108.5962,45.0],[-108.6145,45.0001],[-108.6329,45.0001],[-108.6512,45.0001],[-108.6696,45.0001],[-108.6879,45.0001],[-108.7063,45.0001],[-108.7247,45.0001],[-108.743,45.0001],[-108.7614,45.0001],[-108.7797,45.0001],[-108.7981,45.0001],[-108.8164,45.0],[-108.8427,45.0001],[-108.869,45.0002],[-108.869,44.9999],[-108.8553,44.9814],[-108.8416,44.9629],[-108.8278,44.9444],[-108.8141,44.9259],[-108.8005,44.9074],[-108.7868,44.8889],[-108.7731,44.8704],[-108.7594,44.8519],[-108.76,44.7084],[-108.784,44.7085],[-108.808,44.7086],[-108.832,44.7087],[-108.856,44.7088],[-108.8747,44.6968],[-108.8934,44.6848],[-108.912,44.6728],[-108.9307,44.6608],[-108.9348,44.6428],[-108.9389,44.6249],[-108.9431,44.607],[-108.9472,44.5891],[-108.9616,44.5823],[-108.976,44.5755],[-108.9905,44.5687],[-109.0049,44.5619],[-109.0193,44.5551],[-109.0337,44.5483],[-109.0481,44.5415],[-109.0625,44.5347],[-109.0442,44.5229],[-109.0259,44.511],[-109.0085,44.5112],[-108.991,44.5114],[-108.9736,44.5115],[-108.9561,44.5117],[-108.9394,44.5075],[-108.9228,44.5033],[-108.9061,44.4991],[-108.8894,44.4949],[-108.8727,44.4906],[-108.8561,44.4864],[-108.8394,44.4822],[-108.8227,44.478],[-108.8071,44.477],[-108.7915,44.476],[-108.7759,44.475],[-108.7603,44.4739],[-108.7447,44.4729],[-108.7291,44.4719],[-108.7135,44.4709],[-108.6979,44.4699],[-108.6823,44.4689],[-108.6667,44.4678],[-108.6511,44.4668],[-108.6355,44.4658],[-108.6199,44.4647],[-108.6043,44.4637],[-108.5887,44.4627],[-108.5731,44.4617],[-108.5738,44.5154],[-108.5564,44.518],[-108.5391,44.5205],[-108.5217,44.5231],[-108.5044,44.5256],[-108.4961,44.5358],[-108.4878,44.5459],[-108.4795,44.556],[-108.4712,44.5661],[-108.4629,44.5763],[-108.4546,44.5864],[-108.4462,44.5965],[-108.4379,44.6067],[-108.4105,44.6099],[-108.3831,44.613],[-108.378,44.6282],[-108.3729,44.6433],[-108.3678,44.6585],[-108.3627,44.6736],[-108.3491,44.6806],[-108.3354,44.6877],[-108.3217,44.6947],[-108.3081,44.7017],[-108.2896,44.6877],[-108.2712,44.6736],[-108.2528,44.6596],[-108.2343,44.6456],[-108.2159,44.6315],[-108.1975,44.6175],[-108.1791,44.6035],[-108.1607,44.5894],[-108.138,44.5857],[-108.1154,44.5819],[-108.1228,44.6],[-108.1303,44.6182],[-108.1339,44.6888],[-108.1475,44.6979],[-108.161,44.7069],[-108.1745,44.7159],[-108.1881,44.7249],[-108.186,44.7578],[-108.1839,44.7906],[-108.1818,44.8235],[-108.1797,44.8564],[-108.1987,44.8544],[-108.2177,44.8525],[-108.2367,44.8505],[-108.2557,44.8486],[-108.2747,44.8466],[-108.2936,44.8447],[-108.3126,44.8427],[-108.3316,44.8407],[-108.3211,44.8507],[-108.3106,44.8606],[-108.3001,44.8705],[-108.2897,44.8805],[-108.2894,44.9593],[-108.2734,44.9578],[-108.2573,44.9563],[-108.253,44.9781],[-108.2486,44.9999]]]},"properties":{"OBJECTID":283,"state":"Wyoming","agency":"Wyoming Game and Fish Department","unit_type":"DHA","unit_id":"122","unit_name":"Shoshone River","unit_label":"Wyoming DHA 122 - Shoshone River","aliases":"122 | 122 shoshone river | 2026 | dha | dha 122 | dha 122 shoshone river | shoshone river | wyoming | wyoming 122 | wyoming 122 shoshone river | wyoming dha 122 | wyoming dha 122 shoshone river | wyoming game and fish department | wyoming game and fish d","year":"2026","Shape_Length":284644.01960315555,"Shape_Area":2575335528.0802484}},{"type":"Feature","id":284,"geometry":{"type":"Polygon","coordinates":[[[-108.869,45.0002],[-108.8946,44.9999],[-108.9145,44.9999],[-108.9345,44.9999],[-108.9544,44.9999],[-108.9743,44.9999],[-108.9943,44.9999],[-109.0142,44.9999],[-109.0342,44.9998],[-109.0541,44.9998],[-109.0487,44.9754],[-109.0575,44.9646],[-109.0663,44.9537],[-109.0752,44.9429],[-109.084,44.9321],[-109.0928,44.9213],[-109.1016,44.9104],[-109.1104,44.8996],[-109.1192,44.8888],[-109.1308,44.8712],[-109.1423,44.8537],[-109.1538,44.8362],[-109.1653,44.8186],[-109.1768,44.8011],[-109.1883,44.7836],[-109.1998,44.766],[-109.2113,44.7485],[-109.2148,44.7013],[-109.2053,44.6909],[-109.1958,44.6805],[-109.1862,44.67],[-109.1767,44.6596],[-109.1671,44.6492],[-109.1576,44.6388],[-109.1481,44.6284],[-109.1386,44.618],[-109.129,44.6076],[-109.1195,44.5972],[-109.11,44.5868],[-109.1005,44.5764],[-109.091,44.5659],[-109.0815,44.5555],[-109.072,44.5451],[-109.0625,44.5347],[-109.0481,44.5415],[-109.0337,44.5483],[-109.0193,44.5551],[-109.0049,44.5619],[-108.9905,44.5687],[-108.976,44.5755],[-108.9616,44.5823],[-108.9472,44.5891],[-108.9431,44.607],[-108.9389,44.6249],[-108.9348,44.6428],[-108.9307,44.6608],[-108.912,44.6728],[-108.8934,44.6848],[-108.8747,44.6968],[-108.856,44.7088],[-108.832,44.7087],[-108.808,44.7086],[-108.784,44.7085],[-108.76,44.7084],[-108.7594,44.8519],[-108.7731,44.8704],[-108.7868,44.8889],[-108.8005,44.9074],[-108.8141,44.9259],[-108.8278,44.9444],[-108.8416,44.9629],[-108.8553,44.9814],[-108.869,44.9999],[-108.869,45.0002]]]},"properties":{"OBJECTID":284,"state":"Wyoming","agency":"Wyoming Game and Fish Department","unit_type":"DHA","unit_id":"121","unit_name":"Heart Mountain","unit_label":"Wyoming DHA 121 - Heart Mountain","aliases":"121 | 121 heart mountain | 2026 | dha | dha 121 | dha 121 heart mountain | heart mountain | wyoming | wyoming 121 | wyoming 121 heart mountain | wyoming dha 121 | wyoming dha 121 heart mountain | wyoming game and fish department | wyoming game and fish d","year":"2026","Shape_Length":142298.14561091276,"Shape_Area":1196212691.6165912}},{"type":"Feature","id":285,"geometry":{"type":"Polygon","coordinates":[[[-104.4868,44.8954],[-104.4774,44.9083],[-104.4681,44.9211],[-104.4587,44.934],[-104.4493,44.9468],[-104.44,44.9597],[-104.4306,44.9725],[-104.4212,44.9854],[-104.4118,44.9983],[-104.4178,44.9984],[-104.4404,44.9984],[-104.4629,44.9985],[-104.4855,44.9985],[-104.5081,44.9985],[-104.5252,44.9986],[-104.5424,44.9986],[-104.5593,44.9986],[-104.5762,44.9986],[-104.5776,44.9986],[-104.5971,44.9987],[-104.6167,44.9989],[-104.6362,44.999],[-104.6557,44.9991],[-104.6752,44.9992],[-104.6948,44.9992],[-104.7143,44.9993],[-104.7338,44.9994],[-104.7533,44.9995],[-104.7729,44.9996],[-104.7924,44.9997],[-104.8119,44.9998],[-104.8314,44.9998],[-104.851,44.9999],[-104.8705,45.0],[-104.89,45.0],[-104.9195,45.0001],[-104.9489,45.0001],[-104.9783,45.0001],[-105.0078,45.0001],[-105.0255,45.0001],[-105.0255,45.0001],[-105.0337,44.9758],[-105.0419,44.9514],[-105.0567,44.9404],[-105.0714,44.9293],[-105.0862,44.9182],[-105.1009,44.9072],[-105.0948,44.8836],[-105.0888,44.86],[-105.0827,44.8364],[-105.0766,44.8127],[-105.0637,44.7987],[-105.0508,44.7847],[-105.0379,44.7707],[-105.025,44.7567],[-105.022,44.7333],[-105.019,44.7099],[-105.0161,44.6865],[-105.0131,44.6631],[-105.0008,44.6426],[-104.9885,44.6221],[-104.9761,44.6015],[-104.9638,44.581],[-104.9392,44.5827],[-104.9145,44.5843],[-104.9065,44.5694],[-104.8985,44.5545],[-104.8905,44.5397],[-104.8825,44.5248],[-104.8569,44.5172],[-104.8313,44.5096],[-104.8058,44.502],[-104.7802,44.4944],[-104.7577,44.4964],[-104.7351,44.4985],[-104.7126,44.5005],[-104.6901,44.5025],[-104.6862,44.5628],[-104.6824,44.6231],[-104.6622,44.637],[-104.6421,44.6508],[-104.6219,44.6646],[-104.6017,44.6784],[-104.6109,44.6899],[-104.6201,44.7014],[-104.6292,44.713],[-104.6384,44.7245],[-104.6252,44.7363],[-104.612,44.748],[-104.6159,44.7845],[-104.6198,44.8211],[-104.6032,44.8304],[-104.5866,44.8396],[-104.5699,44.8489],[-104.5533,44.8582],[-104.5367,44.8675],[-104.5201,44.8768],[-104.5034,44.8861],[-104.4868,44.8954]]]},"properties":{"OBJECTID":285,"state":"Wyoming","agency":"Wyoming Game and Fish Department","unit_type":"DHA","unit_id":"1","unit_name":"Crook","unit_label":"Wyoming DHA 1 - Crook","aliases":"1 | 1 crook | 2026 | crook | dha | dha 1 | dha 1 crook | wyoming | wyoming 1 | wyoming 1 crook | wyoming dha 1 | wyoming dha 1 crook | wyoming game and fish department | wyoming game and fish department 1","year":"2026","Shape_Length":192207.3565055109,"Shape_Area":1850943436.6548965}},{"type":"Feature","id":286,"geometry":{"type":"Polygon","coordinates":[[[-107.8948,44.9999],[-107.9169,44.9999],[-107.9391,45.0],[-107.9612,45.0],[-107.9833,45.0],[-108.0054,45.0],[-108.0275,45.0],[-108.0496,45.0],[-108.0717,45.0],[-108.0938,45.0],[-108.1159,45.0],[-108.1381,45.0],[-108.1602,45.0],[-108.1823,45.0],[-108.2044,44.9999],[-108.2265,44.9999],[-108.2486,44.9999],[-108.253,44.9781],[-108.2573,44.9563],[-108.2464,44.9486],[-108.2355,44.9409],[-108.2246,44.9332],[-108.2138,44.9255],[-108.2029,44.9178],[-108.192,44.91],[-108.1811,44.9023],[-108.1702,44.8946],[-108.175,44.8755],[-108.1797,44.8564],[-108.1681,44.8482],[-108.1564,44.8401],[-108.1447,44.8319],[-108.133,44.8238],[-108.1213,44.8156],[-108.1097,44.8075],[-108.098,44.7993],[-108.0863,44.7912],[-108.0683,44.7916],[-108.0502,44.792],[-108.0322,44.7924],[-108.0141,44.7929],[-107.9961,44.7933],[-107.978,44.7937],[-107.96,44.7941],[-107.9419,44.7945],[-107.9134,44.7966],[-107.885,44.7986],[-107.8565,44.8006],[-107.8281,44.8026],[-107.8364,44.8272],[-107.8447,44.8519],[-107.8531,44.8766],[-107.8614,44.9012],[-107.8698,44.9259],[-107.8781,44.9506],[-107.8865,44.9752],[-107.8948,44.9999]]]},"properties":{"OBJECTID":286,"state":"Wyoming","agency":"Wyoming Game and Fish Department","unit_type":"DHA","unit_id":"53","unit_name":"Devils Canyon","unit_label":"Wyoming DHA 53 - Devils Canyon","aliases":"2026 | 53 | 53 devils canyon | devils canyon | dha | dha 53 | dha 53 devils canyon | wyoming | wyoming 53 | wyoming 53 devils canyon | wyoming dha 53 | wyoming dha 53 devils canyon | wyoming game and fish department | wyoming game and fish department 53","year":"2026","Shape_Length":100169.003828102,"Shape_Area":595328578.184257}},{"type":"Feature","id":287,"geometry":{"type":"Polygon","coordinates":[[[-104.0563,44.8704],[-104.0572,44.9625],[-104.0576,44.9934],[-104.0786,44.9977],[-104.0982,44.9977],[-104.1167,44.9978],[-104.1352,44.998],[-104.165,44.998],[-104.1948,44.9979],[-104.2105,44.998],[-104.2263,44.998],[-104.2489,44.9981],[-104.2714,44.9981],[-104.294,44.9982],[-104.3165,44.9982],[-104.3391,44.9983],[-104.3616,44.9983],[-104.3842,44.9983],[-104.4067,44.9984],[-104.4118,44.9983],[-104.4212,44.9854],[-104.4306,44.9725],[-104.44,44.9597],[-104.4493,44.9468],[-104.4587,44.934],[-104.4681,44.9211],[-104.4774,44.9083],[-104.4868,44.8954],[-104.5034,44.8861],[-104.5201,44.8768],[-104.5367,44.8675],[-104.5533,44.8582],[-104.5699,44.8489],[-104.5866,44.8396],[-104.6032,44.8304],[-104.6198,44.8211],[-104.6159,44.7845],[-104.612,44.748],[-104.6252,44.7363],[-104.6384,44.7245],[-104.6292,44.713],[-104.6201,44.7014],[-104.6109,44.6899],[-104.6017,44.6784],[-104.6219,44.6646],[-104.6421,44.6508],[-104.6622,44.637],[-104.6824,44.6231],[-104.6862,44.5628],[-104.6901,44.5025],[-104.6758,44.4898],[-104.6615,44.4771],[-104.6472,44.4645],[-104.6329,44.4518],[-104.6187,44.4391],[-104.6044,44.4265],[-104.5901,44.4138],[-104.5759,44.4011],[-104.5539,44.4],[-104.5318,44.3988],[-104.5098,44.3976],[-104.4877,44.3964],[-104.4657,44.3953],[-104.4436,44.3941],[-104.4216,44.3929],[-104.3996,44.3917],[-104.3829,44.3967],[-104.3662,44.4016],[-104.3466,44.4116],[-104.3271,44.4216],[-104.3075,44.4316],[-104.2879,44.4416],[-104.2784,44.4516],[-104.2689,44.4615],[-104.2594,44.4715],[-104.2499,44.4815],[-104.2403,44.4915],[-104.2308,44.5014],[-104.2213,44.5114],[-104.2117,44.5214],[-104.1923,44.524],[-104.1729,44.5267],[-104.1535,44.5293],[-104.134,44.532],[-104.1146,44.5346],[-104.0952,44.5372],[-104.0757,44.5399],[-104.0563,44.5425],[-104.056,44.5864],[-104.056,44.5904],[-104.0562,44.7987],[-104.0562,44.8056],[-104.0562,44.8076],[-104.0562,44.8097],[-104.0563,44.8365],[-104.0563,44.8377],[-104.0563,44.8704]]]},"properties":{"OBJECTID":287,"state":"Wyoming","agency":"Wyoming Game and Fish Department","unit_type":"DHA","unit_id":"2","unit_name":"Bearlodge","unit_label":"Wyoming DHA 2 - Bearlodge","aliases":"2 | 2 bearlodge | 2026 | bearlodge | dha | dha 2 | dha 2 bearlodge | wyoming | wyoming 2 | wyoming 2 bearlodge | wyoming dha 2 | wyoming dha 2 bearlodge | wyoming game and fish department | wyoming game and fish department 2","year":"2026","Shape_Length":206473.38925232863,"Shape_Area":2617628430.3789687}},{"type":"Feature","id":288,"geometry":{"type":"Polygon","coordinates":[[[-108.2573,44.9563],[-108.2734,44.9578],[-108.2894,44.9593],[-108.2897,44.8805],[-108.3001,44.8705],[-108.3106,44.8606],[-108.3211,44.8507],[-108.3316,44.8407],[-108.3126,44.8427],[-108.2936,44.8447],[-108.2747,44.8466],[-108.2557,44.8486],[-108.2367,44.8505],[-108.2177,44.8525],[-108.1987,44.8544],[-108.1797,44.8564],[-108.175,44.8755],[-108.1702,44.8946],[-108.1811,44.9023],[-108.192,44.91],[-108.2029,44.9178],[-108.2138,44.9255],[-108.2246,44.9332],[-108.2355,44.9409],[-108.2464,44.9486],[-108.2573,44.9563]]]},"properties":{"OBJECTID":288,"state":"Wyoming","agency":"Wyoming Game and Fish Department","unit_type":"DHA","unit_id":"123","unit_name":"Yellowtail","unit_label":"Wyoming DHA 123 - Yellowtail","aliases":"123 | 123 yellowtail | 2026 | dha | dha 123 | dha 123 yellowtail | wyoming | wyoming 123 | wyoming 123 yellowtail | wyoming dha 123 | wyoming dha 123 yellowtail | wyoming game and fish department | wyoming game and fish department 123 | yellowtail","year":"2026","Shape_Length":42987.984561484955,"Shape_Area":91894031.51443042}},{"type":"Feature","id":289,"geometry":{"type":"Polygon","coordinates":[[[-109.1192,44.8888],[-109.1355,44.8807],[-109.1518,44.8727],[-109.1681,44.8647],[-109.1844,44.8566],[-109.2007,44.8486],[-109.217,44.8405],[-109.2333,44.8325],[-109.2496,44.8244],[-109.2601,44.8316],[-109.2706,44.8388],[-109.2811,44.846],[-109.2916,44.8532],[-109.3037,44.8448],[-109.3157,44.8364],[-109.3278,44.8279],[-109.3399,44.8195],[-109.352,44.8111],[-109.3641,44.8026],[-109.3761,44.7942],[-109.3882,44.7858],[-109.4,44.769],[-109.4117,44.7522],[-109.4235,44.7355],[-109.4352,44.7187],[-109.4203,44.7141],[-109.4055,44.7095],[-109.3906,44.705],[-109.3757,44.7004],[-109.3737,44.6597],[-109.3582,44.6458],[-109.3427,44.632],[-109.3272,44.6181],[-109.3116,44.6042],[-109.2961,44.5903],[-109.2806,44.5764],[-109.2652,44.5625],[-109.2497,44.5486],[-109.2362,44.5441],[-109.2228,44.5395],[-109.2093,44.5349],[-109.1959,44.5303],[-109.1824,44.5258],[-109.169,44.5212],[-109.1555,44.5166],[-109.1421,44.512],[-109.1222,44.5177],[-109.1023,44.5234],[-109.0824,44.529],[-109.0625,44.5347],[-109.072,44.5451],[-109.0815,44.5555],[-109.091,44.5659],[-109.1005,44.5764],[-109.11,44.5868],[-109.1195,44.5972],[-109.129,44.6076],[-109.1386,44.618],[-109.1481,44.6284],[-109.1576,44.6388],[-109.1671,44.6492],[-109.1767,44.6596],[-109.1862,44.67],[-109.1958,44.6805],[-109.2053,44.6909],[-109.2148,44.7013],[-109.2113,44.7485],[-109.1998,44.766],[-109.1883,44.7836],[-109.1768,44.8011],[-109.1653,44.8186],[-109.1538,44.8362],[-109.1423,44.8537],[-109.1308,44.8712],[-109.1192,44.8888]]]},"properties":{"OBJECTID":289,"state":"Wyoming","agency":"Wyoming Game and Fish Department","unit_type":"DHA","unit_id":"109","unit_name":"Bald Ridge","unit_label":"Wyoming DHA 109 - Bald Ridge","aliases":"109 | 109 bald ridge | 2026 | bald ridge | dha | dha 109 | dha 109 bald ridge | wyoming | wyoming 109 | wyoming 109 bald ridge | wyoming dha 109 | wyoming dha 109 bald ridge | wyoming game and fish department | wyoming game and fish department 109","year":"2026","Shape_Length":122522.5366091932,"Shape_Area":532261109.74369746}},{"type":"Feature","id":290,"geometry":{"type":"Polygon","coordinates":[[[-108.0863,44.7912],[-108.098,44.7993],[-108.1097,44.8075],[-108.1213,44.8156],[-108.133,44.8238],[-108.1447,44.8319],[-108.1564,44.8401],[-108.1681,44.8482],[-108.1797,44.8564],[-108.1818,44.8235],[-108.1839,44.7906],[-108.186,44.7578],[-108.1881,44.7249],[-108.1745,44.7159],[-108.161,44.7069],[-108.1475,44.6979],[-108.1339,44.6888],[-108.1303,44.6182],[-108.1018,44.6124],[-108.0734,44.6066],[-108.0449,44.6008],[-108.0164,44.595],[-108.0041,44.603],[-107.9919,44.611],[-107.9796,44.6189],[-107.9673,44.6269],[-107.955,44.6349],[-107.9427,44.6428],[-107.9304,44.6508],[-107.918,44.6588],[-107.925,44.6841],[-107.932,44.7094],[-107.9192,44.7195],[-107.9064,44.7295],[-107.8935,44.7395],[-107.8807,44.7496],[-107.896,44.7608],[-107.9113,44.7721],[-107.9266,44.7833],[-107.9419,44.7945],[-107.96,44.7941],[-107.978,44.7937],[-107.9961,44.7933],[-108.0141,44.7929],[-108.0322,44.7924],[-108.0502,44.792],[-108.0683,44.7916],[-108.0863,44.7912]]]},"properties":{"OBJECTID":290,"state":"Wyoming","agency":"Wyoming Game and Fish Department","unit_type":"DHA","unit_id":"52","unit_name":"Crystal Creek","unit_label":"Wyoming DHA 52 - Crystal Creek","aliases":"2026 | 52 | 52 crystal creek | crystal creek | dha | dha 52 | dha 52 crystal creek | wyoming | wyoming 52 | wyoming 52 crystal creek | wyoming dha 52 | wyoming dha 52 crystal creek | wyoming game and fish department | wyoming game and fish department 52","year":"2026","Shape_Length":88833.89391593837,"Shape_Area":405304116.3393032}},{"type":"Feature","id":291,"geometry":{"type":"Polygon","coordinates":[[[-107.8281,44.8026],[-107.8565,44.8006],[-107.885,44.7986],[-107.9134,44.7966],[-107.9419,44.7945],[-107.9266,44.7833],[-107.9113,44.7721],[-107.896,44.7608],[-107.8807,44.7496],[-107.8606,44.7427],[-107.8405,44.7357],[-107.8204,44.7288],[-107.8003,44.7219],[-107.801,44.6358],[-107.786,44.6322],[-107.7709,44.6286],[-107.7559,44.6249],[-107.7409,44.6213],[-107.731,44.6095],[-107.7212,44.5976],[-107.7113,44.5857],[-107.7015,44.5739],[-107.6798,44.5813],[-107.6582,44.5888],[-107.6428,44.5862],[-107.6274,44.5837],[-107.6121,44.5811],[-107.5967,44.5786],[-107.5813,44.576],[-107.566,44.5735],[-107.5506,44.5709],[-107.5353,44.5684],[-107.5275,44.5864],[-107.5197,44.6044],[-107.5119,44.6225],[-107.5041,44.6405],[-107.5262,44.6536],[-107.5482,44.6667],[-107.5702,44.6798],[-107.5923,44.6929],[-107.6111,44.6957],[-107.63,44.6985],[-107.6488,44.7014],[-107.6677,44.7042],[-107.6865,44.707],[-107.7054,44.7098],[-107.7242,44.7126],[-107.7431,44.7154],[-107.7448,44.7538],[-107.7656,44.766],[-107.7864,44.7782],[-107.8072,44.7904],[-107.8281,44.8026]]]},"properties":{"OBJECTID":291,"state":"Wyoming","agency":"Wyoming Game and Fish Department","unit_type":"DHA","unit_id":"50","unit_name":"Upper Shell-Beaver Creek","unit_label":"Wyoming DHA 50 - Upper Shell-Beaver Creek","aliases":"2026 | 50 | 50 upper shell beaver creek | dha | dha 50 | dha 50 upper shell beaver creek | upper shell beaver creek | wyoming | wyoming 50 | wyoming 50 upper shell beaver creek | wyoming dha 50 | wyoming dha 50 upper shell beaver creek | wyoming game and","year":"2026","Shape_Length":100121.0369263629,"Shape_Area":348575653.9308073}},{"type":"Feature","id":292,"geometry":{"type":"Polygon","coordinates":[[[-107.8003,44.7219],[-107.8204,44.7288],[-107.8405,44.7357],[-107.8606,44.7427],[-107.8807,44.7496],[-107.8935,44.7395],[-107.9064,44.7295],[-107.9192,44.7195],[-107.932,44.7094],[-107.925,44.6841],[-107.918,44.6588],[-107.9304,44.6508],[-107.9427,44.6428],[-107.955,44.6349],[-107.9673,44.6269],[-107.9796,44.6189],[-107.9919,44.611],[-108.0041,44.603],[-108.0164,44.595],[-108.0449,44.6008],[-108.0734,44.6066],[-108.1018,44.6124],[-108.1303,44.6182],[-108.1228,44.6],[-108.1154,44.5819],[-108.1029,44.5726],[-108.0903,44.5633],[-108.0778,44.554],[-108.0653,44.5447],[-108.0561,44.5168],[-108.047,44.4889],[-108.0227,44.4965],[-107.9984,44.5041],[-107.9741,44.5117],[-107.9498,44.5193],[-107.9303,44.5203],[-107.9108,44.5213],[-107.8913,44.5223],[-107.8718,44.5233],[-107.8523,44.5243],[-107.8328,44.5253],[-107.8132,44.5262],[-107.7937,44.5272],[-107.7707,44.5389],[-107.7476,44.5505],[-107.7246,44.5622],[-107.7015,44.5739],[-107.7113,44.5857],[-107.7212,44.5976],[-107.731,44.6095],[-107.7409,44.6213],[-107.7559,44.6249],[-107.7709,44.6286],[-107.786,44.6322],[-107.801,44.6358],[-107.8003,44.7219]]]},"properties":{"OBJECTID":292,"state":"Wyoming","agency":"Wyoming Game and Fish Department","unit_type":"DHA","unit_id":"51","unit_name":"Beaver Creek","unit_label":"Wyoming DHA 51 - Beaver Creek","aliases":"2026 | 51 | 51 beaver creek | beaver creek | dha | dha 51 | dha 51 beaver creek | wyoming | wyoming 51 | wyoming 51 beaver creek | wyoming dha 51 | wyoming dha 51 beaver creek | wyoming game and fish department | wyoming game and fish department 51","year":"2026","Shape_Length":105646.33117639144,"Shape_Area":446030309.7291026}},{"type":"Feature","id":293,"geometry":{"type":"Polygon","coordinates":[[[-109.7759,44.6093],[-109.7868,44.6171],[-109.7977,44.6249],[-109.8087,44.6327],[-109.8196,44.6405],[-109.8306,44.6483],[-109.8415,44.656],[-109.8525,44.6638],[-109.8634,44.6716],[-109.8749,44.6629],[-109.8863,44.6542],[-109.8977,44.6455],[-109.9091,44.6368],[-109.9282,44.6331],[-109.9474,44.6294],[-109.9665,44.6258],[-109.9856,44.6221],[-110.0048,44.6184],[-110.0239,44.6147],[-110.043,44.611],[-110.0621,44.6074],[-110.0683,44.5932],[-110.0745,44.579],[-110.0988,44.5713],[-110.123,44.5636],[-110.1472,44.5559],[-110.1714,44.5481],[-110.1593,44.5295],[-110.1472,44.5108],[-110.1351,44.4922],[-110.123,44.4735],[-110.1078,44.4773],[-110.0926,44.4811],[-110.0774,44.4849],[-110.0622,44.4887],[-110.047,44.4925],[-110.0318,44.4963],[-110.0166,44.5001],[-110.0014,44.5039],[-110.0011,44.4612],[-110.0195,44.4456],[-110.0378,44.43],[-110.0561,44.4143],[-110.0744,44.3987],[-110.07,44.3413],[-110.0529,44.337],[-110.0357,44.3327],[-110.0186,44.3284],[-110.0015,44.324],[-109.9838,44.3161],[-109.9662,44.3081],[-109.9486,44.3001],[-109.9309,44.2921],[-109.9133,44.2842],[-109.8957,44.2762],[-109.878,44.2682],[-109.8604,44.2602],[-109.8487,44.278],[-109.8369,44.2957],[-109.8252,44.3135],[-109.8134,44.3313],[-109.8028,44.3395],[-109.7921,44.3477],[-109.7815,44.3559],[-109.7709,44.3642],[-109.7602,44.3724],[-109.7496,44.3806],[-109.7389,44.3888],[-109.7283,44.3971],[-109.7176,44.4053],[-109.7069,44.4135],[-109.6963,44.4217],[-109.6856,44.4299],[-109.6749,44.4382],[-109.6643,44.4464],[-109.6536,44.4546],[-109.6429,44.4628],[-109.6512,44.472],[-109.6595,44.4811],[-109.6678,44.4903],[-109.6761,44.4994],[-109.6844,44.5086],[-109.6927,44.5177],[-109.701,44.5269],[-109.7093,44.5361],[-109.7176,44.5452],[-109.7259,44.5544],[-109.7343,44.5635],[-109.7426,44.5727],[-109.7509,44.5818],[-109.7592,44.591],[-109.7675,44.6001],[-109.7759,44.6093]]]},"properties":{"OBJECTID":293,"state":"Wyoming","agency":"Wyoming Game and Fish Department","unit_type":"DHA","unit_id":"110","unit_name":"Grinnell","unit_label":"Wyoming DHA 110 - Grinnell","aliases":"110 | 110 grinnell | 2026 | dha | dha 110 | dha 110 grinnell | grinnell | wyoming | wyoming 110 | wyoming 110 grinnell | wyoming dha 110 | wyoming dha 110 grinnell | wyoming game and fish department | wyoming game and fish department 110","year":"2026","Shape_Length":146222.25156825662,"Shape_Area":1011131506.092782}},{"type":"Feature","id":294,"geometry":{"type":"Polygon","coordinates":[[[-109.2497,44.5486],[-109.2652,44.5625],[-109.2806,44.5764],[-109.2961,44.5903],[-109.3116,44.6042],[-109.3272,44.6181],[-109.3427,44.632],[-109.3582,44.6458],[-109.3737,44.6597],[-109.3977,44.6521],[-109.4216,44.6445],[-109.4455,44.6368],[-109.4694,44.6292],[-109.4906,44.617],[-109.5118,44.6048],[-109.533,44.5927],[-109.5542,44.5805],[-109.5784,44.5905],[-109.6026,44.6005],[-109.6268,44.6104],[-109.651,44.6204],[-109.6666,44.619],[-109.6822,44.6176],[-109.6978,44.6162],[-109.7134,44.6149],[-109.729,44.6135],[-109.7446,44.6121],[-109.7602,44.6107],[-109.7759,44.6093],[-109.7675,44.6001],[-109.7592,44.591],[-109.7509,44.5818],[-109.7426,44.5727],[-109.7343,44.5635],[-109.7259,44.5544],[-109.7176,44.5452],[-109.7093,44.5361],[-109.701,44.5269],[-109.6927,44.5177],[-109.6844,44.5086],[-109.6761,44.4994],[-109.6678,44.4903],[-109.6595,44.4811],[-109.6512,44.472],[-109.6429,44.4628],[-109.6536,44.4546],[-109.6643,44.4464],[-109.6749,44.4382],[-109.6856,44.4299],[-109.6963,44.4217],[-109.7069,44.4135],[-109.7176,44.4053],[-109.7283,44.3971],[-109.7389,44.3888],[-109.7496,44.3806],[-109.7602,44.3724],[-109.7709,44.3642],[-109.7815,44.3559],[-109.7921,44.3477],[-109.8028,44.3395],[-109.8134,44.3313],[-109.8252,44.3135],[-109.8369,44.2957],[-109.8487,44.278],[-109.8604,44.2602],[-109.8485,44.2523],[-109.8367,44.2444],[-109.8248,44.2365],[-109.813,44.2286],[-109.7938,44.2325],[-109.7746,44.2364],[-109.7554,44.2402],[-109.7362,44.2441],[-109.7191,44.2551],[-109.7019,44.266],[-109.6847,44.277],[-109.6675,44.2879],[-109.6503,44.2988],[-109.6331,44.3098],[-109.6159,44.3207],[-109.5986,44.3316],[-109.6042,44.3533],[-109.5826,44.361],[-109.5611,44.3687],[-109.5395,44.3765],[-109.5179,44.3842],[-109.5019,44.3857],[-109.486,44.3872],[-109.47,44.3886],[-109.454,44.3901],[-109.4381,44.3916],[-109.4221,44.3931],[-109.4061,44.3945],[-109.3902,44.396],[-109.3784,44.4069],[-109.3665,44.4179],[-109.3547,44.4288],[-109.3429,44.4397],[-109.3247,44.4416],[-109.3065,44.4434],[-109.2883,44.4453],[-109.2702,44.4471],[-109.2532,44.4585],[-109.2362,44.4699],[-109.2192,44.4812],[-109.2022,44.4926],[-109.1872,44.4975],[-109.1721,44.5023],[-109.1571,44.5072],[-109.1421,44.512],[-109.1555,44.5166],[-109.169,44.5212],[-109.1824,44.5258],[-109.1959,44.5303],[-109.2093,44.5349],[-109.2228,44.5395],[-109.2362,44.5441],[-109.2497,44.5486]]]},"properties":{"OBJECTID":294,"state":"Wyoming","agency":"Wyoming Game and Fish Department","unit_type":"DHA","unit_id":"111","unit_name":"Elk Fork","unit_label":"Wyoming DHA 111 - Elk Fork","aliases":"111 | 111 elk fork | 2026 | dha | dha 111 | dha 111 elk fork | elk fork | wyoming | wyoming 111 | wyoming 111 elk fork | wyoming dha 111 | wyoming dha 111 elk fork | wyoming game and fish department | wyoming game and fish department 111","year":"2026","Shape_Length":180328.131962975,"Shape_Area":1122614857.4199293}},{"type":"Feature","id":295,"geometry":{"type":"Polygon","coordinates":[[[-107.3839,44.5949],[-107.3989,44.6006],[-107.4139,44.6063],[-107.4289,44.612],[-107.444,44.6177],[-107.459,44.6234],[-107.474,44.6291],[-107.4891,44.6348],[-107.5041,44.6405],[-107.5119,44.6225],[-107.5197,44.6044],[-107.5275,44.5864],[-107.5353,44.5684],[-107.5294,44.5553],[-107.5235,44.5423],[-107.5176,44.5293],[-107.5117,44.5163],[-107.4832,44.5109],[-107.4548,44.5056],[-107.4578,44.4233],[-107.4608,44.341],[-107.4406,44.3347],[-107.4204,44.3284],[-107.4116,44.31],[-107.4029,44.2915],[-107.3942,44.273],[-107.3855,44.2545],[-107.3705,44.2472],[-107.3555,44.2398],[-107.3406,44.2324],[-107.3256,44.225],[-107.3186,44.212],[-107.3117,44.1989],[-107.3047,44.1858],[-107.2977,44.1727],[-107.2908,44.1597],[-107.2838,44.1466],[-107.2768,44.1335],[-107.2699,44.1205],[-107.2849,44.1096],[-107.2999,44.0987],[-107.315,44.0878],[-107.33,44.0769],[-107.3143,44.0855],[-107.2986,44.094],[-107.2828,44.1026],[-107.2671,44.1112],[-107.2601,44.1282],[-107.2532,44.1452],[-107.2462,44.1622],[-107.2392,44.1792],[-107.2115,44.1746],[-107.1838,44.17],[-107.1561,44.1654],[-107.1284,44.1608],[-107.1129,44.1605],[-107.0973,44.1601],[-107.0817,44.1598],[-107.0662,44.1595],[-107.0621,44.2081],[-107.0752,44.2224],[-107.0884,44.2367],[-107.1016,44.251],[-107.1147,44.2653],[-107.1088,44.2825],[-107.1028,44.2997],[-107.1245,44.3117],[-107.1462,44.3237],[-107.1679,44.3357],[-107.1896,44.3477],[-107.1774,44.3607],[-107.1651,44.3738],[-107.1744,44.3918],[-107.1837,44.4099],[-107.193,44.4279],[-107.2023,44.4459],[-107.2265,44.449],[-107.2508,44.4521],[-107.275,44.4552],[-107.2993,44.4582],[-107.2944,44.5009],[-107.3135,44.5152],[-107.3328,44.5295],[-107.352,44.5438],[-107.3712,44.5581],[-107.3775,44.5765],[-107.3839,44.5949]]]},"properties":{"OBJECTID":295,"state":"Wyoming","agency":"Wyoming Game and Fish Department","unit_type":"DHA","unit_id":"46","unit_name":"Cloud Peak","unit_label":"Wyoming DHA 46 - Cloud Peak","aliases":"2026 | 46 | 46 cloud peak | cloud peak | dha | dha 46 | dha 46 cloud peak | wyoming | wyoming 46 | wyoming 46 cloud peak | wyoming dha 46 | wyoming dha 46 cloud peak | wyoming game and fish department | wyoming game and fish department 46","year":"2026","Shape_Length":177274.26438389733,"Shape_Area":935318526.5136074}},{"type":"Feature","id":296,"geometry":{"type":"Polygon","coordinates":[[[-104.9145,44.5843],[-104.9392,44.5827],[-104.9638,44.581],[-104.963,44.4631],[-104.9621,44.3452],[-104.9696,44.329],[-104.9771,44.3129],[-104.9846,44.2967],[-104.9921,44.2805],[-104.9764,44.2753],[-104.9674,44.2725],[-104.9405,44.2654],[-104.9212,44.2672],[-104.9019,44.2689],[-104.8827,44.2706],[-104.8634,44.2723],[-104.8441,44.2741],[-104.8249,44.2758],[-104.8056,44.2775],[-104.7863,44.2792],[-104.767,44.2809],[-104.7478,44.2826],[-104.7285,44.2843],[-104.7092,44.286],[-104.6899,44.2877],[-104.6706,44.2894],[-104.6513,44.2911],[-104.6321,44.2928],[-104.6129,44.3028],[-104.5937,44.3127],[-104.5744,44.3226],[-104.5552,44.3325],[-104.5338,44.3262],[-104.5124,44.3199],[-104.4983,44.3289],[-104.4842,44.3378],[-104.4701,44.3468],[-104.456,44.3558],[-104.4419,44.3648],[-104.4278,44.3738],[-104.4137,44.3827],[-104.3996,44.3917],[-104.4216,44.3929],[-104.4436,44.3941],[-104.4657,44.3953],[-104.4877,44.3964],[-104.5098,44.3976],[-104.5318,44.3988],[-104.5539,44.4],[-104.5759,44.4011],[-104.5901,44.4138],[-104.6044,44.4265],[-104.6187,44.4391],[-104.6329,44.4518],[-104.6472,44.4645],[-104.6615,44.4771],[-104.6758,44.4898],[-104.6901,44.5025],[-104.7126,44.5005],[-104.7351,44.4985],[-104.7577,44.4964],[-104.7802,44.4944],[-104.8058,44.502],[-104.8313,44.5096],[-104.8569,44.5172],[-104.8825,44.5248],[-104.8905,44.5397],[-104.8985,44.5545],[-104.9065,44.5694],[-104.9145,44.5843]]]},"properties":{"OBJECTID":296,"state":"Wyoming","agency":"Wyoming Game and Fish Department","unit_type":"DHA","unit_id":"3","unit_name":"Keyhole","unit_label":"Wyoming DHA 3 - Keyhole","aliases":"2026 | 3 | 3 keyhole | dha | dha 3 | dha 3 keyhole | keyhole | wyoming | wyoming 3 | wyoming 3 keyhole | wyoming dha 3 | wyoming dha 3 keyhole | wyoming game and fish department | wyoming game and fish department 3","year":"2026","Shape_Length":141845.73170692698,"Shape_Area":843742524.9835353}},{"type":"Feature","id":297,"geometry":{"type":"Polygon","coordinates":[[[-106.8006,44.519],[-106.822,44.5325],[-106.8434,44.5459],[-106.8648,44.5593],[-106.8862,44.5727],[-106.9094,44.5653],[-106.9326,44.5578],[-106.9298,44.5217],[-106.927,44.4856],[-106.9241,44.4494],[-106.9213,44.4133],[-106.9112,44.4022],[-106.9011,44.3911],[-106.8911,44.38],[-106.881,44.3689],[-106.8709,44.3578],[-106.8608,44.3467],[-106.8508,44.3356],[-106.8407,44.3245],[-106.8405,44.1875],[-106.8228,44.1875],[-106.8052,44.1875],[-106.7875,44.1875],[-106.7699,44.1875],[-106.7522,44.1875],[-106.7346,44.1875],[-106.7169,44.1876],[-106.6992,44.1876],[-106.692,44.2118],[-106.6848,44.2361],[-106.6869,44.2711],[-106.689,44.3061],[-106.6911,44.341],[-106.6933,44.376],[-106.7068,44.3893],[-106.7203,44.4025],[-106.7339,44.4158],[-106.7474,44.429],[-106.761,44.4422],[-106.7745,44.4555],[-106.7881,44.4687],[-106.8016,44.482],[-106.8006,44.519]]]},"properties":{"OBJECTID":297,"state":"Wyoming","agency":"Wyoming Game and Fish Department","unit_type":"DHA","unit_id":"27","unit_name":"Buffalo","unit_label":"Wyoming DHA 27 - Buffalo","aliases":"2026 | 27 | 27 buffalo | buffalo | dha | dha 27 | dha 27 buffalo | wyoming | wyoming 27 | wyoming 27 buffalo | wyoming dha 27 | wyoming dha 27 buffalo | wyoming game and fish department | wyoming game and fish department 27","year":"2026","Shape_Length":107408.46622629816,"Shape_Area":502241127.56335825}},{"type":"Feature","id":298,"geometry":{"type":"Polygon","coordinates":[[[-106.9213,44.4133],[-106.9241,44.4494],[-106.927,44.4856],[-106.9298,44.5217],[-106.9326,44.5578],[-106.9508,44.5495],[-106.969,44.5411],[-106.9872,44.5327],[-107.0054,44.5243],[-107.0136,44.5098],[-107.0217,44.4952],[-107.0299,44.4807],[-107.0381,44.4661],[-107.0462,44.4516],[-107.0544,44.437],[-107.0625,44.4225],[-107.0707,44.4079],[-107.0943,44.3994],[-107.1179,44.3909],[-107.1415,44.3823],[-107.1651,44.3738],[-107.1774,44.3607],[-107.1896,44.3477],[-107.1679,44.3357],[-107.1462,44.3237],[-107.1245,44.3117],[-107.1028,44.2997],[-107.1088,44.2825],[-107.1147,44.2653],[-107.1016,44.251],[-107.0884,44.2367],[-107.0752,44.2224],[-107.0621,44.2081],[-107.0662,44.1595],[-107.0817,44.1598],[-107.0973,44.1601],[-107.1129,44.1605],[-107.1284,44.1608],[-107.1257,44.1201],[-107.123,44.0795],[-107.0962,44.0794],[-107.0694,44.0792],[-107.0681,44.0337],[-107.0382,44.0303],[-107.0083,44.0268],[-106.9785,44.0234],[-106.9486,44.0199],[-106.959,44.0346],[-106.9694,44.0493],[-106.9798,44.064],[-106.9902,44.0788],[-106.9852,44.0933],[-106.9803,44.1078],[-106.9753,44.1223],[-106.9704,44.1368],[-106.9498,44.1294],[-106.9291,44.122],[-106.9085,44.1145],[-106.8879,44.1071],[-106.8883,44.165],[-106.8644,44.1762],[-106.8405,44.1875],[-106.8407,44.3245],[-106.8508,44.3356],[-106.8608,44.3467],[-106.8709,44.3578],[-106.881,44.3689],[-106.8911,44.38],[-106.9011,44.3911],[-106.9112,44.4022],[-106.9213,44.4133]]]},"properties":{"OBJECTID":298,"state":"Wyoming","agency":"Wyoming Game and Fish Department","unit_type":"DHA","unit_id":"28","unit_name":"Hunter Mesa","unit_label":"Wyoming DHA 28 - Hunter Mesa","aliases":"2026 | 28 | 28 hunter mesa | dha | dha 28 | dha 28 hunter mesa | hunter mesa | wyoming | wyoming 28 | wyoming 28 hunter mesa | wyoming dha 28 | wyoming dha 28 hunter mesa | wyoming game and fish department | wyoming game and fish department 28","year":"2026","Shape_Length":167139.90708720518,"Shape_Area":866416456.7373275}},{"type":"Feature","id":299,"geometry":{"type":"Polygon","coordinates":[[[-104.0563,44.5425],[-104.0757,44.5399],[-104.0952,44.5372],[-104.1146,44.5346],[-104.134,44.532],[-104.1535,44.5293],[-104.1729,44.5267],[-104.1923,44.524],[-104.2117,44.5214],[-104.2213,44.5114],[-104.2308,44.5014],[-104.2403,44.4915],[-104.2499,44.4815],[-104.2594,44.4715],[-104.2689,44.4615],[-104.2784,44.4516],[-104.2879,44.4416],[-104.3075,44.4316],[-104.3271,44.4216],[-104.3466,44.4116],[-104.3662,44.4016],[-104.3533,44.3865],[-104.3404,44.3714],[-104.3275,44.3563],[-104.3147,44.3412],[-104.3125,44.2685],[-104.2983,44.2498],[-104.2841,44.2312],[-104.27,44.2126],[-104.2558,44.194],[-104.2416,44.1754],[-104.2275,44.1567],[-104.2134,44.1381],[-104.1992,44.1195],[-104.1835,44.1097],[-104.1678,44.1],[-104.1521,44.0902],[-104.1364,44.0805],[-104.1309,44.1074],[-104.1253,44.1344],[-104.1078,44.1442],[-104.0903,44.154],[-104.0727,44.1638],[-104.0552,44.1736],[-104.055,44.2186],[-104.0552,44.233],[-104.0557,44.3877],[-104.0563,44.5425]]]},"properties":{"OBJECTID":299,"state":"Wyoming","agency":"Wyoming Game and Fish Department","unit_type":"DHA","unit_id":"4","unit_name":"Sand Creek","unit_label":"Wyoming DHA 4 - Sand Creek","aliases":"2026 | 4 | 4 sand creek | dha | dha 4 | dha 4 sand creek | sand creek | wyoming | wyoming 4 | wyoming 4 sand creek | wyoming dha 4 | wyoming dha 4 sand creek | wyoming game and fish department | wyoming game and fish department 4","year":"2026","Shape_Length":126751.33317945134,"Shape_Area":822078487.4503789}},{"type":"Feature","id":300,"geometry":{"type":"Polygon","coordinates":[[[-109.0259,44.511],[-109.0442,44.5229],[-109.0625,44.5347],[-109.0824,44.529],[-109.1023,44.5234],[-109.1222,44.5177],[-109.1421,44.512],[-109.1571,44.5072],[-109.1721,44.5023],[-109.1872,44.4975],[-109.2022,44.4926],[-109.2108,44.472],[-109.2193,44.4515],[-109.2307,44.4434],[-109.2422,44.4353],[-109.2536,44.4272],[-109.265,44.4191],[-109.2764,44.411],[-109.2877,44.4029],[-109.2991,44.3948],[-109.3105,44.3867],[-109.3219,44.3786],[-109.3333,44.3705],[-109.3447,44.3624],[-109.3561,44.3543],[-109.3674,44.3462],[-109.3788,44.3381],[-109.3902,44.33],[-109.4015,44.3219],[-109.4223,44.3144],[-109.443,44.3068],[-109.4638,44.2993],[-109.4845,44.2917],[-109.4931,44.2764],[-109.5017,44.2612],[-109.5103,44.2459],[-109.5189,44.2306],[-109.5308,44.2208],[-109.5426,44.2111],[-109.5545,44.2013],[-109.5663,44.1916],[-109.5782,44.1818],[-109.59,44.1721],[-109.6019,44.1623],[-109.6137,44.1525],[-109.6224,44.1318],[-109.6312,44.1111],[-109.6399,44.0903],[-109.6486,44.0696],[-109.624,44.0653],[-109.5994,44.061],[-109.5748,44.0567],[-109.5502,44.0523],[-109.5328,44.0675],[-109.5153,44.0827],[-109.4979,44.0979],[-109.4804,44.113],[-109.4722,44.1303],[-109.464,44.1476],[-109.4557,44.1648],[-109.4475,44.1821],[-109.4351,44.1906],[-109.4228,44.1992],[-109.4105,44.2078],[-109.3982,44.2163],[-109.3737,44.2219],[-109.3493,44.2275],[-109.3249,44.2331],[-109.3004,44.2386],[-109.2999,44.2571],[-109.2837,44.266],[-109.2676,44.2749],[-109.2514,44.2839],[-109.2352,44.2928],[-109.2209,44.2888],[-109.2066,44.2849],[-109.1923,44.2809],[-109.1781,44.2769],[-109.1585,44.2739],[-109.1389,44.2708],[-109.1193,44.2677],[-109.0997,44.2647],[-109.0802,44.2616],[-109.0606,44.2585],[-109.041,44.2555],[-109.0215,44.2524],[-109.003,44.2547],[-108.9846,44.2571],[-108.9661,44.2594],[-108.9476,44.2618],[-108.9292,44.2641],[-108.9107,44.2665],[-108.8923,44.2688],[-108.8738,44.2711],[-108.8901,44.2818],[-108.9064,44.2925],[-108.9228,44.3031],[-108.9391,44.3138],[-108.9473,44.3252],[-108.9556,44.3367],[-108.9638,44.3481],[-108.9721,44.3596],[-108.9803,44.3711],[-108.9886,44.3825],[-108.9968,44.394],[-109.0051,44.4054],[-109.0103,44.4318],[-109.0155,44.4582],[-109.0207,44.4846],[-109.0259,44.511]]]},"properties":{"OBJECTID":300,"state":"Wyoming","agency":"Wyoming Game and Fish Department","unit_type":"DHA","unit_id":"113","unit_name":"Boulder","unit_label":"Wyoming DHA 113 - Boulder","aliases":"113 | 113 boulder | 2026 | boulder | dha | dha 113 | dha 113 boulder | wyoming | wyoming 113 | wyoming 113 boulder | wyoming dha 113 | wyoming dha 113 boulder | wyoming game and fish department | wyoming game and fish department 113","year":"2026","Shape_Length":184296.23703924628,"Shape_Area":1023104375.492858}},{"type":"Feature","id":301,"geometry":{"type":"Polygon","coordinates":[[[-107.5353,44.5684],[-107.5506,44.5709],[-107.566,44.5735],[-107.5813,44.576],[-107.5967,44.5786],[-107.6121,44.5811],[-107.6274,44.5837],[-107.6428,44.5862],[-107.6582,44.5888],[-107.6798,44.5813],[-107.7015,44.5739],[-107.7246,44.5622],[-107.7476,44.5505],[-107.7707,44.5389],[-107.7937,44.5272],[-107.8132,44.5262],[-107.8328,44.5253],[-107.8523,44.5243],[-107.8718,44.5233],[-107.8913,44.5223],[-107.9108,44.5213],[-107.9303,44.5203],[-107.9498,44.5193],[-107.9741,44.5117],[-107.9984,44.5041],[-108.0227,44.4965],[-108.047,44.4889],[-108.0483,44.41],[-108.0497,44.331],[-108.0407,44.303],[-108.0318,44.2749],[-108.0138,44.2749],[-107.9957,44.2749],[-107.9777,44.2749],[-107.9596,44.2749],[-107.9416,44.2749],[-107.9236,44.2749],[-107.9055,44.2749],[-107.8875,44.2749],[-107.8672,44.2668],[-107.8469,44.2587],[-107.8266,44.2506],[-107.8063,44.2425],[-107.786,44.2344],[-107.7657,44.2263],[-107.7455,44.2182],[-107.7252,44.2101],[-107.7073,44.2211],[-107.6894,44.2321],[-107.6715,44.2431],[-107.6536,44.2541],[-107.6366,44.2575],[-107.6196,44.2609],[-107.6025,44.2644],[-107.5855,44.2678],[-107.5684,44.2712],[-107.5514,44.2746],[-107.5343,44.278],[-107.5173,44.2815],[-107.5169,44.315],[-107.4928,44.3184],[-107.4686,44.3217],[-107.4445,44.3251],[-107.4204,44.3284],[-107.4406,44.3347],[-107.4608,44.341],[-107.4578,44.4233],[-107.4548,44.5056],[-107.4832,44.5109],[-107.5117,44.5163],[-107.5176,44.5293],[-107.5235,44.5423],[-107.5294,44.5553],[-107.5353,44.5684]]]},"properties":{"OBJECTID":301,"state":"Wyoming","agency":"Wyoming Game and Fish Department","unit_type":"DHA","unit_id":"47","unit_name":"Webber Canyon","unit_label":"Wyoming DHA 47 - Webber Canyon","aliases":"2026 | 47 | 47 webber canyon | dha | dha 47 | dha 47 webber canyon | webber canyon | wyoming | wyoming 47 | wyoming 47 webber canyon | wyoming dha 47 | wyoming dha 47 webber canyon | wyoming game and fish department | wyoming game and fish department 47","year":"2026","Shape_Length":156873.3583882012,"Shape_Area":1442459453.8712275}},{"type":"Feature","id":302,"geometry":{"type":"Polygon","coordinates":[[[-108.9561,44.5117],[-108.9736,44.5115],[-108.991,44.5114],[-109.0085,44.5112],[-109.0259,44.511],[-109.0207,44.4846],[-109.0155,44.4582],[-109.0103,44.4318],[-109.0051,44.4054],[-108.9968,44.394],[-108.9886,44.3825],[-108.9803,44.3711],[-108.9721,44.3596],[-108.9638,44.3481],[-108.9556,44.3367],[-108.9473,44.3252],[-108.9391,44.3138],[-108.9228,44.3031],[-108.9064,44.2925],[-108.8901,44.2818],[-108.8738,44.2711],[-108.8631,44.2592],[-108.8524,44.2473],[-108.8417,44.2353],[-108.831,44.2234],[-108.8417,44.2075],[-108.8524,44.1916],[-108.8632,44.1757],[-108.8739,44.1598],[-108.852,44.1468],[-108.8301,44.1338],[-108.8309,44.1608],[-108.8186,44.1706],[-108.8063,44.1805],[-108.794,44.1904],[-108.7817,44.2002],[-108.7694,44.2101],[-108.7571,44.22],[-108.7448,44.2298],[-108.7325,44.2397],[-108.7188,44.2449],[-108.7051,44.2502],[-108.6913,44.2554],[-108.6776,44.2606],[-108.6639,44.2658],[-108.6501,44.2711],[-108.6364,44.2763],[-108.6227,44.2815],[-108.6051,44.2829],[-108.5874,44.2842],[-108.5698,44.2856],[-108.5522,44.2869],[-108.5638,44.3018],[-108.5753,44.3166],[-108.5742,44.3891],[-108.5731,44.4617],[-108.5887,44.4627],[-108.6043,44.4637],[-108.6199,44.4647],[-108.6355,44.4658],[-108.6511,44.4668],[-108.6667,44.4678],[-108.6823,44.4689],[-108.6979,44.4699],[-108.7135,44.4709],[-108.7291,44.4719],[-108.7447,44.4729],[-108.7603,44.4739],[-108.7759,44.475],[-108.7915,44.476],[-108.8071,44.477],[-108.8227,44.478],[-108.8394,44.4822],[-108.8561,44.4864],[-108.8727,44.4906],[-108.8894,44.4949],[-108.9061,44.4991],[-108.9228,44.5033],[-108.9394,44.5075],[-108.9561,44.5117]]]},"properties":{"OBJECTID":302,"state":"Wyoming","agency":"Wyoming Game and Fish Department","unit_type":"DHA","unit_id":"165","unit_name":"YU Bench","unit_label":"Wyoming DHA 165 - YU Bench","aliases":"165 | 165 yu bench | 2026 | dha | dha 165 | dha 165 yu bench | wyoming | wyoming 165 | wyoming 165 yu bench | wyoming dha 165 | wyoming dha 165 yu bench | wyoming game and fish department | wyoming game and fish department 165 | yu bench","year":"2026","Shape_Length":136072.30659671663,"Shape_Area":847594486.4979714}},{"type":"Feature","id":303,"geometry":{"type":"Polygon","coordinates":[[[-109.4015,44.3219],[-109.3902,44.33],[-109.3788,44.3381],[-109.3674,44.3462],[-109.3561,44.3543],[-109.3447,44.3624],[-109.3333,44.3705],[-109.3219,44.3786],[-109.3105,44.3867],[-109.2991,44.3948],[-109.2877,44.4029],[-109.2764,44.411],[-109.265,44.4191],[-109.2536,44.4272],[-109.2422,44.4353],[-109.2307,44.4434],[-109.2193,44.4515],[-109.2108,44.472],[-109.2022,44.4926],[-109.2192,44.4812],[-109.2362,44.4699],[-109.2532,44.4585],[-109.2702,44.4471],[-109.2883,44.4453],[-109.3065,44.4434],[-109.3247,44.4416],[-109.3429,44.4397],[-109.3547,44.4288],[-109.3665,44.4179],[-109.3784,44.4069],[-109.3902,44.396],[-109.4061,44.3945],[-109.4221,44.3931],[-109.4381,44.3916],[-109.454,44.3901],[-109.47,44.3886],[-109.486,44.3872],[-109.5019,44.3857],[-109.5179,44.3842],[-109.5395,44.3765],[-109.5611,44.3687],[-109.5826,44.361],[-109.6042,44.3533],[-109.5986,44.3316],[-109.6159,44.3207],[-109.6331,44.3098],[-109.6503,44.2988],[-109.6675,44.2879],[-109.6847,44.277],[-109.7019,44.266],[-109.7191,44.2551],[-109.7362,44.2441],[-109.7554,44.2402],[-109.7746,44.2364],[-109.7938,44.2325],[-109.813,44.2286],[-109.7966,44.2202],[-109.7802,44.2119],[-109.7729,44.1934],[-109.7656,44.175],[-109.7584,44.1565],[-109.7511,44.1381],[-109.7438,44.1196],[-109.7366,44.1012],[-109.7293,44.0827],[-109.7221,44.0643],[-109.7037,44.0656],[-109.6853,44.0669],[-109.667,44.0683],[-109.6486,44.0696],[-109.6399,44.0903],[-109.6312,44.1111],[-109.6224,44.1318],[-109.6137,44.1525],[-109.6019,44.1623],[-109.59,44.1721],[-109.5782,44.1818],[-109.5663,44.1916],[-109.5545,44.2013],[-109.5426,44.2111],[-109.5308,44.2208],[-109.5189,44.2306],[-109.5103,44.2459],[-109.5017,44.2612],[-109.4931,44.2764],[-109.4845,44.2917],[-109.4638,44.2993],[-109.443,44.3068],[-109.4223,44.3144],[-109.4015,44.3219]]]},"properties":{"OBJECTID":303,"state":"Wyoming","agency":"Wyoming Game and Fish Department","unit_type":"DHA","unit_id":"112","unit_name":"Ishawooa","unit_label":"Wyoming DHA 112 - Ishawooa","aliases":"112 | 112 ishawooa | 2026 | dha | dha 112 | dha 112 ishawooa | ishawooa | wyoming | wyoming 112 | wyoming 112 ishawooa | wyoming dha 112 | wyoming dha 112 ishawooa | wyoming game and fish department | wyoming game and fish department 112","year":"2026","Shape_Length":148119.70005468617,"Shape_Area":587641034.7064763}},{"type":"Feature","id":304,"geometry":{"type":"Polygon","coordinates":[[[-104.3147,44.3412],[-104.3275,44.3563],[-104.3404,44.3714],[-104.3533,44.3865],[-104.3662,44.4016],[-104.3829,44.3967],[-104.3996,44.3917],[-104.4137,44.3827],[-104.4278,44.3738],[-104.4419,44.3648],[-104.456,44.3558],[-104.4701,44.3468],[-104.4842,44.3378],[-104.4983,44.3289],[-104.5124,44.3199],[-104.5338,44.3262],[-104.5552,44.3325],[-104.5744,44.3226],[-104.5937,44.3127],[-104.6129,44.3028],[-104.6321,44.2928],[-104.6513,44.2911],[-104.6706,44.2894],[-104.6899,44.2877],[-104.7092,44.286],[-104.7285,44.2843],[-104.7478,44.2826],[-104.767,44.2809],[-104.7863,44.2792],[-104.8056,44.2775],[-104.8249,44.2758],[-104.8441,44.2741],[-104.8634,44.2723],[-104.8827,44.2706],[-104.9019,44.2689],[-104.9212,44.2672],[-104.9405,44.2654],[-104.9674,44.2725],[-104.9503,44.2643],[-104.9332,44.2561],[-104.9161,44.2479],[-104.899,44.2397],[-104.882,44.2315],[-104.8649,44.2232],[-104.8478,44.215],[-104.8308,44.2068],[-104.8137,44.1986],[-104.7966,44.1904],[-104.7796,44.1822],[-104.7625,44.174],[-104.7455,44.1657],[-104.7285,44.1575],[-104.7114,44.1493],[-104.6944,44.1411],[-104.6777,44.1307],[-104.6611,44.1203],[-104.6445,44.1098],[-104.6278,44.0994],[-104.614,44.116],[-104.6002,44.1325],[-104.5864,44.1491],[-104.5726,44.1656],[-104.5476,44.1654],[-104.5225,44.1651],[-104.4975,44.1649],[-104.4724,44.1646],[-104.4603,44.144],[-104.4483,44.1235],[-104.4327,44.1232],[-104.4172,44.123],[-104.4016,44.1228],[-104.386,44.1225],[-104.3705,44.1223],[-104.3549,44.122],[-104.3393,44.1218],[-104.3238,44.1215],[-104.3082,44.1213],[-104.2926,44.121],[-104.2771,44.1208],[-104.2615,44.1205],[-104.2459,44.1203],[-104.2304,44.12],[-104.2148,44.1198],[-104.1992,44.1195],[-104.2134,44.1381],[-104.2275,44.1567],[-104.2416,44.1754],[-104.2558,44.194],[-104.27,44.2126],[-104.2841,44.2312],[-104.2983,44.2498],[-104.3125,44.2685],[-104.3147,44.3412]]]},"properties":{"OBJECTID":304,"state":"Wyoming","agency":"Wyoming Game and Fish Department","unit_type":"DHA","unit_id":"5","unit_name":"Inyan Kara","unit_label":"Wyoming DHA 5 - Inyan Kara","aliases":"2026 | 5 | 5 inyan kara | dha | dha 5 | dha 5 inyan kara | inyan kara | wyoming | wyoming 5 | wyoming 5 inyan kara | wyoming dha 5 | wyoming dha 5 inyan kara | wyoming game and fish department | wyoming game and fish department 5","year":"2026","Shape_Length":162746.7760921368,"Shape_Area":927017292.3497834}},{"type":"Feature","id":305,"geometry":{"type":"Polygon","coordinates":[[[-106.4143,44.2473],[-106.4364,44.2526],[-106.4585,44.258],[-106.4806,44.2633],[-106.5027,44.2687],[-106.5248,44.274],[-106.5469,44.2794],[-106.569,44.2847],[-106.5911,44.29],[-106.6039,44.3008],[-106.6166,44.3115],[-106.6294,44.3223],[-106.6422,44.333],[-106.6549,44.3438],[-106.6677,44.3545],[-106.6805,44.3653],[-106.6933,44.376],[-106.6911,44.341],[-106.689,44.3061],[-106.6869,44.2711],[-106.6848,44.2361],[-106.679,44.2224],[-106.6732,44.2087],[-106.6673,44.1951],[-106.6615,44.1814],[-106.6557,44.1677],[-106.6498,44.154],[-106.644,44.1403],[-106.6382,44.1266],[-106.6397,44.0174],[-106.6412,43.9081],[-106.6349,43.8889],[-106.6286,43.8696],[-106.6223,43.8503],[-106.616,43.831],[-106.622,43.7888],[-106.6279,43.7466],[-106.6339,43.7044],[-106.6398,43.6622],[-106.623,43.6537],[-106.6063,43.6452],[-106.5895,43.6368],[-106.5727,43.6283],[-106.563,43.6207],[-106.5533,43.613],[-106.5436,43.6054],[-106.5339,43.5977],[-106.5185,43.6011],[-106.5031,43.6045],[-106.4876,43.6079],[-106.4722,43.6113],[-106.4568,43.6147],[-106.4414,43.6181],[-106.4259,43.6215],[-106.4105,43.6249],[-106.3833,43.6224],[-106.3562,43.6199],[-106.329,43.6174],[-106.3018,43.6149],[-106.2747,43.6124],[-106.2475,43.6099],[-106.2204,43.6074],[-106.1932,43.6048],[-106.2002,43.6242],[-106.2072,43.6436],[-106.2142,43.663],[-106.2211,43.6824],[-106.2158,43.7076],[-106.2105,43.7328],[-106.2051,43.7581],[-106.1998,43.7833],[-106.2054,43.7963],[-106.2111,43.8092],[-106.2168,43.8222],[-106.2224,43.8351],[-106.213,43.8486],[-106.2037,43.862],[-106.1943,43.8755],[-106.1848,43.8889],[-106.1754,43.9023],[-106.166,43.9158],[-106.1566,43.9292],[-106.1472,43.9426],[-106.1561,43.9566],[-106.1651,43.9706],[-106.174,43.9846],[-106.1829,43.9987],[-106.1774,44.0167],[-106.1719,44.0348],[-106.1663,44.0529],[-106.1608,44.071],[-106.1553,44.089],[-106.1497,44.1071],[-106.1442,44.1252],[-106.1386,44.1433],[-106.1456,44.1788],[-106.1526,44.2144],[-106.1798,44.2095],[-106.207,44.2047],[-106.2342,44.1998],[-106.2614,44.1949],[-106.2805,44.2014],[-106.2996,44.208],[-106.3187,44.2146],[-106.3378,44.2211],[-106.3569,44.2277],[-106.376,44.2342],[-106.3951,44.2408],[-106.4143,44.2473]]]},"properties":{"OBJECTID":305,"state":"Wyoming","agency":"Wyoming Game and Fish Department","unit_type":"DHA","unit_id":"29","unit_name":"Johnson","unit_label":"Wyoming DHA 29 - Johnson","aliases":"2026 | 29 | 29 johnson | dha | dha 29 | dha 29 johnson | johnson | wyoming | wyoming 29 | wyoming 29 johnson | wyoming dha 29 | wyoming dha 29 johnson | wyoming game and fish department | wyoming game and fish department 29","year":"2026","Shape_Length":240745.26815372906,"Shape_Area":2608012163.0752625}},{"type":"Feature","id":306,"geometry":{"type":"Polygon","coordinates":[[[-108.0497,44.331],[-108.0756,44.3391],[-108.1015,44.3471],[-108.1275,44.3552],[-108.1534,44.3632],[-108.1662,44.357],[-108.179,44.3507],[-108.1918,44.3445],[-108.2045,44.3382],[-108.2173,44.332],[-108.2301,44.3257],[-108.2429,44.3194],[-108.2557,44.3132],[-108.2853,44.311],[-108.3148,44.3089],[-108.3444,44.3068],[-108.374,44.3046],[-108.3894,44.3121],[-108.4048,44.3196],[-108.4201,44.3272],[-108.4355,44.3347],[-108.4501,44.3287],[-108.4647,44.3227],[-108.4793,44.3168],[-108.4939,44.3108],[-108.5085,44.3048],[-108.5231,44.2989],[-108.5376,44.2929],[-108.5522,44.2869],[-108.5698,44.2856],[-108.5874,44.2842],[-108.6051,44.2829],[-108.6227,44.2815],[-108.6364,44.2763],[-108.6501,44.2711],[-108.6639,44.2658],[-108.6776,44.2606],[-108.6913,44.2554],[-108.7051,44.2502],[-108.7188,44.2449],[-108.7325,44.2397],[-108.7448,44.2298],[-108.7571,44.22],[-108.7694,44.2101],[-108.7817,44.2002],[-108.794,44.1904],[-108.8063,44.1805],[-108.8186,44.1706],[-108.8309,44.1608],[-108.8301,44.1338],[-108.8111,44.1192],[-108.7921,44.1046],[-108.7731,44.09],[-108.7541,44.0754],[-108.7351,44.0608],[-108.7162,44.0462],[-108.6972,44.0316],[-108.6783,44.017],[-108.6648,44.0092],[-108.6514,44.0015],[-108.638,43.9937],[-108.6246,43.9859],[-108.6112,43.9781],[-108.5978,43.9704],[-108.5844,43.9626],[-108.571,43.9548],[-108.5709,43.9548],[-108.5504,43.9566],[-108.5299,43.9584],[-108.5093,43.9602],[-108.4888,43.962],[-108.4673,43.955],[-108.4459,43.9481],[-108.4244,43.9411],[-108.4029,43.9341],[-108.3895,43.9399],[-108.3761,43.9457],[-108.3626,43.9515],[-108.3492,43.9573],[-108.3279,43.9525],[-108.3067,43.9477],[-108.2855,43.9429],[-108.2642,43.9381],[-108.243,43.9332],[-108.2218,43.9284],[-108.2006,43.9236],[-108.1793,43.9188],[-108.167,43.9112],[-108.1546,43.9036],[-108.1423,43.8961],[-108.1299,43.8885],[-108.1167,43.8958],[-108.1034,43.9031],[-108.0902,43.9105],[-108.0769,43.9178],[-108.0636,43.9251],[-108.0504,43.9324],[-108.0371,43.9397],[-108.0238,43.947],[-108.0138,43.9618],[-108.0039,43.9765],[-107.9939,43.9913],[-107.9839,44.006],[-107.9786,44.0233],[-107.9733,44.0405],[-107.9681,44.0578],[-107.9628,44.0751],[-107.9575,44.0924],[-107.9523,44.1096],[-107.947,44.1269],[-107.9417,44.1442],[-107.9468,44.1633],[-107.9518,44.1825],[-107.9569,44.2016],[-107.962,44.2207],[-107.9794,44.2343],[-107.9969,44.2478],[-108.0143,44.2614],[-108.0318,44.2749],[-108.0407,44.303],[-108.0497,44.331]]]},"properties":{"OBJECTID":306,"state":"Wyoming","agency":"Wyoming Game and Fish Department","unit_type":"DHA","unit_id":"125","unit_name":"Fifteen Mile","unit_label":"Wyoming DHA 125 - Fifteen Mile","aliases":"125 | 125 fifteen mile | 2026 | dha | dha 125 | dha 125 fifteen mile | fifteen mile | wyoming | wyoming 125 | wyoming 125 fifteen mile | wyoming dha 125 | wyoming dha 125 fifteen mile | wyoming game and fish department | wyoming game and fish department","year":"2026","Shape_Length":199836.4866584056,"Shape_Area":2493127328.5571885}},{"type":"Feature","id":307,"geometry":{"type":"Polygon","coordinates":[[[-107.4204,44.3284],[-107.4445,44.3251],[-107.4686,44.3217],[-107.4928,44.3184],[-107.5169,44.315],[-107.5173,44.2815],[-107.5343,44.278],[-107.5514,44.2746],[-107.5684,44.2712],[-107.5855,44.2678],[-107.6025,44.2644],[-107.6196,44.2609],[-107.6366,44.2575],[-107.6536,44.2541],[-107.6715,44.2431],[-107.6894,44.2321],[-107.7073,44.2211],[-107.7252,44.2101],[-107.7455,44.2182],[-107.7657,44.2263],[-107.786,44.2344],[-107.8063,44.2425],[-107.8266,44.2506],[-107.8469,44.2587],[-107.8672,44.2668],[-107.8875,44.2749],[-107.9055,44.2749],[-107.9236,44.2749],[-107.9416,44.2749],[-107.9596,44.2749],[-107.9777,44.2749],[-107.9957,44.2749],[-108.0138,44.2749],[-108.0318,44.2749],[-108.0143,44.2614],[-107.9969,44.2478],[-107.9794,44.2343],[-107.962,44.2207],[-107.9569,44.2016],[-107.9518,44.1825],[-107.9468,44.1633],[-107.9417,44.1442],[-107.947,44.1269],[-107.9523,44.1096],[-107.9575,44.0924],[-107.9628,44.0751],[-107.9681,44.0578],[-107.9733,44.0405],[-107.9786,44.0233],[-107.9839,44.006],[-107.9603,44.0101],[-107.9367,44.0143],[-107.9131,44.0184],[-107.8895,44.0226],[-107.8658,44.0267],[-107.8422,44.0309],[-107.8186,44.035],[-107.795,44.0391],[-107.7736,44.0375],[-107.7521,44.0358],[-107.7307,44.0342],[-107.7092,44.0325],[-107.6878,44.0308],[-107.6664,44.0292],[-107.6449,44.0275],[-107.6235,44.0258],[-107.5958,44.0296],[-107.568,44.0334],[-107.5402,44.0371],[-107.5125,44.0408],[-107.4935,44.0336],[-107.4745,44.0263],[-107.4564,44.0327],[-107.4384,44.039],[-107.4203,44.0453],[-107.4023,44.0516],[-107.3842,44.0579],[-107.3661,44.0643],[-107.3481,44.0706],[-107.33,44.0769],[-107.315,44.0878],[-107.2999,44.0987],[-107.2849,44.1096],[-107.2699,44.1205],[-107.2768,44.1335],[-107.2838,44.1466],[-107.2908,44.1597],[-107.2977,44.1727],[-107.3047,44.1858],[-107.3117,44.1989],[-107.3186,44.212],[-107.3256,44.225],[-107.3406,44.2324],[-107.3555,44.2398],[-107.3705,44.2472],[-107.3855,44.2545],[-107.3942,44.273],[-107.4029,44.2915],[-107.4116,44.31],[-107.4204,44.3284]]]},"properties":{"OBJECTID":307,"state":"Wyoming","agency":"Wyoming Game and Fish Department","unit_type":"DHA","unit_id":"41","unit_name":"Lower Nowood","unit_label":"Wyoming DHA 41 - Lower Nowood","aliases":"2026 | 41 | 41 lower nowood | dha | dha 41 | dha 41 lower nowood | lower nowood | wyoming | wyoming 41 | wyoming 41 lower nowood | wyoming dha 41 | wyoming dha 41 lower nowood | wyoming game and fish department | wyoming game and fish department 41","year":"2026","Shape_Length":177709.37034713043,"Shape_Area":1346138213.2621949}},{"type":"Feature","id":308,"geometry":{"type":"Polygon","coordinates":[[[-109.8604,44.2602],[-109.878,44.2682],[-109.8957,44.2762],[-109.9133,44.2842],[-109.9309,44.2921],[-109.9486,44.3001],[-109.9662,44.3081],[-109.9838,44.3161],[-110.0015,44.324],[-110.0011,44.1328],[-110.0241,44.1328],[-110.047,44.1329],[-110.07,44.133],[-110.093,44.1331],[-110.1159,44.1331],[-110.1389,44.1332],[-110.1618,44.1333],[-110.1848,44.1333],[-110.193,44.1209],[-110.2012,44.1085],[-110.1916,44.0949],[-110.182,44.0813],[-110.1724,44.0677],[-110.1628,44.0542],[-110.1532,44.0406],[-110.1436,44.027],[-110.134,44.0134],[-110.1244,43.9998],[-110.1058,44.0022],[-110.0872,44.0046],[-110.0686,44.0069],[-110.0499,44.0093],[-110.0351,43.9943],[-110.0203,43.9794],[-110.0054,43.9644],[-109.9906,43.9494],[-109.9742,43.9505],[-109.9577,43.9516],[-109.9413,43.9527],[-109.9249,43.9537],[-109.9084,43.9548],[-109.892,43.9559],[-109.8756,43.957],[-109.8591,43.958],[-109.842,43.9713],[-109.8249,43.9846],[-109.8078,43.9979],[-109.7906,44.0112],[-109.7735,44.0244],[-109.7564,44.0377],[-109.7392,44.051],[-109.7221,44.0643],[-109.7293,44.0827],[-109.7366,44.1012],[-109.7438,44.1196],[-109.7511,44.1381],[-109.7584,44.1565],[-109.7656,44.175],[-109.7729,44.1934],[-109.7802,44.2119],[-109.7966,44.2202],[-109.813,44.2286],[-109.8248,44.2365],[-109.8367,44.2444],[-109.8485,44.2523],[-109.8604,44.2602]]]},"properties":{"OBJECTID":308,"state":"Wyoming","agency":"Wyoming Game and Fish Department","unit_type":"DHA","unit_id":"115","unit_name":"Thorofare","unit_label":"Wyoming DHA 115 - Thorofare","aliases":"115 | 115 thorofare | 2026 | dha | dha 115 | dha 115 thorofare | thorofare | wyoming | wyoming 115 | wyoming 115 thorofare | wyoming dha 115 | wyoming dha 115 thorofare | wyoming game and fish department | wyoming game and fish department 115","year":"2026","Shape_Length":132302.50951385574,"Shape_Area":851090649.3495095}},{"type":"Feature","id":309,"geometry":{"type":"Polygon","coordinates":[[[-105.1548,44.2934],[-105.1738,44.2935],[-105.1928,44.2936],[-105.2118,44.2938],[-105.2307,44.2939],[-105.2497,44.294],[-105.2687,44.2941],[-105.2877,44.2943],[-105.3066,44.2944],[-105.3256,44.2945],[-105.3446,44.2946],[-105.3636,44.2947],[-105.3825,44.2948],[-105.4015,44.2949],[-105.4205,44.295],[-105.4395,44.2951],[-105.4584,44.2952],[-105.4761,44.2874],[-105.4937,44.2795],[-105.4866,44.2683],[-105.4795,44.2571],[-105.4723,44.2459],[-105.4652,44.2347],[-105.4581,44.2235],[-105.451,44.2123],[-105.4439,44.2011],[-105.4367,44.1899],[-105.4436,44.1635],[-105.4505,44.137],[-105.4574,44.1106],[-105.4643,44.0841],[-105.4592,44.054],[-105.4541,44.0238],[-105.449,43.9937],[-105.4439,43.9635],[-105.448,43.939],[-105.452,43.9144],[-105.456,43.8899],[-105.46,43.8653],[-105.464,43.8408],[-105.468,43.8163],[-105.472,43.7917],[-105.476,43.7672],[-105.4739,43.7226],[-105.4572,43.7227],[-105.4406,43.7227],[-105.424,43.7228],[-105.4073,43.7229],[-105.3907,43.7229],[-105.374,43.723],[-105.3574,43.723],[-105.3407,43.7231],[-105.3212,43.7169],[-105.3017,43.7107],[-105.2822,43.7046],[-105.2627,43.6984],[-105.2432,43.6922],[-105.2237,43.686],[-105.2042,43.6798],[-105.1847,43.6736],[-105.1677,43.6724],[-105.1507,43.6711],[-105.1337,43.6699],[-105.1166,43.6686],[-105.0996,43.6674],[-105.0826,43.6661],[-105.0655,43.6648],[-105.0485,43.6636],[-105.0598,43.6838],[-105.071,43.7041],[-105.0823,43.7243],[-105.0936,43.7446],[-105.0728,43.7458],[-105.0521,43.747],[-105.0591,43.7643],[-105.0661,43.7816],[-105.0732,43.799],[-105.0802,43.8163],[-105.0872,43.8337],[-105.0943,43.851],[-105.1013,43.8683],[-105.1084,43.8857],[-105.088,43.8876],[-105.0676,43.8896],[-105.0472,43.8916],[-105.0268,43.8935],[-105.0174,43.9086],[-105.0081,43.9237],[-104.9987,43.9388],[-104.9893,43.9539],[-104.9974,43.9741],[-105.0056,43.9944],[-105.0138,44.0146],[-105.022,44.0349],[-105.0303,44.0552],[-105.0385,44.0754],[-105.0467,44.0957],[-105.0549,44.1159],[-105.0678,44.1265],[-105.0807,44.1371],[-105.0935,44.1476],[-105.1064,44.1582],[-105.0924,44.167],[-105.0785,44.1758],[-105.0645,44.1846],[-105.0505,44.1934],[-105.0365,44.2022],[-105.0225,44.2109],[-105.0085,44.2197],[-104.9945,44.2285],[-104.9855,44.2519],[-104.9764,44.2753],[-104.9921,44.2805],[-105.0124,44.2821],[-105.0328,44.2837],[-105.0531,44.2853],[-105.0734,44.2869],[-105.0938,44.2886],[-105.1141,44.2902],[-105.1345,44.2918],[-105.1548,44.2934]]]},"properties":{"OBJECTID":309,"state":"Wyoming","agency":"Wyoming Game and Fish Department","unit_type":"DHA","unit_id":"21","unit_name":"Thunder Basin","unit_label":"Wyoming DHA 21 - Thunder Basin","aliases":"2026 | 21 | 21 thunder basin | dha | dha 21 | dha 21 thunder basin | thunder basin | wyoming | wyoming 21 | wyoming 21 thunder basin | wyoming dha 21 | wyoming dha 21 thunder basin | wyoming game and fish department | wyoming game and fish department 21","year":"2026","Shape_Length":226275.3313361922,"Shape_Area":2207326486.2386236}},{"type":"Feature","id":310,"geometry":{"type":"Polygon","coordinates":[[[-105.5305,44.293],[-105.5591,44.2939],[-105.5878,44.2949],[-105.5979,44.285],[-105.608,44.2751],[-105.6181,44.2652],[-105.6282,44.2553],[-105.6542,44.25],[-105.6802,44.2448],[-105.7062,44.2395],[-105.7322,44.2343],[-105.7582,44.229],[-105.7842,44.2237],[-105.8102,44.2184],[-105.8362,44.2132],[-105.8501,44.2046],[-105.8641,44.196],[-105.8781,44.1874],[-105.892,44.1788],[-105.9084,44.1838],[-105.9249,44.1889],[-105.9413,44.1939],[-105.9577,44.199],[-105.9741,44.204],[-105.9905,44.2091],[-106.007,44.2141],[-106.0234,44.2192],[-106.0396,44.2186],[-106.0557,44.218],[-106.0719,44.2174],[-106.088,44.2168],[-106.1041,44.2162],[-106.1203,44.2156],[-106.1364,44.215],[-106.1526,44.2144],[-106.1456,44.1788],[-106.1386,44.1433],[-106.1442,44.1252],[-106.1497,44.1071],[-106.1553,44.089],[-106.1608,44.071],[-106.1663,44.0529],[-106.1719,44.0348],[-106.1774,44.0167],[-106.1829,43.9987],[-106.174,43.9846],[-106.1651,43.9706],[-106.1561,43.9566],[-106.1472,43.9426],[-106.1566,43.9292],[-106.166,43.9158],[-106.1754,43.9023],[-106.1848,43.8889],[-106.1943,43.8755],[-106.2037,43.862],[-106.213,43.8486],[-106.2224,43.8351],[-106.2168,43.8222],[-106.2111,43.8092],[-106.2054,43.7963],[-106.1998,43.7833],[-106.2051,43.7581],[-106.2105,43.7328],[-106.2158,43.7076],[-106.2211,43.6824],[-106.2142,43.663],[-106.2072,43.6436],[-106.2002,43.6242],[-106.1932,43.6048],[-106.177,43.5896],[-106.1608,43.5744],[-106.1446,43.5591],[-106.1283,43.5439],[-106.1137,43.5482],[-106.0991,43.5526],[-106.0844,43.5569],[-106.0698,43.5613],[-106.0485,43.5618],[-106.0273,43.5623],[-106.0061,43.5628],[-105.9849,43.5633],[-105.9636,43.5637],[-105.9424,43.5642],[-105.9212,43.5647],[-105.9,43.5652],[-105.8758,43.5765],[-105.8517,43.5877],[-105.8275,43.599],[-105.8033,43.6103],[-105.7843,43.6152],[-105.7653,43.6202],[-105.7463,43.6251],[-105.7273,43.6301],[-105.7083,43.6351],[-105.6893,43.64],[-105.6702,43.645],[-105.6512,43.6499],[-105.6438,43.6662],[-105.6363,43.6825],[-105.6163,43.6931],[-105.5963,43.7037],[-105.5762,43.7143],[-105.5562,43.7249],[-105.5362,43.7355],[-105.5161,43.746],[-105.496,43.7566],[-105.476,43.7672],[-105.472,43.7917],[-105.468,43.8163],[-105.464,43.8408],[-105.46,43.8653],[-105.456,43.8899],[-105.452,43.9144],[-105.448,43.939],[-105.4439,43.9635],[-105.449,43.9937],[-105.4541,44.0238],[-105.4592,44.054],[-105.4643,44.0841],[-105.4574,44.1106],[-105.4505,44.137],[-105.4436,44.1635],[-105.4367,44.1899],[-105.4439,44.2011],[-105.451,44.2123],[-105.4581,44.2235],[-105.4652,44.2347],[-105.4723,44.2459],[-105.4795,44.2571],[-105.4866,44.2683],[-105.4937,44.2795],[-105.5121,44.2863],[-105.5305,44.293]]]},"properties":{"OBJECTID":310,"state":"Wyoming","agency":"Wyoming Game and Fish Department","unit_type":"DHA","unit_id":"19","unit_name":"Pumpkin Buttes","unit_label":"Wyoming DHA 19 - Pumpkin Buttes","aliases":"19 | 19 pumpkin buttes | 2026 | dha | dha 19 | dha 19 pumpkin buttes | pumpkin buttes | wyoming | wyoming 19 | wyoming 19 pumpkin buttes | wyoming dha 19 | wyoming dha 19 pumpkin buttes | wyoming game and fish department | wyoming game and fish departmen","year":"2026","Shape_Length":257243.18268830358,"Shape_Area":3942249659.5528197}},{"type":"Feature","id":311,"geometry":{"type":"Polygon","coordinates":[[[-109.1781,44.2769],[-109.1923,44.2809],[-109.2066,44.2849],[-109.2209,44.2888],[-109.2352,44.2928],[-109.2514,44.2839],[-109.2676,44.2749],[-109.2837,44.266],[-109.2999,44.2571],[-109.3004,44.2386],[-109.3249,44.2331],[-109.3493,44.2275],[-109.3737,44.2219],[-109.3982,44.2163],[-109.4105,44.2078],[-109.4228,44.1992],[-109.4351,44.1906],[-109.4475,44.1821],[-109.4557,44.1648],[-109.464,44.1476],[-109.4722,44.1303],[-109.4804,44.113],[-109.4979,44.0979],[-109.5153,44.0827],[-109.5328,44.0675],[-109.5502,44.0523],[-109.5464,44.0066],[-109.5426,43.9609],[-109.5176,43.9533],[-109.4927,43.9456],[-109.4677,43.938],[-109.4428,43.9304],[-109.4334,43.9195],[-109.4239,43.9086],[-109.4145,43.8977],[-109.4051,43.8869],[-109.3957,43.876],[-109.3862,43.8651],[-109.3768,43.8542],[-109.3674,43.8433],[-109.3529,43.8344],[-109.3384,43.8255],[-109.3239,43.8165],[-109.3095,43.8076],[-109.295,43.7987],[-109.2805,43.7897],[-109.266,43.7808],[-109.2516,43.7719],[-109.2345,43.7728],[-109.2175,43.7738],[-109.2005,43.7747],[-109.1834,43.7757],[-109.1664,43.7766],[-109.1493,43.7776],[-109.1323,43.7785],[-109.1153,43.7795],[-109.1029,43.7928],[-109.0906,43.8061],[-109.0783,43.8194],[-109.0659,43.8328],[-109.0745,43.8538],[-109.0831,43.8749],[-109.0732,43.8886],[-109.0633,43.9024],[-109.0534,43.9161],[-109.0435,43.9299],[-109.0704,43.9378],[-109.0974,43.9458],[-109.0977,44.0334],[-109.1177,44.0351],[-109.1378,44.0368],[-109.1578,44.0385],[-109.1778,44.0402],[-109.1978,44.0419],[-109.2178,44.0436],[-109.2378,44.0453],[-109.2578,44.0471],[-109.2579,44.0771],[-109.2783,44.0771],[-109.2987,44.0771],[-109.3192,44.077],[-109.3396,44.077],[-109.3403,44.1494],[-109.319,44.1592],[-109.2978,44.1691],[-109.2981,44.2559],[-109.2681,44.2558],[-109.238,44.2557],[-109.208,44.2555],[-109.1779,44.2554],[-109.1781,44.2769]]]},"properties":{"OBJECTID":311,"state":"Wyoming","agency":"Wyoming Game and Fish Department","unit_type":"DHA","unit_id":"117","unit_name":"Franc's Peak","unit_label":"Wyoming DHA 117 - Franc's Peak","aliases":"117 | 117 franc s peak | 2026 | dha | dha 117 | dha 117 franc s peak | franc s peak | wyoming | wyoming 117 | wyoming 117 franc s peak | wyoming dha 117 | wyoming dha 117 franc s peak | wyoming game and fish department | wyoming game and fish department","year":"2026","Shape_Length":187385.619761626,"Shape_Area":1129008337.316684}},{"type":"Feature","id":312,"geometry":{"type":"Polygon","coordinates":[[[-109.0215,44.2524],[-109.041,44.2555],[-109.0606,44.2585],[-109.0802,44.2616],[-109.0997,44.2647],[-109.1193,44.2677],[-109.1389,44.2708],[-109.1585,44.2739],[-109.1781,44.2769],[-109.1779,44.2554],[-109.208,44.2555],[-109.238,44.2557],[-109.2681,44.2558],[-109.2981,44.2559],[-109.2978,44.1691],[-109.319,44.1592],[-109.3403,44.1494],[-109.3396,44.077],[-109.3192,44.077],[-109.2987,44.0771],[-109.2783,44.0771],[-109.2579,44.0771],[-109.2578,44.0471],[-109.2378,44.0453],[-109.2178,44.0436],[-109.1978,44.0419],[-109.1778,44.0402],[-109.1578,44.0385],[-109.1378,44.0368],[-109.1177,44.0351],[-109.0977,44.0334],[-109.0974,43.9458],[-109.0704,43.9378],[-109.0435,43.9299],[-109.0343,43.9497],[-109.0251,43.9694],[-109.0093,43.9788],[-108.9934,43.9882],[-108.9776,43.9976],[-108.9617,44.0069],[-108.9459,44.0163],[-108.93,44.0257],[-108.9141,44.035],[-108.8982,44.0444],[-108.8921,44.0621],[-108.8859,44.0799],[-108.8797,44.0976],[-108.8736,44.1153],[-108.8518,44.1246],[-108.8301,44.1338],[-108.852,44.1468],[-108.8739,44.1598],[-108.8632,44.1757],[-108.8524,44.1916],[-108.8417,44.2075],[-108.831,44.2234],[-108.8417,44.2353],[-108.8524,44.2473],[-108.8631,44.2592],[-108.8738,44.2711],[-108.8923,44.2688],[-108.9107,44.2665],[-108.9292,44.2641],[-108.9476,44.2618],[-108.9661,44.2594],[-108.9846,44.2571],[-109.003,44.2547],[-109.0215,44.2524]]]},"properties":{"OBJECTID":312,"state":"Wyoming","agency":"Wyoming Game and Fish Department","unit_type":"DHA","unit_id":"116","unit_name":"Meeteetse","unit_label":"Wyoming DHA 116 - Meeteetse","aliases":"116 | 116 meeteetse | 2026 | dha | dha 116 | dha 116 meeteetse | meeteetse | wyoming | wyoming 116 | wyoming 116 meeteetse | wyoming dha 116 | wyoming dha 116 meeteetse | wyoming game and fish department | wyoming game and fish department 116","year":"2026","Shape_Length":144343.17670591857,"Shape_Area":973464850.3406559}},{"type":"Feature","id":313,"geometry":{"type":"Polygon","coordinates":[[[-104.6944,44.1411],[-104.7114,44.1493],[-104.7285,44.1575],[-104.7455,44.1657],[-104.7625,44.174],[-104.7796,44.1822],[-104.7966,44.1904],[-104.8137,44.1986],[-104.8308,44.2068],[-104.8478,44.215],[-104.8649,44.2232],[-104.882,44.2315],[-104.899,44.2397],[-104.9161,44.2479],[-104.9332,44.2561],[-104.9503,44.2643],[-104.9674,44.2725],[-104.9764,44.2753],[-104.9855,44.2519],[-104.9945,44.2285],[-105.0085,44.2197],[-105.0225,44.2109],[-105.0365,44.2022],[-105.0505,44.1934],[-105.0645,44.1846],[-105.0785,44.1758],[-105.0924,44.167],[-105.1064,44.1582],[-105.0935,44.1476],[-105.0807,44.1371],[-105.0678,44.1265],[-105.0549,44.1159],[-105.0467,44.0957],[-105.0385,44.0754],[-105.0303,44.0552],[-105.022,44.0349],[-105.0138,44.0146],[-105.0056,43.9944],[-104.9974,43.9741],[-104.9893,43.9539],[-104.9987,43.9388],[-105.0081,43.9237],[-105.0174,43.9086],[-105.0268,43.8935],[-105.0472,43.8916],[-105.0676,43.8896],[-105.088,43.8876],[-105.1084,43.8857],[-105.1013,43.8683],[-105.0943,43.851],[-105.0872,43.8337],[-105.0802,43.8163],[-105.0732,43.799],[-105.0661,43.7816],[-105.0591,43.7643],[-105.0521,43.747],[-105.0728,43.7458],[-105.0936,43.7446],[-105.0823,43.7243],[-105.071,43.7041],[-105.0598,43.6838],[-105.0485,43.6636],[-105.0323,43.6634],[-105.0162,43.6632],[-105.0,43.6629],[-104.9838,43.6627],[-104.9677,43.6625],[-104.9515,43.6623],[-104.9353,43.6621],[-104.9191,43.6618],[-104.9022,43.6659],[-104.8852,43.6699],[-104.8682,43.6739],[-104.8512,43.6779],[-104.8342,43.6819],[-104.8172,43.6859],[-104.8002,43.6899],[-104.7832,43.6939],[-104.7909,43.7148],[-104.7986,43.7358],[-104.7961,43.8126],[-104.7935,43.8895],[-104.7825,43.9024],[-104.7715,43.9153],[-104.7605,43.9283],[-104.7495,43.9412],[-104.7526,44.0115],[-104.7448,44.0236],[-104.737,44.0357],[-104.7292,44.0478],[-104.7214,44.0599],[-104.6968,44.0692],[-104.6721,44.0785],[-104.6475,44.0877],[-104.6228,44.097],[-104.6278,44.0994],[-104.6445,44.1098],[-104.6611,44.1203],[-104.6777,44.1307],[-104.6944,44.1411]]]},"properties":{"OBJECTID":313,"state":"Wyoming","agency":"Wyoming Game and Fish Department","unit_type":"DHA","unit_id":"8","unit_name":"Upton-Four Horse","unit_label":"Wyoming DHA 8 - Upton-Four Horse","aliases":"2026 | 8 | 8 upton four horse | dha | dha 8 | dha 8 upton four horse | upton four horse | wyoming | wyoming 8 | wyoming 8 upton four horse | wyoming dha 8 | wyoming dha 8 upton four horse | wyoming game and fish department | wyoming game and fish departm","year":"2026","Shape_Length":193345.44294078252,"Shape_Area":1465419356.0565417}},{"type":"Feature","id":314,"geometry":{"type":"Polygon","coordinates":[[[-106.6382,44.1266],[-106.644,44.1403],[-106.6498,44.154],[-106.6557,44.1677],[-106.6615,44.1814],[-106.6673,44.1951],[-106.6732,44.2087],[-106.679,44.2224],[-106.6848,44.2361],[-106.692,44.2118],[-106.6992,44.1876],[-106.7169,44.1876],[-106.7346,44.1875],[-106.7522,44.1875],[-106.7699,44.1875],[-106.7875,44.1875],[-106.8052,44.1875],[-106.8228,44.1875],[-106.8405,44.1875],[-106.8644,44.1762],[-106.8883,44.165],[-106.8879,44.1071],[-106.9085,44.1145],[-106.9291,44.122],[-106.9498,44.1294],[-106.9704,44.1368],[-106.9753,44.1223],[-106.9803,44.1078],[-106.9852,44.0933],[-106.9902,44.0788],[-106.9798,44.064],[-106.9694,44.0493],[-106.959,44.0346],[-106.9486,44.0199],[-106.9785,44.0234],[-107.0083,44.0268],[-107.0382,44.0303],[-107.0681,44.0337],[-107.0694,44.0792],[-107.0962,44.0794],[-107.123,44.0795],[-107.1093,44.0628],[-107.0957,44.046],[-107.0821,44.0292],[-107.0685,44.0125],[-107.0624,43.9879],[-107.0563,43.9634],[-107.0502,43.9388],[-107.0441,43.9142],[-107.0246,43.9011],[-107.0052,43.8879],[-106.9857,43.8747],[-106.9663,43.8616],[-106.9494,43.8541],[-106.9325,43.8467],[-106.9156,43.8393],[-106.8987,43.8318],[-106.8726,43.8317],[-106.8465,43.8315],[-106.8204,43.8314],[-106.7943,43.8312],[-106.7876,43.8438],[-106.7808,43.8563],[-106.7741,43.8688],[-106.7674,43.8813],[-106.7516,43.8847],[-106.7358,43.888],[-106.7201,43.8914],[-106.7043,43.8947],[-106.6885,43.8981],[-106.6727,43.9014],[-106.657,43.9048],[-106.6412,43.9081],[-106.6397,44.0174],[-106.6382,44.1266]]]},"properties":{"OBJECTID":314,"state":"Wyoming","agency":"Wyoming Game and Fish Department","unit_type":"DHA","unit_id":"30","unit_name":"Upper Powder River","unit_label":"Wyoming DHA 30 - Upper Powder River","aliases":"2026 | 30 | 30 upper powder river | dha | dha 30 | dha 30 upper powder river | upper powder river | wyoming | wyoming 30 | wyoming 30 upper powder river | wyoming dha 30 | wyoming dha 30 upper powder river | wyoming game and fish department | wyoming gam","year":"2026","Shape_Length":164911.69476588874,"Shape_Area":1035392954.8105814}},{"type":"Feature","id":315,"geometry":{"type":"Polygon","coordinates":[[[-104.0561,43.7619],[-104.0556,43.9677],[-104.0552,44.1736],[-104.0727,44.1638],[-104.0903,44.154],[-104.1078,44.1442],[-104.1253,44.1344],[-104.1309,44.1074],[-104.1364,44.0805],[-104.1521,44.0902],[-104.1678,44.1],[-104.1835,44.1097],[-104.1992,44.1195],[-104.2148,44.1198],[-104.2304,44.12],[-104.2459,44.1203],[-104.2615,44.1205],[-104.2771,44.1208],[-104.2926,44.121],[-104.3082,44.1213],[-104.3238,44.1215],[-104.3393,44.1218],[-104.3549,44.122],[-104.3705,44.1223],[-104.386,44.1225],[-104.4016,44.1228],[-104.4172,44.123],[-104.4327,44.1232],[-104.4483,44.1235],[-104.4603,44.144],[-104.4724,44.1646],[-104.4975,44.1649],[-104.5225,44.1651],[-104.5476,44.1654],[-104.5726,44.1656],[-104.5864,44.1491],[-104.6002,44.1325],[-104.614,44.116],[-104.6278,44.0994],[-104.6228,44.097],[-104.6087,44.0861],[-104.5947,44.0753],[-104.5807,44.0644],[-104.5667,44.0536],[-104.5526,44.0427],[-104.5386,44.0318],[-104.5246,44.021],[-104.5106,44.0101],[-104.4864,44.0],[-104.4623,43.9899],[-104.4381,43.9798],[-104.4139,43.9697],[-104.3945,43.9554],[-104.375,43.9411],[-104.3556,43.9267],[-104.3361,43.9124],[-104.3167,43.8981],[-104.2973,43.8838],[-104.2778,43.8695],[-104.2584,43.8552],[-104.2384,43.8535],[-104.2185,43.8518],[-104.1985,43.8501],[-104.1785,43.8484],[-104.1572,43.8379],[-104.1358,43.8275],[-104.1145,43.8171],[-104.0932,43.8067],[-104.0839,43.7955],[-104.0746,43.7843],[-104.0653,43.7731],[-104.0561,43.7619]]]},"properties":{"OBJECTID":315,"state":"Wyoming","agency":"Wyoming Game and Fish Department","unit_type":"DHA","unit_id":"6","unit_name":"Skull Creek","unit_label":"Wyoming DHA 6 - Skull Creek","aliases":"2026 | 6 | 6 skull creek | dha | dha 6 | dha 6 skull creek | skull creek | wyoming | wyoming 6 | wyoming 6 skull creek | wyoming dha 6 | wyoming dha 6 skull creek | wyoming game and fish department | wyoming game and fish department 6","year":"2026","Shape_Length":168135.07873191035,"Shape_Area":1056461570.6864591}},{"type":"Feature","id":316,"geometry":{"type":"Polygon","coordinates":[[[-108.6783,44.017],[-108.6972,44.0316],[-108.7162,44.0462],[-108.7351,44.0608],[-108.7541,44.0754],[-108.7731,44.09],[-108.7921,44.1046],[-108.8111,44.1192],[-108.8301,44.1338],[-108.8518,44.1246],[-108.8736,44.1153],[-108.8797,44.0976],[-108.8859,44.0799],[-108.8921,44.0621],[-108.8982,44.0444],[-108.9141,44.035],[-108.93,44.0257],[-108.9459,44.0163],[-108.9617,44.0069],[-108.9776,43.9976],[-108.9934,43.9882],[-109.0093,43.9788],[-109.0251,43.9694],[-109.0343,43.9497],[-109.0435,43.9299],[-109.0534,43.9161],[-109.0633,43.9024],[-109.0732,43.8886],[-109.0831,43.8749],[-109.0745,43.8538],[-109.0659,43.8328],[-109.048,43.8452],[-109.0301,43.8576],[-109.0121,43.87],[-108.9942,43.8823],[-108.9727,43.8844],[-108.9513,43.8865],[-108.9298,43.8886],[-108.9084,43.8906],[-108.8869,43.8927],[-108.8655,43.8948],[-108.844,43.8968],[-108.8226,43.8989],[-108.8131,43.9072],[-108.8037,43.9155],[-108.7942,43.9237],[-108.7847,43.932],[-108.7752,43.9403],[-108.7657,43.9486],[-108.7563,43.9569],[-108.7468,43.9652],[-108.7248,43.9639],[-108.7028,43.9626],[-108.6808,43.9613],[-108.6589,43.96],[-108.6369,43.9587],[-108.6149,43.9574],[-108.593,43.9561],[-108.571,43.9548],[-108.5844,43.9626],[-108.5978,43.9704],[-108.6112,43.9781],[-108.6246,43.9859],[-108.638,43.9937],[-108.6514,44.0015],[-108.6648,44.0092],[-108.6783,44.017]]]},"properties":{"OBJECTID":316,"state":"Wyoming","agency":"Wyoming Game and Fish Department","unit_type":"DHA","unit_id":"118","unit_name":"Upper Gooseberry Creek","unit_label":"Wyoming DHA 118 - Upper Gooseberry Creek","aliases":"118 | 118 upper gooseberry creek | 2026 | dha | dha 118 | dha 118 upper gooseberry creek | upper gooseberry creek | wyoming | wyoming 118 | wyoming 118 upper gooseberry creek | wyoming dha 118 | wyoming dha 118 upper gooseberry creek | wyoming game and f","year":"2026","Shape_Length":116086.52749379285,"Shape_Area":509050850.03592}},{"type":"Feature","id":317,"geometry":{"type":"Polygon","coordinates":[[[-110.7954,44.0839],[-110.7891,44.0961],[-110.7827,44.1083],[-110.7764,44.1206],[-110.77,44.1328],[-110.7874,44.1329],[-110.8048,44.1329],[-110.8222,44.133],[-110.8396,44.133],[-110.857,44.1331],[-110.8745,44.1331],[-110.8919,44.1331],[-110.9093,44.1332],[-110.9267,44.1332],[-110.9441,44.1333],[-110.9615,44.1333],[-110.9789,44.1333],[-110.9963,44.1334],[-111.0137,44.1334],[-111.0311,44.1334],[-111.0485,44.1334],[-111.05,44.1328],[-111.0487,43.9713],[-111.0474,43.8099],[-111.0467,43.5441],[-111.0467,43.5435],[-111.0452,43.5428],[-111.0227,43.5314],[-111.0002,43.52],[-110.9777,43.5086],[-110.9552,43.4972],[-110.9497,43.5429],[-110.9365,43.5508],[-110.9233,43.5587],[-110.9102,43.5665],[-110.897,43.5744],[-110.9091,43.5866],[-110.9211,43.5988],[-110.9331,43.6109],[-110.9452,43.6231],[-110.9296,43.6387],[-110.914,43.6543],[-110.8984,43.6698],[-110.8828,43.6854],[-110.8539,43.6876],[-110.8251,43.6898],[-110.8318,43.7107],[-110.8385,43.7317],[-110.8452,43.7526],[-110.8519,43.7735],[-110.8587,43.7944],[-110.8654,43.8153],[-110.8721,43.8363],[-110.8789,43.8572],[-110.8594,43.8701],[-110.8399,43.8831],[-110.8443,43.9012],[-110.8488,43.9192],[-110.8532,43.9373],[-110.8576,43.9554],[-110.8621,43.9735],[-110.8665,43.9916],[-110.8709,44.0096],[-110.8754,44.0277],[-110.8554,44.0418],[-110.8354,44.0558],[-110.8154,44.0698],[-110.7954,44.0839]]]},"properties":{"OBJECTID":317,"state":"Wyoming","agency":"Wyoming Game and Fish Department","unit_type":"DHA","unit_id":"149","unit_name":"Targhee","unit_label":"Wyoming DHA 149 - Targhee","aliases":"149 | 149 targhee | 2026 | dha | dha 149 | dha 149 targhee | targhee | wyoming | wyoming 149 | wyoming 149 targhee | wyoming dha 149 | wyoming dha 149 targhee | wyoming game and fish department | wyoming game and fish department 149","year":"2026","Shape_Length":182152.25670727895,"Shape_Area":997751953.3476019}},{"type":"Feature","id":318,"geometry":{"type":"Polygon","coordinates":[[[-110.1848,44.1333],[-110.2031,44.1333],[-110.2214,44.1334],[-110.2397,44.1334],[-110.2579,44.1334],[-110.2762,44.1334],[-110.2945,44.1334],[-110.3128,44.1334],[-110.3311,44.1334],[-110.3494,44.1334],[-110.3677,44.1334],[-110.386,44.1334],[-110.4042,44.1334],[-110.4225,44.1334],[-110.4408,44.1334],[-110.4591,44.1334],[-110.4774,44.1334],[-110.4957,44.1334],[-110.514,44.1333],[-110.5323,44.1333],[-110.5505,44.1333],[-110.5688,44.1333],[-110.5871,44.1332],[-110.6054,44.1332],[-110.6237,44.1332],[-110.642,44.1331],[-110.6603,44.1331],[-110.6786,44.133],[-110.6968,44.133],[-110.7151,44.133],[-110.7334,44.1329],[-110.7517,44.1328],[-110.77,44.1328],[-110.7764,44.1206],[-110.7827,44.1083],[-110.7891,44.0961],[-110.7954,44.0839],[-110.7957,44.0443],[-110.7788,44.0446],[-110.762,44.0449],[-110.7451,44.0453],[-110.7282,44.0456],[-110.7114,44.0459],[-110.6945,44.0462],[-110.6776,44.0465],[-110.6608,44.0468],[-110.6506,44.0359],[-110.6405,44.0251],[-110.6304,44.0142],[-110.6203,44.0034],[-110.6203,43.931],[-110.6013,43.9308],[-110.5823,43.9306],[-110.5632,43.9305],[-110.5442,43.9303],[-110.5252,43.9301],[-110.5062,43.9299],[-110.4872,43.9297],[-110.4682,43.9295],[-110.4681,43.839],[-110.4454,43.8358],[-110.4228,43.8326],[-110.4019,43.8302],[-110.381,43.8278],[-110.3601,43.8253],[-110.3392,43.8229],[-110.3183,43.8205],[-110.2974,43.8181],[-110.2765,43.8156],[-110.2557,43.8132],[-110.2402,43.8149],[-110.2247,43.8166],[-110.2092,43.8184],[-110.1937,43.8201],[-110.178,43.8117],[-110.1624,43.8033],[-110.1468,43.7949],[-110.1312,43.7865],[-110.1156,43.778],[-110.0999,43.7696],[-110.0843,43.7612],[-110.0687,43.7528],[-110.0587,43.7642],[-110.0486,43.7756],[-110.0386,43.787],[-110.0285,43.7984],[-110.0119,43.7961],[-109.9952,43.7937],[-109.9786,43.7914],[-109.9619,43.7891],[-109.9487,43.794],[-109.9355,43.7989],[-109.9224,43.8038],[-109.9092,43.8087],[-109.896,43.8136],[-109.8828,43.8186],[-109.8696,43.8235],[-109.8564,43.8284],[-109.8465,43.8421],[-109.8366,43.8559],[-109.8267,43.8697],[-109.8168,43.8834],[-109.8372,43.8928],[-109.8576,43.9022],[-109.8591,43.958],[-109.8756,43.957],[-109.892,43.9559],[-109.9084,43.9548],[-109.9249,43.9537],[-109.9413,43.9527],[-109.9577,43.9516],[-109.9742,43.9505],[-109.9906,43.9494],[-110.0054,43.9644],[-110.0203,43.9794],[-110.0351,43.9943],[-110.0499,44.0093],[-110.0686,44.0069],[-110.0872,44.0046],[-110.1058,44.0022],[-110.1244,43.9998],[-110.134,44.0134],[-110.1436,44.027],[-110.1532,44.0406],[-110.1628,44.0542],[-110.1724,44.0677],[-110.182,44.0813],[-110.1916,44.0949],[-110.2012,44.1085],[-110.193,44.1209],[-110.1848,44.1333]]]},"properties":{"OBJECTID":318,"state":"Wyoming","agency":"Wyoming Game and Fish Department","unit_type":"DHA","unit_id":"148","unit_name":"Teton","unit_label":"Wyoming DHA 148 - Teton","aliases":"148 | 148 teton | 2026 | dha | dha 148 | dha 148 teton | teton | wyoming | wyoming 148 | wyoming 148 teton | wyoming dha 148 | wyoming dha 148 teton | wyoming game and fish department | wyoming game and fish department 148","year":"2026","Shape_Length":218098.3854406242,"Shape_Area":1771525533.8962622}},{"type":"Feature","id":319,"geometry":{"type":"Polygon","coordinates":[[[-104.2584,43.8552],[-104.2778,43.8695],[-104.2973,43.8838],[-104.3167,43.8981],[-104.3361,43.9124],[-104.3556,43.9267],[-104.375,43.9411],[-104.3945,43.9554],[-104.4139,43.9697],[-104.4381,43.9798],[-104.4623,43.9899],[-104.4864,44.0],[-104.5106,44.0101],[-104.5246,44.021],[-104.5386,44.0318],[-104.5526,44.0427],[-104.5667,44.0536],[-104.5807,44.0644],[-104.5947,44.0753],[-104.6087,44.0861],[-104.6228,44.097],[-104.6475,44.0877],[-104.6721,44.0785],[-104.6968,44.0692],[-104.7214,44.0599],[-104.7292,44.0478],[-104.737,44.0357],[-104.7448,44.0236],[-104.7526,44.0115],[-104.7495,43.9412],[-104.7605,43.9283],[-104.7715,43.9153],[-104.7825,43.9024],[-104.7935,43.8895],[-104.7961,43.8126],[-104.7986,43.7358],[-104.7909,43.7148],[-104.7832,43.6939],[-104.7651,43.6966],[-104.747,43.6993],[-104.7289,43.702],[-104.7108,43.7047],[-104.6927,43.7074],[-104.6746,43.71],[-104.6564,43.7127],[-104.6383,43.7154],[-104.6228,43.7304],[-104.6072,43.7454],[-104.5879,43.7501],[-104.5686,43.7549],[-104.5493,43.7597],[-104.53,43.7645],[-104.5107,43.7693],[-104.4914,43.774],[-104.4721,43.7788],[-104.4528,43.7836],[-104.4335,43.7883],[-104.4141,43.7931],[-104.3948,43.7979],[-104.3755,43.8026],[-104.3562,43.8074],[-104.3369,43.8121],[-104.3175,43.8169],[-104.2982,43.8216],[-104.2883,43.83],[-104.2783,43.8384],[-104.2684,43.8468],[-104.2584,43.8552]]]},"properties":{"OBJECTID":319,"state":"Wyoming","agency":"Wyoming Game and Fish Department","unit_type":"DHA","unit_id":"7","unit_name":"South Osage","unit_label":"Wyoming DHA 7 - South Osage","aliases":"2026 | 7 | 7 south osage | dha | dha 7 | dha 7 south osage | south osage | wyoming | wyoming 7 | wyoming 7 south osage | wyoming dha 7 | wyoming dha 7 south osage | wyoming game and fish department | wyoming game and fish department 7","year":"2026","Shape_Length":138551.43222029106,"Shape_Area":1112064941.3226192}},{"type":"Feature","id":320,"geometry":{"type":"Polygon","coordinates":[[[-109.6486,44.0696],[-109.667,44.0683],[-109.6853,44.0669],[-109.7037,44.0656],[-109.7221,44.0643],[-109.7392,44.051],[-109.7564,44.0377],[-109.7735,44.0244],[-109.7906,44.0112],[-109.8078,43.9979],[-109.8249,43.9846],[-109.842,43.9713],[-109.8591,43.958],[-109.8576,43.9022],[-109.8372,43.8928],[-109.8168,43.8834],[-109.8267,43.8697],[-109.8366,43.8559],[-109.8465,43.8421],[-109.8564,43.8284],[-109.8393,43.8216],[-109.8221,43.8148],[-109.8049,43.8081],[-109.7878,43.8013],[-109.7725,43.807],[-109.7573,43.8127],[-109.742,43.8184],[-109.7268,43.8241],[-109.7115,43.8298],[-109.6962,43.8354],[-109.681,43.8411],[-109.6657,43.8468],[-109.6602,43.8656],[-109.6546,43.8844],[-109.6491,43.9032],[-109.6435,43.9219],[-109.6183,43.9317],[-109.5931,43.9414],[-109.5678,43.9512],[-109.5426,43.9609],[-109.5464,44.0066],[-109.5502,44.0523],[-109.5748,44.0567],[-109.5994,44.061],[-109.624,44.0653],[-109.6486,44.0696]]]},"properties":{"OBJECTID":320,"state":"Wyoming","agency":"Wyoming Game and Fish Department","unit_type":"DHA","unit_id":"114","unit_name":"Wall Mountain","unit_label":"Wyoming DHA 114 - Wall Mountain","aliases":"114 | 114 wall mountain | 2026 | dha | dha 114 | dha 114 wall mountain | wall mountain | wyoming | wyoming 114 | wyoming 114 wall mountain | wyoming dha 114 | wyoming dha 114 wall mountain | wyoming game and fish department | wyoming game and fish depart","year":"2026","Shape_Length":92385.87801607938,"Shape_Area":481086711.73789257}},{"type":"Feature","id":321,"geometry":{"type":"Polygon","coordinates":[[[-107.6235,44.0258],[-107.6449,44.0275],[-107.6664,44.0292],[-107.6878,44.0308],[-107.7092,44.0325],[-107.7307,44.0342],[-107.7521,44.0358],[-107.7736,44.0375],[-107.795,44.0391],[-107.8186,44.035],[-107.8422,44.0309],[-107.8658,44.0267],[-107.8895,44.0226],[-107.9131,44.0184],[-107.9367,44.0143],[-107.9603,44.0101],[-107.9839,44.006],[-107.9939,43.9913],[-108.0039,43.9765],[-108.0138,43.9618],[-108.0238,43.947],[-108.0371,43.9397],[-108.0504,43.9324],[-108.0636,43.9251],[-108.0769,43.9178],[-108.0902,43.9105],[-108.1034,43.9031],[-108.1167,43.8958],[-108.1299,43.8885],[-108.1416,43.8721],[-108.1533,43.8558],[-108.165,43.8394],[-108.1766,43.8231],[-108.1544,43.821],[-108.1322,43.8189],[-108.1101,43.8168],[-108.0879,43.8147],[-108.0657,43.8126],[-108.0435,43.8105],[-108.0214,43.8084],[-107.9992,43.8063],[-107.9866,43.7922],[-107.974,43.7782],[-107.9614,43.7641],[-107.9488,43.7501],[-107.9274,43.7383],[-107.9061,43.7264],[-107.8847,43.7146],[-107.8633,43.7028],[-107.8378,43.7018],[-107.8122,43.7008],[-107.7996,43.7127],[-107.7871,43.7245],[-107.7745,43.7363],[-107.7619,43.7481],[-107.7386,43.7434],[-107.7153,43.7386],[-107.692,43.7339],[-107.6686,43.7291],[-107.6453,43.7244],[-107.622,43.7196],[-107.5987,43.7148],[-107.5754,43.7101],[-107.5632,43.7247],[-107.551,43.7392],[-107.5388,43.7538],[-107.5266,43.7684],[-107.5304,43.7938],[-107.5342,43.8193],[-107.538,43.8447],[-107.5417,43.8701],[-107.5343,43.892],[-107.5268,43.9139],[-107.5389,43.9279],[-107.551,43.9419],[-107.563,43.9559],[-107.5751,43.9699],[-107.5872,43.9839],[-107.5993,43.9979],[-107.6114,44.0118],[-107.6235,44.0258]]]},"properties":{"OBJECTID":321,"state":"Wyoming","agency":"Wyoming Game and Fish Department","unit_type":"DHA","unit_id":"164","unit_name":"Nowater","unit_label":"Wyoming DHA 164 - Nowater","aliases":"164 | 164 nowater | 2026 | dha | dha 164 | dha 164 nowater | nowater | wyoming | wyoming 164 | wyoming 164 nowater | wyoming dha 164 | wyoming dha 164 nowater | wyoming game and fish department | wyoming game and fish department 164","year":"2026","Shape_Length":151004.20333086184,"Shape_Area":1332384475.0495365}},{"type":"Feature","id":322,"geometry":{"type":"Polygon","coordinates":[[[-108.571,43.9548],[-108.593,43.9561],[-108.6149,43.9574],[-108.6369,43.9587],[-108.6589,43.96],[-108.6808,43.9613],[-108.7028,43.9626],[-108.7248,43.9639],[-108.7468,43.9652],[-108.7563,43.9569],[-108.7657,43.9486],[-108.7752,43.9403],[-108.7847,43.932],[-108.7942,43.9237],[-108.8037,43.9155],[-108.8131,43.9072],[-108.8226,43.8989],[-108.844,43.8968],[-108.8655,43.8948],[-108.8869,43.8927],[-108.9084,43.8906],[-108.9298,43.8886],[-108.9513,43.8865],[-108.9727,43.8844],[-108.9942,43.8823],[-109.0121,43.87],[-109.0301,43.8576],[-109.048,43.8452],[-109.0659,43.8328],[-109.0783,43.8194],[-109.0906,43.8061],[-109.1029,43.7928],[-109.1153,43.7795],[-109.1323,43.7785],[-109.1493,43.7776],[-109.1664,43.7766],[-109.1834,43.7757],[-109.2005,43.7747],[-109.2175,43.7738],[-109.2345,43.7728],[-109.2516,43.7719],[-109.2344,43.7627],[-109.2187,43.7467],[-109.2031,43.7308],[-109.1875,43.7148],[-109.1719,43.6988],[-109.1565,43.6952],[-109.1412,43.6916],[-109.1258,43.6881],[-109.1104,43.6845],[-109.0952,43.6725],[-109.08,43.6605],[-109.0647,43.6485],[-109.0495,43.6365],[-109.0213,43.6343],[-108.993,43.6321],[-108.9648,43.6299],[-108.9366,43.6277],[-108.9226,43.6322],[-108.9086,43.6368],[-108.8946,43.6413],[-108.8806,43.6458],[-108.8666,43.6503],[-108.8526,43.6548],[-108.8386,43.6594],[-108.8246,43.6639],[-108.8296,43.6792],[-108.8346,43.6944],[-108.8397,43.7097],[-108.8447,43.725],[-108.8252,43.7288],[-108.8057,43.7326],[-108.7863,43.7364],[-108.7668,43.7402],[-108.7473,43.744],[-108.7278,43.7478],[-108.7083,43.7516],[-108.6888,43.7554],[-108.675,43.763],[-108.6611,43.7706],[-108.6473,43.7782],[-108.6335,43.7858],[-108.6196,43.7934],[-108.6058,43.8011],[-108.592,43.8087],[-108.5781,43.8163],[-108.5503,43.8219],[-108.5225,43.8275],[-108.4947,43.8331],[-108.4669,43.8387],[-108.4744,43.8578],[-108.4819,43.877],[-108.4894,43.8962],[-108.4969,43.9153],[-108.5154,43.9252],[-108.5339,43.9351],[-108.5524,43.9449],[-108.5709,43.9548],[-108.571,43.9548]]]},"properties":{"OBJECTID":322,"state":"Wyoming","agency":"Wyoming Game and Fish Department","unit_type":"DHA","unit_id":"119","unit_name":"Anchor","unit_label":"Wyoming DHA 119 - Anchor","aliases":"119 | 119 anchor | 2026 | anchor | dha | dha 119 | dha 119 anchor | wyoming | wyoming 119 | wyoming 119 anchor | wyoming dha 119 | wyoming dha 119 anchor | wyoming game and fish department | wyoming game and fish department 119","year":"2026","Shape_Length":162117.3033168656,"Shape_Area":1154337804.3128746}},{"type":"Feature","id":323,"geometry":{"type":"Polygon","coordinates":[[[-108.4029,43.9341],[-108.4244,43.9411],[-108.4459,43.9481],[-108.4673,43.955],[-108.4888,43.962],[-108.5093,43.9602],[-108.5299,43.9584],[-108.5504,43.9566],[-108.5709,43.9548],[-108.5524,43.9449],[-108.5339,43.9351],[-108.5154,43.9252],[-108.4969,43.9153],[-108.4894,43.8962],[-108.4819,43.877],[-108.4744,43.8578],[-108.4669,43.8387],[-108.4625,43.8191],[-108.4581,43.7995],[-108.4537,43.78],[-108.4493,43.7604],[-108.4264,43.7483],[-108.4035,43.7363],[-108.3806,43.7242],[-108.3577,43.712],[-108.3348,43.6999],[-108.3119,43.6878],[-108.289,43.6757],[-108.2662,43.6636],[-108.2503,43.6593],[-108.2344,43.655],[-108.2186,43.6507],[-108.2027,43.6464],[-108.1914,43.6591],[-108.18,43.6718],[-108.1687,43.6845],[-108.1573,43.6971],[-108.1535,43.7334],[-108.1498,43.7696],[-108.1565,43.783],[-108.1632,43.7963],[-108.1699,43.8097],[-108.1766,43.8231],[-108.165,43.8394],[-108.1533,43.8558],[-108.1416,43.8721],[-108.1299,43.8885],[-108.1423,43.8961],[-108.1546,43.9036],[-108.167,43.9112],[-108.1793,43.9188],[-108.2006,43.9236],[-108.2218,43.9284],[-108.243,43.9332],[-108.2642,43.9381],[-108.2855,43.9429],[-108.3067,43.9477],[-108.3279,43.9525],[-108.3492,43.9573],[-108.3626,43.9515],[-108.3761,43.9457],[-108.3895,43.9399],[-108.4029,43.9341]]]},"properties":{"OBJECTID":323,"state":"Wyoming","agency":"Wyoming Game and Fish Department","unit_type":"DHA","unit_id":"127","unit_name":"Cottonwood","unit_label":"Wyoming DHA 127 - Cottonwood","aliases":"127 | 127 cottonwood | 2026 | cottonwood | dha | dha 127 | dha 127 cottonwood | wyoming | wyoming 127 | wyoming 127 cottonwood | wyoming dha 127 | wyoming dha 127 cottonwood | wyoming game and fish department | wyoming game and fish department 127","year":"2026","Shape_Length":116798.90995998388,"Shape_Area":703927768.6272333}},{"type":"Feature","id":324,"geometry":{"type":"Polygon","coordinates":[[[-106.9663,43.8616],[-106.9857,43.8747],[-107.0052,43.8879],[-107.0246,43.9011],[-107.0441,43.9142],[-107.0599,43.8977],[-107.0758,43.8811],[-107.0916,43.8645],[-107.1074,43.8479],[-107.1124,43.8036],[-107.1175,43.7593],[-107.1235,43.7466],[-107.1296,43.7338],[-107.1356,43.7211],[-107.1417,43.7083],[-107.1477,43.6956],[-107.1538,43.6828],[-107.1598,43.6701],[-107.1659,43.6573],[-107.1647,43.6485],[-107.1463,43.6421],[-107.1279,43.6356],[-107.1128,43.6395],[-107.0976,43.6433],[-107.0825,43.6472],[-107.0674,43.651],[-107.0522,43.6548],[-107.0371,43.6586],[-107.0219,43.6625],[-107.0068,43.6663],[-106.9833,43.6648],[-106.9598,43.6632],[-106.9364,43.6616],[-106.9129,43.6601],[-106.9169,43.6775],[-106.9208,43.695],[-106.9248,43.7125],[-106.9288,43.73],[-106.943,43.7454],[-106.9572,43.7608],[-106.9714,43.7763],[-106.9856,43.7917],[-106.9808,43.8092],[-106.9759,43.8266],[-106.9711,43.8441],[-106.9663,43.8616]]]},"properties":{"OBJECTID":324,"state":"Wyoming","agency":"Wyoming Game and Fish Department","unit_type":"DHA","unit_id":"32","unit_name":"Beartrap Creek","unit_label":"Wyoming DHA 32 - Beartrap Creek","aliases":"2026 | 32 | 32 beartrap creek | beartrap creek | dha | dha 32 | dha 32 beartrap creek | wyoming | wyoming 32 | wyoming 32 beartrap creek | wyoming dha 32 | wyoming dha 32 beartrap creek | wyoming game and fish department | wyoming game and fish departmen","year":"2026","Shape_Length":85733.66955231111,"Shape_Area":358331529.9227964}},{"type":"Feature","id":325,"geometry":{"type":"Polygon","coordinates":[[[-106.616,43.831],[-106.6223,43.8503],[-106.6286,43.8696],[-106.6349,43.8889],[-106.6412,43.9081],[-106.657,43.9048],[-106.6727,43.9014],[-106.6885,43.8981],[-106.7043,43.8947],[-106.7201,43.8914],[-106.7358,43.888],[-106.7516,43.8847],[-106.7674,43.8813],[-106.7741,43.8688],[-106.7808,43.8563],[-106.7876,43.8438],[-106.7943,43.8312],[-106.8204,43.8314],[-106.8465,43.8315],[-106.8726,43.8317],[-106.8987,43.8318],[-106.9156,43.8393],[-106.9325,43.8467],[-106.9494,43.8541],[-106.9663,43.8616],[-106.9711,43.8441],[-106.9759,43.8266],[-106.9808,43.8092],[-106.9856,43.7917],[-106.9714,43.7763],[-106.9572,43.7608],[-106.943,43.7454],[-106.9288,43.73],[-106.9248,43.7125],[-106.9208,43.695],[-106.9169,43.6775],[-106.9129,43.6601],[-106.9054,43.6448],[-106.8979,43.6295],[-106.8905,43.6142],[-106.883,43.5989],[-106.8755,43.5836],[-106.8681,43.5683],[-106.8606,43.553],[-106.8531,43.5377],[-106.8748,43.529],[-106.8964,43.5203],[-106.9043,43.5086],[-106.9121,43.4969],[-106.9199,43.4853],[-106.9277,43.4736],[-106.9355,43.462],[-106.9433,43.4503],[-106.9511,43.4387],[-106.959,43.427],[-106.9437,43.4213],[-106.9262,43.4183],[-106.9087,43.4154],[-106.8912,43.4124],[-106.8736,43.4094],[-106.8594,43.4149],[-106.8451,43.4205],[-106.8308,43.426],[-106.8165,43.4316],[-106.8022,43.4371],[-106.788,43.4427],[-106.7737,43.4482],[-106.7594,43.4537],[-106.7451,43.4593],[-106.7308,43.4648],[-106.7165,43.4704],[-106.7022,43.4759],[-106.6879,43.4814],[-106.6736,43.487],[-106.6593,43.4925],[-106.6449,43.498],[-106.6359,43.5143],[-106.6269,43.5306],[-106.6179,43.5469],[-106.6089,43.5632],[-106.5998,43.5795],[-106.5908,43.5957],[-106.5818,43.612],[-106.5727,43.6283],[-106.5895,43.6368],[-106.6063,43.6452],[-106.623,43.6537],[-106.6398,43.6622],[-106.6339,43.7044],[-106.6279,43.7466],[-106.622,43.7888],[-106.616,43.831]]]},"properties":{"OBJECTID":325,"state":"Wyoming","agency":"Wyoming Game and Fish Department","unit_type":"DHA","unit_id":"33","unit_name":"Red Fork","unit_label":"Wyoming DHA 33 - Red Fork","aliases":"2026 | 33 | 33 red fork | dha | dha 33 | dha 33 red fork | red fork | wyoming | wyoming 33 | wyoming 33 red fork | wyoming dha 33 | wyoming dha 33 red fork | wyoming game and fish department | wyoming game and fish department 33","year":"2026","Shape_Length":163477.87430851322,"Shape_Area":1127470162.736694}},{"type":"Feature","id":326,"geometry":{"type":"Polygon","coordinates":[[[-104.1785,43.8484],[-104.1985,43.8501],[-104.2185,43.8518],[-104.2384,43.8535],[-104.2584,43.8552],[-104.2684,43.8468],[-104.2783,43.8384],[-104.2883,43.83],[-104.2982,43.8216],[-104.3175,43.8169],[-104.3369,43.8121],[-104.3562,43.8074],[-104.3755,43.8026],[-104.3948,43.7979],[-104.4141,43.7931],[-104.4335,43.7883],[-104.4528,43.7836],[-104.4721,43.7788],[-104.4914,43.774],[-104.5107,43.7693],[-104.53,43.7645],[-104.5493,43.7597],[-104.5686,43.7549],[-104.5879,43.7501],[-104.6072,43.7454],[-104.6228,43.7304],[-104.6383,43.7154],[-104.6564,43.7127],[-104.6746,43.71],[-104.6927,43.7074],[-104.7108,43.7047],[-104.7289,43.702],[-104.747,43.6993],[-104.7651,43.6966],[-104.7832,43.6939],[-104.8002,43.6899],[-104.8172,43.6859],[-104.8342,43.6819],[-104.8512,43.6779],[-104.8682,43.6739],[-104.8852,43.6699],[-104.9022,43.6659],[-104.9191,43.6618],[-104.9168,43.6186],[-104.9144,43.5753],[-104.8941,43.5698],[-104.8738,43.5642],[-104.8536,43.5587],[-104.8333,43.5531],[-104.8128,43.5571],[-104.7922,43.5611],[-104.7717,43.565],[-104.7512,43.569],[-104.7306,43.5729],[-104.7101,43.5769],[-104.6895,43.5808],[-104.669,43.5848],[-104.6489,43.5785],[-104.6288,43.5722],[-104.6087,43.5659],[-104.5887,43.5596],[-104.5607,43.5605],[-104.5327,43.5614],[-104.5047,43.5623],[-104.4767,43.5632],[-104.4629,43.557],[-104.4491,43.5508],[-104.4353,43.5447],[-104.4215,43.5385],[-104.3935,43.5368],[-104.3656,43.5351],[-104.3376,43.5333],[-104.3097,43.5316],[-104.2818,43.5299],[-104.2538,43.5281],[-104.2259,43.5264],[-104.198,43.5246],[-104.1944,43.567],[-104.1907,43.6094],[-104.1785,43.5968],[-104.1663,43.5843],[-104.1541,43.5717],[-104.1419,43.5591],[-104.1203,43.5528],[-104.0986,43.5465],[-104.077,43.5401],[-104.0554,43.5338],[-104.0561,43.7619],[-104.0653,43.7731],[-104.0746,43.7843],[-104.0839,43.7955],[-104.0932,43.8067],[-104.1145,43.8171],[-104.1358,43.8275],[-104.1572,43.8379],[-104.1785,43.8484]]]},"properties":{"OBJECTID":326,"state":"Wyoming","agency":"Wyoming Game and Fish Department","unit_type":"DHA","unit_id":"9","unit_name":"Blacktail Creek","unit_label":"Wyoming DHA 9 - Blacktail Creek","aliases":"2026 | 9 | 9 blacktail creek | blacktail creek | dha | dha 9 | dha 9 blacktail creek | wyoming | wyoming 9 | wyoming 9 blacktail creek | wyoming dha 9 | wyoming dha 9 blacktail creek | wyoming game and fish department | wyoming game and fish department 9","year":"2026","Shape_Length":198116.11570117684,"Shape_Area":1617705422.3348482}},{"type":"Feature","id":327,"geometry":{"type":"Polygon","coordinates":[[[-108.4669,43.8387],[-108.4947,43.8331],[-108.5225,43.8275],[-108.5503,43.8219],[-108.5781,43.8163],[-108.592,43.8087],[-108.6058,43.8011],[-108.6196,43.7934],[-108.6335,43.7858],[-108.6473,43.7782],[-108.6611,43.7706],[-108.675,43.763],[-108.6888,43.7554],[-108.7083,43.7516],[-108.7278,43.7478],[-108.7473,43.744],[-108.7668,43.7402],[-108.7863,43.7364],[-108.8057,43.7326],[-108.8252,43.7288],[-108.8447,43.725],[-108.8397,43.7097],[-108.8346,43.6944],[-108.8296,43.6792],[-108.8246,43.6639],[-108.8386,43.6594],[-108.8526,43.6548],[-108.8666,43.6503],[-108.8806,43.6458],[-108.8946,43.6413],[-108.9086,43.6368],[-108.9226,43.6322],[-108.9366,43.6277],[-108.9648,43.6299],[-108.993,43.6321],[-109.0213,43.6343],[-109.0495,43.6365],[-109.0647,43.6485],[-109.08,43.6605],[-109.0952,43.6725],[-109.1104,43.6845],[-109.1258,43.6881],[-109.1412,43.6916],[-109.1565,43.6952],[-109.1719,43.6988],[-109.1719,43.6197],[-109.1421,43.6198],[-109.1124,43.6198],[-109.0826,43.6199],[-109.0529,43.62],[-109.0232,43.62],[-108.9934,43.62],[-108.9637,43.6201],[-108.9339,43.6201],[-108.904,43.6165],[-108.8741,43.6129],[-108.8441,43.6093],[-108.8142,43.6057],[-108.8147,43.5758],[-108.7847,43.5758],[-108.7547,43.5759],[-108.7247,43.5759],[-108.6947,43.5759],[-108.6952,43.5323],[-108.6654,43.5324],[-108.6356,43.5324],[-108.6058,43.5325],[-108.5761,43.5325],[-108.5765,43.5031],[-108.5466,43.5031],[-108.5167,43.5032],[-108.4868,43.5032],[-108.457,43.5032],[-108.457,43.4744],[-108.4273,43.4708],[-108.3976,43.4671],[-108.3679,43.4635],[-108.3381,43.4598],[-108.3156,43.4597],[-108.2931,43.4596],[-108.2706,43.4595],[-108.248,43.4594],[-108.2255,43.4592],[-108.203,43.4591],[-108.1804,43.459],[-108.1579,43.4589],[-108.1561,43.5794],[-108.1849,43.5797],[-108.2138,43.58],[-108.2083,43.6132],[-108.2027,43.6464],[-108.2186,43.6507],[-108.2344,43.655],[-108.2503,43.6593],[-108.2662,43.6636],[-108.289,43.6757],[-108.3119,43.6878],[-108.3348,43.6999],[-108.3577,43.712],[-108.3806,43.7242],[-108.4035,43.7363],[-108.4264,43.7483],[-108.4493,43.7604],[-108.4537,43.78],[-108.4581,43.7995],[-108.4625,43.8191],[-108.4669,43.8387]]]},"properties":{"OBJECTID":327,"state":"Wyoming","agency":"Wyoming Game and Fish Department","unit_type":"DHA","unit_id":"120","unit_name":"Hamilton Dome","unit_label":"Wyoming DHA 120 - Hamilton Dome","aliases":"120 | 120 hamilton dome | 2026 | dha | dha 120 | dha 120 hamilton dome | hamilton dome | wyoming | wyoming 120 | wyoming 120 hamilton dome | wyoming dha 120 | wyoming dha 120 hamilton dome | wyoming game and fish department | wyoming game and fish depart","year":"2026","Shape_Length":235402.66583051544,"Shape_Area":1502486021.4962163}},{"type":"Feature","id":328,"geometry":{"type":"Polygon","coordinates":[[[-107.9992,43.8063],[-108.0214,43.8084],[-108.0435,43.8105],[-108.0657,43.8126],[-108.0879,43.8147],[-108.1101,43.8168],[-108.1322,43.8189],[-108.1544,43.821],[-108.1766,43.8231],[-108.1699,43.8097],[-108.1632,43.7963],[-108.1565,43.783],[-108.1498,43.7696],[-108.1535,43.7334],[-108.1573,43.6971],[-108.1687,43.6845],[-108.18,43.6718],[-108.1914,43.6591],[-108.2027,43.6464],[-108.2083,43.6132],[-108.2138,43.58],[-108.1849,43.5797],[-108.1561,43.5794],[-108.1579,43.4589],[-108.1575,43.4483],[-108.1404,43.4527],[-108.1233,43.457],[-108.1062,43.4614],[-108.0891,43.4657],[-108.0647,43.4596],[-108.0402,43.4535],[-108.0158,43.4474],[-107.9914,43.4412],[-107.9701,43.4537],[-107.9488,43.4662],[-107.9275,43.4787],[-107.9062,43.4911],[-107.8894,43.4893],[-107.8725,43.4875],[-107.8556,43.4857],[-107.8387,43.4838],[-107.8218,43.482],[-107.805,43.4802],[-107.7881,43.4783],[-107.7712,43.4765],[-107.7768,43.4908],[-107.7825,43.5051],[-107.7935,43.5267],[-107.8046,43.5483],[-107.8157,43.57],[-107.8268,43.5916],[-107.8415,43.6047],[-107.8562,43.6179],[-107.871,43.631],[-107.8857,43.6442],[-107.8912,43.6604],[-107.8966,43.6766],[-107.9021,43.6928],[-107.9076,43.7089],[-107.8893,43.7019],[-107.8709,43.6948],[-107.8416,43.6978],[-107.8122,43.7008],[-107.8378,43.7018],[-107.8633,43.7028],[-107.8847,43.7146],[-107.9061,43.7264],[-107.9274,43.7383],[-107.9488,43.7501],[-107.9614,43.7641],[-107.974,43.7782],[-107.9866,43.7922],[-107.9992,43.8063]]]},"properties":{"OBJECTID":328,"state":"Wyoming","agency":"Wyoming Game and Fish Department","unit_type":"DHA","unit_id":"37","unit_name":"Copper Mountain","unit_label":"Wyoming DHA 37 - Copper Mountain","aliases":"2026 | 37 | 37 copper mountain | copper mountain | dha | dha 37 | dha 37 copper mountain | wyoming | wyoming 37 | wyoming 37 copper mountain | wyoming dha 37 | wyoming dha 37 copper mountain | wyoming game and fish department | wyoming game and fish depa","year":"2026","Shape_Length":153179.16363538647,"Shape_Area":934620108.6272154}},{"type":"Feature","id":329,"geometry":{"type":"Polygon","coordinates":[[[-110.2557,43.8132],[-110.2765,43.8156],[-110.2974,43.8181],[-110.3183,43.8205],[-110.3392,43.8229],[-110.3601,43.8253],[-110.381,43.8278],[-110.4019,43.8302],[-110.4228,43.8326],[-110.4261,43.805],[-110.4294,43.7773],[-110.4588,43.7772],[-110.4883,43.777],[-110.5178,43.7769],[-110.5473,43.7767],[-110.5571,43.7679],[-110.5668,43.7591],[-110.5765,43.7503],[-110.5863,43.7415],[-110.596,43.7326],[-110.6057,43.7238],[-110.6154,43.715],[-110.6252,43.7062],[-110.6148,43.6897],[-110.6044,43.6732],[-110.594,43.6567],[-110.5836,43.6402],[-110.5655,43.6396],[-110.5473,43.639],[-110.5291,43.6383],[-110.511,43.6377],[-110.4969,43.6301],[-110.4829,43.6225],[-110.4689,43.6149],[-110.4549,43.6073],[-110.4367,43.6034],[-110.4184,43.5996],[-110.4002,43.5956],[-110.382,43.5917],[-110.3638,43.5878],[-110.3456,43.5839],[-110.3274,43.58],[-110.3092,43.5761],[-110.2913,43.5627],[-110.2733,43.5493],[-110.2554,43.5515],[-110.2375,43.5538],[-110.2196,43.556],[-110.2016,43.5583],[-110.1837,43.5605],[-110.1658,43.5628],[-110.1479,43.565],[-110.1299,43.5673],[-110.119,43.5606],[-110.108,43.5539],[-110.0971,43.5472],[-110.0861,43.5405],[-110.0752,43.5338],[-110.0643,43.5272],[-110.0533,43.5205],[-110.0424,43.5138],[-110.0315,43.5071],[-110.0205,43.5004],[-110.0096,43.4937],[-109.9987,43.487],[-109.9877,43.4803],[-109.9768,43.4736],[-109.9659,43.4669],[-109.955,43.4602],[-109.9403,43.4663],[-109.9256,43.4725],[-109.9326,43.4992],[-109.9396,43.5259],[-109.9552,43.5349],[-109.9707,43.5439],[-109.9862,43.5529],[-110.0018,43.5619],[-110.0173,43.5709],[-110.0329,43.58],[-110.0484,43.589],[-110.064,43.598],[-110.0468,43.608],[-110.0295,43.6181],[-110.0344,43.635],[-110.0393,43.6518],[-110.0442,43.6686],[-110.0491,43.6855],[-110.054,43.7023],[-110.0589,43.7191],[-110.0638,43.7359],[-110.0687,43.7528],[-110.0843,43.7612],[-110.0999,43.7696],[-110.1156,43.778],[-110.1312,43.7865],[-110.1468,43.7949],[-110.1624,43.8033],[-110.178,43.8117],[-110.1937,43.8201],[-110.2092,43.8184],[-110.2247,43.8166],[-110.2402,43.8149],[-110.2557,43.8132]]]},"properties":{"OBJECTID":329,"state":"Wyoming","agency":"Wyoming Game and Fish Department","unit_type":"DHA","unit_id":"156","unit_name":"Spread Creek","unit_label":"Wyoming DHA 156 - Spread Creek","aliases":"156 | 156 spread creek | 2026 | dha | dha 156 | dha 156 spread creek | spread creek | wyoming | wyoming 156 | wyoming 156 spread creek | wyoming dha 156 | wyoming dha 156 spread creek | wyoming game and fish department | wyoming game and fish department","year":"2026","Shape_Length":163481.15489438537,"Shape_Area":1115895358.9673629}},{"type":"Feature","id":330,"geometry":{"type":"Polygon","coordinates":[[[-107.1284,44.1608],[-107.1561,44.1654],[-107.1838,44.17],[-107.2115,44.1746],[-107.2392,44.1792],[-107.2462,44.1622],[-107.2532,44.1452],[-107.2601,44.1282],[-107.2671,44.1112],[-107.2828,44.1026],[-107.2986,44.094],[-107.3143,44.0855],[-107.33,44.0769],[-107.3481,44.0706],[-107.3661,44.0643],[-107.3842,44.0579],[-107.4023,44.0516],[-107.4203,44.0453],[-107.4384,44.039],[-107.4564,44.0327],[-107.4745,44.0263],[-107.4935,44.0336],[-107.5125,44.0408],[-107.5402,44.0371],[-107.568,44.0334],[-107.5958,44.0296],[-107.6235,44.0258],[-107.6114,44.0118],[-107.5993,43.9979],[-107.5872,43.9839],[-107.5751,43.9699],[-107.563,43.9559],[-107.551,43.9419],[-107.5389,43.9279],[-107.5268,43.9139],[-107.5343,43.892],[-107.5417,43.8701],[-107.538,43.8447],[-107.5342,43.8193],[-107.5304,43.7938],[-107.5266,43.7684],[-107.5388,43.7538],[-107.551,43.7392],[-107.5632,43.7247],[-107.5754,43.7101],[-107.5557,43.7171],[-107.536,43.7242],[-107.5242,43.7146],[-107.5124,43.7049],[-107.5007,43.6953],[-107.4889,43.6857],[-107.4771,43.6761],[-107.4654,43.6665],[-107.4536,43.6569],[-107.4418,43.6472],[-107.45,43.6148],[-107.4581,43.5823],[-107.4421,43.5963],[-107.4261,43.6103],[-107.4101,43.6243],[-107.3941,43.6383],[-107.3859,43.625],[-107.3778,43.6117],[-107.3696,43.5984],[-107.3614,43.5852],[-107.3433,43.5777],[-107.3252,43.5702],[-107.3071,43.5628],[-107.289,43.5553],[-107.2733,43.5594],[-107.2576,43.5635],[-107.2419,43.5676],[-107.2262,43.5717],[-107.2187,43.5824],[-107.2112,43.5931],[-107.2036,43.6038],[-107.1961,43.6145],[-107.1885,43.6252],[-107.181,43.6359],[-107.1734,43.6466],[-107.1659,43.6573],[-107.1598,43.6701],[-107.1538,43.6828],[-107.1477,43.6956],[-107.1417,43.7083],[-107.1356,43.7211],[-107.1296,43.7338],[-107.1235,43.7466],[-107.1175,43.7593],[-107.1124,43.8036],[-107.1074,43.8479],[-107.0916,43.8645],[-107.0758,43.8811],[-107.0599,43.8977],[-107.0441,43.9142],[-107.0502,43.9388],[-107.0563,43.9634],[-107.0624,43.9879],[-107.0685,44.0125],[-107.0821,44.0292],[-107.0957,44.046],[-107.1093,44.0628],[-107.123,44.0795],[-107.1257,44.1201],[-107.1284,44.1608]]]},"properties":{"OBJECTID":330,"state":"Wyoming","agency":"Wyoming Game and Fish Department","unit_type":"DHA","unit_id":"40","unit_name":"Buffalo Creek","unit_label":"Wyoming DHA 40 - Buffalo Creek","aliases":"2026 | 40 | 40 buffalo creek | buffalo creek | dha | dha 40 | dha 40 buffalo creek | wyoming | wyoming 40 | wyoming 40 buffalo creek | wyoming dha 40 | wyoming dha 40 buffalo creek | wyoming game and fish department | wyoming game and fish department 40","year":"2026","Shape_Length":206750.10137800852,"Shape_Area":1896441330.5581799}},{"type":"Feature","id":331,"geometry":{"type":"Polygon","coordinates":[[[-105.4739,43.7226],[-105.476,43.7672],[-105.496,43.7566],[-105.5161,43.746],[-105.5362,43.7355],[-105.5562,43.7249],[-105.5762,43.7143],[-105.5963,43.7037],[-105.6163,43.6931],[-105.6363,43.6825],[-105.6438,43.6662],[-105.6512,43.6499],[-105.6702,43.645],[-105.6893,43.64],[-105.7083,43.6351],[-105.7273,43.6301],[-105.7463,43.6251],[-105.7653,43.6202],[-105.7843,43.6152],[-105.8033,43.6103],[-105.8275,43.599],[-105.8517,43.5877],[-105.8758,43.5765],[-105.9,43.5652],[-105.9212,43.5647],[-105.9424,43.5642],[-105.9636,43.5637],[-105.9849,43.5633],[-106.0061,43.5628],[-106.0273,43.5623],[-106.0485,43.5618],[-106.0698,43.5613],[-106.0844,43.5569],[-106.0991,43.5526],[-106.1137,43.5482],[-106.1283,43.5439],[-106.1372,43.5355],[-106.146,43.5271],[-106.1549,43.5187],[-106.1637,43.5104],[-106.1725,43.502],[-106.1814,43.4936],[-106.1902,43.4852],[-106.199,43.4768],[-106.2078,43.4685],[-106.2167,43.4601],[-106.2255,43.4517],[-106.2343,43.4433],[-106.2431,43.4349],[-106.2519,43.4265],[-106.2607,43.4182],[-106.2696,43.4098],[-106.2658,43.386],[-106.2621,43.3623],[-106.2584,43.3386],[-106.2547,43.3149],[-106.2698,43.2972],[-106.2849,43.2795],[-106.3,43.2618],[-106.3151,43.2442],[-106.3209,43.2117],[-106.3266,43.1792],[-106.3324,43.1466],[-106.3382,43.1141],[-106.3356,43.0499],[-106.333,42.9856],[-106.3305,42.9213],[-106.3279,42.857],[-106.3013,42.8651],[-106.2747,42.8732],[-106.2528,42.8663],[-106.231,42.8595],[-106.2091,42.8526],[-106.1873,42.8457],[-106.1666,42.8567],[-106.1458,42.8677],[-106.1187,42.8687],[-106.0916,42.8696],[-106.0645,42.8706],[-106.0373,42.8715],[-106.0215,42.8627],[-106.0056,42.854],[-105.988,42.8559],[-105.9705,42.8578],[-105.9529,42.8598],[-105.9353,42.8617],[-105.9177,42.8637],[-105.9002,42.8656],[-105.8826,42.8675],[-105.865,42.8695],[-105.8461,42.859],[-105.8272,42.8485],[-105.8083,42.8381],[-105.7895,42.8276],[-105.7694,42.834],[-105.7494,42.8405],[-105.7293,42.8469],[-105.7092,42.8533],[-105.6815,42.8533],[-105.6538,42.8533],[-105.6261,42.8533],[-105.5984,42.8533],[-105.5707,42.8533],[-105.543,42.8532],[-105.5153,42.8532],[-105.4876,42.8532],[-105.4666,42.8447],[-105.4457,42.8363],[-105.4248,42.8278],[-105.4039,42.8194],[-105.4063,42.7718],[-105.3896,42.783],[-105.3729,42.7942],[-105.3563,42.8054],[-105.3396,42.8165],[-105.3229,42.8277],[-105.3062,42.8389],[-105.2896,42.8501],[-105.2729,42.8613],[-105.2766,42.9083],[-105.2803,42.9554],[-105.2703,42.9709],[-105.2602,42.9864],[-105.26,43.2327],[-105.2712,43.2425],[-105.2824,43.2523],[-105.2937,43.2621],[-105.3049,43.2719],[-105.3161,43.2817],[-105.3274,43.2915],[-105.3386,43.3012],[-105.3499,43.311],[-105.3611,43.3305],[-105.3723,43.35],[-105.3834,43.3695],[-105.3946,43.389],[-105.4058,43.4085],[-105.417,43.428],[-105.4283,43.4475],[-105.4395,43.467],[-105.4442,43.4835],[-105.4489,43.5001],[-105.4536,43.5166],[-105.4583,43.5332],[-105.463,43.5497],[-105.4677,43.5663],[-105.4724,43.5829],[-105.4771,43.5994],[-105.4755,43.661],[-105.4739,43.7226]]]},"properties":{"OBJECTID":331,"state":"Wyoming","agency":"Wyoming Game and Fish Department","unit_type":"DHA","unit_id":"22","unit_name":"Douglas","unit_label":"Wyoming DHA 22 - Douglas","aliases":"2026 | 22 | 22 douglas | dha | dha 22 | dha 22 douglas | douglas | wyoming | wyoming 22 | wyoming 22 douglas | wyoming dha 22 | wyoming dha 22 douglas | wyoming game and fish department | wyoming game and fish department 22","year":"2026","Shape_Length":349750.9533745824,"Shape_Area":6558397511.951311}},{"type":"Feature","id":332,"geometry":{"type":"Polygon","coordinates":[[[-109.1719,43.6988],[-109.1875,43.7148],[-109.2031,43.7308],[-109.2187,43.7467],[-109.2344,43.7627],[-109.2511,43.7518],[-109.2679,43.7408],[-109.2847,43.7299],[-109.3014,43.7189],[-109.3182,43.7079],[-109.3349,43.697],[-109.3516,43.686],[-109.3684,43.675],[-109.3565,43.6668],[-109.3447,43.6585],[-109.3328,43.6503],[-109.321,43.642],[-109.3261,43.6203],[-109.3311,43.5985],[-109.3496,43.5995],[-109.3681,43.6005],[-109.3866,43.6014],[-109.4051,43.6024],[-109.405,43.5338],[-109.4348,43.5335],[-109.4645,43.5333],[-109.4694,43.5129],[-109.4744,43.4925],[-109.4584,43.492],[-109.4424,43.4914],[-109.4265,43.4908],[-109.4105,43.4903],[-109.4229,43.4782],[-109.4354,43.4661],[-109.4478,43.454],[-109.4603,43.4419],[-109.4599,43.2092],[-109.4595,42.9765],[-109.4465,42.9699],[-109.4335,42.9633],[-109.4205,42.9567],[-109.4075,42.9502],[-109.3945,42.9436],[-109.3815,42.937],[-109.3685,42.9304],[-109.3555,42.9238],[-109.3481,42.91],[-109.3408,42.8962],[-109.3334,42.8824],[-109.3261,42.8686],[-109.2986,42.8687],[-109.2711,42.8687],[-109.2437,42.8687],[-109.2162,42.8687],[-109.1888,42.8687],[-109.1613,42.8687],[-109.1339,42.8687],[-109.1064,42.8687],[-109.079,42.8687],[-109.0515,42.8686],[-109.0241,42.8686],[-108.9966,42.8686],[-108.9692,42.8685],[-108.9417,42.8685],[-108.9143,42.8684],[-108.8868,42.8683],[-108.8622,42.8721],[-108.8377,42.8759],[-108.8131,42.8797],[-108.7886,42.8835],[-108.7708,42.8779],[-108.753,42.8722],[-108.7352,42.8666],[-108.7174,42.8609],[-108.6925,42.8659],[-108.6677,42.8709],[-108.6428,42.8758],[-108.6179,42.8808],[-108.6073,42.8934],[-108.5968,42.906],[-108.5777,42.9059],[-108.5587,42.9059],[-108.5397,42.9059],[-108.5206,42.9058],[-108.5016,42.9058],[-108.4825,42.9058],[-108.4635,42.9057],[-108.4445,42.9057],[-108.4254,42.9056],[-108.4064,42.9056],[-108.3873,42.9055],[-108.3683,42.9055],[-108.3493,42.9054],[-108.3302,42.9054],[-108.3112,42.9053],[-108.2921,42.9052],[-108.292,42.9054],[-108.3037,42.9189],[-108.3154,42.9324],[-108.3271,42.9459],[-108.3388,42.9594],[-108.3505,42.9729],[-108.3622,42.9864],[-108.3739,42.9999],[-108.3856,43.0134],[-108.4033,43.0156],[-108.4209,43.0178],[-108.4386,43.0199],[-108.4562,43.0221],[-108.4738,43.0242],[-108.4915,43.0264],[-108.5091,43.0286],[-108.5268,43.0307],[-108.5364,43.0387],[-108.5461,43.0468],[-108.5558,43.0548],[-108.5654,43.0628],[-108.583,43.0703],[-108.6005,43.0778],[-108.6181,43.0853],[-108.6357,43.0928],[-108.6532,43.1003],[-108.6708,43.1078],[-108.6883,43.1153],[-108.7059,43.1228],[-108.7159,43.1316],[-108.7258,43.1403],[-108.7358,43.1491],[-108.7458,43.1578],[-108.7558,43.1666],[-108.7657,43.1753],[-108.7757,43.1841],[-108.7857,43.1928],[-108.8107,43.1973],[-108.8357,43.2018],[-108.8607,43.2063],[-108.8856,43.2107],[-108.9106,43.2152],[-108.9356,43.2196],[-108.9606,43.2241],[-108.9856,43.2285],[-108.9694,43.2295],[-108.9532,43.2304],[-108.937,43.2314],[-108.9208,43.2323],[-108.9046,43.2332],[-108.8884,43.2342],[-108.8722,43.2351],[-108.856,43.236],[-108.8398,43.2369],[-108.8236,43.2379],[-108.8074,43.2388],[-108.7912,43.2397],[-108.775,43.2406],[-108.7588,43.2415],[-108.7426,43.2425],[-108.7264,43.2434],[-108.7114,43.2561],[-108.6963,43.2689],[-108.7074,43.278],[-108.7185,43.2871],[-108.7296,43.2961],[-108.7407,43.3052],[-108.7229,43.3052],[-108.7052,43.3052],[-108.6874,43.3052],[-108.6697,43.3052],[-108.6519,43.3052],[-108.6342,43.3052],[-108.6164,43.3052],[-108.5987,43.3051],[-108.6049,43.3185],[-108.6111,43.3318],[-108.6172,43.3452],[-108.6234,43.3585],[-108.6055,43.3564],[-108.5875,43.3543],[-108.5696,43.3522],[-108.5516,43.3501],[-108.5336,43.3479],[-108.5157,43.3458],[-108.4977,43.3437],[-108.4797,43.3416],[-108.4678,43.3293],[-108.456,43.317],[-108.4315,43.3213],[-108.4071,43.3256],[-108.3827,43.3299],[-108.3582,43.3342],[-108.3338,43.3384],[-108.3094,43.3427],[-108.2849,43.347],[-108.2605,43.3513],[-108.2376,43.3561],[-108.2148,43.361],[-108.2058,43.3748],[-108.1968,43.3885],[-108.1878,43.4023],[-108.1788,43.4161],[-108.1682,43.4322],[-108.1575,43.4483],[-108.1579,43.4589],[-108.1804,43.459],[-108.203,43.4591],[-108.2255,43.4592],[-108.248,43.4594],[-108.2706,43.4595],[-108.2931,43.4596],[-108.3156,43.4597],[-108.3381,43.4598],[-108.3679,43.4635],[-108.3976,43.4671],[-108.4273,43.4708],[-108.457,43.4744],[-108.457,43.5032],[-108.4868,43.5032],[-108.5167,43.5032],[-108.5466,43.5031],[-108.5765,43.5031],[-108.5761,43.5325],[-108.6058,43.5325],[-108.6356,43.5324],[-108.6654,43.5324],[-108.6952,43.5323],[-108.6947,43.5759],[-108.7247,43.5759],[-108.7547,43.5759],[-108.7847,43.5758],[-108.8147,43.5758],[-108.8142,43.6057],[-108.8441,43.6093],[-108.8741,43.6129],[-108.904,43.6165],[-108.9339,43.6201],[-108.9637,43.6201],[-108.9934,43.62],[-109.0232,43.62],[-109.0529,43.62],[-109.0826,43.6199],[-109.1124,43.6198],[-109.1421,43.6198],[-109.1719,43.6197],[-109.1719,43.6988]]]},"properties":{"OBJECTID":332,"state":"Wyoming","agency":"Wyoming Game and Fish Department","unit_type":"DHA","unit_id":"171","unit_name":"Crowheart Butte","unit_label":"Wyoming DHA 171 - Crowheart Butte","aliases":"171 | 171 crowheart butte | 2026 | crowheart butte | dha | dha 171 | dha 171 crowheart butte | wyoming | wyoming 171 | wyoming 171 crowheart butte | wyoming dha 171 | wyoming dha 171 crowheart butte | wyoming game and fish department | wyoming game and f","year":"2026","Shape_Length":495000.88036117936,"Shape_Area":6197465079.340659}},{"type":"Feature","id":333,"geometry":{"type":"Polygon","coordinates":[[[-107.5754,43.7101],[-107.5987,43.7148],[-107.622,43.7196],[-107.6453,43.7244],[-107.6686,43.7291],[-107.692,43.7339],[-107.7153,43.7386],[-107.7386,43.7434],[-107.7619,43.7481],[-107.7745,43.7363],[-107.7871,43.7245],[-107.7996,43.7127],[-107.8122,43.7008],[-107.8416,43.6978],[-107.8709,43.6948],[-107.8893,43.7019],[-107.9076,43.7089],[-107.9021,43.6928],[-107.8966,43.6766],[-107.8912,43.6604],[-107.8857,43.6442],[-107.871,43.631],[-107.8562,43.6179],[-107.8415,43.6047],[-107.8268,43.5916],[-107.8157,43.57],[-107.8046,43.5483],[-107.7935,43.5267],[-107.7825,43.5051],[-107.7739,43.5144],[-107.7653,43.5237],[-107.7567,43.5331],[-107.7481,43.5424],[-107.7209,43.5445],[-107.6936,43.5466],[-107.6664,43.5487],[-107.6392,43.5508],[-107.6323,43.5351],[-107.6254,43.5194],[-107.6185,43.5036],[-107.6116,43.4879],[-107.5926,43.4819],[-107.5736,43.4759],[-107.5589,43.4947],[-107.5443,43.5135],[-107.5297,43.5323],[-107.515,43.5511],[-107.5008,43.5589],[-107.4866,43.5667],[-107.4724,43.5745],[-107.4581,43.5823],[-107.45,43.6148],[-107.4418,43.6472],[-107.4536,43.6569],[-107.4654,43.6665],[-107.4771,43.6761],[-107.4889,43.6857],[-107.5007,43.6953],[-107.5124,43.7049],[-107.5242,43.7146],[-107.536,43.7242],[-107.5557,43.7171],[-107.5754,43.7101]]]},"properties":{"OBJECTID":333,"state":"Wyoming","agency":"Wyoming Game and Fish Department","unit_type":"DHA","unit_id":"39","unit_name":"Bates Creek","unit_label":"Wyoming DHA 39 - Bates Creek","aliases":"2026 | 39 | 39 bates creek | bates creek | dha | dha 39 | dha 39 bates creek | wyoming | wyoming 39 | wyoming 39 bates creek | wyoming dha 39 | wyoming dha 39 bates creek | wyoming game and fish department | wyoming game and fish department 39","year":"2026","Shape_Length":117804.64796209682,"Shape_Area":662963388.6814976}},{"type":"Feature","id":334,"geometry":{"type":"Polygon","coordinates":[[[-106.9129,43.6601],[-106.9364,43.6616],[-106.9598,43.6632],[-106.9833,43.6648],[-107.0068,43.6663],[-107.0219,43.6625],[-107.0371,43.6586],[-107.0522,43.6548],[-107.0674,43.651],[-107.0825,43.6472],[-107.0976,43.6433],[-107.1128,43.6395],[-107.1279,43.6356],[-107.1463,43.6421],[-107.1647,43.6485],[-107.1569,43.6289],[-107.149,43.6093],[-107.1412,43.5897],[-107.1334,43.5702],[-107.1401,43.5419],[-107.1468,43.5137],[-107.1338,43.4996],[-107.1209,43.4855],[-107.108,43.4714],[-107.0951,43.4573],[-107.0781,43.4535],[-107.0611,43.4497],[-107.0441,43.4459],[-107.027,43.4422],[-107.01,43.4384],[-106.993,43.4346],[-106.976,43.4308],[-106.959,43.427],[-106.9511,43.4387],[-106.9433,43.4503],[-106.9355,43.462],[-106.9277,43.4736],[-106.9199,43.4853],[-106.9121,43.4969],[-106.9043,43.5086],[-106.8964,43.5203],[-106.8748,43.529],[-106.8531,43.5377],[-106.8606,43.553],[-106.8681,43.5683],[-106.8755,43.5836],[-106.883,43.5989],[-106.8905,43.6142],[-106.8979,43.6295],[-106.9054,43.6448],[-106.9129,43.6601]]]},"properties":{"OBJECTID":334,"state":"Wyoming","agency":"Wyoming Game and Fish Department","unit_type":"DHA","unit_id":"163","unit_name":"Middle Fork","unit_label":"Wyoming DHA 163 - Middle Fork","aliases":"163 | 163 middle fork | 2026 | dha | dha 163 | dha 163 middle fork | middle fork | wyoming | wyoming 163 | wyoming 163 middle fork | wyoming dha 163 | wyoming dha 163 middle fork | wyoming game and fish department | wyoming game and fish department 163","year":"2026","Shape_Length":85711.13262289215,"Shape_Area":456987492.88545036}},{"type":"Feature","id":335,"geometry":{"type":"Polygon","coordinates":[[[-106.4105,43.6249],[-106.4259,43.6215],[-106.4414,43.6181],[-106.4568,43.6147],[-106.4722,43.6113],[-106.4876,43.6079],[-106.5031,43.6045],[-106.5185,43.6011],[-106.5339,43.5977],[-106.5223,43.5838],[-106.5107,43.5699],[-106.4991,43.5559],[-106.4876,43.542],[-106.476,43.5281],[-106.4644,43.5141],[-106.4529,43.5002],[-106.4413,43.4863],[-106.4278,43.4806],[-106.4143,43.4749],[-106.4008,43.4693],[-106.3873,43.4636],[-106.3854,43.4235],[-106.3564,43.4201],[-106.3275,43.4166],[-106.2985,43.4132],[-106.2696,43.4098],[-106.2607,43.4182],[-106.2519,43.4265],[-106.2431,43.4349],[-106.2343,43.4433],[-106.2255,43.4517],[-106.2167,43.4601],[-106.2078,43.4685],[-106.199,43.4768],[-106.1902,43.4852],[-106.1814,43.4936],[-106.1725,43.502],[-106.1637,43.5104],[-106.1549,43.5187],[-106.146,43.5271],[-106.1372,43.5355],[-106.1283,43.5439],[-106.1446,43.5591],[-106.1608,43.5744],[-106.177,43.5896],[-106.1932,43.6048],[-106.2204,43.6074],[-106.2475,43.6099],[-106.2747,43.6124],[-106.3018,43.6149],[-106.329,43.6174],[-106.3562,43.6199],[-106.3833,43.6224],[-106.4105,43.6249]]]},"properties":{"OBJECTID":335,"state":"Wyoming","agency":"Wyoming Game and Fish Department","unit_type":"DHA","unit_id":"31","unit_name":"Salt Creek","unit_label":"Wyoming DHA 31 - Salt Creek","aliases":"2026 | 31 | 31 salt creek | dha | dha 31 | dha 31 salt creek | salt creek | wyoming | wyoming 31 | wyoming 31 salt creek | wyoming dha 31 | wyoming dha 31 salt creek | wyoming game and fish department | wyoming game and fish department 31","year":"2026","Shape_Length":88821.76962667698,"Shape_Area":485199709.58720165}},{"type":"Feature","id":336,"geometry":{"type":"Polygon","coordinates":[[[-110.7406,43.5268],[-110.7437,43.555],[-110.7468,43.5832],[-110.7499,43.6113],[-110.753,43.6395],[-110.7602,43.6287],[-110.7675,43.6179],[-110.7748,43.6071],[-110.782,43.5963],[-110.8024,43.6041],[-110.8228,43.6118],[-110.8414,43.6025],[-110.8599,43.5931],[-110.8785,43.5838],[-110.897,43.5744],[-110.9102,43.5665],[-110.9233,43.5587],[-110.9365,43.5508],[-110.9497,43.5429],[-110.9552,43.4972],[-110.9264,43.4976],[-110.8976,43.498],[-110.8688,43.4983],[-110.84,43.4987],[-110.8206,43.4954],[-110.8012,43.492],[-110.7818,43.4887],[-110.7625,43.4854],[-110.7515,43.5061],[-110.7406,43.5268]]]},"properties":{"OBJECTID":336,"state":"Wyoming","agency":"Wyoming Game and Fish Department","unit_type":"DHA","unit_id":"150","unit_name":"Wilson","unit_label":"Wyoming DHA 150 - Wilson","aliases":"150 | 150 wilson | 2026 | dha | dha 150 | dha 150 wilson | wilson | wyoming | wyoming 150 | wyoming 150 wilson | wyoming dha 150 | wyoming dha 150 wilson | wyoming game and fish department | wyoming game and fish department 150","year":"2026","Shape_Length":60226.33627431396,"Shape_Area":175351037.863291}},{"type":"Feature","id":337,"geometry":{"type":"Polygon","coordinates":[[[-106.5339,43.5977],[-106.5436,43.6054],[-106.5533,43.613],[-106.563,43.6207],[-106.5727,43.6283],[-106.5818,43.612],[-106.5908,43.5957],[-106.5998,43.5795],[-106.6089,43.5632],[-106.6179,43.5469],[-106.6269,43.5306],[-106.6359,43.5143],[-106.6449,43.498],[-106.6593,43.4925],[-106.6736,43.487],[-106.6879,43.4814],[-106.7022,43.4759],[-106.7165,43.4704],[-106.7308,43.4648],[-106.7451,43.4593],[-106.7594,43.4537],[-106.7737,43.4482],[-106.788,43.4427],[-106.8022,43.4371],[-106.8165,43.4316],[-106.8308,43.426],[-106.8451,43.4205],[-106.8594,43.4149],[-106.8736,43.4094],[-106.8912,43.4124],[-106.9087,43.4154],[-106.9262,43.4183],[-106.9437,43.4213],[-106.9239,43.4092],[-106.9042,43.3972],[-106.8844,43.3851],[-106.8647,43.373],[-106.8392,43.3725],[-106.8137,43.3721],[-106.7882,43.3717],[-106.7627,43.3712],[-106.7416,43.3599],[-106.7206,43.3485],[-106.6995,43.3372],[-106.6785,43.3258],[-106.6589,43.3283],[-106.6394,43.3308],[-106.6199,43.3333],[-106.6003,43.3358],[-106.5808,43.3383],[-106.5612,43.3408],[-106.5417,43.3432],[-106.5222,43.3457],[-106.5145,43.3603],[-106.5067,43.3748],[-106.499,43.3894],[-106.4913,43.4039],[-106.4648,43.4088],[-106.4384,43.4137],[-106.4119,43.4186],[-106.3854,43.4235],[-106.3873,43.4636],[-106.4008,43.4693],[-106.4143,43.4749],[-106.4278,43.4806],[-106.4413,43.4863],[-106.4529,43.5002],[-106.4644,43.5141],[-106.476,43.5281],[-106.4876,43.542],[-106.4991,43.5559],[-106.5107,43.5699],[-106.5223,43.5838],[-106.5339,43.5977]]]},"properties":{"OBJECTID":337,"state":"Wyoming","agency":"Wyoming Game and Fish Department","unit_type":"DHA","unit_id":"169","unit_name":"Tisdale Mountain","unit_label":"Wyoming DHA 169 - Tisdale Mountain","aliases":"169 | 169 tisdale mountain | 2026 | dha | dha 169 | dha 169 tisdale mountain | tisdale mountain | wyoming | wyoming 169 | wyoming 169 tisdale mountain | wyoming dha 169 | wyoming dha 169 tisdale mountain | wyoming game and fish department | wyoming game","year":"2026","Shape_Length":124637.69995414917,"Shape_Area":606789291.2617074}},{"type":"Feature","id":338,"geometry":{"type":"Polygon","coordinates":[[[-107.6392,43.5508],[-107.6664,43.5487],[-107.6936,43.5466],[-107.7209,43.5445],[-107.7481,43.5424],[-107.7567,43.5331],[-107.7653,43.5237],[-107.7739,43.5144],[-107.7825,43.5051],[-107.7768,43.4908],[-107.7712,43.4765],[-107.7881,43.4783],[-107.805,43.4802],[-107.8218,43.482],[-107.8387,43.4838],[-107.8556,43.4857],[-107.8725,43.4875],[-107.8894,43.4893],[-107.9062,43.4911],[-107.9275,43.4787],[-107.9488,43.4662],[-107.9701,43.4537],[-107.9914,43.4412],[-108.0158,43.4474],[-108.0402,43.4535],[-108.0647,43.4596],[-108.0891,43.4657],[-108.1062,43.4614],[-108.1233,43.457],[-108.1404,43.4527],[-108.1575,43.4483],[-108.1682,43.4322],[-108.1788,43.4161],[-108.1683,43.3937],[-108.1578,43.3714],[-108.1473,43.3491],[-108.1368,43.3267],[-108.1488,43.3185],[-108.1608,43.3102],[-108.1728,43.3019],[-108.1847,43.2937],[-108.1815,43.2191],[-108.1559,43.2257],[-108.1381,43.2285],[-108.1204,43.2313],[-108.1026,43.2341],[-108.0849,43.2369],[-108.0571,43.2331],[-108.0294,43.2294],[-108.0016,43.2256],[-107.9739,43.2217],[-107.9556,43.2154],[-107.9374,43.209],[-107.9191,43.2027],[-107.9009,43.1963],[-107.8826,43.1899],[-107.8644,43.1835],[-107.8462,43.1772],[-107.8279,43.1708],[-107.8032,43.1668],[-107.7785,43.1628],[-107.7538,43.1589],[-107.7291,43.1549],[-107.7044,43.1509],[-107.6797,43.1469],[-107.655,43.143],[-107.6303,43.139],[-107.6018,43.1387],[-107.5733,43.1383],[-107.5448,43.138],[-107.5163,43.1377],[-107.4878,43.1374],[-107.4593,43.137],[-107.4308,43.1367],[-107.4023,43.1363],[-107.3873,43.1289],[-107.3724,43.1215],[-107.3574,43.1141],[-107.3425,43.1067],[-107.3275,43.0993],[-107.3126,43.0919],[-107.2977,43.0845],[-107.2828,43.0771],[-107.2611,43.0754],[-107.2395,43.0737],[-107.2179,43.0721],[-107.1963,43.0704],[-107.1964,43.0707],[-107.2015,43.0912],[-107.2066,43.1117],[-107.2195,43.1276],[-107.2324,43.1435],[-107.2454,43.1594],[-107.2583,43.1752],[-107.2713,43.1911],[-107.2842,43.207],[-107.2972,43.2229],[-107.3102,43.2387],[-107.3312,43.2426],[-107.3522,43.2465],[-107.3732,43.2503],[-107.3942,43.2542],[-107.4016,43.2852],[-107.409,43.3163],[-107.3978,43.3287],[-107.3865,43.3411],[-107.3752,43.3535],[-107.3639,43.3659],[-107.3527,43.3783],[-107.3414,43.3907],[-107.3301,43.4031],[-107.3188,43.4155],[-107.3058,43.4205],[-107.2927,43.4254],[-107.2797,43.4303],[-107.2666,43.4353],[-107.2917,43.4348],[-107.3168,43.4343],[-107.342,43.4338],[-107.3671,43.4333],[-107.3923,43.4403],[-107.4176,43.4473],[-107.4429,43.4543],[-107.4681,43.4612],[-107.4918,43.4597],[-107.5154,43.4582],[-107.5391,43.4566],[-107.5627,43.4551],[-107.5736,43.4759],[-107.5926,43.4819],[-107.6116,43.4879],[-107.6185,43.5036],[-107.6254,43.5194],[-107.6323,43.5351],[-107.6392,43.5508]]]},"properties":{"OBJECTID":338,"state":"Wyoming","agency":"Wyoming Game and Fish Department","unit_type":"DHA","unit_id":"36","unit_name":"Badwater","unit_label":"Wyoming DHA 36 - Badwater","aliases":"2026 | 36 | 36 badwater | badwater | dha | dha 36 | dha 36 badwater | wyoming | wyoming 36 | wyoming 36 badwater | wyoming dha 36 | wyoming dha 36 badwater | wyoming game and fish department | wyoming game and fish department 36","year":"2026","Shape_Length":254113.6646222699,"Shape_Area":2357563424.8204126}},{"type":"Feature","id":339,"geometry":{"type":"Polygon","coordinates":[[[-110.9552,43.4972],[-110.9777,43.5086],[-111.0002,43.52],[-111.0227,43.5314],[-111.0452,43.5428],[-111.0467,43.5435],[-111.046,43.3589],[-111.0453,43.1744],[-111.0453,43.1742],[-111.0444,43.174],[-111.0296,43.1707],[-111.0147,43.1673],[-110.9916,43.1748],[-110.9685,43.1822],[-110.9454,43.1896],[-110.9222,43.1971],[-110.9048,43.1992],[-110.8874,43.2014],[-110.8699,43.2035],[-110.8525,43.2057],[-110.835,43.2078],[-110.8176,43.21],[-110.8001,43.2121],[-110.7827,43.2142],[-110.788,43.2446],[-110.7933,43.2749],[-110.7836,43.2848],[-110.7739,43.2948],[-110.7642,43.3047],[-110.7546,43.3147],[-110.7449,43.3246],[-110.7352,43.3346],[-110.7255,43.3445],[-110.7158,43.3545],[-110.7336,43.3647],[-110.7515,43.3749],[-110.7693,43.3852],[-110.7872,43.3954],[-110.8051,43.4056],[-110.823,43.4158],[-110.8409,43.4261],[-110.8588,43.4363],[-110.8541,43.4519],[-110.8494,43.4675],[-110.8447,43.4831],[-110.84,43.4987],[-110.8688,43.4983],[-110.8976,43.498],[-110.9264,43.4976],[-110.9552,43.4972]]]},"properties":{"OBJECTID":339,"state":"Wyoming","agency":"Wyoming Game and Fish Department","unit_type":"DHA","unit_id":"151","unit_name":"Fall Creek","unit_label":"Wyoming DHA 151 - Fall Creek","aliases":"151 | 151 fall creek | 2026 | dha | dha 151 | dha 151 fall creek | fall creek | wyoming | wyoming 151 | wyoming 151 fall creek | wyoming dha 151 | wyoming dha 151 fall creek | wyoming game and fish department | wyoming game and fish department 151","year":"2026","Shape_Length":121240.23238318272,"Shape_Area":717637787.4672456}},{"type":"Feature","id":340,"geometry":{"type":"Polygon","coordinates":[[[-107.0951,43.4573],[-107.108,43.4714],[-107.1209,43.4855],[-107.1338,43.4996],[-107.1468,43.5137],[-107.1618,43.5039],[-107.1767,43.4941],[-107.1917,43.4843],[-107.2067,43.4745],[-107.2217,43.4647],[-107.2367,43.4549],[-107.2517,43.4451],[-107.2666,43.4353],[-107.2797,43.4303],[-107.2927,43.4254],[-107.3058,43.4205],[-107.3188,43.4155],[-107.3301,43.4031],[-107.3414,43.3907],[-107.3527,43.3783],[-107.3639,43.3659],[-107.3752,43.3535],[-107.3865,43.3411],[-107.3978,43.3287],[-107.409,43.3163],[-107.4016,43.2852],[-107.3942,43.2542],[-107.3732,43.2503],[-107.3522,43.2465],[-107.3312,43.2426],[-107.3102,43.2387],[-107.2972,43.2229],[-107.2842,43.207],[-107.2713,43.1911],[-107.2583,43.1752],[-107.2454,43.1594],[-107.2324,43.1435],[-107.2195,43.1276],[-107.2066,43.1117],[-107.2015,43.0912],[-107.1964,43.0707],[-107.1809,43.0679],[-107.1654,43.0651],[-107.1499,43.0622],[-107.1344,43.0594],[-107.1189,43.0566],[-107.1034,43.0538],[-107.0879,43.0509],[-107.0725,43.0481],[-107.057,43.0453],[-107.0415,43.0424],[-107.026,43.0396],[-107.0105,43.0368],[-106.995,43.0339],[-106.9795,43.0311],[-106.964,43.0283],[-106.9486,43.0254],[-106.926,43.0258],[-106.9035,43.0262],[-106.8809,43.0265],[-106.8584,43.0269],[-106.8358,43.0273],[-106.8133,43.0276],[-106.7908,43.028],[-106.7682,43.0283],[-106.7521,43.0189],[-106.736,43.0095],[-106.72,43.0001],[-106.7039,42.9907],[-106.6878,42.9812],[-106.6717,42.9718],[-106.6557,42.9624],[-106.6396,42.953],[-106.6207,42.9464],[-106.6017,42.9397],[-106.5828,42.9331],[-106.5638,42.9265],[-106.5449,42.9199],[-106.526,42.9133],[-106.507,42.9067],[-106.4881,42.9001],[-106.4692,42.8935],[-106.4503,42.8868],[-106.4313,42.8802],[-106.4124,42.8736],[-106.3935,42.8669],[-106.3746,42.8603],[-106.3557,42.8537],[-106.3368,42.847],[-106.3279,42.857],[-106.3305,42.9213],[-106.333,42.9856],[-106.3356,43.0499],[-106.3382,43.1141],[-106.3324,43.1466],[-106.3266,43.1792],[-106.3209,43.2117],[-106.3151,43.2442],[-106.3,43.2618],[-106.2849,43.2795],[-106.2698,43.2972],[-106.2547,43.3149],[-106.2584,43.3386],[-106.2621,43.3623],[-106.2658,43.386],[-106.2696,43.4098],[-106.2985,43.4132],[-106.3275,43.4166],[-106.3564,43.4201],[-106.3854,43.4235],[-106.4119,43.4186],[-106.4384,43.4137],[-106.4648,43.4088],[-106.4913,43.4039],[-106.499,43.3894],[-106.5067,43.3748],[-106.5145,43.3603],[-106.5222,43.3457],[-106.5417,43.3432],[-106.5612,43.3408],[-106.5808,43.3383],[-106.6003,43.3358],[-106.6199,43.3333],[-106.6394,43.3308],[-106.6589,43.3283],[-106.6785,43.3258],[-106.6995,43.3372],[-106.7206,43.3485],[-106.7416,43.3599],[-106.7627,43.3712],[-106.7882,43.3717],[-106.8137,43.3721],[-106.8392,43.3725],[-106.8647,43.373],[-106.8844,43.3851],[-106.9042,43.3972],[-106.9239,43.4092],[-106.9437,43.4213],[-106.959,43.427],[-106.976,43.4308],[-106.993,43.4346],[-107.01,43.4384],[-107.027,43.4422],[-107.0441,43.4459],[-107.0611,43.4497],[-107.0781,43.4535],[-107.0951,43.4573]]]},"properties":{"OBJECTID":340,"state":"Wyoming","agency":"Wyoming Game and Fish Department","unit_type":"DHA","unit_id":"34","unit_name":"North Natrona","unit_label":"Wyoming DHA 34 - North Natrona","aliases":"2026 | 34 | 34 north natrona | dha | dha 34 | dha 34 north natrona | north natrona | wyoming | wyoming 34 | wyoming 34 north natrona | wyoming dha 34 | wyoming dha 34 north natrona | wyoming game and fish department | wyoming game and fish department 34","year":"2026","Shape_Length":290384.7509075046,"Shape_Area":3745579963.3984685}},{"type":"Feature","id":341,"geometry":{"type":"Polygon","coordinates":[[[-110.1794,43.2719],[-110.1975,43.2761],[-110.2156,43.2802],[-110.2338,43.2844],[-110.2519,43.2886],[-110.257,43.3078],[-110.2622,43.327],[-110.2784,43.3351],[-110.2946,43.3433],[-110.3107,43.3514],[-110.3269,43.3595],[-110.3328,43.3456],[-110.3386,43.3316],[-110.3444,43.3177],[-110.3502,43.3038],[-110.356,43.2899],[-110.3618,43.276],[-110.3676,43.2621],[-110.3734,43.2482],[-110.3891,43.2443],[-110.4049,43.2404],[-110.4206,43.2365],[-110.4364,43.2326],[-110.4278,43.2219],[-110.4192,43.2112],[-110.4107,43.2006],[-110.4021,43.1899],[-110.3935,43.1792],[-110.385,43.1685],[-110.3764,43.1578],[-110.3679,43.1471],[-110.3894,43.1356],[-110.411,43.124],[-110.4325,43.1124],[-110.454,43.1008],[-110.4619,43.0706],[-110.4697,43.0405],[-110.4526,43.0451],[-110.4354,43.0497],[-110.4183,43.0543],[-110.4011,43.0589],[-110.384,43.0635],[-110.3668,43.0681],[-110.3496,43.0727],[-110.3325,43.0773],[-110.3117,43.075],[-110.2909,43.0727],[-110.2799,43.0802],[-110.2689,43.0878],[-110.2579,43.0954],[-110.2469,43.1029],[-110.2359,43.1105],[-110.2249,43.118],[-110.2138,43.1256],[-110.2028,43.1332],[-110.2016,43.2113],[-110.1793,43.2133],[-110.1569,43.2152],[-110.1625,43.2294],[-110.1681,43.2435],[-110.1737,43.2577],[-110.1794,43.2719]]]},"properties":{"OBJECTID":341,"state":"Wyoming","agency":"Wyoming Game and Fish Department","unit_type":"DHA","unit_id":"154","unit_name":"Raspberry Ridge","unit_label":"Wyoming DHA 154 - Raspberry Ridge","aliases":"154 | 154 raspberry ridge | 2026 | dha | dha 154 | dha 154 raspberry ridge | raspberry ridge | wyoming | wyoming 154 | wyoming 154 raspberry ridge | wyoming dha 154 | wyoming dha 154 raspberry ridge | wyoming game and fish department | wyoming game and f","year":"2026","Shape_Length":105851.92560815206,"Shape_Area":444430492.53172654}},{"type":"Feature","id":342,"geometry":{"type":"Polygon","coordinates":[[[-108.4797,43.3416],[-108.4977,43.3437],[-108.5157,43.3458],[-108.5336,43.3479],[-108.5516,43.3501],[-108.5696,43.3522],[-108.5875,43.3543],[-108.6055,43.3564],[-108.6234,43.3585],[-108.6172,43.3452],[-108.6111,43.3318],[-108.6049,43.3185],[-108.5987,43.3051],[-108.6164,43.3052],[-108.6342,43.3052],[-108.6519,43.3052],[-108.6697,43.3052],[-108.6874,43.3052],[-108.7052,43.3052],[-108.7229,43.3052],[-108.7407,43.3052],[-108.7296,43.2961],[-108.7185,43.2871],[-108.7074,43.278],[-108.6963,43.2689],[-108.7114,43.2561],[-108.7264,43.2434],[-108.7426,43.2425],[-108.7588,43.2415],[-108.775,43.2406],[-108.7912,43.2397],[-108.8074,43.2388],[-108.8236,43.2379],[-108.8398,43.2369],[-108.856,43.236],[-108.8722,43.2351],[-108.8884,43.2342],[-108.9046,43.2332],[-108.9208,43.2323],[-108.937,43.2314],[-108.9532,43.2304],[-108.9694,43.2295],[-108.9856,43.2285],[-108.9606,43.2241],[-108.9356,43.2196],[-108.9106,43.2152],[-108.8856,43.2107],[-108.8607,43.2063],[-108.8357,43.2018],[-108.8107,43.1973],[-108.7857,43.1928],[-108.7757,43.1841],[-108.7657,43.1753],[-108.7558,43.1666],[-108.7458,43.1578],[-108.7358,43.1491],[-108.7258,43.1403],[-108.7159,43.1316],[-108.7059,43.1228],[-108.6883,43.1153],[-108.6708,43.1078],[-108.6532,43.1003],[-108.6357,43.0928],[-108.6181,43.0853],[-108.6005,43.0778],[-108.583,43.0703],[-108.5654,43.0628],[-108.5558,43.0548],[-108.5461,43.0468],[-108.5364,43.0387],[-108.5268,43.0307],[-108.5091,43.0286],[-108.4915,43.0264],[-108.4738,43.0242],[-108.4562,43.0221],[-108.4386,43.0199],[-108.4209,43.0178],[-108.4033,43.0156],[-108.3856,43.0134],[-108.3739,42.9999],[-108.3622,42.9864],[-108.3505,42.9729],[-108.3388,42.9594],[-108.3271,42.9459],[-108.3154,42.9324],[-108.3037,42.9189],[-108.292,42.9054],[-108.2748,42.9054],[-108.2576,42.9054],[-108.2404,42.9054],[-108.2232,42.9054],[-108.2061,42.9054],[-108.1889,42.9054],[-108.1717,42.9054],[-108.1545,42.9054],[-108.1552,43.0655],[-108.1559,43.2257],[-108.1815,43.2191],[-108.1898,43.2387],[-108.1981,43.2583],[-108.2064,43.2779],[-108.2147,43.2975],[-108.2068,43.3073],[-108.199,43.317],[-108.1911,43.3268],[-108.1833,43.3366],[-108.2026,43.3402],[-108.2219,43.3439],[-108.2412,43.3476],[-108.2605,43.3513],[-108.2849,43.347],[-108.3094,43.3427],[-108.3338,43.3384],[-108.3582,43.3342],[-108.3827,43.3299],[-108.4071,43.3256],[-108.4315,43.3213],[-108.456,43.317],[-108.4678,43.3293],[-108.4797,43.3416]]]},"properties":{"OBJECTID":342,"state":"Wyoming","agency":"Wyoming Game and Fish Department","unit_type":"DHA","unit_id":"157","unit_name":"Boysen","unit_label":"Wyoming DHA 157 - Boysen","aliases":"157 | 157 boysen | 2026 | boysen | dha | dha 157 | dha 157 boysen | wyoming | wyoming 157 | wyoming 157 boysen | wyoming dha 157 | wyoming dha 157 boysen | wyoming game and fish department | wyoming game and fish department 157","year":"2026","Shape_Length":219658.28794027652,"Shape_Area":1714832804.062119}},{"type":"Feature","id":343,"geometry":{"type":"Polygon","coordinates":[[[-104.0543,43.3043],[-104.0725,43.3041],[-104.0906,43.3039],[-104.1087,43.3036],[-104.1268,43.3034],[-104.1485,43.292],[-104.1702,43.2806],[-104.1918,43.2692],[-104.2135,43.2579],[-104.2337,43.2546],[-104.2538,43.2514],[-104.274,43.2481],[-104.2942,43.2449],[-104.3033,43.2258],[-104.3125,43.2068],[-104.3216,43.1877],[-104.3307,43.1687],[-104.3529,43.1788],[-104.375,43.1889],[-104.3972,43.199],[-104.4194,43.2092],[-104.4416,43.2193],[-104.4638,43.2294],[-104.486,43.2395],[-104.5082,43.2496],[-104.5358,43.2553],[-104.5634,43.2609],[-104.591,43.2666],[-104.6186,43.2722],[-104.6211,43.2232],[-104.6236,43.1741],[-104.6261,43.1251],[-104.6286,43.0761],[-104.6204,43.0657],[-104.6123,43.0553],[-104.582,43.0543],[-104.5517,43.0534],[-104.5214,43.0524],[-104.491,43.0514],[-104.4607,43.0503],[-104.4304,43.0493],[-104.4001,43.0483],[-104.3698,43.0473],[-104.3667,42.9965],[-104.3636,42.9458],[-104.338,42.9453],[-104.3123,42.9449],[-104.2867,42.9445],[-104.2611,42.944],[-104.2351,42.9348],[-104.2091,42.9257],[-104.1831,42.9165],[-104.1571,42.9073],[-104.1311,42.8981],[-104.1051,42.8889],[-104.0791,42.8797],[-104.0532,42.8704],[-104.0538,43.0874],[-104.0543,43.3043]]]},"properties":{"OBJECTID":343,"state":"Wyoming","agency":"Wyoming Game and Fish Department","unit_type":"DHA","unit_id":"12","unit_name":"Hat Creek","unit_label":"Wyoming DHA 12 - Hat Creek","aliases":"12 | 12 hat creek | 2026 | dha | dha 12 | dha 12 hat creek | hat creek | wyoming | wyoming 12 | wyoming 12 hat creek | wyoming dha 12 | wyoming dha 12 hat creek | wyoming game and fish department | wyoming game and fish department 12","year":"2026","Shape_Length":187595.0150759246,"Shape_Area":1387137329.1045163}},{"type":"Feature","id":344,"geometry":{"type":"Polygon","coordinates":[[[-110.4364,43.2326],[-110.4509,43.2367],[-110.4654,43.2409],[-110.4799,43.245],[-110.4944,43.2491],[-110.5015,43.2193],[-110.5086,43.1895],[-110.5157,43.1596],[-110.5228,43.1298],[-110.5446,43.1226],[-110.5664,43.1155],[-110.5881,43.1083],[-110.6099,43.1011],[-110.5901,43.0926],[-110.5703,43.084],[-110.5855,43.0747],[-110.6007,43.0653],[-110.616,43.0559],[-110.6312,43.0465],[-110.6377,43.0227],[-110.6442,42.9989],[-110.6258,42.9984],[-110.6074,42.9979],[-110.5889,42.9975],[-110.5705,42.997],[-110.5631,42.9828],[-110.5557,42.9685],[-110.545,42.9775],[-110.5342,42.9865],[-110.5235,42.9955],[-110.5127,43.0045],[-110.502,43.0135],[-110.4912,43.0225],[-110.4805,43.0315],[-110.4697,43.0405],[-110.4619,43.0706],[-110.454,43.1008],[-110.4325,43.1124],[-110.411,43.124],[-110.3894,43.1356],[-110.3679,43.1471],[-110.3764,43.1578],[-110.385,43.1685],[-110.3935,43.1792],[-110.4021,43.1899],[-110.4107,43.2006],[-110.4192,43.2112],[-110.4278,43.2219],[-110.4364,43.2326]]]},"properties":{"OBJECTID":344,"state":"Wyoming","agency":"Wyoming Game and Fish Department","unit_type":"DHA","unit_id":"153","unit_name":"Monument Ridge","unit_label":"Wyoming DHA 153 - Monument Ridge","aliases":"153 | 153 monument ridge | 2026 | dha | dha 153 | dha 153 monument ridge | monument ridge | wyoming | wyoming 153 | wyoming 153 monument ridge | wyoming dha 153 | wyoming dha 153 monument ridge | wyoming game and fish department | wyoming game and fish d","year":"2026","Shape_Length":88522.14438350998,"Shape_Area":282734505.2050195}},{"type":"Feature","id":345,"geometry":{"type":"Polygon","coordinates":[[[-109.8181,43.2062],[-109.8356,43.2087],[-109.8532,43.2112],[-109.8708,43.2138],[-109.8884,43.2163],[-109.9176,43.211],[-109.9468,43.2058],[-109.976,43.2006],[-110.0052,43.1953],[-110.0157,43.1858],[-110.0262,43.1762],[-110.0367,43.1666],[-110.0473,43.1571],[-110.0522,43.1435],[-110.0571,43.1299],[-110.0621,43.1163],[-110.067,43.1027],[-110.072,43.0891],[-110.0769,43.0755],[-110.0868,43.0483],[-110.1029,43.0339],[-110.119,43.0194],[-110.1066,43.0074],[-110.0943,42.9954],[-110.0889,42.9691],[-110.0835,42.9429],[-110.0782,42.9167],[-110.0728,42.8905],[-110.0483,42.8881],[-110.0238,42.8857],[-109.9993,42.8834],[-109.9748,42.881],[-109.9481,42.8773],[-109.9214,42.8737],[-109.8947,42.8701],[-109.8681,42.8664],[-109.8578,42.8792],[-109.8475,42.892],[-109.8371,42.9048],[-109.8268,42.9177],[-109.8165,42.9305],[-109.8062,42.9433],[-109.7958,42.9561],[-109.7855,42.9689],[-109.7804,42.9897],[-109.7752,43.0106],[-109.7701,43.0315],[-109.7649,43.0523],[-109.7598,43.0732],[-109.7546,43.094],[-109.7495,43.1149],[-109.7443,43.1358],[-109.7535,43.1446],[-109.7627,43.1534],[-109.772,43.1622],[-109.7812,43.171],[-109.7904,43.1798],[-109.7996,43.1886],[-109.8088,43.1974],[-109.8181,43.2062]]]},"properties":{"OBJECTID":345,"state":"Wyoming","agency":"Wyoming Game and Fish Department","unit_type":"DHA","unit_id":"140","unit_name":"New Fork","unit_label":"Wyoming DHA 140 - New Fork","aliases":"140 | 140 new fork | 2026 | dha | dha 140 | dha 140 new fork | new fork | wyoming | wyoming 140 | wyoming 140 new fork | wyoming dha 140 | wyoming dha 140 new fork | wyoming game and fish department | wyoming game and fish department 140","year":"2026","Shape_Length":111825.91642206715,"Shape_Area":854766612.7617626}},{"type":"Feature","id":346,"geometry":{"type":"Polygon","coordinates":[[[-110.7158,43.2044],[-110.7326,43.2069],[-110.7493,43.2093],[-110.766,43.2118],[-110.7827,43.2142],[-110.8001,43.2121],[-110.8176,43.21],[-110.835,43.2078],[-110.8525,43.2057],[-110.8699,43.2035],[-110.8874,43.2014],[-110.9048,43.1992],[-110.9222,43.1971],[-110.9454,43.1896],[-110.9685,43.1822],[-110.9916,43.1748],[-111.0147,43.1673],[-110.9983,43.1591],[-110.9819,43.1509],[-110.9655,43.1427],[-110.9491,43.1345],[-110.9443,43.1176],[-110.9394,43.1007],[-110.9346,43.0838],[-110.9298,43.0669],[-110.925,43.05],[-110.9202,43.0332],[-110.9154,43.0163],[-110.9106,42.9994],[-110.8963,42.9858],[-110.8821,42.9722],[-110.8679,42.9586],[-110.8537,42.945],[-110.8359,42.9368],[-110.8181,42.9286],[-110.8004,42.9205],[-110.7826,42.9123],[-110.7901,42.8954],[-110.7976,42.8786],[-110.8051,42.8617],[-110.8126,42.8449],[-110.8036,42.8191],[-110.7947,42.7933],[-110.7857,42.7675],[-110.7767,42.7418],[-110.7844,42.7136],[-110.792,42.6855],[-110.782,42.6655],[-110.772,42.6455],[-110.762,42.6255],[-110.752,42.6054],[-110.7423,42.5976],[-110.7327,42.5898],[-110.7235,42.5736],[-110.7144,42.5575],[-110.7052,42.5413],[-110.6961,42.5252],[-110.6761,42.5316],[-110.656,42.538],[-110.636,42.5444],[-110.616,42.5509],[-110.6206,42.5728],[-110.6252,42.5947],[-110.6297,42.6166],[-110.6343,42.6385],[-110.6243,42.6594],[-110.6143,42.6803],[-110.62,42.6996],[-110.6256,42.7188],[-110.6313,42.7381],[-110.637,42.7574],[-110.6368,42.8027],[-110.6107,42.7987],[-110.5845,42.7947],[-110.5888,42.8275],[-110.5931,42.8604],[-110.5974,42.8932],[-110.6017,42.926],[-110.6123,42.9442],[-110.623,42.9625],[-110.6336,42.9807],[-110.6442,42.9989],[-110.6377,43.0227],[-110.6312,43.0465],[-110.616,43.0559],[-110.6007,43.0653],[-110.5855,43.0747],[-110.5703,43.084],[-110.5901,43.0926],[-110.6099,43.1011],[-110.6351,43.0941],[-110.6603,43.0871],[-110.6672,43.1018],[-110.6742,43.1165],[-110.6811,43.1311],[-110.6881,43.1458],[-110.695,43.1604],[-110.7019,43.1751],[-110.7089,43.1898],[-110.7158,43.2044]]]},"properties":{"OBJECTID":346,"state":"Wyoming","agency":"Wyoming Game and Fish Department","unit_type":"DHA","unit_id":"144","unit_name":"Greys River","unit_label":"Wyoming DHA 144 - Greys River","aliases":"144 | 144 greys river | 2026 | dha | dha 144 | dha 144 greys river | greys river | wyoming | wyoming 144 | wyoming 144 greys river | wyoming dha 144 | wyoming dha 144 greys river | wyoming game and fish department | wyoming game and fish department 144","year":"2026","Shape_Length":205012.0588134782,"Shape_Area":1270357053.5981927}},{"type":"Feature","id":347,"geometry":{"type":"Polygon","coordinates":[[[-111.0147,43.1673],[-111.0296,43.1707],[-111.0444,43.174],[-111.0453,43.1742],[-111.045,43.1429],[-111.0449,42.9963],[-111.0456,42.8764],[-111.0462,42.7566],[-111.0468,42.6368],[-111.0474,42.517],[-111.0463,42.5166],[-111.0309,42.5078],[-111.0154,42.499],[-111.0023,42.5099],[-110.9891,42.5208],[-110.976,42.5316],[-110.9628,42.5425],[-110.9488,42.5302],[-110.9347,42.518],[-110.9207,42.5057],[-110.9066,42.4934],[-110.8826,42.4907],[-110.8586,42.4879],[-110.8456,42.4988],[-110.8326,42.5096],[-110.8196,42.5204],[-110.8066,42.5313],[-110.7936,42.5421],[-110.7806,42.553],[-110.7676,42.5638],[-110.7546,42.5746],[-110.752,42.6054],[-110.762,42.6255],[-110.772,42.6455],[-110.782,42.6655],[-110.792,42.6855],[-110.7844,42.7136],[-110.7767,42.7418],[-110.7857,42.7675],[-110.7947,42.7933],[-110.8036,42.8191],[-110.8126,42.8449],[-110.8051,42.8617],[-110.7976,42.8786],[-110.7901,42.8954],[-110.7826,42.9123],[-110.8004,42.9205],[-110.8181,42.9286],[-110.8359,42.9368],[-110.8537,42.945],[-110.8679,42.9586],[-110.8821,42.9722],[-110.8963,42.9858],[-110.9106,42.9994],[-110.9154,43.0163],[-110.9202,43.0332],[-110.925,43.05],[-110.9298,43.0669],[-110.9346,43.0838],[-110.9394,43.1007],[-110.9443,43.1176],[-110.9491,43.1345],[-110.9655,43.1427],[-110.9819,43.1509],[-110.9983,43.1591],[-111.0147,43.1673]]]},"properties":{"OBJECTID":347,"state":"Wyoming","agency":"Wyoming Game and Fish Department","unit_type":"DHA","unit_id":"145","unit_name":"Salt River","unit_label":"Wyoming DHA 145 - Salt River","aliases":"145 | 145 salt river | 2026 | dha | dha 145 | dha 145 salt river | salt river | wyoming | wyoming 145 | wyoming 145 salt river | wyoming dha 145 | wyoming dha 145 salt river | wyoming game and fish department | wyoming game and fish department 145","year":"2026","Shape_Length":185323.8294311514,"Shape_Area":1264639293.2249596}},{"type":"Feature","id":348,"geometry":{"type":"Polygon","coordinates":[[[-109.5527,43.0722],[-109.5625,43.0818],[-109.5722,43.0913],[-109.582,43.1008],[-109.5918,43.1104],[-109.6016,43.1199],[-109.6114,43.1295],[-109.6211,43.139],[-109.6309,43.1485],[-109.6593,43.1453],[-109.6876,43.1422],[-109.716,43.139],[-109.7443,43.1358],[-109.7495,43.1149],[-109.7546,43.094],[-109.7598,43.0732],[-109.7649,43.0523],[-109.7701,43.0315],[-109.7752,43.0106],[-109.7804,42.9897],[-109.7855,42.9689],[-109.7958,42.9561],[-109.8062,42.9433],[-109.8165,42.9305],[-109.8268,42.9177],[-109.8371,42.9048],[-109.8475,42.892],[-109.8578,42.8792],[-109.8681,42.8664],[-109.8947,42.8701],[-109.9214,42.8737],[-109.9481,42.8773],[-109.9748,42.881],[-109.97,42.8332],[-109.9652,42.7855],[-109.953,42.771],[-109.9407,42.7564],[-109.9483,42.7246],[-109.9559,42.6929],[-109.9494,42.6639],[-109.9429,42.635],[-109.9364,42.606],[-109.9299,42.577],[-109.9116,42.584],[-109.8932,42.591],[-109.8748,42.598],[-109.8564,42.605],[-109.8501,42.6198],[-109.8437,42.6346],[-109.8374,42.6494],[-109.831,42.6642],[-109.807,42.6696],[-109.783,42.6751],[-109.759,42.6806],[-109.7351,42.686],[-109.7294,42.723],[-109.7238,42.7601],[-109.7182,42.7971],[-109.7126,42.8342],[-109.6878,42.8386],[-109.663,42.843],[-109.6381,42.8474],[-109.6133,42.8518],[-109.5885,42.8562],[-109.5637,42.8606],[-109.5388,42.865],[-109.514,42.8693],[-109.4976,42.8615],[-109.4812,42.8537],[-109.4655,42.8624],[-109.4498,42.8712],[-109.4341,42.88],[-109.4184,42.8887],[-109.4026,42.8975],[-109.3869,42.9063],[-109.3712,42.915],[-109.3555,42.9238],[-109.3685,42.9304],[-109.3815,42.937],[-109.3945,42.9436],[-109.4075,42.9502],[-109.4205,42.9567],[-109.4335,42.9633],[-109.4465,42.9699],[-109.4595,42.9765],[-109.4826,42.9854],[-109.5057,42.9943],[-109.5288,43.0032],[-109.5519,43.0121],[-109.5527,43.0722]]]},"properties":{"OBJECTID":348,"state":"Wyoming","agency":"Wyoming Game and Fish Department","unit_type":"DHA","unit_id":"139","unit_name":"Pinedale","unit_label":"Wyoming DHA 139 - Pinedale","aliases":"139 | 139 pinedale | 2026 | dha | dha 139 | dha 139 pinedale | pinedale | wyoming | wyoming 139 | wyoming 139 pinedale | wyoming dha 139 | wyoming dha 139 pinedale | wyoming game and fish department | wyoming game and fish department 139","year":"2026","Shape_Length":192462.37599778367,"Shape_Area":1246420521.292466}},{"type":"Feature","id":349,"geometry":{"type":"Polygon","coordinates":[[[-110.119,43.0194],[-110.1295,43.0337],[-110.1399,43.0479],[-110.1504,43.0621],[-110.1609,43.0763],[-110.1714,43.0905],[-110.1819,43.1047],[-110.1923,43.1189],[-110.2028,43.1332],[-110.2138,43.1256],[-110.2249,43.118],[-110.2359,43.1105],[-110.2469,43.1029],[-110.2579,43.0954],[-110.2689,43.0878],[-110.2799,43.0802],[-110.2909,43.0727],[-110.3117,43.075],[-110.3325,43.0773],[-110.3496,43.0727],[-110.3668,43.0681],[-110.384,43.0635],[-110.4011,43.0589],[-110.4183,43.0543],[-110.4354,43.0497],[-110.4526,43.0451],[-110.4697,43.0405],[-110.4805,43.0315],[-110.4912,43.0225],[-110.502,43.0135],[-110.5127,43.0045],[-110.5235,42.9955],[-110.5342,42.9865],[-110.545,42.9775],[-110.5557,42.9685],[-110.5631,42.9828],[-110.5705,42.997],[-110.5889,42.9975],[-110.6074,42.9979],[-110.6258,42.9984],[-110.6442,42.9989],[-110.6336,42.9807],[-110.623,42.9625],[-110.6123,42.9442],[-110.6017,42.926],[-110.5974,42.8932],[-110.5931,42.8604],[-110.5888,42.8275],[-110.5845,42.7947],[-110.6107,42.7987],[-110.6368,42.8027],[-110.637,42.7574],[-110.6184,42.7569],[-110.5997,42.7565],[-110.581,42.7561],[-110.5623,42.7556],[-110.5471,42.7591],[-110.5318,42.7626],[-110.5166,42.7661],[-110.5013,42.7696],[-110.4861,42.773],[-110.4708,42.7765],[-110.4556,42.78],[-110.4403,42.7834],[-110.4124,42.7792],[-110.3845,42.7749],[-110.3566,42.7707],[-110.3287,42.7664],[-110.3078,42.7777],[-110.287,42.789],[-110.2614,42.7889],[-110.2358,42.7889],[-110.2101,42.7888],[-110.1845,42.7887],[-110.1704,42.7833],[-110.1562,42.7778],[-110.142,42.7724],[-110.1279,42.767],[-110.1137,42.7615],[-110.0995,42.7561],[-110.0854,42.7506],[-110.0712,42.7452],[-110.0629,42.7357],[-110.0546,42.7262],[-110.0463,42.7167],[-110.038,42.7072],[-110.0297,42.6976],[-110.0214,42.6881],[-110.0132,42.6786],[-110.0049,42.6691],[-109.9848,42.6675],[-109.9648,42.6659],[-109.9613,42.642],[-109.9579,42.6181],[-109.9545,42.5943],[-109.9511,42.5704],[-109.9299,42.577],[-109.9364,42.606],[-109.9429,42.635],[-109.9494,42.6639],[-109.9559,42.6929],[-109.9483,42.7246],[-109.9407,42.7564],[-109.953,42.771],[-109.9652,42.7855],[-109.97,42.8332],[-109.9748,42.881],[-109.9993,42.8834],[-110.0238,42.8857],[-110.0483,42.8881],[-110.0728,42.8905],[-110.0782,42.9167],[-110.0835,42.9429],[-110.0889,42.9691],[-110.0943,42.9954],[-110.1066,43.0074],[-110.119,43.0194]]]},"properties":{"OBJECTID":349,"state":"Wyoming","agency":"Wyoming Game and Fish Department","unit_type":"DHA","unit_id":"142","unit_name":"Piney-Horse Creek","unit_label":"Wyoming DHA 142 - Piney-Horse Creek","aliases":"142 | 142 piney horse creek | 2026 | dha | dha 142 | dha 142 piney horse creek | piney horse creek | wyoming | wyoming 142 | wyoming 142 piney horse creek | wyoming dha 142 | wyoming dha 142 piney horse creek | wyoming game and fish department | wyoming","year":"2026","Shape_Length":225283.23713629172,"Shape_Area":1552298881.380839}},{"type":"Feature","id":350,"geometry":{"type":"Polygon","coordinates":[[[-106.9486,43.0254],[-106.964,43.0283],[-106.9795,43.0311],[-106.995,43.0339],[-107.0105,43.0368],[-107.026,43.0396],[-107.0415,43.0424],[-107.057,43.0453],[-107.0725,43.0481],[-107.0879,43.0509],[-107.1034,43.0538],[-107.1189,43.0566],[-107.1344,43.0594],[-107.1499,43.0622],[-107.1654,43.0651],[-107.1809,43.0679],[-107.1964,43.0707],[-107.1963,43.0704],[-107.2121,43.0611],[-107.2278,43.0518],[-107.2435,43.0425],[-107.2593,43.0332],[-107.275,43.0239],[-107.2907,43.0146],[-107.3065,43.0053],[-107.3222,42.996],[-107.3325,42.982],[-107.3428,42.9681],[-107.353,42.9541],[-107.3633,42.9401],[-107.3736,42.9261],[-107.3838,42.9122],[-107.3941,42.8982],[-107.4043,42.8842],[-107.4199,42.8803],[-107.4354,42.8765],[-107.4509,42.8726],[-107.4664,42.8687],[-107.4559,42.8615],[-107.4453,42.8543],[-107.4348,42.847],[-107.4243,42.8398],[-107.4137,42.8326],[-107.4032,42.8254],[-107.3926,42.8181],[-107.3821,42.8109],[-107.3766,42.797],[-107.3711,42.783],[-107.3655,42.7691],[-107.36,42.7552],[-107.3545,42.7412],[-107.349,42.7273],[-107.3435,42.7134],[-107.338,42.6995],[-107.3272,42.6918],[-107.3163,42.6841],[-107.3055,42.6764],[-107.2947,42.6687],[-107.2839,42.6611],[-107.2731,42.6534],[-107.2622,42.6457],[-107.2514,42.638],[-107.2312,42.6267],[-107.211,42.6153],[-107.1908,42.6039],[-107.1705,42.5925],[-107.1503,42.5811],[-107.1301,42.5698],[-107.1099,42.5584],[-107.0898,42.547],[-107.0664,42.5518],[-107.0431,42.5567],[-107.0198,42.5616],[-106.9965,42.5664],[-106.9769,42.5651],[-106.9572,42.5638],[-106.9376,42.5625],[-106.918,42.5611],[-106.8984,42.5598],[-106.8787,42.5585],[-106.8591,42.5571],[-106.8395,42.5558],[-106.8433,42.58],[-106.8471,42.6042],[-106.8359,42.6174],[-106.8248,42.6305],[-106.8136,42.6437],[-106.8024,42.6568],[-106.7852,42.666],[-106.768,42.6751],[-106.7507,42.6842],[-106.7335,42.6933],[-106.7162,42.7024],[-106.699,42.7114],[-106.6817,42.7205],[-106.6645,42.7296],[-106.6504,42.7472],[-106.6363,42.7649],[-106.6222,42.7825],[-106.6081,42.8001],[-106.6192,42.8115],[-106.6303,42.8229],[-106.6414,42.8343],[-106.6525,42.8457],[-106.6287,42.8501],[-106.605,42.8544],[-106.5812,42.8588],[-106.5575,42.8631],[-106.5563,42.9097],[-106.5771,42.9205],[-106.598,42.9313],[-106.6188,42.9421],[-106.6396,42.953],[-106.6557,42.9624],[-106.6717,42.9718],[-106.6878,42.9812],[-106.7039,42.9907],[-106.72,43.0001],[-106.736,43.0095],[-106.7521,43.0189],[-106.7682,43.0283],[-106.7908,43.028],[-106.8133,43.0276],[-106.8358,43.0273],[-106.8584,43.0269],[-106.8809,43.0265],[-106.9035,43.0262],[-106.926,43.0258],[-106.9486,43.0254]]]},"properties":{"OBJECTID":350,"state":"Wyoming","agency":"Wyoming Game and Fish Department","unit_type":"DHA","unit_id":"89","unit_name":"Rattlesnake","unit_label":"Wyoming DHA 89 - Rattlesnake","aliases":"2026 | 89 | 89 rattlesnake | dha | dha 89 | dha 89 rattlesnake | rattlesnake | wyoming | wyoming 89 | wyoming 89 rattlesnake | wyoming dha 89 | wyoming dha 89 rattlesnake | wyoming game and fish department | wyoming game and fish department 89","year":"2026","Shape_Length":214162.02495079627,"Shape_Area":2775485918.653458}},{"type":"Feature","id":351,"geometry":{"type":"Polygon","coordinates":[[[-104.3698,43.0473],[-104.4001,43.0483],[-104.4304,43.0493],[-104.4607,43.0503],[-104.491,43.0514],[-104.5214,43.0524],[-104.5517,43.0534],[-104.582,43.0543],[-104.6123,43.0553],[-104.6306,43.0454],[-104.6489,43.0354],[-104.6721,43.0376],[-104.6954,43.0397],[-104.7186,43.0418],[-104.7419,43.0439],[-104.7651,43.0461],[-104.7884,43.0482],[-104.8116,43.0503],[-104.8348,43.0524],[-104.848,43.0431],[-104.8611,43.0338],[-104.8742,43.0245],[-104.8873,43.0152],[-104.9004,43.0059],[-104.9135,42.9966],[-104.9265,42.9873],[-104.9396,42.978],[-104.9492,42.9634],[-104.9588,42.9488],[-104.9684,42.9342],[-104.978,42.9196],[-104.9715,42.9],[-104.965,42.8804],[-104.9585,42.8608],[-104.952,42.8412],[-104.9455,42.8216],[-104.9391,42.802],[-104.9326,42.7824],[-104.9261,42.7628],[-104.9038,42.7623],[-104.8814,42.7618],[-104.859,42.7613],[-104.8366,42.7608],[-104.8142,42.7602],[-104.7918,42.7597],[-104.7695,42.7592],[-104.7471,42.7586],[-104.732,42.7608],[-104.717,42.7631],[-104.702,42.7653],[-104.687,42.7675],[-104.6719,42.7698],[-104.6569,42.772],[-104.6419,42.7742],[-104.6268,42.7764],[-104.6115,42.7693],[-104.5961,42.7622],[-104.5807,42.7551],[-104.5654,42.7479],[-104.5503,42.7498],[-104.5353,42.7517],[-104.5202,42.7535],[-104.5052,42.7554],[-104.4901,42.7572],[-104.4751,42.7591],[-104.46,42.7609],[-104.445,42.7628],[-104.4296,42.7583],[-104.4142,42.7539],[-104.3988,42.7494],[-104.3835,42.7449],[-104.3681,42.7405],[-104.3527,42.736],[-104.3373,42.7315],[-104.322,42.7271],[-104.3066,42.7226],[-104.2912,42.7181],[-104.2759,42.7137],[-104.2605,42.7092],[-104.2451,42.7047],[-104.2298,42.7002],[-104.2144,42.6958],[-104.1991,42.6913],[-104.1873,42.6853],[-104.1756,42.6794],[-104.1638,42.6734],[-104.1521,42.6675],[-104.1274,42.6658],[-104.1026,42.6642],[-104.0779,42.6626],[-104.0532,42.6609],[-104.0532,42.8704],[-104.0791,42.8797],[-104.1051,42.8889],[-104.1311,42.8981],[-104.1571,42.9073],[-104.1831,42.9165],[-104.2091,42.9257],[-104.2351,42.9348],[-104.2611,42.944],[-104.2867,42.9445],[-104.3123,42.9449],[-104.338,42.9453],[-104.3636,42.9458],[-104.3667,42.9965],[-104.3698,43.0473]]]},"properties":{"OBJECTID":351,"state":"Wyoming","agency":"Wyoming Game and Fish Department","unit_type":"DHA","unit_id":"13","unit_name":"Lusk","unit_label":"Wyoming DHA 13 - Lusk","aliases":"13 | 13 lusk | 2026 | dha | dha 13 | dha 13 lusk | lusk | wyoming | wyoming 13 | wyoming 13 lusk | wyoming dha 13 | wyoming dha 13 lusk | wyoming game and fish department | wyoming game and fish department 13","year":"2026","Shape_Length":212292.63240351743,"Shape_Area":2137160114.2882187}},{"type":"Feature","id":352,"geometry":{"type":"Polygon","coordinates":[[[-106.3368,42.847],[-106.3557,42.8537],[-106.3746,42.8603],[-106.3935,42.8669],[-106.4124,42.8736],[-106.4313,42.8802],[-106.4503,42.8868],[-106.4692,42.8935],[-106.4881,42.9001],[-106.507,42.9067],[-106.526,42.9133],[-106.5449,42.9199],[-106.5638,42.9265],[-106.5828,42.9331],[-106.6017,42.9397],[-106.6207,42.9464],[-106.6396,42.953],[-106.6188,42.9421],[-106.598,42.9313],[-106.5771,42.9205],[-106.5563,42.9097],[-106.5575,42.8631],[-106.5812,42.8588],[-106.605,42.8544],[-106.6287,42.8501],[-106.6525,42.8457],[-106.6414,42.8343],[-106.6303,42.8229],[-106.6192,42.8115],[-106.6081,42.8001],[-106.6222,42.7825],[-106.6363,42.7649],[-106.6504,42.7472],[-106.6645,42.7296],[-106.6817,42.7205],[-106.699,42.7114],[-106.7162,42.7024],[-106.7335,42.6933],[-106.7507,42.6842],[-106.768,42.6751],[-106.7852,42.666],[-106.8024,42.6568],[-106.8136,42.6437],[-106.8248,42.6305],[-106.8359,42.6174],[-106.8471,42.6042],[-106.8433,42.58],[-106.8395,42.5558],[-106.8431,42.5338],[-106.8466,42.5119],[-106.8502,42.4899],[-106.8538,42.468],[-106.8329,42.4659],[-106.8121,42.4639],[-106.7988,42.4802],[-106.7855,42.4965],[-106.7722,42.5128],[-106.7589,42.5292],[-106.7459,42.5354],[-106.7329,42.5417],[-106.7199,42.5479],[-106.7069,42.5542],[-106.6939,42.5604],[-106.6809,42.5667],[-106.6679,42.5729],[-106.6549,42.5792],[-106.6431,42.5917],[-106.6312,42.6043],[-106.6193,42.6169],[-106.6075,42.6294],[-106.6068,42.7013],[-106.5908,42.705],[-106.5748,42.7086],[-106.5588,42.7123],[-106.5428,42.716],[-106.539,42.7616],[-106.5269,42.7699],[-106.5147,42.7782],[-106.5025,42.7866],[-106.4903,42.7949],[-106.4624,42.8015],[-106.4345,42.808],[-106.4066,42.8146],[-106.3787,42.8212],[-106.3578,42.8341],[-106.3368,42.847]]]},"properties":{"OBJECTID":352,"state":"Wyoming","agency":"Wyoming Game and Fish Department","unit_type":"DHA","unit_id":"88","unit_name":"Kendrick","unit_label":"Wyoming DHA 88 - Kendrick","aliases":"2026 | 88 | 88 kendrick | dha | dha 88 | dha 88 kendrick | kendrick | wyoming | wyoming 88 | wyoming 88 kendrick | wyoming dha 88 | wyoming dha 88 kendrick | wyoming game and fish department | wyoming game and fish department 88","year":"2026","Shape_Length":167201.25730545184,"Shape_Area":607174046.2536505}},{"type":"Feature","id":353,"geometry":{"type":"Polygon","coordinates":[[[-109.3261,42.8686],[-109.3334,42.8824],[-109.3408,42.8962],[-109.3481,42.91],[-109.3555,42.9238],[-109.3712,42.915],[-109.3869,42.9063],[-109.4026,42.8975],[-109.4184,42.8887],[-109.4341,42.88],[-109.4498,42.8712],[-109.4655,42.8624],[-109.4812,42.8537],[-109.4976,42.8615],[-109.514,42.8693],[-109.5388,42.865],[-109.5637,42.8606],[-109.5885,42.8562],[-109.6133,42.8518],[-109.6381,42.8474],[-109.663,42.843],[-109.6878,42.8386],[-109.7126,42.8342],[-109.7182,42.7971],[-109.7238,42.7601],[-109.7294,42.723],[-109.7351,42.686],[-109.759,42.6806],[-109.783,42.6751],[-109.807,42.6696],[-109.831,42.6642],[-109.8374,42.6494],[-109.8437,42.6346],[-109.8501,42.6198],[-109.8564,42.605],[-109.8748,42.598],[-109.8932,42.591],[-109.9116,42.584],[-109.9299,42.577],[-109.9511,42.5704],[-109.9629,42.5593],[-109.9747,42.5482],[-109.9865,42.5371],[-109.9983,42.526],[-110.0164,42.5257],[-110.0344,42.5253],[-110.0525,42.525],[-110.0706,42.5246],[-110.0718,42.47],[-110.0731,42.4153],[-110.0519,42.4205],[-110.0307,42.4257],[-110.0095,42.4308],[-109.9884,42.436],[-109.9752,42.4301],[-109.962,42.4242],[-109.9488,42.4183],[-109.9356,42.4124],[-109.9427,42.3983],[-109.9498,42.3842],[-109.9568,42.3701],[-109.9639,42.3561],[-109.9709,42.342],[-109.9779,42.3279],[-109.985,42.3138],[-109.992,42.2997],[-110.0011,42.2903],[-110.0102,42.281],[-110.0193,42.2717],[-110.0284,42.2624],[-110.0375,42.253],[-110.0466,42.2437],[-110.0557,42.2344],[-110.0648,42.2251],[-110.0564,42.2091],[-110.0481,42.1931],[-110.0397,42.1771],[-110.0314,42.1612],[-110.0446,42.1523],[-110.0577,42.1434],[-110.0547,42.1147],[-110.0518,42.0859],[-110.0488,42.0572],[-110.0458,42.0284],[-110.0268,42.039],[-110.0077,42.0497],[-109.9887,42.0603],[-109.9697,42.0709],[-109.9524,42.073],[-109.9351,42.0751],[-109.9178,42.0772],[-109.9005,42.0794],[-109.8832,42.0815],[-109.8659,42.0836],[-109.8486,42.0856],[-109.8313,42.0877],[-109.8171,42.101],[-109.8029,42.1142],[-109.7887,42.1275],[-109.7745,42.1407],[-109.7515,42.1439],[-109.7284,42.1471],[-109.7054,42.1504],[-109.6823,42.1535],[-109.6592,42.1567],[-109.6362,42.1599],[-109.6131,42.1631],[-109.5901,42.1663],[-109.574,42.1634],[-109.5579,42.1604],[-109.5418,42.1575],[-109.5257,42.1545],[-109.5097,42.1516],[-109.4936,42.1486],[-109.4775,42.1457],[-109.4614,42.1427],[-109.4711,42.1664],[-109.4808,42.19],[-109.4696,42.2094],[-109.4583,42.2289],[-109.4471,42.2483],[-109.4359,42.2678],[-109.4456,42.2756],[-109.4552,42.2833],[-109.4649,42.2911],[-109.4746,42.2989],[-109.4843,42.3067],[-109.494,42.3144],[-109.5037,42.3222],[-109.5134,42.33],[-109.5133,42.3791],[-109.4975,42.3946],[-109.4817,42.4101],[-109.4659,42.4256],[-109.4501,42.4411],[-109.4343,42.4566],[-109.4184,42.4721],[-109.4026,42.4877],[-109.3867,42.5032],[-109.3968,42.5148],[-109.4069,42.5265],[-109.4169,42.5381],[-109.427,42.5498],[-109.4087,42.5528],[-109.3904,42.5558],[-109.3721,42.5589],[-109.3538,42.5619],[-109.3355,42.5649],[-109.3171,42.568],[-109.2988,42.571],[-109.2805,42.574],[-109.2758,42.6041],[-109.2711,42.6342],[-109.2664,42.6644],[-109.2617,42.6945],[-109.2498,42.7122],[-109.2378,42.7299],[-109.2259,42.7476],[-109.2139,42.7654],[-109.2168,42.8006],[-109.2305,42.8091],[-109.2441,42.8176],[-109.2578,42.8261],[-109.2714,42.8346],[-109.2851,42.8431],[-109.2987,42.8516],[-109.3124,42.8601],[-109.3261,42.8686]]]},"properties":{"OBJECTID":353,"state":"Wyoming","agency":"Wyoming Game and Fish Department","unit_type":"DHA","unit_id":"138","unit_name":"Boulder","unit_label":"Wyoming DHA 138 - Boulder","aliases":"138 | 138 boulder | 2026 | boulder | dha | dha 138 | dha 138 boulder | wyoming | wyoming 138 | wyoming 138 boulder | wyoming dha 138 | wyoming dha 138 boulder | wyoming game and fish department | wyoming game and fish department 138","year":"2026","Shape_Length":320451.1547338399,"Shape_Area":3723640368.504153}},{"type":"Feature","id":354,"geometry":{"type":"Polygon","coordinates":[[[-108.2921,42.9052],[-108.3112,42.9053],[-108.3302,42.9054],[-108.3493,42.9054],[-108.3683,42.9055],[-108.3873,42.9055],[-108.4064,42.9056],[-108.4254,42.9056],[-108.4445,42.9057],[-108.4635,42.9057],[-108.4825,42.9058],[-108.5016,42.9058],[-108.5206,42.9058],[-108.5397,42.9059],[-108.5587,42.9059],[-108.5777,42.9059],[-108.5968,42.906],[-108.6073,42.8934],[-108.6179,42.8808],[-108.6428,42.8758],[-108.6677,42.8709],[-108.6925,42.8659],[-108.7174,42.8609],[-108.7352,42.8666],[-108.753,42.8722],[-108.7708,42.8779],[-108.7886,42.8835],[-108.7723,42.8698],[-108.7561,42.856],[-108.7398,42.8423],[-108.7236,42.8285],[-108.7074,42.8148],[-108.6912,42.801],[-108.675,42.7873],[-108.6587,42.7735],[-108.6528,42.7514],[-108.6468,42.7292],[-108.6267,42.7201],[-108.6067,42.711],[-108.5866,42.7019],[-108.5665,42.6928],[-108.5466,42.6956],[-108.5266,42.6985],[-108.5067,42.7013],[-108.4868,42.7042],[-108.4721,42.6994],[-108.4575,42.6946],[-108.4429,42.6897],[-108.4283,42.6849],[-108.4136,42.6801],[-108.399,42.6753],[-108.3844,42.6704],[-108.3698,42.6656],[-108.3614,42.6552],[-108.353,42.6448],[-108.3446,42.6344],[-108.3362,42.624],[-108.3278,42.6136],[-108.3193,42.6032],[-108.311,42.5928],[-108.3026,42.5824],[-108.2884,42.5775],[-108.2743,42.5726],[-108.2602,42.5677],[-108.2461,42.5628],[-108.2319,42.5579],[-108.2178,42.553],[-108.2037,42.5481],[-108.1896,42.5431],[-108.1915,42.5903],[-108.1935,42.6374],[-108.1855,42.6701],[-108.1775,42.7027],[-108.1856,42.7286],[-108.1937,42.7545],[-108.2019,42.7804],[-108.21,42.8063],[-108.2203,42.8187],[-108.2305,42.8311],[-108.2408,42.8434],[-108.2511,42.8558],[-108.2613,42.8682],[-108.2716,42.8805],[-108.2819,42.8929],[-108.2921,42.9052]]]},"properties":{"OBJECTID":354,"state":"Wyoming","agency":"Wyoming Game and Fish Department","unit_type":"DHA","unit_id":"160","unit_name":"Beaver Creek","unit_label":"Wyoming DHA 160 - Beaver Creek","aliases":"160 | 160 beaver creek | 2026 | beaver creek | dha | dha 160 | dha 160 beaver creek | wyoming | wyoming 160 | wyoming 160 beaver creek | wyoming dha 160 | wyoming dha 160 beaver creek | wyoming game and fish department | wyoming game and fish department","year":"2026","Shape_Length":152501.09224509873,"Shape_Area":1044843722.4506419}},{"type":"Feature","id":355,"geometry":{"type":"Polygon","coordinates":[[[-108.7886,42.8835],[-108.8131,42.8797],[-108.8377,42.8759],[-108.8622,42.8721],[-108.8868,42.8683],[-108.9143,42.8684],[-108.9417,42.8685],[-108.9692,42.8685],[-108.9966,42.8686],[-109.0241,42.8686],[-109.0515,42.8686],[-109.079,42.8687],[-109.1064,42.8687],[-109.1339,42.8687],[-109.1613,42.8687],[-109.1888,42.8687],[-109.2162,42.8687],[-109.2437,42.8687],[-109.2711,42.8687],[-109.2986,42.8687],[-109.3261,42.8686],[-109.3124,42.8601],[-109.2987,42.8516],[-109.2851,42.8431],[-109.2714,42.8346],[-109.2578,42.8261],[-109.2441,42.8176],[-109.2305,42.8091],[-109.2168,42.8006],[-109.2139,42.7654],[-109.1935,42.7584],[-109.1731,42.7515],[-109.1528,42.7446],[-109.1324,42.7376],[-109.1297,42.7041],[-109.127,42.6705],[-109.1095,42.6672],[-109.0921,42.6639],[-109.0747,42.6606],[-109.0573,42.6573],[-109.0622,42.6149],[-109.0671,42.5725],[-109.0571,42.5535],[-109.0471,42.5345],[-109.0372,42.5155],[-109.0272,42.4965],[-109.0173,42.4775],[-109.0073,42.4585],[-108.9974,42.4395],[-108.9874,42.4205],[-108.9652,42.4103],[-108.943,42.4001],[-108.9208,42.39],[-108.8987,42.3798],[-108.8918,42.3922],[-108.8849,42.4046],[-108.8781,42.4169],[-108.8712,42.4293],[-108.8643,42.4417],[-108.8575,42.4541],[-108.8506,42.4664],[-108.8437,42.4788],[-108.824,42.4913],[-108.8043,42.5039],[-108.7846,42.5164],[-108.7649,42.529],[-108.7452,42.5415],[-108.7255,42.554],[-108.7058,42.5665],[-108.686,42.5791],[-108.6707,42.583],[-108.6553,42.5869],[-108.6399,42.5908],[-108.6246,42.5948],[-108.6184,42.6093],[-108.6122,42.6238],[-108.606,42.6383],[-108.5997,42.6528],[-108.6115,42.6719],[-108.6233,42.691],[-108.6351,42.7101],[-108.6468,42.7292],[-108.6528,42.7514],[-108.6587,42.7735],[-108.675,42.7873],[-108.6912,42.801],[-108.7074,42.8148],[-108.7236,42.8285],[-108.7398,42.8423],[-108.7561,42.856],[-108.7723,42.8698],[-108.7886,42.8835]]]},"properties":{"OBJECTID":355,"state":"Wyoming","agency":"Wyoming Game and Fish Department","unit_type":"DHA","unit_id":"92","unit_name":"Table Mountain","unit_label":"Wyoming DHA 92 - Table Mountain","aliases":"2026 | 92 | 92 table mountain | dha | dha 92 | dha 92 table mountain | table mountain | wyoming | wyoming 92 | wyoming 92 table mountain | wyoming dha 92 | wyoming dha 92 table mountain | wyoming game and fish department | wyoming game and fish departmen","year":"2026","Shape_Length":188186.5678514149,"Shape_Area":1677466835.7440825}},{"type":"Feature","id":356,"geometry":{"type":"Polygon","coordinates":[[[-106.3244,42.7681],[-106.3306,42.8076],[-106.3368,42.847],[-106.3578,42.8341],[-106.3787,42.8212],[-106.3755,42.7978],[-106.3722,42.7745],[-106.369,42.7511],[-106.3658,42.7277],[-106.3422,42.7237],[-106.3186,42.7197],[-106.295,42.7156],[-106.2714,42.7116],[-106.2749,42.7648],[-106.2996,42.7665],[-106.3244,42.7681]]]},"properties":{"OBJECTID":356,"state":"Wyoming","agency":"Wyoming Game and Fish Department","unit_type":"DHA","unit_id":"67","unit_name":"Casper Mountain","unit_label":"Wyoming DHA 67 - Casper Mountain","aliases":"2026 | 67 | 67 casper mountain | casper mountain | dha | dha 67 | dha 67 casper mountain | wyoming | wyoming 67 | wyoming 67 casper mountain | wyoming dha 67 | wyoming dha 67 casper mountain | wyoming game and fish department | wyoming game and fish depa","year":"2026","Shape_Length":41719.60195414342,"Shape_Area":68730787.39983296}},{"type":"Feature","id":357,"geometry":{"type":"Polygon","coordinates":[[[-105.7895,42.8276],[-105.8083,42.8381],[-105.8272,42.8485],[-105.8461,42.859],[-105.865,42.8695],[-105.8751,42.8454],[-105.8852,42.8213],[-105.9001,42.8135],[-105.9151,42.8056],[-105.93,42.7977],[-105.945,42.7898],[-105.9599,42.7819],[-105.9748,42.7741],[-105.9898,42.7662],[-106.0047,42.7583],[-106.0125,42.7352],[-106.0203,42.7121],[-106.0281,42.6891],[-106.0359,42.666],[-106.0279,42.6416],[-106.0199,42.6172],[-106.0276,42.6025],[-106.0352,42.5879],[-106.0429,42.5732],[-106.0505,42.5585],[-106.0581,42.5439],[-106.0658,42.5292],[-106.0734,42.5146],[-106.081,42.4999],[-106.0675,42.484],[-106.054,42.468],[-106.0348,42.4628],[-106.0157,42.4576],[-105.9965,42.4525],[-105.9774,42.4473],[-105.9582,42.4421],[-105.9391,42.4369],[-105.92,42.4317],[-105.9008,42.4266],[-105.8755,42.4266],[-105.8502,42.4267],[-105.8249,42.4268],[-105.7996,42.4268],[-105.7743,42.4269],[-105.749,42.4269],[-105.7237,42.4269],[-105.6984,42.427],[-105.7003,42.3864],[-105.69,42.3784],[-105.6797,42.3704],[-105.6694,42.3623],[-105.6591,42.3543],[-105.6488,42.3463],[-105.6385,42.3383],[-105.6282,42.3302],[-105.6179,42.3222],[-105.6205,42.2946],[-105.6231,42.2669],[-105.6017,42.2765],[-105.5803,42.2862],[-105.559,42.2958],[-105.5376,42.3055],[-105.5162,42.3151],[-105.4948,42.3247],[-105.4734,42.3343],[-105.452,42.3439],[-105.4451,42.3573],[-105.4382,42.3706],[-105.4312,42.3839],[-105.4243,42.3973],[-105.4089,42.4017],[-105.3935,42.4061],[-105.3781,42.4106],[-105.3627,42.415],[-105.3554,42.4336],[-105.3482,42.4522],[-105.3331,42.4564],[-105.3181,42.4607],[-105.3031,42.4649],[-105.2881,42.4691],[-105.273,42.4733],[-105.258,42.4775],[-105.243,42.4817],[-105.2279,42.486],[-105.2129,42.4902],[-105.1979,42.4944],[-105.1828,42.4986],[-105.1678,42.5028],[-105.1527,42.507],[-105.1377,42.5112],[-105.1226,42.5154],[-105.1076,42.5196],[-105.0936,42.5139],[-105.0796,42.5081],[-105.0656,42.5024],[-105.0516,42.4967],[-105.0376,42.491],[-105.0236,42.4852],[-105.0097,42.4795],[-104.9957,42.4738],[-104.9733,42.4764],[-104.9509,42.479],[-104.9591,42.5024],[-104.9672,42.5257],[-104.9753,42.549],[-104.9835,42.5723],[-105.005,42.5819],[-105.0266,42.5915],[-105.0482,42.6011],[-105.0697,42.6107],[-105.0913,42.6203],[-105.1129,42.6299],[-105.1345,42.6395],[-105.1561,42.649],[-105.174,42.6478],[-105.1918,42.6465],[-105.2096,42.6452],[-105.2275,42.644],[-105.2453,42.6427],[-105.2631,42.6414],[-105.2796,42.6444],[-105.2961,42.6474],[-105.3126,42.6504],[-105.3291,42.6534],[-105.3455,42.6564],[-105.362,42.6594],[-105.3785,42.6624],[-105.395,42.6654],[-105.3978,42.692],[-105.4006,42.7186],[-105.4034,42.7452],[-105.4063,42.7718],[-105.4039,42.8194],[-105.4248,42.8278],[-105.4457,42.8363],[-105.4666,42.8447],[-105.4876,42.8532],[-105.5153,42.8532],[-105.543,42.8532],[-105.5707,42.8533],[-105.5984,42.8533],[-105.6261,42.8533],[-105.6538,42.8533],[-105.6815,42.8533],[-105.7092,42.8533],[-105.7293,42.8469],[-105.7494,42.8405],[-105.7694,42.834],[-105.7895,42.8276]]]},"properties":{"OBJECTID":357,"state":"Wyoming","agency":"Wyoming Game and Fish Department","unit_type":"DHA","unit_id":"65","unit_name":"South Converse","unit_label":"Wyoming DHA 65 - South Converse","aliases":"2026 | 65 | 65 south converse | dha | dha 65 | dha 65 south converse | south converse | wyoming | wyoming 65 | wyoming 65 south converse | wyoming dha 65 | wyoming dha 65 south converse | wyoming game and fish department | wyoming game and fish departmen","year":"2026","Shape_Length":275324.9766506707,"Shape_Area":3187647867.3760967}},{"type":"Feature","id":358,"geometry":{"type":"Polygon","coordinates":[[[-110.1845,42.7887],[-110.2101,42.7888],[-110.2358,42.7889],[-110.2614,42.7889],[-110.287,42.789],[-110.3078,42.7777],[-110.3287,42.7664],[-110.3566,42.7707],[-110.3845,42.7749],[-110.4124,42.7792],[-110.4403,42.7834],[-110.4556,42.78],[-110.4708,42.7765],[-110.4861,42.773],[-110.5013,42.7696],[-110.5166,42.7661],[-110.5318,42.7626],[-110.5471,42.7591],[-110.5623,42.7556],[-110.581,42.7561],[-110.5997,42.7565],[-110.6184,42.7569],[-110.637,42.7574],[-110.6313,42.7381],[-110.6256,42.7188],[-110.62,42.6996],[-110.6143,42.6803],[-110.6243,42.6594],[-110.6343,42.6385],[-110.6297,42.6166],[-110.6252,42.5947],[-110.6206,42.5728],[-110.616,42.5509],[-110.636,42.5444],[-110.656,42.538],[-110.6761,42.5316],[-110.6961,42.5252],[-110.7052,42.5413],[-110.7144,42.5575],[-110.7235,42.5736],[-110.7327,42.5898],[-110.7249,42.563],[-110.717,42.5363],[-110.6974,42.5224],[-110.6778,42.5084],[-110.6582,42.4945],[-110.6386,42.4806],[-110.619,42.4666],[-110.5994,42.4527],[-110.5798,42.4388],[-110.5603,42.4248],[-110.5523,42.4021],[-110.5443,42.3793],[-110.5362,42.3565],[-110.5283,42.3338],[-110.5098,42.3262],[-110.4913,42.3186],[-110.4729,42.311],[-110.4544,42.3034],[-110.4364,42.2925],[-110.4183,42.2816],[-110.4003,42.2708],[-110.3822,42.2599],[-110.3642,42.249],[-110.3461,42.2381],[-110.3281,42.2272],[-110.3101,42.2163],[-110.2868,42.2152],[-110.2635,42.2141],[-110.2402,42.213],[-110.2169,42.2119],[-110.1963,42.2258],[-110.1757,42.2396],[-110.1655,42.2199],[-110.1554,42.2001],[-110.1619,42.1826],[-110.1684,42.1652],[-110.1749,42.1477],[-110.1814,42.1302],[-110.1711,42.116],[-110.1608,42.1018],[-110.1504,42.0875],[-110.1401,42.0733],[-110.1211,42.0619],[-110.102,42.0506],[-110.0829,42.0392],[-110.0639,42.0278],[-110.0458,42.0284],[-110.0488,42.0572],[-110.0518,42.0859],[-110.0547,42.1147],[-110.0577,42.1434],[-110.0446,42.1523],[-110.0314,42.1612],[-110.0397,42.1771],[-110.0481,42.1931],[-110.0564,42.2091],[-110.0648,42.2251],[-110.0557,42.2344],[-110.0466,42.2437],[-110.0375,42.253],[-110.0284,42.2624],[-110.0193,42.2717],[-110.0102,42.281],[-110.0011,42.2903],[-109.992,42.2997],[-109.985,42.3138],[-109.9779,42.3279],[-109.9709,42.342],[-109.9639,42.3561],[-109.9568,42.3701],[-109.9498,42.3842],[-109.9427,42.3983],[-109.9356,42.4124],[-109.9488,42.4183],[-109.962,42.4242],[-109.9752,42.4301],[-109.9884,42.436],[-110.0095,42.4308],[-110.0307,42.4257],[-110.0519,42.4205],[-110.0731,42.4153],[-110.0718,42.47],[-110.0706,42.5246],[-110.0525,42.525],[-110.0344,42.5253],[-110.0164,42.5257],[-109.9983,42.526],[-109.9865,42.5371],[-109.9747,42.5482],[-109.9629,42.5593],[-109.9511,42.5704],[-109.9545,42.5943],[-109.9579,42.6181],[-109.9613,42.642],[-109.9648,42.6659],[-109.9848,42.6675],[-110.0049,42.6691],[-110.0132,42.6786],[-110.0214,42.6881],[-110.0297,42.6976],[-110.038,42.7072],[-110.0463,42.7167],[-110.0546,42.7262],[-110.0629,42.7357],[-110.0712,42.7452],[-110.0854,42.7506],[-110.0995,42.7561],[-110.1137,42.7615],[-110.1279,42.767],[-110.142,42.7724],[-110.1562,42.7778],[-110.1704,42.7833],[-110.1845,42.7887]]]},"properties":{"OBJECTID":358,"state":"Wyoming","agency":"Wyoming Game and Fish Department","unit_type":"DHA","unit_id":"143","unit_name":"South Piney","unit_label":"Wyoming DHA 143 - South Piney","aliases":"143 | 143 south piney | 2026 | dha | dha 143 | dha 143 south piney | south piney | wyoming | wyoming 143 | wyoming 143 south piney | wyoming dha 143 | wyoming dha 143 south piney | wyoming game and fish department | wyoming game and fish department 143","year":"2026","Shape_Length":294000.9759117206,"Shape_Area":3023071176.1169415}},{"type":"Feature","id":359,"geometry":{"type":"Polygon","coordinates":[[[-104.5654,42.7479],[-104.5807,42.7551],[-104.5961,42.7622],[-104.6115,42.7693],[-104.6268,42.7764],[-104.6419,42.7742],[-104.6569,42.772],[-104.6719,42.7698],[-104.687,42.7675],[-104.702,42.7653],[-104.717,42.7631],[-104.732,42.7608],[-104.7471,42.7586],[-104.7695,42.7592],[-104.7918,42.7597],[-104.8142,42.7602],[-104.8366,42.7608],[-104.859,42.7613],[-104.8814,42.7618],[-104.9038,42.7623],[-104.9261,42.7628],[-104.9447,42.7599],[-104.9633,42.757],[-104.9819,42.7541],[-105.0005,42.7512],[-105.0125,42.7446],[-105.0245,42.7381],[-105.0364,42.7316],[-105.0484,42.725],[-105.0603,42.7185],[-105.0723,42.7119],[-105.0843,42.7054],[-105.0962,42.6989],[-105.1082,42.6923],[-105.1201,42.6858],[-105.1321,42.6792],[-105.144,42.6727],[-105.156,42.6662],[-105.1679,42.6596],[-105.1798,42.6531],[-105.1918,42.6465],[-105.174,42.6478],[-105.1561,42.649],[-105.1345,42.6395],[-105.1129,42.6299],[-105.0913,42.6203],[-105.0697,42.6107],[-105.0482,42.6011],[-105.0266,42.5915],[-105.005,42.5819],[-104.9835,42.5723],[-104.9753,42.549],[-104.9672,42.5257],[-104.9591,42.5024],[-104.9509,42.479],[-104.9576,42.4627],[-104.9643,42.4464],[-104.9574,42.4353],[-104.9505,42.4242],[-104.9436,42.4131],[-104.9367,42.402],[-104.9298,42.3909],[-104.923,42.3798],[-104.9161,42.3687],[-104.9092,42.3576],[-104.8876,42.3475],[-104.8661,42.3374],[-104.8445,42.3273],[-104.823,42.3171],[-104.7959,42.3175],[-104.7688,42.3178],[-104.7606,42.2938],[-104.7523,42.2698],[-104.7697,42.2654],[-104.7871,42.261],[-104.8044,42.2565],[-104.8218,42.2521],[-104.8391,42.2477],[-104.8565,42.2432],[-104.8739,42.2388],[-104.8912,42.2343],[-104.9077,42.2339],[-104.9243,42.2334],[-104.9408,42.233],[-104.9574,42.2326],[-104.9739,42.2321],[-104.9905,42.2317],[-105.007,42.2312],[-105.0235,42.2308],[-105.0163,42.2108],[-105.0091,42.1909],[-105.0019,42.171],[-104.9947,42.151],[-104.9875,42.1311],[-104.9803,42.1112],[-104.9731,42.0912],[-104.9659,42.0713],[-104.9623,42.0439],[-104.9587,42.0165],[-104.9551,41.9892],[-104.9515,41.9618],[-104.9466,41.9436],[-104.9417,41.9255],[-104.9235,41.9102],[-104.9052,41.895],[-104.887,41.8797],[-104.8688,41.8644],[-104.8505,41.8491],[-104.8323,41.8339],[-104.8141,41.8186],[-104.7959,41.8033],[-104.8049,41.7912],[-104.814,41.7792],[-104.823,41.7671],[-104.8321,41.755],[-104.8285,41.6963],[-104.8374,41.6746],[-104.8463,41.6529],[-104.8552,41.6311],[-104.8641,41.6094],[-104.873,41.5877],[-104.8819,41.5659],[-104.8907,41.5442],[-104.8996,41.5224],[-104.8958,41.5034],[-104.892,41.4844],[-104.8882,41.4654],[-104.8844,41.4464],[-104.8806,41.4274],[-104.8768,41.4084],[-104.873,41.3894],[-104.8692,41.3704],[-104.8654,41.3514],[-104.8616,41.3324],[-104.8578,41.3134],[-104.854,41.2944],[-104.8503,41.2754],[-104.8465,41.2564],[-104.8427,41.2374],[-104.8389,41.2184],[-104.8419,41.1923],[-104.8448,41.1661],[-104.8478,41.14],[-104.8507,41.1138],[-104.8578,41.0994],[-104.8648,41.0849],[-104.8719,41.0705],[-104.879,41.056],[-104.886,41.0416],[-104.8931,41.0271],[-104.9001,41.0127],[-104.9072,40.9982],[-104.9072,40.9981],[-104.9066,40.9981],[-104.8878,40.9982],[-104.8645,40.9984],[-104.8413,40.9987],[-104.8396,40.9988],[-104.8353,40.999],[-104.8317,40.9991],[-104.8302,40.9992],[-104.8274,40.9992],[-104.8106,40.9993],[-104.7941,40.9995],[-104.7775,40.9997],[-104.761,40.9999],[-104.7444,41.0002],[-104.722,41.0004],[-104.6995,41.0007],[-104.6771,41.0009],[-104.6546,41.0012],[-104.6255,41.0013],[-104.5964,41.0013],[-104.5673,41.0014],[-104.5382,41.0015],[-104.5091,41.0015],[-104.48,41.0016],[-104.4509,41.0016],[-104.4218,41.0016],[-104.418,41.0016],[-104.3921,41.0016],[-104.3663,41.0016],[-104.3405,41.0015],[-104.3146,41.0015],[-104.2983,41.0015],[-104.282,41.0016],[-104.2657,41.0016],[-104.2494,41.0016],[-104.2331,41.0016],[-104.2168,41.0016],[-104.2005,41.0017],[-104.1842,41.0017],[-104.1679,41.0017],[-104.1516,41.0017],[-104.1353,41.0017],[-104.119,41.0017],[-104.1027,41.0017],[-104.0864,41.0017],[-104.0701,41.0017],[-104.0538,41.0017],[-104.0531,41.2099],[-104.0524,41.4182],[-104.0525,41.4801],[-104.0528,41.9882],[-104.0531,42.4966],[-104.0531,42.5015],[-104.0532,42.6609],[-104.0779,42.6626],[-104.1026,42.6642],[-104.1274,42.6658],[-104.1521,42.6675],[-104.1638,42.6734],[-104.1756,42.6794],[-104.1873,42.6853],[-104.1991,42.6913],[-104.2144,42.6958],[-104.2298,42.7002],[-104.2451,42.7047],[-104.2605,42.7092],[-104.2759,42.7137],[-104.2912,42.7181],[-104.3066,42.7226],[-104.322,42.7271],[-104.3373,42.7315],[-104.3527,42.736],[-104.3681,42.7405],[-104.3835,42.7449],[-104.3988,42.7494],[-104.4142,42.7539],[-104.4296,42.7583],[-104.445,42.7628],[-104.46,42.7609],[-104.4751,42.7591],[-104.4901,42.7572],[-104.5052,42.7554],[-104.5202,42.7535],[-104.5353,42.7517],[-104.5503,42.7498],[-104.5654,42.7479]]]},"properties":{"OBJECTID":359,"state":"Wyoming","agency":"Wyoming Game and Fish Department","unit_type":"DHA","unit_id":"15","unit_name":"Southeast Wyoming","unit_label":"Wyoming DHA 15 - Southeast Wyoming","aliases":"15 | 15 southeast wyoming | 2026 | dha | dha 15 | dha 15 southeast wyoming | southeast wyoming | wyoming | wyoming 15 | wyoming 15 southeast wyoming | wyoming dha 15 | wyoming dha 15 southeast wyoming | wyoming game and fish department | wyoming game and","year":"2026","Shape_Length":589507.3652198392,"Shape_Area":13741295299.160519}},{"type":"Feature","id":360,"geometry":{"type":"Polygon","coordinates":[[[-109.1324,42.7376],[-109.1528,42.7446],[-109.1731,42.7515],[-109.1935,42.7584],[-109.2139,42.7654],[-109.2259,42.7476],[-109.2378,42.7299],[-109.2498,42.7122],[-109.2617,42.6945],[-109.2664,42.6644],[-109.2711,42.6342],[-109.2758,42.6041],[-109.2805,42.574],[-109.2988,42.571],[-109.3171,42.568],[-109.3355,42.5649],[-109.3538,42.5619],[-109.3721,42.5589],[-109.3904,42.5558],[-109.4087,42.5528],[-109.427,42.5498],[-109.4169,42.5381],[-109.4069,42.5265],[-109.3968,42.5148],[-109.3867,42.5032],[-109.4026,42.4877],[-109.4184,42.4721],[-109.4343,42.4566],[-109.4501,42.4411],[-109.4659,42.4256],[-109.4817,42.4101],[-109.4975,42.3946],[-109.5133,42.3791],[-109.5134,42.33],[-109.5037,42.3222],[-109.494,42.3144],[-109.4843,42.3067],[-109.4746,42.2989],[-109.4649,42.2911],[-109.4552,42.2833],[-109.4456,42.2756],[-109.4359,42.2678],[-109.4471,42.2483],[-109.4583,42.2289],[-109.4696,42.2094],[-109.4808,42.19],[-109.4711,42.1664],[-109.4614,42.1427],[-109.4553,42.1259],[-109.4491,42.1091],[-109.4348,42.1157],[-109.4204,42.1223],[-109.4061,42.1289],[-109.3917,42.1355],[-109.3774,42.1421],[-109.363,42.1486],[-109.3486,42.1552],[-109.3343,42.1618],[-109.3199,42.1684],[-109.3055,42.175],[-109.2912,42.1815],[-109.2768,42.1881],[-109.2624,42.1947],[-109.248,42.2013],[-109.2336,42.2078],[-109.2193,42.2144],[-109.2049,42.221],[-109.1905,42.2275],[-109.1761,42.2341],[-109.1617,42.2406],[-109.1473,42.2472],[-109.1329,42.2538],[-109.1185,42.2603],[-109.1041,42.2669],[-109.0897,42.2734],[-109.0752,42.28],[-109.0608,42.2865],[-109.0464,42.2931],[-109.032,42.2996],[-109.0176,42.3062],[-109.0031,42.3127],[-108.9887,42.3193],[-108.9774,42.3268],[-108.9662,42.3344],[-108.9549,42.342],[-108.9436,42.3495],[-108.9324,42.3571],[-108.9211,42.3647],[-108.9098,42.3722],[-108.8986,42.3798],[-108.8987,42.3798],[-108.9208,42.39],[-108.943,42.4001],[-108.9652,42.4103],[-108.9874,42.4205],[-108.9974,42.4395],[-109.0073,42.4585],[-109.0173,42.4775],[-109.0272,42.4965],[-109.0372,42.5155],[-109.0471,42.5345],[-109.0571,42.5535],[-109.0671,42.5725],[-109.0622,42.6149],[-109.0573,42.6573],[-109.0747,42.6606],[-109.0921,42.6639],[-109.1095,42.6672],[-109.127,42.6705],[-109.1297,42.7041],[-109.1324,42.7376]]]},"properties":{"OBJECTID":360,"state":"Wyoming","agency":"Wyoming Game and Fish Department","unit_type":"DHA","unit_id":"130","unit_name":"Big Sandy","unit_label":"Wyoming DHA 130 - Big Sandy","aliases":"130 | 130 big sandy | 2026 | big sandy | dha | dha 130 | dha 130 big sandy | wyoming | wyoming 130 | wyoming 130 big sandy | wyoming dha 130 | wyoming dha 130 big sandy | wyoming game and fish department | wyoming game and fish department 130","year":"2026","Shape_Length":203348.36112512051,"Shape_Area":1795035318.658724}},{"type":"Feature","id":361,"geometry":{"type":"Polygon","coordinates":[[[-110.7327,42.5898],[-110.7423,42.5976],[-110.752,42.6054],[-110.7546,42.5746],[-110.7676,42.5638],[-110.7806,42.553],[-110.7936,42.5421],[-110.8066,42.5313],[-110.8196,42.5204],[-110.8326,42.5096],[-110.8456,42.4988],[-110.8586,42.4879],[-110.8826,42.4907],[-110.9066,42.4934],[-110.9207,42.5057],[-110.9347,42.518],[-110.9488,42.5302],[-110.9628,42.5425],[-110.976,42.5316],[-110.9891,42.5208],[-111.0023,42.5099],[-111.0154,42.499],[-111.0309,42.5078],[-111.0463,42.5166],[-111.0474,42.517],[-111.0472,42.0017],[-111.0472,42.0017],[-111.0472,41.7796],[-111.0472,41.7795],[-111.0467,41.7797],[-111.0463,41.7797],[-111.0303,41.7887],[-111.0143,41.7976],[-110.9982,41.8065],[-110.9822,41.8155],[-110.9612,41.8168],[-110.9403,41.8182],[-110.9193,41.8195],[-110.8983,41.8209],[-110.8774,41.8222],[-110.8564,41.8236],[-110.8354,41.8249],[-110.8145,41.8263],[-110.7914,41.8249],[-110.7684,41.8235],[-110.7454,41.8222],[-110.7223,41.8208],[-110.6993,41.8194],[-110.6763,41.818],[-110.6532,41.8167],[-110.6302,41.8153],[-110.6067,41.8091],[-110.5832,41.8028],[-110.5597,41.7966],[-110.5362,41.7904],[-110.5254,41.7662],[-110.5145,41.7421],[-110.501,41.747],[-110.4875,41.752],[-110.4739,41.757],[-110.4604,41.7619],[-110.4413,41.763],[-110.4222,41.7641],[-110.4031,41.7652],[-110.384,41.7663],[-110.3649,41.7674],[-110.3458,41.7685],[-110.3267,41.7696],[-110.3076,41.7707],[-110.2948,41.7769],[-110.2821,41.7831],[-110.2693,41.7892],[-110.2565,41.7954],[-110.2307,41.7907],[-110.2049,41.786],[-110.1792,41.7813],[-110.1534,41.7765],[-110.1352,41.7627],[-110.117,41.7488],[-110.0989,41.735],[-110.0807,41.7211],[-110.0733,41.7101],[-110.0659,41.6992],[-110.0585,41.6882],[-110.0511,41.6772],[-110.0437,41.6662],[-110.0362,41.6552],[-110.0288,41.6442],[-110.0214,41.6332],[-110.0048,41.6253],[-109.9882,41.6174],[-109.9716,41.6094],[-109.955,41.6015],[-109.944,41.5872],[-109.933,41.573],[-109.922,41.5587],[-109.9111,41.5444],[-109.8818,41.5442],[-109.8526,41.544],[-109.8234,41.5437],[-109.7941,41.5435],[-109.7649,41.5432],[-109.7356,41.5429],[-109.7064,41.5426],[-109.6772,41.5424],[-109.6556,41.5457],[-109.634,41.5489],[-109.6125,41.5522],[-109.5909,41.5555],[-109.6097,41.5703],[-109.6284,41.585],[-109.6472,41.5998],[-109.6659,41.6145],[-109.6752,41.6254],[-109.6845,41.6362],[-109.6937,41.6471],[-109.703,41.6579],[-109.7123,41.6688],[-109.7215,41.6796],[-109.7308,41.6905],[-109.7401,41.7013],[-109.7494,41.7122],[-109.7587,41.723],[-109.768,41.7339],[-109.7773,41.7447],[-109.7866,41.7556],[-109.7959,41.7664],[-109.8052,41.7773],[-109.8145,41.7881],[-109.8197,41.8048],[-109.825,41.8216],[-109.8303,41.8383],[-109.8355,41.855],[-109.8536,41.8654],[-109.8717,41.8757],[-109.8898,41.8861],[-109.9078,41.8964],[-109.9259,41.9068],[-109.944,41.9172],[-109.9621,41.9275],[-109.9802,41.9378],[-109.9987,41.9435],[-110.0171,41.9492],[-110.0356,41.9549],[-110.054,41.9606],[-110.059,41.9942],[-110.0639,42.0278],[-110.0829,42.0392],[-110.102,42.0506],[-110.1211,42.0619],[-110.1401,42.0733],[-110.1504,42.0875],[-110.1608,42.1018],[-110.1711,42.116],[-110.1814,42.1302],[-110.1749,42.1477],[-110.1684,42.1652],[-110.1619,42.1826],[-110.1554,42.2001],[-110.1655,42.2199],[-110.1757,42.2396],[-110.1963,42.2258],[-110.2169,42.2119],[-110.2402,42.213],[-110.2635,42.2141],[-110.2868,42.2152],[-110.3101,42.2163],[-110.3281,42.2272],[-110.3461,42.2381],[-110.3642,42.249],[-110.3822,42.2599],[-110.4003,42.2708],[-110.4183,42.2816],[-110.4364,42.2925],[-110.4544,42.3034],[-110.4729,42.311],[-110.4913,42.3186],[-110.5098,42.3262],[-110.5283,42.3338],[-110.5362,42.3565],[-110.5443,42.3793],[-110.5523,42.4021],[-110.5603,42.4248],[-110.5798,42.4388],[-110.5994,42.4527],[-110.619,42.4666],[-110.6386,42.4806],[-110.6582,42.4945],[-110.6778,42.5084],[-110.6974,42.5224],[-110.717,42.5363],[-110.7249,42.563],[-110.7327,42.5898]]]},"properties":{"OBJECTID":361,"state":"Wyoming","agency":"Wyoming Game and Fish Department","unit_type":"DHA","unit_id":"135","unit_name":"West Green River","unit_label":"Wyoming DHA 135 - West Green River","aliases":"135 | 135 west green river | 2026 | dha | dha 135 | dha 135 west green river | west green river | wyoming | wyoming 135 | wyoming 135 west green river | wyoming dha 135 | wyoming dha 135 west green river | wyoming game and fish department | wyoming game","year":"2026","Shape_Length":429566.6104431194,"Shape_Area":6168676082.369681}},{"type":"Feature","id":362,"geometry":{"type":"Polygon","coordinates":[[[-106.8395,42.5558],[-106.8591,42.5571],[-106.8787,42.5585],[-106.8984,42.5598],[-106.918,42.5611],[-106.9376,42.5625],[-106.9572,42.5638],[-106.9769,42.5651],[-106.9965,42.5664],[-107.0198,42.5616],[-107.0431,42.5567],[-107.0664,42.5518],[-107.0898,42.547],[-107.1049,42.5332],[-107.12,42.5194],[-107.1351,42.5056],[-107.1502,42.4918],[-107.1652,42.478],[-107.1803,42.4642],[-107.1954,42.4504],[-107.2105,42.4366],[-107.2335,42.4308],[-107.2565,42.4251],[-107.2796,42.4193],[-107.3026,42.4136],[-107.3256,42.4078],[-107.3487,42.402],[-107.3717,42.3963],[-107.3947,42.3905],[-107.4071,42.3835],[-107.4195,42.3765],[-107.4318,42.3695],[-107.4442,42.3625],[-107.4561,42.3485],[-107.4681,42.3344],[-107.4617,42.3172],[-107.4553,42.3001],[-107.4489,42.2829],[-107.4425,42.2657],[-107.4505,42.2543],[-107.4585,42.2428],[-107.4665,42.2313],[-107.4745,42.2199],[-107.4652,42.2069],[-107.4558,42.194],[-107.4464,42.181],[-107.4371,42.1681],[-107.4268,42.1431],[-107.4165,42.1182],[-107.4063,42.0932],[-107.396,42.0683],[-107.3858,42.0434],[-107.3755,42.0184],[-107.3653,41.9935],[-107.355,41.9685],[-107.3453,41.9573],[-107.3355,41.9461],[-107.3257,41.935],[-107.316,41.9238],[-107.3062,41.9126],[-107.2965,41.9014],[-107.2867,41.8902],[-107.277,41.879],[-107.2672,41.8678],[-107.2575,41.8567],[-107.2477,41.8455],[-107.238,41.8343],[-107.2283,41.8231],[-107.2185,41.8119],[-107.2088,41.8007],[-107.1991,41.7895],[-107.1834,41.7871],[-107.1677,41.7848],[-107.152,41.7824],[-107.1363,41.78],[-107.1206,41.7776],[-107.1049,41.7752],[-107.0892,41.7728],[-107.0735,41.7704],[-107.0579,41.7681],[-107.0422,41.7657],[-107.0265,41.7633],[-107.0108,41.7609],[-106.9951,41.7585],[-106.9794,41.7561],[-106.9637,41.7537],[-106.9481,41.7513],[-106.9473,41.7869],[-106.9682,41.7962],[-106.989,41.8056],[-107.0099,41.8149],[-107.0307,41.8242],[-107.0379,41.8355],[-107.0451,41.8467],[-107.0522,41.8579],[-107.0594,41.8692],[-107.0458,41.8734],[-107.0322,41.8777],[-107.0186,41.882],[-107.005,41.8862],[-106.9913,41.8905],[-106.9777,41.8948],[-106.9641,41.899],[-106.9505,41.9033],[-106.9369,41.9075],[-106.9232,41.9118],[-106.9096,41.9161],[-106.896,41.9203],[-106.8824,41.9246],[-106.8687,41.9288],[-106.8551,41.9331],[-106.8415,41.9373],[-106.8368,41.9588],[-106.8451,41.9685],[-106.8533,41.9781],[-106.8505,42.0392],[-106.8477,42.1002],[-106.8628,42.1149],[-106.8779,42.1296],[-106.893,42.1443],[-106.9081,42.159],[-106.8883,42.1726],[-106.8685,42.1861],[-106.8767,42.2024],[-106.8849,42.2187],[-106.893,42.235],[-106.9012,42.2512],[-106.9094,42.2675],[-106.9176,42.2838],[-106.9258,42.3001],[-106.9339,42.3164],[-106.9227,42.3375],[-106.9115,42.3585],[-106.9003,42.3796],[-106.889,42.4007],[-106.8923,42.4515],[-106.873,42.4597],[-106.8538,42.468],[-106.8502,42.4899],[-106.8466,42.5119],[-106.8431,42.5338],[-106.8395,42.5558]]]},"properties":{"OBJECTID":362,"state":"Wyoming","agency":"Wyoming Game and Fish Department","unit_type":"DHA","unit_id":"87","unit_name":"Ferris","unit_label":"Wyoming DHA 87 - Ferris","aliases":"2026 | 87 | 87 ferris | dha | dha 87 | dha 87 ferris | ferris | wyoming | wyoming 87 | wyoming 87 ferris | wyoming dha 87 | wyoming dha 87 ferris | wyoming game and fish department | wyoming game and fish department 87","year":"2026","Shape_Length":263155.4655795502,"Shape_Area":3157914087.9588356}},{"type":"Feature","id":363,"geometry":{"type":"Polygon","coordinates":[[[-107.4442,42.3625],[-107.4565,42.3735],[-107.4689,42.3845],[-107.4812,42.3955],[-107.4936,42.4064],[-107.506,42.4174],[-107.5183,42.4283],[-107.5307,42.4393],[-107.5431,42.4503],[-107.5617,42.4574],[-107.5802,42.4646],[-107.5988,42.4717],[-107.6174,42.4788],[-107.6414,42.4804],[-107.6654,42.4819],[-107.6894,42.4835],[-107.7133,42.485],[-107.7373,42.4865],[-107.7613,42.4881],[-107.7853,42.4896],[-107.8092,42.4911],[-107.8321,42.4942],[-107.855,42.4974],[-107.8779,42.5005],[-107.9008,42.5037],[-107.9236,42.5068],[-107.9465,42.5099],[-107.9694,42.513],[-107.9923,42.5162],[-108.0152,42.5193],[-108.0381,42.5224],[-108.061,42.5255],[-108.0839,42.5286],[-108.1068,42.5317],[-108.1297,42.5348],[-108.1526,42.5379],[-108.1755,42.541],[-108.1814,42.5207],[-108.1874,42.5004],[-108.1933,42.4802],[-108.1993,42.4599],[-108.1938,42.4258],[-108.1884,42.3917],[-108.1829,42.3576],[-108.1775,42.3235],[-108.1564,42.3123],[-108.1354,42.301],[-108.1143,42.2897],[-108.0933,42.2784],[-108.0886,42.2563],[-108.0839,42.2342],[-108.0943,42.225],[-108.1047,42.2157],[-108.115,42.2065],[-108.1254,42.1972],[-108.1017,42.1958],[-108.0779,42.1943],[-108.0542,42.1928],[-108.0305,42.1914],[-108.0067,42.1899],[-107.983,42.1884],[-107.9593,42.1869],[-107.9355,42.1854],[-107.9226,42.2058],[-107.9097,42.2262],[-107.8916,42.223],[-107.8735,42.2197],[-107.8554,42.2164],[-107.8373,42.2132],[-107.8214,42.2156],[-107.8055,42.218],[-107.7896,42.2204],[-107.7737,42.2227],[-107.7579,42.2251],[-107.742,42.2275],[-107.7261,42.2299],[-107.7102,42.2323],[-107.6808,42.2307],[-107.6513,42.2292],[-107.6218,42.2277],[-107.5924,42.2261],[-107.5629,42.2246],[-107.5334,42.223],[-107.504,42.2214],[-107.4745,42.2199],[-107.4665,42.2313],[-107.4585,42.2428],[-107.4505,42.2543],[-107.4425,42.2657],[-107.4489,42.2829],[-107.4553,42.3001],[-107.4617,42.3172],[-107.4681,42.3344],[-107.4561,42.3485],[-107.4442,42.3625]]]},"properties":{"OBJECTID":363,"state":"Wyoming","agency":"Wyoming Game and Fish Department","unit_type":"DHA","unit_id":"96","unit_name":"Green Mountain","unit_label":"Wyoming DHA 96 - Green Mountain","aliases":"2026 | 96 | 96 green mountain | dha | dha 96 | dha 96 green mountain | green mountain | wyoming | wyoming 96 | wyoming 96 green mountain | wyoming dha 96 | wyoming dha 96 green mountain | wyoming game and fish department | wyoming game and fish departmen","year":"2026","Shape_Length":183466.3827680974,"Shape_Area":1773332131.9090335}},{"type":"Feature","id":364,"geometry":{"type":"Polygon","coordinates":[[[-104.9957,42.4738],[-105.0097,42.4795],[-105.0236,42.4852],[-105.0376,42.491],[-105.0516,42.4967],[-105.0656,42.5024],[-105.0796,42.5081],[-105.0936,42.5139],[-105.1076,42.5196],[-105.1226,42.5154],[-105.1377,42.5112],[-105.1527,42.507],[-105.1678,42.5028],[-105.1828,42.4986],[-105.1979,42.4944],[-105.2129,42.4902],[-105.2279,42.486],[-105.243,42.4817],[-105.258,42.4775],[-105.273,42.4733],[-105.2881,42.4691],[-105.3031,42.4649],[-105.3181,42.4607],[-105.3331,42.4564],[-105.3482,42.4522],[-105.3554,42.4336],[-105.3627,42.415],[-105.3781,42.4106],[-105.3935,42.4061],[-105.4089,42.4017],[-105.4243,42.3973],[-105.4312,42.3839],[-105.4382,42.3706],[-105.4451,42.3573],[-105.452,42.3439],[-105.4734,42.3343],[-105.4948,42.3247],[-105.5162,42.3151],[-105.5376,42.3055],[-105.559,42.2958],[-105.5803,42.2862],[-105.6017,42.2765],[-105.6231,42.2669],[-105.6205,42.2946],[-105.6179,42.3222],[-105.6282,42.3302],[-105.6385,42.3383],[-105.6488,42.3463],[-105.6591,42.3543],[-105.6694,42.3623],[-105.6797,42.3704],[-105.69,42.3784],[-105.7003,42.3864],[-105.6984,42.427],[-105.7237,42.4269],[-105.749,42.4269],[-105.7743,42.4269],[-105.7996,42.4268],[-105.8249,42.4268],[-105.8502,42.4267],[-105.8755,42.4266],[-105.9008,42.4266],[-105.92,42.4317],[-105.9391,42.4369],[-105.9582,42.4421],[-105.9774,42.4473],[-105.9965,42.4525],[-106.0157,42.4576],[-106.0348,42.4628],[-106.054,42.468],[-106.0688,42.4789],[-106.0836,42.4899],[-106.0927,42.4782],[-106.1018,42.4665],[-106.1109,42.4548],[-106.12,42.4431],[-106.1402,42.4407],[-106.1605,42.4382],[-106.1807,42.4358],[-106.2009,42.4333],[-106.2212,42.4309],[-106.2414,42.4284],[-106.2617,42.426],[-106.2819,42.4235],[-106.2884,42.385],[-106.2605,42.3783],[-106.2326,42.3717],[-106.2306,42.2612],[-106.2385,42.2409],[-106.2464,42.2206],[-106.2543,42.2003],[-106.2622,42.18],[-106.2528,42.1713],[-106.2434,42.1626],[-106.234,42.154],[-106.2246,42.1453],[-106.2152,42.1366],[-106.2058,42.128],[-106.1964,42.1193],[-106.187,42.1106],[-106.1884,42.0619],[-106.1898,42.0132],[-106.185,41.9978],[-106.1803,41.9824],[-106.1755,41.9671],[-106.1708,41.9517],[-106.1791,41.9377],[-106.1875,41.9236],[-106.1959,41.9095],[-106.2042,41.8955],[-106.1874,41.8917],[-106.1707,41.8878],[-106.1539,41.884],[-106.1371,41.8801],[-106.1203,41.8763],[-106.1036,41.8725],[-106.0868,41.8686],[-106.07,41.8648],[-106.0495,41.8513],[-106.0289,41.8378],[-106.0083,41.8243],[-105.9878,41.8108],[-105.9821,41.7903],[-105.9765,41.7697],[-105.9708,41.7491],[-105.9651,41.7285],[-105.9447,41.7254],[-105.9242,41.7223],[-105.9038,41.7193],[-105.8833,41.7162],[-105.8642,41.706],[-105.8451,41.6958],[-105.826,41.6856],[-105.8069,41.6754],[-105.7912,41.6601],[-105.7754,41.6448],[-105.7597,41.6294],[-105.744,41.6141],[-105.7282,41.5987],[-105.7125,41.5834],[-105.6968,41.568],[-105.6811,41.5527],[-105.6632,41.565],[-105.6452,41.5774],[-105.6272,41.5897],[-105.6092,41.6021],[-105.5912,41.6144],[-105.5732,41.6267],[-105.5552,41.6391],[-105.5371,41.6514],[-105.5249,41.6661],[-105.5126,41.6809],[-105.5003,41.6956],[-105.4881,41.7104],[-105.4649,41.7204],[-105.4417,41.7303],[-105.4186,41.7403],[-105.3954,41.7503],[-105.3722,41.7603],[-105.349,41.7702],[-105.3258,41.7802],[-105.3026,41.7902],[-105.2826,41.8024],[-105.2626,41.8146],[-105.2426,41.8268],[-105.2226,41.839],[-105.2167,41.8527],[-105.2108,41.8664],[-105.2049,41.8801],[-105.1989,41.8939],[-105.1786,41.8992],[-105.1582,41.9045],[-105.1379,41.9097],[-105.1175,41.915],[-105.1048,41.9261],[-105.0921,41.9372],[-105.0794,41.9483],[-105.0667,41.9594],[-105.0379,41.96],[-105.0091,41.9606],[-104.9803,41.9612],[-104.9515,41.9618],[-104.9551,41.9892],[-104.9587,42.0165],[-104.9623,42.0439],[-104.9659,42.0713],[-104.9731,42.0912],[-104.9803,42.1112],[-104.9875,42.1311],[-104.9947,42.151],[-105.0019,42.171],[-105.0091,42.1909],[-105.0163,42.2108],[-105.0235,42.2308],[-105.007,42.2312],[-104.9905,42.2317],[-104.9739,42.2321],[-104.9574,42.2326],[-104.9408,42.233],[-104.9243,42.2334],[-104.9077,42.2339],[-104.8912,42.2343],[-104.8739,42.2388],[-104.8565,42.2432],[-104.8391,42.2477],[-104.8218,42.2521],[-104.8044,42.2565],[-104.7871,42.261],[-104.7697,42.2654],[-104.7523,42.2698],[-104.7606,42.2938],[-104.7688,42.3178],[-104.7959,42.3175],[-104.823,42.3171],[-104.8445,42.3273],[-104.8661,42.3374],[-104.8876,42.3475],[-104.9092,42.3576],[-104.9161,42.3687],[-104.923,42.3798],[-104.9298,42.3909],[-104.9367,42.402],[-104.9436,42.4131],[-104.9505,42.4242],[-104.9574,42.4353],[-104.9643,42.4464],[-104.9576,42.4627],[-104.9509,42.479],[-104.9733,42.4764],[-104.9957,42.4738]]]},"properties":{"OBJECTID":364,"state":"Wyoming","agency":"Wyoming Game and Fish Department","unit_type":"DHA","unit_id":"64","unit_name":"Laramie Peak","unit_label":"Wyoming DHA 64 - Laramie Peak","aliases":"2026 | 64 | 64 laramie peak | dha | dha 64 | dha 64 laramie peak | laramie peak | wyoming | wyoming 64 | wyoming 64 laramie peak | wyoming dha 64 | wyoming dha 64 laramie peak | wyoming game and fish department | wyoming game and fish department 64","year":"2026","Shape_Length":435351.5364770438,"Shape_Area":7697821889.95119}},{"type":"Feature","id":365,"geometry":{"type":"Polygon","coordinates":[[[-108.5849,42.3902],[-108.6086,42.3901],[-108.6324,42.3901],[-108.6561,42.39],[-108.6798,42.3899],[-108.699,42.3871],[-108.7181,42.3844],[-108.7373,42.3816],[-108.7565,42.3788],[-108.7756,42.3761],[-108.7948,42.3733],[-108.8139,42.3705],[-108.8331,42.3677],[-108.8494,42.3707],[-108.8658,42.3738],[-108.8822,42.3768],[-108.8986,42.3798],[-108.9098,42.3722],[-108.9211,42.3647],[-108.9324,42.3571],[-108.9436,42.3495],[-108.9549,42.342],[-108.9662,42.3344],[-108.9774,42.3268],[-108.9887,42.3193],[-109.0031,42.3127],[-109.0176,42.3062],[-109.032,42.2996],[-109.0464,42.2931],[-109.0608,42.2865],[-109.0752,42.28],[-109.0897,42.2734],[-109.1041,42.2669],[-109.1185,42.2603],[-109.1329,42.2538],[-109.1473,42.2472],[-109.1617,42.2406],[-109.1761,42.2341],[-109.1905,42.2275],[-109.2049,42.221],[-109.2193,42.2144],[-109.2336,42.2078],[-109.248,42.2013],[-109.2624,42.1947],[-109.2768,42.1881],[-109.2912,42.1815],[-109.3055,42.175],[-109.3199,42.1684],[-109.3343,42.1618],[-109.3486,42.1552],[-109.363,42.1486],[-109.3774,42.1421],[-109.3917,42.1355],[-109.4061,42.1289],[-109.4204,42.1223],[-109.4348,42.1157],[-109.4491,42.1091],[-109.4553,42.1259],[-109.4614,42.1427],[-109.4775,42.1457],[-109.4936,42.1486],[-109.5097,42.1516],[-109.5257,42.1545],[-109.5418,42.1575],[-109.5579,42.1604],[-109.574,42.1634],[-109.5901,42.1663],[-109.6131,42.1631],[-109.6362,42.1599],[-109.6592,42.1567],[-109.6823,42.1535],[-109.7054,42.1504],[-109.7284,42.1471],[-109.7515,42.1439],[-109.7745,42.1407],[-109.7887,42.1275],[-109.8029,42.1142],[-109.8171,42.101],[-109.8313,42.0877],[-109.8486,42.0856],[-109.8659,42.0836],[-109.8832,42.0815],[-109.9005,42.0794],[-109.9178,42.0772],[-109.9351,42.0751],[-109.9524,42.073],[-109.9697,42.0709],[-109.9887,42.0603],[-110.0077,42.0497],[-110.0268,42.039],[-110.0458,42.0284],[-110.0639,42.0278],[-110.059,41.9942],[-110.054,41.9606],[-110.0356,41.9549],[-110.0171,41.9492],[-109.9987,41.9435],[-109.9802,41.9378],[-109.9621,41.9275],[-109.944,41.9172],[-109.9259,41.9068],[-109.9078,41.8964],[-109.8898,41.8861],[-109.8717,41.8757],[-109.8536,41.8654],[-109.8355,41.855],[-109.8303,41.8383],[-109.825,41.8216],[-109.8197,41.8048],[-109.8145,41.7881],[-109.8052,41.7773],[-109.7959,41.7664],[-109.7866,41.7556],[-109.7773,41.7447],[-109.768,41.7339],[-109.7587,41.723],[-109.7494,41.7122],[-109.7401,41.7013],[-109.7308,41.6905],[-109.7215,41.6796],[-109.7123,41.6688],[-109.703,41.6579],[-109.6937,41.6471],[-109.6845,41.6362],[-109.6752,41.6254],[-109.6659,41.6145],[-109.6472,41.5998],[-109.6284,41.585],[-109.6097,41.5703],[-109.5909,41.5555],[-109.5752,41.5567],[-109.5595,41.5578],[-109.5438,41.559],[-109.5281,41.5602],[-109.5075,41.5511],[-109.4869,41.542],[-109.4663,41.5328],[-109.4457,41.5237],[-109.4276,41.5259],[-109.4095,41.5281],[-109.3914,41.5303],[-109.3733,41.5325],[-109.3587,41.5383],[-109.3441,41.5441],[-109.3294,41.5499],[-109.3148,41.5557],[-109.3002,41.5615],[-109.2856,41.5673],[-109.2709,41.5731],[-109.2563,41.5789],[-109.243,41.5935],[-109.2298,41.6081],[-109.2096,41.6],[-109.1893,41.5919],[-109.1694,41.5983],[-109.1494,41.6047],[-109.1294,41.6111],[-109.1094,41.6175],[-109.0895,41.6239],[-109.0695,41.6303],[-109.0495,41.6367],[-109.0295,41.6431],[-109.0095,41.6495],[-108.9895,41.6558],[-108.9695,41.6622],[-108.9495,41.6686],[-108.9295,41.675],[-108.9095,41.6813],[-108.8895,41.6877],[-108.8694,41.6941],[-108.8532,41.6914],[-108.8369,41.6888],[-108.8206,41.6862],[-108.8043,41.6836],[-108.788,41.681],[-108.7718,41.6783],[-108.7555,41.6757],[-108.7392,41.6731],[-108.7256,41.6668],[-108.712,41.6605],[-108.6984,41.6543],[-108.6848,41.648],[-108.6578,41.6475],[-108.6308,41.647],[-108.6037,41.6465],[-108.5767,41.646],[-108.5589,41.645],[-108.5411,41.644],[-108.5233,41.6431],[-108.5055,41.6421],[-108.4877,41.6411],[-108.4699,41.6401],[-108.4521,41.6391],[-108.4343,41.6381],[-108.4165,41.6372],[-108.3987,41.6362],[-108.3809,41.6352],[-108.3631,41.6342],[-108.3453,41.6332],[-108.3275,41.6322],[-108.3097,41.6312],[-108.2919,41.6302],[-108.272,41.6332],[-108.252,41.6362],[-108.2321,41.6392],[-108.2121,41.6422],[-108.1922,41.6452],[-108.1722,41.6482],[-108.1523,41.6512],[-108.1323,41.6542],[-108.1123,41.6572],[-108.0924,41.6602],[-108.0724,41.6631],[-108.0524,41.6661],[-108.0325,41.6691],[-108.0125,41.6721],[-107.9925,41.675],[-107.9725,41.678],[-107.9816,41.6882],[-107.9906,41.6984],[-107.9996,41.7085],[-108.0086,41.7187],[-108.011,41.7559],[-108.0133,41.7931],[-108.0157,41.8303],[-108.018,41.8675],[-108.0103,41.8881],[-108.0026,41.9086],[-107.9949,41.9292],[-107.9872,41.9498],[-107.9795,41.9704],[-107.9718,41.9909],[-107.964,42.0115],[-107.9563,42.0321],[-107.961,42.0696],[-107.9656,42.1072],[-107.9581,42.1267],[-107.9506,42.1463],[-107.9431,42.1659],[-107.9355,42.1854],[-107.9593,42.1869],[-107.983,42.1884],[-108.0067,42.1899],[-108.0305,42.1914],[-108.0542,42.1928],[-108.0779,42.1943],[-108.1017,42.1958],[-108.1254,42.1972],[-108.115,42.2065],[-108.1047,42.2157],[-108.0943,42.225],[-108.0839,42.2342],[-108.0886,42.2563],[-108.0933,42.2784],[-108.1143,42.2897],[-108.1354,42.301],[-108.1564,42.3123],[-108.1775,42.3235],[-108.2061,42.3221],[-108.2347,42.3207],[-108.2632,42.3193],[-108.2918,42.3179],[-108.3157,42.3083],[-108.3396,42.2988],[-108.3635,42.2892],[-108.3874,42.2797],[-108.402,42.2861],[-108.4165,42.2926],[-108.4311,42.299],[-108.4457,42.3054],[-108.4603,42.3119],[-108.4748,42.3183],[-108.4894,42.3248],[-108.504,42.3312],[-108.5141,42.3386],[-108.5242,42.346],[-108.5343,42.3533],[-108.5444,42.3607],[-108.5546,42.3681],[-108.5647,42.3755],[-108.5748,42.3828],[-108.5849,42.3902]]]},"properties":{"OBJECTID":365,"state":"Wyoming","agency":"Wyoming Game and Fish Department","unit_type":"DHA","unit_id":"131","unit_name":"Steamboat","unit_label":"Wyoming DHA 131 - Steamboat","aliases":"131 | 131 steamboat | 2026 | dha | dha 131 | dha 131 steamboat | steamboat | wyoming | wyoming 131 | wyoming 131 steamboat | wyoming dha 131 | wyoming dha 131 steamboat | wyoming game and fish department | wyoming game and fish department 131","year":"2026","Shape_Length":482823.0416327513,"Shape_Area":11006140637.193033}},{"type":"Feature","id":366,"geometry":{"type":"Polygon","coordinates":[[[-107.4745,42.2199],[-107.504,42.2214],[-107.5334,42.223],[-107.5629,42.2246],[-107.5924,42.2261],[-107.6218,42.2277],[-107.6513,42.2292],[-107.6808,42.2307],[-107.7102,42.2323],[-107.7261,42.2299],[-107.742,42.2275],[-107.7579,42.2251],[-107.7737,42.2227],[-107.7896,42.2204],[-107.8055,42.218],[-107.8214,42.2156],[-107.8373,42.2132],[-107.8554,42.2164],[-107.8735,42.2197],[-107.8916,42.223],[-107.9097,42.2262],[-107.9226,42.2058],[-107.9355,42.1854],[-107.9431,42.1659],[-107.9506,42.1463],[-107.9581,42.1267],[-107.9656,42.1072],[-107.961,42.0696],[-107.9563,42.0321],[-107.964,42.0115],[-107.9718,41.9909],[-107.9795,41.9704],[-107.9872,41.9498],[-107.9949,41.9292],[-108.0026,41.9086],[-108.0103,41.8881],[-108.018,41.8675],[-108.0157,41.8303],[-108.0133,41.7931],[-108.011,41.7559],[-108.0086,41.7187],[-107.9996,41.7085],[-107.9906,41.6984],[-107.9816,41.6882],[-107.9725,41.678],[-107.9533,41.6847],[-107.9341,41.6913],[-107.9149,41.6979],[-107.8957,41.7046],[-107.875,41.7076],[-107.8542,41.7106],[-107.8334,41.7136],[-107.8126,41.7166],[-107.7919,41.7196],[-107.7711,41.7226],[-107.7503,41.7256],[-107.7295,41.7285],[-107.7116,41.7309],[-107.6937,41.7333],[-107.6758,41.7357],[-107.6578,41.738],[-107.6399,41.7404],[-107.622,41.7427],[-107.604,41.7451],[-107.5861,41.7474],[-107.564,41.7522],[-107.5419,41.757],[-107.5199,41.7617],[-107.4978,41.7665],[-107.4757,41.7713],[-107.4536,41.776],[-107.4315,41.7808],[-107.4094,41.7855],[-107.3896,41.7847],[-107.3698,41.7839],[-107.3501,41.783],[-107.3303,41.7822],[-107.3105,41.7813],[-107.2907,41.7805],[-107.271,41.7797],[-107.2512,41.7788],[-107.2251,41.7842],[-107.1991,41.7895],[-107.2088,41.8007],[-107.2185,41.8119],[-107.2283,41.8231],[-107.238,41.8343],[-107.2477,41.8455],[-107.2575,41.8567],[-107.2672,41.8678],[-107.277,41.879],[-107.2867,41.8902],[-107.2965,41.9014],[-107.3062,41.9126],[-107.316,41.9238],[-107.3257,41.935],[-107.3355,41.9461],[-107.3453,41.9573],[-107.355,41.9685],[-107.3653,41.9935],[-107.3755,42.0184],[-107.3858,42.0434],[-107.396,42.0683],[-107.4063,42.0932],[-107.4165,42.1182],[-107.4268,42.1431],[-107.4371,42.1681],[-107.4464,42.181],[-107.4558,42.194],[-107.4652,42.2069],[-107.4745,42.2199]]]},"properties":{"OBJECTID":366,"state":"Wyoming","agency":"Wyoming Game and Fish Department","unit_type":"DHA","unit_id":"98","unit_name":"Chain Lakes","unit_label":"Wyoming DHA 98 - Chain Lakes","aliases":"2026 | 98 | 98 chain lakes | chain lakes | dha | dha 98 | dha 98 chain lakes | wyoming | wyoming 98 | wyoming 98 chain lakes | wyoming dha 98 | wyoming dha 98 chain lakes | wyoming game and fish department | wyoming game and fish department 98","year":"2026","Shape_Length":219323.9434078792,"Shape_Area":2814852105.739102}},{"type":"Feature","id":367,"geometry":{"type":"Polygon","coordinates":[[[-104.9417,41.9255],[-104.9466,41.9436],[-104.9515,41.9618],[-104.9803,41.9612],[-105.0091,41.9606],[-105.0379,41.96],[-105.0667,41.9594],[-105.0794,41.9483],[-105.0921,41.9372],[-105.1048,41.9261],[-105.1175,41.915],[-105.1379,41.9097],[-105.1582,41.9045],[-105.1786,41.8992],[-105.1989,41.8939],[-105.2049,41.8801],[-105.2108,41.8664],[-105.2167,41.8527],[-105.2226,41.839],[-105.2426,41.8268],[-105.2626,41.8146],[-105.2826,41.8024],[-105.3026,41.7902],[-105.3258,41.7802],[-105.349,41.7702],[-105.3722,41.7603],[-105.3954,41.7503],[-105.4186,41.7403],[-105.4417,41.7303],[-105.4649,41.7204],[-105.4881,41.7104],[-105.5003,41.6956],[-105.5126,41.6809],[-105.5249,41.6661],[-105.5371,41.6514],[-105.5552,41.6391],[-105.5732,41.6267],[-105.5912,41.6144],[-105.6092,41.6021],[-105.6272,41.5897],[-105.6452,41.5774],[-105.6632,41.565],[-105.6811,41.5527],[-105.6693,41.5309],[-105.6575,41.5091],[-105.6457,41.4873],[-105.6339,41.4655],[-105.6222,41.4437],[-105.6104,41.4219],[-105.5986,41.4001],[-105.5869,41.3784],[-105.5901,41.3447],[-105.5934,41.311],[-105.5852,41.3218],[-105.577,41.3327],[-105.5688,41.3435],[-105.5606,41.3543],[-105.5524,41.3652],[-105.5442,41.376],[-105.536,41.3868],[-105.5279,41.3977],[-105.5035,41.397],[-105.4792,41.3963],[-105.4549,41.3956],[-105.4305,41.3948],[-105.4062,41.3941],[-105.3819,41.3934],[-105.3576,41.3927],[-105.3332,41.3919],[-105.3143,41.3946],[-105.2954,41.3973],[-105.2765,41.4],[-105.2576,41.4027],[-105.2387,41.4053],[-105.2198,41.408],[-105.2009,41.4107],[-105.1819,41.4134],[-105.1749,41.399],[-105.1679,41.3846],[-105.1608,41.3703],[-105.1538,41.3559],[-105.1468,41.3416],[-105.1397,41.3272],[-105.1327,41.3128],[-105.1257,41.2985],[-105.1069,41.2885],[-105.088,41.2785],[-105.0691,41.2685],[-105.0503,41.2585],[-105.0315,41.2485],[-105.0126,41.2385],[-104.9938,41.2285],[-104.975,41.2185],[-104.958,41.2185],[-104.941,41.2185],[-104.924,41.2185],[-104.9069,41.2185],[-104.8899,41.2185],[-104.8729,41.2185],[-104.8559,41.2185],[-104.8389,41.2184],[-104.8427,41.2374],[-104.8465,41.2564],[-104.8503,41.2754],[-104.854,41.2944],[-104.8578,41.3134],[-104.8616,41.3324],[-104.8654,41.3514],[-104.8692,41.3704],[-104.873,41.3894],[-104.8768,41.4084],[-104.8806,41.4274],[-104.8844,41.4464],[-104.8882,41.4654],[-104.892,41.4844],[-104.8958,41.5034],[-104.8996,41.5224],[-104.8907,41.5442],[-104.8819,41.5659],[-104.873,41.5877],[-104.8641,41.6094],[-104.8552,41.6311],[-104.8463,41.6529],[-104.8374,41.6746],[-104.8285,41.6963],[-104.8321,41.755],[-104.823,41.7671],[-104.814,41.7792],[-104.8049,41.7912],[-104.7959,41.8033],[-104.8141,41.8186],[-104.8323,41.8339],[-104.8505,41.8491],[-104.8688,41.8644],[-104.887,41.8797],[-104.9052,41.895],[-104.9235,41.9102],[-104.9417,41.9255]]]},"properties":{"OBJECTID":367,"state":"Wyoming","agency":"Wyoming Game and Fish Department","unit_type":"DHA","unit_id":"59","unit_name":"South Laramie Mountains","unit_label":"Wyoming DHA 59 - South Laramie Mountains","aliases":"2026 | 59 | 59 south laramie mountains | dha | dha 59 | dha 59 south laramie mountains | south laramie mountains | wyoming | wyoming 59 | wyoming 59 south laramie mountains | wyoming dha 59 | wyoming dha 59 south laramie mountains | wyoming game and fish","year":"2026","Shape_Length":278676.6991938907,"Shape_Area":3467039407.2308803}},{"type":"Feature","id":368,"geometry":{"type":"Polygon","coordinates":[[[-106.07,41.8648],[-106.0868,41.8686],[-106.1036,41.8725],[-106.1203,41.8763],[-106.1371,41.8801],[-106.1539,41.884],[-106.1707,41.8878],[-106.1874,41.8917],[-106.2042,41.8955],[-106.2278,41.8976],[-106.2515,41.8998],[-106.2751,41.9019],[-106.2987,41.9041],[-106.3224,41.9062],[-106.346,41.9084],[-106.3697,41.9105],[-106.3933,41.9126],[-106.4129,41.9053],[-106.4324,41.898],[-106.452,41.8906],[-106.4716,41.8833],[-106.4911,41.8759],[-106.5107,41.8686],[-106.5302,41.8612],[-106.5498,41.8539],[-106.5346,41.8417],[-106.5193,41.8295],[-106.5041,41.8173],[-106.4889,41.8052],[-106.4816,41.7849],[-106.4742,41.7646],[-106.4669,41.7443],[-106.4596,41.724],[-106.4484,41.7171],[-106.4372,41.7103],[-106.426,41.7035],[-106.4148,41.6967],[-106.4036,41.6899],[-106.3924,41.6831],[-106.3812,41.6763],[-106.37,41.6694],[-106.3528,41.6622],[-106.3355,41.655],[-106.3183,41.6477],[-106.3011,41.6404],[-106.2838,41.6332],[-106.2666,41.6259],[-106.2494,41.6187],[-106.2322,41.6114],[-106.215,41.6041],[-106.1978,41.5969],[-106.1805,41.5896],[-106.1633,41.5823],[-106.1462,41.575],[-106.129,41.5678],[-106.1118,41.5605],[-106.0946,41.5532],[-106.0828,41.5395],[-106.071,41.5257],[-106.0592,41.512],[-106.0474,41.4982],[-106.0268,41.4849],[-106.0062,41.4716],[-105.9857,41.4583],[-105.9651,41.4449],[-105.9491,41.4406],[-105.933,41.4362],[-105.917,41.4318],[-105.901,41.4274],[-105.8849,41.423],[-105.8689,41.4186],[-105.8529,41.4142],[-105.8369,41.4098],[-105.8218,41.3982],[-105.8067,41.3865],[-105.7916,41.3748],[-105.7765,41.3632],[-105.7595,41.3615],[-105.7425,41.3599],[-105.7255,41.3582],[-105.7085,41.3566],[-105.6916,41.3549],[-105.6746,41.3533],[-105.6576,41.3516],[-105.6406,41.35],[-105.6273,41.3296],[-105.6141,41.3091],[-105.5941,41.2978],[-105.5934,41.311],[-105.5901,41.3447],[-105.5869,41.3784],[-105.5986,41.4001],[-105.6104,41.4219],[-105.6222,41.4437],[-105.6339,41.4655],[-105.6457,41.4873],[-105.6575,41.5091],[-105.6693,41.5309],[-105.6811,41.5527],[-105.6968,41.568],[-105.7125,41.5834],[-105.7282,41.5987],[-105.744,41.6141],[-105.7597,41.6294],[-105.7754,41.6448],[-105.7912,41.6601],[-105.8069,41.6754],[-105.826,41.6856],[-105.8451,41.6958],[-105.8642,41.706],[-105.8833,41.7162],[-105.9038,41.7193],[-105.9242,41.7223],[-105.9447,41.7254],[-105.9651,41.7285],[-105.9708,41.7491],[-105.9765,41.7697],[-105.9821,41.7903],[-105.9878,41.8108],[-106.0083,41.8243],[-106.0289,41.8378],[-106.0495,41.8513],[-106.07,41.8648]]]},"properties":{"OBJECTID":368,"state":"Wyoming","agency":"Wyoming Game and Fish Department","unit_type":"DHA","unit_id":"74","unit_name":"Kyle","unit_label":"Wyoming DHA 74 - Kyle","aliases":"2026 | 74 | 74 kyle | dha | dha 74 | dha 74 kyle | kyle | wyoming | wyoming 74 | wyoming 74 kyle | wyoming dha 74 | wyoming dha 74 kyle | wyoming game and fish department | wyoming game and fish department 74","year":"2026","Shape_Length":228308.02130499267,"Shape_Area":2181563466.5813828}},{"type":"Feature","id":369,"geometry":{"type":"Polygon","coordinates":[[[-106.7261,41.8807],[-106.7399,41.8905],[-106.7537,41.9002],[-106.7676,41.91],[-106.7814,41.9198],[-106.7953,41.9295],[-106.8091,41.9393],[-106.823,41.9491],[-106.8368,41.9588],[-106.8415,41.9373],[-106.8551,41.9331],[-106.8687,41.9288],[-106.8824,41.9246],[-106.896,41.9203],[-106.9096,41.9161],[-106.9232,41.9118],[-106.9369,41.9075],[-106.9505,41.9033],[-106.9641,41.899],[-106.9777,41.8948],[-106.9913,41.8905],[-107.005,41.8862],[-107.0186,41.882],[-107.0322,41.8777],[-107.0458,41.8734],[-107.0594,41.8692],[-107.0522,41.8579],[-107.0451,41.8467],[-107.0379,41.8355],[-107.0307,41.8242],[-107.0099,41.8149],[-106.989,41.8056],[-106.9682,41.7962],[-106.9473,41.7869],[-106.9481,41.7513],[-106.9337,41.7378],[-106.9194,41.7244],[-106.905,41.711],[-106.8907,41.6976],[-106.9055,41.679],[-106.9203,41.6605],[-106.9351,41.6419],[-106.9499,41.6233],[-106.9524,41.5548],[-106.9343,41.5467],[-106.9163,41.5386],[-106.8982,41.5305],[-106.8801,41.5224],[-106.8621,41.5143],[-106.844,41.5062],[-106.826,41.4981],[-106.8079,41.49],[-106.8046,41.4358],[-106.797,41.4258],[-106.7894,41.4158],[-106.7819,41.4057],[-106.7743,41.3957],[-106.7667,41.3857],[-106.7591,41.3756],[-106.7515,41.3656],[-106.744,41.3556],[-106.7213,41.3524],[-106.6987,41.3492],[-106.676,41.346],[-106.6534,41.3428],[-106.6288,41.3486],[-106.6042,41.3544],[-106.5796,41.3602],[-106.555,41.366],[-106.542,41.3555],[-106.5289,41.3449],[-106.5159,41.3344],[-106.5029,41.3239],[-106.4838,41.3227],[-106.4648,41.3215],[-106.4458,41.3203],[-106.4268,41.3191],[-106.4077,41.3179],[-106.3887,41.3167],[-106.3697,41.3154],[-106.3507,41.3142],[-106.3355,41.3225],[-106.3203,41.3308],[-106.3051,41.3391],[-106.2899,41.3474],[-106.3047,41.3534],[-106.3197,41.3595],[-106.3346,41.3655],[-106.3495,41.3715],[-106.3555,41.3862],[-106.3616,41.4008],[-106.3676,41.4154],[-106.3737,41.43],[-106.3798,41.4446],[-106.3859,41.4592],[-106.3919,41.4738],[-106.398,41.4884],[-106.4082,41.4975],[-106.4183,41.5066],[-106.4285,41.5158],[-106.4386,41.5249],[-106.4488,41.534],[-106.4589,41.5431],[-106.4691,41.5522],[-106.4793,41.5613],[-106.4745,41.5851],[-106.4696,41.6088],[-106.4648,41.6326],[-106.46,41.6564],[-106.4506,41.6648],[-106.4412,41.6733],[-106.4318,41.6818],[-106.4223,41.6902],[-106.4316,41.6987],[-106.441,41.7071],[-106.4503,41.7155],[-106.4596,41.724],[-106.4669,41.7443],[-106.4742,41.7646],[-106.4816,41.7849],[-106.4889,41.8052],[-106.5041,41.8173],[-106.5193,41.8295],[-106.5346,41.8417],[-106.5498,41.8539],[-106.5718,41.8572],[-106.5939,41.8606],[-106.6159,41.864],[-106.6379,41.8673],[-106.66,41.8707],[-106.682,41.874],[-106.704,41.8774],[-106.7261,41.8807]]]},"properties":{"OBJECTID":369,"state":"Wyoming","agency":"Wyoming Game and Fish Department","unit_type":"DHA","unit_id":"79","unit_name":"Kennaday Peak","unit_label":"Wyoming DHA 79 - Kennaday Peak","aliases":"2026 | 79 | 79 kennaday peak | dha | dha 79 | dha 79 kennaday peak | kennaday peak | wyoming | wyoming 79 | wyoming 79 kennaday peak | wyoming dha 79 | wyoming dha 79 kennaday peak | wyoming game and fish department | wyoming game and fish department 79","year":"2026","Shape_Length":231167.95560388084,"Shape_Area":2379548558.082437}},{"type":"Feature","id":370,"geometry":{"type":"Polygon","coordinates":[[[-107.761,41.6203],[-107.7531,41.6473],[-107.7453,41.6744],[-107.7374,41.7015],[-107.7295,41.7285],[-107.7503,41.7256],[-107.7711,41.7226],[-107.7919,41.7196],[-107.8126,41.7166],[-107.8334,41.7136],[-107.8542,41.7106],[-107.875,41.7076],[-107.8957,41.7046],[-107.9149,41.6979],[-107.9341,41.6913],[-107.9533,41.6847],[-107.9725,41.678],[-107.9925,41.675],[-108.0125,41.6721],[-108.0325,41.6691],[-108.0524,41.6661],[-108.0724,41.6631],[-108.0924,41.6602],[-108.1123,41.6572],[-108.1323,41.6542],[-108.1523,41.6512],[-108.1722,41.6482],[-108.1922,41.6452],[-108.2121,41.6422],[-108.2321,41.6392],[-108.252,41.6362],[-108.272,41.6332],[-108.2919,41.6302],[-108.3097,41.6312],[-108.3275,41.6322],[-108.3453,41.6332],[-108.3631,41.6342],[-108.3809,41.6352],[-108.3987,41.6362],[-108.4165,41.6372],[-108.4343,41.6381],[-108.4521,41.6391],[-108.4699,41.6401],[-108.4877,41.6411],[-108.5055,41.6421],[-108.5233,41.6431],[-108.5411,41.644],[-108.5589,41.645],[-108.5767,41.646],[-108.5808,41.609],[-108.575,41.5955],[-108.5693,41.5819],[-108.5635,41.5683],[-108.5578,41.5547],[-108.552,41.5411],[-108.5463,41.5275],[-108.5405,41.514],[-108.5348,41.5004],[-108.5239,41.4912],[-108.5131,41.4821],[-108.5023,41.4729],[-108.4915,41.4637],[-108.5005,41.4451],[-108.5096,41.4264],[-108.5186,41.4077],[-108.5277,41.3891],[-108.5213,41.3641],[-108.5149,41.3392],[-108.5085,41.3143],[-108.5021,41.2893],[-108.4881,41.2779],[-108.4741,41.2664],[-108.4601,41.255],[-108.4462,41.2435],[-108.4401,41.2319],[-108.4341,41.2202],[-108.4281,41.2085],[-108.422,41.1969],[-108.416,41.1852],[-108.4099,41.1736],[-108.4039,41.1619],[-108.3979,41.1502],[-108.3918,41.1386],[-108.3858,41.1269],[-108.3798,41.1153],[-108.3738,41.1036],[-108.3677,41.0919],[-108.3617,41.0803],[-108.3557,41.0686],[-108.3497,41.057],[-108.3374,41.0427],[-108.3251,41.0285],[-108.3128,41.0142],[-108.3005,41.0],[-108.2723,41.0001],[-108.2716,41.0001],[-108.2497,41.0002],[-108.2278,41.0003],[-108.2079,41.0003],[-108.1793,41.0006],[-108.1507,41.0008],[-108.1222,41.001],[-108.0936,41.0012],[-108.0651,41.0014],[-108.0365,41.0016],[-108.008,41.0018],[-107.9794,41.002],[-107.9578,41.0019],[-107.9362,41.0019],[-107.9183,41.0019],[-107.8958,41.0019],[-107.8732,41.0018],[-107.8544,41.0018],[-107.8352,41.0019],[-107.8105,41.002],[-107.7857,41.0021],[-107.7609,41.0021],[-107.7361,41.0022],[-107.7113,41.0022],[-107.6865,41.0023],[-107.6617,41.0023],[-107.6369,41.0024],[-107.6467,41.0142],[-107.6564,41.0259],[-107.6496,41.0447],[-107.6427,41.0635],[-107.6358,41.0822],[-107.629,41.101],[-107.6369,41.1148],[-107.6449,41.1285],[-107.6529,41.1423],[-107.6609,41.156],[-107.6689,41.1698],[-107.6769,41.1835],[-107.6848,41.1973],[-107.6928,41.2111],[-107.7008,41.2248],[-107.7088,41.2386],[-107.7168,41.2523],[-107.7249,41.2661],[-107.7329,41.2798],[-107.7409,41.2936],[-107.7489,41.3073],[-107.7569,41.3211],[-107.7566,41.4372],[-107.7588,41.5287],[-107.761,41.6203]]]},"properties":{"OBJECTID":370,"state":"Wyoming","agency":"Wyoming Game and Fish Department","unit_type":"DHA","unit_id":"100","unit_name":"South Wamsutter","unit_label":"Wyoming DHA 100 - South Wamsutter","aliases":"100 | 100 south wamsutter | 2026 | dha | dha 100 | dha 100 south wamsutter | south wamsutter | wyoming | wyoming 100 | wyoming 100 south wamsutter | wyoming dha 100 | wyoming dha 100 south wamsutter | wyoming game and fish department | wyoming game and f","year":"2026","Shape_Length":290919.2503973465,"Shape_Area":4652462431.931955}},{"type":"Feature","id":371,"geometry":{"type":"Polygon","coordinates":[[[-106.37,41.6694],[-106.3812,41.6763],[-106.3924,41.6831],[-106.4036,41.6899],[-106.4148,41.6967],[-106.426,41.7035],[-106.4372,41.7103],[-106.4484,41.7171],[-106.4596,41.724],[-106.4503,41.7155],[-106.441,41.7071],[-106.4316,41.6987],[-106.4223,41.6902],[-106.4318,41.6818],[-106.4412,41.6733],[-106.4506,41.6648],[-106.46,41.6564],[-106.4648,41.6326],[-106.4696,41.6088],[-106.4745,41.5851],[-106.4793,41.5613],[-106.4691,41.5522],[-106.4589,41.5431],[-106.4488,41.534],[-106.4386,41.5249],[-106.4285,41.5158],[-106.4183,41.5066],[-106.4082,41.4975],[-106.398,41.4884],[-106.3919,41.4738],[-106.3859,41.4592],[-106.3798,41.4446],[-106.3737,41.43],[-106.3676,41.4154],[-106.3616,41.4008],[-106.3555,41.3862],[-106.3495,41.3715],[-106.3346,41.3655],[-106.3197,41.3595],[-106.3047,41.3534],[-106.2899,41.3474],[-106.2615,41.3471],[-106.2332,41.3469],[-106.2049,41.3467],[-106.1766,41.3465],[-106.1669,41.3341],[-106.1572,41.3218],[-106.1476,41.3094],[-106.1379,41.2971],[-106.1182,41.2967],[-106.0986,41.2963],[-106.079,41.2959],[-106.0593,41.2955],[-106.0397,41.2951],[-106.0201,41.2947],[-106.0004,41.2943],[-105.9808,41.2939],[-105.9626,41.2961],[-105.9444,41.2983],[-105.9262,41.3006],[-105.908,41.3028],[-105.8898,41.305],[-105.8715,41.3072],[-105.8533,41.3094],[-105.8351,41.3116],[-105.8169,41.3137],[-105.7987,41.3159],[-105.7805,41.3181],[-105.7622,41.3203],[-105.744,41.3225],[-105.7258,41.3247],[-105.7076,41.3268],[-105.6893,41.329],[-105.6743,41.3241],[-105.6592,41.3191],[-105.6441,41.3141],[-105.6291,41.3092],[-105.6141,41.3091],[-105.6273,41.3296],[-105.6406,41.35],[-105.6576,41.3516],[-105.6746,41.3533],[-105.6916,41.3549],[-105.7085,41.3566],[-105.7255,41.3582],[-105.7425,41.3599],[-105.7595,41.3615],[-105.7765,41.3632],[-105.7916,41.3748],[-105.8067,41.3865],[-105.8218,41.3982],[-105.8369,41.4098],[-105.8529,41.4142],[-105.8689,41.4186],[-105.8849,41.423],[-105.901,41.4274],[-105.917,41.4318],[-105.933,41.4362],[-105.9491,41.4406],[-105.9651,41.4449],[-105.9857,41.4583],[-106.0062,41.4716],[-106.0268,41.4849],[-106.0474,41.4982],[-106.0592,41.512],[-106.071,41.5257],[-106.0828,41.5395],[-106.0946,41.5532],[-106.1118,41.5605],[-106.129,41.5678],[-106.1462,41.575],[-106.1633,41.5823],[-106.1805,41.5896],[-106.1978,41.5969],[-106.215,41.6041],[-106.2322,41.6114],[-106.2494,41.6187],[-106.2666,41.6259],[-106.2838,41.6332],[-106.3011,41.6404],[-106.3183,41.6477],[-106.3355,41.655],[-106.3528,41.6622],[-106.37,41.6694]]]},"properties":{"OBJECTID":371,"state":"Wyoming","agency":"Wyoming Game and Fish Department","unit_type":"DHA","unit_id":"75","unit_name":"Four Mile","unit_label":"Wyoming DHA 75 - Four Mile","aliases":"2026 | 75 | 75 four mile | dha | dha 75 | dha 75 four mile | four mile | wyoming | wyoming 75 | wyoming 75 four mile | wyoming dha 75 | wyoming dha 75 four mile | wyoming game and fish department | wyoming game and fish department 75","year":"2026","Shape_Length":197757.20445233377,"Shape_Area":1324476359.4783702}},{"type":"Feature","id":372,"geometry":{"type":"Polygon","coordinates":[[[-108.7392,41.6731],[-108.7555,41.6757],[-108.7718,41.6783],[-108.788,41.681],[-108.8043,41.6836],[-108.8206,41.6862],[-108.8369,41.6888],[-108.8532,41.6914],[-108.8694,41.6941],[-108.8895,41.6877],[-108.9095,41.6813],[-108.9295,41.675],[-108.9495,41.6686],[-108.9695,41.6622],[-108.9895,41.6558],[-109.0095,41.6495],[-109.0295,41.6431],[-109.0495,41.6367],[-109.0695,41.6303],[-109.0895,41.6239],[-109.1094,41.6175],[-109.1294,41.6111],[-109.1494,41.6047],[-109.1694,41.5983],[-109.1893,41.5919],[-109.2096,41.6],[-109.2298,41.6081],[-109.2194,41.5824],[-109.2043,41.5769],[-109.1893,41.5714],[-109.1742,41.5659],[-109.1592,41.5604],[-109.1442,41.555],[-109.1291,41.5495],[-109.1141,41.544],[-109.0991,41.5385],[-109.0841,41.533],[-109.069,41.5274],[-109.054,41.5219],[-109.039,41.5164],[-109.024,41.5109],[-109.009,41.5054],[-108.994,41.4999],[-108.9789,41.4944],[-108.9642,41.4834],[-108.9494,41.4724],[-108.9449,41.4503],[-108.9405,41.4282],[-108.9361,41.4061],[-108.9316,41.384],[-108.9379,41.3543],[-108.9442,41.3247],[-108.9306,41.3176],[-108.917,41.3105],[-108.9034,41.3034],[-108.8898,41.2963],[-108.8762,41.2892],[-108.8626,41.2821],[-108.849,41.275],[-108.8354,41.2679],[-108.8337,41.2224],[-108.832,41.1769],[-108.8208,41.155],[-108.8096,41.1332],[-108.7983,41.1113],[-108.7871,41.0895],[-108.7881,41.0003],[-108.771,41.0003],[-108.7539,41.0003],[-108.7367,41.0003],[-108.7196,41.0003],[-108.7025,41.0002],[-108.6854,41.0002],[-108.6683,41.0002],[-108.6511,41.0002],[-108.634,41.0002],[-108.6169,41.0002],[-108.5998,41.0002],[-108.5827,41.0001],[-108.5656,41.0001],[-108.5484,41.0001],[-108.5313,41.0],[-108.5142,41.0],[-108.4897,41.0001],[-108.4661,41.0001],[-108.4424,41.0001],[-108.4188,41.0001],[-108.3951,41.0001],[-108.3715,41.0001],[-108.3478,41.0001],[-108.3242,41.0],[-108.3005,41.0],[-108.3128,41.0142],[-108.3251,41.0285],[-108.3374,41.0427],[-108.3497,41.057],[-108.3557,41.0686],[-108.3617,41.0803],[-108.3677,41.0919],[-108.3738,41.1036],[-108.3798,41.1153],[-108.3858,41.1269],[-108.3918,41.1386],[-108.3979,41.1502],[-108.4039,41.1619],[-108.4099,41.1736],[-108.416,41.1852],[-108.422,41.1969],[-108.4281,41.2085],[-108.4341,41.2202],[-108.4401,41.2319],[-108.4462,41.2435],[-108.4601,41.255],[-108.4741,41.2664],[-108.4881,41.2779],[-108.5021,41.2893],[-108.5085,41.3143],[-108.5149,41.3392],[-108.5213,41.3641],[-108.5277,41.3891],[-108.5186,41.4077],[-108.5096,41.4264],[-108.5005,41.4451],[-108.4915,41.4637],[-108.5023,41.4729],[-108.5131,41.4821],[-108.5239,41.4912],[-108.5348,41.5004],[-108.5405,41.514],[-108.5463,41.5275],[-108.552,41.5411],[-108.5578,41.5547],[-108.5635,41.5683],[-108.5693,41.5819],[-108.575,41.5955],[-108.5808,41.609],[-108.5767,41.646],[-108.6037,41.6465],[-108.6308,41.647],[-108.6578,41.6475],[-108.6848,41.648],[-108.6984,41.6543],[-108.712,41.6605],[-108.7256,41.6668],[-108.7392,41.6731]]]},"properties":{"OBJECTID":372,"state":"Wyoming","agency":"Wyoming Game and Fish Department","unit_type":"DHA","unit_id":"101","unit_name":"Black Butte","unit_label":"Wyoming DHA 101 - Black Butte","aliases":"101 | 101 black butte | 2026 | black butte | dha | dha 101 | dha 101 black butte | wyoming | wyoming 101 | wyoming 101 black butte | wyoming dha 101 | wyoming dha 101 black butte | wyoming game and fish department | wyoming game and fish department 101","year":"2026","Shape_Length":265153.29302369367,"Shape_Area":2794611484.0356016}},{"type":"Feature","id":373,"geometry":{"type":"Polygon","coordinates":[[[-109.2194,41.5824],[-109.2298,41.6081],[-109.243,41.5935],[-109.2563,41.5789],[-109.2709,41.5731],[-109.2856,41.5673],[-109.3002,41.5615],[-109.3148,41.5557],[-109.3294,41.5499],[-109.3441,41.5441],[-109.3587,41.5383],[-109.3733,41.5325],[-109.3914,41.5303],[-109.4095,41.5281],[-109.4276,41.5259],[-109.4457,41.5237],[-109.4663,41.5328],[-109.4869,41.542],[-109.5075,41.5511],[-109.5281,41.5602],[-109.5104,41.5492],[-109.4926,41.5382],[-109.4748,41.5273],[-109.4571,41.5163],[-109.4393,41.5053],[-109.4216,41.4944],[-109.4038,41.4834],[-109.3861,41.4724],[-109.395,41.4628],[-109.404,41.4533],[-109.413,41.4437],[-109.4219,41.4341],[-109.431,41.4077],[-109.44,41.3813],[-109.449,41.3549],[-109.458,41.3285],[-109.4754,41.3272],[-109.4928,41.3259],[-109.5102,41.3246],[-109.5276,41.3232],[-109.5386,41.3002],[-109.5495,41.2771],[-109.5604,41.254],[-109.5714,41.2309],[-109.554,41.2227],[-109.5366,41.2146],[-109.5345,41.1796],[-109.5323,41.1447],[-109.5302,41.1097],[-109.528,41.0747],[-109.5367,41.062],[-109.5455,41.0493],[-109.5542,41.0365],[-109.5629,41.0238],[-109.552,41.0111],[-109.5411,40.9984],[-109.517,40.9989],[-109.5017,40.9991],[-109.4835,40.9993],[-109.4653,40.9994],[-109.4416,40.9996],[-109.4178,40.9998],[-109.3941,41.0],[-109.3704,41.0001],[-109.3466,41.0003],[-109.3229,41.0004],[-109.2991,41.0006],[-109.2754,41.0007],[-109.2636,41.0009],[-109.2592,41.0009],[-109.2392,41.0017],[-109.2306,41.002],[-109.2294,41.002],[-109.2198,41.0017],[-109.2111,41.0015],[-109.1997,41.0012],[-109.1775,41.001],[-109.1553,41.0008],[-109.135,41.0008],[-109.1148,41.0007],[-109.0956,41.0007],[-109.0766,41.0007],[-109.0576,41.0007],[-109.0407,41.0007],[-109.0239,41.0007],[-109.0071,41.0007],[-108.9902,41.0006],[-108.9734,41.0006],[-108.9565,41.0006],[-108.9397,41.0006],[-108.9228,41.0006],[-108.906,41.0005],[-108.8892,41.0005],[-108.8723,41.0005],[-108.8555,41.0004],[-108.8386,41.0004],[-108.8218,41.0003],[-108.8049,41.0003],[-108.7881,41.0003],[-108.7871,41.0895],[-108.7983,41.1113],[-108.8096,41.1332],[-108.8208,41.155],[-108.832,41.1769],[-108.8337,41.2224],[-108.8354,41.2679],[-108.849,41.275],[-108.8626,41.2821],[-108.8762,41.2892],[-108.8898,41.2963],[-108.9034,41.3034],[-108.917,41.3105],[-108.9306,41.3176],[-108.9442,41.3247],[-108.9379,41.3543],[-108.9316,41.384],[-108.9361,41.4061],[-108.9405,41.4282],[-108.9449,41.4503],[-108.9494,41.4724],[-108.9642,41.4834],[-108.9789,41.4944],[-108.994,41.4999],[-109.009,41.5054],[-109.024,41.5109],[-109.039,41.5164],[-109.054,41.5219],[-109.069,41.5274],[-109.0841,41.533],[-109.0991,41.5385],[-109.1141,41.544],[-109.1291,41.5495],[-109.1442,41.555],[-109.1592,41.5604],[-109.1742,41.5659],[-109.1893,41.5714],[-109.2043,41.5769],[-109.2194,41.5824]]]},"properties":{"OBJECTID":373,"state":"Wyoming","agency":"Wyoming Game and Fish Department","unit_type":"DHA","unit_id":"102","unit_name":"Aspen Mountain","unit_label":"Wyoming DHA 102 - Aspen Mountain","aliases":"102 | 102 aspen mountain | 2026 | aspen mountain | dha | dha 102 | dha 102 aspen mountain | wyoming | wyoming 102 | wyoming 102 aspen mountain | wyoming dha 102 | wyoming dha 102 aspen mountain | wyoming game and fish department | wyoming game and fish d","year":"2026","Shape_Length":257298.29966459124,"Shape_Area":3159033193.839391}},{"type":"Feature","id":374,"geometry":{"type":"Polygon","coordinates":[[[-106.9481,41.7513],[-106.9637,41.7537],[-106.9794,41.7561],[-106.9951,41.7585],[-107.0108,41.7609],[-107.0265,41.7633],[-107.0422,41.7657],[-107.0579,41.7681],[-107.0735,41.7704],[-107.0892,41.7728],[-107.1049,41.7752],[-107.1206,41.7776],[-107.1363,41.78],[-107.152,41.7824],[-107.1677,41.7848],[-107.1834,41.7871],[-107.1991,41.7895],[-107.2251,41.7842],[-107.2512,41.7788],[-107.2598,41.7697],[-107.2684,41.7606],[-107.2668,41.7116],[-107.2653,41.6626],[-107.2637,41.6136],[-107.2622,41.5646],[-107.2538,41.553],[-107.2455,41.5415],[-107.2372,41.5299],[-107.2288,41.5184],[-107.2205,41.5069],[-107.2122,41.4953],[-107.2039,41.4838],[-107.1955,41.4722],[-107.2062,41.4555],[-107.2169,41.4387],[-107.2276,41.422],[-107.2383,41.4052],[-107.2255,41.3957],[-107.2126,41.3862],[-107.1998,41.3766],[-107.187,41.3671],[-107.1742,41.3576],[-107.1614,41.3481],[-107.1485,41.3385],[-107.1357,41.329],[-107.1494,41.3133],[-107.163,41.2976],[-107.1537,41.2854],[-107.1444,41.2732],[-107.1351,41.2609],[-107.1257,41.2487],[-107.1164,41.2365],[-107.1071,41.2242],[-107.0978,41.212],[-107.0885,41.1998],[-107.0752,41.194],[-107.0619,41.1883],[-107.0487,41.1826],[-107.0354,41.1769],[-107.0222,41.1712],[-107.0089,41.1655],[-106.9956,41.1598],[-106.9824,41.1541],[-106.9574,41.1619],[-106.9324,41.1698],[-106.9074,41.1777],[-106.8824,41.1856],[-106.8574,41.1935],[-106.8324,41.2014],[-106.8074,41.2092],[-106.7824,41.2171],[-106.7776,41.2344],[-106.7728,41.2517],[-106.768,41.269],[-106.7632,41.2863],[-106.7584,41.3036],[-106.7536,41.3209],[-106.7488,41.3382],[-106.744,41.3556],[-106.7515,41.3656],[-106.7591,41.3756],[-106.7667,41.3857],[-106.7743,41.3957],[-106.7819,41.4057],[-106.7894,41.4158],[-106.797,41.4258],[-106.8046,41.4358],[-106.8079,41.49],[-106.826,41.4981],[-106.844,41.5062],[-106.8621,41.5143],[-106.8801,41.5224],[-106.8982,41.5305],[-106.9163,41.5386],[-106.9343,41.5467],[-106.9524,41.5548],[-106.9499,41.6233],[-106.9351,41.6419],[-106.9203,41.6605],[-106.9055,41.679],[-106.8907,41.6976],[-106.905,41.711],[-106.9194,41.7244],[-106.9337,41.7378],[-106.9481,41.7513]]]},"properties":{"OBJECTID":374,"state":"Wyoming","agency":"Wyoming Game and Fish Department","unit_type":"DHA","unit_id":"80","unit_name":"Spring Creek","unit_label":"Wyoming DHA 80 - Spring Creek","aliases":"2026 | 80 | 80 spring creek | dha | dha 80 | dha 80 spring creek | spring creek | wyoming | wyoming 80 | wyoming 80 spring creek | wyoming dha 80 | wyoming dha 80 spring creek | wyoming game and fish department | wyoming game and fish department 80","year":"2026","Shape_Length":198320.50643821302,"Shape_Area":1995018475.9129033}},{"type":"Feature","id":375,"geometry":{"type":"Polygon","coordinates":[[[-105.1257,41.2985],[-105.1327,41.3128],[-105.1397,41.3272],[-105.1468,41.3416],[-105.1538,41.3559],[-105.1608,41.3703],[-105.1679,41.3846],[-105.1749,41.399],[-105.1819,41.4134],[-105.2009,41.4107],[-105.2198,41.408],[-105.2387,41.4053],[-105.2576,41.4027],[-105.2765,41.4],[-105.2954,41.3973],[-105.3143,41.3946],[-105.3332,41.3919],[-105.3576,41.3927],[-105.3819,41.3934],[-105.4062,41.3941],[-105.4305,41.3948],[-105.4549,41.3956],[-105.4792,41.3963],[-105.5035,41.397],[-105.5279,41.3977],[-105.536,41.3868],[-105.5442,41.376],[-105.5524,41.3652],[-105.5606,41.3543],[-105.5688,41.3435],[-105.577,41.3327],[-105.5852,41.3218],[-105.5934,41.311],[-105.5941,41.2978],[-105.5762,41.2928],[-105.5584,41.2878],[-105.5405,41.2828],[-105.5226,41.2777],[-105.5048,41.2727],[-105.4869,41.2677],[-105.4691,41.2626],[-105.4512,41.2576],[-105.4402,41.2335],[-105.4292,41.2094],[-105.4182,41.1853],[-105.4071,41.1611],[-105.3884,41.1528],[-105.3696,41.1444],[-105.3508,41.136],[-105.332,41.1276],[-105.3152,41.1235],[-105.2983,41.1195],[-105.2814,41.1154],[-105.2645,41.1114],[-105.2476,41.1073],[-105.2307,41.1032],[-105.2139,41.0992],[-105.197,41.0951],[-105.1754,41.0963],[-105.1537,41.0975],[-105.1321,41.0987],[-105.1104,41.0999],[-105.0888,41.1011],[-105.0672,41.1022],[-105.0455,41.1034],[-105.0239,41.1046],[-105.0022,41.1058],[-104.9806,41.1069],[-104.9589,41.1081],[-104.9373,41.1092],[-104.9156,41.1104],[-104.894,41.1116],[-104.8723,41.1127],[-104.8507,41.1138],[-104.8478,41.14],[-104.8448,41.1661],[-104.8419,41.1923],[-104.8389,41.2184],[-104.8559,41.2185],[-104.8729,41.2185],[-104.8899,41.2185],[-104.9069,41.2185],[-104.924,41.2185],[-104.941,41.2185],[-104.958,41.2185],[-104.975,41.2185],[-104.9938,41.2285],[-105.0126,41.2385],[-105.0315,41.2485],[-105.0503,41.2585],[-105.0691,41.2685],[-105.088,41.2785],[-105.1069,41.2885],[-105.1257,41.2985]]]},"properties":{"OBJECTID":375,"state":"Wyoming","agency":"Wyoming Game and Fish Department","unit_type":"DHA","unit_id":"60","unit_name":"Pole Mountain","unit_label":"Wyoming DHA 60 - Pole Mountain","aliases":"2026 | 60 | 60 pole mountain | dha | dha 60 | dha 60 pole mountain | pole mountain | wyoming | wyoming 60 | wyoming 60 pole mountain | wyoming dha 60 | wyoming dha 60 pole mountain | wyoming game and fish department | wyoming game and fish department 60","year":"2026","Shape_Length":165853.33820041403,"Shape_Area":1274957093.6803048}},{"type":"Feature","id":376,"geometry":{"type":"Polygon","coordinates":[[[-106.5029,41.3239],[-106.5159,41.3344],[-106.5289,41.3449],[-106.542,41.3555],[-106.555,41.366],[-106.5796,41.3602],[-106.6042,41.3544],[-106.6288,41.3486],[-106.6534,41.3428],[-106.676,41.346],[-106.6987,41.3492],[-106.7213,41.3524],[-106.744,41.3556],[-106.7488,41.3382],[-106.7536,41.3209],[-106.7584,41.3036],[-106.7632,41.2863],[-106.768,41.269],[-106.7728,41.2517],[-106.7776,41.2344],[-106.7824,41.2171],[-106.7577,41.2171],[-106.733,41.2172],[-106.7083,41.2173],[-106.6836,41.2173],[-106.6701,41.2071],[-106.6565,41.1969],[-106.643,41.1868],[-106.6295,41.1766],[-106.6159,41.1664],[-106.6024,41.1562],[-106.5889,41.146],[-106.5754,41.1358],[-106.559,41.1273],[-106.5427,41.1188],[-106.5264,41.1103],[-106.5101,41.1018],[-106.4938,41.0933],[-106.4774,41.0848],[-106.4611,41.0763],[-106.4448,41.0678],[-106.4344,41.0512],[-106.424,41.0346],[-106.4136,41.0179],[-106.4032,41.0013],[-106.3969,41.0012],[-106.3799,41.0007],[-106.3629,41.0003],[-106.3459,40.9998],[-106.3289,40.9993],[-106.3052,40.9989],[-106.282,40.9986],[-106.2588,40.9983],[-106.2355,40.998],[-106.2123,40.9977],[-106.2027,40.9976],[-106.1999,40.9976],[-106.1982,40.9977],[-106.1852,41.0136],[-106.1722,41.0295],[-106.1592,41.0454],[-106.1462,41.0613],[-106.1584,41.0683],[-106.1705,41.0753],[-106.1827,41.0823],[-106.1949,41.0893],[-106.2071,41.0963],[-106.2192,41.1033],[-106.2314,41.1103],[-106.2436,41.1173],[-106.2513,41.1334],[-106.2589,41.1495],[-106.2666,41.1656],[-106.2743,41.1817],[-106.2646,41.1927],[-106.2549,41.2037],[-106.2452,41.2148],[-106.2355,41.2258],[-106.2558,41.2368],[-106.2762,41.2479],[-106.2966,41.2589],[-106.317,41.2699],[-106.3102,41.2893],[-106.3034,41.3086],[-106.2966,41.328],[-106.2899,41.3474],[-106.3051,41.3391],[-106.3203,41.3308],[-106.3355,41.3225],[-106.3507,41.3142],[-106.3697,41.3154],[-106.3887,41.3167],[-106.4077,41.3179],[-106.4268,41.3191],[-106.4458,41.3203],[-106.4648,41.3215],[-106.4838,41.3227],[-106.5029,41.3239]]]},"properties":{"OBJECTID":376,"state":"Wyoming","agency":"Wyoming Game and Fish Department","unit_type":"DHA","unit_id":"78","unit_name":"French Creek","unit_label":"Wyoming DHA 78 - French Creek","aliases":"2026 | 78 | 78 french creek | dha | dha 78 | dha 78 french creek | french creek | wyoming | wyoming 78 | wyoming 78 french creek | wyoming dha 78 | wyoming dha 78 french creek | wyoming game and fish department | wyoming game and fish department 78","year":"2026","Shape_Length":166556.0261288276,"Shape_Area":1162059007.5440438}},{"type":"Feature","id":377,"geometry":{"type":"Polygon","coordinates":[[[-106.1766,41.3465],[-106.2049,41.3467],[-106.2332,41.3469],[-106.2615,41.3471],[-106.2899,41.3474],[-106.2966,41.328],[-106.3034,41.3086],[-106.3102,41.2893],[-106.317,41.2699],[-106.2966,41.2589],[-106.2762,41.2479],[-106.2558,41.2368],[-106.2355,41.2258],[-106.2452,41.2148],[-106.2549,41.2037],[-106.2646,41.1927],[-106.2743,41.1817],[-106.2666,41.1656],[-106.2589,41.1495],[-106.2513,41.1334],[-106.2436,41.1173],[-106.2314,41.1103],[-106.2192,41.1033],[-106.2071,41.0963],[-106.1949,41.0893],[-106.1827,41.0823],[-106.1705,41.0753],[-106.1584,41.0683],[-106.1462,41.0613],[-106.1592,41.0454],[-106.1722,41.0295],[-106.1852,41.0136],[-106.1982,40.9977],[-106.1756,40.9975],[-106.1575,40.9974],[-106.138,40.9974],[-106.1268,40.9973],[-106.1069,40.9973],[-106.0912,40.9972],[-106.0754,40.9972],[-106.0596,40.9971],[-106.0438,40.997],[-106.027,40.9973],[-106.0102,40.9975],[-106.0124,41.0585],[-106.0145,41.1195],[-106.0016,41.1277],[-105.9887,41.136],[-105.9757,41.1443],[-105.9628,41.1526],[-105.9348,41.1579],[-105.9068,41.1633],[-105.8788,41.1686],[-105.8508,41.1739],[-105.8369,41.1823],[-105.8231,41.1908],[-105.8093,41.1993],[-105.7954,41.2077],[-105.7816,41.2162],[-105.7677,41.2247],[-105.7539,41.2331],[-105.74,41.2416],[-105.7262,41.25],[-105.7123,41.2585],[-105.6984,41.2669],[-105.6846,41.2754],[-105.6707,41.2838],[-105.6568,41.2923],[-105.643,41.3007],[-105.6291,41.3092],[-105.6441,41.3141],[-105.6592,41.3191],[-105.6743,41.3241],[-105.6893,41.329],[-105.7076,41.3268],[-105.7258,41.3247],[-105.744,41.3225],[-105.7622,41.3203],[-105.7805,41.3181],[-105.7987,41.3159],[-105.8169,41.3137],[-105.8351,41.3116],[-105.8533,41.3094],[-105.8715,41.3072],[-105.8898,41.305],[-105.908,41.3028],[-105.9262,41.3006],[-105.9444,41.2983],[-105.9626,41.2961],[-105.9808,41.2939],[-106.0004,41.2943],[-106.0201,41.2947],[-106.0397,41.2951],[-106.0593,41.2955],[-106.079,41.2959],[-106.0986,41.2963],[-106.1182,41.2967],[-106.1379,41.2971],[-106.1476,41.3094],[-106.1572,41.3218],[-106.1669,41.3341],[-106.1766,41.3465]]]},"properties":{"OBJECTID":377,"state":"Wyoming","agency":"Wyoming Game and Fish Department","unit_type":"DHA","unit_id":"76","unit_name":"Sheep Mountain","unit_label":"Wyoming DHA 76 - Sheep Mountain","aliases":"2026 | 76 | 76 sheep mountain | dha | dha 76 | dha 76 sheep mountain | sheep mountain | wyoming | wyoming 76 | wyoming 76 sheep mountain | wyoming dha 76 | wyoming dha 76 sheep mountain | wyoming game and fish department | wyoming game and fish departmen","year":"2026","Shape_Length":176878.6706879663,"Shape_Area":1065573353.4099323}},{"type":"Feature","id":378,"geometry":{"type":"Polygon","coordinates":[[[-110.3906,41.2986],[-110.4002,41.3068],[-110.4097,41.3151],[-110.4193,41.3233],[-110.4289,41.3315],[-110.4452,41.3272],[-110.4615,41.323],[-110.4779,41.3187],[-110.4942,41.3144],[-110.5105,41.3101],[-110.5269,41.3059],[-110.5432,41.3016],[-110.5595,41.2973],[-110.5812,41.2987],[-110.6028,41.3001],[-110.6245,41.3015],[-110.6461,41.3029],[-110.6677,41.3044],[-110.6894,41.3058],[-110.711,41.3072],[-110.7327,41.3085],[-110.751,41.2997],[-110.7693,41.2909],[-110.7876,41.2821],[-110.8059,41.2733],[-110.8222,41.2726],[-110.8385,41.272],[-110.8547,41.2713],[-110.871,41.2706],[-110.8873,41.2699],[-110.9036,41.2692],[-110.9199,41.2686],[-110.9361,41.2679],[-110.9638,41.2629],[-110.9914,41.2579],[-111.0191,41.2528],[-111.0467,41.2478],[-111.0476,41.2481],[-111.0476,41.248],[-111.0476,41.248],[-111.0468,40.9981],[-111.0242,40.9981],[-111.0016,40.998],[-110.9818,40.9979],[-110.9621,40.9978],[-110.9458,40.9977],[-110.9295,40.9976],[-110.9131,40.9975],[-110.8968,40.9974],[-110.8805,40.9973],[-110.8642,40.9972],[-110.8479,40.9971],[-110.8315,40.997],[-110.8283,40.9969],[-110.813,40.9969],[-110.7976,40.9969],[-110.7823,40.9969],[-110.767,40.9968],[-110.7517,40.9968],[-110.7364,40.9968],[-110.721,40.9968],[-110.7057,40.9967],[-110.6904,40.9967],[-110.6751,40.9966],[-110.6598,40.9966],[-110.6444,40.9966],[-110.6291,40.9965],[-110.6138,40.9965],[-110.5985,40.9964],[-110.5832,40.9964],[-110.584,41.0402],[-110.5724,41.0602],[-110.5608,41.0803],[-110.5492,41.1003],[-110.5376,41.1204],[-110.5223,41.1365],[-110.5071,41.1526],[-110.4918,41.1687],[-110.4765,41.1848],[-110.4612,41.2009],[-110.4459,41.217],[-110.4306,41.2331],[-110.4153,41.2492],[-110.4092,41.2615],[-110.403,41.2739],[-110.3968,41.2862],[-110.3906,41.2986]]]},"properties":{"OBJECTID":378,"state":"Wyoming","agency":"Wyoming Game and Fish Department","unit_type":"DHA","unit_id":"133","unit_name":"Uinta","unit_label":"Wyoming DHA 133 - Uinta","aliases":"133 | 133 uinta | 2026 | dha | dha 133 | dha 133 uinta | uinta | wyoming | wyoming 133 | wyoming 133 uinta | wyoming dha 133 | wyoming dha 133 uinta | wyoming game and fish department | wyoming game and fish department 133","year":"2026","Shape_Length":163369.1420630779,"Shape_Area":1482266292.8693507}},{"type":"Feature","id":379,"geometry":{"type":"Polygon","coordinates":[[[-105.4122,40.9979],[-105.424,41.008],[-105.4358,41.0182],[-105.4476,41.0284],[-105.4594,41.0385],[-105.4712,41.0487],[-105.4829,41.0588],[-105.4947,41.069],[-105.5065,41.0791],[-105.5167,41.0908],[-105.5269,41.1026],[-105.537,41.1143],[-105.5472,41.126],[-105.5574,41.1377],[-105.5676,41.1494],[-105.5778,41.1611],[-105.588,41.1728],[-105.591,41.2353],[-105.5941,41.2978],[-105.6141,41.3091],[-105.6291,41.3092],[-105.643,41.3007],[-105.6568,41.2923],[-105.6707,41.2838],[-105.6846,41.2754],[-105.6984,41.2669],[-105.7123,41.2585],[-105.7262,41.25],[-105.74,41.2416],[-105.7539,41.2331],[-105.7677,41.2247],[-105.7816,41.2162],[-105.7954,41.2077],[-105.8093,41.1993],[-105.8231,41.1908],[-105.8369,41.1823],[-105.8508,41.1739],[-105.8788,41.1686],[-105.9068,41.1633],[-105.9348,41.1579],[-105.9628,41.1526],[-105.9757,41.1443],[-105.9887,41.136],[-106.0016,41.1277],[-106.0145,41.1195],[-106.0124,41.0585],[-106.0102,40.9975],[-106.0087,40.9974],[-106.0086,40.9974],[-106.0069,40.9974],[-106.005,40.9974],[-105.9876,40.9974],[-105.9702,40.9973],[-105.9528,40.9973],[-105.9354,40.9972],[-105.918,40.9972],[-105.9006,40.9971],[-105.8832,40.997],[-105.8659,40.997],[-105.8657,40.997],[-105.8409,40.997],[-105.8161,40.997],[-105.7913,40.997],[-105.7664,40.997],[-105.7416,40.997],[-105.7168,40.997],[-105.692,40.997],[-105.6672,40.997],[-105.6511,40.9971],[-105.6351,40.9971],[-105.6285,40.9972],[-105.6034,40.9972],[-105.5996,40.9972],[-105.5841,40.9973],[-105.5686,40.9974],[-105.5532,40.9975],[-105.5377,40.9975],[-105.5269,40.9976],[-105.5018,40.9977],[-105.4767,40.9977],[-105.4516,40.9978],[-105.4264,40.9978],[-105.4176,40.9978],[-105.4122,40.9979]]]},"properties":{"OBJECTID":379,"state":"Wyoming","agency":"Wyoming Game and Fish Department","unit_type":"DHA","unit_id":"77","unit_name":"Boulder Ridge","unit_label":"Wyoming DHA 77 - Boulder Ridge","aliases":"2026 | 77 | 77 boulder ridge | boulder ridge | dha | dha 77 | dha 77 boulder ridge | wyoming | wyoming 77 | wyoming 77 boulder ridge | wyoming dha 77 | wyoming dha 77 boulder ridge | wyoming game and fish department | wyoming game and fish department 77","year":"2026","Shape_Length":144590.54722550005,"Shape_Area":991756114.0986568}},{"type":"Feature","id":380,"geometry":{"type":"Polygon","coordinates":[[[-105.4512,41.2576],[-105.4691,41.2626],[-105.4869,41.2677],[-105.5048,41.2727],[-105.5226,41.2777],[-105.5405,41.2828],[-105.5584,41.2878],[-105.5762,41.2928],[-105.5941,41.2978],[-105.591,41.2353],[-105.588,41.1728],[-105.5778,41.1611],[-105.5676,41.1494],[-105.5574,41.1377],[-105.5472,41.126],[-105.537,41.1143],[-105.5269,41.1026],[-105.5167,41.0908],[-105.5065,41.0791],[-105.4947,41.069],[-105.4829,41.0588],[-105.4712,41.0487],[-105.4594,41.0385],[-105.4476,41.0284],[-105.4358,41.0182],[-105.424,41.008],[-105.4122,40.9979],[-105.3871,40.9978],[-105.3645,40.998],[-105.3419,40.9981],[-105.3205,40.9981],[-105.2992,40.9981],[-105.2778,40.9982],[-105.2565,40.9982],[-105.2351,40.9982],[-105.2138,40.9982],[-105.1924,40.9982],[-105.1711,40.9982],[-105.1497,40.9982],[-105.1284,40.9983],[-105.107,40.9982],[-105.0857,40.9982],[-105.0643,40.9982],[-105.043,40.9982],[-105.0216,40.9982],[-105.0003,40.9982],[-104.977,40.9982],[-104.9537,40.9982],[-104.9305,40.9982],[-104.9072,40.9981],[-104.9072,40.9982],[-104.9001,41.0127],[-104.8931,41.0271],[-104.886,41.0416],[-104.879,41.056],[-104.8719,41.0705],[-104.8648,41.0849],[-104.8578,41.0994],[-104.8507,41.1138],[-104.8723,41.1127],[-104.894,41.1116],[-104.9156,41.1104],[-104.9373,41.1092],[-104.9589,41.1081],[-104.9806,41.1069],[-105.0022,41.1058],[-105.0239,41.1046],[-105.0455,41.1034],[-105.0672,41.1022],[-105.0888,41.1011],[-105.1104,41.0999],[-105.1321,41.0987],[-105.1537,41.0975],[-105.1754,41.0963],[-105.197,41.0951],[-105.2139,41.0992],[-105.2307,41.1032],[-105.2476,41.1073],[-105.2645,41.1114],[-105.2814,41.1154],[-105.2983,41.1195],[-105.3152,41.1235],[-105.332,41.1276],[-105.3508,41.136],[-105.3696,41.1444],[-105.3884,41.1528],[-105.4071,41.1611],[-105.4182,41.1853],[-105.4292,41.2094],[-105.4402,41.2335],[-105.4512,41.2576]]]},"properties":{"OBJECTID":380,"state":"Wyoming","agency":"Wyoming Game and Fish Department","unit_type":"DHA","unit_id":"61","unit_name":"Harriman","unit_label":"Wyoming DHA 61 - Harriman","aliases":"2026 | 61 | 61 harriman | dha | dha 61 | dha 61 harriman | harriman | wyoming | wyoming 61 | wyoming 61 harriman | wyoming dha 61 | wyoming dha 61 harriman | wyoming game and fish department | wyoming game and fish department 61","year":"2026","Shape_Length":166605.76089509143,"Shape_Area":871626090.0095875}},{"type":"Feature","id":381,"geometry":{"type":"Polygon","coordinates":[[[-106.6836,41.2173],[-106.7083,41.2173],[-106.733,41.2172],[-106.7577,41.2171],[-106.7824,41.2171],[-106.8074,41.2092],[-106.8324,41.2014],[-106.8574,41.1935],[-106.8824,41.1856],[-106.9074,41.1777],[-106.9324,41.1698],[-106.9574,41.1619],[-106.9824,41.1541],[-106.9903,41.145],[-106.9982,41.136],[-107.0061,41.1269],[-107.014,41.1179],[-106.9978,41.1126],[-106.9815,41.1073],[-106.9652,41.102],[-106.9489,41.0967],[-106.9327,41.0914],[-106.9164,41.0861],[-106.9002,41.0808],[-106.8839,41.0755],[-106.8974,41.0618],[-106.911,41.0481],[-106.9245,41.0343],[-106.9381,41.0206],[-106.919,41.0162],[-106.8999,41.0117],[-106.8809,41.0072],[-106.8618,41.0027],[-106.8618,41.0027],[-106.8586,41.0027],[-106.8395,41.0026],[-106.8203,41.0026],[-106.8011,41.0026],[-106.7819,41.0025],[-106.7627,41.0025],[-106.7435,41.0024],[-106.7244,41.0024],[-106.7052,41.0023],[-106.6799,41.0023],[-106.6627,41.0022],[-106.6455,41.0022],[-106.6284,41.0021],[-106.6112,41.0021],[-106.594,41.002],[-106.5768,41.002],[-106.5597,41.0019],[-106.5425,41.0019],[-106.5253,41.0018],[-106.5081,41.0018],[-106.491,41.0017],[-106.4738,41.0016],[-106.4566,41.0016],[-106.4394,41.0015],[-106.4223,41.0014],[-106.4051,41.0013],[-106.4032,41.0013],[-106.4136,41.0179],[-106.424,41.0346],[-106.4344,41.0512],[-106.4448,41.0678],[-106.4611,41.0763],[-106.4774,41.0848],[-106.4938,41.0933],[-106.5101,41.1018],[-106.5264,41.1103],[-106.5427,41.1188],[-106.559,41.1273],[-106.5754,41.1358],[-106.5889,41.146],[-106.6024,41.1562],[-106.6159,41.1664],[-106.6295,41.1766],[-106.643,41.1868],[-106.6565,41.1969],[-106.6701,41.2071],[-106.6836,41.2173]]]},"properties":{"OBJECTID":381,"state":"Wyoming","agency":"Wyoming Game and Fish Department","unit_type":"DHA","unit_id":"81","unit_name":"Blackhall","unit_label":"Wyoming DHA 81 - Blackhall","aliases":"2026 | 81 | 81 blackhall | blackhall | dha | dha 81 | dha 81 blackhall | wyoming | wyoming 81 | wyoming 81 blackhall | wyoming dha 81 | wyoming dha 81 blackhall | wyoming game and fish department | wyoming game and fish department 81","year":"2026","Shape_Length":129835.59595970223,"Shape_Area":792002991.3236368}},{"type":"Feature","id":382,"geometry":{"type":"Polygon","coordinates":[[[-105.9118,45.0002],[-105.9119,45.0002],[-105.9382,44.9986],[-105.9644,44.9969],[-105.9907,44.9952],[-106.0169,44.9935],[-106.038,44.9935],[-106.0591,44.9935],[-106.0777,44.9935],[-106.0964,44.9935],[-106.115,44.9936],[-106.1337,44.9936],[-106.1524,44.9936],[-106.171,44.9936],[-106.1897,44.9936],[-106.2083,44.9937],[-106.2352,44.9938],[-106.2621,44.9938],[-106.289,44.9939],[-106.3159,44.994],[-106.3427,44.9941],[-106.3696,44.9942],[-106.3965,44.9942],[-106.4234,44.9943],[-106.4411,44.9943],[-106.4601,44.9944],[-106.4792,44.9945],[-106.4983,44.9946],[-106.5173,44.9946],[-106.5364,44.9947],[-106.5554,44.9948],[-106.5745,44.9949],[-106.5935,44.995],[-106.6126,44.9951],[-106.6317,44.9951],[-106.6507,44.9952],[-106.6698,44.9953],[-106.6888,44.9953],[-106.7079,44.9954],[-106.7269,44.9954],[-106.746,44.9955],[-106.7745,44.9956],[-106.8034,44.9957],[-106.8323,44.9958],[-106.8613,44.9959],[-106.8902,44.996],[-106.9191,44.996],[-106.948,44.9961],[-106.9769,44.9962],[-107.0059,44.9962],[-107.0248,44.9967],[-107.0437,44.9972],[-107.0626,44.9977],[-107.0815,44.9981],[-107.1004,44.9986],[-107.1193,44.9991],[-107.1382,44.9995],[-107.1571,45.0],[-107.1592,45.0],[-107.1766,45.0],[-107.1939,45.0001],[-107.2113,45.0001],[-107.2287,45.0002],[-107.2461,45.0002],[-107.2635,45.0002],[-107.2809,45.0003],[-107.2982,45.0003],[-107.292,44.9829],[-107.274,44.9746],[-107.2561,44.9662],[-107.2381,44.9578],[-107.2201,44.9494],[-107.2022,44.941],[-107.1842,44.9326],[-107.1663,44.9242],[-107.1483,44.9159],[-107.1191,44.9135],[-107.0899,44.911],[-107.0607,44.9086],[-107.0315,44.9062],[-107.0207,44.8959],[-107.0099,44.8857],[-106.9991,44.8754],[-106.9883,44.8651],[-106.9776,44.8548],[-106.9668,44.8445],[-106.956,44.8343],[-106.9453,44.824],[-106.941,44.7987],[-106.9366,44.7734],[-106.9204,44.7696],[-106.9043,44.7658],[-106.8942,44.7513],[-106.8841,44.7369],[-106.874,44.7224],[-106.8639,44.708],[-106.8538,44.6935],[-106.8437,44.679],[-106.8336,44.6646],[-106.8236,44.6501],[-106.8082,44.6409],[-106.7929,44.6316],[-106.7775,44.6224],[-106.7622,44.6131],[-106.7468,44.6038],[-106.7315,44.5946],[-106.7162,44.5853],[-106.7008,44.576],[-106.6811,44.5741],[-106.6614,44.5721],[-106.6417,44.5701],[-106.622,44.5681],[-106.6023,44.5662],[-106.5826,44.5642],[-106.5629,44.5622],[-106.5432,44.5602],[-106.5159,44.5667],[-106.4886,44.5732],[-106.4613,44.5797],[-106.434,44.5862],[-106.4227,44.5998],[-106.4115,44.6133],[-106.4002,44.6268],[-106.3889,44.6404],[-106.3776,44.6539],[-106.3663,44.6674],[-106.355,44.681],[-106.3437,44.6945],[-106.3198,44.7051],[-106.2958,44.7157],[-106.2668,44.7157],[-106.2377,44.7157],[-106.2087,44.7156],[-106.1796,44.7156],[-106.1631,44.711],[-106.1465,44.7064],[-106.13,44.7018],[-106.1134,44.6972],[-106.1109,44.7285],[-106.1083,44.7597],[-106.0972,44.7805],[-106.0862,44.8013],[-106.0751,44.8221],[-106.064,44.8429],[-106.053,44.8637],[-106.0419,44.8845],[-106.0308,44.9052],[-106.0197,44.926],[-105.9967,44.9331],[-105.9736,44.9401],[-105.9506,44.9471],[-105.9275,44.9542],[-105.9196,44.9772],[-105.9118,45.0002]]]},"properties":{"OBJECTID":382,"state":"Wyoming","agency":"Wyoming Game and Fish Department","unit_type":"DHA","unit_id":"23","unit_name":"Clearmont","unit_label":"Wyoming DHA 23 - Clearmont","aliases":"2026 | 23 | 23 clearmont | clearmont | dha | dha 23 | dha 23 clearmont | wyoming | wyoming 23 | wyoming 23 clearmont | wyoming dha 23 | wyoming dha 23 clearmont | wyoming game and fish department | wyoming game and fish department 23","year":"2026","Shape_Length":275927.37199730973,"Shape_Area":2976465319.378281}},{"type":"Feature","id":383,"geometry":{"type":"Polygon","coordinates":[[[-106.9043,44.7658],[-106.9204,44.7696],[-106.9366,44.7734],[-106.9277,44.7516],[-106.9188,44.7298],[-106.9098,44.7079],[-106.9009,44.6861],[-106.8902,44.6714],[-106.8795,44.6568],[-106.8688,44.6421],[-106.8581,44.6274],[-106.8474,44.6127],[-106.8367,44.598],[-106.826,44.5833],[-106.8153,44.5687],[-106.808,44.5438],[-106.8006,44.519],[-106.8016,44.482],[-106.7881,44.4687],[-106.7745,44.4555],[-106.761,44.4422],[-106.7474,44.429],[-106.7339,44.4158],[-106.7203,44.4025],[-106.7068,44.3893],[-106.6933,44.376],[-106.6805,44.3653],[-106.6677,44.3545],[-106.6549,44.3438],[-106.6422,44.333],[-106.6294,44.3223],[-106.6166,44.3115],[-106.6039,44.3008],[-106.5911,44.29],[-106.569,44.2847],[-106.5469,44.2794],[-106.5248,44.274],[-106.5027,44.2687],[-106.4806,44.2633],[-106.4585,44.258],[-106.4364,44.2526],[-106.4143,44.2473],[-106.3951,44.2408],[-106.376,44.2342],[-106.3569,44.2277],[-106.3378,44.2211],[-106.3187,44.2146],[-106.2996,44.208],[-106.2805,44.2014],[-106.2614,44.1949],[-106.2342,44.1998],[-106.207,44.2047],[-106.1798,44.2095],[-106.1526,44.2144],[-106.1441,44.2327],[-106.1356,44.251],[-106.1272,44.2693],[-106.1187,44.2876],[-106.1262,44.3068],[-106.1338,44.326],[-106.1413,44.3452],[-106.1489,44.3644],[-106.1467,44.417],[-106.1446,44.4695],[-106.1311,44.4842],[-106.1177,44.499],[-106.1042,44.5137],[-106.0907,44.5284],[-106.086,44.549],[-106.0813,44.5696],[-106.0766,44.5902],[-106.0719,44.6109],[-106.0863,44.6227],[-106.1007,44.6345],[-106.1151,44.6463],[-106.1295,44.6581],[-106.1214,44.6777],[-106.1134,44.6972],[-106.13,44.7018],[-106.1465,44.7064],[-106.1631,44.711],[-106.1796,44.7156],[-106.2087,44.7156],[-106.2377,44.7157],[-106.2668,44.7157],[-106.2958,44.7157],[-106.3198,44.7051],[-106.3437,44.6945],[-106.355,44.681],[-106.3663,44.6674],[-106.3776,44.6539],[-106.3889,44.6404],[-106.4002,44.6268],[-106.4115,44.6133],[-106.4227,44.5998],[-106.434,44.5862],[-106.4613,44.5797],[-106.4886,44.5732],[-106.5159,44.5667],[-106.5432,44.5602],[-106.5629,44.5622],[-106.5826,44.5642],[-106.6023,44.5662],[-106.622,44.5681],[-106.6417,44.5701],[-106.6614,44.5721],[-106.6811,44.5741],[-106.7008,44.576],[-106.7162,44.5853],[-106.7315,44.5946],[-106.7468,44.6038],[-106.7622,44.6131],[-106.7775,44.6224],[-106.7929,44.6316],[-106.8082,44.6409],[-106.8236,44.6501],[-106.8336,44.6646],[-106.8437,44.679],[-106.8538,44.6935],[-106.8639,44.708],[-106.874,44.7224],[-106.8841,44.7369],[-106.8942,44.7513],[-106.9043,44.7658]]]},"properties":{"OBJECTID":383,"state":"Wyoming","agency":"Wyoming Game and Fish Department","unit_type":"DHA","unit_id":"26","unit_name":"Ucross","unit_label":"Wyoming DHA 26 - Ucross","aliases":"2026 | 26 | 26 ucross | dha | dha 26 | dha 26 ucross | ucross | wyoming | wyoming 26 | wyoming 26 ucross | wyoming dha 26 | wyoming dha 26 ucross | wyoming game and fish department | wyoming game and fish department 26","year":"2026","Shape_Length":241788.6591323312,"Shape_Area":2185898037.361914}},{"type":"Feature","id":384,"geometry":{"type":"Polygon","coordinates":[[[-107.2982,45.0003],[-107.3199,45.0004],[-107.3415,45.0004],[-107.3632,45.0004],[-107.3848,45.0005],[-107.4065,45.0005],[-107.4281,45.0005],[-107.4498,45.0005],[-107.4714,45.0005],[-107.4931,45.0006],[-107.5147,45.0006],[-107.5363,45.0006],[-107.558,45.0006],[-107.5796,45.0006],[-107.6013,45.0006],[-107.6229,45.0006],[-107.6446,45.0005],[-107.6345,44.9848],[-107.6244,44.9691],[-107.6143,44.9534],[-107.6042,44.9377],[-107.5796,44.9304],[-107.5549,44.9231],[-107.5302,44.9158],[-107.5056,44.9085],[-107.4842,44.9082],[-107.4628,44.9079],[-107.4415,44.9076],[-107.4201,44.9073],[-107.4108,44.8927],[-107.4014,44.878],[-107.3921,44.8633],[-107.3828,44.8487],[-107.3529,44.8488],[-107.3231,44.8489],[-107.3177,44.8307],[-107.3123,44.8125],[-107.3069,44.7943],[-107.3016,44.776],[-107.2854,44.7725],[-107.2693,44.769],[-107.2532,44.7654],[-107.2371,44.7619],[-107.247,44.7438],[-107.2569,44.7257],[-107.2669,44.7076],[-107.2768,44.6895],[-107.2511,44.6895],[-107.2254,44.6896],[-107.1998,44.6896],[-107.1741,44.6896],[-107.1641,44.6676],[-107.1542,44.6455],[-107.1416,44.6402],[-107.129,44.6349],[-107.1163,44.6296],[-107.1037,44.6242],[-107.0911,44.6189],[-107.0785,44.6136],[-107.0659,44.6083],[-107.0534,44.6029],[-107.0537,44.5743],[-107.0386,44.5723],[-107.0234,44.5702],[-107.0083,44.5681],[-106.9932,44.5661],[-106.978,44.564],[-106.9629,44.562],[-106.9478,44.5599],[-106.9326,44.5578],[-106.9094,44.5653],[-106.8862,44.5727],[-106.8648,44.5593],[-106.8434,44.5459],[-106.822,44.5325],[-106.8006,44.519],[-106.808,44.5438],[-106.8153,44.5687],[-106.826,44.5833],[-106.8367,44.598],[-106.8474,44.6127],[-106.8581,44.6274],[-106.8688,44.6421],[-106.8795,44.6568],[-106.8902,44.6714],[-106.9009,44.6861],[-106.9098,44.7079],[-106.9188,44.7298],[-106.9277,44.7516],[-106.9366,44.7734],[-106.941,44.7987],[-106.9453,44.824],[-106.956,44.8343],[-106.9668,44.8445],[-106.9776,44.8548],[-106.9883,44.8651],[-106.9991,44.8754],[-107.0099,44.8857],[-107.0207,44.8959],[-107.0315,44.9062],[-107.0607,44.9086],[-107.0899,44.911],[-107.1191,44.9135],[-107.1483,44.9159],[-107.1663,44.9242],[-107.1842,44.9326],[-107.2022,44.941],[-107.2201,44.9494],[-107.2381,44.9578],[-107.2561,44.9662],[-107.274,44.9746],[-107.292,44.9829],[-107.2982,45.0003]]]},"properties":{"OBJECTID":384,"state":"Wyoming","agency":"Wyoming Game and Fish Department","unit_type":"DHA","unit_id":"24","unit_name":"Sheridan","unit_label":"Wyoming DHA 24 - Sheridan","aliases":"2026 | 24 | 24 sheridan | dha | dha 24 | dha 24 sheridan | sheridan | wyoming | wyoming 24 | wyoming 24 sheridan | wyoming dha 24 | wyoming dha 24 sheridan | wyoming game and fish department | wyoming game and fish department 24","year":"2026","Shape_Length":205284.25728561412,"Shape_Area":1292436261.5211267}},{"type":"Feature","id":385,"geometry":{"type":"Polygon","coordinates":[[[-109.5426,43.9609],[-109.5678,43.9512],[-109.5931,43.9414],[-109.6183,43.9317],[-109.6435,43.9219],[-109.6491,43.9032],[-109.6546,43.8844],[-109.6602,43.8656],[-109.6657,43.8468],[-109.681,43.8411],[-109.6962,43.8354],[-109.7115,43.8298],[-109.7268,43.8241],[-109.742,43.8184],[-109.7573,43.8127],[-109.7725,43.807],[-109.7878,43.8013],[-109.8049,43.8081],[-109.8221,43.8148],[-109.8393,43.8216],[-109.8564,43.8284],[-109.8696,43.8235],[-109.8828,43.8186],[-109.896,43.8136],[-109.9092,43.8087],[-109.9224,43.8038],[-109.9355,43.7989],[-109.9487,43.794],[-109.9619,43.7891],[-109.9786,43.7914],[-109.9952,43.7937],[-110.0119,43.7961],[-110.0285,43.7984],[-110.0386,43.787],[-110.0486,43.7756],[-110.0587,43.7642],[-110.0687,43.7528],[-110.0638,43.7359],[-110.0589,43.7191],[-110.054,43.7023],[-110.0491,43.6855],[-110.0442,43.6686],[-110.0393,43.6518],[-110.0344,43.635],[-110.0295,43.6181],[-110.0468,43.608],[-110.064,43.598],[-110.0484,43.589],[-110.0329,43.58],[-110.0173,43.5709],[-110.0018,43.5619],[-109.9862,43.5529],[-109.9707,43.5439],[-109.9552,43.5349],[-109.9396,43.5259],[-109.9326,43.4992],[-109.9256,43.4725],[-109.9119,43.4813],[-109.8981,43.49],[-109.8817,43.4839],[-109.8654,43.4777],[-109.849,43.4716],[-109.8327,43.4654],[-109.8163,43.4593],[-109.7999,43.4531],[-109.7836,43.4469],[-109.7672,43.4408],[-109.7762,43.4149],[-109.7851,43.389],[-109.7624,43.3831],[-109.7397,43.3772],[-109.717,43.3712],[-109.6943,43.3653],[-109.6888,43.3512],[-109.6832,43.3371],[-109.6776,43.323],[-109.6721,43.3089],[-109.6821,43.2864],[-109.6921,43.2638],[-109.6844,43.2494],[-109.6768,43.235],[-109.6691,43.2206],[-109.6615,43.2062],[-109.6538,43.1918],[-109.6462,43.1773],[-109.6386,43.1629],[-109.6309,43.1485],[-109.6211,43.139],[-109.6114,43.1295],[-109.6016,43.1199],[-109.5918,43.1104],[-109.582,43.1008],[-109.5722,43.0913],[-109.5625,43.0818],[-109.5527,43.0722],[-109.5519,43.0121],[-109.5288,43.0032],[-109.5057,42.9943],[-109.4826,42.9854],[-109.4595,42.9765],[-109.4599,43.2092],[-109.4603,43.4419],[-109.4478,43.454],[-109.4354,43.4661],[-109.4229,43.4782],[-109.4105,43.4903],[-109.4265,43.4908],[-109.4424,43.4914],[-109.4584,43.492],[-109.4744,43.4925],[-109.4694,43.5129],[-109.4645,43.5333],[-109.4348,43.5335],[-109.405,43.5338],[-109.4051,43.6024],[-109.3866,43.6014],[-109.3681,43.6005],[-109.3496,43.5995],[-109.3311,43.5985],[-109.3261,43.6203],[-109.321,43.642],[-109.3328,43.6503],[-109.3447,43.6585],[-109.3565,43.6668],[-109.3684,43.675],[-109.3516,43.686],[-109.3349,43.697],[-109.3182,43.7079],[-109.3014,43.7189],[-109.2847,43.7299],[-109.2679,43.7408],[-109.2511,43.7518],[-109.2344,43.7627],[-109.2516,43.7719],[-109.266,43.7808],[-109.2805,43.7897],[-109.295,43.7987],[-109.3095,43.8076],[-109.3239,43.8165],[-109.3384,43.8255],[-109.3529,43.8344],[-109.3674,43.8433],[-109.3768,43.8542],[-109.3862,43.8651],[-109.3957,43.876],[-109.4051,43.8869],[-109.4145,43.8977],[-109.4239,43.9086],[-109.4334,43.9195],[-109.4428,43.9304],[-109.4677,43.938],[-109.4927,43.9456],[-109.5176,43.9533],[-109.5426,43.9609]]]},"properties":{"OBJECTID":385,"state":"Wyoming","agency":"Wyoming Game and Fish Department","unit_type":"DHA","unit_id":"128","unit_name":"Wind River","unit_label":"Wyoming DHA 128 - Wind River","aliases":"128 | 128 wind river | 2026 | dha | dha 128 | dha 128 wind river | wind river | wyoming | wyoming 128 | wyoming 128 wind river | wyoming dha 128 | wyoming dha 128 wind river | wyoming game and fish department | wyoming game and fish department 128","year":"2026","Shape_Length":319564.3112075628,"Shape_Area":3212555342.5477443}},{"type":"Feature","id":386,"geometry":{"type":"Polygon","coordinates":[[[-105.865,42.8695],[-105.8826,42.8675],[-105.9002,42.8656],[-105.9177,42.8637],[-105.9353,42.8617],[-105.9529,42.8598],[-105.9705,42.8578],[-105.988,42.8559],[-106.0056,42.854],[-106.0215,42.8627],[-106.0373,42.8715],[-106.0645,42.8706],[-106.0916,42.8696],[-106.1187,42.8687],[-106.1458,42.8677],[-106.1666,42.8567],[-106.1873,42.8457],[-106.2091,42.8526],[-106.231,42.8595],[-106.2528,42.8663],[-106.2747,42.8732],[-106.3013,42.8651],[-106.3279,42.857],[-106.3368,42.847],[-106.3306,42.8076],[-106.3244,42.7681],[-106.2996,42.7665],[-106.2749,42.7648],[-106.2714,42.7116],[-106.295,42.7156],[-106.3186,42.7197],[-106.3422,42.7237],[-106.3658,42.7277],[-106.369,42.7511],[-106.3722,42.7745],[-106.3755,42.7978],[-106.3787,42.8212],[-106.4066,42.8146],[-106.4345,42.808],[-106.4624,42.8015],[-106.4903,42.7949],[-106.5025,42.7866],[-106.5147,42.7782],[-106.5269,42.7699],[-106.539,42.7616],[-106.5428,42.716],[-106.5588,42.7123],[-106.5748,42.7086],[-106.5908,42.705],[-106.6068,42.7013],[-106.6075,42.6294],[-106.6193,42.6169],[-106.6312,42.6043],[-106.6431,42.5917],[-106.6549,42.5792],[-106.6679,42.5729],[-106.6809,42.5667],[-106.6939,42.5604],[-106.7069,42.5542],[-106.7199,42.5479],[-106.7329,42.5417],[-106.7459,42.5354],[-106.7589,42.5292],[-106.7722,42.5128],[-106.7855,42.4965],[-106.7988,42.4802],[-106.8121,42.4639],[-106.8329,42.4659],[-106.8538,42.468],[-106.873,42.4597],[-106.8923,42.4515],[-106.8722,42.444],[-106.8521,42.4364],[-106.832,42.4289],[-106.8119,42.4214],[-106.7918,42.4139],[-106.7717,42.4064],[-106.7517,42.3989],[-106.7316,42.3913],[-106.7145,42.3972],[-106.6974,42.4031],[-106.6803,42.4089],[-106.6632,42.4148],[-106.6494,42.3959],[-106.6356,42.377],[-106.619,42.3758],[-106.6024,42.3745],[-106.5858,42.3733],[-106.5691,42.3721],[-106.5525,42.3709],[-106.5359,42.3696],[-106.5193,42.3684],[-106.5027,42.3672],[-106.4938,42.3545],[-106.4849,42.3419],[-106.476,42.3293],[-106.467,42.3166],[-106.4447,42.3252],[-106.4224,42.3338],[-106.4001,42.3423],[-106.3778,42.3508],[-106.3554,42.3594],[-106.3331,42.3679],[-106.3108,42.3764],[-106.2884,42.385],[-106.2819,42.4235],[-106.2617,42.426],[-106.2414,42.4284],[-106.2212,42.4309],[-106.2009,42.4333],[-106.1807,42.4358],[-106.1605,42.4382],[-106.1402,42.4407],[-106.12,42.4431],[-106.1109,42.4548],[-106.1018,42.4665],[-106.0927,42.4782],[-106.0836,42.4899],[-106.0688,42.4789],[-106.054,42.468],[-106.0675,42.484],[-106.081,42.4999],[-106.0734,42.5146],[-106.0658,42.5292],[-106.0581,42.5439],[-106.0505,42.5585],[-106.0429,42.5732],[-106.0352,42.5879],[-106.0276,42.6025],[-106.0199,42.6172],[-106.0279,42.6416],[-106.0359,42.666],[-106.0281,42.6891],[-106.0203,42.7121],[-106.0125,42.7352],[-106.0047,42.7583],[-105.9898,42.7662],[-105.9748,42.7741],[-105.9599,42.7819],[-105.945,42.7898],[-105.93,42.7977],[-105.9151,42.8056],[-105.9001,42.8135],[-105.8852,42.8213],[-105.8751,42.8454],[-105.865,42.8695]]]},"properties":{"OBJECTID":386,"state":"Wyoming","agency":"Wyoming Game and Fish Department","unit_type":"DHA","unit_id":"66","unit_name":"Bates Hole-Hat Six","unit_label":"Wyoming DHA 66 - Bates Hole-Hat Six","aliases":"2026 | 66 | 66 bates hole hat six | bates hole hat six | dha | dha 66 | dha 66 bates hole hat six | wyoming | wyoming 66 | wyoming 66 bates hole hat six | wyoming dha 66 | wyoming dha 66 bates hole hat six | wyoming game and fish department | wyoming gam","year":"2026","Shape_Length":283754.6135666991,"Shape_Area":2571651455.035987}},{"type":"Feature","id":387,"geometry":{"type":"Polygon","coordinates":[[[-107.3821,42.8109],[-107.4007,42.8108],[-107.4193,42.8106],[-107.4379,42.8105],[-107.4565,42.8103],[-107.4699,42.8033],[-107.4834,42.7963],[-107.4968,42.7893],[-107.5103,42.7823],[-107.5237,42.7753],[-107.5372,42.7683],[-107.5506,42.7613],[-107.5641,42.7543],[-107.5932,42.7528],[-107.6224,42.7512],[-107.6366,42.7365],[-107.6508,42.7218],[-107.665,42.7072],[-107.6792,42.6925],[-107.6946,42.6892],[-107.71,42.6859],[-107.7253,42.6826],[-107.7407,42.6793],[-107.7561,42.676],[-107.7714,42.6727],[-107.7868,42.6694],[-107.8022,42.6661],[-107.8126,42.683],[-107.823,42.6999],[-107.8334,42.7167],[-107.8438,42.7336],[-107.8608,42.7366],[-107.8778,42.7396],[-107.8948,42.7426],[-107.9118,42.7456],[-107.9337,42.741],[-107.9557,42.7365],[-107.9777,42.7319],[-107.9996,42.7274],[-108.0256,42.7335],[-108.0516,42.7396],[-108.0647,42.7258],[-108.0778,42.7119],[-108.0909,42.698],[-108.104,42.6842],[-108.1264,42.6725],[-108.1488,42.6608],[-108.1711,42.6491],[-108.1935,42.6374],[-108.1915,42.5903],[-108.1896,42.5431],[-108.1755,42.541],[-108.1526,42.5379],[-108.1297,42.5348],[-108.1068,42.5317],[-108.0839,42.5286],[-108.061,42.5255],[-108.0381,42.5224],[-108.0152,42.5193],[-107.9923,42.5162],[-107.9694,42.513],[-107.9465,42.5099],[-107.9236,42.5068],[-107.9008,42.5037],[-107.8779,42.5005],[-107.855,42.4974],[-107.8321,42.4942],[-107.8092,42.4911],[-107.7853,42.4896],[-107.7613,42.4881],[-107.7373,42.4865],[-107.7133,42.485],[-107.6894,42.4835],[-107.6654,42.4819],[-107.6414,42.4804],[-107.6174,42.4788],[-107.5988,42.4717],[-107.5802,42.4646],[-107.5617,42.4574],[-107.5431,42.4503],[-107.5307,42.4393],[-107.5183,42.4283],[-107.506,42.4174],[-107.4936,42.4064],[-107.4812,42.3955],[-107.4689,42.3845],[-107.4565,42.3735],[-107.4442,42.3625],[-107.4318,42.3695],[-107.4195,42.3765],[-107.4071,42.3835],[-107.3947,42.3905],[-107.3717,42.3963],[-107.3487,42.402],[-107.3256,42.4078],[-107.3026,42.4136],[-107.2796,42.4193],[-107.2565,42.4251],[-107.2335,42.4308],[-107.2105,42.4366],[-107.1954,42.4504],[-107.1803,42.4642],[-107.1652,42.478],[-107.1502,42.4918],[-107.1351,42.5056],[-107.12,42.5194],[-107.1049,42.5332],[-107.0898,42.547],[-107.1099,42.5584],[-107.1301,42.5698],[-107.1503,42.5811],[-107.1705,42.5925],[-107.1908,42.6039],[-107.211,42.6153],[-107.2312,42.6267],[-107.2514,42.638],[-107.2622,42.6457],[-107.2731,42.6534],[-107.2839,42.6611],[-107.2947,42.6687],[-107.3055,42.6764],[-107.3163,42.6841],[-107.3272,42.6918],[-107.338,42.6995],[-107.3435,42.7134],[-107.349,42.7273],[-107.3545,42.7412],[-107.36,42.7552],[-107.3655,42.7691],[-107.3711,42.783],[-107.3766,42.797],[-107.3821,42.8109]]]},"properties":{"OBJECTID":387,"state":"Wyoming","agency":"Wyoming Game and Fish Department","unit_type":"DHA","unit_id":"97","unit_name":"Sweetwater Rocks","unit_label":"Wyoming DHA 97 - Sweetwater Rocks","aliases":"2026 | 97 | 97 sweetwater rocks | dha | dha 97 | dha 97 sweetwater rocks | sweetwater rocks | wyoming | wyoming 97 | wyoming 97 sweetwater rocks | wyoming dha 97 | wyoming dha 97 sweetwater rocks | wyoming game and fish department | wyoming game and fish","year":"2026","Shape_Length":236130.67253881658,"Shape_Area":2349208711.440618}},{"type":"Feature","id":388,"geometry":{"type":"Polygon","coordinates":[[[-107.4811,41.4682],[-107.4997,41.4741],[-107.5184,41.4799],[-107.5371,41.4858],[-107.5557,41.4917],[-107.5809,41.4849],[-107.606,41.4781],[-107.6311,41.4713],[-107.6562,41.4645],[-107.6813,41.4577],[-107.7064,41.4508],[-107.7315,41.444],[-107.7566,41.4372],[-107.7569,41.3211],[-107.7489,41.3073],[-107.7409,41.2936],[-107.7329,41.2798],[-107.7249,41.2661],[-107.7168,41.2523],[-107.7088,41.2386],[-107.7008,41.2248],[-107.6928,41.2111],[-107.6848,41.1973],[-107.6769,41.1835],[-107.6689,41.1698],[-107.6609,41.156],[-107.6529,41.1423],[-107.6449,41.1285],[-107.6369,41.1148],[-107.629,41.101],[-107.6358,41.0822],[-107.6427,41.0635],[-107.6496,41.0447],[-107.6564,41.0259],[-107.6467,41.0142],[-107.6369,41.0024],[-107.6123,41.0024],[-107.5876,41.0024],[-107.563,41.0024],[-107.5383,41.0024],[-107.5324,41.0024],[-107.5239,41.0024],[-107.5085,41.0025],[-107.493,41.0025],[-107.4776,41.0026],[-107.4622,41.0027],[-107.4467,41.0027],[-107.4313,41.0028],[-107.4158,41.0028],[-107.4004,41.0029],[-107.3803,41.003],[-107.3775,41.003],[-107.3523,41.003],[-107.3271,41.003],[-107.3018,41.0029],[-107.2766,41.0029],[-107.2647,41.0029],[-107.2495,41.0029],[-107.2343,41.0028],[-107.2301,41.0028],[-107.2121,41.0029],[-107.1942,41.0029],[-107.1762,41.003],[-107.1582,41.003],[-107.1402,41.003],[-107.1222,41.0031],[-107.1042,41.0031],[-107.0862,41.0031],[-107.0682,41.0032],[-107.0503,41.0032],[-107.0323,41.0032],[-107.0143,41.0032],[-106.9963,41.0032],[-106.9783,41.0033],[-106.9603,41.0033],[-106.9423,41.0033],[-106.9254,41.0032],[-106.9084,41.0032],[-106.891,41.003],[-106.8711,41.0027],[-106.8618,41.0027],[-106.8618,41.0027],[-106.8809,41.0072],[-106.8999,41.0117],[-106.919,41.0162],[-106.9381,41.0206],[-106.9245,41.0343],[-106.911,41.0481],[-106.8974,41.0618],[-106.8839,41.0755],[-106.9002,41.0808],[-106.9164,41.0861],[-106.9327,41.0914],[-106.9489,41.0967],[-106.9652,41.102],[-106.9815,41.1073],[-106.9978,41.1126],[-107.014,41.1179],[-107.0061,41.1269],[-106.9982,41.136],[-106.9903,41.145],[-106.9824,41.1541],[-106.9956,41.1598],[-107.0089,41.1655],[-107.0222,41.1712],[-107.0354,41.1769],[-107.0487,41.1826],[-107.0619,41.1883],[-107.0752,41.194],[-107.0885,41.1998],[-107.0978,41.212],[-107.1071,41.2242],[-107.1164,41.2365],[-107.1257,41.2487],[-107.1351,41.2609],[-107.1444,41.2732],[-107.1537,41.2854],[-107.163,41.2976],[-107.1494,41.3133],[-107.1357,41.329],[-107.1485,41.3385],[-107.1614,41.3481],[-107.1742,41.3576],[-107.187,41.3671],[-107.1998,41.3766],[-107.2126,41.3862],[-107.2255,41.3957],[-107.2383,41.4052],[-107.255,41.4019],[-107.2718,41.3987],[-107.2885,41.3954],[-107.3052,41.3921],[-107.3248,41.3999],[-107.3444,41.4077],[-107.3641,41.4155],[-107.3837,41.4233],[-107.399,41.4076],[-107.4142,41.3918],[-107.4226,41.4014],[-107.4309,41.4109],[-107.4393,41.4205],[-107.4476,41.43],[-107.456,41.4396],[-107.4643,41.4491],[-107.4727,41.4586],[-107.4811,41.4682]]]},"properties":{"OBJECTID":388,"state":"Wyoming","agency":"Wyoming Game and Fish Department","unit_type":"DHA","unit_id":"82","unit_name":"Baggs","unit_label":"Wyoming DHA 82 - Baggs","aliases":"2026 | 82 | 82 baggs | baggs | dha | dha 82 | dha 82 baggs | wyoming | wyoming 82 | wyoming 82 baggs | wyoming dha 82 | wyoming dha 82 baggs | wyoming game and fish department | wyoming game and fish department 82","year":"2026","Shape_Length":238427.20424865812,"Shape_Area":2554931817.6862063}},{"type":"Feature","id":389,"geometry":{"type":"Polygon","coordinates":[[[-108.5665,42.6928],[-108.5866,42.7019],[-108.6067,42.711],[-108.6267,42.7201],[-108.6468,42.7292],[-108.6351,42.7101],[-108.6233,42.691],[-108.6115,42.6719],[-108.5997,42.6528],[-108.606,42.6383],[-108.6122,42.6238],[-108.6184,42.6093],[-108.6246,42.5948],[-108.6399,42.5908],[-108.6553,42.5869],[-108.6707,42.583],[-108.686,42.5791],[-108.7058,42.5665],[-108.7255,42.554],[-108.7452,42.5415],[-108.7649,42.529],[-108.7846,42.5164],[-108.8043,42.5039],[-108.824,42.4913],[-108.8437,42.4788],[-108.8506,42.4664],[-108.8575,42.4541],[-108.8643,42.4417],[-108.8712,42.4293],[-108.8781,42.4169],[-108.8849,42.4046],[-108.8918,42.3922],[-108.8987,42.3798],[-108.8986,42.3798],[-108.8822,42.3768],[-108.8658,42.3738],[-108.8494,42.3707],[-108.8331,42.3677],[-108.8139,42.3705],[-108.7948,42.3733],[-108.7756,42.3761],[-108.7565,42.3788],[-108.7373,42.3816],[-108.7181,42.3844],[-108.699,42.3871],[-108.6798,42.3899],[-108.6561,42.39],[-108.6324,42.3901],[-108.6086,42.3901],[-108.5849,42.3902],[-108.5748,42.3828],[-108.5647,42.3755],[-108.5546,42.3681],[-108.5444,42.3607],[-108.5343,42.3533],[-108.5242,42.346],[-108.5141,42.3386],[-108.504,42.3312],[-108.4894,42.3248],[-108.4748,42.3183],[-108.4603,42.3119],[-108.4457,42.3054],[-108.4311,42.299],[-108.4165,42.2926],[-108.402,42.2861],[-108.3874,42.2797],[-108.3635,42.2892],[-108.3396,42.2988],[-108.3157,42.3083],[-108.2918,42.3179],[-108.2632,42.3193],[-108.2347,42.3207],[-108.2061,42.3221],[-108.1775,42.3235],[-108.1829,42.3576],[-108.1884,42.3917],[-108.1938,42.4258],[-108.1993,42.4599],[-108.1933,42.4802],[-108.1874,42.5004],[-108.1814,42.5207],[-108.1755,42.541],[-108.1896,42.5431],[-108.2037,42.5481],[-108.2178,42.553],[-108.2319,42.5579],[-108.2461,42.5628],[-108.2602,42.5677],[-108.2743,42.5726],[-108.2884,42.5775],[-108.3026,42.5824],[-108.311,42.5928],[-108.3193,42.6032],[-108.3278,42.6136],[-108.3362,42.624],[-108.3446,42.6344],[-108.353,42.6448],[-108.3614,42.6552],[-108.3698,42.6656],[-108.3844,42.6704],[-108.399,42.6753],[-108.4136,42.6801],[-108.4283,42.6849],[-108.4429,42.6897],[-108.4575,42.6946],[-108.4721,42.6994],[-108.4868,42.7042],[-108.5067,42.7013],[-108.5266,42.6985],[-108.5466,42.6956],[-108.5665,42.6928]]]},"properties":{"OBJECTID":389,"state":"Wyoming","agency":"Wyoming Game and Fish Department","unit_type":"DHA","unit_id":"94","unit_name":"Twin Creek","unit_label":"Wyoming DHA 94 - Twin Creek","aliases":"2026 | 94 | 94 twin creek | dha | dha 94 | dha 94 twin creek | twin creek | wyoming | wyoming 94 | wyoming 94 twin creek | wyoming dha 94 | wyoming dha 94 twin creek | wyoming game and fish department | wyoming game and fish department 94","year":"2026","Shape_Length":186954.2112747878,"Shape_Area":1636120593.856729}},{"type":"Feature","id":390,"geometry":{"type":"Polygon","coordinates":[[[-108.1607,44.5894],[-108.1791,44.6035],[-108.1975,44.6175],[-108.2159,44.6315],[-108.2343,44.6456],[-108.2528,44.6596],[-108.2712,44.6736],[-108.2896,44.6877],[-108.3081,44.7017],[-108.3217,44.6947],[-108.3354,44.6877],[-108.3491,44.6806],[-108.3627,44.6736],[-108.3678,44.6585],[-108.3729,44.6433],[-108.378,44.6282],[-108.3831,44.613],[-108.4105,44.6099],[-108.4379,44.6067],[-108.4462,44.5965],[-108.4546,44.5864],[-108.4629,44.5763],[-108.4712,44.5661],[-108.4795,44.556],[-108.4878,44.5459],[-108.4961,44.5358],[-108.5044,44.5256],[-108.5217,44.5231],[-108.5391,44.5205],[-108.5564,44.518],[-108.5738,44.5154],[-108.5731,44.4617],[-108.5742,44.3891],[-108.5753,44.3166],[-108.5638,44.3018],[-108.5522,44.2869],[-108.5376,44.2929],[-108.5231,44.2989],[-108.5085,44.3048],[-108.4939,44.3108],[-108.4793,44.3168],[-108.4647,44.3227],[-108.4501,44.3287],[-108.4355,44.3347],[-108.4201,44.3272],[-108.4048,44.3196],[-108.3894,44.3121],[-108.374,44.3046],[-108.3444,44.3068],[-108.3148,44.3089],[-108.2853,44.311],[-108.2557,44.3132],[-108.2429,44.3194],[-108.2301,44.3257],[-108.2173,44.332],[-108.2045,44.3382],[-108.1918,44.3445],[-108.179,44.3507],[-108.1662,44.357],[-108.1534,44.3632],[-108.1275,44.3552],[-108.1015,44.3471],[-108.0756,44.3391],[-108.0497,44.331],[-108.0483,44.41],[-108.047,44.4889],[-108.0561,44.5168],[-108.0653,44.5447],[-108.0778,44.554],[-108.0903,44.5633],[-108.1029,44.5726],[-108.1154,44.5819],[-108.138,44.5857],[-108.1607,44.5894]]]},"properties":{"OBJECTID":390,"state":"Wyoming","agency":"Wyoming Game and Fish Department","unit_type":"DHA","unit_id":"124","unit_name":"Emblem","unit_label":"Wyoming DHA 124 - Emblem","aliases":"124 | 124 emblem | 2026 | dha | dha 124 | dha 124 emblem | emblem | wyoming | wyoming 124 | wyoming 124 emblem | wyoming dha 124 | wyoming dha 124 emblem | wyoming game and fish department | wyoming game and fish department 124","year":"2026","Shape_Length":154121.08386078608,"Shape_Area":1296354454.225752}},{"type":"Feature","id":391,"geometry":{"type":"Polygon","coordinates":[[[-109.7672,43.4408],[-109.7836,43.4469],[-109.7999,43.4531],[-109.8163,43.4593],[-109.8327,43.4654],[-109.849,43.4716],[-109.8654,43.4777],[-109.8817,43.4839],[-109.8981,43.49],[-109.9119,43.4813],[-109.9256,43.4725],[-109.9403,43.4663],[-109.955,43.4602],[-109.9761,43.4619],[-109.9971,43.4636],[-110.0182,43.4652],[-110.0393,43.4669],[-110.0501,43.442],[-110.0608,43.4171],[-110.0716,43.3922],[-110.0823,43.3673],[-110.1039,43.3709],[-110.1254,43.3745],[-110.147,43.378],[-110.1685,43.3816],[-110.1802,43.3748],[-110.192,43.368],[-110.2037,43.3611],[-110.2154,43.3543],[-110.2271,43.3475],[-110.2388,43.3407],[-110.2505,43.3338],[-110.2622,43.327],[-110.257,43.3078],[-110.2519,43.2886],[-110.2338,43.2844],[-110.2156,43.2802],[-110.1975,43.2761],[-110.1794,43.2719],[-110.1737,43.2577],[-110.1681,43.2435],[-110.1625,43.2294],[-110.1569,43.2152],[-110.1793,43.2133],[-110.2016,43.2113],[-110.2028,43.1332],[-110.1923,43.1189],[-110.1819,43.1047],[-110.1714,43.0905],[-110.1609,43.0763],[-110.1504,43.0621],[-110.1399,43.0479],[-110.1295,43.0337],[-110.119,43.0194],[-110.1029,43.0339],[-110.0868,43.0483],[-110.0769,43.0755],[-110.072,43.0891],[-110.067,43.1027],[-110.0621,43.1163],[-110.0571,43.1299],[-110.0522,43.1435],[-110.0473,43.1571],[-110.0367,43.1666],[-110.0262,43.1762],[-110.0157,43.1858],[-110.0052,43.1953],[-109.976,43.2006],[-109.9468,43.2058],[-109.9176,43.211],[-109.8884,43.2163],[-109.8708,43.2138],[-109.8532,43.2112],[-109.8356,43.2087],[-109.8181,43.2062],[-109.8088,43.1974],[-109.7996,43.1886],[-109.7904,43.1798],[-109.7812,43.171],[-109.772,43.1622],[-109.7627,43.1534],[-109.7535,43.1446],[-109.7443,43.1358],[-109.716,43.139],[-109.6876,43.1422],[-109.6593,43.1453],[-109.6309,43.1485],[-109.6386,43.1629],[-109.6462,43.1773],[-109.6538,43.1918],[-109.6615,43.2062],[-109.6691,43.2206],[-109.6768,43.235],[-109.6844,43.2494],[-109.6921,43.2638],[-109.6821,43.2864],[-109.6721,43.3089],[-109.6776,43.323],[-109.6832,43.3371],[-109.6888,43.3512],[-109.6943,43.3653],[-109.717,43.3712],[-109.7397,43.3772],[-109.7624,43.3831],[-109.7851,43.389],[-109.7762,43.4149],[-109.7672,43.4408]]]},"properties":{"OBJECTID":391,"state":"Wyoming","agency":"Wyoming Game and Fish Department","unit_type":"DHA","unit_id":"141","unit_name":"Green River","unit_label":"Wyoming DHA 141 - Green River","aliases":"141 | 141 green river | 2026 | dha | dha 141 | dha 141 green river | green river | wyoming | wyoming 141 | wyoming 141 green river | wyoming dha 141 | wyoming dha 141 green river | wyoming game and fish department | wyoming game and fish department 141","year":"2026","Shape_Length":192989.42261752952,"Shape_Area":1314207261.7364721}},{"type":"Feature","id":392,"geometry":{"type":"Polygon","coordinates":[[[-107.2512,41.7788],[-107.271,41.7797],[-107.2907,41.7805],[-107.3105,41.7813],[-107.3303,41.7822],[-107.3501,41.783],[-107.3698,41.7839],[-107.3896,41.7847],[-107.4094,41.7855],[-107.4315,41.7808],[-107.4536,41.776],[-107.4757,41.7713],[-107.4978,41.7665],[-107.5199,41.7617],[-107.5419,41.757],[-107.564,41.7522],[-107.5861,41.7474],[-107.604,41.7451],[-107.622,41.7427],[-107.6399,41.7404],[-107.6578,41.738],[-107.6758,41.7357],[-107.6937,41.7333],[-107.7116,41.7309],[-107.7295,41.7285],[-107.7374,41.7015],[-107.7453,41.6744],[-107.7531,41.6473],[-107.761,41.6203],[-107.7588,41.5287],[-107.7566,41.4372],[-107.7315,41.444],[-107.7064,41.4508],[-107.6813,41.4577],[-107.6562,41.4645],[-107.6311,41.4713],[-107.606,41.4781],[-107.5809,41.4849],[-107.5557,41.4917],[-107.5371,41.4858],[-107.5184,41.4799],[-107.4997,41.4741],[-107.4811,41.4682],[-107.4727,41.4586],[-107.4643,41.4491],[-107.456,41.4396],[-107.4476,41.43],[-107.4393,41.4205],[-107.4309,41.4109],[-107.4226,41.4014],[-107.4142,41.3918],[-107.399,41.4076],[-107.3837,41.4233],[-107.3641,41.4155],[-107.3444,41.4077],[-107.3248,41.3999],[-107.3052,41.3921],[-107.2885,41.3954],[-107.2718,41.3987],[-107.255,41.4019],[-107.2383,41.4052],[-107.2276,41.422],[-107.2169,41.4387],[-107.2062,41.4555],[-107.1955,41.4722],[-107.2039,41.4838],[-107.2122,41.4953],[-107.2205,41.5069],[-107.2288,41.5184],[-107.2372,41.5299],[-107.2455,41.5415],[-107.2538,41.553],[-107.2622,41.5646],[-107.2637,41.6136],[-107.2653,41.6626],[-107.2668,41.7116],[-107.2684,41.7606],[-107.2598,41.7697],[-107.2512,41.7788]]]},"properties":{"OBJECTID":392,"state":"Wyoming","agency":"Wyoming Game and Fish Department","unit_type":"DHA","unit_id":"84","unit_name":"Atlantic Rim","unit_label":"Wyoming DHA 84 - Atlantic Rim","aliases":"2026 | 84 | 84 atlantic rim | atlantic rim | dha | dha 84 | dha 84 atlantic rim | wyoming | wyoming 84 | wyoming 84 atlantic rim | wyoming dha 84 | wyoming dha 84 atlantic rim | wyoming game and fish department | wyoming game and fish department 84","year":"2026","Shape_Length":169735.61983264578,"Shape_Area":1496445303.3796568}},{"type":"Feature","id":393,"geometry":{"type":"Polygon","coordinates":[[[-110.7625,43.4854],[-110.7818,43.4887],[-110.8012,43.492],[-110.8206,43.4954],[-110.84,43.4987],[-110.8447,43.4831],[-110.8494,43.4675],[-110.8541,43.4519],[-110.8588,43.4363],[-110.8409,43.4261],[-110.823,43.4158],[-110.8051,43.4056],[-110.7872,43.3954],[-110.7693,43.3852],[-110.7515,43.3749],[-110.7336,43.3647],[-110.7158,43.3545],[-110.7255,43.3445],[-110.7352,43.3346],[-110.7449,43.3246],[-110.7546,43.3147],[-110.7642,43.3047],[-110.7739,43.2948],[-110.7836,43.2848],[-110.7933,43.2749],[-110.788,43.2446],[-110.7827,43.2142],[-110.766,43.2118],[-110.7493,43.2093],[-110.7326,43.2069],[-110.7158,43.2044],[-110.7089,43.1898],[-110.7019,43.1751],[-110.695,43.1604],[-110.6881,43.1458],[-110.6811,43.1311],[-110.6742,43.1165],[-110.6672,43.1018],[-110.6603,43.0871],[-110.6351,43.0941],[-110.6099,43.1011],[-110.5881,43.1083],[-110.5664,43.1155],[-110.5446,43.1226],[-110.5228,43.1298],[-110.5157,43.1596],[-110.5086,43.1895],[-110.5015,43.2193],[-110.4944,43.2491],[-110.4799,43.245],[-110.4654,43.2409],[-110.4509,43.2367],[-110.4364,43.2326],[-110.4206,43.2365],[-110.4049,43.2404],[-110.3891,43.2443],[-110.3734,43.2482],[-110.3676,43.2621],[-110.3618,43.276],[-110.356,43.2899],[-110.3502,43.3038],[-110.3444,43.3177],[-110.3386,43.3316],[-110.3328,43.3456],[-110.3269,43.3595],[-110.3482,43.3687],[-110.3695,43.3779],[-110.3908,43.3871],[-110.4121,43.3963],[-110.4219,43.4111],[-110.4316,43.4259],[-110.4413,43.4407],[-110.4511,43.4555],[-110.4778,43.455],[-110.5045,43.4544],[-110.5312,43.4538],[-110.5578,43.4532],[-110.5733,43.4375],[-110.5888,43.4217],[-110.6166,43.4287],[-110.6444,43.4357],[-110.6723,43.4427],[-110.7001,43.4497],[-110.7157,43.4586],[-110.7313,43.4675],[-110.7469,43.4765],[-110.7625,43.4854]]]},"properties":{"OBJECTID":393,"state":"Wyoming","agency":"Wyoming Game and Fish Department","unit_type":"DHA","unit_id":"152","unit_name":"Lower Hoback","unit_label":"Wyoming DHA 152 - Lower Hoback","aliases":"152 | 152 lower hoback | 2026 | dha | dha 152 | dha 152 lower hoback | lower hoback | wyoming | wyoming 152 | wyoming 152 lower hoback | wyoming dha 152 | wyoming dha 152 lower hoback | wyoming game and fish department | wyoming game and fish department","year":"2026","Shape_Length":158504.4758453223,"Shape_Area":1038019447.5437094}},{"type":"Feature","id":394,"geometry":{"type":"Polygon","coordinates":[[[-110.511,43.6377],[-110.5291,43.6383],[-110.5473,43.639],[-110.5655,43.6396],[-110.5836,43.6402],[-110.6079,43.6322],[-110.6322,43.6242],[-110.6565,43.6162],[-110.6808,43.6082],[-110.6883,43.598],[-110.6957,43.5878],[-110.7032,43.5777],[-110.7107,43.5675],[-110.7182,43.5573],[-110.7256,43.5472],[-110.7331,43.537],[-110.7406,43.5268],[-110.7515,43.5061],[-110.7625,43.4854],[-110.7469,43.4765],[-110.7313,43.4675],[-110.7157,43.4586],[-110.7001,43.4497],[-110.6723,43.4427],[-110.6444,43.4357],[-110.6166,43.4287],[-110.5888,43.4217],[-110.5733,43.4375],[-110.5578,43.4532],[-110.5312,43.4538],[-110.5045,43.4544],[-110.4778,43.455],[-110.4511,43.4555],[-110.4413,43.4407],[-110.4316,43.4259],[-110.4219,43.4111],[-110.4121,43.3963],[-110.3908,43.3871],[-110.3695,43.3779],[-110.3482,43.3687],[-110.3269,43.3595],[-110.3107,43.3514],[-110.2946,43.3433],[-110.2784,43.3351],[-110.2622,43.327],[-110.2505,43.3338],[-110.2388,43.3407],[-110.2271,43.3475],[-110.2154,43.3543],[-110.2037,43.3611],[-110.192,43.368],[-110.1802,43.3748],[-110.1685,43.3816],[-110.147,43.378],[-110.1254,43.3745],[-110.1039,43.3709],[-110.0823,43.3673],[-110.0716,43.3922],[-110.0608,43.4171],[-110.0501,43.442],[-110.0393,43.4669],[-110.0182,43.4652],[-109.9971,43.4636],[-109.9761,43.4619],[-109.955,43.4602],[-109.9659,43.4669],[-109.9768,43.4736],[-109.9877,43.4803],[-109.9987,43.487],[-110.0096,43.4937],[-110.0205,43.5004],[-110.0315,43.5071],[-110.0424,43.5138],[-110.0533,43.5205],[-110.0643,43.5272],[-110.0752,43.5338],[-110.0861,43.5405],[-110.0971,43.5472],[-110.108,43.5539],[-110.119,43.5606],[-110.1299,43.5673],[-110.1479,43.565],[-110.1658,43.5628],[-110.1837,43.5605],[-110.2016,43.5583],[-110.2196,43.556],[-110.2375,43.5538],[-110.2554,43.5515],[-110.2733,43.5493],[-110.2913,43.5627],[-110.3092,43.5761],[-110.3274,43.58],[-110.3456,43.5839],[-110.3638,43.5878],[-110.382,43.5917],[-110.4002,43.5956],[-110.4184,43.5996],[-110.4367,43.6034],[-110.4549,43.6073],[-110.4689,43.6149],[-110.4829,43.6225],[-110.4969,43.6301],[-110.511,43.6377]]]},"properties":{"OBJECTID":394,"state":"Wyoming","agency":"Wyoming Game and Fish Department","unit_type":"DHA","unit_id":"155","unit_name":"Crystal Peak","unit_label":"Wyoming DHA 155 - Crystal Peak","aliases":"155 | 155 crystal peak | 2026 | crystal peak | dha | dha 155 | dha 155 crystal peak | wyoming | wyoming 155 | wyoming 155 crystal peak | wyoming dha 155 | wyoming dha 155 crystal peak | wyoming game and fish department | wyoming game and fish department","year":"2026","Shape_Length":167669.6490861397,"Shape_Area":1169306849.0867283}},{"type":"Feature","id":395,"geometry":{"type":"Polygon","coordinates":[[[-107.1334,43.5702],[-107.1412,43.5897],[-107.149,43.6093],[-107.1569,43.6289],[-107.1647,43.6485],[-107.1659,43.6573],[-107.1734,43.6466],[-107.181,43.6359],[-107.1885,43.6252],[-107.1961,43.6145],[-107.2036,43.6038],[-107.2112,43.5931],[-107.2187,43.5824],[-107.2262,43.5717],[-107.2419,43.5676],[-107.2576,43.5635],[-107.2733,43.5594],[-107.289,43.5553],[-107.3071,43.5628],[-107.3252,43.5702],[-107.3433,43.5777],[-107.3614,43.5852],[-107.3696,43.5984],[-107.3778,43.6117],[-107.3859,43.625],[-107.3941,43.6383],[-107.4101,43.6243],[-107.4261,43.6103],[-107.4421,43.5963],[-107.4581,43.5823],[-107.4724,43.5745],[-107.4866,43.5667],[-107.5008,43.5589],[-107.515,43.5511],[-107.5297,43.5323],[-107.5443,43.5135],[-107.5589,43.4947],[-107.5736,43.4759],[-107.5627,43.4551],[-107.5391,43.4566],[-107.5154,43.4582],[-107.4918,43.4597],[-107.4681,43.4612],[-107.4429,43.4543],[-107.4176,43.4473],[-107.3923,43.4403],[-107.3671,43.4333],[-107.342,43.4338],[-107.3168,43.4343],[-107.2917,43.4348],[-107.2666,43.4353],[-107.2517,43.4451],[-107.2367,43.4549],[-107.2217,43.4647],[-107.2067,43.4745],[-107.1917,43.4843],[-107.1767,43.4941],[-107.1618,43.5039],[-107.1468,43.5137],[-107.1401,43.5419],[-107.1334,43.5702]]]},"properties":{"OBJECTID":395,"state":"Wyoming","agency":"Wyoming Game and Fish Department","unit_type":"DHA","unit_id":"35","unit_name":"Upper Nowood","unit_label":"Wyoming DHA 35 - Upper Nowood","aliases":"2026 | 35 | 35 upper nowood | dha | dha 35 | dha 35 upper nowood | upper nowood | wyoming | wyoming 35 | wyoming 35 upper nowood | wyoming dha 35 | wyoming dha 35 upper nowood | wyoming game and fish department | wyoming game and fish department 35","year":"2026","Shape_Length":109199.42742186325,"Shape_Area":481887617.3808154}},{"type":"Feature","id":396,"geometry":{"type":"Polygon","coordinates":[[[-110.8145,41.8263],[-110.8354,41.8249],[-110.8564,41.8236],[-110.8774,41.8222],[-110.8983,41.8209],[-110.9193,41.8195],[-110.9403,41.8182],[-110.9612,41.8168],[-110.9822,41.8155],[-110.9982,41.8065],[-111.0143,41.7976],[-111.0303,41.7887],[-111.0463,41.7797],[-111.0467,41.7797],[-111.0472,41.7795],[-111.0468,41.4152],[-111.0468,41.4152],[-111.0468,41.4152],[-111.0465,41.4147],[-111.0465,41.4147],[-111.0463,41.4144],[-111.0463,41.4144],[-111.0372,41.402],[-111.0281,41.3897],[-111.0191,41.3773],[-111.01,41.365],[-111.0063,41.3956],[-111.0025,41.4262],[-110.9762,41.4284],[-110.9499,41.4306],[-110.9236,41.4328],[-110.8973,41.435],[-110.8818,41.4394],[-110.8663,41.4438],[-110.8508,41.4481],[-110.8353,41.4525],[-110.8198,41.4569],[-110.8042,41.4612],[-110.7887,41.4656],[-110.7732,41.47],[-110.7619,41.4769],[-110.7505,41.4839],[-110.7392,41.4908],[-110.7278,41.4978],[-110.7165,41.5047],[-110.7051,41.5117],[-110.6938,41.5186],[-110.6824,41.5256],[-110.6695,41.5452],[-110.6566,41.5648],[-110.6314,41.568],[-110.6063,41.5711],[-110.5812,41.5743],[-110.5561,41.5774],[-110.5524,41.559],[-110.5487,41.5405],[-110.5449,41.5221],[-110.5412,41.5037],[-110.5271,41.4987],[-110.513,41.4938],[-110.4988,41.4888],[-110.4847,41.4838],[-110.4698,41.4732],[-110.455,41.4627],[-110.4402,41.4521],[-110.4253,41.4415],[-110.4105,41.4309],[-110.3957,41.4203],[-110.3809,41.4097],[-110.3661,41.3991],[-110.359,41.3886],[-110.3519,41.378],[-110.3449,41.3675],[-110.3378,41.3569],[-110.3183,41.3616],[-110.2987,41.3662],[-110.2792,41.3708],[-110.2597,41.3754],[-110.2401,41.38],[-110.2206,41.3846],[-110.2011,41.3892],[-110.1815,41.3939],[-110.1646,41.4033],[-110.1478,41.4127],[-110.1309,41.4221],[-110.114,41.4315],[-110.0971,41.441],[-110.0802,41.4504],[-110.0633,41.4598],[-110.0464,41.4692],[-110.0295,41.4786],[-110.0126,41.488],[-109.9957,41.4974],[-109.9788,41.5068],[-109.9619,41.5162],[-109.945,41.5256],[-109.928,41.535],[-109.9111,41.5444],[-109.922,41.5587],[-109.933,41.573],[-109.944,41.5872],[-109.955,41.6015],[-109.9716,41.6094],[-109.9882,41.6174],[-110.0048,41.6253],[-110.0214,41.6332],[-110.0288,41.6442],[-110.0362,41.6552],[-110.0437,41.6662],[-110.0511,41.6772],[-110.0585,41.6882],[-110.0659,41.6992],[-110.0733,41.7101],[-110.0807,41.7211],[-110.0989,41.735],[-110.117,41.7488],[-110.1352,41.7627],[-110.1534,41.7765],[-110.1792,41.7813],[-110.2049,41.786],[-110.2307,41.7907],[-110.2565,41.7954],[-110.2693,41.7892],[-110.2821,41.7831],[-110.2948,41.7769],[-110.3076,41.7707],[-110.3267,41.7696],[-110.3458,41.7685],[-110.3649,41.7674],[-110.384,41.7663],[-110.4031,41.7652],[-110.4222,41.7641],[-110.4413,41.763],[-110.4604,41.7619],[-110.4739,41.757],[-110.4875,41.752],[-110.501,41.747],[-110.5145,41.7421],[-110.5254,41.7662],[-110.5362,41.7904],[-110.5597,41.7966],[-110.5832,41.8028],[-110.6067,41.8091],[-110.6302,41.8153],[-110.6532,41.8167],[-110.6763,41.818],[-110.6993,41.8194],[-110.7223,41.8208],[-110.7454,41.8222],[-110.7684,41.8235],[-110.7914,41.8249],[-110.8145,41.8263]]]},"properties":{"OBJECTID":396,"state":"Wyoming","agency":"Wyoming Game and Fish Department","unit_type":"DHA","unit_id":"134","unit_name":"Bear River Divide","unit_label":"Wyoming DHA 134 - Bear River Divide","aliases":"134 | 134 bear river divide | 2026 | bear river divide | dha | dha 134 | dha 134 bear river divide | wyoming | wyoming 134 | wyoming 134 bear river divide | wyoming dha 134 | wyoming dha 134 bear river divide | wyoming game and fish department | wyoming","year":"2026","Shape_Length":285782.62562424166,"Shape_Area":3260183772.669725}},{"type":"Feature","id":397,"geometry":{"type":"Polygon","coordinates":[[[-110.5412,41.5037],[-110.5449,41.5221],[-110.5487,41.5405],[-110.5524,41.559],[-110.5561,41.5774],[-110.5812,41.5743],[-110.6063,41.5711],[-110.6314,41.568],[-110.6566,41.5648],[-110.6695,41.5452],[-110.6824,41.5256],[-110.6938,41.5186],[-110.7051,41.5117],[-110.7165,41.5047],[-110.7278,41.4978],[-110.7392,41.4908],[-110.7505,41.4839],[-110.7619,41.4769],[-110.7732,41.47],[-110.7887,41.4656],[-110.8042,41.4612],[-110.8198,41.4569],[-110.8353,41.4525],[-110.8508,41.4481],[-110.8663,41.4438],[-110.8818,41.4394],[-110.8973,41.435],[-110.9236,41.4328],[-110.9499,41.4306],[-110.9762,41.4284],[-111.0025,41.4262],[-111.0063,41.3956],[-111.01,41.365],[-111.0191,41.3773],[-111.0281,41.3897],[-111.0372,41.402],[-111.0463,41.4144],[-111.0463,41.4144],[-111.0465,41.4147],[-111.0465,41.4147],[-111.0468,41.4152],[-111.0476,41.2481],[-111.0467,41.2478],[-111.0191,41.2528],[-110.9914,41.2579],[-110.9638,41.2629],[-110.9361,41.2679],[-110.9199,41.2686],[-110.9036,41.2692],[-110.8873,41.2699],[-110.871,41.2706],[-110.8547,41.2713],[-110.8385,41.272],[-110.8222,41.2726],[-110.8059,41.2733],[-110.7876,41.2821],[-110.7693,41.2909],[-110.751,41.2997],[-110.7327,41.3085],[-110.711,41.3072],[-110.6894,41.3058],[-110.6677,41.3044],[-110.6461,41.3029],[-110.6245,41.3015],[-110.6028,41.3001],[-110.5812,41.2987],[-110.5595,41.2973],[-110.5432,41.3016],[-110.5269,41.3059],[-110.5105,41.3101],[-110.4942,41.3144],[-110.4779,41.3187],[-110.4615,41.323],[-110.4452,41.3272],[-110.4289,41.3315],[-110.4061,41.3379],[-110.3833,41.3442],[-110.3606,41.3506],[-110.3378,41.3569],[-110.3449,41.3675],[-110.3519,41.378],[-110.359,41.3886],[-110.3661,41.3991],[-110.3809,41.4097],[-110.3957,41.4203],[-110.4105,41.4309],[-110.4253,41.4415],[-110.4402,41.4521],[-110.455,41.4627],[-110.4698,41.4732],[-110.4847,41.4838],[-110.4988,41.4888],[-110.513,41.4938],[-110.5271,41.4987],[-110.5412,41.5037]]]},"properties":{"OBJECTID":397,"state":"Wyoming","agency":"Wyoming Game and Fish Department","unit_type":"DHA","unit_id":"168","unit_name":"Medicine Butte","unit_label":"Wyoming DHA 168 - Medicine Butte","aliases":"168 | 168 medicine butte | 2026 | dha | dha 168 | dha 168 medicine butte | medicine butte | wyoming | wyoming 168 | wyoming 168 medicine butte | wyoming dha 168 | wyoming dha 168 medicine butte | wyoming game and fish department | wyoming game and fish d","year":"2026","Shape_Length":168979.46322238428,"Shape_Area":1157021374.2613628}},{"type":"Feature","id":398,"geometry":{"type":"Polygon","coordinates":[[[-109.5281,41.5602],[-109.5438,41.559],[-109.5595,41.5578],[-109.5752,41.5567],[-109.5909,41.5555],[-109.6125,41.5522],[-109.634,41.5489],[-109.6556,41.5457],[-109.6772,41.5424],[-109.7064,41.5426],[-109.7356,41.5429],[-109.7649,41.5432],[-109.7941,41.5435],[-109.8234,41.5437],[-109.8526,41.544],[-109.8818,41.5442],[-109.9111,41.5444],[-109.928,41.535],[-109.945,41.5256],[-109.9619,41.5162],[-109.9788,41.5068],[-109.9957,41.4974],[-110.0126,41.488],[-110.0295,41.4786],[-110.0464,41.4692],[-110.0633,41.4598],[-110.0802,41.4504],[-110.0971,41.441],[-110.114,41.4315],[-110.1309,41.4221],[-110.1478,41.4127],[-110.1646,41.4033],[-110.1815,41.3939],[-110.2011,41.3892],[-110.2206,41.3846],[-110.2401,41.38],[-110.2597,41.3754],[-110.2792,41.3708],[-110.2987,41.3662],[-110.3183,41.3616],[-110.3378,41.3569],[-110.3606,41.3506],[-110.3833,41.3442],[-110.4061,41.3379],[-110.4289,41.3315],[-110.4193,41.3233],[-110.4097,41.3151],[-110.4002,41.3068],[-110.3906,41.2986],[-110.3968,41.2862],[-110.403,41.2739],[-110.4092,41.2615],[-110.4153,41.2492],[-110.4306,41.2331],[-110.4459,41.217],[-110.4612,41.2009],[-110.4765,41.1848],[-110.4918,41.1687],[-110.5071,41.1526],[-110.5223,41.1365],[-110.5376,41.1204],[-110.5492,41.1003],[-110.5608,41.0803],[-110.5724,41.0602],[-110.584,41.0402],[-110.5832,40.9964],[-110.5568,40.9962],[-110.5304,40.996],[-110.5041,40.9958],[-110.4777,40.9957],[-110.4513,40.9955],[-110.425,40.9953],[-110.3986,40.9951],[-110.3723,40.9949],[-110.3709,40.9949],[-110.3412,40.995],[-110.3114,40.9951],[-110.2817,40.9951],[-110.252,40.9952],[-110.244,40.9953],[-110.2281,40.9955],[-110.2122,40.9957],[-110.2048,40.9958],[-110.1848,40.996],[-110.1648,40.9962],[-110.1449,40.9964],[-110.1249,40.9967],[-110.0992,40.9969],[-110.0735,40.9972],[-110.0527,40.9973],[-110.0327,40.9973],[-110.0126,40.9974],[-109.9927,40.9973],[-109.9651,40.9974],[-109.9374,40.9975],[-109.9098,40.9976],[-109.8821,40.9976],[-109.8685,40.9977],[-109.8578,40.9977],[-109.8374,40.9977],[-109.8081,40.9978],[-109.7787,40.9979],[-109.7494,40.9981],[-109.7201,40.9982],[-109.7048,40.9982],[-109.7,40.9982],[-109.6759,40.9983],[-109.6518,40.9984],[-109.634,40.9984],[-109.6163,40.9984],[-109.6089,40.9984],[-109.5925,40.9984],[-109.5761,40.9984],[-109.5586,40.9984],[-109.5411,40.9984],[-109.552,41.0111],[-109.5629,41.0238],[-109.5542,41.0365],[-109.5455,41.0493],[-109.5367,41.062],[-109.528,41.0747],[-109.5302,41.1097],[-109.5323,41.1447],[-109.5345,41.1796],[-109.5366,41.2146],[-109.554,41.2227],[-109.5714,41.2309],[-109.5604,41.254],[-109.5495,41.2771],[-109.5386,41.3002],[-109.5276,41.3232],[-109.5102,41.3246],[-109.4928,41.3259],[-109.4754,41.3272],[-109.458,41.3285],[-109.449,41.3549],[-109.44,41.3813],[-109.431,41.4077],[-109.4219,41.4341],[-109.413,41.4437],[-109.404,41.4533],[-109.395,41.4628],[-109.3861,41.4724],[-109.4038,41.4834],[-109.4216,41.4944],[-109.4393,41.5053],[-109.4571,41.5163],[-109.4748,41.5273],[-109.4926,41.5382],[-109.5104,41.5492],[-109.5281,41.5602]]]},"properties":{"OBJECTID":398,"state":"Wyoming","agency":"Wyoming Game and Fish Department","unit_type":"DHA","unit_id":"132","unit_name":"Cedar Mountain","unit_label":"Wyoming DHA 132 - Cedar Mountain","aliases":"132 | 132 cedar mountain | 2026 | cedar mountain | dha | dha 132 | dha 132 cedar mountain | wyoming | wyoming 132 | wyoming 132 cedar mountain | wyoming dha 132 | wyoming dha 132 cedar mountain | wyoming game and fish department | wyoming game and fish d","year":"2026","Shape_Length":290069.4393350424,"Shape_Area":4345516867.387159}},{"type":"Feature","id":399,"geometry":{"type":"Polygon","coordinates":[[[-105.1847,43.6736],[-105.2042,43.6798],[-105.2237,43.686],[-105.2432,43.6922],[-105.2627,43.6984],[-105.2822,43.7046],[-105.3017,43.7107],[-105.3212,43.7169],[-105.3407,43.7231],[-105.3574,43.723],[-105.374,43.723],[-105.3907,43.7229],[-105.4073,43.7229],[-105.424,43.7228],[-105.4406,43.7227],[-105.4572,43.7227],[-105.4739,43.7226],[-105.4755,43.661],[-105.4771,43.5994],[-105.4724,43.5829],[-105.4677,43.5663],[-105.463,43.5497],[-105.4583,43.5332],[-105.4536,43.5166],[-105.4489,43.5001],[-105.4442,43.4835],[-105.4395,43.467],[-105.4283,43.4475],[-105.417,43.428],[-105.4058,43.4085],[-105.3946,43.389],[-105.3834,43.3695],[-105.3723,43.35],[-105.3611,43.3305],[-105.3499,43.311],[-105.3386,43.3012],[-105.3274,43.2915],[-105.3161,43.2817],[-105.3049,43.2719],[-105.2937,43.2621],[-105.2824,43.2523],[-105.2712,43.2425],[-105.26,43.2327],[-105.2306,43.234],[-105.2012,43.2353],[-105.1718,43.2365],[-105.1424,43.2378],[-105.113,43.239],[-105.0836,43.2403],[-105.0542,43.2415],[-105.0248,43.2427],[-105.0089,43.2334],[-104.993,43.2241],[-104.9771,43.2148],[-104.9612,43.2055],[-104.9453,43.1962],[-104.9294,43.1869],[-104.9136,43.1776],[-104.8977,43.1683],[-104.8869,43.1769],[-104.8761,43.1854],[-104.8814,43.2007],[-104.8867,43.216],[-104.8919,43.2314],[-104.8972,43.2467],[-104.9025,43.262],[-104.9078,43.2773],[-104.913,43.2926],[-104.9183,43.3079],[-104.9027,43.3057],[-104.887,43.3035],[-104.8714,43.3013],[-104.8557,43.299],[-104.84,43.2968],[-104.8244,43.2946],[-104.8087,43.2924],[-104.7931,43.2901],[-104.7843,43.3114],[-104.7755,43.3327],[-104.7666,43.3539],[-104.7578,43.3752],[-104.7777,43.3867],[-104.7976,43.3983],[-104.8175,43.4099],[-104.8374,43.4214],[-104.8646,43.4215],[-104.8919,43.4215],[-104.9191,43.4215],[-104.9463,43.4215],[-104.9396,43.4352],[-104.9329,43.4489],[-104.9262,43.4626],[-104.9194,43.4763],[-104.9127,43.49],[-104.906,43.5037],[-104.8992,43.5174],[-104.8925,43.5311],[-104.9034,43.5532],[-104.9144,43.5753],[-104.9168,43.6186],[-104.9191,43.6618],[-104.9353,43.6621],[-104.9515,43.6623],[-104.9677,43.6625],[-104.9838,43.6627],[-105.0,43.6629],[-105.0162,43.6632],[-105.0323,43.6634],[-105.0485,43.6636],[-105.0655,43.6648],[-105.0826,43.6661],[-105.0996,43.6674],[-105.1166,43.6686],[-105.1337,43.6699],[-105.1507,43.6711],[-105.1677,43.6724],[-105.1847,43.6736]]]},"properties":{"OBJECTID":399,"state":"Wyoming","agency":"Wyoming Game and Fish Department","unit_type":"DHA","unit_id":"10","unit_name":"Rochelle Hills","unit_label":"Wyoming DHA 10 - Rochelle Hills","aliases":"10 | 10 rochelle hills | 2026 | dha | dha 10 | dha 10 rochelle hills | rochelle hills | wyoming | wyoming 10 | wyoming 10 rochelle hills | wyoming dha 10 | wyoming dha 10 rochelle hills | wyoming game and fish department | wyoming game and fish departmen","year":"2026","Shape_Length":218854.6004608331,"Shape_Area":2222231370.9225574}},{"type":"Feature","id":400,"geometry":{"type":"Polygon","coordinates":[[[-104.0554,43.5338],[-104.077,43.5401],[-104.0986,43.5465],[-104.1203,43.5528],[-104.1419,43.5591],[-104.1541,43.5717],[-104.1663,43.5843],[-104.1785,43.5968],[-104.1907,43.6094],[-104.1944,43.567],[-104.198,43.5246],[-104.2259,43.5264],[-104.2538,43.5281],[-104.2818,43.5299],[-104.3097,43.5316],[-104.3376,43.5333],[-104.3656,43.5351],[-104.3935,43.5368],[-104.4215,43.5385],[-104.4353,43.5447],[-104.4491,43.5508],[-104.4629,43.557],[-104.4767,43.5632],[-104.5047,43.5623],[-104.5327,43.5614],[-104.5607,43.5605],[-104.5887,43.5596],[-104.6087,43.5659],[-104.6288,43.5722],[-104.6489,43.5785],[-104.669,43.5848],[-104.6895,43.5808],[-104.7101,43.5769],[-104.7306,43.5729],[-104.7512,43.569],[-104.7717,43.565],[-104.7922,43.5611],[-104.8128,43.5571],[-104.8333,43.5531],[-104.8536,43.5587],[-104.8738,43.5642],[-104.8941,43.5698],[-104.9144,43.5753],[-104.9034,43.5532],[-104.8925,43.5311],[-104.8992,43.5174],[-104.906,43.5037],[-104.9127,43.49],[-104.9194,43.4763],[-104.9262,43.4626],[-104.9329,43.4489],[-104.9396,43.4352],[-104.9463,43.4215],[-104.9191,43.4215],[-104.8919,43.4215],[-104.8646,43.4215],[-104.8374,43.4214],[-104.8175,43.4099],[-104.7976,43.3983],[-104.7777,43.3867],[-104.7578,43.3752],[-104.7307,43.3746],[-104.7035,43.374],[-104.6929,43.3613],[-104.6823,43.3485],[-104.6717,43.3358],[-104.661,43.3231],[-104.6504,43.3104],[-104.6398,43.2977],[-104.6292,43.285],[-104.6186,43.2722],[-104.591,43.2666],[-104.5634,43.2609],[-104.5358,43.2553],[-104.5082,43.2496],[-104.486,43.2395],[-104.4638,43.2294],[-104.4416,43.2193],[-104.4194,43.2092],[-104.3972,43.199],[-104.375,43.1889],[-104.3529,43.1788],[-104.3307,43.1687],[-104.3216,43.1877],[-104.3125,43.2068],[-104.3033,43.2258],[-104.2942,43.2449],[-104.274,43.2481],[-104.2538,43.2514],[-104.2337,43.2546],[-104.2135,43.2579],[-104.1918,43.2692],[-104.1702,43.2806],[-104.1485,43.292],[-104.1268,43.3034],[-104.1087,43.3036],[-104.0906,43.3039],[-104.0725,43.3041],[-104.0543,43.3043],[-104.0545,43.3434],[-104.0546,43.3539],[-104.0547,43.3676],[-104.0554,43.5334],[-104.0554,43.5338]]]},"properties":{"OBJECTID":400,"state":"Wyoming","agency":"Wyoming Game and Fish Department","unit_type":"DHA","unit_id":"11","unit_name":"Mule Creek","unit_label":"Wyoming DHA 11 - Mule Creek","aliases":"11 | 11 mule creek | 2026 | dha | dha 11 | dha 11 mule creek | mule creek | wyoming | wyoming 11 | wyoming 11 mule creek | wyoming dha 11 | wyoming dha 11 mule creek | wyoming game and fish department | wyoming game and fish department 11","year":"2026","Shape_Length":218739.96530114516,"Shape_Area":2030533606.5219314}},{"type":"Feature","id":401,"geometry":{"type":"Polygon","coordinates":[[[-107.9739,43.2217],[-108.0016,43.2256],[-108.0294,43.2294],[-108.0571,43.2331],[-108.0849,43.2369],[-108.1026,43.2341],[-108.1204,43.2313],[-108.1381,43.2285],[-108.1559,43.2257],[-108.1552,43.0655],[-108.1545,42.9054],[-108.1717,42.9054],[-108.1889,42.9054],[-108.2061,42.9054],[-108.2232,42.9054],[-108.2404,42.9054],[-108.2576,42.9054],[-108.2748,42.9054],[-108.292,42.9054],[-108.2921,42.9052],[-108.2819,42.8929],[-108.2716,42.8805],[-108.2613,42.8682],[-108.2511,42.8558],[-108.2408,42.8434],[-108.2305,42.8311],[-108.2203,42.8187],[-108.21,42.8063],[-108.2019,42.7804],[-108.1937,42.7545],[-108.1856,42.7286],[-108.1775,42.7027],[-108.1855,42.6701],[-108.1935,42.6374],[-108.1711,42.6491],[-108.1488,42.6608],[-108.1264,42.6725],[-108.104,42.6842],[-108.0909,42.698],[-108.0778,42.7119],[-108.0647,42.7258],[-108.0516,42.7396],[-108.0256,42.7335],[-107.9996,42.7274],[-107.9777,42.7319],[-107.9557,42.7365],[-107.9337,42.741],[-107.9118,42.7456],[-107.8948,42.7426],[-107.8778,42.7396],[-107.8608,42.7366],[-107.8438,42.7336],[-107.8334,42.7167],[-107.823,42.6999],[-107.8126,42.683],[-107.8022,42.6661],[-107.7868,42.6694],[-107.7714,42.6727],[-107.7561,42.676],[-107.7407,42.6793],[-107.7253,42.6826],[-107.71,42.6859],[-107.6946,42.6892],[-107.6792,42.6925],[-107.665,42.7072],[-107.6508,42.7218],[-107.6366,42.7365],[-107.6224,42.7512],[-107.5932,42.7528],[-107.5641,42.7543],[-107.5506,42.7613],[-107.5372,42.7683],[-107.5237,42.7753],[-107.5103,42.7823],[-107.4968,42.7893],[-107.4834,42.7963],[-107.4699,42.8033],[-107.4565,42.8103],[-107.4379,42.8105],[-107.4193,42.8106],[-107.4007,42.8108],[-107.3821,42.8109],[-107.3926,42.8181],[-107.4032,42.8254],[-107.4137,42.8326],[-107.4243,42.8398],[-107.4348,42.847],[-107.4453,42.8543],[-107.4559,42.8615],[-107.4664,42.8687],[-107.4509,42.8726],[-107.4354,42.8765],[-107.4199,42.8803],[-107.4043,42.8842],[-107.3941,42.8982],[-107.3838,42.9122],[-107.3736,42.9261],[-107.3633,42.9401],[-107.353,42.9541],[-107.3428,42.9681],[-107.3325,42.982],[-107.3222,42.996],[-107.3065,43.0053],[-107.2907,43.0146],[-107.275,43.0239],[-107.2593,43.0332],[-107.2435,43.0425],[-107.2278,43.0518],[-107.2121,43.0611],[-107.1963,43.0704],[-107.2179,43.0721],[-107.2395,43.0737],[-107.2611,43.0754],[-107.2828,43.0771],[-107.2977,43.0845],[-107.3126,43.0919],[-107.3275,43.0993],[-107.3425,43.1067],[-107.3574,43.1141],[-107.3724,43.1215],[-107.3873,43.1289],[-107.4023,43.1363],[-107.4308,43.1367],[-107.4593,43.137],[-107.4878,43.1374],[-107.5163,43.1377],[-107.5448,43.138],[-107.5733,43.1383],[-107.6018,43.1387],[-107.6303,43.139],[-107.655,43.143],[-107.6797,43.1469],[-107.7044,43.1509],[-107.7291,43.1549],[-107.7538,43.1589],[-107.7785,43.1628],[-107.8032,43.1668],[-107.8279,43.1708],[-107.8462,43.1772],[-107.8644,43.1835],[-107.8826,43.1899],[-107.9009,43.1963],[-107.9191,43.2027],[-107.9374,43.209],[-107.9556,43.2154],[-107.9739,43.2217]]]},"properties":{"OBJECTID":401,"state":"Wyoming","agency":"Wyoming Game and Fish Department","unit_type":"DHA","unit_id":"90","unit_name":"Muskrat","unit_label":"Wyoming DHA 90 - Muskrat","aliases":"2026 | 90 | 90 muskrat | dha | dha 90 | dha 90 muskrat | muskrat | wyoming | wyoming 90 | wyoming 90 muskrat | wyoming dha 90 | wyoming dha 90 muskrat | wyoming game and fish department | wyoming game and fish department 90","year":"2026","Shape_Length":285331.7464348759,"Shape_Area":3334376072.949375}},{"type":"Feature","id":402,"geometry":{"type":"Polygon","coordinates":[[[-106.7316,42.3913],[-106.7517,42.3989],[-106.7717,42.4064],[-106.7918,42.4139],[-106.8119,42.4214],[-106.832,42.4289],[-106.8521,42.4364],[-106.8722,42.444],[-106.8923,42.4515],[-106.889,42.4007],[-106.9003,42.3796],[-106.9115,42.3585],[-106.9227,42.3375],[-106.9339,42.3164],[-106.9258,42.3001],[-106.9176,42.2838],[-106.9094,42.2675],[-106.9012,42.2512],[-106.893,42.235],[-106.8849,42.2187],[-106.8767,42.2024],[-106.8685,42.1861],[-106.8883,42.1726],[-106.9081,42.159],[-106.893,42.1443],[-106.8779,42.1296],[-106.8628,42.1149],[-106.8477,42.1002],[-106.8505,42.0392],[-106.8533,41.9781],[-106.8451,41.9685],[-106.8368,41.9588],[-106.823,41.9491],[-106.8091,41.9393],[-106.7953,41.9295],[-106.7814,41.9198],[-106.7676,41.91],[-106.7537,41.9002],[-106.7399,41.8905],[-106.7261,41.8807],[-106.704,41.8774],[-106.682,41.874],[-106.66,41.8707],[-106.6379,41.8673],[-106.6159,41.864],[-106.5939,41.8606],[-106.5718,41.8572],[-106.5498,41.8539],[-106.5302,41.8612],[-106.5107,41.8686],[-106.4911,41.8759],[-106.4716,41.8833],[-106.452,41.8906],[-106.4324,41.898],[-106.4129,41.9053],[-106.3933,41.9126],[-106.3697,41.9105],[-106.346,41.9084],[-106.3224,41.9062],[-106.2987,41.9041],[-106.2751,41.9019],[-106.2515,41.8998],[-106.2278,41.8976],[-106.2042,41.8955],[-106.1959,41.9095],[-106.1875,41.9236],[-106.1791,41.9377],[-106.1708,41.9517],[-106.1755,41.9671],[-106.1803,41.9824],[-106.185,41.9978],[-106.1898,42.0132],[-106.1884,42.0619],[-106.187,42.1106],[-106.1964,42.1193],[-106.2058,42.128],[-106.2152,42.1366],[-106.2246,42.1453],[-106.234,42.154],[-106.2434,42.1626],[-106.2528,42.1713],[-106.2622,42.18],[-106.2543,42.2003],[-106.2464,42.2206],[-106.2385,42.2409],[-106.2306,42.2612],[-106.2326,42.3717],[-106.2605,42.3783],[-106.2884,42.385],[-106.3108,42.3764],[-106.3331,42.3679],[-106.3554,42.3594],[-106.3778,42.3508],[-106.4001,42.3423],[-106.4224,42.3338],[-106.4447,42.3252],[-106.467,42.3166],[-106.476,42.3293],[-106.4849,42.3419],[-106.4938,42.3545],[-106.5027,42.3672],[-106.5193,42.3684],[-106.5359,42.3696],[-106.5525,42.3709],[-106.5691,42.3721],[-106.5858,42.3733],[-106.6024,42.3745],[-106.619,42.3758],[-106.6356,42.377],[-106.6494,42.3959],[-106.6632,42.4148],[-106.6803,42.4089],[-106.6974,42.4031],[-106.7145,42.3972],[-106.7316,42.3913]]]},"properties":{"OBJECTID":402,"state":"Wyoming","agency":"Wyoming Game and Fish Department","unit_type":"DHA","unit_id":"70","unit_name":"Shirley Mountain","unit_label":"Wyoming DHA 70 - Shirley Mountain","aliases":"2026 | 70 | 70 shirley mountain | dha | dha 70 | dha 70 shirley mountain | shirley mountain | wyoming | wyoming 70 | wyoming 70 shirley mountain | wyoming dha 70 | wyoming dha 70 shirley mountain | wyoming game and fish department | wyoming game and fish","year":"2026","Shape_Length":238696.38685814696,"Shape_Area":2984222354.0544214}},{"type":"Feature","id":403,"geometry":{"type":"Polygon","coordinates":[[[-104.7035,43.374],[-104.7307,43.3746],[-104.7578,43.3752],[-104.7666,43.3539],[-104.7755,43.3327],[-104.7843,43.3114],[-104.7931,43.2901],[-104.8087,43.2924],[-104.8244,43.2946],[-104.84,43.2968],[-104.8557,43.299],[-104.8714,43.3013],[-104.887,43.3035],[-104.9027,43.3057],[-104.9183,43.3079],[-104.913,43.2926],[-104.9078,43.2773],[-104.9025,43.262],[-104.8972,43.2467],[-104.8919,43.2314],[-104.8867,43.216],[-104.8814,43.2007],[-104.8761,43.1854],[-104.8869,43.1769],[-104.8977,43.1683],[-104.9136,43.1776],[-104.9294,43.1869],[-104.9453,43.1962],[-104.9612,43.2055],[-104.9771,43.2148],[-104.993,43.2241],[-105.0089,43.2334],[-105.0248,43.2427],[-105.0542,43.2415],[-105.0836,43.2403],[-105.113,43.239],[-105.1424,43.2378],[-105.1718,43.2365],[-105.2012,43.2353],[-105.2306,43.234],[-105.26,43.2327],[-105.2602,42.9864],[-105.2703,42.9709],[-105.2803,42.9554],[-105.2766,42.9083],[-105.2729,42.8613],[-105.2896,42.8501],[-105.3062,42.8389],[-105.3229,42.8277],[-105.3396,42.8165],[-105.3563,42.8054],[-105.3729,42.7942],[-105.3896,42.783],[-105.4063,42.7718],[-105.4034,42.7452],[-105.4006,42.7186],[-105.3978,42.692],[-105.395,42.6654],[-105.3785,42.6624],[-105.362,42.6594],[-105.3455,42.6564],[-105.3291,42.6534],[-105.3126,42.6504],[-105.2961,42.6474],[-105.2796,42.6444],[-105.2631,42.6414],[-105.2453,42.6427],[-105.2275,42.644],[-105.2096,42.6452],[-105.1918,42.6465],[-105.1798,42.6531],[-105.1679,42.6596],[-105.156,42.6662],[-105.144,42.6727],[-105.1321,42.6792],[-105.1201,42.6858],[-105.1082,42.6923],[-105.0962,42.6989],[-105.0843,42.7054],[-105.0723,42.7119],[-105.0603,42.7185],[-105.0484,42.725],[-105.0364,42.7316],[-105.0245,42.7381],[-105.0125,42.7446],[-105.0005,42.7512],[-104.9819,42.7541],[-104.9633,42.757],[-104.9447,42.7599],[-104.9261,42.7628],[-104.9326,42.7824],[-104.9391,42.802],[-104.9455,42.8216],[-104.952,42.8412],[-104.9585,42.8608],[-104.965,42.8804],[-104.9715,42.9],[-104.978,42.9196],[-104.9684,42.9342],[-104.9588,42.9488],[-104.9492,42.9634],[-104.9396,42.978],[-104.9265,42.9873],[-104.9135,42.9966],[-104.9004,43.0059],[-104.8873,43.0152],[-104.8742,43.0245],[-104.8611,43.0338],[-104.848,43.0431],[-104.8348,43.0524],[-104.8116,43.0503],[-104.7884,43.0482],[-104.7651,43.0461],[-104.7419,43.0439],[-104.7186,43.0418],[-104.6954,43.0397],[-104.6721,43.0376],[-104.6489,43.0354],[-104.6306,43.0454],[-104.6123,43.0553],[-104.6204,43.0657],[-104.6286,43.0761],[-104.6261,43.1251],[-104.6236,43.1741],[-104.6211,43.2232],[-104.6186,43.2722],[-104.6292,43.285],[-104.6398,43.2977],[-104.6504,43.3104],[-104.661,43.3231],[-104.6717,43.3358],[-104.6823,43.3485],[-104.6929,43.3613],[-104.7035,43.374]]]},"properties":{"OBJECTID":403,"state":"Wyoming","agency":"Wyoming Game and Fish Department","unit_type":"DHA","unit_id":"14","unit_name":"Twenty Mile","unit_label":"Wyoming DHA 14 - Twenty Mile","aliases":"14 | 14 twenty mile | 2026 | dha | dha 14 | dha 14 twenty mile | twenty mile | wyoming | wyoming 14 | wyoming 14 twenty mile | wyoming dha 14 | wyoming dha 14 twenty mile | wyoming game and fish department | wyoming game and fish department 14","year":"2026","Shape_Length":278551.4665523034,"Shape_Area":2532665822.874174}}]}