{"type":"FeatureCollection","features":[{"type":"Feature","id":10,"geometry":{"type":"Polygon","coordinates":[[[-95.8489,34.4068],[-95.8567,34.4393],[-95.8766,34.4393],[-95.8966,34.4392],[-95.9165,34.4391],[-95.9365,34.4391],[-95.9406,34.4388],[-95.9317,34.4087],[-95.9227,34.3786],[-95.9043,34.3856],[-95.8858,34.3927],[-95.8674,34.3997],[-95.8489,34.4068]]]},"properties":{"OBJECTID":10,"state":"Oklahoma","agency":"Oklahoma Department of Wildlife Conservation","unit_type":"WMA","unit_id":" ","unit_name":"McGee Creek Wildlife Management Area","unit_label":"Oklahoma - McGee Creek Wildlife Management Area","aliases":"2026 | management area | mcgee creek wildlife management area | oklahoma | oklahoma department of wildlife conservation | oklahoma mcgee creek wildlife management area | wildlife area | wildlife management area | wma","year":"2026","Shape_Length":25730.60544462727,"Shape_Area":39308815.13950518}},{"type":"Feature","id":11,"geometry":{"type":"Polygon","coordinates":[[[-94.7767,35.7473],[-94.7978,35.7365],[-94.8189,35.7256],[-94.8399,35.7148],[-94.861,35.7039],[-94.8521,35.6885],[-94.8433,35.6731],[-94.8344,35.6576],[-94.8255,35.6422],[-94.8105,35.6549],[-94.7955,35.6675],[-94.7805,35.6802],[-94.7655,35.6929],[-94.7711,35.7201],[-94.7767,35.7473]]]},"properties":{"OBJECTID":11,"state":"Oklahoma","agency":"Oklahoma Department of Wildlife Conservation","unit_type":"WMA","unit_id":" ","unit_name":"Cookson Wildlife Management Area","unit_label":"Oklahoma - Cookson Wildlife Management Area","aliases":"2026 | cookson wildlife management area | management area | oklahoma | oklahoma cookson wildlife management area | oklahoma department of wildlife conservation | wildlife area | wildlife management area | wma","year":"2026","Shape_Length":30591.911590619573,"Shape_Area":53092941.25391931}},{"type":"Feature","id":12,"geometry":{"type":"Polygon","coordinates":[[[-95.9365,34.4391],[-95.9408,34.4658],[-95.9452,34.4924],[-95.95,34.4916],[-95.9453,34.4652],[-95.9406,34.4388],[-95.9365,34.4391]],[[-95.9474,34.4919],[-95.9452,34.4901],[-95.9496,34.4902],[-95.9474,34.4919]]]},"properties":{"OBJECTID":12,"state":"Oklahoma","agency":"Oklahoma Department of Wildlife Conservation","unit_type":"WMA","unit_id":" ","unit_name":"Stringtown Wildlife Management Area","unit_label":"Oklahoma - Stringtown Wildlife Management Area","aliases":"2026 | management area | oklahoma | oklahoma department of wildlife conservation | oklahoma stringtown wildlife management area | stringtown wildlife management area | wildlife area | wildlife management area | wma","year":"2026","Shape_Length":13779.36705448523,"Shape_Area":2421666.5821087537}},{"type":"Feature","id":13,"geometry":{"type":"MultiPolygon","coordinates":[[[[-96.4364,36.1783],[-96.4459,36.1649],[-96.4554,36.1515],[-96.465,36.1381],[-96.4745,36.1246],[-96.4902,36.121],[-96.5059,36.1174],[-96.5215,36.1138],[-96.5372,36.1101],[-96.5529,36.1065],[-96.5686,36.1029],[-96.5842,36.0992],[-96.5999,36.0956],[-96.6087,36.0829],[-96.6174,36.0702],[-96.6156,36.0249],[-96.6123,36.0756],[-96.5942,36.0812],[-96.5762,36.0867],[-96.5581,36.0923],[-96.5401,36.0979],[-96.522,36.1034],[-96.5039,36.109],[-96.4859,36.1145],[-96.4678,36.1201],[-96.456,36.1144],[-96.4442,36.1088],[-96.4324,36.1031],[-96.4206,36.0975],[-96.4157,36.1131],[-96.4108,36.1287],[-96.4059,36.1443],[-96.401,36.1599],[-96.4187,36.1691],[-96.4364,36.1783]]],[[[-96.5377,36.4016],[-96.5472,36.3809],[-96.5566,36.3601],[-96.566,36.3394],[-96.5754,36.3186],[-96.5929,36.317],[-96.6105,36.3153],[-96.5901,36.3095],[-96.5697,36.3037],[-96.5492,36.2978],[-96.5288,36.292],[-96.517,36.3008],[-96.5051,36.3096],[-96.4933,36.3185],[-96.4814,36.3273],[-96.4674,36.3191],[-96.4534,36.3109],[-96.4394,36.3028],[-96.4254,36.2946],[-96.4348,36.3063],[-96.4443,36.318],[-96.4537,36.3297],[-96.4632,36.3414],[-96.486,36.3328],[-96.5088,36.3241],[-96.5317,36.3155],[-96.5545,36.3069],[-96.5458,36.3214],[-96.5371,36.336],[-96.5284,36.3505],[-96.5197,36.3651],[-96.5287,36.3833],[-96.5377,36.4016]]]]},"properties":{"OBJECTID":13,"state":"Oklahoma","agency":"Oklahoma Department of Wildlife Conservation","unit_type":"WMA","unit_id":" ","unit_name":"Keystone Wildlife Management Area","unit_label":"Oklahoma - Keystone Wildlife Management Area","aliases":"2026 | keystone wildlife management area | management area | oklahoma | oklahoma department of wildlife conservation | oklahoma keystone wildlife management area | wildlife area | wildlife management area | wma","year":"2026","Shape_Length":121830.79343723253,"Shape_Area":95731922.62086004}},{"type":"Feature","id":14,"geometry":{"type":"Polygon","coordinates":[[[-94.9085,35.963],[-94.891,35.9626],[-94.8932,35.9806],[-94.9085,35.963]]]},"properties":{"OBJECTID":14,"state":"Oklahoma","agency":"Oklahoma Department of Wildlife Conservation","unit_type":"WMA","unit_id":" ","unit_name":"Sparrowhawk Wildlife Management Area","unit_label":"Oklahoma - Sparrowhawk Wildlife Management Area","aliases":"2026 | management area | oklahoma | oklahoma department of wildlife conservation | oklahoma sparrowhawk wildlife management area | sparrowhawk wildlife management area | wildlife area | wildlife management area | wma","year":"2026","Shape_Length":6006.186008156344,"Shape_Area":1581909.169219683}},{"type":"Feature","id":15,"geometry":{"type":"MultiPolygon","coordinates":[[[[-95.543,35.0001],[-95.5385,35.0037],[-95.5385,35.0001],[-95.543,35.0001],[-95.5331,34.991],[-95.5233,34.9818],[-95.5208,34.9836],[-95.5233,34.9853],[-95.5209,34.9853],[-95.5208,34.9836],[-95.4977,34.9772],[-95.4746,34.9709],[-95.4632,34.9782],[-95.4518,34.9855],[-95.4403,34.9928],[-95.4289,35.0001],[-95.4156,35.0111],[-95.4201,35.011],[-95.4201,35.0146],[-95.4156,35.0111],[-95.3931,35.0221],[-95.3712,35.0257],[-95.3493,35.0292],[-95.3493,35.0293],[-95.3735,35.0384],[-95.3977,35.0476],[-95.422,35.0567],[-95.4462,35.0658],[-95.4463,35.0584],[-95.4537,35.0584],[-95.4462,35.0658],[-95.4583,35.0594],[-95.4703,35.053],[-95.4824,35.0466],[-95.4944,35.0402],[-95.49,35.0328],[-95.5059,35.027],[-95.5217,35.0213],[-95.5375,35.0155],[-95.5533,35.0097],[-95.5476,35.0001],[-95.543,35.0001]],[[-95.3935,35.0303],[-95.3913,35.0312],[-95.3913,35.0303],[-95.3935,35.0303]],[[-95.4266,35.0146],[-95.4244,35.0129],[-95.4266,35.0129],[-95.4266,35.0146]],[[-95.4333,35.002],[-95.4311,35.0001],[-95.4333,35.0001],[-95.4333,35.002]],[[-95.5518,35.0073],[-95.5494,35.0091],[-95.5494,35.0073],[-95.5518,35.0073]],[[-95.4289,35.0056],[-95.4266,35.0056],[-95.4289,35.0038],[-95.4289,35.0029],[-95.4311,35.0029],[-95.4289,35.0038],[-95.4289,35.0056]],[[-95.4549,35.0277],[-95.4505,35.0277],[-95.4505,35.0257],[-95.4549,35.0277]],[[-95.455,35.0038],[-95.4549,35.0075],[-95.4528,35.0038],[-95.4502,35.0019],[-95.4528,35.0019],[-95.4528,35.0038],[-95.455,35.0038]],[[-95.5165,35.0111],[-95.5165,35.0146],[-95.5074,35.0146],[-95.5165,35.0111],[-95.5165,35.0101],[-95.5186,35.0101],[-95.5165,35.0111]],[[-95.4334,35.0549],[-95.4334,35.0476],[-95.4422,35.0476],[-95.4334,35.0549]]],[[[-95.442,35.0676],[-95.4376,35.0731],[-95.444,35.073],[-95.442,35.0676]]],[[[-95.5559,35.0146],[-95.56,35.0123],[-95.5559,35.0119],[-95.5559,35.0146]]],[[[-95.3891,35.0202],[-95.3935,35.0203],[-95.3935,35.0184],[-95.3891,35.0202]]],[[[-95.4988,35.0365],[-95.4944,35.0365],[-95.4944,35.0402],[-95.4988,35.0365]]]]},"properties":{"OBJECTID":15,"state":"Oklahoma","agency":"Oklahoma Department of Wildlife Conservation","unit_type":"WMA","unit_id":" ","unit_name":"James Collins Wildlife Management Area","unit_label":"Oklahoma - James Collins Wildlife Management Area","aliases":"2026 | james collins wildlife management area | management area | oklahoma | oklahoma department of wildlife conservation | oklahoma james collins wildlife management area | wildlife area | wildlife management area | wma","year":"2026","Shape_Length":68224.79433044887,"Shape_Area":87125285.31904149}},{"type":"Feature","id":16,"geometry":{"type":"MultiPolygon","coordinates":[[[[-95.5665,36.7209],[-95.5562,36.7279],[-95.5458,36.735],[-95.5354,36.7421],[-95.5251,36.7491],[-95.5147,36.7562],[-95.5043,36.7632],[-95.4939,36.7703],[-95.4836,36.7774],[-95.4976,36.7712],[-95.5117,36.765],[-95.5257,36.7589],[-95.5397,36.7527],[-95.5538,36.7465],[-95.5678,36.7404],[-95.5819,36.7342],[-95.5959,36.728],[-95.5779,36.7136],[-95.5599,36.6992],[-95.5684,36.6792],[-95.577,36.6592],[-95.5525,36.6612],[-95.528,36.6633],[-95.5345,36.6264],[-95.5411,36.5894],[-95.5523,36.5746],[-95.5634,36.5597],[-95.5746,36.5448],[-95.5858,36.5299],[-95.5712,36.517],[-95.5566,36.504],[-95.5364,36.518],[-95.5163,36.5321],[-95.5319,36.5325],[-95.5475,36.533],[-95.5632,36.5335],[-95.5788,36.534],[-95.5699,36.5434],[-95.561,36.5528],[-95.552,36.5622],[-95.5431,36.5716],[-95.5333,36.5981],[-95.5234,36.6245],[-95.5135,36.6509],[-95.5037,36.6773],[-95.5194,36.6882],[-95.5351,36.6991],[-95.5508,36.71],[-95.5665,36.7209]]],[[[-95.605,36.5122],[-95.6238,36.5097],[-95.6233,36.4943],[-95.6142,36.5033],[-95.605,36.5122]]],[[[-95.5681,36.786],[-95.5681,36.7829],[-95.564,36.7829],[-95.5681,36.786]]],[[[-95.5751,36.7845],[-95.5699,36.7823],[-95.5698,36.7845],[-95.5751,36.7845]]],[[[-95.556,36.5372],[-95.5559,36.5372],[-95.556,36.5372],[-95.556,36.5372]]]]},"properties":{"OBJECTID":16,"state":"Oklahoma","agency":"Oklahoma Department of Wildlife Conservation","unit_type":"WMA","unit_id":" ","unit_name":"Oologah Wildlife Management Area","unit_label":"Oklahoma - Oologah Wildlife Management Area","aliases":"2026 | management area | oklahoma | oklahoma department of wildlife conservation | oklahoma oologah wildlife management area | oologah wildlife management area | wildlife area | wildlife management area | wma","year":"2026","Shape_Length":98496.56104181719,"Shape_Area":61839094.765391625}},{"type":"Feature","id":17,"geometry":{"type":"MultiPolygon","coordinates":[[[[-102.7148,36.5307],[-102.7328,36.5162],[-102.7508,36.5016],[-102.7239,36.5053],[-102.697,36.509],[-102.7059,36.5198],[-102.7148,36.5307]]],[[[-102.9126,36.516],[-102.9117,36.5378],[-102.9337,36.5342],[-102.9558,36.5306],[-102.9342,36.5233],[-102.9126,36.516]]],[[[-102.8495,36.5452],[-102.8405,36.5162],[-102.8316,36.5453],[-102.8495,36.5452]]],[[[-102.9382,36.5379],[-102.9205,36.5415],[-102.9028,36.5452],[-102.9026,36.5633],[-102.9204,36.5506],[-102.9382,36.5379]]],[[[-102.9126,36.516],[-102.9125,36.5007],[-102.8945,36.5007],[-102.8764,36.5008],[-102.8854,36.5161],[-102.9126,36.516]]],[[[-102.679,36.5017],[-102.661,36.5017],[-102.643,36.5018],[-102.6609,36.509],[-102.6789,36.5162],[-102.679,36.5017]]],[[[-102.7239,36.5453],[-102.7148,36.5307],[-102.7058,36.5453],[-102.7239,36.5453]]],[[[-102.8045,36.5452],[-102.7865,36.5453],[-102.7865,36.5597],[-102.8045,36.5452]]],[[[-102.8045,36.5234],[-102.7864,36.5162],[-102.7865,36.5306],[-102.8045,36.5234]]],[[[-102.9739,36.5015],[-102.9649,36.5162],[-102.9826,36.516],[-102.9739,36.5015]]],[[[-102.9985,36.5306],[-102.9825,36.5307],[-102.9824,36.5451],[-102.9985,36.5306]]],[[[-102.5348,36.5161],[-102.5168,36.5234],[-102.535,36.5236],[-102.5348,36.5161]]],[[[-102.6791,36.5452],[-102.67,36.5598],[-102.6792,36.5597],[-102.6791,36.5452]]],[[[-102.8405,36.5016],[-102.8405,36.5162],[-102.8495,36.5016],[-102.8405,36.5016]]],[[[-102.8225,36.516],[-102.8046,36.5234],[-102.8226,36.5234],[-102.8225,36.516]]],[[[-102.5937,36.516],[-102.5937,36.5012],[-102.5894,36.5004],[-102.589,36.5004],[-102.589,36.5012],[-102.5892,36.5161],[-102.5937,36.516]]],[[[-102.8405,36.5742],[-102.8314,36.5742],[-102.8314,36.5818],[-102.8405,36.5742]]],[[[-102.5892,36.5161],[-102.5801,36.516],[-102.58,36.5233],[-102.5892,36.5161]]],[[[-102.5619,36.5162],[-102.5529,36.5236],[-102.562,36.5235],[-102.5619,36.5162]]],[[[-102.6971,36.5453],[-102.688,36.5525],[-102.6971,36.5526],[-102.6971,36.5453]]],[[[-102.76,36.5452],[-102.751,36.5452],[-102.751,36.5525],[-102.76,36.5452]]],[[[-102.5937,36.516],[-102.6026,36.5233],[-102.6026,36.516],[-102.5937,36.516]]],[[[-102.688,36.5379],[-102.679,36.5307],[-102.6791,36.5379],[-102.688,36.5379]]],[[[-102.7688,36.5162],[-102.7776,36.5235],[-102.7777,36.5163],[-102.7688,36.5162]]],[[[-102.715,36.5672],[-102.7062,36.5672],[-102.7062,36.5743],[-102.715,36.5672]]],[[[-102.6341,36.5306],[-102.6254,36.5306],[-102.6255,36.5378],[-102.6341,36.5306]]],[[[-102.8896,36.5379],[-102.8853,36.5378],[-102.8896,36.5451],[-102.8896,36.5379]]],[[[-102.7865,36.5346],[-102.7822,36.5344],[-102.7822,36.5417],[-102.7865,36.5346]]]]},"properties":{"OBJECTID":17,"state":"Oklahoma","agency":"Oklahoma Department of Wildlife Conservation","unit_type":"WMA","unit_id":" ","unit_name":"Rita Blanca Wildlife Management Area","unit_label":"Oklahoma - Rita Blanca Wildlife Management Area","aliases":"2026 | management area | oklahoma | oklahoma department of wildlife conservation | oklahoma rita blanca wildlife management area | rita blanca wildlife management area | wildlife area | wildlife management area | wma","year":"2026","Shape_Length":137572.98555780295,"Shape_Area":37598372.401821874}},{"type":"Feature","id":18,"geometry":{"type":"MultiPolygon","coordinates":[[[[-95.1059,34.1072],[-95.0971,34.1182],[-95.0883,34.1292],[-95.0969,34.1387],[-95.1055,34.1483],[-95.1264,34.14],[-95.1473,34.1318],[-95.1681,34.1236],[-95.189,34.1153],[-95.1723,34.1071],[-95.1555,34.0988],[-95.1387,34.0905],[-95.1219,34.0823],[-95.1139,34.0948],[-95.1059,34.1072]],[[-95.1122,34.1292],[-95.0949,34.1242],[-95.1045,34.1206],[-95.1122,34.1292]]],[[[-95.1384,34.1987],[-95.1531,34.1982],[-95.1678,34.1978],[-95.1825,34.1974],[-95.1973,34.197],[-95.1717,34.1888],[-95.1462,34.1806],[-95.1384,34.1987]]]]},"properties":{"OBJECTID":18,"state":"Oklahoma","agency":"Oklahoma Department of Wildlife Conservation","unit_type":"WMA","unit_id":" ","unit_name":"Pine Creek Wildlife Management Area","unit_label":"Oklahoma - Pine Creek Wildlife Management Area","aliases":"2026 | management area | oklahoma | oklahoma department of wildlife conservation | oklahoma pine creek wildlife management area | pine creek wildlife management area | wildlife area | wildlife management area | wma","year":"2026","Shape_Length":40804.103014175605,"Shape_Area":37207881.844726436}},{"type":"Feature","id":19,"geometry":{"type":"MultiPolygon","coordinates":[[[[-97.8661,34.776],[-97.8789,34.7815],[-97.867,34.7751],[-97.855,34.7687],[-97.8661,34.776]]],[[[-97.8396,34.8122],[-97.8528,34.7977],[-97.8396,34.7977],[-97.8396,34.8122]]],[[[-97.8572,34.7869],[-97.8609,34.7833],[-97.8572,34.7832],[-97.8572,34.7869]]]]},"properties":{"OBJECTID":19,"state":"Oklahoma","agency":"Oklahoma Department of Wildlife Conservation","unit_type":"WMA","unit_id":" ","unit_name":"Grady County Wildlife Management Area","unit_label":"Oklahoma - Grady County Wildlife Management Area","aliases":"2026 | grady county wildlife management area | management area | oklahoma | oklahoma department of wildlife conservation | oklahoma grady county wildlife management area | wildlife area | wildlife management area | wma","year":"2026","Shape_Length":11312.052989784359,"Shape_Area":1205858.921641359}},{"type":"Feature","id":20,"geometry":{"type":"Polygon","coordinates":[[[-96.8654,33.8951],[-96.8583,33.8777],[-96.8512,33.8604],[-96.8441,33.874],[-96.8371,33.8876],[-96.8512,33.8913],[-96.8654,33.8951]]]},"properties":{"OBJECTID":20,"state":"Oklahoma","agency":"Oklahoma Department of Wildlife Conservation","unit_type":"WMA","unit_id":" ","unit_name":"Fobb Bottom Wildlife Management Area","unit_label":"Oklahoma - Fobb Bottom Wildlife Management Area","aliases":"2026 | fobb bottom wildlife management area | management area | oklahoma | oklahoma department of wildlife conservation | oklahoma fobb bottom wildlife management area | wildlife area | wildlife management area | wma","year":"2026","Shape_Length":10129.281438040975,"Shape_Area":4494022.06755728}},{"type":"Feature","id":21,"geometry":{"type":"Polygon","coordinates":[[[-96.5467,36.8549],[-96.5287,36.8551],[-96.5378,36.8694],[-96.5467,36.8549]]]},"properties":{"OBJECTID":21,"state":"Oklahoma","agency":"Oklahoma Department of Wildlife Conservation","unit_type":"WMA","unit_id":" ","unit_name":"John Dahl Wildlife Management Area","unit_label":"Oklahoma - John Dahl Wildlife Management Area","aliases":"2026 | john dahl wildlife management area | management area | oklahoma | oklahoma department of wildlife conservation | oklahoma john dahl wildlife management area | wildlife area | wildlife management area | wma","year":"2026","Shape_Length":5186.4215825355095,"Shape_Area":1281427.22742452}},{"type":"Feature","id":22,"geometry":{"type":"Polygon","coordinates":[[[-94.9435,36.3454],[-94.9502,36.3699],[-94.957,36.3944],[-94.9826,36.3863],[-95.0083,36.3781],[-95.0339,36.3699],[-95.0595,36.3617],[-95.0416,36.3491],[-95.0237,36.3364],[-95.0037,36.3387],[-94.9836,36.3409],[-94.9636,36.3432],[-94.9435,36.3454]]]},"properties":{"OBJECTID":22,"state":"Oklahoma","agency":"Oklahoma Department of Wildlife Conservation","unit_type":"WMA","unit_id":" ","unit_name":"Spavinaw Wildlife Management Area","unit_label":"Oklahoma - Spavinaw Wildlife Management Area","aliases":"2026 | management area | oklahoma | oklahoma department of wildlife conservation | oklahoma spavinaw wildlife management area | spavinaw wildlife management area | wildlife area | wildlife management area | wma","year":"2026","Shape_Length":26913.697027593636,"Shape_Area":38959227.60659006}},{"type":"Feature","id":23,"geometry":{"type":"Polygon","coordinates":[[[-96.3238,36.8536],[-96.3189,36.8319],[-96.3141,36.8103],[-96.2961,36.8249],[-96.278,36.8395],[-96.2961,36.8538],[-96.3141,36.8682],[-96.3052,36.8899],[-96.2963,36.9116],[-96.3143,36.908],[-96.3323,36.9045],[-96.3281,36.879],[-96.3238,36.8536]]]},"properties":{"OBJECTID":23,"state":"Oklahoma","agency":"Oklahoma Department of Wildlife Conservation","unit_type":"WMA","unit_id":" ","unit_name":"Osage Wildlife Management Area - Western Wall","unit_label":"Oklahoma - Osage Wildlife Management Area - Western Wall","aliases":"2026 | management area | oklahoma | oklahoma department of wildlife conservation | oklahoma osage wildlife management area western wall | osage wildlife management area western wall | wildlife area | wildlife management area | wma","year":"2026","Shape_Length":28175.90528323061,"Shape_Area":23281771.02219118}},{"type":"Feature","id":24,"geometry":{"type":"Polygon","coordinates":[[[-96.8023,34.2379],[-96.7946,34.2234],[-96.787,34.2089],[-96.7793,34.1944],[-96.7716,34.1799],[-96.7546,34.1891],[-96.7375,34.1983],[-96.7204,34.2075],[-96.7033,34.2167],[-96.7013,34.2208],[-96.7265,34.2251],[-96.7518,34.2294],[-96.777,34.2337],[-96.8023,34.2379]]]},"properties":{"OBJECTID":24,"state":"Oklahoma","agency":"Oklahoma Department of Wildlife Conservation","unit_type":"WMA","unit_id":" ","unit_name":"Texoma - Washita Arm Wildlife Management Area","unit_label":"Oklahoma - Texoma - Washita Arm Wildlife Management Area","aliases":"2026 | management area | oklahoma | oklahoma department of wildlife conservation | oklahoma texoma washita arm wildlife management area | texoma washita arm wildlife management area | wildlife area | wildlife management area | wma","year":"2026","Shape_Length":24480.012109100422,"Shape_Area":28344380.792624768}},{"type":"Feature","id":25,"geometry":{"type":"MultiPolygon","coordinates":[[[[-96.5034,35.6535],[-96.4992,35.6395],[-96.4767,35.6318],[-96.4665,35.6445],[-96.4564,35.6573],[-96.4462,35.67],[-96.436,35.6828],[-96.4529,35.6755],[-96.4697,35.6682],[-96.4866,35.6608],[-96.5034,35.6535]],[[-96.4946,35.6431],[-96.4852,35.6432],[-96.4852,35.6396],[-96.4946,35.6431]]],[[[-96.5434,35.639],[-96.5385,35.6609],[-96.5542,35.6591],[-96.5699,35.6573],[-96.5856,35.6555],[-96.6012,35.6537],[-96.5868,35.65],[-96.5723,35.6463],[-96.5578,35.6427],[-96.5434,35.639]]],[[[-96.3612,35.6172],[-96.3435,35.6134],[-96.3258,35.6096],[-96.3167,35.6242],[-96.3076,35.6388],[-96.321,35.6334],[-96.3344,35.628],[-96.3478,35.6226],[-96.3612,35.6172]]],[[[-96.3534,35.6463],[-96.3704,35.6573],[-96.3874,35.6683],[-96.3787,35.6388],[-96.3534,35.6463]]],[[[-96.2325,35.6463],[-96.219,35.6535],[-96.2371,35.6468],[-96.2193,35.639],[-96.2325,35.6463]]],[[[-96.4057,35.6367],[-96.4187,35.6394],[-96.3956,35.6292],[-96.4057,35.6367]]],[[[-96.4144,35.6648],[-96.4055,35.6537],[-96.4083,35.6758],[-96.4144,35.6648]]],[[[-96.53,35.6643],[-96.5195,35.6535],[-96.519,35.6681],[-96.53,35.6643]]],[[[-96.4413,35.5616],[-96.4237,35.5702],[-96.4413,35.5702],[-96.4413,35.5616]]],[[[-96.431,35.6973],[-96.4309,35.7072],[-96.4412,35.7072],[-96.431,35.6973]]],[[[-96.4232,35.6972],[-96.415,35.7052],[-96.4233,35.7053],[-96.4232,35.6972]]],[[[-96.486,35.6827],[-96.4766,35.6827],[-96.4769,35.6866],[-96.486,35.6827]]],[[[-96.3877,35.6318],[-96.3787,35.6354],[-96.3877,35.6354],[-96.3877,35.6318]]],[[[-96.4465,35.6973],[-96.4502,35.7046],[-96.4502,35.6972],[-96.4465,35.6973]]],[[[-96.3919,35.6503],[-96.3877,35.6502],[-96.3877,35.6537],[-96.3919,35.6503]]]]},"properties":{"OBJECTID":25,"state":"Oklahoma","agency":"Oklahoma Department of Wildlife Conservation","unit_type":"WMA","unit_id":" ","unit_name":"Deep Fork Wildlife Management Area","unit_label":"Oklahoma - Deep Fork Wildlife Management Area","aliases":"2026 | deep fork wildlife management area | management area | oklahoma | oklahoma deep fork wildlife management area | oklahoma department of wildlife conservation | wildlife area | wildlife management area | wma","year":"2026","Shape_Length":94525.22239766594,"Shape_Area":33715638.445028946}},{"type":"Feature","id":26,"geometry":{"type":"Polygon","coordinates":[[[-98.9747,34.8034],[-98.9944,34.7964],[-99.0141,34.7895],[-99.0337,34.7825],[-99.0534,34.7755],[-99.0424,34.755],[-99.0313,34.7344],[-99.0097,34.7369],[-98.9881,34.7394],[-98.9814,34.7714],[-98.9747,34.8034]]]},"properties":{"OBJECTID":26,"state":"Oklahoma","agency":"Oklahoma Department of Wildlife Conservation","unit_type":"WMA","unit_id":" ","unit_name":"Mountain Park Wildlife Management Area","unit_label":"Oklahoma - Mountain Park Wildlife Management Area","aliases":"2026 | management area | mountain park wildlife management area | oklahoma | oklahoma department of wildlife conservation | oklahoma mountain park wildlife management area | wildlife area | wildlife management area | wma","year":"2026","Shape_Length":24032.258060110362,"Shape_Area":33253019.58447206}},{"type":"Feature","id":27,"geometry":{"type":"Polygon","coordinates":[[[-95.3313,33.9516],[-95.3317,33.9651],[-95.3436,33.9651],[-95.3313,33.9516]]]},"properties":{"OBJECTID":27,"state":"Oklahoma","agency":"Oklahoma Department of Wildlife Conservation","unit_type":"WMA","unit_id":" ","unit_name":"Hugo Wildlife Management Area - Sawyer","unit_label":"Oklahoma - Hugo Wildlife Management Area - Sawyer","aliases":"2026 | hugo wildlife management area sawyer | management area | oklahoma | oklahoma department of wildlife conservation | oklahoma hugo wildlife management area sawyer | wildlife area | wildlife management area | wma","year":"2026","Shape_Length":4490.7050182793755,"Shape_Area":822669.4385632555}},{"type":"Feature","id":28,"geometry":{"type":"Polygon","coordinates":[[[-98.9382,36.3783],[-98.9293,36.3768],[-98.9293,36.3877],[-98.9382,36.3783]]]},"properties":{"OBJECTID":28,"state":"Oklahoma","agency":"Oklahoma Department of Wildlife Conservation","unit_type":"WMA","unit_id":" ","unit_name":"Major County Wildlife Management Area","unit_label":"Oklahoma - Major County Wildlife Management Area","aliases":"2026 | major county wildlife management area | management area | oklahoma | oklahoma department of wildlife conservation | oklahoma major county wildlife management area | wildlife area | wildlife management area | wma","year":"2026","Shape_Length":3350.9657181792663,"Shape_Area":484631.93565137096}},{"type":"Feature","id":29,"geometry":{"type":"Polygon","coordinates":[[[-96.2907,36.9852],[-96.2694,36.987],[-96.248,36.9889],[-96.235,36.9747],[-96.2219,36.9606],[-96.2088,36.9464],[-96.1958,36.9322],[-96.2004,36.9113],[-96.2051,36.8904],[-96.1907,36.8964],[-96.1763,36.9024],[-96.1619,36.9084],[-96.1474,36.9145],[-96.133,36.9205],[-96.1186,36.9265],[-96.1041,36.9325],[-96.0897,36.9385],[-96.0825,36.9587],[-96.0753,36.9789],[-96.0839,36.9701],[-96.0925,36.9612],[-96.1011,36.9523],[-96.1096,36.9435],[-96.1385,36.9406],[-96.1673,36.9377],[-96.1815,36.953],[-96.1957,36.9684],[-96.21,36.9838],[-96.2242,36.9991],[-96.2408,36.9956],[-96.2574,36.9922],[-96.2741,36.9887],[-96.2907,36.9852]],[[-96.1741,36.9123],[-96.173,36.9105],[-96.1741,36.9104],[-96.1741,36.9123]]]},"properties":{"OBJECTID":29,"state":"Oklahoma","agency":"Oklahoma Department of Wildlife Conservation","unit_type":"WMA","unit_id":" ","unit_name":"Hulah Wildlife Management Area","unit_label":"Oklahoma - Hulah Wildlife Management Area","aliases":"2026 | hulah wildlife management area | management area | oklahoma | oklahoma department of wildlife conservation | oklahoma hulah wildlife management area | wildlife area | wildlife management area | wma","year":"2026","Shape_Length":57871.67446222536,"Shape_Area":51136528.756715484}},{"type":"Feature","id":30,"geometry":{"type":"Polygon","coordinates":[[[-101.089,36.5367],[-101.089,36.5293],[-101.0799,36.5293],[-101.089,36.5367]]]},"properties":{"OBJECTID":30,"state":"Oklahoma","agency":"Oklahoma Department of Wildlife Conservation","unit_type":"WMA","unit_id":" ","unit_name":"Shorb Wildlife Management Area","unit_label":"Oklahoma - Shorb Wildlife Management Area","aliases":"2026 | management area | oklahoma | oklahoma department of wildlife conservation | oklahoma shorb wildlife management area | shorb wildlife management area | wildlife area | wildlife management area | wma","year":"2026","Shape_Length":2785.293517609724,"Shape_Area":333019.5566109807}},{"type":"Feature","id":31,"geometry":{"type":"MultiPolygon","coordinates":[[[[-94.9862,34.2732],[-94.9727,34.2882],[-94.9593,34.3032],[-94.9506,34.3087],[-94.9419,34.3116],[-94.9336,34.312],[-94.9336,34.3092],[-94.9336,34.3088],[-94.9193,34.3128],[-94.905,34.3168],[-94.8907,34.3208],[-94.8763,34.3248],[-94.862,34.3288],[-94.8477,34.3328],[-94.8334,34.3369],[-94.8191,34.3409],[-94.8118,34.3635],[-94.792,34.3655],[-94.7721,34.3675],[-94.7523,34.3695],[-94.7324,34.3715],[-94.7173,34.3713],[-94.709,34.3806],[-94.7007,34.3898],[-94.6924,34.3991],[-94.6841,34.4084],[-94.6715,34.4251],[-94.6802,34.4415],[-94.6889,34.4579],[-94.6976,34.4744],[-94.7063,34.4908],[-94.7153,34.4991],[-94.7243,34.5073],[-94.7493,34.5073],[-94.7743,34.5073],[-94.7993,34.5073],[-94.8244,34.5073],[-94.8494,34.5073],[-94.8744,34.5073],[-94.8994,34.5073],[-94.9244,34.5073],[-94.9397,34.5073],[-94.955,34.5073],[-94.9703,34.5073],[-94.9856,34.5072],[-95.0009,34.5072],[-95.0162,34.5072],[-95.0314,34.5072],[-95.0467,34.5072],[-95.0599,34.4961],[-95.073,34.485],[-95.0861,34.474],[-95.0992,34.4629],[-95.0992,34.4411],[-95.1079,34.4293],[-95.1165,34.4174],[-95.1343,34.4174],[-95.1428,34.408],[-95.1514,34.3985],[-95.1514,34.3957],[-95.1514,34.392],[-95.1514,34.3796],[-95.1514,34.345],[-95.1514,34.3408],[-95.1514,34.3342],[-95.1514,34.3311],[-95.1514,34.3285],[-95.1514,34.3284],[-95.1332,34.316],[-95.115,34.3036],[-95.0989,34.2998],[-95.0828,34.296],[-95.0667,34.2922],[-95.0506,34.2884],[-95.0345,34.2846],[-95.0184,34.2808],[-95.0023,34.277],[-94.9862,34.2732]],[[-94.7625,34.4982],[-94.7592,34.4909],[-94.7679,34.4908],[-94.7625,34.4982]],[[-94.7329,34.4929],[-94.7262,34.4945],[-94.7262,34.491],[-94.7329,34.4929]],[[-94.8029,34.4879],[-94.7942,34.4907],[-94.7942,34.4835],[-94.8029,34.4879]],[[-94.7088,34.4837],[-94.7044,34.4837],[-94.7044,34.4801],[-94.7088,34.4837]],[[-94.724,34.4785],[-94.7327,34.4764],[-94.7329,34.4837],[-94.724,34.4785]],[[-94.7069,34.4764],[-94.7088,34.4783],[-94.7044,34.4782],[-94.7069,34.4764]],[[-94.89,34.4761],[-94.9031,34.4651],[-94.9074,34.4831],[-94.89,34.4761]],[[-94.8311,34.4648],[-94.8373,34.4707],[-94.8264,34.4605],[-94.8154,34.4504],[-94.8115,34.44],[-94.8213,34.4524],[-94.8311,34.4648]],[[-94.7022,34.4625],[-94.6978,34.4656],[-94.6978,34.462],[-94.7022,34.4625]],[[-94.8027,34.4473],[-94.7941,34.44],[-94.8028,34.44],[-94.8027,34.4473]],[[-94.857,34.4435],[-94.8681,34.4399],[-94.8681,34.4472],[-94.857,34.4435]],[[-95.0161,34.3957],[-95.0303,34.3901],[-95.0445,34.3845],[-95.0588,34.3789],[-95.073,34.3733],[-95.0773,34.403],[-95.0583,34.4049],[-95.0392,34.4068],[-95.0201,34.4086],[-95.0011,34.4105],[-94.982,34.4124],[-94.9629,34.4142],[-94.9438,34.4161],[-94.9247,34.4179],[-94.9117,34.4125],[-94.8986,34.4072],[-94.8855,34.4018],[-94.8725,34.3964],[-94.8549,34.3964],[-94.8374,34.3965],[-94.8281,34.4182],[-94.8187,34.4399],[-94.8234,34.4177],[-94.8281,34.3955],[-94.8327,34.3733],[-94.8374,34.3511],[-94.8527,34.357],[-94.868,34.3628],[-94.8833,34.3687],[-94.8986,34.3746],[-94.9133,34.3772],[-94.928,34.3799],[-94.9427,34.3825],[-94.9573,34.3852],[-94.972,34.3878],[-94.9867,34.3904],[-95.0014,34.3931],[-95.0161,34.3957]],[[-94.6977,34.4227],[-94.6934,34.4291],[-94.6933,34.4218],[-94.6977,34.4227]],[[-94.6933,34.4109],[-94.6911,34.4089],[-94.6933,34.4089],[-94.6933,34.4109]],[[-94.7065,34.4091],[-94.7087,34.4072],[-94.7109,34.4109],[-94.7065,34.4091]],[[-94.6933,34.4072],[-94.6889,34.4072],[-94.6888,34.4035],[-94.6933,34.4072]],[[-94.8052,34.4057],[-94.7943,34.3928],[-94.8086,34.391],[-94.8229,34.3892],[-94.8141,34.3975],[-94.8052,34.4057]],[[-94.7429,34.3969],[-94.7495,34.4039],[-94.734,34.391],[-94.7429,34.3969]],[[-94.803,34.3892],[-94.7942,34.3783],[-94.803,34.3783],[-94.803,34.3892]],[[-94.8297,34.3532],[-94.8291,34.3538],[-94.8283,34.3528],[-94.8297,34.3532]],[[-94.8549,34.3527],[-94.8637,34.3383],[-94.8637,34.3529],[-94.8549,34.3527]],[[-94.8724,34.3437],[-94.8856,34.3437],[-94.8811,34.3564],[-94.8724,34.3437]],[[-94.8768,34.3382],[-94.8637,34.3383],[-94.8637,34.3347],[-94.8768,34.3382]],[[-94.8855,34.3379],[-94.8855,34.331],[-94.8995,34.331],[-94.8855,34.3379]],[[-94.903,34.3379],[-94.9074,34.3345],[-94.9074,34.3382],[-94.903,34.3379]],[[-94.8876,34.3588],[-94.8889,34.3584],[-94.8889,34.3588],[-94.8876,34.3588]],[[-94.8882,34.3594],[-94.89,34.361],[-94.8881,34.361],[-94.8882,34.3594]],[[-94.8986,34.3673],[-94.903,34.3746],[-94.8986,34.3746],[-94.8986,34.3673]],[[-95.0772,34.3723],[-95.0795,34.3722],[-95.0796,34.3741],[-95.0772,34.3723]],[[-95.0168,34.3849],[-95.0185,34.384],[-95.0189,34.3852],[-95.0168,34.3849]],[[-95.0192,34.3844],[-95.0199,34.3844],[-95.0199,34.3851],[-95.0192,34.3844]],[[-95.02,34.3853],[-95.0206,34.3858],[-95.02,34.3858],[-95.02,34.3853]],[[-95.0161,34.3866],[-95.0212,34.3865],[-95.0198,34.3908],[-95.0161,34.3866]],[[-95.0138,34.3898],[-95.013,34.3892],[-95.0138,34.3891],[-95.0138,34.3898]],[[-95.0904,34.3775],[-95.0949,34.3767],[-95.0949,34.3813],[-95.0904,34.3775]],[[-95.0817,34.413],[-95.0817,34.403],[-95.0992,34.403],[-95.0817,34.413]],[[-94.8638,34.418],[-94.8461,34.4109],[-94.8636,34.4109],[-94.8638,34.418]],[[-94.8681,34.4108],[-94.8637,34.4036],[-94.8725,34.4035],[-94.8681,34.4108]],[[-94.8637,34.4322],[-94.8725,34.4253],[-94.8725,34.4326],[-94.8637,34.4322]],[[-95.0511,34.4334],[-95.0555,34.432],[-95.0555,34.4357],[-95.0511,34.4334]],[[-95.0773,34.4391],[-95.073,34.4428],[-95.073,34.4392],[-95.0773,34.4391]],[[-95.0643,34.4408],[-95.0643,34.4466],[-95.0511,34.4464],[-95.0643,34.4408]],[[-94.8462,34.4486],[-94.8374,34.4544],[-94.8374,34.4472],[-94.8462,34.4486]],[[-94.9681,34.4539],[-94.9594,34.4611],[-94.9594,34.4503],[-94.9681,34.4539]],[[-95.0639,34.4538],[-95.0599,34.4501],[-95.0642,34.4502],[-95.0639,34.4538]],[[-94.9942,34.4821],[-95.0116,34.4753],[-95.0117,34.4824],[-94.9942,34.4821]],[[-94.966,34.4899],[-94.9663,34.4892],[-94.9665,34.4899],[-94.966,34.4899]],[[-95.0377,34.3319],[-95.0368,34.3316],[-95.0374,34.3314],[-95.0377,34.3319]],[[-95.0948,34.3163],[-95.0925,34.3144],[-95.0947,34.3144],[-95.0948,34.3163]],[[-95.0029,34.3037],[-94.9942,34.3089],[-94.9942,34.3016],[-95.0029,34.3037]]],[[[-94.5524,34.0228],[-94.5479,34.03],[-94.5653,34.0191],[-94.5524,34.0228]]],[[[-94.5478,34.0535],[-94.5631,34.0503],[-94.5784,34.047],[-94.5653,34.03],[-94.5566,34.0418],[-94.5478,34.0535]]],[[[-94.4923,34.054],[-94.5074,34.0453],[-94.5224,34.0366],[-94.5375,34.0279],[-94.5526,34.0191],[-94.5566,34.0046],[-94.548,33.9946],[-94.5393,33.9846],[-94.5307,33.9747],[-94.522,33.9647],[-94.5016,33.9611],[-94.4812,33.9576],[-94.479,34.0265],[-94.4857,34.0403],[-94.4923,34.054]],[[-94.5219,34.0263],[-94.509,34.0192],[-94.522,34.0191],[-94.5219,34.0263]],[[-94.5501,34.0156],[-94.5479,34.0156],[-94.5479,34.0119],[-94.5501,34.0156]],[[-94.4958,34.012],[-94.4915,33.9975],[-94.4959,33.9975],[-94.4958,34.012]],[[-94.548,34.0045],[-94.5502,33.9991],[-94.5501,34.0045],[-94.548,34.0045]],[[-94.5479,34.0082],[-94.5435,34.0119],[-94.5435,34.0082],[-94.5479,34.0082]],[[-94.4871,33.9932],[-94.4829,33.9938],[-94.4826,33.9902],[-94.4871,33.9932]],[[-94.487,33.9829],[-94.4935,33.9847],[-94.4914,33.9902],[-94.487,33.9829]],[[-94.4959,33.9756],[-94.4872,33.9757],[-94.4871,33.972],[-94.4959,33.9756]],[[-94.5024,33.9711],[-94.5002,33.9701],[-94.5024,33.9701],[-94.5024,33.9711]],[[-94.5133,33.9683],[-94.509,33.9647],[-94.5133,33.9646],[-94.5133,33.9683]]],[[[-94.6629,34.4762],[-94.6804,34.4679],[-94.6621,34.4526],[-94.6629,34.4762]],[[-94.6717,34.468],[-94.6672,34.469],[-94.6672,34.4654],[-94.6717,34.468]]],[[[-94.6805,34.5073],[-94.6979,34.5036],[-94.6816,34.4972],[-94.6653,34.4907],[-94.6805,34.5073]]],[[[-94.8637,34.3746],[-94.8657,34.3782],[-94.8658,34.3746],[-94.8637,34.3746]]],[[[-94.8881,34.3787],[-94.8768,34.3747],[-94.8746,34.3819],[-94.8881,34.3787]]],[[[-94.8681,34.3783],[-94.8638,34.3837],[-94.8725,34.3855],[-94.8681,34.3783]]],[[[-94.9206,34.389],[-94.9242,34.3884],[-94.9334,34.3822],[-94.9207,34.3817],[-94.9206,34.389]],[[-94.9244,34.3841],[-94.9256,34.3865],[-94.9232,34.3856],[-94.9244,34.3841]]],[[[-94.9676,34.3977],[-94.9593,34.4032],[-94.9681,34.4032],[-94.9676,34.3977]]],[[[-94.9419,34.405],[-94.9505,34.3888],[-94.9418,34.3888],[-94.9419,34.405]]]]},"properties":{"OBJECTID":31,"state":"Oklahoma","agency":"Oklahoma Department of Wildlife Conservation","unit_type":"WMA","unit_id":" ","unit_name":"Three Rivers Wildlife Management Area","unit_label":"Oklahoma - Three Rivers Wildlife Management Area","aliases":"2026 | management area | oklahoma | oklahoma department of wildlife conservation | oklahoma three rivers wildlife management area | three rivers wildlife management area | wildlife area | wildlife management area | wma","year":"2026","Shape_Length":387313.1022517972,"Shape_Area":772742939.3965931}},{"type":"Feature","id":32,"geometry":{"type":"Polygon","coordinates":[[[-99.3308,36.845],[-99.3398,36.8215],[-99.3489,36.7979],[-99.3285,36.8052],[-99.308,36.8125],[-99.3194,36.8288],[-99.3308,36.845]],[[-99.331,36.8161],[-99.3267,36.8198],[-99.3265,36.8161],[-99.331,36.8161]]]},"properties":{"OBJECTID":32,"state":"Oklahoma","agency":"Oklahoma Department of Wildlife Conservation","unit_type":"WMA","unit_id":" ","unit_name":"Cimarron Bluff Wildlife Management Area","unit_label":"Oklahoma - Cimarron Bluff Wildlife Management Area","aliases":"2026 | cimarron bluff wildlife management area | management area | oklahoma | oklahoma cimarron bluff wildlife management area | oklahoma department of wildlife conservation | wildlife area | wildlife management area | wma","year":"2026","Shape_Length":15016.909924307449,"Shape_Area":8145766.335595229}},{"type":"Feature","id":33,"geometry":{"type":"MultiPolygon","coordinates":[[[[-94.5282,35.7253],[-94.5438,35.7253],[-94.5594,35.7253],[-94.5505,35.7127],[-94.5416,35.7],[-94.5349,35.7126],[-94.5282,35.7253]]],[[[-94.4893,35.7361],[-94.5105,35.7289],[-94.4971,35.7109],[-94.4893,35.7361]]],[[[-94.5149,35.7452],[-94.5238,35.7398],[-94.5149,35.7398],[-94.5149,35.7452]]]]},"properties":{"OBJECTID":33,"state":"Oklahoma","agency":"Oklahoma Department of Wildlife Conservation","unit_type":"WMA","unit_id":" ","unit_name":"Ozark Plateau Wildlife Management Area","unit_label":"Oklahoma - Ozark Plateau Wildlife Management Area","aliases":"2026 | management area | oklahoma | oklahoma department of wildlife conservation | oklahoma ozark plateau wildlife management area | ozark plateau wildlife management area | wildlife area | wildlife management area | wma","year":"2026","Shape_Length":18853.969942028172,"Shape_Area":6606125.904777552}},{"type":"Feature","id":34,"geometry":{"type":"Polygon","coordinates":[[[-101.1665,36.5511],[-101.1698,36.5367],[-101.1588,36.5438],[-101.1665,36.5511]]]},"properties":{"OBJECTID":34,"state":"Oklahoma","agency":"Oklahoma Department of Wildlife Conservation","unit_type":"WMA","unit_id":" ","unit_name":"Schultz Wildlife Management Area","unit_label":"Oklahoma - Schultz Wildlife Management Area","aliases":"2026 | management area | oklahoma | oklahoma department of wildlife conservation | oklahoma schultz wildlife management area | schultz wildlife management area | wildlife area | wildlife management area | wma","year":"2026","Shape_Length":3977.6522912853848,"Shape_Area":675044.5856461833}},{"type":"Feature","id":35,"geometry":{"type":"MultiPolygon","coordinates":[[[[-99.9156,35.7191],[-99.8981,35.7048],[-99.8807,35.6905],[-99.8673,35.6957],[-99.854,35.7009],[-99.8406,35.7061],[-99.8273,35.7113],[-99.8192,35.7044],[-99.8232,35.7148],[-99.8463,35.7158],[-99.8694,35.7169],[-99.8925,35.718],[-99.9156,35.7191]]],[[[-99.855,35.6179],[-99.8417,35.6035],[-99.8284,35.589],[-99.8241,35.6245],[-99.8395,35.6212],[-99.855,35.6179]]],[[[-99.8538,35.7755],[-99.8341,35.765],[-99.8144,35.7545],[-99.8095,35.7977],[-99.8317,35.7866],[-99.8538,35.7755]]],[[[-99.8287,35.5709],[-99.8197,35.5791],[-99.8106,35.5873],[-99.8016,35.5955],[-99.7926,35.6037],[-99.8018,35.6141],[-99.811,35.6244],[-99.8198,35.5976],[-99.8287,35.5709]]],[[[-99.6691,35.5954],[-99.652,35.5853],[-99.6425,35.61],[-99.6558,35.6027],[-99.6691,35.5954]]],[[[-99.8906,35.6245],[-99.8641,35.6245],[-99.8642,35.6469],[-99.8774,35.6357],[-99.8906,35.6245]]],[[[-99.7212,35.7544],[-99.7299,35.7329],[-99.7121,35.7293],[-99.7212,35.7544]]],[[[-99.8727,35.6537],[-99.8458,35.6535],[-99.8524,35.6643],[-99.8591,35.6751],[-99.8659,35.6644],[-99.8727,35.6537]]],[[[-99.8548,35.6825],[-99.8278,35.6824],[-99.8277,35.7043],[-99.8413,35.6934],[-99.8548,35.6825]]],[[[-99.7944,35.5665],[-99.7807,35.5707],[-99.767,35.5748],[-99.7939,35.5812],[-99.7944,35.5665]]],[[[-99.9525,35.7336],[-99.9675,35.7487],[-99.953,35.7306],[-99.9436,35.7261],[-99.9525,35.7336]]],[[[-99.9612,35.6682],[-99.9436,35.6682],[-99.9432,35.6902],[-99.9522,35.6792],[-99.9612,35.6682]]],[[[-99.8007,35.7764],[-99.7829,35.7618],[-99.7832,35.7834],[-99.8007,35.7764]]],[[[-99.9308,35.7486],[-99.9079,35.7408],[-99.9082,35.7551],[-99.9308,35.7486]]],[[[-99.6768,35.7365],[-99.6645,35.7219],[-99.6593,35.7365],[-99.6768,35.7365]]],[[[-99.6056,35.7941],[-99.5883,35.7798],[-99.5784,35.7982],[-99.6056,35.7941]]],[[[-99.9355,35.7553],[-99.9256,35.7775],[-99.9357,35.7776],[-99.9355,35.7553]]],[[[-99.5846,35.7404],[-99.5673,35.7302],[-99.5752,35.7475],[-99.5846,35.7404]]],[[[-99.7478,35.7147],[-99.7298,35.7145],[-99.7299,35.7254],[-99.7478,35.7147]]],[[[-99.9615,35.784],[-99.9481,35.7913],[-99.9348,35.7987],[-99.9529,35.7985],[-99.9615,35.784]]],[[[-99.6069,35.5994],[-99.5894,35.5992],[-99.5892,35.61],[-99.6069,35.5994]]],[[[-99.6947,35.6859],[-99.6881,35.6984],[-99.6815,35.711],[-99.6947,35.711],[-99.6947,35.6859]]],[[[-99.9874,35.6971],[-99.9692,35.6972],[-99.9788,35.7116],[-99.9874,35.6971]]],[[[-99.8731,35.5749],[-99.8553,35.5698],[-99.8553,35.5811],[-99.8731,35.5749]]],[[[-99.5974,35.7691],[-99.5756,35.7763],[-99.5974,35.7764],[-99.5974,35.7691]]],[[[-99.7926,35.7439],[-99.7835,35.7368],[-99.7829,35.7543],[-99.7926,35.7439]]],[[[-99.9084,35.6393],[-99.8909,35.6392],[-99.8909,35.6472],[-99.9084,35.6393]]],[[[-99.9437,35.7491],[-99.9394,35.7629],[-99.952,35.7629],[-99.9437,35.7491]]],[[[-99.8284,35.6501],[-99.8196,35.6429],[-99.8058,35.6611],[-99.8284,35.6501]]],[[[-99.6237,35.8051],[-99.606,35.8049],[-99.6059,35.8123],[-99.6237,35.8051]]],[[[-99.5885,35.6892],[-99.5797,35.7041],[-99.5885,35.7041],[-99.5885,35.6892]]],[[[-99.9168,35.6683],[-99.9082,35.6681],[-99.9079,35.6826],[-99.9168,35.6683]]],[[[-99.7036,35.7399],[-99.6946,35.7398],[-99.6989,35.7543],[-99.7036,35.7399]]],[[[-99.8556,35.5602],[-99.8375,35.5603],[-99.8377,35.5667],[-99.8556,35.5602]]],[[[-99.9613,35.7591],[-99.9529,35.7778],[-99.9616,35.7777],[-99.9613,35.7591]]],[[[-99.9873,35.6622],[-99.97,35.6623],[-99.9699,35.6683],[-99.9873,35.6622]]],[[[-99.7753,35.7402],[-99.7653,35.7401],[-99.7654,35.7481],[-99.7753,35.7402]]],[[[-99.8009,35.7544],[-99.8064,35.7623],[-99.8065,35.7514],[-99.8009,35.7544]]],[[[-99.9081,35.7741],[-99.8988,35.7839],[-99.9077,35.7842],[-99.9081,35.7741]]],[[[-99.6468,35.751],[-99.6377,35.7545],[-99.6376,35.7626],[-99.6468,35.751]]],[[[-99.9434,35.7192],[-99.9431,35.7116],[-99.934,35.7191],[-99.9434,35.7192]]],[[[-99.908,35.737],[-99.89,35.7407],[-99.908,35.7408],[-99.908,35.737]]],[[[-99.7123,35.7076],[-99.7035,35.7184],[-99.7122,35.7186],[-99.7123,35.7076]]],[[[-99.9077,35.6939],[-99.8941,35.701],[-99.9034,35.701],[-99.9077,35.6939]]],[[[-99.5887,35.6712],[-99.5845,35.6714],[-99.5844,35.6859],[-99.5887,35.6712]]],[[[-99.8459,35.6464],[-99.8372,35.6466],[-99.8456,35.6535],[-99.8459,35.6464]]],[[[-99.8456,35.6751],[-99.8271,35.678],[-99.8453,35.6782],[-99.8456,35.6751]]],[[[-99.8896,35.7786],[-99.8809,35.7765],[-99.8807,35.7838],[-99.8896,35.7786]]],[[[-99.9873,35.6477],[-99.9789,35.6475],[-99.9789,35.6536],[-99.9873,35.6477]]],[[[-99.9518,35.6476],[-99.9437,35.6535],[-99.9517,35.6536],[-99.9518,35.6476]]],[[[-99.9966,35.6843],[-99.9897,35.6843],[-99.9896,35.6904],[-99.9966,35.6843]]],[[[-99.6588,35.7621],[-99.6512,35.7585],[-99.6549,35.769],[-99.6588,35.7621]]],[[[-99.6153,35.7908],[-99.6082,35.7909],[-99.6105,35.7979],[-99.6153,35.7908]]],[[[-99.575,35.751],[-99.567,35.7511],[-99.5668,35.755],[-99.575,35.751]]],[[[-99.8457,35.7952],[-99.8382,35.7952],[-99.8382,35.7981],[-99.8457,35.7952]]],[[[-99.589,35.6285],[-99.5842,35.6276],[-99.5843,35.6319],[-99.589,35.6285]]],[[[-99.913,35.7632],[-99.9081,35.7665],[-99.9129,35.7666],[-99.913,35.7632]]],[[[-99.5448,35.679],[-99.5399,35.679],[-99.54,35.6819],[-99.5448,35.679]]],[[[-99.705,35.5925],[-99.7005,35.5924],[-99.7005,35.5964],[-99.705,35.5925]]]]},"properties":{"OBJECTID":35,"state":"Oklahoma","agency":"Oklahoma Department of Wildlife Conservation","unit_type":"WMA","unit_id":" ","unit_name":"Black Kettle Wildlife Management Area","unit_label":"Oklahoma - Black Kettle Wildlife Management Area","aliases":"2026 | black kettle wildlife management area | management area | oklahoma | oklahoma black kettle wildlife management area | oklahoma department of wildlife conservation | wildlife area | wildlife management area | wma","year":"2026","Shape_Length":301570.80941723665,"Shape_Area":84185928.76378189}},{"type":"Feature","id":36,"geometry":{"type":"MultiPolygon","coordinates":[[[[-95.3807,35.988],[-95.3748,35.9762],[-95.369,35.9644],[-95.3632,35.9525],[-95.3573,35.9407],[-95.3515,35.9289],[-95.3457,35.917],[-95.3399,35.9052],[-95.334,35.8934],[-95.3167,35.8905],[-95.2994,35.8876],[-95.3005,35.8931],[-95.3129,35.9143],[-95.3254,35.9354],[-95.3378,35.9566],[-95.3503,35.9778],[-95.3325,35.9905],[-95.3147,36.0033],[-95.3282,36.0226],[-95.3416,36.042],[-95.3551,36.0614],[-95.3686,36.0808],[-95.391,36.0708],[-95.4134,36.0608],[-95.4048,36.0474],[-95.3963,36.034],[-95.3877,36.0206],[-95.3792,36.0072],[-95.3807,35.988]],[[-95.3201,36.0032],[-95.3188,36.0027],[-95.3192,36.0018],[-95.3201,36.0032]],[[-95.3775,36.0006],[-95.3686,35.9999],[-95.3686,35.9972],[-95.3775,36.0006]],[[-95.3029,35.8914],[-95.3006,35.893],[-95.3006,35.8902],[-95.3029,35.8914]]],[[[-95.1832,35.9224],[-95.1765,35.9369],[-95.2029,35.9351],[-95.2294,35.9333],[-95.2063,35.9278],[-95.1832,35.9224]]],[[[-95.3804,36.0046],[-95.382,36.0072],[-95.3809,36.0027],[-95.3804,36.0046]]],[[[-95.2431,36.0314],[-95.2475,35.9879],[-95.2353,35.9946],[-95.2232,36.0014],[-95.211,36.0082],[-95.1989,36.015],[-95.221,36.0232],[-95.2431,36.0314]]]]},"properties":{"OBJECTID":36,"state":"Oklahoma","agency":"Oklahoma Department of Wildlife Conservation","unit_type":"WMA","unit_id":" ","unit_name":"Fort Gibson Wildlife Management Area","unit_label":"Oklahoma - Fort Gibson Wildlife Management Area","aliases":"2026 | fort gibson wildlife management area | management area | oklahoma | oklahoma department of wildlife conservation | oklahoma fort gibson wildlife management area | wildlife area | wildlife management area | wma","year":"2026","Shape_Length":82934.70655233873,"Shape_Area":91870930.29665287}},{"type":"Feature","id":37,"geometry":{"type":"MultiPolygon","coordinates":[[[[-98.6856,36.1234],[-98.6622,36.1234],[-98.6388,36.1234],[-98.6155,36.1234],[-98.5921,36.1235],[-98.5765,36.107],[-98.5609,36.0905],[-98.571,36.1077],[-98.5811,36.1249],[-98.5911,36.1421],[-98.6012,36.1592],[-98.6245,36.1592],[-98.6477,36.1592],[-98.6709,36.1592],[-98.6941,36.1592],[-98.7174,36.1591],[-98.7406,36.1591],[-98.7638,36.1591],[-98.787,36.159],[-98.7617,36.1501],[-98.7363,36.1412],[-98.7109,36.1323],[-98.6856,36.1234]]],[[[-98.6277,36.1014],[-98.6365,36.1015],[-98.6365,36.0942],[-98.6277,36.1014]]]]},"properties":{"OBJECTID":37,"state":"Oklahoma","agency":"Oklahoma Department of Wildlife Conservation","unit_type":"WMA","unit_id":" ","unit_name":"Canton Wildlife Management Area","unit_label":"Oklahoma - Canton Wildlife Management Area","aliases":"2026 | canton wildlife management area | management area | oklahoma | oklahoma canton wildlife management area | oklahoma department of wildlife conservation | wildlife area | wildlife management area | wma","year":"2026","Shape_Length":50642.9331598759,"Shape_Area":54316377.61438475}},{"type":"Feature","id":38,"geometry":{"type":"MultiPolygon","coordinates":[[[[-94.6423,33.7579],[-94.6558,33.7488],[-94.6694,33.7396],[-94.683,33.7305],[-94.6965,33.7214],[-94.6786,33.7242],[-94.6607,33.7269],[-94.6428,33.7297],[-94.6249,33.7324],[-94.6336,33.7434],[-94.625,33.7435],[-94.6337,33.7579],[-94.6422,33.7486],[-94.6422,33.7501],[-94.6423,33.7519],[-94.6423,33.7538],[-94.6423,33.7542],[-94.6423,33.7579]]],[[[-94.6074,33.714],[-94.625,33.7216],[-94.6249,33.7139],[-94.6074,33.714]]],[[[-94.6074,33.714],[-94.6074,33.7102],[-94.6052,33.7103],[-94.6074,33.714]]]]},"properties":{"OBJECTID":38,"state":"Oklahoma","agency":"Oklahoma Department of Wildlife Conservation","unit_type":"WMA","unit_id":" ","unit_name":"Red Slough Wildlife Management Area","unit_label":"Oklahoma - Red Slough Wildlife Management Area","aliases":"2026 | management area | oklahoma | oklahoma department of wildlife conservation | oklahoma red slough wildlife management area | red slough wildlife management area | wildlife area | wildlife management area | wma","year":"2026","Shape_Length":24896.892045907294,"Shape_Area":11790110.625587793}},{"type":"Feature","id":39,"geometry":{"type":"Polygon","coordinates":[[[-99.038,35.3167],[-99.0292,35.3059],[-99.0292,35.3167],[-99.038,35.3167]]]},"properties":{"OBJECTID":39,"state":"Oklahoma","agency":"Oklahoma Department of Wildlife Conservation","unit_type":"WMA","unit_id":" ","unit_name":"Washita County Wildlife Management Area","unit_label":"Oklahoma - Washita County Wildlife Management Area","aliases":"2026 | management area | oklahoma | oklahoma department of wildlife conservation | oklahoma washita county wildlife management area | washita county wildlife management area | wildlife area | wildlife management area | wma","year":"2026","Shape_Length":3448.530801363657,"Shape_Area":480066.55705868994}},{"type":"Feature","id":40,"geometry":{"type":"Polygon","coordinates":[[[-98.5063,35.2014],[-98.4959,35.2093],[-98.4856,35.2172],[-98.4753,35.2252],[-98.4649,35.2331],[-98.4815,35.2385],[-98.498,35.2439],[-98.5145,35.2493],[-98.5311,35.2547],[-98.5249,35.2414],[-98.5187,35.228],[-98.5125,35.2147],[-98.5063,35.2014]]]},"properties":{"OBJECTID":40,"state":"Oklahoma","agency":"Oklahoma Department of Wildlife Conservation","unit_type":"WMA","unit_id":" ","unit_name":"Fort Cobb Wildlife Management Area","unit_label":"Oklahoma - Fort Cobb Wildlife Management Area","aliases":"2026 | fort cobb wildlife management area | management area | oklahoma | oklahoma department of wildlife conservation | oklahoma fort cobb wildlife management area | wildlife area | wildlife management area | wma","year":"2026","Shape_Length":17960.48079318468,"Shape_Area":15097780.858257463}},{"type":"Feature","id":41,"geometry":{"type":"Polygon","coordinates":[[[-96.7033,34.2167],[-96.7013,34.2208],[-96.7015,34.2205],[-96.7033,34.2167]]]},"properties":{"OBJECTID":41,"state":"Oklahoma","agency":"Oklahoma Department of Wildlife Conservation","unit_type":"WMA","unit_id":" ","unit_name":"Tishomingo Wildlife Management Unit","unit_label":"Oklahoma - Tishomingo Wildlife Management Unit","aliases":"2026 | management area | oklahoma | oklahoma department of wildlife conservation | oklahoma tishomingo wildlife management unit | tishomingo wildlife management unit | wildlife area | wildlife management area | wma","year":"2026","Shape_Length":1001.1586640101958,"Shape_Area":2252.397116031141}},{"type":"Feature","id":42,"geometry":{"type":"Polygon","coordinates":[[[-100.5398,36.8562],[-100.5646,36.858],[-100.5894,36.8598],[-100.6141,36.8616],[-100.6389,36.8634],[-100.6575,36.8593],[-100.6762,36.8552],[-100.6948,36.851],[-100.7134,36.8469],[-100.732,36.8428],[-100.7507,36.8387],[-100.7693,36.8345],[-100.7879,36.8304],[-100.7993,36.8177],[-100.8107,36.8051],[-100.7926,36.8033],[-100.7746,36.8015],[-100.7565,36.7997],[-100.7385,36.7979],[-100.7139,36.8033],[-100.6892,36.8087],[-100.6646,36.8141],[-100.6399,36.8195],[-100.6176,36.8159],[-100.5954,36.8122],[-100.5731,36.8085],[-100.5508,36.8049],[-100.5453,36.8305],[-100.5398,36.8562]]]},"properties":{"OBJECTID":42,"state":"Oklahoma","agency":"Oklahoma Department of Wildlife Conservation","unit_type":"WMA","unit_id":" ","unit_name":"Beaver River Wildlife Management Area","unit_label":"Oklahoma - Beaver River Wildlife Management Area","aliases":"2026 | beaver river wildlife management area | management area | oklahoma | oklahoma beaver river wildlife management area | oklahoma department of wildlife conservation | wildlife area | wildlife management area | wma","year":"2026","Shape_Length":55288.31940134614,"Shape_Area":108191197.23773777}},{"type":"Feature","id":43,"geometry":{"type":"Polygon","coordinates":[[[-96.5251,34.4196],[-96.5195,34.4524],[-96.5138,34.4851],[-96.54,34.4778],[-96.5326,34.4487],[-96.5251,34.4196]],[[-96.5259,34.4614],[-96.5247,34.4595],[-96.5268,34.4595],[-96.5259,34.4614]]]},"properties":{"OBJECTID":43,"state":"Oklahoma","agency":"Oklahoma Department of Wildlife Conservation","unit_type":"WMA","unit_id":" ","unit_name":"Arbuckle Springs Wildlife Management Area","unit_label":"Oklahoma - Arbuckle Springs Wildlife Management Area","aliases":"2026 | arbuckle springs wildlife management area | management area | oklahoma | oklahoma arbuckle springs wildlife management area | oklahoma department of wildlife conservation | wildlife area | wildlife management area | wma","year":"2026","Shape_Length":17210.68641365619,"Shape_Area":8299620.074239497}},{"type":"Feature","id":44,"geometry":{"type":"Polygon","coordinates":[[[-99.0265,36.0146],[-99.0246,36.0001],[-99.0198,36.0144],[-99.0265,36.0146]]]},"properties":{"OBJECTID":44,"state":"Oklahoma","agency":"Oklahoma Department of Wildlife Conservation","unit_type":"WMA","unit_id":" ","unit_name":"Dewey County Wildlife Management Area","unit_label":"Oklahoma - Dewey County Wildlife Management Area","aliases":"2026 | dewey county wildlife management area | management area | oklahoma | oklahoma department of wildlife conservation | oklahoma dewey county wildlife management area | wildlife area | wildlife management area | wma","year":"2026","Shape_Length":3896.1043428105104,"Shape_Area":487057.72896440275}},{"type":"Feature","id":45,"geometry":{"type":"Polygon","coordinates":[[[-98.9061,34.2615],[-98.9063,34.2978],[-98.9214,34.3015],[-98.9365,34.3051],[-98.9517,34.3088],[-98.9668,34.3124],[-98.9583,34.2816],[-98.9497,34.2508],[-98.9279,34.2562],[-98.9061,34.2615]]]},"properties":{"OBJECTID":45,"state":"Oklahoma","agency":"Oklahoma Department of Wildlife Conservation","unit_type":"WMA","unit_id":" ","unit_name":"Hackberry Flat Wildlife Management Area","unit_label":"Oklahoma - Hackberry Flat Wildlife Management Area","aliases":"2026 | hackberry flat wildlife management area | management area | oklahoma | oklahoma department of wildlife conservation | oklahoma hackberry flat wildlife management area | wildlife area | wildlife management area | wma","year":"2026","Shape_Length":21049.735973524337,"Shape_Area":25878772.618645877}},{"type":"Feature","id":46,"geometry":{"type":"Polygon","coordinates":[[[-95.5559,34.6916],[-95.5538,34.688],[-95.5516,34.6916],[-95.5463,34.6934],[-95.5463,34.6916],[-95.5516,34.6916],[-95.5538,34.688],[-95.5386,34.6872],[-95.5234,34.6864],[-95.5234,34.7097],[-95.5452,34.7006],[-95.5559,34.6916]],[[-95.5431,34.7006],[-95.5387,34.7007],[-95.5387,34.6989],[-95.5431,34.7006]]]},"properties":{"OBJECTID":46,"state":"Oklahoma","agency":"Oklahoma Department of Wildlife Conservation","unit_type":"WMA","unit_id":" ","unit_name":"Gary Sherrer Wildlife Management Area","unit_label":"Oklahoma - Gary Sherrer Wildlife Management Area","aliases":"2026 | gary sherrer wildlife management area | management area | oklahoma | oklahoma department of wildlife conservation | oklahoma gary sherrer wildlife management area | wildlife area | wildlife management area | wma","year":"2026","Shape_Length":12598.067247237312,"Shape_Area":4805630.792519511}},{"type":"Feature","id":47,"geometry":{"type":"Polygon","coordinates":[[[-95.2519,34.7961],[-95.263,34.8035],[-95.274,34.8108],[-95.285,34.8181],[-95.296,34.8254],[-95.2871,34.7964],[-95.2695,34.7962],[-95.2519,34.7961]]]},"properties":{"OBJECTID":47,"state":"Oklahoma","agency":"Oklahoma Department of Wildlife Conservation","unit_type":"WMA","unit_id":" ","unit_name":"Yourman Wildlife Management Area","unit_label":"Oklahoma - Yourman Wildlife Management Area","aliases":"2026 | management area | oklahoma | oklahoma department of wildlife conservation | oklahoma yourman wildlife management area | wildlife area | wildlife management area | wma | yourman wildlife management area","year":"2026","Shape_Length":11721.616000465767,"Shape_Area":5188857.029016533}},{"type":"Feature","id":48,"geometry":{"type":"Polygon","coordinates":[[[-95.462,34.5107],[-95.4498,34.5019],[-95.4375,34.4932],[-95.4252,34.4845],[-95.4129,34.4758],[-95.3956,34.4758],[-95.3783,34.4758],[-95.361,34.4758],[-95.3437,34.4758],[-95.3397,34.5361],[-95.3233,34.5418],[-95.307,34.5476],[-95.322,34.5479],[-95.337,34.5483],[-95.352,34.5487],[-95.3671,34.549],[-95.3821,34.5494],[-95.3971,34.5497],[-95.4121,34.5501],[-95.4271,34.5505],[-95.4359,34.5405],[-95.4446,34.5306],[-95.4533,34.5206],[-95.462,34.5107]]]},"properties":{"OBJECTID":48,"state":"Oklahoma","agency":"Oklahoma Department of Wildlife Conservation","unit_type":"WMA","unit_id":" ","unit_name":"Pushmataha Wildlife Management Area","unit_label":"Oklahoma - Pushmataha Wildlife Management Area","aliases":"2026 | management area | oklahoma | oklahoma department of wildlife conservation | oklahoma pushmataha wildlife management area | pushmataha wildlife management area | wildlife area | wildlife management area | wma","year":"2026","Shape_Length":38647.48092237139,"Shape_Area":77151324.32719898}},{"type":"Feature","id":49,"geometry":{"type":"Polygon","coordinates":[[[-95.0391,33.9193],[-95.0217,33.9102],[-95.0217,33.9211],[-95.0391,33.9193]]]},"properties":{"OBJECTID":49,"state":"Oklahoma","agency":"Oklahoma Department of Wildlife Conservation","unit_type":"WMA","unit_id":" ","unit_name":"Whitegrass Flats Wildlife Management Area","unit_label":"Oklahoma - Whitegrass Flats Wildlife Management Area","aliases":"2026 | management area | oklahoma | oklahoma department of wildlife conservation | oklahoma whitegrass flats wildlife management area | whitegrass flats wildlife management area | wildlife area | wildlife management area | wma","year":"2026","Shape_Length":4715.350115387827,"Shape_Area":969691.5434333195}},{"type":"Feature","id":50,"geometry":{"type":"Polygon","coordinates":[[[-96.9923,33.9982],[-97.0117,34.005],[-97.031,34.0118],[-97.0504,34.0186],[-97.0697,34.0254],[-97.0697,33.9747],[-97.0523,33.9743],[-97.0349,33.9739],[-97.0174,33.9734],[-97.0,33.973],[-96.9948,33.9731],[-96.9923,33.9982]]]},"properties":{"OBJECTID":50,"state":"Oklahoma","agency":"Oklahoma Department of Wildlife Conservation","unit_type":"WMA","unit_id":" ","unit_name":"Hickory Creek Wildlife Management Area","unit_label":"Oklahoma - Hickory Creek Wildlife Management Area","aliases":"2026 | hickory creek wildlife management area | management area | oklahoma | oklahoma department of wildlife conservation | oklahoma hickory creek wildlife management area | wildlife area | wildlife management area | wma","year":"2026","Shape_Length":23066.358140926433,"Shape_Area":29817089.986906484}},{"type":"Feature","id":51,"geometry":{"type":"Polygon","coordinates":[[[-95.5478,34.1422],[-95.5305,34.1316],[-95.5304,34.1422],[-95.5478,34.1422]]]},"properties":{"OBJECTID":51,"state":"Oklahoma","agency":"Oklahoma Department of Wildlife Conservation","unit_type":"WMA","unit_id":" ","unit_name":"Hugo Wildlife Management Area - Hamden","unit_label":"Oklahoma - Hugo Wildlife Management Area - Hamden","aliases":"2026 | hugo wildlife management area hamden | management area | oklahoma | oklahoma department of wildlife conservation | oklahoma hugo wildlife management area hamden | wildlife area | wildlife management area | wma","year":"2026","Shape_Length":4777.749920368678,"Shape_Area":952540.863661925}},{"type":"Feature","id":52,"geometry":{"type":"MultiPolygon","coordinates":[[[[-95.7797,35.5218],[-95.7939,35.5123],[-95.8081,35.5028],[-95.8223,35.4933],[-95.8365,35.4838],[-95.8506,35.4742],[-95.8648,35.4647],[-95.879,35.4552],[-95.8931,35.4457],[-95.8768,35.4486],[-95.8606,35.4516],[-95.8443,35.4545],[-95.828,35.4575],[-95.8117,35.4604],[-95.7954,35.4634],[-95.7791,35.4663],[-95.7628,35.4693],[-95.7486,35.4654],[-95.7343,35.4616],[-95.7201,35.4578],[-95.7058,35.454],[-95.693,35.4677],[-95.6802,35.4814],[-95.6926,35.4865],[-95.7051,35.4916],[-95.7175,35.4966],[-95.7299,35.5017],[-95.7424,35.5067],[-95.7548,35.5117],[-95.7673,35.5168],[-95.7797,35.5218]]],[[[-95.6788,35.229],[-95.6952,35.2181],[-95.7107,35.209],[-95.7124,35.2085],[-95.7165,35.206],[-95.7395,35.1991],[-95.7556,35.197],[-95.7716,35.1948],[-95.7982,35.1962],[-95.8248,35.1975],[-95.8138,35.1897],[-95.8028,35.1818],[-95.7917,35.1739],[-95.7807,35.166],[-95.7613,35.1723],[-95.7418,35.1785],[-95.7224,35.1847],[-95.7029,35.1909],[-95.6834,35.1971],[-95.664,35.2033],[-95.6445,35.2094],[-95.6251,35.2156],[-95.6519,35.2223],[-95.6788,35.229]]],[[[-95.6909,35.4368],[-95.708,35.4238],[-95.7252,35.4108],[-95.7484,35.4084],[-95.7716,35.406],[-95.7948,35.4036],[-95.818,35.4011],[-95.7994,35.3964],[-95.7807,35.3917],[-95.7621,35.387],[-95.7434,35.3822],[-95.7333,35.3906],[-95.7232,35.3991],[-95.7131,35.4075],[-95.703,35.4159],[-95.6831,35.4027],[-95.6632,35.3896],[-95.6433,35.3764],[-95.6234,35.3633],[-95.6296,35.3919],[-95.6358,35.4205],[-95.6496,35.4245],[-95.6633,35.4286],[-95.6771,35.4327],[-95.6909,35.4368]]],[[[-95.4398,35.3896],[-95.4487,35.3784],[-95.4575,35.3673],[-95.4407,35.367],[-95.4239,35.3667],[-95.4071,35.3664],[-95.3902,35.3661],[-95.4026,35.372],[-95.415,35.3779],[-95.4274,35.3837],[-95.4398,35.3896]]]]},"properties":{"OBJECTID":52,"state":"Oklahoma","agency":"Oklahoma Department of Wildlife Conservation","unit_type":"WMA","unit_id":" ","unit_name":"Eufaula Wildlife Management Area","unit_label":"Oklahoma - Eufaula Wildlife Management Area","aliases":"2026 | eufaula wildlife management area | management area | oklahoma | oklahoma department of wildlife conservation | oklahoma eufaula wildlife management area | wildlife area | wildlife management area | wma","year":"2026","Shape_Length":144564.837123538,"Shape_Area":159298570.3918424}},{"type":"Feature","id":53,"geometry":{"type":"MultiPolygon","coordinates":[[[[-95.4271,35.9102],[-95.4359,35.8949],[-95.4448,35.8797],[-95.417,35.8766],[-95.3891,35.8736],[-95.3986,35.8827],[-95.4081,35.8919],[-95.4176,35.9011],[-95.4271,35.9102]]],[[[-94.945,35.3585],[-94.9451,35.3563],[-94.9415,35.3553],[-94.945,35.3585]]],[[[-94.9195,35.3614],[-94.9276,35.3584],[-94.9221,35.3577],[-94.9195,35.3614]]],[[[-94.9226,35.3624],[-94.9314,35.3627],[-94.9273,35.3591],[-94.9226,35.3624]]],[[[-94.9427,35.3638],[-94.9459,35.3682],[-94.9414,35.3618],[-94.9427,35.3638]]],[[[-94.9319,35.3714],[-94.9299,35.3699],[-94.9282,35.3706],[-94.9319,35.3714]]],[[[-94.9508,35.3721],[-94.9526,35.374],[-94.9445,35.3628],[-94.9508,35.3721]]],[[[-94.954,35.3774],[-94.9565,35.3782],[-94.9541,35.374],[-94.954,35.3774]]],[[[-94.9356,35.3801],[-94.9446,35.3754],[-94.9314,35.3631],[-94.9356,35.3801]]],[[[-94.9334,35.3815],[-94.9345,35.3803],[-94.9249,35.3789],[-94.9334,35.3815]]],[[[-94.9277,35.4191],[-94.9285,35.4062],[-94.9172,35.4044],[-94.9277,35.4191]]],[[[-95.0798,35.5319],[-95.0884,35.5514],[-95.094,35.5223],[-95.0996,35.4932],[-95.0897,35.5126],[-95.0798,35.5319]]],[[[-95.1883,35.5975],[-95.1754,35.5808],[-95.1739,35.594],[-95.1883,35.5975]]],[[[-95.1726,35.6145],[-95.1846,35.6131],[-95.1825,35.6067],[-95.1726,35.6145]]],[[[-95.294,35.6146],[-95.3079,35.6095],[-95.3217,35.6044],[-95.3065,35.6026],[-95.2912,35.6008],[-95.294,35.6146]]],[[[-95.1824,35.617],[-95.1842,35.6144],[-95.1817,35.6158],[-95.1824,35.617]]],[[[-95.1816,35.6194],[-95.1837,35.6211],[-95.1825,35.6195],[-95.1816,35.6194]]],[[[-95.1801,35.6218],[-95.1807,35.6212],[-95.1802,35.6201],[-95.1801,35.6218]]],[[[-95.1833,35.6216],[-95.1839,35.6233],[-95.1839,35.6214],[-95.1833,35.6216]]],[[[-95.1817,35.6242],[-95.1841,35.6237],[-95.1816,35.6228],[-95.1817,35.6242]]],[[[-95.2691,35.6206],[-95.2662,35.6053],[-95.2463,35.5936],[-95.2577,35.6071],[-95.2691,35.6206]]],[[[-95.2742,35.6531],[-95.2698,35.6579],[-95.2773,35.6499],[-95.2742,35.6531]]],[[[-95.2426,35.6685],[-95.2579,35.6582],[-95.2733,35.6479],[-95.2551,35.6497],[-95.2369,35.6516],[-95.2426,35.6685]]],[[[-95.2411,35.6931],[-95.2603,35.6859],[-95.2795,35.6787],[-95.2718,35.6592],[-95.2564,35.6762],[-95.2411,35.6931]]],[[[-95.2759,35.744],[-95.2871,35.7477],[-95.2765,35.7407],[-95.2694,35.7419],[-95.2759,35.744]]],[[[-95.4628,35.9283],[-95.4689,35.9155],[-95.4535,35.9214],[-95.4628,35.9283]]]]},"properties":{"OBJECTID":53,"state":"Oklahoma","agency":"Oklahoma Department of Wildlife Conservation","unit_type":"WMA","unit_id":" ","unit_name":"McClellan-Kerr Wildlife Management Area","unit_label":"Oklahoma - McClellan-Kerr Wildlife Management Area","aliases":"2026 | management area | mcclellan kerr wildlife management area | oklahoma | oklahoma department of wildlife conservation | oklahoma mcclellan kerr wildlife management area | wildlife area | wildlife management area | wma","year":"2026","Shape_Length":105183.41011382233,"Shape_Area":28270604.296497043}},{"type":"Feature","id":54,"geometry":{"type":"Polygon","coordinates":[[[-95.4611,34.0758],[-95.4848,34.0655],[-95.5086,34.0552],[-95.4958,34.06],[-95.483,34.0649],[-95.4702,34.0698],[-95.4574,34.0746],[-95.4515,34.0904],[-95.4455,34.1062],[-95.4395,34.122],[-95.4335,34.1377],[-95.4343,34.1393],[-95.4316,34.1424],[-95.4335,34.1377],[-95.4267,34.1393],[-95.4429,34.1546],[-95.4591,34.1699],[-95.4754,34.1852],[-95.4916,34.2005],[-95.4876,34.1543],[-95.4835,34.1081],[-95.4723,34.092],[-95.4611,34.0758]]]},"properties":{"OBJECTID":54,"state":"Oklahoma","agency":"Oklahoma Department of Wildlife Conservation","unit_type":"WMA","unit_id":" ","unit_name":"Hugo Wildlife Management Area","unit_label":"Oklahoma - Hugo Wildlife Management Area","aliases":"2026 | hugo wildlife management area | management area | oklahoma | oklahoma department of wildlife conservation | oklahoma hugo wildlife management area | wildlife area | wildlife management area | wma","year":"2026","Shape_Length":42871.57676584805,"Shape_Area":41125202.98447544}},{"type":"Feature","id":55,"geometry":{"type":"Polygon","coordinates":[[[-99.4016,36.9365],[-99.3885,36.9309],[-99.3755,36.9253],[-99.3624,36.9197],[-99.3494,36.9141],[-99.3555,36.951],[-99.3785,36.9437],[-99.4016,36.9365]]]},"properties":{"OBJECTID":55,"state":"Oklahoma","agency":"Oklahoma Department of Wildlife Conservation","unit_type":"WMA","unit_id":" ","unit_name":"Cimarron Hills Wildlife Management Area","unit_label":"Oklahoma - Cimarron Hills Wildlife Management Area","aliases":"2026 | cimarron hills wildlife management area | management area | oklahoma | oklahoma cimarron hills wildlife management area | oklahoma department of wildlife conservation | wildlife area | wildlife management area | wma","year":"2026","Shape_Length":13790.59509520574,"Shape_Area":8842524.608538158}},{"type":"Feature","id":56,"geometry":{"type":"Polygon","coordinates":[[[-98.0413,36.3037],[-98.0551,36.3218],[-98.0688,36.34],[-98.0733,36.3246],[-98.0778,36.3091],[-98.0822,36.2937],[-98.0867,36.2782],[-98.0753,36.2846],[-98.064,36.2909],[-98.0526,36.2973],[-98.0413,36.3037]]]},"properties":{"OBJECTID":56,"state":"Oklahoma","agency":"Oklahoma Department of Wildlife Conservation","unit_type":"WMA","unit_id":" ","unit_name":"Drummond Flats Wildlife Management Area","unit_label":"Oklahoma - Drummond Flats Wildlife Management Area","aliases":"2026 | drummond flats wildlife management area | management area | oklahoma | oklahoma department of wildlife conservation | oklahoma drummond flats wildlife management area | wildlife area | wildlife management area | wma","year":"2026","Shape_Length":16800.789565500556,"Shape_Area":11721266.785447214}},{"type":"Feature","id":57,"geometry":{"type":"Polygon","coordinates":[[[-94.6448,34.8206],[-94.644,34.8206],[-94.6293,34.8329],[-94.6146,34.8452],[-94.6295,34.8539],[-94.6445,34.8626],[-94.6595,34.8713],[-94.6744,34.88],[-94.6894,34.8887],[-94.7043,34.8974],[-94.7193,34.906],[-94.7343,34.9147],[-94.7517,34.9129],[-94.7691,34.9112],[-94.7865,34.9094],[-94.8039,34.9076],[-94.7989,34.9239],[-94.7938,34.9403],[-94.8192,34.941],[-94.8447,34.9416],[-94.8701,34.9423],[-94.8956,34.943],[-94.9184,34.9339],[-94.9412,34.9248],[-94.964,34.9156],[-94.9868,34.9065],[-94.9668,34.9063],[-94.9468,34.9061],[-94.9268,34.906],[-94.9069,34.9058],[-94.8935,34.8994],[-94.8802,34.8931],[-94.8668,34.8868],[-94.8535,34.8805],[-94.838,34.885],[-94.8225,34.8894],[-94.8069,34.8939],[-94.7914,34.8984],[-94.7791,34.8929],[-94.7668,34.8875],[-94.7545,34.8821],[-94.7422,34.8767],[-94.7299,34.8712],[-94.7176,34.8658],[-94.7053,34.8604],[-94.6931,34.8549],[-94.6658,34.856],[-94.6385,34.857],[-94.6448,34.8206]]]},"properties":{"OBJECTID":57,"state":"Oklahoma","agency":"Oklahoma Department of Wildlife Conservation","unit_type":"WMA","unit_id":" ","unit_name":"Wister Wildlife Management Area","unit_label":"Oklahoma - Wister Wildlife Management Area","aliases":"2026 | management area | oklahoma | oklahoma department of wildlife conservation | oklahoma wister wildlife management area | wildlife area | wildlife management area | wister wildlife management area | wma","year":"2026","Shape_Length":83862.44655974029,"Shape_Area":116776747.71107244}},{"type":"Feature","id":58,"geometry":{"type":"Polygon","coordinates":[[[-99.4795,36.4986],[-99.4822,36.5534],[-99.4849,36.6082],[-99.5054,36.6155],[-99.5258,36.6228],[-99.5463,36.6301],[-99.5668,36.6374],[-99.5539,36.6246],[-99.5411,36.6118],[-99.5282,36.599],[-99.5154,36.5862],[-99.5204,36.5589],[-99.5254,36.5315],[-99.5245,36.5309],[-99.5245,36.5304],[-99.5245,36.5299],[-99.5132,36.5221],[-99.502,36.5143],[-99.4907,36.5064],[-99.4795,36.4986]],[[-99.5209,36.6014],[-99.5122,36.6012],[-99.5165,36.5935],[-99.5209,36.6014]]]},"properties":{"OBJECTID":58,"state":"Oklahoma","agency":"Oklahoma Department of Wildlife Conservation","unit_type":"WMA","unit_id":" ","unit_name":"Hal and Fern Cooper Wildlife Management Area","unit_label":"Oklahoma - Hal and Fern Cooper Wildlife Management Area","aliases":"2026 | hal and fern cooper wildlife management area | management area | oklahoma | oklahoma department of wildlife conservation | oklahoma hal and fern cooper wildlife management area | wildlife area | wildlife management area | wma","year":"2026","Shape_Length":41975.72208403719,"Shape_Area":44517708.74279793}},{"type":"Feature","id":59,"geometry":{"type":"Polygon","coordinates":[[[-96.2246,36.8519],[-96.2434,36.8454],[-96.2474,36.8279],[-96.2513,36.8104],[-96.2302,36.8105],[-96.209,36.8105],[-96.2168,36.8312],[-96.2246,36.8519]],[[-96.2364,36.8417],[-96.2335,36.8358],[-96.2381,36.8358],[-96.2364,36.8417]]]},"properties":{"OBJECTID":59,"state":"Oklahoma","agency":"Oklahoma Department of Wildlife Conservation","unit_type":"WMA","unit_id":" ","unit_name":"Osage Wildlife Management Area - Rock Creek","unit_label":"Oklahoma - Osage Wildlife Management Area - Rock Creek","aliases":"2026 | management area | oklahoma | oklahoma department of wildlife conservation | oklahoma osage wildlife management area rock creek | osage wildlife management area rock creek | wildlife area | wildlife management area | wma","year":"2026","Shape_Length":16158.518247272377,"Shape_Area":11549255.302938834}},{"type":"Feature","id":60,"geometry":{"type":"Polygon","coordinates":[[[-95.0318,35.6677],[-95.0245,35.6551],[-95.0173,35.6424],[-95.0141,35.6922],[-95.023,35.6799],[-95.0318,35.6677]]]},"properties":{"OBJECTID":60,"state":"Oklahoma","agency":"Oklahoma Department of Wildlife Conservation","unit_type":"WMA","unit_id":" ","unit_name":"Tenkiller Wildlife Management Area","unit_label":"Oklahoma - Tenkiller Wildlife Management Area","aliases":"2026 | management area | oklahoma | oklahoma department of wildlife conservation | oklahoma tenkiller wildlife management area | tenkiller wildlife management area | wildlife area | wildlife management area | wma","year":"2026","Shape_Length":11851.764747712692,"Shape_Area":4028135.751285797}},{"type":"Feature","id":61,"geometry":{"type":"MultiPolygon","coordinates":[[[[-99.5871,36.5214],[-99.583,36.4835],[-99.5788,36.4456],[-99.5719,36.467],[-99.565,36.4883],[-99.5581,36.5097],[-99.5512,36.5311],[-99.5245,36.5299],[-99.5245,36.5304],[-99.5245,36.5309],[-99.5245,36.5315],[-99.5254,36.5315],[-99.5289,36.5316],[-99.5504,36.5353],[-99.5687,36.5283],[-99.5871,36.5214]]],[[[-99.5782,36.5646],[-99.5659,36.5564],[-99.5535,36.5481],[-99.5412,36.5398],[-99.5289,36.5316],[-99.5423,36.5481],[-99.5557,36.5646],[-99.5782,36.5646]]]]},"properties":{"OBJECTID":61,"state":"Oklahoma","agency":"Oklahoma Department of Wildlife Conservation","unit_type":"WMA","unit_id":" ","unit_name":"Fort Supply Wildlife Management Area","unit_label":"Oklahoma - Fort Supply Wildlife Management Area","aliases":"2026 | fort supply wildlife management area | management area | oklahoma | oklahoma department of wildlife conservation | oklahoma fort supply wildlife management area | wildlife area | wildlife management area | wma","year":"2026","Shape_Length":39040.57342498622,"Shape_Area":19022264.2480918}},{"type":"Feature","id":62,"geometry":{"type":"MultiPolygon","coordinates":[[[[-99.9346,36.0792],[-99.9435,36.0591],[-99.9523,36.0391],[-99.9258,36.0445],[-99.8992,36.0499],[-99.9169,36.0646],[-99.9346,36.0792]]],[[[-99.9526,36.0788],[-99.9346,36.0792],[-99.9525,36.0861],[-99.9526,36.0788]]]]},"properties":{"OBJECTID":62,"state":"Oklahoma","agency":"Oklahoma Department of Wildlife Conservation","unit_type":"WMA","unit_id":" ","unit_name":"Ellis County Wildlife Management Area","unit_label":"Oklahoma - Ellis County Wildlife Management Area","aliases":"2026 | ellis county wildlife management area | management area | oklahoma | oklahoma department of wildlife conservation | oklahoma ellis county wildlife management area | wildlife area | wildlife management area | wma","year":"2026","Shape_Length":18425.11935548563,"Shape_Area":10354571.479445472}},{"type":"Feature","id":63,"geometry":{"type":"MultiPolygon","coordinates":[[[[-95.3493,35.0293],[-95.3493,35.0292],[-95.3492,34.9712],[-95.3316,34.9711],[-95.314,34.971],[-95.2965,34.9709],[-95.2789,34.9707],[-95.2895,34.9847],[-95.3002,34.9986],[-95.3108,35.0126],[-95.3215,35.0265],[-95.3493,35.0293]],[[-95.3275,35.0265],[-95.3221,35.0238],[-95.3298,35.0239],[-95.3275,35.0265]]],[[[-95.2701,35.0073],[-95.2882,35.0146],[-95.2879,35.0001],[-95.2701,35.0073]]],[[[-95.2701,35.0073],[-95.27,35.0001],[-95.2615,35.0001],[-95.2701,35.0073]],[[-95.2679,35.0036],[-95.2657,35.0018],[-95.2678,35.0018],[-95.2679,35.0036]]]]},"properties":{"OBJECTID":63,"state":"Oklahoma","agency":"Oklahoma Department of Wildlife Conservation","unit_type":"WMA","unit_id":" ","unit_name":"Robbers Cave Wildlife Management Area","unit_label":"Oklahoma - Robbers Cave Wildlife Management Area","aliases":"2026 | management area | oklahoma | oklahoma department of wildlife conservation | oklahoma robbers cave wildlife management area | robbers cave wildlife management area | wildlife area | wildlife management area | wma","year":"2026","Shape_Length":33000.76778417547,"Shape_Area":29482491.149382286}},{"type":"Feature","id":64,"geometry":{"type":"MultiPolygon","coordinates":[[[[-95.9279,36.94],[-95.9275,36.9367],[-95.9169,36.9348],[-95.894,36.939],[-95.871,36.9433],[-95.885,36.9558],[-95.899,36.9682],[-95.913,36.9807],[-95.9269,36.9932],[-95.93,36.9652],[-95.9313,36.9531],[-95.9316,36.95],[-95.9279,36.94]],[[-95.9229,36.9369],[-95.921,36.9361],[-95.9245,36.9369],[-95.9229,36.9369]]],[[[-95.9389,36.937],[-95.9394,36.938],[-95.94,36.9377],[-95.9389,36.937]]]]},"properties":{"OBJECTID":64,"state":"Oklahoma","agency":"Oklahoma Department of Wildlife Conservation","unit_type":"WMA","unit_id":" ","unit_name":"Copan Wildlife Management Area","unit_label":"Oklahoma - Copan Wildlife Management Area","aliases":"2026 | copan wildlife management area | management area | oklahoma | oklahoma copan wildlife management area | oklahoma department of wildlife conservation | wildlife area | wildlife management area | wma","year":"2026","Shape_Length":19908.0631429776,"Shape_Area":17759452.486361783}},{"type":"Feature","id":65,"geometry":{"type":"Polygon","coordinates":[[[-96.9911,33.9208],[-96.9948,33.9731],[-97.0,33.973],[-97.0034,33.9412],[-97.0067,33.9094],[-97.0182,33.896],[-97.0296,33.8826],[-97.0411,33.8692],[-97.0525,33.8558],[-97.053,33.8561],[-97.0567,33.8587],[-97.0729,33.8478],[-97.0891,33.8369],[-97.0726,33.8272],[-97.0561,33.8175],[-97.0665,33.8375],[-97.0557,33.8564],[-97.0441,33.8495],[-97.0325,33.8427],[-97.0222,33.8528],[-97.0119,33.8629],[-97.0016,33.8729],[-96.9913,33.883],[-96.9883,33.9118],[-96.9908,33.9196],[-96.9911,33.9208]]]},"properties":{"OBJECTID":65,"state":"Oklahoma","agency":"Oklahoma Department of Wildlife Conservation","unit_type":"WMA","unit_id":" ","unit_name":"Love Valley Wildlife Management Area","unit_label":"Oklahoma - Love Valley Wildlife Management Area","aliases":"2026 | love valley wildlife management area | management area | oklahoma | oklahoma department of wildlife conservation | oklahoma love valley wildlife management area | wildlife area | wildlife management area | wma","year":"2026","Shape_Length":46397.35562492077,"Shape_Area":32174926.419746462}},{"type":"Feature","id":66,"geometry":{"type":"MultiPolygon","coordinates":[[[[-97.2049,35.0874],[-97.2262,35.0875],[-97.2475,35.0875],[-97.2476,35.0367],[-97.2256,35.0367],[-97.2036,35.0366],[-97.1816,35.0366],[-97.1597,35.0365],[-97.171,35.0493],[-97.1823,35.062],[-97.1936,35.0747],[-97.2049,35.0874]]],[[[-97.1818,35.0772],[-97.1774,35.0764],[-97.1773,35.08],[-97.1818,35.0772]]]]},"properties":{"OBJECTID":66,"state":"Oklahoma","agency":"Oklahoma Department of Wildlife Conservation","unit_type":"WMA","unit_id":" ","unit_name":"Lexington Wildlife Management Area","unit_label":"Oklahoma - Lexington Wildlife Management Area","aliases":"2026 | lexington wildlife management area | management area | oklahoma | oklahoma department of wildlife conservation | oklahoma lexington wildlife management area | wildlife area | wildlife management area | wma","year":"2026","Shape_Length":25825.85453663331,"Shape_Area":33622944.12348708}},{"type":"Feature","id":67,"geometry":{"type":"MultiPolygon","coordinates":[[[[-94.7462,33.8012],[-94.7658,33.7904],[-94.7854,33.7795],[-94.768,33.7795],[-94.7506,33.7795],[-94.7379,33.8013],[-94.7462,33.8012],[-94.7423,33.8012],[-94.7423,33.7976],[-94.7462,33.8012]]],[[[-94.7461,33.7722],[-94.7359,33.7723],[-94.7462,33.7758],[-94.7461,33.7722]]]]},"properties":{"OBJECTID":67,"state":"Oklahoma","agency":"Oklahoma Department of Wildlife Conservation","unit_type":"WMA","unit_id":" ","unit_name":"Grassy Slough Wildlife Management Area","unit_label":"Oklahoma - Grassy Slough Wildlife Management Area","aliases":"2026 | grassy slough wildlife management area | management area | oklahoma | oklahoma department of wildlife conservation | oklahoma grassy slough wildlife management area | wildlife area | wildlife management area | wma","year":"2026","Shape_Length":14682.724822137207,"Shape_Area":4924121.072160362}},{"type":"Feature","id":68,"geometry":{"type":"Polygon","coordinates":[[[-94.6623,34.293],[-94.6622,34.2856],[-94.6621,34.2793],[-94.6621,34.2793],[-94.6621,34.2738],[-94.662,34.2723],[-94.662,34.272],[-94.662,34.2676],[-94.662,34.264],[-94.662,34.2626],[-94.6445,34.2586],[-94.6445,34.2586],[-94.619,34.2584],[-94.5934,34.2583],[-94.5933,34.3041],[-94.5933,34.305],[-94.593,34.3309],[-94.6104,34.3309],[-94.6277,34.331],[-94.6451,34.331],[-94.6625,34.331],[-94.6625,34.3236],[-94.6834,34.3235],[-94.6992,34.3236],[-94.715,34.3237],[-94.7149,34.3019],[-94.6985,34.302],[-94.6974,34.302],[-94.6865,34.302],[-94.671,34.2947],[-94.667,34.2947],[-94.6623,34.2947],[-94.6623,34.293]]]},"properties":{"OBJECTID":68,"state":"Oklahoma","agency":"Oklahoma Department of Wildlife Conservation","unit_type":"WMA","unit_id":" ","unit_name":"McCurtain County Wilderness Area","unit_label":"Oklahoma - McCurtain County Wilderness Area","aliases":"2026 | management area | mccurtain county wilderness area | oklahoma | oklahoma department of wildlife conservation | oklahoma mccurtain county wilderness area | wildlife area | wildlife management area | wma","year":"2026","Shape_Length":37467.26822140117,"Shape_Area":63545266.33494878}},{"type":"Feature","id":69,"geometry":{"type":"Polygon","coordinates":[[[-97.4238,34.0275],[-97.432,34.0185],[-97.4401,34.0094],[-97.4483,34.0003],[-97.4564,33.9912],[-97.4434,33.9849],[-97.4304,33.9785],[-97.4173,33.9722],[-97.4043,33.9658],[-97.3913,33.9595],[-97.3783,33.9531],[-97.3652,33.9467],[-97.3522,33.9404],[-97.348,33.9604],[-97.3438,33.9803],[-97.3638,33.9921],[-97.3838,34.0039],[-97.4038,34.0157],[-97.4238,34.0275]],[[-97.4045,33.984],[-97.3958,33.9913],[-97.3958,33.984],[-97.4045,33.984]]]},"properties":{"OBJECTID":69,"state":"Oklahoma","agency":"Oklahoma Department of Wildlife Conservation","unit_type":"WMA","unit_id":" ","unit_name":"Cross Timbers Wildlife Management Area","unit_label":"Oklahoma - Cross Timbers Wildlife Management Area","aliases":"2026 | cross timbers wildlife management area | management area | oklahoma | oklahoma cross timbers wildlife management area | oklahoma department of wildlife conservation | wildlife area | wildlife management area | wma","year":"2026","Shape_Length":32478.30234601328,"Shape_Area":45970874.817461915}},{"type":"Feature","id":70,"geometry":{"type":"Polygon","coordinates":[[[-95.5779,34.9259],[-95.5844,34.909],[-95.591,34.8922],[-95.5975,34.8753],[-95.604,34.8585],[-95.5865,34.8718],[-95.569,34.8852],[-95.5514,34.8985],[-95.5339,34.9119],[-95.5074,34.9075],[-95.481,34.903],[-95.5052,34.9087],[-95.5294,34.9145],[-95.5536,34.9202],[-95.5779,34.9259]]]},"properties":{"OBJECTID":70,"state":"Oklahoma","agency":"Oklahoma Department of Wildlife Conservation","unit_type":"WMA","unit_id":" ","unit_name":"Eufaula Wildlife Management Area - Gaines Creek","unit_label":"Oklahoma - Eufaula Wildlife Management Area - Gaines Creek","aliases":"2026 | eufaula wildlife management area gaines creek | management area | oklahoma | oklahoma department of wildlife conservation | oklahoma eufaula wildlife management area gaines creek | wildlife area | wildlife management area | wma","year":"2026","Shape_Length":30676.21130197571,"Shape_Area":18669668.040874343}},{"type":"Feature","id":71,"geometry":{"type":"Polygon","coordinates":[[[-98.1655,34.2938],[-98.141,34.2928],[-98.1165,34.2917],[-98.092,34.2907],[-98.0676,34.2896],[-98.0597,34.3006],[-98.0518,34.3115],[-98.0619,34.3029],[-98.072,34.2943],[-98.0859,34.3069],[-98.0997,34.3194],[-98.1136,34.332],[-98.1274,34.3446],[-98.1413,34.3572],[-98.1552,34.3697],[-98.169,34.3823],[-98.1829,34.3949],[-98.1725,34.3722],[-98.1621,34.3496],[-98.1518,34.327],[-98.1414,34.3044],[-98.1534,34.2991],[-98.1655,34.2938]]]},"properties":{"OBJECTID":71,"state":"Oklahoma","agency":"Oklahoma Department of Wildlife Conservation","unit_type":"WMA","unit_id":" ","unit_name":"Waurika Wildlife Management Area","unit_label":"Oklahoma - Waurika Wildlife Management Area","aliases":"2026 | management area | oklahoma | oklahoma department of wildlife conservation | oklahoma waurika wildlife management area | waurika wildlife management area | wildlife area | wildlife management area | wma","year":"2026","Shape_Length":42890.59097395389,"Shape_Area":38018341.10848929}},{"type":"Feature","id":72,"geometry":{"type":"MultiPolygon","coordinates":[[[[-94.6845,34.3427],[-94.6955,34.3391],[-94.6977,34.3409],[-94.6999,34.33],[-94.6999,34.3273],[-94.6834,34.3235],[-94.6845,34.3309],[-94.6745,34.349],[-94.68,34.355],[-94.6888,34.36],[-94.7063,34.3591],[-94.6976,34.3581],[-94.6932,34.3563],[-94.6844,34.3481],[-94.68,34.3481],[-94.6834,34.3454],[-94.6845,34.3427]]],[[[-94.6444,34.2486],[-94.6297,34.239],[-94.615,34.2294],[-94.6256,34.2383],[-94.6221,34.243],[-94.6188,34.2439],[-94.6275,34.2458],[-94.6287,34.2439],[-94.6317,34.2458],[-94.636,34.244],[-94.6402,34.2458],[-94.6423,34.2477],[-94.6444,34.2486]]],[[[-94.6876,34.2632],[-94.6892,34.2615],[-94.6857,34.2622],[-94.6876,34.2632]]],[[[-94.6799,34.2666],[-94.671,34.2729],[-94.666,34.2729],[-94.662,34.272],[-94.6621,34.2738],[-94.671,34.2765],[-94.671,34.2793],[-94.6621,34.2793],[-94.6621,34.2793],[-94.6622,34.2856],[-94.671,34.2847],[-94.6786,34.2893],[-94.6865,34.302],[-94.6865,34.302],[-94.6974,34.302],[-94.6985,34.302],[-94.6891,34.2837],[-94.6797,34.2654],[-94.6625,34.2626],[-94.6799,34.2666]]]]},"properties":{"OBJECTID":72,"state":"Oklahoma","agency":"Oklahoma Department of Wildlife Conservation","unit_type":"WMA","unit_id":" ","unit_name":"Broken Bow Wildlife Management Area","unit_label":"Oklahoma - Broken Bow Wildlife Management Area","aliases":"2026 | broken bow wildlife management area | management area | oklahoma | oklahoma broken bow wildlife management area | oklahoma department of wildlife conservation | wildlife area | wildlife management area | wma","year":"2026","Shape_Length":40762.59372265416,"Shape_Area":10893082.60208675}},{"type":"Feature","id":73,"geometry":{"type":"MultiPolygon","coordinates":[[[[-94.5362,34.4819],[-94.5265,34.5037],[-94.5169,34.5256],[-94.5169,34.5357],[-94.5257,34.5328],[-94.5256,34.5233],[-94.5412,34.5225],[-94.5569,34.5218],[-94.5725,34.5211],[-94.5881,34.5204],[-94.5751,34.5108],[-94.5622,34.5011],[-94.5492,34.4915],[-94.5362,34.4819]],[[-94.5241,34.5225],[-94.5244,34.5237],[-94.5228,34.5237],[-94.5241,34.5225]]],[[[-94.5883,34.462],[-94.6024,34.4435],[-94.5826,34.4417],[-94.5627,34.4398],[-94.5755,34.4509],[-94.5883,34.462]]],[[[-94.5106,34.5073],[-94.5149,34.4948],[-94.4976,34.4897],[-94.5106,34.5073]]],[[[-94.5321,34.3998],[-94.5409,34.4035],[-94.5409,34.3888],[-94.5321,34.3998]]],[[[-94.5321,34.3998],[-94.5234,34.3926],[-94.5233,34.4036],[-94.5321,34.3998]]],[[[-94.59,34.4234],[-94.5933,34.4181],[-94.5847,34.4182],[-94.59,34.4234]]],[[[-94.493,34.5049],[-94.4886,34.5014],[-94.4886,34.505],[-94.493,34.5049]]],[[[-94.493,34.5049],[-94.493,34.5074],[-94.4974,34.5074],[-94.493,34.5049]]]]},"properties":{"OBJECTID":73,"state":"Oklahoma","agency":"Oklahoma Department of Wildlife Conservation","unit_type":"WMA","unit_id":" ","unit_name":"Honobia Creek Wildlife Management Area - Campbell","unit_label":"Oklahoma - Honobia Creek Wildlife Management Area - Campbell","aliases":"2026 | honobia creek wildlife management area campbell | management area | oklahoma | oklahoma department of wildlife conservation | oklahoma honobia creek wildlife management area campbell | wildlife area | wildlife management area | wma","year":"2026","Shape_Length":47710.84184317996,"Shape_Area":22331150.89377916}},{"type":"Feature","id":74,"geometry":{"type":"MultiPolygon","coordinates":[[[[-96.0215,36.505],[-96.0393,36.5023],[-96.021,36.5013],[-96.0027,36.5002],[-96.0215,36.505]]],[[[-96.0408,36.5367],[-96.049,36.5395],[-96.049,36.5357],[-96.0408,36.5367]]]]},"properties":{"OBJECTID":74,"state":"Oklahoma","agency":"Oklahoma Department of Wildlife Conservation","unit_type":"WMA","unit_id":" ","unit_name":"Candy Creek Wildlife Management Area","unit_label":"Oklahoma - Candy Creek Wildlife Management Area","aliases":"2026 | candy creek wildlife management area | management area | oklahoma | oklahoma candy creek wildlife management area | oklahoma department of wildlife conservation | wildlife area | wildlife management area | wma","year":"2026","Shape_Length":8557.711542373467,"Shape_Area":825453.6990393124}},{"type":"Feature","id":75,"geometry":{"type":"Polygon","coordinates":[[[-99.185,34.5361],[-99.1962,34.5446],[-99.1972,34.536],[-99.185,34.5361]]]},"properties":{"OBJECTID":75,"state":"Oklahoma","agency":"Oklahoma Department of Wildlife Conservation","unit_type":"WMA","unit_id":" ","unit_name":"Gist Wildlife Management Area","unit_label":"Oklahoma - Gist Wildlife Management Area","aliases":"2026 | gist wildlife management area | management area | oklahoma | oklahoma department of wildlife conservation | oklahoma gist wildlife management area | wildlife area | wildlife management area | wma","year":"2026","Shape_Length":3476.1256162729824,"Shape_Area":536187.5848165675}},{"type":"Feature","id":76,"geometry":{"type":"Polygon","coordinates":[[[-101.1249,36.66],[-101.1181,36.6966],[-101.1336,36.6985],[-101.1491,36.7004],[-101.1645,36.7023],[-101.18,36.7042],[-101.1955,36.7061],[-101.211,36.708],[-101.2265,36.7098],[-101.242,36.7117],[-101.2273,36.7053],[-101.2127,36.6988],[-101.1981,36.6924],[-101.1834,36.6859],[-101.1688,36.6794],[-101.1542,36.673],[-101.1395,36.6665],[-101.1249,36.66]]]},"properties":{"OBJECTID":76,"state":"Oklahoma","agency":"Oklahoma Department of Wildlife Conservation","unit_type":"WMA","unit_id":" ","unit_name":"Optima Wildlife Management Area","unit_label":"Oklahoma - Optima Wildlife Management Area","aliases":"2026 | management area | oklahoma | oklahoma department of wildlife conservation | oklahoma optima wildlife management area | optima wildlife management area | wildlife area | wildlife management area | wma","year":"2026","Shape_Length":27100.31234096752,"Shape_Area":22946694.59674577}},{"type":"Feature","id":77,"geometry":{"type":"Polygon","coordinates":[[[-95.9782,34.5353],[-95.966,34.513],[-95.9539,34.4906],[-95.9517,34.4915],[-95.9343,34.4952],[-95.9169,34.4989],[-95.8995,34.5027],[-95.8821,34.5064],[-95.8734,34.5353],[-95.8647,34.5643],[-95.8903,34.5607],[-95.916,34.557],[-95.9417,34.5534],[-95.9674,34.5498],[-95.9782,34.5353]],[[-95.9127,34.5533],[-95.9171,34.5533],[-95.9171,34.5551],[-95.9127,34.5533]],[[-95.9214,34.546],[-95.9302,34.5497],[-95.9214,34.5497],[-95.9214,34.546]],[[-95.9476,34.5315],[-95.9454,34.5281],[-95.9519,34.5281],[-95.9476,34.5315]],[[-95.9388,34.5281],[-95.9343,34.5208],[-95.9387,34.5208],[-95.9388,34.5281]],[[-95.9431,34.5172],[-95.9431,34.519],[-95.9409,34.519],[-95.9431,34.5172]],[[-95.9256,34.51],[-95.917,34.5136],[-95.9213,34.5063],[-95.9256,34.51]],[[-95.9343,34.5063],[-95.9431,34.5063],[-95.9431,34.5099],[-95.9343,34.5063]]]},"properties":{"OBJECTID":77,"state":"Oklahoma","agency":"Oklahoma Department of Wildlife Conservation","unit_type":"WMA","unit_id":" ","unit_name":"Atoka Public Hunting Area","unit_label":"Oklahoma - Atoka Public Hunting Area","aliases":"2026 | atoka public hunting area | management area | oklahoma | oklahoma atoka public hunting area | oklahoma department of wildlife conservation | wildlife area | wildlife management area | wma","year":"2026","Shape_Length":42284.93176334809,"Shape_Area":54906785.10103504}},{"type":"Feature","id":78,"geometry":{"type":"MultiPolygon","coordinates":[[[[-96.9415,36.8834],[-96.9364,36.9123],[-96.9313,36.9413],[-96.9263,36.9702],[-96.9212,36.9992],[-96.9349,36.9991],[-96.9445,36.976],[-96.954,36.953],[-96.9636,36.9299],[-96.9731,36.9068],[-96.9573,36.8951],[-96.9415,36.8834]],[[-96.9679,36.9115],[-96.9592,36.9109],[-96.9643,36.905],[-96.9679,36.9115]]],[[[-96.8736,36.7864],[-96.8757,36.7877],[-96.8751,36.7855],[-96.8736,36.7864]]],[[[-96.9061,36.8257],[-96.8859,36.8265],[-96.8808,36.8543],[-96.8934,36.84],[-96.9061,36.8257]]],[[[-96.8517,36.8565],[-96.8652,36.8616],[-96.8649,36.8544],[-96.8517,36.8565]]],[[[-96.8369,36.7963],[-96.8215,36.7989],[-96.806,36.8015],[-96.7906,36.804],[-96.7751,36.8066],[-96.7643,36.8259],[-96.7535,36.8451],[-96.7427,36.8644],[-96.7319,36.8837],[-96.7478,36.8758],[-96.7636,36.8678],[-96.7794,36.8599],[-96.7953,36.852],[-96.8053,36.873],[-96.8154,36.8941],[-96.8208,36.8697],[-96.8262,36.8452],[-96.8316,36.8208],[-96.8369,36.7963]]]]},"properties":{"OBJECTID":78,"state":"Oklahoma","agency":"Oklahoma Department of Wildlife Conservation","unit_type":"WMA","unit_id":" ","unit_name":"Kaw Wildlife Management Area","unit_label":"Oklahoma - Kaw Wildlife Management Area","aliases":"2026 | kaw wildlife management area | management area | oklahoma | oklahoma department of wildlife conservation | oklahoma kaw wildlife management area | wildlife area | wildlife management area | wma","year":"2026","Shape_Length":82032.12150450094,"Shape_Area":76235378.46911831}},{"type":"Feature","id":79,"geometry":{"type":"MultiPolygon","coordinates":[[[[-99.6036,35.9339],[-99.6135,35.9248],[-99.6233,35.9157],[-99.6331,35.9066],[-99.6429,35.8975],[-99.6653,35.8992],[-99.6876,35.901],[-99.7099,35.9027],[-99.7323,35.9045],[-99.7492,35.8989],[-99.7662,35.8934],[-99.754,35.8851],[-99.7418,35.8767],[-99.7296,35.8683],[-99.7174,35.8599],[-99.6928,35.8553],[-99.6682,35.8507],[-99.6436,35.846],[-99.6189,35.8414],[-99.6072,35.8582],[-99.5955,35.875],[-99.5837,35.8918],[-99.572,35.9086],[-99.5878,35.9213],[-99.6036,35.9339]],[[-99.6018,35.8913],[-99.5886,35.894],[-99.5884,35.8868],[-99.6018,35.8913]],[[-99.7297,35.8911],[-99.7397,35.8894],[-99.7396,35.8971],[-99.7297,35.8911]]],[[[-99.5771,35.9265],[-99.5895,35.9267],[-99.5898,35.923],[-99.5771,35.9265]]]]},"properties":{"OBJECTID":79,"state":"Oklahoma","agency":"Oklahoma Department of Wildlife Conservation","unit_type":"WMA","unit_id":" ","unit_name":"Packsaddle Wildlife Management Area","unit_label":"Oklahoma - Packsaddle Wildlife Management Area","aliases":"2026 | management area | oklahoma | oklahoma department of wildlife conservation | oklahoma packsaddle wildlife management area | packsaddle wildlife management area | wildlife area | wildlife management area | wma","year":"2026","Shape_Length":53068.898239689195,"Shape_Area":84644480.16212863}},{"type":"Feature","id":80,"geometry":{"type":"Polygon","coordinates":[[[-96.2516,36.3665],[-96.2416,36.3751],[-96.2315,36.3837],[-96.2215,36.3923],[-96.2115,36.4009],[-96.2144,36.4534],[-96.2226,36.4317],[-96.2308,36.4099],[-96.2456,36.4114],[-96.2603,36.4129],[-96.275,36.4143],[-96.2897,36.4158],[-96.3044,36.4172],[-96.3192,36.4187],[-96.3339,36.4201],[-96.3486,36.4216],[-96.3365,36.4147],[-96.3243,36.4078],[-96.3122,36.4009],[-96.3001,36.3941],[-96.2879,36.3872],[-96.2758,36.3803],[-96.2637,36.3734],[-96.2516,36.3665]],[[-96.2997,36.4013],[-96.2935,36.4012],[-96.2998,36.4011],[-96.3029,36.405],[-96.2997,36.4013]]]},"properties":{"OBJECTID":80,"state":"Oklahoma","agency":"Oklahoma Department of Wildlife Conservation","unit_type":"WMA","unit_id":" ","unit_name":"Skiatook Wildlife Management Area","unit_label":"Oklahoma - Skiatook Wildlife Management Area","aliases":"2026 | management area | oklahoma | oklahoma department of wildlife conservation | oklahoma skiatook wildlife management area | skiatook wildlife management area | wildlife area | wildlife management area | wma","year":"2026","Shape_Length":39478.201088388574,"Shape_Area":36672365.650992006}},{"type":"Feature","id":81,"geometry":{"type":"MultiPolygon","coordinates":[[[[-99.7567,35.0443],[-99.7753,35.0507],[-99.794,35.0571],[-99.8127,35.0634],[-99.8313,35.0698],[-99.85,35.0761],[-99.8687,35.0825],[-99.8874,35.0888],[-99.906,35.0952],[-99.8963,35.0683],[-99.8865,35.0413],[-99.8767,35.0144],[-99.867,34.9875],[-99.8515,34.9802],[-99.8361,34.9729],[-99.8262,34.9818],[-99.8163,34.9908],[-99.8063,34.9997],[-99.7964,35.0086],[-99.7865,35.0176],[-99.7765,35.0265],[-99.7666,35.0354],[-99.7567,35.0443]]],[[[-99.9498,35.0016],[-99.9271,35.0053],[-99.9043,35.009],[-99.9125,35.0287],[-99.9206,35.0485],[-99.9288,35.0682],[-99.9369,35.0879],[-99.9469,35.0771],[-99.9568,35.0662],[-99.9667,35.0553],[-99.9766,35.0444],[-99.9699,35.0337],[-99.9632,35.023],[-99.9565,35.0123],[-99.9498,35.0016]]],[[[-99.7567,35.0443],[-99.7377,35.0588],[-99.7566,35.0588],[-99.7567,35.0443]]]]},"properties":{"OBJECTID":81,"state":"Oklahoma","agency":"Oklahoma Department of Wildlife Conservation","unit_type":"WMA","unit_id":" ","unit_name":"Sandy Sanders Wildlife Management Area","unit_label":"Oklahoma - Sandy Sanders Wildlife Management Area","aliases":"2026 | management area | oklahoma | oklahoma department of wildlife conservation | oklahoma sandy sanders wildlife management area | sandy sanders wildlife management area | wildlife area | wildlife management area | wma","year":"2026","Shape_Length":71831.46799653007,"Shape_Area":123731683.43213756}},{"type":"Feature","id":82,"geometry":{"type":"MultiPolygon","coordinates":[[[[-94.9,34.2436],[-94.9084,34.2599],[-94.9168,34.2762],[-94.9252,34.2925],[-94.9336,34.3088],[-94.9336,34.3092],[-94.9336,34.312],[-94.9419,34.3116],[-94.9506,34.3087],[-94.9593,34.3032],[-94.9421,34.288],[-94.925,34.2729],[-94.9292,34.2439],[-94.9333,34.2149],[-94.9375,34.186],[-94.9417,34.157],[-94.9156,34.157],[-94.8896,34.157],[-94.8635,34.1571],[-94.8374,34.1571],[-94.8375,34.1858],[-94.8157,34.1822],[-94.7938,34.1786],[-94.7719,34.175],[-94.7501,34.1714],[-94.7426,34.1821],[-94.735,34.1929],[-94.7275,34.2037],[-94.72,34.2144],[-94.7125,34.2252],[-94.705,34.2359],[-94.6974,34.2467],[-94.6899,34.2575],[-94.6984,34.2686],[-94.7068,34.2797],[-94.7152,34.2908],[-94.7237,34.3019],[-94.7237,34.3019],[-94.7237,34.302],[-94.7237,34.3019],[-94.7149,34.3019],[-94.715,34.3237],[-94.6999,34.3273],[-94.6999,34.33],[-94.6977,34.3409],[-94.6955,34.3391],[-94.6845,34.3427],[-94.6834,34.3454],[-94.68,34.3481],[-94.6844,34.3481],[-94.6932,34.3563],[-94.6976,34.3581],[-94.7063,34.3591],[-94.6888,34.36],[-94.68,34.355],[-94.6745,34.349],[-94.6845,34.3309],[-94.6625,34.3236],[-94.6625,34.331],[-94.6451,34.331],[-94.6277,34.331],[-94.6104,34.331],[-94.593,34.3309],[-94.5933,34.305],[-94.5933,34.3041],[-94.5934,34.2583],[-94.619,34.2584],[-94.6445,34.2586],[-94.6445,34.2586],[-94.6444,34.2486],[-94.6423,34.2477],[-94.6402,34.2458],[-94.636,34.244],[-94.6317,34.2458],[-94.6287,34.2439],[-94.6275,34.2458],[-94.6188,34.2439],[-94.6221,34.243],[-94.6256,34.2383],[-94.615,34.2294],[-94.629,34.2196],[-94.6431,34.2097],[-94.6572,34.1999],[-94.6713,34.1901],[-94.6595,34.1809],[-94.6478,34.1717],[-94.636,34.1625],[-94.6243,34.1533],[-94.6455,34.1523],[-94.6666,34.1514],[-94.6878,34.1504],[-94.7089,34.1495],[-94.7133,34.1512],[-94.709,34.1512],[-94.7089,34.1495],[-94.7046,34.1531],[-94.7237,34.155],[-94.7352,34.1498],[-94.739,34.1134],[-94.7131,34.1134],[-94.6872,34.1133],[-94.6698,34.0988],[-94.6525,34.0843],[-94.6351,34.0698],[-94.6178,34.0554],[-94.622,34.0771],[-94.6263,34.0988],[-94.6306,34.1205],[-94.6348,34.1423],[-94.6181,34.1569],[-94.6105,34.1713],[-94.611,34.2003],[-94.5935,34.2003],[-94.5735,34.2076],[-94.5534,34.2149],[-94.5558,34.2947],[-94.5583,34.3744],[-94.5846,34.3726],[-94.6109,34.3708],[-94.6153,34.3672],[-94.6153,34.3708],[-94.6109,34.3708],[-94.6194,34.3836],[-94.6279,34.3965],[-94.6279,34.4181],[-94.65,34.4063],[-94.6721,34.3945],[-94.6943,34.3828],[-94.7164,34.371],[-94.7324,34.3711],[-94.7328,34.2873],[-94.751,34.2837],[-94.7691,34.2801],[-94.7872,34.2764],[-94.8053,34.2728],[-94.7907,34.2583],[-94.7762,34.2438],[-94.7916,34.2438],[-94.8071,34.2438],[-94.8226,34.2437],[-94.8381,34.2437],[-94.8536,34.2437],[-94.8691,34.2436],[-94.8846,34.2436],[-94.9,34.2436]],[[-94.7233,34.152],[-94.7227,34.1523],[-94.7224,34.1518],[-94.7233,34.152]],[[-94.6573,34.3415],[-94.6562,34.3415],[-94.6562,34.3411],[-94.6573,34.3415]],[[-94.6456,34.1451],[-94.6435,34.1442],[-94.6456,34.1442],[-94.6456,34.1451]],[[-94.6632,34.0997],[-94.661,34.0997],[-94.661,34.0988],[-94.6632,34.0997]],[[-94.8919,34.1858],[-94.8897,34.1841],[-94.8919,34.1841],[-94.8919,34.1858]],[[-94.6544,34.1276],[-94.6523,34.1258],[-94.6544,34.1258],[-94.6544,34.1276]],[[-94.6457,34.1169],[-94.6435,34.1169],[-94.6435,34.1151],[-94.6457,34.1169]],[[-94.7257,34.1369],[-94.7243,34.1351],[-94.7265,34.1351],[-94.7257,34.1369]],[[-94.6278,34.3763],[-94.6256,34.3744],[-94.6278,34.3744],[-94.6278,34.3763]],[[-94.6522,34.1479],[-94.65,34.1478],[-94.65,34.1442],[-94.6522,34.1479]],[[-94.6435,34.1133],[-94.6391,34.1133],[-94.6391,34.1114],[-94.6435,34.1133]],[[-94.7307,34.1508],[-94.7242,34.1507],[-94.7294,34.1485],[-94.7307,34.1508]],[[-94.6278,34.2039],[-94.6241,34.2002],[-94.6279,34.2002],[-94.6278,34.2039]],[[-94.5979,34.2075],[-94.5935,34.2076],[-94.5935,34.2041],[-94.5979,34.2075]],[[-94.6193,34.1714],[-94.615,34.1678],[-94.6193,34.1678],[-94.6193,34.1714]],[[-94.8723,34.1643],[-94.8679,34.1607],[-94.8722,34.1607],[-94.8723,34.1643]],[[-94.7281,34.3274],[-94.7238,34.3237],[-94.7281,34.3238],[-94.7281,34.3274]],[[-94.5889,34.3491],[-94.5845,34.3491],[-94.5844,34.3455],[-94.5889,34.3491]],[[-94.6566,34.1097],[-94.661,34.1133],[-94.6567,34.1134],[-94.6566,34.1097],[-94.6544,34.1097],[-94.6544,34.1061],[-94.6566,34.1097]],[[-94.6363,34.1967],[-94.6321,34.2003],[-94.6321,34.1967],[-94.6363,34.1967],[-94.6364,34.1931],[-94.6406,34.1932],[-94.6363,34.1967]],[[-94.6363,34.1751],[-94.6276,34.1715],[-94.6363,34.1715],[-94.6363,34.1751]],[[-94.6671,34.3962],[-94.6671,34.389],[-94.6715,34.3891],[-94.6671,34.3962]],[[-94.5933,34.2402],[-94.5847,34.2402],[-94.5847,34.2366],[-94.5933,34.2402]],[[-94.8331,34.2292],[-94.8288,34.2293],[-94.8288,34.222],[-94.8331,34.2292]],[[-94.9337,34.2874],[-94.9249,34.2874],[-94.9249,34.2837],[-94.9337,34.2874]],[[-94.6432,34.4034],[-94.6367,34.3963],[-94.6454,34.3963],[-94.6432,34.4034]],[[-94.7499,34.244],[-94.7412,34.244],[-94.7412,34.2367],[-94.7499,34.244]],[[-94.8636,34.1859],[-94.8548,34.1859],[-94.8548,34.1787],[-94.8636,34.1859]],[[-94.89,34.2076],[-94.8815,34.2077],[-94.8815,34.2002],[-94.89,34.2076]],[[-94.9265,34.2178],[-94.9248,34.2256],[-94.9162,34.2238],[-94.9265,34.2178]],[[-94.5846,34.2945],[-94.5671,34.2947],[-94.5672,34.2874],[-94.5846,34.2945]],[[-94.5934,34.36],[-94.5758,34.3601],[-94.5757,34.3528],[-94.5934,34.36]]],[[[-94.5392,33.863],[-94.5306,33.8703],[-94.5353,33.8739],[-94.548,33.8739],[-94.548,33.8723],[-94.548,33.8666],[-94.5655,33.8667],[-94.5654,33.8647],[-94.548,33.8545],[-94.5306,33.8444],[-94.5132,33.8342],[-94.4958,33.824],[-94.4958,33.8267],[-94.4901,33.8413],[-94.4844,33.8559],[-94.4797,33.8593],[-94.4843,33.8595],[-94.5001,33.8522],[-94.5001,33.8486],[-94.5045,33.8583],[-94.5001,33.862],[-94.496,33.863],[-94.4958,33.8666],[-94.5089,33.8668],[-94.5176,33.8668],[-94.5196,33.8668],[-94.5392,33.863]]],[[[-94.612,33.7687],[-94.6271,33.7633],[-94.6423,33.7579],[-94.6423,33.7519],[-94.6422,33.7486],[-94.6422,33.7501],[-94.6423,33.7538],[-94.6423,33.7542],[-94.6337,33.7579],[-94.625,33.7435],[-94.6336,33.7434],[-94.6249,33.7324],[-94.6185,33.7506],[-94.612,33.7687]]],[[[-94.6828,33.794],[-94.6857,33.7904],[-94.6814,33.7904],[-94.6891,33.785],[-94.6944,33.794],[-94.7078,33.7795],[-94.7117,33.7795],[-94.6905,33.775],[-94.6692,33.7705],[-94.676,33.7822],[-94.6828,33.794]],[[-94.6712,33.7714],[-94.6698,33.7714],[-94.6698,33.7711],[-94.6712,33.7714]]],[[[-94.5512,33.7504],[-94.5468,33.7398],[-94.5468,33.7432],[-94.5469,33.7504],[-94.5512,33.7504]]],[[[-94.7248,33.8012],[-94.7306,33.8275],[-94.7307,33.8301],[-94.7334,33.8301],[-94.7248,33.8012]]],[[[-94.609,33.9392],[-94.6002,33.9246],[-94.5827,33.9247],[-94.5958,33.932],[-94.609,33.9392]]],[[[-94.6865,34.302],[-94.6865,34.302],[-94.6786,34.2893],[-94.671,34.2847],[-94.6622,34.2856],[-94.6623,34.293],[-94.6623,34.2947],[-94.667,34.2947],[-94.671,34.2947],[-94.6865,34.302]]],[[[-94.6264,33.823],[-94.6265,33.8084],[-94.6131,33.8085],[-94.6264,33.823]]],[[[-94.671,34.2729],[-94.6799,34.2666],[-94.6625,34.2626],[-94.662,34.2626],[-94.662,34.264],[-94.662,34.2676],[-94.662,34.272],[-94.666,34.2729],[-94.671,34.2729]]],[[[-94.5133,33.9356],[-94.5089,33.9174],[-94.5068,33.9349],[-94.5133,33.9356]]],[[[-94.521,33.7355],[-94.5167,33.7216],[-94.5123,33.7288],[-94.521,33.7355]]],[[[-94.5907,33.7142],[-94.588,33.7215],[-94.5989,33.7215],[-94.5907,33.7142]]],[[[-94.5529,33.9284],[-94.5478,33.9358],[-94.5565,33.9357],[-94.5529,33.9284]]],[[[-94.5543,33.7215],[-94.5468,33.7288],[-94.5554,33.7288],[-94.5543,33.7215]]],[[[-94.671,34.2793],[-94.671,34.2765],[-94.6621,34.2738],[-94.6621,34.2793],[-94.6621,34.2793],[-94.671,34.2793]]],[[[-94.5727,33.9319],[-94.5696,33.9392],[-94.574,33.9392],[-94.5727,33.9319]]],[[[-94.613,33.9138],[-94.6088,33.9174],[-94.6176,33.9175],[-94.613,33.9138]]],[[[-94.5256,33.7215],[-94.5254,33.7288],[-94.5297,33.7288],[-94.5256,33.7215]]],[[[-94.6265,33.9392],[-94.6177,33.9429],[-94.6264,33.9429],[-94.6265,33.9392]]],[[[-94.7134,33.8338],[-94.7047,33.8338],[-94.7047,33.8374],[-94.7134,33.8338]]],[[[-94.6676,34.2331],[-94.6711,34.2277],[-94.662,34.2277],[-94.6676,34.2331]]],[[[-94.7395,33.8983],[-94.7395,33.8956],[-94.7308,33.8956],[-94.7395,33.8983]]],[[[-94.6608,33.8555],[-94.6568,33.8593],[-94.6613,33.8592],[-94.6608,33.8555]]],[[[-94.7248,33.8012],[-94.7203,33.7975],[-94.7203,33.8012],[-94.7248,33.8012]]],[[[-94.6915,33.8447],[-94.6915,33.841],[-94.6872,33.8409],[-94.6915,33.8447]]],[[[-94.5342,33.7504],[-94.5299,33.7541],[-94.5342,33.7541],[-94.5342,33.7504]]],[[[-94.7117,33.7905],[-94.7073,33.794],[-94.7117,33.794],[-94.7117,33.7905]]],[[[-94.612,33.7687],[-94.6077,33.7687],[-94.6078,33.7724],[-94.612,33.7687]]],[[[-94.5342,33.7504],[-94.5381,33.7504],[-94.5381,33.7468],[-94.5342,33.7504]]],[[[-94.4812,33.8449],[-94.4799,33.8487],[-94.4827,33.8487],[-94.4812,33.8449]]],[[[-94.7117,33.785],[-94.7073,33.7832],[-94.7073,33.785],[-94.7117,33.785]]],[[[-94.6937,33.7541],[-94.6922,33.756],[-94.6944,33.756],[-94.6937,33.7541]]],[[[-94.6287,33.9392],[-94.6287,33.9374],[-94.6265,33.9392],[-94.6287,33.9392]]]]},"properties":{"OBJECTID":82,"state":"Oklahoma","agency":"Oklahoma Department of Wildlife Conservation","unit_type":"WMA","unit_id":" ","unit_name":"Ouachita Wildlife Management Area - McCurtain","unit_label":"Oklahoma - Ouachita Wildlife Management Area - McCurtain","aliases":"2026 | management area | oklahoma | oklahoma department of wildlife conservation | oklahoma ouachita wildlife management area mccurtain | ouachita wildlife management area mccurtain | wildlife area | wildlife management area | wma","year":"2026","Shape_Length":436261.37940328877,"Shape_Area":497724636.48850304}},{"type":"Feature","id":83,"geometry":{"type":"Polygon","coordinates":[[[-94.9498,35.1234],[-94.9652,35.1197],[-94.9807,35.116],[-94.9763,35.0581],[-94.9521,35.0582],[-94.9279,35.0583],[-94.9323,35.0745],[-94.9366,35.0908],[-94.941,35.1071],[-94.9454,35.1234],[-94.9498,35.1234]],[[-94.9565,35.1198],[-94.9542,35.1198],[-94.9543,35.1161],[-94.9565,35.1198]],[[-94.9477,35.118],[-94.9455,35.118],[-94.9455,35.1162],[-94.9477,35.118]],[[-94.9477,35.0819],[-94.9499,35.0836],[-94.9477,35.0836],[-94.9477,35.0819]],[[-94.9674,35.0689],[-94.9586,35.071],[-94.9586,35.0673],[-94.9674,35.0689]]]},"properties":{"OBJECTID":83,"state":"Oklahoma","agency":"Oklahoma Department of Wildlife Conservation","unit_type":"WMA","unit_id":" ","unit_name":"Sans Bois Wildlife Management Area","unit_label":"Oklahoma - Sans Bois Wildlife Management Area","aliases":"2026 | management area | oklahoma | oklahoma department of wildlife conservation | oklahoma sans bois wildlife management area | sans bois wildlife management area | wildlife area | wildlife management area | wma","year":"2026","Shape_Length":26092.246313191456,"Shape_Area":26391580.984829128}},{"type":"Feature","id":84,"geometry":{"type":"MultiPolygon","coordinates":[[[[-95.0082,36.9431],[-95.0262,36.9431],[-95.0262,36.9354],[-95.0082,36.9431]]],[[[-95.0223,36.9576],[-95.029,36.9468],[-95.0155,36.9525],[-95.0223,36.9576]]],[[[-94.9925,36.9245],[-94.9902,36.9317],[-94.9992,36.9317],[-94.9925,36.9245]]]]},"properties":{"OBJECTID":84,"state":"Oklahoma","agency":"Oklahoma Department of Wildlife Conservation","unit_type":"WMA","unit_id":" ","unit_name":"Neosho Wildlife Management Area","unit_label":"Oklahoma - Neosho Wildlife Management Area","aliases":"2026 | management area | neosho wildlife management area | oklahoma | oklahoma department of wildlife conservation | oklahoma neosho wildlife management area | wildlife area | wildlife management area | wma","year":"2026","Shape_Length":10387.210725121495,"Shape_Area":1527375.452481662}},{"type":"Feature","id":85,"geometry":{"type":"Polygon","coordinates":[[[-94.7876,35.9635],[-94.7974,35.9552],[-94.7795,35.9515],[-94.7876,35.9635]]]},"properties":{"OBJECTID":85,"state":"Oklahoma","agency":"Oklahoma Department of Wildlife Conservation","unit_type":"WMA","unit_id":" ","unit_name":"Thomas A. Bamberger Sr. Wildlife Management Area","unit_label":"Oklahoma - Thomas A. Bamberger Sr. Wildlife Management Area","aliases":"2026 | management area | oklahoma | oklahoma department of wildlife conservation | oklahoma thomas a bamberger sr wildlife management area | thomas a bamberger sr wildlife management area | wildlife area | wildlife management area | wma","year":"2026","Shape_Length":4460.5477554029585,"Shape_Area":928844.5331021115}},{"type":"Feature","id":86,"geometry":{"type":"MultiPolygon","coordinates":[[[[-95.2212,34.2731],[-95.2037,34.2889],[-95.1861,34.3048],[-95.1774,34.3235],[-95.1688,34.3422],[-95.1601,34.3609],[-95.1514,34.3796],[-95.1514,34.392],[-95.1514,34.3957],[-95.1514,34.3985],[-95.1514,34.4173],[-95.1383,34.4233],[-95.1253,34.4292],[-95.1123,34.4352],[-95.0992,34.4411],[-95.0992,34.4629],[-95.1147,34.4744],[-95.1302,34.486],[-95.1473,34.486],[-95.1513,34.4462],[-95.1696,34.4431],[-95.1878,34.4399],[-95.206,34.4367],[-95.2242,34.4336],[-95.2213,34.4031],[-95.2421,34.4022],[-95.2629,34.4013],[-95.2837,34.4005],[-95.3045,34.3996],[-95.3088,34.3892],[-95.2826,34.3818],[-95.2563,34.3744],[-95.2519,34.35],[-95.2475,34.3256],[-95.2431,34.3012],[-95.2387,34.2767],[-95.2212,34.2731],[-95.2213,34.2804],[-95.2169,34.2804],[-95.2212,34.2731]],[[-95.2685,34.3913],[-95.2685,34.3921],[-95.2676,34.3921],[-95.2685,34.3913]],[[-95.1642,34.3783],[-95.1597,34.3801],[-95.1597,34.3777],[-95.1642,34.3783]],[[-95.1342,34.4701],[-95.1316,34.467],[-95.1352,34.467],[-95.1342,34.4701]],[[-95.1948,34.3033],[-95.1905,34.3054],[-95.1905,34.302],[-95.1948,34.3033]],[[-95.1341,34.4751],[-95.1341,34.4824],[-95.1298,34.4824],[-95.1341,34.4751]],[[-95.3001,34.3889],[-95.3044,34.396],[-95.3,34.396],[-95.3001,34.3889]],[[-95.2104,34.3235],[-95.2171,34.3272],[-95.2038,34.3272],[-95.2104,34.3235]],[[-95.2387,34.282],[-95.2387,34.2876],[-95.2255,34.2875],[-95.2387,34.282]],[[-95.2036,34.359],[-95.2124,34.3525],[-95.2124,34.3597],[-95.2036,34.359]],[[-95.1786,34.3776],[-95.186,34.3883],[-95.1645,34.3956],[-95.1786,34.3776]]],[[[-95.2342,34.4888],[-95.2168,34.4881],[-95.1994,34.4874],[-95.182,34.4867],[-95.1645,34.486],[-95.1605,34.5111],[-95.1564,34.5362],[-95.1783,34.5362],[-95.2001,34.5363],[-95.2087,34.5244],[-95.2172,34.5125],[-95.2257,34.5007],[-95.2342,34.4888]]],[[[-95.1735,34.244],[-95.1855,34.2367],[-95.1975,34.2295],[-95.2095,34.2223],[-95.2214,34.215],[-95.2302,34.2296],[-95.2389,34.2442],[-95.2344,34.1878],[-95.2192,34.2018],[-95.204,34.2159],[-95.1888,34.2299],[-95.1735,34.244]],[[-95.2225,34.2067],[-95.2214,34.2078],[-95.2214,34.2062],[-95.2225,34.2067]]],[[[-95.3436,34.3713],[-95.363,34.371],[-95.3824,34.3708],[-95.4043,34.3671],[-95.413,34.3526],[-95.3956,34.3508],[-95.3783,34.349],[-95.3609,34.3471],[-95.3435,34.3453],[-95.3436,34.3713]],[[-95.3854,34.3653],[-95.3889,34.369],[-95.3846,34.369],[-95.3854,34.3653]],[[-95.3564,34.3517],[-95.352,34.3526],[-95.352,34.349],[-95.3564,34.3517]]],[[[-94.9345,34.5258],[-94.9376,34.5073],[-94.9157,34.5073],[-94.8937,34.5073],[-94.9089,34.5119],[-94.9242,34.5166],[-94.9345,34.5258]]],[[[-94.9201,34.5253],[-94.9026,34.5106],[-94.9025,34.5242],[-94.9201,34.5253]]],[[[-95.1514,34.3285],[-95.1514,34.3311],[-95.1514,34.3342],[-95.1514,34.3408],[-95.1514,34.345],[-95.1588,34.343],[-95.1514,34.3284],[-95.1514,34.3285]]],[[[-95.2516,34.4827],[-95.2473,34.4791],[-95.2473,34.4826],[-95.2516,34.4827]]]]},"properties":{"OBJECTID":86,"state":"Oklahoma","agency":"Oklahoma Department of Wildlife Conservation","unit_type":"WMA","unit_id":" ","unit_name":"Honobia Creek Wildlife Management Area","unit_label":"Oklahoma - Honobia Creek Wildlife Management Area","aliases":"2026 | honobia creek wildlife management area | management area | oklahoma | oklahoma department of wildlife conservation | oklahoma honobia creek wildlife management area | wildlife area | wildlife management area | wma","year":"2026","Shape_Length":184320.1719549978,"Shape_Area":215029419.42637855}},{"type":"Feature","id":87,"geometry":{"type":"Polygon","coordinates":[[[-98.7071,36.4347],[-98.6925,36.4257],[-98.678,36.4168],[-98.6634,36.4078],[-98.6489,36.3988],[-98.6404,36.4167],[-98.6319,36.4345],[-98.6507,36.4346],[-98.6695,36.4346],[-98.6883,36.4347],[-98.7071,36.4347]]]},"properties":{"OBJECTID":87,"state":"Oklahoma","agency":"Oklahoma Department of Wildlife Conservation","unit_type":"WMA","unit_id":" ","unit_name":"Sandhills Wildlife Management Area","unit_label":"Oklahoma - Sandhills Wildlife Management Area","aliases":"2026 | management area | oklahoma | oklahoma department of wildlife conservation | oklahoma sandhills wildlife management area | sandhills wildlife management area | wildlife area | wildlife management area | wma","year":"2026","Shape_Length":17499.893959844696,"Shape_Area":13366438.679488828}},{"type":"Feature","id":88,"geometry":{"type":"MultiPolygon","coordinates":[[[[-96.4184,35.9785],[-96.4078,35.9705],[-96.3971,35.9624],[-96.3865,35.9543],[-96.3759,35.9462],[-96.3653,35.9381],[-96.3547,35.93],[-96.3441,35.922],[-96.3335,35.9139],[-96.3301,35.9385],[-96.3266,35.9631],[-96.3496,35.9669],[-96.3725,35.9708],[-96.3954,35.9747],[-96.4184,35.9785]]],[[[-96.3066,35.9994],[-96.3111,35.9996],[-96.3111,35.9977],[-96.2955,35.9979],[-96.2799,35.9981],[-96.2889,35.9985],[-96.3066,35.9994]]],[[[-96.3111,35.9595],[-96.3155,35.9649],[-96.3155,35.9595],[-96.3111,35.9595]]]]},"properties":{"OBJECTID":88,"state":"Oklahoma","agency":"Oklahoma Department of Wildlife Conservation","unit_type":"WMA","unit_id":" ","unit_name":"Heyburn Wildlife Management Area","unit_label":"Oklahoma - Heyburn Wildlife Management Area","aliases":"2026 | heyburn wildlife management area | management area | oklahoma | oklahoma department of wildlife conservation | oklahoma heyburn wildlife management area | wildlife area | wildlife management area | wma","year":"2026","Shape_Length":31949.013957890453,"Shape_Area":23522254.670075558}},{"type":"Feature","id":89,"geometry":{"type":"Polygon","coordinates":[[[-95.0383,35.7839],[-95.0606,35.7839],[-95.0829,35.7839],[-95.1051,35.784],[-95.1274,35.784],[-95.1272,35.6387],[-95.1094,35.6387],[-95.0915,35.6387],[-95.0736,35.6388],[-95.0558,35.6388],[-95.0472,35.6484],[-95.0386,35.6581],[-95.0383,35.7839]]]},"properties":{"OBJECTID":89,"state":"Oklahoma","agency":"Oklahoma Department of Wildlife Conservation","unit_type":"WMA","unit_id":" ","unit_name":"Cherokee Wildlife Management Area","unit_label":"Oklahoma - Cherokee Wildlife Management Area","aliases":"2026 | cherokee wildlife management area | management area | oklahoma | oklahoma cherokee wildlife management area | oklahoma department of wildlife conservation | wildlife area | wildlife management area | wma","year":"2026","Shape_Length":47410.41073789151,"Shape_Area":127902143.48229551}},{"type":"Feature","id":90,"geometry":{"type":"Polygon","coordinates":[[[-94.5882,35.9154],[-94.6149,35.9117],[-94.5993,35.9081],[-94.5837,35.9045],[-94.5882,35.9154]],[[-94.5882,35.9134],[-94.588,35.914],[-94.5874,35.9132],[-94.5882,35.9134]]]},"properties":{"OBJECTID":90,"state":"Oklahoma","agency":"Oklahoma Department of Wildlife Conservation","unit_type":"WMA","unit_id":" ","unit_name":"Barren Fork Wildlife Management Area","unit_label":"Oklahoma - Barren Fork Wildlife Management Area","aliases":"2026 | barren fork wildlife management area | management area | oklahoma | oklahoma barren fork wildlife management area | oklahoma department of wildlife conservation | wildlife area | wildlife management area | wma","year":"2026","Shape_Length":6842.651837638013,"Shape_Area":1528647.623272043}},{"type":"Feature","id":91,"geometry":{"type":"MultiPolygon","coordinates":[[[[-94.9371,34.8114],[-94.9292,34.8113],[-94.9291,34.8023],[-94.9371,34.8114],[-94.9459,34.7982],[-94.9547,34.7851],[-94.9483,34.7735],[-94.9419,34.7619],[-94.9355,34.7504],[-94.9291,34.7388],[-94.9291,34.746],[-94.9202,34.746],[-94.9291,34.7388],[-94.9116,34.7278],[-94.9029,34.7314],[-94.9072,34.7314],[-94.9071,34.7351],[-94.9029,34.7314],[-94.8984,34.7314],[-94.8982,34.746],[-94.8764,34.7387],[-94.8984,34.7314],[-94.8874,34.7242],[-94.8764,34.7169],[-94.8677,34.7243],[-94.8677,34.7389],[-94.8502,34.7351],[-94.8677,34.7243],[-94.8764,34.7169],[-94.8545,34.7116],[-94.8325,34.7063],[-94.8109,34.7045],[-94.7892,34.7027],[-94.7706,34.6892],[-94.7519,34.6757],[-94.7333,34.6621],[-94.7147,34.6486],[-94.6988,34.6477],[-94.6829,34.6467],[-94.667,34.6458],[-94.6511,34.6449],[-94.6352,34.6439],[-94.6193,34.643],[-94.6034,34.6421],[-94.5875,34.6411],[-94.5832,34.6374],[-94.5875,34.6374],[-94.5875,34.6411],[-94.6051,34.6411],[-94.6226,34.6411],[-94.6401,34.6411],[-94.6576,34.6411],[-94.6751,34.6411],[-94.6926,34.6411],[-94.7101,34.6411],[-94.7276,34.6411],[-94.7145,34.633],[-94.7013,34.6249],[-94.6881,34.6168],[-94.6749,34.6087],[-94.6815,34.5979],[-94.688,34.587],[-94.6945,34.5762],[-94.701,34.5653],[-94.6792,34.5671],[-94.6573,34.5689],[-94.6355,34.5707],[-94.6136,34.5724],[-94.6222,34.5724],[-94.6222,34.5796],[-94.6136,34.5724],[-94.5919,34.5833],[-94.596,34.5833],[-94.596,34.587],[-94.5919,34.5833],[-94.5872,34.5797],[-94.5654,34.587],[-94.5436,34.5943],[-94.5522,34.5797],[-94.5697,34.5797],[-94.5872,34.5797],[-94.5762,34.5689],[-94.5652,34.5581],[-94.5541,34.5472],[-94.5431,34.5364],[-94.5169,34.5357],[-94.5169,34.5256],[-94.49,34.5256],[-94.4632,34.5256],[-94.463,34.5293],[-94.4628,34.5367],[-94.4623,34.5512],[-94.4621,34.5584],[-94.4614,34.5802],[-94.4612,34.5876],[-94.4609,34.5947],[-94.4607,34.6018],[-94.4598,34.6304],[-94.4597,34.634],[-94.4596,34.6377],[-94.4843,34.6376],[-94.5091,34.6374],[-94.509,34.6339],[-94.5134,34.6339],[-94.5091,34.6374],[-94.5091,34.6411],[-94.5001,34.6448],[-94.4797,34.6449],[-94.4593,34.645],[-94.459,34.6561],[-94.4586,34.6667],[-94.4581,34.6816],[-94.4652,34.6832],[-94.4619,34.6853],[-94.458,34.686],[-94.4574,34.7064],[-94.4572,34.71],[-94.4535,34.7622],[-94.4549,34.7823],[-94.4548,34.7859],[-94.4544,34.7967],[-94.4542,34.8039],[-94.453,34.8403],[-94.4725,34.8402],[-94.4919,34.8402],[-94.4963,34.8366],[-94.4963,34.8402],[-94.4919,34.8402],[-94.4966,34.8438],[-94.5239,34.8412],[-94.5513,34.8385],[-94.5787,34.8358],[-94.606,34.8332],[-94.6125,34.815],[-94.6189,34.7968],[-94.6041,34.7964],[-94.5894,34.7959],[-94.5746,34.7955],[-94.5598,34.795],[-94.545,34.7945],[-94.5302,34.7941],[-94.5154,34.7936],[-94.5006,34.7931],[-94.4961,34.7392],[-94.4961,34.7319],[-94.5091,34.7318],[-94.4961,34.7392],[-94.5114,34.748],[-94.5268,34.7569],[-94.5267,34.7605],[-94.5374,34.7696],[-94.5531,34.7749],[-94.5707,34.7678],[-94.5882,34.7606],[-94.5838,34.7606],[-94.5838,34.757],[-94.5882,34.7606],[-94.6057,34.768],[-94.6143,34.7389],[-94.5963,34.7389],[-94.5784,34.7389],[-94.588,34.7316],[-94.6143,34.7353],[-94.6208,34.7544],[-94.6273,34.7734],[-94.6339,34.7925],[-94.6404,34.8115],[-94.6448,34.8122],[-94.6448,34.8115],[-94.6426,34.8115],[-94.6426,34.8097],[-94.6448,34.8115],[-94.6602,34.8134],[-94.6756,34.8153],[-94.6911,34.8171],[-94.7065,34.819],[-94.7064,34.8155],[-94.7109,34.8155],[-94.7065,34.819],[-94.7163,34.8272],[-94.7261,34.8354],[-94.7359,34.8436],[-94.7457,34.8518],[-94.767,34.8544],[-94.7883,34.857],[-94.8096,34.8596],[-94.8309,34.8622],[-94.8458,34.8439],[-94.863,34.8539],[-94.8801,34.8639],[-94.8973,34.8739],[-94.9144,34.884],[-94.9218,34.8585],[-94.9291,34.8331],[-94.9371,34.8114]],[[-94.553,34.6439],[-94.5518,34.644],[-94.552,34.643],[-94.553,34.6439]],[[-94.522,34.6387],[-94.5209,34.6387],[-94.5209,34.6378],[-94.522,34.6387]],[[-94.5265,34.7075],[-94.5195,34.7063],[-94.5265,34.7072],[-94.5265,34.7075]],[[-94.4894,34.6893],[-94.4872,34.6885],[-94.4894,34.6884],[-94.4894,34.6893]],[[-94.6054,34.6946],[-94.5966,34.6947],[-94.5997,34.6941],[-94.6054,34.6946]],[[-94.6661,34.6109],[-94.6596,34.6119],[-94.6631,34.6108],[-94.6661,34.6109]],[[-94.683,34.6733],[-94.6794,34.674],[-94.6823,34.6724],[-94.683,34.6733]],[[-94.5637,34.699],[-94.5615,34.699],[-94.5614,34.6972],[-94.5637,34.699]],[[-94.6954,34.7629],[-94.6931,34.7612],[-94.6953,34.761],[-94.6954,34.7629]],[[-94.592,34.6956],[-94.5721,34.7062],[-94.5811,34.6991],[-94.592,34.6956]],[[-94.5549,34.6702],[-94.5528,34.6702],[-94.5528,34.6666],[-94.5549,34.6702]],[[-94.8967,34.8713],[-94.8922,34.8694],[-94.8966,34.8694],[-94.8967,34.8713]],[[-94.6712,34.7393],[-94.6667,34.7374],[-94.6711,34.7374],[-94.6712,34.7393]],[[-94.6056,34.7589],[-94.6012,34.7589],[-94.6012,34.7571],[-94.6056,34.7589]],[[-94.5519,34.5581],[-94.5518,34.56],[-94.5474,34.5599],[-94.5519,34.5581]],[[-94.8067,34.71],[-94.8024,34.71],[-94.8046,34.7064],[-94.8067,34.71]],[[-94.5702,34.6955],[-94.5637,34.6937],[-94.5702,34.6937],[-94.5702,34.6955]],[[-94.9537,34.786],[-94.9503,34.786],[-94.9504,34.7824],[-94.9537,34.786]],[[-94.5616,34.7063],[-94.5571,34.7026],[-94.5615,34.7026],[-94.5616,34.7063]],[[-94.5177,34.7059],[-94.5012,34.7065],[-94.5003,34.7055],[-94.5177,34.7059]],[[-94.7203,34.7501],[-94.7239,34.7539],[-94.7194,34.7539],[-94.7203,34.7501]],[[-94.5179,34.8111],[-94.5139,34.8111],[-94.5139,34.8074],[-94.5179,34.8111]],[[-94.6049,34.5832],[-94.6006,34.5832],[-94.6006,34.5796],[-94.6049,34.5832]],[[-94.522,34.6555],[-94.5177,34.6555],[-94.5177,34.6519],[-94.522,34.6555]],[[-94.8029,34.777],[-94.7985,34.7788],[-94.7983,34.7751],[-94.8029,34.777]],[[-94.5614,34.6268],[-94.5569,34.6233],[-94.5613,34.6233],[-94.5614,34.6268]],[[-94.7151,34.7937],[-94.7108,34.7937],[-94.7108,34.79],[-94.7151,34.7937]],[[-94.7632,34.8297],[-94.7588,34.8262],[-94.7632,34.8261],[-94.7632,34.8297]],[[-94.8369,34.7136],[-94.8326,34.71],[-94.8369,34.7099],[-94.8369,34.7136]],[[-94.8026,34.7932],[-94.7983,34.7896],[-94.8026,34.7895],[-94.8026,34.7932]],[[-94.4919,34.8257],[-94.4874,34.8257],[-94.4875,34.8221],[-94.4919,34.8257]],[[-94.4831,34.7318],[-94.4787,34.7318],[-94.4787,34.7281],[-94.4831,34.7318]],[[-94.7808,34.8114],[-94.7764,34.8078],[-94.7808,34.8078],[-94.7808,34.8114]],[[-94.7151,34.7829],[-94.7108,34.7792],[-94.7152,34.7792],[-94.7151,34.7829]],[[-94.6909,34.7828],[-94.6865,34.7827],[-94.6865,34.7791],[-94.6909,34.7828]],[[-94.6309,34.5905],[-94.6265,34.5906],[-94.6264,34.587],[-94.6309,34.5905]],[[-94.5967,34.7208],[-94.5922,34.7208],[-94.5922,34.7172],[-94.5967,34.7208]],[[-94.7173,34.6778],[-94.7129,34.6779],[-94.7128,34.6742],[-94.7173,34.6778]],[[-94.6711,34.7648],[-94.6668,34.7647],[-94.6668,34.7611],[-94.6711,34.7648]],[[-94.4738,34.5801],[-94.4692,34.5765],[-94.4737,34.5765],[-94.4738,34.5801]],[[-94.4906,34.5617],[-94.4862,34.5581],[-94.4906,34.5581],[-94.4906,34.5617]],[[-94.4652,34.6741],[-94.4608,34.6741],[-94.4608,34.6704],[-94.4652,34.6741]],[[-94.7984,34.8476],[-94.794,34.8476],[-94.794,34.844],[-94.7984,34.8476]],[[-94.482,34.5691],[-94.4775,34.5655],[-94.4819,34.5654],[-94.482,34.5691]],[[-94.6579,34.7648],[-94.6535,34.7609],[-94.6579,34.761],[-94.6579,34.7648]],[[-94.5219,34.6737],[-94.5176,34.674],[-94.5176,34.67],[-94.5219,34.6737]],[[-94.6845,34.7791],[-94.6779,34.7791],[-94.6779,34.7754],[-94.6845,34.7791]],[[-94.7716,34.7138],[-94.7629,34.712],[-94.7716,34.7102],[-94.7716,34.7138]],[[-94.5607,34.5725],[-94.5564,34.5726],[-94.5563,34.5653],[-94.5607,34.5725]],[[-94.807,34.8004],[-94.7983,34.8004],[-94.7983,34.7968],[-94.807,34.8004]],[[-94.6012,34.7435],[-94.5969,34.7461],[-94.5967,34.7389],[-94.6012,34.7435]],[[-94.6404,34.7174],[-94.6317,34.7174],[-94.6316,34.7138],[-94.6404,34.7174]],[[-94.474,34.7931],[-94.4653,34.7895],[-94.474,34.7895],[-94.474,34.7931]],[[-94.6141,34.7101],[-94.6097,34.7136],[-94.6099,34.7173],[-94.6053,34.7173],[-94.6097,34.7136],[-94.6097,34.7101],[-94.6141,34.7101]],[[-94.5443,34.8075],[-94.5355,34.8111],[-94.5355,34.8075],[-94.5443,34.8075]],[[-94.7366,34.7103],[-94.7322,34.7103],[-94.7322,34.703],[-94.7366,34.7103]],[[-94.7366,34.7176],[-94.7278,34.714],[-94.7366,34.7139],[-94.7366,34.7176]],[[-94.6647,34.7881],[-94.658,34.7935],[-94.658,34.7861],[-94.6647,34.7881]],[[-94.8326,34.7226],[-94.8244,34.7227],[-94.8244,34.7172],[-94.8326,34.7226]],[[-94.7631,34.7898],[-94.7499,34.7863],[-94.7631,34.7862],[-94.7631,34.7898]],[[-94.4816,34.5399],[-94.4773,34.5437],[-94.4772,34.54],[-94.4816,34.5399],[-94.4816,34.5363],[-94.4906,34.5363],[-94.4816,34.5399]],[[-94.6931,34.7682],[-94.6976,34.7643],[-94.6976,34.7683],[-94.6931,34.7682],[-94.6844,34.7682],[-94.6844,34.7718],[-94.6799,34.7718],[-94.6844,34.7682],[-94.6931,34.7682]],[[-94.9114,34.775],[-94.9026,34.7678],[-94.9114,34.7678],[-94.9114,34.775]],[[-94.5173,34.5943],[-94.509,34.5943],[-94.5089,34.5871],[-94.5173,34.5943]],[[-94.6229,34.6741],[-94.6142,34.6668],[-94.6228,34.6668],[-94.6229,34.6741]],[[-94.5001,34.6304],[-94.4914,34.6231],[-94.5,34.6231],[-94.5001,34.6304]],[[-94.6932,34.6813],[-94.6843,34.6759],[-94.6843,34.6744],[-94.6852,34.6752],[-94.689,34.674],[-94.693,34.672],[-94.6932,34.6813]],[[-94.5746,34.6414],[-94.5659,34.6447],[-94.5615,34.6374],[-94.5746,34.6414]],[[-94.5443,34.7296],[-94.5354,34.7314],[-94.5355,34.7244],[-94.5443,34.7296]],[[-94.6581,34.703],[-94.6493,34.6958],[-94.6581,34.6958],[-94.6581,34.703]],[[-94.9115,34.8403],[-94.9028,34.833],[-94.9115,34.8331],[-94.9115,34.8403]],[[-94.8244,34.739],[-94.8156,34.739],[-94.8156,34.7318],[-94.8244,34.739]],[[-94.4826,34.6231],[-94.4738,34.6159],[-94.4826,34.6158],[-94.4826,34.6231]],[[-94.6835,34.5871],[-94.6747,34.5871],[-94.6747,34.5798],[-94.6835,34.5871]],[[-94.5702,34.6811],[-94.5613,34.6811],[-94.5614,34.6738],[-94.5702,34.6811]],[[-94.6571,34.5798],[-94.6481,34.5797],[-94.6484,34.5724],[-94.6571,34.5798]],[[-94.9027,34.8549],[-94.8939,34.8549],[-94.8939,34.8475],[-94.9027,34.8549]],[[-94.9203,34.8258],[-94.9115,34.8186],[-94.9204,34.8185],[-94.9203,34.8258]],[[-94.8939,34.7822],[-94.8851,34.7894],[-94.8851,34.7768],[-94.8939,34.7822]],[[-94.5351,34.6665],[-94.5264,34.6701],[-94.5264,34.6592],[-94.5351,34.6665]],[[-94.7982,34.7788],[-94.7982,34.7788],[-94.7985,34.7788],[-94.7982,34.7788],[-94.7895,34.786],[-94.7895,34.7896],[-94.785,34.7896],[-94.7895,34.786],[-94.7982,34.7788]],[[-94.7543,34.6958],[-94.7454,34.7053],[-94.7455,34.6957],[-94.7543,34.6958]],[[-94.818,34.8402],[-94.8242,34.8549],[-94.8159,34.851],[-94.818,34.8402]],[[-94.6843,34.7321],[-94.6711,34.7357],[-94.671,34.7284],[-94.6843,34.7321]],[[-94.5614,34.6447],[-94.5439,34.6521],[-94.5439,34.6438],[-94.5614,34.6447]],[[-94.8764,34.7637],[-94.8678,34.766],[-94.8677,34.7533],[-94.8764,34.7637]],[[-94.5487,34.822],[-94.5532,34.8239],[-94.5487,34.8239],[-94.5487,34.822],[-94.5267,34.8257],[-94.5378,34.8184],[-94.5487,34.822]],[[-94.5531,34.7387],[-94.5332,34.7459],[-94.5332,34.7386],[-94.5531,34.7387]],[[-94.4993,34.5435],[-94.4994,34.5508],[-94.4817,34.5472],[-94.4993,34.5435]],[[-94.6931,34.7539],[-94.6756,34.7611],[-94.6843,34.7466],[-94.6931,34.7539]],[[-94.5267,34.8098],[-94.5179,34.8257],[-94.5179,34.8111],[-94.5267,34.8098]],[[-94.4916,34.7895],[-94.4825,34.7968],[-94.4741,34.7822],[-94.4916,34.7895]],[[-94.5531,34.7678],[-94.54,34.7677],[-94.5443,34.7533],[-94.5531,34.7678]],[[-94.7629,34.7247],[-94.7717,34.721],[-94.7717,34.7247],[-94.7629,34.7247],[-94.7541,34.7248],[-94.7453,34.7176],[-94.7541,34.7176],[-94.7541,34.7248],[-94.7629,34.7247]],[[-94.8808,34.8257],[-94.8765,34.8402],[-94.859,34.8403],[-94.8699,34.833],[-94.8808,34.8257]],[[-94.5343,34.5653],[-94.5518,34.5617],[-94.552,34.5725],[-94.5343,34.5653],[-94.5257,34.5582],[-94.5345,34.5581],[-94.5343,34.5653]],[[-94.6049,34.5942],[-94.5962,34.6088],[-94.5963,34.616],[-94.5787,34.6124],[-94.5962,34.6088],[-94.5961,34.5942],[-94.6049,34.5942]],[[-94.6843,34.674],[-94.6888,34.674],[-94.6852,34.6751],[-94.6843,34.674],[-94.6823,34.6723],[-94.6755,34.674],[-94.6667,34.674],[-94.658,34.6739],[-94.658,34.6667],[-94.6667,34.674],[-94.6755,34.674],[-94.6842,34.6695],[-94.6843,34.674]],[[-94.6579,34.7248],[-94.658,34.7465],[-94.6404,34.7464],[-94.6492,34.7356],[-94.6579,34.7248],[-94.6579,34.7212],[-94.6623,34.7212],[-94.6579,34.7248]],[[-94.7941,34.8253],[-94.783,34.8329],[-94.7719,34.8405],[-94.7719,34.826],[-94.7941,34.8253]],[[-94.7763,34.797],[-94.772,34.8151],[-94.761,34.808],[-94.7499,34.8009],[-94.7457,34.801],[-94.7457,34.7973],[-94.7499,34.8009],[-94.7763,34.797]],[[-94.7368,34.8047],[-94.7194,34.8082],[-94.702,34.8118],[-94.7018,34.799],[-94.7193,34.8018],[-94.7368,34.8047]],[[-94.8229,34.7931],[-94.8384,34.8003],[-94.854,34.8075],[-94.8696,34.8148],[-94.8852,34.822],[-94.87,34.8211],[-94.8549,34.8202],[-94.8398,34.8193],[-94.8247,34.8184],[-94.8158,34.8035],[-94.8229,34.7931]]],[[[-94.8418,34.8658],[-94.8397,34.8677],[-94.8397,34.8659],[-94.8418,34.8658],[-94.8309,34.8622],[-94.8398,34.8731],[-94.8418,34.8658]]],[[[-94.5431,34.5364],[-94.5256,34.5233],[-94.5257,34.5328],[-94.5431,34.5364]]],[[[-94.6057,34.7715],[-94.597,34.7751],[-94.597,34.7823],[-94.6057,34.7715]]],[[[-94.6197,34.816],[-94.6229,34.8115],[-94.6146,34.8114],[-94.6197,34.816]]],[[[-94.5695,34.5436],[-94.5607,34.5472],[-94.5695,34.5473],[-94.5695,34.5436]]],[[[-94.9291,34.8331],[-94.9371,34.8332],[-94.9371,34.8295],[-94.9291,34.8331]]],[[[-94.5047,34.6375],[-94.5001,34.6412],[-94.5047,34.6412],[-94.5047,34.6375]]],[[[-94.8222,34.8658],[-94.8199,34.8658],[-94.8199,34.8695],[-94.8222,34.8658]]],[[[-94.8224,34.8003],[-94.8202,34.8004],[-94.8203,34.804],[-94.8224,34.8003]]],[[[-94.4619,34.6853],[-94.4619,34.6836],[-94.4584,34.6836],[-94.4619,34.6853]]],[[[-94.5925,34.7353],[-94.588,34.7356],[-94.5966,34.7353],[-94.5925,34.7353]]],[[[-94.6933,34.8308],[-94.6977,34.8299],[-94.6933,34.8299],[-94.6933,34.8308]]]]},"properties":{"OBJECTID":91,"state":"Oklahoma","agency":"Oklahoma Department of Wildlife Conservation","unit_type":"WMA","unit_id":" ","unit_name":"Ouachita Wildlife Management Area - Leflore","unit_label":"Oklahoma - Ouachita Wildlife Management Area - Leflore","aliases":"2026 | management area | oklahoma | oklahoma department of wildlife conservation | oklahoma ouachita wildlife management area leflore | ouachita wildlife management area leflore | wildlife area | wildlife management area | wma","year":"2026","Shape_Length":599889.0607548703,"Shape_Area":941179652.5028324}},{"type":"Feature","id":92,"geometry":{"type":"Polygon","coordinates":[[[-99.333,34.9735],[-99.3267,35.0015],[-99.3204,35.0295],[-99.329,35.0168],[-99.3377,35.0042],[-99.3463,34.9915],[-99.355,34.9788],[-99.3479,34.9596],[-99.3408,34.9405],[-99.333,34.9735]]]},"properties":{"OBJECTID":92,"state":"Oklahoma","agency":"Oklahoma Department of Wildlife Conservation","unit_type":"WMA","unit_id":" ","unit_name":"Altus Lugert Wildlife Management Area","unit_label":"Oklahoma - Altus Lugert Wildlife Management Area","aliases":"2026 | altus lugert wildlife management area | management area | oklahoma | oklahoma altus lugert wildlife management area | oklahoma department of wildlife conservation | wildlife area | wildlife management area | wma","year":"2026","Shape_Length":21094.225576395856,"Shape_Area":10449134.135571547}},{"type":"Feature","id":93,"geometry":{"type":"Polygon","coordinates":[[[-96.0395,34.5061],[-96.0242,34.5134],[-96.0088,34.5207],[-95.9935,34.528],[-95.9782,34.5353],[-95.9674,34.5498],[-95.9906,34.5571],[-96.0138,34.5644],[-96.0203,34.5498],[-96.0267,34.5353],[-96.0331,34.5207],[-96.0395,34.5061]]]},"properties":{"OBJECTID":93,"state":"Oklahoma","agency":"Oklahoma Department of Wildlife Conservation","unit_type":"WMA","unit_id":" ","unit_name":"Atoka Wildlife Management Area","unit_label":"Oklahoma - Atoka Wildlife Management Area","aliases":"2026 | atoka wildlife management area | management area | oklahoma | oklahoma atoka wildlife management area | oklahoma department of wildlife conservation | wildlife area | wildlife management area | wma","year":"2026","Shape_Length":19818.02251779498,"Shape_Area":18605231.885631345}},{"type":"Feature","id":94,"geometry":{"type":"MultiPolygon","coordinates":[[[[-94.6003,33.8375],[-94.609,33.8449],[-94.6002,33.8449],[-94.6003,33.8375],[-94.5829,33.8511],[-94.5654,33.8647],[-94.5655,33.8667],[-94.548,33.8666],[-94.548,33.8666],[-94.548,33.8723],[-94.548,33.8739],[-94.5353,33.8739],[-94.5199,33.892],[-94.5046,33.9102],[-94.5262,33.9102],[-94.5447,33.9048],[-94.5632,33.8994],[-94.5817,33.8939],[-94.6002,33.8885],[-94.6045,33.8794],[-94.6219,33.8693],[-94.6394,33.8593],[-94.6526,33.8438],[-94.6264,33.8407],[-94.6003,33.8375]],[[-94.5741,33.8776],[-94.5784,33.874],[-94.5784,33.8818],[-94.5741,33.8776]],[[-94.635,33.8593],[-94.6177,33.863],[-94.6177,33.8522],[-94.635,33.8593]]],[[[-94.4874,33.8884],[-94.4981,33.8776],[-94.5089,33.8668],[-94.4958,33.8666],[-94.496,33.863],[-94.5001,33.863],[-94.5001,33.862],[-94.5045,33.8583],[-94.5001,33.8486],[-94.5001,33.8522],[-94.4843,33.8593],[-94.4797,33.8593],[-94.4836,33.8811],[-94.4836,33.8811],[-94.4835,33.8848],[-94.4874,33.8884]]],[[[-94.6176,33.8957],[-94.6264,33.8738],[-94.6089,33.8812],[-94.6176,33.8957]]],[[[-94.5309,33.8141],[-94.5221,33.8231],[-94.5396,33.8231],[-94.5309,33.8141]]],[[[-94.5392,33.863],[-94.5196,33.8668],[-94.5176,33.8668],[-94.5176,33.8668],[-94.5306,33.8703],[-94.5392,33.863]]],[[[-94.4874,33.8884],[-94.4834,33.8884],[-94.4829,33.9029],[-94.4874,33.8884]]],[[[-94.6438,33.8882],[-94.6373,33.8738],[-94.6351,33.8883],[-94.6438,33.8882]]],[[[-94.6857,33.7904],[-94.6944,33.794],[-94.6891,33.785],[-94.6814,33.7904],[-94.6857,33.7904]]],[[[-94.586,33.7504],[-94.5817,33.7577],[-94.5904,33.7577],[-94.586,33.7504]]],[[[-94.5468,33.7398],[-94.5381,33.736],[-94.5381,33.7404],[-94.5468,33.7432],[-94.5468,33.7432],[-94.5468,33.7398]]],[[[-94.4852,33.8285],[-94.4958,33.8267],[-94.4958,33.824],[-94.4852,33.8267],[-94.4852,33.8285]]],[[[-94.599,33.7577],[-94.599,33.7504],[-94.5933,33.7505],[-94.599,33.7577]]],[[[-94.683,33.852],[-94.6873,33.8475],[-94.6786,33.8467],[-94.683,33.852]]],[[[-94.5395,33.8122],[-94.5395,33.8086],[-94.5308,33.8086],[-94.5395,33.8122]]],[[[-94.5167,33.7178],[-94.5167,33.7142],[-94.5123,33.7142],[-94.5167,33.7178]]],[[[-94.5342,33.7215],[-94.5298,33.7178],[-94.5298,33.7215],[-94.5342,33.7215]]],[[[-94.5557,33.7105],[-94.5554,33.7142],[-94.5598,33.7142],[-94.5557,33.7105]]],[[[-94.5729,33.7614],[-94.5686,33.7595],[-94.5686,33.7614],[-94.5729,33.7614]]],[[[-94.5663,33.7325],[-94.5641,33.7306],[-94.5642,33.7325],[-94.5663,33.7325]]]]},"properties":{"OBJECTID":94,"state":"Oklahoma","agency":"Oklahoma Department of Wildlife Conservation","unit_type":"WMA","unit_id":" ","unit_name":"Herron Family Wildlife Management Area","unit_label":"Oklahoma - Herron Family Wildlife Management Area","aliases":"2026 | herron family wildlife management area | management area | oklahoma | oklahoma department of wildlife conservation | oklahoma herron family wildlife management area | wildlife area | wildlife management area | wma","year":"2026","Shape_Length":102771.36868903096,"Shape_Area":55092600.20522125}},{"type":"Feature","id":95,"geometry":{"type":"Polygon","coordinates":[[[-94.4915,33.9975],[-94.4958,34.012],[-94.4959,33.9975],[-94.4915,33.9975]]]},"properties":{"OBJECTID":95,"state":"Oklahoma","agency":"Oklahoma Department of Wildlife Conservation","unit_type":"WMA","unit_id":" ","unit_name":"Three Rivers Wildlife Management Area","unit_label":"Oklahoma - Three Rivers Wildlife Management Area","aliases":"2026 | management area | oklahoma | oklahoma department of wildlife conservation | oklahoma three rivers wildlife management area | three rivers wildlife management area | wildlife area | wildlife management area | wma","year":"2026","Shape_Length":3686.248556508637,"Shape_Area":323018.3297201478}},{"type":"Feature","id":96,"geometry":{"type":"MultiPolygon","coordinates":[[[[-96.0154,35.6826],[-96.0375,35.6809],[-96.0597,35.6792],[-96.0818,35.6776],[-96.104,35.6759],[-96.0927,35.6603],[-96.0814,35.6448],[-96.0702,35.6292],[-96.0589,35.6136],[-96.0426,35.6154],[-96.0263,35.6171],[-96.0208,35.6499],[-96.0154,35.6826]]],[[[-96.0959,35.6792],[-96.1019,35.7046],[-96.1041,35.6792],[-96.0959,35.6792]]]]},"properties":{"OBJECTID":96,"state":"Oklahoma","agency":"Oklahoma Department of Wildlife Conservation","unit_type":"WMA","unit_id":" ","unit_name":"Okmulgee Wildlife Management Area","unit_label":"Oklahoma - Okmulgee Wildlife Management Area","aliases":"2026 | management area | oklahoma | oklahoma department of wildlife conservation | oklahoma okmulgee wildlife management area | okmulgee wildlife management area | wildlife area | wildlife management area | wma","year":"2026","Shape_Length":32864.25328547347,"Shape_Area":40789664.33919672}},{"type":"Feature","id":97,"geometry":{"type":"Polygon","coordinates":[[[-101.0263,36.4926],[-100.9994,36.4923],[-100.9725,36.4919],[-100.9455,36.4916],[-100.9186,36.4912],[-100.8917,36.4909],[-100.8648,36.4905],[-100.8379,36.4901],[-100.811,36.4898],[-100.8173,36.5199],[-100.8236,36.5501],[-100.83,36.5802],[-100.8363,36.6104],[-100.8426,36.6405],[-100.849,36.6707],[-100.8553,36.7008],[-100.8617,36.731],[-100.8638,36.7645],[-100.8659,36.7979],[-100.868,36.8314],[-100.8701,36.8648],[-100.8722,36.8983],[-100.8743,36.9317],[-100.8765,36.9652],[-100.8786,36.9987],[-100.881,36.9987],[-100.8817,36.9987],[-100.9055,36.9986],[-100.9294,36.9985],[-100.9466,36.9985],[-100.9639,36.9985],[-100.9812,36.9985],[-100.9984,36.9984],[-101.0157,36.9984],[-101.0329,36.9984],[-101.0502,36.9984],[-101.0674,36.9984],[-101.0847,36.9983],[-101.102,36.9983],[-101.1192,36.9983],[-101.1365,36.9982],[-101.1537,36.9982],[-101.171,36.9982],[-101.1882,36.9981],[-101.2055,36.9981],[-101.2228,36.998],[-101.24,36.998],[-101.2573,36.9979],[-101.2745,36.9979],[-101.2918,36.9978],[-101.309,36.9978],[-101.3263,36.9977],[-101.3436,36.9976],[-101.3608,36.9976],[-101.3781,36.9975],[-101.3953,36.9974],[-101.4126,36.9974],[-101.4298,36.9973],[-101.4471,36.9972],[-101.4643,36.9971],[-101.4816,36.997],[-101.4989,36.997],[-101.5161,36.9969],[-101.5334,36.9968],[-101.5506,36.9967],[-101.5679,36.9966],[-101.5851,36.9965],[-101.6024,36.9964],[-101.6197,36.9963],[-101.6369,36.9962],[-101.6542,36.9961],[-101.6714,36.996],[-101.6887,36.9959],[-101.7059,36.9957],[-101.7232,36.9956],[-101.7405,36.9955],[-101.7577,36.9954],[-101.775,36.9953],[-101.7922,36.9951],[-101.8095,36.995],[-101.8267,36.9949],[-101.844,36.9947],[-101.8612,36.9946],[-101.8785,36.9944],[-101.8958,36.9943],[-101.913,36.9942],[-101.9303,36.994],[-101.9475,36.9939],[-101.9648,36.9937],[-101.982,36.9936],[-101.9993,36.9934],[-102.0165,36.9932],[-102.0338,36.9931],[-102.0421,36.9933],[-102.0421,36.9933],[-102.0573,36.9936],[-102.0725,36.9939],[-102.0876,36.9943],[-102.1028,36.9946],[-102.118,36.9949],[-102.1332,36.9952],[-102.1484,36.9955],[-102.1635,36.9959],[-102.1787,36.9962],[-102.1939,36.9965],[-102.2091,36.9968],[-102.2243,36.9971],[-102.2394,36.9974],[-102.2546,36.9977],[-102.2698,36.998],[-102.285,36.9983],[-102.3002,36.9986],[-102.3154,36.9989],[-102.3305,36.9992],[-102.3457,36.9995],[-102.3609,36.9998],[-102.3761,37.0001],[-102.3913,37.0004],[-102.4064,37.0007],[-102.4216,37.001],[-102.4368,37.0013],[-102.452,37.0016],[-102.4672,37.0018],[-102.4824,37.0021],[-102.4975,37.0024],[-102.5127,37.0027],[-102.5279,37.0029],[-102.5429,37.0032],[-102.5579,37.0035],[-102.5729,37.0037],[-102.5879,37.004],[-102.6029,37.0043],[-102.618,37.0045],[-102.633,37.0048],[-102.648,37.005],[-102.663,37.0053],[-102.678,37.0056],[-102.693,37.0058],[-102.708,37.006],[-102.723,37.0063],[-102.738,37.0065],[-102.753,37.0068],[-102.768,37.007],[-102.783,37.0073],[-102.7981,37.0075],[-102.8131,37.0077],[-102.8281,37.008],[-102.8431,37.0082],[-102.8581,37.0084],[-102.8731,37.0087],[-102.8881,37.0089],[-102.9031,37.0091],[-102.9181,37.0093],[-102.9331,37.0096],[-102.9482,37.0098],[-102.9632,37.01],[-102.9782,37.0102],[-102.9932,37.0104],[-103.0082,37.0106],[-103.008,37.0001],[-103.008,37.0001],[-103.0066,36.9105],[-103.0052,36.8208],[-103.0038,36.7312],[-103.0024,36.6415],[-103.0013,36.571],[-103.0002,36.5004],[-102.9783,36.5005],[-102.9564,36.5006],[-102.9344,36.5006],[-102.9125,36.5007],[-102.8945,36.5007],[-102.8764,36.5008],[-102.8588,36.5008],[-102.8411,36.5009],[-102.8234,36.5009],[-102.8058,36.501],[-102.7881,36.501],[-102.7704,36.501],[-102.7528,36.5011],[-102.7351,36.5011],[-102.7174,36.5011],[-102.6997,36.5011],[-102.6821,36.5012],[-102.6644,36.5012],[-102.6467,36.5012],[-102.6291,36.5012],[-102.6114,36.5012],[-102.5937,36.5012],[-102.589,36.5012],[-102.571,36.5012],[-102.553,36.5012],[-102.544,36.5012],[-102.5221,36.5012],[-102.5001,36.5012],[-102.4782,36.5012],[-102.4563,36.5012],[-102.4344,36.5012],[-102.4124,36.5012],[-102.3905,36.5012],[-102.3686,36.5011],[-102.3466,36.5011],[-102.3247,36.5011],[-102.3028,36.501],[-102.2808,36.501],[-102.2589,36.501],[-102.237,36.5009],[-102.215,36.5009],[-102.1931,36.5008],[-102.1641,36.5007],[-102.135,36.5006],[-102.106,36.5005],[-102.077,36.5004],[-102.062,36.5004],[-102.047,36.5003],[-102.032,36.5003],[-102.017,36.5002],[-102.002,36.5002],[-101.987,36.5001],[-101.972,36.5],[-101.957,36.5],[-101.9423,36.4999],[-101.9221,36.4998],[-101.902,36.4997],[-101.8818,36.4996],[-101.8616,36.4995],[-101.8415,36.4994],[-101.8213,36.4993],[-101.8011,36.4992],[-101.781,36.4991],[-101.7608,36.499],[-101.7406,36.4989],[-101.7205,36.4987],[-101.7003,36.4986],[-101.6802,36.4985],[-101.66,36.4983],[-101.6398,36.4982],[-101.6197,36.4981],[-101.5963,36.4979],[-101.573,36.4977],[-101.5497,36.4976],[-101.5264,36.4974],[-101.5027,36.4972],[-101.4791,36.497],[-101.4568,36.4968],[-101.4346,36.4966],[-101.4123,36.4965],[-101.39,36.4963],[-101.364,36.496],[-101.338,36.4958],[-101.3119,36.4956],[-101.2859,36.4953],[-101.2697,36.4952],[-101.2535,36.495],[-101.2372,36.4948],[-101.221,36.4947],[-101.2048,36.4945],[-101.1886,36.4944],[-101.1723,36.4942],[-101.1561,36.494],[-101.1399,36.4939],[-101.1236,36.4937],[-101.1074,36.4935],[-101.0912,36.4933],[-101.075,36.4931],[-101.0587,36.493],[-101.0425,36.4928],[-101.0263,36.4926]]]},"properties":{"OBJECTID":97,"state":"Oklahoma","agency":"Oklahoma Department of Wildlife Conservation","unit_type":"Antlerless Deer Zones","unit_id":"1","unit_name":"Zone 1","unit_label":"Oklahoma Antlerless Deer Zones 1 - Zone 1","aliases":"1 | 1 zone 1 | 2026 | antlerless deer zones | antlerless deer zones 1 | antlerless deer zones 1 zone 1 | deer hunt zone | deer hunt zone 1 | deer hunt zone 1 zone 1 | deer unit | deer unit 1 | deer unit 1 zone 1 | deer zone | deer zone 1 | deer zone 1 zo","year":"2026","Shape_Length":496672.82452312164,"Shape_Area":10674232444.991161}},{"type":"Feature","id":98,"geometry":{"type":"Polygon","coordinates":[[[-97.0297,35.9856],[-97.0006,35.986],[-96.9716,35.9864],[-96.9425,35.9867],[-96.9135,35.9871],[-96.8844,35.9875],[-96.8554,35.9878],[-96.8263,35.9882],[-96.7973,35.9885],[-96.7682,35.9889],[-96.7392,35.9892],[-96.7101,35.9895],[-96.6811,35.9898],[-96.652,35.9901],[-96.623,35.9904],[-96.5939,35.9907],[-96.5649,35.991],[-96.5494,35.9954],[-96.534,35.9998],[-96.5185,36.0043],[-96.5031,36.0087],[-96.4791,36.0076],[-96.4551,36.0064],[-96.4311,36.0053],[-96.4071,36.0042],[-96.3831,36.003],[-96.3591,36.0019],[-96.3351,36.0008],[-96.3111,35.9996],[-96.3066,35.9994],[-96.2889,35.9985],[-96.2799,35.9981],[-96.2597,35.9971],[-96.2395,35.9962],[-96.2193,35.9952],[-96.1991,35.9942],[-96.1779,35.9998],[-96.1567,36.0054],[-96.1355,36.011],[-96.1143,36.0165],[-96.1025,36.0267],[-96.0907,36.0369],[-96.079,36.047],[-96.0672,36.0572],[-96.0554,36.0674],[-96.0436,36.0776],[-96.0318,36.0877],[-96.02,36.0979],[-96.0109,36.1191],[-96.0018,36.1403],[-95.9932,36.1557],[-95.9846,36.1711],[-95.976,36.1865],[-95.9674,36.202],[-95.9588,36.2174],[-95.9502,36.2328],[-95.9416,36.2483],[-95.933,36.2637],[-95.9308,36.3319],[-95.9287,36.4001],[-95.9265,36.4684],[-95.9244,36.5366],[-95.9263,36.5784],[-95.9283,36.6202],[-95.9302,36.662],[-95.9322,36.7037],[-95.9342,36.7455],[-95.9362,36.7873],[-95.9381,36.8291],[-95.9401,36.8709],[-95.9366,36.9035],[-95.9331,36.9362],[-95.9327,36.9399],[-95.9316,36.95],[-95.9313,36.9531],[-95.93,36.9652],[-95.9269,36.9932],[-95.9263,36.9993],[-95.9288,36.9993],[-95.9514,36.9994],[-95.9739,36.9994],[-95.9965,36.9995],[-96.0191,36.9995],[-96.0417,36.9996],[-96.0643,36.9996],[-96.0869,36.9996],[-96.1095,36.9997],[-96.1321,36.9997],[-96.1547,36.9997],[-96.1773,36.9997],[-96.1999,36.9998],[-96.2225,36.9998],[-96.2451,36.9998],[-96.2677,36.9998],[-96.2903,36.9998],[-96.3129,36.9997],[-96.3355,36.9997],[-96.3581,36.9997],[-96.3807,36.9997],[-96.4033,36.9997],[-96.4259,36.9996],[-96.4485,36.9996],[-96.4711,36.9996],[-96.4937,36.9995],[-96.5163,36.9995],[-96.5389,36.9994],[-96.5615,36.9994],[-96.5841,36.9993],[-96.6067,36.9992],[-96.6293,36.9992],[-96.6519,36.9991],[-96.6687,36.9991],[-96.6855,36.9991],[-96.7024,36.9992],[-96.7192,36.9992],[-96.736,36.9992],[-96.7529,36.9992],[-96.7697,36.9992],[-96.7865,36.9992],[-96.8034,36.9992],[-96.8202,36.9992],[-96.837,36.9992],[-96.8539,36.9992],[-96.8707,36.9992],[-96.8875,36.9992],[-96.9044,36.9992],[-96.9212,36.9992],[-96.9349,36.9991],[-96.956,36.9991],[-96.977,36.9992],[-96.9981,36.9992],[-97.0192,36.9992],[-97.0402,36.9993],[-97.0613,36.9993],[-97.0823,36.9993],[-97.1034,36.9993],[-97.1245,36.9994],[-97.1455,36.9994],[-97.1666,36.9994],[-97.1876,36.9994],[-97.2087,36.9994],[-97.2297,36.9994],[-97.2508,36.9994],[-97.2719,36.9994],[-97.2929,36.9993],[-97.314,36.9993],[-97.335,36.9993],[-97.3561,36.9993],[-97.3772,36.9993],[-97.3982,36.9992],[-97.4193,36.9992],[-97.4403,36.9991],[-97.4614,36.9991],[-97.4825,36.9991],[-97.5035,36.999],[-97.5246,36.999],[-97.5456,36.9989],[-97.5667,36.9988],[-97.5878,36.9988],[-97.6088,36.9987],[-97.6361,36.9987],[-97.6634,36.9987],[-97.6907,36.9988],[-97.718,36.9988],[-97.7453,36.9988],[-97.7726,36.9988],[-97.7999,36.9988],[-97.8272,36.9987],[-97.8544,36.9987],[-97.8817,36.9987],[-97.909,36.9987],[-97.9363,36.9986],[-97.9636,36.9986],[-97.9909,36.9985],[-98.0182,36.9985],[-98.0455,36.9984],[-98.0614,36.9984],[-98.0774,36.9983],[-98.0933,36.9983],[-98.1092,36.9983],[-98.1252,36.9982],[-98.1411,36.9982],[-98.157,36.9981],[-98.173,36.9981],[-98.1889,36.9981],[-98.2049,36.998],[-98.2208,36.998],[-98.2367,36.9979],[-98.2527,36.9979],[-98.2686,36.9978],[-98.2845,36.9977],[-98.3005,36.9977],[-98.3201,36.9978],[-98.3398,36.9979],[-98.3594,36.9981],[-98.3791,36.9982],[-98.3987,36.9983],[-98.4184,36.9984],[-98.438,36.9985],[-98.4577,36.9986],[-98.4773,36.9987],[-98.497,36.9988],[-98.5166,36.9989],[-98.5363,36.999],[-98.5559,36.9991],[-98.5756,36.9992],[-98.5952,36.9993],[-98.6148,36.9994],[-98.6345,36.9995],[-98.6541,36.9995],[-98.6738,36.9996],[-98.6934,36.9997],[-98.7131,36.9997],[-98.7327,36.9998],[-98.7524,36.9999],[-98.772,36.9999],[-98.7917,37.0],[-98.8113,37.0],[-98.831,37.0001],[-98.8506,37.0001],[-98.8703,37.0001],[-98.8899,37.0002],[-98.9096,37.0002],[-98.9292,37.0002],[-98.9489,37.0003],[-98.9685,37.0003],[-98.9882,37.0003],[-99.0078,37.0003],[-99.0275,37.0004],[-99.0471,37.0004],[-99.0668,37.0004],[-99.0864,37.0004],[-99.1061,37.0004],[-99.1257,37.0004],[-99.1454,37.0004],[-99.165,37.0004],[-99.1847,37.0004],[-99.2043,37.0003],[-99.224,37.0003],[-99.2436,37.0003],[-99.2633,37.0003],[-99.2829,37.0003],[-99.3026,37.0002],[-99.3222,37.0002],[-99.3419,37.0002],[-99.3615,37.0001],[-99.3812,37.0001],[-99.4008,37.0],[-99.4205,37.0],[-99.4401,36.9999],[-99.4598,36.9999],[-99.4794,36.9998],[-99.4991,36.9997],[-99.5187,36.9997],[-99.5384,36.9996],[-99.558,36.9995],[-99.5843,36.9997],[-99.6106,36.9999],[-99.6369,37.0],[-99.6632,37.0002],[-99.6894,37.0003],[-99.7157,37.0005],[-99.742,37.0006],[-99.7683,37.0008],[-99.7946,37.0009],[-99.8209,37.001],[-99.8472,37.0011],[-99.8735,37.0012],[-99.8997,37.0013],[-99.926,37.0014],[-99.9523,37.0015],[-99.9786,37.0016],[-100.0066,37.0016],[-100.0345,37.0016],[-100.0625,37.0016],[-100.0905,37.0016],[-100.1184,37.0016],[-100.1464,37.0016],[-100.1744,37.0015],[-100.2023,37.0015],[-100.2303,37.0015],[-100.2583,37.0014],[-100.2862,37.0014],[-100.3142,37.0013],[-100.3422,37.0012],[-100.3701,37.0012],[-100.3981,37.0011],[-100.4261,37.001],[-100.454,37.0009],[-100.482,37.0008],[-100.51,37.0007],[-100.5379,37.0006],[-100.5659,37.0005],[-100.5938,37.0003],[-100.6218,37.0002],[-100.6498,37.0001],[-100.6777,36.9999],[-100.7057,36.9998],[-100.7337,36.9996],[-100.7616,36.9994],[-100.7896,36.9993],[-100.8176,36.9991],[-100.8455,36.9989],[-100.8735,36.9987],[-100.8786,36.9987],[-100.8765,36.9652],[-100.8743,36.9317],[-100.8722,36.8983],[-100.8701,36.8648],[-100.868,36.8314],[-100.8659,36.7979],[-100.8638,36.7645],[-100.8617,36.731],[-100.8553,36.7008],[-100.849,36.6707],[-100.8426,36.6405],[-100.8363,36.6104],[-100.83,36.5802],[-100.8236,36.5501],[-100.8173,36.5199],[-100.811,36.4898],[-100.7842,36.4902],[-100.7574,36.4906],[-100.7306,36.491],[-100.7038,36.4914],[-100.677,36.4918],[-100.6502,36.4922],[-100.6234,36.4926],[-100.5965,36.493],[-100.5697,36.4934],[-100.5429,36.4938],[-100.5161,36.4941],[-100.4893,36.4945],[-100.4625,36.4949],[-100.4357,36.4952],[-100.4089,36.4956],[-100.3821,36.4959],[-100.3582,36.4962],[-100.3342,36.4965],[-100.3103,36.4968],[-100.2863,36.4971],[-100.2594,36.4975],[-100.2306,36.4978],[-100.2139,36.498],[-100.1848,36.4983],[-100.1615,36.4986],[-100.1383,36.4989],[-100.115,36.4991],[-100.0918,36.4994],[-100.0685,36.4996],[-100.0453,36.4999],[-100.022,36.5001],[-99.9988,36.5004],[-99.9989,36.1393],[-99.9823,36.1394],[-99.9656,36.1395],[-99.9489,36.1396],[-99.9322,36.1397],[-99.9155,36.1398],[-99.8989,36.1398],[-99.8822,36.1399],[-99.8655,36.14],[-99.8488,36.14],[-99.8321,36.1401],[-99.8155,36.1402],[-99.7988,36.1402],[-99.7821,36.1403],[-99.7654,36.1404],[-99.7487,36.1404],[-99.7321,36.1405],[-99.7154,36.1405],[-99.6987,36.1406],[-99.682,36.1406],[-99.6653,36.1407],[-99.6487,36.1407],[-99.632,36.1408],[-99.6153,36.1408],[-99.5986,36.1408],[-99.5819,36.1409],[-99.5653,36.1409],[-99.5486,36.1409],[-99.5319,36.141],[-99.5152,36.141],[-99.4985,36.141],[-99.4819,36.141],[-99.4652,36.141],[-99.4485,36.1411],[-99.4318,36.1411],[-99.4151,36.1411],[-99.3985,36.1411],[-99.3818,36.1411],[-99.3651,36.1411],[-99.3484,36.1411],[-99.3318,36.1411],[-99.3151,36.1411],[-99.2984,36.1411],[-99.2817,36.1411],[-99.265,36.1411],[-99.2484,36.1411],[-99.2317,36.141],[-99.215,36.141],[-99.1983,36.141],[-99.1816,36.141],[-99.165,36.141],[-99.1483,36.1409],[-99.1316,36.1409],[-99.1149,36.1409],[-99.0982,36.1408],[-99.0816,36.1408],[-99.0649,36.1408],[-99.0482,36.1407],[-99.0315,36.1407],[-99.0148,36.1406],[-98.9982,36.1406],[-98.9815,36.1405],[-98.9648,36.1405],[-98.9481,36.1404],[-98.9314,36.1404],[-98.921,36.131],[-98.9106,36.1215],[-98.9002,36.1121],[-98.8898,36.1027],[-98.8794,36.0933],[-98.869,36.0839],[-98.8586,36.0745],[-98.8483,36.0651],[-98.8379,36.0557],[-98.8275,36.0462],[-98.8171,36.0368],[-98.8067,36.0274],[-98.7963,36.018],[-98.786,36.0086],[-98.7756,35.9992],[-98.7652,35.9897],[-98.7549,35.9803],[-98.7445,35.9709],[-98.7341,35.9615],[-98.7238,35.952],[-98.7134,35.9426],[-98.7031,35.9332],[-98.6927,35.9238],[-98.6824,35.9143],[-98.672,35.9049],[-98.6617,35.8955],[-98.6513,35.886],[-98.641,35.8766],[-98.6307,35.8672],[-98.6203,35.8577],[-98.61,35.8483],[-98.5997,35.8389],[-98.5781,35.839],[-98.5566,35.8391],[-98.535,35.8392],[-98.5134,35.8394],[-98.4919,35.8395],[-98.4703,35.8396],[-98.4488,35.8397],[-98.4272,35.8398],[-98.4098,35.8399],[-98.3924,35.84],[-98.375,35.8401],[-98.3576,35.8401],[-98.3402,35.8402],[-98.3228,35.8403],[-98.3054,35.8404],[-98.288,35.8404],[-98.2706,35.8405],[-98.2532,35.8406],[-98.2358,35.8406],[-98.2184,35.8407],[-98.201,35.8407],[-98.1836,35.8408],[-98.1662,35.8408],[-98.1488,35.8409],[-98.1312,35.8515],[-98.1136,35.8622],[-98.0939,35.8625],[-98.0741,35.8627],[-98.0544,35.863],[-98.0347,35.8632],[-98.0149,35.8635],[-97.9952,35.8637],[-97.9754,35.864],[-97.9557,35.8642],[-97.936,35.8644],[-97.9162,35.8647],[-97.8965,35.8649],[-97.8767,35.8651],[-97.857,35.8653],[-97.8373,35.8656],[-97.8175,35.8658],[-97.7978,35.866],[-97.7784,35.8522],[-97.759,35.8384],[-97.736,35.8382],[-97.713,35.838],[-97.69,35.8378],[-97.667,35.8377],[-97.6562,35.8471],[-97.6454,35.8565],[-97.6347,35.866],[-97.6239,35.8754],[-97.6086,35.8755],[-97.5932,35.8756],[-97.5779,35.8756],[-97.5626,35.8757],[-97.5472,35.8758],[-97.5319,35.8759],[-97.5166,35.8759],[-97.5013,35.876],[-97.4859,35.876],[-97.4706,35.8761],[-97.4553,35.8761],[-97.4399,35.8762],[-97.4246,35.8763],[-97.4093,35.8763],[-97.394,35.8764],[-97.3786,35.8764],[-97.3697,35.8855],[-97.3607,35.8947],[-97.3518,35.9038],[-97.3428,35.913],[-97.3339,35.9221],[-97.3249,35.9313],[-97.316,35.9404],[-97.307,35.9496],[-97.2867,35.9579],[-97.2663,35.9662],[-97.246,35.9745],[-97.2256,35.9828],[-97.2011,35.9831],[-97.1766,35.9835],[-97.1521,35.9839],[-97.1277,35.9842],[-97.1032,35.9846],[-97.0787,35.9849],[-97.0542,35.9852],[-97.0297,35.9856]]]},"properties":{"OBJECTID":98,"state":"Oklahoma","agency":"Oklahoma Department of Wildlife Conservation","unit_type":"Antlerless Deer Zones","unit_id":"2","unit_name":"Zone 2","unit_label":"Oklahoma Antlerless Deer Zones 2 - Zone 2","aliases":"2 | 2 zone 2 | 2026 | antlerless deer zones | antlerless deer zones 2 | antlerless deer zones 2 zone 2 | deer hunt zone | deer hunt zone 2 | deer hunt zone 2 zone 2 | deer unit | deer unit 2 | deer unit 2 zone 2 | deer zone | deer zone 2 | deer zone 2 zo","year":"2026","Shape_Length":1093539.5194232992,"Shape_Area":44960507610.950005}},{"type":"Feature","id":99,"geometry":{"type":"Polygon","coordinates":[[[-96.0018,36.1403],[-95.9774,36.1356],[-95.953,36.131],[-95.9287,36.1264],[-95.9043,36.1217],[-95.8912,36.1317],[-95.8781,36.1416],[-95.865,36.1515],[-95.8518,36.1614],[-95.8293,36.163],[-95.8068,36.1645],[-95.7842,36.166],[-95.7617,36.1675],[-95.7474,36.1862],[-95.7332,36.2048],[-95.719,36.2234],[-95.7047,36.242],[-95.6901,36.254],[-95.6755,36.2659],[-95.6609,36.2778],[-95.6462,36.2897],[-95.6316,36.3017],[-95.617,36.3136],[-95.6023,36.3255],[-95.5877,36.3374],[-95.578,36.3497],[-95.5683,36.362],[-95.5586,36.3743],[-95.5489,36.3866],[-95.5392,36.3989],[-95.5295,36.4112],[-95.5198,36.4235],[-95.5101,36.4357],[-95.5004,36.448],[-95.4907,36.4603],[-95.481,36.4726],[-95.4713,36.4849],[-95.4615,36.4971],[-95.4518,36.5094],[-95.4421,36.5217],[-95.4324,36.534],[-95.4135,36.5376],[-95.3945,36.5412],[-95.3756,36.5448],[-95.3567,36.5484],[-95.3457,36.5574],[-95.3347,36.5665],[-95.3237,36.5755],[-95.3127,36.5846],[-95.3017,36.5937],[-95.2907,36.6027],[-95.2797,36.6118],[-95.2687,36.6208],[-95.2507,36.6229],[-95.2328,36.6249],[-95.2149,36.627],[-95.197,36.629],[-95.179,36.6311],[-95.1611,36.6331],[-95.1432,36.6351],[-95.1252,36.6372],[-95.1021,36.6473],[-95.0789,36.6575],[-95.0557,36.6677],[-95.0325,36.6779],[-95.0093,36.688],[-94.9861,36.6982],[-94.9628,36.7083],[-94.9396,36.7185],[-94.9209,36.7337],[-94.9022,36.7489],[-94.8954,36.7623],[-94.8886,36.7758],[-94.8818,36.7893],[-94.875,36.8028],[-94.8682,36.8162],[-94.8614,36.8297],[-94.8546,36.8432],[-94.8478,36.8567],[-94.8447,36.9094],[-94.8255,36.9123],[-94.8062,36.9153],[-94.7869,36.9182],[-94.7677,36.9211],[-94.7484,36.924],[-94.7291,36.9269],[-94.7099,36.9298],[-94.6906,36.9327],[-94.6815,36.941],[-94.6724,36.9493],[-94.6634,36.9575],[-94.6543,36.9658],[-94.6452,36.9741],[-94.6361,36.9824],[-94.6271,36.9906],[-94.618,36.9989],[-94.6336,36.999],[-94.6493,36.9991],[-94.665,36.9991],[-94.6806,36.9992],[-94.6963,36.9992],[-94.7119,36.9993],[-94.7276,36.9994],[-94.7433,36.9994],[-94.7589,36.9995],[-94.7746,36.9995],[-94.7902,36.9996],[-94.8059,36.9996],[-94.8216,36.9997],[-94.8372,36.9997],[-94.8529,36.9998],[-94.8686,36.9998],[-94.8842,36.9998],[-94.8999,36.9999],[-94.9155,36.9999],[-94.9312,36.9999],[-94.9469,37.0],[-94.9625,37.0],[-94.9782,37.0],[-94.9938,37.0001],[-95.0095,37.0001],[-95.0252,37.0001],[-95.0408,37.0001],[-95.0565,37.0001],[-95.0722,37.0001],[-95.0878,37.0002],[-95.1035,37.0002],[-95.1191,37.0002],[-95.1348,37.0002],[-95.1505,37.0002],[-95.1661,37.0002],[-95.1818,37.0002],[-95.1975,37.0002],[-95.2131,37.0002],[-95.2288,37.0002],[-95.2444,37.0002],[-95.2601,37.0002],[-95.2758,37.0001],[-95.2914,37.0001],[-95.3071,37.0001],[-95.3227,37.0001],[-95.3384,37.0001],[-95.3541,37.0001],[-95.3697,37.0],[-95.3854,37.0],[-95.4011,37.0],[-95.4167,36.9999],[-95.4324,36.9999],[-95.448,36.9999],[-95.4637,36.9998],[-95.4794,36.9998],[-95.495,36.9998],[-95.5107,36.9997],[-95.5263,36.9997],[-95.542,36.9996],[-95.5577,36.9996],[-95.5733,36.9995],[-95.589,36.9995],[-95.6047,36.9994],[-95.6203,36.9994],[-95.6363,36.9994],[-95.6522,36.9994],[-95.6681,36.9994],[-95.6841,36.9994],[-95.7,36.9994],[-95.7159,36.9994],[-95.7319,36.9994],[-95.7478,36.9994],[-95.7637,36.9994],[-95.7797,36.9994],[-95.7956,36.9994],[-95.8115,36.9993],[-95.8275,36.9993],[-95.8434,36.9993],[-95.8593,36.9993],[-95.8753,36.9993],[-95.8911,36.9993],[-95.9069,36.9993],[-95.9116,36.9993],[-95.9119,36.9993],[-95.9162,36.9993],[-95.9166,36.9993],[-95.9254,36.9993],[-95.9288,36.9993],[-95.9263,36.9993],[-95.9269,36.9932],[-95.93,36.9652],[-95.9313,36.9531],[-95.9316,36.95],[-95.9327,36.9399],[-95.9331,36.9362],[-95.9366,36.9035],[-95.9401,36.8709],[-95.9381,36.8291],[-95.9362,36.7873],[-95.9342,36.7455],[-95.9322,36.7037],[-95.9302,36.662],[-95.9283,36.6202],[-95.9263,36.5784],[-95.9244,36.5366],[-95.9265,36.4684],[-95.9287,36.4001],[-95.9308,36.3319],[-95.933,36.2637],[-95.9416,36.2483],[-95.9502,36.2328],[-95.9588,36.2174],[-95.9674,36.202],[-95.976,36.1865],[-95.9846,36.1711],[-95.9932,36.1557],[-96.0018,36.1403]]]},"properties":{"OBJECTID":99,"state":"Oklahoma","agency":"Oklahoma Department of Wildlife Conservation","unit_type":"Antlerless Deer Zones","unit_id":"3","unit_name":"Zone 3","unit_label":"Oklahoma Antlerless Deer Zones 3 - Zone 3","aliases":"2026 | 3 | 3 zone 3 | antlerless deer zones | antlerless deer zones 3 | antlerless deer zones 3 zone 3 | deer hunt zone | deer hunt zone 3 | deer hunt zone 3 zone 3 | deer unit | deer unit 3 | deer unit 3 zone 3 | deer zone | deer zone 3 | deer zone 3 zo","year":"2026","Shape_Length":384641.6094081737,"Shape_Area":5795543392.8984165}},{"type":"Feature","id":100,"geometry":{"type":"Polygon","coordinates":[[[-96.02,36.0979],[-96.0209,35.9288],[-96.0219,35.7597],[-96.0152,35.7489],[-96.0085,35.7381],[-96.0018,35.7274],[-95.9951,35.7166],[-95.9884,35.7058],[-95.9817,35.6951],[-95.975,35.6843],[-95.9683,35.6735],[-95.965,35.6391],[-95.9618,35.6047],[-95.9585,35.5703],[-95.9552,35.5359],[-95.9611,35.5151],[-95.967,35.4943],[-95.9729,35.4734],[-95.9788,35.4526],[-95.9734,35.4133],[-95.9681,35.374],[-95.9627,35.3347],[-95.9573,35.2955],[-95.9487,35.2855],[-95.9402,35.2755],[-95.9316,35.2656],[-95.923,35.2556],[-95.9188,35.2328],[-95.9146,35.2099],[-95.9103,35.187],[-95.9061,35.1642],[-95.8858,35.1725],[-95.8655,35.1809],[-95.8451,35.1892],[-95.8248,35.1975],[-95.7982,35.1962],[-95.7716,35.1948],[-95.7556,35.197],[-95.7395,35.1991],[-95.7165,35.206],[-95.7124,35.2085],[-95.7107,35.209],[-95.6952,35.2181],[-95.6788,35.229],[-95.6557,35.2325],[-95.6326,35.2359],[-95.6095,35.2393],[-95.5864,35.2427],[-95.5754,35.2525],[-95.5644,35.2622],[-95.5535,35.2719],[-95.5425,35.2816],[-95.5315,35.2913],[-95.5205,35.301],[-95.5095,35.3107],[-95.4985,35.3204],[-95.4711,35.3189],[-95.4436,35.3173],[-95.4162,35.3158],[-95.3888,35.3143],[-95.3614,35.3127],[-95.334,35.3112],[-95.3066,35.3096],[-95.2792,35.308],[-95.263,35.2931],[-95.2594,35.2734],[-95.2558,35.2538],[-95.2521,35.2342],[-95.2485,35.2145],[-95.2449,35.1949],[-95.2413,35.1753],[-95.2377,35.1556],[-95.2341,35.136],[-95.2125,35.1302],[-95.1909,35.1245],[-95.1692,35.1187],[-95.1476,35.1129],[-95.1331,35.1148],[-95.1187,35.1168],[-95.1042,35.1187],[-95.0898,35.1206],[-95.0717,35.1316],[-95.0535,35.1426],[-95.0354,35.1536],[-95.0173,35.1646],[-94.9968,35.1669],[-94.9763,35.1692],[-94.9558,35.1715],[-94.9353,35.1739],[-94.9148,35.1762],[-94.8943,35.1785],[-94.8738,35.1808],[-94.8533,35.1831],[-94.839,35.1885],[-94.8246,35.194],[-94.8103,35.1994],[-94.7959,35.2049],[-94.773,35.1989],[-94.7501,35.1928],[-94.7272,35.1868],[-94.7043,35.1807],[-94.6923,35.1695],[-94.6802,35.1582],[-94.6681,35.1469],[-94.656,35.1356],[-94.6414,35.1343],[-94.6267,35.1329],[-94.6121,35.1316],[-94.5974,35.1302],[-94.5779,35.1402],[-94.5583,35.1503],[-94.5388,35.1603],[-94.5192,35.1703],[-94.4997,35.1803],[-94.4801,35.1903],[-94.4605,35.2003],[-94.441,35.2103],[-94.4398,35.2685],[-94.4386,35.3266],[-94.4374,35.3848],[-94.4363,35.443],[-94.4401,35.4646],[-94.444,35.4862],[-94.4479,35.5078],[-94.4518,35.5295],[-94.4557,35.5511],[-94.4595,35.5727],[-94.4634,35.5943],[-94.4673,35.616],[-94.4738,35.6557],[-94.4803,35.6954],[-94.4868,35.7352],[-94.4933,35.7749],[-94.4998,35.8146],[-94.5063,35.8543],[-94.5129,35.8941],[-94.5194,35.9338],[-94.5259,35.9735],[-94.5325,36.0132],[-94.539,36.0529],[-94.5456,36.0927],[-94.5522,36.1324],[-94.5587,36.1721],[-94.5653,36.2118],[-94.5719,36.2515],[-94.5783,36.284],[-94.5848,36.3165],[-94.5912,36.349],[-94.5977,36.3814],[-94.6042,36.4139],[-94.6106,36.4464],[-94.6171,36.4789],[-94.6236,36.5114],[-94.6222,36.6333],[-94.6208,36.7551],[-94.6194,36.877],[-94.618,36.9989],[-94.6271,36.9906],[-94.6361,36.9824],[-94.6452,36.9741],[-94.6543,36.9658],[-94.6634,36.9575],[-94.6724,36.9493],[-94.6815,36.941],[-94.6906,36.9327],[-94.7099,36.9298],[-94.7291,36.9269],[-94.7484,36.924],[-94.7677,36.9211],[-94.7869,36.9182],[-94.8062,36.9153],[-94.8255,36.9123],[-94.8447,36.9094],[-94.8478,36.8567],[-94.8546,36.8432],[-94.8614,36.8297],[-94.8682,36.8162],[-94.875,36.8028],[-94.8818,36.7893],[-94.8886,36.7758],[-94.8954,36.7623],[-94.9022,36.7489],[-94.9209,36.7337],[-94.9396,36.7185],[-94.9628,36.7083],[-94.9861,36.6982],[-95.0093,36.688],[-95.0325,36.6779],[-95.0557,36.6677],[-95.0789,36.6575],[-95.1021,36.6473],[-95.1252,36.6372],[-95.1432,36.6351],[-95.1611,36.6331],[-95.179,36.6311],[-95.197,36.629],[-95.2149,36.627],[-95.2328,36.6249],[-95.2507,36.6229],[-95.2687,36.6208],[-95.2797,36.6118],[-95.2907,36.6027],[-95.3017,36.5937],[-95.3127,36.5846],[-95.3237,36.5755],[-95.3347,36.5665],[-95.3457,36.5574],[-95.3567,36.5484],[-95.3756,36.5448],[-95.3945,36.5412],[-95.4135,36.5376],[-95.4324,36.534],[-95.4421,36.5217],[-95.4518,36.5094],[-95.4615,36.4971],[-95.4713,36.4849],[-95.481,36.4726],[-95.4907,36.4603],[-95.5004,36.448],[-95.5101,36.4357],[-95.5198,36.4235],[-95.5295,36.4112],[-95.5392,36.3989],[-95.5489,36.3866],[-95.5586,36.3743],[-95.5683,36.362],[-95.578,36.3497],[-95.5877,36.3374],[-95.6023,36.3255],[-95.617,36.3136],[-95.6316,36.3017],[-95.6462,36.2897],[-95.6609,36.2778],[-95.6755,36.2659],[-95.6901,36.254],[-95.7047,36.242],[-95.719,36.2234],[-95.7332,36.2048],[-95.7474,36.1862],[-95.7617,36.1675],[-95.7842,36.166],[-95.8068,36.1645],[-95.8293,36.163],[-95.8518,36.1614],[-95.865,36.1515],[-95.8781,36.1416],[-95.8912,36.1317],[-95.9043,36.1217],[-95.9287,36.1264],[-95.953,36.131],[-95.9774,36.1356],[-96.0018,36.1403],[-96.0109,36.1191],[-96.02,36.0979]]]},"properties":{"OBJECTID":100,"state":"Oklahoma","agency":"Oklahoma Department of Wildlife Conservation","unit_type":"Antlerless Deer Zones","unit_id":"4","unit_name":"Zone 4","unit_label":"Oklahoma Antlerless Deer Zones 4 - Zone 4","aliases":"2026 | 4 | 4 zone 4 | antlerless deer zones | antlerless deer zones 4 | antlerless deer zones 4 zone 4 | deer hunt zone | deer hunt zone 4 | deer hunt zone 4 zone 4 | deer unit | deer unit 4 | deer unit 4 zone 4 | deer zone | deer zone 4 | deer zone 4 zo","year":"2026","Shape_Length":647232.0041167716,"Shape_Area":19727968237.063457}},{"type":"Feature","id":101,"geometry":{"type":"Polygon","coordinates":[[[-94.441,35.2103],[-94.4605,35.2003],[-94.4801,35.1903],[-94.4997,35.1803],[-94.5192,35.1703],[-94.5388,35.1603],[-94.5583,35.1503],[-94.5779,35.1402],[-94.5974,35.1302],[-94.6121,35.1316],[-94.6267,35.1329],[-94.6414,35.1343],[-94.656,35.1356],[-94.6681,35.1469],[-94.6802,35.1582],[-94.6923,35.1695],[-94.7043,35.1807],[-94.7272,35.1868],[-94.7501,35.1928],[-94.773,35.1989],[-94.7959,35.2049],[-94.8103,35.1994],[-94.8246,35.194],[-94.839,35.1885],[-94.8533,35.1831],[-94.8738,35.1808],[-94.8943,35.1785],[-94.9148,35.1762],[-94.9353,35.1739],[-94.9558,35.1715],[-94.9763,35.1692],[-94.9968,35.1669],[-95.0173,35.1646],[-95.0354,35.1536],[-95.0535,35.1426],[-95.0717,35.1316],[-95.0898,35.1206],[-95.1042,35.1187],[-95.1187,35.1168],[-95.1331,35.1148],[-95.1476,35.1129],[-95.1692,35.1187],[-95.1909,35.1245],[-95.2125,35.1302],[-95.2341,35.136],[-95.2377,35.1556],[-95.2413,35.1753],[-95.2449,35.1949],[-95.2485,35.2145],[-95.2521,35.2342],[-95.2558,35.2538],[-95.2594,35.2734],[-95.263,35.2931],[-95.2792,35.308],[-95.3066,35.3096],[-95.334,35.3112],[-95.3614,35.3127],[-95.3888,35.3143],[-95.4162,35.3158],[-95.4436,35.3173],[-95.4711,35.3189],[-95.4985,35.3204],[-95.5095,35.3107],[-95.5205,35.301],[-95.5315,35.2913],[-95.5425,35.2816],[-95.5535,35.2719],[-95.5644,35.2622],[-95.5754,35.2525],[-95.5864,35.2427],[-95.6095,35.2393],[-95.6326,35.2359],[-95.6557,35.2325],[-95.6788,35.229],[-95.6952,35.2181],[-95.7107,35.209],[-95.7124,35.2085],[-95.7165,35.206],[-95.7395,35.1991],[-95.7556,35.197],[-95.7716,35.1948],[-95.7982,35.1962],[-95.8248,35.1975],[-95.8451,35.1892],[-95.8655,35.1809],[-95.8858,35.1725],[-95.9061,35.1642],[-95.899,35.1285],[-95.8919,35.0928],[-95.8847,35.0571],[-95.8776,35.0214],[-95.8714,35.0086],[-95.8651,34.9958],[-95.8588,34.9829],[-95.8525,34.9701],[-95.8463,34.9572],[-95.84,34.9444],[-95.8338,34.9316],[-95.8275,34.9187],[-95.8263,34.8687],[-95.8352,34.8581],[-95.8442,34.8475],[-95.8532,34.8368],[-95.8621,34.8262],[-95.8711,34.8156],[-95.8801,34.805],[-95.889,34.7944],[-95.898,34.7837],[-95.9028,34.7535],[-95.9077,34.7233],[-95.9154,34.7125],[-95.9231,34.7016],[-95.9309,34.6908],[-95.9386,34.68],[-95.9463,34.6691],[-95.954,34.6583],[-95.9617,34.6474],[-95.9694,34.6366],[-95.9771,34.6257],[-95.9849,34.6149],[-95.9926,34.604],[-96.0003,34.5932],[-96.008,34.5824],[-96.0157,34.5715],[-96.0234,34.5607],[-96.0311,34.5498],[-96.0369,34.5329],[-96.0427,34.5159],[-96.0485,34.499],[-96.0543,34.4821],[-96.064,34.4711],[-96.0736,34.4601],[-96.0833,34.4491],[-96.0929,34.4381],[-96.1026,34.4271],[-96.1122,34.4161],[-96.1219,34.4051],[-96.1315,34.3941],[-96.1422,34.3778],[-96.1528,34.3615],[-96.1635,34.3452],[-96.1741,34.3288],[-96.1848,34.3125],[-96.1954,34.2962],[-96.2061,34.2799],[-96.2167,34.2636],[-96.2262,34.2452],[-96.2357,34.2268],[-96.2452,34.2084],[-96.2547,34.19],[-96.2641,34.1716],[-96.2736,34.1532],[-96.2831,34.1348],[-96.2926,34.1164],[-96.3077,34.1017],[-96.3228,34.0869],[-96.3379,34.0722],[-96.3531,34.0575],[-96.3682,34.0427],[-96.3833,34.028],[-96.3984,34.0132],[-96.4135,33.9985],[-96.4179,33.9691],[-96.4223,33.9398],[-96.4371,33.9292],[-96.4517,33.9186],[-96.4664,33.9079],[-96.4811,33.8973],[-96.4889,33.879],[-96.4966,33.8607],[-96.5043,33.8424],[-96.512,33.8241],[-96.5123,33.7725],[-96.4946,33.7741],[-96.477,33.7757],[-96.4593,33.7773],[-96.4416,33.7789],[-96.4294,33.7673],[-96.4171,33.7556],[-96.4048,33.7439],[-96.3926,33.7323],[-96.3803,33.7206],[-96.3681,33.7089],[-96.3558,33.6973],[-96.3436,33.6856],[-96.3273,33.693],[-96.311,33.7005],[-96.3046,33.718],[-96.2983,33.7356],[-96.2919,33.7532],[-96.2855,33.7707],[-96.2604,33.7666],[-96.2353,33.7624],[-96.2102,33.7582],[-96.1851,33.7541],[-96.1726,33.7761],[-96.1601,33.798],[-96.1476,33.82],[-96.1351,33.842],[-96.109,33.8427],[-96.083,33.8434],[-96.0569,33.844],[-96.0308,33.8447],[-96.0164,33.8492],[-96.002,33.8537],[-95.9876,33.8581],[-95.9732,33.8626],[-95.9588,33.867],[-95.9444,33.8715],[-95.93,33.876],[-95.9156,33.8804],[-95.8964,33.8713],[-95.8772,33.8622],[-95.858,33.853],[-95.8388,33.8439],[-95.8197,33.8457],[-95.8006,33.8475],[-95.7815,33.8492],[-95.7623,33.851],[-95.7561,33.8742],[-95.7499,33.8975],[-95.7332,33.8977],[-95.7166,33.898],[-95.6999,33.8983],[-95.6833,33.8986],[-95.6694,33.9033],[-95.6555,33.908],[-95.6415,33.9127],[-95.6276,33.9174],[-95.6137,33.9221],[-95.5997,33.9268],[-95.5858,33.9316],[-95.5719,33.9363],[-95.5611,33.9248],[-95.5504,33.9134],[-95.5397,33.9019],[-95.529,33.8905],[-95.5133,33.8886],[-95.4975,33.8867],[-95.4817,33.8848],[-95.4659,33.8828],[-95.4501,33.8809],[-95.4343,33.879],[-95.4185,33.8771],[-95.4028,33.8752],[-95.388,33.8772],[-95.3732,33.8793],[-95.3584,33.8814],[-95.3436,33.8834],[-95.3288,33.8855],[-95.314,33.8875],[-95.2992,33.8896],[-95.2844,33.8917],[-95.2723,33.9118],[-95.2601,33.9319],[-95.248,33.9521],[-95.2359,33.9722],[-95.2123,33.9708],[-95.1888,33.9694],[-95.1718,33.9618],[-95.1549,33.9542],[-95.1379,33.9466],[-95.1209,33.9391],[-95.1039,33.9315],[-95.0869,33.9239],[-95.07,33.9163],[-95.053,33.9087],[-95.0427,33.8913],[-95.0325,33.874],[-95.0162,33.8699],[-94.9999,33.8658],[-94.9836,33.8617],[-94.9673,33.8576],[-94.9534,33.8455],[-94.9394,33.8334],[-94.9255,33.8214],[-94.9116,33.8093],[-94.8976,33.7972],[-94.8837,33.7851],[-94.8698,33.773],[-94.8559,33.7609],[-94.8416,33.7586],[-94.8273,33.7562],[-94.813,33.7538],[-94.7987,33.7514],[-94.7844,33.7491],[-94.7702,33.7467],[-94.7559,33.7443],[-94.7416,33.742],[-94.7227,33.7292],[-94.7039,33.7165],[-94.685,33.7038],[-94.6661,33.6911],[-94.6498,33.6901],[-94.6334,33.6891],[-94.6171,33.6882],[-94.6007,33.6872],[-94.5868,33.6827],[-94.5728,33.6781],[-94.5588,33.6736],[-94.5449,33.6691],[-94.531,33.6646],[-94.517,33.6601],[-94.5031,33.6555],[-94.4891,33.651],[-94.4876,33.7211],[-94.486,33.7912],[-94.4859,33.7939],[-94.4856,33.8085],[-94.4854,33.8194],[-94.4852,33.8267],[-94.4852,33.8285],[-94.4844,33.8559],[-94.4843,33.8593],[-94.4843,33.8595],[-94.4836,33.8811],[-94.4836,33.8811],[-94.4835,33.8848],[-94.4834,33.8884],[-94.4829,33.9029],[-94.4812,33.9576],[-94.479,34.0265],[-94.4771,34.0889],[-94.4751,34.1513],[-94.4731,34.2137],[-94.4711,34.2761],[-94.4691,34.3385],[-94.4672,34.4009],[-94.4652,34.4632],[-94.4632,34.5256],[-94.463,34.5293],[-94.4628,34.5367],[-94.4623,34.5512],[-94.4621,34.5584],[-94.4614,34.5802],[-94.4612,34.5876],[-94.4609,34.5947],[-94.4607,34.6018],[-94.4598,34.6304],[-94.4597,34.634],[-94.4596,34.6377],[-94.4593,34.645],[-94.459,34.6561],[-94.4586,34.6667],[-94.4581,34.6816],[-94.458,34.686],[-94.4574,34.7064],[-94.4572,34.71],[-94.4555,34.7632],[-94.4555,34.7642],[-94.4549,34.7823],[-94.4548,34.7859],[-94.4544,34.7967],[-94.4542,34.8039],[-94.453,34.8403],[-94.4515,34.8865],[-94.45,34.9328],[-94.4485,34.979],[-94.447,35.0253],[-94.4455,35.0715],[-94.444,35.1178],[-94.4425,35.164],[-94.441,35.2103]]]},"properties":{"OBJECTID":101,"state":"Oklahoma","agency":"Oklahoma Department of Wildlife Conservation","unit_type":"Antlerless Deer Zones","unit_id":"10","unit_name":"Zone 10","unit_label":"Oklahoma Antlerless Deer Zones 10 - Zone 10","aliases":"10 | 10 zone 10 | 2026 | antlerless deer zones | antlerless deer zones 10 | antlerless deer zones 10 zone 10 | deer hunt zone | deer hunt zone 10 | deer hunt zone 10 zone 10 | deer unit | deer unit 10 | deer unit 10 zone 10 | deer zone | deer zone 10 | d","year":"2026","Shape_Length":742245.4787324328,"Shape_Area":22832598049.077236}},{"type":"Feature","id":102,"geometry":{"type":"Polygon","coordinates":[[[-96.6801,34.7808],[-96.6929,34.7632],[-96.7058,34.7457],[-96.7187,34.7282],[-96.7315,34.7107],[-96.7457,34.6997],[-96.7599,34.6886],[-96.774,34.6776],[-96.7882,34.6666],[-96.8024,34.6556],[-96.8165,34.6445],[-96.8307,34.6335],[-96.8448,34.6225],[-96.8481,34.5957],[-96.8514,34.5689],[-96.8547,34.5422],[-96.8579,34.5154],[-96.8772,34.5153],[-96.8965,34.5151],[-96.9158,34.515],[-96.9351,34.5148],[-96.9543,34.5147],[-96.9736,34.5146],[-96.9929,34.5144],[-97.0122,34.5142],[-97.0314,34.5141],[-97.0507,34.5139],[-97.07,34.5138],[-97.0893,34.5136],[-97.1085,34.5134],[-97.1278,34.5133],[-97.1471,34.5131],[-97.1664,34.5129],[-97.1905,34.5208],[-97.2147,34.5286],[-97.242,34.5278],[-97.2694,34.527],[-97.2968,34.5262],[-97.3242,34.5254],[-97.3349,34.5183],[-97.3456,34.5112],[-97.3563,34.504],[-97.367,34.4969],[-97.3872,34.4959],[-97.4074,34.4949],[-97.4276,34.4939],[-97.4477,34.4929],[-97.4621,34.4823],[-97.4764,34.4718],[-97.4908,34.4613],[-97.5051,34.4507],[-97.508,34.5388],[-97.5108,34.6269],[-97.5287,34.6311],[-97.5466,34.6352],[-97.5645,34.6393],[-97.5824,34.6434],[-97.6059,34.6434],[-97.6295,34.6433],[-97.653,34.6432],[-97.6765,34.6432],[-97.7,34.6431],[-97.7235,34.6431],[-97.747,34.643],[-97.7705,34.6429],[-97.794,34.6428],[-97.8176,34.6427],[-97.8411,34.6426],[-97.8646,34.6425],[-97.8881,34.6424],[-97.9116,34.6423],[-97.9351,34.6422],[-97.9586,34.6421],[-97.962,34.567],[-97.9653,34.4918],[-97.9724,34.4763],[-97.9795,34.4609],[-97.9737,34.4211],[-97.968,34.3813],[-97.9623,34.3416],[-97.9566,34.3018],[-97.9682,34.2787],[-97.9799,34.2556],[-97.9827,34.1998],[-97.9855,34.1441],[-97.9703,34.1261],[-97.9551,34.108],[-97.9512,34.0783],[-97.9472,34.0486],[-97.9433,34.0188],[-97.9394,33.9891],[-97.9464,33.9696],[-97.9534,33.9502],[-97.9604,33.9307],[-97.9674,33.9113],[-97.9612,33.8925],[-97.955,33.8737],[-97.93,33.8667],[-97.905,33.8598],[-97.8801,33.8529],[-97.8551,33.8459],[-97.8318,33.8568],[-97.8085,33.8677],[-97.7915,33.8826],[-97.7744,33.8975],[-97.7574,33.9124],[-97.7404,33.9273],[-97.7234,33.9422],[-97.7064,33.9571],[-97.6893,33.972],[-97.6723,33.9869],[-97.6557,33.982],[-97.6392,33.9771],[-97.6227,33.9723],[-97.6062,33.9674],[-97.5968,33.9511],[-97.5875,33.9349],[-97.5782,33.9186],[-97.5689,33.9024],[-97.5538,33.9056],[-97.5386,33.9088],[-97.5234,33.912],[-97.5083,33.9152],[-97.4919,33.9078],[-97.4756,33.9004],[-97.4592,33.8931],[-97.4429,33.8857],[-97.4413,33.8194],[-97.4217,33.8198],[-97.4021,33.8202],[-97.3824,33.8205],[-97.3628,33.8209],[-97.3525,33.834],[-97.3423,33.847],[-97.332,33.86],[-97.3217,33.8731],[-97.3059,33.8703],[-97.2901,33.8675],[-97.2744,33.8647],[-97.2586,33.8619],[-97.2485,33.8738],[-97.2384,33.8858],[-97.2283,33.8977],[-97.2182,33.9096],[-97.2031,33.8949],[-97.1881,33.8802],[-97.1731,33.8654],[-97.1581,33.8507],[-97.1678,33.8381],[-97.1775,33.8254],[-97.1872,33.8128],[-97.1969,33.8001],[-97.1881,33.7816],[-97.1793,33.7631],[-97.1705,33.7446],[-97.1617,33.7261],[-97.1428,33.7258],[-97.1238,33.7256],[-97.1049,33.7253],[-97.086,33.725],[-97.0864,33.8021],[-97.0713,33.8098],[-97.0561,33.8175],[-97.0665,33.8375],[-97.0557,33.8564],[-97.053,33.8561],[-97.0525,33.8558],[-97.0325,33.8427],[-97.0222,33.8528],[-97.0119,33.8629],[-97.0016,33.8729],[-96.9913,33.883],[-96.9883,33.9118],[-96.9908,33.9196],[-96.9911,33.9208],[-96.983,33.9472],[-96.9646,33.9481],[-96.9463,33.949],[-96.9279,33.95],[-96.9095,33.9509],[-96.9003,33.9271],[-96.8911,33.9033],[-96.882,33.8795],[-96.8728,33.8557],[-96.8558,33.8581],[-96.8388,33.8606],[-96.8244,33.8733],[-96.8089,33.8614],[-96.7934,33.8495],[-96.778,33.8376],[-96.7625,33.8257],[-96.7443,33.8307],[-96.726,33.8357],[-96.7077,33.8406],[-96.6894,33.8456],[-96.6832,33.8761],[-96.677,33.9066],[-96.6566,33.902],[-96.6362,33.8974],[-96.6158,33.8928],[-96.5954,33.8882],[-96.6054,33.8645],[-96.6153,33.8408],[-96.5895,33.8366],[-96.5636,33.8325],[-96.5378,33.8283],[-96.512,33.8241],[-96.5043,33.8424],[-96.4966,33.8607],[-96.4889,33.879],[-96.4811,33.8973],[-96.4664,33.9079],[-96.4517,33.9186],[-96.4371,33.9292],[-96.4223,33.9398],[-96.4179,33.9691],[-96.4135,33.9985],[-96.3984,34.0132],[-96.3833,34.028],[-96.3682,34.0427],[-96.3531,34.0575],[-96.3379,34.0722],[-96.3228,34.0869],[-96.3077,34.1017],[-96.2926,34.1164],[-96.2831,34.1348],[-96.2736,34.1532],[-96.2641,34.1716],[-96.2547,34.19],[-96.2452,34.2084],[-96.2357,34.2268],[-96.2262,34.2452],[-96.2167,34.2636],[-96.2061,34.2799],[-96.1954,34.2962],[-96.1848,34.3125],[-96.1741,34.3288],[-96.1635,34.3452],[-96.1528,34.3615],[-96.1422,34.3778],[-96.1315,34.3941],[-96.1515,34.401],[-96.1715,34.4079],[-96.1835,34.4243],[-96.1955,34.4407],[-96.2076,34.4571],[-96.2196,34.4736],[-96.2239,34.5145],[-96.2282,34.5554],[-96.2484,34.5679],[-96.2686,34.5804],[-96.2888,34.5929],[-96.3091,34.6054],[-96.3258,34.6077],[-96.3426,34.61],[-96.3593,34.6123],[-96.3761,34.6146],[-96.3928,34.6169],[-96.4096,34.6192],[-96.4264,34.6215],[-96.4431,34.6238],[-96.4536,34.6304],[-96.4641,34.637],[-96.4746,34.6437],[-96.4851,34.6503],[-96.5024,34.6507],[-96.5198,34.6511],[-96.5371,34.6515],[-96.5544,34.6519],[-96.5701,34.668],[-96.5858,34.6841],[-96.6015,34.7002],[-96.6172,34.7164],[-96.6329,34.7325],[-96.6486,34.7486],[-96.6643,34.7647],[-96.6801,34.7808]]]},"properties":{"OBJECTID":102,"state":"Oklahoma","agency":"Oklahoma Department of Wildlife Conservation","unit_type":"Antlerless Deer Zones","unit_id":"9","unit_name":"Zone 9","unit_label":"Oklahoma Antlerless Deer Zones 9 - Zone 9","aliases":"2026 | 9 | 9 zone 9 | antlerless deer zones | antlerless deer zones 9 | antlerless deer zones 9 zone 9 | deer hunt zone | deer hunt zone 9 | deer hunt zone 9 zone 9 | deer unit | deer unit 9 | deer unit 9 zone 9 | deer zone | deer zone 9 | deer zone 9 zo","year":"2026","Shape_Length":618845.9270438211,"Shape_Area":12513232828.296595}},{"type":"Feature","id":103,"geometry":{"type":"Polygon","coordinates":[[[-95.9061,35.1642],[-95.9103,35.187],[-95.9146,35.2099],[-95.9188,35.2328],[-95.923,35.2556],[-95.9316,35.2656],[-95.9402,35.2755],[-95.9487,35.2855],[-95.9573,35.2955],[-95.9627,35.3347],[-95.9681,35.374],[-95.9734,35.4133],[-95.9788,35.4526],[-95.9729,35.4734],[-95.967,35.4943],[-95.9611,35.5151],[-95.9552,35.5359],[-95.9585,35.5703],[-95.9618,35.6047],[-95.965,35.6391],[-95.9683,35.6735],[-95.975,35.6843],[-95.9817,35.6951],[-95.9884,35.7058],[-95.9951,35.7166],[-96.0018,35.7274],[-96.0085,35.7381],[-96.0152,35.7489],[-96.0219,35.7597],[-96.0209,35.9288],[-96.02,36.0979],[-96.0318,36.0877],[-96.0436,36.0776],[-96.0554,36.0674],[-96.0672,36.0572],[-96.079,36.047],[-96.0907,36.0369],[-96.1025,36.0267],[-96.1143,36.0165],[-96.1355,36.011],[-96.1567,36.0054],[-96.1779,35.9998],[-96.1991,35.9942],[-96.2193,35.9952],[-96.2395,35.9962],[-96.2597,35.9971],[-96.2799,35.9981],[-96.2889,35.9985],[-96.3066,35.9994],[-96.3111,35.9996],[-96.3351,36.0008],[-96.3591,36.0019],[-96.3831,36.003],[-96.4071,36.0042],[-96.4311,36.0053],[-96.4551,36.0064],[-96.4791,36.0076],[-96.5031,36.0087],[-96.5185,36.0043],[-96.534,35.9998],[-96.5494,35.9954],[-96.5649,35.991],[-96.5939,35.9907],[-96.623,35.9904],[-96.652,35.9901],[-96.6811,35.9898],[-96.7101,35.9895],[-96.7392,35.9892],[-96.7682,35.9889],[-96.7973,35.9885],[-96.8263,35.9882],[-96.8554,35.9878],[-96.8844,35.9875],[-96.9135,35.9871],[-96.9425,35.9867],[-96.9716,35.9864],[-97.0006,35.986],[-97.0297,35.9856],[-97.027,35.9259],[-97.0244,35.8662],[-97.0217,35.8065],[-97.0191,35.7468],[-97.0149,35.7195],[-97.0107,35.6921],[-97.0065,35.6648],[-97.0023,35.6374],[-97.0031,35.3958],[-97.018,35.3916],[-97.0328,35.3873],[-97.0476,35.3831],[-97.0625,35.3789],[-97.0603,35.3118],[-97.0582,35.2447],[-97.0561,35.1777],[-97.0539,35.1106],[-97.0435,35.091],[-97.0331,35.0714],[-97.0368,35.0322],[-97.0405,34.993],[-97.0142,34.9909],[-96.988,34.9888],[-96.9617,34.9867],[-96.9354,34.9846],[-96.9228,34.9728],[-96.9101,34.961],[-96.8974,34.9492],[-96.8847,34.9374],[-96.8671,34.941],[-96.8494,34.9445],[-96.8317,34.948],[-96.814,34.9515],[-96.8051,34.9419],[-96.7962,34.9323],[-96.7872,34.9227],[-96.7783,34.9131],[-96.7694,34.9036],[-96.7605,34.894],[-96.7516,34.8844],[-96.7427,34.8748],[-96.7257,34.877],[-96.7087,34.8791],[-96.6917,34.8813],[-96.6747,34.8834],[-96.6774,34.8321],[-96.6801,34.7808],[-96.6643,34.7647],[-96.6486,34.7486],[-96.6329,34.7325],[-96.6172,34.7164],[-96.6015,34.7002],[-96.5858,34.6841],[-96.5701,34.668],[-96.5544,34.6519],[-96.5371,34.6515],[-96.5198,34.6511],[-96.5024,34.6507],[-96.4851,34.6503],[-96.4746,34.6437],[-96.4641,34.637],[-96.4536,34.6304],[-96.4431,34.6238],[-96.4264,34.6215],[-96.4096,34.6192],[-96.3928,34.6169],[-96.3761,34.6146],[-96.3593,34.6123],[-96.3426,34.61],[-96.3258,34.6077],[-96.3091,34.6054],[-96.2888,34.5929],[-96.2686,34.5804],[-96.2484,34.5679],[-96.2282,34.5554],[-96.2239,34.5145],[-96.2196,34.4736],[-96.2076,34.4571],[-96.1955,34.4407],[-96.1835,34.4243],[-96.1715,34.4079],[-96.1515,34.401],[-96.1315,34.3941],[-96.1219,34.4051],[-96.1122,34.4161],[-96.1026,34.4271],[-96.0929,34.4381],[-96.0833,34.4491],[-96.0736,34.4601],[-96.064,34.4711],[-96.0543,34.4821],[-96.0485,34.499],[-96.0427,34.5159],[-96.0369,34.5329],[-96.0311,34.5498],[-96.0234,34.5607],[-96.0157,34.5715],[-96.008,34.5824],[-96.0003,34.5932],[-95.9926,34.604],[-95.9849,34.6149],[-95.9771,34.6257],[-95.9694,34.6366],[-95.9617,34.6474],[-95.954,34.6583],[-95.9463,34.6691],[-95.9386,34.68],[-95.9309,34.6908],[-95.9231,34.7016],[-95.9154,34.7125],[-95.9077,34.7233],[-95.9028,34.7535],[-95.898,34.7837],[-95.889,34.7944],[-95.8801,34.805],[-95.8711,34.8156],[-95.8621,34.8262],[-95.8532,34.8368],[-95.8442,34.8475],[-95.8352,34.8581],[-95.8263,34.8687],[-95.8275,34.9187],[-95.8338,34.9316],[-95.84,34.9444],[-95.8463,34.9572],[-95.8525,34.9701],[-95.8588,34.9829],[-95.8651,34.9958],[-95.8714,35.0086],[-95.8776,35.0214],[-95.8847,35.0571],[-95.8919,35.0928],[-95.899,35.1285],[-95.9061,35.1642]]]},"properties":{"OBJECTID":103,"state":"Oklahoma","agency":"Oklahoma Department of Wildlife Conservation","unit_type":"Antlerless Deer Zones","unit_id":"5","unit_name":"Zone 5","unit_label":"Oklahoma Antlerless Deer Zones 5 - Zone 5","aliases":"2026 | 5 | 5 zone 5 | antlerless deer zones | antlerless deer zones 5 | antlerless deer zones 5 zone 5 | deer hunt zone | deer hunt zone 5 | deer hunt zone 5 zone 5 | deer unit | deer unit 5 | deer unit 5 zone 5 | deer zone | deer zone 5 | deer zone 5 zo","year":"2026","Shape_Length":536820.963044292,"Shape_Area":14275783187.358559}},{"type":"Feature","id":104,"geometry":{"type":"Polygon","coordinates":[[[-98.4272,35.8398],[-98.4278,35.8014],[-98.4159,35.7843],[-98.404,35.7672],[-98.3921,35.75],[-98.3802,35.7329],[-98.3683,35.7157],[-98.3564,35.6986],[-98.3446,35.6814],[-98.3327,35.6643],[-98.3266,35.6379],[-98.3205,35.6115],[-98.3143,35.5851],[-98.3082,35.5587],[-98.3225,35.5524],[-98.3367,35.5462],[-98.3509,35.54],[-98.3651,35.5338],[-98.392,35.5344],[-98.4189,35.535],[-98.4459,35.5356],[-98.4728,35.5362],[-98.4997,35.5367],[-98.5266,35.5373],[-98.5535,35.5379],[-98.5804,35.5384],[-98.5776,35.4772],[-98.5748,35.416],[-98.572,35.3548],[-98.5692,35.2936],[-98.5884,35.2929],[-98.6076,35.2923],[-98.6056,35.2436],[-98.6037,35.1949],[-98.6017,35.1462],[-98.5998,35.0975],[-98.5978,35.0488],[-98.5959,35.0001],[-98.5939,34.9513],[-98.592,34.9026],[-98.5669,34.9029],[-98.5417,34.9032],[-98.5166,34.9035],[-98.4915,34.9037],[-98.4664,34.904],[-98.4413,34.9043],[-98.4162,34.9045],[-98.391,34.9047],[-98.3659,34.905],[-98.3408,34.9052],[-98.3157,34.9055],[-98.2906,34.9057],[-98.2655,34.9059],[-98.2403,34.9061],[-98.2152,34.9063],[-98.1901,34.9065],[-98.1784,34.9134],[-98.1666,34.9202],[-98.1549,34.927],[-98.1431,34.9339],[-98.1263,34.9352],[-98.1095,34.9365],[-98.0926,34.9378],[-98.0758,34.9391],[-98.059,34.9403],[-98.0422,34.9416],[-98.0254,34.9429],[-98.0085,34.9442],[-97.9944,34.9487],[-97.9802,34.9532],[-97.966,34.9578],[-97.9518,34.9623],[-97.9536,34.8822],[-97.9552,34.8022],[-97.9569,34.7221],[-97.9586,34.6421],[-97.9351,34.6422],[-97.9116,34.6423],[-97.8881,34.6424],[-97.8646,34.6425],[-97.8411,34.6426],[-97.8176,34.6427],[-97.794,34.6428],[-97.7705,34.6429],[-97.747,34.643],[-97.7235,34.6431],[-97.7,34.6431],[-97.6765,34.6432],[-97.653,34.6432],[-97.6295,34.6433],[-97.6059,34.6434],[-97.5824,34.6434],[-97.5645,34.6393],[-97.5466,34.6352],[-97.5287,34.6311],[-97.5108,34.6269],[-97.508,34.5388],[-97.5051,34.4507],[-97.4908,34.4613],[-97.4764,34.4718],[-97.4621,34.4823],[-97.4477,34.4929],[-97.4276,34.4939],[-97.4074,34.4949],[-97.3872,34.4959],[-97.367,34.4969],[-97.3563,34.504],[-97.3456,34.5112],[-97.3349,34.5183],[-97.3242,34.5254],[-97.2968,34.5262],[-97.2694,34.527],[-97.242,34.5278],[-97.2147,34.5286],[-97.1905,34.5208],[-97.1664,34.5129],[-97.1471,34.5131],[-97.1278,34.5133],[-97.1085,34.5134],[-97.0893,34.5136],[-97.07,34.5138],[-97.0507,34.5139],[-97.0314,34.5141],[-97.0122,34.5142],[-96.9929,34.5144],[-96.9736,34.5146],[-96.9543,34.5147],[-96.9351,34.5148],[-96.9158,34.515],[-96.8965,34.5151],[-96.8772,34.5153],[-96.8579,34.5154],[-96.8547,34.5422],[-96.8514,34.5689],[-96.8481,34.5957],[-96.8448,34.6225],[-96.8307,34.6335],[-96.8165,34.6445],[-96.8024,34.6556],[-96.7882,34.6666],[-96.774,34.6776],[-96.7599,34.6886],[-96.7457,34.6997],[-96.7315,34.7107],[-96.7187,34.7282],[-96.7058,34.7457],[-96.6929,34.7632],[-96.6801,34.7808],[-96.6774,34.8321],[-96.6747,34.8834],[-96.6917,34.8813],[-96.7087,34.8791],[-96.7257,34.877],[-96.7427,34.8748],[-96.7516,34.8844],[-96.7605,34.894],[-96.7694,34.9036],[-96.7783,34.9131],[-96.7872,34.9227],[-96.7962,34.9323],[-96.8051,34.9419],[-96.814,34.9515],[-96.8317,34.948],[-96.8494,34.9445],[-96.8671,34.941],[-96.8847,34.9374],[-96.8974,34.9492],[-96.9101,34.961],[-96.9228,34.9728],[-96.9354,34.9846],[-96.9617,34.9867],[-96.988,34.9888],[-97.0142,34.9909],[-97.0405,34.993],[-97.0368,35.0322],[-97.0331,35.0714],[-97.0435,35.091],[-97.0539,35.1106],[-97.0561,35.1777],[-97.0582,35.2447],[-97.0603,35.3118],[-97.0625,35.3789],[-97.0476,35.3831],[-97.0328,35.3873],[-97.018,35.3916],[-97.0031,35.3958],[-97.0023,35.6374],[-97.0065,35.6648],[-97.0107,35.6921],[-97.0149,35.7195],[-97.0191,35.7468],[-97.0217,35.8065],[-97.0244,35.8662],[-97.027,35.9259],[-97.0297,35.9856],[-97.0542,35.9852],[-97.0787,35.9849],[-97.1032,35.9846],[-97.1277,35.9842],[-97.1521,35.9839],[-97.1766,35.9835],[-97.2011,35.9831],[-97.2256,35.9828],[-97.246,35.9745],[-97.2663,35.9662],[-97.2867,35.9579],[-97.307,35.9496],[-97.316,35.9404],[-97.3249,35.9313],[-97.3339,35.9221],[-97.3428,35.913],[-97.3518,35.9038],[-97.3607,35.8947],[-97.3697,35.8855],[-97.3786,35.8764],[-97.394,35.8764],[-97.4093,35.8763],[-97.4246,35.8763],[-97.4399,35.8762],[-97.4553,35.8761],[-97.4706,35.8761],[-97.4859,35.876],[-97.5013,35.876],[-97.5166,35.8759],[-97.5319,35.8759],[-97.5472,35.8758],[-97.5626,35.8757],[-97.5779,35.8756],[-97.5932,35.8756],[-97.6086,35.8755],[-97.6239,35.8754],[-97.6347,35.866],[-97.6454,35.8565],[-97.6562,35.8471],[-97.667,35.8377],[-97.69,35.8378],[-97.713,35.838],[-97.736,35.8382],[-97.759,35.8384],[-97.7784,35.8522],[-97.7978,35.866],[-97.8175,35.8658],[-97.8373,35.8656],[-97.857,35.8653],[-97.8767,35.8651],[-97.8965,35.8649],[-97.9162,35.8647],[-97.936,35.8644],[-97.9557,35.8642],[-97.9754,35.864],[-97.9952,35.8637],[-98.0149,35.8635],[-98.0347,35.8632],[-98.0544,35.863],[-98.0741,35.8627],[-98.0939,35.8625],[-98.1136,35.8622],[-98.1312,35.8515],[-98.1488,35.8409],[-98.1662,35.8408],[-98.1836,35.8408],[-98.201,35.8407],[-98.2184,35.8407],[-98.2358,35.8406],[-98.2532,35.8406],[-98.2706,35.8405],[-98.288,35.8404],[-98.3054,35.8404],[-98.3228,35.8403],[-98.3402,35.8402],[-98.3576,35.8401],[-98.375,35.8401],[-98.3924,35.84],[-98.4098,35.8399],[-98.4272,35.8398]]]},"properties":{"OBJECTID":104,"state":"Oklahoma","agency":"Oklahoma Department of Wildlife Conservation","unit_type":"Antlerless Deer Zones","unit_id":"6","unit_name":"Zone 6","unit_label":"Oklahoma Antlerless Deer Zones 6 - Zone 6","aliases":"2026 | 6 | 6 zone 6 | antlerless deer zones | antlerless deer zones 6 | antlerless deer zones 6 zone 6 | deer hunt zone | deer hunt zone 6 | deer hunt zone 6 zone 6 | deer unit | deer unit 6 | deer unit 6 zone 6 | deer zone | deer zone 6 | deer zone 6 zo","year":"2026","Shape_Length":688022.7708537313,"Shape_Area":18899502268.498276}},{"type":"Feature","id":105,"geometry":{"type":"Polygon","coordinates":[[[-98.4272,35.8398],[-98.4488,35.8397],[-98.4703,35.8396],[-98.4919,35.8395],[-98.5134,35.8394],[-98.535,35.8392],[-98.5566,35.8391],[-98.5781,35.839],[-98.5997,35.8389],[-98.61,35.8483],[-98.6203,35.8577],[-98.6307,35.8672],[-98.641,35.8766],[-98.6513,35.886],[-98.6617,35.8955],[-98.672,35.9049],[-98.6824,35.9143],[-98.6927,35.9238],[-98.7031,35.9332],[-98.7134,35.9426],[-98.7238,35.952],[-98.7341,35.9615],[-98.7445,35.9709],[-98.7549,35.9803],[-98.7652,35.9897],[-98.7756,35.9992],[-98.786,36.0086],[-98.7963,36.018],[-98.8067,36.0274],[-98.8171,36.0368],[-98.8275,36.0462],[-98.8379,36.0557],[-98.8483,36.0651],[-98.8586,36.0745],[-98.869,36.0839],[-98.8794,36.0933],[-98.8898,36.1027],[-98.9002,36.1121],[-98.9106,36.1215],[-98.921,36.131],[-98.9314,36.1404],[-98.9481,36.1404],[-98.9648,36.1405],[-98.9815,36.1405],[-98.9982,36.1406],[-99.0148,36.1406],[-99.0315,36.1407],[-99.0482,36.1407],[-99.0649,36.1408],[-99.0816,36.1408],[-99.0982,36.1408],[-99.1149,36.1409],[-99.1316,36.1409],[-99.1483,36.1409],[-99.165,36.141],[-99.1816,36.141],[-99.1983,36.141],[-99.215,36.141],[-99.2317,36.141],[-99.2484,36.1411],[-99.265,36.1411],[-99.2817,36.1411],[-99.2984,36.1411],[-99.3151,36.1411],[-99.3318,36.1411],[-99.3484,36.1411],[-99.3651,36.1411],[-99.3818,36.1411],[-99.3985,36.1411],[-99.4151,36.1411],[-99.4318,36.1411],[-99.4485,36.1411],[-99.4652,36.141],[-99.4819,36.141],[-99.4985,36.141],[-99.5152,36.141],[-99.5319,36.141],[-99.5486,36.1409],[-99.5653,36.1409],[-99.5819,36.1409],[-99.5986,36.1408],[-99.6153,36.1408],[-99.632,36.1408],[-99.6487,36.1407],[-99.6653,36.1407],[-99.682,36.1406],[-99.6987,36.1406],[-99.7154,36.1405],[-99.7321,36.1405],[-99.7487,36.1404],[-99.7654,36.1404],[-99.7821,36.1403],[-99.7988,36.1402],[-99.8155,36.1402],[-99.8321,36.1401],[-99.8488,36.14],[-99.8655,36.14],[-99.8822,36.1399],[-99.8989,36.1398],[-99.9155,36.1398],[-99.9322,36.1397],[-99.9489,36.1396],[-99.9656,36.1395],[-99.9823,36.1394],[-99.9989,36.1393],[-99.9983,35.9136],[-99.9977,35.6879],[-99.997,35.4622],[-99.9964,35.2364],[-99.9851,35.2371],[-99.9581,35.2373],[-99.9311,35.2374],[-99.9042,35.2376],[-99.8772,35.2377],[-99.8502,35.2378],[-99.8232,35.238],[-99.7962,35.2381],[-99.7692,35.2382],[-99.7544,35.2458],[-99.7396,35.2534],[-99.7248,35.261],[-99.7099,35.2685],[-99.6887,35.2703],[-99.6675,35.2721],[-99.6462,35.2739],[-99.625,35.2756],[-99.6191,35.2906],[-99.6132,35.3056],[-99.6073,35.3206],[-99.6014,35.3355],[-99.5903,35.3423],[-99.5792,35.3492],[-99.5681,35.356],[-99.557,35.3628],[-99.5459,35.3696],[-99.5348,35.3764],[-99.5237,35.3832],[-99.5126,35.39],[-99.4905,35.3894],[-99.4685,35.3888],[-99.4465,35.3882],[-99.4244,35.3876],[-99.4115,35.3922],[-99.3986,35.3968],[-99.3858,35.4013],[-99.3729,35.4059],[-99.36,35.4105],[-99.3471,35.4151],[-99.3342,35.4197],[-99.3213,35.4242],[-99.2957,35.4246],[-99.2701,35.425],[-99.2446,35.4254],[-99.219,35.4257],[-99.2064,35.4328],[-99.1938,35.4399],[-99.1812,35.4469],[-99.1686,35.454],[-99.156,35.4611],[-99.1434,35.4682],[-99.1308,35.4752],[-99.1182,35.4823],[-99.096,35.4821],[-99.0739,35.4818],[-99.0517,35.4816],[-99.0296,35.4814],[-99.0134,35.4866],[-98.9971,35.4918],[-98.9808,35.497],[-98.9646,35.5022],[-98.9483,35.5075],[-98.932,35.5127],[-98.9157,35.5179],[-98.8995,35.5231],[-98.8795,35.524],[-98.8596,35.525],[-98.8396,35.526],[-98.8197,35.527],[-98.7998,35.528],[-98.7798,35.5289],[-98.7599,35.5299],[-98.74,35.5309],[-98.72,35.5318],[-98.7001,35.5328],[-98.6801,35.5337],[-98.6602,35.5347],[-98.6402,35.5356],[-98.6203,35.5366],[-98.6004,35.5375],[-98.5804,35.5384],[-98.5535,35.5379],[-98.5266,35.5373],[-98.4997,35.5367],[-98.4728,35.5362],[-98.4459,35.5356],[-98.4189,35.535],[-98.392,35.5344],[-98.3651,35.5338],[-98.3509,35.54],[-98.3367,35.5462],[-98.3225,35.5524],[-98.3082,35.5587],[-98.3143,35.5851],[-98.3205,35.6115],[-98.3266,35.6379],[-98.3327,35.6643],[-98.3446,35.6814],[-98.3564,35.6986],[-98.3683,35.7157],[-98.3802,35.7329],[-98.3921,35.75],[-98.404,35.7672],[-98.4159,35.7843],[-98.4278,35.8014],[-98.4272,35.8398]]]},"properties":{"OBJECTID":105,"state":"Oklahoma","agency":"Oklahoma Department of Wildlife Conservation","unit_type":"Antlerless Deer Zones","unit_id":"7","unit_name":"Zone 7","unit_label":"Oklahoma Antlerless Deer Zones 7 - Zone 7","aliases":"2026 | 7 | 7 zone 7 | antlerless deer zones | antlerless deer zones 7 | antlerless deer zones 7 zone 7 | deer hunt zone | deer hunt zone 7 | deer hunt zone 7 zone 7 | deer unit | deer unit 7 | deer unit 7 zone 7 | deer zone | deer zone 7 | deer zone 7 zo","year":"2026","Shape_Length":455025.11781602295,"Shape_Area":10561935225.523876}},{"type":"Feature","id":106,"geometry":{"type":"Polygon","coordinates":[[[-98.5804,35.5384],[-98.6004,35.5375],[-98.6203,35.5366],[-98.6402,35.5356],[-98.6602,35.5347],[-98.6801,35.5337],[-98.7001,35.5328],[-98.72,35.5318],[-98.74,35.5309],[-98.7599,35.5299],[-98.7798,35.5289],[-98.7998,35.528],[-98.8197,35.527],[-98.8396,35.526],[-98.8596,35.525],[-98.8795,35.524],[-98.8995,35.5231],[-98.9157,35.5179],[-98.932,35.5127],[-98.9483,35.5075],[-98.9646,35.5022],[-98.9808,35.497],[-98.9971,35.4918],[-99.0134,35.4866],[-99.0296,35.4814],[-99.0517,35.4816],[-99.0739,35.4818],[-99.096,35.4821],[-99.1182,35.4823],[-99.1308,35.4752],[-99.1434,35.4682],[-99.156,35.4611],[-99.1686,35.454],[-99.1812,35.4469],[-99.1938,35.4399],[-99.2064,35.4328],[-99.219,35.4257],[-99.2446,35.4254],[-99.2701,35.425],[-99.2957,35.4246],[-99.3213,35.4242],[-99.3342,35.4197],[-99.3471,35.4151],[-99.36,35.4105],[-99.3729,35.4059],[-99.3858,35.4013],[-99.3986,35.3968],[-99.4115,35.3922],[-99.4244,35.3876],[-99.4465,35.3882],[-99.4685,35.3888],[-99.4905,35.3894],[-99.5126,35.39],[-99.5237,35.3832],[-99.5348,35.3764],[-99.5459,35.3696],[-99.557,35.3628],[-99.5681,35.356],[-99.5792,35.3492],[-99.5903,35.3423],[-99.6014,35.3355],[-99.6073,35.3206],[-99.6132,35.3056],[-99.6191,35.2906],[-99.625,35.2756],[-99.6462,35.2739],[-99.6675,35.2721],[-99.6887,35.2703],[-99.7099,35.2685],[-99.7248,35.261],[-99.7396,35.2534],[-99.7544,35.2458],[-99.7692,35.2382],[-99.7962,35.2381],[-99.8232,35.238],[-99.8502,35.2378],[-99.8772,35.2377],[-99.9042,35.2376],[-99.9311,35.2374],[-99.9581,35.2373],[-99.9851,35.2371],[-99.9871,35.1553],[-99.989,35.0735],[-99.991,34.9917],[-99.9929,34.9099],[-99.9948,34.828],[-99.9968,34.7462],[-99.9987,34.6644],[-100.0006,34.5825],[-99.9806,34.5804],[-99.9605,34.5782],[-99.9405,34.5761],[-99.9204,34.574],[-99.9082,34.5659],[-99.896,34.5578],[-99.8838,34.5497],[-99.8715,34.5416],[-99.8599,34.5314],[-99.8483,34.5212],[-99.8367,34.5111],[-99.825,34.5009],[-99.8134,34.4907],[-99.8018,34.4805],[-99.7902,34.4704],[-99.7786,34.4602],[-99.767,34.45],[-99.7554,34.4398],[-99.7438,34.4297],[-99.7322,34.4195],[-99.7206,34.4093],[-99.709,34.3991],[-99.6974,34.3889],[-99.6859,34.3787],[-99.6619,34.378],[-99.638,34.3772],[-99.6141,34.3764],[-99.5901,34.3756],[-99.5828,34.3855],[-99.5756,34.3954],[-99.5683,34.4053],[-99.561,34.4152],[-99.5395,34.4113],[-99.5179,34.4075],[-99.4964,34.4037],[-99.4748,34.3998],[-99.4533,34.396],[-99.4317,34.3921],[-99.4102,34.3883],[-99.3886,34.3844],[-99.3846,34.4183],[-99.3806,34.4522],[-99.3664,34.4548],[-99.3521,34.4575],[-99.3322,34.4446],[-99.3123,34.4318],[-99.2924,34.4189],[-99.2725,34.4061],[-99.264,34.3965],[-99.2555,34.387],[-99.247,34.3774],[-99.2385,34.3679],[-99.23,34.3583],[-99.2215,34.3487],[-99.213,34.3392],[-99.2045,34.3296],[-99.1977,34.3003],[-99.1909,34.2709],[-99.1841,34.2415],[-99.1773,34.2121],[-99.1597,34.2106],[-99.1421,34.209],[-99.1246,34.2074],[-99.107,34.2058],[-99.0895,34.2042],[-99.0719,34.2026],[-99.0543,34.201],[-99.0368,34.1994],[-99.0183,34.2032],[-98.9998,34.2069],[-98.9812,34.2106],[-98.9627,34.2143],[-98.9513,34.207],[-98.9399,34.1997],[-98.9284,34.1924],[-98.917,34.1851],[-98.9056,34.1778],[-98.8942,34.1705],[-98.8828,34.1632],[-98.8714,34.1559],[-98.8535,34.1556],[-98.8356,34.1553],[-98.8177,34.155],[-98.7998,34.1547],[-98.7867,34.1472],[-98.7735,34.1397],[-98.7604,34.1322],[-98.7472,34.1247],[-98.7226,34.1322],[-98.6979,34.1398],[-98.6733,34.1473],[-98.6486,34.1548],[-98.6261,34.1519],[-98.6037,34.1491],[-98.5812,34.1462],[-98.5588,34.1433],[-98.5476,34.1331],[-98.5365,34.1228],[-98.5253,34.1126],[-98.5141,34.1023],[-98.5029,34.0921],[-98.4918,34.0818],[-98.4806,34.0716],[-98.4695,34.0613],[-98.4531,34.0704],[-98.4367,34.0794],[-98.4204,34.0885],[-98.404,34.0975],[-98.3921,34.1109],[-98.3803,34.1243],[-98.3684,34.1377],[-98.3566,34.1511],[-98.3329,34.1466],[-98.3092,34.142],[-98.2855,34.1375],[-98.2618,34.133],[-98.2381,34.1284],[-98.2145,34.1239],[-98.1908,34.1193],[-98.1671,34.1147],[-98.1572,34.1229],[-98.1473,34.1311],[-98.1374,34.1392],[-98.1274,34.1474],[-98.1061,34.1396],[-98.0848,34.1317],[-98.0908,34.117],[-98.0969,34.1023],[-98.1029,34.0876],[-98.109,34.0729],[-98.1005,34.0573],[-98.0921,34.0417],[-98.0837,34.026],[-98.0753,34.0104],[-98.0555,34.0],[-98.0358,33.9896],[-98.0117,33.9895],[-97.9876,33.9894],[-97.9635,33.9892],[-97.9394,33.9891],[-97.9433,34.0188],[-97.9472,34.0486],[-97.9512,34.0783],[-97.9551,34.108],[-97.9703,34.1261],[-97.9855,34.1441],[-97.9827,34.1998],[-97.9799,34.2556],[-97.9682,34.2787],[-97.9566,34.3018],[-97.9623,34.3416],[-97.968,34.3813],[-97.9737,34.4211],[-97.9795,34.4609],[-97.9724,34.4763],[-97.9653,34.4918],[-97.962,34.567],[-97.9586,34.6421],[-97.9569,34.7221],[-97.9552,34.8022],[-97.9536,34.8822],[-97.9518,34.9623],[-97.966,34.9578],[-97.9802,34.9532],[-97.9944,34.9487],[-98.0085,34.9442],[-98.0254,34.9429],[-98.0422,34.9416],[-98.059,34.9403],[-98.0758,34.9391],[-98.0926,34.9378],[-98.1095,34.9365],[-98.1263,34.9352],[-98.1431,34.9339],[-98.1549,34.927],[-98.1666,34.9202],[-98.1784,34.9134],[-98.1901,34.9065],[-98.2152,34.9063],[-98.2403,34.9061],[-98.2655,34.9059],[-98.2906,34.9057],[-98.3157,34.9055],[-98.3408,34.9052],[-98.3659,34.905],[-98.391,34.9047],[-98.4162,34.9045],[-98.4413,34.9043],[-98.4664,34.904],[-98.4915,34.9037],[-98.5166,34.9035],[-98.5417,34.9032],[-98.5669,34.9029],[-98.592,34.9026],[-98.5939,34.9513],[-98.5959,35.0001],[-98.5978,35.0488],[-98.5998,35.0975],[-98.6017,35.1462],[-98.6037,35.1949],[-98.6056,35.2436],[-98.6076,35.2923],[-98.5884,35.2929],[-98.5692,35.2936],[-98.572,35.3548],[-98.5748,35.416],[-98.5776,35.4772],[-98.5804,35.5384]]]},"properties":{"OBJECTID":106,"state":"Oklahoma","agency":"Oklahoma Department of Wildlife Conservation","unit_type":"Antlerless Deer Zones","unit_id":"8","unit_name":"Zone 8","unit_label":"Oklahoma Antlerless Deer Zones 8 - Zone 8","aliases":"2026 | 8 | 8 zone 8 | antlerless deer zones | antlerless deer zones 8 | antlerless deer zones 8 zone 8 | deer hunt zone | deer hunt zone 8 | deer hunt zone 8 zone 8 | deer unit | deer unit 8 | deer unit 8 zone 8 | deer zone | deer zone 8 | deer zone 8 zo","year":"2026","Shape_Length":710213.868334049,"Shape_Area":20623523915.950306}}]}