{"type":"FeatureCollection","features":[{"type":"Feature","id":927,"geometry":{"type":"Polygon","coordinates":[[[-110.1442,47.0771],[-110.1563,47.0871],[-110.1685,47.0971],[-110.1806,47.107],[-110.1928,47.117],[-110.205,47.127],[-110.2172,47.137],[-110.2293,47.1469],[-110.2415,47.1569],[-110.2547,47.1445],[-110.2678,47.1322],[-110.281,47.1198],[-110.2941,47.1075],[-110.3169,47.0983],[-110.3398,47.0892],[-110.3626,47.0801],[-110.3854,47.071],[-110.4081,47.0619],[-110.4309,47.0528],[-110.4537,47.0436],[-110.4765,47.0345],[-110.4951,47.0211],[-110.5137,47.0076],[-110.5074,46.9765],[-110.5012,46.9455],[-110.5184,46.9378],[-110.5356,46.9301],[-110.5528,46.9225],[-110.5699,46.9148],[-110.5871,46.9071],[-110.6042,46.8994],[-110.6214,46.8917],[-110.6386,46.8841],[-110.6523,46.8738],[-110.6661,46.8635],[-110.6799,46.8533],[-110.6937,46.843],[-110.684,46.8176],[-110.6744,46.7923],[-110.6487,46.7827],[-110.623,46.7731],[-110.5974,46.7634],[-110.5717,46.7538],[-110.5461,46.7442],[-110.5205,46.7346],[-110.4948,46.7249],[-110.4692,46.7153],[-110.4722,46.6872],[-110.4565,46.6862],[-110.4407,46.6851],[-110.425,46.6841],[-110.4092,46.683],[-110.3935,46.682],[-110.3777,46.6809],[-110.362,46.6798],[-110.3462,46.6788],[-110.3284,46.6867],[-110.3106,46.6946],[-110.2928,46.7025],[-110.275,46.7104],[-110.282,46.7271],[-110.2889,46.7439],[-110.2958,46.7606],[-110.3028,46.7773],[-110.2952,46.7952],[-110.2876,46.8131],[-110.2801,46.831],[-110.2725,46.8488],[-110.2947,46.8492],[-110.3169,46.8496],[-110.3302,46.8606],[-110.3435,46.8717],[-110.3568,46.8828],[-110.3701,46.8939],[-110.3834,46.905],[-110.3967,46.9161],[-110.41,46.9272],[-110.4233,46.9383],[-110.4102,46.9456],[-110.397,46.9529],[-110.3838,46.9603],[-110.3707,46.9676],[-110.3505,46.9652],[-110.3303,46.9627],[-110.3101,46.9603],[-110.2899,46.9578],[-110.2744,46.9627],[-110.2589,46.9677],[-110.2434,46.9726],[-110.2279,46.9775],[-110.2124,46.9825],[-110.1969,46.9874],[-110.1813,46.9923],[-110.1658,46.9972],[-110.1604,47.0172],[-110.155,47.0372],[-110.1496,47.0571],[-110.1442,47.0771]]]},"properties":{"OBJECTID":927,"state":"Montana","agency":"Montana Fish Wildlife and Parks","unit_type":"HD","unit_id":"448","unit_name":"Northeast Little Belts","unit_label":"Montana HD 448 - Northeast Little Belts","aliases":"2025 | 448 | 448 northeast little belts | hd | hd 448 | hd 448 northeast little belts | montana | montana 448 | montana 448 northeast little belts | montana fish wildlife and parks | montana fish wildlife and parks 448 | montana hd 448 | montana hd 448 n","year":"2025","Shape_Length":170216.4064488081,"Shape_Area":982633172.1906837}},{"type":"Feature","id":928,"geometry":{"type":"Polygon","coordinates":[[[-106.3515,48.0209],[-106.3425,48.0092],[-106.3336,47.9975],[-106.3247,47.9858],[-106.3158,47.9741],[-106.3068,47.9624],[-106.2979,47.9507],[-106.289,47.9391],[-106.2801,47.9274],[-106.3073,47.9357],[-106.3346,47.9441],[-106.3618,47.9525],[-106.389,47.9608],[-106.3841,47.9388],[-106.3792,47.9167],[-106.3743,47.8946],[-106.3693,47.8725],[-106.3604,47.863],[-106.3514,47.8535],[-106.3424,47.844],[-106.3335,47.8345],[-106.3245,47.825],[-106.3155,47.8155],[-106.3066,47.8061],[-106.2976,47.7966],[-106.2897,47.7829],[-106.2818,47.7693],[-106.2739,47.7556],[-106.266,47.742],[-106.2581,47.7284],[-106.2503,47.7147],[-106.2424,47.7011],[-106.2345,47.6875],[-106.2325,47.6294],[-106.2304,47.5714],[-106.2427,47.5626],[-106.2551,47.5539],[-106.2674,47.5451],[-106.2797,47.5364],[-106.2894,47.5234],[-106.2991,47.5104],[-106.3088,47.4974],[-106.3185,47.4844],[-106.3282,47.4714],[-106.3379,47.4584],[-106.3476,47.4454],[-106.3572,47.4324],[-106.3516,47.4193],[-106.346,47.4062],[-106.3404,47.393],[-106.3347,47.3799],[-106.342,47.3698],[-106.3492,47.3598],[-106.3564,47.3497],[-106.3636,47.3396],[-106.3636,47.3396],[-106.3356,47.3379],[-106.315,47.3364],[-106.2944,47.3348],[-106.2738,47.3333],[-106.2532,47.3317],[-106.2326,47.3302],[-106.212,47.3287],[-106.1914,47.3271],[-106.1708,47.3256],[-106.1707,47.4611],[-106.1625,47.4892],[-106.1542,47.5174],[-106.1513,47.5954],[-106.1485,47.6736],[-106.1456,47.7517],[-106.1427,47.8298],[-106.1513,47.8489],[-106.1599,47.8679],[-106.1685,47.887],[-106.1771,47.906],[-106.188,47.9132],[-106.1989,47.9204],[-106.2098,47.9276],[-106.2207,47.9348],[-106.2316,47.9419],[-106.2424,47.9491],[-106.2533,47.9563],[-106.2642,47.9635],[-106.2751,47.9707],[-106.286,47.9778],[-106.2969,47.985],[-106.3078,47.9922],[-106.3187,47.9994],[-106.3296,48.0065],[-106.3406,48.0137],[-106.3515,48.0209]]]},"properties":{"OBJECTID":928,"state":"Montana","agency":"Montana Fish Wildlife and Parks","unit_type":"HD","unit_id":"652","unit_name":"Prairie Agriculture","unit_label":"Montana HD 652 - Prairie Agriculture","aliases":"2025 | 652 | 652 prairie agriculture | hd | hd 652 | hd 652 prairie agriculture | montana | montana 652 | montana 652 prairie agriculture | montana fish wildlife and parks | montana fish wildlife and parks 652 | montana hd 652 | montana hd 652 prairie ag","year":"2025","Shape_Length":193142.75427287503,"Shape_Area":751420007.0342364}},{"type":"Feature","id":929,"geometry":{"type":"Polygon","coordinates":[[[-104.0481,48.6077],[-104.0485,48.748],[-104.0485,48.7485],[-104.0485,48.75],[-104.0484,48.7626],[-104.0485,48.7851],[-104.0486,48.7987],[-104.0488,48.8432],[-104.0487,48.8627],[-104.0487,48.8663],[-104.0489,48.8743],[-104.0487,48.9037],[-104.0489,48.9307],[-104.0488,48.9462],[-104.0487,48.9517],[-104.0487,48.9578],[-104.0487,48.9611],[-104.0487,48.9998],[-104.0733,48.9999],[-104.0978,49.0],[-104.1223,49.0],[-104.1469,49.0001],[-104.1714,49.0001],[-104.1959,49.0002],[-104.2205,49.0002],[-104.245,49.0003],[-104.2696,49.0003],[-104.2941,49.0004],[-104.3186,49.0004],[-104.3432,49.0004],[-104.3677,49.0004],[-104.3922,49.0005],[-104.4168,49.0005],[-104.4413,49.0005],[-104.4658,49.0005],[-104.4904,49.0005],[-104.5149,49.0005],[-104.5394,49.0005],[-104.564,49.0005],[-104.5885,49.0004],[-104.6131,49.0004],[-104.6376,49.0004],[-104.6621,49.0004],[-104.6867,49.0003],[-104.7112,49.0003],[-104.7357,49.0002],[-104.7603,49.0002],[-104.7848,49.0001],[-104.8093,49.0001],[-104.8339,49.0],[-104.8567,49.0001],[-104.8794,49.0001],[-104.9022,49.0002],[-104.925,49.0002],[-104.9478,49.0003],[-104.9706,49.0003],[-104.9934,49.0004],[-105.0162,49.0004],[-105.039,49.0004],[-105.0617,49.0004],[-105.0845,49.0005],[-105.1073,49.0005],[-105.1301,49.0005],[-105.1529,49.0005],[-105.1757,49.0005],[-105.1985,49.0005],[-105.2213,49.0005],[-105.244,49.0005],[-105.2668,49.0005],[-105.2896,49.0005],[-105.3124,49.0005],[-105.3352,49.0004],[-105.358,49.0004],[-105.3808,49.0004],[-105.4036,49.0004],[-105.4263,49.0003],[-105.4491,49.0003],[-105.4719,49.0002],[-105.4947,49.0002],[-105.5175,49.0001],[-105.5403,49.0001],[-105.5631,49.0],[-105.5885,49.0001],[-105.614,49.0002],[-105.6394,49.0002],[-105.6648,49.0003],[-105.6903,49.0003],[-105.7157,49.0004],[-105.7412,49.0004],[-105.7666,49.0005],[-105.7921,49.0005],[-105.8175,49.0005],[-105.8429,49.0006],[-105.8684,49.0006],[-105.8938,49.0006],[-105.9193,49.0006],[-105.9447,49.0006],[-105.9702,49.0006],[-105.9956,49.0006],[-106.0211,49.0006],[-106.0465,49.0006],[-106.0719,49.0006],[-106.0974,49.0006],[-106.1228,49.0005],[-106.1483,49.0005],[-106.1737,49.0005],[-106.1992,49.0004],[-106.2246,49.0004],[-106.25,49.0003],[-106.2755,49.0003],[-106.3009,49.0002],[-106.3264,49.0002],[-106.3518,49.0001],[-106.3773,49.0],[-106.38,48.9722],[-106.3827,48.9445],[-106.3854,48.9167],[-106.3881,48.8889],[-106.4008,48.87],[-106.4136,48.8512],[-106.4164,48.7916],[-106.4192,48.7321],[-106.4342,48.7222],[-106.4492,48.7122],[-106.4642,48.7023],[-106.4792,48.6924],[-106.4792,48.6331],[-106.4493,48.6329],[-106.4194,48.6325],[-106.3895,48.6322],[-106.3595,48.6319],[-106.3296,48.6316],[-106.2997,48.6313],[-106.2698,48.6309],[-106.2398,48.6306],[-106.2099,48.6302],[-106.18,48.6299],[-106.1501,48.6295],[-106.1202,48.6292],[-106.0902,48.6288],[-106.0603,48.6284],[-106.0304,48.628],[-106.0005,48.6276],[-105.9763,48.6278],[-105.952,48.628],[-105.9278,48.6282],[-105.9036,48.6284],[-105.8794,48.6285],[-105.8552,48.6287],[-105.831,48.6289],[-105.8068,48.629],[-105.7825,48.6292],[-105.7583,48.6293],[-105.7341,48.6295],[-105.7099,48.6296],[-105.6857,48.6298],[-105.6615,48.6299],[-105.6373,48.63],[-105.6131,48.6302],[-105.5888,48.6303],[-105.5646,48.6304],[-105.5404,48.6305],[-105.5162,48.6306],[-105.492,48.6307],[-105.4678,48.6308],[-105.4436,48.6309],[-105.4193,48.631],[-105.3951,48.6311],[-105.3709,48.6312],[-105.3467,48.6313],[-105.3225,48.6314],[-105.2983,48.6314],[-105.274,48.6315],[-105.2498,48.6316],[-105.2256,48.6316],[-105.2014,48.6317],[-105.1772,48.6317],[-105.153,48.6318],[-105.1288,48.6318],[-105.1045,48.6319],[-105.0803,48.6319],[-105.0561,48.6319],[-105.0319,48.6319],[-105.0077,48.632],[-104.9835,48.632],[-104.9592,48.632],[-104.935,48.632],[-104.9108,48.632],[-104.8866,48.632],[-104.8624,48.632],[-104.8382,48.632],[-104.814,48.632],[-104.7897,48.632],[-104.7655,48.632],[-104.7413,48.6319],[-104.7171,48.6319],[-104.6929,48.6319],[-104.6687,48.6318],[-104.6444,48.6318],[-104.6202,48.6318],[-104.596,48.6317],[-104.5718,48.6317],[-104.5476,48.6316],[-104.5234,48.6315],[-104.4992,48.6315],[-104.4749,48.6314],[-104.4507,48.6313],[-104.4589,48.6059],[-104.467,48.5804],[-104.4773,48.5724],[-104.4876,48.5644],[-104.4979,48.5564],[-104.5081,48.5484],[-104.5184,48.5404],[-104.5287,48.5323],[-104.5389,48.5243],[-104.5492,48.5163],[-104.5513,48.4716],[-104.5533,48.4269],[-104.5611,48.4067],[-104.5689,48.3865],[-104.5767,48.3663],[-104.5845,48.346],[-104.6006,48.3379],[-104.6166,48.3297],[-104.6326,48.3216],[-104.6486,48.3134],[-104.6647,48.3053],[-104.6807,48.2971],[-104.6967,48.2889],[-104.7127,48.2808],[-104.7169,48.2564],[-104.7211,48.232],[-104.7073,48.2207],[-104.6936,48.2094],[-104.6798,48.1981],[-104.6661,48.1868],[-104.6523,48.1754],[-104.6386,48.1641],[-104.6248,48.1528],[-104.6111,48.1415],[-104.5984,48.1243],[-104.5857,48.1071],[-104.57,48.1087],[-104.5544,48.1103],[-104.5388,48.1119],[-104.5232,48.1135],[-104.5075,48.1151],[-104.4919,48.1166],[-104.4763,48.1182],[-104.4606,48.1198],[-104.4511,48.1068],[-104.4415,48.0939],[-104.4164,48.0859],[-104.3912,48.078],[-104.366,48.07],[-104.3408,48.062],[-104.3156,48.054],[-104.2905,48.046],[-104.2653,48.038],[-104.2402,48.03],[-104.2267,48.0395],[-104.2133,48.0491],[-104.1998,48.0586],[-104.1863,48.0681],[-104.1685,48.0592],[-104.1508,48.0502],[-104.133,48.0412],[-104.1152,48.0322],[-104.0974,48.0233],[-104.0797,48.0143],[-104.0619,48.0053],[-104.0441,47.9963],[-104.0449,48.0925],[-104.0452,48.1255],[-104.0452,48.1298],[-104.0452,48.1375],[-104.0453,48.1479],[-104.0456,48.2323],[-104.0457,48.2346],[-104.0457,48.2446],[-104.0458,48.2474],[-104.0459,48.2535],[-104.0459,48.2552],[-104.0464,48.3496],[-104.0465,48.3744],[-104.0471,48.4447],[-104.0471,48.4459],[-104.0471,48.4461],[-104.0474,48.4702],[-104.0474,48.4733],[-104.0474,48.4771],[-104.0476,48.4904],[-104.0476,48.4922],[-104.0477,48.4953],[-104.0477,48.5168],[-104.0477,48.5179],[-104.0477,48.5249],[-104.0477,48.5283],[-104.0477,48.5313],[-104.0477,48.5347],[-104.0478,48.581],[-104.0479,48.5908],[-104.0481,48.6077]]]},"properties":{"OBJECTID":929,"state":"Montana","agency":"Montana Fish Wildlife and Parks","unit_type":"HD","unit_id":"640","unit_name":"Prairie Agriculture","unit_label":"Montana HD 640 - Prairie Agriculture","aliases":"2025 | 640 | 640 prairie agriculture | hd | hd 640 | hd 640 prairie agriculture | montana | montana 640 | montana 640 prairie agriculture | montana fish wildlife and parks | montana fish wildlife and parks 640 | montana hd 640 | montana hd 640 prairie ag","year":"2025","Shape_Length":594008.7853167201,"Shape_Area":9682506532.562653}},{"type":"Feature","id":930,"geometry":{"type":"MultiPolygon","coordinates":[[[[-108.9508,48.5736],[-108.97,48.575],[-108.9891,48.5765],[-109.0083,48.578],[-109.0274,48.5794],[-109.0466,48.5809],[-109.0657,48.5823],[-109.0849,48.5838],[-109.104,48.5852],[-109.1232,48.5867],[-109.1424,48.5881],[-109.1615,48.5896],[-109.1807,48.591],[-109.1998,48.5925],[-109.219,48.5939],[-109.2381,48.5953],[-109.2573,48.5968],[-109.278,48.5956],[-109.2987,48.5944],[-109.3193,48.5932],[-109.34,48.592],[-109.3607,48.5908],[-109.3814,48.5895],[-109.402,48.5883],[-109.4227,48.5871],[-109.441,48.5766],[-109.4594,48.5661],[-109.48,48.5661],[-109.5007,48.566],[-109.5213,48.5659],[-109.5419,48.5659],[-109.5626,48.5658],[-109.5832,48.5657],[-109.6039,48.5656],[-109.6245,48.5655],[-109.6434,48.5587],[-109.6622,48.5519],[-109.6825,48.5528],[-109.7027,48.5538],[-109.7229,48.5547],[-109.7431,48.5557],[-109.7633,48.5566],[-109.7835,48.5576],[-109.8038,48.5585],[-109.824,48.5595],[-109.8442,48.5604],[-109.8644,48.5614],[-109.8846,48.5623],[-109.9049,48.5632],[-109.9251,48.5641],[-109.9453,48.5651],[-109.9655,48.566],[-109.9858,48.5669],[-110.0043,48.5669],[-110.0229,48.5669],[-110.0415,48.5669],[-110.0601,48.5669],[-110.0787,48.5668],[-110.0973,48.5668],[-110.1159,48.5668],[-110.1345,48.5668],[-110.1531,48.5667],[-110.1717,48.5667],[-110.1903,48.5667],[-110.2088,48.5666],[-110.2274,48.5666],[-110.246,48.5666],[-110.2646,48.5665],[-110.2832,48.5665],[-110.3011,48.5631],[-110.319,48.5596],[-110.3368,48.5562],[-110.3547,48.5528],[-110.3798,48.5529],[-110.4049,48.5529],[-110.43,48.5529],[-110.4551,48.553],[-110.4802,48.553],[-110.5053,48.5531],[-110.5304,48.5531],[-110.5555,48.5531],[-110.5806,48.5531],[-110.6056,48.5531],[-110.6307,48.5532],[-110.6558,48.5532],[-110.6809,48.5532],[-110.706,48.5532],[-110.7311,48.5532],[-110.7562,48.5531],[-110.7562,48.553],[-110.7554,48.2459],[-110.7389,48.2462],[-110.7225,48.2465],[-110.706,48.2468],[-110.6896,48.2471],[-110.6731,48.2474],[-110.6567,48.2477],[-110.6402,48.248],[-110.6238,48.2483],[-110.616,48.2217],[-110.6082,48.1951],[-110.6186,48.1833],[-110.6289,48.1715],[-110.6392,48.1596],[-110.6495,48.1478],[-110.6598,48.136],[-110.6701,48.1241],[-110.6804,48.1123],[-110.6907,48.1005],[-110.6853,48.0644],[-110.68,48.0284],[-110.6672,48.0173],[-110.6544,48.0063],[-110.6417,47.9952],[-110.6289,47.9841],[-110.6162,47.973],[-110.6034,47.9619],[-110.5907,47.9508],[-110.5779,47.9397],[-110.5571,47.9369],[-110.5363,47.934],[-110.5155,47.9312],[-110.4947,47.9283],[-110.4682,47.9338],[-110.4417,47.9393],[-110.4152,47.9448],[-110.3886,47.9502],[-110.3796,47.9606],[-110.3705,47.971],[-110.3614,47.9813],[-110.3523,47.9917],[-110.3297,47.9977],[-110.307,48.0037],[-110.2844,48.0097],[-110.2617,48.0157],[-110.239,48.0217],[-110.2164,48.0277],[-110.1937,48.0337],[-110.171,48.0396],[-110.1471,48.0281],[-110.1232,48.0165],[-110.115,48.0049],[-110.1069,47.9933],[-110.0987,47.9817],[-110.0906,47.9701],[-110.0825,47.9585],[-110.0743,47.9468],[-110.0662,47.9352],[-110.0581,47.9236],[-110.0631,47.8726],[-110.0682,47.8216],[-110.0534,47.8149],[-110.0386,47.8083],[-110.0238,47.8017],[-110.009,47.795],[-109.9942,47.7884],[-109.9794,47.7818],[-109.9646,47.7751],[-109.9498,47.7685],[-109.935,47.7618],[-109.9203,47.7552],[-109.9055,47.7485],[-109.8907,47.7419],[-109.8759,47.7352],[-109.8612,47.7286],[-109.8464,47.7219],[-109.8316,47.7153],[-109.8044,47.7121],[-109.7772,47.7089],[-109.75,47.7058],[-109.7228,47.7026],[-109.7129,47.7103],[-109.7029,47.718],[-109.6929,47.7258],[-109.6829,47.7335],[-109.6627,47.7351],[-109.6426,47.7367],[-109.6224,47.7383],[-109.6023,47.7399],[-109.5821,47.7415],[-109.562,47.7431],[-109.5418,47.7446],[-109.5217,47.7462],[-109.4984,47.7397],[-109.4752,47.7331],[-109.452,47.7266],[-109.4288,47.72],[-109.4098,47.7287],[-109.3909,47.7373],[-109.3768,47.7442],[-109.3627,47.751],[-109.3486,47.7579],[-109.3345,47.7647],[-109.3204,47.7716],[-109.3062,47.7784],[-109.2921,47.7853],[-109.278,47.7921],[-109.2598,47.7908],[-109.2416,47.7894],[-109.2233,47.7881],[-109.2051,47.7867],[-109.1869,47.7853],[-109.1687,47.784],[-109.1505,47.7826],[-109.1323,47.7812],[-109.1176,47.7862],[-109.1028,47.7912],[-109.0881,47.7962],[-109.0734,47.8012],[-109.0564,47.7995],[-109.0395,47.7977],[-109.0226,47.796],[-109.0057,47.7942],[-108.9888,47.7925],[-108.9718,47.7907],[-108.9549,47.7889],[-108.938,47.7872],[-108.9279,47.8037],[-108.9177,47.8202],[-108.9374,47.8341],[-108.9571,47.8479],[-108.9767,47.8618],[-108.9964,47.8757],[-109.0079,47.8982],[-109.0194,47.9208],[-109.0309,47.9433],[-109.0424,47.9659],[-109.0315,47.9753],[-109.0206,47.9848],[-109.0097,47.9942],[-108.9988,48.0036],[-108.9879,48.0131],[-108.977,48.0225],[-108.9661,48.0319],[-108.9551,48.0414],[-108.9379,48.0351],[-108.9206,48.0288],[-108.9034,48.0225],[-108.8861,48.0162],[-108.8867,48.1462],[-108.8874,48.2762],[-108.888,48.4063],[-108.8887,48.5364],[-108.8726,48.5305],[-108.8566,48.5245],[-108.8405,48.5185],[-108.8245,48.5126],[-108.8085,48.5066],[-108.7925,48.5006],[-108.7764,48.4946],[-108.7604,48.4886],[-108.7714,48.504],[-108.7823,48.5195],[-108.8034,48.5262],[-108.8244,48.533],[-108.8455,48.5398],[-108.8665,48.5465],[-108.8876,48.5533],[-108.9087,48.56],[-108.9298,48.5668],[-108.9508,48.5736]],[[-110.0791,48.3206],[-110.079,48.3169],[-110.0845,48.317],[-110.0791,48.3206]],[[-110.0846,48.2518],[-110.0738,48.2554],[-110.0738,48.2518],[-110.0846,48.2518]],[[-109.9521,48.3947],[-109.9521,48.4381],[-109.9332,48.4291],[-109.9142,48.4201],[-109.8952,48.4111],[-109.8763,48.4021],[-109.8573,48.3931],[-109.8384,48.3841],[-109.8194,48.375],[-109.8005,48.366],[-109.7951,48.3407],[-109.7897,48.3154],[-109.7625,48.3154],[-109.7354,48.3154],[-109.73,48.2919],[-109.7246,48.2685],[-109.7192,48.245],[-109.7137,48.2216],[-109.6897,48.2216],[-109.6657,48.2216],[-109.6417,48.2216],[-109.6176,48.2215],[-109.6175,48.1488],[-109.6427,48.1486],[-109.6679,48.1485],[-109.6931,48.1483],[-109.7183,48.1481],[-109.7435,48.148],[-109.7687,48.1478],[-109.7939,48.1476],[-109.8191,48.1474],[-109.8268,48.1744],[-109.8345,48.2014],[-109.8591,48.2024],[-109.8838,48.2035],[-109.9084,48.2045],[-109.9331,48.2055],[-109.9411,48.2195],[-109.9491,48.2336],[-109.926,48.2299],[-109.903,48.2263],[-109.8799,48.2226],[-109.8569,48.219],[-109.8514,48.2516],[-109.8717,48.258],[-109.892,48.2643],[-109.9124,48.2707],[-109.9327,48.277],[-109.9382,48.2372],[-109.9524,48.2467],[-109.9666,48.2562],[-109.9808,48.2657],[-109.9951,48.2752],[-110.0093,48.2848],[-110.0235,48.2943],[-110.0377,48.3038],[-110.052,48.3133],[-110.0466,48.3351],[-110.0348,48.3425],[-110.023,48.35],[-110.0112,48.3574],[-109.9993,48.3649],[-109.9875,48.3724],[-109.9757,48.3798],[-109.9639,48.3873],[-109.9521,48.3947]]],[[[-109.9438,48.3495],[-109.933,48.364],[-109.9573,48.3567],[-109.9816,48.3495],[-110.0059,48.3423],[-110.0302,48.335],[-110.0193,48.3242],[-110.0084,48.3133],[-109.9923,48.3223],[-109.9761,48.3314],[-109.96,48.3404],[-109.9438,48.3495]],[[-109.9868,48.3423],[-109.9813,48.3423],[-109.9813,48.3386],[-109.9868,48.3423]]],[[[-109.8784,48.3096],[-109.9056,48.315],[-109.9328,48.3205],[-109.9327,48.306],[-109.9056,48.3078],[-109.8784,48.3096]]],[[[-109.8674,48.3892],[-109.8838,48.3947],[-109.8873,48.3784],[-109.8674,48.3892]]],[[[-109.8005,48.3117],[-109.8222,48.3154],[-109.8222,48.3081],[-109.8005,48.3117]]],[[[-109.8947,48.3639],[-109.9002,48.3675],[-109.9002,48.3639],[-109.8838,48.3602],[-109.8947,48.3639]]],[[[-109.9195,48.42],[-109.9304,48.4237],[-109.9304,48.4164],[-109.9195,48.42]]],[[[-109.8459,48.3371],[-109.8512,48.3457],[-109.8513,48.3349],[-109.8459,48.3371]]],[[[-109.8838,48.3421],[-109.8729,48.3349],[-109.8765,48.3421],[-109.8838,48.3421]]],[[[-109.7896,48.2541],[-109.7787,48.2578],[-109.7896,48.2578],[-109.7896,48.2541]]],[[[-109.9467,48.4237],[-109.9412,48.4237],[-109.9413,48.4273],[-109.9467,48.4237]]]]},"properties":{"OBJECTID":930,"state":"Montana","agency":"Montana Fish Wildlife and Parks","unit_type":"HD","unit_id":"690","unit_name":"Bears Paw","unit_label":"Montana HD 690 - Bears Paw","aliases":"2025 | 690 | 690 bears paw | bears paw | hd | hd 690 | hd 690 bears paw | montana | montana 690 | montana 690 bears paw | montana fish wildlife and parks | montana fish wildlife and parks 690 | montana hd 690 | montana hd 690 bears paw","year":"2025","Shape_Length":689311.8643253196,"Shape_Area":10356636354.714685}},{"type":"Feature","id":931,"geometry":{"type":"Polygon","coordinates":[[[-106.4192,48.7321],[-106.4164,48.7916],[-106.4136,48.8512],[-106.4008,48.87],[-106.3881,48.8889],[-106.3854,48.9167],[-106.3827,48.9445],[-106.38,48.9722],[-106.3773,49.0],[-106.4019,49.0001],[-106.4266,49.0002],[-106.4513,49.0002],[-106.476,49.0003],[-106.5007,49.0003],[-106.5254,49.0003],[-106.5501,49.0004],[-106.5747,49.0004],[-106.5994,49.0004],[-106.6241,49.0005],[-106.6488,49.0005],[-106.6735,49.0005],[-106.6982,49.0005],[-106.7229,49.0005],[-106.7475,49.0005],[-106.7722,49.0005],[-106.7969,49.0005],[-106.8216,49.0005],[-106.8463,49.0005],[-106.871,49.0005],[-106.8957,49.0005],[-106.9203,49.0004],[-106.945,49.0004],[-106.9697,49.0004],[-106.9944,49.0003],[-107.0191,49.0003],[-107.0438,49.0002],[-107.0685,49.0002],[-107.0931,49.0001],[-107.1178,49.0001],[-107.1425,49.0],[-107.1672,48.9999],[-107.1863,49.0],[-107.2054,49.0001],[-107.2245,49.0002],[-107.2436,49.0002],[-107.2626,49.0003],[-107.2817,49.0004],[-107.3008,49.0004],[-107.3199,49.0005],[-107.339,49.0005],[-107.3581,49.0006],[-107.3772,49.0007],[-107.3963,49.0007],[-107.4154,49.0008],[-107.4344,49.0008],[-107.4535,49.0008],[-107.4726,49.0009],[-107.4917,49.0009],[-107.5108,49.001],[-107.5299,49.001],[-107.549,49.001],[-107.5681,49.001],[-107.5872,49.0011],[-107.6063,49.0011],[-107.6253,49.0011],[-107.6444,49.0011],[-107.6635,49.0011],[-107.6826,49.0012],[-107.7017,49.0012],[-107.7208,49.0012],[-107.7399,49.0012],[-107.759,49.0012],[-107.7781,49.0012],[-107.7972,49.0012],[-107.8162,49.0012],[-107.8353,49.0012],[-107.8544,49.0011],[-107.8735,49.0011],[-107.8926,49.0011],[-107.9117,49.0011],[-107.9308,49.0011],[-107.9499,49.0011],[-107.969,49.001],[-107.9881,49.001],[-108.0071,49.001],[-108.0262,49.0009],[-108.0453,49.0009],[-108.0644,49.0009],[-108.0835,49.0008],[-108.1026,49.0008],[-108.1217,49.0007],[-108.1408,49.0007],[-108.1599,49.0006],[-108.1789,49.0006],[-108.198,49.0005],[-108.2171,49.0004],[-108.2362,49.0004],[-108.2553,49.0003],[-108.2744,49.0002],[-108.2935,49.0002],[-108.3126,49.0001],[-108.3317,49.0],[-108.3508,48.9999],[-108.3698,48.9999],[-108.3889,48.9998],[-108.39,48.8457],[-108.4119,48.838],[-108.4339,48.8302],[-108.4339,48.7679],[-108.4588,48.7612],[-108.4838,48.7546],[-108.497,48.7476],[-108.5103,48.7406],[-108.5235,48.7336],[-108.5367,48.7266],[-108.55,48.7196],[-108.5632,48.7126],[-108.5764,48.7056],[-108.5896,48.6986],[-108.6028,48.6916],[-108.616,48.6846],[-108.6293,48.6776],[-108.6425,48.6707],[-108.6557,48.6637],[-108.6689,48.6567],[-108.6821,48.6496],[-108.6952,48.6426],[-108.7124,48.6307],[-108.7295,48.6187],[-108.7466,48.6068],[-108.7637,48.5948],[-108.7684,48.576],[-108.773,48.5571],[-108.7777,48.5383],[-108.7823,48.5195],[-108.7714,48.504],[-108.7604,48.4886],[-108.7381,48.4949],[-108.7158,48.5011],[-108.696,48.498],[-108.6762,48.4948],[-108.6565,48.4917],[-108.6367,48.4885],[-108.617,48.4854],[-108.5972,48.4822],[-108.5775,48.479],[-108.5578,48.4759],[-108.5478,48.4586],[-108.5379,48.4414],[-108.5154,48.4343],[-108.493,48.4272],[-108.4705,48.4201],[-108.448,48.413],[-108.4384,48.4261],[-108.4288,48.4392],[-108.4045,48.4367],[-108.3802,48.4342],[-108.3559,48.4317],[-108.3316,48.4292],[-108.3126,48.4158],[-108.2936,48.4025],[-108.2712,48.4002],[-108.2489,48.3978],[-108.2265,48.3955],[-108.2042,48.3932],[-108.1818,48.3909],[-108.1594,48.3886],[-108.1371,48.3862],[-108.1147,48.3839],[-108.0924,48.3816],[-108.07,48.3792],[-108.0477,48.3769],[-108.0253,48.3745],[-108.003,48.3722],[-107.9806,48.3698],[-107.9583,48.3675],[-107.936,48.3651],[-107.9179,48.3665],[-107.8999,48.3678],[-107.8818,48.3692],[-107.8638,48.3705],[-107.8457,48.3719],[-107.8277,48.3732],[-107.8096,48.3746],[-107.7916,48.3759],[-107.7792,48.3855],[-107.7668,48.3951],[-107.7544,48.4047],[-107.742,48.4143],[-107.7296,48.4239],[-107.7172,48.4335],[-107.7048,48.4431],[-107.6923,48.4527],[-107.6683,48.4555],[-107.6442,48.4583],[-107.6201,48.4611],[-107.5961,48.464],[-107.572,48.4668],[-107.5479,48.4696],[-107.5239,48.4724],[-107.4998,48.4752],[-107.4803,48.4728],[-107.4608,48.4705],[-107.4413,48.4682],[-107.4218,48.4658],[-107.4023,48.4635],[-107.3828,48.4611],[-107.3634,48.4588],[-107.3439,48.4564],[-107.3251,48.4555],[-107.3064,48.4545],[-107.2876,48.4536],[-107.2689,48.4526],[-107.2501,48.4517],[-107.2314,48.4507],[-107.2126,48.4497],[-107.1939,48.4488],[-107.1815,48.4389],[-107.1691,48.429],[-107.1568,48.4192],[-107.1444,48.4093],[-107.1252,48.4079],[-107.106,48.4065],[-107.0867,48.4051],[-107.0675,48.4037],[-107.0483,48.4022],[-107.029,48.4008],[-107.0098,48.3994],[-106.9906,48.398],[-106.9714,48.3965],[-106.9521,48.3951],[-106.9329,48.3937],[-106.9137,48.3922],[-106.8945,48.3908],[-106.8753,48.3893],[-106.856,48.3879],[-106.8368,48.3864],[-106.8196,48.379],[-106.8024,48.3715],[-106.7852,48.3641],[-106.768,48.3566],[-106.76,48.3468],[-106.752,48.3369],[-106.7441,48.3271],[-106.7361,48.3172],[-106.7282,48.3073],[-106.7202,48.2975],[-106.7122,48.2876],[-106.7043,48.2778],[-106.6963,48.2679],[-106.6884,48.2581],[-106.6804,48.2482],[-106.6725,48.2384],[-106.6646,48.2285],[-106.6566,48.2186],[-106.6487,48.2088],[-106.6407,48.1989],[-106.6201,48.1905],[-106.5995,48.1822],[-106.5788,48.1738],[-106.5582,48.1654],[-106.5315,48.1617],[-106.5047,48.1581],[-106.478,48.1544],[-106.4513,48.1508],[-106.4246,48.1471],[-106.3979,48.1434],[-106.3712,48.1397],[-106.3445,48.1361],[-106.3619,48.1481],[-106.3794,48.1602],[-106.3868,48.1848],[-106.3941,48.2095],[-106.4014,48.2341],[-106.4088,48.2587],[-106.4041,48.2995],[-106.3993,48.3403],[-106.4109,48.3555],[-106.4224,48.3707],[-106.434,48.3859],[-106.4456,48.4011],[-106.4571,48.4163],[-106.4687,48.4315],[-106.4803,48.4467],[-106.4919,48.4619],[-106.4904,48.5104],[-106.5014,48.5259],[-106.5125,48.5413],[-106.5235,48.5567],[-106.5346,48.5722],[-106.5456,48.5876],[-106.5567,48.6031],[-106.5677,48.6185],[-106.5788,48.6339],[-106.5539,48.6337],[-106.529,48.6335],[-106.5041,48.6333],[-106.4792,48.6331],[-106.4792,48.6924],[-106.4642,48.7023],[-106.4492,48.7122],[-106.4342,48.7222],[-106.4192,48.7321]]]},"properties":{"OBJECTID":931,"state":"Montana","agency":"Montana Fish Wildlife and Parks","unit_type":"HD","unit_id":"670","unit_name":"Prairie Agriculture","unit_label":"Montana HD 670 - Prairie Agriculture","aliases":"2025 | 670 | 670 prairie agriculture | hd | hd 670 | hd 670 prairie agriculture | montana | montana 670 | montana 670 prairie agriculture | montana fish wildlife and parks | montana fish wildlife and parks 670 | montana hd 670 | montana hd 670 prairie ag","year":"2025","Shape_Length":536454.1299152223,"Shape_Area":10680885108.764196}},{"type":"Feature","id":932,"geometry":{"type":"Polygon","coordinates":[[[-112.5687,44.6197],[-112.5832,44.6307],[-112.5978,44.6416],[-112.6124,44.6526],[-112.6269,44.6636],[-112.6415,44.6746],[-112.6561,44.6856],[-112.6707,44.6966],[-112.6852,44.7076],[-112.6996,44.6985],[-112.714,44.6894],[-112.7284,44.6804],[-112.7427,44.6713],[-112.7571,44.6622],[-112.7714,44.6531],[-112.7858,44.644],[-112.8001,44.6349],[-112.7987,44.5892],[-112.7972,44.5434],[-112.8234,44.5423],[-112.8496,44.5412],[-112.8757,44.54],[-112.9019,44.5389],[-112.9259,44.5308],[-112.9498,44.5226],[-112.9738,44.5145],[-112.9977,44.5064],[-113.0046,44.4912],[-113.0115,44.4761],[-113.0117,44.476],[-113.005,44.4621],[-112.9982,44.4482],[-112.987,44.4411],[-112.9757,44.434],[-112.9644,44.4269],[-112.9531,44.4198],[-112.9531,44.4198],[-112.94,44.413],[-112.9379,44.4127],[-112.936,44.4127],[-112.934,44.4129],[-112.9311,44.4133],[-112.9282,44.4123],[-112.9274,44.4113],[-112.9247,44.4109],[-112.9205,44.4099],[-112.919,44.4086],[-112.9185,44.4075],[-112.9185,44.4074],[-112.917,44.4043],[-112.9168,44.4041],[-112.8997,44.3996],[-112.8938,44.4041],[-112.8849,44.4022],[-112.8847,44.402],[-112.8842,44.3937],[-112.8842,44.3937],[-112.8812,44.3797],[-112.8811,44.3797],[-112.875,44.3766],[-112.8736,44.3741],[-112.8686,44.3706],[-112.8681,44.3705],[-112.8646,44.37],[-112.8637,44.3695],[-112.8614,44.3671],[-112.8608,44.3661],[-112.855,44.3599],[-112.8526,44.3594],[-112.8467,44.3583],[-112.8455,44.3582],[-112.845,44.3582],[-112.8444,44.3589],[-112.8431,44.3598],[-112.8424,44.3604],[-112.8407,44.3619],[-112.8379,44.362],[-112.8374,44.3621],[-112.8371,44.3621],[-112.8371,44.3621],[-112.8368,44.3626],[-112.8357,44.3635],[-112.8288,44.3665],[-112.8267,44.3676],[-112.8248,44.3684],[-112.8216,44.3704],[-112.8202,44.3713],[-112.8178,44.3736],[-112.8177,44.3737],[-112.8172,44.3743],[-112.8127,44.3774],[-112.8139,44.3849],[-112.8137,44.3856],[-112.8133,44.3862],[-112.8124,44.3876],[-112.8126,44.3923],[-112.8126,44.3923],[-112.8141,44.3937],[-112.8144,44.3941],[-112.8148,44.3965],[-112.8134,44.3982],[-112.8216,44.4029],[-112.8218,44.4035],[-112.8219,44.404],[-112.822,44.405],[-112.822,44.4062],[-112.8218,44.4069],[-112.827,44.4126],[-112.829,44.4147],[-112.8319,44.4172],[-112.8326,44.4184],[-112.8404,44.4251],[-112.8375,44.4259],[-112.8369,44.4261],[-112.8363,44.4263],[-112.8348,44.4284],[-112.8296,44.4315],[-112.8287,44.4318],[-112.8274,44.4323],[-112.8271,44.4324],[-112.8271,44.4324],[-112.8281,44.4372],[-112.8283,44.4393],[-112.8283,44.4421],[-112.8185,44.4477],[-112.8177,44.4488],[-112.817,44.4504],[-112.8144,44.4539],[-112.8131,44.4547],[-112.8115,44.4552],[-112.8084,44.4536],[-112.7976,44.4657],[-112.7984,44.4667],[-112.7981,44.4675],[-112.7978,44.4676],[-112.7811,44.4849],[-112.7712,44.4842],[-112.762,44.4887],[-112.7569,44.4887],[-112.7561,44.4888],[-112.7549,44.489],[-112.7517,44.4902],[-112.7507,44.4906],[-112.7462,44.4882],[-112.7453,44.488],[-112.7426,44.4881],[-112.7412,44.4903],[-112.7392,44.4932],[-112.738,44.4944],[-112.737,44.4956],[-112.7353,44.4987],[-112.7343,44.4995],[-112.7329,44.5001],[-112.7309,44.5009],[-112.7147,44.5004],[-112.6984,44.4999],[-112.6984,44.4999],[-112.6966,44.4995],[-112.6927,44.5],[-112.6926,44.4999],[-112.6921,44.4995],[-112.6921,44.4994],[-112.6799,44.4914],[-112.6763,44.4921],[-112.6646,44.4865],[-112.6628,44.4864],[-112.6609,44.4858],[-112.6581,44.4868],[-112.657,44.487],[-112.6534,44.4876],[-112.6525,44.4877],[-112.6438,44.49],[-112.643,44.4901],[-112.6407,44.4907],[-112.6393,44.4906],[-112.6329,44.4911],[-112.6298,44.488],[-112.6292,44.4859],[-112.6289,44.4845],[-112.6291,44.4836],[-112.6266,44.4833],[-112.6239,44.484],[-112.6234,44.4845],[-112.6199,44.4867],[-112.6184,44.4873],[-112.6087,44.4896],[-112.6066,44.4901],[-112.6023,44.491],[-112.5967,44.4883],[-112.5944,44.4873],[-112.5849,44.4816],[-112.5837,44.4817],[-112.582,44.4821],[-112.5796,44.4812],[-112.5777,44.4801],[-112.5768,44.4807],[-112.575,44.4809],[-112.5709,44.4822],[-112.5683,44.4826],[-112.5662,44.4828],[-112.5661,44.4828],[-112.5612,44.4826],[-112.5554,44.4839],[-112.555,44.484],[-112.553,44.4842],[-112.5518,44.4844],[-112.5447,44.4838],[-112.5433,44.484],[-112.5431,44.484],[-112.5429,44.484],[-112.5367,44.479],[-112.5358,44.4782],[-112.5319,44.478],[-112.5284,44.4768],[-112.5249,44.4773],[-112.5222,44.4763],[-112.5164,44.476],[-112.5129,44.4741],[-112.5124,44.4735],[-112.5118,44.4722],[-112.5115,44.4715],[-112.51,44.4659],[-112.4996,44.4637],[-112.4965,44.4679],[-112.4943,44.4679],[-112.4937,44.4684],[-112.49,44.471],[-112.4899,44.471],[-112.485,44.4716],[-112.4847,44.4719],[-112.4847,44.472],[-112.4843,44.4732],[-112.4842,44.4735],[-112.4829,44.4748],[-112.4797,44.4755],[-112.4753,44.4785],[-112.4691,44.4782],[-112.468,44.4776],[-112.4654,44.4759],[-112.4643,44.4755],[-112.4603,44.4756],[-112.4598,44.4749],[-112.4555,44.4715],[-112.4554,44.4708],[-112.4558,44.4699],[-112.456,44.4694],[-112.4555,44.467],[-112.4554,44.4668],[-112.4454,44.4677],[-112.4432,44.4671],[-112.4422,44.4664],[-112.4366,44.4626],[-112.4352,44.462],[-112.4341,44.4603],[-112.434,44.4597],[-112.4346,44.4565],[-112.4338,44.4548],[-112.43,44.4539],[-112.423,44.4547],[-112.4026,44.4563],[-112.4025,44.4563],[-112.4023,44.4562],[-112.4013,44.4557],[-112.4008,44.4553],[-112.4001,44.4547],[-112.3985,44.4531],[-112.3947,44.4524],[-112.3868,44.4478],[-112.3842,44.4509],[-112.384,44.4512],[-112.3759,44.4594],[-112.3748,44.4605],[-112.3731,44.4621],[-112.3718,44.4635],[-112.365,44.4728],[-112.3649,44.4731],[-112.3649,44.4736],[-112.3649,44.4748],[-112.3645,44.476],[-112.3645,44.478],[-112.3567,44.4936],[-112.3569,44.4938],[-112.3574,44.4947],[-112.3575,44.4949],[-112.3571,44.4993],[-112.3569,44.5013],[-112.357,44.5022],[-112.3567,44.5053],[-112.3576,44.506],[-112.3584,44.5087],[-112.3582,44.5097],[-112.3579,44.5104],[-112.3581,44.5208],[-112.3571,44.5232],[-112.3568,44.5245],[-112.3567,44.5249],[-112.3588,44.529],[-112.3568,44.5306],[-112.3565,44.5323],[-112.3526,44.5378],[-112.3524,44.538],[-112.3512,44.538],[-112.3506,44.5381],[-112.3498,44.5383],[-112.3483,44.5387],[-112.3463,44.5387],[-112.3438,44.5386],[-112.3407,44.5376],[-112.3372,44.5381],[-112.324,44.5392],[-112.3235,44.5392],[-112.3198,44.539],[-112.319,44.5393],[-112.3154,44.5414],[-112.3155,44.5469],[-112.3154,44.5472],[-112.3148,44.5509],[-112.3115,44.5546],[-112.309,44.556],[-112.3335,44.5633],[-112.358,44.5707],[-112.3825,44.5781],[-112.407,44.5855],[-112.4316,44.5929],[-112.4561,44.6002],[-112.4806,44.6076],[-112.5052,44.6149],[-112.521,44.6161],[-112.5369,44.6173],[-112.5528,44.6185],[-112.5687,44.6197]]]},"properties":{"OBJECTID":932,"state":"Montana","agency":"Montana Fish Wildlife and Parks","unit_type":"HD","unit_id":"303","unit_name":"Tendoy","unit_label":"Montana HD 303 - Tendoy","aliases":"2025 | 303 | 303 tendoy | hd | hd 303 | hd 303 tendoy | montana | montana 303 | montana 303 tendoy | montana fish wildlife and parks | montana fish wildlife and parks 303 | montana hd 303 | montana hd 303 tendoy | tendoy","year":"2025","Shape_Length":172278.10240863045,"Shape_Area":841005760.558294}},{"type":"Feature","id":933,"geometry":{"type":"Polygon","coordinates":[[[-111.4431,47.3796],[-111.459,47.3932],[-111.475,47.4067],[-111.4909,47.4202],[-111.5069,47.4337],[-111.5232,47.4208],[-111.5396,47.4079],[-111.5559,47.395],[-111.5723,47.3821],[-111.5886,47.3692],[-111.6049,47.3563],[-111.6212,47.3434],[-111.6375,47.3305],[-111.6538,47.3176],[-111.6701,47.3047],[-111.6864,47.2918],[-111.7027,47.2789],[-111.719,47.266],[-111.7353,47.253],[-111.7515,47.2401],[-111.7678,47.2272],[-111.7776,47.2164],[-111.7875,47.2055],[-111.7973,47.1947],[-111.8071,47.1838],[-111.817,47.173],[-111.8268,47.1621],[-111.8366,47.1512],[-111.8465,47.1404],[-111.8709,47.1346],[-111.8953,47.1288],[-111.9197,47.1229],[-111.944,47.1171],[-111.9534,47.1071],[-111.9628,47.0971],[-111.9722,47.0871],[-111.9815,47.077],[-111.9909,47.067],[-112.0002,47.057],[-112.0096,47.047],[-112.0189,47.037],[-112.0119,47.0142],[-112.0049,46.9914],[-111.9886,46.9824],[-111.9724,46.9734],[-111.9562,46.9645],[-111.94,46.9555],[-111.9231,46.9646],[-111.9062,46.9737],[-111.8893,46.9827],[-111.8724,46.9918],[-111.8545,46.9892],[-111.8366,46.9867],[-111.8187,46.9841],[-111.8008,46.9816],[-111.783,46.979],[-111.7651,46.9764],[-111.7472,46.9738],[-111.7293,46.9713],[-111.7219,46.9397],[-111.7144,46.9082],[-111.688,46.9043],[-111.6615,46.9003],[-111.6351,46.8963],[-111.6086,46.8923],[-111.5828,46.9021],[-111.5569,46.9118],[-111.5311,46.9215],[-111.5052,46.9312],[-111.4798,46.9353],[-111.4544,46.9394],[-111.4289,46.9435],[-111.4035,46.9476],[-111.378,46.9517],[-111.3526,46.9558],[-111.3271,46.9598],[-111.3016,46.9639],[-111.2924,46.9904],[-111.2832,47.0168],[-111.2739,47.0433],[-111.2646,47.0698],[-111.2682,47.1055],[-111.2717,47.1413],[-111.2866,47.1482],[-111.3016,47.155],[-111.3165,47.1619],[-111.3314,47.1688],[-111.3464,47.1756],[-111.3613,47.1825],[-111.3763,47.1894],[-111.3912,47.1962],[-111.4009,47.2121],[-111.4106,47.2281],[-111.4203,47.244],[-111.43,47.2599],[-111.4333,47.2898],[-111.4365,47.3198],[-111.4398,47.3497],[-111.4431,47.3796]]]},"properties":{"OBJECTID":933,"state":"Montana","agency":"Montana Fish Wildlife and Parks","unit_type":"HD","unit_id":"445","unit_name":"Devil's Kitchen","unit_label":"Montana HD 445 - Devil's Kitchen","aliases":"2025 | 445 | 445 devil s kitchen | devil s kitchen | hd | hd 445 | hd 445 devil s kitchen | montana | montana 445 | montana 445 devil s kitchen | montana fish wildlife and parks | montana fish wildlife and parks 445 | montana hd 445 | montana hd 445 devi","year":"2025","Shape_Length":189081.24018053536,"Shape_Area":1818302180.983223}},{"type":"Feature","id":934,"geometry":{"type":"Polygon","coordinates":[[[-110.6899,47.8357],[-110.7079,47.8448],[-110.7259,47.8538],[-110.7439,47.8628],[-110.7618,47.8718],[-110.7627,47.9678],[-110.7741,47.9775],[-110.7855,47.9873],[-110.797,47.997],[-110.8084,48.0067],[-110.8199,48.0164],[-110.8313,48.0261],[-110.8428,48.0359],[-110.8542,48.0456],[-110.8724,48.0438],[-110.8905,48.042],[-110.9087,48.0402],[-110.9268,48.0383],[-110.945,48.0365],[-110.9631,48.0347],[-110.9812,48.0329],[-110.9994,48.0311],[-111.0199,48.0311],[-111.0404,48.0311],[-111.0609,48.0311],[-111.0814,48.0311],[-111.1019,48.0311],[-111.1224,48.0311],[-111.1429,48.0311],[-111.1634,48.0311],[-111.1839,48.031],[-111.2045,48.031],[-111.225,48.031],[-111.2455,48.031],[-111.266,48.031],[-111.2865,48.0309],[-111.307,48.0309],[-111.3275,48.0309],[-111.348,48.0308],[-111.3685,48.0308],[-111.389,48.0307],[-111.4095,48.0307],[-111.43,48.0306],[-111.4505,48.0306],[-111.471,48.0305],[-111.4915,48.0305],[-111.512,48.0304],[-111.5325,48.0304],[-111.5531,48.0303],[-111.5736,48.0302],[-111.5941,48.0301],[-111.6146,48.0301],[-111.6351,48.03],[-111.6556,48.0299],[-111.6771,48.0305],[-111.6986,48.0311],[-111.7201,48.0318],[-111.7416,48.0324],[-111.7631,48.033],[-111.7846,48.0336],[-111.8061,48.0342],[-111.8276,48.0348],[-111.8408,48.0524],[-111.8539,48.0699],[-111.867,48.0875],[-111.8801,48.105],[-111.8933,48.1226],[-111.9064,48.1402],[-111.9196,48.1577],[-111.9328,48.1753],[-111.9511,48.1633],[-111.9694,48.1513],[-111.9877,48.1393],[-112.006,48.1273],[-112.0243,48.1153],[-112.0426,48.1034],[-112.0609,48.0914],[-112.0792,48.0794],[-112.0951,48.0791],[-112.1109,48.0787],[-112.1268,48.0784],[-112.1426,48.0781],[-112.1585,48.0778],[-112.1744,48.0775],[-112.1902,48.0771],[-112.2061,48.0768],[-112.2219,48.0765],[-112.2378,48.0762],[-112.2537,48.0758],[-112.2695,48.0755],[-112.2854,48.0752],[-112.3012,48.0748],[-112.3171,48.0745],[-112.3329,48.0742],[-112.341,48.0573],[-112.349,48.0404],[-112.3386,48.0236],[-112.3281,48.0069],[-112.3177,47.9902],[-112.3073,47.9734],[-112.2969,47.9567],[-112.2865,47.94],[-112.2761,47.9232],[-112.2657,47.9065],[-112.2614,47.861],[-112.2432,47.8506],[-112.225,47.8403],[-112.2068,47.8299],[-112.1887,47.8195],[-112.1788,47.8078],[-112.1689,47.7961],[-112.159,47.7844],[-112.1491,47.7728],[-112.1386,47.7651],[-112.1281,47.7575],[-112.1176,47.7499],[-112.1071,47.7423],[-112.0966,47.7347],[-112.0861,47.7271],[-112.0756,47.7195],[-112.0651,47.7119],[-112.0546,47.7043],[-112.0441,47.6966],[-112.0336,47.689],[-112.0232,47.6814],[-112.0127,47.6738],[-112.0022,47.6662],[-111.9917,47.6586],[-111.9812,47.6509],[-111.9748,47.624],[-111.9683,47.597],[-111.9438,47.5968],[-111.9192,47.5967],[-111.8947,47.5966],[-111.8701,47.5964],[-111.8487,47.5895],[-111.8273,47.5826],[-111.8059,47.5757],[-111.7845,47.5688],[-111.7632,47.5619],[-111.7418,47.555],[-111.7204,47.5481],[-111.699,47.5412],[-111.6797,47.5433],[-111.6604,47.5455],[-111.6411,47.5476],[-111.6218,47.5497],[-111.6024,47.5518],[-111.5831,47.5539],[-111.5638,47.556],[-111.5445,47.5581],[-111.5203,47.5524],[-111.4962,47.5468],[-111.472,47.5411],[-111.4479,47.5354],[-111.4238,47.5298],[-111.3996,47.5241],[-111.3755,47.5184],[-111.3514,47.5127],[-111.3447,47.4852],[-111.329,47.4875],[-111.3134,47.4897],[-111.2977,47.492],[-111.282,47.4943],[-111.2811,47.5381],[-111.2721,47.5489],[-111.2631,47.5598],[-111.2541,47.5706],[-111.2451,47.5815],[-111.236,47.5923],[-111.227,47.6031],[-111.218,47.614],[-111.209,47.6248],[-111.2,47.6356],[-111.1909,47.6465],[-111.1819,47.6573],[-111.1729,47.6681],[-111.1638,47.679],[-111.1548,47.6898],[-111.1457,47.7006],[-111.1367,47.7115],[-111.1159,47.7203],[-111.0951,47.7292],[-111.0743,47.738],[-111.0535,47.7468],[-111.0326,47.7557],[-111.0118,47.7645],[-110.991,47.7734],[-110.9701,47.7822],[-110.9526,47.7855],[-110.9351,47.7889],[-110.9176,47.7923],[-110.9001,47.7956],[-110.8826,47.799],[-110.8651,47.8023],[-110.8476,47.8057],[-110.8301,47.809],[-110.8126,47.8124],[-110.795,47.8157],[-110.7775,47.8191],[-110.76,47.8224],[-110.7425,47.8257],[-110.725,47.8291],[-110.7074,47.8324],[-110.6899,47.8357]]]},"properties":{"OBJECTID":934,"state":"Montana","agency":"Montana Fish Wildlife and Parks","unit_type":"HD","unit_id":"404","unit_name":"Golden Triangle","unit_label":"Montana HD 404 - Golden Triangle","aliases":"2025 | 404 | 404 golden triangle | golden triangle | hd | hd 404 | hd 404 golden triangle | montana | montana 404 | montana 404 golden triangle | montana fish wildlife and parks | montana fish wildlife and parks 404 | montana hd 404 | montana hd 404 gold","year":"2025","Shape_Length":336666.58080758835,"Shape_Area":5038345215.230396}},{"type":"Feature","id":935,"geometry":{"type":"Polygon","coordinates":[[[-114.7662,47.0412],[-114.7711,47.063],[-114.776,47.0849],[-114.7809,47.1067],[-114.7857,47.1285],[-114.798,47.1369],[-114.8102,47.1452],[-114.8225,47.1535],[-114.8347,47.1618],[-114.847,47.1702],[-114.8592,47.1785],[-114.8715,47.1868],[-114.8837,47.1951],[-114.8966,47.2006],[-114.9095,47.206],[-114.9223,47.2114],[-114.9352,47.2169],[-114.9481,47.2223],[-114.961,47.2278],[-114.9739,47.2332],[-114.9867,47.2386],[-115.0036,47.2381],[-115.0204,47.2376],[-115.0372,47.2371],[-115.054,47.2365],[-115.0633,47.2504],[-115.0726,47.2642],[-115.0818,47.278],[-115.0911,47.2918],[-115.1088,47.2944],[-115.1264,47.2971],[-115.1441,47.2997],[-115.1617,47.3023],[-115.1794,47.3049],[-115.197,47.3075],[-115.2147,47.3101],[-115.2324,47.3127],[-115.2475,47.3208],[-115.2627,47.3289],[-115.2779,47.337],[-115.293,47.3451],[-115.3082,47.3532],[-115.3234,47.3614],[-115.3386,47.3695],[-115.3538,47.3776],[-115.3766,47.3827],[-115.3995,47.3878],[-115.4224,47.3929],[-115.4452,47.398],[-115.4681,47.4031],[-115.491,47.4082],[-115.5139,47.4133],[-115.5368,47.4183],[-115.5602,47.419],[-115.5837,47.4196],[-115.6072,47.4202],[-115.6306,47.4208],[-115.6468,47.4296],[-115.663,47.4385],[-115.6792,47.4473],[-115.6954,47.4561],[-115.702,47.4541],[-115.7021,47.4541],[-115.7037,47.4536],[-115.7049,47.4533],[-115.7087,47.4534],[-115.7138,47.4533],[-115.7183,47.4532],[-115.7191,47.4528],[-115.7269,47.4479],[-115.7331,47.445],[-115.7347,47.4443],[-115.7381,47.4438],[-115.7404,47.4428],[-115.7422,47.4425],[-115.7466,47.4423],[-115.749,47.4412],[-115.7494,47.4409],[-115.7499,47.44],[-115.7498,47.4398],[-115.7498,47.4387],[-115.7508,47.438],[-115.7512,47.4373],[-115.7516,47.4366],[-115.753,47.4315],[-115.7592,47.4239],[-115.7593,47.4237],[-115.7511,47.4223],[-115.7496,47.4225],[-115.7432,47.4238],[-115.7418,47.4244],[-115.7386,47.4267],[-115.7385,47.4267],[-115.7367,47.4259],[-115.7357,47.4257],[-115.7343,47.4255],[-115.7335,47.4253],[-115.732,47.425],[-115.7302,47.4249],[-115.7206,47.4209],[-115.7171,47.4201],[-115.7168,47.4196],[-115.7155,47.4181],[-115.7049,47.4155],[-115.7037,47.4156],[-115.7033,47.4157],[-115.7011,47.4164],[-115.6908,47.4151],[-115.6905,47.4147],[-115.6793,47.4099],[-115.6787,47.4096],[-115.6785,47.4095],[-115.6767,47.4079],[-115.6772,47.4019],[-115.6771,47.402],[-115.6626,47.4025],[-115.6621,47.4025],[-115.6605,47.4019],[-115.6578,47.4005],[-115.6509,47.3926],[-115.6506,47.3923],[-115.6496,47.3912],[-115.6475,47.3881],[-115.6482,47.3835],[-115.6479,47.3825],[-115.6478,47.3823],[-115.6465,47.3813],[-115.6428,47.3778],[-115.64,47.3785],[-115.6265,47.3805],[-115.6257,47.3807],[-115.6097,47.3735],[-115.5937,47.3663],[-115.5778,47.3591],[-115.5618,47.3519],[-115.5605,47.3521],[-115.5466,47.3333],[-115.5327,47.3146],[-115.532,47.3137],[-115.5272,47.2992],[-115.5261,47.2992],[-115.5221,47.2985],[-115.5193,47.2977],[-115.5182,47.2974],[-115.5098,47.2936],[-115.5094,47.2934],[-115.5086,47.2929],[-115.5079,47.2925],[-115.5057,47.2912],[-115.5052,47.291],[-115.4902,47.2884],[-115.4899,47.2883],[-115.4893,47.288],[-115.4886,47.2876],[-115.4876,47.2868],[-115.4875,47.2868],[-115.4875,47.2868],[-115.4867,47.2858],[-115.4664,47.2874],[-115.4661,47.2871],[-115.466,47.287],[-115.4659,47.2869],[-115.4642,47.286],[-115.4641,47.2859],[-115.463,47.2855],[-115.4621,47.2852],[-115.4578,47.2824],[-115.4576,47.2812],[-115.4574,47.2784],[-115.457,47.2777],[-115.4317,47.2797],[-115.4273,47.2801],[-115.4263,47.2799],[-115.4239,47.2784],[-115.4212,47.2776],[-115.4206,47.2766],[-115.4206,47.2763],[-115.4185,47.2697],[-115.4166,47.2691],[-115.4136,47.2661],[-115.4127,47.2653],[-115.4106,47.2642],[-115.3964,47.2652],[-115.3945,47.2651],[-115.3811,47.2661],[-115.3792,47.2651],[-115.3718,47.2651],[-115.3707,47.2643],[-115.3698,47.2639],[-115.365,47.261],[-115.3596,47.2595],[-115.3593,47.2595],[-115.3549,47.2617],[-115.3499,47.2604],[-115.3489,47.2602],[-115.3467,47.2604],[-115.3453,47.2607],[-115.3426,47.2618],[-115.3411,47.2626],[-115.341,47.2627],[-115.3408,47.2627],[-115.3356,47.2602],[-115.3354,47.2602],[-115.3336,47.2597],[-115.3281,47.2578],[-115.3248,47.2568],[-115.3221,47.2564],[-115.3198,47.2538],[-115.3195,47.2536],[-115.3185,47.2519],[-115.3248,47.2452],[-115.3208,47.2425],[-115.3202,47.2418],[-115.3189,47.2369],[-115.3175,47.2347],[-115.3164,47.2332],[-115.3141,47.2316],[-115.3132,47.2308],[-115.3128,47.2305],[-115.2991,47.2253],[-115.2988,47.2249],[-115.2967,47.2218],[-115.2949,47.2205],[-115.2936,47.208],[-115.2958,47.206],[-115.2963,47.2053],[-115.2967,47.2045],[-115.298,47.2007],[-115.2982,47.2],[-115.2983,47.1994],[-115.301,47.1939],[-115.301,47.1939],[-115.3008,47.1907],[-115.3007,47.1886],[-115.3007,47.1886],[-115.2915,47.187],[-115.2908,47.1869],[-115.2822,47.1831],[-115.2821,47.183],[-115.2819,47.183],[-115.2816,47.1829],[-115.2742,47.1826],[-115.2738,47.1827],[-115.2727,47.1826],[-115.2706,47.1819],[-115.2561,47.1748],[-115.256,47.1744],[-115.2564,47.1697],[-115.2561,47.1667],[-115.2556,47.1659],[-115.2556,47.165],[-115.2556,47.1638],[-115.2504,47.1593],[-115.2491,47.1588],[-115.2486,47.1573],[-115.2481,47.1561],[-115.2467,47.1533],[-115.242,47.1506],[-115.2406,47.1507],[-115.2296,47.1493],[-115.2277,47.1487],[-115.2181,47.1465],[-115.2167,47.1456],[-115.2161,47.1449],[-115.2153,47.1432],[-115.1991,47.1397],[-115.1987,47.1381],[-115.1937,47.1344],[-115.1936,47.1343],[-115.189,47.1308],[-115.1869,47.1265],[-115.1869,47.1258],[-115.1854,47.1237],[-115.1846,47.123],[-115.1725,47.1127],[-115.1604,47.1023],[-115.1562,47.1027],[-115.1517,47.1018],[-115.1462,47.1027],[-115.1352,47.0843],[-115.1243,47.0659],[-115.1241,47.0658],[-115.124,47.0657],[-115.1105,47.0529],[-115.1095,47.0524],[-115.1089,47.0522],[-115.1077,47.0521],[-115.0998,47.048],[-115.0973,47.0485],[-115.0969,47.0483],[-115.0967,47.0482],[-115.0888,47.044],[-115.0885,47.0422],[-115.0817,47.0367],[-115.0814,47.0364],[-115.0813,47.0347],[-115.0808,47.033],[-115.0811,47.0314],[-115.0812,47.0305],[-115.0719,47.0259],[-115.0711,47.0218],[-115.0707,47.0205],[-115.0724,47.014],[-115.073,47.0138],[-115.0716,47.0105],[-115.0715,47.0102],[-115.0669,47.0019],[-115.0665,47.0015],[-115.0656,47.0004],[-115.0659,46.9988],[-115.0631,46.993],[-115.0589,46.9892],[-115.0512,46.9817],[-115.0501,46.979],[-115.0504,46.9768],[-115.0505,46.9761],[-115.029,46.9732],[-115.019,46.9743],[-115.0146,46.9739],[-115.009,46.9733],[-115.0078,46.973],[-115.001,46.9683],[-115.0001,46.9672],[-114.9998,46.9667],[-114.9992,46.9658],[-114.9957,46.9635],[-114.9923,46.959],[-114.991,46.958],[-114.9856,46.954],[-114.9857,46.9538],[-114.9866,46.9508],[-114.9865,46.9505],[-114.9835,46.9493],[-114.9827,46.9489],[-114.9816,46.948],[-114.9796,46.9465],[-114.9762,46.9431],[-114.9756,46.9426],[-114.9727,46.9405],[-114.9716,46.9397],[-114.9692,46.9388],[-114.9676,46.9385],[-114.966,46.9381],[-114.9646,46.9379],[-114.9609,46.9348],[-114.9599,46.9343],[-114.9587,46.9337],[-114.9588,46.9336],[-114.961,46.9305],[-114.9599,46.9296],[-114.9577,46.9289],[-114.9565,46.9284],[-114.9492,46.9263],[-114.9458,46.925],[-114.9454,46.9248],[-114.9366,46.9206],[-114.9348,46.9197],[-114.9337,46.9196],[-114.9245,46.9113],[-114.9288,46.9099],[-114.9299,46.9065],[-114.9299,46.9065],[-114.9306,46.9052],[-114.9318,46.9038],[-114.9323,46.9037],[-114.9333,46.9036],[-114.9336,46.9035],[-114.9354,46.9012],[-114.9357,46.8919],[-114.9357,46.8918],[-114.9348,46.8903],[-114.9347,46.89],[-114.9324,46.8863],[-114.932,46.8843],[-114.9312,46.8824],[-114.9312,46.8819],[-114.9312,46.8807],[-114.9315,46.8794],[-114.9317,46.8776],[-114.9335,46.8752],[-114.9342,46.8746],[-114.9411,46.8683],[-114.9412,46.8683],[-114.9453,46.8648],[-114.9468,46.8625],[-114.9475,46.8597],[-114.9465,46.8587],[-114.9458,46.8583],[-114.9274,46.8524],[-114.9264,46.8508],[-114.9241,46.8483],[-114.9283,46.8433],[-114.9282,46.8427],[-114.9266,46.8392],[-114.928,46.8369],[-114.9116,46.8269],[-114.8952,46.8168],[-114.8956,46.8159],[-114.8957,46.8157],[-114.8979,46.8122],[-114.8982,46.8101],[-114.8988,46.8085],[-114.8968,46.807],[-114.8968,46.8066],[-114.8911,46.8032],[-114.8882,46.8085],[-114.8879,46.8086],[-114.8839,46.8099],[-114.8756,46.8117],[-114.8741,46.812],[-114.8736,46.8121],[-114.8703,46.8131],[-114.8532,46.7997],[-114.8531,46.7997],[-114.8453,46.7946],[-114.8395,46.793],[-114.8359,46.791],[-114.8337,46.7881],[-114.8311,46.7844],[-114.8205,46.7818],[-114.8198,46.7816],[-114.8084,46.7823],[-114.8039,46.7783],[-114.7999,46.7761],[-114.7998,46.7761],[-114.7882,46.7805],[-114.7847,46.7711],[-114.7823,46.7688],[-114.7818,46.7687],[-114.7813,46.7687],[-114.7792,46.7676],[-114.7772,46.7662],[-114.7738,46.7626],[-114.7684,46.7602],[-114.768,46.76],[-114.7656,46.7583],[-114.7656,46.7574],[-114.7669,46.7551],[-114.7674,46.7537],[-114.7663,46.7502],[-114.7675,46.7494],[-114.7681,46.749],[-114.7674,46.7466],[-114.767,46.7463],[-114.7667,46.7417],[-114.7676,46.7414],[-114.7674,46.7398],[-114.7675,46.7396],[-114.7731,46.7331],[-114.7732,46.733],[-114.7736,46.7322],[-114.7737,46.7319],[-114.7772,46.7314],[-114.7797,46.7305],[-114.7799,46.7299],[-114.7797,46.7293],[-114.7809,46.7277],[-114.7811,46.7276],[-114.7832,46.7217],[-114.7826,46.7207],[-114.7832,46.7189],[-114.7851,46.7177],[-114.7882,46.7142],[-114.7887,46.7138],[-114.7886,46.7135],[-114.7882,46.7122],[-114.7873,46.7114],[-114.787,46.7112],[-114.7821,46.7071],[-114.7821,46.7071],[-114.782,46.707],[-114.7818,46.7068],[-114.7805,46.7068],[-114.7717,46.7056],[-114.7693,46.7025],[-114.7694,46.7017],[-114.7696,46.7006],[-114.7695,46.7],[-114.7685,46.6985],[-114.768,46.6978],[-114.7679,46.6977],[-114.7666,46.6969],[-114.7595,46.6967],[-114.7574,46.697],[-114.7508,46.6976],[-114.7482,46.6987],[-114.7482,46.7018],[-114.7443,46.7068],[-114.744,46.7071],[-114.7427,46.7079],[-114.739,46.7121],[-114.7369,46.7124],[-114.7341,46.7129],[-114.732,46.7132],[-114.7282,46.7145],[-114.7281,46.7145],[-114.7279,46.7145],[-114.7244,46.7142],[-114.7228,46.7139],[-114.7211,46.7141],[-114.7195,46.7141],[-114.719,46.7141],[-114.7175,46.714],[-114.716,46.7143],[-114.7152,46.7146],[-114.7144,46.715],[-114.7133,46.7153],[-114.7109,46.7173],[-114.7108,46.7173],[-114.7108,46.7173],[-114.7104,46.7182],[-114.7103,46.7185],[-114.7099,46.7209],[-114.708,46.7231],[-114.7091,46.7263],[-114.7091,46.7266],[-114.709,46.7268],[-114.7082,46.7274],[-114.7075,46.728],[-114.7054,46.729],[-114.7025,46.7308],[-114.7022,46.7311],[-114.7005,46.7344],[-114.7013,46.7348],[-114.7004,46.7382],[-114.6998,46.7393],[-114.6979,46.7406],[-114.6894,46.7366],[-114.6822,46.7388],[-114.682,46.7389],[-114.6811,46.7388],[-114.6799,46.7384],[-114.6792,46.7382],[-114.678,46.7379],[-114.6778,46.7378],[-114.6775,46.7377],[-114.6752,46.7369],[-114.673,46.7366],[-114.6723,46.7366],[-114.6713,46.7368],[-114.6709,46.737],[-114.6703,46.7373],[-114.6696,46.7378],[-114.6691,46.7382],[-114.6684,46.7386],[-114.666,46.7393],[-114.6655,46.7393],[-114.6651,46.7391],[-114.6648,46.7391],[-114.6608,46.7355],[-114.6505,46.7333],[-114.6503,46.7332],[-114.6502,46.7332],[-114.6492,46.7327],[-114.649,46.7326],[-114.6464,46.7297],[-114.6461,46.729],[-114.646,46.7277],[-114.6459,46.7256],[-114.6459,46.7255],[-114.6458,46.7251],[-114.6456,46.7242],[-114.6437,46.7227],[-114.6429,46.7226],[-114.6396,46.7218],[-114.6392,46.7216],[-114.6342,46.7162],[-114.6342,46.7161],[-114.6332,46.7155],[-114.6331,46.7155],[-114.6255,46.7125],[-114.6248,46.7118],[-114.6228,46.7086],[-114.6209,46.7071],[-114.6209,46.7068],[-114.6233,46.7015],[-114.6234,46.6989],[-114.6235,46.6986],[-114.6243,46.6969],[-114.6246,46.6965],[-114.6244,46.6956],[-114.6237,46.6953],[-114.6231,46.6925],[-114.6251,46.6896],[-114.6273,46.6874],[-114.6285,46.6867],[-114.6334,46.6834],[-114.6366,46.682],[-114.6376,46.6814],[-114.6417,46.6794],[-114.6419,46.6793],[-114.6419,46.6792],[-114.6419,46.6789],[-114.6418,46.6785],[-114.6408,46.675],[-114.6411,46.6746],[-114.6413,46.6744],[-114.6414,46.6743],[-114.6378,46.6724],[-114.6342,46.6728],[-114.6396,46.6649],[-114.6396,46.6649],[-114.6376,46.6619],[-114.6363,46.6599],[-114.6349,46.6592],[-114.6335,46.6592],[-114.6291,46.6592],[-114.6189,46.6566],[-114.6166,46.6558],[-114.6153,46.653],[-114.6131,46.6514],[-114.6123,46.6488],[-114.612,46.6482],[-114.6118,46.6476],[-114.6121,46.6471],[-114.613,46.6465],[-114.6142,46.6455],[-114.6146,46.6451],[-114.6155,46.6418],[-114.6154,46.6408],[-114.614,46.6389],[-114.6138,46.6389],[-114.6093,46.6371],[-114.6038,46.6356],[-114.6014,46.6361],[-114.5995,46.636],[-114.5968,46.6345],[-114.5948,46.6335],[-114.5892,46.6351],[-114.5889,46.6351],[-114.5868,46.6343],[-114.5854,46.6337],[-114.583,46.6334],[-114.5806,46.6345],[-114.58,46.6352],[-114.58,46.6352],[-114.5795,46.6358],[-114.5792,46.6362],[-114.5759,46.6386],[-114.5756,46.6389],[-114.5748,46.6397],[-114.5738,46.6405],[-114.5713,46.6427],[-114.5701,46.6434],[-114.5622,46.6416],[-114.5615,46.6421],[-114.5544,46.6447],[-114.5534,46.6448],[-114.5425,46.6495],[-114.5412,46.6495],[-114.5404,46.6488],[-114.5397,46.6484],[-114.5335,46.6463],[-114.5334,46.6463],[-114.5332,46.6462],[-114.5316,46.6447],[-114.5312,46.6443],[-114.5286,46.6424],[-114.5014,46.6413],[-114.5012,46.6413],[-114.4923,46.636],[-114.4921,46.6359],[-114.492,46.6359],[-114.4918,46.6358],[-114.4917,46.6358],[-114.4915,46.6356],[-114.4911,46.6353],[-114.491,46.6352],[-114.4903,46.6347],[-114.4903,46.6347],[-114.4728,46.6322],[-114.4704,46.6322],[-114.466,46.6326],[-114.4635,46.6345],[-114.4591,46.6369],[-114.4579,46.638],[-114.4545,46.6409],[-114.4533,46.6413],[-114.4531,46.6425],[-114.4546,46.645],[-114.4539,46.646],[-114.4538,46.6462],[-114.4538,46.6484],[-114.4534,46.6492],[-114.4393,46.6544],[-114.4384,46.6552],[-114.4298,46.6582],[-114.428,46.6593],[-114.4246,46.6606],[-114.4244,46.6606],[-114.4181,46.6585],[-114.4169,46.6581],[-114.4102,46.6601],[-114.4097,46.6621],[-114.4074,46.6602],[-114.4067,46.6599],[-114.3821,46.6635],[-114.3819,46.6639],[-114.3817,46.6641],[-114.3806,46.6652],[-114.3669,46.6686],[-114.3669,46.6688],[-114.3755,46.6806],[-114.3841,46.6924],[-114.3927,46.7042],[-114.4013,46.7159],[-114.4098,46.7277],[-114.4184,46.7395],[-114.4271,46.7512],[-114.4357,46.763],[-114.4178,46.7728],[-114.3999,46.7825],[-114.4084,46.7967],[-114.4169,46.8108],[-114.4254,46.825],[-114.4339,46.8391],[-114.4425,46.8533],[-114.451,46.8674],[-114.4595,46.8815],[-114.468,46.8957],[-114.4596,46.9064],[-114.4511,46.9171],[-114.4426,46.9278],[-114.434,46.9385],[-114.4405,46.9654],[-114.4469,46.9923],[-114.4692,46.9989],[-114.4915,47.0055],[-114.5138,47.0121],[-114.5361,47.0187],[-114.5632,47.0198],[-114.5904,47.0208],[-114.6176,47.0218],[-114.6447,47.0228],[-114.6633,47.0162],[-114.6818,47.0097],[-114.7003,47.0031],[-114.7189,46.9965],[-114.7307,47.0077],[-114.7425,47.0188],[-114.7544,47.03],[-114.7662,47.0412]]]},"properties":{"OBJECTID":935,"state":"Montana","agency":"Montana Fish Wildlife and Parks","unit_type":"HD","unit_id":"202","unit_name":"Lower Clark Fork","unit_label":"Montana HD 202 - Lower Clark Fork","aliases":"202 | 202 lower clark fork | 2025 | hd | hd 202 | hd 202 lower clark fork | lower clark fork | montana | montana 202 | montana 202 lower clark fork | montana fish wildlife and parks | montana fish wildlife and parks 202 | montana hd 202 | montana hd 202","year":"2025","Shape_Length":354351.40545919474,"Shape_Area":2504924513.2997684}},{"type":"Feature","id":936,"geometry":{"type":"Polygon","coordinates":[[[-113.1346,48.1382],[-113.1522,48.1453],[-113.1697,48.1523],[-113.1873,48.1594],[-113.2049,48.1665],[-113.1929,48.1506],[-113.181,48.1348],[-113.1969,48.1321],[-113.2128,48.1293],[-113.2288,48.1266],[-113.2447,48.1238],[-113.2606,48.1211],[-113.2766,48.1184],[-113.2925,48.1156],[-113.3084,48.1129],[-113.3155,48.1009],[-113.3227,48.089],[-113.3298,48.077],[-113.3369,48.065],[-113.3441,48.0531],[-113.3512,48.0411],[-113.3583,48.0292],[-113.3654,48.0172],[-113.3579,47.989],[-113.3375,47.98],[-113.3171,47.971],[-113.2968,47.9619],[-113.2764,47.9529],[-113.2839,47.9317],[-113.2913,47.9105],[-113.2824,47.8901],[-113.2735,47.8697],[-113.2646,47.8494],[-113.2557,47.829],[-113.2795,47.825],[-113.3032,47.8209],[-113.327,47.8169],[-113.3507,47.8128],[-113.3653,47.8062],[-113.3798,47.7996],[-113.3944,47.793],[-113.4089,47.7864],[-113.4235,47.7798],[-113.438,47.7731],[-113.4525,47.7665],[-113.4671,47.7599],[-113.4843,47.7593],[-113.5016,47.7588],[-113.5189,47.7582],[-113.5361,47.7576],[-113.5534,47.757],[-113.5707,47.7565],[-113.5879,47.7559],[-113.6052,47.7553],[-113.6291,47.766],[-113.653,47.7766],[-113.6407,47.7628],[-113.6284,47.749],[-113.6161,47.7352],[-113.6038,47.7214],[-113.6114,47.6913],[-113.6189,47.6611],[-113.6265,47.631],[-113.6341,47.6008],[-113.6225,47.5906],[-113.611,47.5805],[-113.5994,47.5703],[-113.5879,47.5601],[-113.5814,47.5371],[-113.5748,47.514],[-113.5683,47.491],[-113.5618,47.468],[-113.5365,47.4682],[-113.5112,47.4684],[-113.5237,47.4469],[-113.5362,47.4255],[-113.5225,47.406],[-113.5088,47.3864],[-113.4952,47.3669],[-113.4815,47.3474],[-113.457,47.3479],[-113.4325,47.3485],[-113.4356,47.2992],[-113.4238,47.2914],[-113.412,47.2836],[-113.4003,47.2757],[-113.3885,47.2679],[-113.3768,47.26],[-113.365,47.2522],[-113.3533,47.2443],[-113.3415,47.2365],[-113.319,47.2412],[-113.2964,47.246],[-113.2738,47.2507],[-113.2513,47.2555],[-113.2487,47.3071],[-113.2228,47.3087],[-113.1968,47.3103],[-113.1709,47.3119],[-113.1449,47.3136],[-113.1323,47.2971],[-113.1197,47.2806],[-113.1071,47.2641],[-113.0945,47.2476],[-113.0769,47.2515],[-113.0593,47.2554],[-113.0417,47.2593],[-113.0241,47.2632],[-113.0126,47.2732],[-113.0012,47.2833],[-112.9897,47.2933],[-112.9782,47.3033],[-112.9668,47.3133],[-112.9553,47.3233],[-112.9438,47.3333],[-112.9323,47.3433],[-112.9281,47.3651],[-112.9239,47.3869],[-112.9378,47.3956],[-112.9516,47.4044],[-112.9655,47.4131],[-112.9794,47.4218],[-112.9925,47.4399],[-113.0056,47.4579],[-113.0188,47.4759],[-113.0319,47.494],[-113.0525,47.493],[-113.073,47.4921],[-113.0936,47.4912],[-113.1141,47.4902],[-113.1212,47.5159],[-113.1282,47.5417],[-113.1352,47.5674],[-113.1423,47.5931],[-113.1354,47.6271],[-113.1286,47.661],[-113.1375,47.6782],[-113.1463,47.6954],[-113.1552,47.7126],[-113.1641,47.7299],[-113.1434,47.7349],[-113.1226,47.7399],[-113.1019,47.7449],[-113.0811,47.7499],[-113.0766,47.7838],[-113.0721,47.8176],[-113.0675,47.8515],[-113.063,47.8854],[-113.0748,47.9018],[-113.0867,47.9182],[-113.0619,47.9262],[-113.0371,47.9342],[-113.0123,47.9422],[-112.9875,47.9502],[-112.9686,47.9493],[-112.9498,47.9485],[-112.9309,47.9476],[-112.912,47.9467],[-112.9023,47.9615],[-112.8925,47.9762],[-112.9001,48.003],[-112.9078,48.0297],[-112.9263,48.0408],[-112.9449,48.0519],[-112.9635,48.0629],[-112.9821,48.074],[-112.9934,48.0883],[-113.0047,48.1026],[-113.0161,48.117],[-113.0274,48.1313],[-113.0542,48.133],[-113.081,48.1348],[-113.1078,48.1365],[-113.1346,48.1382]]]},"properties":{"OBJECTID":936,"state":"Montana","agency":"Montana Fish Wildlife and Parks","unit_type":"HD","unit_id":"150","unit_name":"Bob Marshall Wilderness Complex","unit_label":"Montana HD 150 - Bob Marshall Wilderness Complex","aliases":"150 | 150 bob marshall wilderness complex | 2025 | bob marshall wilderness complex | hd | hd 150 | hd 150 bob marshall wilderness complex | montana | montana 150 | montana 150 bob marshall wilderness complex | montana fish wildlife and parks | montana fi","year":"2025","Shape_Length":333851.3308513249,"Shape_Area":3005061772.5323553}},{"type":"Feature","id":937,"geometry":{"type":"Polygon","coordinates":[[[-110.7508,48.9141],[-110.747,48.957],[-110.7432,49.0],[-110.7622,49.0001],[-110.7812,49.0002],[-110.8002,49.0002],[-110.8192,49.0003],[-110.8382,49.0004],[-110.8572,49.0005],[-110.8762,49.0005],[-110.8952,49.0006],[-110.9142,49.0006],[-110.9332,49.0007],[-110.9523,49.0008],[-110.9713,49.0008],[-110.9903,49.0009],[-111.0093,49.0009],[-111.0283,49.001],[-111.0473,49.001],[-111.0663,49.001],[-111.0853,49.0011],[-111.1043,49.0011],[-111.1233,49.0011],[-111.1423,49.0012],[-111.1613,49.0012],[-111.1803,49.0012],[-111.1993,49.0012],[-111.2183,49.0013],[-111.2373,49.0013],[-111.2564,49.0013],[-111.2754,49.0013],[-111.2944,49.0013],[-111.3134,49.0013],[-111.3324,49.0013],[-111.3514,49.0013],[-111.3704,49.0013],[-111.3894,49.0013],[-111.4084,49.0013],[-111.4274,49.0013],[-111.4464,49.0013],[-111.4654,49.0013],[-111.4844,49.0013],[-111.5034,49.0012],[-111.5224,49.0012],[-111.5414,49.0012],[-111.5605,49.0012],[-111.5795,49.0011],[-111.5985,49.0011],[-111.6175,49.0011],[-111.6365,49.001],[-111.6555,49.001],[-111.6745,49.0009],[-111.6935,49.0009],[-111.7125,49.0009],[-111.7315,49.0008],[-111.7505,49.0008],[-111.7695,49.0007],[-111.7885,49.0006],[-111.8075,49.0006],[-111.8265,49.0005],[-111.8455,49.0005],[-111.8646,49.0004],[-111.8836,49.0003],[-111.9026,49.0002],[-111.9216,49.0002],[-111.9406,49.0001],[-111.9596,49.0],[-111.9533,48.9864],[-111.9471,48.9728],[-111.9408,48.9591],[-111.9346,48.9455],[-111.9284,48.9319],[-111.9221,48.9183],[-111.9159,48.9047],[-111.9097,48.8911],[-111.8979,48.879],[-111.8861,48.8669],[-111.8743,48.8548],[-111.8625,48.8427],[-111.861,48.6876],[-111.8596,48.5327],[-111.8764,48.5155],[-111.8564,48.5068],[-111.8364,48.498],[-111.8164,48.4893],[-111.7964,48.4806],[-111.7744,48.4808],[-111.7525,48.4809],[-111.7305,48.4811],[-111.7086,48.4813],[-111.6866,48.4814],[-111.6647,48.4816],[-111.6428,48.4818],[-111.6208,48.4819],[-111.6038,48.4796],[-111.5868,48.4772],[-111.5697,48.4749],[-111.5527,48.4725],[-111.5357,48.4702],[-111.5187,48.4678],[-111.5017,48.4655],[-111.4847,48.4631],[-111.4532,48.4638],[-111.4217,48.4645],[-111.3902,48.4651],[-111.3588,48.4658],[-111.3273,48.4665],[-111.2958,48.4671],[-111.2643,48.4678],[-111.2329,48.4684],[-111.2124,48.4775],[-111.192,48.4866],[-111.1715,48.4957],[-111.1511,48.5048],[-111.1217,48.5063],[-111.0922,48.5078],[-111.0628,48.5093],[-111.0334,48.5107],[-111.004,48.5122],[-110.9746,48.5136],[-110.9452,48.5151],[-110.9158,48.5165],[-110.8977,48.5256],[-110.8796,48.5347],[-110.8615,48.5438],[-110.8435,48.5529],[-110.8217,48.5529],[-110.7998,48.553],[-110.778,48.553],[-110.7562,48.553],[-110.7562,48.5531],[-110.7499,48.5665],[-110.7503,48.7402],[-110.7508,48.9141]]]},"properties":{"OBJECTID":937,"state":"Montana","agency":"Montana Fish Wildlife and Parks","unit_type":"HD","unit_id":"401","unit_name":"Sweetgrass Hills","unit_label":"Montana HD 401 - Sweetgrass Hills","aliases":"2025 | 401 | 401 sweetgrass hills | hd | hd 401 | hd 401 sweetgrass hills | montana | montana 401 | montana 401 sweetgrass hills | montana fish wildlife and parks | montana fish wildlife and parks 401 | montana hd 401 | montana hd 401 sweetgrass hills |","year":"2025","Shape_Length":282178.8580690664,"Shape_Area":4687373445.115257}},{"type":"Feature","id":938,"geometry":{"type":"Polygon","coordinates":[[[-112.2548,45.0587],[-112.2745,45.0696],[-112.2941,45.0804],[-112.3138,45.0913],[-112.3335,45.1021],[-112.3532,45.113],[-112.3729,45.1238],[-112.3926,45.1346],[-112.4123,45.1455],[-112.4226,45.1546],[-112.4328,45.1637],[-112.4431,45.1728],[-112.4534,45.182],[-112.4637,45.1911],[-112.474,45.2002],[-112.4842,45.2093],[-112.4945,45.2184],[-112.5221,45.2222],[-112.5497,45.2259],[-112.5774,45.2297],[-112.605,45.2334],[-112.6238,45.2286],[-112.6427,45.2238],[-112.6552,45.2127],[-112.6677,45.2017],[-112.6802,45.1907],[-112.6928,45.1797],[-112.7029,45.1683],[-112.7129,45.157],[-112.723,45.1456],[-112.7331,45.1343],[-112.7432,45.123],[-112.7532,45.1116],[-112.7633,45.1003],[-112.7734,45.089],[-112.7834,45.0776],[-112.7935,45.0663],[-112.8035,45.055],[-112.8136,45.0436],[-112.8236,45.0323],[-112.8337,45.0209],[-112.8437,45.0096],[-112.8538,44.9983],[-112.8445,44.9695],[-112.8352,44.9408],[-112.8259,44.9121],[-112.8167,44.8834],[-112.8025,44.8637],[-112.7883,44.844],[-112.7741,44.8242],[-112.7599,44.8045],[-112.7458,44.7847],[-112.7316,44.765],[-112.7175,44.7452],[-112.7033,44.7255],[-112.6863,44.7277],[-112.6692,44.73],[-112.6522,44.7322],[-112.6352,44.7345],[-112.6181,44.7368],[-112.6011,44.739],[-112.584,44.7413],[-112.567,44.7435],[-112.5614,44.7583],[-112.5557,44.7731],[-112.5501,44.7878],[-112.5444,44.8026],[-112.5495,44.8239],[-112.5546,44.8451],[-112.5598,44.8664],[-112.5649,44.8876],[-112.5604,44.9026],[-112.5558,44.9175],[-112.5513,44.9325],[-112.5468,44.9474],[-112.521,44.9564],[-112.4952,44.9654],[-112.4695,44.9745],[-112.4437,44.9835],[-112.4335,44.9931],[-112.4233,45.0027],[-112.413,45.0124],[-112.4028,45.022],[-112.3811,45.0197],[-112.3594,45.0173],[-112.3376,45.015],[-112.3159,45.0127],[-112.3007,45.0242],[-112.2854,45.0357],[-112.2701,45.0472],[-112.2548,45.0587]]]},"properties":{"OBJECTID":938,"state":"Montana","agency":"Montana Fish Wildlife and Parks","unit_type":"HD","unit_id":"324","unit_name":"Gravelly","unit_label":"Montana HD 324 - Gravelly","aliases":"2025 | 324 | 324 gravelly | gravelly | hd | hd 324 | hd 324 gravelly | montana | montana 324 | montana 324 gravelly | montana fish wildlife and parks | montana fish wildlife and parks 324 | montana hd 324 | montana hd 324 gravelly","year":"2025","Shape_Length":163548.87428111242,"Shape_Area":1338997816.7208457}},{"type":"Feature","id":939,"geometry":{"type":"Polygon","coordinates":[[[-112.1358,45.1744],[-112.13,45.1861],[-112.1241,45.1979],[-112.1182,45.2096],[-112.1123,45.2214],[-112.1065,45.2331],[-112.1006,45.2449],[-112.0947,45.2566],[-112.0888,45.2684],[-112.0981,45.2962],[-112.1073,45.324],[-112.1161,45.3459],[-112.1249,45.3678],[-112.1367,45.382],[-112.1486,45.3963],[-112.1604,45.4105],[-112.1723,45.4247],[-112.1841,45.4389],[-112.196,45.4532],[-112.2078,45.4674],[-112.2197,45.4816],[-112.2336,45.4894],[-112.2475,45.4973],[-112.2614,45.5051],[-112.2753,45.5129],[-112.2892,45.5208],[-112.3031,45.5286],[-112.317,45.5364],[-112.3309,45.5443],[-112.3472,45.5297],[-112.3635,45.515],[-112.3799,45.5004],[-112.3962,45.4858],[-112.4036,45.4725],[-112.411,45.4591],[-112.4184,45.4457],[-112.4258,45.4324],[-112.4333,45.419],[-112.4407,45.4057],[-112.4481,45.3923],[-112.4555,45.3789],[-112.4719,45.3675],[-112.4882,45.356],[-112.5046,45.3446],[-112.5209,45.3331],[-112.5315,45.3206],[-112.542,45.3082],[-112.5525,45.2957],[-112.563,45.2833],[-112.5735,45.2708],[-112.584,45.2583],[-112.5945,45.2459],[-112.605,45.2334],[-112.5774,45.2297],[-112.5497,45.2259],[-112.5221,45.2222],[-112.4945,45.2184],[-112.4842,45.2093],[-112.474,45.2002],[-112.4637,45.1911],[-112.4534,45.182],[-112.4431,45.1728],[-112.4328,45.1637],[-112.4226,45.1546],[-112.4123,45.1455],[-112.3926,45.1346],[-112.3729,45.1238],[-112.3532,45.113],[-112.3335,45.1021],[-112.3138,45.0913],[-112.2941,45.0804],[-112.2745,45.0696],[-112.2548,45.0587],[-112.24,45.0732],[-112.2251,45.0876],[-112.2102,45.1021],[-112.1954,45.1166],[-112.1805,45.131],[-112.1656,45.1455],[-112.1507,45.1599],[-112.1358,45.1744]]]},"properties":{"OBJECTID":939,"state":"Montana","agency":"Montana Fish Wildlife and Parks","unit_type":"HD","unit_id":"322","unit_name":"Gravelly","unit_label":"Montana HD 322 - Gravelly","aliases":"2025 | 322 | 322 gravelly | gravelly | hd | hd 322 | hd 322 gravelly | montana | montana 322 | montana 322 gravelly | montana fish wildlife and parks | montana fish wildlife and parks 322 | montana hd 322 | montana hd 322 gravelly","year":"2025","Shape_Length":140242.5933291955,"Shape_Area":1176540688.8200612}},{"type":"Feature","id":940,"geometry":{"type":"Polygon","coordinates":[[[-114.5992,48.5876],[-114.6199,48.5982],[-114.6407,48.6087],[-114.6614,48.6193],[-114.6821,48.6298],[-114.7029,48.6404],[-114.7236,48.6509],[-114.7444,48.6614],[-114.7651,48.6719],[-114.7673,48.5991],[-114.787,48.5915],[-114.8066,48.5838],[-114.8262,48.5762],[-114.8459,48.5685],[-114.8575,48.5446],[-114.869,48.5206],[-114.8889,48.523],[-114.9087,48.5255],[-114.9286,48.5279],[-114.9484,48.5303],[-114.9586,48.5209],[-114.9688,48.5115],[-114.979,48.5021],[-114.9892,48.4927],[-114.9994,48.4832],[-115.0096,48.4738],[-115.0198,48.4644],[-115.03,48.455],[-115.0589,48.4581],[-115.0878,48.4611],[-115.1167,48.4642],[-115.1456,48.4672],[-115.1745,48.4703],[-115.2035,48.4733],[-115.2324,48.4763],[-115.2613,48.4794],[-115.2688,48.4654],[-115.2763,48.4514],[-115.2838,48.4373],[-115.2913,48.4233],[-115.2987,48.4093],[-115.3062,48.3953],[-115.3137,48.3813],[-115.3212,48.3673],[-115.3501,48.3691],[-115.3791,48.3709],[-115.408,48.3726],[-115.437,48.3744],[-115.4441,48.385],[-115.4513,48.3956],[-115.4585,48.4062],[-115.4656,48.4168],[-115.4862,48.4119],[-115.5068,48.4071],[-115.5274,48.4022],[-115.548,48.3973],[-115.5414,48.374],[-115.5348,48.3507],[-115.5282,48.3273],[-115.5217,48.304],[-115.5119,48.2898],[-115.5021,48.2757],[-115.4923,48.2615],[-115.4825,48.2473],[-115.4728,48.2331],[-115.463,48.2189],[-115.4533,48.2048],[-115.4435,48.1906],[-115.442,48.1472],[-115.4292,48.1321],[-115.4164,48.1169],[-115.4036,48.1018],[-115.3908,48.0867],[-115.378,48.0715],[-115.3653,48.0564],[-115.3525,48.0412],[-115.3397,48.0261],[-115.3217,48.0368],[-115.3036,48.0475],[-115.2856,48.0581],[-115.2675,48.0688],[-115.238,48.0731],[-115.2084,48.0773],[-115.1788,48.0816],[-115.1492,48.0858],[-115.1356,48.0765],[-115.1219,48.0672],[-115.1082,48.0578],[-115.0946,48.0485],[-115.0688,48.0427],[-115.043,48.0368],[-115.0172,48.031],[-114.9914,48.0251],[-114.9727,48.0276],[-114.9541,48.03],[-114.9355,48.0324],[-114.9168,48.0348],[-114.8982,48.0372],[-114.8795,48.0395],[-114.8609,48.0419],[-114.8423,48.0443],[-114.8262,48.0433],[-114.8102,48.0422],[-114.7942,48.0412],[-114.7782,48.0401],[-114.7622,48.0391],[-114.7462,48.038],[-114.7302,48.037],[-114.7142,48.0359],[-114.7022,48.0457],[-114.6903,48.0554],[-114.6783,48.0652],[-114.6663,48.0749],[-114.6544,48.0847],[-114.6424,48.0945],[-114.6304,48.1042],[-114.6184,48.114],[-114.597,48.1083],[-114.5755,48.1026],[-114.5541,48.0969],[-114.5326,48.0912],[-114.5176,48.0952],[-114.5026,48.0991],[-114.4875,48.103],[-114.4724,48.107],[-114.4592,48.1247],[-114.446,48.1424],[-114.4327,48.1601],[-114.4195,48.1778],[-114.3964,48.1873],[-114.3733,48.1968],[-114.3843,48.206],[-114.3952,48.2151],[-114.4062,48.2243],[-114.4172,48.2335],[-114.4173,48.3242],[-114.4291,48.3414],[-114.4409,48.3587],[-114.4527,48.3759],[-114.4645,48.3931],[-114.4763,48.4103],[-114.4881,48.4275],[-114.5,48.4447],[-114.5118,48.4619],[-114.5042,48.474],[-114.516,48.4882],[-114.5279,48.5024],[-114.5398,48.5166],[-114.5517,48.5308],[-114.5635,48.545],[-114.5754,48.5592],[-114.5873,48.5734],[-114.5992,48.5876]]]},"properties":{"OBJECTID":940,"state":"Montana","agency":"Montana Fish Wildlife and Parks","unit_type":"HD","unit_id":"103","unit_name":"Salish","unit_label":"Montana HD 103 - Salish","aliases":"103 | 103 salish | 2025 | hd | hd 103 | hd 103 salish | montana | montana 103 | montana 103 salish | montana fish wildlife and parks | montana fish wildlife and parks 103 | montana hd 103 | montana hd 103 salish | salish","year":"2025","Shape_Length":282394.5582125192,"Shape_Area":3752818478.577988}},{"type":"Feature","id":941,"geometry":{"type":"Polygon","coordinates":[[[-112.8097,47.9589],[-112.8304,47.9633],[-112.8511,47.9676],[-112.8718,47.9719],[-112.8925,47.9762],[-112.9023,47.9615],[-112.912,47.9467],[-112.9309,47.9476],[-112.9498,47.9485],[-112.9686,47.9493],[-112.9875,47.9502],[-112.978,47.9347],[-112.9686,47.9192],[-112.9592,47.9038],[-112.9497,47.8883],[-112.9403,47.8728],[-112.9309,47.8574],[-112.9214,47.8419],[-112.912,47.8264],[-112.914,47.6972],[-112.9003,47.6829],[-112.8867,47.6686],[-112.8731,47.6544],[-112.8595,47.6401],[-112.8685,47.628],[-112.8776,47.6159],[-112.8866,47.6037],[-112.8956,47.5916],[-112.8848,47.575],[-112.8739,47.5585],[-112.8631,47.5419],[-112.8523,47.5253],[-112.8271,47.5164],[-112.8018,47.5075],[-112.7766,47.4987],[-112.7514,47.4898],[-112.7386,47.4964],[-112.7258,47.503],[-112.7129,47.5096],[-112.7001,47.5162],[-112.6777,47.517],[-112.6554,47.5178],[-112.6642,47.5428],[-112.673,47.5677],[-112.6819,47.5926],[-112.6908,47.6175],[-112.692,47.6838],[-112.6933,47.7501],[-112.6945,47.8165],[-112.6958,47.8828],[-112.7091,47.888],[-112.7224,47.8932],[-112.7357,47.8984],[-112.749,47.9036],[-112.7623,47.9087],[-112.7756,47.9139],[-112.7889,47.9191],[-112.8022,47.9243],[-112.8097,47.9589]]]},"properties":{"OBJECTID":941,"state":"Montana","agency":"Montana Fish Wildlife and Parks","unit_type":"HD","unit_id":"442","unit_name":"Bob Marshall Wilderness Complex","unit_label":"Montana HD 442 - Bob Marshall Wilderness Complex","aliases":"2025 | 442 | 442 bob marshall wilderness complex | bob marshall wilderness complex | hd | hd 442 | hd 442 bob marshall wilderness complex | montana | montana 442 | montana 442 bob marshall wilderness complex | montana fish wildlife and parks | montana fi","year":"2025","Shape_Length":136968.6383639723,"Shape_Area":779480020.8143086}},{"type":"Feature","id":942,"geometry":{"type":"Polygon","coordinates":[[[-110.6403,45.6614],[-110.671,45.6596],[-110.7017,45.6578],[-110.7324,45.656],[-110.7631,45.6542],[-110.7937,45.6524],[-110.8244,45.6506],[-110.8551,45.6487],[-110.8858,45.6469],[-110.8653,45.6383],[-110.8447,45.6298],[-110.8488,45.5933],[-110.8529,45.5568],[-110.8657,45.5377],[-110.8785,45.5187],[-110.8914,45.4996],[-110.9042,45.4805],[-110.9001,45.4307],[-110.9176,45.4178],[-110.9352,45.4049],[-110.9527,45.3921],[-110.9703,45.3792],[-110.9878,45.3663],[-111.0053,45.3534],[-111.0229,45.3405],[-111.0404,45.3276],[-111.0569,45.3284],[-111.0733,45.3291],[-111.0793,45.316],[-111.0853,45.3029],[-111.0913,45.2898],[-111.0973,45.2767],[-111.1033,45.2636],[-111.1093,45.2505],[-111.1153,45.2374],[-111.1212,45.2243],[-111.114,45.2071],[-111.1068,45.1899],[-111.0996,45.1727],[-111.0924,45.1554],[-111.0979,45.1321],[-111.1034,45.1089],[-111.0924,45.0985],[-111.0814,45.0881],[-111.0704,45.0778],[-111.0594,45.0674],[-111.0448,45.0751],[-111.0301,45.0828],[-111.0154,45.0904],[-111.0008,45.0981],[-110.9896,45.0897],[-110.9783,45.0812],[-110.9671,45.0728],[-110.9559,45.0644],[-110.9447,45.0559],[-110.9335,45.0475],[-110.9223,45.0391],[-110.9111,45.0306],[-110.8942,45.0305],[-110.8773,45.0304],[-110.8604,45.0303],[-110.8434,45.0302],[-110.8256,45.0393],[-110.8077,45.0484],[-110.7899,45.0576],[-110.772,45.0667],[-110.7846,45.0886],[-110.7973,45.1104],[-110.8099,45.1323],[-110.8225,45.1542],[-110.8426,45.1681],[-110.8626,45.182],[-110.8827,45.1958],[-110.9028,45.2097],[-110.8947,45.22],[-110.8866,45.2303],[-110.8785,45.2406],[-110.8703,45.2509],[-110.8622,45.2612],[-110.8541,45.2715],[-110.846,45.2818],[-110.8379,45.2921],[-110.8224,45.3],[-110.8069,45.3079],[-110.7913,45.3157],[-110.7758,45.3236],[-110.7662,45.3341],[-110.7565,45.3446],[-110.7468,45.3551],[-110.7371,45.3656],[-110.7275,45.3761],[-110.7178,45.3866],[-110.7081,45.3971],[-110.6984,45.4076],[-110.6818,45.4121],[-110.6652,45.4165],[-110.6485,45.421],[-110.6319,45.4254],[-110.6264,45.4554],[-110.6208,45.4854],[-110.6091,45.4935],[-110.5974,45.5017],[-110.5857,45.5099],[-110.574,45.5181],[-110.571,45.5496],[-110.5679,45.5812],[-110.5649,45.6128],[-110.5619,45.6444],[-110.5815,45.6486],[-110.6011,45.6529],[-110.6207,45.6571],[-110.6403,45.6614]]]},"properties":{"OBJECTID":942,"state":"Montana","agency":"Montana Fish Wildlife and Parks","unit_type":"HD","unit_id":"314","unit_name":"Upper Yellowstone West","unit_label":"Montana HD 314 - Upper Yellowstone West","aliases":"2025 | 314 | 314 upper yellowstone west | hd | hd 314 | hd 314 upper yellowstone west | montana | montana 314 | montana 314 upper yellowstone west | montana fish wildlife and parks | montana fish wildlife and parks 314 | montana hd 314 | montana hd 314 u","year":"2025","Shape_Length":208881.08089657422,"Shape_Area":1407215656.6511881}},{"type":"Feature","id":943,"geometry":{"type":"Polygon","coordinates":[[[-111.5974,45.9182],[-111.6214,45.9171],[-111.6453,45.916],[-111.6693,45.9148],[-111.6933,45.9137],[-111.7173,45.9126],[-111.7413,45.9114],[-111.7653,45.9103],[-111.7893,45.9091],[-111.81,45.9042],[-111.8306,45.8993],[-111.8513,45.8944],[-111.872,45.8894],[-111.8926,45.8845],[-111.9133,45.8796],[-111.9339,45.8746],[-111.9546,45.8697],[-111.9487,45.8579],[-111.9427,45.8461],[-111.9368,45.8342],[-111.9309,45.8224],[-111.925,45.8106],[-111.919,45.7988],[-111.9131,45.7869],[-111.9072,45.7751],[-111.8932,45.7703],[-111.8791,45.7654],[-111.8651,45.7605],[-111.8511,45.7556],[-111.8371,45.7508],[-111.823,45.7459],[-111.809,45.741],[-111.795,45.7361],[-111.7889,45.7145],[-111.7829,45.6929],[-111.7713,45.6776],[-111.7597,45.6623],[-111.7482,45.647],[-111.7366,45.6317],[-111.7251,45.6163],[-111.7135,45.601],[-111.702,45.5857],[-111.6905,45.5704],[-111.664,45.5738],[-111.6375,45.5772],[-111.611,45.5806],[-111.5845,45.584],[-111.5688,45.5996],[-111.5532,45.6151],[-111.5375,45.6306],[-111.5219,45.6462],[-111.4995,45.6466],[-111.4771,45.647],[-111.4547,45.6475],[-111.4323,45.6479],[-111.4099,45.6483],[-111.3875,45.6487],[-111.3651,45.6491],[-111.3427,45.6495],[-111.3263,45.6522],[-111.3099,45.655],[-111.2935,45.6577],[-111.277,45.6604],[-111.2606,45.6632],[-111.2442,45.6659],[-111.2278,45.6686],[-111.2114,45.6713],[-111.2206,45.6912],[-111.2298,45.7111],[-111.239,45.731],[-111.2482,45.7509],[-111.2574,45.7708],[-111.2666,45.7907],[-111.2759,45.8107],[-111.2851,45.8306],[-111.3097,45.8406],[-111.3343,45.8507],[-111.359,45.8608],[-111.3836,45.8708],[-111.4041,45.8757],[-111.4246,45.8806],[-111.445,45.8855],[-111.4655,45.8903],[-111.486,45.8952],[-111.5064,45.9001],[-111.5269,45.9049],[-111.5474,45.9098],[-111.5724,45.914],[-111.5974,45.9182]]]},"properties":{"OBJECTID":943,"state":"Montana","agency":"Montana Fish Wildlife and Parks","unit_type":"HD","unit_id":"311","unit_name":"Lower Madison","unit_label":"Montana HD 311 - Lower Madison","aliases":"2025 | 311 | 311 lower madison | hd | hd 311 | hd 311 lower madison | lower madison | montana | montana 311 | montana 311 lower madison | montana fish wildlife and parks | montana fish wildlife and parks 311 | montana hd 311 | montana hd 311 lower madiso","year":"2025","Shape_Length":155953.619749609,"Shape_Area":1381247794.8348868}},{"type":"Feature","id":944,"geometry":{"type":"Polygon","coordinates":[[[-110.749,45.2378],[-110.7557,45.2592],[-110.7624,45.2807],[-110.7691,45.3021],[-110.7758,45.3236],[-110.7913,45.3157],[-110.8069,45.3079],[-110.8224,45.3],[-110.8379,45.2921],[-110.846,45.2818],[-110.8541,45.2715],[-110.8622,45.2612],[-110.8703,45.2509],[-110.8785,45.2406],[-110.8866,45.2303],[-110.8947,45.22],[-110.9028,45.2097],[-110.8827,45.1958],[-110.8626,45.182],[-110.8426,45.1681],[-110.8225,45.1542],[-110.8099,45.1323],[-110.7973,45.1104],[-110.7846,45.0886],[-110.772,45.0667],[-110.7571,45.0574],[-110.7423,45.0482],[-110.7274,45.039],[-110.7125,45.0297],[-110.6825,45.0298],[-110.6524,45.0298],[-110.6224,45.0299],[-110.5924,45.0299],[-110.5624,45.0299],[-110.5323,45.03],[-110.5023,45.03],[-110.4723,45.03],[-110.489,45.037],[-110.5056,45.0439],[-110.5117,45.0564],[-110.5178,45.0688],[-110.524,45.0813],[-110.5301,45.0937],[-110.5362,45.1062],[-110.5423,45.1186],[-110.5484,45.1311],[-110.5545,45.1435],[-110.5763,45.1477],[-110.598,45.1518],[-110.6197,45.156],[-110.6415,45.1601],[-110.6462,45.176],[-110.6509,45.1919],[-110.6557,45.2078],[-110.6604,45.2237],[-110.6826,45.2273],[-110.7047,45.2308],[-110.7269,45.2343],[-110.749,45.2378]]]},"properties":{"OBJECTID":944,"state":"Montana","agency":"Montana Fish Wildlife and Parks","unit_type":"HD","unit_id":"313","unit_name":"Northern Yellowstone","unit_label":"Montana HD 313 - Northern Yellowstone","aliases":"2025 | 313 | 313 northern yellowstone | hd | hd 313 | hd 313 northern yellowstone | montana | montana 313 | montana 313 northern yellowstone | montana fish wildlife and parks | montana fish wildlife and parks 313 | montana hd 313 | montana hd 313 norther","year":"2025","Shape_Length":106933.01179490483,"Shape_Area":487552521.56380117}},{"type":"Feature","id":945,"geometry":{"type":"Polygon","coordinates":[[[-115.1709,49.0],[-115.1983,49.0001],[-115.2258,49.0002],[-115.2532,49.0002],[-115.2807,49.0003],[-115.3081,49.0003],[-115.3356,49.0004],[-115.363,49.0005],[-115.3905,49.0005],[-115.4179,49.0005],[-115.4453,49.0006],[-115.4728,49.0006],[-115.5002,49.0006],[-115.5277,49.0006],[-115.5551,49.0007],[-115.5826,49.0007],[-115.61,49.0007],[-115.6375,49.0007],[-115.6649,49.0006],[-115.6924,49.0006],[-115.7198,49.0006],[-115.7473,49.0006],[-115.7747,49.0006],[-115.8022,49.0005],[-115.8296,49.0005],[-115.8571,49.0004],[-115.8845,49.0004],[-115.912,49.0003],[-115.9394,49.0003],[-115.9669,49.0002],[-115.9943,49.0001],[-116.0218,49.0],[-116.0492,49.0],[-116.049,48.8349],[-116.049,48.8185],[-116.0491,48.6969],[-116.0491,48.688],[-116.0491,48.6877],[-116.0492,48.6671],[-116.0493,48.6602],[-116.0491,48.6355],[-116.0491,48.6321],[-116.0492,48.6228],[-116.0491,48.6204],[-116.0491,48.619],[-116.0309,48.6067],[-116.0127,48.5944],[-115.9946,48.5821],[-115.9764,48.5698],[-115.9671,48.5537],[-115.9577,48.5376],[-115.9484,48.5215],[-115.9391,48.5055],[-115.9264,48.4974],[-115.9137,48.4893],[-115.901,48.4813],[-115.8883,48.4732],[-115.8756,48.4651],[-115.863,48.4571],[-115.8503,48.449],[-115.8376,48.4409],[-115.8206,48.4448],[-115.8035,48.4487],[-115.7865,48.4526],[-115.7695,48.4564],[-115.7429,48.454],[-115.7163,48.4515],[-115.6897,48.449],[-115.6631,48.4466],[-115.6487,48.4404],[-115.6343,48.4343],[-115.6199,48.4281],[-115.6055,48.422],[-115.5911,48.4158],[-115.5768,48.4097],[-115.5624,48.4035],[-115.548,48.3973],[-115.5274,48.4022],[-115.5068,48.4071],[-115.4862,48.4119],[-115.4656,48.4168],[-115.4585,48.4062],[-115.4513,48.3956],[-115.4441,48.385],[-115.437,48.3744],[-115.408,48.3726],[-115.3791,48.3709],[-115.3501,48.3691],[-115.3212,48.3673],[-115.3137,48.3813],[-115.3062,48.3953],[-115.2987,48.4093],[-115.2913,48.4233],[-115.2838,48.4373],[-115.2763,48.4514],[-115.2688,48.4654],[-115.2613,48.4794],[-115.2549,48.4928],[-115.2485,48.5063],[-115.242,48.5198],[-115.2356,48.5333],[-115.2292,48.5468],[-115.2227,48.5603],[-115.2163,48.5737],[-115.2099,48.5872],[-115.2231,48.5957],[-115.2363,48.6041],[-115.2495,48.6126],[-115.2628,48.621],[-115.276,48.6294],[-115.2893,48.6379],[-115.3025,48.6463],[-115.3158,48.6548],[-115.3127,48.6865],[-115.3096,48.7183],[-115.3066,48.7501],[-115.3035,48.7819],[-115.2944,48.7909],[-115.2852,48.8],[-115.2761,48.809],[-115.2669,48.818],[-115.2578,48.827],[-115.2486,48.836],[-115.2395,48.845],[-115.2303,48.854],[-115.2212,48.863],[-115.212,48.872],[-115.2029,48.8811],[-115.1937,48.8901],[-115.1845,48.8991],[-115.1754,48.9081],[-115.1662,48.9171],[-115.157,48.9261],[-115.1505,48.9404],[-115.144,48.9548],[-115.1374,48.9691],[-115.1309,48.9834],[-115.1509,48.9917],[-115.1709,49.0]]]},"properties":{"OBJECTID":945,"state":"Montana","agency":"Montana Fish Wildlife and Parks","unit_type":"HD","unit_id":"100","unit_name":"Purcell","unit_label":"Montana HD 100 - Purcell","aliases":"100 | 100 purcell | 2025 | hd | hd 100 | hd 100 purcell | montana | montana 100 | montana 100 purcell | montana fish wildlife and parks | montana fish wildlife and parks 100 | montana hd 100 | montana hd 100 purcell | purcell","year":"2025","Shape_Length":256257.41158097624,"Shape_Area":3649816254.8120275}},{"type":"Feature","id":946,"geometry":{"type":"Polygon","coordinates":[[[-115.1577,47.4457],[-115.1415,47.4407],[-115.1252,47.4356],[-115.109,47.4305],[-115.0927,47.4254],[-115.0764,47.4203],[-115.0602,47.4152],[-115.0439,47.4101],[-115.0277,47.405],[-115.0114,47.3999],[-114.9952,47.3947],[-114.9789,47.3896],[-114.9627,47.3845],[-114.9465,47.3794],[-114.9302,47.3743],[-114.914,47.3692],[-114.8978,47.3641],[-114.8832,47.3722],[-114.8686,47.3803],[-114.8643,47.3637],[-114.8599,47.3472],[-114.8555,47.3306],[-114.8511,47.3141],[-114.8358,47.311],[-114.8211,47.3246],[-114.8063,47.3382],[-114.7916,47.3519],[-114.7769,47.3655],[-114.79,47.3765],[-114.8032,47.3876],[-114.8164,47.3986],[-114.8296,47.4096],[-114.8427,47.4207],[-114.8559,47.4317],[-114.8691,47.4427],[-114.8823,47.4537],[-114.903,47.4528],[-114.9236,47.4518],[-114.9277,47.4786],[-114.9318,47.5054],[-114.9599,47.5096],[-114.988,47.5138],[-115.0162,47.518],[-115.0443,47.5221],[-115.0606,47.5283],[-115.0768,47.5344],[-115.0931,47.5405],[-115.1094,47.5467],[-115.1256,47.5528],[-115.1419,47.5589],[-115.1582,47.565],[-115.1745,47.5712],[-115.1703,47.5398],[-115.1661,47.5084],[-115.1619,47.4771],[-115.1577,47.4457]]]},"properties":{"OBJECTID":946,"state":"Montana","agency":"Montana Fish Wildlife and Parks","unit_type":"HD","unit_id":"124","unit_name":"Lower Clark Fork","unit_label":"Montana HD 124 - Lower Clark Fork","aliases":"124 | 124 lower clark fork | 2025 | hd | hd 124 | hd 124 lower clark fork | lower clark fork | montana | montana 124 | montana 124 lower clark fork | montana fish wildlife and parks | montana fish wildlife and parks 124 | montana hd 124 | montana hd 124","year":"2025","Shape_Length":96329.19516861289,"Shape_Area":329912593.2880273}},{"type":"Feature","id":947,"geometry":{"type":"Polygon","coordinates":[[[-111.3237,44.8526],[-111.342,44.8531],[-111.3603,44.8535],[-111.3786,44.854],[-111.3969,44.8544],[-111.4189,44.8474],[-111.4408,44.8404],[-111.4627,44.8334],[-111.4846,44.8263],[-111.4807,44.7975],[-111.4769,44.7687],[-111.473,44.7399],[-111.4692,44.7111],[-111.4692,44.7111],[-111.4642,44.7141],[-111.4623,44.7146],[-111.4477,44.7172],[-111.4476,44.7172],[-111.4262,44.7176],[-111.4262,44.7174],[-111.4262,44.7171],[-111.4262,44.7169],[-111.4083,44.7159],[-111.4071,44.7174],[-111.407,44.7179],[-111.4048,44.7204],[-111.4045,44.721],[-111.3986,44.7232],[-111.3985,44.7233],[-111.398,44.7242],[-111.3983,44.7262],[-111.3973,44.7282],[-111.3985,44.7315],[-111.3991,44.7332],[-111.3992,44.7347],[-111.3987,44.7358],[-111.3984,44.7363],[-111.3976,44.7373],[-111.3973,44.7378],[-111.3954,44.7392],[-111.3954,44.7393],[-111.3953,44.7394],[-111.3956,44.7404],[-111.3956,44.7406],[-111.3954,44.742],[-111.395,44.7434],[-111.3948,44.7449],[-111.395,44.7453],[-111.3977,44.7466],[-111.396,44.7481],[-111.3959,44.7487],[-111.385,44.755],[-111.3845,44.7548],[-111.3774,44.7515],[-111.3747,44.7493],[-111.3749,44.7489],[-111.3751,44.7487],[-111.3751,44.7483],[-111.3748,44.7478],[-111.3745,44.7476],[-111.3727,44.7467],[-111.3718,44.7462],[-111.3718,44.7461],[-111.3683,44.7432],[-111.3681,44.7431],[-111.3678,44.743],[-111.3663,44.7422],[-111.3663,44.742],[-111.3667,44.7411],[-111.3665,44.7404],[-111.3665,44.739],[-111.3667,44.7384],[-111.3666,44.7381],[-111.3663,44.7378],[-111.3657,44.7373],[-111.365,44.7368],[-111.3583,44.7299],[-111.3578,44.7294],[-111.3371,44.7331],[-111.3371,44.7331],[-111.3354,44.7324],[-111.333,44.7314],[-111.3236,44.729],[-111.3235,44.7288],[-111.3229,44.7278],[-111.3228,44.7274],[-111.3228,44.7269],[-111.3237,44.7241],[-111.3233,44.7227],[-111.3229,44.7199],[-111.322,44.7182],[-111.3218,44.718],[-111.3188,44.7159],[-111.3176,44.7141],[-111.3112,44.7105],[-111.3085,44.7086],[-111.3049,44.7069],[-111.3043,44.7066],[-111.3011,44.7056],[-111.3011,44.7056],[-111.2995,44.7034],[-111.2993,44.7033],[-111.2963,44.7022],[-111.2962,44.7021],[-111.296,44.7018],[-111.2949,44.6986],[-111.2964,44.6961],[-111.2965,44.6956],[-111.2877,44.6856],[-111.2821,44.6835],[-111.2786,44.6814],[-111.2767,44.6789],[-111.2767,44.6766],[-111.2765,44.6756],[-111.2758,44.6744],[-111.2688,44.6682],[-111.2667,44.6669],[-111.2669,44.6653],[-111.267,44.6651],[-111.2708,44.6627],[-111.2716,44.6625],[-111.2735,44.6601],[-111.2736,44.6599],[-111.2752,44.6586],[-111.2754,44.6581],[-111.2757,44.6567],[-111.2764,44.656],[-111.2785,44.655],[-111.2806,44.6549],[-111.2771,44.6501],[-111.271,44.647],[-111.2708,44.6469],[-111.2704,44.6467],[-111.2691,44.647],[-111.2689,44.6471],[-111.2682,44.6474],[-111.2621,44.6497],[-111.261,44.6496],[-111.2606,44.6496],[-111.2606,44.6496],[-111.2586,44.6499],[-111.2582,44.6499],[-111.2579,44.65],[-111.2546,44.6509],[-111.2538,44.651],[-111.2533,44.651],[-111.253,44.6505],[-111.2531,44.6503],[-111.2517,44.6487],[-111.2513,44.6484],[-111.2513,44.6482],[-111.2513,44.6468],[-111.2508,44.6462],[-111.2507,44.6459],[-111.2481,44.6435],[-111.2429,44.6432],[-111.2269,44.6285],[-111.2267,44.6284],[-111.2203,44.6228],[-111.2406,44.6143],[-111.2384,44.6106],[-111.2375,44.609],[-111.2354,44.6052],[-111.2358,44.6012],[-111.234,44.6002],[-111.2324,44.5924],[-111.2329,44.5898],[-111.2315,44.5881],[-111.2313,44.5868],[-111.23,44.5825],[-111.2282,44.5784],[-111.228,44.5782],[-111.2278,44.5779],[-111.2278,44.5773],[-111.2249,44.5764],[-111.2213,44.5767],[-111.2012,44.5729],[-111.1812,44.5691],[-111.1803,44.5679],[-111.1802,44.5676],[-111.1809,44.5546],[-111.1747,44.5497],[-111.174,44.5494],[-111.1597,44.5465],[-111.1596,44.5465],[-111.1507,44.5351],[-111.1475,44.5353],[-111.1375,44.5345],[-111.1372,44.5345],[-111.1341,44.5335],[-111.1319,44.5325],[-111.1305,44.4997],[-111.125,44.4959],[-111.1147,44.4936],[-111.1142,44.4929],[-111.1142,44.4929],[-111.104,44.4866],[-111.1003,44.4876],[-111.0987,44.4872],[-111.0977,44.4868],[-111.0975,44.4867],[-111.0972,44.4866],[-111.0971,44.4866],[-111.0971,44.4866],[-111.0972,44.8081],[-111.1052,44.795],[-111.1133,44.7818],[-111.1286,44.7842],[-111.144,44.7866],[-111.1593,44.789],[-111.1747,44.7914],[-111.19,44.7938],[-111.2054,44.7962],[-111.2208,44.7986],[-111.2361,44.801],[-111.258,44.8139],[-111.2799,44.8268],[-111.3018,44.8397],[-111.3237,44.8526]]]},"properties":{"OBJECTID":947,"state":"Montana","agency":"Montana Fish Wildlife and Parks","unit_type":"HD","unit_id":"361","unit_name":"Gallatin/Madison","unit_label":"Montana HD 361 - Gallatin/Madison","aliases":"2025 | 361 | 361 gallatin madison | gallatin madison | hd | hd 361 | hd 361 gallatin madison | montana | montana 361 | montana 361 gallatin madison | montana fish wildlife and parks | montana fish wildlife and parks 361 | montana hd 361 | montana hd 361","year":"2025","Shape_Length":142575.53605366743,"Shape_Area":580694635.4380476}},{"type":"Feature","id":948,"geometry":{"type":"Polygon","coordinates":[[[-113.2398,47.1214],[-113.259,47.118],[-113.2782,47.1146],[-113.2974,47.1112],[-113.3166,47.1078],[-113.3358,47.1044],[-113.3549,47.101],[-113.3741,47.0976],[-113.3933,47.0941],[-113.3878,47.0712],[-113.3824,47.0482],[-113.3769,47.0253],[-113.3715,47.0023],[-113.3437,47.0094],[-113.3159,47.0165],[-113.2882,47.0236],[-113.2604,47.0306],[-113.2553,47.0533],[-113.2501,47.076],[-113.245,47.0987],[-113.2398,47.1214]]]},"properties":{"OBJECTID":948,"state":"Montana","agency":"Montana Fish Wildlife and Parks","unit_type":"HD","unit_id":"282","unit_name":"Bob Marshall Wilderness Complex","unit_label":"Montana HD 282 - Bob Marshall Wilderness Complex","aliases":"2025 | 282 | 282 bob marshall wilderness complex | bob marshall wilderness complex | hd | hd 282 | hd 282 bob marshall wilderness complex | montana | montana 282 | montana 282 bob marshall wilderness complex | montana fish wildlife and parks | montana fi","year":"2025","Shape_Length":41591.576292351994,"Shape_Area":102132876.70582007}},{"type":"Feature","id":949,"geometry":{"type":"Polygon","coordinates":[[[-114.1159,48.3859],[-114.1199,48.3603],[-114.1239,48.3348],[-114.1279,48.3092],[-114.1319,48.2837],[-114.117,48.2691],[-114.1022,48.2546],[-114.0873,48.24],[-114.0725,48.2254],[-114.0727,48.182],[-114.0458,48.1822],[-114.0189,48.1824],[-114.0093,48.1733],[-113.9998,48.1642],[-113.9903,48.1551],[-113.9808,48.146],[-113.9712,48.1368],[-113.9617,48.1277],[-113.9522,48.1186],[-113.9427,48.1095],[-113.9418,48.0514],[-113.9286,48.0405],[-113.9154,48.0297],[-113.9021,48.0188],[-113.8889,48.008],[-113.8918,47.9847],[-113.8947,47.9615],[-113.8833,47.9536],[-113.8719,47.9457],[-113.8605,47.9378],[-113.849,47.9299],[-113.8393,47.9426],[-113.8296,47.9552],[-113.8198,47.9679],[-113.8101,47.9806],[-113.7928,47.9701],[-113.7756,47.9596],[-113.7584,47.9491],[-113.7411,47.9386],[-113.7239,47.9281],[-113.7067,47.9176],[-113.6895,47.9071],[-113.6723,47.8966],[-113.6773,47.8463],[-113.6823,47.7959],[-113.6676,47.7863],[-113.653,47.7766],[-113.6291,47.766],[-113.6052,47.7553],[-113.5879,47.7559],[-113.5707,47.7565],[-113.5534,47.757],[-113.5361,47.7576],[-113.5189,47.7582],[-113.5016,47.7588],[-113.4843,47.7593],[-113.4671,47.7599],[-113.4525,47.7665],[-113.438,47.7731],[-113.4235,47.7798],[-113.4089,47.7864],[-113.3944,47.793],[-113.3798,47.7996],[-113.3653,47.8062],[-113.3507,47.8128],[-113.327,47.8169],[-113.3032,47.8209],[-113.2795,47.825],[-113.2557,47.829],[-113.2646,47.8494],[-113.2735,47.8697],[-113.2824,47.8901],[-113.2913,47.9105],[-113.2839,47.9317],[-113.2764,47.9529],[-113.2968,47.9619],[-113.3171,47.971],[-113.3375,47.98],[-113.3579,47.989],[-113.3671,48.0166],[-113.3726,48.0489],[-113.388,48.0586],[-113.4034,48.0683],[-113.4188,48.078],[-113.4342,48.0877],[-113.4504,48.0812],[-113.4665,48.0746],[-113.4826,48.0681],[-113.4987,48.0616],[-113.5123,48.0662],[-113.5259,48.0709],[-113.5396,48.0756],[-113.5532,48.0802],[-113.5668,48.0849],[-113.5804,48.0895],[-113.5941,48.0942],[-113.6077,48.0989],[-113.6138,48.1265],[-113.6199,48.1541],[-113.6376,48.1681],[-113.6554,48.1822],[-113.6732,48.1962],[-113.691,48.2102],[-113.7015,48.2347],[-113.712,48.2591],[-113.7225,48.2835],[-113.733,48.308],[-113.7497,48.3185],[-113.7664,48.3289],[-113.7831,48.3394],[-113.7998,48.3499],[-113.7944,48.3697],[-113.7889,48.3895],[-113.8029,48.3957],[-113.8168,48.4019],[-113.8307,48.4081],[-113.8447,48.4143],[-113.8586,48.4205],[-113.8726,48.4267],[-113.8865,48.4329],[-113.9005,48.4392],[-113.8934,48.4676],[-113.8864,48.4961],[-113.9165,48.4962],[-113.9466,48.4963],[-113.9766,48.4964],[-114.0067,48.4965],[-114.0227,48.4893],[-114.0386,48.4821],[-114.0545,48.4749],[-114.0705,48.4677],[-114.0641,48.4517],[-114.0577,48.4357],[-114.0514,48.4196],[-114.045,48.4036],[-114.0627,48.3992],[-114.0804,48.3947],[-114.0982,48.3903],[-114.1159,48.3859]]]},"properties":{"OBJECTID":949,"state":"Montana","agency":"Montana Fish Wildlife and Parks","unit_type":"HD","unit_id":"140","unit_name":"Bob Marshall Wilderness Complex","unit_label":"Montana HD 140 - Bob Marshall Wilderness Complex","aliases":"140 | 140 bob marshall wilderness complex | 2025 | bob marshall wilderness complex | hd | hd 140 | hd 140 bob marshall wilderness complex | montana | montana 140 | montana 140 bob marshall wilderness complex | montana fish wildlife and parks | montana fi","year":"2025","Shape_Length":257717.05612158414,"Shape_Area":2268116060.0321946}},{"type":"Feature","id":950,"geometry":{"type":"Polygon","coordinates":[[[-111.8596,48.5327],[-111.861,48.6876],[-111.8625,48.8427],[-111.8743,48.8548],[-111.8861,48.8669],[-111.8979,48.879],[-111.9097,48.8911],[-111.9159,48.9047],[-111.9221,48.9183],[-111.9284,48.9319],[-111.9346,48.9455],[-111.9408,48.9591],[-111.9471,48.9728],[-111.9533,48.9864],[-111.9596,49.0],[-111.985,49.0],[-112.0104,49.0001],[-112.0358,49.0001],[-112.0613,49.0001],[-112.0867,49.0001],[-112.1121,49.0001],[-112.1375,49.0001],[-112.1629,49.0001],[-112.1883,49.0001],[-112.2138,49.0001],[-112.2392,49.0001],[-112.2646,49.0001],[-112.29,49.0001],[-112.3154,49.0001],[-112.3409,49.0],[-112.3663,49.0],[-112.3676,48.8293],[-112.3689,48.6586],[-112.3582,48.6465],[-112.3475,48.6343],[-112.334,48.6294],[-112.3204,48.6246],[-112.3069,48.6198],[-112.2933,48.6149],[-112.2798,48.6101],[-112.2662,48.6052],[-112.2526,48.6004],[-112.2391,48.5955],[-112.2256,48.5907],[-112.212,48.5858],[-112.1985,48.5809],[-112.1849,48.5761],[-112.1714,48.5712],[-112.1578,48.5664],[-112.1443,48.5615],[-112.1308,48.5567],[-112.1149,48.5541],[-112.099,48.5515],[-112.0831,48.549],[-112.0672,48.5464],[-112.0513,48.5438],[-112.0354,48.5413],[-112.0195,48.5387],[-112.0036,48.5361],[-111.9877,48.5336],[-111.9718,48.531],[-111.9559,48.5284],[-111.94,48.5258],[-111.9241,48.5232],[-111.9082,48.5207],[-111.8923,48.5181],[-111.8764,48.5155],[-111.8596,48.5327]]]},"properties":{"OBJECTID":950,"state":"Montana","agency":"Montana Fish Wildlife and Parks","unit_type":"HD","unit_id":"403","unit_name":"Golden Triangle","unit_label":"Montana HD 403 - Golden Triangle","aliases":"2025 | 403 | 403 golden triangle | golden triangle | hd | hd 403 | hd 403 golden triangle | montana | montana 403 | montana 403 golden triangle | montana fish wildlife and parks | montana fish wildlife and parks 403 | montana hd 403 | montana hd 403 gold","year":"2025","Shape_Length":163823.83360795904,"Shape_Area":1724139792.9860885}},{"type":"Feature","id":951,"geometry":{"type":"Polygon","coordinates":[[[-114.5004,45.7142],[-114.4981,45.7116],[-114.4975,45.7094],[-114.4974,45.7089],[-114.4963,45.7062],[-114.496,45.7043],[-114.496,45.7043],[-114.496,45.7014],[-114.4969,45.6993],[-114.4975,45.6988],[-114.4984,45.698],[-114.5045,45.6916],[-114.5078,45.6899],[-114.5097,45.6889],[-114.5123,45.6866],[-114.5138,45.6841],[-114.5137,45.684],[-114.5128,45.6838],[-114.5075,45.6834],[-114.5069,45.6833],[-114.5011,45.6823],[-114.5002,45.6814],[-114.4993,45.68],[-114.4993,45.6799],[-114.5004,45.6778],[-114.5015,45.6774],[-114.5015,45.6773],[-114.5011,45.6721],[-114.5008,45.6719],[-114.5003,45.6712],[-114.4998,45.6695],[-114.5058,45.6624],[-114.5062,45.6618],[-114.507,45.6602],[-114.5077,45.6589],[-114.5077,45.6588],[-114.5078,45.6577],[-114.5078,45.6576],[-114.5091,45.6569],[-114.5195,45.6509],[-114.5219,45.6495],[-114.5224,45.6494],[-114.524,45.6497],[-114.5274,45.6514],[-114.5286,45.6522],[-114.5309,45.6519],[-114.5342,45.6511],[-114.5366,45.6505],[-114.5386,45.6506],[-114.5412,45.6484],[-114.5404,45.6477],[-114.5397,45.6463],[-114.5408,45.6445],[-114.5417,45.6423],[-114.5418,45.6414],[-114.5419,45.6414],[-114.5435,45.6425],[-114.5495,45.6426],[-114.5539,45.6418],[-114.5575,45.641],[-114.5588,45.6407],[-114.5635,45.6325],[-114.5603,45.6293],[-114.559,45.6281],[-114.5588,45.6279],[-114.5587,45.6278],[-114.5584,45.6272],[-114.5553,45.6223],[-114.5548,45.6205],[-114.5508,45.6184],[-114.5422,45.612],[-114.5416,45.6111],[-114.5408,45.6099],[-114.5398,45.6087],[-114.5404,45.6041],[-114.5423,45.6022],[-114.5468,45.6],[-114.547,45.6],[-114.5506,45.5944],[-114.5517,45.5937],[-114.5537,45.5891],[-114.5538,45.5889],[-114.5556,45.5876],[-114.5568,45.5862],[-114.5569,45.5862],[-114.5571,45.5859],[-114.558,45.5853],[-114.5585,45.5845],[-114.5576,45.5835],[-114.5573,45.5834],[-114.5573,45.5719],[-114.5574,45.5715],[-114.5574,45.5712],[-114.5571,45.5693],[-114.5572,45.5688],[-114.5584,45.5666],[-114.5588,45.5661],[-114.5644,45.5638],[-114.5651,45.563],[-114.5653,45.5626],[-114.5653,45.5605],[-114.5649,45.5579],[-114.5649,45.5579],[-114.5646,45.5578],[-114.5596,45.5591],[-114.5594,45.559],[-114.5583,45.5585],[-114.558,45.5583],[-114.5579,45.5582],[-114.5498,45.5603],[-114.5492,45.5607],[-114.5484,45.5611],[-114.5482,45.5612],[-114.5473,45.5615],[-114.5425,45.5635],[-114.5398,45.5641],[-114.5385,45.5642],[-114.5383,45.5642],[-114.5309,45.5676],[-114.5264,45.5707],[-114.5189,45.5682],[-114.5158,45.567],[-114.5064,45.5593],[-114.5023,45.5584],[-114.5013,45.5572],[-114.4993,45.5564],[-114.4977,45.5554],[-114.4964,45.5557],[-114.4955,45.5559],[-114.4852,45.5615],[-114.4836,45.5611],[-114.4818,45.561],[-114.4812,45.561],[-114.472,45.5651],[-114.4717,45.565],[-114.4679,45.5622],[-114.4669,45.5615],[-114.4669,45.5615],[-114.4661,45.5609],[-114.4637,45.5609],[-114.4628,45.561],[-114.4575,45.5618],[-114.4565,45.5603],[-114.4573,45.56],[-114.4597,45.5575],[-114.4602,45.5566],[-114.4627,45.5531],[-114.4626,45.5528],[-114.4618,45.5515],[-114.4615,45.5503],[-114.4617,45.5491],[-114.4617,45.5488],[-114.4642,45.5469],[-114.462,45.5438],[-114.4615,45.5437],[-114.4615,45.5437],[-114.459,45.5436],[-114.4551,45.5437],[-114.4544,45.5435],[-114.4516,45.5427],[-114.4494,45.5398],[-114.4487,45.5395],[-114.4389,45.5357],[-114.4389,45.5357],[-114.4391,45.5344],[-114.438,45.5315],[-114.4376,45.5309],[-114.4375,45.5309],[-114.4308,45.5203],[-114.4242,45.5098],[-114.4236,45.5095],[-114.4196,45.5094],[-114.4184,45.5098],[-114.418,45.5099],[-114.4151,45.5096],[-114.3966,45.5039],[-114.396,45.5038],[-114.3926,45.5027],[-114.3922,45.5026],[-114.3871,45.5016],[-114.3761,45.495],[-114.3756,45.4945],[-114.3716,45.4932],[-114.3659,45.4909],[-114.3606,45.4771],[-114.3608,45.4743],[-114.3605,45.4739],[-114.3597,45.4731],[-114.3514,45.4706],[-114.3512,45.4703],[-114.3498,45.465],[-114.3485,45.4635],[-114.3463,45.4612],[-114.3452,45.4601],[-114.3446,45.4599],[-114.3428,45.4598],[-114.3419,45.4598],[-114.3189,45.466],[-114.317,45.4672],[-114.3149,45.4692],[-114.3136,45.4697],[-114.3068,45.4706],[-114.3061,45.4709],[-114.3038,45.4715],[-114.3025,45.4722],[-114.2874,45.4784],[-114.2723,45.4845],[-114.2711,45.4845],[-114.2606,45.4999],[-114.2604,45.5034],[-114.2604,45.5035],[-114.2603,45.5036],[-114.26,45.5044],[-114.2594,45.5057],[-114.2587,45.5089],[-114.2544,45.5147],[-114.2525,45.5162],[-114.251,45.5188],[-114.2509,45.5188],[-114.2488,45.5282],[-114.2492,45.5288],[-114.2513,45.5367],[-114.2516,45.537],[-114.2518,45.5378],[-114.2509,45.5392],[-114.2499,45.5429],[-114.2498,45.543],[-114.2486,45.5454],[-114.2485,45.5454],[-114.2483,45.5457],[-114.248,45.5458],[-114.2477,45.5455],[-114.2195,45.5417],[-114.1914,45.538],[-114.1912,45.5382],[-114.1909,45.5384],[-114.1898,45.541],[-114.1892,45.5413],[-114.1864,45.5457],[-114.1811,45.55],[-114.1803,45.5511],[-114.1691,45.551],[-114.1669,45.5519],[-114.1583,45.5531],[-114.1548,45.5529],[-114.1526,45.5546],[-114.1507,45.5575],[-114.1419,45.5575],[-114.1412,45.5575],[-114.1353,45.5575],[-114.133,45.5625],[-114.1324,45.5631],[-114.1313,45.5639],[-114.1296,45.5651],[-114.1289,45.5695],[-114.1293,45.57],[-114.1275,45.5784],[-114.1267,45.5789],[-114.1261,45.5797],[-114.1123,45.5855],[-114.112,45.5856],[-114.1109,45.5857],[-114.1105,45.5857],[-114.1052,45.5854],[-114.105,45.5855],[-114.0941,45.5895],[-114.0912,45.5908],[-114.0827,45.5963],[-114.0825,45.5976],[-114.0827,45.6064],[-114.0825,45.6086],[-114.0696,45.6249],[-114.0686,45.6262],[-114.0673,45.6279],[-114.0632,45.63],[-114.0586,45.6317],[-114.0583,45.6318],[-114.0525,45.6331],[-114.0501,45.6345],[-114.0456,45.6367],[-114.0446,45.639],[-114.0445,45.6392],[-114.0439,45.6401],[-114.043,45.6411],[-114.0413,45.6424],[-114.0352,45.6478],[-114.035,45.6479],[-114.0348,45.648],[-114.0335,45.6486],[-114.0334,45.6486],[-114.0327,45.6488],[-114.0246,45.6483],[-114.0213,45.6482],[-114.0188,45.6486],[-114.0181,45.6496],[-114.0163,45.6526],[-114.0149,45.6558],[-114.0142,45.6577],[-114.0226,45.6707],[-114.024,45.6709],[-114.0281,45.6753],[-114.0281,45.6755],[-114.0277,45.6756],[-114.0148,45.6839],[-114.0193,45.6929],[-114.0193,45.6929],[-114.018,45.6941],[-114.017,45.6948],[-114.0159,45.6958],[-114.0082,45.6942],[-114.0029,45.6957],[-114.0015,45.6964],[-114.0007,45.6964],[-113.9964,45.697],[-113.9958,45.6987],[-113.995,45.6995],[-113.9937,45.7024],[-113.9918,45.7041],[-113.9914,45.7044],[-113.9901,45.7051],[-113.9888,45.7058],[-113.9886,45.7059],[-113.9994,45.7259],[-114.0102,45.746],[-114.0346,45.752],[-114.059,45.758],[-114.0834,45.764],[-114.1078,45.7699],[-114.1118,45.7948],[-114.1158,45.8198],[-114.1198,45.8447],[-114.1238,45.8696],[-114.1383,45.876],[-114.1528,45.8824],[-114.1674,45.8887],[-114.1819,45.8951],[-114.1923,45.9023],[-114.2028,45.9094],[-114.2133,45.9166],[-114.2237,45.9238],[-114.2451,45.9205],[-114.2665,45.9172],[-114.2878,45.9139],[-114.3092,45.9106],[-114.3305,45.9072],[-114.3519,45.9039],[-114.3732,45.9006],[-114.3946,45.8973],[-114.3928,45.8923],[-114.3925,45.8922],[-114.3919,45.8921],[-114.3908,45.8921],[-114.3946,45.8746],[-114.3953,45.8742],[-114.3956,45.8737],[-114.3956,45.8737],[-114.3957,45.872],[-114.4044,45.8717],[-114.4063,45.8692],[-114.4063,45.869],[-114.4059,45.8683],[-114.4059,45.8682],[-114.4065,45.8643],[-114.4067,45.8638],[-114.4083,45.8561],[-114.4085,45.8554],[-114.4096,45.852],[-114.4096,45.8517],[-114.4096,45.8516],[-114.4128,45.8521],[-114.4129,45.8521],[-114.4182,45.8535],[-114.4184,45.8536],[-114.4207,45.8552],[-114.4211,45.8552],[-114.4213,45.8552],[-114.4231,45.8555],[-114.4491,45.8587],[-114.4562,45.8548],[-114.4566,45.8547],[-114.4573,45.8546],[-114.458,45.8547],[-114.4614,45.8551],[-114.4615,45.8551],[-114.4623,45.8545],[-114.4625,45.8543],[-114.4656,45.852],[-114.4694,45.8516],[-114.4727,45.8473],[-114.475,45.8466],[-114.4774,45.8471],[-114.4778,45.8473],[-114.4803,45.8484],[-114.485,45.8515],[-114.4865,45.8516],[-114.4876,45.8514],[-114.4877,45.8514],[-114.4905,45.85],[-114.4909,45.8499],[-114.4923,45.8498],[-114.4927,45.8498],[-114.4937,45.8498],[-114.4943,45.8497],[-114.4992,45.8505],[-114.5039,45.8459],[-114.504,45.8458],[-114.5052,45.8457],[-114.5065,45.8457],[-114.5082,45.8458],[-114.5085,45.8458],[-114.5152,45.8397],[-114.5172,45.8357],[-114.5164,45.8321],[-114.5156,45.8314],[-114.5129,45.8298],[-114.512,45.8296],[-114.5121,45.8292],[-114.5136,45.8283],[-114.5159,45.8261],[-114.5222,45.8235],[-114.5272,45.8201],[-114.5277,45.8199],[-114.5302,45.8192],[-114.5309,45.8189],[-114.5316,45.8141],[-114.5313,45.814],[-114.5389,45.8019],[-114.5394,45.8013],[-114.5413,45.7997],[-114.5446,45.7983],[-114.5447,45.7982],[-114.5451,45.7972],[-114.545,45.7964],[-114.5442,45.7909],[-114.5443,45.7902],[-114.5478,45.7894],[-114.5551,45.7868],[-114.5555,45.7863],[-114.5556,45.7861],[-114.556,45.7851],[-114.5583,45.7827],[-114.56,45.7815],[-114.5617,45.7805],[-114.5628,45.7793],[-114.5632,45.7782],[-114.5633,45.7777],[-114.5647,45.7752],[-114.5662,45.7734],[-114.5648,45.7713],[-114.5593,45.7658],[-114.5591,45.7656],[-114.5521,45.764],[-114.5517,45.764],[-114.5507,45.7636],[-114.5496,45.7627],[-114.5495,45.7627],[-114.5463,45.7489],[-114.5459,45.7463],[-114.5468,45.7455],[-114.5476,45.7433],[-114.5344,45.735],[-114.5211,45.7267],[-114.5204,45.7265],[-114.5189,45.7267],[-114.5152,45.7272],[-114.5147,45.7271],[-114.5132,45.7261],[-114.5131,45.7261],[-114.5125,45.7257],[-114.5055,45.7226],[-114.5041,45.7207],[-114.5017,45.7155],[-114.5004,45.7142]]]},"properties":{"OBJECTID":951,"state":"Montana","agency":"Montana Fish Wildlife and Parks","unit_type":"HD","unit_id":"250","unit_name":"West Fork Bitterroot","unit_label":"Montana HD 250 - West Fork Bitterroot","aliases":"2025 | 250 | 250 west fork bitterroot | hd | hd 250 | hd 250 west fork bitterroot | montana | montana 250 | montana 250 west fork bitterroot | montana fish wildlife and parks | montana fish wildlife and parks 250 | montana hd 250 | montana hd 250 west fo","year":"2025","Shape_Length":181049.34671108873,"Shape_Area":1438720985.9567978}},{"type":"Feature","id":952,"geometry":{"type":"Polygon","coordinates":[[[-112.0708,46.322],[-112.087,46.3197],[-112.1032,46.3174],[-112.1195,46.3151],[-112.1357,46.3128],[-112.1452,46.3258],[-112.1548,46.3389],[-112.1643,46.3519],[-112.1739,46.3649],[-112.1834,46.3779],[-112.193,46.3909],[-112.2025,46.4039],[-112.2121,46.4169],[-112.2375,46.4171],[-112.2629,46.4173],[-112.2883,46.4176],[-112.3137,46.4178],[-112.3362,46.41],[-112.3586,46.4023],[-112.3811,46.3945],[-112.4036,46.3868],[-112.4151,46.3735],[-112.4266,46.3603],[-112.4381,46.3471],[-112.4496,46.3339],[-112.4703,46.3341],[-112.491,46.3344],[-112.5118,46.3347],[-112.5325,46.3349],[-112.5404,46.3229],[-112.5484,46.3108],[-112.5563,46.2987],[-112.5642,46.2867],[-112.5721,46.2746],[-112.5801,46.2626],[-112.588,46.2505],[-112.5959,46.2384],[-112.5911,46.2235],[-112.5864,46.2086],[-112.5816,46.1938],[-112.5769,46.1789],[-112.5589,46.1801],[-112.5408,46.1813],[-112.5228,46.1825],[-112.5048,46.1838],[-112.5126,46.1602],[-112.5203,46.1367],[-112.5068,46.1257],[-112.4932,46.1147],[-112.4797,46.1036],[-112.4661,46.0926],[-112.4627,46.0645],[-112.4593,46.0364],[-112.4492,46.0523],[-112.4391,46.0681],[-112.429,46.0839],[-112.4189,46.0997],[-112.4088,46.1155],[-112.3987,46.1313],[-112.3886,46.1471],[-112.3785,46.1629],[-112.3629,46.1688],[-112.3472,46.1747],[-112.3415,46.218],[-112.3358,46.2614],[-112.3064,46.2633],[-112.2771,46.2652],[-112.2477,46.2671],[-112.2183,46.269],[-112.1934,46.2634],[-112.1685,46.2577],[-112.1436,46.2521],[-112.1187,46.2465],[-112.1068,46.2653],[-112.0948,46.2842],[-112.0828,46.3031],[-112.0708,46.322]]]},"properties":{"OBJECTID":952,"state":"Montana","agency":"Montana Fish Wildlife and Parks","unit_type":"HD","unit_id":"318","unit_name":"Deer Lodge","unit_label":"Montana HD 318 - Deer Lodge","aliases":"2025 | 318 | 318 deer lodge | deer lodge | hd | hd 318 | hd 318 deer lodge | montana | montana 318 | montana 318 deer lodge | montana fish wildlife and parks | montana fish wildlife and parks 318 | montana hd 318 | montana hd 318 deer lodge","year":"2025","Shape_Length":143229.38704557394,"Shape_Area":702920563.4270036}},{"type":"Feature","id":953,"geometry":{"type":"Polygon","coordinates":[[[-111.8701,47.5964],[-111.8947,47.5966],[-111.9192,47.5967],[-111.9438,47.5968],[-111.9683,47.597],[-111.9748,47.624],[-111.9812,47.6509],[-111.9917,47.6586],[-112.0022,47.6662],[-112.0127,47.6738],[-112.0232,47.6814],[-112.0336,47.689],[-112.0441,47.6966],[-112.0546,47.7043],[-112.0651,47.7119],[-112.0756,47.7195],[-112.0861,47.7271],[-112.0966,47.7347],[-112.1071,47.7423],[-112.1176,47.7499],[-112.1281,47.7575],[-112.1386,47.7651],[-112.1491,47.7728],[-112.159,47.7844],[-112.1689,47.7961],[-112.1788,47.8078],[-112.1887,47.8195],[-112.1976,47.7966],[-112.2065,47.7736],[-112.2154,47.7507],[-112.2243,47.7277],[-112.2332,47.7048],[-112.2421,47.6818],[-112.251,47.6589],[-112.2599,47.6359],[-112.273,47.6249],[-112.2862,47.6139],[-112.2993,47.6028],[-112.3125,47.5918],[-112.3256,47.5807],[-112.3388,47.5697],[-112.3519,47.5586],[-112.365,47.5476],[-112.3721,47.5335],[-112.3791,47.5195],[-112.3861,47.5055],[-112.3932,47.4914],[-112.3836,47.4788],[-112.3741,47.4661],[-112.3646,47.4534],[-112.3551,47.4407],[-112.3456,47.428],[-112.3361,47.4153],[-112.3266,47.4026],[-112.3171,47.3899],[-112.2978,47.3774],[-112.2785,47.365],[-112.2592,47.3525],[-112.2399,47.34],[-112.2206,47.3275],[-112.2014,47.3151],[-112.1821,47.3026],[-112.1629,47.2901],[-112.1433,47.2995],[-112.1238,47.3088],[-112.1043,47.3182],[-112.0848,47.3276],[-112.0754,47.338],[-112.066,47.3485],[-112.0566,47.359],[-112.0471,47.3695],[-112.0377,47.38],[-112.0283,47.3904],[-112.0189,47.4009],[-112.0094,47.4114],[-112.0,47.4219],[-111.9906,47.4324],[-111.9811,47.4428],[-111.9717,47.4533],[-111.9623,47.4638],[-111.9528,47.4743],[-111.9434,47.4848],[-111.9339,47.4952],[-111.9081,47.4952],[-111.8823,47.4951],[-111.8565,47.495],[-111.8307,47.495],[-111.8143,47.5007],[-111.7978,47.5065],[-111.7814,47.5123],[-111.7649,47.5181],[-111.7484,47.5239],[-111.732,47.5297],[-111.7155,47.5354],[-111.699,47.5412],[-111.7204,47.5481],[-111.7418,47.555],[-111.7632,47.5619],[-111.7845,47.5688],[-111.8059,47.5757],[-111.8273,47.5826],[-111.8487,47.5895],[-111.8701,47.5964]]]},"properties":{"OBJECTID":953,"state":"Montana","agency":"Montana Fish Wildlife and Parks","unit_type":"HD","unit_id":"444","unit_name":"Golden Triangle","unit_label":"Montana HD 444 - Golden Triangle","aliases":"2025 | 444 | 444 golden triangle | golden triangle | hd | hd 444 | hd 444 golden triangle | montana | montana 444 | montana 444 golden triangle | montana fish wildlife and parks | montana fish wildlife and parks 444 | montana hd 444 | montana hd 444 gold","year":"2025","Shape_Length":169147.2451427719,"Shape_Area":1273913034.8785572}},{"type":"Feature","id":954,"geometry":{"type":"Polygon","coordinates":[[[-112.3577,46.9751],[-112.3784,46.9712],[-112.3991,46.9673],[-112.4197,46.9634],[-112.4404,46.9595],[-112.4539,46.9483],[-112.4675,46.9371],[-112.481,46.9258],[-112.4945,46.9146],[-112.487,46.9002],[-112.4794,46.8857],[-112.4719,46.8713],[-112.4644,46.8568],[-112.4781,46.8508],[-112.4918,46.8448],[-112.5055,46.8387],[-112.5191,46.8327],[-112.517,46.7853],[-112.5149,46.7379],[-112.49,46.7344],[-112.4651,46.731],[-112.4402,46.7275],[-112.4153,46.7241],[-112.3904,46.7206],[-112.3655,46.7171],[-112.3406,46.7136],[-112.3157,46.7102],[-112.3231,46.6918],[-112.3305,46.6735],[-112.3212,46.6564],[-112.3119,46.6393],[-112.3026,46.6221],[-112.2933,46.605],[-112.3011,46.5833],[-112.309,46.5616],[-112.2888,46.5724],[-112.2686,46.5832],[-112.2386,46.582],[-112.2086,46.5809],[-112.1787,46.5798],[-112.1487,46.5786],[-112.1333,46.5848],[-112.1179,46.5909],[-112.1025,46.5971],[-112.0871,46.6033],[-112.0982,46.6146],[-112.1093,46.6259],[-112.1204,46.6372],[-112.1315,46.6486],[-112.1427,46.6599],[-112.1538,46.6712],[-112.1649,46.6825],[-112.1761,46.6939],[-112.1735,46.7213],[-112.171,46.7488],[-112.1843,46.755],[-112.1976,46.7611],[-112.2109,46.7673],[-112.2242,46.7734],[-112.2388,46.7866],[-112.2534,46.7997],[-112.2681,46.8128],[-112.2827,46.8259],[-112.2973,46.839],[-112.312,46.8521],[-112.3266,46.8652],[-112.3413,46.8783],[-112.3362,46.9175],[-112.3312,46.9567],[-112.3445,46.9659],[-112.3577,46.9751]]]},"properties":{"OBJECTID":954,"state":"Montana","agency":"Montana Fish Wildlife and Parks","unit_type":"HD","unit_id":"343","unit_name":"Granite Butte","unit_label":"Montana HD 343 - Granite Butte","aliases":"2025 | 343 | 343 granite butte | granite butte | hd | hd 343 | hd 343 granite butte | montana | montana 343 | montana 343 granite butte | montana fish wildlife and parks | montana fish wildlife and parks 343 | montana hd 343 | montana hd 343 granite butt","year":"2025","Shape_Length":136179.2337871929,"Shape_Area":651605703.1660224}},{"type":"Feature","id":955,"geometry":{"type":"Polygon","coordinates":[[[-109.5217,47.7462],[-109.5418,47.7446],[-109.562,47.7431],[-109.5821,47.7415],[-109.6023,47.7399],[-109.6224,47.7383],[-109.6426,47.7367],[-109.6627,47.7351],[-109.6829,47.7335],[-109.6929,47.7258],[-109.7029,47.718],[-109.7129,47.7103],[-109.7228,47.7026],[-109.75,47.7058],[-109.7772,47.7089],[-109.8044,47.7121],[-109.8316,47.7153],[-109.8305,47.657],[-109.8356,47.6405],[-109.8407,47.6239],[-109.8458,47.6074],[-109.8509,47.5908],[-109.856,47.5743],[-109.8611,47.5577],[-109.8662,47.5412],[-109.8713,47.5246],[-109.8913,47.519],[-109.9112,47.5134],[-109.9312,47.5077],[-109.9512,47.5021],[-109.9712,47.4965],[-109.9911,47.4908],[-110.0111,47.4852],[-110.031,47.4795],[-110.0473,47.4704],[-110.0636,47.4613],[-110.08,47.4522],[-110.0963,47.443],[-110.1128,47.4369],[-110.1293,47.4307],[-110.1458,47.4246],[-110.1623,47.4184],[-110.1682,47.396],[-110.1742,47.3735],[-110.1516,47.3699],[-110.129,47.3663],[-110.1064,47.3627],[-110.0838,47.3591],[-110.0613,47.3554],[-110.0387,47.3518],[-110.0161,47.3481],[-109.9935,47.3445],[-109.9708,47.3365],[-109.948,47.3286],[-109.9253,47.3206],[-109.9026,47.3126],[-109.8799,47.3047],[-109.8572,47.2967],[-109.8344,47.2887],[-109.8117,47.2807],[-109.7887,47.2788],[-109.7657,47.2769],[-109.7426,47.2749],[-109.7196,47.273],[-109.7008,47.2688],[-109.682,47.2645],[-109.6632,47.2603],[-109.6444,47.2561],[-109.6256,47.2518],[-109.6068,47.2476],[-109.588,47.2434],[-109.5692,47.2391],[-109.5596,47.2666],[-109.5501,47.2942],[-109.5405,47.3217],[-109.5309,47.3493],[-109.5024,47.3504],[-109.4739,47.3515],[-109.4597,47.3449],[-109.4455,47.3383],[-109.4313,47.3316],[-109.4172,47.325],[-109.403,47.3184],[-109.3888,47.3118],[-109.3747,47.3051],[-109.3605,47.2985],[-109.3541,47.3128],[-109.3476,47.3272],[-109.3412,47.3415],[-109.3347,47.3559],[-109.3283,47.3702],[-109.3218,47.3846],[-109.3154,47.3989],[-109.3089,47.4133],[-109.321,47.4277],[-109.3331,47.4421],[-109.3452,47.4565],[-109.3573,47.471],[-109.3541,47.5247],[-109.351,47.5784],[-109.3478,47.6322],[-109.3447,47.686],[-109.3562,47.6988],[-109.3678,47.7116],[-109.3794,47.7245],[-109.3909,47.7373],[-109.4098,47.7287],[-109.4288,47.72],[-109.452,47.7266],[-109.4752,47.7331],[-109.4984,47.7397],[-109.5217,47.7462]]]},"properties":{"OBJECTID":955,"state":"Montana","agency":"Montana Fish Wildlife and Parks","unit_type":"HD","unit_id":"426","unit_name":"Missouri Rivers Breaks","unit_label":"Montana HD 426 - Missouri Rivers Breaks","aliases":"2025 | 426 | 426 missouri rivers breaks | hd | hd 426 | hd 426 missouri rivers breaks | missouri rivers breaks | montana | montana 426 | montana 426 missouri rivers breaks | montana fish wildlife and parks | montana fish wildlife and parks 426 | montana","year":"2025","Shape_Length":214853.82169871588,"Shape_Area":2198253331.412963}},{"type":"Feature","id":956,"geometry":{"type":"Polygon","coordinates":[[[-112.7931,46.0957],[-112.8134,46.1014],[-112.8338,46.1072],[-112.8542,46.113],[-112.8745,46.1187],[-112.8876,46.1108],[-112.9006,46.1029],[-112.9137,46.095],[-112.9267,46.087],[-112.9398,46.0791],[-112.9528,46.0712],[-112.9658,46.0632],[-112.9789,46.0553],[-112.9836,46.0198],[-113.0051,46.0255],[-113.0267,46.0311],[-113.0482,46.0368],[-113.0697,46.0425],[-113.0912,46.0482],[-113.1127,46.0538],[-113.1343,46.0595],[-113.1558,46.0652],[-113.1843,46.0632],[-113.2128,46.0613],[-113.2413,46.0594],[-113.2698,46.0574],[-113.2863,46.0444],[-113.3028,46.0314],[-113.3193,46.0184],[-113.3358,46.0054],[-113.3571,46.012],[-113.3785,46.0186],[-113.3912,46.0088],[-113.4039,45.9989],[-113.4166,45.989],[-113.4293,45.9791],[-113.442,45.9693],[-113.4547,45.9594],[-113.4674,45.9495],[-113.4801,45.9396],[-113.4988,45.9399],[-113.5174,45.9401],[-113.5162,45.9388],[-113.5066,45.9275],[-113.497,45.9162],[-113.4873,45.9048],[-113.4777,45.8935],[-113.4681,45.8822],[-113.4585,45.8709],[-113.4489,45.8596],[-113.4393,45.8482],[-113.4297,45.8369],[-113.4201,45.8256],[-113.4106,45.8143],[-113.401,45.8029],[-113.3914,45.7916],[-113.3818,45.7803],[-113.3722,45.769],[-113.3627,45.7576],[-113.3446,45.7727],[-113.3265,45.7877],[-113.3083,45.8027],[-113.2902,45.8178],[-113.2721,45.8328],[-113.2539,45.8478],[-113.2358,45.8628],[-113.2176,45.8779],[-113.1884,45.879],[-113.1592,45.88],[-113.13,45.8811],[-113.1008,45.8822],[-113.0879,45.8727],[-113.075,45.8632],[-113.0621,45.8538],[-113.0493,45.8443],[-113.0364,45.8348],[-113.0235,45.8253],[-113.0107,45.8158],[-112.9978,45.8063],[-112.9812,45.803],[-112.9646,45.7997],[-112.9479,45.7964],[-112.9313,45.793],[-112.9146,45.7897],[-112.898,45.7863],[-112.8814,45.783],[-112.8648,45.7797],[-112.8481,45.7763],[-112.8315,45.773],[-112.8149,45.7696],[-112.7983,45.7663],[-112.7816,45.7629],[-112.765,45.7596],[-112.7484,45.7562],[-112.7318,45.7528],[-112.7251,45.7643],[-112.7184,45.7758],[-112.7118,45.7873],[-112.7051,45.7987],[-112.6984,45.8102],[-112.6917,45.8217],[-112.685,45.8331],[-112.6784,45.8446],[-112.6765,45.8807],[-112.6746,45.9169],[-112.6654,45.9397],[-112.6563,45.9624],[-112.6472,45.9852],[-112.638,46.008],[-112.6564,46.0089],[-112.6747,46.0098],[-112.693,46.0107],[-112.7114,46.0116],[-112.7216,46.0221],[-112.7318,46.0326],[-112.742,46.0431],[-112.7522,46.0536],[-112.7624,46.0641],[-112.7726,46.0747],[-112.7828,46.0852],[-112.7931,46.0957]]]},"properties":{"OBJECTID":956,"state":"Montana","agency":"Montana Fish Wildlife and Parks","unit_type":"HD","unit_id":"319","unit_name":"Fleecer","unit_label":"Montana HD 319 - Fleecer","aliases":"2025 | 319 | 319 fleecer | fleecer | hd | hd 319 | hd 319 fleecer | montana | montana 319 | montana 319 fleecer | montana fish wildlife and parks | montana fish wildlife and parks 319 | montana hd 319 | montana hd 319 fleecer","year":"2025","Shape_Length":200486.17565077607,"Shape_Area":1609111443.7458706}},{"type":"Feature","id":957,"geometry":{"type":"Polygon","coordinates":[[[-111.94,46.9555],[-111.9562,46.9645],[-111.9724,46.9734],[-111.9886,46.9824],[-112.0049,46.9914],[-111.9919,46.9825],[-111.979,46.9737],[-111.966,46.9649],[-111.9531,46.956],[-111.9662,46.9432],[-111.9793,46.9303],[-111.9606,46.9148],[-111.9418,46.8993],[-111.9231,46.8837],[-111.9044,46.8682],[-111.9183,46.858],[-111.9322,46.8478],[-111.9461,46.8377],[-111.96,46.8275],[-111.9507,46.8171],[-111.9415,46.8068],[-111.9322,46.7964],[-111.9229,46.7861],[-111.9137,46.7757],[-111.9044,46.7654],[-111.8951,46.755],[-111.8859,46.7447],[-111.8749,46.7286],[-111.857,46.7213],[-111.8391,46.7141],[-111.8211,46.7068],[-111.8032,46.6995],[-111.8096,46.6656],[-111.7896,46.6611],[-111.7695,46.6566],[-111.7495,46.6521],[-111.7294,46.6476],[-111.7266,46.6493],[-111.7462,46.6542],[-111.7659,46.6592],[-111.7856,46.6642],[-111.8052,46.6692],[-111.7996,46.7],[-111.8066,46.724],[-111.8223,46.726],[-111.8379,46.7279],[-111.8536,46.7299],[-111.8693,46.7318],[-111.8787,46.7429],[-111.8881,46.7539],[-111.8975,46.7649],[-111.9069,46.776],[-111.9163,46.787],[-111.9257,46.7981],[-111.9352,46.8091],[-111.9446,46.8201],[-111.9341,46.8325],[-111.9235,46.8449],[-111.913,46.8573],[-111.9024,46.8696],[-111.9118,46.8911],[-111.9212,46.9126],[-111.9306,46.9341],[-111.94,46.9555]]]},"properties":{"OBJECTID":957,"state":"Montana","agency":"Montana Fish Wildlife and Parks","unit_type":"HD","unit_id":" ","unit_name":"HOLTER LAKE/HAUSER LAKE","unit_label":"HOLTER LAKE/HAUSER LAKE","aliases":"2025 | hd | holter lake hauser lake | montana | montana fish wildlife and parks","year":"2025","Shape_Length":105356.50415233601,"Shape_Area":44770560.141294114}},{"type":"Feature","id":958,"geometry":{"type":"Polygon","coordinates":[[[-111.1679,46.1092],[-111.1862,46.1125],[-111.2044,46.1158],[-111.2226,46.1191],[-111.2408,46.1224],[-111.259,46.1257],[-111.2772,46.129],[-111.2955,46.1322],[-111.3137,46.1355],[-111.335,46.1281],[-111.3563,46.1206],[-111.3775,46.1132],[-111.3988,46.1057],[-111.4053,46.0776],[-111.4118,46.0496],[-111.4183,46.0215],[-111.4247,45.9935],[-111.4401,45.983],[-111.4554,45.9726],[-111.4708,45.9621],[-111.4861,45.9517],[-111.5014,45.9412],[-111.5168,45.9307],[-111.5321,45.9203],[-111.5474,45.9098],[-111.5269,45.9049],[-111.5064,45.9001],[-111.486,45.8952],[-111.4655,45.8903],[-111.445,45.8855],[-111.4246,45.8806],[-111.4041,45.8757],[-111.3836,45.8708],[-111.359,45.8608],[-111.3343,45.8507],[-111.3097,45.8406],[-111.2851,45.8306],[-111.2702,45.8235],[-111.2553,45.8164],[-111.2349,45.8164],[-111.2145,45.8165],[-111.1941,45.8165],[-111.1737,45.8165],[-111.1534,45.8165],[-111.133,45.8165],[-111.1126,45.8165],[-111.0922,45.8166],[-111.0768,45.8093],[-111.0614,45.802],[-111.046,45.7948],[-111.0306,45.7875],[-111.0259,45.7451],[-111.0212,45.7027],[-110.998,45.7028],[-110.9748,45.7028],[-110.9517,45.7028],[-110.9285,45.7029],[-110.9154,45.7172],[-110.9023,45.7315],[-110.8892,45.7458],[-110.8761,45.7602],[-110.8792,45.7861],[-110.8823,45.8121],[-110.8853,45.8381],[-110.8884,45.8641],[-110.8824,45.8779],[-110.8763,45.8917],[-110.8702,45.9055],[-110.8642,45.9193],[-110.8581,45.9331],[-110.852,45.9469],[-110.8459,45.9607],[-110.8398,45.9745],[-110.8658,45.9721],[-110.8917,45.9698],[-110.9177,45.9674],[-110.9437,45.965],[-110.9636,45.9704],[-110.9836,45.9757],[-111.0036,45.9811],[-111.0235,45.9865],[-111.0318,45.9973],[-111.04,46.0081],[-111.0483,46.0189],[-111.0566,46.0297],[-111.0748,46.0315],[-111.093,46.0333],[-111.1113,46.0351],[-111.1295,46.0369],[-111.1391,46.055],[-111.1487,46.073],[-111.1583,46.0911],[-111.1679,46.1092]]]},"properties":{"OBJECTID":958,"state":"Montana","agency":"Montana Fish Wildlife and Parks","unit_type":"HD","unit_id":"312","unit_name":"Bridger","unit_label":"Montana HD 312 - Bridger","aliases":"2025 | 312 | 312 bridger | bridger | hd | hd 312 | hd 312 bridger | montana | montana 312 | montana 312 bridger | montana fish wildlife and parks | montana fish wildlife and parks 312 | montana hd 312 | montana hd 312 bridger","year":"2025","Shape_Length":171629.24683428605,"Shape_Area":1289372620.6959362}},{"type":"Feature","id":959,"geometry":{"type":"Polygon","coordinates":[[[-112.1216,46.2264],[-112.1103,46.2195],[-112.099,46.2126],[-112.0878,46.2057],[-112.0765,46.1988],[-112.0653,46.1919],[-112.054,46.1849],[-112.0427,46.178],[-112.0315,46.1711],[-112.0202,46.1642],[-112.009,46.1573],[-111.9977,46.1503],[-111.9865,46.1434],[-111.9753,46.1365],[-111.964,46.1296],[-111.9528,46.1227],[-111.9416,46.1157],[-111.9334,46.1037],[-111.9252,46.0917],[-111.917,46.0797],[-111.9088,46.0677],[-111.9007,46.0556],[-111.8925,46.0436],[-111.8843,46.0316],[-111.8762,46.0196],[-111.8827,46.0071],[-111.8892,45.9947],[-111.8957,45.9823],[-111.9022,45.9698],[-111.9087,45.9574],[-111.9152,45.945],[-111.9217,45.9325],[-111.9282,45.9201],[-111.9408,45.9084],[-111.9534,45.8967],[-111.966,45.885],[-111.9785,45.8732],[-111.9546,45.8697],[-111.9339,45.8746],[-111.9133,45.8796],[-111.8926,45.8845],[-111.872,45.8894],[-111.8513,45.8944],[-111.8306,45.8993],[-111.81,45.9042],[-111.7893,45.9091],[-111.7653,45.9103],[-111.7413,45.9114],[-111.7173,45.9126],[-111.6933,45.9137],[-111.6693,45.9148],[-111.6453,45.916],[-111.6214,45.9171],[-111.5974,45.9182],[-111.5932,45.9351],[-111.5891,45.9521],[-111.5849,45.969],[-111.5808,45.986],[-111.5766,46.0029],[-111.5725,46.0199],[-111.5683,46.0368],[-111.5642,46.0537],[-111.5496,46.0685],[-111.535,46.0833],[-111.5204,46.098],[-111.5057,46.1128],[-111.4911,46.1276],[-111.4765,46.1423],[-111.4619,46.1571],[-111.4472,46.1719],[-111.4588,46.1799],[-111.4704,46.188],[-111.4819,46.196],[-111.4935,46.2041],[-111.4896,46.2335],[-111.4857,46.263],[-111.4995,46.2752],[-111.5134,46.2874],[-111.5272,46.2995],[-111.5411,46.3117],[-111.5333,46.3243],[-111.5255,46.3368],[-111.5177,46.3493],[-111.5099,46.3618],[-111.502,46.3743],[-111.4942,46.3868],[-111.4864,46.3993],[-111.4786,46.4118],[-111.4889,46.427],[-111.4992,46.4421],[-111.5095,46.4572],[-111.5198,46.4724],[-111.5301,46.4875],[-111.5404,46.5026],[-111.5507,46.5178],[-111.5611,46.5329],[-111.5743,46.5425],[-111.5875,46.5522],[-111.6007,46.5618],[-111.6139,46.5714],[-111.6271,46.5811],[-111.6404,46.5907],[-111.6536,46.6003],[-111.6668,46.61],[-111.6755,46.6265],[-111.6842,46.643],[-111.7054,46.6461],[-111.7266,46.6493],[-111.7294,46.6476],[-111.7433,46.6427],[-111.7572,46.6377],[-111.7712,46.6327],[-111.7851,46.6277],[-111.7895,46.5954],[-111.794,46.563],[-111.8228,46.5689],[-111.8517,46.5747],[-111.8805,46.5806],[-111.9094,46.5864],[-111.9183,46.5749],[-111.9273,46.5635],[-111.9362,46.552],[-111.9451,46.5406],[-111.9517,46.5279],[-111.9582,46.5153],[-111.9647,46.5026],[-111.9712,46.4899],[-111.9778,46.4772],[-111.9843,46.4646],[-111.9908,46.4519],[-111.9973,46.4392],[-112.0038,46.4266],[-112.0103,46.4139],[-112.0168,46.4012],[-112.0233,46.3886],[-112.0298,46.3759],[-112.0363,46.3633],[-112.0428,46.3506],[-112.0493,46.3379],[-112.06,46.3299],[-112.0708,46.322],[-112.0828,46.3031],[-112.0948,46.2842],[-112.1068,46.2653],[-112.1187,46.2465],[-112.1216,46.2264]]]},"properties":{"OBJECTID":959,"state":"Montana","agency":"Montana Fish Wildlife and Parks","unit_type":"HD","unit_id":"380","unit_name":"Elkhorn","unit_label":"Montana HD 380 - Elkhorn","aliases":"2025 | 380 | 380 elkhorn | elkhorn | hd | hd 380 | hd 380 elkhorn | montana | montana 380 | montana 380 elkhorn | montana fish wildlife and parks | montana fish wildlife and parks 380 | montana hd 380 | montana hd 380 elkhorn","year":"2025","Shape_Length":239737.29220139497,"Shape_Area":2719037751.0159287}},{"type":"Feature","id":960,"geometry":{"type":"Polygon","coordinates":[[[-111.2526,45.2648],[-111.2747,45.2632],[-111.2968,45.2617],[-111.3097,45.2558],[-111.3226,45.2499],[-111.3355,45.244],[-111.3484,45.2381],[-111.3617,45.2194],[-111.375,45.2007],[-111.3882,45.1821],[-111.4015,45.1634],[-111.3863,45.1509],[-111.3711,45.1384],[-111.3847,45.1181],[-111.3984,45.0978],[-111.412,45.0775],[-111.4256,45.0572],[-111.4391,45.0526],[-111.4526,45.048],[-111.4661,45.0434],[-111.4796,45.0388],[-111.4726,45.0229],[-111.4655,45.007],[-111.4585,44.9911],[-111.4515,44.9752],[-111.434,44.9777],[-111.4165,44.9801],[-111.399,44.9826],[-111.3815,44.985],[-111.359,44.9758],[-111.3366,44.9666],[-111.3142,44.9574],[-111.2918,44.9482],[-111.2694,44.939],[-111.247,44.9298],[-111.2246,44.9205],[-111.2022,44.9113],[-111.1759,44.9054],[-111.1497,44.8994],[-111.1235,44.8935],[-111.0972,44.8876],[-111.0968,45.0221],[-111.1117,45.03],[-111.1266,45.0379],[-111.1414,45.0458],[-111.1563,45.0537],[-111.1431,45.0675],[-111.1299,45.0813],[-111.1167,45.0951],[-111.1034,45.1089],[-111.0979,45.1321],[-111.0924,45.1554],[-111.0996,45.1727],[-111.1068,45.1899],[-111.114,45.2071],[-111.1212,45.2243],[-111.1377,45.2294],[-111.1541,45.2344],[-111.1705,45.2395],[-111.1869,45.2446],[-111.2033,45.2496],[-111.2197,45.2547],[-111.2362,45.2597],[-111.2526,45.2648]]]},"properties":{"OBJECTID":960,"state":"Montana","agency":"Montana Fish Wildlife and Parks","unit_type":"HD","unit_id":"310","unit_name":"Gallatin/Madison","unit_label":"Montana HD 310 - Gallatin/Madison","aliases":"2025 | 310 | 310 gallatin madison | gallatin madison | hd | hd 310 | hd 310 gallatin madison | montana | montana 310 | montana 310 gallatin madison | montana fish wildlife and parks | montana fish wildlife and parks 310 | montana hd 310 | montana hd 310","year":"2025","Shape_Length":126784.40968733691,"Shape_Area":819685481.611772}},{"type":"Feature","id":961,"geometry":{"type":"Polygon","coordinates":[[[-111.9785,45.8732],[-112.0094,45.8743],[-112.0403,45.8754],[-112.0711,45.8765],[-112.102,45.8776],[-112.1205,45.8651],[-112.1389,45.8526],[-112.1456,45.84],[-112.1523,45.8273],[-112.159,45.8147],[-112.1657,45.8021],[-112.1724,45.7895],[-112.179,45.7769],[-112.1857,45.7643],[-112.1924,45.7517],[-112.2073,45.7445],[-112.2222,45.7373],[-112.2371,45.7301],[-112.252,45.7229],[-112.2662,45.7059],[-112.2805,45.689],[-112.2947,45.6721],[-112.3089,45.6552],[-112.3144,45.6275],[-112.3199,45.5997],[-112.3254,45.572],[-112.3309,45.5443],[-112.317,45.5364],[-112.3031,45.5286],[-112.2892,45.5208],[-112.2753,45.5129],[-112.2614,45.5051],[-112.2475,45.4973],[-112.2336,45.4894],[-112.2197,45.4816],[-112.2078,45.4674],[-112.196,45.4532],[-112.1841,45.4389],[-112.1723,45.4247],[-112.1604,45.4105],[-112.1486,45.3963],[-112.1367,45.382],[-112.1249,45.3678],[-112.1161,45.3459],[-112.1073,45.324],[-112.0808,45.3242],[-112.0542,45.3243],[-112.0277,45.3245],[-112.0011,45.3246],[-111.9874,45.3196],[-111.9736,45.3146],[-111.9599,45.3095],[-111.9461,45.3045],[-111.9323,45.2995],[-111.9186,45.2944],[-111.9048,45.2894],[-111.8911,45.2844],[-111.8789,45.2936],[-111.8667,45.3029],[-111.8545,45.3122],[-111.8423,45.3215],[-111.8224,45.3212],[-111.8025,45.3209],[-111.7826,45.3206],[-111.7627,45.3203],[-111.7476,45.3353],[-111.7326,45.3504],[-111.7315,45.4444],[-111.723,45.4567],[-111.7145,45.4689],[-111.706,45.4811],[-111.6975,45.4934],[-111.694,45.5319],[-111.6905,45.5704],[-111.702,45.5857],[-111.7135,45.601],[-111.7251,45.6163],[-111.7366,45.6317],[-111.7482,45.647],[-111.7597,45.6623],[-111.7713,45.6776],[-111.7829,45.6929],[-111.7889,45.7145],[-111.795,45.7361],[-111.809,45.741],[-111.823,45.7459],[-111.8371,45.7508],[-111.8511,45.7556],[-111.8651,45.7605],[-111.8791,45.7654],[-111.8932,45.7703],[-111.9072,45.7751],[-111.9131,45.7869],[-111.919,45.7988],[-111.925,45.8106],[-111.9309,45.8224],[-111.9368,45.8342],[-111.9427,45.8461],[-111.9487,45.8579],[-111.9546,45.8697],[-111.9785,45.8732]]]},"properties":{"OBJECTID":961,"state":"Montana","agency":"Montana Fish Wildlife and Parks","unit_type":"HD","unit_id":"320","unit_name":"Tobacco Root","unit_label":"Montana HD 320 - Tobacco Root","aliases":"2025 | 320 | 320 tobacco root | hd | hd 320 | hd 320 tobacco root | montana | montana 320 | montana 320 tobacco root | montana fish wildlife and parks | montana fish wildlife and parks 320 | montana hd 320 | montana hd 320 tobacco root | tobacco root","year":"2025","Shape_Length":185390.08973093907,"Shape_Area":2160619091.7665725}},{"type":"Feature","id":962,"geometry":{"type":"Polygon","coordinates":[[[-112.2548,45.0587],[-112.2701,45.0472],[-112.2854,45.0357],[-112.3007,45.0242],[-112.3159,45.0127],[-112.3376,45.015],[-112.3594,45.0173],[-112.3811,45.0197],[-112.4028,45.022],[-112.413,45.0124],[-112.4233,45.0027],[-112.4335,44.9931],[-112.4437,44.9835],[-112.4695,44.9745],[-112.4952,44.9654],[-112.521,44.9564],[-112.5468,44.9474],[-112.5513,44.9325],[-112.5558,44.9175],[-112.5604,44.9026],[-112.5649,44.8876],[-112.5598,44.8664],[-112.5546,44.8451],[-112.5495,44.8239],[-112.5444,44.8026],[-112.5501,44.7878],[-112.5557,44.7731],[-112.5614,44.7583],[-112.567,44.7435],[-112.584,44.7413],[-112.6011,44.739],[-112.6181,44.7368],[-112.6352,44.7345],[-112.6522,44.7322],[-112.6692,44.73],[-112.6863,44.7277],[-112.7033,44.7255],[-112.6943,44.7165],[-112.6852,44.7076],[-112.6707,44.6966],[-112.6561,44.6856],[-112.6415,44.6746],[-112.6269,44.6636],[-112.6124,44.6526],[-112.5978,44.6416],[-112.5832,44.6307],[-112.5687,44.6197],[-112.5528,44.6185],[-112.5369,44.6173],[-112.521,44.6161],[-112.5052,44.6149],[-112.4806,44.6076],[-112.4561,44.6002],[-112.4316,44.5929],[-112.407,44.5855],[-112.3825,44.5781],[-112.358,44.5707],[-112.3335,44.5633],[-112.309,44.556],[-112.307,44.5579],[-112.2981,44.5591],[-112.2973,44.5602],[-112.2738,44.5641],[-112.2502,44.568],[-112.2501,44.5681],[-112.2473,44.5686],[-112.2473,44.5686],[-112.2456,44.5684],[-112.2452,44.5683],[-112.2418,44.5677],[-112.2418,44.5677],[-112.2357,44.5652],[-112.2348,44.565],[-112.2322,44.5645],[-112.2298,44.5643],[-112.2291,44.5641],[-112.2291,44.5638],[-112.2293,44.5636],[-112.2296,44.5634],[-112.2302,44.5625],[-112.2302,44.562],[-112.2309,44.5598],[-112.2279,44.5577],[-112.2277,44.5576],[-112.2279,44.5542],[-112.2287,44.5534],[-112.2289,44.5532],[-112.2289,44.5531],[-112.2292,44.552],[-112.219,44.5431],[-112.2108,44.5407],[-112.21,44.5405],[-112.2094,44.5404],[-112.1977,44.5381],[-112.1956,44.5376],[-112.1795,44.5332],[-112.1769,44.5356],[-112.1763,44.5359],[-112.1763,44.5359],[-112.1723,44.5374],[-112.1723,44.5374],[-112.1649,44.5415],[-112.163,44.5411],[-112.1524,44.5386],[-112.1517,44.5384],[-112.1479,44.5373],[-112.1472,44.5381],[-112.1429,44.5398],[-112.1392,44.5393],[-112.1366,44.5399],[-112.1336,44.5376],[-112.133,44.5378],[-112.1324,44.5379],[-112.1314,44.5378],[-112.1302,44.537],[-112.1296,44.5365],[-112.1292,44.5357],[-112.1289,44.534],[-112.1277,44.5327],[-112.1268,44.5306],[-112.127,44.5293],[-112.1269,44.529],[-112.1254,44.5287],[-112.1249,44.5284],[-112.1185,44.5262],[-112.1136,44.525],[-112.1098,44.5243],[-112.1081,44.5231],[-112.1074,44.5223],[-112.107,44.5213],[-112.1069,44.5212],[-112.1063,44.5208],[-112.1055,44.5208],[-112.1013,44.521],[-112.0996,44.5217],[-112.0976,44.5226],[-112.0962,44.5241],[-112.0947,44.5286],[-112.0946,44.5287],[-112.0781,44.5337],[-112.0761,44.5334],[-112.076,44.5334],[-112.0731,44.535],[-112.0684,44.5369],[-112.0673,44.5364],[-112.0665,44.5362],[-112.0638,44.5361],[-112.0555,44.5366],[-112.0549,44.5363],[-112.0531,44.535],[-112.0517,44.5346],[-112.0449,44.533],[-112.0442,44.5325],[-112.0438,44.5323],[-112.0378,44.5324],[-112.0374,44.5315],[-112.0371,44.5306],[-112.0356,44.5293],[-112.0355,44.5292],[-112.0341,44.5284],[-112.0348,44.5405],[-112.0328,44.5465],[-112.0326,44.5467],[-112.032,44.5466],[-112.0278,44.546],[-112.0212,44.5441],[-112.0205,44.5437],[-112.0117,44.5433],[-112.0099,44.5426],[-112.0086,44.5421],[-112.0079,44.541],[-112.0039,44.5378],[-112.0034,44.5378],[-111.9977,44.5365],[-111.9938,44.5359],[-111.99,44.5371],[-111.9847,44.537],[-111.9845,44.5369],[-111.984,44.5368],[-111.9831,44.5367],[-111.9826,44.5368],[-111.9823,44.5367],[-111.9795,44.5359],[-111.979,44.5358],[-111.9674,44.5445],[-111.9673,44.5448],[-111.9608,44.5497],[-111.9607,44.5497],[-111.9514,44.55],[-111.9447,44.5566],[-111.939,44.557],[-111.9342,44.5579],[-111.9237,44.5574],[-111.9235,44.5575],[-111.922,44.5576],[-111.9219,44.5576],[-111.9203,44.5576],[-111.9188,44.557],[-111.9168,44.5562],[-111.9133,44.5562],[-111.8979,44.5588],[-111.8978,44.5588],[-111.8972,44.559],[-111.8959,44.5593],[-111.8948,44.5617],[-111.8947,44.5623],[-111.8894,44.5646],[-111.8876,44.5632],[-111.8743,44.5628],[-111.8732,44.563],[-111.8701,44.5644],[-111.8664,44.5629],[-111.865,44.5569],[-111.865,44.5565],[-111.8647,44.5538],[-111.8642,44.5521],[-111.8606,44.5501],[-111.86,44.5499],[-111.8589,44.5495],[-111.8568,44.5483],[-111.8563,44.5458],[-111.853,44.5433],[-111.8502,44.5407],[-111.8491,44.5393],[-111.8472,44.536],[-111.8467,44.535],[-111.8462,44.5342],[-111.8456,44.533],[-111.8439,44.5295],[-111.8392,44.5243],[-111.8352,44.5221],[-111.8332,44.521],[-111.833,44.5209],[-111.8327,44.5206],[-111.8307,44.5199],[-111.8313,44.5174],[-111.8291,44.515],[-111.8249,44.512],[-111.8236,44.5101],[-111.8223,44.5094],[-111.8153,44.5104],[-111.8102,44.5112],[-111.8081,44.5116],[-111.8087,44.5139],[-111.8075,44.5148],[-111.8065,44.5154],[-111.802,44.5256],[-111.7862,44.5237],[-111.785,44.5236],[-111.7817,44.5242],[-111.7741,44.5288],[-111.7684,44.5285],[-111.7682,44.5283],[-111.7661,44.5277],[-111.7619,44.5267],[-111.7615,44.5282],[-111.7506,44.5387],[-111.7487,44.5396],[-111.7476,44.5401],[-111.7446,44.5408],[-111.741,44.5414],[-111.7364,44.543],[-111.7357,44.543],[-111.7332,44.5423],[-111.7312,44.5426],[-111.7303,44.5429],[-111.7289,44.5432],[-111.717,44.5432],[-111.7159,44.5433],[-111.7154,44.5436],[-111.7142,44.5464],[-111.708,44.5517],[-111.7049,44.5587],[-111.7048,44.559],[-111.7038,44.56],[-111.6981,44.5583],[-111.6966,44.5579],[-111.6909,44.5562],[-111.6904,44.5561],[-111.6901,44.5562],[-111.6863,44.5592],[-111.6833,44.5615],[-111.6831,44.5615],[-111.6769,44.5578],[-111.6732,44.5568],[-111.6618,44.5543],[-111.6536,44.5546],[-111.6534,44.5547],[-111.644,44.554],[-111.6424,44.5534],[-111.6367,44.5526],[-111.6259,44.5517],[-111.6212,44.5507],[-111.6191,44.5507],[-111.6167,44.5501],[-111.6153,44.5492],[-111.612,44.5492],[-111.6061,44.5521],[-111.6046,44.5531],[-111.6016,44.5539],[-111.5927,44.5606],[-111.5916,44.5615],[-111.5757,44.5593],[-111.5741,44.5591],[-111.5645,44.5576],[-111.5642,44.5571],[-111.5629,44.5553],[-111.5594,44.5548],[-111.5587,44.5547],[-111.5527,44.5558],[-111.548,44.5572],[-111.5469,44.557],[-111.5373,44.5508],[-111.5359,44.5504],[-111.5346,44.5502],[-111.5326,44.55],[-111.5171,44.5399],[-111.517,44.5397],[-111.5154,44.537],[-111.5138,44.5362],[-111.5115,44.5359],[-111.5001,44.5415],[-111.4989,44.5419],[-111.4976,44.5419],[-111.4966,44.5411],[-111.4946,44.5407],[-111.4938,44.5406],[-111.4858,44.5415],[-111.4845,44.5409],[-111.4829,44.5413],[-111.4827,44.5413],[-111.4797,44.542],[-111.4791,44.5416],[-111.4779,44.5416],[-111.4778,44.5416],[-111.4772,44.5415],[-111.4757,44.5408],[-111.4701,44.5402],[-111.469,44.5392],[-111.4676,44.5402],[-111.4671,44.5404],[-111.4642,44.5419],[-111.466,44.5433],[-111.4678,44.5483],[-111.4679,44.5488],[-111.4685,44.5515],[-111.469,44.5518],[-111.4691,44.5519],[-111.4692,44.552],[-111.4695,44.5574],[-111.474,44.5568],[-111.4752,44.5563],[-111.4761,44.5544],[-111.4785,44.5533],[-111.479,44.5535],[-111.4807,44.5556],[-111.4834,44.5565],[-111.4845,44.557],[-111.4863,44.5576],[-111.489,44.5594],[-111.4917,44.5605],[-111.4933,44.5608],[-111.4973,44.561],[-111.4987,44.5608],[-111.4999,44.5611],[-111.5046,44.5618],[-111.5053,44.5619],[-111.5084,44.5627],[-111.51,44.5652],[-111.51,44.5654],[-111.5059,44.5688],[-111.5057,44.5689],[-111.5057,44.5689],[-111.505,44.5687],[-111.5019,44.5702],[-111.5013,44.5708],[-111.5021,44.5731],[-111.5051,44.5752],[-111.5082,44.5769],[-111.5086,44.5771],[-111.5175,44.5819],[-111.5181,44.5822],[-111.5192,44.5837],[-111.5192,44.5843],[-111.5198,44.5891],[-111.5233,44.5937],[-111.5237,44.5945],[-111.5239,44.5948],[-111.5245,44.5967],[-111.5246,44.5974],[-111.5245,44.5979],[-111.5236,44.5988],[-111.5195,44.602],[-111.5197,44.6024],[-111.5243,44.6041],[-111.5257,44.6047],[-111.5219,44.6093],[-111.5202,44.6117],[-111.5201,44.6123],[-111.5199,44.6157],[-111.5114,44.6227],[-111.5079,44.625],[-111.5046,44.6303],[-111.5065,44.6318],[-111.5074,44.6324],[-111.5101,44.6353],[-111.5166,44.6408],[-111.5166,44.6408],[-111.5162,44.6436],[-111.5129,44.6442],[-111.5095,44.6448],[-111.5077,44.6452],[-111.4959,44.6443],[-111.4903,44.6422],[-111.491,44.6493],[-111.4909,44.6494],[-111.4903,44.6497],[-111.4893,44.65],[-111.4888,44.6503],[-111.4885,44.6507],[-111.4881,44.6518],[-111.488,44.6522],[-111.4866,44.6544],[-111.4854,44.6547],[-111.4852,44.6547],[-111.4833,44.6553],[-111.4816,44.6567],[-111.4808,44.6573],[-111.4803,44.6582],[-111.4795,44.6585],[-111.4784,44.6596],[-111.4782,44.6597],[-111.4785,44.6621],[-111.4735,44.665],[-111.4764,44.6738],[-111.4761,44.6739],[-111.4761,44.6739],[-111.4744,44.6741],[-111.4742,44.6743],[-111.4716,44.675],[-111.4713,44.6756],[-111.471,44.6762],[-111.4707,44.6767],[-111.4687,44.6787],[-111.4746,44.6813],[-111.4753,44.6812],[-111.4784,44.6831],[-111.4783,44.6833],[-111.4893,44.7049],[-111.4692,44.7111],[-111.4692,44.7111],[-111.473,44.7399],[-111.4769,44.7687],[-111.4807,44.7975],[-111.4846,44.8263],[-111.4984,44.8305],[-111.5122,44.8346],[-111.526,44.8387],[-111.5399,44.8428],[-111.5547,44.8605],[-111.5696,44.8781],[-111.5845,44.8958],[-111.5994,44.9134],[-111.6143,44.9311],[-111.6292,44.9487],[-111.6442,44.9663],[-111.6591,44.984],[-111.664,44.9982],[-111.6689,45.0125],[-111.6739,45.0267],[-111.6788,45.041],[-111.6745,45.0589],[-111.6703,45.0768],[-111.666,45.0947],[-111.6617,45.1126],[-111.6726,45.125],[-111.6835,45.1374],[-111.6943,45.1497],[-111.7052,45.1621],[-111.7161,45.1744],[-111.7269,45.1868],[-111.7378,45.1991],[-111.7487,45.2115],[-111.7447,45.2462],[-111.7406,45.2809],[-111.7366,45.3156],[-111.7326,45.3504],[-111.7476,45.3353],[-111.7627,45.3203],[-111.7826,45.3206],[-111.8025,45.3209],[-111.8224,45.3212],[-111.8423,45.3215],[-111.8545,45.3122],[-111.8667,45.3029],[-111.8789,45.2936],[-111.8911,45.2844],[-111.9048,45.2894],[-111.9186,45.2944],[-111.9323,45.2995],[-111.9461,45.3045],[-111.9599,45.3095],[-111.9736,45.3146],[-111.9874,45.3196],[-112.0011,45.3246],[-112.0277,45.3245],[-112.0542,45.3243],[-112.0808,45.3242],[-112.1073,45.324],[-112.0981,45.2962],[-112.0888,45.2684],[-112.0947,45.2566],[-112.1006,45.2449],[-112.1065,45.2331],[-112.1123,45.2214],[-112.1182,45.2096],[-112.1241,45.1979],[-112.13,45.1861],[-112.1358,45.1744],[-112.1507,45.1599],[-112.1656,45.1455],[-112.1805,45.131],[-112.1954,45.1166],[-112.2102,45.1021],[-112.2251,45.0876],[-112.24,45.0732],[-112.2548,45.0587]]]},"properties":{"OBJECTID":962,"state":"Montana","agency":"Montana Fish Wildlife and Parks","unit_type":"HD","unit_id":"323","unit_name":"Gravelly","unit_label":"Montana HD 323 - Gravelly","aliases":"2025 | 323 | 323 gravelly | gravelly | hd | hd 323 | hd 323 gravelly | montana | montana 323 | montana 323 gravelly | montana fish wildlife and parks | montana fish wildlife and parks 323 | montana hd 323 | montana hd 323 gravelly","year":"2025","Shape_Length":362760.9776311407,"Shape_Area":5364481636.538877}},{"type":"Feature","id":963,"geometry":{"type":"Polygon","coordinates":[[[-110.0649,47.0549],[-110.0847,47.0605],[-110.1045,47.066],[-110.1243,47.0716],[-110.1442,47.0771],[-110.1496,47.0571],[-110.155,47.0372],[-110.1604,47.0172],[-110.1658,46.9972],[-110.1474,46.99],[-110.129,46.9827],[-110.1107,46.9754],[-110.0923,46.9681],[-110.11,46.9599],[-110.1276,46.9516],[-110.1453,46.9433],[-110.163,46.935],[-110.1806,46.9267],[-110.1983,46.9184],[-110.216,46.9101],[-110.2336,46.9018],[-110.2433,46.8886],[-110.2531,46.8753],[-110.2628,46.8621],[-110.2725,46.8488],[-110.2801,46.831],[-110.2876,46.8131],[-110.2952,46.7952],[-110.3028,46.7773],[-110.2958,46.7606],[-110.2889,46.7439],[-110.282,46.7271],[-110.275,46.7104],[-110.2456,46.7119],[-110.2162,46.7134],[-110.1869,46.7149],[-110.1575,46.7163],[-110.1312,46.7247],[-110.1049,46.733],[-110.0785,46.7413],[-110.0522,46.7496],[-110.0315,46.7504],[-110.0107,46.7512],[-109.9899,46.7521],[-109.9692,46.7529],[-109.9504,46.7454],[-109.9317,46.738],[-109.9129,46.7306],[-109.8941,46.7231],[-109.8754,46.7157],[-109.8566,46.7082],[-109.8379,46.7008],[-109.8192,46.6933],[-109.7963,46.6935],[-109.7735,46.6937],[-109.7649,46.6938],[-109.7457,46.6939],[-109.7485,46.7226],[-109.7512,46.7514],[-109.7549,46.7908],[-109.7586,46.8303],[-109.7623,46.8697],[-109.766,46.9092],[-109.7609,46.9276],[-109.7557,46.9461],[-109.7505,46.9646],[-109.7453,46.983],[-109.7753,46.9881],[-109.8053,46.9931],[-109.8353,46.9982],[-109.8653,47.0033],[-109.878,47.0162],[-109.8908,47.0292],[-109.9035,47.0422],[-109.9163,47.0552],[-109.9349,47.0551],[-109.9535,47.0551],[-109.972,47.0551],[-109.9906,47.0551],[-110.0092,47.055],[-110.0278,47.055],[-110.0464,47.055],[-110.0649,47.0549]]]},"properties":{"OBJECTID":963,"state":"Montana","agency":"Montana Fish Wildlife and Parks","unit_type":"HD","unit_id":"418","unit_name":"Northeast Little Belts","unit_label":"Montana HD 418 - Northeast Little Belts","aliases":"2025 | 418 | 418 northeast little belts | hd | hd 418 | hd 418 northeast little belts | montana | montana 418 | montana 418 northeast little belts | montana fish wildlife and parks | montana fish wildlife and parks 418 | montana hd 418 | montana hd 418 n","year":"2025","Shape_Length":160749.13439495576,"Shape_Area":1247149856.0593708}},{"type":"Feature","id":964,"geometry":{"type":"Polygon","coordinates":[[[-110.1623,47.4184],[-110.18,47.4136],[-110.1977,47.4087],[-110.2083,47.3976],[-110.2188,47.3864],[-110.2293,47.3752],[-110.2398,47.364],[-110.2503,47.3528],[-110.2608,47.3416],[-110.2714,47.3304],[-110.2819,47.3192],[-110.3101,47.3157],[-110.3383,47.3123],[-110.3665,47.3088],[-110.3947,47.3053],[-110.4175,47.3074],[-110.4403,47.3095],[-110.4631,47.3116],[-110.4859,47.3137],[-110.4913,47.2853],[-110.4968,47.2569],[-110.4796,47.2465],[-110.4625,47.236],[-110.4454,47.2255],[-110.4282,47.215],[-110.4049,47.2078],[-110.3815,47.2005],[-110.3582,47.1933],[-110.3348,47.186],[-110.3115,47.1787],[-110.2882,47.1715],[-110.2648,47.1642],[-110.2415,47.1569],[-110.2293,47.1469],[-110.2172,47.137],[-110.205,47.127],[-110.1928,47.117],[-110.1806,47.107],[-110.1685,47.0971],[-110.1563,47.0871],[-110.1442,47.0771],[-110.1243,47.0716],[-110.1045,47.066],[-110.0847,47.0605],[-110.0649,47.0549],[-110.0464,47.055],[-110.0278,47.055],[-110.0092,47.055],[-109.9906,47.0551],[-109.972,47.0551],[-109.9535,47.0551],[-109.9349,47.0551],[-109.9163,47.0552],[-109.9035,47.0422],[-109.8908,47.0292],[-109.878,47.0162],[-109.8653,47.0033],[-109.8353,46.9982],[-109.8053,46.9931],[-109.7753,46.9881],[-109.7453,46.983],[-109.7139,46.9837],[-109.6826,46.9845],[-109.6658,46.9933],[-109.6491,47.0022],[-109.6324,47.0111],[-109.6157,47.02],[-109.599,47.0288],[-109.5822,47.0377],[-109.5655,47.0466],[-109.5487,47.0555],[-109.5331,47.0569],[-109.5175,47.0583],[-109.5019,47.0598],[-109.4863,47.0612],[-109.4707,47.0626],[-109.4551,47.0641],[-109.4395,47.0655],[-109.4239,47.0669],[-109.4396,47.0794],[-109.4554,47.0919],[-109.4711,47.1043],[-109.4868,47.1168],[-109.5093,47.1182],[-109.5318,47.1196],[-109.5543,47.121],[-109.5768,47.1224],[-109.5993,47.1238],[-109.6218,47.1252],[-109.6442,47.1266],[-109.6667,47.1279],[-109.6595,47.1482],[-109.6522,47.1684],[-109.6449,47.1886],[-109.6377,47.2088],[-109.6479,47.2169],[-109.6581,47.2249],[-109.6684,47.2329],[-109.6786,47.2409],[-109.6889,47.2489],[-109.6991,47.257],[-109.7094,47.265],[-109.7196,47.273],[-109.7426,47.2749],[-109.7657,47.2769],[-109.7887,47.2788],[-109.8117,47.2807],[-109.8344,47.2887],[-109.8572,47.2967],[-109.8799,47.3047],[-109.9026,47.3126],[-109.9253,47.3206],[-109.948,47.3286],[-109.9708,47.3365],[-109.9935,47.3445],[-110.0161,47.3481],[-110.0387,47.3518],[-110.0613,47.3554],[-110.0838,47.3591],[-110.1064,47.3627],[-110.129,47.3663],[-110.1516,47.3699],[-110.1742,47.3735],[-110.1682,47.396],[-110.1623,47.4184]]]},"properties":{"OBJECTID":964,"state":"Montana","agency":"Montana Fish Wildlife and Parks","unit_type":"HD","unit_id":"419","unit_name":"Golden Triangle","unit_label":"Montana HD 419 - Golden Triangle","aliases":"2025 | 419 | 419 golden triangle | golden triangle | hd | hd 419 | hd 419 golden triangle | montana | montana 419 | montana 419 golden triangle | montana fish wildlife and parks | montana fish wildlife and parks 419 | montana hd 419 | montana hd 419 gold","year":"2025","Shape_Length":213885.6478139623,"Shape_Area":1780620910.3709161}},{"type":"Feature","id":965,"geometry":{"type":"Polygon","coordinates":[[[-112.3118,47.018],[-112.3265,47.0327],[-112.3412,47.0473],[-112.3559,47.062],[-112.3706,47.0767],[-112.3938,47.0643],[-112.4171,47.0519],[-112.4403,47.0395],[-112.4635,47.0271],[-112.4867,47.0147],[-112.5099,47.0023],[-112.5331,46.9898],[-112.5563,46.9774],[-112.5704,46.9733],[-112.5844,46.9691],[-112.5984,46.965],[-112.6124,46.9609],[-112.6265,46.9567],[-112.6405,46.9526],[-112.6545,46.9484],[-112.6685,46.9443],[-112.6897,46.9434],[-112.7109,46.9425],[-112.7321,46.9416],[-112.7533,46.9407],[-112.7784,46.938],[-112.8036,46.9353],[-112.8288,46.9326],[-112.854,46.9299],[-112.8588,46.9044],[-112.8636,46.8789],[-112.8684,46.8533],[-112.8732,46.8278],[-112.8587,46.8221],[-112.8442,46.8164],[-112.8298,46.8106],[-112.8153,46.8049],[-112.7887,46.7954],[-112.7622,46.7859],[-112.7357,46.7764],[-112.7091,46.7669],[-112.7018,46.7562],[-112.6945,46.7455],[-112.6871,46.7348],[-112.6798,46.7242],[-112.6724,46.7135],[-112.6651,46.7028],[-112.6578,46.6921],[-112.6504,46.6815],[-112.6431,46.6708],[-112.6358,46.6601],[-112.6285,46.6494],[-112.6211,46.6387],[-112.6138,46.6281],[-112.6065,46.6174],[-112.5992,46.6067],[-112.5919,46.596],[-112.5693,46.5911],[-112.5467,46.5862],[-112.5241,46.5813],[-112.5015,46.5763],[-112.4789,46.5714],[-112.4564,46.5665],[-112.4338,46.5616],[-112.4112,46.5566],[-112.3857,46.5578],[-112.3601,46.5591],[-112.3345,46.5603],[-112.309,46.5615],[-112.309,46.5616],[-112.3011,46.5833],[-112.2933,46.605],[-112.3026,46.6221],[-112.3119,46.6393],[-112.3212,46.6564],[-112.3305,46.6735],[-112.3231,46.6918],[-112.3157,46.7102],[-112.3406,46.7136],[-112.3655,46.7171],[-112.3904,46.7206],[-112.4153,46.7241],[-112.4402,46.7275],[-112.4651,46.731],[-112.49,46.7344],[-112.5149,46.7379],[-112.517,46.7853],[-112.5191,46.8327],[-112.5055,46.8387],[-112.4918,46.8448],[-112.4781,46.8508],[-112.4644,46.8568],[-112.4719,46.8713],[-112.4794,46.8857],[-112.487,46.9002],[-112.4945,46.9146],[-112.481,46.9258],[-112.4675,46.9371],[-112.4539,46.9483],[-112.4404,46.9595],[-112.4197,46.9634],[-112.3991,46.9673],[-112.3784,46.9712],[-112.3577,46.9751],[-112.3463,46.9858],[-112.3348,46.9965],[-112.3233,47.0073],[-112.3118,47.018]]]},"properties":{"OBJECTID":965,"state":"Montana","agency":"Montana Fish Wildlife and Parks","unit_type":"HD","unit_id":"293","unit_name":"Granite Butte","unit_label":"Montana HD 293 - Granite Butte","aliases":"2025 | 293 | 293 granite butte | granite butte | hd | hd 293 | hd 293 granite butte | montana | montana 293 | montana 293 granite butte | montana fish wildlife and parks | montana fish wildlife and parks 293 | montana hd 293 | montana hd 293 granite butt","year":"2025","Shape_Length":192608.15422159195,"Shape_Area":1147080333.4135711}},{"type":"Feature","id":966,"geometry":{"type":"Polygon","coordinates":[[[-112.8153,46.8049],[-112.8298,46.8106],[-112.8442,46.8164],[-112.8587,46.8221],[-112.8732,46.8278],[-112.8684,46.8533],[-112.8636,46.8789],[-112.8588,46.9044],[-112.854,46.9299],[-112.8773,46.933],[-112.9006,46.9361],[-112.924,46.9392],[-112.9473,46.9423],[-112.9407,46.9129],[-112.934,46.8835],[-112.9523,46.8778],[-112.9706,46.8721],[-112.9889,46.8664],[-113.0072,46.8607],[-113.0275,46.8699],[-113.0478,46.8791],[-113.0586,46.8974],[-113.0693,46.9157],[-113.0801,46.934],[-113.0909,46.9523],[-113.1016,46.9707],[-113.1124,46.989],[-113.1232,47.0073],[-113.134,47.0256],[-113.134,47.0257],[-113.1598,47.027],[-113.1856,47.0283],[-113.2114,47.0297],[-113.2372,47.031],[-113.2246,47.0228],[-113.2119,47.0146],[-113.1993,47.0064],[-113.1867,46.9982],[-113.1741,46.99],[-113.1615,46.9819],[-113.1488,46.9737],[-113.1362,46.9655],[-113.1562,46.9568],[-113.1762,46.948],[-113.1765,46.8899],[-113.1555,46.8898],[-113.1344,46.8898],[-113.1134,46.8898],[-113.0923,46.8897],[-113.0871,46.8609],[-113.0985,46.8536],[-113.1098,46.8464],[-113.1212,46.8392],[-113.1326,46.8319],[-113.1439,46.8247],[-113.1553,46.8175],[-113.1666,46.8102],[-113.178,46.803],[-113.1939,46.803],[-113.2098,46.803],[-113.2257,46.803],[-113.2417,46.8031],[-113.2257,46.785],[-113.2096,46.7669],[-113.1937,46.7489],[-113.1777,46.7308],[-113.1552,46.7285],[-113.1328,46.7262],[-113.1103,46.7239],[-113.0879,46.7216],[-113.0781,46.7457],[-113.0683,46.7698],[-113.0585,46.7939],[-113.0487,46.818],[-113.0214,46.8251],[-112.9942,46.8322],[-112.9796,46.821],[-112.9649,46.8098],[-112.9504,46.7986],[-112.9358,46.7874],[-112.9056,46.7918],[-112.8755,46.7962],[-112.8454,46.8005],[-112.8153,46.8049]]]},"properties":{"OBJECTID":966,"state":"Montana","agency":"Montana Fish Wildlife and Parks","unit_type":"HD","unit_id":"298","unit_name":"Garnet","unit_label":"Montana HD 298 - Garnet","aliases":"2025 | 298 | 298 garnet | garnet | hd | hd 298 | hd 298 garnet | montana | montana 298 | montana 298 garnet | montana fish wildlife and parks | montana fish wildlife and parks 298 | montana hd 298 | montana hd 298 garnet","year":"2025","Shape_Length":158303.08046957108,"Shape_Area":384178089.9632144}},{"type":"Feature","id":967,"geometry":{"type":"Polygon","coordinates":[[[-112.5563,46.9774],[-112.5728,46.9769],[-112.5892,46.9765],[-112.6056,46.976],[-112.622,46.9755],[-112.6385,46.975],[-112.6549,46.9745],[-112.6713,46.974],[-112.6877,46.9735],[-112.7041,46.9653],[-112.7205,46.9571],[-112.7369,46.9489],[-112.7533,46.9407],[-112.7321,46.9416],[-112.7109,46.9425],[-112.6897,46.9434],[-112.6685,46.9443],[-112.6545,46.9484],[-112.6405,46.9526],[-112.6265,46.9567],[-112.6124,46.9609],[-112.5984,46.965],[-112.5844,46.9691],[-112.5704,46.9733],[-112.5563,46.9774]]]},"properties":{"OBJECTID":967,"state":"Montana","agency":"Montana Fish Wildlife and Parks","unit_type":"HD","unit_id":"284","unit_name":"Granite Butte","unit_label":"Montana HD 284 - Granite Butte","aliases":"2025 | 284 | 284 granite butte | granite butte | hd | hd 284 | hd 284 granite butte | montana | montana 284 | montana 284 granite butte | montana fish wildlife and parks | montana fish wildlife and parks 284 | montana hd 284 | montana hd 284 granite butt","year":"2025","Shape_Length":32064.383053226848,"Shape_Area":27366000.586336184}},{"type":"Feature","id":968,"geometry":{"type":"Polygon","coordinates":[[[-111.7293,46.9713],[-111.7472,46.9738],[-111.7651,46.9764],[-111.783,46.979],[-111.8008,46.9816],[-111.8187,46.9841],[-111.8366,46.9867],[-111.8545,46.9892],[-111.8724,46.9918],[-111.8893,46.9827],[-111.9062,46.9737],[-111.9231,46.9646],[-111.94,46.9555],[-111.9306,46.9341],[-111.9212,46.9126],[-111.9118,46.8911],[-111.9024,46.8696],[-111.8872,46.8759],[-111.8719,46.8822],[-111.8567,46.8884],[-111.8414,46.8947],[-111.8214,46.8845],[-111.8015,46.8744],[-111.7797,46.8823],[-111.758,46.8903],[-111.7362,46.8983],[-111.7144,46.9063],[-111.7144,46.9082],[-111.7219,46.9397],[-111.7293,46.9713]]]},"properties":{"OBJECTID":968,"state":"Montana","agency":"Montana Fish Wildlife and Parks","unit_type":"HD","unit_id":"455","unit_name":"Devil's Kitchen","unit_label":"Montana HD 455 - Devil's Kitchen","aliases":"2025 | 455 | 455 devil s kitchen | devil s kitchen | hd | hd 455 | hd 455 devil s kitchen | montana | montana 455 | montana 455 devil s kitchen | montana fish wildlife and parks | montana fish wildlife and parks 455 | montana hd 455 | montana hd 455 devi","year":"2025","Shape_Length":51703.10677960137,"Shape_Area":163513286.35541505}},{"type":"Feature","id":969,"geometry":{"type":"Polygon","coordinates":[[[-111.2526,45.2648],[-111.2362,45.2597],[-111.2197,45.2547],[-111.2033,45.2496],[-111.1869,45.2446],[-111.1705,45.2395],[-111.1541,45.2344],[-111.1377,45.2294],[-111.1212,45.2243],[-111.1153,45.2374],[-111.1093,45.2505],[-111.1033,45.2636],[-111.0973,45.2767],[-111.0913,45.2898],[-111.0853,45.3029],[-111.0793,45.316],[-111.0733,45.3291],[-111.0569,45.3284],[-111.0404,45.3276],[-111.0229,45.3405],[-111.0053,45.3534],[-110.9878,45.3663],[-110.9703,45.3792],[-110.9527,45.3921],[-110.9352,45.4049],[-110.9176,45.4178],[-110.9001,45.4307],[-110.9042,45.4805],[-110.8914,45.4996],[-110.8785,45.5187],[-110.8657,45.5377],[-110.8529,45.5568],[-110.8488,45.5933],[-110.8447,45.6298],[-110.8653,45.6383],[-110.8858,45.6469],[-110.9153,45.6503],[-110.9447,45.6537],[-110.9404,45.6286],[-110.9609,45.6193],[-110.9814,45.61],[-111.0018,45.6008],[-111.0223,45.5915],[-111.0425,45.5986],[-111.0627,45.6056],[-111.0762,45.5956],[-111.0898,45.5855],[-111.1033,45.5755],[-111.1169,45.5654],[-111.1392,45.5719],[-111.1615,45.5783],[-111.1838,45.5847],[-111.2062,45.5911],[-111.2142,45.5798],[-111.2221,45.5685],[-111.2301,45.5572],[-111.2381,45.5459],[-111.2461,45.5346],[-111.2541,45.5233],[-111.2621,45.512],[-111.27,45.5007],[-111.2589,45.4772],[-111.2478,45.4537],[-111.2366,45.4302],[-111.2255,45.4066],[-111.2129,45.3998],[-111.2003,45.3929],[-111.1877,45.386],[-111.1752,45.3791],[-111.1746,45.3248],[-111.1941,45.3098],[-111.2136,45.2948],[-111.2331,45.2798],[-111.2526,45.2648]]]},"properties":{"OBJECTID":969,"state":"Montana","agency":"Montana Fish Wildlife and Parks","unit_type":"HD","unit_id":"301","unit_name":"Bozeman","unit_label":"Montana HD 301 - Bozeman","aliases":"2025 | 301 | 301 bozeman | bozeman | hd | hd 301 | hd 301 bozeman | montana | montana 301 | montana 301 bozeman | montana fish wildlife and parks | montana fish wildlife and parks 301 | montana hd 301 | montana hd 301 bozeman","year":"2025","Shape_Length":143344.43317016127,"Shape_Area":851563920.8250155}},{"type":"Feature","id":970,"geometry":{"type":"Polygon","coordinates":[[[-111.3016,46.9639],[-111.3271,46.9598],[-111.3526,46.9558],[-111.378,46.9517],[-111.4035,46.9476],[-111.4289,46.9435],[-111.4544,46.9394],[-111.4798,46.9353],[-111.5052,46.9312],[-111.5311,46.9215],[-111.5569,46.9118],[-111.5828,46.9021],[-111.6086,46.8923],[-111.6351,46.8963],[-111.6615,46.9003],[-111.688,46.9043],[-111.7144,46.9082],[-111.7144,46.9063],[-111.705,46.8871],[-111.6956,46.8679],[-111.6836,46.8604],[-111.6716,46.8529],[-111.6595,46.8453],[-111.6475,46.8378],[-111.6355,46.8303],[-111.6235,46.8228],[-111.6115,46.8152],[-111.5995,46.8077],[-111.5737,46.8034],[-111.5479,46.7991],[-111.522,46.7948],[-111.4962,46.7905],[-111.486,46.7782],[-111.4759,46.7659],[-111.4657,46.7536],[-111.4555,46.7413],[-111.4449,46.7177],[-111.4342,46.6941],[-111.4235,46.6705],[-111.4129,46.6469],[-111.3923,46.6436],[-111.3717,46.6402],[-111.3511,46.6369],[-111.3305,46.6336],[-111.3341,46.6116],[-111.3377,46.5897],[-111.3414,46.5678],[-111.345,46.5458],[-111.3229,46.5339],[-111.3009,46.522],[-111.2788,46.51],[-111.2568,46.4981],[-111.2495,46.4807],[-111.2423,46.4633],[-111.2351,46.446],[-111.2278,46.4286],[-111.2025,46.4318],[-111.1771,46.435],[-111.1517,46.4382],[-111.1264,46.4413],[-111.1106,46.4335],[-111.0949,46.4256],[-111.0791,46.4177],[-111.0634,46.4099],[-111.0663,46.3807],[-111.0692,46.3514],[-111.0488,46.36],[-111.0284,46.3687],[-111.0081,46.3773],[-110.9877,46.3859],[-110.9673,46.3945],[-110.9469,46.4031],[-110.9265,46.4117],[-110.9061,46.4204],[-110.9063,46.5489],[-110.9236,46.5545],[-110.9408,46.5602],[-110.9581,46.5659],[-110.9754,46.5716],[-110.9927,46.5772],[-111.01,46.5829],[-111.0273,46.5886],[-111.0446,46.5942],[-111.0593,46.6117],[-111.0739,46.6292],[-111.0886,46.6466],[-111.1033,46.6641],[-111.1259,46.6752],[-111.1484,46.6863],[-111.171,46.6975],[-111.1936,46.7086],[-111.1863,46.7217],[-111.179,46.7349],[-111.1718,46.748],[-111.1645,46.7611],[-111.1758,46.7825],[-111.1871,46.8039],[-111.1984,46.8253],[-111.2097,46.8467],[-111.2252,46.8525],[-111.2406,46.8584],[-111.256,46.8642],[-111.2715,46.8701],[-111.2771,46.8879],[-111.2827,46.9056],[-111.2883,46.9234],[-111.2939,46.9412],[-111.3016,46.9639]]]},"properties":{"OBJECTID":970,"state":"Montana","agency":"Montana Fish Wildlife and Parks","unit_type":"HD","unit_id":"446","unit_name":"East Big Belt","unit_label":"Montana HD 446 - East Big Belt","aliases":"2025 | 446 | 446 east big belt | east big belt | hd | hd 446 | hd 446 east big belt | montana | montana 446 | montana 446 east big belt | montana fish wildlife and parks | montana fish wildlife and parks 446 | montana hd 446 | montana hd 446 east big bel","year":"2025","Shape_Length":217150.4384527715,"Shape_Area":1533623442.7861485}},{"type":"Feature","id":971,"geometry":{"type":"Polygon","coordinates":[[[-104.0434,47.7258],[-104.0427,47.7866],[-104.0425,47.7973],[-104.0424,47.8045],[-104.0418,47.845],[-104.0417,47.8515],[-104.0417,47.8623],[-104.0503,47.8512],[-104.0589,47.84],[-104.0675,47.8289],[-104.0761,47.8178],[-104.0847,47.8067],[-104.0933,47.7955],[-104.1019,47.7844],[-104.1104,47.7733],[-104.119,47.7622],[-104.1276,47.7511],[-104.1362,47.7399],[-104.1447,47.7288],[-104.1533,47.7177],[-104.1619,47.7066],[-104.1704,47.6954],[-104.179,47.6843],[-104.2092,47.685],[-104.2394,47.6857],[-104.2696,47.6864],[-104.2998,47.687],[-104.33,47.6877],[-104.3602,47.6883],[-104.3904,47.689],[-104.4206,47.6896],[-104.443,47.6968],[-104.4653,47.704],[-104.4862,47.7027],[-104.507,47.7014],[-104.5279,47.7001],[-104.5487,47.6988],[-104.5696,47.6975],[-104.5905,47.6962],[-104.6113,47.6949],[-104.6322,47.6935],[-104.6526,47.6942],[-104.6731,47.6948],[-104.6936,47.6954],[-104.7141,47.6961],[-104.7346,47.6967],[-104.755,47.6973],[-104.7755,47.6979],[-104.796,47.6985],[-104.8165,47.6991],[-104.8369,47.6997],[-104.8574,47.7003],[-104.8779,47.7009],[-104.8984,47.7015],[-104.9189,47.7021],[-104.9394,47.7027],[-104.9598,47.7033],[-104.97,47.6947],[-104.9801,47.6861],[-104.9967,47.6786],[-105.0133,47.671],[-105.0299,47.6635],[-105.0465,47.656],[-105.0631,47.6484],[-105.0797,47.6409],[-105.0962,47.6333],[-105.1128,47.6258],[-105.1294,47.6182],[-105.1459,47.6107],[-105.1625,47.6031],[-105.1791,47.5955],[-105.1956,47.588],[-105.2122,47.5804],[-105.2287,47.5729],[-105.2452,47.5653],[-105.2618,47.5577],[-105.2783,47.5502],[-105.2948,47.5426],[-105.3114,47.535],[-105.3279,47.5274],[-105.3444,47.5199],[-105.3609,47.5123],[-105.3774,47.5047],[-105.3939,47.4971],[-105.4104,47.4896],[-105.4269,47.482],[-105.4434,47.4744],[-105.4599,47.4668],[-105.4764,47.4592],[-105.4929,47.4516],[-105.5094,47.444],[-105.5287,47.4382],[-105.548,47.4324],[-105.5673,47.4266],[-105.5867,47.4208],[-105.6029,47.4085],[-105.6191,47.3963],[-105.6353,47.384],[-105.6515,47.3717],[-105.6678,47.3594],[-105.684,47.3471],[-105.7001,47.3348],[-105.7163,47.3225],[-105.7414,47.317],[-105.7664,47.3115],[-105.7768,47.2968],[-105.7873,47.2821],[-105.7852,47.2286],[-105.783,47.1751],[-105.7681,47.1629],[-105.7532,47.1507],[-105.7383,47.1384],[-105.7235,47.1262],[-105.7086,47.114],[-105.6937,47.1017],[-105.6788,47.0895],[-105.664,47.0773],[-105.6491,47.065],[-105.6343,47.0528],[-105.6194,47.0406],[-105.6046,47.0283],[-105.5898,47.0161],[-105.5749,47.0038],[-105.5601,46.9916],[-105.5453,46.9794],[-105.5279,46.9681],[-105.5104,46.9567],[-105.493,46.9454],[-105.4756,46.9341],[-105.4581,46.9228],[-105.4407,46.9115],[-105.4233,46.9002],[-105.4059,46.8889],[-105.3882,46.8819],[-105.3705,46.875],[-105.3528,46.868],[-105.3351,46.8611],[-105.3271,46.8425],[-105.3191,46.8239],[-105.3111,46.8053],[-105.3031,46.7867],[-105.2845,46.7915],[-105.266,46.7963],[-105.2475,46.801],[-105.229,46.8058],[-105.2104,46.8106],[-105.1919,46.8153],[-105.1734,46.8201],[-105.1548,46.8248],[-105.1467,46.807],[-105.1385,46.7891],[-105.1304,46.7713],[-105.1222,46.7534],[-105.096,46.7459],[-105.0698,46.7384],[-105.0437,46.7309],[-105.0175,46.7233],[-105.005,46.7132],[-104.9925,46.703],[-104.98,46.6928],[-104.9674,46.6826],[-104.9549,46.6724],[-104.9424,46.6622],[-104.9299,46.652],[-104.9174,46.6419],[-104.9084,46.6242],[-104.8993,46.6065],[-104.8902,46.5889],[-104.8812,46.5712],[-104.8653,46.558],[-104.8495,46.5448],[-104.8337,46.5315],[-104.8179,46.5183],[-104.8021,46.5051],[-104.7864,46.4919],[-104.7706,46.4786],[-104.7548,46.4654],[-104.7583,46.4431],[-104.7618,46.4208],[-104.7457,46.4204],[-104.7296,46.42],[-104.7135,46.4197],[-104.6974,46.4193],[-104.6813,46.4189],[-104.6652,46.4186],[-104.6491,46.4182],[-104.633,46.4178],[-104.6169,46.4174],[-104.6009,46.4171],[-104.5848,46.4167],[-104.5687,46.4163],[-104.5526,46.4159],[-104.5365,46.4155],[-104.5204,46.4151],[-104.5043,46.4147],[-104.4912,46.409],[-104.4781,46.4033],[-104.4651,46.3976],[-104.452,46.3918],[-104.439,46.3861],[-104.4259,46.3804],[-104.4128,46.3746],[-104.3998,46.3689],[-104.3825,46.3679],[-104.3653,46.3669],[-104.3481,46.3659],[-104.3309,46.3649],[-104.3136,46.3639],[-104.2964,46.3629],[-104.2792,46.3619],[-104.2619,46.3609],[-104.2447,46.3599],[-104.2275,46.3589],[-104.2102,46.3578],[-104.193,46.3568],[-104.1758,46.3558],[-104.1586,46.3548],[-104.1413,46.3537],[-104.1241,46.3527],[-104.1045,46.342],[-104.085,46.3313],[-104.0654,46.3206],[-104.0458,46.3099],[-104.0455,46.7068],[-104.0455,46.7281],[-104.0455,46.729],[-104.0455,46.7304],[-104.0456,46.742],[-104.0456,46.743],[-104.0456,46.7776],[-104.0455,46.7877],[-104.0457,46.8001],[-104.0457,46.801],[-104.0457,46.8076],[-104.0458,46.8167],[-104.046,46.8331],[-104.046,46.8359],[-104.0459,46.8443],[-104.0459,46.8492],[-104.0458,46.8917],[-104.0456,46.9332],[-104.0456,46.9345],[-104.0456,46.9394],[-104.0456,46.9435],[-104.0456,46.9476],[-104.0455,46.9483],[-104.0456,46.9492],[-104.0456,46.9625],[-104.0455,46.9673],[-104.0454,46.9781],[-104.0455,46.9886],[-104.0455,46.9896],[-104.0454,47.0027],[-104.0449,47.1246],[-104.0449,47.1341],[-104.0449,47.3748],[-104.0449,47.3757],[-104.0444,47.494],[-104.0442,47.5031],[-104.0438,47.6298],[-104.0437,47.6491],[-104.0434,47.7258]]]},"properties":{"OBJECTID":971,"state":"Montana","agency":"Montana Fish Wildlife and Parks","unit_type":"HD","unit_id":"703","unit_name":"Prairie Badlands","unit_label":"Montana HD 703 - Prairie Badlands","aliases":"2025 | 703 | 703 prairie badlands | hd | hd 703 | hd 703 prairie badlands | montana | montana 703 | montana 703 prairie badlands | montana fish wildlife and parks | montana fish wildlife and parks 703 | montana hd 703 | montana hd 703 prairie badlands |","year":"2025","Shape_Length":530155.0054197742,"Shape_Area":14144837904.949104}},{"type":"Feature","id":972,"geometry":{"type":"Polygon","coordinates":[[[-115.4439,47.4662],[-115.467,47.4679],[-115.4901,47.4696],[-115.5132,47.4713],[-115.5364,47.4729],[-115.5595,47.4746],[-115.5826,47.4763],[-115.6057,47.478],[-115.6289,47.4796],[-115.6294,47.4791],[-115.6387,47.462],[-115.6391,47.4613],[-115.6413,47.4596],[-115.6437,47.4588],[-115.6465,47.4568],[-115.647,47.4566],[-115.6476,47.4565],[-115.6547,47.455],[-115.6563,47.4548],[-115.6569,47.4547],[-115.6571,47.4547],[-115.6595,47.4547],[-115.6616,47.454],[-115.6645,47.4541],[-115.6674,47.4543],[-115.6711,47.4546],[-115.6716,47.4545],[-115.672,47.4544],[-115.6745,47.4536],[-115.6818,47.4572],[-115.6854,47.4577],[-115.6878,47.4574],[-115.6943,47.4566],[-115.6954,47.4561],[-115.6792,47.4473],[-115.663,47.4385],[-115.6468,47.4296],[-115.6306,47.4208],[-115.6072,47.4202],[-115.5837,47.4196],[-115.5602,47.419],[-115.5368,47.4183],[-115.5139,47.4133],[-115.491,47.4082],[-115.4681,47.4031],[-115.4452,47.398],[-115.4224,47.3929],[-115.3995,47.3878],[-115.3766,47.3827],[-115.3538,47.3776],[-115.3386,47.3695],[-115.3234,47.3614],[-115.3082,47.3532],[-115.293,47.3451],[-115.2779,47.337],[-115.2627,47.3289],[-115.2475,47.3208],[-115.2324,47.3127],[-115.2147,47.3101],[-115.197,47.3075],[-115.1794,47.3049],[-115.1617,47.3023],[-115.1441,47.2997],[-115.1264,47.2971],[-115.1088,47.2944],[-115.0911,47.2918],[-115.0786,47.2983],[-115.0661,47.3048],[-115.0535,47.3113],[-115.041,47.3178],[-115.0284,47.3243],[-115.0159,47.3308],[-115.0034,47.3373],[-114.9908,47.3438],[-114.9733,47.3401],[-114.9559,47.3364],[-114.9384,47.3327],[-114.921,47.329],[-114.9035,47.3253],[-114.886,47.3215],[-114.8686,47.3178],[-114.8511,47.3141],[-114.8555,47.3306],[-114.8599,47.3472],[-114.8643,47.3637],[-114.8686,47.3803],[-114.8832,47.3722],[-114.8978,47.3641],[-114.914,47.3692],[-114.9302,47.3743],[-114.9465,47.3794],[-114.9627,47.3845],[-114.9789,47.3896],[-114.9952,47.3947],[-115.0114,47.3999],[-115.0277,47.405],[-115.0439,47.4101],[-115.0602,47.4152],[-115.0764,47.4203],[-115.0927,47.4254],[-115.109,47.4305],[-115.1252,47.4356],[-115.1415,47.4407],[-115.1577,47.4457],[-115.1733,47.4509],[-115.1889,47.456],[-115.2045,47.4612],[-115.2201,47.4663],[-115.2357,47.4715],[-115.2513,47.4766],[-115.2669,47.4818],[-115.2825,47.4869],[-115.3027,47.4843],[-115.3229,47.4817],[-115.3431,47.4792],[-115.3632,47.4766],[-115.3834,47.474],[-115.4036,47.4714],[-115.4237,47.4688],[-115.4439,47.4662]]]},"properties":{"OBJECTID":972,"state":"Montana","agency":"Montana Fish Wildlife and Parks","unit_type":"HD","unit_id":"200","unit_name":"Lower Clark Fork","unit_label":"Montana HD 200 - Lower Clark Fork","aliases":"200 | 200 lower clark fork | 2025 | hd | hd 200 | hd 200 lower clark fork | lower clark fork | montana | montana 200 | montana 200 lower clark fork | montana fish wildlife and parks | montana fish wildlife and parks 200 | montana hd 200 | montana hd 200","year":"2025","Shape_Length":147293.9136609878,"Shape_Area":606155207.797713}},{"type":"Feature","id":973,"geometry":{"type":"Polygon","coordinates":[[[-110.0718,46.4333],[-110.0864,46.4367],[-110.101,46.44],[-110.1157,46.4434],[-110.1303,46.4468],[-110.1449,46.4501],[-110.1596,46.4535],[-110.1742,46.4569],[-110.1888,46.4602],[-110.2035,46.4636],[-110.2181,46.4669],[-110.2328,46.4703],[-110.2474,46.4736],[-110.262,46.477],[-110.2767,46.4803],[-110.2913,46.4837],[-110.306,46.487],[-110.3126,46.4726],[-110.3192,46.4582],[-110.3446,46.4505],[-110.37,46.4428],[-110.3954,46.4351],[-110.4208,46.4274],[-110.4368,46.4256],[-110.4528,46.4238],[-110.4688,46.4219],[-110.4848,46.4201],[-110.5009,46.4183],[-110.5169,46.4164],[-110.5329,46.4146],[-110.5489,46.4128],[-110.5723,46.4018],[-110.5956,46.3909],[-110.619,46.3799],[-110.6423,46.3689],[-110.6715,46.3707],[-110.7006,46.3725],[-110.7146,46.3616],[-110.7286,46.3507],[-110.7426,46.3398],[-110.7566,46.3289],[-110.7804,46.3335],[-110.8043,46.3382],[-110.8041,46.274],[-110.7891,46.2782],[-110.7741,46.2824],[-110.7591,46.2866],[-110.7441,46.2908],[-110.7303,46.2776],[-110.7165,46.2644],[-110.7027,46.2512],[-110.689,46.238],[-110.6702,46.2357],[-110.6514,46.2333],[-110.6326,46.231],[-110.6139,46.2286],[-110.5911,46.2396],[-110.5683,46.2505],[-110.5455,46.2615],[-110.5228,46.2724],[-110.5097,46.2639],[-110.4966,46.2554],[-110.4836,46.2469],[-110.4705,46.2384],[-110.4575,46.2299],[-110.4444,46.2215],[-110.4314,46.213],[-110.4184,46.2045],[-110.3954,46.2154],[-110.3724,46.2263],[-110.3559,46.2172],[-110.3394,46.208],[-110.3229,46.1989],[-110.3064,46.1897],[-110.3198,46.1742],[-110.3333,46.1587],[-110.3467,46.1431],[-110.3601,46.1276],[-110.3735,46.112],[-110.3869,46.0965],[-110.4003,46.081],[-110.4136,46.0654],[-110.3991,46.059],[-110.3846,46.0525],[-110.3701,46.0461],[-110.3556,46.0396],[-110.3411,46.0331],[-110.3267,46.0267],[-110.3122,46.0202],[-110.2977,46.0138],[-110.2921,45.9871],[-110.2866,45.9604],[-110.2987,45.9442],[-110.3109,45.9279],[-110.3231,45.9116],[-110.3352,45.8953],[-110.3238,45.8791],[-110.3124,45.8628],[-110.301,45.8466],[-110.2896,45.8303],[-110.2754,45.8209],[-110.2611,45.8115],[-110.2469,45.8021],[-110.2327,45.7927],[-110.2185,45.7833],[-110.2043,45.774],[-110.1901,45.7646],[-110.1759,45.7552],[-110.1494,45.7628],[-110.1229,45.7704],[-110.0965,45.778],[-110.07,45.7857],[-110.0564,45.8017],[-110.0429,45.8177],[-110.0171,45.825],[-109.9914,45.8323],[-109.9656,45.8396],[-109.9399,45.8468],[-109.9513,45.8677],[-109.9627,45.8885],[-109.9742,45.9093],[-109.9856,45.9301],[-109.9793,45.9512],[-109.973,45.9723],[-109.9666,45.9934],[-109.9603,46.0145],[-109.954,46.0356],[-109.9476,46.0567],[-109.9413,46.0778],[-109.9349,46.0989],[-109.9274,46.113],[-109.9199,46.127],[-109.9124,46.141],[-109.9049,46.155],[-109.8997,46.203],[-109.8944,46.2511],[-109.8891,46.2991],[-109.8838,46.3472],[-109.8734,46.3695],[-109.8629,46.3918],[-109.8525,46.4141],[-109.842,46.4365],[-109.8649,46.4378],[-109.8877,46.4391],[-109.9105,46.4405],[-109.9334,46.4418],[-109.9562,46.4432],[-109.9791,46.4445],[-110.0019,46.4458],[-110.0248,46.4471],[-110.0483,46.4402],[-110.0718,46.4333]]]},"properties":{"OBJECTID":973,"state":"Montana","agency":"Montana Fish Wildlife and Parks","unit_type":"HD","unit_id":"580","unit_name":"Crazy Mountain","unit_label":"Montana HD 580 - Crazy Mountain","aliases":"2025 | 580 | 580 crazy mountain | crazy mountain | hd | hd 580 | hd 580 crazy mountain | montana | montana 580 | montana 580 crazy mountain | montana fish wildlife and parks | montana fish wildlife and parks 580 | montana hd 580 | montana hd 580 crazy mo","year":"2025","Shape_Length":288425.90401658113,"Shape_Area":2906450728.101054}},{"type":"Feature","id":974,"geometry":{"type":"Polygon","coordinates":[[[-108.021,47.0119],[-108.0416,47.012],[-108.0623,47.012],[-108.083,47.012],[-108.1037,47.012],[-108.1243,47.0121],[-108.145,47.0121],[-108.1657,47.0121],[-108.1864,47.0121],[-108.207,47.0121],[-108.2277,47.0121],[-108.2484,47.0121],[-108.2691,47.0121],[-108.2897,47.0121],[-108.3104,47.0121],[-108.3311,47.0121],[-108.3518,47.0121],[-108.3542,46.9835],[-108.3567,46.9549],[-108.3591,46.9262],[-108.3616,46.8976],[-108.3756,46.8828],[-108.3896,46.8679],[-108.4036,46.853],[-108.4176,46.8382],[-108.429,46.8318],[-108.4405,46.8254],[-108.4519,46.819],[-108.4634,46.8126],[-108.4748,46.8062],[-108.4863,46.7998],[-108.4977,46.7933],[-108.5091,46.7869],[-108.5206,46.7805],[-108.532,46.7741],[-108.5434,46.7677],[-108.5549,46.7613],[-108.5663,46.7549],[-108.5777,46.7485],[-108.5891,46.7421],[-108.6005,46.7356],[-108.604,46.7617],[-108.6075,46.7878],[-108.6316,46.7834],[-108.6558,46.7789],[-108.6799,46.7745],[-108.704,46.77],[-108.7306,46.776],[-108.7572,46.7821],[-108.7839,46.7881],[-108.8105,46.7941],[-108.822,46.8007],[-108.8334,46.8073],[-108.8449,46.8139],[-108.8564,46.8205],[-108.8679,46.8271],[-108.8794,46.8337],[-108.8908,46.8403],[-108.9023,46.8469],[-108.9266,46.8384],[-108.9509,46.8298],[-108.9751,46.8213],[-108.9994,46.8128],[-109.0173,46.8122],[-109.0352,46.8115],[-109.0531,46.8109],[-109.071,46.8103],[-109.0889,46.8096],[-109.1068,46.809],[-109.1247,46.8084],[-109.1425,46.8077],[-109.1545,46.7884],[-109.1664,46.7691],[-109.1783,46.7499],[-109.1902,46.7306],[-109.2131,46.7295],[-109.2361,46.7284],[-109.2591,46.7273],[-109.2821,46.7263],[-109.2946,46.7357],[-109.3072,46.7451],[-109.3198,46.7546],[-109.3324,46.764],[-109.3552,46.7642],[-109.378,46.7645],[-109.4008,46.7648],[-109.4236,46.765],[-109.4464,46.7653],[-109.4692,46.7655],[-109.492,46.7658],[-109.5148,46.766],[-109.5347,46.7733],[-109.5546,46.7806],[-109.5745,46.7879],[-109.5943,46.7952],[-109.6066,46.7865],[-109.6188,46.7779],[-109.6311,46.7693],[-109.6433,46.7607],[-109.6703,46.7583],[-109.6973,46.756],[-109.7243,46.7537],[-109.7512,46.7514],[-109.7485,46.7226],[-109.7457,46.6939],[-109.7508,46.6787],[-109.7559,46.6635],[-109.7609,46.6484],[-109.766,46.6332],[-109.7658,46.4734],[-109.778,46.4643],[-109.7903,46.4551],[-109.8025,46.446],[-109.8147,46.4369],[-109.794,46.4328],[-109.7733,46.4287],[-109.7526,46.4247],[-109.7319,46.4206],[-109.7172,46.415],[-109.7025,46.4095],[-109.6878,46.4039],[-109.6731,46.3984],[-109.6584,46.3928],[-109.6437,46.3873],[-109.6289,46.3817],[-109.6142,46.3762],[-109.5995,46.3706],[-109.5848,46.3651],[-109.5702,46.3595],[-109.5555,46.3539],[-109.5408,46.3484],[-109.5261,46.3428],[-109.5114,46.3372],[-109.4967,46.3317],[-109.4809,46.3295],[-109.4651,46.3273],[-109.4492,46.3252],[-109.4334,46.323],[-109.4176,46.3208],[-109.4018,46.3186],[-109.3859,46.3165],[-109.3701,46.3143],[-109.3543,46.3121],[-109.3385,46.3099],[-109.3227,46.3077],[-109.3069,46.3055],[-109.2911,46.3034],[-109.2752,46.3012],[-109.2594,46.299],[-109.2436,46.2968],[-109.2275,46.3023],[-109.2114,46.3078],[-109.1952,46.3133],[-109.1791,46.3187],[-109.1607,46.3142],[-109.1424,46.3097],[-109.124,46.3051],[-109.1057,46.3006],[-109.0847,46.3014],[-109.0638,46.3021],[-109.0428,46.3029],[-109.0219,46.3036],[-109.0009,46.3044],[-108.98,46.3051],[-108.9591,46.3059],[-108.9381,46.3066],[-108.9081,46.3064],[-108.8781,46.3062],[-108.8481,46.3059],[-108.8181,46.3057],[-108.8017,46.3102],[-108.7853,46.3147],[-108.7689,46.3192],[-108.7525,46.3237],[-108.7361,46.3282],[-108.7197,46.3327],[-108.7033,46.3372],[-108.6869,46.3416],[-108.6688,46.3549],[-108.6507,46.3682],[-108.6326,46.3815],[-108.6145,46.3948],[-108.5964,46.4081],[-108.5782,46.4214],[-108.5601,46.4347],[-108.542,46.448],[-108.5168,46.4522],[-108.4916,46.4564],[-108.4664,46.4607],[-108.4412,46.4649],[-108.416,46.4691],[-108.3908,46.4733],[-108.3656,46.4775],[-108.3404,46.4818],[-108.3152,46.486],[-108.29,46.4902],[-108.2648,46.4943],[-108.2396,46.4985],[-108.2144,46.5027],[-108.1892,46.5069],[-108.1639,46.5111],[-108.1387,46.5152],[-108.1249,46.521],[-108.111,46.5267],[-108.0972,46.5324],[-108.0833,46.5381],[-108.0695,46.5439],[-108.0556,46.5496],[-108.0418,46.5553],[-108.0279,46.561],[-108.0087,46.5652],[-107.9894,46.5694],[-107.9701,46.5736],[-107.9508,46.5778],[-107.9315,46.582],[-107.9122,46.5862],[-107.8929,46.5903],[-107.8736,46.5945],[-107.8606,46.6011],[-107.8477,46.6076],[-107.8348,46.6141],[-107.8218,46.6206],[-107.8146,46.6354],[-107.8074,46.6502],[-107.8002,46.665],[-107.793,46.6798],[-107.8002,46.6972],[-107.8075,46.7146],[-107.8148,46.7319],[-107.8221,46.7493],[-107.8294,46.7667],[-107.8367,46.784],[-107.844,46.8014],[-107.8513,46.8188],[-107.8626,46.828],[-107.8738,46.8372],[-107.8851,46.8465],[-107.8964,46.8557],[-107.9076,46.8649],[-107.9189,46.8741],[-107.9302,46.8834],[-107.9415,46.8926],[-107.9349,46.9053],[-107.9283,46.918],[-107.9218,46.9307],[-107.9152,46.9434],[-107.9086,46.9561],[-107.902,46.9688],[-107.8955,46.9816],[-107.8889,46.9943],[-107.9054,46.9965],[-107.9219,46.9987],[-107.9384,47.0009],[-107.9549,47.0031],[-107.9714,47.0053],[-107.9879,47.0075],[-108.0044,47.0097],[-108.021,47.0119]]]},"properties":{"OBJECTID":974,"state":"Montana","agency":"Montana Fish Wildlife and Parks","unit_type":"HD","unit_id":"535","unit_name":"Snowy","unit_label":"Montana HD 535 - Snowy","aliases":"2025 | 535 | 535 snowy | hd | hd 535 | hd 535 snowy | montana | montana 535 | montana 535 snowy | montana fish wildlife and parks | montana fish wildlife and parks 535 | montana hd 535 | montana hd 535 snowy | snowy","year":"2025","Shape_Length":430717.51528060134,"Shape_Area":7181474178.456026}},{"type":"Feature","id":975,"geometry":{"type":"Polygon","coordinates":[[[-112.5521,47.6523],[-112.5694,47.648],[-112.5867,47.6436],[-112.6041,47.6393],[-112.6214,47.6349],[-112.6388,47.6306],[-112.6561,47.6262],[-112.6734,47.6218],[-112.6908,47.6175],[-112.6819,47.5926],[-112.673,47.5677],[-112.6642,47.5428],[-112.6554,47.5178],[-112.6777,47.517],[-112.7001,47.5162],[-112.694,47.5002],[-112.6878,47.4841],[-112.6817,47.468],[-112.6756,47.4519],[-112.6579,47.4544],[-112.6403,47.4569],[-112.6227,47.4594],[-112.605,47.4619],[-112.5874,47.4643],[-112.5697,47.4668],[-112.5521,47.4693],[-112.5344,47.4718],[-112.5168,47.4742],[-112.4991,47.4767],[-112.4815,47.4792],[-112.4638,47.4816],[-112.4461,47.4841],[-112.4285,47.4865],[-112.4108,47.489],[-112.3932,47.4914],[-112.3861,47.5055],[-112.3791,47.5195],[-112.3721,47.5335],[-112.365,47.5476],[-112.3796,47.5616],[-112.3941,47.5756],[-112.4086,47.5896],[-112.4231,47.6035],[-112.4392,47.6096],[-112.4554,47.6157],[-112.4715,47.6218],[-112.4876,47.6279],[-112.5037,47.634],[-112.5198,47.6401],[-112.5359,47.6462],[-112.5521,47.6523]]]},"properties":{"OBJECTID":975,"state":"Montana","agency":"Montana Fish Wildlife and Parks","unit_type":"HD","unit_id":"425","unit_name":"Bob Marshall Wilderness Complex","unit_label":"Montana HD 425 - Bob Marshall Wilderness Complex","aliases":"2025 | 425 | 425 bob marshall wilderness complex | bob marshall wilderness complex | hd | hd 425 | hd 425 bob marshall wilderness complex | montana | montana 425 | montana 425 bob marshall wilderness complex | montana fish wildlife and parks | montana fi","year":"2025","Shape_Length":80393.75465557683,"Shape_Area":383141623.286472}},{"type":"Feature","id":976,"geometry":{"type":"Polygon","coordinates":[[[-112.8523,47.5253],[-112.8631,47.5419],[-112.8739,47.5585],[-112.8848,47.575],[-112.8956,47.5916],[-112.9037,47.5634],[-112.9117,47.5352],[-112.9198,47.507],[-112.9278,47.4788],[-112.9178,47.4608],[-112.9078,47.4428],[-112.8978,47.4247],[-112.8878,47.4067],[-112.8712,47.4026],[-112.8545,47.3984],[-112.8378,47.3943],[-112.8211,47.3902],[-112.8044,47.386],[-112.7877,47.3819],[-112.771,47.3777],[-112.7543,47.3736],[-112.7445,47.3834],[-112.7347,47.3932],[-112.7248,47.403],[-112.715,47.4128],[-112.7051,47.4226],[-112.6953,47.4324],[-112.6854,47.4421],[-112.6756,47.4519],[-112.6817,47.468],[-112.6878,47.4841],[-112.694,47.5002],[-112.7001,47.5162],[-112.7129,47.5096],[-112.7258,47.503],[-112.7386,47.4964],[-112.7514,47.4898],[-112.7766,47.4987],[-112.8018,47.5075],[-112.8271,47.5164],[-112.8523,47.5253]]]},"properties":{"OBJECTID":976,"state":"Montana","agency":"Montana Fish Wildlife and Parks","unit_type":"HD","unit_id":"424","unit_name":"Bob Marshall Wilderness Complex","unit_label":"Montana HD 424 - Bob Marshall Wilderness Complex","aliases":"2025 | 424 | 424 bob marshall wilderness complex | bob marshall wilderness complex | hd | hd 424 | hd 424 bob marshall wilderness complex | montana | montana 424 | montana 424 bob marshall wilderness complex | montana fish wildlife and parks | montana fi","year":"2025","Shape_Length":71359.25135132628,"Shape_Area":234852278.92091516}},{"type":"Feature","id":977,"geometry":{"type":"Polygon","coordinates":[[[-110.1232,48.0165],[-110.1471,48.0281],[-110.171,48.0396],[-110.1937,48.0337],[-110.2164,48.0277],[-110.239,48.0217],[-110.2617,48.0157],[-110.2844,48.0097],[-110.307,48.0037],[-110.3297,47.9977],[-110.3523,47.9917],[-110.3614,47.9813],[-110.3705,47.971],[-110.3796,47.9606],[-110.3886,47.9502],[-110.4152,47.9448],[-110.4417,47.9393],[-110.4682,47.9338],[-110.4947,47.9283],[-110.487,47.9175],[-110.4793,47.9068],[-110.4717,47.896],[-110.464,47.8852],[-110.4892,47.8766],[-110.5145,47.868],[-110.5397,47.8593],[-110.5649,47.8507],[-110.5901,47.8421],[-110.6153,47.8335],[-110.6405,47.8248],[-110.6656,47.8162],[-110.6636,47.8133],[-110.6456,47.8092],[-110.6276,47.8052],[-110.6096,47.8012],[-110.5916,47.7971],[-110.5736,47.7931],[-110.5557,47.7891],[-110.5377,47.785],[-110.5197,47.781],[-110.5105,47.7701],[-110.5013,47.7593],[-110.4922,47.7485],[-110.483,47.7376],[-110.4679,47.7329],[-110.4528,47.7281],[-110.4377,47.7234],[-110.4226,47.7186],[-110.4075,47.7139],[-110.3924,47.7092],[-110.3773,47.7044],[-110.3622,47.6996],[-110.3532,47.6913],[-110.3442,47.6829],[-110.3352,47.6745],[-110.3262,47.6661],[-110.3172,47.6577],[-110.3082,47.6494],[-110.2993,47.641],[-110.2903,47.6326],[-110.2813,47.6242],[-110.2723,47.6158],[-110.2634,47.6075],[-110.2544,47.5991],[-110.2454,47.5907],[-110.2365,47.5823],[-110.2275,47.5739],[-110.2185,47.5655],[-110.2102,47.5448],[-110.2018,47.5241],[-110.1889,47.5145],[-110.1761,47.5048],[-110.1633,47.4951],[-110.1505,47.4854],[-110.1376,47.4758],[-110.1248,47.4661],[-110.112,47.4564],[-110.0992,47.4467],[-110.115,47.4396],[-110.1307,47.4326],[-110.1465,47.4255],[-110.1623,47.4184],[-110.1458,47.4246],[-110.1293,47.4307],[-110.1128,47.4369],[-110.0963,47.443],[-110.08,47.4522],[-110.0636,47.4613],[-110.0473,47.4704],[-110.031,47.4795],[-110.0111,47.4852],[-109.9911,47.4908],[-109.9712,47.4965],[-109.9512,47.5021],[-109.9312,47.5077],[-109.9112,47.5134],[-109.8913,47.519],[-109.8713,47.5246],[-109.8662,47.5412],[-109.8611,47.5577],[-109.856,47.5743],[-109.8509,47.5908],[-109.8458,47.6074],[-109.8407,47.6239],[-109.8356,47.6405],[-109.8305,47.657],[-109.8316,47.7153],[-109.8464,47.7219],[-109.8612,47.7286],[-109.8759,47.7352],[-109.8907,47.7419],[-109.9055,47.7485],[-109.9203,47.7552],[-109.935,47.7618],[-109.9498,47.7685],[-109.9646,47.7751],[-109.9794,47.7818],[-109.9942,47.7884],[-110.009,47.795],[-110.0238,47.8017],[-110.0386,47.8083],[-110.0534,47.8149],[-110.0682,47.8216],[-110.0631,47.8726],[-110.0581,47.9236],[-110.0662,47.9352],[-110.0743,47.9468],[-110.0825,47.9585],[-110.0906,47.9701],[-110.0987,47.9817],[-110.1069,47.9933],[-110.115,48.0049],[-110.1232,48.0165]]]},"properties":{"OBJECTID":977,"state":"Montana","agency":"Montana Fish Wildlife and Parks","unit_type":"HD","unit_id":"471","unit_name":"Golden Triangle","unit_label":"Montana HD 471 - Golden Triangle","aliases":"2025 | 471 | 471 golden triangle | golden triangle | hd | hd 471 | hd 471 golden triangle | montana | montana 471 | montana 471 golden triangle | montana fish wildlife and parks | montana fish wildlife and parks 471 | montana hd 471 | montana hd 471 gold","year":"2025","Shape_Length":213336.74771773454,"Shape_Area":1937618927.232315}},{"type":"Feature","id":978,"geometry":{"type":"Polygon","coordinates":[[[-110.5197,47.781],[-110.5377,47.785],[-110.5557,47.7891],[-110.5736,47.7931],[-110.5916,47.7971],[-110.6096,47.8012],[-110.6276,47.8052],[-110.6456,47.8092],[-110.6636,47.8133],[-110.6735,47.7865],[-110.6834,47.7597],[-110.6933,47.7329],[-110.7031,47.7061],[-110.705,47.6574],[-110.7068,47.6087],[-110.7293,47.6015],[-110.7518,47.5944],[-110.7743,47.5872],[-110.7968,47.58],[-110.8193,47.5729],[-110.8418,47.5657],[-110.8643,47.5585],[-110.8867,47.5513],[-110.8731,47.5323],[-110.8594,47.5132],[-110.8742,47.4982],[-110.8889,47.4831],[-110.9037,47.4681],[-110.9184,47.453],[-110.9235,47.4184],[-110.9285,47.3837],[-110.9138,47.3681],[-110.8991,47.3524],[-110.8877,47.344],[-110.8762,47.3357],[-110.8648,47.3274],[-110.8534,47.319],[-110.842,47.3107],[-110.8306,47.3023],[-110.8191,47.294],[-110.8077,47.2856],[-110.7858,47.2801],[-110.7639,47.2746],[-110.742,47.269],[-110.7201,47.2635],[-110.6922,47.2627],[-110.6643,47.2619],[-110.6363,47.2611],[-110.6084,47.2602],[-110.5805,47.2594],[-110.5526,47.2586],[-110.5247,47.2578],[-110.4968,47.2569],[-110.4913,47.2853],[-110.4859,47.3137],[-110.4631,47.3116],[-110.4403,47.3095],[-110.4175,47.3074],[-110.3947,47.3053],[-110.3665,47.3088],[-110.3383,47.3123],[-110.3101,47.3157],[-110.2819,47.3192],[-110.2714,47.3304],[-110.2608,47.3416],[-110.2503,47.3528],[-110.2398,47.364],[-110.2293,47.3752],[-110.2188,47.3864],[-110.2083,47.3976],[-110.1977,47.4087],[-110.18,47.4136],[-110.1623,47.4184],[-110.1465,47.4255],[-110.1307,47.4326],[-110.115,47.4396],[-110.0992,47.4467],[-110.112,47.4564],[-110.1248,47.4661],[-110.1376,47.4758],[-110.1505,47.4854],[-110.1633,47.4951],[-110.1761,47.5048],[-110.1889,47.5145],[-110.2018,47.5241],[-110.2102,47.5448],[-110.2185,47.5655],[-110.2275,47.5739],[-110.2365,47.5823],[-110.2454,47.5907],[-110.2544,47.5991],[-110.2634,47.6075],[-110.2723,47.6158],[-110.2813,47.6242],[-110.2903,47.6326],[-110.2993,47.641],[-110.3082,47.6494],[-110.3172,47.6577],[-110.3262,47.6661],[-110.3352,47.6745],[-110.3442,47.6829],[-110.3532,47.6913],[-110.3622,47.6996],[-110.3773,47.7044],[-110.3924,47.7092],[-110.4075,47.7139],[-110.4226,47.7186],[-110.4377,47.7234],[-110.4528,47.7281],[-110.4679,47.7329],[-110.483,47.7376],[-110.4922,47.7485],[-110.5013,47.7593],[-110.5105,47.7701],[-110.5197,47.781]]]},"properties":{"OBJECTID":978,"state":"Montana","agency":"Montana Fish Wildlife and Parks","unit_type":"HD","unit_id":"447","unit_name":"Highwood","unit_label":"Montana HD 447 - Highwood","aliases":"2025 | 447 | 447 highwood | hd | hd 447 | hd 447 highwood | highwood | montana | montana 447 | montana 447 highwood | montana fish wildlife and parks | montana fish wildlife and parks 447 | montana hd 447 | montana hd 447 highwood","year":"2025","Shape_Length":200902.04065958515,"Shape_Area":2286414460.461374}},{"type":"Feature","id":979,"geometry":{"type":"Polygon","coordinates":[[[-104.5857,48.1071],[-104.5984,48.1243],[-104.6111,48.1415],[-104.6174,48.1279],[-104.6237,48.1142],[-104.648,48.1149],[-104.6724,48.1155],[-104.6967,48.1161],[-104.7211,48.1167],[-104.7454,48.1173],[-104.7697,48.1179],[-104.7941,48.1185],[-104.8184,48.1191],[-104.8373,48.127],[-104.8562,48.1348],[-104.875,48.1427],[-104.8939,48.1505],[-104.9072,48.1364],[-104.9205,48.1222],[-104.9338,48.1081],[-104.9471,48.0939],[-104.9724,48.084],[-104.9976,48.074],[-105.0228,48.0641],[-105.048,48.0541],[-105.0572,48.0659],[-105.0663,48.0777],[-105.0937,48.0789],[-105.1212,48.0802],[-105.1486,48.0815],[-105.176,48.0828],[-105.2034,48.084],[-105.2309,48.0853],[-105.2583,48.0865],[-105.2857,48.0878],[-105.3131,48.089],[-105.3406,48.0903],[-105.368,48.0915],[-105.3954,48.0927],[-105.4229,48.094],[-105.4503,48.0952],[-105.4777,48.0964],[-105.5052,48.0976],[-105.5232,48.0951],[-105.5413,48.0926],[-105.5593,48.09],[-105.5774,48.0875],[-105.5954,48.085],[-105.6135,48.0825],[-105.6315,48.0799],[-105.6496,48.0774],[-105.667,48.0662],[-105.6845,48.0549],[-105.7019,48.0436],[-105.7194,48.0323],[-105.7441,48.0288],[-105.7689,48.0253],[-105.7936,48.0218],[-105.8184,48.0182],[-105.8431,48.0147],[-105.8678,48.0111],[-105.8926,48.0076],[-105.9173,48.004],[-105.9422,48.0114],[-105.9671,48.0187],[-105.992,48.026],[-106.0169,48.0333],[-106.0416,48.0324],[-106.0662,48.0315],[-106.0909,48.0306],[-106.1156,48.0298],[-106.1402,48.0289],[-106.1649,48.028],[-106.1896,48.0271],[-106.2142,48.0262],[-106.2401,48.0336],[-106.2659,48.041],[-106.2918,48.0484],[-106.3176,48.0558],[-106.3361,48.058],[-106.3546,48.0603],[-106.373,48.0625],[-106.3915,48.0647],[-106.3974,48.0357],[-106.4033,48.0068],[-106.3774,48.0138],[-106.3515,48.0209],[-106.3406,48.0137],[-106.3296,48.0065],[-106.3187,47.9994],[-106.3078,47.9922],[-106.2969,47.985],[-106.286,47.9778],[-106.2751,47.9707],[-106.2642,47.9635],[-106.2533,47.9563],[-106.2424,47.9491],[-106.2316,47.9419],[-106.2207,47.9348],[-106.2098,47.9276],[-106.1989,47.9204],[-106.188,47.9132],[-106.1771,47.906],[-106.1685,47.887],[-106.1599,47.8679],[-106.1513,47.8489],[-106.1427,47.8298],[-106.1456,47.7517],[-106.1485,47.6736],[-106.1513,47.5954],[-106.1542,47.5174],[-106.1625,47.4892],[-106.1707,47.4611],[-106.1708,47.3256],[-106.1455,47.3247],[-106.1202,47.3239],[-106.0949,47.323],[-106.0697,47.3222],[-106.0444,47.3213],[-106.0191,47.3204],[-105.9938,47.3196],[-105.9686,47.3187],[-105.9433,47.3178],[-105.918,47.3169],[-105.8927,47.316],[-105.8675,47.3151],[-105.8422,47.3142],[-105.8169,47.3133],[-105.7917,47.3124],[-105.7664,47.3115],[-105.7414,47.317],[-105.7163,47.3225],[-105.7001,47.3348],[-105.684,47.3471],[-105.6678,47.3594],[-105.6515,47.3717],[-105.6353,47.384],[-105.6191,47.3963],[-105.6029,47.4085],[-105.5867,47.4208],[-105.5673,47.4266],[-105.548,47.4324],[-105.5287,47.4382],[-105.5094,47.444],[-105.4929,47.4516],[-105.4764,47.4592],[-105.4599,47.4668],[-105.4434,47.4744],[-105.4269,47.482],[-105.4104,47.4896],[-105.3939,47.4971],[-105.3774,47.5047],[-105.3609,47.5123],[-105.3444,47.5199],[-105.3279,47.5274],[-105.3114,47.535],[-105.2948,47.5426],[-105.2783,47.5502],[-105.2618,47.5577],[-105.2452,47.5653],[-105.2287,47.5729],[-105.2122,47.5804],[-105.1956,47.588],[-105.1791,47.5955],[-105.1625,47.6031],[-105.1459,47.6107],[-105.1294,47.6182],[-105.1128,47.6258],[-105.0962,47.6333],[-105.0797,47.6409],[-105.0631,47.6484],[-105.0465,47.656],[-105.0299,47.6635],[-105.0133,47.671],[-104.9967,47.6786],[-104.9801,47.6861],[-104.97,47.6947],[-104.9598,47.7033],[-104.9394,47.7027],[-104.9189,47.7021],[-104.8984,47.7015],[-104.8779,47.7009],[-104.8574,47.7003],[-104.8369,47.6997],[-104.8165,47.6991],[-104.796,47.6985],[-104.7755,47.6979],[-104.755,47.6973],[-104.7346,47.6967],[-104.7141,47.6961],[-104.6936,47.6954],[-104.6731,47.6948],[-104.6526,47.6942],[-104.6322,47.6935],[-104.6113,47.6949],[-104.5905,47.6962],[-104.5696,47.6975],[-104.5487,47.6988],[-104.5279,47.7001],[-104.507,47.7014],[-104.4862,47.7027],[-104.4653,47.704],[-104.443,47.6968],[-104.4206,47.6896],[-104.3904,47.689],[-104.3602,47.6883],[-104.33,47.6877],[-104.2998,47.687],[-104.2696,47.6864],[-104.2394,47.6857],[-104.2092,47.685],[-104.179,47.6843],[-104.1704,47.6954],[-104.1619,47.7066],[-104.1533,47.7177],[-104.1447,47.7288],[-104.1362,47.7399],[-104.1276,47.7511],[-104.119,47.7622],[-104.1104,47.7733],[-104.1019,47.7844],[-104.0933,47.7955],[-104.0847,47.8067],[-104.0761,47.8178],[-104.0675,47.8289],[-104.0589,47.84],[-104.0503,47.8512],[-104.0417,47.8623],[-104.0429,47.933],[-104.0429,47.9353],[-104.0441,47.9963],[-104.0619,48.0053],[-104.0797,48.0143],[-104.0974,48.0233],[-104.1152,48.0322],[-104.133,48.0412],[-104.1508,48.0502],[-104.1685,48.0592],[-104.1863,48.0681],[-104.1998,48.0586],[-104.2133,48.0491],[-104.2267,48.0395],[-104.2402,48.03],[-104.2653,48.038],[-104.2905,48.046],[-104.3156,48.054],[-104.3408,48.062],[-104.366,48.07],[-104.3912,48.078],[-104.4164,48.0859],[-104.4415,48.0939],[-104.4511,48.1068],[-104.4606,48.1198],[-104.4763,48.1182],[-104.4919,48.1166],[-104.5075,48.1151],[-104.5232,48.1135],[-104.5388,48.1119],[-104.5544,48.1103],[-104.57,48.1087],[-104.5857,48.1071]]]},"properties":{"OBJECTID":979,"state":"Montana","agency":"Montana Fish Wildlife and Parks","unit_type":"HD","unit_id":"650","unit_name":"Prairie Agriculture","unit_label":"Montana HD 650 - Prairie Agriculture","aliases":"2025 | 650 | 650 prairie agriculture | hd | hd 650 | hd 650 prairie agriculture | montana | montana 650 | montana 650 prairie agriculture | montana fish wildlife and parks | montana fish wildlife and parks 650 | montana hd 650 | montana hd 650 prairie ag","year":"2025","Shape_Length":496428.4735149865,"Shape_Area":9185081222.093122}},{"type":"Feature","id":980,"geometry":{"type":"Polygon","coordinates":[[[-105.1222,46.7534],[-105.1304,46.7713],[-105.1385,46.7891],[-105.1467,46.807],[-105.1548,46.8248],[-105.1734,46.8201],[-105.1919,46.8153],[-105.2104,46.8106],[-105.229,46.8058],[-105.2475,46.801],[-105.266,46.7963],[-105.2845,46.7915],[-105.3031,46.7867],[-105.3165,46.7807],[-105.3299,46.7746],[-105.3433,46.7685],[-105.3567,46.7624],[-105.3701,46.7564],[-105.3835,46.7503],[-105.3969,46.7442],[-105.4103,46.7381],[-105.4204,46.7286],[-105.4306,46.719],[-105.4407,46.7094],[-105.4508,46.6999],[-105.4609,46.6903],[-105.471,46.6808],[-105.4811,46.6712],[-105.4912,46.6616],[-105.5013,46.6521],[-105.5114,46.6425],[-105.5215,46.6329],[-105.5316,46.6234],[-105.5417,46.6138],[-105.5518,46.6042],[-105.5619,46.5947],[-105.572,46.5851],[-105.5888,46.5751],[-105.6056,46.5651],[-105.6224,46.5551],[-105.6391,46.5451],[-105.6559,46.5351],[-105.6727,46.5251],[-105.6895,46.515],[-105.7062,46.505],[-105.7208,46.4912],[-105.7354,46.4774],[-105.75,46.4635],[-105.7645,46.4497],[-105.7791,46.4359],[-105.7937,46.422],[-105.8082,46.4082],[-105.8228,46.3944],[-105.8115,46.377],[-105.8003,46.3596],[-105.789,46.3423],[-105.7778,46.3249],[-105.7666,46.3076],[-105.7554,46.2902],[-105.7442,46.2729],[-105.733,46.2555],[-105.7385,46.2423],[-105.7441,46.2291],[-105.7496,46.2159],[-105.7551,46.2027],[-105.7661,46.1885],[-105.7771,46.1743],[-105.7881,46.1601],[-105.7991,46.1458],[-105.8101,46.1316],[-105.8211,46.1174],[-105.8321,46.1032],[-105.8431,46.089],[-105.8585,46.0812],[-105.874,46.0735],[-105.8895,46.0657],[-105.9049,46.0579],[-105.9204,46.0501],[-105.9358,46.0423],[-105.9513,46.0345],[-105.9667,46.0267],[-105.9752,46.0148],[-105.9836,46.0029],[-105.9921,45.991],[-106.0006,45.9791],[-106.0216,45.9691],[-106.0426,45.9591],[-106.0636,45.949],[-106.0846,45.939],[-106.1056,45.929],[-106.1266,45.919],[-106.1475,45.9089],[-106.1685,45.8989],[-106.177,45.8893],[-106.1854,45.8798],[-106.1939,45.8702],[-106.2023,45.8606],[-106.2107,45.8511],[-106.2192,45.8415],[-106.2276,45.8319],[-106.2361,45.8224],[-106.2445,45.8128],[-106.2529,45.8032],[-106.2613,45.7936],[-106.2698,45.7841],[-106.2782,45.7745],[-106.2866,45.7649],[-106.295,45.7554],[-106.3034,45.7458],[-106.3025,45.6827],[-106.296,45.6704],[-106.2894,45.6581],[-106.2828,45.6458],[-106.2762,45.6336],[-106.281,45.6131],[-106.2858,45.5926],[-106.2906,45.5721],[-106.2954,45.5516],[-106.3035,45.5423],[-106.3116,45.5329],[-106.3197,45.5236],[-106.3277,45.5142],[-106.3358,45.5049],[-106.3439,45.4955],[-106.352,45.4862],[-106.3601,45.4768],[-106.3796,45.4717],[-106.3992,45.4666],[-106.4119,45.4552],[-106.4246,45.4438],[-106.4374,45.4323],[-106.4501,45.4209],[-106.4628,45.4095],[-106.4755,45.398],[-106.4883,45.3866],[-106.501,45.3752],[-106.5164,45.3787],[-106.5318,45.3822],[-106.5472,45.3858],[-106.5626,45.3893],[-106.578,45.3929],[-106.5934,45.3964],[-106.6088,45.3999],[-106.6242,45.4034],[-106.6506,45.4044],[-106.6769,45.4054],[-106.7033,45.4064],[-106.7296,45.4074],[-106.7296,45.3515],[-106.7477,45.3517],[-106.7658,45.3518],[-106.784,45.352],[-106.8021,45.3522],[-106.8202,45.3523],[-106.8384,45.3525],[-106.8565,45.3526],[-106.8746,45.3528],[-106.8928,45.353],[-106.9109,45.3531],[-106.929,45.3533],[-106.9472,45.3534],[-106.9653,45.3535],[-106.9834,45.3537],[-107.0016,45.3538],[-107.0197,45.354],[-107.02,45.1574],[-107.0162,45.1172],[-107.0125,45.0769],[-107.0087,45.0366],[-107.0049,44.9964],[-106.9761,44.9963],[-106.9473,44.9962],[-106.9185,44.9961],[-106.8897,44.996],[-106.8609,44.9959],[-106.8321,44.9958],[-106.8033,44.9957],[-106.7745,44.9956],[-106.746,44.9955],[-106.7269,44.9954],[-106.7079,44.9954],[-106.6888,44.9953],[-106.6698,44.9953],[-106.6507,44.9952],[-106.6317,44.9951],[-106.6126,44.9951],[-106.5935,44.995],[-106.5745,44.9949],[-106.5554,44.9948],[-106.5364,44.9947],[-106.5173,44.9946],[-106.4983,44.9946],[-106.4792,44.9945],[-106.4601,44.9944],[-106.4411,44.9943],[-106.4234,44.9943],[-106.3965,44.9942],[-106.3696,44.9942],[-106.3427,44.9941],[-106.3159,44.994],[-106.289,44.9939],[-106.2621,44.9938],[-106.2352,44.9938],[-106.2083,44.9937],[-106.1897,44.9936],[-106.171,44.9936],[-106.1524,44.9936],[-106.1337,44.9936],[-106.115,44.9936],[-106.0964,44.9935],[-106.0777,44.9935],[-106.0591,44.9935],[-106.038,44.9935],[-106.0169,44.9935],[-105.9907,44.9952],[-105.9644,44.9969],[-105.9382,44.9986],[-105.9119,45.0002],[-105.9115,45.0002],[-105.8995,45.0002],[-105.8995,45.0004],[-105.8915,45.0168],[-105.8834,45.0332],[-105.8754,45.0496],[-105.8673,45.066],[-105.8592,45.0824],[-105.8512,45.0988],[-105.8431,45.1151],[-105.835,45.1315],[-105.824,45.1418],[-105.8129,45.1522],[-105.8019,45.1625],[-105.7909,45.1728],[-105.7798,45.1831],[-105.7688,45.1934],[-105.7577,45.2037],[-105.7467,45.2141],[-105.7244,45.2252],[-105.702,45.2364],[-105.6797,45.2475],[-105.6573,45.2587],[-105.6451,45.2686],[-105.6328,45.2786],[-105.6205,45.2885],[-105.6082,45.2984],[-105.596,45.3084],[-105.5837,45.3183],[-105.5714,45.3282],[-105.5591,45.3382],[-105.5468,45.3481],[-105.5345,45.358],[-105.5222,45.368],[-105.5099,45.3779],[-105.4976,45.3878],[-105.4853,45.3978],[-105.473,45.4077],[-105.4606,45.4176],[-105.4459,45.4242],[-105.4311,45.4307],[-105.4163,45.4373],[-105.4015,45.4439],[-105.4044,45.5277],[-105.4073,45.6116],[-105.3915,45.6111],[-105.3758,45.6106],[-105.3601,45.6101],[-105.3444,45.6096],[-105.3286,45.6092],[-105.3129,45.6087],[-105.2972,45.6082],[-105.2814,45.6077],[-105.2768,45.6262],[-105.2721,45.6447],[-105.2674,45.6632],[-105.2627,45.6817],[-105.242,45.6872],[-105.2214,45.6926],[-105.2008,45.6981],[-105.1801,45.7036],[-105.1651,45.7152],[-105.15,45.7268],[-105.135,45.7384],[-105.1199,45.75],[-105.1085,45.7637],[-105.0971,45.7775],[-105.0856,45.7912],[-105.0742,45.805],[-105.0627,45.8188],[-105.0513,45.8325],[-105.0399,45.8463],[-105.0284,45.86],[-105.0262,45.9062],[-105.024,45.9523],[-105.037,45.9731],[-105.05,45.9939],[-105.063,46.0147],[-105.076,46.0355],[-105.0861,46.0444],[-105.0963,46.0534],[-105.1065,46.0623],[-105.1167,46.0713],[-105.1268,46.0802],[-105.137,46.0892],[-105.1472,46.0981],[-105.1574,46.1071],[-105.1669,46.1315],[-105.1765,46.1559],[-105.188,46.1667],[-105.1995,46.1775],[-105.211,46.1884],[-105.2225,46.1992],[-105.234,46.21],[-105.2455,46.2208],[-105.257,46.2317],[-105.2685,46.2425],[-105.264,46.2684],[-105.2594,46.2942],[-105.2549,46.3201],[-105.2504,46.346],[-105.2632,46.3672],[-105.276,46.3885],[-105.2888,46.4097],[-105.3016,46.431],[-105.2825,46.4326],[-105.2635,46.4342],[-105.2444,46.4358],[-105.2254,46.4374],[-105.1998,46.4346],[-105.1742,46.4319],[-105.1486,46.4291],[-105.123,46.4263],[-105.0974,46.4235],[-105.0718,46.4208],[-105.0462,46.418],[-105.0207,46.4152],[-105.0045,46.4155],[-104.9883,46.4159],[-104.9721,46.4163],[-104.9559,46.4166],[-104.9398,46.417],[-104.9236,46.4173],[-104.9074,46.4177],[-104.8912,46.418],[-104.8751,46.4184],[-104.8589,46.4187],[-104.8427,46.4191],[-104.8265,46.4194],[-104.8103,46.4198],[-104.7942,46.4201],[-104.778,46.4204],[-104.7618,46.4208],[-104.7583,46.4431],[-104.7548,46.4654],[-104.7706,46.4786],[-104.7864,46.4919],[-104.8021,46.5051],[-104.8179,46.5183],[-104.8337,46.5315],[-104.8495,46.5448],[-104.8653,46.558],[-104.8812,46.5712],[-104.8902,46.5889],[-104.8993,46.6065],[-104.9084,46.6242],[-104.9174,46.6419],[-104.9299,46.652],[-104.9424,46.6622],[-104.9549,46.6724],[-104.9674,46.6826],[-104.98,46.6928],[-104.9925,46.703],[-105.005,46.7132],[-105.0175,46.7233],[-105.0437,46.7309],[-105.0698,46.7384],[-105.096,46.7459],[-105.1222,46.7534]]]},"properties":{"OBJECTID":980,"state":"Montana","agency":"Montana Fish Wildlife and Parks","unit_type":"HD","unit_id":"704","unit_name":"Southeastern Montana","unit_label":"Montana HD 704 - Southeastern Montana","aliases":"2025 | 704 | 704 southeastern montana | hd | hd 704 | hd 704 southeastern montana | montana | montana 704 | montana 704 southeastern montana | montana fish wildlife and parks | montana fish wildlife and parks 704 | montana hd 704 | montana hd 704 southea","year":"2025","Shape_Length":683135.8792553754,"Shape_Area":14108352273.47758}},{"type":"Feature","id":981,"geometry":{"type":"Polygon","coordinates":[[[-106.2801,47.9274],[-106.289,47.9391],[-106.2979,47.9507],[-106.3068,47.9624],[-106.3158,47.9741],[-106.3247,47.9858],[-106.3336,47.9975],[-106.3425,48.0092],[-106.3515,48.0209],[-106.3774,48.0138],[-106.4033,48.0068],[-106.4242,48.0049],[-106.4451,48.0029],[-106.4659,48.001],[-106.4868,47.9991],[-106.5081,47.9897],[-106.5295,47.9802],[-106.5509,47.9707],[-106.5723,47.9613],[-106.5953,47.9599],[-106.6184,47.9585],[-106.6414,47.9572],[-106.6644,47.9558],[-106.6511,47.9476],[-106.6378,47.9395],[-106.6245,47.9314],[-106.6112,47.9232],[-106.5979,47.9151],[-106.5847,47.907],[-106.5714,47.8988],[-106.5581,47.8907],[-106.5749,47.8901],[-106.5916,47.8896],[-106.6084,47.889],[-106.6252,47.8885],[-106.6164,47.8786],[-106.6075,47.8687],[-106.5987,47.8589],[-106.5899,47.849],[-106.6094,47.8525],[-106.629,47.8559],[-106.6485,47.8594],[-106.6681,47.8628],[-106.6613,47.8501],[-106.6545,47.8373],[-106.6477,47.8246],[-106.6409,47.8118],[-106.6679,47.8156],[-106.6948,47.8193],[-106.7217,47.823],[-106.7486,47.8267],[-106.738,47.8186],[-106.7274,47.8105],[-106.7168,47.8024],[-106.7062,47.7943],[-106.7269,47.7933],[-106.7476,47.7924],[-106.7683,47.7915],[-106.789,47.7906],[-106.7895,47.7525],[-106.8186,47.7592],[-106.8478,47.7658],[-106.877,47.7724],[-106.9062,47.779],[-106.8985,47.7631],[-106.8908,47.7472],[-106.9069,47.7475],[-106.9229,47.7478],[-106.9389,47.7481],[-106.955,47.7485],[-106.971,47.7488],[-106.987,47.7491],[-107.0031,47.7494],[-107.0191,47.7497],[-107.0049,47.7451],[-106.9907,47.7406],[-106.9765,47.736],[-106.9623,47.7314],[-106.9481,47.7268],[-106.9339,47.7222],[-106.9197,47.7176],[-106.9056,47.713],[-106.9101,47.6909],[-106.9287,47.6885],[-106.9472,47.6861],[-106.9657,47.6838],[-106.9843,47.6814],[-107.0028,47.679],[-107.0213,47.6766],[-107.0398,47.6742],[-107.0584,47.6718],[-107.0796,47.6811],[-107.1008,47.6905],[-107.1192,47.6885],[-107.1376,47.6865],[-107.156,47.6846],[-107.1744,47.6826],[-107.1928,47.6807],[-107.2112,47.6787],[-107.2296,47.6767],[-107.248,47.6747],[-107.2631,47.6781],[-107.2782,47.6815],[-107.2933,47.6849],[-107.3084,47.6883],[-107.3235,47.6917],[-107.3386,47.6951],[-107.3537,47.6984],[-107.3688,47.7018],[-107.3891,47.6981],[-107.4094,47.6945],[-107.4297,47.6908],[-107.45,47.6871],[-107.4501,47.6246],[-107.4744,47.6305],[-107.4986,47.6363],[-107.5229,47.6422],[-107.5472,47.6481],[-107.5715,47.6539],[-107.5958,47.6598],[-107.6201,47.6656],[-107.6444,47.6715],[-107.6544,47.6614],[-107.6644,47.6513],[-107.6744,47.6413],[-107.6844,47.6312],[-107.6944,47.6211],[-107.7044,47.6111],[-107.7143,47.601],[-107.7243,47.5909],[-107.7434,47.5816],[-107.7624,47.5723],[-107.7815,47.563],[-107.8005,47.5537],[-107.8195,47.5444],[-107.8386,47.5351],[-107.8576,47.5257],[-107.8766,47.5164],[-107.8821,47.4861],[-107.8876,47.4557],[-107.897,47.4431],[-107.9064,47.4304],[-107.9158,47.4177],[-107.9253,47.4051],[-107.9347,47.3924],[-107.9441,47.3797],[-107.9535,47.367],[-107.9629,47.3544],[-107.9579,47.3325],[-107.9529,47.3107],[-107.9479,47.2889],[-107.9429,47.267],[-107.9379,47.2452],[-107.9329,47.2234],[-107.9279,47.2015],[-107.923,47.1797],[-107.9391,47.1687],[-107.9551,47.1577],[-107.9468,47.1373],[-107.9385,47.1169],[-107.9303,47.0964],[-107.922,47.076],[-107.9137,47.0556],[-107.9054,47.0351],[-107.8971,47.0147],[-107.8889,46.9943],[-107.8673,46.9905],[-107.8457,46.9868],[-107.8193,46.9954],[-107.7929,47.0039],[-107.7666,47.0124],[-107.7402,47.0209],[-107.7138,47.0294],[-107.6874,47.0379],[-107.6609,47.0464],[-107.6345,47.0549],[-107.6081,47.0633],[-107.5817,47.0718],[-107.5552,47.0803],[-107.5288,47.0888],[-107.5023,47.0972],[-107.4758,47.1057],[-107.4494,47.1141],[-107.4229,47.1226],[-107.4038,47.1257],[-107.3848,47.1289],[-107.3657,47.132],[-107.3466,47.1352],[-107.33,47.1428],[-107.3133,47.1504],[-107.2967,47.158],[-107.2801,47.1656],[-107.2634,47.1732],[-107.2468,47.1807],[-107.2301,47.1883],[-107.2134,47.1959],[-107.2027,47.2031],[-107.1919,47.2102],[-107.1812,47.2174],[-107.1704,47.2246],[-107.1597,47.2317],[-107.1489,47.2389],[-107.1381,47.2461],[-107.1274,47.2532],[-107.1095,47.2583],[-107.0916,47.2633],[-107.0737,47.2684],[-107.0558,47.2734],[-107.0379,47.2785],[-107.0199,47.2835],[-107.002,47.2886],[-106.9841,47.2936],[-106.9662,47.2987],[-106.9483,47.3037],[-106.9304,47.3087],[-106.9124,47.3138],[-106.8945,47.3188],[-106.8766,47.3238],[-106.8586,47.3289],[-106.8407,47.3339],[-106.8113,47.3334],[-106.7818,47.333],[-106.7524,47.3325],[-106.723,47.332],[-106.6935,47.3315],[-106.6641,47.331],[-106.6347,47.3305],[-106.6052,47.33],[-106.5773,47.3351],[-106.5493,47.3401],[-106.5213,47.3451],[-106.4933,47.3501],[-106.4771,47.3488],[-106.4609,47.3475],[-106.4447,47.3461],[-106.4285,47.3448],[-106.4123,47.3435],[-106.396,47.3422],[-106.3798,47.3409],[-106.3636,47.3396],[-106.3564,47.3497],[-106.3492,47.3598],[-106.342,47.3698],[-106.3347,47.3799],[-106.3404,47.393],[-106.346,47.4062],[-106.3516,47.4193],[-106.3572,47.4324],[-106.3476,47.4454],[-106.3379,47.4584],[-106.3282,47.4714],[-106.3185,47.4844],[-106.3088,47.4974],[-106.2991,47.5104],[-106.2894,47.5234],[-106.2797,47.5364],[-106.2674,47.5451],[-106.2551,47.5539],[-106.2427,47.5626],[-106.2304,47.5714],[-106.2325,47.6294],[-106.2345,47.6875],[-106.2424,47.7011],[-106.2503,47.7147],[-106.2581,47.7284],[-106.266,47.742],[-106.2739,47.7556],[-106.2818,47.7693],[-106.2897,47.7829],[-106.2976,47.7966],[-106.3066,47.8061],[-106.3155,47.8155],[-106.3245,47.825],[-106.3335,47.8345],[-106.3424,47.844],[-106.3514,47.8535],[-106.3604,47.863],[-106.3693,47.8725],[-106.3743,47.8946],[-106.3792,47.9167],[-106.3841,47.9388],[-106.389,47.9608],[-106.3618,47.9525],[-106.3346,47.9441],[-106.3073,47.9357],[-106.2801,47.9274]]]},"properties":{"OBJECTID":981,"state":"Montana","agency":"Montana Fish Wildlife and Parks","unit_type":"HD","unit_id":"700","unit_name":"Missouri Rivers Breaks","unit_label":"Montana HD 700 - Missouri Rivers Breaks","aliases":"2025 | 700 | 700 missouri rivers breaks | hd | hd 700 | hd 700 missouri rivers breaks | missouri rivers breaks | montana | montana 700 | montana 700 missouri rivers breaks | montana fish wildlife and parks | montana fish wildlife and parks 700 | montana","year":"2025","Shape_Length":489315.9957394258,"Shape_Area":7224601811.884289}},{"type":"Feature","id":982,"geometry":{"type":"Polygon","coordinates":[[[-110.7554,48.2459],[-110.7562,48.553],[-110.778,48.553],[-110.7998,48.553],[-110.8217,48.5529],[-110.8435,48.5529],[-110.8615,48.5438],[-110.8796,48.5347],[-110.8977,48.5256],[-110.9158,48.5165],[-110.9452,48.5151],[-110.9746,48.5136],[-111.004,48.5122],[-111.0334,48.5107],[-111.0628,48.5093],[-111.0922,48.5078],[-111.1217,48.5063],[-111.1511,48.5048],[-111.1715,48.4957],[-111.192,48.4866],[-111.2124,48.4775],[-111.2329,48.4684],[-111.2643,48.4678],[-111.2958,48.4671],[-111.3273,48.4665],[-111.3588,48.4658],[-111.3902,48.4651],[-111.4217,48.4645],[-111.4532,48.4638],[-111.4847,48.4631],[-111.5017,48.4655],[-111.5187,48.4678],[-111.5357,48.4702],[-111.5527,48.4725],[-111.5697,48.4749],[-111.5868,48.4772],[-111.6038,48.4796],[-111.6208,48.4819],[-111.6428,48.4818],[-111.6647,48.4816],[-111.6866,48.4814],[-111.7086,48.4813],[-111.7305,48.4811],[-111.7525,48.4809],[-111.7744,48.4808],[-111.7964,48.4806],[-111.8164,48.4893],[-111.8364,48.498],[-111.8564,48.5068],[-111.8764,48.5155],[-111.8813,48.482],[-111.8862,48.4485],[-111.8986,48.4297],[-111.911,48.4108],[-111.9234,48.3919],[-111.9358,48.3731],[-111.9343,48.2742],[-111.9328,48.1753],[-111.9196,48.1577],[-111.9064,48.1402],[-111.8933,48.1226],[-111.8801,48.105],[-111.867,48.0875],[-111.8539,48.0699],[-111.8408,48.0524],[-111.8276,48.0348],[-111.8061,48.0342],[-111.7846,48.0336],[-111.7631,48.033],[-111.7416,48.0324],[-111.7201,48.0318],[-111.6986,48.0311],[-111.6771,48.0305],[-111.6556,48.0299],[-111.6351,48.03],[-111.6146,48.0301],[-111.5941,48.0301],[-111.5736,48.0302],[-111.5531,48.0303],[-111.5325,48.0304],[-111.512,48.0304],[-111.4915,48.0305],[-111.471,48.0305],[-111.4505,48.0306],[-111.43,48.0306],[-111.4095,48.0307],[-111.389,48.0307],[-111.3685,48.0308],[-111.348,48.0308],[-111.3275,48.0309],[-111.307,48.0309],[-111.2865,48.0309],[-111.266,48.031],[-111.2455,48.031],[-111.225,48.031],[-111.2045,48.031],[-111.1839,48.031],[-111.1634,48.0311],[-111.1429,48.0311],[-111.1224,48.0311],[-111.1019,48.0311],[-111.0814,48.0311],[-111.0609,48.0311],[-111.0404,48.0311],[-111.0199,48.0311],[-110.9994,48.0311],[-110.9812,48.0329],[-110.9631,48.0347],[-110.945,48.0365],[-110.9268,48.0383],[-110.9087,48.0402],[-110.8905,48.042],[-110.8724,48.0438],[-110.8542,48.0456],[-110.8428,48.0359],[-110.8313,48.0261],[-110.8199,48.0164],[-110.8084,48.0067],[-110.797,47.997],[-110.7855,47.9873],[-110.7741,47.9775],[-110.7627,47.9678],[-110.7618,47.8718],[-110.7439,47.8628],[-110.7259,47.8538],[-110.7079,47.8448],[-110.6899,47.8357],[-110.6778,47.826],[-110.6656,47.8162],[-110.6405,47.8248],[-110.6153,47.8335],[-110.5901,47.8421],[-110.5649,47.8507],[-110.5397,47.8593],[-110.5145,47.868],[-110.4892,47.8766],[-110.464,47.8852],[-110.4717,47.896],[-110.4793,47.9068],[-110.487,47.9175],[-110.4947,47.9283],[-110.5155,47.9312],[-110.5363,47.934],[-110.5571,47.9369],[-110.5779,47.9397],[-110.5907,47.9508],[-110.6034,47.9619],[-110.6162,47.973],[-110.6289,47.9841],[-110.6417,47.9952],[-110.6544,48.0063],[-110.6672,48.0173],[-110.68,48.0284],[-110.6853,48.0644],[-110.6907,48.1005],[-110.6804,48.1123],[-110.6701,48.1241],[-110.6598,48.136],[-110.6495,48.1478],[-110.6392,48.1596],[-110.6289,48.1715],[-110.6186,48.1833],[-110.6082,48.1951],[-110.616,48.2217],[-110.6238,48.2483],[-110.6402,48.248],[-110.6567,48.2477],[-110.6731,48.2474],[-110.6896,48.2471],[-110.706,48.2468],[-110.7225,48.2465],[-110.7389,48.2462],[-110.7554,48.2459]]]},"properties":{"OBJECTID":982,"state":"Montana","agency":"Montana Fish Wildlife and Parks","unit_type":"HD","unit_id":"400","unit_name":"Golden Triangle","unit_label":"Montana HD 400 - Golden Triangle","aliases":"2025 | 400 | 400 golden triangle | golden triangle | hd | hd 400 | hd 400 golden triangle | montana | montana 400 | montana 400 golden triangle | montana fish wildlife and parks | montana fish wildlife and parks 400 | montana hd 400 | montana hd 400 gold","year":"2025","Shape_Length":358618.4330099517,"Shape_Area":4905352888.915044}},{"type":"Feature","id":983,"geometry":{"type":"Polygon","coordinates":[[[-112.3329,48.0742],[-112.3421,48.0864],[-112.3513,48.0987],[-112.3604,48.111],[-112.3696,48.1233],[-112.3861,48.1312],[-112.4026,48.1392],[-112.4191,48.1472],[-112.4357,48.1552],[-112.4522,48.1631],[-112.4687,48.1711],[-112.4853,48.1791],[-112.5018,48.187],[-112.5102,48.199],[-112.5186,48.211],[-112.527,48.2229],[-112.5354,48.2349],[-112.5406,48.2795],[-112.5459,48.3241],[-112.5618,48.3075],[-112.5777,48.2909],[-112.5937,48.2744],[-112.6096,48.2578],[-112.6268,48.2544],[-112.644,48.2509],[-112.6612,48.2475],[-112.6784,48.2441],[-112.6956,48.2407],[-112.7128,48.2373],[-112.7299,48.2338],[-112.7471,48.2304],[-112.7628,48.222],[-112.7784,48.2135],[-112.794,48.205],[-112.8096,48.1966],[-112.8252,48.1881],[-112.8408,48.1796],[-112.8564,48.1712],[-112.872,48.1627],[-112.897,48.164],[-112.9221,48.1654],[-112.9484,48.1569],[-112.9748,48.1484],[-113.0011,48.1398],[-113.0274,48.1313],[-113.0161,48.117],[-113.0047,48.1026],[-112.9934,48.0883],[-112.9821,48.074],[-112.9635,48.0629],[-112.9449,48.0519],[-112.9263,48.0408],[-112.9078,48.0297],[-112.9001,48.003],[-112.8925,47.9762],[-112.8718,47.9719],[-112.8511,47.9676],[-112.8304,47.9633],[-112.8097,47.9589],[-112.8022,47.9243],[-112.7889,47.9191],[-112.7756,47.9139],[-112.7623,47.9087],[-112.749,47.9036],[-112.7357,47.8984],[-112.7224,47.8932],[-112.7091,47.888],[-112.6958,47.8828],[-112.6731,47.883],[-112.6504,47.8832],[-112.6277,47.8833],[-112.605,47.8835],[-112.5823,47.8837],[-112.5596,47.8838],[-112.5369,47.884],[-112.5142,47.8842],[-112.4915,47.8843],[-112.4688,47.8844],[-112.4461,47.8846],[-112.4234,47.8847],[-112.4007,47.8849],[-112.378,47.885],[-112.3553,47.8851],[-112.3326,47.8852],[-112.3148,47.8792],[-112.297,47.8731],[-112.2792,47.8671],[-112.2614,47.861],[-112.2657,47.9065],[-112.2761,47.9232],[-112.2865,47.94],[-112.2969,47.9567],[-112.3073,47.9734],[-112.3177,47.9902],[-112.3281,48.0069],[-112.3386,48.0236],[-112.349,48.0404],[-112.341,48.0573],[-112.3329,48.0742]]]},"properties":{"OBJECTID":983,"state":"Montana","agency":"Montana Fish Wildlife and Parks","unit_type":"HD","unit_id":"441","unit_name":"Bob Marshall Wilderness Complex","unit_label":"Montana HD 441 - Bob Marshall Wilderness Complex","aliases":"2025 | 441 | 441 bob marshall wilderness complex | bob marshall wilderness complex | hd | hd 441 | hd 441 bob marshall wilderness complex | montana | montana 441 | montana 441 bob marshall wilderness complex | montana fish wildlife and parks | montana fi","year":"2025","Shape_Length":176495.98649442225,"Shape_Area":1549824532.8822484}},{"type":"Feature","id":984,"geometry":{"type":"Polygon","coordinates":[[[-112.1308,48.5567],[-112.1443,48.5615],[-112.1578,48.5664],[-112.1714,48.5712],[-112.1849,48.5761],[-112.1985,48.5809],[-112.212,48.5858],[-112.2256,48.5907],[-112.2391,48.5955],[-112.2526,48.6004],[-112.2662,48.6052],[-112.2798,48.6101],[-112.2933,48.6149],[-112.3069,48.6198],[-112.3204,48.6246],[-112.334,48.6294],[-112.3475,48.6343],[-112.3418,48.6206],[-112.3361,48.607],[-112.3303,48.5933],[-112.3246,48.5796],[-112.3188,48.566],[-112.3131,48.5523],[-112.3074,48.5387],[-112.3016,48.525],[-112.2929,48.5163],[-112.2843,48.5076],[-112.2756,48.4989],[-112.2669,48.4902],[-112.2582,48.4815],[-112.2495,48.4727],[-112.2409,48.464],[-112.2322,48.4553],[-112.244,48.4474],[-112.2558,48.4396],[-112.2677,48.4317],[-112.2795,48.4238],[-112.2913,48.4159],[-112.3031,48.408],[-112.315,48.4001],[-112.3268,48.3922],[-112.3365,48.3674],[-112.3462,48.3425],[-112.3683,48.3431],[-112.3904,48.3436],[-112.4126,48.3442],[-112.4347,48.3448],[-112.4568,48.3453],[-112.4789,48.3459],[-112.5011,48.3464],[-112.5232,48.3469],[-112.5345,48.3355],[-112.5459,48.3241],[-112.5406,48.2795],[-112.5354,48.2349],[-112.527,48.2229],[-112.5186,48.211],[-112.5102,48.199],[-112.5018,48.187],[-112.4853,48.1791],[-112.4687,48.1711],[-112.4522,48.1631],[-112.4357,48.1552],[-112.4191,48.1472],[-112.4026,48.1392],[-112.3861,48.1312],[-112.3696,48.1233],[-112.3604,48.111],[-112.3513,48.0987],[-112.3421,48.0864],[-112.3329,48.0742],[-112.3171,48.0745],[-112.3012,48.0748],[-112.2854,48.0752],[-112.2695,48.0755],[-112.2537,48.0758],[-112.2378,48.0762],[-112.2219,48.0765],[-112.2061,48.0768],[-112.1902,48.0771],[-112.1744,48.0775],[-112.1585,48.0778],[-112.1426,48.0781],[-112.1268,48.0784],[-112.1109,48.0787],[-112.0951,48.0791],[-112.0792,48.0794],[-112.0609,48.0914],[-112.0426,48.1034],[-112.0243,48.1153],[-112.006,48.1273],[-111.9877,48.1393],[-111.9694,48.1513],[-111.9511,48.1633],[-111.9328,48.1753],[-111.9343,48.2742],[-111.9358,48.3731],[-111.9234,48.3919],[-111.911,48.4108],[-111.8986,48.4297],[-111.8862,48.4485],[-111.8813,48.482],[-111.8764,48.5155],[-111.8923,48.5181],[-111.9082,48.5207],[-111.9241,48.5232],[-111.94,48.5258],[-111.9559,48.5284],[-111.9718,48.531],[-111.9877,48.5336],[-112.0036,48.5361],[-112.0195,48.5387],[-112.0354,48.5413],[-112.0513,48.5438],[-112.0672,48.5464],[-112.0831,48.549],[-112.099,48.5515],[-112.1149,48.5541],[-112.1308,48.5567]]]},"properties":{"OBJECTID":984,"state":"Montana","agency":"Montana Fish Wildlife and Parks","unit_type":"HD","unit_id":"406","unit_name":"Golden Triangle","unit_label":"Montana HD 406 - Golden Triangle","aliases":"2025 | 406 | 406 golden triangle | golden triangle | hd | hd 406 | hd 406 golden triangle | montana | montana 406 | montana 406 golden triangle | montana fish wildlife and parks | montana fish wildlife and parks 406 | montana hd 406 | montana hd 406 gold","year":"2025","Shape_Length":197983.85750575858,"Shape_Area":1848280880.094754}},{"type":"Feature","id":985,"geometry":{"type":"Polygon","coordinates":[[[-109.8192,46.6933],[-109.8379,46.7008],[-109.8566,46.7082],[-109.8754,46.7157],[-109.8941,46.7231],[-109.9129,46.7306],[-109.9317,46.738],[-109.9504,46.7454],[-109.9692,46.7529],[-109.9899,46.7521],[-110.0107,46.7512],[-110.0315,46.7504],[-110.0522,46.7496],[-110.0785,46.7413],[-110.1049,46.733],[-110.1312,46.7247],[-110.1575,46.7163],[-110.1869,46.7149],[-110.2162,46.7134],[-110.2456,46.7119],[-110.275,46.7104],[-110.2928,46.7025],[-110.3106,46.6946],[-110.3284,46.6867],[-110.3462,46.6788],[-110.362,46.6798],[-110.3777,46.6809],[-110.3935,46.682],[-110.4092,46.683],[-110.425,46.6841],[-110.4407,46.6851],[-110.4565,46.6862],[-110.4722,46.6872],[-110.4877,46.6848],[-110.5032,46.6824],[-110.5008,46.6078],[-110.4857,46.5907],[-110.4706,46.5737],[-110.4555,46.5566],[-110.4405,46.5395],[-110.4236,46.533],[-110.4068,46.5264],[-110.39,46.5198],[-110.3732,46.5133],[-110.3564,46.5067],[-110.3396,46.5002],[-110.3228,46.4936],[-110.306,46.487],[-110.2913,46.4837],[-110.2767,46.4803],[-110.262,46.477],[-110.2474,46.4736],[-110.2328,46.4703],[-110.2181,46.4669],[-110.2035,46.4636],[-110.1888,46.4602],[-110.1742,46.4569],[-110.1596,46.4535],[-110.1449,46.4501],[-110.1303,46.4468],[-110.1157,46.4434],[-110.101,46.44],[-110.0864,46.4367],[-110.0718,46.4333],[-110.0483,46.4402],[-110.0248,46.4471],[-110.0019,46.4458],[-109.9791,46.4445],[-109.9562,46.4432],[-109.9334,46.4418],[-109.9105,46.4405],[-109.8877,46.4391],[-109.8649,46.4378],[-109.842,46.4365],[-109.8147,46.4369],[-109.8025,46.446],[-109.7903,46.4551],[-109.778,46.4643],[-109.7658,46.4734],[-109.766,46.6332],[-109.7609,46.6484],[-109.7559,46.6635],[-109.7508,46.6787],[-109.7457,46.6939],[-109.7649,46.6938],[-109.7735,46.6937],[-109.7963,46.6935],[-109.8192,46.6933]]]},"properties":{"OBJECTID":985,"state":"Montana","agency":"Montana Fish Wildlife and Parks","unit_type":"HD","unit_id":"540","unit_name":"Southeast Little Belts","unit_label":"Montana HD 540 - Southeast Little Belts","aliases":"2025 | 540 | 540 southeast little belts | hd | hd 540 | hd 540 southeast little belts | montana | montana 540 | montana 540 southeast little belts | montana fish wildlife and parks | montana fish wildlife and parks 540 | montana hd 540 | montana hd 540 s","year":"2025","Shape_Length":160173.14424440084,"Shape_Area":1512969092.4786866}},{"type":"Feature","id":986,"geometry":{"type":"Polygon","coordinates":[[[-107.815,46.5059],[-107.8223,46.517],[-107.8296,46.5281],[-107.8369,46.5392],[-107.8443,46.5502],[-107.8516,46.5613],[-107.8589,46.5724],[-107.8663,46.5835],[-107.8736,46.5945],[-107.8929,46.5903],[-107.9122,46.5862],[-107.9315,46.582],[-107.9508,46.5778],[-107.9701,46.5736],[-107.9894,46.5694],[-108.0087,46.5652],[-108.0279,46.561],[-108.0418,46.5553],[-108.0556,46.5496],[-108.0695,46.5439],[-108.0833,46.5381],[-108.0972,46.5324],[-108.111,46.5267],[-108.1249,46.521],[-108.1387,46.5152],[-108.1639,46.5111],[-108.1892,46.5069],[-108.2144,46.5027],[-108.2396,46.4985],[-108.2648,46.4943],[-108.29,46.4902],[-108.3152,46.486],[-108.3404,46.4818],[-108.3656,46.4775],[-108.3908,46.4733],[-108.416,46.4691],[-108.4412,46.4649],[-108.4664,46.4607],[-108.4916,46.4564],[-108.5168,46.4522],[-108.542,46.448],[-108.5601,46.4347],[-108.5782,46.4214],[-108.5964,46.4081],[-108.6145,46.3948],[-108.6326,46.3815],[-108.6507,46.3682],[-108.6688,46.3549],[-108.6869,46.3416],[-108.7033,46.3372],[-108.7197,46.3327],[-108.7361,46.3282],[-108.7525,46.3237],[-108.7689,46.3192],[-108.7853,46.3147],[-108.8017,46.3102],[-108.8181,46.3057],[-108.8481,46.3059],[-108.8781,46.3062],[-108.9081,46.3064],[-108.9381,46.3066],[-108.9358,46.2402],[-108.9269,46.2194],[-108.918,46.1987],[-108.9091,46.178],[-108.9001,46.1573],[-108.8912,46.1366],[-108.8823,46.1158],[-108.8734,46.0951],[-108.8645,46.0744],[-108.8542,46.0659],[-108.8439,46.0575],[-108.8336,46.049],[-108.8233,46.0405],[-108.813,46.0321],[-108.8027,46.0236],[-108.7924,46.0151],[-108.7821,46.0066],[-108.7718,45.9982],[-108.7615,45.9897],[-108.7512,45.9812],[-108.7409,45.9728],[-108.7307,45.9643],[-108.7204,45.9558],[-108.7101,45.9473],[-108.6998,45.9389],[-108.6893,45.9225],[-108.6789,45.9062],[-108.6684,45.8898],[-108.658,45.8735],[-108.6475,45.8572],[-108.637,45.8408],[-108.6266,45.8245],[-108.6162,45.8081],[-108.5919,45.8055],[-108.5677,45.8029],[-108.5435,45.8003],[-108.5192,45.7977],[-108.5031,45.7827],[-108.487,45.7677],[-108.4696,45.774],[-108.4522,45.7803],[-108.4348,45.7866],[-108.4174,45.7929],[-108.4078,45.781],[-108.3982,45.7691],[-108.3886,45.7572],[-108.3789,45.7453],[-108.3719,45.7645],[-108.3649,45.7837],[-108.3344,45.7837],[-108.304,45.7837],[-108.2735,45.7837],[-108.243,45.7837],[-108.2428,45.6815],[-108.2239,45.6815],[-108.205,45.6816],[-108.1861,45.6816],[-108.1672,45.6816],[-108.1483,45.6817],[-108.1294,45.6817],[-108.1105,45.6817],[-108.0916,45.6817],[-108.0727,45.6818],[-108.0538,45.6818],[-108.0349,45.6818],[-108.016,45.6818],[-107.9971,45.6818],[-107.9783,45.6818],[-107.9594,45.6818],[-107.9405,45.6818],[-107.9216,45.6819],[-107.9027,45.6819],[-107.8838,45.6818],[-107.8649,45.6818],[-107.846,45.6818],[-107.8271,45.6818],[-107.8082,45.6818],[-107.7893,45.6818],[-107.7704,45.6818],[-107.7515,45.6817],[-107.7326,45.6817],[-107.7137,45.6817],[-107.6948,45.6817],[-107.6759,45.6816],[-107.657,45.6816],[-107.6381,45.6816],[-107.6264,45.7033],[-107.6147,45.7249],[-107.6029,45.7466],[-107.5912,45.7683],[-107.5983,45.793],[-107.6054,45.8177],[-107.5941,45.8377],[-107.5827,45.8578],[-107.5713,45.8779],[-107.5599,45.898],[-107.5486,45.9181],[-107.5372,45.9382],[-107.5258,45.9583],[-107.5144,45.9784],[-107.5163,46.0602],[-107.5031,46.0812],[-107.4898,46.1022],[-107.4765,46.1232],[-107.4633,46.1442],[-107.4844,46.1445],[-107.5056,46.1449],[-107.5268,46.1452],[-107.548,46.1455],[-107.565,46.1597],[-107.5819,46.1739],[-107.5989,46.1881],[-107.6158,46.2023],[-107.6252,46.2208],[-107.6345,46.2393],[-107.6439,46.2579],[-107.6532,46.2764],[-107.6742,46.2873],[-107.6952,46.2981],[-107.7162,46.309],[-107.7373,46.3198],[-107.7583,46.3307],[-107.7793,46.3415],[-107.8004,46.3523],[-107.8215,46.3632],[-107.8182,46.4345],[-107.815,46.5059]]]},"properties":{"OBJECTID":986,"state":"Montana","agency":"Montana Fish Wildlife and Parks","unit_type":"HD","unit_id":"590","unit_name":"Bull Mountain","unit_label":"Montana HD 590 - Bull Mountain","aliases":"2025 | 590 | 590 bull mountain | bull mountain | hd | hd 590 | hd 590 bull mountain | montana | montana 590 | montana 590 bull mountain | montana fish wildlife and parks | montana fish wildlife and parks 590 | montana hd 590 | montana hd 590 bull mountai","year":"2025","Shape_Length":369909.84738486895,"Shape_Area":7560496998.230658}},{"type":"Feature","id":987,"geometry":{"type":"Polygon","coordinates":[[[-110.7441,46.2908],[-110.7591,46.2866],[-110.7741,46.2824],[-110.7891,46.2782],[-110.8041,46.274],[-110.8035,46.2717],[-110.7873,46.2622],[-110.7712,46.2528],[-110.755,46.2433],[-110.7388,46.2338],[-110.7353,46.1996],[-110.7319,46.1653],[-110.7284,46.1311],[-110.725,46.0969],[-110.7172,46.086],[-110.7094,46.0751],[-110.7016,46.0642],[-110.6938,46.0534],[-110.686,46.0425],[-110.6782,46.0316],[-110.6704,46.0207],[-110.6626,46.0098],[-110.6551,45.993],[-110.6477,45.9762],[-110.6402,45.9594],[-110.6328,45.9426],[-110.6253,45.9258],[-110.6179,45.909],[-110.6104,45.8922],[-110.603,45.8754],[-110.5918,45.8655],[-110.5807,45.8556],[-110.5695,45.8457],[-110.5583,45.8357],[-110.5472,45.8258],[-110.536,45.8159],[-110.5249,45.8059],[-110.5137,45.796],[-110.5021,45.7765],[-110.4906,45.757],[-110.479,45.7374],[-110.4674,45.7179],[-110.4449,45.7163],[-110.4223,45.7148],[-110.3997,45.7132],[-110.3772,45.7116],[-110.3494,45.708],[-110.3217,45.7044],[-110.294,45.7008],[-110.2662,45.6971],[-110.2587,45.7082],[-110.2511,45.7192],[-110.2436,45.7303],[-110.236,45.7413],[-110.221,45.7448],[-110.206,45.7482],[-110.1909,45.7517],[-110.1759,45.7552],[-110.1901,45.7646],[-110.2043,45.774],[-110.2185,45.7833],[-110.2327,45.7927],[-110.2469,45.8021],[-110.2611,45.8115],[-110.2754,45.8209],[-110.2896,45.8303],[-110.301,45.8466],[-110.3124,45.8628],[-110.3238,45.8791],[-110.3352,45.8953],[-110.3231,45.9116],[-110.3109,45.9279],[-110.2987,45.9442],[-110.2866,45.9604],[-110.2921,45.9871],[-110.2977,46.0138],[-110.3122,46.0202],[-110.3267,46.0267],[-110.3411,46.0331],[-110.3556,46.0396],[-110.3701,46.0461],[-110.3846,46.0525],[-110.3991,46.059],[-110.4136,46.0654],[-110.4003,46.081],[-110.3869,46.0965],[-110.3735,46.112],[-110.3601,46.1276],[-110.3467,46.1431],[-110.3333,46.1587],[-110.3198,46.1742],[-110.3064,46.1897],[-110.3229,46.1989],[-110.3394,46.208],[-110.3559,46.2172],[-110.3724,46.2263],[-110.3954,46.2154],[-110.4184,46.2045],[-110.4314,46.213],[-110.4444,46.2215],[-110.4575,46.2299],[-110.4705,46.2384],[-110.4836,46.2469],[-110.4966,46.2554],[-110.5097,46.2639],[-110.5228,46.2724],[-110.5455,46.2615],[-110.5683,46.2505],[-110.5911,46.2396],[-110.6139,46.2286],[-110.6326,46.231],[-110.6514,46.2333],[-110.6702,46.2357],[-110.689,46.238],[-110.7027,46.2512],[-110.7165,46.2644],[-110.7303,46.2776],[-110.7441,46.2908]]]},"properties":{"OBJECTID":987,"state":"Montana","agency":"Montana Fish Wildlife and Parks","unit_type":"HD","unit_id":"315","unit_name":"Crazy Mountain","unit_label":"Montana HD 315 - Crazy Mountain","aliases":"2025 | 315 | 315 crazy mountain | crazy mountain | hd | hd 315 | hd 315 crazy mountain | montana | montana 315 | montana 315 crazy mountain | montana fish wildlife and parks | montana fish wildlife and parks 315 | montana hd 315 | montana hd 315 crazy mo","year":"2025","Shape_Length":204949.2560522495,"Shape_Area":1499903710.4656532}},{"type":"Feature","id":988,"geometry":{"type":"Polygon","coordinates":[[[-110.3544,45.2551],[-110.3635,45.2463],[-110.3726,45.2375],[-110.3816,45.2287],[-110.3907,45.2199],[-110.4086,45.2139],[-110.4264,45.2078],[-110.4442,45.2017],[-110.4621,45.1957],[-110.4799,45.1896],[-110.4977,45.1835],[-110.5155,45.1775],[-110.5333,45.1714],[-110.5439,45.1575],[-110.5545,45.1435],[-110.5484,45.1311],[-110.5423,45.1186],[-110.5362,45.1062],[-110.5301,45.0937],[-110.524,45.0813],[-110.5178,45.0688],[-110.5117,45.0564],[-110.5056,45.0439],[-110.489,45.037],[-110.4723,45.03],[-110.4475,45.03],[-110.4227,45.0301],[-110.3979,45.0301],[-110.3731,45.0302],[-110.3482,45.0302],[-110.3234,45.0302],[-110.2986,45.0303],[-110.2738,45.0303],[-110.249,45.0303],[-110.2242,45.0303],[-110.1994,45.0303],[-110.1746,45.0303],[-110.1498,45.0303],[-110.125,45.0303],[-110.1002,45.0303],[-110.0754,45.0303],[-110.0567,45.0344],[-110.0381,45.0384],[-110.0194,45.0425],[-110.0008,45.0465],[-110.0008,45.0034],[-110.0005,45.0034],[-109.9817,45.0034],[-109.963,45.0033],[-109.9442,45.0033],[-109.9254,45.0033],[-109.9067,45.0032],[-109.8879,45.0032],[-109.8691,45.0031],[-109.8504,45.003],[-109.829,45.003],[-109.8076,45.003],[-109.7795,45.003],[-109.7514,45.003],[-109.7233,45.003],[-109.6952,45.003],[-109.6671,45.003],[-109.639,45.0029],[-109.6109,45.0029],[-109.5828,45.0029],[-109.5643,45.0014],[-109.5458,45.0],[-109.5547,45.003],[-109.5547,45.003],[-109.5566,45.0029],[-109.556,45.0375],[-109.5746,45.0528],[-109.5932,45.0682],[-109.6119,45.0835],[-109.6305,45.0988],[-109.6506,45.0966],[-109.6707,45.0943],[-109.6908,45.092],[-109.7109,45.0897],[-109.731,45.0874],[-109.751,45.0851],[-109.7711,45.0828],[-109.7912,45.0805],[-109.796,45.1035],[-109.8008,45.1265],[-109.8056,45.1495],[-109.8104,45.1725],[-109.8404,45.1725],[-109.8704,45.1725],[-109.9003,45.1725],[-109.9303,45.1724],[-109.9603,45.1724],[-109.9903,45.1724],[-110.0203,45.1723],[-110.0502,45.1723],[-110.0675,45.1839],[-110.0847,45.1955],[-110.102,45.2072],[-110.1193,45.2188],[-110.131,45.2108],[-110.1428,45.2028],[-110.1546,45.1949],[-110.1664,45.1869],[-110.1782,45.1789],[-110.1899,45.171],[-110.2017,45.163],[-110.2135,45.155],[-110.2277,45.1605],[-110.242,45.1659],[-110.2563,45.1714],[-110.2705,45.1768],[-110.281,45.1866],[-110.2915,45.1964],[-110.302,45.2062],[-110.3124,45.216],[-110.3229,45.2258],[-110.3334,45.2355],[-110.3439,45.2453],[-110.3544,45.2551]]]},"properties":{"OBJECTID":988,"state":"Montana","agency":"Montana Fish Wildlife and Parks","unit_type":"HD","unit_id":"316","unit_name":"Northern Yellowstone","unit_label":"Montana HD 316 - Northern Yellowstone","aliases":"2025 | 316 | 316 northern yellowstone | hd | hd 316 | hd 316 northern yellowstone | montana | montana 316 | montana 316 northern yellowstone | montana fish wildlife and parks | montana fish wildlife and parks 316 | montana hd 316 | montana hd 316 norther","year":"2025","Shape_Length":203065.2239568534,"Shape_Area":1222969668.2648416}},{"type":"Feature","id":989,"geometry":{"type":"Polygon","coordinates":[[[-110.3772,45.7116],[-110.3997,45.7132],[-110.4223,45.7148],[-110.4449,45.7163],[-110.4674,45.7179],[-110.4793,45.7087],[-110.4911,45.6995],[-110.5029,45.6903],[-110.5147,45.6811],[-110.5265,45.672],[-110.5383,45.6628],[-110.5501,45.6536],[-110.5619,45.6444],[-110.5649,45.6128],[-110.5679,45.5812],[-110.571,45.5496],[-110.574,45.5181],[-110.5857,45.5099],[-110.5974,45.5017],[-110.6091,45.4935],[-110.6208,45.4854],[-110.6264,45.4554],[-110.6319,45.4254],[-110.6485,45.421],[-110.6652,45.4165],[-110.6818,45.4121],[-110.6984,45.4076],[-110.7081,45.3971],[-110.7178,45.3866],[-110.7275,45.3761],[-110.7371,45.3656],[-110.7468,45.3551],[-110.7565,45.3446],[-110.7662,45.3341],[-110.7758,45.3236],[-110.7691,45.3021],[-110.7624,45.2807],[-110.7557,45.2592],[-110.749,45.2378],[-110.7269,45.2343],[-110.7047,45.2308],[-110.6826,45.2273],[-110.6604,45.2237],[-110.6557,45.2078],[-110.6509,45.1919],[-110.6462,45.176],[-110.6415,45.1601],[-110.6197,45.156],[-110.598,45.1518],[-110.5763,45.1477],[-110.5545,45.1435],[-110.5439,45.1575],[-110.5333,45.1714],[-110.5155,45.1775],[-110.4977,45.1835],[-110.4799,45.1896],[-110.4621,45.1957],[-110.4442,45.2017],[-110.4264,45.2078],[-110.4086,45.2139],[-110.3907,45.2199],[-110.3816,45.2287],[-110.3726,45.2375],[-110.3635,45.2463],[-110.3544,45.2551],[-110.3632,45.267],[-110.3719,45.2789],[-110.3807,45.2908],[-110.3895,45.3027],[-110.3831,45.3199],[-110.3767,45.3371],[-110.3703,45.3543],[-110.3639,45.3714],[-110.3896,45.3737],[-110.4153,45.3761],[-110.441,45.3784],[-110.4667,45.3807],[-110.4636,45.4104],[-110.4604,45.4402],[-110.4573,45.47],[-110.4541,45.4998],[-110.4443,45.5154],[-110.4344,45.531],[-110.4245,45.5466],[-110.4147,45.5622],[-110.4048,45.5778],[-110.3949,45.5933],[-110.385,45.6089],[-110.3751,45.6245],[-110.3772,45.7116]]]},"properties":{"OBJECTID":989,"state":"Montana","agency":"Montana Fish Wildlife and Parks","unit_type":"HD","unit_id":"317","unit_name":"Absaroka","unit_label":"Montana HD 317 - Absaroka","aliases":"2025 | 317 | 317 absaroka | absaroka | hd | hd 317 | hd 317 absaroka | montana | montana 317 | montana 317 absaroka | montana fish wildlife and parks | montana fish wildlife and parks 317 | montana hd 317 | montana hd 317 absaroka","year":"2025","Shape_Length":172815.23371770405,"Shape_Area":1105204924.150516}},{"type":"Feature","id":990,"geometry":{"type":"Polygon","coordinates":[[[-111.2553,45.8164],[-111.2702,45.8235],[-111.2851,45.8306],[-111.2759,45.8107],[-111.2666,45.7907],[-111.2574,45.7708],[-111.2482,45.7509],[-111.239,45.731],[-111.2298,45.7111],[-111.2206,45.6912],[-111.2114,45.6713],[-111.2088,45.6312],[-111.2062,45.5911],[-111.1838,45.5847],[-111.1615,45.5783],[-111.1392,45.5719],[-111.1169,45.5654],[-111.1033,45.5755],[-111.0898,45.5855],[-111.0762,45.5956],[-111.0627,45.6056],[-111.0425,45.5986],[-111.0223,45.5915],[-111.0018,45.6008],[-110.9814,45.61],[-110.9609,45.6193],[-110.9404,45.6286],[-110.9447,45.6537],[-110.9638,45.666],[-110.9829,45.6782],[-111.0021,45.6905],[-111.0212,45.7027],[-111.0259,45.7451],[-111.0306,45.7875],[-111.046,45.7948],[-111.0614,45.802],[-111.0768,45.8093],[-111.0922,45.8166],[-111.1126,45.8165],[-111.133,45.8165],[-111.1534,45.8165],[-111.1737,45.8165],[-111.1941,45.8165],[-111.2145,45.8165],[-111.2349,45.8164],[-111.2553,45.8164]]]},"properties":{"OBJECTID":990,"state":"Montana","agency":"Montana Fish Wildlife and Parks","unit_type":"HD","unit_id":"309","unit_name":"Bozeman","unit_label":"Montana HD 309 - Bozeman","aliases":"2025 | 309 | 309 bozeman | bozeman | hd | hd 309 | hd 309 bozeman | montana | montana 309 | montana 309 bozeman | montana fish wildlife and parks | montana fish wildlife and parks 309 | montana hd 309 | montana hd 309 bozeman","year":"2025","Shape_Length":93920.68822590288,"Shape_Area":455371846.01881844}},{"type":"Feature","id":991,"geometry":{"type":"Polygon","coordinates":[[[-111.978,46.7407],[-111.9939,46.7463],[-112.0099,46.7519],[-112.0259,46.7575],[-112.042,46.7631],[-112.0578,46.7482],[-112.0736,46.7333],[-112.0895,46.7184],[-112.1053,46.7035],[-112.1217,46.7148],[-112.1381,46.7261],[-112.1546,46.7375],[-112.171,46.7488],[-112.1735,46.7213],[-112.1761,46.6939],[-112.1649,46.6825],[-112.1538,46.6712],[-112.1427,46.6599],[-112.1315,46.6486],[-112.1204,46.6372],[-112.1093,46.6259],[-112.0982,46.6146],[-112.0871,46.6033],[-112.0756,46.5895],[-112.0641,46.5757],[-112.0526,46.5619],[-112.0411,46.5482],[-112.0171,46.5463],[-111.9931,46.5444],[-111.9691,46.5425],[-111.9451,46.5406],[-111.9362,46.552],[-111.9273,46.5635],[-111.9183,46.5749],[-111.9094,46.5864],[-111.8805,46.5806],[-111.8517,46.5747],[-111.8228,46.5689],[-111.794,46.563],[-111.7895,46.5954],[-111.7851,46.6277],[-111.7712,46.6327],[-111.7572,46.6377],[-111.7433,46.6427],[-111.7294,46.6476],[-111.7495,46.6521],[-111.7695,46.6566],[-111.7896,46.6611],[-111.8096,46.6656],[-111.8032,46.6995],[-111.8211,46.7068],[-111.8391,46.7141],[-111.857,46.7213],[-111.8749,46.7286],[-111.8859,46.7447],[-111.9089,46.7437],[-111.9319,46.7427],[-111.9549,46.7417],[-111.978,46.7407]]]},"properties":{"OBJECTID":991,"state":"Montana","agency":"Montana Fish Wildlife and Parks","unit_type":"HD","unit_id":"388","unit_name":"Granite Butte","unit_label":"Montana HD 388 - Granite Butte","aliases":"2025 | 388 | 388 granite butte | granite butte | hd | hd 388 | hd 388 granite butte | montana | montana 388 | montana 388 granite butte | montana fish wildlife and parks | montana fish wildlife and parks 388 | montana hd 388 | montana hd 388 granite butt","year":"2025","Shape_Length":106262.21891154928,"Shape_Area":495177818.9626245}},{"type":"Feature","id":992,"geometry":{"type":"Polygon","coordinates":[[[-114.3124,48.1279],[-114.3276,48.1451],[-114.3428,48.1624],[-114.3581,48.1796],[-114.3733,48.1968],[-114.3964,48.1873],[-114.4195,48.1778],[-114.4327,48.1601],[-114.446,48.1424],[-114.4592,48.1247],[-114.4724,48.107],[-114.4875,48.103],[-114.5026,48.0991],[-114.5176,48.0952],[-114.5326,48.0912],[-114.5541,48.0969],[-114.5755,48.1026],[-114.597,48.1083],[-114.6184,48.114],[-114.6304,48.1042],[-114.6424,48.0945],[-114.6544,48.0847],[-114.6663,48.0749],[-114.6783,48.0652],[-114.6903,48.0554],[-114.7022,48.0457],[-114.7142,48.0359],[-114.7302,48.037],[-114.7462,48.038],[-114.7622,48.0391],[-114.7782,48.0401],[-114.7942,48.0412],[-114.8102,48.0422],[-114.8262,48.0433],[-114.8423,48.0443],[-114.8609,48.0419],[-114.8795,48.0395],[-114.8982,48.0372],[-114.9168,48.0348],[-114.9355,48.0324],[-114.9541,48.03],[-114.9727,48.0276],[-114.9914,48.0251],[-114.984,48.0089],[-114.9767,47.9927],[-114.9694,47.9764],[-114.9621,47.9602],[-114.977,47.9447],[-114.9918,47.9292],[-114.974,47.9239],[-114.9562,47.9185],[-114.9384,47.9132],[-114.9206,47.9079],[-114.9028,47.9025],[-114.885,47.8972],[-114.8672,47.8919],[-114.8494,47.8865],[-114.8294,47.8865],[-114.8095,47.8865],[-114.7896,47.8866],[-114.7697,47.8866],[-114.7498,47.8866],[-114.7299,47.8866],[-114.71,47.8866],[-114.6901,47.8866],[-114.6702,47.8866],[-114.6503,47.8866],[-114.6304,47.8866],[-114.6105,47.8865],[-114.5906,47.8865],[-114.5707,47.8865],[-114.5508,47.8865],[-114.5309,47.8865],[-114.5109,47.8864],[-114.491,47.8864],[-114.4711,47.8864],[-114.4512,47.8863],[-114.4313,47.8863],[-114.4114,47.8863],[-114.3915,47.8862],[-114.3716,47.8862],[-114.3517,47.8861],[-114.3318,47.8861],[-114.3119,47.886],[-114.292,47.8859],[-114.2721,47.8859],[-114.2522,47.8858],[-114.2323,47.8858],[-114.2124,47.8857],[-114.1883,47.8965],[-114.1642,47.9073],[-114.1688,47.9489],[-114.1735,47.9906],[-114.1856,47.9972],[-114.1977,48.0038],[-114.2098,48.0105],[-114.2219,48.0171],[-114.2293,48.0473],[-114.2366,48.0776],[-114.247,48.0929],[-114.2574,48.1083],[-114.2678,48.1237],[-114.2783,48.1391],[-114.2953,48.1335],[-114.3124,48.1279]]]},"properties":{"OBJECTID":992,"state":"Montana","agency":"Montana Fish Wildlife and Parks","unit_type":"HD","unit_id":"120","unit_name":"Salish","unit_label":"Montana HD 120 - Salish","aliases":"120 | 120 salish | 2025 | hd | hd 120 | hd 120 salish | montana | montana 120 | montana 120 salish | montana fish wildlife and parks | montana fish wildlife and parks 120 | montana hd 120 | montana hd 120 salish | salish","year":"2025","Shape_Length":172357.99896996908,"Shape_Area":1302080747.7547073}},{"type":"Feature","id":993,"geometry":{"type":"Polygon","coordinates":[[[-113.1183,46.648],[-113.1355,46.66],[-113.1527,46.672],[-113.1608,46.6572],[-113.169,46.6424],[-113.1771,46.6276],[-113.1853,46.6128],[-113.1934,46.598],[-113.2016,46.5832],[-113.2097,46.5684],[-113.2178,46.5536],[-113.2221,46.5313],[-113.2264,46.509],[-113.2307,46.4867],[-113.235,46.4644],[-113.2187,46.4534],[-113.2023,46.4424],[-113.186,46.4313],[-113.1697,46.4203],[-113.1548,46.4279],[-113.1399,46.4354],[-113.1249,46.443],[-113.11,46.4506],[-113.0858,46.4586],[-113.0616,46.4666],[-113.0374,46.4745],[-113.0132,46.4825],[-112.996,46.4954],[-112.9788,46.5084],[-112.9616,46.5214],[-112.9444,46.5343],[-112.9363,46.5633],[-112.9283,46.5922],[-112.9514,46.5961],[-112.9745,46.6],[-112.9977,46.6038],[-113.0208,46.6077],[-113.0452,46.6178],[-113.0696,46.6279],[-113.094,46.638],[-113.1183,46.648]]]},"properties":{"OBJECTID":993,"state":"Montana","agency":"Montana Fish Wildlife and Parks","unit_type":"HD","unit_id":"217","unit_name":"Flint Creek","unit_label":"Montana HD 217 - Flint Creek","aliases":"2025 | 217 | 217 flint creek | flint creek | hd | hd 217 | hd 217 flint creek | montana | montana 217 | montana 217 flint creek | montana fish wildlife and parks | montana fish wildlife and parks 217 | montana hd 217 | montana hd 217 flint creek","year":"2025","Shape_Length":79113.6636214392,"Shape_Area":374978867.8545119}},{"type":"Feature","id":994,"geometry":{"type":"Polygon","coordinates":[[[-113.0631,46.1636],[-113.0812,46.1638],[-113.0993,46.1641],[-113.1174,46.1643],[-113.1354,46.1646],[-113.1535,46.1649],[-113.1716,46.1651],[-113.1897,46.1653],[-113.2077,46.1656],[-113.2155,46.1521],[-113.2233,46.1385],[-113.231,46.125],[-113.2388,46.1115],[-113.2465,46.098],[-113.2543,46.0844],[-113.262,46.0709],[-113.2698,46.0574],[-113.2413,46.0594],[-113.2128,46.0613],[-113.1843,46.0632],[-113.1558,46.0652],[-113.1343,46.0595],[-113.1127,46.0538],[-113.0912,46.0482],[-113.0697,46.0425],[-113.0482,46.0368],[-113.0267,46.0311],[-113.0051,46.0255],[-112.9836,46.0198],[-112.9789,46.0553],[-112.9658,46.0632],[-112.9528,46.0712],[-112.9398,46.0791],[-112.9267,46.087],[-112.9137,46.095],[-112.9006,46.1029],[-112.8876,46.1108],[-112.8745,46.1187],[-112.8981,46.1243],[-112.9217,46.13],[-112.9452,46.1356],[-112.9688,46.1412],[-112.9924,46.1468],[-113.016,46.1524],[-113.0395,46.158],[-113.0631,46.1636]]]},"properties":{"OBJECTID":994,"state":"Montana","agency":"Montana Fish Wildlife and Parks","unit_type":"HD","unit_id":"214","unit_name":"Flint Creek","unit_label":"Montana HD 214 - Flint Creek","aliases":"2025 | 214 | 214 flint creek | flint creek | hd | hd 214 | hd 214 flint creek | montana | montana 214 | montana 214 flint creek | montana fish wildlife and parks | montana fish wildlife and parks 214 | montana hd 214 | montana hd 214 flint creek","year":"2025","Shape_Length":77365.37301306719,"Shape_Area":290336442.9801195}},{"type":"Feature","id":995,"geometry":{"type":"Polygon","coordinates":[[[-115.9764,48.5698],[-115.9946,48.5821],[-116.0127,48.5944],[-116.0309,48.6067],[-116.0491,48.619],[-116.0492,48.6191],[-116.0493,48.6022],[-116.0493,48.5961],[-116.0493,48.5883],[-116.0492,48.5764],[-116.0492,48.5702],[-116.0492,48.5498],[-116.0492,48.5282],[-116.0492,48.505],[-116.0493,48.3342],[-116.0496,48.2833],[-116.0496,48.2642],[-116.0496,48.2458],[-116.0498,48.2167],[-116.0493,48.2164],[-116.0415,48.2047],[-116.0337,48.193],[-116.0258,48.1813],[-116.018,48.1695],[-116.0027,48.1644],[-115.9874,48.1593],[-115.972,48.1542],[-115.9567,48.1491],[-115.9467,48.1666],[-115.9368,48.1842],[-115.9197,48.189],[-115.9026,48.1938],[-115.8856,48.1987],[-115.8685,48.2035],[-115.8514,48.2083],[-115.8343,48.2132],[-115.8173,48.218],[-115.8002,48.2228],[-115.7859,48.2327],[-115.7717,48.2425],[-115.7575,48.2523],[-115.7432,48.2622],[-115.7255,48.2482],[-115.7078,48.2343],[-115.6901,48.2203],[-115.6724,48.2064],[-115.6843,48.1919],[-115.6961,48.1775],[-115.6835,48.1666],[-115.6709,48.1558],[-115.6584,48.145],[-115.6458,48.1341],[-115.6381,48.1201],[-115.6305,48.1061],[-115.6229,48.0921],[-115.6152,48.0781],[-115.6076,48.064],[-115.6,48.05],[-115.5923,48.036],[-115.5847,48.022],[-115.5648,48.0107],[-115.5449,47.9994],[-115.5515,47.9708],[-115.5582,47.9423],[-115.5414,47.9254],[-115.5247,47.9086],[-115.5002,47.9097],[-115.4756,47.9108],[-115.4511,47.912],[-115.4265,47.9131],[-115.402,47.9142],[-115.3774,47.9153],[-115.3529,47.9164],[-115.3283,47.9175],[-115.3096,47.9142],[-115.2909,47.911],[-115.2722,47.9077],[-115.2535,47.9044],[-115.2364,47.9082],[-115.2192,47.912],[-115.2021,47.9158],[-115.185,47.9195],[-115.1805,47.9469],[-115.176,47.9743],[-115.1658,47.9836],[-115.1557,47.9928],[-115.1455,48.0021],[-115.1353,48.0114],[-115.1251,48.0207],[-115.115,48.0299],[-115.1048,48.0392],[-115.0946,48.0485],[-115.1082,48.0578],[-115.1219,48.0672],[-115.1356,48.0765],[-115.1492,48.0858],[-115.1788,48.0816],[-115.2084,48.0773],[-115.238,48.0731],[-115.2675,48.0688],[-115.2856,48.0581],[-115.3036,48.0475],[-115.3217,48.0368],[-115.3397,48.0261],[-115.3525,48.0412],[-115.3653,48.0564],[-115.378,48.0715],[-115.3908,48.0867],[-115.4036,48.1018],[-115.4164,48.1169],[-115.4292,48.1321],[-115.442,48.1472],[-115.4435,48.1906],[-115.4533,48.2048],[-115.463,48.2189],[-115.4728,48.2331],[-115.4825,48.2473],[-115.4923,48.2615],[-115.5021,48.2757],[-115.5119,48.2898],[-115.5217,48.304],[-115.5282,48.3273],[-115.5348,48.3507],[-115.5414,48.374],[-115.548,48.3973],[-115.5624,48.4035],[-115.5768,48.4097],[-115.5911,48.4158],[-115.6055,48.422],[-115.6199,48.4281],[-115.6343,48.4343],[-115.6487,48.4404],[-115.6631,48.4466],[-115.6897,48.449],[-115.7163,48.4515],[-115.7429,48.454],[-115.7695,48.4564],[-115.7865,48.4526],[-115.8035,48.4487],[-115.8206,48.4448],[-115.8376,48.4409],[-115.8503,48.449],[-115.863,48.4571],[-115.8756,48.4651],[-115.8883,48.4732],[-115.901,48.4813],[-115.9137,48.4893],[-115.9264,48.4974],[-115.9391,48.5055],[-115.9484,48.5215],[-115.9577,48.5376],[-115.9671,48.5537],[-115.9764,48.5698]]]},"properties":{"OBJECTID":995,"state":"Montana","agency":"Montana Fish Wildlife and Parks","unit_type":"HD","unit_id":"104","unit_name":"Cabinets","unit_label":"Montana HD 104 - Cabinets","aliases":"104 | 104 cabinets | 2025 | cabinets | hd | hd 104 | hd 104 cabinets | montana | montana 104 | montana 104 cabinets | montana fish wildlife and parks | montana fish wildlife and parks 104 | montana hd 104 | montana hd 104 cabinets","year":"2025","Shape_Length":280441.0010990274,"Shape_Area":1967558627.1237607}},{"type":"Feature","id":996,"geometry":{"type":"Polygon","coordinates":[[[-114.4747,49.0],[-114.4906,49.0],[-114.5065,49.0],[-114.5224,49.0],[-114.5384,49.0],[-114.5543,49.0],[-114.5702,49.0],[-114.5862,49.0],[-114.6021,49.0],[-114.618,49.0],[-114.634,49.0],[-114.6499,49.0],[-114.6658,49.0],[-114.6817,49.0],[-114.6977,49.0],[-114.7136,49.0],[-114.7295,49.0],[-114.7183,48.9931],[-114.7071,48.9861],[-114.696,48.9792],[-114.6848,48.9723],[-114.7018,48.9557],[-114.7188,48.9391],[-114.712,48.9149],[-114.7053,48.8906],[-114.6985,48.8663],[-114.6917,48.8421],[-114.7019,48.8339],[-114.7121,48.8256],[-114.7223,48.8174],[-114.7325,48.8092],[-114.7158,48.8034],[-114.6992,48.7976],[-114.6825,48.7918],[-114.6659,48.786],[-114.6843,48.7775],[-114.7026,48.769],[-114.721,48.7606],[-114.7394,48.7521],[-114.7458,48.732],[-114.7523,48.712],[-114.7587,48.692],[-114.7651,48.6719],[-114.7444,48.6614],[-114.7236,48.6509],[-114.7029,48.6404],[-114.6821,48.6298],[-114.6614,48.6193],[-114.6407,48.6087],[-114.6199,48.5982],[-114.5992,48.5876],[-114.5873,48.5734],[-114.5754,48.5592],[-114.5635,48.545],[-114.5517,48.5308],[-114.5398,48.5166],[-114.5279,48.5024],[-114.516,48.4882],[-114.5042,48.474],[-114.4914,48.4567],[-114.4787,48.4394],[-114.466,48.4221],[-114.4533,48.4048],[-114.4316,48.406],[-114.4098,48.4072],[-114.3881,48.4084],[-114.3664,48.4096],[-114.3446,48.4108],[-114.3229,48.412],[-114.3011,48.4132],[-114.2794,48.4143],[-114.2657,48.4083],[-114.2519,48.4022],[-114.2382,48.3962],[-114.2244,48.3901],[-114.2107,48.384],[-114.197,48.378],[-114.1832,48.3719],[-114.1695,48.3658],[-114.1561,48.3709],[-114.1427,48.3759],[-114.1293,48.3809],[-114.1159,48.3859],[-114.0982,48.3903],[-114.0804,48.3947],[-114.0627,48.3992],[-114.045,48.4036],[-114.0514,48.4196],[-114.0577,48.4357],[-114.0641,48.4517],[-114.0705,48.4677],[-114.0842,48.4734],[-114.098,48.4791],[-114.1117,48.4848],[-114.1255,48.4905],[-114.1285,48.5228],[-114.1316,48.5551],[-114.1347,48.5874],[-114.1378,48.6198],[-114.1535,48.6338],[-114.1692,48.6479],[-114.1849,48.6619],[-114.2007,48.676],[-114.2164,48.6901],[-114.2322,48.7041],[-114.248,48.7182],[-114.2637,48.7322],[-114.2694,48.746],[-114.275,48.7599],[-114.2807,48.7737],[-114.2863,48.7875],[-114.2963,48.7962],[-114.3064,48.8049],[-114.3164,48.8136],[-114.3265,48.8223],[-114.3365,48.831],[-114.3466,48.8397],[-114.3566,48.8484],[-114.3667,48.8571],[-114.3712,48.887],[-114.3757,48.9169],[-114.3881,48.9273],[-114.4005,48.9377],[-114.4128,48.9481],[-114.4252,48.9585],[-114.4375,48.9688],[-114.4499,48.9792],[-114.4623,48.9896],[-114.4747,49.0]]]},"properties":{"OBJECTID":996,"state":"Montana","agency":"Montana Fish Wildlife and Parks","unit_type":"HD","unit_id":"110","unit_name":"Whitefish","unit_label":"Montana HD 110 - Whitefish","aliases":"110 | 110 whitefish | 2025 | hd | hd 110 | hd 110 whitefish | montana | montana 110 | montana 110 whitefish | montana fish wildlife and parks | montana fish wildlife and parks 110 | montana hd 110 | montana hd 110 whitefish | whitefish","year":"2025","Shape_Length":212229.36149125308,"Shape_Area":2051501251.7828112}},{"type":"Feature","id":997,"geometry":{"type":"Polygon","coordinates":[[[-113.8947,47.9615],[-113.9141,47.9709],[-113.9336,47.9804],[-113.953,47.9899],[-113.9724,47.9994],[-113.9919,48.0088],[-114.0113,48.0183],[-114.0308,48.0278],[-114.0502,48.0372],[-114.0448,48.0117],[-114.0394,47.9861],[-114.0373,47.8843],[-114.0088,47.8845],[-113.9803,47.8848],[-113.9518,47.885],[-113.9233,47.8852],[-113.9361,47.8678],[-113.9489,47.8504],[-113.9427,47.827],[-113.9364,47.8036],[-113.9302,47.7802],[-113.924,47.7568],[-113.9359,47.7476],[-113.9479,47.7385],[-113.9598,47.7294],[-113.9717,47.7203],[-113.9694,47.692],[-113.967,47.6638],[-113.9646,47.6356],[-113.9623,47.6073],[-113.9461,47.6028],[-113.9298,47.5983],[-113.9261,47.5738],[-113.9224,47.5493],[-113.9187,47.5248],[-113.915,47.5003],[-113.9331,47.4881],[-113.9512,47.4759],[-113.9412,47.4654],[-113.9311,47.455],[-113.9211,47.4445],[-113.9111,47.434],[-113.9011,47.4235],[-113.8911,47.413],[-113.881,47.4025],[-113.871,47.3921],[-113.8749,47.3736],[-113.8788,47.3551],[-113.8827,47.3366],[-113.8866,47.3181],[-113.8758,47.3065],[-113.865,47.295],[-113.8541,47.2835],[-113.8433,47.272],[-113.8202,47.2766],[-113.7972,47.2812],[-113.7741,47.2858],[-113.751,47.2903],[-113.7297,47.2996],[-113.7083,47.3088],[-113.6869,47.3181],[-113.6655,47.3273],[-113.6681,47.3545],[-113.6706,47.3817],[-113.6538,47.3871],[-113.637,47.3926],[-113.6202,47.3981],[-113.6034,47.4036],[-113.5866,47.4091],[-113.5698,47.4145],[-113.553,47.42],[-113.5362,47.4255],[-113.5237,47.4469],[-113.5112,47.4684],[-113.5365,47.4682],[-113.5618,47.468],[-113.5683,47.491],[-113.5748,47.514],[-113.5814,47.5371],[-113.5879,47.5601],[-113.5994,47.5703],[-113.611,47.5805],[-113.6225,47.5906],[-113.6341,47.6008],[-113.6265,47.631],[-113.6189,47.6611],[-113.6114,47.6913],[-113.6038,47.7214],[-113.6161,47.7352],[-113.6284,47.749],[-113.6407,47.7628],[-113.653,47.7766],[-113.6676,47.7863],[-113.6823,47.7959],[-113.6773,47.8463],[-113.6723,47.8966],[-113.6895,47.9071],[-113.7067,47.9176],[-113.7239,47.9281],[-113.7411,47.9386],[-113.7584,47.9491],[-113.7756,47.9596],[-113.7928,47.9701],[-113.8101,47.9806],[-113.8198,47.9679],[-113.8296,47.9552],[-113.8393,47.9426],[-113.849,47.9299],[-113.8605,47.9378],[-113.8719,47.9457],[-113.8833,47.9536],[-113.8947,47.9615]]]},"properties":{"OBJECTID":997,"state":"Montana","agency":"Montana Fish Wildlife and Parks","unit_type":"HD","unit_id":"130","unit_name":"Bob Marshall Wilderness Complex","unit_label":"Montana HD 130 - Bob Marshall Wilderness Complex","aliases":"130 | 130 bob marshall wilderness complex | 2025 | bob marshall wilderness complex | hd | hd 130 | hd 130 bob marshall wilderness complex | montana | montana 130 | montana 130 bob marshall wilderness complex | montana fish wildlife and parks | montana fi","year":"2025","Shape_Length":232689.955003258,"Shape_Area":1753025286.5999339}},{"type":"Feature","id":998,"geometry":{"type":"Polygon","coordinates":[[[-114.2794,48.4143],[-114.3011,48.4132],[-114.3229,48.412],[-114.3446,48.4108],[-114.3664,48.4096],[-114.3881,48.4084],[-114.4098,48.4072],[-114.4316,48.406],[-114.4533,48.4048],[-114.466,48.4221],[-114.4787,48.4394],[-114.4914,48.4567],[-114.5042,48.474],[-114.5118,48.4619],[-114.5,48.4447],[-114.4881,48.4275],[-114.4763,48.4103],[-114.4645,48.3931],[-114.4527,48.3759],[-114.4409,48.3587],[-114.4291,48.3414],[-114.4173,48.3242],[-114.4172,48.2335],[-114.4062,48.2243],[-114.3952,48.2151],[-114.3843,48.206],[-114.3733,48.1968],[-114.3581,48.1796],[-114.3428,48.1624],[-114.3276,48.1451],[-114.3124,48.1279],[-114.2953,48.1335],[-114.2783,48.1391],[-114.2678,48.1237],[-114.2574,48.1083],[-114.247,48.0929],[-114.2366,48.0776],[-114.2189,48.0804],[-114.2013,48.0833],[-114.1836,48.0862],[-114.1659,48.0891],[-114.1445,48.0817],[-114.1231,48.0743],[-114.1017,48.0669],[-114.0803,48.0595],[-114.07,48.0412],[-114.0598,48.0228],[-114.0496,48.0044],[-114.0394,47.9861],[-114.0448,48.0117],[-114.0502,48.0372],[-114.0308,48.0278],[-114.0113,48.0183],[-113.9919,48.0088],[-113.9724,47.9994],[-113.953,47.9899],[-113.9336,47.9804],[-113.9141,47.9709],[-113.8947,47.9615],[-113.8918,47.9847],[-113.8889,48.008],[-113.9021,48.0188],[-113.9154,48.0297],[-113.9286,48.0405],[-113.9418,48.0514],[-113.9427,48.1095],[-113.9522,48.1186],[-113.9617,48.1277],[-113.9712,48.1368],[-113.9808,48.146],[-113.9903,48.1551],[-113.9998,48.1642],[-114.0093,48.1733],[-114.0189,48.1824],[-114.0458,48.1822],[-114.0727,48.182],[-114.0725,48.2254],[-114.0873,48.24],[-114.1022,48.2546],[-114.117,48.2691],[-114.1319,48.2837],[-114.1279,48.3092],[-114.1239,48.3348],[-114.1199,48.3603],[-114.1159,48.3859],[-114.1293,48.3809],[-114.1427,48.3759],[-114.1561,48.3709],[-114.1695,48.3658],[-114.1832,48.3719],[-114.197,48.378],[-114.2107,48.384],[-114.2244,48.3901],[-114.2382,48.3962],[-114.2519,48.4022],[-114.2657,48.4083],[-114.2794,48.4143]]]},"properties":{"OBJECTID":998,"state":"Montana","agency":"Montana Fish Wildlife and Parks","unit_type":"HD","unit_id":"170","unit_name":"Flathead River","unit_label":"Montana HD 170 - Flathead River","aliases":"170 | 170 flathead river | 2025 | flathead river | hd | hd 170 | hd 170 flathead river | montana | montana 170 | montana 170 flathead river | montana fish wildlife and parks | montana fish wildlife and parks 170 | montana hd 170 | montana hd 170 flathead","year":"2025","Shape_Length":185523.8310718919,"Shape_Area":941997820.0246372}},{"type":"Feature","id":999,"geometry":{"type":"Polygon","coordinates":[[[-115.7432,48.2622],[-115.7575,48.2523],[-115.7717,48.2425],[-115.7859,48.2327],[-115.8002,48.2228],[-115.8173,48.218],[-115.8343,48.2132],[-115.8514,48.2083],[-115.8685,48.2035],[-115.8856,48.1987],[-115.9026,48.1938],[-115.9197,48.189],[-115.9368,48.1842],[-115.9467,48.1666],[-115.9567,48.1491],[-115.972,48.1542],[-115.9874,48.1593],[-116.0027,48.1644],[-116.018,48.1695],[-116.0258,48.1813],[-116.0337,48.193],[-116.0415,48.2047],[-116.0493,48.2164],[-116.0498,48.2167],[-116.0493,48.1685],[-116.0492,48.1125],[-116.0495,48.0901],[-116.0493,48.0652],[-116.0489,47.9768],[-116.0487,47.9768],[-116.0482,47.9767],[-116.0442,47.9746],[-116.0434,47.9743],[-116.0427,47.9742],[-116.0405,47.9725],[-116.0394,47.9716],[-116.0389,47.9715],[-116.0368,47.9717],[-116.0306,47.9727],[-116.0295,47.9716],[-116.0288,47.9709],[-116.0281,47.969],[-116.025,47.9668],[-116.0201,47.9634],[-116.0181,47.9612],[-116.0152,47.958],[-116.0142,47.9573],[-116.0141,47.9572],[-116.0116,47.9538],[-116.0116,47.9537],[-116.0115,47.9537],[-116.0076,47.9505],[-116.0073,47.9466],[-116.0075,47.9461],[-116.0076,47.9459],[-116.0074,47.9451],[-116.0069,47.9441],[-116.0068,47.9437],[-116.0062,47.943],[-116.0051,47.9426],[-116.0049,47.9425],[-116.0043,47.9418],[-116.0033,47.9407],[-116.0012,47.9399],[-116.0006,47.9397],[-115.9986,47.9389],[-115.9982,47.9387],[-115.9983,47.9369],[-115.9983,47.9369],[-115.998,47.9361],[-115.9951,47.9338],[-115.9946,47.931],[-115.9934,47.9293],[-115.9933,47.929],[-115.9938,47.9265],[-115.9879,47.9236],[-115.9875,47.9235],[-115.9862,47.9233],[-115.9852,47.9231],[-115.9836,47.9215],[-115.9834,47.9212],[-115.9833,47.9209],[-115.9828,47.9193],[-115.9831,47.9165],[-115.9828,47.9161],[-115.9819,47.9155],[-115.981,47.9153],[-115.9771,47.9147],[-115.9751,47.9145],[-115.9654,47.9109],[-115.9657,47.9088],[-115.9661,47.9079],[-115.9682,47.9016],[-115.9666,47.8984],[-115.9602,47.8982],[-115.9601,47.8982],[-115.9599,47.8981],[-115.9533,47.8941],[-115.952,47.8914],[-115.9519,47.8913],[-115.9502,47.8896],[-115.9478,47.8886],[-115.9474,47.8879],[-115.9454,47.8859],[-115.9453,47.8859],[-115.9416,47.8841],[-115.941,47.8837],[-115.9402,47.8832],[-115.9381,47.8813],[-115.9369,47.8798],[-115.9357,47.8751],[-115.9357,47.8748],[-115.9358,47.8748],[-115.9354,47.8742],[-115.9305,47.8708],[-115.9296,47.8696],[-115.9289,47.8686],[-115.9266,47.8676],[-115.9255,47.8671],[-115.9251,47.8663],[-115.9246,47.864],[-115.9236,47.8628],[-115.9234,47.8626],[-115.9188,47.8537],[-115.9188,47.8537],[-115.9186,47.8537],[-115.9175,47.8536],[-115.907,47.8509],[-115.9065,47.8503],[-115.9065,47.8501],[-115.907,47.8479],[-115.9071,47.8471],[-115.9065,47.8463],[-115.9037,47.8444],[-115.9017,47.8433],[-115.8992,47.8437],[-115.8988,47.8438],[-115.8978,47.8448],[-115.8965,47.8453],[-115.8925,47.846],[-115.8923,47.846],[-115.8819,47.8495],[-115.8815,47.8496],[-115.88,47.8477],[-115.8792,47.8465],[-115.8766,47.8446],[-115.8753,47.8432],[-115.875,47.8428],[-115.873,47.8379],[-115.8721,47.8371],[-115.8716,47.8359],[-115.8715,47.8358],[-115.871,47.8351],[-115.8705,47.8348],[-115.8673,47.8336],[-115.8638,47.8331],[-115.8611,47.8318],[-115.8588,47.8303],[-115.8563,47.8286],[-115.8532,47.8281],[-115.8465,47.8167],[-115.8456,47.8149],[-115.8466,47.8137],[-115.8491,47.8106],[-115.8487,47.7994],[-115.8484,47.7989],[-115.8466,47.7956],[-115.8461,47.7944],[-115.8477,47.7858],[-115.841,47.7805],[-115.8368,47.7731],[-115.8367,47.7727],[-115.8367,47.7727],[-115.8359,47.771],[-115.8355,47.761],[-115.8354,47.7609],[-115.8267,47.753],[-115.8127,47.7563],[-115.8086,47.7569],[-115.8041,47.7585],[-115.804,47.7585],[-115.7998,47.7576],[-115.7994,47.7576],[-115.7969,47.7567],[-115.7955,47.7546],[-115.7947,47.7537],[-115.7851,47.7475],[-115.7835,47.746],[-115.7784,47.732],[-115.7733,47.718],[-115.7691,47.7177],[-115.7647,47.7173],[-115.7592,47.719],[-115.7435,47.7009],[-115.7279,47.6828],[-115.7281,47.6823],[-115.7278,47.6716],[-115.7289,47.671],[-115.7316,47.6442],[-115.7315,47.644],[-115.708,47.6349],[-115.7073,47.6343],[-115.7029,47.6299],[-115.7023,47.6295],[-115.6965,47.625],[-115.6956,47.6244],[-115.6945,47.6223],[-115.6945,47.6213],[-115.6939,47.6183],[-115.6938,47.6183],[-115.6934,47.6179],[-115.693,47.6169],[-115.6929,47.6169],[-115.6721,47.6189],[-115.6513,47.6209],[-115.6305,47.6229],[-115.6097,47.6249],[-115.5888,47.6269],[-115.568,47.6289],[-115.5472,47.6308],[-115.5264,47.6328],[-115.5117,47.6366],[-115.4971,47.6404],[-115.4825,47.6442],[-115.4678,47.648],[-115.4532,47.6517],[-115.4385,47.6555],[-115.4239,47.6593],[-115.4092,47.6631],[-115.4041,47.6496],[-115.3989,47.6362],[-115.3937,47.6228],[-115.3886,47.6094],[-115.3696,47.6057],[-115.3506,47.602],[-115.3317,47.5983],[-115.3127,47.5946],[-115.2938,47.5909],[-115.2748,47.5872],[-115.2559,47.5835],[-115.2369,47.5798],[-115.2277,47.5893],[-115.2185,47.5988],[-115.2092,47.6083],[-115.2,47.6179],[-115.1908,47.6274],[-115.1816,47.6369],[-115.1723,47.6464],[-115.1631,47.6559],[-115.1677,47.6965],[-115.1724,47.7371],[-115.1945,47.7384],[-115.2167,47.7397],[-115.2388,47.741],[-115.261,47.7423],[-115.2591,47.7828],[-115.2572,47.8233],[-115.2554,47.8639],[-115.2535,47.9044],[-115.2722,47.9077],[-115.2909,47.911],[-115.3096,47.9142],[-115.3283,47.9175],[-115.3529,47.9164],[-115.3774,47.9153],[-115.402,47.9142],[-115.4265,47.9131],[-115.4511,47.912],[-115.4756,47.9108],[-115.5002,47.9097],[-115.5247,47.9086],[-115.5414,47.9254],[-115.5582,47.9423],[-115.5515,47.9708],[-115.5449,47.9994],[-115.5648,48.0107],[-115.5847,48.022],[-115.5923,48.036],[-115.6,48.05],[-115.6076,48.064],[-115.6152,48.0781],[-115.6229,48.0921],[-115.6305,48.1061],[-115.6381,48.1201],[-115.6458,48.1341],[-115.6584,48.145],[-115.6709,48.1558],[-115.6835,48.1666],[-115.6961,48.1775],[-115.6843,48.1919],[-115.6724,48.2064],[-115.6901,48.2203],[-115.7078,48.2343],[-115.7255,48.2482],[-115.7432,48.2622]]]},"properties":{"OBJECTID":999,"state":"Montana","agency":"Montana Fish Wildlife and Parks","unit_type":"HD","unit_id":"121","unit_name":"Lower Clark Fork","unit_label":"Montana HD 121 - Lower Clark Fork","aliases":"121 | 121 lower clark fork | 2025 | hd | hd 121 | hd 121 lower clark fork | lower clark fork | montana | montana 121 | montana 121 lower clark fork | montana fish wildlife and parks | montana fish wildlife and parks 121 | montana hd 121 | montana hd 121","year":"2025","Shape_Length":265509.68040465226,"Shape_Area":2511837410.4774885}},{"type":"Feature","id":1000,"geometry":{"type":"Polygon","coordinates":[[[-114.9914,48.0251],[-115.0172,48.031],[-115.043,48.0368],[-115.0688,48.0427],[-115.0946,48.0485],[-115.1048,48.0392],[-115.115,48.0299],[-115.1251,48.0207],[-115.1353,48.0114],[-115.1455,48.0021],[-115.1557,47.9928],[-115.1658,47.9836],[-115.176,47.9743],[-115.1805,47.9469],[-115.185,47.9195],[-115.2021,47.9158],[-115.2192,47.912],[-115.2364,47.9082],[-115.2535,47.9044],[-115.2554,47.8639],[-115.2572,47.8233],[-115.2591,47.7828],[-115.261,47.7423],[-115.2388,47.741],[-115.2167,47.7397],[-115.1945,47.7384],[-115.1724,47.7371],[-115.1677,47.6965],[-115.1631,47.6559],[-115.1723,47.6464],[-115.1816,47.6369],[-115.1908,47.6274],[-115.2,47.6179],[-115.2092,47.6083],[-115.2185,47.5988],[-115.2277,47.5893],[-115.2369,47.5798],[-115.2213,47.5776],[-115.2057,47.5755],[-115.1901,47.5733],[-115.1745,47.5712],[-115.1582,47.565],[-115.1419,47.5589],[-115.1256,47.5528],[-115.1094,47.5467],[-115.0931,47.5405],[-115.0768,47.5344],[-115.0606,47.5283],[-115.0443,47.5221],[-115.0162,47.518],[-114.988,47.5138],[-114.9599,47.5096],[-114.9318,47.5054],[-114.9277,47.4786],[-114.9236,47.4518],[-114.903,47.4528],[-114.8823,47.4537],[-114.8691,47.4427],[-114.8559,47.4317],[-114.8427,47.4207],[-114.8296,47.4096],[-114.8164,47.3986],[-114.8032,47.3876],[-114.79,47.3765],[-114.7769,47.3655],[-114.7916,47.3519],[-114.8063,47.3382],[-114.8211,47.3246],[-114.8358,47.311],[-114.8278,47.2935],[-114.8198,47.276],[-114.792,47.2707],[-114.7642,47.2655],[-114.7363,47.2602],[-114.7085,47.2549],[-114.6973,47.2646],[-114.686,47.2742],[-114.6877,47.3806],[-114.694,47.3931],[-114.7003,47.4056],[-114.7066,47.418],[-114.7129,47.4305],[-114.7192,47.443],[-114.7255,47.4554],[-114.7318,47.4679],[-114.7382,47.4804],[-114.7501,47.4898],[-114.762,47.4992],[-114.7739,47.5086],[-114.7858,47.5181],[-114.7798,47.5575],[-114.7738,47.597],[-114.7678,47.6364],[-114.7617,47.6759],[-114.751,47.6835],[-114.7403,47.6911],[-114.7296,47.6987],[-114.7189,47.7062],[-114.7299,47.7209],[-114.7409,47.7355],[-114.7519,47.7502],[-114.763,47.7649],[-114.7819,47.7716],[-114.8009,47.7783],[-114.8198,47.785],[-114.8388,47.7918],[-114.8263,47.8072],[-114.8139,47.8227],[-114.8015,47.8381],[-114.789,47.8536],[-114.8041,47.8618],[-114.8192,47.8701],[-114.8343,47.8783],[-114.8494,47.8865],[-114.8672,47.8919],[-114.885,47.8972],[-114.9028,47.9025],[-114.9206,47.9079],[-114.9384,47.9132],[-114.9562,47.9185],[-114.974,47.9239],[-114.9918,47.9292],[-114.977,47.9447],[-114.9621,47.9602],[-114.9694,47.9764],[-114.9767,47.9927],[-114.984,48.0089],[-114.9914,48.0251]]]},"properties":{"OBJECTID":1000,"state":"Montana","agency":"Montana Fish Wildlife and Parks","unit_type":"HD","unit_id":"122","unit_name":"Salish","unit_label":"Montana HD 122 - Salish","aliases":"122 | 122 salish | 2025 | hd | hd 122 | hd 122 salish | montana | montana 122 | montana 122 salish | montana fish wildlife and parks | montana fish wildlife and parks 122 | montana hd 122 | montana hd 122 salish | salish","year":"2025","Shape_Length":244975.87162174057,"Shape_Area":1873977499.3848524}},{"type":"Feature","id":1001,"geometry":{"type":"Polygon","coordinates":[[[-110.1449,45.4801],[-110.1592,45.4862],[-110.1735,45.4924],[-110.1878,45.4985],[-110.2022,45.5046],[-110.2178,45.4869],[-110.2334,45.4692],[-110.2552,45.4637],[-110.277,45.4581],[-110.2988,45.4526],[-110.3206,45.447],[-110.3215,45.3913],[-110.3427,45.3814],[-110.3639,45.3714],[-110.3703,45.3543],[-110.3767,45.3371],[-110.3831,45.3199],[-110.3895,45.3027],[-110.3807,45.2908],[-110.3719,45.2789],[-110.3632,45.267],[-110.3544,45.2551],[-110.3439,45.2453],[-110.3334,45.2355],[-110.3229,45.2258],[-110.3124,45.216],[-110.302,45.2062],[-110.2915,45.1964],[-110.281,45.1866],[-110.2705,45.1768],[-110.2563,45.1714],[-110.242,45.1659],[-110.2277,45.1605],[-110.2135,45.155],[-110.2017,45.163],[-110.1899,45.171],[-110.1782,45.1789],[-110.1664,45.1869],[-110.1546,45.1949],[-110.1428,45.2028],[-110.131,45.2108],[-110.1193,45.2188],[-110.1102,45.2295],[-110.1011,45.2402],[-110.1127,45.263],[-110.1244,45.2857],[-110.1361,45.3085],[-110.1477,45.3313],[-110.1431,45.3569],[-110.1384,45.3826],[-110.1338,45.4082],[-110.1291,45.4339],[-110.137,45.457],[-110.1449,45.4801]]]},"properties":{"OBJECTID":1001,"state":"Montana","agency":"Montana Fish Wildlife and Parks","unit_type":"HD","unit_id":"565","unit_name":"Absaroka","unit_label":"Montana HD 565 - Absaroka","aliases":"2025 | 565 | 565 absaroka | absaroka | hd | hd 565 | hd 565 absaroka | montana | montana 565 | montana 565 absaroka | montana fish wildlife and parks | montana fish wildlife and parks 565 | montana hd 565 | montana hd 565 absaroka","year":"2025","Shape_Length":97748.2344203811,"Shape_Area":547153566.0193241}},{"type":"Feature","id":1002,"geometry":{"type":"Polygon","coordinates":[[[-113.3571,48.3179],[-113.3717,48.3094],[-113.3862,48.301],[-113.4008,48.2925],[-113.4154,48.2841],[-113.4299,48.2756],[-113.4445,48.2671],[-113.459,48.2587],[-113.4736,48.2502],[-113.4928,48.2461],[-113.5121,48.242],[-113.5314,48.2378],[-113.5506,48.2337],[-113.5619,48.2493],[-113.5732,48.265],[-113.5845,48.2806],[-113.5958,48.2963],[-113.6071,48.3119],[-113.6184,48.3276],[-113.6297,48.3432],[-113.6411,48.3588],[-113.6521,48.3665],[-113.6632,48.3741],[-113.6743,48.3817],[-113.6853,48.3893],[-113.6964,48.3969],[-113.7075,48.4045],[-113.7186,48.4121],[-113.7297,48.4198],[-113.7591,48.4228],[-113.7885,48.4259],[-113.7971,48.4386],[-113.8057,48.4514],[-113.8144,48.4642],[-113.823,48.477],[-113.8388,48.4818],[-113.8547,48.4866],[-113.8705,48.4913],[-113.8864,48.4961],[-113.8934,48.4676],[-113.9005,48.4392],[-113.8865,48.4329],[-113.8726,48.4267],[-113.8586,48.4205],[-113.8447,48.4143],[-113.8307,48.4081],[-113.8168,48.4019],[-113.8029,48.3957],[-113.7889,48.3895],[-113.7944,48.3697],[-113.7998,48.3499],[-113.7831,48.3394],[-113.7664,48.3289],[-113.7497,48.3185],[-113.733,48.308],[-113.7225,48.2835],[-113.712,48.2591],[-113.7015,48.2347],[-113.691,48.2102],[-113.6732,48.1962],[-113.6554,48.1822],[-113.6376,48.1681],[-113.6199,48.1541],[-113.6138,48.1265],[-113.6077,48.0989],[-113.5941,48.0942],[-113.5804,48.0895],[-113.5668,48.0849],[-113.5532,48.0802],[-113.5396,48.0756],[-113.5259,48.0709],[-113.5123,48.0662],[-113.4987,48.0616],[-113.4826,48.0681],[-113.4665,48.0746],[-113.4504,48.0812],[-113.4342,48.0877],[-113.4188,48.078],[-113.4034,48.0683],[-113.388,48.0586],[-113.3726,48.0489],[-113.3671,48.0166],[-113.3579,47.989],[-113.3654,48.0172],[-113.3583,48.0292],[-113.3512,48.0411],[-113.3441,48.0531],[-113.3369,48.065],[-113.3298,48.077],[-113.3227,48.089],[-113.3155,48.1009],[-113.3084,48.1129],[-113.2925,48.1156],[-113.2766,48.1184],[-113.2606,48.1211],[-113.2447,48.1238],[-113.2288,48.1266],[-113.2128,48.1293],[-113.1969,48.1321],[-113.181,48.1348],[-113.1929,48.1506],[-113.2049,48.1665],[-113.2129,48.1867],[-113.2209,48.2069],[-113.2289,48.2272],[-113.2369,48.2474],[-113.2519,48.2562],[-113.2669,48.265],[-113.282,48.2738],[-113.297,48.2827],[-113.312,48.2915],[-113.327,48.3003],[-113.3421,48.3091],[-113.3571,48.3179]]]},"properties":{"OBJECTID":1002,"state":"Montana","agency":"Montana Fish Wildlife and Parks","unit_type":"HD","unit_id":"141","unit_name":"Bob Marshall Wilderness Complex","unit_label":"Montana HD 141 - Bob Marshall Wilderness Complex","aliases":"141 | 141 bob marshall wilderness complex | 2025 | bob marshall wilderness complex | hd | hd 141 | hd 141 bob marshall wilderness complex | montana | montana 141 | montana 141 bob marshall wilderness complex | montana fish wildlife and parks | montana fi","year":"2025","Shape_Length":188539.02028569538,"Shape_Area":893204815.815523}},{"type":"Feature","id":1003,"geometry":{"type":"Polygon","coordinates":[[[-110.4405,46.5395],[-110.4569,46.5447],[-110.4733,46.5499],[-110.4897,46.5551],[-110.5062,46.5603],[-110.5226,46.5654],[-110.539,46.5706],[-110.5555,46.5758],[-110.5719,46.581],[-110.5884,46.5862],[-110.6048,46.5913],[-110.6213,46.5965],[-110.6377,46.6017],[-110.6542,46.6068],[-110.6706,46.612],[-110.6871,46.6172],[-110.7035,46.6223],[-110.7173,46.6153],[-110.731,46.6082],[-110.7448,46.6011],[-110.7585,46.5941],[-110.7722,46.587],[-110.7859,46.5799],[-110.7997,46.5728],[-110.8134,46.5658],[-110.8366,46.5615],[-110.8598,46.5573],[-110.8831,46.5531],[-110.9063,46.5489],[-110.9061,46.4204],[-110.8934,46.4101],[-110.8806,46.3998],[-110.8679,46.3896],[-110.8552,46.3793],[-110.8425,46.369],[-110.8297,46.3587],[-110.817,46.3485],[-110.8043,46.3382],[-110.7804,46.3335],[-110.7566,46.3289],[-110.7426,46.3398],[-110.7286,46.3507],[-110.7146,46.3616],[-110.7006,46.3725],[-110.6715,46.3707],[-110.6423,46.3689],[-110.619,46.3799],[-110.5956,46.3909],[-110.5723,46.4018],[-110.5489,46.4128],[-110.5329,46.4146],[-110.5169,46.4164],[-110.5009,46.4183],[-110.4848,46.4201],[-110.4688,46.4219],[-110.4528,46.4238],[-110.4368,46.4256],[-110.4208,46.4274],[-110.3954,46.4351],[-110.37,46.4428],[-110.3446,46.4505],[-110.3192,46.4582],[-110.3126,46.4726],[-110.306,46.487],[-110.3228,46.4936],[-110.3396,46.5002],[-110.3564,46.5067],[-110.3732,46.5133],[-110.39,46.5198],[-110.4068,46.5264],[-110.4236,46.533],[-110.4405,46.5395]]]},"properties":{"OBJECTID":1003,"state":"Montana","agency":"Montana Fish Wildlife and Parks","unit_type":"HD","unit_id":"452","unit_name":"Castle Mountains","unit_label":"Montana HD 452 - Castle Mountains","aliases":"2025 | 452 | 452 castle mountains | castle mountains | hd | hd 452 | hd 452 castle mountains | montana | montana 452 | montana 452 castle mountains | montana fish wildlife and parks | montana fish wildlife and parks 452 | montana hd 452 | montana hd 452","year":"2025","Shape_Length":123679.09759779501,"Shape_Area":866215157.9092052}},{"type":"Feature","id":1004,"geometry":{"type":"Polygon","coordinates":[[[-110.0923,46.9681],[-110.1107,46.9754],[-110.129,46.9827],[-110.1474,46.99],[-110.1658,46.9972],[-110.1813,46.9923],[-110.1969,46.9874],[-110.2124,46.9825],[-110.2279,46.9775],[-110.2434,46.9726],[-110.2589,46.9677],[-110.2744,46.9627],[-110.2899,46.9578],[-110.3101,46.9603],[-110.3303,46.9627],[-110.3505,46.9652],[-110.3707,46.9676],[-110.3838,46.9603],[-110.397,46.9529],[-110.4102,46.9456],[-110.4233,46.9383],[-110.41,46.9272],[-110.3967,46.9161],[-110.3834,46.905],[-110.3701,46.8939],[-110.3568,46.8828],[-110.3435,46.8717],[-110.3302,46.8606],[-110.3169,46.8496],[-110.2947,46.8492],[-110.2725,46.8488],[-110.2628,46.8621],[-110.2531,46.8753],[-110.2433,46.8886],[-110.2336,46.9018],[-110.216,46.9101],[-110.1983,46.9184],[-110.1806,46.9267],[-110.163,46.935],[-110.1453,46.9433],[-110.1276,46.9516],[-110.11,46.9599],[-110.0923,46.9681]]]},"properties":{"OBJECTID":1004,"state":"Montana","agency":"Montana Fish Wildlife and Parks","unit_type":"HD","unit_id":"420","unit_name":"Northeast Little Belts","unit_label":"Montana HD 420 - Northeast Little Belts","aliases":"2025 | 420 | 420 northeast little belts | hd | hd 420 | hd 420 northeast little belts | montana | montana 420 | montana 420 northeast little belts | montana fish wildlife and parks | montana fish wildlife and parks 420 | montana hd 420 | montana hd 420 n","year":"2025","Shape_Length":64169.78347881517,"Shape_Area":190238182.3028321}},{"type":"Feature","id":1005,"geometry":{"type":"Polygon","coordinates":[[[-109.1674,49.0],[-109.1954,49.0001],[-109.2234,49.0002],[-109.2514,49.0003],[-109.2794,49.0003],[-109.3074,49.0004],[-109.3354,49.0005],[-109.3634,49.0005],[-109.3914,49.0006],[-109.4194,49.0006],[-109.4474,49.0006],[-109.4754,49.0007],[-109.5034,49.0007],[-109.5313,49.0007],[-109.5593,49.0007],[-109.5873,49.0007],[-109.6153,49.0007],[-109.6433,49.0007],[-109.6713,49.0007],[-109.6993,49.0007],[-109.7273,49.0007],[-109.7553,49.0007],[-109.7833,49.0006],[-109.8113,49.0006],[-109.8393,49.0006],[-109.8673,49.0005],[-109.8953,49.0005],[-109.9233,49.0004],[-109.9513,49.0003],[-109.9793,49.0003],[-110.0073,49.0002],[-110.0353,49.0001],[-110.0633,49.0],[-110.0845,49.0001],[-110.1058,49.0001],[-110.127,49.0002],[-110.1483,49.0002],[-110.1695,49.0002],[-110.1908,49.0003],[-110.212,49.0003],[-110.2333,49.0003],[-110.2545,49.0003],[-110.2757,49.0004],[-110.297,49.0004],[-110.3182,49.0004],[-110.3395,49.0004],[-110.3607,49.0004],[-110.382,49.0004],[-110.4032,49.0004],[-110.4245,49.0004],[-110.4457,49.0004],[-110.467,49.0004],[-110.4882,49.0004],[-110.5095,49.0004],[-110.5307,49.0004],[-110.552,49.0003],[-110.5732,49.0003],[-110.5945,49.0003],[-110.6157,49.0003],[-110.637,49.0002],[-110.6582,49.0002],[-110.6795,49.0002],[-110.7007,49.0001],[-110.7219,49.0001],[-110.7432,49.0],[-110.747,48.957],[-110.7508,48.9141],[-110.7503,48.7402],[-110.7499,48.5665],[-110.7562,48.5531],[-110.7311,48.5532],[-110.706,48.5532],[-110.6809,48.5532],[-110.6558,48.5532],[-110.6307,48.5532],[-110.6056,48.5531],[-110.5806,48.5531],[-110.5555,48.5531],[-110.5304,48.5531],[-110.5053,48.5531],[-110.4802,48.553],[-110.4551,48.553],[-110.43,48.5529],[-110.4049,48.5529],[-110.3798,48.5529],[-110.3547,48.5528],[-110.3368,48.5562],[-110.319,48.5596],[-110.3011,48.5631],[-110.2832,48.5665],[-110.2646,48.5665],[-110.246,48.5666],[-110.2274,48.5666],[-110.2088,48.5666],[-110.1903,48.5667],[-110.1717,48.5667],[-110.1531,48.5667],[-110.1345,48.5668],[-110.1159,48.5668],[-110.0973,48.5668],[-110.0787,48.5668],[-110.0601,48.5669],[-110.0415,48.5669],[-110.0229,48.5669],[-110.0043,48.5669],[-109.9858,48.5669],[-109.9655,48.566],[-109.9453,48.5651],[-109.9251,48.5641],[-109.9049,48.5632],[-109.8846,48.5623],[-109.8644,48.5614],[-109.8442,48.5604],[-109.824,48.5595],[-109.8038,48.5585],[-109.7835,48.5576],[-109.7633,48.5566],[-109.7431,48.5557],[-109.7229,48.5547],[-109.7027,48.5538],[-109.6825,48.5528],[-109.6622,48.5519],[-109.6434,48.5587],[-109.6245,48.5655],[-109.6039,48.5656],[-109.5832,48.5657],[-109.5626,48.5658],[-109.5419,48.5659],[-109.5213,48.5659],[-109.5007,48.566],[-109.48,48.5661],[-109.4594,48.5661],[-109.441,48.5766],[-109.4227,48.5871],[-109.402,48.5883],[-109.3814,48.5895],[-109.3607,48.5908],[-109.34,48.592],[-109.3193,48.5932],[-109.2987,48.5944],[-109.278,48.5956],[-109.2573,48.5968],[-109.2381,48.5953],[-109.219,48.5939],[-109.1998,48.5925],[-109.1807,48.591],[-109.1615,48.5896],[-109.1424,48.5881],[-109.1232,48.5867],[-109.104,48.5852],[-109.0849,48.5838],[-109.0657,48.5823],[-109.0466,48.5809],[-109.0274,48.5794],[-109.0083,48.578],[-108.9891,48.5765],[-108.97,48.575],[-108.9508,48.5736],[-108.9298,48.5668],[-108.9087,48.56],[-108.8876,48.5533],[-108.8665,48.5465],[-108.8455,48.5398],[-108.8244,48.533],[-108.8034,48.5262],[-108.7823,48.5195],[-108.7777,48.5383],[-108.773,48.5571],[-108.7684,48.576],[-108.7637,48.5948],[-108.7466,48.6068],[-108.7295,48.6187],[-108.7124,48.6307],[-108.6952,48.6426],[-108.6821,48.6496],[-108.6689,48.6567],[-108.6557,48.6637],[-108.6425,48.6707],[-108.6293,48.6776],[-108.616,48.6846],[-108.6028,48.6916],[-108.5896,48.6986],[-108.5764,48.7056],[-108.5632,48.7126],[-108.55,48.7196],[-108.5367,48.7266],[-108.5235,48.7336],[-108.5103,48.7406],[-108.497,48.7476],[-108.4838,48.7546],[-108.4588,48.7612],[-108.4339,48.7679],[-108.4339,48.8302],[-108.4119,48.838],[-108.39,48.8457],[-108.3889,48.9998],[-108.4133,48.9999],[-108.4376,48.9999],[-108.4619,49.0],[-108.4862,49.0],[-108.5106,49.0001],[-108.5349,49.0002],[-108.5592,49.0002],[-108.5835,49.0002],[-108.6079,49.0003],[-108.6322,49.0003],[-108.6565,49.0003],[-108.6809,49.0004],[-108.7052,49.0004],[-108.7295,49.0004],[-108.7538,49.0004],[-108.7782,49.0004],[-108.8025,49.0004],[-108.8268,49.0004],[-108.8511,49.0004],[-108.8755,49.0004],[-108.8998,49.0004],[-108.9241,49.0004],[-108.9485,49.0004],[-108.9728,49.0004],[-108.9971,49.0003],[-109.0214,49.0003],[-109.0458,49.0003],[-109.0701,49.0002],[-109.0944,49.0002],[-109.1187,49.0001],[-109.1431,49.0001],[-109.1674,49.0]]]},"properties":{"OBJECTID":1005,"state":"Montana","agency":"Montana Fish Wildlife and Parks","unit_type":"HD","unit_id":"600","unit_name":"Prairie Ag","unit_label":"Montana HD 600 - Prairie Ag","aliases":"2025 | 600 | 600 prairie ag | hd | hd 600 | hd 600 prairie ag | montana | montana 600 | montana 600 prairie ag | montana fish wildlife and parks | montana fish wildlife and parks 600 | montana hd 600 | montana hd 600 prairie ag | prairie ag","year":"2025","Shape_Length":441047.4633220259,"Shape_Area":7945419530.332838}},{"type":"Feature","id":1006,"geometry":{"type":"Polygon","coordinates":[[[-108.7604,48.4886],[-108.7764,48.4946],[-108.7925,48.5006],[-108.8085,48.5066],[-108.8245,48.5126],[-108.8405,48.5185],[-108.8566,48.5245],[-108.8726,48.5305],[-108.8887,48.5364],[-108.888,48.4063],[-108.8874,48.2762],[-108.8867,48.1462],[-108.8861,48.0162],[-108.8854,47.9227],[-108.8689,47.9226],[-108.8525,47.9225],[-108.8361,47.9224],[-108.8196,47.9222],[-108.8032,47.9221],[-108.7868,47.922],[-108.7703,47.9218],[-108.7539,47.9217],[-108.7374,47.9216],[-108.721,47.9214],[-108.7046,47.9213],[-108.6881,47.9211],[-108.6717,47.921],[-108.6553,47.9208],[-108.6388,47.9207],[-108.6224,47.9205],[-108.6181,47.9382],[-108.6137,47.9558],[-108.6094,47.9734],[-108.6051,47.9911],[-108.586,47.9894],[-108.5668,47.9876],[-108.5477,47.9859],[-108.5286,47.9842],[-108.5095,47.9825],[-108.4904,47.9808],[-108.4713,47.9791],[-108.4522,47.9773],[-108.4643,47.9658],[-108.4765,47.9543],[-108.4886,47.9427],[-108.5007,47.9312],[-108.4762,47.9199],[-108.4517,47.9086],[-108.4272,47.8972],[-108.4028,47.8859],[-108.3839,47.8872],[-108.365,47.8886],[-108.3598,47.9192],[-108.3547,47.9498],[-108.3495,47.9804],[-108.3444,48.011],[-108.3392,48.0416],[-108.3341,48.0723],[-108.3289,48.1029],[-108.3237,48.1335],[-108.3186,48.1642],[-108.3134,48.1948],[-108.3082,48.2254],[-108.303,48.2561],[-108.2978,48.2867],[-108.2926,48.3174],[-108.2874,48.348],[-108.2822,48.3787],[-108.2936,48.4025],[-108.3126,48.4158],[-108.3316,48.4292],[-108.3559,48.4317],[-108.3802,48.4342],[-108.4045,48.4367],[-108.4288,48.4392],[-108.4384,48.4261],[-108.448,48.413],[-108.4705,48.4201],[-108.493,48.4272],[-108.5154,48.4343],[-108.5379,48.4414],[-108.5478,48.4586],[-108.5578,48.4759],[-108.5775,48.479],[-108.5972,48.4822],[-108.617,48.4854],[-108.6367,48.4885],[-108.6565,48.4917],[-108.6762,48.4948],[-108.696,48.498],[-108.7158,48.5011],[-108.7381,48.4949],[-108.7604,48.4886]]]},"properties":{"OBJECTID":1006,"state":"Montana","agency":"Montana Fish Wildlife and Parks","unit_type":"HD","unit_id":" ","unit_name":"FORT BELKNAP INDIAN RESERVATION","unit_label":"FORT BELKNAP INDIAN RESERVATION","aliases":"2025 | fort belknap indian reservation | hd | montana | montana fish wildlife and parks","year":"2025","Shape_Length":234889.6289342563,"Shape_Area":2530274911.5838943}},{"type":"Feature","id":1007,"geometry":{"type":"Polygon","coordinates":[[[-112.3016,48.525],[-112.3074,48.5387],[-112.3131,48.5523],[-112.3188,48.566],[-112.3246,48.5796],[-112.3303,48.5933],[-112.3361,48.607],[-112.3418,48.6206],[-112.3475,48.6343],[-112.3582,48.6465],[-112.3689,48.6586],[-112.3676,48.8293],[-112.3663,49.0],[-112.3857,49.0],[-112.4051,49.0001],[-112.4246,49.0001],[-112.444,49.0001],[-112.4634,49.0002],[-112.4829,49.0002],[-112.5023,49.0002],[-112.5217,49.0002],[-112.5412,49.0003],[-112.5606,49.0003],[-112.58,49.0003],[-112.5995,49.0003],[-112.6189,49.0003],[-112.6383,49.0003],[-112.6577,49.0003],[-112.6772,49.0003],[-112.6966,49.0003],[-112.716,49.0003],[-112.7355,49.0003],[-112.7549,49.0003],[-112.7743,49.0003],[-112.7938,49.0003],[-112.8132,49.0002],[-112.8326,49.0002],[-112.8521,49.0002],[-112.8715,49.0002],[-112.8909,49.0001],[-112.9104,49.0001],[-112.9298,49.0001],[-112.9492,49.0],[-112.9687,49.0],[-112.9881,48.9999],[-113.0075,48.9999],[-113.027,48.9998],[-113.0464,48.9998],[-113.0658,48.9997],[-113.0853,48.9997],[-113.1047,48.9996],[-113.1241,48.9996],[-113.1435,48.9995],[-113.163,48.9994],[-113.1824,48.9994],[-113.2018,48.9993],[-113.2213,48.9992],[-113.2407,48.9991],[-113.2601,48.999],[-113.2796,48.999],[-113.299,48.9989],[-113.3184,48.9988],[-113.3379,48.9987],[-113.3573,48.9986],[-113.3767,48.9985],[-113.3962,48.9984],[-113.4156,48.9983],[-113.435,48.9982],[-113.4544,48.9981],[-113.4739,48.998],[-113.4933,48.9979],[-113.5127,48.9978],[-113.5322,48.9976],[-113.5516,48.9975],[-113.571,48.9974],[-113.5905,48.9973],[-113.6099,48.9971],[-113.6098,48.9327],[-113.5945,48.9143],[-113.5792,48.8958],[-113.564,48.8774],[-113.5487,48.8589],[-113.5335,48.8405],[-113.5182,48.822],[-113.503,48.8036],[-113.4878,48.7851],[-113.4715,48.7724],[-113.4552,48.7597],[-113.4389,48.747],[-113.4226,48.7343],[-113.4212,48.6931],[-113.41,48.6756],[-113.3987,48.6581],[-113.3875,48.6406],[-113.3763,48.6231],[-113.3651,48.6056],[-113.3538,48.5881],[-113.3426,48.5706],[-113.3314,48.5531],[-113.3203,48.5356],[-113.3091,48.5181],[-113.2979,48.5006],[-113.2867,48.4831],[-113.2755,48.4656],[-113.2644,48.4481],[-113.2532,48.4306],[-113.2421,48.4131],[-113.222,48.4024],[-113.2019,48.3916],[-113.1818,48.3809],[-113.1617,48.3701],[-113.1417,48.3594],[-113.1216,48.3487],[-113.1016,48.3379],[-113.0815,48.3272],[-113.0615,48.3164],[-113.0414,48.3057],[-113.0214,48.2949],[-113.0014,48.2841],[-112.9814,48.2734],[-112.9614,48.2626],[-112.9413,48.2518],[-112.9214,48.2411],[-112.9221,48.1654],[-112.897,48.164],[-112.872,48.1627],[-112.8564,48.1712],[-112.8408,48.1796],[-112.8252,48.1881],[-112.8096,48.1966],[-112.794,48.205],[-112.7784,48.2135],[-112.7628,48.222],[-112.7471,48.2304],[-112.7299,48.2338],[-112.7128,48.2373],[-112.6956,48.2407],[-112.6784,48.2441],[-112.6612,48.2475],[-112.644,48.2509],[-112.6268,48.2544],[-112.6096,48.2578],[-112.5937,48.2744],[-112.5777,48.2909],[-112.5618,48.3075],[-112.5459,48.3241],[-112.5345,48.3355],[-112.5232,48.3469],[-112.5011,48.3464],[-112.4789,48.3459],[-112.4568,48.3453],[-112.4347,48.3448],[-112.4126,48.3442],[-112.3904,48.3436],[-112.3683,48.3431],[-112.3462,48.3425],[-112.3365,48.3674],[-112.3268,48.3922],[-112.315,48.4001],[-112.3031,48.408],[-112.2913,48.4159],[-112.2795,48.4238],[-112.2677,48.4317],[-112.2558,48.4396],[-112.244,48.4474],[-112.2322,48.4553],[-112.2409,48.464],[-112.2495,48.4727],[-112.2582,48.4815],[-112.2669,48.4902],[-112.2756,48.4989],[-112.2843,48.5076],[-112.2929,48.5163],[-112.3016,48.525]]]},"properties":{"OBJECTID":1007,"state":"Montana","agency":"Montana Fish Wildlife and Parks","unit_type":"HD","unit_id":" ","unit_name":"BLACKFEET INDIAN RESERVATION","unit_label":"BLACKFEET INDIAN RESERVATION","aliases":"2025 | blackfeet indian reservation | hd | montana | montana fish wildlife and parks","year":"2025","Shape_Length":331711.9352655283,"Shape_Area":6186534275.720052}},{"type":"Feature","id":1008,"geometry":{"type":"Polygon","coordinates":[[[-106.3025,45.6827],[-106.3034,45.7458],[-106.295,45.7554],[-106.2866,45.7649],[-106.2782,45.7745],[-106.2698,45.7841],[-106.2613,45.7936],[-106.2529,45.8032],[-106.2445,45.8128],[-106.2361,45.8224],[-106.2276,45.8319],[-106.2192,45.8415],[-106.2107,45.8511],[-106.2023,45.8606],[-106.1939,45.8702],[-106.1854,45.8798],[-106.177,45.8893],[-106.1685,45.8989],[-106.1475,45.9089],[-106.1266,45.919],[-106.1056,45.929],[-106.0846,45.939],[-106.0636,45.949],[-106.0426,45.9591],[-106.0216,45.9691],[-106.0006,45.9791],[-105.9921,45.991],[-105.9836,46.0029],[-105.9752,46.0148],[-105.9667,46.0267],[-105.9513,46.0345],[-105.9358,46.0423],[-105.9204,46.0501],[-105.9049,46.0579],[-105.8895,46.0657],[-105.874,46.0735],[-105.8585,46.0812],[-105.8431,46.089],[-105.8321,46.1032],[-105.8211,46.1174],[-105.8101,46.1316],[-105.7991,46.1458],[-105.7881,46.1601],[-105.7771,46.1743],[-105.7661,46.1885],[-105.7551,46.2027],[-105.7496,46.2159],[-105.7441,46.2291],[-105.7385,46.2423],[-105.733,46.2555],[-105.7442,46.2729],[-105.7554,46.2902],[-105.7666,46.3076],[-105.7778,46.3249],[-105.789,46.3423],[-105.8003,46.3596],[-105.8115,46.377],[-105.8228,46.3944],[-105.8479,46.3837],[-105.873,46.373],[-105.898,46.3624],[-105.9231,46.3517],[-105.9482,46.341],[-105.9733,46.3304],[-105.9983,46.3197],[-106.0234,46.309],[-106.0472,46.3094],[-106.0711,46.3097],[-106.0949,46.3101],[-106.1188,46.3105],[-106.1353,46.3045],[-106.1518,46.2986],[-106.1682,46.2926],[-106.1847,46.2866],[-106.2012,46.2807],[-106.2177,46.2747],[-106.2341,46.2687],[-106.2506,46.2628],[-106.2769,46.263],[-106.3031,46.2632],[-106.3294,46.2635],[-106.3557,46.2637],[-106.3819,46.2639],[-106.4082,46.2641],[-106.4345,46.2643],[-106.4608,46.2645],[-106.487,46.2647],[-106.5133,46.2649],[-106.5396,46.2651],[-106.5659,46.2652],[-106.5921,46.2654],[-106.6184,46.2656],[-106.6447,46.2658],[-106.671,46.2659],[-106.6978,46.2594],[-106.7246,46.2529],[-106.7469,46.2529],[-106.7692,46.2529],[-106.7915,46.2529],[-106.8139,46.2529],[-106.8362,46.2529],[-106.8585,46.2529],[-106.8808,46.2529],[-106.9031,46.2529],[-106.9187,46.2562],[-106.9344,46.2596],[-106.95,46.263],[-106.9657,46.2663],[-106.9816,46.2659],[-106.9974,46.2655],[-107.0133,46.265],[-107.0292,46.2646],[-107.0451,46.2642],[-107.061,46.2637],[-107.0769,46.2633],[-107.0928,46.2629],[-107.1087,46.2624],[-107.1246,46.262],[-107.1405,46.2615],[-107.1564,46.2611],[-107.1723,46.2606],[-107.1881,46.2602],[-107.204,46.2597],[-107.2199,46.2593],[-107.2309,46.2476],[-107.2419,46.2358],[-107.2529,46.2241],[-107.2639,46.2124],[-107.2749,46.2007],[-107.2858,46.189],[-107.2968,46.1772],[-107.3078,46.1655],[-107.3272,46.1629],[-107.3467,46.1602],[-107.3661,46.1576],[-107.3855,46.1549],[-107.405,46.1522],[-107.4244,46.1496],[-107.4438,46.1469],[-107.4633,46.1442],[-107.4765,46.1232],[-107.4898,46.1022],[-107.5031,46.0812],[-107.5163,46.0602],[-107.5144,45.9784],[-107.5258,45.9583],[-107.5372,45.9382],[-107.5486,45.9181],[-107.5599,45.898],[-107.5713,45.8779],[-107.5827,45.8578],[-107.5941,45.8377],[-107.6054,45.8177],[-107.5983,45.793],[-107.5912,45.7683],[-107.5732,45.7684],[-107.5552,45.7684],[-107.5371,45.7684],[-107.5191,45.7685],[-107.5011,45.7685],[-107.4831,45.7685],[-107.4651,45.7685],[-107.4471,45.7685],[-107.4291,45.7685],[-107.4111,45.7686],[-107.3931,45.7686],[-107.3751,45.7686],[-107.3571,45.7686],[-107.3391,45.7686],[-107.3211,45.7686],[-107.3031,45.7686],[-107.2851,45.7686],[-107.2671,45.7686],[-107.2491,45.7685],[-107.2311,45.7685],[-107.2131,45.7685],[-107.1951,45.7685],[-107.1771,45.7685],[-107.1591,45.7685],[-107.1411,45.7684],[-107.1231,45.7684],[-107.1051,45.7684],[-107.0871,45.7683],[-107.0691,45.7683],[-107.0511,45.7683],[-107.0331,45.7682],[-107.0151,45.7682],[-107.0163,45.6914],[-106.9951,45.6896],[-106.9738,45.6877],[-106.9526,45.6859],[-106.9314,45.684],[-106.9102,45.6822],[-106.8889,45.6803],[-106.8677,45.6785],[-106.8465,45.6766],[-106.8163,45.6767],[-106.786,45.6767],[-106.7558,45.6767],[-106.7255,45.6768],[-106.6953,45.6768],[-106.6651,45.6768],[-106.6348,45.6769],[-106.6046,45.6769],[-106.5894,45.6803],[-106.5741,45.6838],[-106.5589,45.6872],[-106.5436,45.6907],[-106.5135,45.6897],[-106.4834,45.6887],[-106.4532,45.6877],[-106.4231,45.6867],[-106.3929,45.6857],[-106.3628,45.6847],[-106.3327,45.6837],[-106.3025,45.6827]]]},"properties":{"OBJECTID":1008,"state":"Montana","agency":"Montana Fish Wildlife and Parks","unit_type":"HD","unit_id":"702","unit_name":"Southeastern Montana","unit_label":"Montana HD 702 - Southeastern Montana","aliases":"2025 | 702 | 702 southeastern montana | hd | hd 702 | hd 702 southeastern montana | montana | montana 702 | montana 702 southeastern montana | montana fish wildlife and parks | montana fish wildlife and parks 702 | montana hd 702 | montana hd 702 southea","year":"2025","Shape_Length":388307.65138741647,"Shape_Area":7150745152.802782}},{"type":"Feature","id":1009,"geometry":{"type":"Polygon","coordinates":[[[-114.2124,47.8857],[-114.2323,47.8858],[-114.2522,47.8858],[-114.2721,47.8859],[-114.292,47.8859],[-114.3119,47.886],[-114.3318,47.8861],[-114.3517,47.8861],[-114.3716,47.8862],[-114.3915,47.8862],[-114.4114,47.8863],[-114.4313,47.8863],[-114.4512,47.8863],[-114.4711,47.8864],[-114.491,47.8864],[-114.5109,47.8864],[-114.5309,47.8865],[-114.5508,47.8865],[-114.5707,47.8865],[-114.5906,47.8865],[-114.6105,47.8865],[-114.6304,47.8866],[-114.6503,47.8866],[-114.6702,47.8866],[-114.6901,47.8866],[-114.71,47.8866],[-114.7299,47.8866],[-114.7498,47.8866],[-114.7697,47.8866],[-114.7896,47.8866],[-114.8095,47.8865],[-114.8294,47.8865],[-114.8494,47.8865],[-114.8343,47.8783],[-114.8192,47.8701],[-114.8041,47.8618],[-114.789,47.8536],[-114.8015,47.8381],[-114.8139,47.8227],[-114.8263,47.8072],[-114.8388,47.7918],[-114.8198,47.785],[-114.8009,47.7783],[-114.7819,47.7716],[-114.763,47.7649],[-114.7519,47.7502],[-114.7409,47.7355],[-114.7299,47.7209],[-114.7189,47.7062],[-114.7296,47.6987],[-114.7403,47.6911],[-114.751,47.6835],[-114.7617,47.6759],[-114.7678,47.6364],[-114.7738,47.597],[-114.7798,47.5575],[-114.7858,47.5181],[-114.7739,47.5086],[-114.762,47.4992],[-114.7501,47.4898],[-114.7382,47.4804],[-114.7318,47.4679],[-114.7255,47.4554],[-114.7192,47.443],[-114.7129,47.4305],[-114.7066,47.418],[-114.7003,47.4056],[-114.694,47.3931],[-114.6877,47.3806],[-114.686,47.2742],[-114.669,47.2714],[-114.652,47.2686],[-114.635,47.2658],[-114.618,47.2629],[-114.601,47.2601],[-114.584,47.2573],[-114.567,47.2544],[-114.55,47.2516],[-114.5358,47.2437],[-114.5217,47.2357],[-114.5075,47.2277],[-114.4934,47.2198],[-114.4758,47.2161],[-114.4583,47.2124],[-114.4407,47.2087],[-114.4231,47.205],[-114.4056,47.2013],[-114.388,47.1976],[-114.3705,47.1939],[-114.3529,47.1902],[-114.3561,47.1577],[-114.3389,47.1497],[-114.3218,47.1418],[-114.3047,47.1339],[-114.2876,47.1259],[-114.2711,47.1285],[-114.2546,47.1311],[-114.2381,47.1337],[-114.2216,47.1363],[-114.2052,47.139],[-114.1887,47.1416],[-114.1722,47.1442],[-114.1557,47.1468],[-114.1519,47.1286],[-114.148,47.1104],[-114.1442,47.0922],[-114.1404,47.074],[-114.1308,47.0653],[-114.1213,47.0565],[-114.1118,47.0478],[-114.1023,47.039],[-114.0928,47.0303],[-114.0833,47.0216],[-114.0739,47.0128],[-114.0644,47.0041],[-114.05,47.0116],[-114.0356,47.0192],[-114.0212,47.0267],[-114.0068,47.0342],[-113.9924,47.0418],[-113.978,47.0493],[-113.9636,47.0568],[-113.9491,47.0643],[-113.9404,47.0749],[-113.9317,47.0854],[-113.923,47.096],[-113.9142,47.1065],[-113.9001,47.1007],[-113.8861,47.0948],[-113.872,47.0889],[-113.8579,47.0831],[-113.8332,47.0844],[-113.8084,47.0857],[-113.7837,47.087],[-113.7589,47.0883],[-113.7382,47.1002],[-113.7176,47.112],[-113.6969,47.1239],[-113.6762,47.1357],[-113.6887,47.145],[-113.7013,47.1542],[-113.7138,47.1634],[-113.7264,47.1727],[-113.7105,47.1902],[-113.6946,47.2077],[-113.719,47.2174],[-113.7433,47.2271],[-113.7471,47.2587],[-113.751,47.2903],[-113.7741,47.2858],[-113.7972,47.2812],[-113.8202,47.2766],[-113.8433,47.272],[-113.8541,47.2835],[-113.865,47.295],[-113.8758,47.3065],[-113.8866,47.3181],[-113.8827,47.3366],[-113.8788,47.3551],[-113.8749,47.3736],[-113.871,47.3921],[-113.881,47.4025],[-113.8911,47.413],[-113.9011,47.4235],[-113.9111,47.434],[-113.9211,47.4445],[-113.9311,47.455],[-113.9412,47.4654],[-113.9512,47.4759],[-113.9331,47.4881],[-113.915,47.5003],[-113.9187,47.5248],[-113.9224,47.5493],[-113.9261,47.5738],[-113.9298,47.5983],[-113.9461,47.6028],[-113.9623,47.6073],[-113.9646,47.6356],[-113.967,47.6638],[-113.9694,47.692],[-113.9717,47.7203],[-113.9598,47.7294],[-113.9479,47.7385],[-113.9359,47.7476],[-113.924,47.7568],[-113.9302,47.7802],[-113.9364,47.8036],[-113.9427,47.827],[-113.9489,47.8504],[-113.9361,47.8678],[-113.9233,47.8852],[-113.9518,47.885],[-113.9803,47.8848],[-114.0088,47.8845],[-114.0373,47.8843],[-114.0592,47.8845],[-114.0811,47.8847],[-114.103,47.8848],[-114.1248,47.885],[-114.1467,47.8852],[-114.1686,47.8854],[-114.1905,47.8855],[-114.2124,47.8857]]]},"properties":{"OBJECTID":1009,"state":"Montana","agency":"Montana Fish Wildlife and Parks","unit_type":"HD","unit_id":" ","unit_name":"FLATHEAD INDIAN RESERVATION","unit_label":"FLATHEAD INDIAN RESERVATION","aliases":"2025 | flathead indian reservation | hd | montana | montana fish wildlife and parks","year":"2025","Shape_Length":355162.28658125957,"Shape_Area":5333520440.290661}},{"type":"Feature","id":1010,"geometry":{"type":"Polygon","coordinates":[[[-112.9214,48.2411],[-112.9413,48.2518],[-112.9614,48.2626],[-112.9814,48.2734],[-113.0014,48.2841],[-113.0214,48.2949],[-113.0414,48.3057],[-113.0615,48.3164],[-113.0815,48.3272],[-113.1016,48.3379],[-113.1216,48.3487],[-113.1417,48.3594],[-113.1617,48.3701],[-113.1818,48.3809],[-113.2019,48.3916],[-113.222,48.4024],[-113.2421,48.4131],[-113.2565,48.4012],[-113.2709,48.3893],[-113.2853,48.3774],[-113.2996,48.3655],[-113.314,48.3536],[-113.3284,48.3417],[-113.3428,48.3298],[-113.3571,48.3179],[-113.3421,48.3091],[-113.327,48.3003],[-113.312,48.2915],[-113.297,48.2827],[-113.282,48.2738],[-113.2669,48.265],[-113.2519,48.2562],[-113.2369,48.2474],[-113.2289,48.2272],[-113.2209,48.2069],[-113.2129,48.1867],[-113.2049,48.1665],[-113.1873,48.1594],[-113.1697,48.1523],[-113.1522,48.1453],[-113.1346,48.1382],[-113.1078,48.1365],[-113.081,48.1348],[-113.0542,48.133],[-113.0274,48.1313],[-113.0011,48.1398],[-112.9748,48.1484],[-112.9484,48.1569],[-112.9221,48.1654],[-112.9214,48.2411]]]},"properties":{"OBJECTID":1010,"state":"Montana","agency":"Montana Fish Wildlife and Parks","unit_type":"HD","unit_id":"415","unit_name":"Bob Marshall Wilderness Complex","unit_label":"Montana HD 415 - Bob Marshall Wilderness Complex","aliases":"2025 | 415 | 415 bob marshall wilderness complex | bob marshall wilderness complex | hd | hd 415 | hd 415 bob marshall wilderness complex | montana | montana 415 | montana 415 bob marshall wilderness complex | montana fish wildlife and parks | montana fi","year":"2025","Shape_Length":96580.23927743784,"Shape_Area":540496585.3959304}},{"type":"Feature","id":1011,"geometry":{"type":"Polygon","coordinates":[[[-112.912,47.8264],[-112.9214,47.8419],[-112.9309,47.8574],[-112.9403,47.8728],[-112.9497,47.8883],[-112.9592,47.9038],[-112.9686,47.9192],[-112.978,47.9347],[-112.9875,47.9502],[-113.0123,47.9422],[-113.0371,47.9342],[-113.0619,47.9262],[-113.0867,47.9182],[-113.0748,47.9018],[-113.063,47.8854],[-113.0675,47.8515],[-113.0721,47.8176],[-113.0766,47.7838],[-113.0811,47.7499],[-113.1019,47.7449],[-113.1226,47.7399],[-113.1434,47.7349],[-113.1641,47.7299],[-113.1552,47.7126],[-113.1463,47.6954],[-113.1375,47.6782],[-113.1286,47.661],[-113.1354,47.6271],[-113.1423,47.5931],[-113.1352,47.5674],[-113.1282,47.5417],[-113.1212,47.5159],[-113.1141,47.4902],[-113.0936,47.4912],[-113.073,47.4921],[-113.0525,47.493],[-113.0319,47.494],[-113.0188,47.4759],[-113.0056,47.4579],[-112.9925,47.4399],[-112.9794,47.4218],[-112.9655,47.4131],[-112.9516,47.4044],[-112.9378,47.3956],[-112.9239,47.3869],[-112.9281,47.3651],[-112.9323,47.3433],[-112.9091,47.3399],[-112.9038,47.3566],[-112.8985,47.3733],[-112.8932,47.39],[-112.8878,47.4067],[-112.8978,47.4247],[-112.9078,47.4428],[-112.9178,47.4608],[-112.9278,47.4788],[-112.9198,47.507],[-112.9117,47.5352],[-112.9037,47.5634],[-112.8956,47.5916],[-112.8866,47.6037],[-112.8776,47.6159],[-112.8685,47.628],[-112.8595,47.6401],[-112.8731,47.6544],[-112.8867,47.6686],[-112.9003,47.6829],[-112.914,47.6972],[-112.912,47.8264]]]},"properties":{"OBJECTID":1011,"state":"Montana","agency":"Montana Fish Wildlife and Parks","unit_type":"HD","unit_id":" ","unit_name":"SUN RIVER GAME PRESERVE","unit_label":"SUN RIVER GAME PRESERVE","aliases":"2025 | hd | montana | montana fish wildlife and parks | sun river game preserve","year":"2025","Shape_Length":160071.03771655384,"Shape_Area":806873969.5748224}},{"type":"Feature","id":1012,"geometry":{"type":"Polygon","coordinates":[[[-106.3025,45.6827],[-106.3327,45.6837],[-106.3628,45.6847],[-106.3929,45.6857],[-106.4231,45.6867],[-106.4532,45.6877],[-106.4834,45.6887],[-106.5135,45.6897],[-106.5436,45.6907],[-106.5589,45.6872],[-106.5741,45.6838],[-106.5894,45.6803],[-106.6046,45.6769],[-106.6348,45.6769],[-106.6651,45.6768],[-106.6953,45.6768],[-106.7255,45.6768],[-106.7558,45.6767],[-106.786,45.6767],[-106.8163,45.6767],[-106.8465,45.6766],[-106.8677,45.6785],[-106.8889,45.6803],[-106.9102,45.6822],[-106.9314,45.684],[-106.9526,45.6859],[-106.9738,45.6877],[-106.9951,45.6896],[-107.0163,45.6914],[-107.0172,45.607],[-107.018,45.5227],[-107.0189,45.4383],[-107.0197,45.354],[-107.0016,45.3538],[-106.9834,45.3537],[-106.9653,45.3535],[-106.9472,45.3534],[-106.929,45.3533],[-106.9109,45.3531],[-106.8928,45.353],[-106.8746,45.3528],[-106.8565,45.3526],[-106.8384,45.3525],[-106.8202,45.3523],[-106.8021,45.3522],[-106.784,45.352],[-106.7658,45.3518],[-106.7477,45.3517],[-106.7296,45.3515],[-106.7296,45.4074],[-106.7033,45.4064],[-106.6769,45.4054],[-106.6506,45.4044],[-106.6242,45.4034],[-106.6088,45.3999],[-106.5934,45.3964],[-106.578,45.3929],[-106.5626,45.3893],[-106.5472,45.3858],[-106.5318,45.3822],[-106.5164,45.3787],[-106.501,45.3752],[-106.4883,45.3866],[-106.4755,45.398],[-106.4628,45.4095],[-106.4501,45.4209],[-106.4374,45.4323],[-106.4246,45.4438],[-106.4119,45.4552],[-106.3992,45.4666],[-106.3796,45.4717],[-106.3601,45.4768],[-106.352,45.4862],[-106.3439,45.4955],[-106.3358,45.5049],[-106.3277,45.5142],[-106.3197,45.5236],[-106.3116,45.5329],[-106.3035,45.5423],[-106.2954,45.5516],[-106.2906,45.5721],[-106.2858,45.5926],[-106.281,45.6131],[-106.2762,45.6336],[-106.2828,45.6458],[-106.2894,45.6581],[-106.296,45.6704],[-106.3025,45.6827]]]},"properties":{"OBJECTID":1012,"state":"Montana","agency":"Montana Fish Wildlife and Parks","unit_type":"HD","unit_id":" ","unit_name":"NORTHERN CHEYENNE INDIAN RESERVATION","unit_label":"NORTHERN CHEYENNE INDIAN RESERVATION","aliases":"2025 | hd | montana | montana fish wildlife and parks | northern cheyenne indian reservation","year":"2025","Shape_Length":181815.29255878748,"Shape_Area":1799094783.831434}},{"type":"Feature","id":1013,"geometry":{"type":"Polygon","coordinates":[[[-113.6099,48.9971],[-113.6369,48.9973],[-113.6639,48.9975],[-113.691,48.9976],[-113.718,48.9978],[-113.745,48.9979],[-113.772,48.9981],[-113.7991,48.9982],[-113.8261,48.9983],[-113.8531,48.9985],[-113.8801,48.9986],[-113.9071,48.9987],[-113.9342,48.9988],[-113.9612,48.9989],[-113.9882,48.999],[-114.0152,48.9991],[-114.0423,48.9992],[-114.0693,48.9993],[-114.0963,48.9994],[-114.1233,48.9995],[-114.1504,48.9995],[-114.1774,48.9996],[-114.2044,48.9997],[-114.2314,48.9997],[-114.2585,48.9998],[-114.2855,48.9998],[-114.3125,48.9998],[-114.3395,48.9999],[-114.3666,48.9999],[-114.3936,48.9999],[-114.4206,49.0],[-114.4476,49.0],[-114.4747,49.0],[-114.4623,48.9896],[-114.4499,48.9792],[-114.4375,48.9688],[-114.4252,48.9585],[-114.4128,48.9481],[-114.4005,48.9377],[-114.3881,48.9273],[-114.3757,48.9169],[-114.3712,48.887],[-114.3667,48.8571],[-114.3566,48.8484],[-114.3466,48.8397],[-114.3365,48.831],[-114.3265,48.8223],[-114.3164,48.8136],[-114.3064,48.8049],[-114.2963,48.7962],[-114.2863,48.7875],[-114.2807,48.7737],[-114.275,48.7599],[-114.2694,48.746],[-114.2637,48.7322],[-114.248,48.7182],[-114.2322,48.7041],[-114.2164,48.6901],[-114.2007,48.676],[-114.1849,48.6619],[-114.1692,48.6479],[-114.1535,48.6338],[-114.1378,48.6198],[-114.1347,48.5874],[-114.1316,48.5551],[-114.1285,48.5228],[-114.1255,48.4905],[-114.1117,48.4848],[-114.098,48.4791],[-114.0842,48.4734],[-114.0705,48.4677],[-114.0545,48.4749],[-114.0386,48.4821],[-114.0227,48.4893],[-114.0067,48.4965],[-113.9766,48.4964],[-113.9466,48.4963],[-113.9165,48.4962],[-113.8864,48.4961],[-113.8705,48.4913],[-113.8547,48.4866],[-113.8388,48.4818],[-113.823,48.477],[-113.8144,48.4642],[-113.8057,48.4514],[-113.7971,48.4386],[-113.7885,48.4259],[-113.7591,48.4228],[-113.7297,48.4198],[-113.7186,48.4121],[-113.7075,48.4045],[-113.6964,48.3969],[-113.6853,48.3893],[-113.6743,48.3817],[-113.6632,48.3741],[-113.6521,48.3665],[-113.6411,48.3588],[-113.6297,48.3432],[-113.6184,48.3276],[-113.6071,48.3119],[-113.5958,48.2963],[-113.5845,48.2806],[-113.5732,48.265],[-113.5619,48.2493],[-113.5506,48.2337],[-113.5314,48.2378],[-113.5121,48.242],[-113.4928,48.2461],[-113.4736,48.2502],[-113.459,48.2587],[-113.4445,48.2671],[-113.4299,48.2756],[-113.4154,48.2841],[-113.4008,48.2925],[-113.3862,48.301],[-113.3717,48.3094],[-113.3571,48.3179],[-113.3428,48.3298],[-113.3284,48.3417],[-113.314,48.3536],[-113.2996,48.3655],[-113.2853,48.3774],[-113.2709,48.3893],[-113.2565,48.4012],[-113.2421,48.4131],[-113.2532,48.4306],[-113.2644,48.4481],[-113.2755,48.4656],[-113.2867,48.4831],[-113.2979,48.5006],[-113.3091,48.5181],[-113.3203,48.5356],[-113.3314,48.5531],[-113.3426,48.5706],[-113.3538,48.5881],[-113.3651,48.6056],[-113.3763,48.6231],[-113.3875,48.6406],[-113.3987,48.6581],[-113.41,48.6756],[-113.4212,48.6931],[-113.4226,48.7343],[-113.4389,48.747],[-113.4552,48.7597],[-113.4715,48.7724],[-113.4878,48.7851],[-113.503,48.8036],[-113.5182,48.822],[-113.5335,48.8405],[-113.5487,48.8589],[-113.564,48.8774],[-113.5792,48.8958],[-113.5945,48.9143],[-113.6098,48.9327],[-113.6099,48.9971]]]},"properties":{"OBJECTID":1013,"state":"Montana","agency":"Montana Fish Wildlife and Parks","unit_type":"HD","unit_id":" ","unit_name":"GLACIER NATIONAL PARK","unit_label":"GLACIER NATIONAL PARK","aliases":"2025 | glacier national park | hd | montana | montana fish wildlife and parks","year":"2025","Shape_Length":290562.9026909159,"Shape_Area":4071068522.380859}},{"type":"Feature","id":1014,"geometry":{"type":"Polygon","coordinates":[[[-107.0163,45.6914],[-107.0151,45.7682],[-107.0331,45.7682],[-107.0511,45.7683],[-107.0691,45.7683],[-107.0871,45.7683],[-107.1051,45.7684],[-107.1231,45.7684],[-107.1411,45.7684],[-107.1591,45.7685],[-107.1771,45.7685],[-107.1951,45.7685],[-107.2131,45.7685],[-107.2311,45.7685],[-107.2491,45.7685],[-107.2671,45.7686],[-107.2851,45.7686],[-107.3031,45.7686],[-107.3211,45.7686],[-107.3391,45.7686],[-107.3571,45.7686],[-107.3751,45.7686],[-107.3931,45.7686],[-107.4111,45.7686],[-107.4291,45.7685],[-107.4471,45.7685],[-107.4651,45.7685],[-107.4831,45.7685],[-107.5011,45.7685],[-107.5191,45.7685],[-107.5371,45.7684],[-107.5552,45.7684],[-107.5732,45.7684],[-107.5912,45.7683],[-107.6029,45.7466],[-107.6147,45.7249],[-107.6264,45.7033],[-107.6381,45.6816],[-107.657,45.6816],[-107.6759,45.6816],[-107.6948,45.6817],[-107.7137,45.6817],[-107.7326,45.6817],[-107.7515,45.6817],[-107.7704,45.6818],[-107.7893,45.6818],[-107.8082,45.6818],[-107.8271,45.6818],[-107.846,45.6818],[-107.8649,45.6818],[-107.8838,45.6818],[-107.9027,45.6819],[-107.9216,45.6819],[-107.9405,45.6818],[-107.9594,45.6818],[-107.9783,45.6818],[-107.9971,45.6818],[-108.016,45.6818],[-108.0349,45.6818],[-108.0538,45.6818],[-108.0727,45.6818],[-108.0916,45.6817],[-108.1105,45.6817],[-108.1294,45.6817],[-108.1483,45.6817],[-108.1672,45.6816],[-108.1861,45.6816],[-108.205,45.6816],[-108.2239,45.6815],[-108.2428,45.6815],[-108.243,45.7837],[-108.2735,45.7837],[-108.304,45.7837],[-108.3344,45.7837],[-108.3649,45.7837],[-108.3719,45.7645],[-108.3789,45.7453],[-108.3888,45.7311],[-108.3987,45.7168],[-108.4086,45.7026],[-108.4185,45.6884],[-108.4284,45.6741],[-108.4383,45.6599],[-108.4482,45.6457],[-108.4581,45.6315],[-108.4839,45.6278],[-108.5097,45.6242],[-108.5185,45.6077],[-108.5273,45.5913],[-108.5361,45.5749],[-108.5449,45.5585],[-108.5566,45.5514],[-108.5682,45.5443],[-108.5799,45.5372],[-108.5915,45.5301],[-108.6032,45.523],[-108.6148,45.516],[-108.6265,45.5089],[-108.6381,45.5018],[-108.6306,45.4886],[-108.623,45.4755],[-108.6378,45.4649],[-108.6526,45.4543],[-108.6674,45.4437],[-108.6822,45.4331],[-108.6866,45.4121],[-108.6909,45.391],[-108.6953,45.37],[-108.6996,45.349],[-108.6997,45.2177],[-108.6809,45.2179],[-108.6621,45.218],[-108.6433,45.2181],[-108.6245,45.2182],[-108.6057,45.2183],[-108.5869,45.2185],[-108.5681,45.2186],[-108.5493,45.2187],[-108.5305,45.2188],[-108.5117,45.2189],[-108.4929,45.219],[-108.4741,45.2191],[-108.4553,45.2192],[-108.4365,45.2193],[-108.4177,45.2194],[-108.3989,45.2195],[-108.3801,45.2196],[-108.3613,45.2196],[-108.3425,45.2197],[-108.3237,45.2198],[-108.3049,45.2199],[-108.2861,45.2199],[-108.2673,45.22],[-108.2485,45.2201],[-108.2297,45.2201],[-108.2109,45.2202],[-108.1921,45.2203],[-108.1733,45.2203],[-108.1545,45.2204],[-108.1357,45.2204],[-108.1169,45.2205],[-108.0981,45.2205],[-108.107,45.2104],[-108.1159,45.2002],[-108.1247,45.19],[-108.1336,45.1799],[-108.1425,45.1697],[-108.1514,45.1595],[-108.1603,45.1494],[-108.1692,45.1392],[-108.178,45.129],[-108.1869,45.1189],[-108.1958,45.1087],[-108.2046,45.0985],[-108.2135,45.0884],[-108.2224,45.0782],[-108.2312,45.068],[-108.2401,45.0579],[-108.2449,45.0289],[-108.2498,44.9999],[-108.2498,44.9999],[-108.2496,44.9999],[-108.2326,45.0],[-108.2156,45.0],[-108.1985,45.0001],[-108.1815,45.0002],[-108.1644,45.0002],[-108.1474,45.0003],[-108.1304,45.0003],[-108.1133,45.0004],[-108.0963,45.0005],[-108.0793,45.0005],[-108.0622,45.0006],[-108.0452,45.0006],[-108.0281,45.0006],[-108.0111,45.0007],[-107.9941,45.0007],[-107.977,45.0008],[-107.96,45.0008],[-107.9429,45.0008],[-107.9259,45.0009],[-107.9089,45.0009],[-107.8918,45.0009],[-107.8748,45.0009],[-107.8578,45.001],[-107.8407,45.001],[-107.8237,45.001],[-107.8066,45.001],[-107.7896,45.001],[-107.7726,45.001],[-107.7555,45.001],[-107.7385,45.0011],[-107.7214,45.0011],[-107.7044,45.0011],[-107.6874,45.0011],[-107.6703,45.0011],[-107.6533,45.0011],[-107.6362,45.001],[-107.6192,45.001],[-107.6022,45.001],[-107.5851,45.001],[-107.5681,45.001],[-107.5511,45.001],[-107.534,45.001],[-107.517,45.0009],[-107.4999,45.0009],[-107.4829,45.0009],[-107.4659,45.0009],[-107.4488,45.0008],[-107.4318,45.0008],[-107.4147,45.0008],[-107.3977,45.0007],[-107.3807,45.0007],[-107.3636,45.0007],[-107.3466,45.0006],[-107.3296,45.0006],[-107.3125,45.0005],[-107.2955,45.0005],[-107.2784,45.0004],[-107.2614,45.0004],[-107.2444,45.0003],[-107.2273,45.0003],[-107.2103,45.0002],[-107.1932,45.0001],[-107.1762,45.0001],[-107.1592,45.0],[-107.1571,45.0],[-107.1381,44.9995],[-107.1191,44.9991],[-107.1,44.9987],[-107.081,44.9982],[-107.062,44.9977],[-107.043,44.9973],[-107.0239,44.9968],[-107.0049,44.9964],[-107.0087,45.0366],[-107.0125,45.0769],[-107.0162,45.1172],[-107.02,45.1574],[-107.0197,45.354],[-107.0189,45.4383],[-107.018,45.5227],[-107.0172,45.607],[-107.0163,45.6914]]]},"properties":{"OBJECTID":1014,"state":"Montana","agency":"Montana Fish Wildlife and Parks","unit_type":"HD","unit_id":" ","unit_name":"CROW INDIAN RESERVATION","unit_label":"CROW INDIAN RESERVATION","aliases":"2025 | crow indian reservation | hd | montana | montana fish wildlife and parks","year":"2025","Shape_Length":455800.303174844,"Shape_Area":9269572363.08132}},{"type":"Feature","id":1015,"geometry":{"type":"MultiPolygon","coordinates":[[[[-109.8005,48.366],[-109.8194,48.375],[-109.8384,48.3841],[-109.8573,48.3931],[-109.8763,48.4021],[-109.8952,48.4111],[-109.9142,48.4201],[-109.9332,48.4291],[-109.9521,48.4381],[-109.9521,48.3947],[-109.9639,48.3873],[-109.9757,48.3798],[-109.9875,48.3724],[-109.9993,48.3649],[-110.0112,48.3574],[-110.023,48.35],[-110.0348,48.3425],[-110.0466,48.3351],[-110.052,48.3133],[-110.0377,48.3038],[-110.0235,48.2943],[-110.0093,48.2848],[-109.9951,48.2752],[-109.9808,48.2657],[-109.9666,48.2562],[-109.9524,48.2467],[-109.9382,48.2372],[-109.9327,48.277],[-109.9124,48.2707],[-109.892,48.2643],[-109.8717,48.258],[-109.8514,48.2516],[-109.8569,48.219],[-109.8799,48.2226],[-109.903,48.2263],[-109.926,48.2299],[-109.9491,48.2336],[-109.9411,48.2195],[-109.9331,48.2055],[-109.9084,48.2045],[-109.8838,48.2035],[-109.8591,48.2024],[-109.8345,48.2014],[-109.8268,48.1744],[-109.8191,48.1474],[-109.7939,48.1476],[-109.7687,48.1478],[-109.7435,48.148],[-109.7183,48.1481],[-109.6931,48.1483],[-109.6679,48.1485],[-109.6427,48.1486],[-109.6175,48.1488],[-109.6176,48.2215],[-109.6417,48.2216],[-109.6657,48.2216],[-109.6897,48.2216],[-109.7137,48.2216],[-109.7192,48.245],[-109.7246,48.2685],[-109.73,48.2919],[-109.7354,48.3154],[-109.7625,48.3154],[-109.7897,48.3154],[-109.7951,48.3407],[-109.8005,48.366]],[[-109.9467,48.4237],[-109.9413,48.4273],[-109.9412,48.4237],[-109.9467,48.4237]],[[-109.7896,48.2578],[-109.7787,48.2578],[-109.7896,48.2541],[-109.7896,48.2578]],[[-109.8729,48.3349],[-109.8838,48.3421],[-109.8765,48.3421],[-109.8729,48.3349]],[[-109.8513,48.3349],[-109.8512,48.3457],[-109.8459,48.3371],[-109.8513,48.3349]],[[-109.9304,48.4164],[-109.9304,48.4237],[-109.9195,48.42],[-109.9304,48.4164]],[[-109.8838,48.3602],[-109.9002,48.3639],[-109.9002,48.3675],[-109.8947,48.3639],[-109.8838,48.3602]],[[-109.8222,48.3081],[-109.8222,48.3154],[-109.8005,48.3117],[-109.8222,48.3081]],[[-109.8873,48.3784],[-109.8838,48.3947],[-109.8674,48.3892],[-109.8873,48.3784]],[[-109.9327,48.306],[-109.9328,48.3205],[-109.9056,48.315],[-109.8784,48.3096],[-109.9056,48.3078],[-109.9327,48.306]],[[-109.9438,48.3495],[-109.96,48.3404],[-109.9761,48.3314],[-109.9923,48.3223],[-110.0084,48.3133],[-110.0193,48.3242],[-110.0302,48.335],[-110.0059,48.3423],[-109.9816,48.3495],[-109.9573,48.3567],[-109.933,48.364],[-109.9438,48.3495]]],[[[-110.0846,48.2518],[-110.0738,48.2518],[-110.0738,48.2554],[-110.0846,48.2518]]],[[[-109.9868,48.3423],[-109.9813,48.3386],[-109.9813,48.3423],[-109.9868,48.3423]]],[[[-110.0791,48.3206],[-110.0845,48.317],[-110.079,48.3169],[-110.0791,48.3206]]]]},"properties":{"OBJECTID":1015,"state":"Montana","agency":"Montana Fish Wildlife and Parks","unit_type":"HD","unit_id":" ","unit_name":"ROCKY BOY'S INDIAN RESERVATION","unit_label":"ROCKY BOY'S INDIAN RESERVATION","aliases":"2025 | hd | montana | montana fish wildlife and parks | rocky boy s indian reservation","year":"2025","Shape_Length":189222.86720378252,"Shape_Area":450394585.7733221}},{"type":"Feature","id":1016,"geometry":{"type":"Polygon","coordinates":[[[-114.0803,48.0595],[-114.1017,48.0669],[-114.1231,48.0743],[-114.1445,48.0817],[-114.1659,48.0891],[-114.1836,48.0862],[-114.2013,48.0833],[-114.2189,48.0804],[-114.2366,48.0776],[-114.2293,48.0473],[-114.2219,48.0171],[-114.2098,48.0105],[-114.1977,48.0038],[-114.1856,47.9972],[-114.1735,47.9906],[-114.1688,47.9489],[-114.1642,47.9073],[-114.1883,47.8965],[-114.2124,47.8857],[-114.1905,47.8855],[-114.1686,47.8854],[-114.1467,47.8852],[-114.1248,47.885],[-114.103,47.8848],[-114.0811,47.8847],[-114.0592,47.8845],[-114.0373,47.8843],[-114.0394,47.9861],[-114.0496,48.0044],[-114.0598,48.0228],[-114.07,48.0412],[-114.0803,48.0595]]]},"properties":{"OBJECTID":1016,"state":"Montana","agency":"Montana Fish Wildlife and Parks","unit_type":"HD","unit_id":" ","unit_name":"FLATHEAD LAKE","unit_label":"FLATHEAD LAKE","aliases":"2025 | flathead lake | hd | montana | montana fish wildlife and parks","year":"2025","Shape_Length":70749.33611301536,"Shape_Area":230702778.80570593}},{"type":"Feature","id":1017,"geometry":{"type":"Polygon","coordinates":[[[-106.1708,47.3256],[-106.1914,47.3271],[-106.212,47.3287],[-106.2326,47.3302],[-106.2532,47.3317],[-106.2738,47.3333],[-106.2944,47.3348],[-106.315,47.3364],[-106.3356,47.3379],[-106.3636,47.3396],[-106.3636,47.3396],[-106.3798,47.3409],[-106.396,47.3422],[-106.4123,47.3435],[-106.4285,47.3448],[-106.4447,47.3461],[-106.4609,47.3475],[-106.4771,47.3488],[-106.4933,47.3501],[-106.5213,47.3451],[-106.5493,47.3401],[-106.5773,47.3351],[-106.6052,47.33],[-106.6347,47.3305],[-106.6641,47.331],[-106.6935,47.3315],[-106.723,47.332],[-106.7524,47.3325],[-106.7818,47.333],[-106.8113,47.3334],[-106.8407,47.3339],[-106.8586,47.3289],[-106.8766,47.3238],[-106.8945,47.3188],[-106.9124,47.3138],[-106.9304,47.3087],[-106.9483,47.3037],[-106.9662,47.2987],[-106.9841,47.2936],[-107.002,47.2886],[-107.0199,47.2835],[-107.0379,47.2785],[-107.0558,47.2734],[-107.0737,47.2684],[-107.0916,47.2633],[-107.1095,47.2583],[-107.1274,47.2532],[-107.1381,47.2461],[-107.1489,47.2389],[-107.1597,47.2317],[-107.1704,47.2246],[-107.1812,47.2174],[-107.1919,47.2102],[-107.2027,47.2031],[-107.2134,47.1959],[-107.2301,47.1883],[-107.2468,47.1807],[-107.2634,47.1732],[-107.2801,47.1656],[-107.2967,47.158],[-107.3133,47.1504],[-107.33,47.1428],[-107.3466,47.1352],[-107.3657,47.132],[-107.3848,47.1289],[-107.4038,47.1257],[-107.4229,47.1226],[-107.4494,47.1141],[-107.4758,47.1057],[-107.5023,47.0972],[-107.5288,47.0888],[-107.5552,47.0803],[-107.5817,47.0718],[-107.6081,47.0633],[-107.6345,47.0549],[-107.6609,47.0464],[-107.6874,47.0379],[-107.7138,47.0294],[-107.7402,47.0209],[-107.7666,47.0124],[-107.7929,47.0039],[-107.8193,46.9954],[-107.8457,46.9868],[-107.8673,46.9905],[-107.8889,46.9943],[-107.8955,46.9816],[-107.902,46.9688],[-107.9086,46.9561],[-107.9152,46.9434],[-107.9218,46.9307],[-107.9283,46.918],[-107.9349,46.9053],[-107.9415,46.8926],[-107.9302,46.8834],[-107.9189,46.8741],[-107.9076,46.8649],[-107.8964,46.8557],[-107.8851,46.8465],[-107.8738,46.8372],[-107.8626,46.828],[-107.8513,46.8188],[-107.844,46.8014],[-107.8367,46.784],[-107.8294,46.7667],[-107.8221,46.7493],[-107.8148,46.7319],[-107.8075,46.7146],[-107.8002,46.6972],[-107.793,46.6798],[-107.8002,46.665],[-107.8074,46.6502],[-107.8146,46.6354],[-107.8218,46.6206],[-107.8348,46.6141],[-107.8477,46.6076],[-107.8606,46.6011],[-107.8736,46.5945],[-107.8663,46.5835],[-107.8589,46.5724],[-107.8516,46.5613],[-107.8443,46.5502],[-107.8369,46.5392],[-107.8296,46.5281],[-107.8223,46.517],[-107.815,46.5059],[-107.8182,46.4345],[-107.8215,46.3632],[-107.8004,46.3523],[-107.7793,46.3415],[-107.7583,46.3307],[-107.7373,46.3198],[-107.7162,46.309],[-107.6952,46.2981],[-107.6742,46.2873],[-107.6532,46.2764],[-107.6439,46.2579],[-107.6345,46.2393],[-107.6252,46.2208],[-107.6158,46.2023],[-107.5989,46.1881],[-107.5819,46.1739],[-107.565,46.1597],[-107.548,46.1455],[-107.5268,46.1452],[-107.5056,46.1449],[-107.4844,46.1445],[-107.4633,46.1442],[-107.4438,46.1469],[-107.4244,46.1496],[-107.405,46.1522],[-107.3855,46.1549],[-107.3661,46.1576],[-107.3467,46.1602],[-107.3272,46.1629],[-107.3078,46.1655],[-107.2968,46.1772],[-107.2858,46.189],[-107.2749,46.2007],[-107.2639,46.2124],[-107.2529,46.2241],[-107.2419,46.2358],[-107.2309,46.2476],[-107.2199,46.2593],[-107.204,46.2597],[-107.1881,46.2602],[-107.1723,46.2606],[-107.1564,46.2611],[-107.1405,46.2615],[-107.1246,46.262],[-107.1087,46.2624],[-107.0928,46.2629],[-107.0769,46.2633],[-107.061,46.2637],[-107.0451,46.2642],[-107.0292,46.2646],[-107.0133,46.265],[-106.9974,46.2655],[-106.9816,46.2659],[-106.9657,46.2663],[-106.95,46.263],[-106.9344,46.2596],[-106.9187,46.2562],[-106.9031,46.2529],[-106.8808,46.2529],[-106.8585,46.2529],[-106.8362,46.2529],[-106.8139,46.2529],[-106.7915,46.2529],[-106.7692,46.2529],[-106.7469,46.2529],[-106.7246,46.2529],[-106.6978,46.2594],[-106.671,46.2659],[-106.6447,46.2658],[-106.6184,46.2656],[-106.5921,46.2654],[-106.5659,46.2652],[-106.5396,46.2651],[-106.5133,46.2649],[-106.487,46.2647],[-106.4608,46.2645],[-106.4345,46.2643],[-106.4082,46.2641],[-106.3819,46.2639],[-106.3557,46.2637],[-106.3294,46.2635],[-106.3031,46.2632],[-106.2769,46.263],[-106.2506,46.2628],[-106.2341,46.2687],[-106.2177,46.2747],[-106.2012,46.2807],[-106.1847,46.2866],[-106.1682,46.2926],[-106.1518,46.2986],[-106.1353,46.3045],[-106.1188,46.3105],[-106.0949,46.3101],[-106.0711,46.3097],[-106.0472,46.3094],[-106.0234,46.309],[-105.9983,46.3197],[-105.9733,46.3304],[-105.9482,46.341],[-105.9231,46.3517],[-105.898,46.3624],[-105.873,46.373],[-105.8479,46.3837],[-105.8228,46.3944],[-105.8082,46.4082],[-105.7937,46.422],[-105.7791,46.4359],[-105.7645,46.4497],[-105.75,46.4635],[-105.7354,46.4774],[-105.7208,46.4912],[-105.7062,46.505],[-105.6895,46.515],[-105.6727,46.5251],[-105.6559,46.5351],[-105.6391,46.5451],[-105.6224,46.5551],[-105.6056,46.5651],[-105.5888,46.5751],[-105.572,46.5851],[-105.5619,46.5947],[-105.5518,46.6042],[-105.5417,46.6138],[-105.5316,46.6234],[-105.5215,46.6329],[-105.5114,46.6425],[-105.5013,46.6521],[-105.4912,46.6616],[-105.4811,46.6712],[-105.471,46.6808],[-105.4609,46.6903],[-105.4508,46.6999],[-105.4407,46.7094],[-105.4306,46.719],[-105.4204,46.7286],[-105.4103,46.7381],[-105.3969,46.7442],[-105.3835,46.7503],[-105.3701,46.7564],[-105.3567,46.7624],[-105.3433,46.7685],[-105.3299,46.7746],[-105.3165,46.7807],[-105.3031,46.7867],[-105.3111,46.8053],[-105.3191,46.8239],[-105.3271,46.8425],[-105.3351,46.8611],[-105.3528,46.868],[-105.3705,46.875],[-105.3882,46.8819],[-105.4059,46.8889],[-105.4233,46.9002],[-105.4407,46.9115],[-105.4581,46.9228],[-105.4756,46.9341],[-105.493,46.9454],[-105.5104,46.9567],[-105.5279,46.9681],[-105.5453,46.9794],[-105.5601,46.9916],[-105.5749,47.0038],[-105.5898,47.0161],[-105.6046,47.0283],[-105.6194,47.0406],[-105.6343,47.0528],[-105.6491,47.065],[-105.664,47.0773],[-105.6788,47.0895],[-105.6937,47.1017],[-105.7086,47.114],[-105.7235,47.1262],[-105.7383,47.1384],[-105.7532,47.1507],[-105.7681,47.1629],[-105.783,47.1751],[-105.7852,47.2286],[-105.7873,47.2821],[-105.7768,47.2968],[-105.7664,47.3115],[-105.7917,47.3124],[-105.8169,47.3133],[-105.8422,47.3142],[-105.8675,47.3151],[-105.8927,47.316],[-105.918,47.3169],[-105.9433,47.3178],[-105.9686,47.3187],[-105.9938,47.3196],[-106.0191,47.3204],[-106.0444,47.3213],[-106.0697,47.3222],[-106.0949,47.323],[-106.1202,47.3239],[-106.1455,47.3247],[-106.1708,47.3256]]]},"properties":{"OBJECTID":1017,"state":"Montana","agency":"Montana Fish Wildlife and Parks","unit_type":"HD","unit_id":"701","unit_name":"Prairie Badlands","unit_label":"Montana HD 701 - Prairie Badlands","aliases":"2025 | 701 | 701 prairie badlands | hd | hd 701 | hd 701 prairie badlands | montana | montana 701 | montana 701 prairie badlands | montana fish wildlife and parks | montana fish wildlife and parks 701 | montana hd 701 | montana hd 701 prairie badlands |","year":"2025","Shape_Length":558650.9378063697,"Shape_Area":18697811041.617382}},{"type":"Feature","id":1018,"geometry":{"type":"Polygon","coordinates":[[[-104.7618,46.4208],[-104.778,46.4204],[-104.7942,46.4201],[-104.8103,46.4198],[-104.8265,46.4194],[-104.8427,46.4191],[-104.8589,46.4187],[-104.8751,46.4184],[-104.8912,46.418],[-104.9074,46.4177],[-104.9236,46.4173],[-104.9398,46.417],[-104.9559,46.4166],[-104.9721,46.4163],[-104.9883,46.4159],[-105.0045,46.4155],[-105.0207,46.4152],[-105.0462,46.418],[-105.0718,46.4208],[-105.0974,46.4235],[-105.123,46.4263],[-105.1486,46.4291],[-105.1742,46.4319],[-105.1998,46.4346],[-105.2254,46.4374],[-105.2444,46.4358],[-105.2635,46.4342],[-105.2825,46.4326],[-105.3016,46.431],[-105.2888,46.4097],[-105.276,46.3885],[-105.2632,46.3672],[-105.2504,46.346],[-105.2549,46.3201],[-105.2594,46.2942],[-105.264,46.2684],[-105.2685,46.2425],[-105.257,46.2317],[-105.2455,46.2208],[-105.234,46.21],[-105.2225,46.1992],[-105.211,46.1884],[-105.1995,46.1775],[-105.188,46.1667],[-105.1765,46.1559],[-105.1669,46.1315],[-105.1574,46.1071],[-105.1472,46.0981],[-105.137,46.0892],[-105.1268,46.0802],[-105.1167,46.0713],[-105.1065,46.0623],[-105.0963,46.0534],[-105.0861,46.0444],[-105.076,46.0355],[-105.063,46.0147],[-105.05,45.9939],[-105.037,45.9731],[-105.024,45.9523],[-105.0262,45.9062],[-105.0284,45.86],[-105.0399,45.8463],[-105.0513,45.8325],[-105.0627,45.8188],[-105.0742,45.805],[-105.0856,45.7912],[-105.0971,45.7775],[-105.1085,45.7637],[-105.1199,45.75],[-105.135,45.7384],[-105.15,45.7268],[-105.1651,45.7152],[-105.1801,45.7036],[-105.2008,45.6981],[-105.2214,45.6926],[-105.242,45.6872],[-105.2627,45.6817],[-105.2674,45.6632],[-105.2721,45.6447],[-105.2768,45.6262],[-105.2814,45.6077],[-105.2972,45.6082],[-105.3129,45.6087],[-105.3286,45.6092],[-105.3444,45.6096],[-105.3601,45.6101],[-105.3758,45.6106],[-105.3915,45.6111],[-105.4073,45.6116],[-105.4044,45.5277],[-105.4015,45.4439],[-105.4163,45.4373],[-105.4311,45.4307],[-105.4459,45.4242],[-105.4606,45.4176],[-105.473,45.4077],[-105.4853,45.3978],[-105.4976,45.3878],[-105.5099,45.3779],[-105.5222,45.368],[-105.5345,45.358],[-105.5468,45.3481],[-105.5591,45.3382],[-105.5714,45.3282],[-105.5837,45.3183],[-105.596,45.3084],[-105.6082,45.2984],[-105.6205,45.2885],[-105.6328,45.2786],[-105.6451,45.2686],[-105.6573,45.2587],[-105.6797,45.2475],[-105.702,45.2364],[-105.7244,45.2252],[-105.7467,45.2141],[-105.7577,45.2037],[-105.7688,45.1934],[-105.7798,45.1831],[-105.7909,45.1728],[-105.8019,45.1625],[-105.8129,45.1522],[-105.824,45.1418],[-105.835,45.1315],[-105.8431,45.1151],[-105.8512,45.0988],[-105.8592,45.0824],[-105.8673,45.066],[-105.8754,45.0496],[-105.8834,45.0332],[-105.8915,45.0168],[-105.8995,45.0004],[-105.8995,45.0002],[-105.8799,45.0003],[-105.8603,45.0003],[-105.8407,45.0003],[-105.8211,45.0004],[-105.8015,45.0004],[-105.782,45.0004],[-105.7624,45.0004],[-105.7428,45.0004],[-105.7197,45.0005],[-105.6966,45.0005],[-105.6734,45.0004],[-105.6503,45.0004],[-105.6271,45.0004],[-105.6059,45.0004],[-105.5847,45.0004],[-105.5635,45.0003],[-105.5423,45.0003],[-105.514,45.0003],[-105.4844,45.0003],[-105.4549,45.0002],[-105.4339,45.0002],[-105.413,45.0002],[-105.392,45.0002],[-105.371,45.0002],[-105.3523,45.0002],[-105.3337,45.0002],[-105.315,45.0002],[-105.2963,45.0002],[-105.2798,45.0002],[-105.2633,45.0002],[-105.2469,45.0002],[-105.2304,45.0002],[-105.2139,45.0002],[-105.1974,45.0002],[-105.181,45.0002],[-105.1645,45.0002],[-105.148,45.0002],[-105.1316,45.0002],[-105.1151,45.0002],[-105.0986,45.0002],[-105.0821,45.0002],[-105.0657,45.0001],[-105.0492,45.0001],[-105.0327,45.0001],[-105.0255,45.0001],[-105.0078,45.0001],[-104.9783,45.0001],[-104.9489,45.0001],[-104.9195,45.0001],[-104.89,45.0],[-104.8705,45.0],[-104.851,44.9999],[-104.8314,44.9998],[-104.8119,44.9998],[-104.7924,44.9997],[-104.7729,44.9996],[-104.7533,44.9995],[-104.7338,44.9994],[-104.7143,44.9993],[-104.6948,44.9992],[-104.6752,44.9992],[-104.6557,44.9991],[-104.6362,44.999],[-104.6167,44.9989],[-104.5971,44.9987],[-104.5776,44.9986],[-104.5762,44.9986],[-104.5593,44.9986],[-104.5424,44.9986],[-104.5252,44.9986],[-104.5081,44.9985],[-104.4855,44.9985],[-104.4629,44.9985],[-104.4404,44.9984],[-104.4178,44.9984],[-104.4067,44.9984],[-104.3842,44.9983],[-104.3616,44.9983],[-104.3391,44.9983],[-104.3165,44.9982],[-104.294,44.9982],[-104.2714,44.9981],[-104.2489,44.9981],[-104.2263,44.998],[-104.2105,44.998],[-104.1948,44.9979],[-104.165,44.998],[-104.1352,44.998],[-104.1167,44.9978],[-104.0982,44.9977],[-104.0786,44.9977],[-104.0576,44.9976],[-104.0397,44.9981],[-104.04,45.214],[-104.04,45.2252],[-104.04,45.2637],[-104.0402,45.337],[-104.0402,45.3378],[-104.0402,45.3692],[-104.0404,45.3924],[-104.0406,45.4336],[-104.0408,45.4578],[-104.0408,45.46],[-104.0408,45.4631],[-104.0412,45.4981],[-104.0413,45.5158],[-104.0424,45.6465],[-104.0424,45.6552],[-104.0439,45.8002],[-104.0455,45.9452],[-104.0462,45.9793],[-104.0466,45.9978],[-104.0467,46.0],[-104.0467,46.0126],[-104.0466,46.0227],[-104.0458,46.1241],[-104.0454,46.1637],[-104.0458,46.3099],[-104.0654,46.3206],[-104.085,46.3313],[-104.1045,46.342],[-104.1241,46.3527],[-104.1413,46.3537],[-104.1586,46.3548],[-104.1758,46.3558],[-104.193,46.3568],[-104.2102,46.3578],[-104.2275,46.3589],[-104.2447,46.3599],[-104.2619,46.3609],[-104.2792,46.3619],[-104.2964,46.3629],[-104.3136,46.3639],[-104.3309,46.3649],[-104.3481,46.3659],[-104.3653,46.3669],[-104.3825,46.3679],[-104.3998,46.3689],[-104.4128,46.3746],[-104.4259,46.3804],[-104.439,46.3861],[-104.452,46.3918],[-104.4651,46.3976],[-104.4781,46.4033],[-104.4912,46.409],[-104.5043,46.4147],[-104.5204,46.4151],[-104.5365,46.4155],[-104.5526,46.4159],[-104.5687,46.4163],[-104.5848,46.4167],[-104.6009,46.4171],[-104.6169,46.4174],[-104.633,46.4178],[-104.6491,46.4182],[-104.6652,46.4186],[-104.6813,46.4189],[-104.6974,46.4193],[-104.7135,46.4197],[-104.7296,46.42],[-104.7457,46.4204],[-104.7618,46.4208]]]},"properties":{"OBJECTID":1018,"state":"Montana","agency":"Montana Fish Wildlife and Parks","unit_type":"HD","unit_id":"705","unit_name":"Southeastern Montana","unit_label":"Montana HD 705 - Southeastern Montana","aliases":"2025 | 705 | 705 southeastern montana | hd | hd 705 | hd 705 southeastern montana | montana | montana 705 | montana 705 southeastern montana | montana fish wildlife and parks | montana fish wildlife and parks 705 | montana hd 705 | montana hd 705 southea","year":"2025","Shape_Length":591562.5078479361,"Shape_Area":15960834220.616419}},{"type":"Feature","id":1019,"geometry":{"type":"Polygon","coordinates":[[[-104.6111,48.1415],[-104.6248,48.1528],[-104.6386,48.1641],[-104.6523,48.1754],[-104.6661,48.1868],[-104.6798,48.1981],[-104.6936,48.2094],[-104.7073,48.2207],[-104.7211,48.232],[-104.7169,48.2564],[-104.7127,48.2808],[-104.6967,48.2889],[-104.6807,48.2971],[-104.6647,48.3053],[-104.6486,48.3134],[-104.6326,48.3216],[-104.6166,48.3297],[-104.6006,48.3379],[-104.5845,48.346],[-104.5767,48.3663],[-104.5689,48.3865],[-104.5611,48.4067],[-104.5533,48.4269],[-104.5513,48.4716],[-104.5492,48.5163],[-104.5389,48.5243],[-104.5287,48.5323],[-104.5184,48.5404],[-104.5081,48.5484],[-104.4979,48.5564],[-104.4876,48.5644],[-104.4773,48.5724],[-104.467,48.5804],[-104.4589,48.6059],[-104.4507,48.6313],[-104.4749,48.6314],[-104.4992,48.6315],[-104.5234,48.6315],[-104.5476,48.6316],[-104.5718,48.6317],[-104.596,48.6317],[-104.6202,48.6318],[-104.6444,48.6318],[-104.6687,48.6318],[-104.6929,48.6319],[-104.7171,48.6319],[-104.7413,48.6319],[-104.7655,48.632],[-104.7897,48.632],[-104.814,48.632],[-104.8382,48.632],[-104.8624,48.632],[-104.8866,48.632],[-104.9108,48.632],[-104.935,48.632],[-104.9592,48.632],[-104.9835,48.632],[-105.0077,48.632],[-105.0319,48.6319],[-105.0561,48.6319],[-105.0803,48.6319],[-105.1045,48.6319],[-105.1288,48.6318],[-105.153,48.6318],[-105.1772,48.6317],[-105.2014,48.6317],[-105.2256,48.6316],[-105.2498,48.6316],[-105.274,48.6315],[-105.2983,48.6314],[-105.3225,48.6314],[-105.3467,48.6313],[-105.3709,48.6312],[-105.3951,48.6311],[-105.4193,48.631],[-105.4436,48.6309],[-105.4678,48.6308],[-105.492,48.6307],[-105.5162,48.6306],[-105.5404,48.6305],[-105.5646,48.6304],[-105.5888,48.6303],[-105.6131,48.6302],[-105.6373,48.63],[-105.6615,48.6299],[-105.6857,48.6298],[-105.7099,48.6296],[-105.7341,48.6295],[-105.7583,48.6293],[-105.7825,48.6292],[-105.8068,48.629],[-105.831,48.6289],[-105.8552,48.6287],[-105.8794,48.6285],[-105.9036,48.6284],[-105.9278,48.6282],[-105.952,48.628],[-105.9763,48.6278],[-106.0005,48.6276],[-106.0304,48.628],[-106.0603,48.6284],[-106.0902,48.6288],[-106.1202,48.6292],[-106.1501,48.6295],[-106.18,48.6299],[-106.2099,48.6302],[-106.2398,48.6306],[-106.2698,48.6309],[-106.2997,48.6313],[-106.3296,48.6316],[-106.3595,48.6319],[-106.3895,48.6322],[-106.4194,48.6325],[-106.4493,48.6329],[-106.4792,48.6331],[-106.5041,48.6333],[-106.529,48.6335],[-106.5539,48.6337],[-106.5788,48.6339],[-106.5677,48.6185],[-106.5567,48.6031],[-106.5456,48.5876],[-106.5346,48.5722],[-106.5235,48.5567],[-106.5125,48.5413],[-106.5014,48.5259],[-106.4904,48.5104],[-106.4919,48.4619],[-106.4803,48.4467],[-106.4687,48.4315],[-106.4571,48.4163],[-106.4456,48.4011],[-106.434,48.3859],[-106.4224,48.3707],[-106.4109,48.3555],[-106.3993,48.3403],[-106.4041,48.2995],[-106.4088,48.2587],[-106.4014,48.2341],[-106.3941,48.2095],[-106.3868,48.1848],[-106.3794,48.1602],[-106.3619,48.1481],[-106.3445,48.1361],[-106.3295,48.1301],[-106.3146,48.1241],[-106.2997,48.1181],[-106.2849,48.1121],[-106.2931,48.098],[-106.3012,48.084],[-106.3094,48.0699],[-106.3176,48.0558],[-106.2918,48.0484],[-106.2659,48.041],[-106.2401,48.0336],[-106.2142,48.0262],[-106.1896,48.0271],[-106.1649,48.028],[-106.1402,48.0289],[-106.1156,48.0298],[-106.0909,48.0306],[-106.0662,48.0315],[-106.0416,48.0324],[-106.0169,48.0333],[-105.992,48.026],[-105.9671,48.0187],[-105.9422,48.0114],[-105.9173,48.004],[-105.8926,48.0076],[-105.8678,48.0111],[-105.8431,48.0147],[-105.8184,48.0182],[-105.7936,48.0218],[-105.7689,48.0253],[-105.7441,48.0288],[-105.7194,48.0323],[-105.7019,48.0436],[-105.6845,48.0549],[-105.667,48.0662],[-105.6496,48.0774],[-105.6315,48.0799],[-105.6135,48.0825],[-105.5954,48.085],[-105.5774,48.0875],[-105.5593,48.09],[-105.5413,48.0926],[-105.5232,48.0951],[-105.5052,48.0976],[-105.4777,48.0964],[-105.4503,48.0952],[-105.4229,48.094],[-105.3954,48.0927],[-105.368,48.0915],[-105.3406,48.0903],[-105.3131,48.089],[-105.2857,48.0878],[-105.2583,48.0865],[-105.2309,48.0853],[-105.2034,48.084],[-105.176,48.0828],[-105.1486,48.0815],[-105.1212,48.0802],[-105.0937,48.0789],[-105.0663,48.0777],[-105.0572,48.0659],[-105.048,48.0541],[-105.0228,48.0641],[-104.9976,48.074],[-104.9724,48.084],[-104.9471,48.0939],[-104.9338,48.1081],[-104.9205,48.1222],[-104.9072,48.1364],[-104.8939,48.1505],[-104.875,48.1427],[-104.8562,48.1348],[-104.8373,48.127],[-104.8184,48.1191],[-104.7941,48.1185],[-104.7697,48.1179],[-104.7454,48.1173],[-104.7211,48.1167],[-104.6967,48.1161],[-104.6724,48.1155],[-104.648,48.1149],[-104.6237,48.1142],[-104.6174,48.1279],[-104.6111,48.1415]]]},"properties":{"OBJECTID":1019,"state":"Montana","agency":"Montana Fish Wildlife and Parks","unit_type":"HD","unit_id":" ","unit_name":"FORT PECK INDIAN RESERVATION","unit_label":"FORT PECK INDIAN RESERVATION","aliases":"2025 | fort peck indian reservation | hd | montana | montana fish wildlife and parks","year":"2025","Shape_Length":435835.2877899765,"Shape_Area":8500395684.475816}},{"type":"Feature","id":1020,"geometry":{"type":"Polygon","coordinates":[[[-110.9111,45.0306],[-110.9223,45.0391],[-110.9335,45.0475],[-110.9447,45.0559],[-110.9559,45.0644],[-110.9671,45.0728],[-110.9783,45.0812],[-110.9896,45.0897],[-111.0008,45.0981],[-111.0154,45.0904],[-111.0301,45.0828],[-111.0448,45.0751],[-111.0594,45.0674],[-111.0704,45.0778],[-111.0814,45.0881],[-111.0924,45.0985],[-111.1034,45.1089],[-111.1167,45.0951],[-111.1299,45.0813],[-111.1431,45.0675],[-111.1563,45.0537],[-111.1414,45.0458],[-111.1266,45.0379],[-111.1117,45.03],[-111.0968,45.0221],[-111.0972,44.8876],[-111.0972,44.8081],[-111.0971,44.4866],[-111.0969,44.4866],[-111.0968,44.4865],[-111.091,44.4842],[-111.0862,44.4833],[-111.0837,44.4828],[-111.0797,44.4815],[-111.0795,44.4814],[-111.0793,44.4813],[-111.0791,44.4813],[-111.0731,44.481],[-111.0715,44.4805],[-111.07,44.4799],[-111.0685,44.479],[-111.0674,44.4783],[-111.0674,44.4783],[-111.0651,44.4769],[-111.0629,44.4761],[-111.0561,44.4751],[-111.0551,44.4755],[-111.0529,44.4759],[-111.0534,44.6072],[-111.054,44.7385],[-111.0546,44.8699],[-111.0552,45.0013],[-111.0383,45.0014],[-111.0214,45.0016],[-111.0046,45.0017],[-110.9877,45.0018],[-110.9708,45.0019],[-110.9539,45.002],[-110.937,45.0021],[-110.9201,45.0022],[-110.9032,45.0023],[-110.8863,45.0024],[-110.8695,45.0025],[-110.8526,45.0026],[-110.8357,45.0027],[-110.8188,45.0028],[-110.8019,45.0029],[-110.785,45.003],[-110.7651,45.0003],[-110.7452,44.9976],[-110.7252,44.995],[-110.7053,44.9923],[-110.6864,44.9924],[-110.6675,44.9925],[-110.6486,44.9927],[-110.6297,44.9928],[-110.6108,44.9929],[-110.5919,44.993],[-110.573,44.9931],[-110.5541,44.9932],[-110.5352,44.9932],[-110.5163,44.9933],[-110.4974,44.9934],[-110.4785,44.9935],[-110.4596,44.9936],[-110.4407,44.9937],[-110.4218,44.9937],[-110.4029,44.9938],[-110.3778,44.9944],[-110.3527,44.9951],[-110.3275,44.9957],[-110.3024,44.9963],[-110.2773,44.9969],[-110.2521,44.9976],[-110.227,44.9982],[-110.2019,44.9988],[-110.1767,44.9994],[-110.1516,45.0],[-110.1264,45.0006],[-110.1013,45.0011],[-110.0762,45.0017],[-110.051,45.0023],[-110.0259,45.0029],[-110.0008,45.0034],[-110.0008,45.0465],[-110.0194,45.0425],[-110.0381,45.0384],[-110.0567,45.0344],[-110.0754,45.0303],[-110.1002,45.0303],[-110.125,45.0303],[-110.1498,45.0303],[-110.1746,45.0303],[-110.1994,45.0303],[-110.2242,45.0303],[-110.249,45.0303],[-110.2738,45.0303],[-110.2986,45.0303],[-110.3234,45.0302],[-110.3482,45.0302],[-110.3731,45.0302],[-110.3979,45.0301],[-110.4227,45.0301],[-110.4475,45.03],[-110.4723,45.03],[-110.5023,45.03],[-110.5323,45.03],[-110.5624,45.0299],[-110.5924,45.0299],[-110.6224,45.0299],[-110.6524,45.0298],[-110.6825,45.0298],[-110.7125,45.0297],[-110.7274,45.039],[-110.7423,45.0482],[-110.7571,45.0574],[-110.772,45.0667],[-110.7899,45.0576],[-110.8077,45.0484],[-110.8256,45.0393],[-110.8434,45.0302],[-110.8604,45.0303],[-110.8773,45.0304],[-110.8942,45.0305],[-110.9111,45.0306]]]},"properties":{"OBJECTID":1020,"state":"Montana","agency":"Montana Fish Wildlife and Parks","unit_type":"HD","unit_id":" ","unit_name":"YELLOWSTONE NATIONAL PARK","unit_label":"YELLOWSTONE NATIONAL PARK","aliases":"2025 | hd | montana | montana fish wildlife and parks | yellowstone national park","year":"2025","Shape_Length":319784.7381934637,"Shape_Area":627840049.6017535}},{"type":"Feature","id":1021,"geometry":{"type":"Polygon","coordinates":[[[-108.0032,47.8206],[-108.0321,47.8199],[-108.0611,47.8193],[-108.0901,47.8186],[-108.119,47.818],[-108.148,47.8173],[-108.177,47.8167],[-108.2059,47.816],[-108.2349,47.8153],[-108.2478,47.8006],[-108.2607,47.7859],[-108.2875,47.7879],[-108.3142,47.7899],[-108.341,47.792],[-108.3677,47.794],[-108.3944,47.796],[-108.4212,47.798],[-108.4479,47.8],[-108.4747,47.802],[-108.4857,47.8126],[-108.4967,47.8233],[-108.4849,47.8311],[-108.4732,47.839],[-108.4615,47.8468],[-108.4497,47.8546],[-108.438,47.8624],[-108.4263,47.8703],[-108.4145,47.8781],[-108.4028,47.8859],[-108.4272,47.8972],[-108.4517,47.9086],[-108.4762,47.9199],[-108.5007,47.9312],[-108.4886,47.9427],[-108.4765,47.9543],[-108.4643,47.9658],[-108.4522,47.9773],[-108.4713,47.9791],[-108.4904,47.9808],[-108.5095,47.9825],[-108.5286,47.9842],[-108.5477,47.9859],[-108.5668,47.9876],[-108.586,47.9894],[-108.6051,47.9911],[-108.6094,47.9734],[-108.6137,47.9558],[-108.6181,47.9382],[-108.6224,47.9205],[-108.6388,47.9207],[-108.6553,47.9208],[-108.6717,47.921],[-108.6881,47.9211],[-108.7046,47.9213],[-108.721,47.9214],[-108.7374,47.9216],[-108.7539,47.9217],[-108.7703,47.9218],[-108.7868,47.922],[-108.8032,47.9221],[-108.8196,47.9222],[-108.8361,47.9224],[-108.8525,47.9225],[-108.8689,47.9226],[-108.8854,47.9227],[-108.8861,48.0162],[-108.9034,48.0225],[-108.9206,48.0288],[-108.9379,48.0351],[-108.9551,48.0414],[-108.9661,48.0319],[-108.977,48.0225],[-108.9879,48.0131],[-108.9988,48.0036],[-109.0097,47.9942],[-109.0206,47.9848],[-109.0315,47.9753],[-109.0424,47.9659],[-109.0309,47.9433],[-109.0194,47.9208],[-109.0079,47.8982],[-108.9964,47.8757],[-108.9767,47.8618],[-108.9571,47.8479],[-108.9374,47.8341],[-108.9177,47.8202],[-108.9279,47.8037],[-108.938,47.7872],[-108.9439,47.7629],[-108.9499,47.7386],[-108.9233,47.7339],[-108.8968,47.7291],[-108.8702,47.7243],[-108.8437,47.7195],[-108.8346,47.7102],[-108.8256,47.701],[-108.8165,47.6917],[-108.8075,47.6825],[-108.7985,47.6732],[-108.7894,47.664],[-108.7804,47.6547],[-108.7714,47.6455],[-108.7498,47.6418],[-108.7283,47.6381],[-108.7067,47.6344],[-108.6852,47.6308],[-108.6576,47.6255],[-108.63,47.6202],[-108.6024,47.615],[-108.5748,47.6097],[-108.5451,47.6112],[-108.5154,47.6128],[-108.4857,47.6144],[-108.456,47.6159],[-108.4371,47.6069],[-108.4182,47.5978],[-108.3993,47.5888],[-108.3804,47.5797],[-108.3529,47.5808],[-108.3254,47.5818],[-108.2979,47.5828],[-108.2705,47.5838],[-108.243,47.5848],[-108.2155,47.5858],[-108.188,47.5868],[-108.1605,47.5878],[-108.1436,47.5931],[-108.1266,47.5984],[-108.1096,47.6037],[-108.0926,47.6091],[-108.0771,47.606],[-108.0616,47.6029],[-108.0461,47.5998],[-108.0306,47.5967],[-108.0151,47.5937],[-107.9996,47.5906],[-107.9841,47.5875],[-107.9686,47.5844],[-107.9769,47.5973],[-107.9852,47.6102],[-107.9935,47.6231],[-108.0019,47.636],[-108.0102,47.6488],[-108.0185,47.6617],[-108.0268,47.6746],[-108.0352,47.6875],[-108.0272,47.7208],[-108.0192,47.754],[-108.0112,47.7873],[-108.0032,47.8206]]]},"properties":{"OBJECTID":1021,"state":"Montana","agency":"Montana Fish Wildlife and Parks","unit_type":"HD","unit_id":"621","unit_name":"Missouri Rivers Breaks","unit_label":"Montana HD 621 - Missouri Rivers Breaks","aliases":"2025 | 621 | 621 missouri rivers breaks | hd | hd 621 | hd 621 missouri rivers breaks | missouri rivers breaks | montana | montana 621 | montana 621 missouri rivers breaks | montana fish wildlife and parks | montana fish wildlife and parks 621 | montana","year":"2025","Shape_Length":268992.6077412628,"Shape_Area":2103348653.3032265}},{"type":"Feature","id":1022,"geometry":{"type":"Polygon","coordinates":[[[-111.282,47.4943],[-111.2977,47.492],[-111.3134,47.4897],[-111.329,47.4875],[-111.3447,47.4852],[-111.365,47.4788],[-111.3853,47.4723],[-111.4056,47.4659],[-111.4258,47.4595],[-111.4461,47.453],[-111.4664,47.4466],[-111.4866,47.4402],[-111.5069,47.4337],[-111.4909,47.4202],[-111.475,47.4067],[-111.459,47.3932],[-111.4431,47.3796],[-111.4398,47.3497],[-111.4365,47.3198],[-111.4333,47.2898],[-111.43,47.2599],[-111.4203,47.244],[-111.4106,47.2281],[-111.4009,47.2121],[-111.3912,47.1962],[-111.3763,47.1894],[-111.3613,47.1825],[-111.3464,47.1756],[-111.3314,47.1688],[-111.3165,47.1619],[-111.3016,47.155],[-111.2866,47.1482],[-111.2717,47.1413],[-111.2682,47.1055],[-111.2646,47.0698],[-111.2739,47.0433],[-111.2832,47.0168],[-111.2924,46.9904],[-111.3016,46.9639],[-111.2939,46.9412],[-111.2682,46.946],[-111.2424,46.9507],[-111.2167,46.9554],[-111.1909,46.9601],[-111.1764,46.9521],[-111.1619,46.944],[-111.1474,46.936],[-111.133,46.928],[-111.1185,46.9199],[-111.104,46.9119],[-111.0895,46.9039],[-111.0751,46.8958],[-111.0519,46.904],[-111.0286,46.9122],[-111.0107,46.9106],[-110.9927,46.909],[-110.9748,46.9075],[-110.9568,46.9059],[-110.9388,46.9043],[-110.9209,46.9027],[-110.9029,46.9011],[-110.885,46.8995],[-110.8688,46.9065],[-110.8526,46.9134],[-110.8364,46.9203],[-110.8202,46.9272],[-110.8039,46.9341],[-110.7877,46.941],[-110.7715,46.9479],[-110.7553,46.9548],[-110.7441,46.9439],[-110.7329,46.9329],[-110.7217,46.922],[-110.7105,46.911],[-110.6994,46.9],[-110.6882,46.8891],[-110.677,46.8781],[-110.6659,46.8671],[-110.6798,46.8551],[-110.6937,46.843],[-110.6799,46.8533],[-110.6661,46.8635],[-110.6523,46.8738],[-110.6386,46.8841],[-110.6214,46.8917],[-110.6042,46.8994],[-110.5871,46.9071],[-110.5699,46.9148],[-110.5528,46.9225],[-110.5356,46.9301],[-110.5184,46.9378],[-110.5012,46.9455],[-110.5074,46.9765],[-110.5137,47.0076],[-110.4951,47.0211],[-110.4765,47.0345],[-110.4537,47.0436],[-110.4309,47.0528],[-110.4081,47.0619],[-110.3854,47.071],[-110.3626,47.0801],[-110.3398,47.0892],[-110.3169,47.0983],[-110.2941,47.1075],[-110.281,47.1198],[-110.2678,47.1322],[-110.2547,47.1445],[-110.2415,47.1569],[-110.2648,47.1642],[-110.2882,47.1715],[-110.3115,47.1787],[-110.3348,47.186],[-110.3582,47.1933],[-110.3815,47.2005],[-110.4049,47.2078],[-110.4282,47.215],[-110.4454,47.2255],[-110.4625,47.236],[-110.4796,47.2465],[-110.4968,47.2569],[-110.5247,47.2578],[-110.5526,47.2586],[-110.5805,47.2594],[-110.6084,47.2602],[-110.6363,47.2611],[-110.6643,47.2619],[-110.6922,47.2627],[-110.7201,47.2635],[-110.742,47.269],[-110.7639,47.2746],[-110.7858,47.2801],[-110.8077,47.2856],[-110.8191,47.294],[-110.8306,47.3023],[-110.842,47.3107],[-110.8534,47.319],[-110.8648,47.3274],[-110.8762,47.3357],[-110.8877,47.344],[-110.8991,47.3524],[-110.9149,47.3686],[-110.9306,47.3847],[-110.9464,47.4009],[-110.9622,47.417],[-110.9832,47.426],[-111.0042,47.435],[-111.0252,47.4439],[-111.0462,47.4529],[-111.0678,47.458],[-111.0894,47.4631],[-111.111,47.4683],[-111.1326,47.4734],[-111.1542,47.4786],[-111.1758,47.4837],[-111.1974,47.4888],[-111.219,47.4939],[-111.2505,47.4941],[-111.282,47.4943]]]},"properties":{"OBJECTID":1022,"state":"Montana","agency":"Montana Fish Wildlife and Parks","unit_type":"HD","unit_id":"413","unit_name":"Northwest Little Belts","unit_label":"Montana HD 413 - Northwest Little Belts","aliases":"2025 | 413 | 413 northwest little belts | hd | hd 413 | hd 413 northwest little belts | montana | montana 413 | montana 413 northwest little belts | montana fish wildlife and parks | montana fish wildlife and parks 413 | montana hd 413 | montana hd 413 n","year":"2025","Shape_Length":286293.8427995803,"Shape_Area":3584721784.0416217}},{"type":"Feature","id":1023,"geometry":{"type":"Polygon","coordinates":[[[-109.8147,46.4369],[-109.842,46.4365],[-109.8525,46.4141],[-109.8629,46.3918],[-109.8734,46.3695],[-109.8838,46.3472],[-109.8891,46.2991],[-109.8944,46.2511],[-109.8997,46.203],[-109.9049,46.155],[-109.9124,46.141],[-109.9199,46.127],[-109.9274,46.113],[-109.9349,46.0989],[-109.9413,46.0778],[-109.9476,46.0567],[-109.954,46.0356],[-109.9603,46.0145],[-109.9666,45.9934],[-109.973,45.9723],[-109.9793,45.9512],[-109.9856,45.9301],[-109.9742,45.9093],[-109.9627,45.8885],[-109.9513,45.8677],[-109.9399,45.8468],[-109.9195,45.8434],[-109.8991,45.8399],[-109.8787,45.8364],[-109.8583,45.8329],[-109.8441,45.8206],[-109.8298,45.8084],[-109.8156,45.7962],[-109.8013,45.7839],[-109.7871,45.7717],[-109.7729,45.7594],[-109.7586,45.7472],[-109.7444,45.7349],[-109.7257,45.7358],[-109.7071,45.7366],[-109.6884,45.7375],[-109.6698,45.7383],[-109.6531,45.7308],[-109.6364,45.7233],[-109.6197,45.7157],[-109.6031,45.7082],[-109.5802,45.7102],[-109.5574,45.7122],[-109.5346,45.7142],[-109.5117,45.7162],[-109.4917,45.7078],[-109.4717,45.6993],[-109.4518,45.6909],[-109.4318,45.6825],[-109.4118,45.6918],[-109.3919,45.7011],[-109.3779,45.6953],[-109.3639,45.6895],[-109.3499,45.6837],[-109.3359,45.6779],[-109.3219,45.6722],[-109.3079,45.6664],[-109.2939,45.6606],[-109.2799,45.6548],[-109.2659,45.6489],[-109.252,45.6431],[-109.238,45.6373],[-109.224,45.6315],[-109.21,45.6257],[-109.196,45.6199],[-109.1821,45.6141],[-109.1681,45.6083],[-109.1489,45.6049],[-109.1298,45.6016],[-109.1106,45.5982],[-109.0914,45.5949],[-109.0728,45.5993],[-109.0543,45.6036],[-109.0357,45.608],[-109.0171,45.6123],[-108.9985,45.6167],[-108.9799,45.621],[-108.9613,45.6253],[-108.9427,45.6297],[-108.924,45.634],[-108.9054,45.6384],[-108.8868,45.6427],[-108.8682,45.647],[-108.8496,45.6514],[-108.831,45.6557],[-108.8123,45.66],[-108.7937,45.6643],[-108.7694,45.6625],[-108.7446,45.6733],[-108.7197,45.684],[-108.6948,45.6948],[-108.6699,45.7055],[-108.6449,45.7162],[-108.62,45.727],[-108.5951,45.7377],[-108.5702,45.7484],[-108.5494,45.7532],[-108.5286,45.7581],[-108.5078,45.7629],[-108.487,45.7677],[-108.5031,45.7827],[-108.5192,45.7977],[-108.5435,45.8003],[-108.5677,45.8029],[-108.5919,45.8055],[-108.6162,45.8081],[-108.6266,45.8245],[-108.637,45.8408],[-108.6475,45.8572],[-108.658,45.8735],[-108.6684,45.8898],[-108.6789,45.9062],[-108.6893,45.9225],[-108.6998,45.9389],[-108.7101,45.9473],[-108.7204,45.9558],[-108.7307,45.9643],[-108.7409,45.9728],[-108.7512,45.9812],[-108.7615,45.9897],[-108.7718,45.9982],[-108.7821,46.0066],[-108.7924,46.0151],[-108.8027,46.0236],[-108.813,46.0321],[-108.8233,46.0405],[-108.8336,46.049],[-108.8439,46.0575],[-108.8542,46.0659],[-108.8645,46.0744],[-108.8734,46.0951],[-108.8823,46.1158],[-108.8912,46.1366],[-108.9001,46.1573],[-108.9091,46.178],[-108.918,46.1987],[-108.9269,46.2194],[-108.9358,46.2402],[-108.9381,46.3066],[-108.9591,46.3059],[-108.98,46.3051],[-109.0009,46.3044],[-109.0219,46.3036],[-109.0428,46.3029],[-109.0638,46.3021],[-109.0847,46.3014],[-109.1057,46.3006],[-109.124,46.3051],[-109.1424,46.3097],[-109.1607,46.3142],[-109.1791,46.3187],[-109.1952,46.3133],[-109.2114,46.3078],[-109.2275,46.3023],[-109.2436,46.2968],[-109.2594,46.299],[-109.2752,46.3012],[-109.2911,46.3034],[-109.3069,46.3055],[-109.3227,46.3077],[-109.3385,46.3099],[-109.3543,46.3121],[-109.3701,46.3143],[-109.3859,46.3165],[-109.4018,46.3186],[-109.4176,46.3208],[-109.4334,46.323],[-109.4492,46.3252],[-109.4651,46.3273],[-109.4809,46.3295],[-109.4967,46.3317],[-109.5114,46.3372],[-109.5261,46.3428],[-109.5408,46.3484],[-109.5555,46.3539],[-109.5702,46.3595],[-109.5848,46.3651],[-109.5995,46.3706],[-109.6142,46.3762],[-109.6289,46.3817],[-109.6437,46.3873],[-109.6584,46.3928],[-109.6731,46.3984],[-109.6878,46.4039],[-109.7025,46.4095],[-109.7172,46.415],[-109.7319,46.4206],[-109.7526,46.4247],[-109.7733,46.4287],[-109.794,46.4328],[-109.8147,46.4369]]]},"properties":{"OBJECTID":1023,"state":"Montana","agency":"Montana Fish Wildlife and Parks","unit_type":"HD","unit_id":"515","unit_name":"Mid-Yellowstone","unit_label":"Montana HD 515 - Mid-Yellowstone","aliases":"2025 | 515 | 515 mid yellowstone | hd | hd 515 | hd 515 mid yellowstone | mid yellowstone | montana | montana 515 | montana 515 mid yellowstone | montana fish wildlife and parks | montana fish wildlife and parks 515 | montana hd 515 | montana hd 515 mid","year":"2025","Shape_Length":343902.4708604941,"Shape_Area":6544410480.048711}},{"type":"Feature","id":1024,"geometry":{"type":"Polygon","coordinates":[[[-114.119,46.6631],[-114.1467,46.6687],[-114.1745,46.6744],[-114.2022,46.68],[-114.23,46.6856],[-114.2426,46.6644],[-114.2551,46.6433],[-114.2677,46.6222],[-114.2802,46.6011],[-114.2926,46.5948],[-114.3051,46.5884],[-114.3175,46.5821],[-114.3299,46.5757],[-114.3327,46.5713],[-114.3347,46.5693],[-114.3359,46.5675],[-114.3386,46.5657],[-114.3387,46.5656],[-114.3391,46.5649],[-114.3396,46.5641],[-114.3398,46.5635],[-114.3468,46.5527],[-114.3475,46.5522],[-114.3479,46.5518],[-114.3455,46.5485],[-114.3455,46.5481],[-114.3441,46.5417],[-114.3466,46.5358],[-114.3466,46.5358],[-114.3474,46.535],[-114.349,46.5333],[-114.3488,46.5319],[-114.3488,46.5313],[-114.3489,46.531],[-114.3491,46.5306],[-114.3487,46.5284],[-114.3484,46.5277],[-114.3481,46.527],[-114.3478,46.5265],[-114.3477,46.5264],[-114.3469,46.5256],[-114.3466,46.5253],[-114.3457,46.5247],[-114.3423,46.5204],[-114.3422,46.5201],[-114.3423,46.5195],[-114.3428,46.5187],[-114.3474,46.514],[-114.348,46.5119],[-114.348,46.5114],[-114.3484,46.5105],[-114.3489,46.5102],[-114.3504,46.5096],[-114.3524,46.5077],[-114.3539,46.5073],[-114.3567,46.5062],[-114.3597,46.5051],[-114.3598,46.5051],[-114.3622,46.5056],[-114.3638,46.5056],[-114.3685,46.505],[-114.3698,46.5039],[-114.3742,46.5023],[-114.3788,46.5029],[-114.3821,46.5044],[-114.3834,46.5049],[-114.3846,46.5049],[-114.3939,46.5036],[-114.3955,46.5029],[-114.4,46.5022],[-114.4006,46.502],[-114.4018,46.4899],[-114.4015,46.4894],[-114.4014,46.4868],[-114.4014,46.4867],[-114.4015,46.484],[-114.4012,46.4804],[-114.3966,46.4739],[-114.3962,46.4735],[-114.3956,46.4729],[-114.3937,46.4692],[-114.3887,46.4682],[-114.384,46.4667],[-114.3799,46.4608],[-114.3796,46.4605],[-114.3803,46.4593],[-114.3813,46.4564],[-114.3764,46.443],[-114.3753,46.443],[-114.3725,46.4428],[-114.3848,46.4284],[-114.385,46.4279],[-114.385,46.4274],[-114.3845,46.4257],[-114.384,46.4187],[-114.3845,46.4173],[-114.3877,46.41],[-114.3888,46.4098],[-114.3888,46.4098],[-114.3995,46.4049],[-114.3998,46.4043],[-114.4007,46.4024],[-114.4013,46.4018],[-114.4088,46.4006],[-114.4094,46.4001],[-114.4095,46.4001],[-114.41,46.398],[-114.4101,46.3964],[-114.4129,46.395],[-114.4223,46.3874],[-114.4226,46.3863],[-114.4215,46.3845],[-114.4167,46.375],[-114.4166,46.3748],[-114.4152,46.3719],[-114.4137,46.3696],[-114.4107,46.366],[-114.4105,46.3652],[-114.4112,46.3636],[-114.4104,46.3608],[-114.4117,46.3553],[-114.412,46.3527],[-114.4121,46.3516],[-114.4125,46.3512],[-114.4132,46.3501],[-114.4136,46.3452],[-114.4141,46.3381],[-114.414,46.3378],[-114.4139,46.3363],[-114.4144,46.3356],[-114.4182,46.332],[-114.4219,46.3303],[-114.422,46.3299],[-114.4218,46.3282],[-114.4315,46.3081],[-114.4315,46.308],[-114.4325,46.3024],[-114.4322,46.3015],[-114.4321,46.3014],[-114.4319,46.3012],[-114.4273,46.2864],[-114.4276,46.286],[-114.4276,46.2858],[-114.4273,46.2841],[-114.4298,46.2816],[-114.4308,46.2806],[-114.4334,46.2784],[-114.4375,46.2758],[-114.4397,46.2749],[-114.4516,46.2712],[-114.4527,46.271],[-114.4608,46.2726],[-114.4639,46.2732],[-114.4645,46.2731],[-114.4656,46.2729],[-114.4685,46.2696],[-114.4701,46.2681],[-114.4693,46.2613],[-114.4691,46.2608],[-114.4691,46.2607],[-114.4686,46.2585],[-114.4685,46.2582],[-114.4659,46.2536],[-114.4659,46.2513],[-114.4661,46.251],[-114.4663,46.2508],[-114.4665,46.2506],[-114.4581,46.2438],[-114.4577,46.2436],[-114.4484,46.2175],[-114.4487,46.2171],[-114.4446,46.1689],[-114.4452,46.168],[-114.4454,46.1679],[-114.4572,46.1703],[-114.4576,46.1702],[-114.4577,46.1702],[-114.465,46.1657],[-114.4651,46.1656],[-114.4765,46.1606],[-114.4902,46.1677],[-114.4924,46.1677],[-114.497,46.1677],[-114.5064,46.1646],[-114.515,46.1675],[-114.515,46.159],[-114.5152,46.1588],[-114.5153,46.1534],[-114.5197,46.1517],[-114.5244,46.1488],[-114.5245,46.1488],[-114.5149,46.1336],[-114.5053,46.1184],[-114.5046,46.1183],[-114.4935,46.1117],[-114.4824,46.1051],[-114.4713,46.0985],[-114.4603,46.0919],[-114.4604,46.0915],[-114.4607,46.0857],[-114.4621,46.0829],[-114.4661,46.0775],[-114.4677,46.0771],[-114.469,46.0771],[-114.4695,46.077],[-114.4705,46.0773],[-114.471,46.0773],[-114.4723,46.0768],[-114.4722,46.0766],[-114.472,46.0719],[-114.472,46.0718],[-114.4717,46.061],[-114.4745,46.0587],[-114.4756,46.0577],[-114.476,46.0575],[-114.4793,46.0557],[-114.4807,46.0553],[-114.482,46.0552],[-114.4826,46.0552],[-114.4883,46.0539],[-114.4887,46.0538],[-114.4892,46.0536],[-114.491,46.0531],[-114.495,46.0458],[-114.4954,46.0455],[-114.4969,46.0438],[-114.4976,46.0437],[-114.4977,46.0423],[-114.4978,46.0422],[-114.4997,46.0418],[-114.5041,46.0414],[-114.5041,46.0414],[-114.5046,46.0407],[-114.5058,46.0392],[-114.5067,46.0376],[-114.4912,46.0278],[-114.4908,46.0278],[-114.49,46.0278],[-114.4868,46.0295],[-114.4751,46.0193],[-114.4741,46.0175],[-114.4737,46.0155],[-114.4735,46.015],[-114.4742,46.0126],[-114.4755,46.0118],[-114.4772,46.0109],[-114.478,46.0106],[-114.478,46.0106],[-114.4797,46.0097],[-114.4798,46.0097],[-114.4802,46.0095],[-114.4827,46.0082],[-114.4829,46.0081],[-114.4868,46.0006],[-114.4867,46.0006],[-114.4867,46.0001],[-114.4866,45.9996],[-114.485,45.9966],[-114.485,45.9964],[-114.4805,45.9933],[-114.4798,45.9928],[-114.4776,45.9923],[-114.4771,45.9923],[-114.4766,45.9921],[-114.4709,45.9934],[-114.4665,45.9956],[-114.465,45.9968],[-114.4649,45.997],[-114.4644,45.9972],[-114.4565,45.9955],[-114.4565,45.9954],[-114.4559,45.9945],[-114.4552,45.9928],[-114.4528,45.9903],[-114.4523,45.9901],[-114.4483,45.9875],[-114.448,45.9874],[-114.4459,45.9873],[-114.4445,45.9873],[-114.4372,45.9875],[-114.4365,45.9875],[-114.4352,45.9876],[-114.4348,45.9875],[-114.4341,45.9874],[-114.4327,45.9868],[-114.4321,45.9867],[-114.4308,45.9867],[-114.4288,45.9864],[-114.4288,45.9864],[-114.4219,45.9816],[-114.4211,45.9813],[-114.4092,45.9713],[-114.4092,45.9713],[-114.4082,45.9707],[-114.4074,45.9703],[-114.4063,45.9697],[-114.4063,45.9697],[-114.4041,45.9664],[-114.4041,45.9664],[-114.4018,45.9636],[-114.4017,45.9636],[-114.4073,45.954],[-114.4076,45.9539],[-114.4101,45.9532],[-114.4107,45.9531],[-114.4207,45.9457],[-114.4307,45.9382],[-114.4314,45.9376],[-114.4312,45.9359],[-114.4308,45.9354],[-114.4298,45.9344],[-114.4292,45.9338],[-114.4273,45.9327],[-114.4261,45.9319],[-114.4162,45.9187],[-114.4162,45.9185],[-114.4066,45.91],[-114.397,45.9014],[-114.3968,45.9013],[-114.3946,45.8973],[-114.3732,45.9006],[-114.3519,45.9039],[-114.3305,45.9072],[-114.3092,45.9106],[-114.2878,45.9139],[-114.2665,45.9172],[-114.2451,45.9205],[-114.2237,45.9238],[-114.2133,45.9166],[-114.2028,45.9094],[-114.1923,45.9023],[-114.1819,45.8951],[-114.166,45.904],[-114.15,45.913],[-114.1341,45.9219],[-114.1182,45.9308],[-114.1257,45.9416],[-114.1332,45.9525],[-114.1406,45.9634],[-114.1481,45.9742],[-114.1556,45.9851],[-114.1631,45.9959],[-114.1706,46.0068],[-114.1781,46.0176],[-114.1755,46.0896],[-114.1763,46.2181],[-114.1725,46.2434],[-114.1686,46.2686],[-114.1648,46.2939],[-114.161,46.3192],[-114.1572,46.3445],[-114.1533,46.3698],[-114.1495,46.395],[-114.1457,46.4203],[-114.1388,46.4403],[-114.1319,46.4603],[-114.1249,46.4804],[-114.118,46.5004],[-114.1111,46.5204],[-114.1042,46.5404],[-114.0972,46.5604],[-114.0903,46.5804],[-114.0865,46.6042],[-114.0828,46.628],[-114.079,46.6518],[-114.0753,46.6757],[-114.0971,46.6694],[-114.119,46.6631]]]},"properties":{"OBJECTID":1024,"state":"Montana","agency":"Montana Fish Wildlife and Parks","unit_type":"HD","unit_id":"240","unit_name":"Bitterroot","unit_label":"Montana HD 240 - Bitterroot","aliases":"2025 | 240 | 240 bitterroot | bitterroot | hd | hd 240 | hd 240 bitterroot | montana | montana 240 | montana 240 bitterroot | montana fish wildlife and parks | montana fish wildlife and parks 240 | montana hd 240 | montana hd 240 bitterroot","year":"2025","Shape_Length":241243.98550230512,"Shape_Area":1741764777.694413}},{"type":"Feature","id":1025,"geometry":{"type":"Polygon","coordinates":[[[-107.9686,47.5844],[-107.9473,47.5763],[-107.9261,47.5682],[-107.9213,47.5542],[-107.9165,47.5401],[-107.9116,47.526],[-107.9068,47.512],[-107.8972,47.4839],[-107.8876,47.4557],[-107.8821,47.4861],[-107.8766,47.5164],[-107.8576,47.5257],[-107.8386,47.5351],[-107.8195,47.5444],[-107.8005,47.5537],[-107.7815,47.563],[-107.7624,47.5723],[-107.7434,47.5816],[-107.7243,47.5909],[-107.7143,47.601],[-107.7044,47.6111],[-107.6944,47.6211],[-107.6844,47.6312],[-107.6744,47.6413],[-107.6644,47.6513],[-107.6544,47.6614],[-107.6444,47.6715],[-107.6201,47.6656],[-107.5958,47.6598],[-107.5715,47.6539],[-107.5472,47.6481],[-107.5229,47.6422],[-107.4986,47.6363],[-107.4744,47.6305],[-107.4501,47.6246],[-107.45,47.6871],[-107.4297,47.6908],[-107.4094,47.6945],[-107.3891,47.6981],[-107.3688,47.7018],[-107.3537,47.6984],[-107.3386,47.6951],[-107.3235,47.6917],[-107.3084,47.6883],[-107.2933,47.6849],[-107.2782,47.6815],[-107.2631,47.6781],[-107.248,47.6747],[-107.2517,47.7224],[-107.2555,47.7702],[-107.2303,47.7768],[-107.2052,47.7835],[-107.2122,47.8003],[-107.2192,47.8172],[-107.2262,47.834],[-107.2332,47.8508],[-107.2402,47.8677],[-107.2472,47.8845],[-107.2542,47.9014],[-107.2612,47.9182],[-107.2759,47.9239],[-107.2906,47.9297],[-107.3053,47.9354],[-107.32,47.9412],[-107.3347,47.9469],[-107.3494,47.9527],[-107.3642,47.9584],[-107.3789,47.9641],[-107.4009,47.9678],[-107.4229,47.9715],[-107.4449,47.9751],[-107.467,47.9788],[-107.489,47.9825],[-107.511,47.9861],[-107.5331,47.9898],[-107.5551,47.9934],[-107.561,48.019],[-107.5752,48.0055],[-107.5893,47.992],[-107.6034,47.9785],[-107.6176,47.965],[-107.6317,47.9515],[-107.6458,47.938],[-107.6599,47.9245],[-107.674,47.911],[-107.6816,47.878],[-107.6892,47.8451],[-107.7048,47.8409],[-107.7205,47.8366],[-107.7361,47.8324],[-107.7517,47.8281],[-107.7628,47.8362],[-107.7739,47.8443],[-107.785,47.8523],[-107.7961,47.8604],[-107.8217,47.8616],[-107.8474,47.8629],[-107.8731,47.8642],[-107.8988,47.8654],[-107.9245,47.8666],[-107.9502,47.8679],[-107.9759,47.8691],[-108.0016,47.8704],[-108.0032,47.8206],[-108.0112,47.7873],[-108.0192,47.754],[-108.0272,47.7208],[-108.0352,47.6875],[-108.0268,47.6746],[-108.0185,47.6617],[-108.0102,47.6488],[-108.0019,47.636],[-107.9935,47.6231],[-107.9852,47.6102],[-107.9769,47.5973],[-107.9686,47.5844]]]},"properties":{"OBJECTID":1025,"state":"Montana","agency":"Montana Fish Wildlife and Parks","unit_type":"HD","unit_id":"622","unit_name":"Missouri Rivers Breaks","unit_label":"Montana HD 622 - Missouri Rivers Breaks","aliases":"2025 | 622 | 622 missouri rivers breaks | hd | hd 622 | hd 622 missouri rivers breaks | missouri rivers breaks | montana | montana 622 | montana 622 missouri rivers breaks | montana fish wildlife and parks | montana fish wildlife and parks 622 | montana","year":"2025","Shape_Length":223665.7619140368,"Shape_Area":1887394565.8971903}},{"type":"Feature","id":1026,"geometry":{"type":"Polygon","coordinates":[[[-106.3445,48.1361],[-106.3712,48.1397],[-106.3979,48.1434],[-106.4246,48.1471],[-106.4513,48.1508],[-106.478,48.1544],[-106.5047,48.1581],[-106.5315,48.1617],[-106.5582,48.1654],[-106.5788,48.1738],[-106.5995,48.1822],[-106.6201,48.1905],[-106.6407,48.1989],[-106.6487,48.2088],[-106.6566,48.2186],[-106.6646,48.2285],[-106.6725,48.2384],[-106.6804,48.2482],[-106.6884,48.2581],[-106.6963,48.2679],[-106.7043,48.2778],[-106.7122,48.2876],[-106.7202,48.2975],[-106.7282,48.3073],[-106.7361,48.3172],[-106.7441,48.3271],[-106.752,48.3369],[-106.76,48.3468],[-106.768,48.3566],[-106.7852,48.3641],[-106.8024,48.3715],[-106.8196,48.379],[-106.8368,48.3864],[-106.856,48.3879],[-106.8753,48.3893],[-106.8945,48.3908],[-106.9137,48.3922],[-106.9329,48.3937],[-106.9521,48.3951],[-106.9714,48.3965],[-106.9906,48.398],[-107.0098,48.3994],[-107.029,48.4008],[-107.0483,48.4022],[-107.0675,48.4037],[-107.0867,48.4051],[-107.106,48.4065],[-107.1252,48.4079],[-107.1444,48.4093],[-107.1568,48.4192],[-107.1691,48.429],[-107.1815,48.4389],[-107.1939,48.4488],[-107.2126,48.4497],[-107.2314,48.4507],[-107.2501,48.4517],[-107.2689,48.4526],[-107.2876,48.4536],[-107.3064,48.4545],[-107.3251,48.4555],[-107.3439,48.4564],[-107.3332,48.4441],[-107.3226,48.4319],[-107.312,48.4196],[-107.3013,48.4073],[-107.2989,48.3318],[-107.2904,48.3151],[-107.2819,48.2983],[-107.2734,48.2816],[-107.2649,48.2649],[-107.2684,48.2421],[-107.272,48.2194],[-107.2756,48.1967],[-107.2792,48.1739],[-107.2879,48.1633],[-107.2966,48.1527],[-107.3053,48.1421],[-107.3139,48.1315],[-107.3226,48.1209],[-107.3313,48.1103],[-107.34,48.0997],[-107.3486,48.0891],[-107.3562,48.0579],[-107.3638,48.0266],[-107.3713,47.9954],[-107.3789,47.9641],[-107.3642,47.9584],[-107.3494,47.9527],[-107.3347,47.9469],[-107.32,47.9412],[-107.3053,47.9354],[-107.2906,47.9297],[-107.2759,47.9239],[-107.2612,47.9182],[-107.2542,47.9014],[-107.2472,47.8845],[-107.2402,47.8677],[-107.2332,47.8508],[-107.2262,47.834],[-107.2192,47.8172],[-107.2122,47.8003],[-107.2052,47.7835],[-107.2303,47.7768],[-107.2555,47.7702],[-107.2517,47.7224],[-107.248,47.6747],[-107.2296,47.6767],[-107.2112,47.6787],[-107.1928,47.6807],[-107.1744,47.6826],[-107.156,47.6846],[-107.1376,47.6865],[-107.1192,47.6885],[-107.1008,47.6905],[-107.0796,47.6811],[-107.0584,47.6718],[-107.0398,47.6742],[-107.0213,47.6766],[-107.0028,47.679],[-106.9843,47.6814],[-106.9657,47.6838],[-106.9472,47.6861],[-106.9287,47.6885],[-106.9101,47.6909],[-106.9056,47.713],[-106.9197,47.7176],[-106.9339,47.7222],[-106.9481,47.7268],[-106.9623,47.7314],[-106.9765,47.736],[-106.9907,47.7406],[-107.0049,47.7451],[-107.0191,47.7497],[-107.0031,47.7494],[-106.987,47.7491],[-106.971,47.7488],[-106.955,47.7485],[-106.9389,47.7481],[-106.9229,47.7478],[-106.9069,47.7475],[-106.8908,47.7472],[-106.8985,47.7631],[-106.9062,47.779],[-106.877,47.7724],[-106.8478,47.7658],[-106.8186,47.7592],[-106.7895,47.7525],[-106.789,47.7906],[-106.7683,47.7915],[-106.7476,47.7924],[-106.7269,47.7933],[-106.7062,47.7943],[-106.7168,47.8024],[-106.7274,47.8105],[-106.738,47.8186],[-106.7486,47.8267],[-106.7217,47.823],[-106.6948,47.8193],[-106.6679,47.8156],[-106.6409,47.8118],[-106.6477,47.8246],[-106.6545,47.8373],[-106.6613,47.8501],[-106.6681,47.8628],[-106.6485,47.8594],[-106.629,47.8559],[-106.6094,47.8525],[-106.5899,47.849],[-106.5987,47.8589],[-106.6075,47.8687],[-106.6164,47.8786],[-106.6252,47.8885],[-106.6084,47.889],[-106.5916,47.8896],[-106.5749,47.8901],[-106.5581,47.8907],[-106.5714,47.8988],[-106.5847,47.907],[-106.5979,47.9151],[-106.6112,47.9232],[-106.6245,47.9314],[-106.6378,47.9395],[-106.6511,47.9476],[-106.6644,47.9558],[-106.6414,47.9572],[-106.6184,47.9585],[-106.5953,47.9599],[-106.5723,47.9613],[-106.5509,47.9707],[-106.5295,47.9802],[-106.5081,47.9897],[-106.4868,47.9991],[-106.4659,48.001],[-106.4451,48.0029],[-106.4242,48.0049],[-106.4033,48.0068],[-106.3974,48.0357],[-106.3915,48.0647],[-106.373,48.0625],[-106.3546,48.0603],[-106.3361,48.058],[-106.3176,48.0558],[-106.3094,48.0699],[-106.3012,48.084],[-106.2931,48.098],[-106.2849,48.1121],[-106.2997,48.1181],[-106.3146,48.1241],[-106.3295,48.1301],[-106.3445,48.1361]]]},"properties":{"OBJECTID":1026,"state":"Montana","agency":"Montana Fish Wildlife and Parks","unit_type":"HD","unit_id":"630","unit_name":"Missouri Rivers Breaks","unit_label":"Montana HD 630 - Missouri Rivers Breaks","aliases":"2025 | 630 | 630 missouri rivers breaks | hd | hd 630 | hd 630 missouri rivers breaks | missouri rivers breaks | montana | montana 630 | montana 630 missouri rivers breaks | montana fish wildlife and parks | montana fish wildlife and parks 630 | montana","year":"2025","Shape_Length":349620.4311847127,"Shape_Area":3969809653.6615067}},{"type":"Feature","id":1027,"geometry":{"type":"Polygon","coordinates":[[[-113.2604,47.0306],[-113.2882,47.0236],[-113.3159,47.0165],[-113.3437,47.0094],[-113.3715,47.0023],[-113.3902,46.9909],[-113.409,46.9795],[-113.4155,46.9682],[-113.422,46.9569],[-113.4285,46.9456],[-113.4349,46.9343],[-113.4414,46.923],[-113.4479,46.9118],[-113.4544,46.9005],[-113.4609,46.8892],[-113.4835,46.8843],[-113.5061,46.8794],[-113.5299,46.8839],[-113.5537,46.8884],[-113.5774,46.8928],[-113.6012,46.8973],[-113.625,46.9017],[-113.6488,46.9062],[-113.6726,46.9106],[-113.6964,46.915],[-113.7234,46.9096],[-113.7505,46.9042],[-113.7684,46.9007],[-113.7862,46.8973],[-113.8041,46.8939],[-113.822,46.8904],[-113.8399,46.887],[-113.8577,46.8836],[-113.8756,46.8801],[-113.8935,46.8767],[-113.8718,46.8654],[-113.8501,46.8542],[-113.8285,46.8429],[-113.8068,46.8316],[-113.7851,46.8203],[-113.7635,46.809],[-113.7418,46.7978],[-113.7202,46.7865],[-113.7072,46.7717],[-113.6942,46.757],[-113.6812,46.7423],[-113.6682,46.7276],[-113.6444,46.727],[-113.6207,46.7265],[-113.5969,46.7259],[-113.5731,46.7253],[-113.5535,46.7216],[-113.5338,46.7179],[-113.5141,46.7142],[-113.4945,46.7104],[-113.4748,46.7067],[-113.4551,46.703],[-113.4355,46.6992],[-113.4158,46.6955],[-113.4004,46.6983],[-113.3851,46.7011],[-113.3697,46.7039],[-113.3543,46.7067],[-113.3389,46.7094],[-113.3235,46.7122],[-113.3081,46.715],[-113.2927,46.7178],[-113.2752,46.7121],[-113.2577,46.7063],[-113.2402,46.7006],[-113.2227,46.6949],[-113.2052,46.6892],[-113.1877,46.6834],[-113.1702,46.6777],[-113.1527,46.672],[-113.1355,46.66],[-113.1183,46.648],[-113.1107,46.6664],[-113.1031,46.6848],[-113.0955,46.7032],[-113.0879,46.7216],[-113.1103,46.7239],[-113.1328,46.7262],[-113.1552,46.7285],[-113.1777,46.7308],[-113.1937,46.7489],[-113.2096,46.7669],[-113.2257,46.785],[-113.2417,46.8031],[-113.2257,46.803],[-113.2098,46.803],[-113.1939,46.803],[-113.178,46.803],[-113.1666,46.8102],[-113.1553,46.8175],[-113.1439,46.8247],[-113.1326,46.8319],[-113.1212,46.8392],[-113.1098,46.8464],[-113.0985,46.8536],[-113.0871,46.8609],[-113.0923,46.8897],[-113.1134,46.8898],[-113.1344,46.8898],[-113.1555,46.8898],[-113.1765,46.8899],[-113.1762,46.948],[-113.1562,46.9568],[-113.1362,46.9655],[-113.1488,46.9737],[-113.1615,46.9819],[-113.1741,46.99],[-113.1867,46.9982],[-113.1993,47.0064],[-113.2119,47.0146],[-113.2246,47.0228],[-113.2372,47.031],[-113.2604,47.0306]]]},"properties":{"OBJECTID":1027,"state":"Montana","agency":"Montana Fish Wildlife and Parks","unit_type":"HD","unit_id":"292","unit_name":"Garnet","unit_label":"Montana HD 292 - Garnet","aliases":"2025 | 292 | 292 garnet | garnet | hd | hd 292 | hd 292 garnet | montana | montana 292 | montana 292 garnet | montana fish wildlife and parks | montana fish wildlife and parks 292 | montana hd 292 | montana hd 292 garnet","year":"2025","Shape_Length":198708.99844551124,"Shape_Area":1245828968.1159608}},{"type":"Feature","id":1028,"geometry":{"type":"Polygon","coordinates":[[[-113.9419,46.4601],[-113.9617,46.4595],[-113.9815,46.4589],[-114.0013,46.4583],[-114.0211,46.4577],[-114.0292,46.4314],[-114.0373,46.4051],[-114.0453,46.3787],[-114.0534,46.3524],[-114.0506,46.3131],[-114.0479,46.2739],[-114.0558,46.251],[-114.0638,46.2281],[-114.0717,46.2052],[-114.0797,46.1823],[-114.0527,46.1761],[-114.0257,46.17],[-113.9986,46.1638],[-113.9716,46.1576],[-113.9463,46.1668],[-113.9209,46.1759],[-113.8955,46.185],[-113.8702,46.1941],[-113.8592,46.21],[-113.8483,46.2259],[-113.8374,46.2417],[-113.8264,46.2576],[-113.7997,46.2515],[-113.7731,46.2454],[-113.7776,46.3022],[-113.782,46.359],[-113.7918,46.3708],[-113.8015,46.3825],[-113.8112,46.3942],[-113.8209,46.406],[-113.8408,46.4035],[-113.8607,46.4009],[-113.8805,46.3984],[-113.9004,46.3959],[-113.9107,46.4119],[-113.9211,46.428],[-113.9315,46.444],[-113.9419,46.4601]]]},"properties":{"OBJECTID":1028,"state":"Montana","agency":"Montana Fish Wildlife and Parks","unit_type":"HD","unit_id":"261","unit_name":"Sapphire","unit_label":"Montana HD 261 - Sapphire","aliases":"2025 | 261 | 261 sapphire | hd | hd 261 | hd 261 sapphire | montana | montana 261 | montana 261 sapphire | montana fish wildlife and parks | montana fish wildlife and parks 261 | montana hd 261 | montana hd 261 sapphire | sapphire","year":"2025","Shape_Length":99649.63563647363,"Shape_Area":536500727.8453495}},{"type":"Feature","id":1029,"geometry":{"type":"Polygon","coordinates":[[[-113.5731,46.7253],[-113.5969,46.7259],[-113.6207,46.7265],[-113.6444,46.727],[-113.6682,46.7276],[-113.6635,46.6984],[-113.6588,46.6691],[-113.6541,46.6399],[-113.6494,46.6107],[-113.6336,46.6138],[-113.6178,46.6169],[-113.602,46.62],[-113.5862,46.6231],[-113.5811,46.6002],[-113.5759,46.5772],[-113.5707,46.5542],[-113.5656,46.5312],[-113.5375,46.5237],[-113.5095,46.5162],[-113.5033,46.4999],[-113.4971,46.4836],[-113.4909,46.4673],[-113.4848,46.451],[-113.489,46.418],[-113.4931,46.385],[-113.5042,46.371],[-113.5152,46.3569],[-113.5262,46.3429],[-113.5372,46.3288],[-113.5333,46.3026],[-113.5294,46.2765],[-113.5256,46.2503],[-113.5217,46.2242],[-113.5037,46.214],[-113.4857,46.2037],[-113.4678,46.1935],[-113.4498,46.1833],[-113.4351,46.1911],[-113.4204,46.1989],[-113.4057,46.2067],[-113.391,46.2145],[-113.3763,46.2223],[-113.3615,46.2301],[-113.3468,46.2379],[-113.3321,46.2456],[-113.3259,46.2609],[-113.3197,46.2762],[-113.3135,46.2915],[-113.3073,46.3068],[-113.3081,46.3959],[-113.299,46.4045],[-113.2899,46.4131],[-113.2807,46.4216],[-113.2716,46.4302],[-113.2624,46.4388],[-113.2533,46.4473],[-113.2441,46.4559],[-113.235,46.4644],[-113.2307,46.4867],[-113.2264,46.509],[-113.2221,46.5313],[-113.2178,46.5536],[-113.2097,46.5684],[-113.2016,46.5832],[-113.1934,46.598],[-113.1853,46.6128],[-113.1771,46.6276],[-113.169,46.6424],[-113.1608,46.6572],[-113.1527,46.672],[-113.1702,46.6777],[-113.1877,46.6834],[-113.2052,46.6892],[-113.2227,46.6949],[-113.2402,46.7006],[-113.2577,46.7063],[-113.2752,46.7121],[-113.2927,46.7178],[-113.3081,46.715],[-113.3235,46.7122],[-113.3389,46.7094],[-113.3543,46.7067],[-113.3697,46.7039],[-113.3851,46.7011],[-113.4004,46.6983],[-113.4158,46.6955],[-113.4355,46.6992],[-113.4551,46.703],[-113.4748,46.7067],[-113.4945,46.7104],[-113.5141,46.7142],[-113.5338,46.7179],[-113.5535,46.7216],[-113.5731,46.7253]]]},"properties":{"OBJECTID":1029,"state":"Montana","agency":"Montana Fish Wildlife and Parks","unit_type":"HD","unit_id":"210","unit_name":"Rock Creek","unit_label":"Montana HD 210 - Rock Creek","aliases":"2025 | 210 | 210 rock creek | hd | hd 210 | hd 210 rock creek | montana | montana 210 | montana 210 rock creek | montana fish wildlife and parks | montana fish wildlife and parks 210 | montana hd 210 | montana hd 210 rock creek | rock creek","year":"2025","Shape_Length":177066.5332669115,"Shape_Area":1268561728.3237226}},{"type":"Feature","id":1030,"geometry":{"type":"Polygon","coordinates":[[[-113.5217,46.2242],[-113.5256,46.2503],[-113.5294,46.2765],[-113.5333,46.3026],[-113.5372,46.3288],[-113.5262,46.3429],[-113.5152,46.3569],[-113.5042,46.371],[-113.4931,46.385],[-113.489,46.418],[-113.4848,46.451],[-113.4909,46.4673],[-113.4971,46.4836],[-113.5033,46.4999],[-113.5095,46.5162],[-113.5375,46.5237],[-113.5656,46.5312],[-113.5707,46.5542],[-113.5759,46.5772],[-113.5811,46.6002],[-113.5862,46.6231],[-113.602,46.62],[-113.6178,46.6169],[-113.6336,46.6138],[-113.6494,46.6107],[-113.6652,46.5989],[-113.6809,46.5871],[-113.6967,46.5753],[-113.7124,46.5635],[-113.7282,46.5517],[-113.7439,46.5398],[-113.7596,46.528],[-113.7753,46.5162],[-113.7669,46.495],[-113.7585,46.4738],[-113.75,46.4527],[-113.7416,46.4315],[-113.7614,46.4251],[-113.7813,46.4188],[-113.8011,46.4124],[-113.8209,46.406],[-113.8112,46.3942],[-113.8015,46.3825],[-113.7918,46.3708],[-113.782,46.359],[-113.7776,46.3022],[-113.7731,46.2454],[-113.7538,46.2414],[-113.7346,46.2374],[-113.7153,46.2334],[-113.696,46.2294],[-113.675,46.2346],[-113.654,46.2399],[-113.6329,46.2451],[-113.6119,46.2503],[-113.5893,46.2438],[-113.5668,46.2372],[-113.5442,46.2307],[-113.5217,46.2242]]]},"properties":{"OBJECTID":1030,"state":"Montana","agency":"Montana Fish Wildlife and Parks","unit_type":"HD","unit_id":"216","unit_name":"Rock Creek","unit_label":"Montana HD 216 - Rock Creek","aliases":"2025 | 216 | 216 rock creek | hd | hd 216 | hd 216 rock creek | montana | montana 216 | montana 216 rock creek | montana fish wildlife and parks | montana fish wildlife and parks 216 | montana hd 216 | montana hd 216 rock creek | rock creek","year":"2025","Shape_Length":123603.62138145322,"Shape_Area":752314659.8013477}},{"type":"Feature","id":1031,"geometry":{"type":"Polygon","coordinates":[[[-114.2339,47.0186],[-114.2274,46.9951],[-114.2209,46.9715],[-114.2144,46.948],[-114.2079,46.9245],[-114.1916,46.9118],[-114.1754,46.8992],[-114.1591,46.8865],[-114.1428,46.8738],[-114.1266,46.8612],[-114.1103,46.8485],[-114.0941,46.8358],[-114.0778,46.8232],[-114.0766,46.7494],[-114.0753,46.6757],[-114.079,46.6518],[-114.0828,46.628],[-114.0865,46.6042],[-114.0903,46.5804],[-114.0972,46.5604],[-114.1042,46.5404],[-114.1111,46.5204],[-114.118,46.5004],[-114.1249,46.4804],[-114.1319,46.4603],[-114.1388,46.4403],[-114.1457,46.4203],[-114.1495,46.395],[-114.1533,46.3698],[-114.1572,46.3445],[-114.161,46.3192],[-114.1648,46.2939],[-114.1686,46.2686],[-114.1725,46.2434],[-114.1763,46.2181],[-114.1755,46.0896],[-114.1703,46.1166],[-114.1652,46.1435],[-114.16,46.1704],[-114.1548,46.1974],[-114.1447,46.2202],[-114.1346,46.243],[-114.1245,46.2658],[-114.1144,46.2887],[-114.1117,46.3166],[-114.109,46.3446],[-114.1063,46.3726],[-114.1036,46.4006],[-114.1009,46.4286],[-114.0982,46.4566],[-114.0955,46.4846],[-114.0928,46.5126],[-114.0845,46.5317],[-114.0763,46.5509],[-114.068,46.57],[-114.0598,46.5892],[-114.0515,46.6083],[-114.0433,46.6275],[-114.035,46.6466],[-114.0267,46.6658],[-114.0353,46.685],[-114.0439,46.7042],[-114.0524,46.7234],[-114.061,46.7426],[-114.0555,46.7878],[-114.0499,46.833],[-114.0326,46.8422],[-114.0154,46.8515],[-113.9981,46.8607],[-113.9808,46.87],[-113.9966,46.8793],[-114.0124,46.8886],[-114.0282,46.8979],[-114.044,46.9072],[-114.0598,46.9165],[-114.0756,46.9258],[-114.0914,46.935],[-114.1072,46.9443],[-114.123,46.9536],[-114.1389,46.9629],[-114.1547,46.9722],[-114.1705,46.9815],[-114.1864,46.9908],[-114.2022,47.0],[-114.2181,47.0093],[-114.2339,47.0186]]]},"properties":{"OBJECTID":1031,"state":"Montana","agency":"Montana Fish Wildlife and Parks","unit_type":"HD","unit_id":"260","unit_name":"Bitterroot/Clark Fork","unit_label":"Montana HD 260 - Bitterroot/Clark Fork","aliases":"2025 | 260 | 260 bitterroot clark fork | bitterroot clark fork | hd | hd 260 | hd 260 bitterroot clark fork | montana | montana 260 | montana 260 bitterroot clark fork | montana fish wildlife and parks | montana fish wildlife and parks 260 | montana hd 2","year":"2025","Shape_Length":223907.38945343246,"Shape_Area":350224192.88890404}},{"type":"Feature","id":1032,"geometry":{"type":"Polygon","coordinates":[[[-111.4555,46.7413],[-111.4683,46.7285],[-111.481,46.7156],[-111.4938,46.7028],[-111.5065,46.6899],[-111.5192,46.6771],[-111.5319,46.6642],[-111.5447,46.6513],[-111.5574,46.6385],[-111.5732,46.6391],[-111.5891,46.6396],[-111.6049,46.6402],[-111.6208,46.6408],[-111.6366,46.6413],[-111.6525,46.6419],[-111.6683,46.6425],[-111.6842,46.643],[-111.6755,46.6265],[-111.6668,46.61],[-111.6536,46.6003],[-111.6404,46.5907],[-111.6271,46.5811],[-111.6139,46.5714],[-111.6007,46.5618],[-111.5875,46.5522],[-111.5743,46.5425],[-111.5611,46.5329],[-111.5507,46.5178],[-111.5404,46.5026],[-111.5301,46.4875],[-111.5198,46.4724],[-111.5095,46.4572],[-111.4992,46.4421],[-111.4889,46.427],[-111.4786,46.4118],[-111.4864,46.3993],[-111.4942,46.3868],[-111.502,46.3743],[-111.5099,46.3618],[-111.5177,46.3493],[-111.5255,46.3368],[-111.5333,46.3243],[-111.5411,46.3117],[-111.5272,46.2995],[-111.5134,46.2874],[-111.4995,46.2752],[-111.4857,46.263],[-111.4562,46.2656],[-111.4266,46.2682],[-111.3971,46.2708],[-111.3676,46.2733],[-111.3424,46.267],[-111.3172,46.2606],[-111.2921,46.2542],[-111.2669,46.2478],[-111.2418,46.2413],[-111.2166,46.2349],[-111.1915,46.2285],[-111.1664,46.2221],[-111.1455,46.2253],[-111.1247,46.2285],[-111.1039,46.2316],[-111.083,46.2348],[-111.094,46.2444],[-111.1049,46.254],[-111.1159,46.2635],[-111.1269,46.2731],[-111.1125,46.2927],[-111.098,46.3123],[-111.0836,46.3318],[-111.0692,46.3514],[-111.0663,46.3807],[-111.0634,46.4099],[-111.0791,46.4177],[-111.0949,46.4256],[-111.1106,46.4335],[-111.1264,46.4413],[-111.1517,46.4382],[-111.1771,46.435],[-111.2025,46.4318],[-111.2278,46.4286],[-111.2351,46.446],[-111.2423,46.4633],[-111.2495,46.4807],[-111.2568,46.4981],[-111.2788,46.51],[-111.3009,46.522],[-111.3229,46.5339],[-111.345,46.5458],[-111.3414,46.5678],[-111.3377,46.5897],[-111.3341,46.6116],[-111.3305,46.6336],[-111.3511,46.6369],[-111.3717,46.6402],[-111.3923,46.6436],[-111.4129,46.6469],[-111.4235,46.6705],[-111.4342,46.6941],[-111.4449,46.7177],[-111.4555,46.7413]]]},"properties":{"OBJECTID":1032,"state":"Montana","agency":"Montana Fish Wildlife and Parks","unit_type":"HD","unit_id":"391","unit_name":"Southwest Big Belts","unit_label":"Montana HD 391 - Southwest Big Belts","aliases":"2025 | 391 | 391 southwest big belts | hd | hd 391 | hd 391 southwest big belts | montana | montana 391 | montana 391 southwest big belts | montana fish wildlife and parks | montana fish wildlife and parks 391 | montana hd 391 | montana hd 391 southwest","year":"2025","Shape_Length":184938.83501286412,"Shape_Area":1217223798.4867086}},{"type":"Feature","id":1033,"geometry":{"type":"Polygon","coordinates":[[[-111.7144,46.9063],[-111.7362,46.8983],[-111.758,46.8903],[-111.7797,46.8823],[-111.8015,46.8744],[-111.8214,46.8845],[-111.8414,46.8947],[-111.8567,46.8884],[-111.8719,46.8822],[-111.8872,46.8759],[-111.9024,46.8696],[-111.913,46.8573],[-111.9235,46.8449],[-111.9341,46.8325],[-111.9446,46.8201],[-111.9352,46.8091],[-111.9257,46.7981],[-111.9163,46.787],[-111.9069,46.776],[-111.8975,46.7649],[-111.8881,46.7539],[-111.8787,46.7429],[-111.8693,46.7318],[-111.8536,46.7299],[-111.8379,46.7279],[-111.8223,46.726],[-111.8066,46.724],[-111.7996,46.7],[-111.8052,46.6692],[-111.7856,46.6642],[-111.7659,46.6592],[-111.7462,46.6542],[-111.7266,46.6493],[-111.7054,46.6461],[-111.6842,46.643],[-111.6683,46.6425],[-111.6525,46.6419],[-111.6366,46.6413],[-111.6208,46.6408],[-111.6049,46.6402],[-111.5891,46.6396],[-111.5732,46.6391],[-111.5574,46.6385],[-111.5447,46.6513],[-111.5319,46.6642],[-111.5192,46.6771],[-111.5065,46.6899],[-111.4938,46.7028],[-111.481,46.7156],[-111.4683,46.7285],[-111.4555,46.7413],[-111.4657,46.7536],[-111.4759,46.7659],[-111.486,46.7782],[-111.4962,46.7905],[-111.522,46.7948],[-111.5479,46.7991],[-111.5737,46.8034],[-111.5995,46.8077],[-111.6115,46.8152],[-111.6235,46.8228],[-111.6355,46.8303],[-111.6475,46.8378],[-111.6595,46.8453],[-111.6716,46.8529],[-111.6836,46.8604],[-111.6956,46.8679],[-111.705,46.8871],[-111.7144,46.9063]]]},"properties":{"OBJECTID":1033,"state":"Montana","agency":"Montana Fish Wildlife and Parks","unit_type":"HD","unit_id":"392","unit_name":"Northwest Big Belts","unit_label":"Montana HD 392 - Northwest Big Belts","aliases":"2025 | 392 | 392 northwest big belts | hd | hd 392 | hd 392 northwest big belts | montana | montana 392 | montana 392 northwest big belts | montana fish wildlife and parks | montana fish wildlife and parks 392 | montana hd 392 | montana hd 392 northwest","year":"2025","Shape_Length":107706.59234199088,"Shape_Area":655833956.8841213}},{"type":"Feature","id":1034,"geometry":{"type":"Polygon","coordinates":[[[-114.8511,47.3141],[-114.8686,47.3178],[-114.886,47.3215],[-114.9035,47.3253],[-114.921,47.329],[-114.9384,47.3327],[-114.9559,47.3364],[-114.9733,47.3401],[-114.9908,47.3438],[-115.0034,47.3373],[-115.0159,47.3308],[-115.0284,47.3243],[-115.041,47.3178],[-115.0535,47.3113],[-115.0661,47.3048],[-115.0786,47.2983],[-115.0911,47.2918],[-115.0818,47.278],[-115.0726,47.2642],[-115.0633,47.2504],[-115.054,47.2365],[-115.0372,47.2371],[-115.0204,47.2376],[-115.0036,47.2381],[-114.9867,47.2386],[-114.9739,47.2332],[-114.961,47.2278],[-114.9481,47.2223],[-114.9352,47.2169],[-114.9223,47.2114],[-114.9095,47.206],[-114.8966,47.2006],[-114.8837,47.1951],[-114.8715,47.1868],[-114.8592,47.1785],[-114.847,47.1702],[-114.8347,47.1618],[-114.8225,47.1535],[-114.8102,47.1452],[-114.798,47.1369],[-114.7857,47.1285],[-114.7809,47.1067],[-114.776,47.0849],[-114.7711,47.063],[-114.7662,47.0412],[-114.7544,47.03],[-114.7425,47.0188],[-114.7307,47.0077],[-114.7189,46.9965],[-114.7003,47.0031],[-114.6818,47.0097],[-114.6633,47.0162],[-114.6447,47.0228],[-114.6176,47.0218],[-114.5904,47.0208],[-114.5632,47.0198],[-114.5361,47.0187],[-114.5138,47.0121],[-114.4915,47.0055],[-114.4692,46.9989],[-114.4469,46.9923],[-114.4405,46.9654],[-114.434,46.9385],[-114.4426,46.9278],[-114.4511,46.9171],[-114.4596,46.9064],[-114.468,46.8957],[-114.4595,46.8815],[-114.451,46.8674],[-114.4425,46.8533],[-114.4339,46.8391],[-114.4254,46.825],[-114.4169,46.8108],[-114.4084,46.7967],[-114.3999,46.7825],[-114.4178,46.7728],[-114.4357,46.763],[-114.4271,46.7512],[-114.4184,46.7395],[-114.4098,46.7277],[-114.4013,46.7159],[-114.3927,46.7042],[-114.3841,46.6924],[-114.3755,46.6806],[-114.3669,46.6688],[-114.3669,46.6686],[-114.3606,46.6692],[-114.3599,46.6696],[-114.3598,46.6697],[-114.3594,46.6699],[-114.3581,46.6706],[-114.3581,46.6693],[-114.3577,46.6683],[-114.3574,46.6679],[-114.3567,46.6672],[-114.355,46.6652],[-114.3524,46.6634],[-114.3521,46.6633],[-114.3484,46.6626],[-114.3458,46.6622],[-114.3332,46.6609],[-114.3332,46.6608],[-114.3257,46.654],[-114.3252,46.6538],[-114.325,46.6537],[-114.3227,46.6499],[-114.322,46.6493],[-114.3218,46.6491],[-114.3218,46.6491],[-114.323,46.6422],[-114.3229,46.6419],[-114.3229,46.6417],[-114.3213,46.6394],[-114.3225,46.6336],[-114.3218,46.6311],[-114.3217,46.6309],[-114.3217,46.6309],[-114.3226,46.6275],[-114.3223,46.6264],[-114.3243,46.6232],[-114.3243,46.623],[-114.3262,46.6212],[-114.3265,46.6211],[-114.3273,46.6206],[-114.328,46.6191],[-114.3274,46.6177],[-114.3267,46.6166],[-114.3261,46.6154],[-114.3232,46.6125],[-114.3228,46.6117],[-114.3228,46.6116],[-114.3262,46.607],[-114.3263,46.6069],[-114.3268,46.6065],[-114.3285,46.6047],[-114.3288,46.6046],[-114.33,46.6041],[-114.3302,46.6013],[-114.3304,46.6001],[-114.3349,46.5947],[-114.3354,46.5944],[-114.3389,46.5927],[-114.3393,46.5926],[-114.3404,46.5926],[-114.3419,46.5921],[-114.3427,46.5915],[-114.3434,46.5909],[-114.3434,46.5909],[-114.3441,46.5898],[-114.3408,46.5877],[-114.3399,46.5873],[-114.3396,46.5869],[-114.3382,46.585],[-114.3381,46.5846],[-114.3373,46.5832],[-114.3361,46.5823],[-114.3325,46.5784],[-114.3299,46.5768],[-114.3299,46.5763],[-114.3299,46.5757],[-114.3175,46.5821],[-114.3051,46.5884],[-114.2926,46.5948],[-114.2802,46.6011],[-114.2677,46.6222],[-114.2551,46.6433],[-114.2426,46.6644],[-114.23,46.6856],[-114.2022,46.68],[-114.1745,46.6744],[-114.1467,46.6687],[-114.119,46.6631],[-114.0971,46.6694],[-114.0753,46.6757],[-114.0766,46.7494],[-114.0778,46.8232],[-114.0941,46.8358],[-114.1103,46.8485],[-114.1266,46.8612],[-114.1428,46.8738],[-114.1591,46.8865],[-114.1754,46.8992],[-114.1916,46.9118],[-114.2079,46.9245],[-114.2144,46.948],[-114.2209,46.9715],[-114.2274,46.9951],[-114.2339,47.0186],[-114.2181,47.0093],[-114.2022,47.0],[-114.1864,46.9908],[-114.1705,46.9815],[-114.1547,46.9722],[-114.1389,46.9629],[-114.123,46.9536],[-114.1072,46.9443],[-114.0914,46.935],[-114.0756,46.9258],[-114.0598,46.9165],[-114.044,46.9072],[-114.0282,46.8979],[-114.0124,46.8886],[-113.9966,46.8793],[-113.9808,46.87],[-113.959,46.8717],[-113.9371,46.8733],[-113.9153,46.875],[-113.8935,46.8767],[-113.8756,46.8801],[-113.8577,46.8836],[-113.8399,46.887],[-113.822,46.8904],[-113.8041,46.8939],[-113.7862,46.8973],[-113.7684,46.9007],[-113.7505,46.9042],[-113.7673,46.9141],[-113.7841,46.9241],[-113.8009,46.934],[-113.8178,46.944],[-113.8,46.9546],[-113.7822,46.9652],[-113.7644,46.9758],[-113.7466,46.9864],[-113.7656,46.9947],[-113.7845,47.0031],[-113.8035,47.0115],[-113.8224,47.0199],[-113.8297,47.0553],[-113.812,47.0636],[-113.7943,47.0718],[-113.7766,47.0801],[-113.7589,47.0883],[-113.7837,47.087],[-113.8084,47.0857],[-113.8332,47.0844],[-113.8579,47.0831],[-113.872,47.0889],[-113.8861,47.0948],[-113.9001,47.1007],[-113.9142,47.1065],[-113.923,47.096],[-113.9317,47.0854],[-113.9404,47.0749],[-113.9491,47.0643],[-113.9636,47.0568],[-113.978,47.0493],[-113.9924,47.0418],[-114.0068,47.0342],[-114.0212,47.0267],[-114.0356,47.0192],[-114.05,47.0116],[-114.0644,47.0041],[-114.0739,47.0128],[-114.0833,47.0216],[-114.0928,47.0303],[-114.1023,47.039],[-114.1118,47.0478],[-114.1213,47.0565],[-114.1308,47.0653],[-114.1404,47.074],[-114.1442,47.0922],[-114.148,47.1104],[-114.1519,47.1286],[-114.1557,47.1468],[-114.1722,47.1442],[-114.1887,47.1416],[-114.2052,47.139],[-114.2216,47.1363],[-114.2381,47.1337],[-114.2546,47.1311],[-114.2711,47.1285],[-114.2876,47.1259],[-114.3047,47.1339],[-114.3218,47.1418],[-114.3389,47.1497],[-114.3561,47.1577],[-114.3529,47.1902],[-114.3705,47.1939],[-114.388,47.1976],[-114.4056,47.2013],[-114.4231,47.205],[-114.4407,47.2087],[-114.4583,47.2124],[-114.4758,47.2161],[-114.4934,47.2198],[-114.5075,47.2277],[-114.5217,47.2357],[-114.5358,47.2437],[-114.55,47.2516],[-114.567,47.2544],[-114.584,47.2573],[-114.601,47.2601],[-114.618,47.2629],[-114.635,47.2658],[-114.652,47.2686],[-114.669,47.2714],[-114.686,47.2742],[-114.6973,47.2646],[-114.7085,47.2549],[-114.7363,47.2602],[-114.7642,47.2655],[-114.792,47.2707],[-114.8198,47.276],[-114.8278,47.2935],[-114.8358,47.311],[-114.8511,47.3141]]]},"properties":{"OBJECTID":1034,"state":"Montana","agency":"Montana Fish Wildlife and Parks","unit_type":"HD","unit_id":"201","unit_name":"Missoula/Ninemile","unit_label":"Montana HD 201 - Missoula/Ninemile","aliases":"201 | 201 missoula ninemile | 2025 | hd | hd 201 | hd 201 missoula ninemile | missoula ninemile | montana | montana 201 | montana 201 missoula ninemile | montana fish wildlife and parks | montana fish wildlife and parks 201 | montana hd 201 | montana hd","year":"2025","Shape_Length":400021.566000676,"Shape_Area":2707840316.642074}},{"type":"Feature","id":1035,"geometry":{"type":"Polygon","coordinates":[[[-112.7318,45.7528],[-112.7484,45.7562],[-112.765,45.7596],[-112.7816,45.7629],[-112.7983,45.7663],[-112.8149,45.7696],[-112.8315,45.773],[-112.8481,45.7763],[-112.8648,45.7797],[-112.8814,45.783],[-112.898,45.7863],[-112.9146,45.7897],[-112.9313,45.793],[-112.9479,45.7964],[-112.9646,45.7997],[-112.9812,45.803],[-112.9978,45.8063],[-113.0107,45.8158],[-113.0235,45.8253],[-113.0364,45.8348],[-113.0493,45.8443],[-113.0621,45.8538],[-113.075,45.8632],[-113.0879,45.8727],[-113.1008,45.8822],[-113.13,45.8811],[-113.1592,45.88],[-113.1884,45.879],[-113.2176,45.8779],[-113.2358,45.8628],[-113.2539,45.8478],[-113.2721,45.8328],[-113.2902,45.8178],[-113.3083,45.8027],[-113.3265,45.7877],[-113.3446,45.7727],[-113.3627,45.7576],[-113.372,45.7479],[-113.3812,45.7381],[-113.3905,45.7284],[-113.3998,45.7187],[-113.4091,45.7089],[-113.4184,45.6992],[-113.4276,45.6894],[-113.4369,45.6797],[-113.4428,45.6551],[-113.4486,45.6305],[-113.4545,45.606],[-113.4604,45.5814],[-113.459,45.5153],[-113.4576,45.4492],[-113.4514,45.4375],[-113.4451,45.4258],[-113.4389,45.4141],[-113.4327,45.4024],[-113.4264,45.3907],[-113.4202,45.379],[-113.414,45.3673],[-113.4078,45.3556],[-113.3874,45.3462],[-113.3669,45.3368],[-113.3465,45.3274],[-113.3261,45.3179],[-113.3084,45.3228],[-113.2907,45.3276],[-113.2731,45.3325],[-113.2554,45.3373],[-113.2399,45.3318],[-113.2244,45.3263],[-113.2089,45.3208],[-113.1934,45.3153],[-113.1779,45.3098],[-113.1624,45.3043],[-113.1469,45.2988],[-113.1314,45.2932],[-113.1211,45.2791],[-113.1107,45.265],[-113.1004,45.2509],[-113.09,45.2368],[-113.0723,45.2297],[-113.0545,45.2226],[-113.0367,45.2155],[-113.019,45.2084],[-113.0036,45.2146],[-112.9882,45.2208],[-112.9728,45.227],[-112.9574,45.2332],[-112.9368,45.2314],[-112.9163,45.2295],[-112.8957,45.2276],[-112.8751,45.2257],[-112.8545,45.2238],[-112.8339,45.2219],[-112.8134,45.22],[-112.7928,45.2181],[-112.7678,45.2085],[-112.7428,45.1989],[-112.7178,45.1893],[-112.6928,45.1797],[-112.6802,45.1907],[-112.6677,45.2017],[-112.6552,45.2127],[-112.6427,45.2238],[-112.651,45.2448],[-112.6594,45.2658],[-112.6678,45.2869],[-112.6762,45.3079],[-112.6846,45.3289],[-112.693,45.35],[-112.7014,45.371],[-112.7099,45.3921],[-112.712,45.4533],[-112.7142,45.5144],[-112.7015,45.5351],[-112.6888,45.5557],[-112.6762,45.5764],[-112.6635,45.597],[-112.6712,45.6312],[-112.6789,45.6654],[-112.6855,45.6764],[-112.6921,45.6873],[-112.6987,45.6982],[-112.7053,45.7091],[-112.7119,45.7201],[-112.7185,45.731],[-112.7252,45.7419],[-112.7318,45.7528]]]},"properties":{"OBJECTID":1035,"state":"Montana","agency":"Montana Fish Wildlife and Parks","unit_type":"HD","unit_id":"331","unit_name":"Pioneer","unit_label":"Montana HD 331 - Pioneer","aliases":"2025 | 331 | 331 pioneer | hd | hd 331 | hd 331 pioneer | montana | montana 331 | montana 331 pioneer | montana fish wildlife and parks | montana fish wildlife and parks 331 | montana hd 331 | montana hd 331 pioneer | pioneer","year":"2025","Shape_Length":240079.96012415917,"Shape_Area":3532351608.352859}},{"type":"Feature","id":1036,"geometry":{"type":"Polygon","coordinates":[[[-112.6928,45.1797],[-112.7178,45.1893],[-112.7428,45.1989],[-112.7678,45.2085],[-112.7928,45.2181],[-112.8134,45.22],[-112.8339,45.2219],[-112.8545,45.2238],[-112.8751,45.2257],[-112.8957,45.2276],[-112.9163,45.2295],[-112.9368,45.2314],[-112.9574,45.2332],[-112.9728,45.227],[-112.9882,45.2208],[-113.0036,45.2146],[-113.019,45.2084],[-113.0367,45.2155],[-113.0545,45.2226],[-113.0723,45.2297],[-113.09,45.2368],[-113.1004,45.2509],[-113.1107,45.265],[-113.1211,45.2791],[-113.1314,45.2932],[-113.1469,45.2988],[-113.1624,45.3043],[-113.1779,45.3098],[-113.1934,45.3153],[-113.2089,45.3208],[-113.2244,45.3263],[-113.2399,45.3318],[-113.2554,45.3373],[-113.2731,45.3325],[-113.2907,45.3276],[-113.3084,45.3228],[-113.3261,45.3179],[-113.3465,45.3274],[-113.3669,45.3368],[-113.3874,45.3462],[-113.4078,45.3556],[-113.4175,45.345],[-113.4273,45.3344],[-113.4371,45.3239],[-113.4468,45.3133],[-113.4441,45.2854],[-113.4414,45.2575],[-113.4636,45.2495],[-113.4858,45.2414],[-113.4909,45.2224],[-113.4959,45.2035],[-113.5009,45.1846],[-113.5059,45.1656],[-113.5209,45.1616],[-113.5358,45.1577],[-113.5508,45.1537],[-113.5657,45.1497],[-113.5666,45.1449],[-113.5668,45.1441],[-113.5676,45.1425],[-113.5716,45.1381],[-113.5758,45.1301],[-113.575,45.1294],[-113.5737,45.1283],[-113.5729,45.1275],[-113.5625,45.1222],[-113.5574,45.1193],[-113.5532,45.1174],[-113.5524,45.1162],[-113.5506,45.1135],[-113.5434,45.1122],[-113.5381,45.1123],[-113.5367,45.1126],[-113.5351,45.1141],[-113.5351,45.1141],[-113.5324,45.1154],[-113.5228,45.1155],[-113.5204,45.1151],[-113.5157,45.116],[-113.5087,45.1127],[-113.5081,45.112],[-113.5061,45.1094],[-113.506,45.1084],[-113.5067,45.1071],[-113.5086,45.1053],[-113.5105,45.1021],[-113.5119,45.0997],[-113.5179,45.0959],[-113.5226,45.0918],[-113.5144,45.085],[-113.5138,45.0848],[-113.5096,45.0837],[-113.5071,45.0833],[-113.5047,45.0827],[-113.5038,45.0824],[-113.5024,45.0816],[-113.4993,45.0811],[-113.4966,45.0811],[-113.4966,45.0811],[-113.4949,45.0804],[-113.4809,45.0627],[-113.4776,45.0621],[-113.4734,45.0618],[-113.4611,45.0648],[-113.4563,45.0494],[-113.4516,45.0339],[-113.4468,45.0185],[-113.442,45.003],[-113.4464,44.9992],[-113.4468,44.9984],[-113.4457,44.9962],[-113.4455,44.9935],[-113.4455,44.9933],[-113.4453,44.9928],[-113.4453,44.9912],[-113.4459,44.99],[-113.446,44.9898],[-113.4464,44.9886],[-113.447,44.9846],[-113.4463,44.9828],[-113.4461,44.9822],[-113.446,44.981],[-113.4458,44.9785],[-113.4496,44.9705],[-113.4487,44.9695],[-113.4468,44.9664],[-113.4468,44.9663],[-113.4438,44.9596],[-113.4455,44.9579],[-113.4458,44.9575],[-113.4471,44.9553],[-113.4485,44.954],[-113.4502,44.9533],[-113.453,44.9522],[-113.4607,44.9522],[-113.4612,44.9516],[-113.4632,44.95],[-113.4633,44.9499],[-113.4635,44.9493],[-113.4653,44.948],[-113.4675,44.9481],[-113.4717,44.9481],[-113.4751,44.949],[-113.476,44.9493],[-113.4828,44.9487],[-113.4844,44.9474],[-113.4857,44.9471],[-113.486,44.947],[-113.4943,44.9486],[-113.4964,44.947],[-113.4975,44.9455],[-113.4985,44.9427],[-113.4968,44.9391],[-113.4956,44.937],[-113.4956,44.9366],[-113.4955,44.9358],[-113.4953,44.9348],[-113.4955,44.9336],[-113.4952,44.9317],[-113.4919,44.93],[-113.4919,44.9293],[-113.4912,44.9276],[-113.4911,44.9275],[-113.4915,44.9258],[-113.4915,44.9256],[-113.4914,44.9241],[-113.489,44.921],[-113.484,44.9199],[-113.4835,44.9191],[-113.4808,44.9165],[-113.4784,44.9132],[-113.4753,44.9114],[-113.4745,44.9108],[-113.4718,44.9098],[-113.475,44.905],[-113.4744,44.9036],[-113.4755,44.9014],[-113.4758,44.8983],[-113.4772,44.8969],[-113.4737,44.8933],[-113.4737,44.8932],[-113.4655,44.8901],[-113.4655,44.89],[-113.4644,44.8889],[-113.4638,44.8885],[-113.4613,44.8869],[-113.4624,44.8822],[-113.4595,44.8776],[-113.4585,44.8767],[-113.4582,44.8765],[-113.4577,44.8762],[-113.4572,44.8755],[-113.4572,44.8754],[-113.4561,44.872],[-113.4556,44.8703],[-113.4557,44.8682],[-113.4557,44.868],[-113.4551,44.8654],[-113.4549,44.8653],[-113.4385,44.8554],[-113.4373,44.8552],[-113.4368,44.8552],[-113.4337,44.8551],[-113.4278,44.8521],[-113.4272,44.8512],[-113.4262,44.8499],[-113.426,44.8483],[-113.4225,44.8428],[-113.4227,44.8413],[-113.4223,44.8402],[-113.4223,44.8378],[-113.4033,44.8376],[-113.3842,44.8374],[-113.3837,44.8372],[-113.3775,44.8351],[-113.377,44.8344],[-113.377,44.8344],[-113.377,44.8308],[-113.3603,44.8219],[-113.3593,44.8215],[-113.3546,44.8167],[-113.3544,44.8163],[-113.3537,44.8145],[-113.3525,44.8127],[-113.3519,44.8114],[-113.3515,44.8106],[-113.3462,44.7993],[-113.3539,44.7958],[-113.3538,44.7915],[-113.3534,44.7913],[-113.3294,44.7887],[-113.3284,44.7889],[-113.3038,44.7989],[-113.3025,44.7988],[-113.2989,44.8031],[-113.2979,44.8032],[-113.2974,44.8032],[-113.2971,44.8033],[-113.2948,44.8047],[-113.2924,44.8054],[-113.2731,44.8144],[-113.2727,44.8144],[-113.2743,44.9258],[-113.2647,44.9418],[-113.2551,44.9578],[-113.2455,44.9737],[-113.2358,44.9897],[-113.22,44.9922],[-113.2042,44.9947],[-113.1883,44.9973],[-113.1725,44.9998],[-113.1567,45.0023],[-113.1408,45.0049],[-113.125,45.0074],[-113.1091,45.0099],[-113.0892,45.0056],[-113.0693,45.0014],[-113.0494,44.9971],[-113.0295,44.9929],[-113.0096,44.9886],[-112.9897,44.9843],[-112.9698,44.98],[-112.9499,44.9758],[-112.9259,44.9814],[-112.9018,44.987],[-112.8778,44.9926],[-112.8538,44.9983],[-112.8437,45.0096],[-112.8337,45.0209],[-112.8236,45.0323],[-112.8136,45.0436],[-112.8035,45.055],[-112.7935,45.0663],[-112.7834,45.0776],[-112.7734,45.089],[-112.7633,45.1003],[-112.7532,45.1116],[-112.7432,45.123],[-112.7331,45.1343],[-112.723,45.1456],[-112.7129,45.157],[-112.7029,45.1683],[-112.6928,45.1797]]]},"properties":{"OBJECTID":1036,"state":"Montana","agency":"Montana Fish Wildlife and Parks","unit_type":"HD","unit_id":"329","unit_name":"Pioneer","unit_label":"Montana HD 329 - Pioneer","aliases":"2025 | 329 | 329 pioneer | hd | hd 329 | hd 329 pioneer | montana | montana 329 | montana 329 pioneer | montana fish wildlife and parks | montana fish wildlife and parks 329 | montana hd 329 | montana hd 329 pioneer | pioneer","year":"2025","Shape_Length":237628.2382589048,"Shape_Area":2067373520.6234143}},{"type":"Feature","id":1037,"geometry":{"type":"Polygon","coordinates":[[[-114.7295,49.0],[-114.7571,49.0],[-114.7847,49.0],[-114.8123,49.0001],[-114.8399,49.0001],[-114.8675,49.0001],[-114.895,49.0001],[-114.9226,49.0001],[-114.9502,49.0002],[-114.9778,49.0002],[-115.0054,49.0001],[-115.033,49.0001],[-115.0605,49.0001],[-115.0881,49.0001],[-115.1157,49.0001],[-115.1433,49.0],[-115.1709,49.0],[-115.1509,48.9917],[-115.1309,48.9834],[-115.1374,48.9691],[-115.144,48.9548],[-115.1505,48.9404],[-115.157,48.9261],[-115.1662,48.9171],[-115.1754,48.9081],[-115.1845,48.8991],[-115.1937,48.8901],[-115.2029,48.8811],[-115.212,48.872],[-115.2212,48.863],[-115.2303,48.854],[-115.2395,48.845],[-115.2486,48.836],[-115.2578,48.827],[-115.2669,48.818],[-115.2761,48.809],[-115.2852,48.8],[-115.2944,48.7909],[-115.3035,48.7819],[-115.3066,48.7501],[-115.3096,48.7183],[-115.3127,48.6865],[-115.3158,48.6548],[-115.3025,48.6463],[-115.2893,48.6379],[-115.276,48.6294],[-115.2628,48.621],[-115.2495,48.6126],[-115.2363,48.6041],[-115.2231,48.5957],[-115.2099,48.5872],[-115.2163,48.5737],[-115.2227,48.5603],[-115.2292,48.5468],[-115.2356,48.5333],[-115.242,48.5198],[-115.2485,48.5063],[-115.2549,48.4928],[-115.2613,48.4794],[-115.2324,48.4763],[-115.2035,48.4733],[-115.1745,48.4703],[-115.1456,48.4672],[-115.1167,48.4642],[-115.0878,48.4611],[-115.0589,48.4581],[-115.03,48.455],[-115.0198,48.4644],[-115.0096,48.4738],[-114.9994,48.4832],[-114.9892,48.4927],[-114.979,48.5021],[-114.9688,48.5115],[-114.9586,48.5209],[-114.9484,48.5303],[-114.9286,48.5279],[-114.9087,48.5255],[-114.8889,48.523],[-114.869,48.5206],[-114.8575,48.5446],[-114.8459,48.5685],[-114.8262,48.5762],[-114.8066,48.5838],[-114.787,48.5915],[-114.7673,48.5991],[-114.7651,48.6719],[-114.7587,48.692],[-114.7523,48.712],[-114.7458,48.732],[-114.7394,48.7521],[-114.721,48.7606],[-114.7026,48.769],[-114.6843,48.7775],[-114.6659,48.786],[-114.6825,48.7918],[-114.6992,48.7976],[-114.7158,48.8034],[-114.7325,48.8092],[-114.7223,48.8174],[-114.7121,48.8256],[-114.7019,48.8339],[-114.6917,48.8421],[-114.6985,48.8663],[-114.7053,48.8906],[-114.712,48.9149],[-114.7188,48.9391],[-114.7018,48.9557],[-114.6848,48.9723],[-114.696,48.9792],[-114.7071,48.9861],[-114.7183,48.9931],[-114.7295,49.0]]]},"properties":{"OBJECTID":1037,"state":"Montana","agency":"Montana Fish Wildlife and Parks","unit_type":"HD","unit_id":"101","unit_name":"Eureka","unit_label":"Montana HD 101 - Eureka","aliases":"101 | 101 eureka | 2025 | eureka | hd | hd 101 | hd 101 eureka | montana | montana 101 | montana 101 eureka | montana fish wildlife and parks | montana fish wildlife and parks 101 | montana hd 101 | montana hd 101 eureka","year":"2025","Shape_Length":199123.92967554406,"Shape_Area":2067112463.8557086}},{"type":"Feature","id":1038,"geometry":{"type":"Polygon","coordinates":[[[-112.2614,47.861],[-112.2792,47.8671],[-112.297,47.8731],[-112.3148,47.8792],[-112.3326,47.8852],[-112.3553,47.8851],[-112.378,47.885],[-112.4007,47.8849],[-112.4234,47.8847],[-112.4461,47.8846],[-112.4688,47.8844],[-112.4915,47.8843],[-112.5142,47.8842],[-112.5369,47.884],[-112.5596,47.8838],[-112.5823,47.8837],[-112.605,47.8835],[-112.6277,47.8833],[-112.6504,47.8832],[-112.6731,47.883],[-112.6958,47.8828],[-112.6945,47.8165],[-112.6933,47.7501],[-112.692,47.6838],[-112.6908,47.6175],[-112.6734,47.6218],[-112.6561,47.6262],[-112.6388,47.6306],[-112.6214,47.6349],[-112.6041,47.6393],[-112.5867,47.6436],[-112.5694,47.648],[-112.5521,47.6523],[-112.5359,47.6462],[-112.5198,47.6401],[-112.5037,47.634],[-112.4876,47.6279],[-112.4715,47.6218],[-112.4554,47.6157],[-112.4392,47.6096],[-112.4231,47.6035],[-112.4086,47.5896],[-112.3941,47.5756],[-112.3796,47.5616],[-112.365,47.5476],[-112.3519,47.5586],[-112.3388,47.5697],[-112.3256,47.5807],[-112.3125,47.5918],[-112.2993,47.6028],[-112.2862,47.6139],[-112.273,47.6249],[-112.2599,47.6359],[-112.251,47.6589],[-112.2421,47.6818],[-112.2332,47.7048],[-112.2243,47.7277],[-112.2154,47.7507],[-112.2065,47.7736],[-112.1976,47.7966],[-112.1887,47.8195],[-112.2068,47.8299],[-112.225,47.8403],[-112.2432,47.8506],[-112.2614,47.861]]]},"properties":{"OBJECTID":1038,"state":"Montana","agency":"Montana Fish Wildlife and Parks","unit_type":"HD","unit_id":"450","unit_name":"Teton River","unit_label":"Montana HD 450 - Teton River","aliases":"2025 | 450 | 450 teton river | hd | hd 450 | hd 450 teton river | montana | montana 450 | montana 450 teton river | montana fish wildlife and parks | montana fish wildlife and parks 450 | montana hd 450 | montana hd 450 teton river | teton river","year":"2025","Shape_Length":133278.18481874064,"Shape_Area":1034603634.156759}},{"type":"Feature","id":1039,"geometry":{"type":"Polygon","coordinates":[[[-109.3447,47.686],[-109.3478,47.6322],[-109.351,47.5784],[-109.3541,47.5247],[-109.3573,47.471],[-109.3452,47.4565],[-109.3331,47.4421],[-109.321,47.4277],[-109.3089,47.4133],[-109.3154,47.3989],[-109.3218,47.3846],[-109.3283,47.3702],[-109.3347,47.3559],[-109.3412,47.3415],[-109.3476,47.3272],[-109.3541,47.3128],[-109.3605,47.2985],[-109.3604,47.2559],[-109.3363,47.259],[-109.3122,47.262],[-109.2882,47.265],[-109.2641,47.268],[-109.2458,47.2753],[-109.2274,47.2827],[-109.2091,47.2901],[-109.1908,47.2974],[-109.1724,47.3048],[-109.1541,47.3122],[-109.1357,47.3195],[-109.1173,47.3269],[-109.0932,47.3275],[-109.0691,47.3282],[-109.045,47.3288],[-109.0208,47.3295],[-108.9967,47.3301],[-108.9726,47.3308],[-108.9485,47.3314],[-108.9243,47.332],[-108.8943,47.3367],[-108.8643,47.3413],[-108.8343,47.346],[-108.8043,47.3506],[-108.7911,47.362],[-108.7778,47.3734],[-108.7646,47.3847],[-108.7513,47.3961],[-108.75,47.5584],[-108.7419,47.5674],[-108.7338,47.5765],[-108.7257,47.5855],[-108.7176,47.5946],[-108.7095,47.6036],[-108.7014,47.6127],[-108.6933,47.6217],[-108.6852,47.6308],[-108.7067,47.6344],[-108.7283,47.6381],[-108.7498,47.6418],[-108.7714,47.6455],[-108.7804,47.6547],[-108.7894,47.664],[-108.7985,47.6732],[-108.8075,47.6825],[-108.8165,47.6917],[-108.8256,47.701],[-108.8346,47.7102],[-108.8437,47.7195],[-108.8702,47.7243],[-108.8968,47.7291],[-108.9233,47.7339],[-108.9499,47.7386],[-108.9439,47.7629],[-108.938,47.7872],[-108.9549,47.7889],[-108.9718,47.7907],[-108.9888,47.7925],[-109.0057,47.7942],[-109.0226,47.796],[-109.0395,47.7977],[-109.0564,47.7995],[-109.0734,47.8012],[-109.0881,47.7962],[-109.1028,47.7912],[-109.1176,47.7862],[-109.1323,47.7812],[-109.1505,47.7826],[-109.1687,47.784],[-109.1869,47.7853],[-109.2051,47.7867],[-109.2233,47.7881],[-109.2416,47.7894],[-109.2598,47.7908],[-109.278,47.7921],[-109.2921,47.7853],[-109.3062,47.7784],[-109.3204,47.7716],[-109.3345,47.7647],[-109.3486,47.7579],[-109.3627,47.751],[-109.3768,47.7442],[-109.3909,47.7373],[-109.3794,47.7245],[-109.3678,47.7116],[-109.3562,47.6988],[-109.3447,47.686]]]},"properties":{"OBJECTID":1039,"state":"Montana","agency":"Montana Fish Wildlife and Parks","unit_type":"HD","unit_id":"417","unit_name":"Missouri Rivers Breaks","unit_label":"Montana HD 417 - Missouri Rivers Breaks","aliases":"2025 | 417 | 417 missouri rivers breaks | hd | hd 417 | hd 417 missouri rivers breaks | missouri rivers breaks | montana | montana 417 | montana 417 missouri rivers breaks | montana fish wildlife and parks | montana fish wildlife and parks 417 | montana","year":"2025","Shape_Length":201020.3011324817,"Shape_Area":2232781178.856401}},{"type":"Feature","id":1040,"geometry":{"type":"Polygon","coordinates":[[[-112.0049,46.9914],[-112.0119,47.0142],[-112.0189,47.037],[-112.0324,47.0248],[-112.0458,47.0125],[-112.0592,47.0003],[-112.0726,46.9881],[-112.086,46.9759],[-112.0994,46.9637],[-112.1128,46.9514],[-112.1261,46.9392],[-112.1493,46.9491],[-112.1725,46.9589],[-112.1957,46.9688],[-112.2189,46.9786],[-112.2421,46.9885],[-112.2653,46.9983],[-112.2885,47.0082],[-112.3118,47.018],[-112.3233,47.0073],[-112.3348,46.9965],[-112.3463,46.9858],[-112.3577,46.9751],[-112.3445,46.9659],[-112.3312,46.9567],[-112.3362,46.9175],[-112.3413,46.8783],[-112.3266,46.8652],[-112.312,46.8521],[-112.2973,46.839],[-112.2827,46.8259],[-112.2681,46.8128],[-112.2534,46.7997],[-112.2388,46.7866],[-112.2242,46.7734],[-112.2109,46.7673],[-112.1976,46.7611],[-112.1843,46.755],[-112.171,46.7488],[-112.1546,46.7375],[-112.1381,46.7261],[-112.1217,46.7148],[-112.1053,46.7035],[-112.0895,46.7184],[-112.0736,46.7333],[-112.0578,46.7482],[-112.042,46.7631],[-112.0259,46.7575],[-112.0099,46.7519],[-111.9939,46.7463],[-111.978,46.7407],[-111.9549,46.7417],[-111.9319,46.7427],[-111.9089,46.7437],[-111.8859,46.7447],[-111.8951,46.755],[-111.9044,46.7654],[-111.9137,46.7757],[-111.9229,46.7861],[-111.9322,46.7964],[-111.9415,46.8068],[-111.9507,46.8171],[-111.96,46.8275],[-111.9461,46.8377],[-111.9322,46.8478],[-111.9183,46.858],[-111.9044,46.8682],[-111.9231,46.8837],[-111.9418,46.8993],[-111.9606,46.9148],[-111.9793,46.9303],[-111.9662,46.9432],[-111.9531,46.956],[-111.966,46.9649],[-111.979,46.9737],[-111.9919,46.9825],[-112.0049,46.9914]]]},"properties":{"OBJECTID":1040,"state":"Montana","agency":"Montana Fish Wildlife and Parks","unit_type":"HD","unit_id":"339","unit_name":"Granite Butte","unit_label":"Montana HD 339 - Granite Butte","aliases":"2025 | 339 | 339 granite butte | granite butte | hd | hd 339 | hd 339 granite butte | montana | montana 339 | montana 339 granite butte | montana fish wildlife and parks | montana fish wildlife and parks 339 | montana hd 339 | montana hd 339 granite butt","year":"2025","Shape_Length":135325.60690432214,"Shape_Area":742570716.9285094}},{"type":"Feature","id":1041,"geometry":{"type":"Polygon","coordinates":[[[-112.2183,46.269],[-112.2477,46.2671],[-112.2771,46.2652],[-112.3064,46.2633],[-112.3358,46.2614],[-112.3415,46.218],[-112.3472,46.1747],[-112.3629,46.1688],[-112.3785,46.1629],[-112.3886,46.1471],[-112.3987,46.1313],[-112.4088,46.1155],[-112.4189,46.0997],[-112.429,46.0839],[-112.4391,46.0681],[-112.4492,46.0523],[-112.4593,46.0364],[-112.4645,46.0223],[-112.4697,46.0081],[-112.4749,45.994],[-112.4801,45.9798],[-112.4687,45.9649],[-112.4572,45.95],[-112.4457,45.935],[-112.4343,45.9201],[-112.4155,45.9195],[-112.3968,45.9188],[-112.378,45.9181],[-112.3593,45.9175],[-112.3406,45.9168],[-112.3218,45.9161],[-112.3031,45.9154],[-112.2843,45.9148],[-112.2615,45.9101],[-112.2387,45.9055],[-112.2159,45.9008],[-112.1931,45.8962],[-112.1704,45.8916],[-112.1476,45.8869],[-112.1248,45.8822],[-112.102,45.8776],[-112.1044,45.9212],[-112.1069,45.9648],[-112.1093,46.0084],[-112.1118,46.052],[-112.1142,46.0956],[-112.1167,46.1392],[-112.1191,46.1828],[-112.1216,46.2264],[-112.1187,46.2465],[-112.1436,46.2521],[-112.1685,46.2577],[-112.1934,46.2634],[-112.2183,46.269]]]},"properties":{"OBJECTID":1041,"state":"Montana","agency":"Montana Fish Wildlife and Parks","unit_type":"HD","unit_id":"350","unit_name":"Bull Mountain/Whitetail","unit_label":"Montana HD 350 - Bull Mountain/Whitetail","aliases":"2025 | 350 | 350 bull mountain whitetail | bull mountain whitetail | hd | hd 350 | hd 350 bull mountain whitetail | montana | montana 350 | montana 350 bull mountain whitetail | montana fish wildlife and parks | montana fish wildlife and parks 350 | mont","year":"2025","Shape_Length":126389.78313151,"Shape_Area":918195189.0728712}},{"type":"Feature","id":1042,"geometry":{"type":"Polygon","coordinates":[[[-111.2062,45.5911],[-111.2088,45.6312],[-111.2114,45.6713],[-111.2278,45.6686],[-111.2442,45.6659],[-111.2606,45.6632],[-111.277,45.6604],[-111.2935,45.6577],[-111.3099,45.655],[-111.3263,45.6522],[-111.3427,45.6495],[-111.3651,45.6491],[-111.3875,45.6487],[-111.4099,45.6483],[-111.4323,45.6479],[-111.4547,45.6475],[-111.4771,45.647],[-111.4995,45.6466],[-111.5219,45.6462],[-111.5375,45.6306],[-111.5532,45.6151],[-111.5688,45.5996],[-111.5845,45.584],[-111.611,45.5806],[-111.6375,45.5772],[-111.664,45.5738],[-111.6905,45.5704],[-111.694,45.5319],[-111.6975,45.4934],[-111.706,45.4811],[-111.7145,45.4689],[-111.723,45.4567],[-111.7315,45.4444],[-111.7019,45.4475],[-111.6722,45.4507],[-111.6425,45.4538],[-111.6128,45.4568],[-111.5999,45.4504],[-111.5871,45.4439],[-111.5742,45.4374],[-111.5613,45.4309],[-111.5484,45.4245],[-111.5356,45.418],[-111.5227,45.4115],[-111.5098,45.405],[-111.497,45.3985],[-111.4841,45.392],[-111.4712,45.3855],[-111.4584,45.3791],[-111.4455,45.3726],[-111.4327,45.3661],[-111.4198,45.3596],[-111.407,45.3531],[-111.4006,45.321],[-111.3943,45.2889],[-111.3699,45.2821],[-111.3455,45.2753],[-111.3212,45.2685],[-111.2968,45.2617],[-111.2747,45.2632],[-111.2526,45.2648],[-111.2331,45.2798],[-111.2136,45.2948],[-111.1941,45.3098],[-111.1746,45.3248],[-111.1752,45.3791],[-111.1877,45.386],[-111.2003,45.3929],[-111.2129,45.3998],[-111.2255,45.4066],[-111.2366,45.4302],[-111.2478,45.4537],[-111.2589,45.4772],[-111.27,45.5007],[-111.2621,45.512],[-111.2541,45.5233],[-111.2461,45.5346],[-111.2381,45.5459],[-111.2301,45.5572],[-111.2221,45.5685],[-111.2142,45.5798],[-111.2062,45.5911]]]},"properties":{"OBJECTID":1042,"state":"Montana","agency":"Montana Fish Wildlife and Parks","unit_type":"HD","unit_id":"304","unit_name":"Lower Madison","unit_label":"Montana HD 304 - Lower Madison","aliases":"2025 | 304 | 304 lower madison | hd | hd 304 | hd 304 lower madison | lower madison | montana | montana 304 | montana 304 lower madison | montana fish wildlife and parks | montana fish wildlife and parks 304 | montana hd 304 | montana hd 304 lower madiso","year":"2025","Shape_Length":155368.65900035095,"Shape_Area":1115537161.4949374}},{"type":"Feature","id":1043,"geometry":{"type":"Polygon","coordinates":[[[-112.4343,45.9201],[-112.4457,45.935],[-112.4572,45.95],[-112.4687,45.9649],[-112.4801,45.9798],[-112.4999,45.9833],[-112.5196,45.9869],[-112.5393,45.9904],[-112.5591,45.9939],[-112.5788,45.9974],[-112.5985,46.001],[-112.6183,46.0045],[-112.638,46.008],[-112.6472,45.9852],[-112.6563,45.9624],[-112.6654,45.9397],[-112.6746,45.9169],[-112.6765,45.8807],[-112.6784,45.8446],[-112.685,45.8331],[-112.6917,45.8217],[-112.6984,45.8102],[-112.7051,45.7987],[-112.7118,45.7873],[-112.7184,45.7758],[-112.7251,45.7643],[-112.7318,45.7528],[-112.7252,45.7419],[-112.7185,45.731],[-112.7119,45.7201],[-112.7053,45.7091],[-112.6987,45.6982],[-112.6921,45.6873],[-112.6855,45.6764],[-112.6789,45.6654],[-112.6712,45.6312],[-112.6635,45.597],[-112.6762,45.5764],[-112.6888,45.5557],[-112.7015,45.5351],[-112.7142,45.5144],[-112.712,45.4533],[-112.7099,45.3921],[-112.7014,45.371],[-112.693,45.35],[-112.6846,45.3289],[-112.6762,45.3079],[-112.6678,45.2869],[-112.6594,45.2658],[-112.651,45.2448],[-112.6427,45.2238],[-112.6238,45.2286],[-112.605,45.2334],[-112.5945,45.2459],[-112.584,45.2583],[-112.5735,45.2708],[-112.563,45.2833],[-112.5525,45.2957],[-112.542,45.3082],[-112.5315,45.3206],[-112.5209,45.3331],[-112.5046,45.3446],[-112.4882,45.356],[-112.4719,45.3675],[-112.4555,45.3789],[-112.4481,45.3923],[-112.4407,45.4057],[-112.4333,45.419],[-112.4258,45.4324],[-112.4184,45.4457],[-112.411,45.4591],[-112.4036,45.4725],[-112.3962,45.4858],[-112.3799,45.5004],[-112.3635,45.515],[-112.3472,45.5297],[-112.3309,45.5443],[-112.3254,45.572],[-112.3199,45.5997],[-112.3144,45.6275],[-112.3089,45.6552],[-112.2947,45.6721],[-112.2805,45.689],[-112.2662,45.7059],[-112.252,45.7229],[-112.2371,45.7301],[-112.2222,45.7373],[-112.2073,45.7445],[-112.1924,45.7517],[-112.1857,45.7643],[-112.179,45.7769],[-112.1724,45.7895],[-112.1657,45.8021],[-112.159,45.8147],[-112.1523,45.8273],[-112.1456,45.84],[-112.1389,45.8526],[-112.1205,45.8651],[-112.102,45.8776],[-112.102,45.8776],[-112.1248,45.8822],[-112.1476,45.8869],[-112.1704,45.8916],[-112.1931,45.8962],[-112.2159,45.9008],[-112.2387,45.9055],[-112.2615,45.9101],[-112.2843,45.9148],[-112.3031,45.9154],[-112.3218,45.9161],[-112.3406,45.9168],[-112.3593,45.9175],[-112.378,45.9181],[-112.3968,45.9188],[-112.4155,45.9195],[-112.4343,45.9201]]]},"properties":{"OBJECTID":1043,"state":"Montana","agency":"Montana Fish Wildlife and Parks","unit_type":"HD","unit_id":"340","unit_name":"Highland","unit_label":"Montana HD 340 - Highland","aliases":"2025 | 340 | 340 highland | hd | hd 340 | hd 340 highland | highland | montana | montana 340 | montana 340 highland | montana fish wildlife and parks | montana fish wildlife and parks 340 | montana hd 340 | montana hd 340 highland","year":"2025","Shape_Length":224448.12923164736,"Shape_Area":2206383095.3980656}},{"type":"Feature","id":1044,"geometry":{"type":"Polygon","coordinates":[[[-111.0751,46.8958],[-111.0895,46.9039],[-111.104,46.9119],[-111.1185,46.9199],[-111.133,46.928],[-111.1474,46.936],[-111.1619,46.944],[-111.1764,46.9521],[-111.1909,46.9601],[-111.2167,46.9554],[-111.2424,46.9507],[-111.2682,46.946],[-111.2939,46.9412],[-111.2883,46.9234],[-111.2827,46.9056],[-111.2771,46.8879],[-111.2715,46.8701],[-111.256,46.8642],[-111.2406,46.8584],[-111.2252,46.8525],[-111.2097,46.8467],[-111.1984,46.8253],[-111.1871,46.8039],[-111.1758,46.7825],[-111.1645,46.7611],[-111.1718,46.748],[-111.179,46.7349],[-111.1863,46.7217],[-111.1936,46.7086],[-111.171,46.6975],[-111.1484,46.6863],[-111.1259,46.6752],[-111.1033,46.6641],[-111.0886,46.6466],[-111.0739,46.6292],[-111.0593,46.6117],[-111.0446,46.5942],[-111.0273,46.5886],[-111.01,46.5829],[-110.9927,46.5772],[-110.9754,46.5716],[-110.9581,46.5659],[-110.9408,46.5602],[-110.9236,46.5545],[-110.9063,46.5489],[-110.8831,46.5531],[-110.8598,46.5573],[-110.8366,46.5615],[-110.8134,46.5658],[-110.7997,46.5728],[-110.7859,46.5799],[-110.7722,46.587],[-110.7585,46.5941],[-110.7448,46.6011],[-110.731,46.6082],[-110.7173,46.6153],[-110.7035,46.6223],[-110.6871,46.6172],[-110.6706,46.612],[-110.6542,46.6068],[-110.6377,46.6017],[-110.6213,46.5965],[-110.6048,46.5913],[-110.5884,46.5862],[-110.5719,46.581],[-110.5555,46.5758],[-110.539,46.5706],[-110.5226,46.5654],[-110.5062,46.5603],[-110.4897,46.5551],[-110.4733,46.5499],[-110.4569,46.5447],[-110.4405,46.5395],[-110.4555,46.5566],[-110.4706,46.5737],[-110.4857,46.5907],[-110.5008,46.6078],[-110.5032,46.6824],[-110.4877,46.6848],[-110.4722,46.6872],[-110.4692,46.7153],[-110.4948,46.7249],[-110.5205,46.7346],[-110.5461,46.7442],[-110.5717,46.7538],[-110.5974,46.7634],[-110.623,46.7731],[-110.6487,46.7827],[-110.6744,46.7923],[-110.684,46.8176],[-110.6937,46.843],[-110.6798,46.8551],[-110.6659,46.8671],[-110.677,46.8781],[-110.6882,46.8891],[-110.6994,46.9],[-110.7105,46.911],[-110.7217,46.922],[-110.7329,46.9329],[-110.7441,46.9439],[-110.7553,46.9548],[-110.7715,46.9479],[-110.7877,46.941],[-110.8039,46.9341],[-110.8202,46.9272],[-110.8364,46.9203],[-110.8526,46.9134],[-110.8688,46.9065],[-110.885,46.8995],[-110.9029,46.9011],[-110.9209,46.9027],[-110.9388,46.9043],[-110.9568,46.9059],[-110.9748,46.9075],[-110.9927,46.909],[-111.0107,46.9106],[-111.0286,46.9122],[-111.0519,46.904],[-111.0751,46.8958]]]},"properties":{"OBJECTID":1044,"state":"Montana","agency":"Montana Fish Wildlife and Parks","unit_type":"HD","unit_id":"416","unit_name":"Southwest Little Belts","unit_label":"Montana HD 416 - Southwest Little Belts","aliases":"2025 | 416 | 416 southwest little belts | hd | hd 416 | hd 416 southwest little belts | montana | montana 416 | montana 416 southwest little belts | montana fish wildlife and parks | montana fish wildlife and parks 416 | montana hd 416 | montana hd 416 s","year":"2025","Shape_Length":207052.48958713096,"Shape_Area":1720995183.085649}},{"type":"Feature","id":1045,"geometry":{"type":"Polygon","coordinates":[[[-113.4815,47.3474],[-113.4952,47.3669],[-113.5088,47.3864],[-113.5225,47.406],[-113.5362,47.4255],[-113.553,47.42],[-113.5698,47.4145],[-113.5866,47.4091],[-113.6034,47.4036],[-113.6202,47.3981],[-113.637,47.3926],[-113.6538,47.3871],[-113.6706,47.3817],[-113.6681,47.3545],[-113.6655,47.3273],[-113.6869,47.3181],[-113.7083,47.3088],[-113.7297,47.2996],[-113.751,47.2903],[-113.7471,47.2587],[-113.7433,47.2271],[-113.719,47.2174],[-113.6946,47.2077],[-113.7105,47.1902],[-113.7264,47.1727],[-113.7138,47.1634],[-113.7013,47.1542],[-113.6887,47.145],[-113.6762,47.1357],[-113.6969,47.1239],[-113.7176,47.112],[-113.7382,47.1002],[-113.7589,47.0883],[-113.7766,47.0801],[-113.7943,47.0718],[-113.812,47.0636],[-113.8297,47.0553],[-113.8224,47.0199],[-113.8035,47.0115],[-113.7845,47.0031],[-113.7656,46.9947],[-113.7466,46.9864],[-113.7644,46.9758],[-113.7822,46.9652],[-113.8,46.9546],[-113.8178,46.944],[-113.8009,46.934],[-113.7841,46.9241],[-113.7673,46.9141],[-113.7505,46.9042],[-113.7234,46.9096],[-113.6964,46.915],[-113.6726,46.9106],[-113.6488,46.9062],[-113.625,46.9017],[-113.6012,46.8973],[-113.5774,46.8928],[-113.5537,46.8884],[-113.5299,46.8839],[-113.5061,46.8794],[-113.4835,46.8843],[-113.4609,46.8892],[-113.4544,46.9005],[-113.4479,46.9118],[-113.4414,46.923],[-113.4349,46.9343],[-113.4285,46.9456],[-113.422,46.9569],[-113.4155,46.9682],[-113.409,46.9795],[-113.3902,46.9909],[-113.3715,47.0023],[-113.3769,47.0253],[-113.3824,47.0482],[-113.3878,47.0712],[-113.3933,47.0941],[-113.3741,47.0976],[-113.3549,47.101],[-113.3358,47.1044],[-113.3166,47.1078],[-113.2974,47.1112],[-113.2782,47.1146],[-113.259,47.118],[-113.2398,47.1214],[-113.245,47.0987],[-113.2501,47.076],[-113.2553,47.0533],[-113.2604,47.0306],[-113.2372,47.031],[-113.2114,47.0297],[-113.1856,47.0283],[-113.1598,47.027],[-113.134,47.0257],[-113.1379,47.0551],[-113.1418,47.0846],[-113.1458,47.1141],[-113.1497,47.1436],[-113.1511,47.1894],[-113.1526,47.2354],[-113.1772,47.2404],[-113.2019,47.2454],[-113.2266,47.2505],[-113.2513,47.2555],[-113.2738,47.2507],[-113.2964,47.246],[-113.319,47.2412],[-113.3415,47.2365],[-113.3533,47.2443],[-113.365,47.2522],[-113.3768,47.26],[-113.3885,47.2679],[-113.4003,47.2757],[-113.412,47.2836],[-113.4238,47.2914],[-113.4356,47.2992],[-113.4325,47.3485],[-113.457,47.3479],[-113.4815,47.3474]]]},"properties":{"OBJECTID":1045,"state":"Montana","agency":"Montana Fish Wildlife and Parks","unit_type":"HD","unit_id":"285","unit_name":"Bob Marshall Wilderness Complex","unit_label":"Montana HD 285 - Bob Marshall Wilderness Complex","aliases":"2025 | 285 | 285 bob marshall wilderness complex | bob marshall wilderness complex | hd | hd 285 | hd 285 bob marshall wilderness complex | montana | montana 285 | montana 285 bob marshall wilderness complex | montana fish wildlife and parks | montana fi","year":"2025","Shape_Length":232798.45718040678,"Shape_Area":1750881909.346436}},{"type":"Feature","id":1046,"geometry":{"type":"Polygon","coordinates":[[[-113.8935,46.8767],[-113.9153,46.875],[-113.9371,46.8733],[-113.959,46.8717],[-113.9808,46.87],[-113.9981,46.8607],[-114.0154,46.8515],[-114.0326,46.8422],[-114.0499,46.833],[-114.0555,46.7878],[-114.061,46.7426],[-114.0524,46.7234],[-114.0439,46.7042],[-114.0353,46.685],[-114.0267,46.6658],[-114.0112,46.6698],[-113.9957,46.6738],[-113.9804,46.6563],[-113.9652,46.6389],[-113.9499,46.6214],[-113.9347,46.6039],[-113.9439,46.5927],[-113.9531,46.5816],[-113.9622,46.5704],[-113.9714,46.5592],[-113.9806,46.548],[-113.9898,46.5368],[-113.9989,46.5257],[-114.0081,46.5145],[-113.9915,46.5009],[-113.975,46.4873],[-113.9584,46.4737],[-113.9419,46.4601],[-113.9315,46.444],[-113.9211,46.428],[-113.9107,46.4119],[-113.9004,46.3959],[-113.8805,46.3984],[-113.8607,46.4009],[-113.8408,46.4035],[-113.8209,46.406],[-113.8011,46.4124],[-113.7813,46.4188],[-113.7614,46.4251],[-113.7416,46.4315],[-113.75,46.4527],[-113.7585,46.4738],[-113.7669,46.495],[-113.7753,46.5162],[-113.7596,46.528],[-113.7439,46.5398],[-113.7282,46.5517],[-113.7124,46.5635],[-113.6967,46.5753],[-113.6809,46.5871],[-113.6652,46.5989],[-113.6494,46.6107],[-113.6541,46.6399],[-113.6588,46.6691],[-113.6635,46.6984],[-113.6682,46.7276],[-113.6812,46.7423],[-113.6942,46.757],[-113.7072,46.7717],[-113.7202,46.7865],[-113.7418,46.7978],[-113.7635,46.809],[-113.7851,46.8203],[-113.8068,46.8316],[-113.8285,46.8429],[-113.8501,46.8542],[-113.8718,46.8654],[-113.8935,46.8767]]]},"properties":{"OBJECTID":1046,"state":"Montana","agency":"Montana Fish Wildlife and Parks","unit_type":"HD","unit_id":"204","unit_name":"Sapphire","unit_label":"Montana HD 204 - Sapphire","aliases":"2025 | 204 | 204 sapphire | hd | hd 204 | hd 204 sapphire | montana | montana 204 | montana 204 sapphire | montana fish wildlife and parks | montana fish wildlife and parks 204 | montana hd 204 | montana hd 204 sapphire | sapphire","year":"2025","Shape_Length":145319.70240603134,"Shape_Area":1080384085.3126948}},{"type":"Feature","id":1047,"geometry":{"type":"Polygon","coordinates":[[[-112.8101,46.523],[-112.8249,46.5317],[-112.8396,46.5403],[-112.8544,46.549],[-112.8691,46.5576],[-112.8839,46.5663],[-112.8987,46.5749],[-112.9135,46.5836],[-112.9283,46.5922],[-112.9363,46.5633],[-112.9444,46.5343],[-112.9616,46.5214],[-112.9788,46.5084],[-112.996,46.4954],[-113.0132,46.4825],[-113.0374,46.4745],[-113.0616,46.4666],[-113.0858,46.4586],[-113.11,46.4506],[-113.1037,46.4382],[-113.0974,46.4259],[-113.0911,46.4135],[-113.0849,46.4012],[-113.0786,46.3888],[-113.0723,46.3764],[-113.066,46.3641],[-113.0598,46.3517],[-113.081,46.3462],[-113.1022,46.3407],[-113.1234,46.3351],[-113.1447,46.3296],[-113.1598,46.3123],[-113.1749,46.2949],[-113.19,46.2776],[-113.2051,46.2602],[-113.2202,46.2429],[-113.2353,46.2255],[-113.2503,46.2082],[-113.2654,46.1908],[-113.251,46.1845],[-113.2366,46.1782],[-113.2221,46.1719],[-113.2077,46.1656],[-113.1897,46.1653],[-113.1716,46.1651],[-113.1535,46.1649],[-113.1354,46.1646],[-113.1174,46.1643],[-113.0993,46.1641],[-113.0812,46.1638],[-113.0631,46.1636],[-113.0395,46.158],[-113.016,46.1524],[-112.9924,46.1468],[-112.9688,46.1412],[-112.9452,46.1356],[-112.9217,46.13],[-112.8981,46.1243],[-112.8745,46.1187],[-112.8542,46.113],[-112.8338,46.1072],[-112.8134,46.1014],[-112.7931,46.0957],[-112.7903,46.1208],[-112.7876,46.1459],[-112.7849,46.171],[-112.7821,46.1961],[-112.7741,46.2216],[-112.7661,46.2471],[-112.758,46.2725],[-112.75,46.298],[-112.7419,46.3235],[-112.7339,46.349],[-112.7258,46.3744],[-112.7177,46.3999],[-112.7209,46.4426],[-112.724,46.4852],[-112.7455,46.4947],[-112.767,46.5041],[-112.7886,46.5136],[-112.8101,46.523]]]},"properties":{"OBJECTID":1047,"state":"Montana","agency":"Montana Fish Wildlife and Parks","unit_type":"HD","unit_id":"213","unit_name":"Flint Creek","unit_label":"Montana HD 213 - Flint Creek","aliases":"2025 | 213 | 213 flint creek | flint creek | hd | hd 213 | hd 213 flint creek | montana | montana 213 | montana 213 flint creek | montana fish wildlife and parks | montana fish wildlife and parks 213 | montana hd 213 | montana hd 213 flint creek","year":"2025","Shape_Length":161425.9979434685,"Shape_Area":1294918812.0821254}},{"type":"Feature","id":1048,"geometry":{"type":"Polygon","coordinates":[[[-112.5919,46.596],[-112.6224,46.5948],[-112.6529,46.5936],[-112.662,46.5807],[-112.6711,46.5679],[-112.6802,46.555],[-112.6893,46.5421],[-112.7044,46.5397],[-112.7195,46.5373],[-112.7346,46.535],[-112.7497,46.5326],[-112.7648,46.5302],[-112.7799,46.5278],[-112.795,46.5254],[-112.8101,46.523],[-112.7886,46.5136],[-112.767,46.5041],[-112.7455,46.4947],[-112.724,46.4852],[-112.7209,46.4426],[-112.7177,46.3999],[-112.7258,46.3744],[-112.7339,46.349],[-112.7419,46.3235],[-112.75,46.298],[-112.758,46.2725],[-112.7661,46.2471],[-112.7741,46.2216],[-112.7821,46.1961],[-112.7849,46.171],[-112.7876,46.1459],[-112.7903,46.1208],[-112.7931,46.0957],[-112.7828,46.0852],[-112.7726,46.0747],[-112.7624,46.0641],[-112.7522,46.0536],[-112.742,46.0431],[-112.7318,46.0326],[-112.7216,46.0221],[-112.7114,46.0116],[-112.693,46.0107],[-112.6747,46.0098],[-112.6564,46.0089],[-112.638,46.008],[-112.6183,46.0045],[-112.5985,46.001],[-112.5788,45.9974],[-112.5591,45.9939],[-112.5393,45.9904],[-112.5196,45.9869],[-112.4999,45.9833],[-112.4801,45.9798],[-112.4749,45.994],[-112.4697,46.0081],[-112.4645,46.0223],[-112.4593,46.0364],[-112.4627,46.0645],[-112.4661,46.0926],[-112.4797,46.1036],[-112.4932,46.1147],[-112.5068,46.1257],[-112.5203,46.1367],[-112.5126,46.1602],[-112.5048,46.1838],[-112.5228,46.1825],[-112.5408,46.1813],[-112.5589,46.1801],[-112.5769,46.1789],[-112.5816,46.1938],[-112.5864,46.2086],[-112.5911,46.2235],[-112.5959,46.2384],[-112.588,46.2505],[-112.5801,46.2626],[-112.5721,46.2746],[-112.5642,46.2867],[-112.5563,46.2987],[-112.5484,46.3108],[-112.5404,46.3229],[-112.5325,46.3349],[-112.5118,46.3347],[-112.491,46.3344],[-112.4703,46.3341],[-112.4496,46.3339],[-112.4381,46.3471],[-112.4266,46.3603],[-112.4151,46.3735],[-112.4036,46.3868],[-112.3811,46.3945],[-112.3586,46.4023],[-112.3362,46.41],[-112.3137,46.4178],[-112.3087,46.4461],[-112.3037,46.4744],[-112.2987,46.5027],[-112.2938,46.531],[-112.3014,46.5462],[-112.309,46.5615],[-112.3345,46.5603],[-112.3601,46.5591],[-112.3857,46.5578],[-112.4112,46.5566],[-112.4338,46.5616],[-112.4564,46.5665],[-112.4789,46.5714],[-112.5015,46.5763],[-112.5241,46.5813],[-112.5467,46.5862],[-112.5693,46.5911],[-112.5919,46.596]]]},"properties":{"OBJECTID":1048,"state":"Montana","agency":"Montana Fish Wildlife and Parks","unit_type":"HD","unit_id":"215","unit_name":"Deer Lodge","unit_label":"Montana HD 215 - Deer Lodge","aliases":"2025 | 215 | 215 deer lodge | deer lodge | hd | hd 215 | hd 215 deer lodge | montana | montana 215 | montana 215 deer lodge | montana fish wildlife and parks | montana fish wildlife and parks 215 | montana hd 215 | montana hd 215 deer lodge","year":"2025","Shape_Length":210193.61251170232,"Shape_Area":1492289081.9325557}},{"type":"Feature","id":1049,"geometry":{"type":"Polygon","coordinates":[[[-111.3514,47.5127],[-111.3755,47.5184],[-111.3996,47.5241],[-111.4238,47.5298],[-111.4479,47.5354],[-111.472,47.5411],[-111.4962,47.5468],[-111.5203,47.5524],[-111.5445,47.5581],[-111.5638,47.556],[-111.5831,47.5539],[-111.6024,47.5518],[-111.6218,47.5497],[-111.6411,47.5476],[-111.6604,47.5455],[-111.6797,47.5433],[-111.699,47.5412],[-111.7155,47.5354],[-111.732,47.5297],[-111.7484,47.5239],[-111.7649,47.5181],[-111.7814,47.5123],[-111.7978,47.5065],[-111.8143,47.5007],[-111.8307,47.495],[-111.8565,47.495],[-111.8823,47.4951],[-111.9081,47.4952],[-111.9339,47.4952],[-111.9434,47.4848],[-111.9528,47.4743],[-111.9623,47.4638],[-111.9717,47.4533],[-111.9811,47.4428],[-111.9906,47.4324],[-112.0,47.4219],[-112.0094,47.4114],[-112.0189,47.4009],[-112.0283,47.3904],[-112.0377,47.38],[-112.0471,47.3695],[-112.0566,47.359],[-112.066,47.3485],[-112.0754,47.338],[-112.0848,47.3276],[-112.1043,47.3182],[-112.1238,47.3088],[-112.1433,47.2995],[-112.1629,47.2901],[-112.1815,47.2748],[-112.2001,47.2595],[-112.2187,47.2442],[-112.2373,47.229],[-112.2559,47.2137],[-112.2745,47.1984],[-112.293,47.1831],[-112.3116,47.1678],[-112.319,47.1564],[-112.3264,47.145],[-112.3338,47.1336],[-112.3411,47.1222],[-112.3485,47.1108],[-112.3559,47.0994],[-112.3633,47.0881],[-112.3707,47.0767],[-112.3706,47.0767],[-112.3559,47.062],[-112.3412,47.0473],[-112.3265,47.0327],[-112.3118,47.018],[-112.2885,47.0082],[-112.2653,46.9983],[-112.2421,46.9885],[-112.2189,46.9786],[-112.1957,46.9688],[-112.1725,46.9589],[-112.1493,46.9491],[-112.1261,46.9392],[-112.1128,46.9514],[-112.0994,46.9637],[-112.086,46.9759],[-112.0726,46.9881],[-112.0592,47.0003],[-112.0458,47.0125],[-112.0324,47.0248],[-112.0189,47.037],[-112.0096,47.047],[-112.0002,47.057],[-111.9909,47.067],[-111.9815,47.077],[-111.9722,47.0871],[-111.9628,47.0971],[-111.9534,47.1071],[-111.944,47.1171],[-111.9197,47.1229],[-111.8953,47.1288],[-111.8709,47.1346],[-111.8465,47.1404],[-111.8366,47.1512],[-111.8268,47.1621],[-111.817,47.173],[-111.8071,47.1838],[-111.7973,47.1947],[-111.7875,47.2055],[-111.7776,47.2164],[-111.7678,47.2272],[-111.7515,47.2401],[-111.7353,47.253],[-111.719,47.266],[-111.7027,47.2789],[-111.6864,47.2918],[-111.6701,47.3047],[-111.6538,47.3176],[-111.6375,47.3305],[-111.6212,47.3434],[-111.6049,47.3563],[-111.5886,47.3692],[-111.5723,47.3821],[-111.5559,47.395],[-111.5396,47.4079],[-111.5232,47.4208],[-111.5069,47.4337],[-111.4866,47.4402],[-111.4664,47.4466],[-111.4461,47.453],[-111.4258,47.4595],[-111.4056,47.4659],[-111.3853,47.4723],[-111.365,47.4788],[-111.3447,47.4852],[-111.3514,47.5127]]]},"properties":{"OBJECTID":1049,"state":"Montana","agency":"Montana Fish Wildlife and Parks","unit_type":"HD","unit_id":"421","unit_name":"Birdtail Hills","unit_label":"Montana HD 421 - Birdtail Hills","aliases":"2025 | 421 | 421 birdtail hills | birdtail hills | hd | hd 421 | hd 421 birdtail hills | montana | montana 421 | montana 421 birdtail hills | montana fish wildlife and parks | montana fish wildlife and parks 421 | montana hd 421 | montana hd 421 birdtail","year":"2025","Shape_Length":218805.2166106975,"Shape_Area":2080500274.1665688}},{"type":"Feature","id":1050,"geometry":{"type":"Polygon","coordinates":[[[-108.7694,45.6625],[-108.7937,45.6643],[-108.8123,45.66],[-108.831,45.6557],[-108.8496,45.6514],[-108.8682,45.647],[-108.8868,45.6427],[-108.9054,45.6384],[-108.924,45.634],[-108.9427,45.6297],[-108.9613,45.6253],[-108.9799,45.621],[-108.9985,45.6167],[-109.0171,45.6123],[-109.0357,45.608],[-109.0543,45.6036],[-109.0728,45.5993],[-109.0914,45.5949],[-109.1106,45.5982],[-109.1298,45.6016],[-109.1489,45.6049],[-109.1681,45.6083],[-109.1821,45.6141],[-109.196,45.6199],[-109.21,45.6257],[-109.224,45.6315],[-109.238,45.6373],[-109.252,45.6431],[-109.2659,45.6489],[-109.2799,45.6548],[-109.2939,45.6606],[-109.3079,45.6664],[-109.3219,45.6722],[-109.3359,45.6779],[-109.3499,45.6837],[-109.3639,45.6895],[-109.3779,45.6953],[-109.3919,45.7011],[-109.4118,45.6918],[-109.4318,45.6825],[-109.4518,45.6909],[-109.4717,45.6993],[-109.4917,45.7078],[-109.5117,45.7162],[-109.5346,45.7142],[-109.5574,45.7122],[-109.5802,45.7102],[-109.6031,45.7082],[-109.6197,45.7157],[-109.6364,45.7233],[-109.6531,45.7308],[-109.6698,45.7383],[-109.6833,45.7267],[-109.6967,45.7151],[-109.7102,45.7035],[-109.7237,45.6919],[-109.7372,45.6803],[-109.7506,45.6686],[-109.7641,45.657],[-109.7775,45.6454],[-109.7723,45.6016],[-109.7517,45.5953],[-109.7311,45.589],[-109.7105,45.5827],[-109.6899,45.5764],[-109.6693,45.5702],[-109.6487,45.5639],[-109.6281,45.5576],[-109.6075,45.5513],[-109.5997,45.5412],[-109.5919,45.5311],[-109.6047,45.5251],[-109.6176,45.5191],[-109.6305,45.5132],[-109.6433,45.5072],[-109.6562,45.5012],[-109.669,45.4953],[-109.6819,45.4893],[-109.6947,45.4833],[-109.7076,45.4773],[-109.7204,45.4713],[-109.7333,45.4654],[-109.7461,45.4594],[-109.759,45.4534],[-109.7718,45.4474],[-109.7846,45.4414],[-109.7975,45.4354],[-109.7735,45.4343],[-109.7496,45.4332],[-109.7316,45.421],[-109.7137,45.4089],[-109.6957,45.3967],[-109.6778,45.3846],[-109.6603,45.382],[-109.6428,45.3795],[-109.6254,45.377],[-109.6079,45.3745],[-109.5861,45.3842],[-109.5644,45.3939],[-109.5426,45.4037],[-109.5208,45.4134],[-109.5157,45.4521],[-109.4994,45.4593],[-109.4832,45.4664],[-109.467,45.4735],[-109.4507,45.4807],[-109.4562,45.4632],[-109.4617,45.4457],[-109.4672,45.4281],[-109.4726,45.4106],[-109.4781,45.3931],[-109.4835,45.3756],[-109.489,45.3581],[-109.4944,45.3406],[-109.4758,45.3343],[-109.4573,45.3279],[-109.4387,45.3216],[-109.4201,45.3153],[-109.4015,45.3089],[-109.3829,45.3026],[-109.3644,45.2962],[-109.3458,45.2899],[-109.3346,45.2738],[-109.3235,45.2577],[-109.3123,45.2417],[-109.3011,45.2256],[-109.2876,45.2179],[-109.274,45.2102],[-109.2604,45.2025],[-109.2468,45.1948],[-109.2373,45.215],[-109.2277,45.2351],[-109.2182,45.2552],[-109.2086,45.2754],[-109.1991,45.2955],[-109.1895,45.3157],[-109.1799,45.3358],[-109.1704,45.3559],[-109.1585,45.3681],[-109.1466,45.3804],[-109.1346,45.3926],[-109.1227,45.4048],[-109.1108,45.417],[-109.0989,45.4292],[-109.0869,45.4414],[-109.075,45.4536],[-109.048,45.4624],[-109.021,45.4711],[-108.994,45.4798],[-108.967,45.4885],[-108.94,45.4971],[-108.913,45.5058],[-108.886,45.5145],[-108.859,45.5232],[-108.863,45.5513],[-108.8513,45.5652],[-108.8396,45.5791],[-108.828,45.593],[-108.8163,45.6069],[-108.8046,45.6208],[-108.7929,45.6347],[-108.7812,45.6486],[-108.7694,45.6625]]]},"properties":{"OBJECTID":1050,"state":"Montana","agency":"Montana Fish Wildlife and Parks","unit_type":"HD","unit_id":"575","unit_name":"Absaroka","unit_label":"Montana HD 575 - Absaroka","aliases":"2025 | 575 | 575 absaroka | absaroka | hd | hd 575 | hd 575 absaroka | montana | montana 575 | montana 575 absaroka | montana fish wildlife and parks | montana fish wildlife and parks 575 | montana hd 575 | montana hd 575 absaroka","year":"2025","Shape_Length":277186.8667048446,"Shape_Area":2128550768.3432496}},{"type":"Feature","id":1051,"geometry":{"type":"Polygon","coordinates":[[[-112.8153,46.8049],[-112.8454,46.8005],[-112.8755,46.7962],[-112.9056,46.7918],[-112.9358,46.7874],[-112.9504,46.7986],[-112.9649,46.8098],[-112.9796,46.821],[-112.9942,46.8322],[-113.0214,46.8251],[-113.0487,46.818],[-113.0585,46.7939],[-113.0683,46.7698],[-113.0781,46.7457],[-113.0879,46.7216],[-113.0955,46.7032],[-113.1031,46.6848],[-113.1107,46.6664],[-113.1183,46.648],[-113.094,46.638],[-113.0696,46.6279],[-113.0452,46.6178],[-113.0208,46.6077],[-112.9977,46.6038],[-112.9745,46.6],[-112.9514,46.5961],[-112.9283,46.5922],[-112.9135,46.5836],[-112.8987,46.5749],[-112.8839,46.5663],[-112.8691,46.5576],[-112.8544,46.549],[-112.8396,46.5403],[-112.8249,46.5317],[-112.8101,46.523],[-112.795,46.5254],[-112.7799,46.5278],[-112.7648,46.5302],[-112.7497,46.5326],[-112.7346,46.535],[-112.7195,46.5373],[-112.7044,46.5397],[-112.6893,46.5421],[-112.6802,46.555],[-112.6711,46.5679],[-112.662,46.5807],[-112.6529,46.5936],[-112.6224,46.5948],[-112.5919,46.596],[-112.5992,46.6067],[-112.6065,46.6174],[-112.6138,46.6281],[-112.6211,46.6387],[-112.6285,46.6494],[-112.6358,46.6601],[-112.6431,46.6708],[-112.6504,46.6815],[-112.6578,46.6921],[-112.6651,46.7028],[-112.6724,46.7135],[-112.6798,46.7242],[-112.6871,46.7348],[-112.6945,46.7455],[-112.7018,46.7562],[-112.7091,46.7669],[-112.7357,46.7764],[-112.7622,46.7859],[-112.7887,46.7954],[-112.8153,46.8049]]]},"properties":{"OBJECTID":1051,"state":"Montana","agency":"Montana Fish Wildlife and Parks","unit_type":"HD","unit_id":"291","unit_name":"Garnet","unit_label":"Montana HD 291 - Garnet","aliases":"2025 | 291 | 291 garnet | garnet | hd | hd 291 | hd 291 garnet | montana | montana 291 | montana 291 garnet | montana fish wildlife and parks | montana fish wildlife and parks 291 | montana hd 291 | montana hd 291 garnet","year":"2025","Shape_Length":118787.00988590773,"Shape_Area":838794523.5489213}},{"type":"Feature","id":1052,"geometry":{"type":"Polygon","coordinates":[[[-111.407,45.3531],[-111.4198,45.3596],[-111.4327,45.3661],[-111.4455,45.3726],[-111.4584,45.3791],[-111.4712,45.3855],[-111.4841,45.392],[-111.497,45.3985],[-111.5098,45.405],[-111.5227,45.4115],[-111.5356,45.418],[-111.5484,45.4245],[-111.5613,45.4309],[-111.5742,45.4374],[-111.5871,45.4439],[-111.5999,45.4504],[-111.6128,45.4568],[-111.6425,45.4538],[-111.6722,45.4507],[-111.7019,45.4475],[-111.7315,45.4444],[-111.7326,45.3504],[-111.7366,45.3156],[-111.7406,45.2809],[-111.7447,45.2462],[-111.7487,45.2115],[-111.7378,45.1991],[-111.7269,45.1868],[-111.7161,45.1744],[-111.7052,45.1621],[-111.6943,45.1497],[-111.6835,45.1374],[-111.6726,45.125],[-111.6617,45.1126],[-111.666,45.0947],[-111.6703,45.0768],[-111.6745,45.0589],[-111.6788,45.041],[-111.6739,45.0267],[-111.6689,45.0125],[-111.664,44.9982],[-111.6591,44.984],[-111.6442,44.9663],[-111.6292,44.9487],[-111.6143,44.9311],[-111.5994,44.9134],[-111.5845,44.8958],[-111.5696,44.8781],[-111.5547,44.8605],[-111.5399,44.8428],[-111.526,44.8387],[-111.5122,44.8346],[-111.4984,44.8305],[-111.4846,44.8263],[-111.4627,44.8334],[-111.4408,44.8404],[-111.4189,44.8474],[-111.3969,44.8544],[-111.3786,44.854],[-111.3603,44.8535],[-111.342,44.8531],[-111.3237,44.8526],[-111.3018,44.8397],[-111.2799,44.8268],[-111.258,44.8139],[-111.2361,44.801],[-111.2208,44.7986],[-111.2054,44.7962],[-111.19,44.7938],[-111.1747,44.7914],[-111.1593,44.789],[-111.144,44.7866],[-111.1286,44.7842],[-111.1133,44.7818],[-111.1052,44.795],[-111.0972,44.8081],[-111.0972,44.8876],[-111.1235,44.8935],[-111.1497,44.8994],[-111.1759,44.9054],[-111.2022,44.9113],[-111.2246,44.9205],[-111.247,44.9298],[-111.2694,44.939],[-111.2918,44.9482],[-111.3142,44.9574],[-111.3366,44.9666],[-111.359,44.9758],[-111.3815,44.985],[-111.399,44.9826],[-111.4165,44.9801],[-111.434,44.9777],[-111.4515,44.9752],[-111.4585,44.9911],[-111.4655,45.007],[-111.4726,45.0229],[-111.4796,45.0388],[-111.4661,45.0434],[-111.4526,45.048],[-111.4391,45.0526],[-111.4256,45.0572],[-111.412,45.0775],[-111.3984,45.0978],[-111.3847,45.1181],[-111.3711,45.1384],[-111.3863,45.1509],[-111.4015,45.1634],[-111.3882,45.1821],[-111.375,45.2007],[-111.3617,45.2194],[-111.3484,45.2381],[-111.3355,45.244],[-111.3226,45.2499],[-111.3097,45.2558],[-111.2968,45.2617],[-111.3212,45.2685],[-111.3455,45.2753],[-111.3699,45.2821],[-111.3943,45.2889],[-111.4006,45.321],[-111.407,45.3531]]]},"properties":{"OBJECTID":1052,"state":"Montana","agency":"Montana Fish Wildlife and Parks","unit_type":"HD","unit_id":"360","unit_name":"Gallatin/Madison","unit_label":"Montana HD 360 - Gallatin/Madison","aliases":"2025 | 360 | 360 gallatin madison | gallatin madison | hd | hd 360 | hd 360 gallatin madison | montana | montana 360 | montana 360 gallatin madison | montana fish wildlife and parks | montana fish wildlife and parks 360 | montana hd 360 | montana hd 360","year":"2025","Shape_Length":236083.08990217408,"Shape_Area":1749081489.99324}},{"type":"Feature","id":1053,"geometry":{"type":"Polygon","coordinates":[[[-111.9785,45.8732],[-111.966,45.885],[-111.9534,45.8967],[-111.9408,45.9084],[-111.9282,45.9201],[-111.9217,45.9325],[-111.9152,45.945],[-111.9087,45.9574],[-111.9022,45.9698],[-111.8957,45.9823],[-111.8892,45.9947],[-111.8827,46.0071],[-111.8762,46.0196],[-111.8843,46.0316],[-111.8925,46.0436],[-111.9007,46.0556],[-111.9088,46.0677],[-111.917,46.0797],[-111.9252,46.0917],[-111.9334,46.1037],[-111.9416,46.1157],[-111.9528,46.1227],[-111.964,46.1296],[-111.9753,46.1365],[-111.9865,46.1434],[-111.9977,46.1503],[-112.009,46.1573],[-112.0202,46.1642],[-112.0315,46.1711],[-112.0427,46.178],[-112.054,46.1849],[-112.0653,46.1919],[-112.0765,46.1988],[-112.0878,46.2057],[-112.099,46.2126],[-112.1103,46.2195],[-112.1216,46.2264],[-112.1191,46.1828],[-112.1167,46.1392],[-112.1142,46.0956],[-112.1118,46.052],[-112.1093,46.0084],[-112.1069,45.9648],[-112.1044,45.9212],[-112.102,45.8776],[-112.102,45.8776],[-112.0711,45.8765],[-112.0403,45.8754],[-112.0094,45.8743],[-111.9785,45.8732]]]},"properties":{"OBJECTID":1053,"state":"Montana","agency":"Montana Fish Wildlife and Parks","unit_type":"HD","unit_id":"370","unit_name":"Bull Mountain/Whitetail","unit_label":"Montana HD 370 - Bull Mountain/Whitetail","aliases":"2025 | 370 | 370 bull mountain whitetail | bull mountain whitetail | hd | hd 370 | hd 370 bull mountain whitetail | montana | montana 370 | montana 370 bull mountain whitetail | montana fish wildlife and parks | montana fish wildlife and parks 370 | mont","year":"2025","Shape_Length":96997.71040253247,"Shape_Area":485014134.64535767}},{"type":"Feature","id":1054,"geometry":{"type":"Polygon","coordinates":[[[-113.0695,47.0157],[-113.0856,47.0182],[-113.1017,47.0207],[-113.1179,47.0231],[-113.134,47.0256],[-113.1232,47.0073],[-113.1124,46.989],[-113.1016,46.9707],[-113.0909,46.9523],[-113.0801,46.934],[-113.0693,46.9157],[-113.0586,46.8974],[-113.0478,46.8791],[-113.0275,46.8699],[-113.0072,46.8607],[-112.9889,46.8664],[-112.9706,46.8721],[-112.9523,46.8778],[-112.934,46.8835],[-112.9407,46.9129],[-112.9473,46.9423],[-112.9626,46.9515],[-112.9778,46.9607],[-112.9931,46.9698],[-113.0083,46.979],[-113.0236,46.9882],[-113.0389,46.9974],[-113.0542,47.0065],[-113.0695,47.0157]]]},"properties":{"OBJECTID":1054,"state":"Montana","agency":"Montana Fish Wildlife and Parks","unit_type":"HD","unit_id":"290","unit_name":"Garnet","unit_label":"Montana HD 290 - Garnet","aliases":"2025 | 290 | 290 garnet | garnet | hd | hd 290 | hd 290 garnet | montana | montana 290 | montana 290 garnet | montana fish wildlife and parks | montana fish wildlife and parks 290 | montana hd 290 | montana hd 290 garnet","year":"2025","Shape_Length":51379.76756894001,"Shape_Area":138466768.8316693}},{"type":"Feature","id":1055,"geometry":{"type":"Polygon","coordinates":[[[-110.8043,46.3382],[-110.817,46.3485],[-110.8297,46.3587],[-110.8425,46.369],[-110.8552,46.3793],[-110.8679,46.3896],[-110.8806,46.3998],[-110.8934,46.4101],[-110.9061,46.4204],[-110.9265,46.4117],[-110.9469,46.4031],[-110.9673,46.3945],[-110.9877,46.3859],[-111.0081,46.3773],[-111.0284,46.3687],[-111.0488,46.36],[-111.0692,46.3514],[-111.0836,46.3318],[-111.098,46.3123],[-111.1125,46.2927],[-111.1269,46.2731],[-111.1159,46.2635],[-111.1049,46.254],[-111.094,46.2444],[-111.083,46.2348],[-111.0728,46.2139],[-111.0626,46.1929],[-111.0464,46.198],[-111.0303,46.2031],[-111.0142,46.2081],[-110.998,46.2132],[-110.9819,46.2183],[-110.9657,46.2234],[-110.9496,46.2284],[-110.9334,46.2335],[-110.9173,46.2386],[-110.9011,46.2437],[-110.885,46.2487],[-110.8688,46.2538],[-110.8526,46.2588],[-110.8365,46.2639],[-110.8203,46.269],[-110.8041,46.274],[-110.8043,46.3382]]]},"properties":{"OBJECTID":1055,"state":"Montana","agency":"Montana Fish Wildlife and Parks","unit_type":"HD","unit_id":"451","unit_name":"Bridger","unit_label":"Montana HD 451 - Bridger","aliases":"2025 | 451 | 451 bridger | bridger | hd | hd 451 | hd 451 bridger | montana | montana 451 | montana 451 bridger | montana fish wildlife and parks | montana fish wildlife and parks 451 | montana hd 451 | montana hd 451 bridger","year":"2025","Shape_Length":75871.9771572284,"Shape_Area":374661007.7142186}},{"type":"Feature","id":1056,"geometry":{"type":"Polygon","coordinates":[[[-108.4174,45.7929],[-108.4348,45.7866],[-108.4522,45.7803],[-108.4696,45.774],[-108.487,45.7677],[-108.5078,45.7629],[-108.5286,45.7581],[-108.5494,45.7532],[-108.5702,45.7484],[-108.5951,45.7377],[-108.62,45.727],[-108.6449,45.7162],[-108.6699,45.7055],[-108.6948,45.6948],[-108.7197,45.684],[-108.7446,45.6733],[-108.7694,45.6625],[-108.7812,45.6486],[-108.7929,45.6347],[-108.8046,45.6208],[-108.8163,45.6069],[-108.828,45.593],[-108.8396,45.5791],[-108.8513,45.5652],[-108.863,45.5513],[-108.859,45.5232],[-108.886,45.5145],[-108.913,45.5058],[-108.94,45.4971],[-108.967,45.4885],[-108.994,45.4798],[-109.021,45.4711],[-109.048,45.4624],[-109.075,45.4536],[-109.0869,45.4414],[-109.0989,45.4292],[-109.1108,45.417],[-109.1227,45.4048],[-109.1346,45.3926],[-109.1466,45.3804],[-109.1585,45.3681],[-109.1704,45.3559],[-109.1799,45.3358],[-109.1895,45.3157],[-109.1991,45.2955],[-109.2086,45.2754],[-109.2182,45.2552],[-109.2277,45.2351],[-109.2373,45.215],[-109.2468,45.1948],[-109.2502,45.1741],[-109.2316,45.173],[-109.213,45.1719],[-109.1944,45.1709],[-109.1758,45.1698],[-109.1572,45.1687],[-109.1387,45.1676],[-109.1201,45.1666],[-109.1015,45.1655],[-109.084,45.1596],[-109.0665,45.1537],[-109.049,45.1478],[-109.0315,45.1419],[-109.0177,45.1583],[-109.004,45.1746],[-108.9902,45.191],[-108.9764,45.2074],[-108.9627,45.2238],[-108.9489,45.2402],[-108.9351,45.2565],[-108.9213,45.2729],[-108.9088,45.2642],[-108.8962,45.2554],[-108.8837,45.2467],[-108.8712,45.238],[-108.8587,45.2292],[-108.8461,45.2205],[-108.8336,45.2117],[-108.8211,45.203],[-108.7908,45.2067],[-108.7604,45.2104],[-108.73,45.2141],[-108.6997,45.2177],[-108.6996,45.349],[-108.6953,45.37],[-108.6909,45.391],[-108.6866,45.4121],[-108.6822,45.4331],[-108.6674,45.4437],[-108.6526,45.4543],[-108.6378,45.4649],[-108.623,45.4755],[-108.6306,45.4886],[-108.6381,45.5018],[-108.6265,45.5089],[-108.6148,45.516],[-108.6032,45.523],[-108.5915,45.5301],[-108.5799,45.5372],[-108.5682,45.5443],[-108.5566,45.5514],[-108.5449,45.5585],[-108.5361,45.5749],[-108.5273,45.5913],[-108.5185,45.6077],[-108.5097,45.6242],[-108.4839,45.6278],[-108.4581,45.6315],[-108.4482,45.6457],[-108.4383,45.6599],[-108.4284,45.6741],[-108.4185,45.6884],[-108.4086,45.7026],[-108.3987,45.7168],[-108.3888,45.7311],[-108.3789,45.7453],[-108.3886,45.7572],[-108.3982,45.7691],[-108.4078,45.781],[-108.4174,45.7929]]]},"properties":{"OBJECTID":1056,"state":"Montana","agency":"Montana Fish Wildlife and Parks","unit_type":"HD","unit_id":"502","unit_name":"Absaroka","unit_label":"Montana HD 502 - Absaroka","aliases":"2025 | 502 | 502 absaroka | absaroka | hd | hd 502 | hd 502 absaroka | montana | montana 502 | montana 502 absaroka | montana fish wildlife and parks | montana fish wildlife and parks 502 | montana hd 502 | montana hd 502 absaroka","year":"2025","Shape_Length":232579.0180319447,"Shape_Area":1880402059.6539726}},{"type":"Feature","id":1057,"geometry":{"type":"Polygon","coordinates":[[[-108.5748,47.6097],[-108.6024,47.615],[-108.63,47.6202],[-108.6576,47.6255],[-108.6852,47.6308],[-108.6933,47.6217],[-108.7014,47.6127],[-108.7095,47.6036],[-108.7176,47.5946],[-108.7257,47.5855],[-108.7338,47.5765],[-108.7419,47.5674],[-108.75,47.5584],[-108.7513,47.3961],[-108.7646,47.3847],[-108.7778,47.3734],[-108.7911,47.362],[-108.8043,47.3506],[-108.8038,47.1956],[-108.8033,47.0406],[-108.7859,47.051],[-108.7684,47.0613],[-108.7443,47.0596],[-108.7202,47.0578],[-108.696,47.056],[-108.6719,47.0542],[-108.6444,47.049],[-108.617,47.0437],[-108.5895,47.0384],[-108.5621,47.0331],[-108.5346,47.0278],[-108.5072,47.0225],[-108.4798,47.0172],[-108.4523,47.0119],[-108.4272,47.0119],[-108.402,47.012],[-108.3769,47.012],[-108.3518,47.0121],[-108.3311,47.0121],[-108.3104,47.0121],[-108.2897,47.0121],[-108.2691,47.0121],[-108.2484,47.0121],[-108.2277,47.0121],[-108.207,47.0121],[-108.1864,47.0121],[-108.1657,47.0121],[-108.145,47.0121],[-108.1243,47.0121],[-108.1037,47.012],[-108.083,47.012],[-108.0623,47.012],[-108.0416,47.012],[-108.021,47.0119],[-108.0044,47.0097],[-107.9879,47.0075],[-107.9714,47.0053],[-107.9549,47.0031],[-107.9384,47.0009],[-107.9219,46.9987],[-107.9054,46.9965],[-107.8889,46.9943],[-107.8971,47.0147],[-107.9054,47.0351],[-107.9137,47.0556],[-107.922,47.076],[-107.9303,47.0964],[-107.9385,47.1169],[-107.9468,47.1373],[-107.9551,47.1577],[-107.9391,47.1687],[-107.923,47.1797],[-107.9279,47.2015],[-107.9329,47.2234],[-107.9379,47.2452],[-107.9429,47.267],[-107.9479,47.2889],[-107.9529,47.3107],[-107.9579,47.3325],[-107.9629,47.3544],[-107.9535,47.367],[-107.9441,47.3797],[-107.9347,47.3924],[-107.9253,47.4051],[-107.9158,47.4177],[-107.9064,47.4304],[-107.897,47.4431],[-107.8876,47.4557],[-107.8972,47.4839],[-107.9068,47.512],[-107.9116,47.526],[-107.9165,47.5401],[-107.9213,47.5542],[-107.9261,47.5682],[-107.9473,47.5763],[-107.9686,47.5844],[-107.9841,47.5875],[-107.9996,47.5906],[-108.0151,47.5937],[-108.0306,47.5967],[-108.0461,47.5998],[-108.0616,47.6029],[-108.0771,47.606],[-108.0926,47.6091],[-108.1096,47.6037],[-108.1266,47.5984],[-108.1436,47.5931],[-108.1605,47.5878],[-108.188,47.5868],[-108.2155,47.5858],[-108.243,47.5848],[-108.2705,47.5838],[-108.2979,47.5828],[-108.3254,47.5818],[-108.3529,47.5808],[-108.3804,47.5797],[-108.3993,47.5888],[-108.4182,47.5978],[-108.4371,47.6069],[-108.456,47.6159],[-108.4857,47.6144],[-108.5154,47.6128],[-108.5451,47.6112],[-108.5748,47.6097]]]},"properties":{"OBJECTID":1057,"state":"Montana","agency":"Montana Fish Wildlife and Parks","unit_type":"HD","unit_id":"410","unit_name":"Missouri Rivers Breaks","unit_label":"Montana HD 410 - Missouri Rivers Breaks","aliases":"2025 | 410 | 410 missouri rivers breaks | hd | hd 410 | hd 410 missouri rivers breaks | missouri rivers breaks | montana | montana 410 | montana 410 missouri rivers breaks | montana fish wildlife and parks | montana fish wildlife and parks 410 | montana","year":"2025","Shape_Length":267196.62153682177,"Shape_Area":4136226773.7845635}},{"type":"Feature","id":1058,"geometry":{"type":"Polygon","coordinates":[[[-110.6656,47.8162],[-110.6778,47.826],[-110.6899,47.8357],[-110.7074,47.8324],[-110.725,47.8291],[-110.7425,47.8257],[-110.76,47.8224],[-110.7775,47.8191],[-110.795,47.8157],[-110.8126,47.8124],[-110.8301,47.809],[-110.8476,47.8057],[-110.8651,47.8023],[-110.8826,47.799],[-110.9001,47.7956],[-110.9176,47.7923],[-110.9351,47.7889],[-110.9526,47.7855],[-110.9701,47.7822],[-110.991,47.7734],[-111.0118,47.7645],[-111.0326,47.7557],[-111.0535,47.7468],[-111.0743,47.738],[-111.0951,47.7292],[-111.1159,47.7203],[-111.1367,47.7115],[-111.1457,47.7006],[-111.1548,47.6898],[-111.1638,47.679],[-111.1729,47.6681],[-111.1819,47.6573],[-111.1909,47.6465],[-111.2,47.6356],[-111.209,47.6248],[-111.218,47.614],[-111.227,47.6031],[-111.236,47.5923],[-111.2451,47.5815],[-111.2541,47.5706],[-111.2631,47.5598],[-111.2721,47.5489],[-111.2811,47.5381],[-111.282,47.4943],[-111.2505,47.4941],[-111.219,47.4939],[-111.1974,47.4888],[-111.1758,47.4837],[-111.1542,47.4786],[-111.1326,47.4734],[-111.111,47.4683],[-111.0894,47.4631],[-111.0678,47.458],[-111.0462,47.4529],[-111.0252,47.4439],[-111.0042,47.435],[-110.9832,47.426],[-110.9622,47.417],[-110.9464,47.4009],[-110.9306,47.3847],[-110.9149,47.3686],[-110.8991,47.3524],[-110.9138,47.3681],[-110.9285,47.3837],[-110.9235,47.4184],[-110.9184,47.453],[-110.9037,47.4681],[-110.8889,47.4831],[-110.8742,47.4982],[-110.8594,47.5132],[-110.8731,47.5323],[-110.8867,47.5513],[-110.8643,47.5585],[-110.8418,47.5657],[-110.8193,47.5729],[-110.7968,47.58],[-110.7743,47.5872],[-110.7518,47.5944],[-110.7293,47.6015],[-110.7068,47.6087],[-110.705,47.6574],[-110.7031,47.7061],[-110.6933,47.7329],[-110.6834,47.7597],[-110.6735,47.7865],[-110.6636,47.8133],[-110.6656,47.8162]]]},"properties":{"OBJECTID":1058,"state":"Montana","agency":"Montana Fish Wildlife and Parks","unit_type":"HD","unit_id":"405","unit_name":"Golden Triangle","unit_label":"Montana HD 405 - Golden Triangle","aliases":"2025 | 405 | 405 golden triangle | golden triangle | hd | hd 405 | hd 405 golden triangle | montana | montana 405 | montana 405 golden triangle | montana fish wildlife and parks | montana fish wildlife and parks 405 | montana hd 405 | montana hd 405 gold","year":"2025","Shape_Length":164109.99753046912,"Shape_Area":1216537775.6740942}},{"type":"Feature","id":1059,"geometry":{"type":"Polygon","coordinates":[[[-112.5563,46.9774],[-112.5331,46.9898],[-112.5099,47.0023],[-112.4867,47.0147],[-112.4635,47.0271],[-112.4403,47.0395],[-112.4171,47.0519],[-112.3938,47.0643],[-112.3706,47.0767],[-112.3707,47.0767],[-112.3855,47.0957],[-112.4003,47.1148],[-112.4151,47.1339],[-112.43,47.1529],[-112.4489,47.1575],[-112.4678,47.1621],[-112.4866,47.1667],[-112.5055,47.1712],[-112.5222,47.1567],[-112.5388,47.1422],[-112.5555,47.1276],[-112.5721,47.1131],[-112.5886,47.122],[-112.6052,47.1309],[-112.6217,47.1397],[-112.6383,47.1486],[-112.663,47.1409],[-112.6878,47.1331],[-112.7125,47.1253],[-112.7372,47.1176],[-112.7486,47.0975],[-112.76,47.0774],[-112.7765,47.0758],[-112.7931,47.0742],[-112.8097,47.0725],[-112.8263,47.0709],[-112.8403,47.0807],[-112.8543,47.0905],[-112.8684,47.1003],[-112.8824,47.1101],[-112.8964,47.12],[-112.9105,47.1298],[-112.9245,47.1396],[-112.9386,47.1494],[-112.9548,47.146],[-112.971,47.1426],[-112.9871,47.1392],[-113.0033,47.1358],[-113.0166,47.1494],[-113.0298,47.163],[-113.043,47.1765],[-113.0563,47.1901],[-113.0797,47.1785],[-113.103,47.1668],[-113.1263,47.1552],[-113.1497,47.1436],[-113.1458,47.1141],[-113.1418,47.0846],[-113.1379,47.0551],[-113.134,47.0257],[-113.134,47.0256],[-113.1179,47.0231],[-113.1017,47.0207],[-113.0856,47.0182],[-113.0695,47.0157],[-113.0542,47.0065],[-113.0389,46.9974],[-113.0236,46.9882],[-113.0083,46.979],[-112.9931,46.9698],[-112.9778,46.9607],[-112.9626,46.9515],[-112.9473,46.9423],[-112.924,46.9392],[-112.9006,46.9361],[-112.8773,46.933],[-112.854,46.9299],[-112.8288,46.9326],[-112.8036,46.9353],[-112.7784,46.938],[-112.7533,46.9407],[-112.7369,46.9489],[-112.7205,46.9571],[-112.7041,46.9653],[-112.6877,46.9735],[-112.6713,46.974],[-112.6549,46.9745],[-112.6385,46.975],[-112.622,46.9755],[-112.6056,46.976],[-112.5892,46.9765],[-112.5728,46.9769],[-112.5563,46.9774]]]},"properties":{"OBJECTID":1059,"state":"Montana","agency":"Montana Fish Wildlife and Parks","unit_type":"HD","unit_id":"281","unit_name":"Bob Marshall Wilderness Complex","unit_label":"Montana HD 281 - Bob Marshall Wilderness Complex","aliases":"2025 | 281 | 281 bob marshall wilderness complex | bob marshall wilderness complex | hd | hd 281 | hd 281 bob marshall wilderness complex | montana | montana 281 | montana 281 bob marshall wilderness complex | montana fish wildlife and parks | montana fi","year":"2025","Shape_Length":161590.31206427905,"Shape_Area":985647934.8786329}},{"type":"Feature","id":1060,"geometry":{"type":"Polygon","coordinates":[[[-112.3171,47.3899],[-112.3266,47.4026],[-112.3361,47.4153],[-112.3456,47.428],[-112.3551,47.4407],[-112.3646,47.4534],[-112.3741,47.4661],[-112.3836,47.4788],[-112.3932,47.4914],[-112.4108,47.489],[-112.4285,47.4865],[-112.4461,47.4841],[-112.4638,47.4816],[-112.4815,47.4792],[-112.4991,47.4767],[-112.5168,47.4742],[-112.5344,47.4718],[-112.5521,47.4693],[-112.5697,47.4668],[-112.5874,47.4643],[-112.605,47.4619],[-112.6227,47.4594],[-112.6403,47.4569],[-112.6579,47.4544],[-112.6756,47.4519],[-112.6854,47.4421],[-112.6953,47.4324],[-112.7051,47.4226],[-112.715,47.4128],[-112.7248,47.403],[-112.7347,47.3932],[-112.7445,47.3834],[-112.7543,47.3736],[-112.771,47.3777],[-112.7877,47.3819],[-112.8044,47.386],[-112.8211,47.3902],[-112.8378,47.3943],[-112.8545,47.3984],[-112.8712,47.4026],[-112.8878,47.4067],[-112.8932,47.39],[-112.8985,47.3733],[-112.9038,47.3566],[-112.9091,47.3399],[-112.898,47.3321],[-112.887,47.3242],[-112.876,47.3164],[-112.865,47.3085],[-112.8486,47.306],[-112.8323,47.3036],[-112.816,47.3011],[-112.7997,47.2987],[-112.7834,47.2962],[-112.7671,47.2937],[-112.7508,47.2913],[-112.7345,47.2888],[-112.7372,47.2634],[-112.7398,47.2381],[-112.723,47.2369],[-112.7062,47.2358],[-112.6894,47.2347],[-112.6726,47.2336],[-112.6558,47.2325],[-112.639,47.2313],[-112.6222,47.2302],[-112.6054,47.2291],[-112.6003,47.2106],[-112.5952,47.1922],[-112.5728,47.187],[-112.5504,47.1817],[-112.528,47.1765],[-112.5055,47.1712],[-112.4866,47.1667],[-112.4678,47.1621],[-112.4489,47.1575],[-112.43,47.1529],[-112.4151,47.1339],[-112.4003,47.1148],[-112.3855,47.0957],[-112.3707,47.0767],[-112.3633,47.0881],[-112.3559,47.0994],[-112.3485,47.1108],[-112.3411,47.1222],[-112.3338,47.1336],[-112.3264,47.145],[-112.319,47.1564],[-112.3116,47.1678],[-112.293,47.1831],[-112.2745,47.1984],[-112.2559,47.2137],[-112.2373,47.229],[-112.2187,47.2442],[-112.2001,47.2595],[-112.1815,47.2748],[-112.1629,47.2901],[-112.1821,47.3026],[-112.2014,47.3151],[-112.2206,47.3275],[-112.2399,47.34],[-112.2592,47.3525],[-112.2785,47.365],[-112.2978,47.3774],[-112.3171,47.3899]]]},"properties":{"OBJECTID":1060,"state":"Montana","agency":"Montana Fish Wildlife and Parks","unit_type":"HD","unit_id":"422","unit_name":"Bob Marshall Wilderness Complex","unit_label":"Montana HD 422 - Bob Marshall Wilderness Complex","aliases":"2025 | 422 | 422 bob marshall wilderness complex | bob marshall wilderness complex | hd | hd 422 | hd 422 bob marshall wilderness complex | montana | montana 422 | montana 422 bob marshall wilderness complex | montana fish wildlife and parks | montana fi","year":"2025","Shape_Length":166058.78799762533,"Shape_Area":1258252917.8764725}},{"type":"Feature","id":1061,"geometry":{"type":"Polygon","coordinates":[[[-113.7731,46.2454],[-113.7997,46.2515],[-113.8264,46.2576],[-113.8374,46.2417],[-113.8483,46.2259],[-113.8592,46.21],[-113.8702,46.1941],[-113.8955,46.185],[-113.9209,46.1759],[-113.9463,46.1668],[-113.9716,46.1576],[-113.9986,46.1638],[-114.0257,46.17],[-114.0527,46.1761],[-114.0797,46.1823],[-114.0985,46.1861],[-114.1172,46.1898],[-114.136,46.1936],[-114.1548,46.1974],[-114.16,46.1704],[-114.1652,46.1435],[-114.1703,46.1166],[-114.1755,46.0896],[-114.1781,46.0176],[-114.1706,46.0068],[-114.1631,45.9959],[-114.1556,45.9851],[-114.1481,45.9742],[-114.1406,45.9634],[-114.1332,45.9525],[-114.1257,45.9416],[-114.1182,45.9308],[-114.1341,45.9219],[-114.15,45.913],[-114.166,45.904],[-114.1819,45.8951],[-114.1674,45.8887],[-114.1528,45.8824],[-114.1383,45.876],[-114.1238,45.8696],[-114.1198,45.8447],[-114.1158,45.8198],[-114.1118,45.7948],[-114.1078,45.7699],[-114.0834,45.764],[-114.059,45.758],[-114.0346,45.752],[-114.0102,45.746],[-113.9994,45.7259],[-113.9886,45.7059],[-113.9878,45.7054],[-113.9877,45.7052],[-113.9807,45.7025],[-113.9803,45.7024],[-113.9799,45.7024],[-113.9798,45.7024],[-113.9742,45.7028],[-113.9742,45.7028],[-113.9724,45.7025],[-113.9711,45.7028],[-113.9708,45.7027],[-113.9715,45.7012],[-113.9716,45.7007],[-113.9715,45.7004],[-113.9715,45.7003],[-113.97,45.6976],[-113.9697,45.6969],[-113.969,45.6953],[-113.9691,45.6942],[-113.9687,45.6922],[-113.9681,45.6913],[-113.968,45.6912],[-113.9675,45.6911],[-113.9675,45.691],[-113.9669,45.691],[-113.9637,45.6898],[-113.9613,45.6897],[-113.961,45.6898],[-113.959,45.6902],[-113.9573,45.6902],[-113.957,45.6902],[-113.9542,45.6908],[-113.9522,45.6914],[-113.9488,45.6934],[-113.9484,45.6935],[-113.9483,45.6935],[-113.9474,45.6936],[-113.9454,45.6937],[-113.9432,45.6944],[-113.9382,45.6958],[-113.9297,45.7065],[-113.9213,45.7172],[-113.9128,45.728],[-113.9044,45.7387],[-113.8959,45.7494],[-113.8874,45.7601],[-113.879,45.7709],[-113.8705,45.7816],[-113.8604,45.7739],[-113.8503,45.7662],[-113.8401,45.7584],[-113.83,45.7507],[-113.8135,45.7623],[-113.797,45.7739],[-113.7805,45.7855],[-113.764,45.7971],[-113.7475,45.8087],[-113.731,45.8204],[-113.7145,45.832],[-113.6979,45.8436],[-113.6715,45.8454],[-113.6451,45.8472],[-113.6186,45.8489],[-113.5922,45.8507],[-113.5774,45.8576],[-113.5626,45.8644],[-113.5478,45.8713],[-113.533,45.8782],[-113.5246,45.9085],[-113.5162,45.9388],[-113.5174,45.9401],[-113.5403,45.9425],[-113.5631,45.9449],[-113.586,45.9472],[-113.6088,45.9496],[-113.6226,45.9574],[-113.6364,45.9652],[-113.6502,45.973],[-113.6639,45.9808],[-113.6703,45.9945],[-113.6767,46.0081],[-113.6831,46.0218],[-113.6894,46.0354],[-113.7184,46.0361],[-113.7474,46.0368],[-113.7764,46.0374],[-113.8053,46.0381],[-113.7928,46.0567],[-113.7802,46.0754],[-113.7676,46.094],[-113.7551,46.1127],[-113.7638,46.1239],[-113.7725,46.135],[-113.7813,46.1462],[-113.79,46.1573],[-113.7988,46.1685],[-113.8075,46.1797],[-113.8163,46.1908],[-113.8251,46.202],[-113.8121,46.2129],[-113.7991,46.2237],[-113.7861,46.2346],[-113.7731,46.2454]]]},"properties":{"OBJECTID":1061,"state":"Montana","agency":"Montana Fish Wildlife and Parks","unit_type":"HD","unit_id":"270","unit_name":"East Fork Bitterroot","unit_label":"Montana HD 270 - East Fork Bitterroot","aliases":"2025 | 270 | 270 east fork bitterroot | east fork bitterroot | hd | hd 270 | hd 270 east fork bitterroot | montana | montana 270 | montana 270 east fork bitterroot | montana fish wildlife and parks | montana fish wildlife and parks 270 | montana hd 270 |","year":"2025","Shape_Length":213260.50149294638,"Shape_Area":1724549326.593221}},{"type":"Feature","id":1062,"geometry":{"type":"Polygon","coordinates":[[[-113.696,46.2294],[-113.7153,46.2334],[-113.7346,46.2374],[-113.7538,46.2414],[-113.7731,46.2454],[-113.7861,46.2346],[-113.7991,46.2237],[-113.8121,46.2129],[-113.8251,46.202],[-113.8163,46.1908],[-113.8075,46.1797],[-113.7988,46.1685],[-113.79,46.1573],[-113.7813,46.1462],[-113.7725,46.135],[-113.7638,46.1239],[-113.7551,46.1127],[-113.7676,46.094],[-113.7802,46.0754],[-113.7928,46.0567],[-113.8053,46.0381],[-113.7764,46.0374],[-113.7474,46.0368],[-113.7184,46.0361],[-113.6894,46.0354],[-113.6831,46.0218],[-113.6767,46.0081],[-113.6703,45.9945],[-113.6639,45.9808],[-113.6502,45.973],[-113.6364,45.9652],[-113.6226,45.9574],[-113.6088,45.9496],[-113.586,45.9472],[-113.5631,45.9449],[-113.5403,45.9425],[-113.5174,45.9401],[-113.4988,45.9399],[-113.4801,45.9396],[-113.4674,45.9495],[-113.4547,45.9594],[-113.442,45.9693],[-113.4293,45.9791],[-113.4166,45.989],[-113.4039,45.9989],[-113.3912,46.0088],[-113.3785,46.0186],[-113.3571,46.012],[-113.3358,46.0054],[-113.3193,46.0184],[-113.3028,46.0314],[-113.2863,46.0444],[-113.2698,46.0574],[-113.262,46.0709],[-113.2543,46.0844],[-113.2465,46.098],[-113.2388,46.1115],[-113.231,46.125],[-113.2233,46.1385],[-113.2155,46.1521],[-113.2077,46.1656],[-113.2221,46.1719],[-113.2366,46.1782],[-113.251,46.1845],[-113.2654,46.1908],[-113.2821,46.2045],[-113.2987,46.2182],[-113.3154,46.2319],[-113.3321,46.2456],[-113.3468,46.2379],[-113.3615,46.2301],[-113.3763,46.2223],[-113.391,46.2145],[-113.4057,46.2067],[-113.4204,46.1989],[-113.4351,46.1911],[-113.4498,46.1833],[-113.4678,46.1935],[-113.4857,46.2037],[-113.5037,46.214],[-113.5217,46.2242],[-113.5442,46.2307],[-113.5668,46.2372],[-113.5893,46.2438],[-113.6119,46.2503],[-113.6329,46.2451],[-113.654,46.2399],[-113.675,46.2346],[-113.696,46.2294]]]},"properties":{"OBJECTID":1062,"state":"Montana","agency":"Montana Fish Wildlife and Parks","unit_type":"HD","unit_id":"211","unit_name":"Rock Creek","unit_label":"Montana HD 211 - Rock Creek","aliases":"2025 | 211 | 211 rock creek | hd | hd 211 | hd 211 rock creek | montana | montana 211 | montana 211 rock creek | montana fish wildlife and parks | montana fish wildlife and parks 211 | montana hd 211 | montana hd 211 rock creek | rock creek","year":"2025","Shape_Length":146238.94838465488,"Shape_Area":1085821299.9710069}},{"type":"Feature","id":1063,"geometry":{"type":"Polygon","coordinates":[[[-113.9419,46.4601],[-113.9584,46.4737],[-113.975,46.4873],[-113.9915,46.5009],[-114.0081,46.5145],[-113.9989,46.5257],[-113.9898,46.5368],[-113.9806,46.548],[-113.9714,46.5592],[-113.9622,46.5704],[-113.9531,46.5816],[-113.9439,46.5927],[-113.9347,46.6039],[-113.9499,46.6214],[-113.9652,46.6389],[-113.9804,46.6563],[-113.9957,46.6738],[-114.0112,46.6698],[-114.0267,46.6658],[-114.035,46.6466],[-114.0433,46.6275],[-114.0515,46.6083],[-114.0598,46.5892],[-114.068,46.57],[-114.0763,46.5509],[-114.0845,46.5317],[-114.0928,46.5126],[-114.0955,46.4846],[-114.0982,46.4566],[-114.1009,46.4286],[-114.1036,46.4006],[-114.1063,46.3726],[-114.109,46.3446],[-114.1117,46.3166],[-114.1144,46.2887],[-114.1245,46.2658],[-114.1346,46.243],[-114.1447,46.2202],[-114.1548,46.1974],[-114.136,46.1936],[-114.1172,46.1898],[-114.0985,46.1861],[-114.0797,46.1823],[-114.0717,46.2052],[-114.0638,46.2281],[-114.0558,46.251],[-114.0479,46.2739],[-114.0506,46.3131],[-114.0534,46.3524],[-114.0453,46.3787],[-114.0373,46.4051],[-114.0292,46.4314],[-114.0211,46.4577],[-114.0013,46.4583],[-113.9815,46.4589],[-113.9617,46.4595],[-113.9419,46.4601]]]},"properties":{"OBJECTID":1063,"state":"Montana","agency":"Montana Fish Wildlife and Parks","unit_type":"HD","unit_id":"262","unit_name":"Sapphire","unit_label":"Montana HD 262 - Sapphire","aliases":"2025 | 262 | 262 sapphire | hd | hd 262 | hd 262 sapphire | montana | montana 262 | montana 262 sapphire | montana fish wildlife and parks | montana fish wildlife and parks 262 | montana hd 262 | montana hd 262 sapphire | sapphire","year":"2025","Shape_Length":127345.4111583514,"Shape_Area":334485974.13932943}},{"type":"Feature","id":1064,"geometry":{"type":"Polygon","coordinates":[[[-110.7388,46.2338],[-110.755,46.2433],[-110.7712,46.2528],[-110.7873,46.2622],[-110.8035,46.2717],[-110.8165,46.2611],[-110.8294,46.2504],[-110.8423,46.2398],[-110.8552,46.2291],[-110.8621,46.2053],[-110.8689,46.1814],[-110.8758,46.1576],[-110.8826,46.1338],[-110.9014,46.1233],[-110.9201,46.1127],[-110.9438,46.1147],[-110.9675,46.1167],[-110.9913,46.1187],[-111.015,46.1206],[-111.0388,46.1226],[-111.0625,46.1246],[-111.0863,46.1265],[-111.11,46.1285],[-111.1245,46.1237],[-111.139,46.1188],[-111.1535,46.114],[-111.1679,46.1092],[-111.1583,46.0911],[-111.1487,46.073],[-111.1391,46.055],[-111.1295,46.0369],[-111.1113,46.0351],[-111.093,46.0333],[-111.0748,46.0315],[-111.0566,46.0297],[-111.0483,46.0189],[-111.04,46.0081],[-111.0318,45.9973],[-111.0235,45.9865],[-111.0036,45.9811],[-110.9836,45.9757],[-110.9636,45.9704],[-110.9437,45.965],[-110.9177,45.9674],[-110.8917,45.9698],[-110.8658,45.9721],[-110.8398,45.9745],[-110.8459,45.9607],[-110.852,45.9469],[-110.8581,45.9331],[-110.8642,45.9193],[-110.8702,45.9055],[-110.8763,45.8917],[-110.8824,45.8779],[-110.8884,45.8641],[-110.8853,45.8381],[-110.8823,45.8121],[-110.8792,45.7861],[-110.8761,45.7602],[-110.8892,45.7458],[-110.9023,45.7315],[-110.9154,45.7172],[-110.9285,45.7029],[-110.9517,45.7028],[-110.9748,45.7028],[-110.998,45.7028],[-111.0212,45.7027],[-111.0021,45.6905],[-110.9829,45.6782],[-110.9638,45.666],[-110.9447,45.6537],[-110.9153,45.6503],[-110.8858,45.6469],[-110.8551,45.6487],[-110.8244,45.6506],[-110.7937,45.6524],[-110.7631,45.6542],[-110.7324,45.656],[-110.7017,45.6578],[-110.671,45.6596],[-110.6403,45.6614],[-110.6207,45.6571],[-110.6011,45.6529],[-110.5815,45.6486],[-110.5619,45.6444],[-110.5501,45.6536],[-110.5383,45.6628],[-110.5265,45.672],[-110.5147,45.6811],[-110.5029,45.6903],[-110.4911,45.6995],[-110.4793,45.7087],[-110.4674,45.7179],[-110.479,45.7374],[-110.4906,45.757],[-110.5021,45.7765],[-110.5137,45.796],[-110.5249,45.8059],[-110.536,45.8159],[-110.5472,45.8258],[-110.5583,45.8357],[-110.5695,45.8457],[-110.5807,45.8556],[-110.5918,45.8655],[-110.603,45.8754],[-110.6104,45.8922],[-110.6179,45.909],[-110.6253,45.9258],[-110.6328,45.9426],[-110.6402,45.9594],[-110.6477,45.9762],[-110.6551,45.993],[-110.6626,46.0098],[-110.6704,46.0207],[-110.6782,46.0316],[-110.686,46.0425],[-110.6938,46.0534],[-110.7016,46.0642],[-110.7094,46.0751],[-110.7172,46.086],[-110.725,46.0969],[-110.7284,46.1311],[-110.7319,46.1653],[-110.7353,46.1996],[-110.7388,46.2338]]]},"properties":{"OBJECTID":1064,"state":"Montana","agency":"Montana Fish Wildlife and Parks","unit_type":"HD","unit_id":"393","unit_name":"Bridger","unit_label":"Montana HD 393 - Bridger","aliases":"2025 | 393 | 393 bridger | bridger | hd | hd 393 | hd 393 bridger | montana | montana 393 | montana 393 bridger | montana fish wildlife and parks | montana fish wildlife and parks 393 | montana hd 393 | montana hd 393 bridger","year":"2025","Shape_Length":232276.64451889004,"Shape_Area":1627928855.2022016}},{"type":"Feature","id":1065,"geometry":{"type":"Polygon","coordinates":[[[-108.8211,45.203],[-108.8336,45.2117],[-108.8461,45.2205],[-108.8587,45.2292],[-108.8712,45.238],[-108.8837,45.2467],[-108.8962,45.2554],[-108.9088,45.2642],[-108.9213,45.2729],[-108.9351,45.2565],[-108.9489,45.2402],[-108.9627,45.2238],[-108.9764,45.2074],[-108.9902,45.191],[-109.004,45.1746],[-109.0177,45.1583],[-109.0315,45.1419],[-109.049,45.1478],[-109.0665,45.1537],[-109.084,45.1596],[-109.1015,45.1655],[-109.1201,45.1666],[-109.1387,45.1676],[-109.1572,45.1687],[-109.1758,45.1698],[-109.1944,45.1709],[-109.213,45.1719],[-109.2316,45.173],[-109.2502,45.1741],[-109.2647,45.1564],[-109.2792,45.1388],[-109.2937,45.1212],[-109.3082,45.1036],[-109.3222,45.0965],[-109.3361,45.0894],[-109.35,45.0823],[-109.364,45.0752],[-109.3779,45.068],[-109.3918,45.0609],[-109.4057,45.0538],[-109.4197,45.0467],[-109.4148,45.0259],[-109.41,45.0051],[-109.4194,45.0],[-109.3985,45.0],[-109.3777,45.0],[-109.3568,45.0],[-109.3359,45.0],[-109.315,45.0],[-109.2941,45.0001],[-109.2733,45.0001],[-109.2524,45.0001],[-109.2315,45.0001],[-109.2106,45.0001],[-109.1898,45.0],[-109.1689,45.0],[-109.148,45.0],[-109.1271,45.0],[-109.1062,45.0],[-109.0854,45.0],[-109.0821,44.9998],[-109.0628,44.9999],[-109.0418,44.9999],[-109.0207,44.9999],[-108.9997,44.9999],[-108.9787,44.9999],[-108.9577,44.9999],[-108.9366,44.9999],[-108.9156,44.9999],[-108.8946,44.9999],[-108.869,44.9999],[-108.8427,45.0],[-108.8164,45.0],[-108.7981,45.0001],[-108.7797,45.0001],[-108.7614,45.0001],[-108.743,45.0001],[-108.7247,45.0001],[-108.7063,45.0001],[-108.6879,45.0001],[-108.6696,45.0001],[-108.6512,45.0001],[-108.6329,45.0001],[-108.6145,45.0001],[-108.5962,45.0],[-108.5778,45.0],[-108.5595,45.0],[-108.5411,45.0],[-108.5227,45.0],[-108.5031,45.0],[-108.4835,45.0],[-108.4639,45.0],[-108.4442,45.0],[-108.4197,45.0],[-108.3952,45.0],[-108.3714,45.0],[-108.3427,45.0],[-108.3141,45.0],[-108.2854,45.0],[-108.2568,45.0],[-108.2498,44.9999],[-108.2498,44.9999],[-108.2449,45.0289],[-108.2401,45.0579],[-108.2312,45.068],[-108.2224,45.0782],[-108.2135,45.0884],[-108.2046,45.0985],[-108.1958,45.1087],[-108.1869,45.1189],[-108.178,45.129],[-108.1692,45.1392],[-108.1603,45.1494],[-108.1514,45.1595],[-108.1425,45.1697],[-108.1336,45.1799],[-108.1247,45.19],[-108.1159,45.2002],[-108.107,45.2104],[-108.0981,45.2205],[-108.1169,45.2205],[-108.1357,45.2204],[-108.1545,45.2204],[-108.1733,45.2203],[-108.1921,45.2203],[-108.2109,45.2202],[-108.2297,45.2201],[-108.2485,45.2201],[-108.2673,45.22],[-108.2861,45.2199],[-108.3049,45.2199],[-108.3237,45.2198],[-108.3425,45.2197],[-108.3613,45.2196],[-108.3801,45.2196],[-108.3989,45.2195],[-108.4177,45.2194],[-108.4365,45.2193],[-108.4553,45.2192],[-108.4741,45.2191],[-108.4929,45.219],[-108.5117,45.2189],[-108.5305,45.2188],[-108.5493,45.2187],[-108.5681,45.2186],[-108.5869,45.2185],[-108.6057,45.2183],[-108.6245,45.2182],[-108.6433,45.2181],[-108.6621,45.218],[-108.6809,45.2179],[-108.6997,45.2177],[-108.73,45.2141],[-108.7604,45.2104],[-108.7908,45.2067],[-108.8211,45.203]]]},"properties":{"OBJECTID":1065,"state":"Montana","agency":"Montana Fish Wildlife and Parks","unit_type":"HD","unit_id":"555","unit_name":"Absaroka","unit_label":"Montana HD 555 - Absaroka","aliases":"2025 | 555 | 555 absaroka | absaroka | hd | hd 555 | hd 555 absaroka | montana | montana 555 | montana 555 absaroka | montana fish wildlife and parks | montana fish wildlife and parks 555 | montana hd 555 | montana hd 555 absaroka","year":"2025","Shape_Length":248073.4756322437,"Shape_Area":2067325511.7732797}},{"type":"Feature","id":1066,"geometry":{"type":"Polygon","coordinates":[[[-112.0411,46.5482],[-112.0526,46.5619],[-112.0641,46.5757],[-112.0756,46.5895],[-112.0871,46.6033],[-112.1025,46.5971],[-112.1179,46.5909],[-112.1333,46.5848],[-112.1487,46.5786],[-112.1787,46.5798],[-112.2086,46.5809],[-112.2386,46.582],[-112.2686,46.5832],[-112.2888,46.5724],[-112.309,46.5616],[-112.309,46.5615],[-112.3014,46.5462],[-112.2938,46.531],[-112.2987,46.5027],[-112.3037,46.4744],[-112.3087,46.4461],[-112.3137,46.4178],[-112.2883,46.4176],[-112.2629,46.4173],[-112.2375,46.4171],[-112.2121,46.4169],[-112.2025,46.4039],[-112.193,46.3909],[-112.1834,46.3779],[-112.1739,46.3649],[-112.1643,46.3519],[-112.1548,46.3389],[-112.1452,46.3258],[-112.1357,46.3128],[-112.1195,46.3151],[-112.1032,46.3174],[-112.087,46.3197],[-112.0708,46.322],[-112.06,46.3299],[-112.0493,46.3379],[-112.0428,46.3506],[-112.0363,46.3633],[-112.0298,46.3759],[-112.0233,46.3886],[-112.0168,46.4012],[-112.0103,46.4139],[-112.0038,46.4266],[-111.9973,46.4392],[-111.9908,46.4519],[-111.9843,46.4646],[-111.9778,46.4772],[-111.9712,46.4899],[-111.9647,46.5026],[-111.9582,46.5153],[-111.9517,46.5279],[-111.9451,46.5406],[-111.9691,46.5425],[-111.9931,46.5444],[-112.0171,46.5463],[-112.0411,46.5482]]]},"properties":{"OBJECTID":1066,"state":"Montana","agency":"Montana Fish Wildlife and Parks","unit_type":"HD","unit_id":"335","unit_name":"Deer Lodge","unit_label":"Montana HD 335 - Deer Lodge","aliases":"2025 | 335 | 335 deer lodge | deer lodge | hd | hd 335 | hd 335 deer lodge | montana | montana 335 | montana 335 deer lodge | montana fish wildlife and parks | montana fish wildlife and parks 335 | montana hd 335 | montana hd 335 deer lodge","year":"2025","Shape_Length":101511.43662791725,"Shape_Area":557462133.7449971}},{"type":"Feature","id":1067,"geometry":{"type":"Polygon","coordinates":[[[-113.3627,45.7576],[-113.3722,45.769],[-113.3818,45.7803],[-113.3914,45.7916],[-113.401,45.8029],[-113.4106,45.8143],[-113.4201,45.8256],[-113.4297,45.8369],[-113.4393,45.8482],[-113.4489,45.8596],[-113.4585,45.8709],[-113.4681,45.8822],[-113.4777,45.8935],[-113.4873,45.9048],[-113.497,45.9162],[-113.5066,45.9275],[-113.5162,45.9388],[-113.5246,45.9085],[-113.533,45.8782],[-113.5478,45.8713],[-113.5626,45.8644],[-113.5774,45.8576],[-113.5922,45.8507],[-113.6186,45.8489],[-113.6451,45.8472],[-113.6715,45.8454],[-113.6979,45.8436],[-113.7145,45.832],[-113.731,45.8204],[-113.7475,45.8087],[-113.764,45.7971],[-113.7805,45.7855],[-113.797,45.7739],[-113.8135,45.7623],[-113.83,45.7507],[-113.8401,45.7584],[-113.8503,45.7662],[-113.8604,45.7739],[-113.8705,45.7816],[-113.879,45.7709],[-113.8874,45.7601],[-113.8959,45.7494],[-113.9044,45.7387],[-113.9128,45.728],[-113.9213,45.7172],[-113.9297,45.7065],[-113.9382,45.6958],[-113.9341,45.6923],[-113.9351,45.6888],[-113.9343,45.6835],[-113.9296,45.6713],[-113.9292,45.6707],[-113.9255,45.6682],[-113.9236,45.6672],[-113.9233,45.6658],[-113.9207,45.6638],[-113.9187,45.6578],[-113.9157,45.6569],[-113.9135,45.6545],[-113.9107,45.6531],[-113.9103,45.653],[-113.9034,45.6511],[-113.9014,45.649],[-113.9013,45.6486],[-113.8991,45.6473],[-113.8972,45.6466],[-113.8963,45.6452],[-113.8958,45.6447],[-113.8952,45.6433],[-113.8952,45.6431],[-113.8992,45.6404],[-113.9014,45.6384],[-113.9022,45.6353],[-113.9021,45.6347],[-113.902,45.6339],[-113.9014,45.6319],[-113.8996,45.6286],[-113.8996,45.6285],[-113.9007,45.628],[-113.9019,45.627],[-113.9025,45.6265],[-113.9041,45.6251],[-113.9047,45.6242],[-113.9049,45.6231],[-113.9051,45.6222],[-113.8999,45.6219],[-113.8985,45.6219],[-113.8964,45.6212],[-113.894,45.6205],[-113.8926,45.6197],[-113.892,45.6193],[-113.8897,45.6182],[-113.8873,45.6174],[-113.8841,45.6181],[-113.8827,45.6188],[-113.8827,45.6189],[-113.8801,45.6184],[-113.8744,45.62],[-113.8744,45.62],[-113.8649,45.6225],[-113.8643,45.6227],[-113.8636,45.6231],[-113.8633,45.6232],[-113.8611,45.6235],[-113.8603,45.6226],[-113.8575,45.6215],[-113.8568,45.6217],[-113.8541,45.6219],[-113.8537,45.6215],[-113.8519,45.6208],[-113.85,45.6204],[-113.8484,45.6192],[-113.8472,45.6165],[-113.8396,45.6111],[-113.8385,45.6106],[-113.8286,45.6127],[-113.8284,45.6128],[-113.8221,45.6114],[-113.8192,45.6088],[-113.8185,45.6081],[-113.8177,45.6077],[-113.8066,45.6017],[-113.8059,45.5988],[-113.8055,45.5962],[-113.8035,45.5923],[-113.8033,45.5921],[-113.7997,45.5883],[-113.7986,45.5856],[-113.798,45.5834],[-113.7976,45.5827],[-113.7969,45.5818],[-113.7972,45.5816],[-113.7995,45.5813],[-113.8025,45.5801],[-113.8037,45.5798],[-113.8067,45.5783],[-113.8076,45.5776],[-113.8092,45.5764],[-113.8101,45.5758],[-113.8119,45.574],[-113.8193,45.5668],[-113.8209,45.5661],[-113.818,45.5622],[-113.8179,45.5617],[-113.8176,45.5609],[-113.8175,45.5595],[-113.819,45.5556],[-113.8192,45.5543],[-113.8231,45.5465],[-113.8246,45.5451],[-113.829,45.5383],[-113.8294,45.5368],[-113.8288,45.532],[-113.8305,45.5301],[-113.8342,45.5216],[-113.8342,45.5215],[-113.8343,45.5213],[-113.8344,45.5212],[-113.8343,45.5205],[-113.8104,45.5199],[-113.8093,45.52],[-113.8074,45.5207],[-113.8053,45.5223],[-113.7942,45.5226],[-113.7925,45.5222],[-113.783,45.5221],[-113.7811,45.5223],[-113.7775,45.5233],[-113.7769,45.5233],[-113.7664,45.5204],[-113.77,45.5175],[-113.7701,45.5174],[-113.7703,45.5172],[-113.7709,45.5166],[-113.7716,45.5158],[-113.7726,45.5146],[-113.773,45.513],[-113.7701,45.512],[-113.7696,45.5109],[-113.7698,45.5098],[-113.7707,45.5063],[-113.7694,45.5044],[-113.7649,45.4995],[-113.7648,45.499],[-113.7615,45.4795],[-113.7628,45.4787],[-113.7743,45.4648],[-113.7743,45.4647],[-113.7745,45.4638],[-113.7749,45.4628],[-113.7833,45.4517],[-113.7823,45.4513],[-113.7752,45.4399],[-113.7757,45.4386],[-113.7754,45.4333],[-113.7754,45.4333],[-113.7729,45.4316],[-113.7721,45.4316],[-113.762,45.4239],[-113.7638,45.4227],[-113.7665,45.4214],[-113.7714,45.4203],[-113.7755,45.4179],[-113.7769,45.4169],[-113.7772,45.4155],[-113.7763,45.4136],[-113.776,45.4126],[-113.7757,45.4109],[-113.7758,45.41],[-113.7762,45.4088],[-113.7762,45.4086],[-113.7762,45.4086],[-113.7549,45.4036],[-113.7537,45.4031],[-113.7518,45.4029],[-113.7507,45.4029],[-113.7499,45.4028],[-113.7489,45.4025],[-113.7483,45.4013],[-113.7472,45.3998],[-113.7388,45.3944],[-113.7386,45.3944],[-113.7325,45.3853],[-113.7326,45.3842],[-113.7374,45.3695],[-113.738,45.3692],[-113.7352,45.3646],[-113.7336,45.3642],[-113.7316,45.3585],[-113.7312,45.3575],[-113.7357,45.3477],[-113.7372,45.3471],[-113.7394,45.3424],[-113.7395,45.3421],[-113.732,45.3309],[-113.7246,45.3197],[-113.7239,45.3194],[-113.7172,45.312],[-113.717,45.3119],[-113.7132,45.3068],[-113.7133,45.3064],[-113.7132,45.3044],[-113.7128,45.3039],[-113.7127,45.3038],[-113.7126,45.3037],[-113.7076,45.3001],[-113.7062,45.2998],[-113.7045,45.2993],[-113.7036,45.2987],[-113.7029,45.296],[-113.7027,45.2954],[-113.702,45.2945],[-113.7018,45.2943],[-113.6876,45.2862],[-113.6868,45.2855],[-113.6863,45.2845],[-113.6861,45.2843],[-113.6822,45.2808],[-113.6818,45.2802],[-113.6806,45.2791],[-113.6805,45.2786],[-113.6804,45.2782],[-113.6801,45.2772],[-113.68,45.2749],[-113.6809,45.2742],[-113.6838,45.273],[-113.6872,45.2731],[-113.6883,45.2732],[-113.689,45.2733],[-113.69,45.2732],[-113.6908,45.2729],[-113.691,45.2729],[-113.692,45.2725],[-113.692,45.2724],[-113.692,45.2724],[-113.6917,45.272],[-113.6919,45.2658],[-113.6926,45.2646],[-113.6788,45.2497],[-113.6772,45.2493],[-113.6745,45.2493],[-113.6715,45.2482],[-113.67,45.2473],[-113.6699,45.2473],[-113.667,45.247],[-113.6666,45.2469],[-113.6629,45.2436],[-113.6603,45.2431],[-113.6583,45.2418],[-113.6583,45.2418],[-113.656,45.2404],[-113.6555,45.2401],[-113.6528,45.2373],[-113.6526,45.2371],[-113.6516,45.2356],[-113.6506,45.2351],[-113.6496,45.2345],[-113.6493,45.2341],[-113.6487,45.2318],[-113.6486,45.2313],[-113.6481,45.2303],[-113.6478,45.2296],[-113.6478,45.2286],[-113.6478,45.2279],[-113.6478,45.227],[-113.6466,45.2248],[-113.6466,45.2248],[-113.6459,45.2243],[-113.6434,45.2217],[-113.6425,45.2209],[-113.6389,45.2186],[-113.6381,45.2178],[-113.6371,45.2138],[-113.6367,45.2122],[-113.6316,45.2104],[-113.6308,45.2094],[-113.6242,45.2063],[-113.6238,45.2061],[-113.6231,45.2056],[-113.6229,45.2056],[-113.6229,45.2055],[-113.6194,45.203],[-113.6184,45.2027],[-113.616,45.1999],[-113.6153,45.1987],[-113.615,45.1985],[-113.6117,45.1973],[-113.6092,45.196],[-113.6088,45.1956],[-113.6046,45.1922],[-113.6002,45.1921],[-113.5996,45.1914],[-113.5991,45.1897],[-113.5976,45.1873],[-113.5976,45.1868],[-113.5947,45.1851],[-113.5926,45.1847],[-113.5919,45.1728],[-113.5921,45.172],[-113.5924,45.1713],[-113.5941,45.1693],[-113.594,45.1655],[-113.5931,45.164],[-113.5919,45.1625],[-113.5904,45.1603],[-113.5904,45.159],[-113.5675,45.1492],[-113.5657,45.1497],[-113.5508,45.1537],[-113.5358,45.1577],[-113.5209,45.1616],[-113.5059,45.1656],[-113.5009,45.1846],[-113.4959,45.2035],[-113.4909,45.2224],[-113.4858,45.2414],[-113.4636,45.2495],[-113.4414,45.2575],[-113.4441,45.2854],[-113.4468,45.3133],[-113.4371,45.3239],[-113.4273,45.3344],[-113.4175,45.345],[-113.4078,45.3556],[-113.414,45.3673],[-113.4202,45.379],[-113.4264,45.3907],[-113.4327,45.4024],[-113.4389,45.4141],[-113.4451,45.4258],[-113.4514,45.4375],[-113.4576,45.4492],[-113.459,45.5153],[-113.4604,45.5814],[-113.4545,45.606],[-113.4486,45.6305],[-113.4428,45.6551],[-113.4369,45.6797],[-113.4276,45.6894],[-113.4184,45.6992],[-113.4091,45.7089],[-113.3998,45.7187],[-113.3905,45.7284],[-113.3812,45.7381],[-113.372,45.7479],[-113.3627,45.7576]]]},"properties":{"OBJECTID":1067,"state":"Montana","agency":"Montana Fish Wildlife and Parks","unit_type":"HD","unit_id":"321","unit_name":"West Big Hole","unit_label":"Montana HD 321 - West Big Hole","aliases":"2025 | 321 | 321 west big hole | hd | hd 321 | hd 321 west big hole | montana | montana 321 | montana 321 west big hole | montana fish wildlife and parks | montana fish wildlife and parks 321 | montana hd 321 | montana hd 321 west big hole | west big hol","year":"2025","Shape_Length":239108.27888784345,"Shape_Area":2039063425.422306}},{"type":"Feature","id":1068,"geometry":{"type":"Polygon","coordinates":[[[-108.8033,47.0406],[-108.8038,47.1956],[-108.8043,47.3506],[-108.8343,47.346],[-108.8643,47.3413],[-108.8943,47.3367],[-108.9243,47.332],[-108.9485,47.3314],[-108.9726,47.3308],[-108.9967,47.3301],[-109.0208,47.3295],[-109.045,47.3288],[-109.0691,47.3282],[-109.0932,47.3275],[-109.1173,47.3269],[-109.1357,47.3195],[-109.1541,47.3122],[-109.1724,47.3048],[-109.1908,47.2974],[-109.2091,47.2901],[-109.2274,47.2827],[-109.2458,47.2753],[-109.2641,47.268],[-109.2882,47.265],[-109.3122,47.262],[-109.3363,47.259],[-109.3604,47.2559],[-109.3605,47.2985],[-109.3747,47.3051],[-109.3888,47.3118],[-109.403,47.3184],[-109.4172,47.325],[-109.4313,47.3316],[-109.4455,47.3383],[-109.4597,47.3449],[-109.4739,47.3515],[-109.5024,47.3504],[-109.5309,47.3493],[-109.5405,47.3217],[-109.5501,47.2942],[-109.5596,47.2666],[-109.5692,47.2391],[-109.588,47.2434],[-109.6068,47.2476],[-109.6256,47.2518],[-109.6444,47.2561],[-109.6632,47.2603],[-109.682,47.2645],[-109.7008,47.2688],[-109.7196,47.273],[-109.7094,47.265],[-109.6991,47.257],[-109.6889,47.2489],[-109.6786,47.2409],[-109.6684,47.2329],[-109.6581,47.2249],[-109.6479,47.2169],[-109.6377,47.2088],[-109.6449,47.1886],[-109.6522,47.1684],[-109.6595,47.1482],[-109.6667,47.1279],[-109.6442,47.1266],[-109.6218,47.1252],[-109.5993,47.1238],[-109.5768,47.1224],[-109.5543,47.121],[-109.5318,47.1196],[-109.5093,47.1182],[-109.4868,47.1168],[-109.4711,47.1043],[-109.4554,47.0919],[-109.4396,47.0794],[-109.4239,47.0669],[-109.3982,47.0666],[-109.3725,47.0664],[-109.3468,47.0661],[-109.3212,47.0658],[-109.2955,47.0656],[-109.2698,47.0653],[-109.2441,47.065],[-109.2184,47.0647],[-109.1927,47.0644],[-109.167,47.0641],[-109.1413,47.0638],[-109.1156,47.0635],[-109.0899,47.0631],[-109.0642,47.0628],[-109.0385,47.0625],[-109.0128,47.0622],[-108.9866,47.0595],[-108.9604,47.0568],[-108.9342,47.0541],[-108.9081,47.0514],[-108.8819,47.0487],[-108.8557,47.046],[-108.8295,47.0433],[-108.8033,47.0406]]]},"properties":{"OBJECTID":1068,"state":"Montana","agency":"Montana Fish Wildlife and Parks","unit_type":"HD","unit_id":"412","unit_name":"Snowy","unit_label":"Montana HD 412 - Snowy","aliases":"2025 | 412 | 412 snowy | hd | hd 412 | hd 412 snowy | montana | montana 412 | montana 412 snowy | montana fish wildlife and parks | montana fish wildlife and parks 412 | montana hd 412 | montana hd 412 snowy | snowy","year":"2025","Shape_Length":210041.1013257064,"Shape_Area":1687387785.035868}},{"type":"Feature","id":1069,"geometry":{"type":"Polygon","coordinates":[[[-107.3439,48.4564],[-107.3634,48.4588],[-107.3828,48.4611],[-107.4023,48.4635],[-107.4218,48.4658],[-107.4413,48.4682],[-107.4608,48.4705],[-107.4803,48.4728],[-107.4998,48.4752],[-107.5239,48.4724],[-107.5479,48.4696],[-107.572,48.4668],[-107.5961,48.464],[-107.6201,48.4611],[-107.6442,48.4583],[-107.6683,48.4555],[-107.6923,48.4527],[-107.7048,48.4431],[-107.7172,48.4335],[-107.7296,48.4239],[-107.742,48.4143],[-107.7544,48.4047],[-107.7668,48.3951],[-107.7792,48.3855],[-107.7916,48.3759],[-107.8096,48.3746],[-107.8277,48.3732],[-107.8457,48.3719],[-107.8638,48.3705],[-107.8818,48.3692],[-107.8999,48.3678],[-107.9179,48.3665],[-107.936,48.3651],[-107.9583,48.3675],[-107.9806,48.3698],[-108.003,48.3722],[-108.0253,48.3745],[-108.0477,48.3769],[-108.07,48.3792],[-108.0924,48.3816],[-108.1147,48.3839],[-108.1371,48.3862],[-108.1594,48.3886],[-108.1818,48.3909],[-108.2042,48.3932],[-108.2265,48.3955],[-108.2489,48.3978],[-108.2712,48.4002],[-108.2936,48.4025],[-108.2822,48.3787],[-108.2874,48.348],[-108.2926,48.3174],[-108.2978,48.2867],[-108.303,48.2561],[-108.3082,48.2254],[-108.3134,48.1948],[-108.3186,48.1642],[-108.3237,48.1335],[-108.3289,48.1029],[-108.3341,48.0723],[-108.3392,48.0416],[-108.3444,48.011],[-108.3495,47.9804],[-108.3547,47.9498],[-108.3598,47.9192],[-108.365,47.8886],[-108.3839,47.8872],[-108.4028,47.8859],[-108.4145,47.8781],[-108.4263,47.8703],[-108.438,47.8624],[-108.4497,47.8546],[-108.4615,47.8468],[-108.4732,47.839],[-108.4849,47.8311],[-108.4967,47.8233],[-108.4857,47.8126],[-108.4747,47.802],[-108.4479,47.8],[-108.4212,47.798],[-108.3944,47.796],[-108.3677,47.794],[-108.341,47.792],[-108.3142,47.7899],[-108.2875,47.7879],[-108.2607,47.7859],[-108.2478,47.8006],[-108.2349,47.8153],[-108.2059,47.816],[-108.177,47.8167],[-108.148,47.8173],[-108.119,47.818],[-108.0901,47.8186],[-108.0611,47.8193],[-108.0321,47.8199],[-108.0032,47.8206],[-108.0016,47.8704],[-107.9759,47.8691],[-107.9502,47.8679],[-107.9245,47.8666],[-107.8988,47.8654],[-107.8731,47.8642],[-107.8474,47.8629],[-107.8217,47.8616],[-107.7961,47.8604],[-107.785,47.8523],[-107.7739,47.8443],[-107.7628,47.8362],[-107.7517,47.8281],[-107.7361,47.8324],[-107.7205,47.8366],[-107.7048,47.8409],[-107.6892,47.8451],[-107.6816,47.878],[-107.674,47.911],[-107.6599,47.9245],[-107.6458,47.938],[-107.6317,47.9515],[-107.6176,47.965],[-107.6034,47.9785],[-107.5893,47.992],[-107.5752,48.0055],[-107.561,48.019],[-107.5551,47.9934],[-107.5331,47.9898],[-107.511,47.9861],[-107.489,47.9825],[-107.467,47.9788],[-107.4449,47.9751],[-107.4229,47.9715],[-107.4009,47.9678],[-107.3789,47.9641],[-107.3713,47.9954],[-107.3638,48.0266],[-107.3562,48.0579],[-107.3486,48.0891],[-107.34,48.0997],[-107.3313,48.1103],[-107.3226,48.1209],[-107.3139,48.1315],[-107.3053,48.1421],[-107.2966,48.1527],[-107.2879,48.1633],[-107.2792,48.1739],[-107.2756,48.1967],[-107.272,48.2194],[-107.2684,48.2421],[-107.2649,48.2649],[-107.2734,48.2816],[-107.2819,48.2983],[-107.2904,48.3151],[-107.2989,48.3318],[-107.3013,48.4073],[-107.312,48.4196],[-107.3226,48.4319],[-107.3332,48.4441],[-107.3439,48.4564]]]},"properties":{"OBJECTID":1069,"state":"Montana","agency":"Montana Fish Wildlife and Parks","unit_type":"HD","unit_id":"620","unit_name":"Missouri Rivers Breaks","unit_label":"Montana HD 620 - Missouri Rivers Breaks","aliases":"2025 | 620 | 620 missouri rivers breaks | hd | hd 620 | hd 620 missouri rivers breaks | missouri rivers breaks | montana | montana 620 | montana 620 missouri rivers breaks | montana fish wildlife and parks | montana fish wildlife and parks 620 | montana","year":"2025","Shape_Length":312525.14115205425,"Shape_Area":4543387627.226204}},{"type":"Feature","id":1070,"geometry":{"type":"Polygon","coordinates":[[[-112.9091,47.3399],[-112.9323,47.3433],[-112.9438,47.3333],[-112.9553,47.3233],[-112.9668,47.3133],[-112.9782,47.3033],[-112.9897,47.2933],[-113.0012,47.2833],[-113.0126,47.2732],[-113.0241,47.2632],[-113.0417,47.2593],[-113.0593,47.2554],[-113.0769,47.2515],[-113.0945,47.2476],[-113.1071,47.2641],[-113.1197,47.2806],[-113.1323,47.2971],[-113.1449,47.3136],[-113.1709,47.3119],[-113.1968,47.3103],[-113.2228,47.3087],[-113.2487,47.3071],[-113.2513,47.2555],[-113.2266,47.2505],[-113.2019,47.2454],[-113.1772,47.2404],[-113.1526,47.2354],[-113.1511,47.1894],[-113.1497,47.1436],[-113.1263,47.1552],[-113.103,47.1668],[-113.0797,47.1785],[-113.0563,47.1901],[-113.043,47.1765],[-113.0298,47.163],[-113.0166,47.1494],[-113.0033,47.1358],[-112.9871,47.1392],[-112.971,47.1426],[-112.9548,47.146],[-112.9386,47.1494],[-112.9245,47.1396],[-112.9105,47.1298],[-112.8964,47.12],[-112.8824,47.1101],[-112.8684,47.1003],[-112.8543,47.0905],[-112.8403,47.0807],[-112.8263,47.0709],[-112.8097,47.0725],[-112.7931,47.0742],[-112.7765,47.0758],[-112.76,47.0774],[-112.7486,47.0975],[-112.7372,47.1176],[-112.7125,47.1253],[-112.6878,47.1331],[-112.663,47.1409],[-112.6383,47.1486],[-112.6217,47.1397],[-112.6052,47.1309],[-112.5886,47.122],[-112.5721,47.1131],[-112.5555,47.1276],[-112.5388,47.1422],[-112.5222,47.1567],[-112.5055,47.1712],[-112.528,47.1765],[-112.5504,47.1817],[-112.5728,47.187],[-112.5952,47.1922],[-112.6003,47.2106],[-112.6054,47.2291],[-112.6222,47.2302],[-112.639,47.2313],[-112.6558,47.2325],[-112.6726,47.2336],[-112.6894,47.2347],[-112.7062,47.2358],[-112.723,47.2369],[-112.7398,47.2381],[-112.7372,47.2634],[-112.7345,47.2888],[-112.7508,47.2913],[-112.7671,47.2937],[-112.7834,47.2962],[-112.7997,47.2987],[-112.816,47.3011],[-112.8323,47.3036],[-112.8486,47.306],[-112.865,47.3085],[-112.876,47.3164],[-112.887,47.3242],[-112.898,47.3321],[-112.9091,47.3399]]]},"properties":{"OBJECTID":1070,"state":"Montana","agency":"Montana Fish Wildlife and Parks","unit_type":"HD","unit_id":"280","unit_name":"Bob Marshall Wilderness Complex","unit_label":"Montana HD 280 - Bob Marshall Wilderness Complex","aliases":"2025 | 280 | 280 bob marshall wilderness complex | bob marshall wilderness complex | hd | hd 280 | hd 280 bob marshall wilderness complex | montana | montana 280 | montana 280 bob marshall wilderness complex | montana fish wildlife and parks | montana fi","year":"2025","Shape_Length":166959.0474848596,"Shape_Area":787676253.8644288}},{"type":"Feature","id":1071,"geometry":{"type":"Polygon","coordinates":[[[-113.1697,46.4203],[-113.186,46.4313],[-113.2023,46.4424],[-113.2187,46.4534],[-113.235,46.4644],[-113.2441,46.4559],[-113.2533,46.4473],[-113.2624,46.4388],[-113.2716,46.4302],[-113.2807,46.4216],[-113.2899,46.4131],[-113.299,46.4045],[-113.3081,46.3959],[-113.3073,46.3068],[-113.3135,46.2915],[-113.3197,46.2762],[-113.3259,46.2609],[-113.3321,46.2456],[-113.3154,46.2319],[-113.2987,46.2182],[-113.2821,46.2045],[-113.2654,46.1908],[-113.2503,46.2082],[-113.2353,46.2255],[-113.2202,46.2429],[-113.2051,46.2602],[-113.19,46.2776],[-113.1749,46.2949],[-113.1598,46.3123],[-113.1447,46.3296],[-113.1234,46.3351],[-113.1022,46.3407],[-113.081,46.3462],[-113.0598,46.3517],[-113.066,46.3641],[-113.0723,46.3764],[-113.0786,46.3888],[-113.0849,46.4012],[-113.0911,46.4135],[-113.0974,46.4259],[-113.1037,46.4382],[-113.11,46.4506],[-113.1249,46.443],[-113.1399,46.4354],[-113.1548,46.4279],[-113.1697,46.4203]]]},"properties":{"OBJECTID":1071,"state":"Montana","agency":"Montana Fish Wildlife and Parks","unit_type":"HD","unit_id":"212","unit_name":"Flint Creek","unit_label":"Montana HD 212 - Flint Creek","aliases":"2025 | 212 | 212 flint creek | flint creek | hd | hd 212 | hd 212 flint creek | montana | montana 212 | montana 212 flint creek | montana fish wildlife and parks | montana fish wildlife and parks 212 | montana hd 212 | montana hd 212 flint creek","year":"2025","Shape_Length":83707.43087035006,"Shape_Area":326461304.7080668}},{"type":"Feature","id":1072,"geometry":{"type":"Polygon","coordinates":[[[-115.1745,47.5712],[-115.1901,47.5733],[-115.2057,47.5755],[-115.2213,47.5776],[-115.2369,47.5798],[-115.2559,47.5835],[-115.2748,47.5872],[-115.2938,47.5909],[-115.3127,47.5946],[-115.3317,47.5983],[-115.3506,47.602],[-115.3696,47.6057],[-115.3886,47.6094],[-115.3937,47.6228],[-115.3989,47.6362],[-115.4041,47.6496],[-115.4092,47.6631],[-115.4239,47.6593],[-115.4385,47.6555],[-115.4532,47.6517],[-115.4678,47.648],[-115.4825,47.6442],[-115.4971,47.6404],[-115.5117,47.6366],[-115.5264,47.6328],[-115.5472,47.6308],[-115.568,47.6289],[-115.5888,47.6269],[-115.6097,47.6249],[-115.6305,47.6229],[-115.6513,47.6209],[-115.6721,47.6189],[-115.6929,47.6169],[-115.693,47.6169],[-115.6934,47.6164],[-115.6961,47.6025],[-115.696,47.6025],[-115.6941,47.6018],[-115.6935,47.6015],[-115.6925,47.5982],[-115.6883,47.5953],[-115.7045,47.5851],[-115.7049,47.5824],[-115.7169,47.5771],[-115.7177,47.577],[-115.7194,47.5768],[-115.72,47.5767],[-115.7212,47.5764],[-115.7224,47.5741],[-115.7369,47.5641],[-115.7513,47.5541],[-115.7515,47.5539],[-115.7529,47.5532],[-115.7545,47.5526],[-115.7555,47.5513],[-115.75,47.5413],[-115.7402,47.5385],[-115.736,47.5395],[-115.7209,47.5335],[-115.7159,47.5344],[-115.7125,47.5332],[-115.7066,47.535],[-115.698,47.5279],[-115.7102,47.5237],[-115.7083,47.5143],[-115.7081,47.5138],[-115.708,47.5135],[-115.7072,47.5123],[-115.7061,47.5112],[-115.6997,47.5032],[-115.6915,47.5014],[-115.69,47.5001],[-115.6894,47.499],[-115.6836,47.4841],[-115.6787,47.4863],[-115.6764,47.4864],[-115.6737,47.4864],[-115.669,47.4885],[-115.6684,47.4888],[-115.6597,47.4782],[-115.6589,47.4781],[-115.6571,47.4782],[-115.6571,47.4782],[-115.6545,47.4783],[-115.6526,47.478],[-115.6493,47.4778],[-115.6491,47.4778],[-115.6467,47.4785],[-115.6454,47.4795],[-115.6373,47.4808],[-115.6346,47.4817],[-115.6335,47.4812],[-115.6328,47.4809],[-115.6327,47.4809],[-115.6291,47.4798],[-115.6291,47.4797],[-115.6289,47.4796],[-115.6057,47.478],[-115.5826,47.4763],[-115.5595,47.4746],[-115.5364,47.4729],[-115.5132,47.4713],[-115.4901,47.4696],[-115.467,47.4679],[-115.4439,47.4662],[-115.4237,47.4688],[-115.4036,47.4714],[-115.3834,47.474],[-115.3632,47.4766],[-115.3431,47.4792],[-115.3229,47.4817],[-115.3027,47.4843],[-115.2825,47.4869],[-115.2669,47.4818],[-115.2513,47.4766],[-115.2357,47.4715],[-115.2201,47.4663],[-115.2045,47.4612],[-115.1889,47.456],[-115.1733,47.4509],[-115.1577,47.4457],[-115.1619,47.4771],[-115.1661,47.5084],[-115.1703,47.5398],[-115.1745,47.5712]]]},"properties":{"OBJECTID":1072,"state":"Montana","agency":"Montana Fish Wildlife and Parks","unit_type":"HD","unit_id":"123","unit_name":"Lower Clark Fork","unit_label":"Montana HD 123 - Lower Clark Fork","aliases":"123 | 123 lower clark fork | 2025 | hd | hd 123 | hd 123 lower clark fork | lower clark fork | montana | montana 123 | montana 123 lower clark fork | montana fish wildlife and parks | montana fish wildlife and parks 123 | montana hd 123 | montana hd 123","year":"2025","Shape_Length":123091.5367696884,"Shape_Area":642468936.8411481}},{"type":"Feature","id":1073,"geometry":{"type":"Polygon","coordinates":[[[-109.8583,45.8329],[-109.8787,45.8364],[-109.8991,45.8399],[-109.9195,45.8434],[-109.9399,45.8468],[-109.9656,45.8396],[-109.9914,45.8323],[-110.0171,45.825],[-110.0429,45.8177],[-110.0564,45.8017],[-110.07,45.7857],[-110.0965,45.778],[-110.1229,45.7704],[-110.1494,45.7628],[-110.1759,45.7552],[-110.1909,45.7517],[-110.206,45.7482],[-110.221,45.7448],[-110.236,45.7413],[-110.2436,45.7303],[-110.2511,45.7192],[-110.2587,45.7082],[-110.2662,45.6971],[-110.294,45.7008],[-110.3217,45.7044],[-110.3494,45.708],[-110.3772,45.7116],[-110.3751,45.6245],[-110.385,45.6089],[-110.3949,45.5933],[-110.4048,45.5778],[-110.4147,45.5622],[-110.4245,45.5466],[-110.4344,45.531],[-110.4443,45.5154],[-110.4541,45.4998],[-110.4573,45.47],[-110.4604,45.4402],[-110.4636,45.4104],[-110.4667,45.3807],[-110.441,45.3784],[-110.4153,45.3761],[-110.3896,45.3737],[-110.3639,45.3714],[-110.3427,45.3814],[-110.3215,45.3913],[-110.3206,45.447],[-110.2988,45.4526],[-110.277,45.4581],[-110.2552,45.4637],[-110.2334,45.4692],[-110.2178,45.4869],[-110.2022,45.5046],[-110.1878,45.4985],[-110.1735,45.4924],[-110.1592,45.4862],[-110.1449,45.4801],[-110.137,45.457],[-110.1291,45.4339],[-110.1338,45.4082],[-110.1384,45.3826],[-110.1431,45.3569],[-110.1477,45.3313],[-110.1361,45.3085],[-110.1244,45.2857],[-110.1127,45.263],[-110.1011,45.2402],[-110.1102,45.2295],[-110.1193,45.2188],[-110.102,45.2072],[-110.0847,45.1955],[-110.0675,45.1839],[-110.0502,45.1723],[-110.0203,45.1723],[-109.9903,45.1724],[-109.9603,45.1724],[-109.9303,45.1724],[-109.9003,45.1725],[-109.8704,45.1725],[-109.8404,45.1725],[-109.8104,45.1725],[-109.8056,45.1495],[-109.8008,45.1265],[-109.796,45.1035],[-109.7912,45.0805],[-109.7711,45.0828],[-109.751,45.0851],[-109.731,45.0874],[-109.7109,45.0897],[-109.6908,45.092],[-109.6707,45.0943],[-109.6506,45.0966],[-109.6305,45.0988],[-109.6119,45.0835],[-109.5932,45.0682],[-109.5746,45.0528],[-109.556,45.0375],[-109.5566,45.0029],[-109.5547,45.003],[-109.5547,45.003],[-109.5458,45.0],[-109.53,45.0],[-109.5142,45.0],[-109.4984,45.0],[-109.4826,45.0],[-109.4668,45.0],[-109.451,45.0],[-109.4352,45.0],[-109.4194,45.0],[-109.41,45.0051],[-109.4148,45.0259],[-109.4197,45.0467],[-109.4057,45.0538],[-109.3918,45.0609],[-109.3779,45.068],[-109.364,45.0752],[-109.35,45.0823],[-109.3361,45.0894],[-109.3222,45.0965],[-109.3082,45.1036],[-109.2937,45.1212],[-109.2792,45.1388],[-109.2647,45.1564],[-109.2502,45.1741],[-109.2468,45.1948],[-109.2604,45.2025],[-109.274,45.2102],[-109.2876,45.2179],[-109.3011,45.2256],[-109.3123,45.2417],[-109.3235,45.2577],[-109.3346,45.2738],[-109.3458,45.2899],[-109.3644,45.2962],[-109.3829,45.3026],[-109.4015,45.3089],[-109.4201,45.3153],[-109.4387,45.3216],[-109.4573,45.3279],[-109.4758,45.3343],[-109.4944,45.3406],[-109.489,45.3581],[-109.4835,45.3756],[-109.4781,45.3931],[-109.4726,45.4106],[-109.4672,45.4281],[-109.4617,45.4457],[-109.4562,45.4632],[-109.4507,45.4807],[-109.467,45.4735],[-109.4832,45.4664],[-109.4994,45.4593],[-109.5157,45.4521],[-109.5208,45.4134],[-109.5426,45.4037],[-109.5644,45.3939],[-109.5861,45.3842],[-109.6079,45.3745],[-109.6254,45.377],[-109.6428,45.3795],[-109.6603,45.382],[-109.6778,45.3846],[-109.6957,45.3967],[-109.7137,45.4089],[-109.7316,45.421],[-109.7496,45.4332],[-109.7735,45.4343],[-109.7975,45.4354],[-109.7846,45.4414],[-109.7718,45.4474],[-109.759,45.4534],[-109.7461,45.4594],[-109.7333,45.4654],[-109.7204,45.4713],[-109.7076,45.4773],[-109.6947,45.4833],[-109.6819,45.4893],[-109.669,45.4953],[-109.6562,45.5012],[-109.6433,45.5072],[-109.6305,45.5132],[-109.6176,45.5191],[-109.6047,45.5251],[-109.5919,45.5311],[-109.5997,45.5412],[-109.6075,45.5513],[-109.6281,45.5576],[-109.6487,45.5639],[-109.6693,45.5702],[-109.6899,45.5764],[-109.7105,45.5827],[-109.7311,45.589],[-109.7517,45.5953],[-109.7723,45.6016],[-109.7775,45.6454],[-109.7641,45.657],[-109.7506,45.6686],[-109.7372,45.6803],[-109.7237,45.6919],[-109.7102,45.7035],[-109.6967,45.7151],[-109.6833,45.7267],[-109.6698,45.7383],[-109.6884,45.7375],[-109.7071,45.7366],[-109.7257,45.7358],[-109.7444,45.7349],[-109.7586,45.7472],[-109.7729,45.7594],[-109.7871,45.7717],[-109.8013,45.7839],[-109.8156,45.7962],[-109.8298,45.8084],[-109.8441,45.8206],[-109.8583,45.8329]]]},"properties":{"OBJECTID":1073,"state":"Montana","agency":"Montana Fish Wildlife and Parks","unit_type":"HD","unit_id":"525","unit_name":"Absaroka","unit_label":"Montana HD 525 - Absaroka","aliases":"2025 | 525 | 525 absaroka | absaroka | hd | hd 525 | hd 525 absaroka | montana | montana 525 | montana 525 absaroka | montana fish wildlife and parks | montana fish wildlife and parks 525 | montana hd 525 | montana hd 525 absaroka","year":"2025","Shape_Length":404010.6100038651,"Shape_Area":4192498677.996056}},{"type":"Feature","id":1074,"geometry":{"type":"Polygon","coordinates":[[[-112.9499,44.9758],[-112.9698,44.98],[-112.9897,44.9843],[-113.0096,44.9886],[-113.0295,44.9929],[-113.0494,44.9971],[-113.0693,45.0014],[-113.0892,45.0056],[-113.1091,45.0099],[-113.125,45.0074],[-113.1408,45.0049],[-113.1567,45.0023],[-113.1725,44.9998],[-113.1883,44.9973],[-113.2042,44.9947],[-113.22,44.9922],[-113.2358,44.9897],[-113.2455,44.9737],[-113.2551,44.9578],[-113.2647,44.9418],[-113.2743,44.9258],[-113.2727,44.8144],[-113.2722,44.8144],[-113.2562,44.8155],[-113.2403,44.8166],[-113.2391,44.8144],[-113.2245,44.8081],[-113.2099,44.8018],[-113.1953,44.7954],[-113.1807,44.7891],[-113.1796,44.7875],[-113.172,44.7841],[-113.172,44.7841],[-113.1517,44.7745],[-113.1313,44.7649],[-113.1376,44.7602],[-113.1377,44.76],[-113.1377,44.7597],[-113.1375,44.7593],[-113.1373,44.7589],[-113.1353,44.7565],[-113.1349,44.7543],[-113.1349,44.7543],[-113.135,44.7534],[-113.1318,44.7505],[-113.1304,44.7499],[-113.1162,44.7387],[-113.1021,44.7275],[-113.1015,44.7222],[-113.0908,44.7054],[-113.0801,44.6885],[-113.0823,44.6839],[-113.0684,44.6796],[-113.0678,44.6794],[-113.0678,44.6732],[-113.07,44.6687],[-113.0639,44.6524],[-113.0653,44.6501],[-113.0511,44.6356],[-113.0511,44.6266],[-113.0529,44.6232],[-113.0701,44.6114],[-113.0874,44.5997],[-113.0755,44.5931],[-113.0637,44.5865],[-113.0665,44.5807],[-113.0513,44.571],[-113.036,44.5613],[-113.0469,44.5491],[-113.027,44.5375],[-113.0071,44.5259],[-113.007,44.5257],[-113.0055,44.5194],[-113.0151,44.5158],[-113.0264,44.4946],[-113.0254,44.4931],[-113.0232,44.4889],[-113.0231,44.4887],[-113.0214,44.486],[-113.0203,44.4848],[-113.0159,44.4806],[-113.0139,44.4793],[-113.0117,44.476],[-113.0115,44.4761],[-113.0046,44.4912],[-112.9977,44.5064],[-112.9738,44.5145],[-112.9498,44.5226],[-112.9259,44.5308],[-112.9019,44.5389],[-112.8757,44.54],[-112.8496,44.5412],[-112.8234,44.5423],[-112.7972,44.5434],[-112.7987,44.5892],[-112.8001,44.6349],[-112.7858,44.644],[-112.7714,44.6531],[-112.7571,44.6622],[-112.7427,44.6713],[-112.7284,44.6804],[-112.714,44.6894],[-112.6996,44.6985],[-112.6852,44.7076],[-112.6943,44.7165],[-112.7033,44.7255],[-112.7175,44.7452],[-112.7316,44.765],[-112.7458,44.7847],[-112.7599,44.8045],[-112.7741,44.8242],[-112.7883,44.844],[-112.8025,44.8637],[-112.8167,44.8834],[-112.8259,44.9121],[-112.8352,44.9408],[-112.8445,44.9695],[-112.8538,44.9983],[-112.8778,44.9926],[-112.9018,44.987],[-112.9259,44.9814],[-112.9499,44.9758]]]},"properties":{"OBJECTID":1074,"state":"Montana","agency":"Montana Fish Wildlife and Parks","unit_type":"HD","unit_id":"302","unit_name":"Tendoy","unit_label":"Montana HD 302 - Tendoy","aliases":"2025 | 302 | 302 tendoy | hd | hd 302 | hd 302 tendoy | montana | montana 302 | montana 302 tendoy | montana fish wildlife and parks | montana fish wildlife and parks 302 | montana hd 302 | montana hd 302 tendoy | tendoy","year":"2025","Shape_Length":183366.2952583911,"Shape_Area":1548922732.268132}},{"type":"Feature","id":1075,"geometry":{"type":"Polygon","coordinates":[[[-109.0128,47.0622],[-109.0385,47.0625],[-109.0642,47.0628],[-109.0899,47.0631],[-109.1156,47.0635],[-109.1413,47.0638],[-109.167,47.0641],[-109.1927,47.0644],[-109.2184,47.0647],[-109.2441,47.065],[-109.2698,47.0653],[-109.2955,47.0656],[-109.3212,47.0658],[-109.3468,47.0661],[-109.3725,47.0664],[-109.3982,47.0666],[-109.4239,47.0669],[-109.4395,47.0655],[-109.4551,47.0641],[-109.4707,47.0626],[-109.4863,47.0612],[-109.5019,47.0598],[-109.5175,47.0583],[-109.5331,47.0569],[-109.5487,47.0555],[-109.5655,47.0466],[-109.5822,47.0377],[-109.599,47.0288],[-109.6157,47.02],[-109.6324,47.0111],[-109.6491,47.0022],[-109.6658,46.9933],[-109.6826,46.9845],[-109.7139,46.9837],[-109.7453,46.983],[-109.7505,46.9646],[-109.7557,46.9461],[-109.7609,46.9276],[-109.766,46.9092],[-109.7623,46.8697],[-109.7586,46.8303],[-109.7549,46.7908],[-109.7512,46.7514],[-109.7243,46.7537],[-109.6973,46.756],[-109.6703,46.7583],[-109.6433,46.7607],[-109.6311,46.7693],[-109.6188,46.7779],[-109.6066,46.7865],[-109.5943,46.7952],[-109.5745,46.7879],[-109.5546,46.7806],[-109.5347,46.7733],[-109.5148,46.766],[-109.492,46.7658],[-109.4692,46.7655],[-109.4464,46.7653],[-109.4236,46.765],[-109.4008,46.7648],[-109.378,46.7645],[-109.3552,46.7642],[-109.3324,46.764],[-109.3198,46.7546],[-109.3072,46.7451],[-109.2946,46.7357],[-109.2821,46.7263],[-109.2591,46.7273],[-109.2361,46.7284],[-109.2131,46.7295],[-109.1902,46.7306],[-109.1783,46.7499],[-109.1664,46.7691],[-109.1545,46.7884],[-109.1425,46.8077],[-109.1247,46.8084],[-109.1068,46.809],[-109.0889,46.8096],[-109.071,46.8103],[-109.0531,46.8109],[-109.0352,46.8115],[-109.0173,46.8122],[-108.9994,46.8128],[-108.9751,46.8213],[-108.9509,46.8298],[-108.9266,46.8384],[-108.9023,46.8469],[-108.8908,46.8403],[-108.8794,46.8337],[-108.8679,46.8271],[-108.8564,46.8205],[-108.8449,46.8139],[-108.8334,46.8073],[-108.822,46.8007],[-108.8105,46.7941],[-108.7839,46.7881],[-108.7572,46.7821],[-108.7306,46.776],[-108.704,46.77],[-108.6799,46.7745],[-108.6558,46.7789],[-108.6316,46.7834],[-108.6075,46.7878],[-108.604,46.7617],[-108.6005,46.7356],[-108.5891,46.7421],[-108.5777,46.7485],[-108.5663,46.7549],[-108.5549,46.7613],[-108.5434,46.7677],[-108.532,46.7741],[-108.5206,46.7805],[-108.5091,46.7869],[-108.4977,46.7933],[-108.4863,46.7998],[-108.4748,46.8062],[-108.4634,46.8126],[-108.4519,46.819],[-108.4405,46.8254],[-108.429,46.8318],[-108.4176,46.8382],[-108.4036,46.853],[-108.3896,46.8679],[-108.3756,46.8828],[-108.3616,46.8976],[-108.3591,46.9262],[-108.3567,46.9549],[-108.3542,46.9835],[-108.3518,47.0121],[-108.3769,47.012],[-108.402,47.012],[-108.4272,47.0119],[-108.4523,47.0119],[-108.4798,47.0172],[-108.5072,47.0225],[-108.5346,47.0278],[-108.5621,47.0331],[-108.5895,47.0384],[-108.617,47.0437],[-108.6444,47.049],[-108.6719,47.0542],[-108.696,47.056],[-108.7202,47.0578],[-108.7443,47.0596],[-108.7684,47.0613],[-108.7859,47.051],[-108.8033,47.0406],[-108.8295,47.0433],[-108.8557,47.046],[-108.8819,47.0487],[-108.9081,47.0514],[-108.9342,47.0541],[-108.9604,47.0568],[-108.9866,47.0595],[-109.0128,47.0622]]]},"properties":{"OBJECTID":1075,"state":"Montana","agency":"Montana Fish Wildlife and Parks","unit_type":"HD","unit_id":"411","unit_name":"Snowy","unit_label":"Montana HD 411 - Snowy","aliases":"2025 | 411 | 411 snowy | hd | hd 411 | hd 411 snowy | montana | montana 411 | montana 411 snowy | montana fish wildlife and parks | montana fish wildlife and parks 411 | montana hd 411 | montana hd 411 snowy | snowy","year":"2025","Shape_Length":282443.5167261313,"Shape_Area":3076954075.237347}},{"type":"Feature","id":1076,"geometry":{"type":"Polygon","coordinates":[[[-111.3676,46.2733],[-111.3971,46.2708],[-111.4266,46.2682],[-111.4562,46.2656],[-111.4857,46.263],[-111.4896,46.2335],[-111.4935,46.2041],[-111.4819,46.196],[-111.4704,46.188],[-111.4588,46.1799],[-111.4472,46.1719],[-111.4619,46.1571],[-111.4765,46.1423],[-111.4911,46.1276],[-111.5057,46.1128],[-111.5204,46.098],[-111.535,46.0833],[-111.5496,46.0685],[-111.5642,46.0537],[-111.5683,46.0368],[-111.5725,46.0199],[-111.5766,46.0029],[-111.5808,45.986],[-111.5849,45.969],[-111.5891,45.9521],[-111.5932,45.9351],[-111.5974,45.9182],[-111.5724,45.914],[-111.5474,45.9098],[-111.5321,45.9203],[-111.5168,45.9307],[-111.5014,45.9412],[-111.4861,45.9517],[-111.4708,45.9621],[-111.4554,45.9726],[-111.4401,45.983],[-111.4247,45.9935],[-111.4183,46.0215],[-111.4118,46.0496],[-111.4053,46.0776],[-111.3988,46.1057],[-111.3775,46.1132],[-111.3563,46.1206],[-111.335,46.1281],[-111.3137,46.1355],[-111.2955,46.1322],[-111.2772,46.129],[-111.259,46.1257],[-111.2408,46.1224],[-111.2226,46.1191],[-111.2044,46.1158],[-111.1862,46.1125],[-111.1679,46.1092],[-111.1535,46.114],[-111.139,46.1188],[-111.1245,46.1237],[-111.11,46.1285],[-111.0863,46.1265],[-111.0625,46.1246],[-111.0388,46.1226],[-111.015,46.1206],[-110.9913,46.1187],[-110.9675,46.1167],[-110.9438,46.1147],[-110.9201,46.1127],[-110.9014,46.1233],[-110.8826,46.1338],[-110.8758,46.1576],[-110.8689,46.1814],[-110.8621,46.2053],[-110.8552,46.2291],[-110.8423,46.2398],[-110.8294,46.2504],[-110.8165,46.2611],[-110.8035,46.2717],[-110.8041,46.274],[-110.8203,46.269],[-110.8365,46.2639],[-110.8526,46.2588],[-110.8688,46.2538],[-110.885,46.2487],[-110.9011,46.2437],[-110.9173,46.2386],[-110.9334,46.2335],[-110.9496,46.2284],[-110.9657,46.2234],[-110.9819,46.2183],[-110.998,46.2132],[-111.0142,46.2081],[-111.0303,46.2031],[-111.0464,46.198],[-111.0626,46.1929],[-111.0728,46.2139],[-111.083,46.2348],[-111.1039,46.2316],[-111.1247,46.2285],[-111.1455,46.2253],[-111.1664,46.2221],[-111.1915,46.2285],[-111.2166,46.2349],[-111.2418,46.2413],[-111.2669,46.2478],[-111.2921,46.2542],[-111.3172,46.2606],[-111.3424,46.267],[-111.3676,46.2733]]]},"properties":{"OBJECTID":1076,"state":"Montana","agency":"Montana Fish Wildlife and Parks","unit_type":"HD","unit_id":"390","unit_name":"Bridger","unit_label":"Montana HD 390 - Bridger","aliases":"2025 | 390 | 390 bridger | bridger | hd | hd 390 | hd 390 bridger | montana | montana 390 | montana 390 bridger | montana fish wildlife and parks | montana fish wildlife and parks 390 | montana hd 390 | montana hd 390 bridger","year":"2025","Shape_Length":191665.1453032343,"Shape_Area":857262946.7182482}}]}