{"type":"FeatureCollection","features":[{"type":"Feature","id":676,"geometry":{"type":"Polygon","coordinates":[[[-97.557,49.0006],[-97.5822,49.0006],[-97.6075,49.0007],[-97.6327,49.0007],[-97.658,49.0008],[-97.6832,49.0008],[-97.7085,49.0009],[-97.7337,49.0009],[-97.759,49.0009],[-97.7842,49.0009],[-97.8095,49.001],[-97.8347,49.001],[-97.86,49.001],[-97.8852,49.001],[-97.9105,49.001],[-97.9357,49.001],[-97.961,49.001],[-97.9862,49.001],[-98.0115,49.001],[-98.0367,49.0009],[-98.062,49.0009],[-98.0872,49.0009],[-98.1125,49.0008],[-98.1377,49.0008],[-98.163,49.0008],[-98.1882,49.0007],[-98.2135,49.0007],[-98.2387,49.0006],[-98.264,49.0005],[-98.2892,49.0005],[-98.3145,49.0004],[-98.3397,49.0003],[-98.365,49.0002],[-98.3642,48.9078],[-98.3634,48.8154],[-98.3626,48.723],[-98.3619,48.6306],[-98.3306,48.6306],[-98.2994,48.6306],[-98.2682,48.6306],[-98.2369,48.6306],[-98.2057,48.6306],[-98.1745,48.6306],[-98.1433,48.6306],[-98.112,48.6305],[-98.0808,48.6305],[-98.0496,48.6305],[-98.0183,48.6304],[-97.9871,48.6303],[-97.9559,48.6303],[-97.9247,48.6302],[-97.8934,48.6301],[-97.8622,48.63],[-97.8622,48.601],[-97.8323,48.6011],[-97.8024,48.6011],[-97.7725,48.6011],[-97.7426,48.6012],[-97.7127,48.6012],[-97.6828,48.6012],[-97.6529,48.6012],[-97.623,48.6012],[-97.6224,48.8015],[-97.6059,48.8023],[-97.5895,48.8031],[-97.5731,48.8039],[-97.5566,48.8046],[-97.557,49.0006]]]},"properties":{"OBJECTID":676,"state":"North Dakota","agency":"North Dakota Game and Fish","unit_type":"Deer","unit_id":"2D","unit_name":"Red River","unit_label":"North Dakota Deer 2D - Red River","aliases":"2025 | 2d | 2d red river | deer | deer 2d | deer 2d red river | north dakota | north dakota 2d | north dakota 2d red river | north dakota deer 2d | north dakota deer 2d red river | north dakota game and fish | north dakota game and fish 2d | red river","year":"2025","Shape_Length":207196.54815802042,"Shape_Area":2404082038.8833857}},{"type":"Feature","id":677,"geometry":{"type":"Polygon","coordinates":[[[-97.2289,49.0004],[-97.2494,49.0004],[-97.2699,49.0005],[-97.2904,49.0005],[-97.3109,49.0005],[-97.3314,49.0005],[-97.3519,49.0006],[-97.3724,49.0006],[-97.3929,49.0006],[-97.4134,49.0006],[-97.4339,49.0006],[-97.4544,49.0006],[-97.475,49.0006],[-97.4955,49.0006],[-97.516,49.0006],[-97.5365,49.0006],[-97.557,49.0006],[-97.5566,48.8046],[-97.5731,48.8039],[-97.5895,48.8031],[-97.6059,48.8023],[-97.6224,48.8015],[-97.623,48.6012],[-97.6529,48.6012],[-97.6828,48.6012],[-97.7127,48.6012],[-97.7426,48.6012],[-97.7725,48.6011],[-97.8024,48.6011],[-97.8323,48.6011],[-97.8622,48.601],[-97.8622,48.63],[-97.8934,48.6301],[-97.9247,48.6302],[-97.9559,48.6303],[-97.9871,48.6303],[-98.0183,48.6304],[-98.0496,48.6305],[-98.0808,48.6305],[-98.112,48.6305],[-98.1433,48.6306],[-98.1745,48.6306],[-98.2057,48.6306],[-98.2369,48.6306],[-98.2682,48.6306],[-98.2994,48.6306],[-98.3306,48.6306],[-98.3619,48.6306],[-98.3728,48.6072],[-98.3837,48.5837],[-98.3837,48.3694],[-98.3777,48.3486],[-98.3717,48.3277],[-98.3657,48.3069],[-98.3597,48.2861],[-98.3537,48.2653],[-98.3477,48.2445],[-98.3418,48.2237],[-98.3358,48.2029],[-98.336,48.0351],[-98.3063,48.0316],[-98.2766,48.0281],[-98.2469,48.0246],[-98.2172,48.0211],[-98.1957,48.0211],[-98.1743,48.021],[-98.1528,48.021],[-98.1314,48.021],[-98.11,48.0209],[-98.0885,48.0209],[-98.0671,48.0208],[-98.0456,48.0208],[-98.0237,48.0137],[-98.0017,48.0065],[-97.9812,48.0064],[-97.9606,48.0063],[-97.94,48.0062],[-97.9195,48.0061],[-97.8989,48.006],[-97.8783,48.0059],[-97.8578,48.0058],[-97.8372,48.0057],[-97.8226,47.9985],[-97.808,47.9912],[-97.7934,47.984],[-97.7788,47.9767],[-97.7643,47.9694],[-97.7497,47.9622],[-97.7351,47.9549],[-97.7206,47.9476],[-97.6999,47.9476],[-97.6792,47.9475],[-97.6585,47.9474],[-97.6378,47.9473],[-97.6171,47.9472],[-97.5964,47.9471],[-97.5757,47.947],[-97.5551,47.9468],[-97.5385,47.9399],[-97.522,47.933],[-97.4917,47.9331],[-97.4614,47.9331],[-97.4311,47.9332],[-97.4008,47.9332],[-97.3705,47.9333],[-97.3402,47.9333],[-97.3099,47.9333],[-97.2796,47.9333],[-97.2493,47.9333],[-97.219,47.9333],[-97.1887,47.9333],[-97.1584,47.9333],[-97.1281,47.9333],[-97.0978,47.9333],[-97.0675,47.9332],[-97.0372,47.9332],[-97.0456,47.9607],[-97.0539,47.9882],[-97.0623,48.0156],[-97.0706,48.0431],[-97.0801,48.0557],[-97.0896,48.0682],[-97.0991,48.0807],[-97.1087,48.0932],[-97.1182,48.1058],[-97.1277,48.1183],[-97.1372,48.1308],[-97.1467,48.1433],[-97.1496,48.2229],[-97.1417,48.2381],[-97.1337,48.2532],[-97.1257,48.2684],[-97.1177,48.2836],[-97.1271,48.3037],[-97.1365,48.3238],[-97.1459,48.3439],[-97.1553,48.364],[-97.1483,48.3839],[-97.1413,48.4037],[-97.1342,48.4235],[-97.1272,48.4434],[-97.133,48.4746],[-97.1389,48.5058],[-97.1447,48.537],[-97.1506,48.5682],[-97.1441,48.5798],[-97.1376,48.5914],[-97.1311,48.6029],[-97.1246,48.6145],[-97.1181,48.6261],[-97.1116,48.6377],[-97.1051,48.6492],[-97.0986,48.6608],[-97.1086,48.6874],[-97.1185,48.7141],[-97.1285,48.7407],[-97.1384,48.7674],[-97.1484,48.794],[-97.1584,48.8207],[-97.1684,48.8473],[-97.1784,48.874],[-97.1922,48.8923],[-97.2061,48.9106],[-97.2199,48.9288],[-97.2338,48.9471],[-97.2289,49.0004]]]},"properties":{"OBJECTID":677,"state":"North Dakota","agency":"North Dakota Game and Fish","unit_type":"Deer","unit_id":"2C","unit_name":"Red River","unit_label":"North Dakota Deer 2C - Red River","aliases":"2025 | 2c | 2c red river | deer | deer 2c | deer 2c red river | north dakota | north dakota 2c | north dakota 2c red river | north dakota deer 2c | north dakota deer 2c red river | north dakota game and fish | north dakota game and fish 2c | red river","year":"2025","Shape_Length":420763.2097409272,"Shape_Area":7937155374.6761265}},{"type":"Feature","id":678,"geometry":{"type":"Polygon","coordinates":[[[-98.336,48.0351],[-98.3358,48.2029],[-98.3418,48.2237],[-98.3477,48.2445],[-98.3537,48.2653],[-98.3597,48.2861],[-98.3657,48.3069],[-98.3717,48.3277],[-98.3777,48.3486],[-98.3837,48.3694],[-98.3837,48.5837],[-98.3728,48.6072],[-98.3619,48.6306],[-98.3626,48.723],[-98.3634,48.8154],[-98.3642,48.9078],[-98.365,49.0002],[-98.3852,49.0003],[-98.4054,49.0004],[-98.4256,49.0005],[-98.4458,49.0005],[-98.466,49.0006],[-98.4863,49.0006],[-98.5065,49.0007],[-98.5267,49.0008],[-98.5469,49.0008],[-98.5671,49.0009],[-98.5873,49.0009],[-98.6076,49.001],[-98.6278,49.001],[-98.648,49.001],[-98.6682,49.0011],[-98.6884,49.0011],[-98.7086,49.0011],[-98.7289,49.0012],[-98.7491,49.0012],[-98.7693,49.0012],[-98.7895,49.0012],[-98.8097,49.0012],[-98.83,49.0013],[-98.8502,49.0013],[-98.8704,49.0013],[-98.8906,49.0013],[-98.9108,49.0013],[-98.931,49.0013],[-98.9513,49.0013],[-98.9715,49.0013],[-98.9917,49.0013],[-99.0119,49.0012],[-99.0321,49.0012],[-99.0523,49.0012],[-99.0726,49.0012],[-99.0928,49.0012],[-99.113,49.0011],[-99.1332,49.0011],[-99.1534,49.0011],[-99.1736,49.001],[-99.1939,49.001],[-99.2141,49.0009],[-99.2343,49.0009],[-99.2545,49.0008],[-99.2747,49.0008],[-99.2949,49.0007],[-99.3152,49.0007],[-99.3354,49.0006],[-99.3556,49.0006],[-99.3758,49.0005],[-99.396,49.0004],[-99.4162,49.0004],[-99.4365,49.0003],[-99.4567,49.0002],[-99.4769,49.0001],[-99.4971,49.0],[-99.5173,49.0],[-99.5375,48.9999],[-99.5578,48.9998],[-99.578,48.9997],[-99.5982,48.9996],[-99.6184,48.9995],[-99.6386,48.9994],[-99.6588,48.9993],[-99.6567,48.8922],[-99.647,48.8836],[-99.6373,48.8751],[-99.6276,48.8665],[-99.6179,48.8579],[-99.6429,48.8557],[-99.6678,48.8535],[-99.6927,48.8513],[-99.7176,48.8491],[-99.7347,48.8436],[-99.7517,48.8382],[-99.7687,48.8328],[-99.7857,48.8273],[-99.8027,48.8219],[-99.8197,48.8165],[-99.8367,48.811],[-99.8537,48.8056],[-99.8839,48.8057],[-99.914,48.8058],[-99.9442,48.8058],[-99.9744,48.8059],[-100.0046,48.8059],[-100.0347,48.806],[-100.0649,48.806],[-100.0951,48.8061],[-100.1253,48.8061],[-100.1554,48.8061],[-100.1856,48.8061],[-100.2158,48.8061],[-100.2459,48.8061],[-100.2761,48.8061],[-100.3063,48.8061],[-100.3365,48.8061],[-100.3364,48.726],[-100.3267,48.718],[-100.317,48.7099],[-100.3073,48.7019],[-100.2975,48.6939],[-100.2949,48.608],[-100.2788,48.5947],[-100.2626,48.5814],[-100.2465,48.5681],[-100.2303,48.5549],[-100.2142,48.5416],[-100.198,48.5283],[-100.1819,48.515],[-100.1658,48.5017],[-100.1497,48.5017],[-100.1337,48.5017],[-100.1176,48.5017],[-100.1016,48.5017],[-100.0855,48.5017],[-100.0695,48.5017],[-100.0534,48.5017],[-100.0374,48.5017],[-100.0372,48.399],[-100.0276,48.388],[-100.018,48.3769],[-100.0084,48.3659],[-99.9988,48.3548],[-99.979,48.3548],[-99.9591,48.3548],[-99.9393,48.3547],[-99.9195,48.3547],[-99.8996,48.3547],[-99.8798,48.3546],[-99.86,48.3546],[-99.8401,48.3545],[-99.819,48.3526],[-99.7978,48.3507],[-99.7767,48.3488],[-99.7555,48.3469],[-99.7343,48.3449],[-99.7132,48.343],[-99.692,48.3411],[-99.6709,48.3391],[-99.6422,48.3323],[-99.6135,48.3255],[-99.5849,48.3187],[-99.5562,48.3119],[-99.5276,48.3051],[-99.4989,48.2983],[-99.4703,48.2915],[-99.4416,48.2847],[-99.4223,48.2839],[-99.403,48.283],[-99.3836,48.2822],[-99.3643,48.2813],[-99.345,48.2805],[-99.3256,48.2797],[-99.3063,48.2788],[-99.287,48.278],[-99.2604,48.2738],[-99.2339,48.2695],[-99.2073,48.2653],[-99.1808,48.2611],[-99.1628,48.2528],[-99.1448,48.2444],[-99.1269,48.2361],[-99.1089,48.2277],[-99.091,48.2194],[-99.073,48.211],[-99.0551,48.2027],[-99.0372,48.1943],[-99.0193,48.1859],[-99.0013,48.1776],[-98.9834,48.1692],[-98.9655,48.1608],[-98.9476,48.1525],[-98.9297,48.1441],[-98.9118,48.1357],[-98.8939,48.1273],[-98.876,48.1177],[-98.8582,48.108],[-98.8403,48.0983],[-98.8225,48.0886],[-98.8046,48.079],[-98.7868,48.0693],[-98.769,48.0596],[-98.7511,48.0499],[-98.7207,48.0499],[-98.6903,48.0499],[-98.6599,48.0499],[-98.6295,48.0499],[-98.5991,48.0499],[-98.5686,48.0499],[-98.5382,48.0499],[-98.5078,48.0498],[-98.4863,48.048],[-98.4648,48.0462],[-98.4434,48.0443],[-98.4219,48.0425],[-98.4004,48.0407],[-98.3789,48.0388],[-98.3575,48.037],[-98.336,48.0351]]]},"properties":{"OBJECTID":678,"state":"North Dakota","agency":"North Dakota Game and Fish","unit_type":"Deer","unit_id":"2E","unit_name":"Northern Coteau","unit_label":"North Dakota Deer 2E - Northern Coteau","aliases":"2025 | 2e | 2e northern coteau | deer | deer 2e | deer 2e northern coteau | north dakota | north dakota 2e | north dakota 2e northern coteau | north dakota deer 2e | north dakota deer 2e northern coteau | north dakota game and fish | north dakota game an","year":"2025","Shape_Length":471949.2496458577,"Shape_Area":10847308549.59398}},{"type":"Feature","id":679,"geometry":{"type":"Polygon","coordinates":[[[-102.2752,48.9988],[-102.2973,48.9989],[-102.3194,48.9989],[-102.3415,48.999],[-102.3637,48.999],[-102.3858,48.9991],[-102.4079,48.9992],[-102.43,48.9992],[-102.4521,48.9992],[-102.4743,48.9993],[-102.4964,48.9993],[-102.5185,48.9994],[-102.5406,48.9994],[-102.5628,48.9994],[-102.5849,48.9994],[-102.607,48.9995],[-102.6291,48.9995],[-102.6512,48.9995],[-102.6734,48.9995],[-102.6955,48.9995],[-102.7176,48.9995],[-102.7397,48.9995],[-102.7619,48.9995],[-102.784,48.9995],[-102.8061,48.9995],[-102.8282,48.9995],[-102.8503,48.9995],[-102.8725,48.9994],[-102.8946,48.9994],[-102.9167,48.9994],[-102.9388,48.9993],[-102.961,48.9993],[-102.9831,48.9993],[-102.9997,48.9993],[-103.0164,48.9994],[-103.033,48.9995],[-103.0497,48.9995],[-103.0663,48.9996],[-103.083,48.9997],[-103.0996,48.9997],[-103.1163,48.9998],[-103.1329,48.9998],[-103.1496,48.9999],[-103.1662,48.9999],[-103.1829,49.0],[-103.1995,49.0],[-103.2162,49.0001],[-103.2328,49.0001],[-103.2495,49.0002],[-103.2661,49.0002],[-103.2828,49.0002],[-103.2994,49.0003],[-103.3161,49.0003],[-103.3327,49.0003],[-103.3494,49.0004],[-103.366,49.0004],[-103.3827,49.0004],[-103.3993,49.0004],[-103.416,49.0005],[-103.4326,49.0005],[-103.4493,49.0005],[-103.4659,49.0005],[-103.4826,49.0005],[-103.4993,49.0005],[-103.5159,49.0006],[-103.5326,49.0006],[-103.5492,49.0006],[-103.5659,49.0006],[-103.5825,49.0006],[-103.5992,49.0006],[-103.6158,49.0006],[-103.6325,49.0006],[-103.6491,49.0006],[-103.6658,49.0006],[-103.6824,49.0005],[-103.6991,49.0005],[-103.7157,49.0005],[-103.7324,49.0005],[-103.749,49.0005],[-103.7657,49.0005],[-103.7823,49.0004],[-103.799,49.0004],[-103.8156,49.0004],[-103.8323,49.0004],[-103.8489,49.0003],[-103.8656,49.0003],[-103.8822,49.0003],[-103.8989,49.0002],[-103.9155,49.0002],[-103.9322,49.0002],[-103.9488,49.0001],[-103.9655,49.0001],[-103.9821,49.0],[-103.9988,49.0],[-104.0154,48.9999],[-104.0321,48.9999],[-104.0487,48.9998],[-104.0487,48.9611],[-104.0487,48.9578],[-104.0487,48.9517],[-104.0488,48.9462],[-104.0489,48.9307],[-104.0487,48.9037],[-104.0489,48.8743],[-104.0487,48.8663],[-104.0487,48.8627],[-104.0488,48.8432],[-104.0486,48.7987],[-104.0485,48.7851],[-104.0484,48.7626],[-104.0485,48.75],[-104.0485,48.7485],[-104.0485,48.748],[-104.0481,48.6077],[-104.0479,48.5908],[-104.0478,48.581],[-104.0477,48.5347],[-104.0477,48.5313],[-104.0477,48.5283],[-104.0477,48.5249],[-104.0477,48.5179],[-104.0477,48.5168],[-104.0477,48.4953],[-104.0476,48.4922],[-104.0476,48.4904],[-104.0474,48.4771],[-104.0474,48.4733],[-104.0474,48.4702],[-104.0471,48.4461],[-104.0471,48.4447],[-104.0465,48.3744],[-104.0464,48.3496],[-104.0459,48.2552],[-104.0459,48.2535],[-104.0458,48.2474],[-104.0457,48.2446],[-104.0457,48.2346],[-104.0456,48.2323],[-104.0453,48.1479],[-104.0453,48.1375],[-104.0452,48.1375],[-104.0223,48.1377],[-103.9994,48.1379],[-103.9765,48.1381],[-103.9535,48.1382],[-103.9306,48.1384],[-103.9077,48.1386],[-103.8848,48.1388],[-103.8618,48.1389],[-103.8389,48.1391],[-103.816,48.1393],[-103.7931,48.1394],[-103.7701,48.1396],[-103.7472,48.1397],[-103.7243,48.1399],[-103.7014,48.14],[-103.6784,48.1402],[-103.652,48.1472],[-103.6256,48.1542],[-103.6239,48.2012],[-103.6223,48.2482],[-103.6207,48.2952],[-103.619,48.3422],[-103.594,48.3423],[-103.569,48.3423],[-103.5441,48.3424],[-103.5191,48.3424],[-103.4941,48.3425],[-103.4691,48.3425],[-103.4441,48.3426],[-103.4191,48.3426],[-103.3941,48.3426],[-103.3691,48.3427],[-103.3441,48.3427],[-103.3191,48.3427],[-103.2941,48.3427],[-103.2691,48.3427],[-103.2441,48.3427],[-103.2191,48.3427],[-103.1941,48.3427],[-103.1691,48.3427],[-103.1441,48.3427],[-103.1191,48.3427],[-103.0941,48.3427],[-103.0691,48.3426],[-103.0441,48.3426],[-103.0191,48.3426],[-102.9941,48.3425],[-102.9691,48.3425],[-102.9441,48.3424],[-102.9191,48.3424],[-102.8941,48.3423],[-102.8691,48.3423],[-102.8441,48.3422],[-102.8191,48.3421],[-102.8041,48.3385],[-102.7891,48.3349],[-102.7741,48.3313],[-102.7591,48.3277],[-102.7442,48.324],[-102.7292,48.3204],[-102.7142,48.3168],[-102.6992,48.3132],[-102.6789,48.3128],[-102.6587,48.3124],[-102.6384,48.312],[-102.6182,48.3117],[-102.5979,48.3113],[-102.5777,48.3109],[-102.5574,48.3105],[-102.5372,48.3101],[-102.5169,48.3097],[-102.4967,48.3093],[-102.4764,48.3089],[-102.4562,48.3085],[-102.4359,48.3081],[-102.4157,48.3077],[-102.3954,48.3073],[-102.3752,48.3068],[-102.3833,48.3287],[-102.3915,48.3506],[-102.3997,48.3724],[-102.4079,48.3943],[-102.4077,48.628],[-102.3977,48.6399],[-102.3877,48.6518],[-102.3777,48.6637],[-102.3677,48.6756],[-102.3577,48.6875],[-102.3476,48.6994],[-102.3376,48.7113],[-102.3276,48.7232],[-102.3276,48.7885],[-102.305,48.7936],[-102.2824,48.7988],[-102.2598,48.8039],[-102.2372,48.809],[-102.2419,48.8327],[-102.2467,48.8564],[-102.2514,48.8802],[-102.2562,48.9039],[-102.2609,48.9276],[-102.2657,48.9513],[-102.2704,48.9751],[-102.2752,48.9988]]]},"properties":{"OBJECTID":679,"state":"North Dakota","agency":"North Dakota Game and Fish","unit_type":"Deer","unit_id":"3A1","unit_name":"Northern Coteau","unit_label":"North Dakota Deer 3A1 - Northern Coteau","aliases":"2025 | 3a1 | 3a1 northern coteau | deer | deer 3a1 | deer 3a1 northern coteau | north dakota | north dakota 3a1 | north dakota 3a1 northern coteau | north dakota deer 3a1 | north dakota deer 3a1 northern coteau | north dakota game and fish | north dakota","year":"2025","Shape_Length":455495.29805878876,"Shape_Area":9973216406.525188}},{"type":"Feature","id":680,"geometry":{"type":"Polygon","coordinates":[[[-100.5556,48.9995],[-100.5845,48.9995],[-100.6134,48.9995],[-100.6423,48.9996],[-100.6712,48.9996],[-100.7,48.9996],[-100.7289,48.9997],[-100.7578,48.9997],[-100.7867,48.9997],[-100.8156,48.9997],[-100.8444,48.9997],[-100.8733,48.9997],[-100.9022,48.9997],[-100.9311,48.9997],[-100.96,48.9996],[-100.9888,48.9996],[-101.0177,48.9996],[-101.0164,48.8212],[-101.0474,48.8212],[-101.0785,48.8211],[-101.1095,48.8211],[-101.1405,48.821],[-101.1494,48.792],[-101.1583,48.7631],[-101.1761,48.7631],[-101.1938,48.7631],[-101.2115,48.7631],[-101.2292,48.7631],[-101.2469,48.7631],[-101.2646,48.7631],[-101.2823,48.7631],[-101.3,48.7632],[-101.299,48.6242],[-101.298,48.4853],[-101.2969,48.3464],[-101.2959,48.2077],[-101.2712,48.2085],[-101.2465,48.2094],[-101.2304,48.1967],[-101.2144,48.184],[-101.1983,48.1714],[-101.1823,48.1587],[-101.1662,48.146],[-101.1502,48.1334],[-101.1342,48.1207],[-101.1182,48.108],[-101.0942,48.1013],[-101.0703,48.0946],[-101.0464,48.0879],[-101.0224,48.0812],[-100.9985,48.0744],[-100.9746,48.0677],[-100.9507,48.061],[-100.9268,48.0542],[-100.9121,48.0459],[-100.8974,48.0376],[-100.8826,48.0292],[-100.8679,48.0209],[-100.8485,48.0187],[-100.8291,48.0165],[-100.8097,48.0143],[-100.7903,48.0121],[-100.7709,48.01],[-100.7516,48.0078],[-100.7322,48.0056],[-100.7128,48.0034],[-100.6962,47.9985],[-100.6795,47.9937],[-100.6629,47.9889],[-100.6463,47.984],[-100.6297,47.9792],[-100.6131,47.9743],[-100.5965,47.9695],[-100.5799,47.9647],[-100.5633,47.9598],[-100.5467,47.955],[-100.5301,47.9501],[-100.5135,47.9453],[-100.4969,47.9404],[-100.4804,47.9356],[-100.4638,47.9307],[-100.4472,47.9259],[-100.4487,48.0224],[-100.4502,48.119],[-100.4517,48.2156],[-100.4532,48.3122],[-100.4403,48.3176],[-100.4273,48.3229],[-100.4144,48.3283],[-100.4014,48.3337],[-100.3884,48.339],[-100.3754,48.3444],[-100.3625,48.3497],[-100.3495,48.3551],[-100.3276,48.3551],[-100.3057,48.3551],[-100.2837,48.3551],[-100.2618,48.3551],[-100.2399,48.3551],[-100.218,48.3551],[-100.1961,48.3551],[-100.1742,48.3551],[-100.1522,48.355],[-100.1303,48.355],[-100.1084,48.355],[-100.0865,48.355],[-100.0646,48.3549],[-100.0427,48.3549],[-100.0207,48.3549],[-99.9988,48.3548],[-100.0084,48.3659],[-100.018,48.3769],[-100.0276,48.388],[-100.0372,48.399],[-100.0374,48.5017],[-100.0534,48.5017],[-100.0695,48.5017],[-100.0855,48.5017],[-100.1016,48.5017],[-100.1176,48.5017],[-100.1337,48.5017],[-100.1497,48.5017],[-100.1658,48.5017],[-100.1819,48.515],[-100.198,48.5283],[-100.2142,48.5416],[-100.2303,48.5549],[-100.2465,48.5681],[-100.2626,48.5814],[-100.2788,48.5947],[-100.2949,48.608],[-100.2975,48.6939],[-100.3073,48.7019],[-100.317,48.7099],[-100.3267,48.718],[-100.3364,48.726],[-100.3365,48.8061],[-100.3579,48.8134],[-100.3793,48.8206],[-100.3986,48.8207],[-100.4179,48.8207],[-100.4372,48.8207],[-100.4565,48.8208],[-100.4759,48.8208],[-100.4952,48.8208],[-100.5145,48.8208],[-100.5338,48.8208],[-100.5392,48.8655],[-100.5447,48.9101],[-100.5502,48.9548],[-100.5556,48.9995]]]},"properties":{"OBJECTID":680,"state":"North Dakota","agency":"North Dakota Game and Fish","unit_type":"Deer","unit_id":"3A4","unit_name":"Northern Coteau","unit_label":"North Dakota Deer 3A4 - Northern Coteau","aliases":"2025 | 3a4 | 3a4 northern coteau | deer | deer 3a4 | deer 3a4 northern coteau | north dakota | north dakota 3a4 | north dakota 3a4 northern coteau | north dakota deer 3a4 | north dakota deer 3a4 northern coteau | north dakota game and fish | north dakota","year":"2025","Shape_Length":391757.00161826523,"Shape_Area":6946214097.853434}},{"type":"Feature","id":681,"geometry":{"type":"Polygon","coordinates":[[[-101.0177,48.9996],[-101.0374,48.9996],[-101.057,48.9997],[-101.0767,48.9998],[-101.0963,48.9998],[-101.116,48.9999],[-101.1356,49.0],[-101.1553,49.0],[-101.1749,49.0001],[-101.1946,49.0001],[-101.2142,49.0002],[-101.2338,49.0002],[-101.2535,49.0003],[-101.2731,49.0003],[-101.2928,49.0003],[-101.3124,49.0004],[-101.3321,49.0004],[-101.3517,49.0004],[-101.3714,49.0005],[-101.391,49.0005],[-101.4107,49.0005],[-101.4303,49.0005],[-101.45,49.0006],[-101.4696,49.0006],[-101.4893,49.0006],[-101.5089,49.0006],[-101.5286,49.0006],[-101.5482,49.0006],[-101.5679,49.0006],[-101.5875,49.0006],[-101.6072,49.0006],[-101.6268,49.0006],[-101.6465,49.0006],[-101.6661,49.0006],[-101.6857,49.0005],[-101.7054,49.0005],[-101.725,49.0005],[-101.7447,49.0005],[-101.7643,49.0005],[-101.784,49.0004],[-101.8036,49.0004],[-101.8233,49.0004],[-101.8429,49.0003],[-101.8626,49.0003],[-101.8822,49.0002],[-101.9019,49.0002],[-101.9215,49.0001],[-101.9412,49.0001],[-101.9608,49.0],[-101.9805,49.0],[-102.0001,48.9999],[-102.0198,48.9999],[-102.0394,48.9998],[-102.0591,48.9997],[-102.0787,48.9997],[-102.0983,48.9996],[-102.118,48.9995],[-102.1376,48.9994],[-102.1573,48.9993],[-102.1769,48.9993],[-102.1966,48.9992],[-102.2162,48.9991],[-102.2359,48.999],[-102.2555,48.9989],[-102.2752,48.9988],[-102.2704,48.9751],[-102.2657,48.9513],[-102.2609,48.9276],[-102.2562,48.9039],[-102.2514,48.8802],[-102.2467,48.8564],[-102.2419,48.8327],[-102.2372,48.809],[-102.2185,48.8083],[-102.1998,48.8076],[-102.1811,48.8069],[-102.1624,48.8062],[-102.1437,48.8055],[-102.125,48.8048],[-102.1063,48.8041],[-102.0876,48.8034],[-102.0853,48.7734],[-102.0831,48.7433],[-102.0809,48.7133],[-102.0787,48.6833],[-102.0682,48.675],[-102.0577,48.6667],[-102.0472,48.6585],[-102.0367,48.6502],[-102.0262,48.6419],[-102.0158,48.6337],[-102.0053,48.6254],[-101.9948,48.6171],[-101.9996,48.599],[-102.0043,48.5809],[-101.9917,48.5728],[-101.979,48.5646],[-101.9663,48.5565],[-101.9537,48.5483],[-101.941,48.5401],[-101.9283,48.532],[-101.9157,48.5238],[-101.903,48.5157],[-101.8835,48.509],[-101.864,48.5023],[-101.8445,48.4956],[-101.8249,48.4889],[-101.8054,48.4822],[-101.7859,48.4755],[-101.7664,48.4688],[-101.7469,48.4621],[-101.7266,48.4515],[-101.7062,48.4409],[-101.6858,48.4302],[-101.6655,48.4196],[-101.6451,48.4089],[-101.6248,48.3983],[-101.6045,48.3876],[-101.5841,48.377],[-101.575,48.3675],[-101.5659,48.358],[-101.5568,48.3485],[-101.5477,48.339],[-101.5385,48.3295],[-101.5294,48.3199],[-101.5203,48.3104],[-101.5112,48.3009],[-101.4977,48.2951],[-101.4843,48.2893],[-101.4708,48.2835],[-101.4573,48.2776],[-101.4439,48.2718],[-101.4304,48.266],[-101.4169,48.2602],[-101.4035,48.2543],[-101.39,48.2485],[-101.3766,48.2427],[-101.3631,48.2369],[-101.3497,48.231],[-101.3362,48.2252],[-101.3228,48.2194],[-101.3094,48.2135],[-101.2959,48.2077],[-101.2969,48.3464],[-101.298,48.4853],[-101.299,48.6242],[-101.3,48.7632],[-101.2823,48.7631],[-101.2646,48.7631],[-101.2469,48.7631],[-101.2292,48.7631],[-101.2115,48.7631],[-101.1938,48.7631],[-101.1761,48.7631],[-101.1583,48.7631],[-101.1494,48.792],[-101.1405,48.821],[-101.1095,48.8211],[-101.0785,48.8211],[-101.0474,48.8212],[-101.0164,48.8212],[-101.0177,48.9996]]]},"properties":{"OBJECTID":681,"state":"North Dakota","agency":"North Dakota Game and Fish","unit_type":"Deer","unit_id":"3A2","unit_name":"Northern Coteau","unit_label":"North Dakota Deer 3A2 - Northern Coteau","aliases":"2025 | 3a2 | 3a2 northern coteau | deer | deer 3a2 | deer 3a2 northern coteau | north dakota | north dakota 3a2 | north dakota 3a2 northern coteau | north dakota deer 3a2 | north dakota deer 3a2 northern coteau | north dakota game and fish | north dakota","year":"2025","Shape_Length":327178.9253334417,"Shape_Area":4471429749.990643}},{"type":"Feature","id":682,"geometry":{"type":"Polygon","coordinates":[[[-99.6588,48.9993],[-99.6869,48.9994],[-99.7149,48.9995],[-99.7429,48.9995],[-99.7709,48.9996],[-99.799,48.9997],[-99.827,48.9997],[-99.855,48.9998],[-99.883,48.9999],[-99.9111,48.9999],[-99.9391,48.9999],[-99.9671,49.0],[-99.9951,49.0],[-100.0232,49.0],[-100.0512,49.0001],[-100.0792,49.0001],[-100.1072,49.0001],[-100.1353,49.0001],[-100.1633,49.0001],[-100.1913,49.0001],[-100.2193,49.0001],[-100.2474,49.0],[-100.2754,49.0],[-100.3034,49.0],[-100.3314,48.9999],[-100.3595,48.9999],[-100.3875,48.9999],[-100.4155,48.9998],[-100.4435,48.9997],[-100.4716,48.9997],[-100.4996,48.9996],[-100.5276,48.9995],[-100.5556,48.9995],[-100.5502,48.9548],[-100.5447,48.9101],[-100.5392,48.8655],[-100.5338,48.8208],[-100.5145,48.8208],[-100.4952,48.8208],[-100.4759,48.8208],[-100.4565,48.8208],[-100.4372,48.8207],[-100.4179,48.8207],[-100.3986,48.8207],[-100.3793,48.8206],[-100.3579,48.8134],[-100.3365,48.8061],[-100.3063,48.8061],[-100.2761,48.8061],[-100.2459,48.8061],[-100.2158,48.8061],[-100.1856,48.8061],[-100.1554,48.8061],[-100.1253,48.8061],[-100.0951,48.8061],[-100.0649,48.806],[-100.0347,48.806],[-100.0046,48.8059],[-99.9744,48.8059],[-99.9442,48.8058],[-99.914,48.8058],[-99.8839,48.8057],[-99.8537,48.8056],[-99.8367,48.811],[-99.8197,48.8165],[-99.8027,48.8219],[-99.7857,48.8273],[-99.7687,48.8328],[-99.7517,48.8382],[-99.7347,48.8436],[-99.7176,48.8491],[-99.6927,48.8513],[-99.6678,48.8535],[-99.6429,48.8557],[-99.6179,48.8579],[-99.6276,48.8665],[-99.6373,48.8751],[-99.647,48.8836],[-99.6567,48.8922],[-99.6588,48.9993]]]},"properties":{"OBJECTID":682,"state":"North Dakota","agency":"North Dakota Game and Fish","unit_type":"Deer","unit_id":"1","unit_name":"Northern Coteau","unit_label":"North Dakota Deer 1 - Northern Coteau","aliases":"1 | 1 northern coteau | 2025 | deer | deer 1 | deer 1 northern coteau | north dakota | north dakota 1 | north dakota 1 northern coteau | north dakota deer 1 | north dakota deer 1 northern coteau | north dakota game and fish | north dakota game and fish 1","year":"2025","Shape_Length":172200.49724437052,"Shape_Area":1339463896.6533272}},{"type":"Feature","id":683,"geometry":{"type":"Polygon","coordinates":[[[-102.2372,48.809],[-102.2598,48.8039],[-102.2824,48.7988],[-102.305,48.7936],[-102.3276,48.7885],[-102.3276,48.7232],[-102.3376,48.7113],[-102.3476,48.6994],[-102.3577,48.6875],[-102.3677,48.6756],[-102.3777,48.6637],[-102.3877,48.6518],[-102.3977,48.6399],[-102.4077,48.628],[-102.4079,48.3943],[-102.3997,48.3724],[-102.3915,48.3506],[-102.3833,48.3287],[-102.3752,48.3068],[-102.3697,48.2858],[-102.3643,48.2648],[-102.3589,48.2437],[-102.3534,48.2227],[-102.351,48.1614],[-102.3485,48.1002],[-102.346,48.0389],[-102.3436,47.9777],[-102.3697,47.9778],[-102.3959,47.9779],[-102.4221,47.978],[-102.4482,47.978],[-102.4744,47.9781],[-102.5006,47.9782],[-102.5268,47.9782],[-102.5529,47.9783],[-102.5718,47.9627],[-102.5906,47.9472],[-102.6094,47.9316],[-102.6282,47.9161],[-102.6355,47.8819],[-102.6429,47.8477],[-102.6242,47.8348],[-102.6056,47.822],[-102.587,47.8091],[-102.5684,47.7962],[-102.5484,47.7925],[-102.5284,47.7887],[-102.5084,47.7849],[-102.4884,47.7812],[-102.4684,47.7774],[-102.4484,47.7736],[-102.4284,47.7698],[-102.4084,47.766],[-102.3969,47.7818],[-102.3854,47.7976],[-102.3739,47.8133],[-102.3624,47.8291],[-102.3773,47.8414],[-102.3922,47.8537],[-102.4071,47.8661],[-102.422,47.8784],[-102.426,47.8985],[-102.43,47.9186],[-102.434,47.9387],[-102.438,47.9588],[-102.4232,47.9676],[-102.4085,47.9765],[-102.3867,47.9657],[-102.3649,47.9549],[-102.3432,47.9441],[-102.3214,47.9333],[-102.3134,47.9183],[-102.3054,47.9033],[-102.2975,47.8882],[-102.2895,47.8732],[-102.2815,47.8582],[-102.2736,47.8432],[-102.2656,47.8281],[-102.2576,47.8131],[-102.2521,47.7941],[-102.2466,47.775],[-102.2411,47.756],[-102.2356,47.737],[-102.2302,47.7179],[-102.2247,47.6989],[-102.2192,47.6799],[-102.2137,47.6609],[-102.2255,47.6417],[-102.2373,47.6225],[-102.2127,47.6178],[-102.1881,47.6131],[-102.1635,47.6083],[-102.139,47.6036],[-102.1144,47.5988],[-102.0899,47.5941],[-102.0653,47.5893],[-102.0407,47.5846],[-102.0168,47.5732],[-101.9928,47.5618],[-101.9689,47.5505],[-101.9449,47.5391],[-101.9276,47.5417],[-101.9102,47.5443],[-101.8929,47.547],[-101.8755,47.5496],[-101.8582,47.5522],[-101.8408,47.5548],[-101.8234,47.5574],[-101.8061,47.56],[-101.7867,47.5563],[-101.7674,47.5526],[-101.748,47.5489],[-101.7287,47.5452],[-101.7094,47.5482],[-101.6901,47.5511],[-101.6708,47.5541],[-101.6515,47.557],[-101.6322,47.5599],[-101.6129,47.5629],[-101.5936,47.5658],[-101.5743,47.5688],[-101.5895,47.5774],[-101.6048,47.5861],[-101.6201,47.5947],[-101.6353,47.6034],[-101.6091,47.5993],[-101.5828,47.5952],[-101.5566,47.5911],[-101.5303,47.587],[-101.5095,47.5875],[-101.4887,47.5881],[-101.468,47.5886],[-101.4472,47.5891],[-101.4264,47.5897],[-101.4056,47.5902],[-101.3848,47.5907],[-101.3641,47.5912],[-101.3399,47.5959],[-101.3157,47.6005],[-101.2915,47.6052],[-101.2673,47.6098],[-101.266,47.6099],[-101.2729,47.6283],[-101.2799,47.6467],[-101.2868,47.6651],[-101.2937,47.6835],[-101.2943,47.8145],[-101.2948,47.9455],[-101.2954,48.0765],[-101.2959,48.2077],[-101.3094,48.2135],[-101.3228,48.2194],[-101.3362,48.2252],[-101.3497,48.231],[-101.3631,48.2369],[-101.3766,48.2427],[-101.39,48.2485],[-101.4035,48.2543],[-101.4169,48.2602],[-101.4304,48.266],[-101.4439,48.2718],[-101.4573,48.2776],[-101.4708,48.2835],[-101.4843,48.2893],[-101.4977,48.2951],[-101.5112,48.3009],[-101.5203,48.3104],[-101.5294,48.3199],[-101.5385,48.3295],[-101.5477,48.339],[-101.5568,48.3485],[-101.5659,48.358],[-101.575,48.3675],[-101.5841,48.377],[-101.6045,48.3876],[-101.6248,48.3983],[-101.6451,48.4089],[-101.6655,48.4196],[-101.6858,48.4302],[-101.7062,48.4409],[-101.7266,48.4515],[-101.7469,48.4621],[-101.7664,48.4688],[-101.7859,48.4755],[-101.8054,48.4822],[-101.8249,48.4889],[-101.8445,48.4956],[-101.864,48.5023],[-101.8835,48.509],[-101.903,48.5157],[-101.9157,48.5238],[-101.9283,48.532],[-101.941,48.5401],[-101.9537,48.5483],[-101.9663,48.5565],[-101.979,48.5646],[-101.9917,48.5728],[-102.0043,48.5809],[-101.9996,48.599],[-101.9948,48.6171],[-102.0053,48.6254],[-102.0158,48.6337],[-102.0262,48.6419],[-102.0367,48.6502],[-102.0472,48.6585],[-102.0577,48.6667],[-102.0682,48.675],[-102.0787,48.6833],[-102.0809,48.7133],[-102.0831,48.7433],[-102.0853,48.7734],[-102.0876,48.8034],[-102.1063,48.8041],[-102.125,48.8048],[-102.1437,48.8055],[-102.1624,48.8062],[-102.1811,48.8069],[-102.1998,48.8076],[-102.2185,48.8083],[-102.2372,48.809]]]},"properties":{"OBJECTID":683,"state":"North Dakota","agency":"North Dakota Game and Fish","unit_type":"Deer","unit_id":"3A3","unit_name":"Northern Coteau","unit_label":"North Dakota Deer 3A3 - Northern Coteau","aliases":"2025 | 3a3 | 3a3 northern coteau | deer | deer 3a3 | deer 3a3 northern coteau | north dakota | north dakota 3a3 | north dakota 3a3 northern coteau | north dakota deer 3a3 | north dakota deer 3a3 northern coteau | north dakota game and fish | north dakota","year":"2025","Shape_Length":481635.12883517967,"Shape_Area":8430032804.487056}},{"type":"Feature","id":684,"geometry":{"type":"Polygon","coordinates":[[[-102.8191,48.3421],[-102.8441,48.3422],[-102.8691,48.3423],[-102.8941,48.3423],[-102.9191,48.3424],[-102.9441,48.3424],[-102.9691,48.3425],[-102.9941,48.3425],[-103.0191,48.3426],[-103.0441,48.3426],[-103.0691,48.3426],[-103.0941,48.3427],[-103.1191,48.3427],[-103.1441,48.3427],[-103.1691,48.3427],[-103.1941,48.3427],[-103.2191,48.3427],[-103.2441,48.3427],[-103.2691,48.3427],[-103.2941,48.3427],[-103.3191,48.3427],[-103.3441,48.3427],[-103.3691,48.3427],[-103.3941,48.3426],[-103.4191,48.3426],[-103.4441,48.3426],[-103.4691,48.3425],[-103.4941,48.3425],[-103.5191,48.3424],[-103.5441,48.3424],[-103.569,48.3423],[-103.594,48.3423],[-103.619,48.3422],[-103.6207,48.2952],[-103.6223,48.2482],[-103.6239,48.2012],[-103.6256,48.1542],[-103.652,48.1472],[-103.6784,48.1402],[-103.7014,48.14],[-103.7243,48.1399],[-103.7472,48.1397],[-103.7701,48.1396],[-103.7931,48.1394],[-103.816,48.1393],[-103.8389,48.1391],[-103.8618,48.1389],[-103.8848,48.1388],[-103.9077,48.1386],[-103.9306,48.1384],[-103.9535,48.1382],[-103.9765,48.1381],[-103.9994,48.1379],[-104.0223,48.1377],[-104.0452,48.1375],[-104.0453,48.1375],[-104.0452,48.1298],[-104.0452,48.1255],[-104.0449,48.0925],[-104.0439,48.0139],[-104.0429,47.9353],[-104.0429,47.933],[-104.0415,47.8625],[-104.0179,47.8613],[-103.9944,47.86],[-103.9708,47.8588],[-103.9472,47.8575],[-103.9259,47.8625],[-103.9047,47.8674],[-103.8834,47.8723],[-103.8621,47.8772],[-103.8353,47.8772],[-103.8086,47.8773],[-103.7818,47.8773],[-103.755,47.8773],[-103.7283,47.8773],[-103.7015,47.8773],[-103.6748,47.8773],[-103.648,47.8773],[-103.6444,47.8411],[-103.6409,47.805],[-103.6185,47.8047],[-103.5962,47.8043],[-103.5738,47.804],[-103.5514,47.8037],[-103.5291,47.8033],[-103.5067,47.803],[-103.4844,47.8026],[-103.462,47.8023],[-103.4396,47.8019],[-103.4173,47.8016],[-103.3949,47.8012],[-103.3726,47.8009],[-103.3502,47.8005],[-103.3278,47.8001],[-103.3055,47.7997],[-103.2831,47.7994],[-103.2618,47.7997],[-103.2404,47.8],[-103.2191,47.8003],[-103.1977,47.8007],[-103.1764,47.801],[-103.155,47.8013],[-103.1337,47.8016],[-103.1123,47.8019],[-103.091,47.8022],[-103.0697,47.8025],[-103.0483,47.8028],[-103.027,47.8031],[-103.0056,47.8034],[-102.9843,47.8037],[-102.9629,47.8039],[-102.9416,47.8042],[-102.9413,47.9753],[-102.9148,47.9753],[-102.8882,47.9753],[-102.8616,47.9753],[-102.8351,47.9753],[-102.8085,47.9753],[-102.782,47.9752],[-102.7554,47.9752],[-102.7288,47.9752],[-102.7068,47.9756],[-102.6849,47.976],[-102.6629,47.9764],[-102.6409,47.9768],[-102.6189,47.9771],[-102.5969,47.9775],[-102.5749,47.9779],[-102.5529,47.9783],[-102.5268,47.9782],[-102.5006,47.9782],[-102.4744,47.9781],[-102.4482,47.978],[-102.4221,47.978],[-102.3959,47.9779],[-102.3697,47.9778],[-102.3436,47.9777],[-102.346,48.0389],[-102.3485,48.1002],[-102.351,48.1614],[-102.3534,48.2227],[-102.3589,48.2437],[-102.3643,48.2648],[-102.3697,48.2858],[-102.3752,48.3068],[-102.3954,48.3073],[-102.4157,48.3077],[-102.4359,48.3081],[-102.4562,48.3085],[-102.4764,48.3089],[-102.4967,48.3093],[-102.5169,48.3097],[-102.5372,48.3101],[-102.5574,48.3105],[-102.5777,48.3109],[-102.5979,48.3113],[-102.6182,48.3117],[-102.6384,48.312],[-102.6587,48.3124],[-102.6789,48.3128],[-102.6992,48.3132],[-102.7142,48.3168],[-102.7292,48.3204],[-102.7442,48.324],[-102.7591,48.3277],[-102.7741,48.3313],[-102.7891,48.3349],[-102.8041,48.3385],[-102.8191,48.3421]]]},"properties":{"OBJECTID":684,"state":"North Dakota","agency":"North Dakota Game and Fish","unit_type":"Deer","unit_id":"3B1","unit_name":"Missouri River","unit_label":"North Dakota Deer 3B1 - Missouri River","aliases":"2025 | 3b1 | 3b1 missouri river | deer | deer 3b1 | deer 3b1 missouri river | missouri river | north dakota | north dakota 3b1 | north dakota 3b1 missouri river | north dakota deer 3b1 | north dakota deer 3b1 missouri river | north dakota game and fish |","year":"2025","Shape_Length":367651.1349175971,"Shape_Area":5676777038.679687}},{"type":"Feature","id":685,"geometry":{"type":"Polygon","coordinates":[[[-99.1808,48.2611],[-99.2073,48.2653],[-99.2339,48.2695],[-99.2604,48.2738],[-99.287,48.278],[-99.2867,48.0984],[-99.2769,48.0833],[-99.2671,48.0683],[-99.2572,48.0532],[-99.2474,48.0382],[-99.2376,48.0232],[-99.2278,48.0081],[-99.218,47.9931],[-99.2082,47.9781],[-99.1875,47.9774],[-99.1668,47.9767],[-99.1461,47.976],[-99.1254,47.9754],[-99.1244,47.9041],[-99.1235,47.8329],[-99.107,47.8329],[-99.0906,47.833],[-99.0741,47.833],[-99.0576,47.833],[-99.0411,47.833],[-99.0247,47.8331],[-99.0082,47.8331],[-98.9917,47.8331],[-98.9753,47.8331],[-98.9588,47.8331],[-98.9423,47.8331],[-98.9258,47.8331],[-98.9094,47.8331],[-98.8929,47.8332],[-98.8764,47.8332],[-98.86,47.8332],[-98.8435,47.8332],[-98.827,47.8332],[-98.8106,47.8331],[-98.7941,47.8331],[-98.7776,47.8331],[-98.7611,47.8331],[-98.7447,47.8331],[-98.7282,47.8331],[-98.7117,47.8331],[-98.6953,47.8331],[-98.6788,47.833],[-98.6623,47.833],[-98.6458,47.833],[-98.6294,47.833],[-98.6129,47.8329],[-98.5964,47.8329],[-98.5918,47.8184],[-98.5871,47.8039],[-98.5588,47.8038],[-98.5305,47.8036],[-98.5022,47.8035],[-98.4739,47.8034],[-98.4456,47.8032],[-98.4173,47.8031],[-98.389,47.8029],[-98.3607,47.8028],[-98.3362,47.7955],[-98.3117,47.7883],[-98.317,47.8151],[-98.3224,47.8419],[-98.3278,47.8688],[-98.3332,47.8956],[-98.3346,47.9653],[-98.336,48.0351],[-98.3575,48.037],[-98.3789,48.0388],[-98.4004,48.0407],[-98.4219,48.0425],[-98.4434,48.0443],[-98.4648,48.0462],[-98.4863,48.048],[-98.5078,48.0498],[-98.5382,48.0499],[-98.5686,48.0499],[-98.5991,48.0499],[-98.6295,48.0499],[-98.6599,48.0499],[-98.6903,48.0499],[-98.7207,48.0499],[-98.7511,48.0499],[-98.769,48.0596],[-98.7868,48.0693],[-98.8046,48.079],[-98.8225,48.0886],[-98.8403,48.0983],[-98.8582,48.108],[-98.876,48.1177],[-98.8939,48.1273],[-98.9118,48.1357],[-98.9297,48.1441],[-98.9476,48.1525],[-98.9655,48.1608],[-98.9834,48.1692],[-99.0013,48.1776],[-99.0193,48.1859],[-99.0372,48.1943],[-99.0551,48.2027],[-99.073,48.211],[-99.091,48.2194],[-99.1089,48.2277],[-99.1269,48.2361],[-99.1448,48.2444],[-99.1628,48.2528],[-99.1808,48.2611]]]},"properties":{"OBJECTID":685,"state":"North Dakota","agency":"North Dakota Game and Fish","unit_type":"Deer","unit_id":"2L","unit_name":"Sheyenne-James","unit_label":"North Dakota Deer 2L - Sheyenne-James","aliases":"2025 | 2l | 2l sheyenne james | deer | deer 2l | deer 2l sheyenne james | north dakota | north dakota 2l | north dakota 2l sheyenne james | north dakota deer 2l | north dakota deer 2l sheyenne james | north dakota game and fish | north dakota game and fi","year":"2025","Shape_Length":227049.66939445861,"Shape_Area":2126660301.4660149}},{"type":"Feature","id":686,"geometry":{"type":"Polygon","coordinates":[[[-101.2959,48.2077],[-101.2954,48.0765],[-101.2948,47.9455],[-101.2943,47.8145],[-101.2937,47.6835],[-101.2868,47.6651],[-101.2799,47.6467],[-101.2729,47.6283],[-101.266,47.6099],[-101.2604,47.5842],[-101.2549,47.5585],[-101.2386,47.546],[-101.2224,47.5335],[-101.2062,47.521],[-101.1899,47.5085],[-101.1737,47.496],[-101.1575,47.4835],[-101.1413,47.471],[-101.1251,47.4584],[-101.099,47.4584],[-101.0728,47.4584],[-101.0467,47.4584],[-101.0206,47.4584],[-100.9945,47.4584],[-100.9683,47.4584],[-100.9422,47.4584],[-100.9161,47.4584],[-100.9081,47.4729],[-100.9002,47.4874],[-100.8759,47.4874],[-100.8517,47.4873],[-100.8274,47.4873],[-100.8031,47.4873],[-100.7789,47.4872],[-100.7546,47.4872],[-100.7304,47.4871],[-100.7061,47.4871],[-100.6838,47.4819],[-100.6614,47.4768],[-100.6391,47.4716],[-100.6167,47.4665],[-100.5932,47.4691],[-100.5696,47.4717],[-100.546,47.4743],[-100.5224,47.4769],[-100.4988,47.4795],[-100.4752,47.4821],[-100.4517,47.4846],[-100.4281,47.4872],[-100.4053,47.4872],[-100.3826,47.4872],[-100.3599,47.4871],[-100.3371,47.4871],[-100.3144,47.4871],[-100.2917,47.487],[-100.2689,47.487],[-100.2462,47.4869],[-100.2449,47.5845],[-100.2437,47.682],[-100.2424,47.7796],[-100.2411,47.8772],[-100.2626,47.8889],[-100.2841,47.9007],[-100.3045,47.9038],[-100.3249,47.907],[-100.3452,47.9101],[-100.3656,47.9133],[-100.386,47.9164],[-100.4064,47.9196],[-100.4268,47.9227],[-100.4472,47.9259],[-100.4638,47.9307],[-100.4804,47.9356],[-100.4969,47.9404],[-100.5135,47.9453],[-100.5301,47.9501],[-100.5467,47.955],[-100.5633,47.9598],[-100.5799,47.9647],[-100.5965,47.9695],[-100.6131,47.9743],[-100.6297,47.9792],[-100.6463,47.984],[-100.6629,47.9889],[-100.6795,47.9937],[-100.6962,47.9985],[-100.7128,48.0034],[-100.7322,48.0056],[-100.7516,48.0078],[-100.7709,48.01],[-100.7903,48.0121],[-100.8097,48.0143],[-100.8291,48.0165],[-100.8485,48.0187],[-100.8679,48.0209],[-100.8826,48.0292],[-100.8974,48.0376],[-100.9121,48.0459],[-100.9268,48.0542],[-100.9507,48.061],[-100.9746,48.0677],[-100.9985,48.0744],[-101.0224,48.0812],[-101.0464,48.0879],[-101.0703,48.0946],[-101.0942,48.1013],[-101.1182,48.108],[-101.1342,48.1207],[-101.1502,48.1334],[-101.1662,48.146],[-101.1823,48.1587],[-101.1983,48.1714],[-101.2144,48.184],[-101.2304,48.1967],[-101.2465,48.2094],[-101.2712,48.2085],[-101.2959,48.2077]]]},"properties":{"OBJECTID":686,"state":"North Dakota","agency":"North Dakota Game and Fish","unit_type":"Deer","unit_id":"2K1","unit_name":"Northern Coteau","unit_label":"North Dakota Deer 2K1 - Northern Coteau","aliases":"2025 | 2k1 | 2k1 northern coteau | deer | deer 2k1 | deer 2k1 northern coteau | north dakota | north dakota 2k1 | north dakota 2k1 northern coteau | north dakota deer 2k1 | north dakota deer 2k1 northern coteau | north dakota game and fish | north dakota","year":"2025","Shape_Length":289371.40137995424,"Shape_Area":4682702201.219589}},{"type":"Feature","id":687,"geometry":{"type":"Polygon","coordinates":[[[-98.336,48.0351],[-98.3346,47.9653],[-98.3332,47.8956],[-98.3278,47.8688],[-98.3224,47.8419],[-98.317,47.8151],[-98.3117,47.7883],[-98.2874,47.7883],[-98.263,47.7883],[-98.2387,47.7883],[-98.2144,47.7883],[-98.1954,47.7774],[-98.1764,47.7665],[-98.1573,47.7556],[-98.1383,47.7447],[-98.1198,47.7447],[-98.1012,47.7448],[-98.0826,47.7448],[-98.0641,47.7448],[-98.0455,47.7448],[-98.0269,47.7448],[-98.0084,47.7448],[-97.9898,47.7447],[-97.9872,47.6729],[-97.9846,47.6011],[-97.966,47.6005],[-97.9474,47.6],[-97.9287,47.5995],[-97.9101,47.5989],[-97.8915,47.5984],[-97.8728,47.5978],[-97.8542,47.5973],[-97.8356,47.5967],[-97.8363,47.4416],[-97.8257,47.4255],[-97.8151,47.4094],[-97.8046,47.3934],[-97.794,47.3773],[-97.7923,47.2629],[-97.7905,47.1486],[-97.7888,47.0343],[-97.7871,46.9201],[-97.7872,46.7889],[-97.7975,46.7798],[-97.8079,46.7707],[-97.8081,46.6302],[-97.7872,46.6302],[-97.7662,46.6302],[-97.7453,46.6303],[-97.7243,46.6303],[-97.7033,46.6303],[-97.6824,46.6303],[-97.6614,46.6303],[-97.6405,46.6303],[-97.6195,46.6303],[-97.5985,46.6303],[-97.5776,46.6303],[-97.5566,46.6303],[-97.5357,46.6303],[-97.5147,46.6303],[-97.4937,46.6303],[-97.4728,46.6303],[-97.4518,46.6303],[-97.4309,46.6302],[-97.4099,46.6302],[-97.389,46.6302],[-97.368,46.6301],[-97.347,46.6301],[-97.3261,46.6301],[-97.3051,46.63],[-97.2842,46.63],[-97.2632,46.6299],[-97.2422,46.6299],[-97.2213,46.6298],[-97.2003,46.6298],[-97.1794,46.6297],[-97.1584,46.6296],[-97.1375,46.6296],[-97.1162,46.6296],[-97.095,46.6297],[-97.0738,46.6297],[-97.0526,46.6298],[-97.0314,46.6298],[-97.0102,46.6299],[-96.989,46.6299],[-96.9678,46.63],[-96.9466,46.63],[-96.9254,46.63],[-96.9041,46.6301],[-96.8829,46.6301],[-96.8617,46.6301],[-96.8405,46.6301],[-96.8193,46.6302],[-96.7981,46.6302],[-96.7934,46.655],[-96.7887,46.6799],[-96.784,46.7047],[-96.7793,46.7296],[-96.783,46.7554],[-96.7866,46.7812],[-96.7902,46.8071],[-96.7938,46.8329],[-96.7843,46.8538],[-96.7747,46.8746],[-96.7652,46.8955],[-96.7556,46.9164],[-96.7724,46.9299],[-96.7892,46.9433],[-96.8061,46.9568],[-96.8229,46.9703],[-96.8209,47.0674],[-96.8189,47.1646],[-96.8281,47.1804],[-96.8374,47.1962],[-96.8352,47.2684],[-96.833,47.3406],[-96.8447,47.3534],[-96.8564,47.3661],[-96.8595,47.4069],[-96.8625,47.4476],[-96.8656,47.4883],[-96.8686,47.529],[-96.8639,47.5444],[-96.8592,47.5598],[-96.8546,47.5751],[-96.8499,47.5905],[-96.8579,47.6042],[-96.8659,47.6179],[-96.8739,47.6317],[-96.8819,47.6454],[-96.8899,47.6591],[-96.898,47.6728],[-96.906,47.6866],[-96.914,47.7003],[-96.9221,47.714],[-96.9301,47.7278],[-96.9381,47.7415],[-96.9462,47.7552],[-96.9542,47.7689],[-96.9623,47.7827],[-96.9703,47.7964],[-96.9784,47.8101],[-96.9857,47.8255],[-96.9931,47.8409],[-97.0004,47.8563],[-97.0078,47.8717],[-97.0151,47.887],[-97.0225,47.9024],[-97.0299,47.9178],[-97.0372,47.9332],[-97.0675,47.9332],[-97.0978,47.9333],[-97.1281,47.9333],[-97.1584,47.9333],[-97.1887,47.9333],[-97.219,47.9333],[-97.2493,47.9333],[-97.2796,47.9333],[-97.3099,47.9333],[-97.3402,47.9333],[-97.3705,47.9333],[-97.4008,47.9332],[-97.4311,47.9332],[-97.4614,47.9331],[-97.4917,47.9331],[-97.522,47.933],[-97.5385,47.9399],[-97.5551,47.9468],[-97.5757,47.947],[-97.5964,47.9471],[-97.6171,47.9472],[-97.6378,47.9473],[-97.6585,47.9474],[-97.6792,47.9475],[-97.6999,47.9476],[-97.7206,47.9476],[-97.7351,47.9549],[-97.7497,47.9622],[-97.7643,47.9694],[-97.7788,47.9767],[-97.7934,47.984],[-97.808,47.9912],[-97.8226,47.9985],[-97.8372,48.0057],[-97.8578,48.0058],[-97.8783,48.0059],[-97.8989,48.006],[-97.9195,48.0061],[-97.94,48.0062],[-97.9606,48.0063],[-97.9812,48.0064],[-98.0017,48.0065],[-98.0237,48.0137],[-98.0456,48.0208],[-98.0671,48.0208],[-98.0885,48.0209],[-98.11,48.0209],[-98.1314,48.021],[-98.1528,48.021],[-98.1743,48.021],[-98.1957,48.0211],[-98.2172,48.0211],[-98.2469,48.0246],[-98.2766,48.0281],[-98.3063,48.0316],[-98.336,48.0351]]]},"properties":{"OBJECTID":687,"state":"North Dakota","agency":"North Dakota Game and Fish","unit_type":"Deer","unit_id":"2B","unit_name":"Red River","unit_label":"North Dakota Deer 2B - Red River","aliases":"2025 | 2b | 2b red river | deer | deer 2b | deer 2b red river | north dakota | north dakota 2b | north dakota 2b red river | north dakota deer 2b | north dakota deer 2b red river | north dakota game and fish | north dakota game and fish 2b | red river","year":"2025","Shape_Length":517206.0234946676,"Shape_Area":11794796787.225122}},{"type":"Feature","id":688,"geometry":{"type":"Polygon","coordinates":[[[-102.7288,47.9752],[-102.7329,47.9575],[-102.7369,47.9399],[-102.7409,47.9222],[-102.745,47.9046],[-102.7384,47.8903],[-102.7317,47.8761],[-102.7251,47.8619],[-102.7185,47.8476],[-102.7162,47.8112],[-102.7138,47.7747],[-102.7114,47.7383],[-102.709,47.7019],[-102.716,47.6859],[-102.723,47.67],[-102.7299,47.6541],[-102.7368,47.6381],[-102.7438,47.6222],[-102.7507,47.6063],[-102.7577,47.5904],[-102.7646,47.5744],[-102.7844,47.5667],[-102.8041,47.5589],[-102.8239,47.5511],[-102.8436,47.5434],[-102.8418,47.4573],[-102.8318,47.4487],[-102.8219,47.44],[-102.812,47.4314],[-102.802,47.4227],[-102.7921,47.4141],[-102.7822,47.4055],[-102.7723,47.3968],[-102.7623,47.3882],[-102.7587,47.3575],[-102.7385,47.3557],[-102.7183,47.3539],[-102.6981,47.3521],[-102.6778,47.3503],[-102.6576,47.3485],[-102.6374,47.3467],[-102.6172,47.3449],[-102.597,47.3431],[-102.5811,47.3431],[-102.5653,47.3431],[-102.5494,47.3431],[-102.5336,47.3431],[-102.5177,47.343],[-102.5018,47.343],[-102.486,47.343],[-102.4701,47.3429],[-102.4543,47.3429],[-102.4384,47.3429],[-102.4226,47.3428],[-102.4067,47.3428],[-102.3908,47.3428],[-102.375,47.3427],[-102.3591,47.3427],[-102.3433,47.3426],[-102.3354,47.3139],[-102.3164,47.3121],[-102.2975,47.3103],[-102.2786,47.3085],[-102.2597,47.3067],[-102.2407,47.305],[-102.2218,47.3032],[-102.2029,47.3014],[-102.184,47.2996],[-102.1623,47.2996],[-102.1406,47.2997],[-102.119,47.2997],[-102.0973,47.2997],[-102.0756,47.2997],[-102.054,47.2998],[-102.0323,47.2998],[-102.0106,47.2998],[-101.9889,47.2998],[-101.9673,47.2998],[-101.9456,47.2998],[-101.9239,47.2999],[-101.9023,47.2999],[-101.8806,47.2998],[-101.8589,47.2998],[-101.8373,47.2998],[-101.8156,47.2998],[-101.7939,47.2998],[-101.7723,47.2998],[-101.7506,47.2998],[-101.7289,47.2997],[-101.7072,47.2997],[-101.6856,47.2997],[-101.6639,47.2996],[-101.6422,47.2996],[-101.6206,47.2996],[-101.5989,47.2995],[-101.5772,47.2995],[-101.5556,47.2994],[-101.5339,47.2993],[-101.5122,47.2993],[-101.4906,47.2992],[-101.4975,47.3158],[-101.5045,47.3324],[-101.5052,47.5427],[-101.4903,47.5359],[-101.4754,47.5292],[-101.4604,47.5224],[-101.4455,47.5156],[-101.4306,47.5088],[-101.4156,47.5021],[-101.4007,47.4953],[-101.3858,47.4885],[-101.3776,47.5185],[-101.3695,47.5486],[-101.3452,47.5493],[-101.3209,47.5499],[-101.2966,47.5506],[-101.2723,47.5512],[-101.2698,47.5805],[-101.2673,47.6098],[-101.2915,47.6052],[-101.3157,47.6005],[-101.3399,47.5959],[-101.3641,47.5912],[-101.3848,47.5907],[-101.4056,47.5902],[-101.4264,47.5897],[-101.4472,47.5891],[-101.468,47.5886],[-101.4887,47.5881],[-101.5095,47.5875],[-101.5303,47.587],[-101.5566,47.5911],[-101.5828,47.5952],[-101.6091,47.5993],[-101.6353,47.6034],[-101.6201,47.5947],[-101.6048,47.5861],[-101.5895,47.5774],[-101.5743,47.5688],[-101.5936,47.5658],[-101.6129,47.5629],[-101.6322,47.5599],[-101.6515,47.557],[-101.6708,47.5541],[-101.6901,47.5511],[-101.7094,47.5482],[-101.7287,47.5452],[-101.748,47.5489],[-101.7674,47.5526],[-101.7867,47.5563],[-101.8061,47.56],[-101.8234,47.5574],[-101.8408,47.5548],[-101.8582,47.5522],[-101.8755,47.5496],[-101.8929,47.547],[-101.9102,47.5443],[-101.9276,47.5417],[-101.9449,47.5391],[-101.9689,47.5505],[-101.9928,47.5618],[-102.0168,47.5732],[-102.0407,47.5846],[-102.0653,47.5893],[-102.0899,47.5941],[-102.1144,47.5988],[-102.139,47.6036],[-102.1635,47.6083],[-102.1881,47.6131],[-102.2127,47.6178],[-102.2373,47.6225],[-102.2255,47.6417],[-102.2137,47.6609],[-102.2192,47.6799],[-102.2247,47.6989],[-102.2302,47.7179],[-102.2356,47.737],[-102.2411,47.756],[-102.2466,47.775],[-102.2521,47.7941],[-102.2576,47.8131],[-102.2656,47.8281],[-102.2736,47.8432],[-102.2815,47.8582],[-102.2895,47.8732],[-102.2975,47.8882],[-102.3054,47.9033],[-102.3134,47.9183],[-102.3214,47.9333],[-102.3432,47.9441],[-102.3649,47.9549],[-102.3867,47.9657],[-102.4085,47.9765],[-102.4232,47.9676],[-102.438,47.9588],[-102.434,47.9387],[-102.43,47.9186],[-102.426,47.8985],[-102.422,47.8784],[-102.4071,47.8661],[-102.3922,47.8537],[-102.3773,47.8414],[-102.3624,47.8291],[-102.3739,47.8133],[-102.3854,47.7976],[-102.3969,47.7818],[-102.4084,47.766],[-102.4284,47.7698],[-102.4484,47.7736],[-102.4684,47.7774],[-102.4884,47.7812],[-102.5084,47.7849],[-102.5284,47.7887],[-102.5484,47.7925],[-102.5684,47.7962],[-102.587,47.8091],[-102.6056,47.822],[-102.6242,47.8348],[-102.6429,47.8477],[-102.6355,47.8819],[-102.6282,47.9161],[-102.6094,47.9316],[-102.5906,47.9472],[-102.5718,47.9627],[-102.5529,47.9783],[-102.5749,47.9779],[-102.5969,47.9775],[-102.6189,47.9771],[-102.6409,47.9768],[-102.6629,47.9764],[-102.6849,47.976],[-102.7068,47.9756],[-102.7288,47.9752]],[[-101.291,47.5771],[-101.2829,47.568],[-101.2748,47.559],[-101.2978,47.5599],[-101.3209,47.5608],[-101.3439,47.5616],[-101.3669,47.5625],[-101.348,47.5662],[-101.329,47.5698],[-101.31,47.5734],[-101.291,47.5771]]]},"properties":{"OBJECTID":688,"state":"North Dakota","agency":"North Dakota Game and Fish","unit_type":"Deer","unit_id":"3B2","unit_name":"Missouri River","unit_label":"North Dakota Deer 3B2 - Missouri River","aliases":"2025 | 3b2 | 3b2 missouri river | deer | deer 3b2 | deer 3b2 missouri river | missouri river | north dakota | north dakota 3b2 | north dakota 3b2 missouri river | north dakota deer 3b2 | north dakota deer 3b2 missouri river | north dakota game and fish |","year":"2025","Shape_Length":456356.5388243577,"Shape_Area":4146172625.5717735}},{"type":"Feature","id":689,"geometry":{"type":"Polygon","coordinates":[[[-102.7288,47.9752],[-102.7554,47.9752],[-102.782,47.9752],[-102.8085,47.9753],[-102.8351,47.9753],[-102.8616,47.9753],[-102.8882,47.9753],[-102.9148,47.9753],[-102.9413,47.9753],[-102.9416,47.8042],[-102.9629,47.8039],[-102.9843,47.8037],[-103.0056,47.8034],[-103.027,47.8031],[-103.0483,47.8028],[-103.0697,47.8025],[-103.091,47.8022],[-103.1123,47.8019],[-103.1337,47.8016],[-103.155,47.8013],[-103.1764,47.801],[-103.1977,47.8007],[-103.2191,47.8003],[-103.2404,47.8],[-103.2618,47.7997],[-103.2831,47.7994],[-103.2839,47.6791],[-103.2762,47.6571],[-103.2685,47.6351],[-103.2607,47.6131],[-103.253,47.5911],[-103.2516,47.5431],[-103.2502,47.4952],[-103.2487,47.4473],[-103.2473,47.3994],[-103.2315,47.3854],[-103.2157,47.3713],[-103.1999,47.3572],[-103.1841,47.3431],[-103.1553,47.3468],[-103.1264,47.3504],[-103.0975,47.3541],[-103.0687,47.3577],[-103.0493,47.3577],[-103.0299,47.3577],[-103.0105,47.3577],[-102.9912,47.3577],[-102.9718,47.3577],[-102.9524,47.3577],[-102.9331,47.3577],[-102.9137,47.3577],[-102.8943,47.3577],[-102.8749,47.3577],[-102.8556,47.3576],[-102.8362,47.3576],[-102.8168,47.3576],[-102.7974,47.3576],[-102.7781,47.3575],[-102.7587,47.3575],[-102.7623,47.3882],[-102.7723,47.3968],[-102.7822,47.4055],[-102.7921,47.4141],[-102.802,47.4227],[-102.812,47.4314],[-102.8219,47.44],[-102.8318,47.4487],[-102.8418,47.4573],[-102.8436,47.5434],[-102.8239,47.5511],[-102.8041,47.5589],[-102.7844,47.5667],[-102.7646,47.5744],[-102.7577,47.5904],[-102.7507,47.6063],[-102.7438,47.6222],[-102.7368,47.6381],[-102.7299,47.6541],[-102.723,47.67],[-102.716,47.6859],[-102.709,47.7019],[-102.7114,47.7383],[-102.7138,47.7747],[-102.7162,47.8112],[-102.7185,47.8476],[-102.7251,47.8619],[-102.7317,47.8761],[-102.7384,47.8903],[-102.745,47.9046],[-102.7409,47.9222],[-102.7369,47.9399],[-102.7329,47.9575],[-102.7288,47.9752]]]},"properties":{"OBJECTID":689,"state":"North Dakota","agency":"North Dakota Game and Fish","unit_type":"Deer","unit_id":"4A","unit_name":"Badlands","unit_label":"North Dakota Deer 4A - Badlands","aliases":"2025 | 4a | 4a badlands | badlands | deer | deer 4a | deer 4a badlands | north dakota | north dakota 4a | north dakota 4a badlands | north dakota deer 4a | north dakota deer 4a badlands | north dakota game and fish | north dakota game and fish 4a","year":"2025","Shape_Length":220233.7837808859,"Shape_Area":2141255050.843944}},{"type":"Feature","id":690,"geometry":{"type":"Polygon","coordinates":[[[-104.0415,47.8625],[-104.0417,47.8515],[-104.0418,47.845],[-104.0424,47.8045],[-104.0425,47.7973],[-104.0427,47.7866],[-104.0434,47.7258],[-104.0437,47.6491],[-104.0438,47.6298],[-104.0442,47.5031],[-104.0444,47.494],[-104.0449,47.3757],[-104.0449,47.3748],[-104.0449,47.1341],[-104.0449,47.1246],[-104.0454,47.0027],[-104.0455,46.9896],[-104.0455,46.9886],[-104.0454,46.9781],[-104.0455,46.9673],[-104.0456,46.9625],[-104.0456,46.9492],[-104.0456,46.9476],[-104.0456,46.9435],[-104.0456,46.9394],[-104.0456,46.9349],[-104.0276,46.9348],[-104.0096,46.9348],[-103.9915,46.9348],[-103.9735,46.9347],[-103.9555,46.9347],[-103.9375,46.9347],[-103.9195,46.9346],[-103.9014,46.9346],[-103.8795,46.9373],[-103.8575,46.9399],[-103.8356,46.9426],[-103.8136,46.9453],[-103.7917,46.948],[-103.7697,46.9506],[-103.7478,46.9533],[-103.7258,46.956],[-103.7031,46.953],[-103.6805,46.95],[-103.6578,46.947],[-103.6352,46.944],[-103.6125,46.9411],[-103.5898,46.9381],[-103.5672,46.9351],[-103.5445,46.9321],[-103.5309,46.9416],[-103.5173,46.9511],[-103.5036,46.9606],[-103.49,46.9701],[-103.4962,46.9838],[-103.5025,46.9976],[-103.5087,47.0114],[-103.5149,47.0252],[-103.5212,47.039],[-103.5274,47.0528],[-103.5337,47.0666],[-103.5399,47.0804],[-103.5508,47.0934],[-103.5618,47.1064],[-103.5727,47.1194],[-103.5836,47.1324],[-103.5672,47.1397],[-103.5508,47.147],[-103.5716,47.1607],[-103.5924,47.1744],[-103.6133,47.1881],[-103.6341,47.2018],[-103.628,47.2258],[-103.622,47.2498],[-103.6159,47.2738],[-103.6098,47.2978],[-103.6219,47.3054],[-103.634,47.313],[-103.6461,47.3206],[-103.6582,47.3281],[-103.6447,47.3376],[-103.6311,47.3471],[-103.6176,47.3566],[-103.6041,47.3661],[-103.616,47.3843],[-103.6279,47.4025],[-103.6398,47.4208],[-103.6517,47.439],[-103.6361,47.4573],[-103.6205,47.4755],[-103.6049,47.4938],[-103.5892,47.512],[-103.5713,47.5181],[-103.5534,47.5243],[-103.5354,47.5304],[-103.5175,47.5366],[-103.4957,47.535],[-103.474,47.5335],[-103.4522,47.532],[-103.4305,47.5305],[-103.4268,47.5975],[-103.4051,47.5968],[-103.3833,47.5959],[-103.3616,47.5951],[-103.3399,47.5943],[-103.3182,47.5935],[-103.2965,47.5927],[-103.2748,47.5919],[-103.253,47.5911],[-103.2607,47.6131],[-103.2685,47.6351],[-103.2762,47.6571],[-103.2839,47.6791],[-103.2831,47.7994],[-103.3055,47.7997],[-103.3278,47.8001],[-103.3502,47.8005],[-103.3726,47.8009],[-103.3949,47.8012],[-103.4173,47.8016],[-103.4396,47.8019],[-103.462,47.8023],[-103.4844,47.8026],[-103.5067,47.803],[-103.5291,47.8033],[-103.5514,47.8037],[-103.5738,47.804],[-103.5962,47.8043],[-103.6185,47.8047],[-103.6409,47.805],[-103.6444,47.8411],[-103.648,47.8773],[-103.6748,47.8773],[-103.7015,47.8773],[-103.7283,47.8773],[-103.755,47.8773],[-103.7818,47.8773],[-103.8086,47.8773],[-103.8353,47.8772],[-103.8621,47.8772],[-103.8834,47.8723],[-103.9047,47.8674],[-103.9259,47.8625],[-103.9472,47.8575],[-103.9708,47.8588],[-103.9944,47.86],[-104.0179,47.8613],[-104.0415,47.8625]]]},"properties":{"OBJECTID":690,"state":"North Dakota","agency":"North Dakota Game and Fish","unit_type":"Deer","unit_id":"4B","unit_name":"Badlands","unit_label":"North Dakota Deer 4B - Badlands","aliases":"2025 | 4b | 4b badlands | badlands | deer | deer 4b | deer 4b badlands | north dakota | north dakota 4b | north dakota 4b badlands | north dakota deer 4b | north dakota deer 4b badlands | north dakota game and fish | north dakota game and fish 4b","year":"2025","Shape_Length":339859.9487195019,"Shape_Area":4153016310.2735176}},{"type":"Feature","id":691,"geometry":{"type":"Polygon","coordinates":[[[-99.1235,47.8329],[-99.122,47.739],[-99.1204,47.6451],[-99.1189,47.5512],[-99.1174,47.4573],[-99.0982,47.4574],[-99.079,47.4574],[-99.0598,47.4574],[-99.0406,47.4574],[-99.0214,47.4575],[-99.0022,47.4575],[-98.9831,47.4575],[-98.9639,47.4575],[-98.9447,47.4575],[-98.9255,47.4575],[-98.9063,47.4575],[-98.8871,47.4575],[-98.8679,47.4575],[-98.8487,47.4575],[-98.8295,47.4575],[-98.8104,47.4575],[-98.7912,47.4575],[-98.772,47.4575],[-98.7528,47.4574],[-98.7336,47.4574],[-98.7144,47.4574],[-98.6952,47.4574],[-98.676,47.4573],[-98.6568,47.4573],[-98.6377,47.4573],[-98.6185,47.4572],[-98.5993,47.4572],[-98.5801,47.4572],[-98.5609,47.4571],[-98.5417,47.4571],[-98.5225,47.457],[-98.5033,47.457],[-98.4892,47.4497],[-98.475,47.4425],[-98.455,47.4425],[-98.4351,47.4425],[-98.4151,47.4425],[-98.3951,47.4425],[-98.3752,47.4426],[-98.3552,47.4426],[-98.3353,47.4426],[-98.3153,47.4426],[-98.2954,47.4425],[-98.2754,47.4425],[-98.2554,47.4425],[-98.2355,47.4425],[-98.2155,47.4425],[-98.1956,47.4425],[-98.1756,47.4425],[-98.1556,47.4424],[-98.1357,47.4424],[-98.1157,47.4424],[-98.0958,47.4423],[-98.0758,47.4423],[-98.0558,47.4423],[-98.0359,47.4422],[-98.0159,47.4422],[-97.996,47.4421],[-97.976,47.4421],[-97.956,47.442],[-97.9361,47.442],[-97.9161,47.4419],[-97.8962,47.4418],[-97.8762,47.4418],[-97.8563,47.4417],[-97.8363,47.4416],[-97.8356,47.5967],[-97.8542,47.5973],[-97.8728,47.5978],[-97.8915,47.5984],[-97.9101,47.5989],[-97.9287,47.5995],[-97.9474,47.6],[-97.966,47.6005],[-97.9846,47.6011],[-97.9872,47.6729],[-97.9898,47.7447],[-98.0084,47.7448],[-98.0269,47.7448],[-98.0455,47.7448],[-98.0641,47.7448],[-98.0826,47.7448],[-98.1012,47.7448],[-98.1198,47.7447],[-98.1383,47.7447],[-98.1573,47.7556],[-98.1764,47.7665],[-98.1954,47.7774],[-98.2144,47.7883],[-98.2387,47.7883],[-98.263,47.7883],[-98.2874,47.7883],[-98.3117,47.7883],[-98.3362,47.7955],[-98.3607,47.8028],[-98.389,47.8029],[-98.4173,47.8031],[-98.4456,47.8032],[-98.4739,47.8034],[-98.5022,47.8035],[-98.5305,47.8036],[-98.5588,47.8038],[-98.5871,47.8039],[-98.5918,47.8184],[-98.5964,47.8329],[-98.6129,47.8329],[-98.6294,47.833],[-98.6458,47.833],[-98.6623,47.833],[-98.6788,47.833],[-98.6953,47.8331],[-98.7117,47.8331],[-98.7282,47.8331],[-98.7447,47.8331],[-98.7611,47.8331],[-98.7776,47.8331],[-98.7941,47.8331],[-98.8106,47.8331],[-98.827,47.8332],[-98.8435,47.8332],[-98.86,47.8332],[-98.8764,47.8332],[-98.8929,47.8332],[-98.9094,47.8331],[-98.9258,47.8331],[-98.9423,47.8331],[-98.9588,47.8331],[-98.9753,47.8331],[-98.9917,47.8331],[-99.0082,47.8331],[-99.0247,47.8331],[-99.0411,47.833],[-99.0576,47.833],[-99.0741,47.833],[-99.0906,47.833],[-99.107,47.8329],[-99.1235,47.8329]]]},"properties":{"OBJECTID":691,"state":"North Dakota","agency":"North Dakota Game and Fish","unit_type":"Deer","unit_id":"2F1","unit_name":"Sheyenne-James","unit_label":"North Dakota Deer 2F1 - Sheyenne-James","aliases":"2025 | 2f1 | 2f1 sheyenne james | deer | deer 2f1 | deer 2f1 sheyenne james | north dakota | north dakota 2f1 | north dakota 2f1 sheyenne james | north dakota deer 2f1 | north dakota deer 2f1 sheyenne james | north dakota game and fish | north dakota gam","year":"2025","Shape_Length":273714.2609646561,"Shape_Area":3556310054.4529343}},{"type":"Feature","id":692,"geometry":{"type":"Polygon","coordinates":[[[-101.2673,47.6098],[-101.2698,47.5805],[-101.2723,47.5512],[-101.2966,47.5506],[-101.3209,47.5499],[-101.3452,47.5493],[-101.3695,47.5486],[-101.3776,47.5185],[-101.3858,47.4885],[-101.4007,47.4953],[-101.4156,47.5021],[-101.4306,47.5088],[-101.4455,47.5156],[-101.4604,47.5224],[-101.4754,47.5292],[-101.4903,47.5359],[-101.5052,47.5427],[-101.5045,47.3324],[-101.4975,47.3158],[-101.4906,47.2992],[-101.4747,47.2993],[-101.4587,47.2993],[-101.4428,47.2993],[-101.4269,47.2993],[-101.4261,47.1113],[-101.4047,47.1114],[-101.3833,47.1115],[-101.3619,47.1116],[-101.3404,47.1117],[-101.319,47.1117],[-101.2976,47.1118],[-101.2761,47.1119],[-101.2547,47.112],[-101.2333,47.1121],[-101.2118,47.1121],[-101.1904,47.1122],[-101.169,47.1123],[-101.1476,47.1123],[-101.1261,47.1124],[-101.1047,47.1124],[-101.0833,47.1125],[-101.0771,47.0723],[-101.071,47.0321],[-101.0631,47.022],[-101.0553,47.0119],[-101.0475,47.0017],[-101.0397,46.9916],[-101.0319,46.9815],[-101.0241,46.9713],[-101.0163,46.9612],[-101.0085,46.9511],[-101.0082,46.863],[-100.9895,46.8587],[-100.9708,46.8543],[-100.9521,46.85],[-100.9334,46.8457],[-100.9147,46.8413],[-100.896,46.837],[-100.8774,46.8326],[-100.8587,46.8283],[-100.8373,46.8291],[-100.8159,46.8299],[-100.7945,46.8307],[-100.7732,46.8315],[-100.7778,46.8674],[-100.7825,46.9032],[-100.7872,46.939],[-100.7919,46.9748],[-100.7926,47.1527],[-100.8044,47.1691],[-100.8162,47.1854],[-100.8346,47.1868],[-100.853,47.1881],[-100.8714,47.1894],[-100.8898,47.1907],[-100.9078,47.2047],[-100.9258,47.2187],[-100.9438,47.2326],[-100.9618,47.2466],[-100.9799,47.2606],[-100.9979,47.2745],[-101.016,47.2885],[-101.034,47.3024],[-101.0491,47.3066],[-101.0641,47.3108],[-101.0717,47.3292],[-101.0793,47.3477],[-101.0869,47.3662],[-101.0946,47.3846],[-101.1022,47.4031],[-101.1098,47.4215],[-101.1175,47.44],[-101.1251,47.4584],[-101.1413,47.471],[-101.1575,47.4835],[-101.1737,47.496],[-101.1899,47.5085],[-101.2062,47.521],[-101.2224,47.5335],[-101.2386,47.546],[-101.2549,47.5585],[-101.2604,47.5842],[-101.266,47.6099],[-101.2673,47.6098]]]},"properties":{"OBJECTID":692,"state":"North Dakota","agency":"North Dakota Game and Fish","unit_type":"Deer","unit_id":"3B3","unit_name":"Missouri River","unit_label":"North Dakota Deer 3B3 - Missouri River","aliases":"2025 | 3b3 | 3b3 missouri river | deer | deer 3b3 | deer 3b3 missouri river | missouri river | north dakota | north dakota 3b3 | north dakota 3b3 missouri river | north dakota deer 3b3 | north dakota deer 3b3 missouri river | north dakota game and fish |","year":"2025","Shape_Length":259674.0896058437,"Shape_Area":2180841060.1694016}},{"type":"Feature","id":693,"geometry":{"type":"Polygon","coordinates":[[[-103.5175,47.5366],[-103.5354,47.5304],[-103.5534,47.5243],[-103.5713,47.5181],[-103.5892,47.512],[-103.6049,47.4938],[-103.6205,47.4755],[-103.6361,47.4573],[-103.6517,47.439],[-103.6398,47.4208],[-103.6279,47.4025],[-103.616,47.3843],[-103.6041,47.3661],[-103.6176,47.3566],[-103.6311,47.3471],[-103.6447,47.3376],[-103.6582,47.3281],[-103.6461,47.3206],[-103.634,47.313],[-103.6219,47.3054],[-103.6098,47.2978],[-103.6159,47.2738],[-103.622,47.2498],[-103.628,47.2258],[-103.6341,47.2018],[-103.6133,47.1881],[-103.5924,47.1744],[-103.5716,47.1607],[-103.5508,47.147],[-103.5672,47.1397],[-103.5836,47.1324],[-103.5727,47.1194],[-103.5618,47.1064],[-103.5508,47.0934],[-103.5399,47.0804],[-103.5337,47.0666],[-103.5274,47.0528],[-103.5212,47.039],[-103.5149,47.0252],[-103.5087,47.0114],[-103.5025,46.9976],[-103.4962,46.9838],[-103.49,46.9701],[-103.5036,46.9606],[-103.5173,46.9511],[-103.5309,46.9416],[-103.5445,46.9321],[-103.5218,46.9266],[-103.4991,46.9211],[-103.4764,46.9156],[-103.4537,46.91],[-103.431,46.9045],[-103.4083,46.899],[-103.3856,46.8935],[-103.3629,46.888],[-103.3412,46.8891],[-103.3196,46.8902],[-103.2979,46.8914],[-103.2763,46.8925],[-103.2547,46.8936],[-103.233,46.8947],[-103.2113,46.8959],[-103.1897,46.897],[-103.1927,46.9602],[-103.1957,47.0235],[-103.1986,47.0868],[-103.2016,47.1501],[-103.207,47.1803],[-103.2123,47.2106],[-103.2176,47.2409],[-103.2229,47.2711],[-103.2132,47.2891],[-103.2035,47.3071],[-103.1938,47.3251],[-103.1841,47.3431],[-103.1999,47.3572],[-103.2157,47.3713],[-103.2315,47.3854],[-103.2473,47.3994],[-103.2487,47.4473],[-103.2502,47.4952],[-103.2516,47.5431],[-103.253,47.5911],[-103.2748,47.5919],[-103.2965,47.5927],[-103.3182,47.5935],[-103.3399,47.5943],[-103.3616,47.5951],[-103.3833,47.5959],[-103.4051,47.5968],[-103.4268,47.5975],[-103.4305,47.5305],[-103.4522,47.532],[-103.474,47.5335],[-103.4957,47.535],[-103.5175,47.5366]]]},"properties":{"OBJECTID":693,"state":"North Dakota","agency":"North Dakota Game and Fish","unit_type":"Deer","unit_id":"4C","unit_name":"Badlands","unit_label":"North Dakota Deer 4C - Badlands","aliases":"2025 | 4c | 4c badlands | badlands | deer | deer 4c | deer 4c badlands | north dakota | north dakota 4c | north dakota 4c badlands | north dakota deer 4c | north dakota deer 4c badlands | north dakota game and fish | north dakota game and fish 4c","year":"2025","Shape_Length":217285.68724357715,"Shape_Area":2063991626.9673522}},{"type":"Feature","id":694,"geometry":{"type":"Polygon","coordinates":[[[-101.291,47.5771],[-101.31,47.5734],[-101.329,47.5698],[-101.348,47.5662],[-101.3669,47.5625],[-101.3439,47.5616],[-101.3209,47.5608],[-101.2978,47.5599],[-101.2748,47.559],[-101.2829,47.568],[-101.291,47.5771]]]},"properties":{"OBJECTID":694,"state":"North Dakota","agency":"North Dakota Game and Fish","unit_type":"Deer","unit_id":"3B3","unit_name":"Missouri River","unit_label":"North Dakota Deer 3B3 - Missouri River","aliases":"2025 | 3b3 | 3b3 missouri river | deer | deer 3b3 | deer 3b3 missouri river | missouri river | north dakota | north dakota 3b3 | north dakota 3b3 missouri river | north dakota deer 3b3 | north dakota deer 3b3 missouri river | north dakota game and fish |","year":"2025","Shape_Length":15310.140326457236,"Shape_Area":6729631.957583816}},{"type":"Feature","id":695,"geometry":{"type":"Polygon","coordinates":[[[-100.7061,47.4871],[-100.7304,47.4871],[-100.7546,47.4872],[-100.7789,47.4872],[-100.8031,47.4873],[-100.8274,47.4873],[-100.8517,47.4873],[-100.8759,47.4874],[-100.9002,47.4874],[-100.9081,47.4729],[-100.9161,47.4584],[-100.9422,47.4584],[-100.9683,47.4584],[-100.9945,47.4584],[-101.0206,47.4584],[-101.0467,47.4584],[-101.0728,47.4584],[-101.099,47.4584],[-101.1251,47.4584],[-101.1175,47.44],[-101.1098,47.4215],[-101.1022,47.4031],[-101.0946,47.3846],[-101.0869,47.3662],[-101.0793,47.3477],[-101.0717,47.3292],[-101.0641,47.3108],[-101.0491,47.3066],[-101.034,47.3024],[-101.016,47.2885],[-100.9979,47.2745],[-100.9799,47.2606],[-100.9618,47.2466],[-100.9438,47.2326],[-100.9258,47.2187],[-100.9078,47.2047],[-100.8898,47.1907],[-100.8714,47.1894],[-100.853,47.1881],[-100.8346,47.1868],[-100.8162,47.1854],[-100.8044,47.1691],[-100.7926,47.1527],[-100.7919,46.9748],[-100.7872,46.939],[-100.7825,46.9032],[-100.7778,46.8674],[-100.7732,46.8315],[-100.7536,46.8334],[-100.7341,46.8352],[-100.7146,46.8371],[-100.6951,46.8389],[-100.6697,46.8388],[-100.6443,46.8387],[-100.6189,46.8386],[-100.5935,46.8384],[-100.5681,46.8383],[-100.5427,46.8382],[-100.5173,46.838],[-100.4919,46.8379],[-100.4665,46.8377],[-100.4411,46.8375],[-100.4157,46.8374],[-100.3902,46.8372],[-100.3648,46.837],[-100.3394,46.8368],[-100.314,46.8367],[-100.2886,46.8365],[-100.2624,46.8436],[-100.2362,46.8507],[-100.2099,46.8578],[-100.1837,46.8649],[-100.1669,46.8649],[-100.1502,46.8649],[-100.1334,46.8649],[-100.1167,46.8648],[-100.0999,46.8648],[-100.0832,46.8648],[-100.0664,46.8648],[-100.0497,46.8648],[-100.0329,46.8647],[-100.0161,46.8647],[-99.9994,46.8647],[-99.9826,46.8646],[-99.9659,46.8646],[-99.9491,46.8646],[-99.9324,46.8645],[-99.9156,46.8645],[-99.9232,46.8977],[-99.9307,46.9308],[-99.9383,46.964],[-99.9458,46.9972],[-99.9471,47.1289],[-99.9683,47.1415],[-99.9691,47.4432],[-99.9872,47.4433],[-100.0052,47.4433],[-100.0232,47.4433],[-100.0412,47.4433],[-100.0592,47.4433],[-100.0772,47.4434],[-100.0952,47.4434],[-100.1132,47.4434],[-100.1182,47.4651],[-100.1233,47.4868],[-100.154,47.4869],[-100.1847,47.4869],[-100.2155,47.4869],[-100.2462,47.4869],[-100.2689,47.487],[-100.2917,47.487],[-100.3144,47.4871],[-100.3371,47.4871],[-100.3599,47.4871],[-100.3826,47.4872],[-100.4053,47.4872],[-100.4281,47.4872],[-100.4517,47.4846],[-100.4752,47.4821],[-100.4988,47.4795],[-100.5224,47.4769],[-100.546,47.4743],[-100.5696,47.4717],[-100.5932,47.4691],[-100.6167,47.4665],[-100.6391,47.4716],[-100.6614,47.4768],[-100.6838,47.4819],[-100.7061,47.4871]]]},"properties":{"OBJECTID":695,"state":"North Dakota","agency":"North Dakota Game and Fish","unit_type":"Deer","unit_id":"2J1","unit_name":"Southern Coteau","unit_label":"North Dakota Deer 2J1 - Southern Coteau","aliases":"2025 | 2j1 | 2j1 southern coteau | deer | deer 2j1 | deer 2j1 southern coteau | north dakota | north dakota 2j1 | north dakota 2j1 southern coteau | north dakota deer 2j1 | north dakota deer 2j1 southern coteau | north dakota game and fish | north dakota","year":"2025","Shape_Length":307050.082481321,"Shape_Area":5013537242.652644}},{"type":"Feature","id":696,"geometry":{"type":"Polygon","coordinates":[[[-98.7346,46.9614],[-98.7398,46.9441],[-98.745,46.9269],[-98.7502,46.9096],[-98.7554,46.8923],[-98.7368,46.8892],[-98.7182,46.886],[-98.6942,46.8864],[-98.6702,46.8869],[-98.6462,46.8873],[-98.6221,46.8878],[-98.5981,46.8882],[-98.5741,46.8886],[-98.5501,46.889],[-98.5261,46.8894],[-98.502,46.8899],[-98.478,46.8903],[-98.454,46.8907],[-98.43,46.8911],[-98.406,46.8915],[-98.3819,46.8918],[-98.3579,46.8922],[-98.3339,46.8926],[-98.3109,46.8999],[-98.2879,46.9071],[-98.2656,46.9071],[-98.2432,46.907],[-98.2208,46.9069],[-98.1985,46.9069],[-98.1761,46.9068],[-98.1537,46.9067],[-98.1314,46.9067],[-98.109,46.9066],[-98.0889,46.9075],[-98.0688,46.9083],[-98.0487,46.9092],[-98.0285,46.91],[-98.0084,46.9109],[-97.9883,46.9117],[-97.9682,46.9126],[-97.9481,46.9134],[-97.9279,46.9143],[-97.9078,46.9151],[-97.8877,46.916],[-97.8676,46.9168],[-97.8475,46.9176],[-97.8274,46.9185],[-97.8072,46.9193],[-97.7871,46.9201],[-97.7888,47.0343],[-97.7905,47.1486],[-97.7923,47.2629],[-97.794,47.3773],[-97.8046,47.3934],[-97.8151,47.4094],[-97.8257,47.4255],[-97.8363,47.4416],[-97.8563,47.4417],[-97.8762,47.4418],[-97.8962,47.4418],[-97.9161,47.4419],[-97.9361,47.442],[-97.956,47.442],[-97.976,47.4421],[-97.996,47.4421],[-98.0159,47.4422],[-98.0359,47.4422],[-98.0558,47.4423],[-98.0758,47.4423],[-98.0958,47.4423],[-98.1157,47.4424],[-98.1357,47.4424],[-98.1556,47.4424],[-98.1756,47.4425],[-98.1956,47.4425],[-98.2155,47.4425],[-98.2355,47.4425],[-98.2554,47.4425],[-98.2754,47.4425],[-98.2954,47.4425],[-98.3153,47.4426],[-98.3353,47.4426],[-98.3552,47.4426],[-98.3752,47.4426],[-98.3951,47.4425],[-98.4151,47.4425],[-98.4351,47.4425],[-98.455,47.4425],[-98.475,47.4425],[-98.4892,47.4497],[-98.5033,47.457],[-98.5225,47.457],[-98.5417,47.4571],[-98.5609,47.4571],[-98.5801,47.4572],[-98.5993,47.4572],[-98.6185,47.4572],[-98.6377,47.4573],[-98.6568,47.4573],[-98.676,47.4573],[-98.6952,47.4574],[-98.7144,47.4574],[-98.7336,47.4574],[-98.7528,47.4574],[-98.772,47.4575],[-98.7912,47.4575],[-98.8104,47.4575],[-98.8295,47.4575],[-98.8487,47.4575],[-98.8679,47.4575],[-98.8871,47.4575],[-98.9063,47.4575],[-98.9255,47.4575],[-98.9447,47.4575],[-98.9639,47.4575],[-98.9831,47.4575],[-99.0022,47.4575],[-99.0214,47.4575],[-99.0406,47.4574],[-99.0598,47.4574],[-99.079,47.4574],[-99.0982,47.4574],[-99.1174,47.4573],[-99.116,47.4354],[-99.1068,47.4236],[-99.0975,47.4117],[-99.0883,47.3999],[-99.079,47.3881],[-99.0698,47.3762],[-99.0605,47.3644],[-99.0513,47.3526],[-99.0421,47.3407],[-99.0328,47.3289],[-99.0236,47.3171],[-99.0144,47.3052],[-99.0052,47.2934],[-98.9959,47.2816],[-98.9867,47.2697],[-98.9775,47.2579],[-98.9683,47.2461],[-98.9591,47.2342],[-98.9499,47.2224],[-98.9407,47.2106],[-98.9315,47.1987],[-98.9223,47.1869],[-98.9131,47.1751],[-98.904,47.1632],[-98.8948,47.1514],[-98.8856,47.1396],[-98.8764,47.1277],[-98.8673,47.1159],[-98.8581,47.1041],[-98.8489,47.0922],[-98.8398,47.0804],[-98.8306,47.0686],[-98.8215,47.0567],[-98.8106,47.0448],[-98.7997,47.0329],[-98.7888,47.021],[-98.778,47.0091],[-98.7671,46.9972],[-98.7563,46.9852],[-98.7454,46.9733],[-98.7346,46.9614]]]},"properties":{"OBJECTID":696,"state":"North Dakota","agency":"North Dakota Game and Fish","unit_type":"Deer","unit_id":"2F2","unit_name":"Sheyenne-James","unit_label":"North Dakota Deer 2F2 - Sheyenne-James","aliases":"2025 | 2f2 | 2f2 sheyenne james | deer | deer 2f2 | deer 2f2 sheyenne james | north dakota | north dakota 2f2 | north dakota 2f2 sheyenne james | north dakota deer 2f2 | north dakota deer 2f2 sheyenne james | north dakota game and fish | north dakota gam","year":"2025","Shape_Length":300891.2513307938,"Shape_Area":5178937478.387703}},{"type":"Feature","id":697,"geometry":{"type":"Polygon","coordinates":[[[-103.1841,47.3431],[-103.1938,47.3251],[-103.2035,47.3071],[-103.2132,47.2891],[-103.2229,47.2711],[-103.2176,47.2409],[-103.2123,47.2106],[-103.207,47.1803],[-103.2016,47.1501],[-103.1986,47.0868],[-103.1957,47.0235],[-103.1927,46.9602],[-103.1897,46.897],[-103.167,46.8942],[-103.1444,46.8913],[-103.1197,46.8914],[-103.095,46.8915],[-103.0703,46.8916],[-103.0456,46.8917],[-103.0209,46.8918],[-102.9962,46.8919],[-102.9715,46.8919],[-102.9468,46.892],[-102.9221,46.8921],[-102.8974,46.8921],[-102.8727,46.8922],[-102.848,46.8922],[-102.8233,46.8923],[-102.7986,46.8923],[-102.7739,46.8924],[-102.7491,46.8924],[-102.7275,46.8837],[-102.7012,46.883],[-102.675,46.8823],[-102.6487,46.8816],[-102.6224,46.8808],[-102.5962,46.8801],[-102.5699,46.8794],[-102.5437,46.8786],[-102.5174,46.8779],[-102.4912,46.8771],[-102.4649,46.8764],[-102.4386,46.8756],[-102.4124,46.8748],[-102.3861,46.8741],[-102.3599,46.8733],[-102.3336,46.8725],[-102.3074,46.8717],[-102.3179,46.8849],[-102.3284,46.8981],[-102.3302,47.002],[-102.3319,47.1059],[-102.3336,47.2099],[-102.3354,47.3139],[-102.3433,47.3426],[-102.3591,47.3427],[-102.375,47.3427],[-102.3908,47.3428],[-102.4067,47.3428],[-102.4226,47.3428],[-102.4384,47.3429],[-102.4543,47.3429],[-102.4701,47.3429],[-102.486,47.343],[-102.5018,47.343],[-102.5177,47.343],[-102.5336,47.3431],[-102.5494,47.3431],[-102.5653,47.3431],[-102.5811,47.3431],[-102.597,47.3431],[-102.6172,47.3449],[-102.6374,47.3467],[-102.6576,47.3485],[-102.6778,47.3503],[-102.6981,47.3521],[-102.7183,47.3539],[-102.7385,47.3557],[-102.7587,47.3575],[-102.7781,47.3575],[-102.7974,47.3576],[-102.8168,47.3576],[-102.8362,47.3576],[-102.8556,47.3576],[-102.8749,47.3577],[-102.8943,47.3577],[-102.9137,47.3577],[-102.9331,47.3577],[-102.9524,47.3577],[-102.9718,47.3577],[-102.9912,47.3577],[-103.0105,47.3577],[-103.0299,47.3577],[-103.0493,47.3577],[-103.0687,47.3577],[-103.0975,47.3541],[-103.1264,47.3504],[-103.1553,47.3468],[-103.1841,47.3431]]]},"properties":{"OBJECTID":697,"state":"North Dakota","agency":"North Dakota Game and Fish","unit_type":"Deer","unit_id":"3D1","unit_name":"Slope","unit_label":"North Dakota Deer 3D1 - Slope","aliases":"2025 | 3d1 | 3d1 slope | deer | deer 3d1 | deer 3d1 slope | north dakota | north dakota 3d1 | north dakota 3d1 slope | north dakota deer 3d1 | north dakota deer 3d1 slope | north dakota game and fish | north dakota game and fish 3d1 | slope","year":"2025","Shape_Length":234591.47581799433,"Shape_Area":3410901796.022799}},{"type":"Feature","id":698,"geometry":{"type":"Polygon","coordinates":[[[-102.3354,47.3139],[-102.3336,47.2099],[-102.3319,47.1059],[-102.3302,47.002],[-102.3284,46.8981],[-102.3179,46.8849],[-102.3074,46.8717],[-102.29,46.8707],[-102.2727,46.8696],[-102.2553,46.8685],[-102.2379,46.8674],[-102.2206,46.8663],[-102.2032,46.8652],[-102.1859,46.8641],[-102.1685,46.863],[-102.1443,46.863],[-102.1201,46.8631],[-102.0959,46.8631],[-102.0717,46.8631],[-102.0475,46.8631],[-102.0233,46.8631],[-101.9991,46.8631],[-101.9749,46.8631],[-101.9507,46.8631],[-101.9265,46.8631],[-101.9023,46.8631],[-101.8781,46.863],[-101.8539,46.863],[-101.8297,46.863],[-101.8055,46.863],[-101.7812,46.8629],[-101.7571,46.863],[-101.7329,46.8631],[-101.7088,46.8631],[-101.6846,46.8632],[-101.6605,46.8632],[-101.6363,46.8633],[-101.6121,46.8633],[-101.588,46.8634],[-101.5638,46.8634],[-101.5397,46.8634],[-101.5155,46.8634],[-101.4913,46.8635],[-101.4672,46.8635],[-101.443,46.8635],[-101.4189,46.8635],[-101.3947,46.8635],[-101.3705,46.8635],[-101.3464,46.8635],[-101.3222,46.8635],[-101.2981,46.8635],[-101.2739,46.8635],[-101.2497,46.8635],[-101.2256,46.8634],[-101.2014,46.8634],[-101.1773,46.8634],[-101.1531,46.8633],[-101.129,46.8633],[-101.1048,46.8632],[-101.0806,46.8632],[-101.0565,46.8631],[-101.0323,46.8631],[-101.0082,46.863],[-101.0085,46.9511],[-101.0163,46.9612],[-101.0241,46.9713],[-101.0319,46.9815],[-101.0397,46.9916],[-101.0475,47.0017],[-101.0553,47.0119],[-101.0631,47.022],[-101.071,47.0321],[-101.0771,47.0723],[-101.0833,47.1125],[-101.1047,47.1124],[-101.1261,47.1124],[-101.1476,47.1123],[-101.169,47.1123],[-101.1904,47.1122],[-101.2118,47.1121],[-101.2333,47.1121],[-101.2547,47.112],[-101.2761,47.1119],[-101.2976,47.1118],[-101.319,47.1117],[-101.3404,47.1117],[-101.3619,47.1116],[-101.3833,47.1115],[-101.4047,47.1114],[-101.4261,47.1113],[-101.4269,47.2993],[-101.4428,47.2993],[-101.4587,47.2993],[-101.4747,47.2993],[-101.4906,47.2992],[-101.5122,47.2993],[-101.5339,47.2993],[-101.5556,47.2994],[-101.5772,47.2995],[-101.5989,47.2995],[-101.6206,47.2996],[-101.6422,47.2996],[-101.6639,47.2996],[-101.6856,47.2997],[-101.7072,47.2997],[-101.7289,47.2997],[-101.7506,47.2998],[-101.7723,47.2998],[-101.7939,47.2998],[-101.8156,47.2998],[-101.8373,47.2998],[-101.8589,47.2998],[-101.8806,47.2998],[-101.9023,47.2999],[-101.9239,47.2999],[-101.9456,47.2998],[-101.9673,47.2998],[-101.9889,47.2998],[-102.0106,47.2998],[-102.0323,47.2998],[-102.054,47.2998],[-102.0756,47.2997],[-102.0973,47.2997],[-102.119,47.2997],[-102.1406,47.2997],[-102.1623,47.2996],[-102.184,47.2996],[-102.2029,47.3014],[-102.2218,47.3032],[-102.2407,47.305],[-102.2597,47.3067],[-102.2786,47.3085],[-102.2975,47.3103],[-102.3164,47.3121],[-102.3354,47.3139]]]},"properties":{"OBJECTID":698,"state":"North Dakota","agency":"North Dakota Game and Fish","unit_type":"Deer","unit_id":"3D2","unit_name":"Slope","unit_label":"North Dakota Deer 3D2 - Slope","aliases":"2025 | 3d2 | 3d2 slope | deer | deer 3d2 | deer 3d2 slope | north dakota | north dakota 3d2 | north dakota 3d2 slope | north dakota deer 3d2 | north dakota deer 3d2 slope | north dakota game and fish | north dakota game and fish 3d2 | slope","year":"2025","Shape_Length":293852.8573329484,"Shape_Area":4146333721.0144167}},{"type":"Feature","id":699,"geometry":{"type":"Polygon","coordinates":[[[-98.7047,46.6309],[-98.6767,46.631],[-98.6487,46.631],[-98.6206,46.6311],[-98.5926,46.6311],[-98.5646,46.6312],[-98.5366,46.6312],[-98.5086,46.6312],[-98.4806,46.6313],[-98.4525,46.6313],[-98.4245,46.6313],[-98.3965,46.6313],[-98.3685,46.6313],[-98.3405,46.6313],[-98.3124,46.6313],[-98.2844,46.6313],[-98.2564,46.6313],[-98.2284,46.6313],[-98.2004,46.6312],[-98.1724,46.6312],[-98.1443,46.6311],[-98.1163,46.6311],[-98.0883,46.631],[-98.0603,46.631],[-98.0323,46.6309],[-98.0043,46.6308],[-97.9762,46.6308],[-97.9482,46.6307],[-97.9202,46.6306],[-97.8922,46.6305],[-97.8642,46.6304],[-97.8361,46.6303],[-97.8081,46.6302],[-97.8079,46.7707],[-97.7975,46.7798],[-97.7872,46.7889],[-97.7871,46.9201],[-97.8072,46.9193],[-97.8274,46.9185],[-97.8475,46.9176],[-97.8676,46.9168],[-97.8877,46.916],[-97.9078,46.9151],[-97.9279,46.9143],[-97.9481,46.9134],[-97.9682,46.9126],[-97.9883,46.9117],[-98.0084,46.9109],[-98.0285,46.91],[-98.0487,46.9092],[-98.0688,46.9083],[-98.0889,46.9075],[-98.109,46.9066],[-98.1314,46.9067],[-98.1537,46.9067],[-98.1761,46.9068],[-98.1985,46.9069],[-98.2208,46.9069],[-98.2432,46.907],[-98.2656,46.9071],[-98.2879,46.9071],[-98.3109,46.8999],[-98.3339,46.8926],[-98.3579,46.8922],[-98.3819,46.8918],[-98.406,46.8915],[-98.43,46.8911],[-98.454,46.8907],[-98.478,46.8903],[-98.502,46.8899],[-98.5261,46.8894],[-98.5501,46.889],[-98.5741,46.8886],[-98.5981,46.8882],[-98.6221,46.8878],[-98.6462,46.8873],[-98.6702,46.8869],[-98.6942,46.8864],[-98.7182,46.886],[-98.7148,46.8222],[-98.7114,46.7584],[-98.7081,46.6947],[-98.7047,46.6309]]]},"properties":{"OBJECTID":699,"state":"North Dakota","agency":"North Dakota Game and Fish","unit_type":"Deer","unit_id":"2G","unit_name":"Sheyenne-James","unit_label":"North Dakota Deer 2G - Sheyenne-James","aliases":"2025 | 2g | 2g sheyenne james | deer | deer 2g | deer 2g sheyenne james | north dakota | north dakota 2g | north dakota 2g sheyenne james | north dakota deer 2g | north dakota deer 2g sheyenne james | north dakota game and fish | north dakota game and fi","year":"2025","Shape_Length":201469.25120045626,"Shape_Area":2097958907.960291}},{"type":"Feature","id":700,"geometry":{"type":"Polygon","coordinates":[[[-103.1897,46.897],[-103.1912,46.8301],[-103.1928,46.7633],[-103.1943,46.6965],[-103.1959,46.6296],[-103.1961,46.526],[-103.1755,46.5261],[-103.1549,46.5263],[-103.1343,46.5265],[-103.1138,46.5266],[-103.0932,46.5268],[-103.0726,46.5269],[-103.0521,46.5271],[-103.0315,46.5273],[-103.0109,46.5274],[-102.9903,46.5275],[-102.9698,46.5277],[-102.9492,46.5278],[-102.9286,46.528],[-102.908,46.5281],[-102.8875,46.5282],[-102.8669,46.5283],[-102.865,46.4702],[-102.8631,46.4121],[-102.8439,46.4122],[-102.8248,46.4123],[-102.8056,46.4124],[-102.7864,46.4124],[-102.7672,46.4125],[-102.748,46.4126],[-102.7289,46.4127],[-102.7097,46.4127],[-102.6905,46.4128],[-102.6713,46.4129],[-102.6521,46.4129],[-102.633,46.413],[-102.6138,46.413],[-102.5946,46.4131],[-102.5754,46.4131],[-102.5562,46.4132],[-102.5334,46.4025],[-102.5105,46.3918],[-102.4876,46.3811],[-102.4647,46.3705],[-102.4343,46.3705],[-102.4039,46.3706],[-102.3735,46.3706],[-102.3431,46.3707],[-102.3127,46.3707],[-102.2823,46.3707],[-102.2519,46.3707],[-102.2215,46.3708],[-102.1911,46.3708],[-102.1607,46.3708],[-102.1303,46.3708],[-102.0999,46.3708],[-102.0695,46.3707],[-102.0391,46.3707],[-102.0086,46.3707],[-101.9782,46.3706],[-101.9608,46.3745],[-101.9434,46.3784],[-101.926,46.3824],[-101.9086,46.3863],[-101.8912,46.3902],[-101.8738,46.394],[-101.8564,46.3979],[-101.839,46.4018],[-101.8403,46.4873],[-101.8417,46.5727],[-101.8327,46.5841],[-101.8237,46.5954],[-101.8147,46.6068],[-101.8057,46.6181],[-101.8206,46.6254],[-101.8355,46.6327],[-101.8504,46.64],[-101.8654,46.6473],[-101.8653,46.7858],[-101.845,46.7941],[-101.8247,46.8024],[-101.8044,46.8107],[-101.7841,46.8189],[-101.7812,46.8629],[-101.8055,46.863],[-101.8297,46.863],[-101.8539,46.863],[-101.8781,46.863],[-101.9023,46.8631],[-101.9265,46.8631],[-101.9507,46.8631],[-101.9749,46.8631],[-101.9991,46.8631],[-102.0233,46.8631],[-102.0475,46.8631],[-102.0717,46.8631],[-102.0959,46.8631],[-102.1201,46.8631],[-102.1443,46.863],[-102.1685,46.863],[-102.1859,46.8641],[-102.2032,46.8652],[-102.2206,46.8663],[-102.2379,46.8674],[-102.2553,46.8685],[-102.2727,46.8696],[-102.29,46.8707],[-102.3074,46.8717],[-102.3336,46.8725],[-102.3599,46.8733],[-102.3861,46.8741],[-102.4124,46.8748],[-102.4386,46.8756],[-102.4649,46.8764],[-102.4912,46.8771],[-102.5174,46.8779],[-102.5437,46.8786],[-102.5699,46.8794],[-102.5962,46.8801],[-102.6224,46.8808],[-102.6487,46.8816],[-102.675,46.8823],[-102.7012,46.883],[-102.7275,46.8837],[-102.7491,46.8924],[-102.7739,46.8924],[-102.7986,46.8923],[-102.8233,46.8923],[-102.848,46.8922],[-102.8727,46.8922],[-102.8974,46.8921],[-102.9221,46.8921],[-102.9468,46.892],[-102.9715,46.8919],[-102.9962,46.8919],[-103.0209,46.8918],[-103.0456,46.8917],[-103.0703,46.8916],[-103.095,46.8915],[-103.1197,46.8914],[-103.1444,46.8913],[-103.167,46.8942],[-103.1897,46.897]]]},"properties":{"OBJECTID":700,"state":"North Dakota","agency":"North Dakota Game and Fish","unit_type":"Deer","unit_id":"3E1","unit_name":"Slope","unit_label":"North Dakota Deer 3E1 - Slope","aliases":"2025 | 3e1 | 3e1 slope | deer | deer 3e1 | deer 3e1 slope | north dakota | north dakota 3e1 | north dakota 3e1 slope | north dakota deer 3e1 | north dakota deer 3e1 slope | north dakota game and fish | north dakota game and fish 3e1 | slope","year":"2025","Shape_Length":326220.32933225116,"Shape_Area":5265122227.178766}},{"type":"Feature","id":701,"geometry":{"type":"Polygon","coordinates":[[[-98.7182,46.886],[-98.7368,46.8892],[-98.7554,46.8923],[-98.7755,46.8923],[-98.7956,46.8922],[-98.8157,46.8922],[-98.8359,46.8921],[-98.856,46.892],[-98.8761,46.892],[-98.8962,46.8919],[-98.9163,46.8918],[-98.9365,46.8918],[-98.9566,46.8917],[-98.9767,46.8916],[-98.9968,46.8915],[-99.0169,46.8914],[-99.0371,46.8914],[-99.0572,46.8913],[-99.0773,46.8912],[-99.1011,46.89],[-99.1248,46.8889],[-99.1486,46.8877],[-99.1724,46.8866],[-99.1961,46.8854],[-99.2199,46.8843],[-99.2437,46.8831],[-99.2674,46.882],[-99.2912,46.8808],[-99.3149,46.8796],[-99.3387,46.8784],[-99.3625,46.8773],[-99.3862,46.8761],[-99.41,46.8749],[-99.4337,46.8737],[-99.4575,46.8725],[-99.4745,46.8765],[-99.4915,46.8805],[-99.5103,46.8804],[-99.529,46.8803],[-99.5478,46.8802],[-99.5665,46.8801],[-99.5853,46.88],[-99.604,46.8799],[-99.6228,46.8798],[-99.6415,46.8797],[-99.6603,46.8796],[-99.679,46.8795],[-99.6978,46.8793],[-99.7165,46.8792],[-99.7353,46.8791],[-99.754,46.879],[-99.7728,46.8788],[-99.7915,46.8787],[-99.8071,46.8769],[-99.8226,46.8752],[-99.8381,46.8734],[-99.8536,46.8716],[-99.8691,46.8698],[-99.8846,46.8681],[-99.9001,46.8663],[-99.9156,46.8645],[-99.9324,46.8645],[-99.9491,46.8646],[-99.9659,46.8646],[-99.9826,46.8646],[-99.9994,46.8647],[-100.0161,46.8647],[-100.0329,46.8647],[-100.0497,46.8648],[-100.0664,46.8648],[-100.0832,46.8648],[-100.0999,46.8648],[-100.1167,46.8648],[-100.1334,46.8649],[-100.1502,46.8649],[-100.1669,46.8649],[-100.1837,46.8649],[-100.2099,46.8578],[-100.2362,46.8507],[-100.2624,46.8436],[-100.2886,46.8365],[-100.29,46.7506],[-100.2914,46.6648],[-100.2928,46.579],[-100.2942,46.4932],[-100.2839,46.482],[-100.2736,46.4708],[-100.2751,46.3154],[-100.2645,46.3011],[-100.2539,46.2867],[-100.2434,46.2723],[-100.2328,46.2579],[-100.2117,46.2551],[-100.1907,46.2524],[-100.1696,46.2496],[-100.1486,46.2468],[-100.1229,46.2467],[-100.0973,46.2466],[-100.0716,46.2466],[-100.046,46.2465],[-100.0203,46.2464],[-99.9946,46.2463],[-99.969,46.2462],[-99.9433,46.2461],[-99.9238,46.2533],[-99.9044,46.2605],[-99.877,46.2604],[-99.8497,46.2603],[-99.8223,46.2603],[-99.795,46.2602],[-99.7676,46.2601],[-99.7403,46.26],[-99.7129,46.2599],[-99.6856,46.2598],[-99.6582,46.2597],[-99.6309,46.2595],[-99.6035,46.2594],[-99.5762,46.2593],[-99.5488,46.2592],[-99.5215,46.259],[-99.4941,46.2589],[-99.4668,46.2587],[-99.4505,46.2618],[-99.4341,46.2649],[-99.4178,46.268],[-99.4015,46.2711],[-99.3852,46.2741],[-99.3688,46.2772],[-99.3525,46.2803],[-99.3362,46.2834],[-99.3151,46.2834],[-99.294,46.2833],[-99.2729,46.2833],[-99.2518,46.2833],[-99.2306,46.2832],[-99.2095,46.2832],[-99.1884,46.2832],[-99.1673,46.2831],[-99.1538,46.2893],[-99.1402,46.2955],[-99.1267,46.3017],[-99.1131,46.3079],[-99.0932,46.3084],[-99.0734,46.3089],[-99.0535,46.3094],[-99.0336,46.31],[-99.0137,46.3105],[-98.9938,46.311],[-98.9739,46.3115],[-98.954,46.312],[-98.9499,46.3337],[-98.9458,46.3554],[-98.9155,46.3554],[-98.8853,46.3554],[-98.855,46.3554],[-98.8248,46.3554],[-98.7945,46.3554],[-98.7643,46.3553],[-98.734,46.3553],[-98.7038,46.3553],[-98.7047,46.6309],[-98.7081,46.6947],[-98.7114,46.7584],[-98.7148,46.8222],[-98.7182,46.886]]]},"properties":{"OBJECTID":701,"state":"North Dakota","agency":"North Dakota Game and Fish","unit_type":"Deer","unit_id":"2I","unit_name":"Southern Coteau","unit_label":"North Dakota Deer 2I - Southern Coteau","aliases":"2025 | 2i | 2i southern coteau | deer | deer 2i | deer 2i southern coteau | north dakota | north dakota 2i | north dakota 2i southern coteau | north dakota deer 2i | north dakota deer 2i southern coteau | north dakota game and fish | north dakota game an","year":"2025","Shape_Length":369461.5717324835,"Shape_Area":7998094286.416492}},{"type":"Feature","id":702,"geometry":{"type":"Polygon","coordinates":[[[-101.7812,46.8629],[-101.7841,46.8189],[-101.8044,46.8107],[-101.8247,46.8024],[-101.845,46.7941],[-101.8653,46.7858],[-101.8654,46.6473],[-101.8504,46.64],[-101.8355,46.6327],[-101.8206,46.6254],[-101.8057,46.6181],[-101.8147,46.6068],[-101.8237,46.5954],[-101.8327,46.5841],[-101.8417,46.5727],[-101.8403,46.4873],[-101.839,46.4018],[-101.8231,46.4018],[-101.8072,46.4017],[-101.7913,46.4017],[-101.7754,46.4016],[-101.7595,46.4015],[-101.7436,46.4015],[-101.7276,46.4014],[-101.7117,46.4013],[-101.6958,46.4013],[-101.6799,46.4012],[-101.664,46.4011],[-101.6481,46.401],[-101.6322,46.401],[-101.6163,46.4009],[-101.6004,46.4008],[-101.5845,46.4007],[-101.5627,46.4061],[-101.5408,46.4115],[-101.519,46.4169],[-101.4972,46.4224],[-101.4753,46.4278],[-101.4535,46.4331],[-101.4316,46.4385],[-101.4098,46.4439],[-101.392,46.4439],[-101.3742,46.4439],[-101.3564,46.4439],[-101.3385,46.4439],[-101.3207,46.4439],[-101.3029,46.4439],[-101.2851,46.4439],[-101.2673,46.4439],[-101.2394,46.4475],[-101.2116,46.4512],[-101.1837,46.4548],[-101.1559,46.4584],[-101.128,46.462],[-101.1001,46.4656],[-101.0723,46.4692],[-101.0444,46.4728],[-101.0141,46.4726],[-100.9839,46.4723],[-100.9536,46.472],[-100.9234,46.4717],[-100.9028,46.4777],[-100.9038,46.6511],[-100.9049,46.8247],[-100.8818,46.8265],[-100.8587,46.8283],[-100.8774,46.8326],[-100.896,46.837],[-100.9147,46.8413],[-100.9334,46.8457],[-100.9521,46.85],[-100.9708,46.8543],[-100.9895,46.8587],[-101.0082,46.863],[-101.0323,46.8631],[-101.0565,46.8631],[-101.0806,46.8632],[-101.1048,46.8632],[-101.129,46.8633],[-101.1531,46.8633],[-101.1773,46.8634],[-101.2014,46.8634],[-101.2256,46.8634],[-101.2497,46.8635],[-101.2739,46.8635],[-101.2981,46.8635],[-101.3222,46.8635],[-101.3464,46.8635],[-101.3705,46.8635],[-101.3947,46.8635],[-101.4189,46.8635],[-101.443,46.8635],[-101.4672,46.8635],[-101.4913,46.8635],[-101.5155,46.8634],[-101.5397,46.8634],[-101.5638,46.8634],[-101.588,46.8634],[-101.6121,46.8633],[-101.6363,46.8633],[-101.6605,46.8632],[-101.6846,46.8632],[-101.7088,46.8631],[-101.7329,46.8631],[-101.7571,46.863],[-101.7812,46.8629]]]},"properties":{"OBJECTID":702,"state":"North Dakota","agency":"North Dakota Game and Fish","unit_type":"Deer","unit_id":"3E2","unit_name":"Slope","unit_label":"North Dakota Deer 3E2 - Slope","aliases":"2025 | 3e2 | 3e2 slope | deer | deer 3e2 | deer 3e2 slope | north dakota | north dakota 3e2 | north dakota 3e2 slope | north dakota deer 3e2 | north dakota deer 3e2 slope | north dakota game and fish | north dakota game and fish 3e2 | slope","year":"2025","Shape_Length":244410.37455663795,"Shape_Area":3392898476.242059}},{"type":"Feature","id":703,"geometry":{"type":"Polygon","coordinates":[[[-100.7732,46.8315],[-100.7945,46.8307],[-100.8159,46.8299],[-100.8373,46.8291],[-100.8587,46.8283],[-100.8818,46.8265],[-100.9049,46.8247],[-100.9038,46.6511],[-100.9028,46.4777],[-100.9234,46.4717],[-100.9262,46.4466],[-100.9291,46.4216],[-100.9319,46.3965],[-100.9348,46.3715],[-100.9144,46.3733],[-100.894,46.3751],[-100.8736,46.3769],[-100.8532,46.3787],[-100.8329,46.3805],[-100.8125,46.3823],[-100.7921,46.384],[-100.7717,46.3858],[-100.7456,46.3841],[-100.7195,46.3824],[-100.6934,46.3806],[-100.6673,46.3789],[-100.6412,46.3771],[-100.6152,46.3753],[-100.5891,46.3736],[-100.563,46.3718],[-100.5693,46.3326],[-100.5757,46.2933],[-100.5705,46.2793],[-100.5653,46.2653],[-100.5601,46.2513],[-100.5549,46.2373],[-100.5641,46.2272],[-100.5732,46.2171],[-100.5823,46.2071],[-100.5914,46.197],[-100.6005,46.1869],[-100.6096,46.1768],[-100.6187,46.1667],[-100.6278,46.1567],[-100.6226,46.1322],[-100.6175,46.1077],[-100.6123,46.0832],[-100.6071,46.0588],[-100.5933,46.0444],[-100.5795,46.03],[-100.5657,46.0156],[-100.5519,46.0012],[-100.5381,45.9868],[-100.5244,45.9724],[-100.5106,45.9581],[-100.4968,45.9437],[-100.4862,45.9436],[-100.4601,45.9436],[-100.4341,45.9435],[-100.408,45.9434],[-100.382,45.9434],[-100.3559,45.9433],[-100.3298,45.9432],[-100.3038,45.9431],[-100.2777,45.943],[-100.2517,45.9429],[-100.2256,45.9428],[-100.1996,45.9426],[-100.1735,45.9425],[-100.1475,45.9424],[-100.1214,45.9423],[-100.0953,45.9421],[-100.0693,45.942],[-100.0693,45.9428],[-100.0682,46.0045],[-100.0671,46.0661],[-100.0798,46.0744],[-100.0926,46.0827],[-100.1054,46.091],[-100.1181,46.0993],[-100.1309,46.1076],[-100.1437,46.1159],[-100.1564,46.1242],[-100.1692,46.1324],[-100.1772,46.1481],[-100.1851,46.1638],[-100.193,46.1795],[-100.201,46.1952],[-100.2089,46.2109],[-100.2169,46.2265],[-100.2248,46.2422],[-100.2328,46.2579],[-100.2434,46.2723],[-100.2539,46.2867],[-100.2645,46.3011],[-100.2751,46.3154],[-100.2736,46.4708],[-100.2839,46.482],[-100.2942,46.4932],[-100.2928,46.579],[-100.2914,46.6648],[-100.29,46.7506],[-100.2886,46.8365],[-100.314,46.8367],[-100.3394,46.8368],[-100.3648,46.837],[-100.3902,46.8372],[-100.4157,46.8374],[-100.4411,46.8375],[-100.4665,46.8377],[-100.4919,46.8379],[-100.5173,46.838],[-100.5427,46.8382],[-100.5681,46.8383],[-100.5935,46.8384],[-100.6189,46.8386],[-100.6443,46.8387],[-100.6697,46.8388],[-100.6951,46.8389],[-100.7146,46.8371],[-100.7341,46.8352],[-100.7536,46.8334],[-100.7732,46.8315]]]},"properties":{"OBJECTID":703,"state":"North Dakota","agency":"North Dakota Game and Fish","unit_type":"Deer","unit_id":"3C","unit_name":"Missouri River","unit_label":"North Dakota Deer 3C - Missouri River","aliases":"2025 | 3c | 3c missouri river | deer | deer 3c | deer 3c missouri river | missouri river | north dakota | north dakota 3c | north dakota 3c missouri river | north dakota deer 3c | north dakota deer 3c missouri river | north dakota game and fish | north d","year":"2025","Shape_Length":317462.8243696342,"Shape_Area":3953688190.176691}},{"type":"Feature","id":704,"geometry":{"type":"Polygon","coordinates":[[[-97.1375,46.6296],[-97.1363,46.4428],[-97.1352,46.2561],[-97.1353,46.1552],[-97.1406,46.136],[-97.1458,46.1167],[-97.1511,46.0975],[-97.1564,46.0783],[-97.1358,46.0716],[-97.1151,46.065],[-97.1121,46.0328],[-97.1091,46.0005],[-97.1062,45.9682],[-97.1032,45.936],[-97.1032,45.9354],[-97.0857,45.9354],[-97.0683,45.9355],[-97.0508,45.9355],[-97.0334,45.9355],[-97.0112,45.9355],[-96.9891,45.9355],[-96.9589,45.9355],[-96.9411,45.9355],[-96.9232,45.9355],[-96.9054,45.9355],[-96.8875,45.9355],[-96.8672,45.9355],[-96.8494,45.9356],[-96.8315,45.9356],[-96.8137,45.9357],[-96.7958,45.9357],[-96.7768,45.9358],[-96.7577,45.9359],[-96.728,45.9358],[-96.6982,45.9358],[-96.673,45.9356],[-96.6479,45.9354],[-96.6317,45.9352],[-96.6034,45.9353],[-96.5845,45.9352],[-96.5633,45.9352],[-96.5669,45.9583],[-96.5706,45.9814],[-96.5742,46.0044],[-96.5779,46.0275],[-96.5674,46.0459],[-96.5569,46.0643],[-96.5621,46.0866],[-96.5673,46.1088],[-96.5726,46.1311],[-96.5778,46.1533],[-96.583,46.1756],[-96.5882,46.1978],[-96.5934,46.2201],[-96.5987,46.2423],[-96.5997,46.3304],[-96.6216,46.3402],[-96.6435,46.3499],[-96.6555,46.367],[-96.6674,46.384],[-96.6794,46.401],[-96.6914,46.4181],[-96.7034,46.4351],[-96.7154,46.4521],[-96.7275,46.4692],[-96.7395,46.4862],[-96.744,46.5348],[-96.7486,46.5835],[-96.7609,46.5951],[-96.7733,46.6068],[-96.7857,46.6185],[-96.7981,46.6302],[-96.8193,46.6302],[-96.8405,46.6301],[-96.8617,46.6301],[-96.8829,46.6301],[-96.9041,46.6301],[-96.9254,46.63],[-96.9466,46.63],[-96.9678,46.63],[-96.989,46.6299],[-97.0102,46.6299],[-97.0314,46.6298],[-97.0526,46.6298],[-97.0738,46.6297],[-97.095,46.6297],[-97.1162,46.6296],[-97.1375,46.6296]]]},"properties":{"OBJECTID":704,"state":"North Dakota","agency":"North Dakota Game and Fish","unit_type":"Deer","unit_id":"2A","unit_name":"Red River","unit_label":"North Dakota Deer 2A - Red River","aliases":"2025 | 2a | 2a red river | deer | deer 2a | deer 2a red river | north dakota | north dakota 2a | north dakota 2a red river | north dakota deer 2a | north dakota deer 2a red river | north dakota game and fish | north dakota game and fish 2a | red river","year":"2025","Shape_Length":229762.1357986956,"Shape_Area":2935350175.9598517}},{"type":"Feature","id":705,"geometry":{"type":"Polygon","coordinates":[[[-97.1375,46.6296],[-97.1584,46.6296],[-97.1794,46.6297],[-97.2003,46.6298],[-97.2213,46.6298],[-97.2422,46.6299],[-97.2632,46.6299],[-97.2842,46.63],[-97.3051,46.63],[-97.3261,46.6301],[-97.347,46.6301],[-97.368,46.6301],[-97.389,46.6302],[-97.4099,46.6302],[-97.4309,46.6302],[-97.4518,46.6303],[-97.4728,46.6303],[-97.4937,46.6303],[-97.5147,46.6303],[-97.5357,46.6303],[-97.5566,46.6303],[-97.5776,46.6303],[-97.5985,46.6303],[-97.6195,46.6303],[-97.6405,46.6303],[-97.6614,46.6303],[-97.6824,46.6303],[-97.7033,46.6303],[-97.7243,46.6303],[-97.7453,46.6303],[-97.7662,46.6302],[-97.7872,46.6302],[-97.8081,46.6302],[-97.8361,46.6303],[-97.8642,46.6304],[-97.8922,46.6305],[-97.9202,46.6306],[-97.9482,46.6307],[-97.9762,46.6308],[-98.0043,46.6308],[-98.0323,46.6309],[-98.0603,46.631],[-98.0883,46.631],[-98.1163,46.6311],[-98.1443,46.6311],[-98.1724,46.6312],[-98.2004,46.6312],[-98.2284,46.6313],[-98.2564,46.6313],[-98.2844,46.6313],[-98.3124,46.6313],[-98.3405,46.6313],[-98.3685,46.6313],[-98.3965,46.6313],[-98.4245,46.6313],[-98.4525,46.6313],[-98.4806,46.6313],[-98.5086,46.6312],[-98.5366,46.6312],[-98.5646,46.6312],[-98.5926,46.6311],[-98.6206,46.6311],[-98.6487,46.631],[-98.6767,46.631],[-98.7047,46.6309],[-98.7038,46.3553],[-98.6867,46.3553],[-98.6696,46.3553],[-98.6526,46.3554],[-98.6355,46.3554],[-98.6184,46.3554],[-98.6013,46.3554],[-98.5842,46.3555],[-98.5672,46.3555],[-98.5501,46.3555],[-98.533,46.3555],[-98.5159,46.3555],[-98.4988,46.3556],[-98.4818,46.3556],[-98.4647,46.3556],[-98.4476,46.3556],[-98.4305,46.3556],[-98.4135,46.3556],[-98.3964,46.3556],[-98.3793,46.3556],[-98.3622,46.3556],[-98.3451,46.3556],[-98.3281,46.3556],[-98.311,46.3556],[-98.2939,46.3555],[-98.2768,46.3555],[-98.2598,46.3555],[-98.2427,46.3555],[-98.2256,46.3555],[-98.2085,46.3554],[-98.1914,46.3554],[-98.1744,46.3554],[-98.1573,46.3554],[-98.1371,46.3579],[-98.1169,46.3605],[-98.0967,46.3631],[-98.0765,46.3656],[-98.08,46.3307],[-98.0835,46.2957],[-98.0869,46.2608],[-98.0904,46.2258],[-98.0712,46.2259],[-98.052,46.2259],[-98.0328,46.2259],[-98.0136,46.2259],[-97.9944,46.2259],[-97.9752,46.2259],[-97.956,46.2259],[-97.9368,46.2259],[-97.9176,46.2259],[-97.8984,46.2259],[-97.8792,46.2259],[-97.86,46.2259],[-97.8408,46.2259],[-97.8216,46.2259],[-97.8025,46.2258],[-97.7833,46.2258],[-97.7641,46.2258],[-97.7449,46.2258],[-97.7257,46.2257],[-97.7065,46.2257],[-97.6873,46.2257],[-97.6681,46.2256],[-97.6489,46.2256],[-97.6297,46.2255],[-97.6105,46.2255],[-97.5913,46.2254],[-97.5721,46.2254],[-97.5529,46.2253],[-97.5337,46.2253],[-97.5145,46.2252],[-97.4954,46.2252],[-97.4762,46.2251],[-97.4589,46.2394],[-97.4415,46.2537],[-97.4224,46.2538],[-97.4032,46.254],[-97.3841,46.2542],[-97.3649,46.2543],[-97.3458,46.2545],[-97.3266,46.2546],[-97.3075,46.2548],[-97.2884,46.2549],[-97.2692,46.2551],[-97.2501,46.2552],[-97.2309,46.2554],[-97.2118,46.2555],[-97.1926,46.2557],[-97.1735,46.2558],[-97.1543,46.2559],[-97.1352,46.2561],[-97.1363,46.4428],[-97.1375,46.6296]]]},"properties":{"OBJECTID":705,"state":"North Dakota","agency":"North Dakota Game and Fish","unit_type":"Deer","unit_id":"2G1","unit_name":"Sheyenne-James","unit_label":"North Dakota Deer 2G1 - Sheyenne-James","aliases":"2025 | 2g1 | 2g1 sheyenne james | deer | deer 2g1 | deer 2g1 sheyenne james | north dakota | north dakota 2g1 | north dakota 2g1 sheyenne james | north dakota deer 2g1 | north dakota deer 2g1 sheyenne james | north dakota game and fish | north dakota gam","year":"2025","Shape_Length":331724.57993171853,"Shape_Area":4651519427.644107}},{"type":"Feature","id":706,"geometry":{"type":"Polygon","coordinates":[[[-103.1961,46.526],[-103.2,46.5042],[-103.2039,46.4825],[-103.2238,46.4818],[-103.2437,46.481],[-103.2636,46.4802],[-103.2835,46.4795],[-103.3034,46.4787],[-103.3233,46.4779],[-103.3432,46.4771],[-103.3631,46.4763],[-103.3647,46.4063],[-103.3664,46.3362],[-103.368,46.2662],[-103.3696,46.1962],[-103.3897,46.1874],[-103.4099,46.1786],[-103.4109,45.9722],[-103.4009,45.9587],[-103.391,45.9452],[-103.3908,45.9451],[-103.3907,45.9451],[-103.3665,45.9452],[-103.3494,45.9452],[-103.3323,45.9452],[-103.3218,45.9452],[-103.3043,45.9452],[-103.2867,45.9452],[-103.2575,45.9452],[-103.2416,45.9452],[-103.2257,45.9452],[-103.2098,45.9452],[-103.1939,45.9452],[-103.1779,45.9452],[-103.162,45.9452],[-103.1461,45.9452],[-103.1302,45.9452],[-103.1143,45.9452],[-103.0984,45.9452],[-103.0824,45.9452],[-103.0665,45.9452],[-103.0506,45.9452],[-103.0347,45.9452],[-103.0188,45.9452],[-103.0029,45.9452],[-102.9991,45.9451],[-102.9707,45.9451],[-102.9423,45.945],[-102.925,45.945],[-102.9077,45.9451],[-102.8904,45.9451],[-102.8732,45.9451],[-102.8552,45.9451],[-102.8373,45.9451],[-102.8214,45.9451],[-102.8055,45.9451],[-102.7896,45.9451],[-102.7737,45.9451],[-102.7627,45.9451],[-102.7431,45.9451],[-102.7235,45.9451],[-102.7039,45.9451],[-102.6843,45.9451],[-102.6583,45.9451],[-102.6322,45.9451],[-102.6082,45.9451],[-102.5841,45.9452],[-102.5639,45.9452],[-102.5437,45.9452],[-102.5236,45.9452],[-102.5034,45.9452],[-102.4998,45.9452],[-102.4814,45.9452],[-102.463,45.9451],[-102.4474,45.9451],[-102.4203,45.9451],[-102.3932,45.945],[-102.3932,45.945],[-102.4036,45.9522],[-102.414,45.9595],[-102.4244,45.9667],[-102.4348,45.9739],[-102.4452,45.9812],[-102.4556,45.9884],[-102.4661,45.9956],[-102.4765,46.0029],[-102.4768,46.2733],[-102.4738,46.2976],[-102.4708,46.3219],[-102.4678,46.3462],[-102.4647,46.3705],[-102.4876,46.3811],[-102.5105,46.3918],[-102.5334,46.4025],[-102.5562,46.4132],[-102.5754,46.4131],[-102.5946,46.4131],[-102.6138,46.413],[-102.633,46.413],[-102.6521,46.4129],[-102.6713,46.4129],[-102.6905,46.4128],[-102.7097,46.4127],[-102.7289,46.4127],[-102.748,46.4126],[-102.7672,46.4125],[-102.7864,46.4124],[-102.8056,46.4124],[-102.8248,46.4123],[-102.8439,46.4122],[-102.8631,46.4121],[-102.865,46.4702],[-102.8669,46.5283],[-102.8875,46.5282],[-102.908,46.5281],[-102.9286,46.528],[-102.9492,46.5278],[-102.9698,46.5277],[-102.9903,46.5275],[-103.0109,46.5274],[-103.0315,46.5273],[-103.0521,46.5271],[-103.0726,46.5269],[-103.0932,46.5268],[-103.1138,46.5266],[-103.1343,46.5265],[-103.1549,46.5263],[-103.1755,46.5261],[-103.1961,46.526]]]},"properties":{"OBJECTID":706,"state":"North Dakota","agency":"North Dakota Game and Fish","unit_type":"Deer","unit_id":"3F1","unit_name":"Slope","unit_label":"North Dakota Deer 3F1 - Slope","aliases":"2025 | 3f1 | 3f1 slope | deer | deer 3f1 | deer 3f1 slope | north dakota | north dakota 3f1 | north dakota 3f1 slope | north dakota deer 3f1 | north dakota deer 3f1 slope | north dakota game and fish | north dakota game and fish 3f1 | slope","year":"2025","Shape_Length":275937.7343837116,"Shape_Area":4095894091.837365}},{"type":"Feature","id":707,"geometry":{"type":"Polygon","coordinates":[[[-101.2673,46.4439],[-101.2851,46.4439],[-101.3029,46.4439],[-101.3207,46.4439],[-101.3385,46.4439],[-101.3564,46.4439],[-101.3742,46.4439],[-101.392,46.4439],[-101.4098,46.4439],[-101.4316,46.4385],[-101.4535,46.4331],[-101.4753,46.4278],[-101.4972,46.4224],[-101.519,46.4169],[-101.5408,46.4115],[-101.5627,46.4061],[-101.5845,46.4007],[-101.6004,46.4008],[-101.6163,46.4009],[-101.6322,46.401],[-101.6481,46.401],[-101.664,46.4011],[-101.6799,46.4012],[-101.6958,46.4013],[-101.7117,46.4013],[-101.7276,46.4014],[-101.7436,46.4015],[-101.7595,46.4015],[-101.7754,46.4016],[-101.7913,46.4017],[-101.8072,46.4017],[-101.8231,46.4018],[-101.839,46.4018],[-101.8564,46.3979],[-101.8738,46.394],[-101.8912,46.3902],[-101.9086,46.3863],[-101.926,46.3824],[-101.9434,46.3784],[-101.9608,46.3745],[-101.9782,46.3706],[-102.0086,46.3707],[-102.0391,46.3707],[-102.0695,46.3707],[-102.0999,46.3708],[-102.1303,46.3708],[-102.1607,46.3708],[-102.1911,46.3708],[-102.2215,46.3708],[-102.2519,46.3707],[-102.2823,46.3707],[-102.3127,46.3707],[-102.3431,46.3707],[-102.3735,46.3706],[-102.4039,46.3706],[-102.4343,46.3705],[-102.4647,46.3705],[-102.4678,46.3462],[-102.4708,46.3219],[-102.4738,46.2976],[-102.4768,46.2733],[-102.4765,46.0029],[-102.4661,45.9956],[-102.4556,45.9884],[-102.4452,45.9812],[-102.4348,45.9739],[-102.4244,45.9667],[-102.414,45.9595],[-102.4036,45.9522],[-102.3932,45.945],[-102.3932,45.945],[-102.374,45.945],[-102.3548,45.9449],[-102.3543,45.9449],[-102.347,45.9449],[-102.3259,45.9449],[-102.3047,45.9449],[-102.287,45.9449],[-102.2693,45.9448],[-102.2516,45.9448],[-102.2339,45.9448],[-102.2075,45.9448],[-102.1811,45.9447],[-102.1547,45.9447],[-102.1283,45.9446],[-102.108,45.9447],[-102.0878,45.9447],[-102.0639,45.9446],[-102.04,45.9446],[-102.0251,45.9446],[-102.0006,45.9445],[-101.9983,45.9446],[-101.9826,45.9445],[-101.9669,45.9445],[-101.9512,45.9445],[-101.9355,45.9445],[-101.905,45.9445],[-101.8745,45.9445],[-101.8669,45.9445],[-101.8408,45.9444],[-101.8147,45.9444],[-101.8101,45.9444],[-101.7899,45.9444],[-101.7697,45.9444],[-101.7495,45.9444],[-101.7293,45.9444],[-101.7148,45.9443],[-101.6957,45.9443],[-101.6765,45.9443],[-101.6574,45.9443],[-101.6382,45.9443],[-101.6191,45.9443],[-101.5999,45.9443],[-101.5808,45.9442],[-101.5616,45.9442],[-101.5311,45.9442],[-101.5005,45.9442],[-101.4982,45.9442],[-101.4684,45.9442],[-101.4386,45.9442],[-101.4088,45.9442],[-101.379,45.9442],[-101.3697,45.9442],[-101.3528,45.9441],[-101.3237,45.9441],[-101.2947,45.9441],[-101.2866,45.9441],[-101.2661,45.9441],[-101.2456,45.9441],[-101.2287,45.9441],[-101.2118,45.944],[-101.2097,45.944],[-101.1893,45.9439],[-101.163,45.9439],[-101.1367,45.9438],[-101.1229,45.9439],[-101.1015,45.9439],[-101.0929,45.9439],[-101.0659,45.9439],[-101.039,45.9439],[-101.0121,45.9439],[-100.9852,45.9438],[-100.9583,45.9438],[-100.9314,45.9438],[-100.9045,45.9438],[-100.8775,45.9437],[-100.8583,45.9437],[-100.8391,45.9437],[-100.8199,45.9437],[-100.8007,45.9437],[-100.7766,45.9437],[-100.7525,45.9437],[-100.7442,45.9437],[-100.7154,45.9437],[-100.6866,45.9437],[-100.6578,45.9437],[-100.629,45.9437],[-100.6091,45.9438],[-100.5841,45.9438],[-100.5591,45.9437],[-100.534,45.9437],[-100.509,45.9437],[-100.4968,45.9437],[-100.5106,45.9581],[-100.5244,45.9724],[-100.5381,45.9868],[-100.5519,46.0012],[-100.5657,46.0156],[-100.5795,46.03],[-100.5933,46.0444],[-100.6071,46.0588],[-100.6123,46.0832],[-100.6175,46.1077],[-100.6226,46.1322],[-100.6278,46.1567],[-100.6187,46.1667],[-100.6096,46.1768],[-100.6005,46.1869],[-100.5914,46.197],[-100.5823,46.2071],[-100.5732,46.2171],[-100.5641,46.2272],[-100.5549,46.2373],[-100.5601,46.2513],[-100.5653,46.2653],[-100.5705,46.2793],[-100.5757,46.2933],[-100.5693,46.3326],[-100.563,46.3718],[-100.5891,46.3736],[-100.6152,46.3753],[-100.6412,46.3771],[-100.6673,46.3789],[-100.6934,46.3806],[-100.7195,46.3824],[-100.7456,46.3841],[-100.7717,46.3858],[-100.7921,46.384],[-100.8125,46.3823],[-100.8329,46.3805],[-100.8532,46.3787],[-100.8736,46.3769],[-100.894,46.3751],[-100.9144,46.3733],[-100.9348,46.3715],[-100.9319,46.3965],[-100.9291,46.4216],[-100.9262,46.4466],[-100.9234,46.4717],[-100.9536,46.472],[-100.9839,46.4723],[-101.0141,46.4726],[-101.0444,46.4728],[-101.0723,46.4692],[-101.1001,46.4656],[-101.128,46.462],[-101.1559,46.4584],[-101.1837,46.4548],[-101.2116,46.4512],[-101.2394,46.4475],[-101.2673,46.4439]]]},"properties":{"OBJECTID":707,"state":"North Dakota","agency":"North Dakota Game and Fish","unit_type":"Deer","unit_id":"3F2","unit_name":"Slope","unit_label":"North Dakota Deer 3F2 - Slope","aliases":"2025 | 3f2 | 3f2 slope | deer | deer 3f2 | deer 3f2 slope | north dakota | north dakota 3f2 | north dakota 3f2 slope | north dakota deer 3f2 | north dakota deer 3f2 slope | north dakota game and fish | north dakota game and fish 3f2 | slope","year":"2025","Shape_Length":409764.09531379765,"Shape_Area":7465508271.444501}},{"type":"Feature","id":708,"geometry":{"type":"Polygon","coordinates":[[[-98.7038,46.3553],[-98.6927,46.3362],[-98.6815,46.3172],[-98.6704,46.2981],[-98.6593,46.2791],[-98.6482,46.2601],[-98.6371,46.241],[-98.626,46.222],[-98.6149,46.203],[-98.6038,46.1839],[-98.5927,46.1649],[-98.5817,46.1459],[-98.5706,46.1268],[-98.5596,46.1078],[-98.5485,46.0887],[-98.5375,46.0697],[-98.5264,46.0507],[-98.5278,45.9373],[-98.5273,45.9373],[-98.5165,45.9372],[-98.5067,45.9371],[-98.501,45.9371],[-98.5001,45.937],[-98.4917,45.937],[-98.4739,45.9369],[-98.4462,45.9367],[-98.4432,45.9367],[-98.4275,45.9366],[-98.4118,45.9365],[-98.3909,45.9365],[-98.37,45.9365],[-98.3491,45.9364],[-98.3281,45.9364],[-98.3072,45.9363],[-98.2863,45.9363],[-98.2654,45.9362],[-98.2445,45.9362],[-98.2279,45.9362],[-98.2114,45.9362],[-98.2012,45.9362],[-98.1865,45.9362],[-98.1702,45.9362],[-98.154,45.9362],[-98.1378,45.9361],[-98.1216,45.9361],[-98.1054,45.9361],[-98.0892,45.936],[-98.073,45.936],[-98.0568,45.936],[-98.0264,45.936],[-98.0032,45.9359],[-97.9799,45.9359],[-97.9715,45.9359],[-97.953,45.9358],[-97.9346,45.9358],[-97.9161,45.9358],[-97.8976,45.9357],[-97.8918,45.9357],[-97.8729,45.9357],[-97.854,45.9357],[-97.8358,45.9356],[-97.8176,45.9356],[-97.7995,45.9355],[-97.7813,45.9354],[-97.7766,45.9354],[-97.7528,45.9354],[-97.7289,45.9354],[-97.7051,45.9354],[-97.6813,45.9353],[-97.6541,45.9353],[-97.6372,45.9353],[-97.6202,45.9354],[-97.6029,45.9353],[-97.5855,45.9353],[-97.583,45.9353],[-97.5653,45.9353],[-97.5476,45.9353],[-97.5299,45.9352],[-97.5122,45.9352],[-97.5053,45.9351],[-97.4843,45.9351],[-97.4632,45.9352],[-97.4422,45.9352],[-97.4211,45.9352],[-97.4,45.9352],[-97.379,45.9352],[-97.3579,45.9352],[-97.3369,45.9352],[-97.3057,45.9351],[-97.2898,45.9352],[-97.2739,45.9352],[-97.2581,45.9352],[-97.2422,45.9352],[-97.221,45.9352],[-97.1999,45.9352],[-97.1787,45.9352],[-97.1576,45.9352],[-97.134,45.9353],[-97.1229,45.9354],[-97.1032,45.9354],[-97.1032,45.936],[-97.1062,45.9682],[-97.1091,46.0005],[-97.1121,46.0328],[-97.1151,46.065],[-97.1358,46.0716],[-97.1564,46.0783],[-97.1511,46.0975],[-97.1458,46.1167],[-97.1406,46.136],[-97.1353,46.1552],[-97.1352,46.2561],[-97.1543,46.2559],[-97.1735,46.2558],[-97.1926,46.2557],[-97.2118,46.2555],[-97.2309,46.2554],[-97.2501,46.2552],[-97.2692,46.2551],[-97.2884,46.2549],[-97.3075,46.2548],[-97.3266,46.2546],[-97.3458,46.2545],[-97.3649,46.2543],[-97.3841,46.2542],[-97.4032,46.254],[-97.4224,46.2538],[-97.4415,46.2537],[-97.4589,46.2394],[-97.4762,46.2251],[-97.4954,46.2252],[-97.5145,46.2252],[-97.5337,46.2253],[-97.5529,46.2253],[-97.5721,46.2254],[-97.5913,46.2254],[-97.6105,46.2255],[-97.6297,46.2255],[-97.6489,46.2256],[-97.6681,46.2256],[-97.6873,46.2257],[-97.7065,46.2257],[-97.7257,46.2257],[-97.7449,46.2258],[-97.7641,46.2258],[-97.7833,46.2258],[-97.8025,46.2258],[-97.8216,46.2259],[-97.8408,46.2259],[-97.86,46.2259],[-97.8792,46.2259],[-97.8984,46.2259],[-97.9176,46.2259],[-97.9368,46.2259],[-97.956,46.2259],[-97.9752,46.2259],[-97.9944,46.2259],[-98.0136,46.2259],[-98.0328,46.2259],[-98.052,46.2259],[-98.0712,46.2259],[-98.0904,46.2258],[-98.0869,46.2608],[-98.0835,46.2957],[-98.08,46.3307],[-98.0765,46.3656],[-98.0967,46.3631],[-98.1169,46.3605],[-98.1371,46.3579],[-98.1573,46.3554],[-98.1744,46.3554],[-98.1914,46.3554],[-98.2085,46.3554],[-98.2256,46.3555],[-98.2427,46.3555],[-98.2598,46.3555],[-98.2768,46.3555],[-98.2939,46.3555],[-98.311,46.3556],[-98.3281,46.3556],[-98.3451,46.3556],[-98.3622,46.3556],[-98.3793,46.3556],[-98.3964,46.3556],[-98.4135,46.3556],[-98.4305,46.3556],[-98.4476,46.3556],[-98.4647,46.3556],[-98.4818,46.3556],[-98.4988,46.3556],[-98.5159,46.3555],[-98.533,46.3555],[-98.5501,46.3555],[-98.5672,46.3555],[-98.5842,46.3555],[-98.6013,46.3554],[-98.6184,46.3554],[-98.6355,46.3554],[-98.6526,46.3554],[-98.6696,46.3553],[-98.6867,46.3553],[-98.7038,46.3553]]]},"properties":{"OBJECTID":708,"state":"North Dakota","agency":"North Dakota Game and Fish","unit_type":"Deer","unit_id":"2G2","unit_name":"Sheyenne-James","unit_label":"North Dakota Deer 2G2 - Sheyenne-James","aliases":"2025 | 2g2 | 2g2 sheyenne james | deer | deer 2g2 | deer 2g2 sheyenne james | north dakota | north dakota 2g2 | north dakota 2g2 sheyenne james | north dakota deer 2g2 | north dakota deer 2g2 sheyenne james | north dakota game and fish | north dakota gam","year":"2025","Shape_Length":336838.22485246044,"Shape_Area":4298631124.937469}},{"type":"Feature","id":709,"geometry":{"type":"Polygon","coordinates":[[[-98.954,46.312],[-98.9739,46.3115],[-98.9938,46.311],[-99.0137,46.3105],[-99.0336,46.31],[-99.0535,46.3094],[-99.0734,46.3089],[-99.0932,46.3084],[-99.1131,46.3079],[-99.1267,46.3017],[-99.1402,46.2955],[-99.1538,46.2893],[-99.1673,46.2831],[-99.1884,46.2832],[-99.2095,46.2832],[-99.2306,46.2832],[-99.2518,46.2833],[-99.2729,46.2833],[-99.294,46.2833],[-99.3151,46.2834],[-99.3362,46.2834],[-99.3525,46.2803],[-99.3688,46.2772],[-99.3852,46.2741],[-99.4015,46.2711],[-99.4178,46.268],[-99.4341,46.2649],[-99.4505,46.2618],[-99.4668,46.2587],[-99.4941,46.2589],[-99.5215,46.259],[-99.5488,46.2592],[-99.5762,46.2593],[-99.6035,46.2594],[-99.6309,46.2595],[-99.6582,46.2597],[-99.6856,46.2598],[-99.7129,46.2599],[-99.7403,46.26],[-99.7676,46.2601],[-99.795,46.2602],[-99.8223,46.2603],[-99.8497,46.2603],[-99.877,46.2604],[-99.9044,46.2605],[-99.9238,46.2533],[-99.9433,46.2461],[-99.969,46.2462],[-99.9946,46.2463],[-100.0203,46.2464],[-100.046,46.2465],[-100.0716,46.2466],[-100.0973,46.2466],[-100.1229,46.2467],[-100.1486,46.2468],[-100.1696,46.2496],[-100.1907,46.2524],[-100.2117,46.2551],[-100.2328,46.2579],[-100.2248,46.2422],[-100.2169,46.2265],[-100.2089,46.2109],[-100.201,46.1952],[-100.193,46.1795],[-100.1851,46.1638],[-100.1772,46.1481],[-100.1692,46.1324],[-100.1564,46.1242],[-100.1437,46.1159],[-100.1309,46.1076],[-100.1181,46.0993],[-100.1054,46.091],[-100.0926,46.0827],[-100.0798,46.0744],[-100.0671,46.0661],[-100.0682,46.0045],[-100.0693,45.9428],[-100.0693,45.942],[-100.0473,45.9419],[-100.0254,45.9419],[-100.0034,45.9418],[-99.9815,45.9418],[-99.9595,45.9417],[-99.9376,45.9417],[-99.9156,45.9416],[-99.8937,45.9415],[-99.8718,45.9415],[-99.8498,45.9414],[-99.8279,45.9413],[-99.8059,45.9412],[-99.784,45.9411],[-99.762,45.941],[-99.7401,45.9409],[-99.7181,45.9408],[-99.695,45.9408],[-99.6718,45.9408],[-99.6487,45.9408],[-99.6255,45.9407],[-99.6024,45.9407],[-99.5792,45.9407],[-99.5561,45.9406],[-99.5329,45.9406],[-99.5291,45.9405],[-99.5258,45.9405],[-99.5204,45.9405],[-99.505,45.9405],[-99.5024,45.9405],[-99.472,45.9403],[-99.4636,45.9404],[-99.4514,45.9402],[-99.4277,45.9402],[-99.4041,45.9402],[-99.3805,45.9402],[-99.3568,45.9402],[-99.3332,45.9402],[-99.3095,45.9402],[-99.2859,45.9401],[-99.2623,45.9401],[-99.2509,45.9401],[-99.2496,45.9401],[-99.2195,45.9401],[-99.1976,45.9401],[-99.1758,45.9401],[-99.1539,45.9401],[-99.132,45.94],[-99.1298,45.94],[-99.112,45.94],[-99.0942,45.94],[-99.0764,45.9399],[-99.0586,45.9399],[-99.0408,45.9398],[-99.023,45.9398],[-99.0052,45.9397],[-98.9875,45.9397],[-98.9697,45.9396],[-98.9519,45.9396],[-98.9341,45.9395],[-98.9163,45.9394],[-98.8985,45.9394],[-98.8807,45.9393],[-98.8629,45.9392],[-98.8451,45.9392],[-98.8323,45.9391],[-98.8054,45.939],[-98.7784,45.9389],[-98.7514,45.9388],[-98.7245,45.9387],[-98.7032,45.9386],[-98.6819,45.9385],[-98.6606,45.9384],[-98.6392,45.9382],[-98.6305,45.9382],[-98.6049,45.9381],[-98.5899,45.938],[-98.5775,45.9378],[-98.5593,45.9376],[-98.5411,45.9374],[-98.5278,45.9373],[-98.5264,46.0507],[-98.5375,46.0697],[-98.5485,46.0887],[-98.5596,46.1078],[-98.5706,46.1268],[-98.5817,46.1459],[-98.5927,46.1649],[-98.6038,46.1839],[-98.6149,46.203],[-98.626,46.222],[-98.6371,46.241],[-98.6482,46.2601],[-98.6593,46.2791],[-98.6704,46.2981],[-98.6815,46.3172],[-98.6927,46.3362],[-98.7038,46.3553],[-98.734,46.3553],[-98.7643,46.3553],[-98.7945,46.3554],[-98.8248,46.3554],[-98.855,46.3554],[-98.8853,46.3554],[-98.9155,46.3554],[-98.9458,46.3554],[-98.9499,46.3337],[-98.954,46.312]]]},"properties":{"OBJECTID":709,"state":"North Dakota","agency":"North Dakota Game and Fish","unit_type":"Deer","unit_id":"2H","unit_name":"Southern Coteau","unit_label":"North Dakota Deer 2H - Southern Coteau","aliases":"2025 | 2h | 2h southern coteau | deer | deer 2h | deer 2h southern coteau | north dakota | north dakota 2h | north dakota 2h southern coteau | north dakota deer 2h | north dakota deer 2h southern coteau | north dakota game and fish | north dakota game an","year":"2025","Shape_Length":332110.72966623463,"Shape_Area":4627143347.387542}},{"type":"Feature","id":710,"geometry":{"type":"Polygon","coordinates":[[[-104.0455,46.3098],[-104.0454,46.1637],[-104.0458,46.1241],[-104.0466,46.0227],[-104.0467,46.0126],[-104.0467,46.0],[-104.0466,45.9978],[-104.0462,45.9793],[-104.0455,45.9452],[-104.0436,45.9452],[-104.0258,45.9452],[-104.0081,45.9452],[-103.9904,45.9452],[-103.9727,45.9452],[-103.9549,45.9452],[-103.9372,45.9452],[-103.9195,45.9452],[-103.9017,45.9452],[-103.9004,45.9452],[-103.8955,45.9452],[-103.8782,45.9452],[-103.8609,45.9452],[-103.8482,45.9452],[-103.8422,45.9452],[-103.8399,45.9452],[-103.8234,45.9452],[-103.805,45.9452],[-103.7867,45.9452],[-103.7654,45.9452],[-103.7486,45.9452],[-103.7194,45.9452],[-103.6902,45.9453],[-103.661,45.9453],[-103.6318,45.9453],[-103.6022,45.9453],[-103.5726,45.9453],[-103.5446,45.9452],[-103.5262,45.9453],[-103.5078,45.9453],[-103.4872,45.9452],[-103.4667,45.9452],[-103.4467,45.9453],[-103.4268,45.9453],[-103.4134,45.9453],[-103.404,45.9452],[-103.3999,45.9451],[-103.3908,45.9451],[-103.391,45.9452],[-103.4009,45.9587],[-103.4109,45.9722],[-103.4099,46.1786],[-103.4284,46.183],[-103.447,46.1875],[-103.4655,46.1919],[-103.4841,46.1963],[-103.5026,46.2007],[-103.5212,46.2051],[-103.5397,46.2095],[-103.5583,46.2139],[-103.5769,46.2183],[-103.5954,46.2227],[-103.614,46.2271],[-103.6326,46.2315],[-103.6512,46.2359],[-103.6698,46.2403],[-103.6883,46.2447],[-103.7069,46.2491],[-103.7314,46.2491],[-103.7558,46.2491],[-103.7802,46.2492],[-103.8047,46.2492],[-103.8263,46.2592],[-103.8479,46.2692],[-103.8695,46.2792],[-103.8911,46.2892],[-103.9033,46.2944],[-103.9035,46.2945],[-103.9067,46.2964],[-103.9078,46.2972],[-103.9141,46.2985],[-103.9142,46.2985],[-103.9145,46.2984],[-103.9149,46.2983],[-103.9169,46.2977],[-103.918,46.2974],[-103.9195,46.2968],[-103.9285,46.2929],[-103.9289,46.2927],[-103.9307,46.2924],[-103.9307,46.2924],[-103.9345,46.293],[-103.9388,46.2947],[-103.94,46.2952],[-103.9664,46.2988],[-103.9928,46.3025],[-104.0191,46.3061],[-104.0455,46.3098]]]},"properties":{"OBJECTID":710,"state":"North Dakota","agency":"North Dakota Game and Fish","unit_type":"Deer","unit_id":"4F","unit_name":"Badlands","unit_label":"North Dakota Deer 4F - Badlands","aliases":"2025 | 4f | 4f badlands | badlands | deer | deer 4f | deer 4f badlands | north dakota | north dakota 4f | north dakota 4f badlands | north dakota deer 4f | north dakota deer 4f badlands | north dakota game and fish | north dakota game and fish 4f","year":"2025","Shape_Length":170054.58545080136,"Shape_Area":1654947751.5978687}},{"type":"Feature","id":711,"geometry":{"type":"Polygon","coordinates":[[[-99.287,48.278],[-99.3063,48.2788],[-99.3256,48.2797],[-99.345,48.2805],[-99.3643,48.2813],[-99.3836,48.2822],[-99.403,48.283],[-99.4223,48.2839],[-99.4416,48.2847],[-99.4703,48.2915],[-99.4989,48.2983],[-99.5276,48.3051],[-99.5562,48.3119],[-99.5849,48.3187],[-99.6135,48.3255],[-99.6422,48.3323],[-99.6709,48.3391],[-99.692,48.3411],[-99.7132,48.343],[-99.7343,48.3449],[-99.7555,48.3469],[-99.7767,48.3488],[-99.7978,48.3507],[-99.819,48.3526],[-99.8401,48.3545],[-99.86,48.3546],[-99.8798,48.3546],[-99.8996,48.3547],[-99.9195,48.3547],[-99.9393,48.3547],[-99.9591,48.3548],[-99.979,48.3548],[-99.9988,48.3548],[-100.0207,48.3549],[-100.0427,48.3549],[-100.0646,48.3549],[-100.0865,48.355],[-100.1084,48.355],[-100.1303,48.355],[-100.1522,48.355],[-100.1742,48.3551],[-100.1961,48.3551],[-100.218,48.3551],[-100.2399,48.3551],[-100.2618,48.3551],[-100.2837,48.3551],[-100.3057,48.3551],[-100.3276,48.3551],[-100.3495,48.3551],[-100.3625,48.3497],[-100.3754,48.3444],[-100.3884,48.339],[-100.4014,48.3337],[-100.4144,48.3283],[-100.4273,48.3229],[-100.4403,48.3176],[-100.4532,48.3122],[-100.4517,48.2156],[-100.4502,48.119],[-100.4487,48.0224],[-100.4472,47.9259],[-100.4268,47.9227],[-100.4064,47.9196],[-100.386,47.9164],[-100.3656,47.9133],[-100.3452,47.9101],[-100.3249,47.907],[-100.3045,47.9038],[-100.2841,47.9007],[-100.2626,47.8889],[-100.2411,47.8772],[-100.2424,47.7796],[-100.2437,47.682],[-100.2449,47.5845],[-100.2462,47.4869],[-100.2155,47.4869],[-100.1847,47.4869],[-100.154,47.4869],[-100.1233,47.4868],[-100.1182,47.4651],[-100.1132,47.4434],[-100.0952,47.4434],[-100.0772,47.4434],[-100.0592,47.4433],[-100.0412,47.4433],[-100.0232,47.4433],[-100.0052,47.4433],[-99.9872,47.4433],[-99.9691,47.4432],[-99.9417,47.4432],[-99.9143,47.4432],[-99.8869,47.4432],[-99.8594,47.4432],[-99.832,47.4432],[-99.8046,47.4432],[-99.7772,47.4432],[-99.7497,47.4432],[-99.7352,47.4504],[-99.7207,47.4577],[-99.7019,47.4577],[-99.683,47.4578],[-99.6642,47.4578],[-99.6453,47.4578],[-99.6265,47.4578],[-99.6076,47.4578],[-99.5887,47.4579],[-99.5699,47.4579],[-99.551,47.4579],[-99.5322,47.4579],[-99.5133,47.4579],[-99.4945,47.4579],[-99.4756,47.4579],[-99.4568,47.4579],[-99.4379,47.4579],[-99.4191,47.4579],[-99.4002,47.4578],[-99.3813,47.4578],[-99.3625,47.4578],[-99.3436,47.4578],[-99.3248,47.4578],[-99.3059,47.4577],[-99.2871,47.4577],[-99.2682,47.4577],[-99.2494,47.4576],[-99.2305,47.4576],[-99.2116,47.4576],[-99.1928,47.4575],[-99.1739,47.4575],[-99.1551,47.4574],[-99.1362,47.4574],[-99.1174,47.4573],[-99.1189,47.5512],[-99.1204,47.6451],[-99.122,47.739],[-99.1235,47.8329],[-99.1244,47.9041],[-99.1254,47.9754],[-99.1461,47.976],[-99.1668,47.9767],[-99.1875,47.9774],[-99.2082,47.9781],[-99.218,47.9931],[-99.2278,48.0081],[-99.2376,48.0232],[-99.2474,48.0382],[-99.2572,48.0532],[-99.2671,48.0683],[-99.2769,48.0833],[-99.2867,48.0984],[-99.287,48.278]]]},"properties":{"OBJECTID":711,"state":"North Dakota","agency":"North Dakota Game and Fish","unit_type":"Deer","unit_id":"2K2","unit_name":"Northern Coteau","unit_label":"North Dakota Deer 2K2 - Northern Coteau","aliases":"2025 | 2k2 | 2k2 northern coteau | deer | deer 2k2 | deer 2k2 northern coteau | north dakota | north dakota 2k2 | north dakota 2k2 northern coteau | north dakota deer 2k2 | north dakota deer 2k2 northern coteau | north dakota game and fish | north dakota","year":"2025","Shape_Length":380211.6944765222,"Shape_Area":8466496162.846813}},{"type":"Feature","id":712,"geometry":{"type":"Polygon","coordinates":[[[-99.1174,47.4573],[-99.1362,47.4574],[-99.1551,47.4574],[-99.1739,47.4575],[-99.1928,47.4575],[-99.2116,47.4576],[-99.2305,47.4576],[-99.2494,47.4576],[-99.2682,47.4577],[-99.2871,47.4577],[-99.3059,47.4577],[-99.3248,47.4578],[-99.3436,47.4578],[-99.3625,47.4578],[-99.3813,47.4578],[-99.4002,47.4578],[-99.4191,47.4579],[-99.4379,47.4579],[-99.4568,47.4579],[-99.4756,47.4579],[-99.4945,47.4579],[-99.5133,47.4579],[-99.5322,47.4579],[-99.551,47.4579],[-99.5699,47.4579],[-99.5887,47.4579],[-99.6076,47.4578],[-99.6265,47.4578],[-99.6453,47.4578],[-99.6642,47.4578],[-99.683,47.4578],[-99.7019,47.4577],[-99.7207,47.4577],[-99.7352,47.4504],[-99.7497,47.4432],[-99.7772,47.4432],[-99.8046,47.4432],[-99.832,47.4432],[-99.8594,47.4432],[-99.8869,47.4432],[-99.9143,47.4432],[-99.9417,47.4432],[-99.9691,47.4432],[-99.9683,47.1415],[-99.9471,47.1289],[-99.9458,46.9972],[-99.9383,46.964],[-99.9307,46.9308],[-99.9232,46.8977],[-99.9156,46.8645],[-99.9001,46.8663],[-99.8846,46.8681],[-99.8691,46.8698],[-99.8536,46.8716],[-99.8381,46.8734],[-99.8226,46.8752],[-99.8071,46.8769],[-99.7915,46.8787],[-99.7728,46.8788],[-99.754,46.879],[-99.7353,46.8791],[-99.7165,46.8792],[-99.6978,46.8793],[-99.679,46.8795],[-99.6603,46.8796],[-99.6415,46.8797],[-99.6228,46.8798],[-99.604,46.8799],[-99.5853,46.88],[-99.5665,46.8801],[-99.5478,46.8802],[-99.529,46.8803],[-99.5103,46.8804],[-99.4915,46.8805],[-99.4745,46.8765],[-99.4575,46.8725],[-99.4337,46.8737],[-99.41,46.8749],[-99.3862,46.8761],[-99.3625,46.8773],[-99.3387,46.8784],[-99.3149,46.8796],[-99.2912,46.8808],[-99.2674,46.882],[-99.2437,46.8831],[-99.2199,46.8843],[-99.1961,46.8854],[-99.1724,46.8866],[-99.1486,46.8877],[-99.1248,46.8889],[-99.1011,46.89],[-99.0773,46.8912],[-99.0572,46.8913],[-99.0371,46.8914],[-99.0169,46.8914],[-98.9968,46.8915],[-98.9767,46.8916],[-98.9566,46.8917],[-98.9365,46.8918],[-98.9163,46.8918],[-98.8962,46.8919],[-98.8761,46.892],[-98.856,46.892],[-98.8359,46.8921],[-98.8157,46.8922],[-98.7956,46.8922],[-98.7755,46.8923],[-98.7554,46.8923],[-98.7502,46.9096],[-98.745,46.9269],[-98.7398,46.9441],[-98.7346,46.9614],[-98.7454,46.9733],[-98.7563,46.9852],[-98.7671,46.9972],[-98.778,47.0091],[-98.7888,47.021],[-98.7997,47.0329],[-98.8106,47.0448],[-98.8215,47.0567],[-98.8306,47.0686],[-98.8398,47.0804],[-98.8489,47.0922],[-98.8581,47.1041],[-98.8673,47.1159],[-98.8764,47.1277],[-98.8856,47.1396],[-98.8948,47.1514],[-98.904,47.1632],[-98.9131,47.1751],[-98.9223,47.1869],[-98.9315,47.1987],[-98.9407,47.2106],[-98.9499,47.2224],[-98.9591,47.2342],[-98.9683,47.2461],[-98.9775,47.2579],[-98.9867,47.2697],[-98.9959,47.2816],[-99.0052,47.2934],[-99.0144,47.3052],[-99.0236,47.3171],[-99.0328,47.3289],[-99.0421,47.3407],[-99.0513,47.3526],[-99.0605,47.3644],[-99.0698,47.3762],[-99.079,47.3881],[-99.0883,47.3999],[-99.0975,47.4117],[-99.1068,47.4236],[-99.116,47.4354],[-99.1174,47.4573]]]},"properties":{"OBJECTID":712,"state":"North Dakota","agency":"North Dakota Game and Fish","unit_type":"Deer","unit_id":"2J2","unit_name":"Southern Coteau","unit_label":"North Dakota Deer 2J2 - Southern Coteau","aliases":"2025 | 2j2 | 2j2 southern coteau | deer | deer 2j2 | deer 2j2 southern coteau | north dakota | north dakota 2j2 | north dakota 2j2 southern coteau | north dakota deer 2j2 | north dakota deer 2j2 southern coteau | north dakota game and fish | north dakota","year":"2025","Shape_Length":289445.3572798999,"Shape_Area":5032498028.711612}},{"type":"Feature","id":713,"geometry":{"type":"Polygon","coordinates":[[[-103.5445,46.9321],[-103.5672,46.9351],[-103.5898,46.9381],[-103.6125,46.9411],[-103.6352,46.944],[-103.6578,46.947],[-103.6805,46.95],[-103.7031,46.953],[-103.7258,46.956],[-103.7478,46.9533],[-103.7697,46.9506],[-103.7917,46.948],[-103.8136,46.9453],[-103.8356,46.9426],[-103.8575,46.9399],[-103.8795,46.9373],[-103.9014,46.9346],[-103.9195,46.9346],[-103.9375,46.9347],[-103.9555,46.9347],[-103.9735,46.9347],[-103.9915,46.9348],[-104.0096,46.9348],[-104.0276,46.9348],[-104.0456,46.9349],[-104.0456,46.9345],[-104.0456,46.9332],[-104.0458,46.8917],[-104.0459,46.8492],[-104.0459,46.8443],[-104.046,46.8359],[-104.046,46.8331],[-104.0458,46.8167],[-104.0457,46.8076],[-104.0457,46.801],[-104.0457,46.8001],[-104.0455,46.7877],[-104.0456,46.7776],[-104.0456,46.743],[-104.0456,46.742],[-104.0455,46.729],[-104.0455,46.7281],[-104.0455,46.7068],[-104.0455,46.3098],[-104.0191,46.3061],[-103.9928,46.3025],[-103.9664,46.2988],[-103.94,46.2952],[-103.9388,46.2947],[-103.9345,46.293],[-103.9307,46.2924],[-103.9307,46.2924],[-103.9289,46.2927],[-103.9285,46.2929],[-103.9195,46.2968],[-103.9185,46.2972],[-103.918,46.2974],[-103.9169,46.2977],[-103.9166,46.2978],[-103.9222,46.3189],[-103.9277,46.3401],[-103.9332,46.3612],[-103.9387,46.3823],[-103.9306,46.3969],[-103.9224,46.4115],[-103.9143,46.4261],[-103.9062,46.4408],[-103.898,46.4554],[-103.8898,46.47],[-103.8817,46.4846],[-103.8735,46.4992],[-103.8516,46.5074],[-103.8297,46.5156],[-103.8078,46.5238],[-103.7859,46.5319],[-103.7855,46.5778],[-103.7649,46.5919],[-103.7443,46.606],[-103.7236,46.6201],[-103.7029,46.6342],[-103.6779,46.6295],[-103.6528,46.6248],[-103.6278,46.6201],[-103.6027,46.6154],[-103.5777,46.6107],[-103.5527,46.6059],[-103.5276,46.6012],[-103.5026,46.5965],[-103.4882,46.6132],[-103.4737,46.6299],[-103.4564,46.6299],[-103.439,46.6299],[-103.4216,46.6299],[-103.4043,46.6299],[-103.3869,46.6299],[-103.3695,46.6299],[-103.3522,46.6298],[-103.3348,46.6298],[-103.3174,46.6298],[-103.3001,46.6298],[-103.2827,46.6298],[-103.2653,46.6298],[-103.248,46.6297],[-103.2306,46.6297],[-103.2132,46.6297],[-103.1959,46.6296],[-103.1943,46.6965],[-103.1928,46.7633],[-103.1912,46.8301],[-103.1897,46.897],[-103.2113,46.8959],[-103.233,46.8947],[-103.2547,46.8936],[-103.2763,46.8925],[-103.2979,46.8914],[-103.3196,46.8902],[-103.3412,46.8891],[-103.3629,46.888],[-103.3856,46.8935],[-103.4083,46.899],[-103.431,46.9045],[-103.4537,46.91],[-103.4764,46.9156],[-103.4991,46.9211],[-103.5218,46.9266],[-103.5445,46.9321]]]},"properties":{"OBJECTID":713,"state":"North Dakota","agency":"North Dakota Game and Fish","unit_type":"Deer","unit_id":"4D","unit_name":"Badlands","unit_label":"North Dakota Deer 4D - Badlands","aliases":"2025 | 4d | 4d badlands | badlands | deer | deer 4d | deer 4d badlands | north dakota | north dakota 4d | north dakota 4d badlands | north dakota deer 4d | north dakota deer 4d badlands | north dakota game and fish | north dakota game and fish 4d","year":"2025","Shape_Length":262701.92966067966,"Shape_Area":2681887940.906549}},{"type":"Feature","id":714,"geometry":{"type":"Polygon","coordinates":[[[-103.4737,46.6299],[-103.4882,46.6132],[-103.5026,46.5965],[-103.5276,46.6012],[-103.5527,46.6059],[-103.5777,46.6107],[-103.6027,46.6154],[-103.6278,46.6201],[-103.6528,46.6248],[-103.6779,46.6295],[-103.7029,46.6342],[-103.7236,46.6201],[-103.7443,46.606],[-103.7649,46.5919],[-103.7855,46.5778],[-103.7859,46.5319],[-103.8078,46.5238],[-103.8297,46.5156],[-103.8516,46.5074],[-103.8735,46.4992],[-103.8817,46.4846],[-103.8898,46.47],[-103.898,46.4554],[-103.9062,46.4408],[-103.9143,46.4261],[-103.9224,46.4115],[-103.9306,46.3969],[-103.9387,46.3823],[-103.9332,46.3612],[-103.9277,46.3401],[-103.9222,46.3189],[-103.9166,46.2978],[-103.9153,46.2982],[-103.9149,46.2983],[-103.9145,46.2984],[-103.9142,46.2985],[-103.9141,46.2985],[-103.9078,46.2972],[-103.9071,46.2967],[-103.9067,46.2964],[-103.9035,46.2945],[-103.9034,46.2945],[-103.9033,46.2944],[-103.8911,46.2892],[-103.8695,46.2792],[-103.8479,46.2692],[-103.8263,46.2592],[-103.8047,46.2492],[-103.7802,46.2492],[-103.7558,46.2491],[-103.7314,46.2491],[-103.7069,46.2491],[-103.6883,46.2447],[-103.6698,46.2403],[-103.6512,46.2359],[-103.6326,46.2315],[-103.614,46.2271],[-103.5954,46.2227],[-103.5769,46.2183],[-103.5583,46.2139],[-103.5397,46.2095],[-103.5212,46.2051],[-103.5026,46.2007],[-103.4841,46.1963],[-103.4655,46.1919],[-103.447,46.1875],[-103.4284,46.183],[-103.4099,46.1786],[-103.3897,46.1874],[-103.3696,46.1962],[-103.368,46.2662],[-103.3664,46.3362],[-103.3647,46.4063],[-103.3631,46.4763],[-103.3432,46.4771],[-103.3233,46.4779],[-103.3034,46.4787],[-103.2835,46.4795],[-103.2636,46.4802],[-103.2437,46.481],[-103.2238,46.4818],[-103.2039,46.4825],[-103.2,46.5042],[-103.1961,46.526],[-103.1959,46.6296],[-103.2132,46.6297],[-103.2306,46.6297],[-103.248,46.6297],[-103.2653,46.6298],[-103.2827,46.6298],[-103.3001,46.6298],[-103.3174,46.6298],[-103.3348,46.6298],[-103.3522,46.6298],[-103.3695,46.6299],[-103.3869,46.6299],[-103.4043,46.6299],[-103.4216,46.6299],[-103.439,46.6299],[-103.4564,46.6299],[-103.4737,46.6299]]]},"properties":{"OBJECTID":714,"state":"North Dakota","agency":"North Dakota Game and Fish","unit_type":"Deer","unit_id":"4E","unit_name":"Badlands","unit_label":"North Dakota Deer 4E - Badlands","aliases":"2025 | 4e | 4e badlands | badlands | deer | deer 4e | deer 4e badlands | north dakota | north dakota 4e | north dakota 4e badlands | north dakota deer 4e | north dakota deer 4e badlands | north dakota game and fish | north dakota game and fish 4e","year":"2025","Shape_Length":192192.7230874754,"Shape_Area":1912540167.1444404}}]}