{"type":"FeatureCollection","features":[{"type":"Feature","id":607,"geometry":{"type":"Polygon","coordinates":[[[-123.5849,42.6488],[-123.6031,42.6493],[-123.6213,42.6498],[-123.6395,42.6503],[-123.6577,42.6508],[-123.6759,42.6513],[-123.694,42.6518],[-123.7122,42.6523],[-123.7304,42.6527],[-123.7451,42.6668],[-123.7598,42.6808],[-123.7745,42.6948],[-123.7892,42.7088],[-123.8073,42.7113],[-123.8253,42.7137],[-123.8434,42.7162],[-123.8615,42.7186],[-123.8849,42.7079],[-123.9082,42.6971],[-123.9316,42.6864],[-123.9549,42.6756],[-123.9782,42.6649],[-124.0016,42.6541],[-124.0249,42.6434],[-124.0482,42.6326],[-124.0547,42.593],[-124.0612,42.5534],[-124.0765,42.5542],[-124.0918,42.555],[-124.1071,42.5559],[-124.1224,42.5567],[-124.1396,42.5429],[-124.1568,42.5291],[-124.1741,42.5153],[-124.1913,42.5015],[-124.2179,42.5022],[-124.2446,42.5029],[-124.2712,42.5035],[-124.2979,42.5042],[-124.3147,42.4936],[-124.3315,42.4829],[-124.3483,42.4723],[-124.3652,42.4616],[-124.382,42.451],[-124.3988,42.4403],[-124.4156,42.4297],[-124.4323,42.419],[-124.4272,42.3776],[-124.4221,42.3363],[-124.417,42.2949],[-124.4119,42.2535],[-124.3994,42.2355],[-124.3868,42.2176],[-124.3743,42.1996],[-124.3618,42.1817],[-124.3592,42.1482],[-124.3566,42.1146],[-124.3422,42.0989],[-124.3279,42.0831],[-124.3136,42.0674],[-124.2993,42.0517],[-124.2879,42.045],[-124.2766,42.0384],[-124.2652,42.0317],[-124.2539,42.0251],[-124.2426,42.0184],[-124.2312,42.0118],[-124.2199,42.0052],[-124.2086,41.9985],[-124.1933,41.9985],[-124.1781,41.9985],[-124.1628,41.9984],[-124.1476,41.9984],[-124.1324,41.9984],[-124.1171,41.9983],[-124.1019,41.9983],[-124.0867,41.9983],[-124.0714,41.9982],[-124.0562,41.9982],[-124.0409,41.9982],[-124.0257,41.9981],[-124.0105,41.9981],[-123.9952,41.998],[-123.98,41.998],[-123.9647,41.9979],[-123.9495,41.9979],[-123.9343,41.9978],[-123.919,41.9978],[-123.9038,41.9977],[-123.8885,41.9976],[-123.8733,41.9976],[-123.8581,41.9975],[-123.8428,41.9975],[-123.8276,41.9974],[-123.8123,41.9973],[-123.7971,41.9973],[-123.7819,41.9972],[-123.7666,41.9971],[-123.7514,41.997],[-123.7362,41.997],[-123.7209,41.9969],[-123.7214,41.9975],[-123.7301,42.0266],[-123.7203,42.0422],[-123.7105,42.0578],[-123.7007,42.0734],[-123.6909,42.0889],[-123.681,42.1045],[-123.6712,42.1201],[-123.6614,42.1357],[-123.6515,42.1512],[-123.6492,42.189],[-123.6468,42.2268],[-123.6374,42.2476],[-123.6279,42.2683],[-123.6184,42.2891],[-123.6089,42.3098],[-123.5923,42.323],[-123.5757,42.3362],[-123.559,42.3493],[-123.5424,42.3625],[-123.5283,42.3684],[-123.5142,42.3744],[-123.5001,42.3804],[-123.486,42.3863],[-123.4719,42.3923],[-123.4577,42.3983],[-123.4436,42.4042],[-123.4295,42.4102],[-123.4051,42.4139],[-123.3807,42.4176],[-123.3564,42.4212],[-123.332,42.4249],[-123.353,42.4271],[-123.3741,42.4292],[-123.3952,42.4314],[-123.4163,42.4335],[-123.4374,42.4357],[-123.4584,42.4378],[-123.4795,42.4399],[-123.5006,42.4421],[-123.4952,42.4582],[-123.4898,42.4743],[-123.4843,42.4903],[-123.4789,42.5064],[-123.4894,42.5226],[-123.4999,42.5387],[-123.5234,42.5437],[-123.5469,42.5487],[-123.5703,42.5537],[-123.5938,42.5587],[-123.5894,42.6037],[-123.5849,42.6488]]]},"properties":{"OBJECTID":607,"state":"Oregon","agency":"Oregon Department of Fish and Wildlife","unit_type":"WMU","unit_id":"27","unit_name":"CHETCO","unit_label":"Oregon WMU 27 - CHETCO","aliases":"2025 | 27 | 27 chetco | chetco | game management unit | game management unit 27 | game management unit 27 chetco | gmu | gmu 27 | gmu 27 chetco | hunt unit | hunt unit 27 | hunt unit 27 chetco | hunting unit | hunting unit 27 | hunting unit 27 chetco | o","year":"2025","Shape_Length":289762.30721294787,"Shape_Area":4366907679.792181}},{"type":"Feature","id":608,"geometry":{"type":"Polygon","coordinates":[[[-122.6757,43.3038],[-122.6969,43.3134],[-122.7182,43.323],[-122.7394,43.3326],[-122.7607,43.3422],[-122.7772,43.3363],[-122.7938,43.3304],[-122.8104,43.3245],[-122.827,43.3186],[-122.8435,43.3127],[-122.8601,43.3068],[-122.8766,43.3009],[-122.8932,43.295],[-122.908,43.2997],[-122.9228,43.3044],[-122.9376,43.3092],[-122.9524,43.3139],[-122.9672,43.3186],[-122.982,43.3234],[-122.9968,43.3281],[-123.0117,43.3328],[-123.0269,43.3269],[-123.0421,43.3209],[-123.0574,43.315],[-123.0726,43.309],[-123.0888,43.3097],[-123.1051,43.3104],[-123.1213,43.3111],[-123.1375,43.3117],[-123.1537,43.3124],[-123.17,43.3131],[-123.1862,43.3138],[-123.2024,43.3144],[-123.2112,43.288],[-123.2199,43.2615],[-123.2286,43.2351],[-123.2374,43.2086],[-123.2312,43.1949],[-123.2251,43.1812],[-123.2189,43.1676],[-123.2128,43.1539],[-123.2066,43.1402],[-123.2005,43.1265],[-123.1944,43.1128],[-123.1882,43.0991],[-123.1946,43.0692],[-123.201,43.0393],[-123.2073,43.0094],[-123.2137,42.9795],[-123.1911,42.9755],[-123.1752,42.9662],[-123.1594,42.9568],[-123.1436,42.9474],[-123.1277,42.938],[-123.1042,42.9363],[-123.0806,42.9347],[-123.057,42.933],[-123.0334,42.9313],[-123.0098,42.9296],[-122.9863,42.9279],[-122.9627,42.9262],[-122.9391,42.9245],[-122.9291,42.9157],[-122.919,42.9068],[-122.909,42.898],[-122.899,42.8892],[-122.889,42.8804],[-122.879,42.8715],[-122.8689,42.8627],[-122.8589,42.8539],[-122.8617,42.7929],[-122.8645,42.7319],[-122.8574,42.7214],[-122.8503,42.7109],[-122.8432,42.7004],[-122.8361,42.6899],[-122.829,42.6794],[-122.822,42.6689],[-122.8149,42.6584],[-122.8078,42.6479],[-122.7874,42.65],[-122.767,42.652],[-122.7466,42.654],[-122.7262,42.656],[-122.7059,42.658],[-122.6855,42.66],[-122.6651,42.662],[-122.6447,42.664],[-122.6254,42.6758],[-122.6061,42.6876],[-122.5868,42.6994],[-122.5674,42.7112],[-122.5481,42.723],[-122.5288,42.7348],[-122.5094,42.7466],[-122.4901,42.7584],[-122.4873,42.7967],[-122.4844,42.835],[-122.4771,42.8475],[-122.4697,42.8601],[-122.4623,42.8726],[-122.455,42.8852],[-122.4476,42.8977],[-122.4402,42.9103],[-122.4328,42.9229],[-122.4254,42.9354],[-122.418,42.948],[-122.4107,42.9605],[-122.4033,42.9731],[-122.3959,42.9856],[-122.3885,42.9982],[-122.3811,43.0108],[-122.3737,43.0233],[-122.3662,43.0359],[-122.3525,43.0494],[-122.3388,43.0628],[-122.325,43.0763],[-122.3113,43.0898],[-122.2851,43.0905],[-122.2589,43.0911],[-122.2327,43.0918],[-122.2064,43.0925],[-122.1879,43.101],[-122.1694,43.1096],[-122.1508,43.1181],[-122.1323,43.1266],[-122.1361,43.1792],[-122.14,43.2318],[-122.1564,43.2451],[-122.1727,43.2583],[-122.1981,43.2561],[-122.2234,43.254],[-122.2487,43.2519],[-122.274,43.2497],[-122.2994,43.2476],[-122.3247,43.2454],[-122.35,43.2432],[-122.3753,43.2411],[-122.3913,43.2493],[-122.4072,43.2575],[-122.4232,43.2657],[-122.4392,43.2739],[-122.4552,43.2821],[-122.4711,43.2903],[-122.4871,43.2985],[-122.5031,43.3067],[-122.5206,43.3019],[-122.5381,43.2971],[-122.5555,43.2923],[-122.573,43.2875],[-122.5987,43.2915],[-122.6243,43.2956],[-122.65,43.2997],[-122.6757,43.3038]]]},"properties":{"OBJECTID":608,"state":"Oregon","agency":"Oregon Department of Fish and Wildlife","unit_type":"WMU","unit_id":"22","unit_name":"DIXON","unit_label":"Oregon WMU 22 - DIXON","aliases":"2025 | 22 | 22 dixon | dixon | game management unit | game management unit 22 | game management unit 22 dixon | gmu | gmu 22 | gmu 22 dixon | hunt unit | hunt unit 22 | hunt unit 22 dixon | hunting unit | hunting unit 22 | hunting unit 22 dixon | oregon","year":"2025","Shape_Length":288631.8960754898,"Shape_Area":4031835345.1226788}},{"type":"Feature","id":609,"geometry":{"type":"Polygon","coordinates":[[[-122.8078,42.6479],[-122.8149,42.6584],[-122.822,42.6689],[-122.829,42.6794],[-122.8361,42.6899],[-122.8432,42.7004],[-122.8503,42.7109],[-122.8574,42.7214],[-122.8645,42.7319],[-122.8617,42.7929],[-122.8589,42.8539],[-122.8689,42.8627],[-122.879,42.8715],[-122.889,42.8804],[-122.899,42.8892],[-122.909,42.898],[-122.919,42.9068],[-122.9291,42.9157],[-122.9391,42.9245],[-122.9627,42.9262],[-122.9863,42.9279],[-123.0098,42.9296],[-123.0334,42.9313],[-123.057,42.933],[-123.0806,42.9347],[-123.1042,42.9363],[-123.1277,42.938],[-123.1436,42.9474],[-123.1594,42.9568],[-123.1752,42.9662],[-123.1911,42.9755],[-123.2013,42.9683],[-123.2115,42.961],[-123.2218,42.9537],[-123.232,42.9464],[-123.2422,42.9391],[-123.2524,42.9318],[-123.2626,42.9245],[-123.2729,42.9173],[-123.2554,42.9054],[-123.238,42.8936],[-123.2467,42.8654],[-123.2554,42.8373],[-123.2641,42.8092],[-123.2728,42.781],[-123.2975,42.7721],[-123.3222,42.7633],[-123.3469,42.7544],[-123.3716,42.7455],[-123.3669,42.7081],[-123.3847,42.7005],[-123.4024,42.693],[-123.4201,42.6854],[-123.4379,42.6779],[-123.4556,42.6703],[-123.4733,42.6628],[-123.491,42.6552],[-123.5087,42.6477],[-123.5278,42.648],[-123.5468,42.6482],[-123.5659,42.6485],[-123.5849,42.6488],[-123.5894,42.6037],[-123.5938,42.5587],[-123.5703,42.5537],[-123.5469,42.5487],[-123.5234,42.5437],[-123.4999,42.5387],[-123.4894,42.5226],[-123.4789,42.5064],[-123.4843,42.4903],[-123.4898,42.4743],[-123.4952,42.4582],[-123.5006,42.4421],[-123.4795,42.4399],[-123.4584,42.4378],[-123.4374,42.4357],[-123.4163,42.4335],[-123.3952,42.4314],[-123.3741,42.4292],[-123.353,42.4271],[-123.332,42.4249],[-123.3016,42.4258],[-123.2713,42.4267],[-123.2409,42.4276],[-123.2105,42.4285],[-123.1802,42.4294],[-123.1498,42.4303],[-123.1195,42.4311],[-123.0891,42.432],[-123.0704,42.4286],[-123.0516,42.4251],[-123.0329,42.4217],[-123.0142,42.4183],[-122.9954,42.4148],[-122.9767,42.4114],[-122.958,42.4079],[-122.9392,42.4045],[-122.9236,42.3909],[-122.9079,42.3774],[-122.8922,42.3639],[-122.8765,42.3503],[-122.8685,42.3655],[-122.8604,42.3806],[-122.8524,42.3958],[-122.8443,42.4109],[-122.8362,42.4261],[-122.8281,42.4413],[-122.8201,42.4564],[-122.812,42.4716],[-122.8099,42.5598],[-122.8078,42.6479]]]},"properties":{"OBJECTID":609,"state":"Oregon","agency":"Oregon Department of Fish and Wildlife","unit_type":"WMU","unit_id":"29","unit_name":"EVANS CREEK","unit_label":"Oregon WMU 29 - EVANS CREEK","aliases":"2025 | 29 | 29 evans creek | evans creek | game management unit | game management unit 29 | game management unit 29 evans creek | gmu | gmu 29 | gmu 29 evans creek | hunt unit | hunt unit 29 | hunt unit 29 evans creek | hunting unit | hunting unit 29 | h","year":"2025","Shape_Length":233280.2663243425,"Shape_Area":2692528709.43324}},{"type":"Feature","id":610,"geometry":{"type":"Polygon","coordinates":[[[-122.9071,44.5384],[-122.9264,44.5406],[-122.9457,44.5428],[-122.9651,44.545],[-122.9844,44.5471],[-123.0037,44.5493],[-123.023,44.5515],[-123.0424,44.5536],[-123.0617,44.5558],[-123.0612,44.3639],[-123.0608,44.1722],[-123.0573,44.1502],[-123.0538,44.1281],[-123.0504,44.1061],[-123.0469,44.0841],[-123.0368,44.0623],[-123.0267,44.0404],[-123.0165,44.0186],[-123.0064,43.9968],[-122.9817,43.9864],[-122.957,43.976],[-122.9323,43.9657],[-122.9076,43.9553],[-122.8829,43.9449],[-122.8582,43.9345],[-122.8335,43.9241],[-122.8089,43.9137],[-122.7929,43.9119],[-122.777,43.9101],[-122.761,43.9083],[-122.7451,43.9065],[-122.7317,43.8985],[-122.7183,43.8905],[-122.7049,43.8825],[-122.6915,43.8745],[-122.6781,43.8665],[-122.6647,43.8585],[-122.6513,43.8505],[-122.6379,43.8424],[-122.6245,43.8344],[-122.6111,43.8264],[-122.5978,43.8184],[-122.5844,43.8104],[-122.571,43.8024],[-122.5576,43.7944],[-122.5443,43.7864],[-122.5309,43.7783],[-122.5249,43.745],[-122.4958,43.7405],[-122.4666,43.736],[-122.4374,43.7315],[-122.4083,43.727],[-122.3791,43.7224],[-122.35,43.7179],[-122.3208,43.7133],[-122.2917,43.7088],[-122.2759,43.6963],[-122.2602,43.6838],[-122.2444,43.6713],[-122.2287,43.6588],[-122.2153,43.6528],[-122.2018,43.6468],[-122.1884,43.6408],[-122.175,43.6348],[-122.1616,43.6288],[-122.1481,43.6227],[-122.1347,43.6167],[-122.1213,43.6107],[-122.0995,43.6074],[-122.0777,43.6041],[-122.056,43.6009],[-122.0342,43.5976],[-122.0267,43.6099],[-122.0193,43.6222],[-122.0118,43.6346],[-122.0044,43.6469],[-121.9995,43.6727],[-121.9947,43.6985],[-121.9898,43.7243],[-121.9849,43.7501],[-121.9801,43.7759],[-121.9752,43.8017],[-121.9703,43.8275],[-121.9654,43.8533],[-121.948,43.8693],[-121.9305,43.8854],[-121.913,43.9015],[-121.8955,43.9176],[-121.878,43.9337],[-121.8605,43.9498],[-121.843,43.9659],[-121.8255,43.9819],[-121.8226,44.0338],[-121.8198,44.0857],[-121.817,44.1376],[-121.8142,44.1894],[-121.8039,44.2036],[-121.7936,44.2177],[-121.7833,44.2319],[-121.773,44.246],[-121.7889,44.2529],[-121.8049,44.2598],[-121.8132,44.2726],[-121.8215,44.2854],[-121.8298,44.2981],[-121.8381,44.3109],[-121.8465,44.3237],[-121.8548,44.3364],[-121.8631,44.3492],[-121.8714,44.362],[-121.8658,44.3775],[-121.8602,44.393],[-121.8546,44.4085],[-121.849,44.424],[-121.8645,44.4249],[-121.8799,44.4259],[-121.8954,44.4269],[-121.9108,44.4278],[-121.9263,44.4288],[-121.9417,44.4297],[-121.9572,44.4307],[-121.9726,44.4316],[-121.9897,44.4269],[-122.0069,44.4221],[-122.024,44.4173],[-122.0411,44.4126],[-122.0582,44.4078],[-122.0753,44.403],[-122.0924,44.3982],[-122.1095,44.3934],[-122.1352,44.3913],[-122.1609,44.3892],[-122.1866,44.3871],[-122.2123,44.385],[-122.2162,44.4093],[-122.2328,44.4085],[-122.2494,44.4078],[-122.2661,44.407],[-122.2827,44.4063],[-122.2993,44.4055],[-122.3159,44.4048],[-122.3325,44.404],[-122.3491,44.4032],[-122.3658,44.4025],[-122.3824,44.4017],[-122.399,44.401],[-122.4156,44.4002],[-122.4322,44.3994],[-122.4488,44.3986],[-122.4654,44.3979],[-122.4821,44.3971],[-122.5006,44.3991],[-122.5192,44.4012],[-122.5377,44.4032],[-122.5563,44.4052],[-122.5749,44.4073],[-122.5934,44.4093],[-122.612,44.4113],[-122.6306,44.4133],[-122.6469,44.4123],[-122.6633,44.4113],[-122.6796,44.4103],[-122.6959,44.4093],[-122.7123,44.4083],[-122.7286,44.4073],[-122.7449,44.4063],[-122.7613,44.4053],[-122.7731,44.4208],[-122.7849,44.4362],[-122.7967,44.4517],[-122.8085,44.4672],[-122.8208,44.4761],[-122.8331,44.485],[-122.8454,44.4939],[-122.8578,44.5028],[-122.8701,44.5117],[-122.8824,44.5206],[-122.8948,44.5295],[-122.9071,44.5384]]]},"properties":{"OBJECTID":610,"state":"Oregon","agency":"Oregon Department of Fish and Wildlife","unit_type":"WMU","unit_id":"19","unit_name":"MCKENZIE","unit_label":"Oregon WMU 19 - MCKENZIE","aliases":"19 | 19 mckenzie | 2025 | game management unit | game management unit 19 | game management unit 19 mckenzie | gmu | gmu 19 | gmu 19 mckenzie | hunt unit | hunt unit 19 | hunt unit 19 mckenzie | hunting unit | hunting unit 19 | hunting unit 19 mckenzie |","year":"2025","Shape_Length":364196.9099342048,"Shape_Area":6870796417.996191}},{"type":"Feature","id":611,"geometry":{"type":"Polygon","coordinates":[[[-123.084,43.647],[-123.0785,43.6781],[-123.073,43.7091],[-123.0675,43.7402],[-123.0621,43.7712],[-123.0905,43.7658],[-123.1189,43.7604],[-123.1474,43.7549],[-123.1758,43.7495],[-123.187,43.739],[-123.1982,43.7286],[-123.2094,43.7181],[-123.2206,43.7076],[-123.2366,43.7054],[-123.2526,43.7031],[-123.2687,43.7008],[-123.2847,43.6985],[-123.3,43.6807],[-123.3152,43.6628],[-123.3359,43.6633],[-123.3566,43.6638],[-123.3773,43.6643],[-123.398,43.6649],[-123.4187,43.6654],[-123.4394,43.6659],[-123.4602,43.6664],[-123.4809,43.6669],[-123.5026,43.6583],[-123.5243,43.6497],[-123.546,43.6411],[-123.5677,43.6325],[-123.5795,43.6225],[-123.5914,43.6125],[-123.6033,43.6025],[-123.6151,43.5925],[-123.5955,43.5896],[-123.5758,43.5866],[-123.5562,43.5837],[-123.5366,43.5807],[-123.5289,43.5701],[-123.5212,43.5595],[-123.5135,43.5488],[-123.5057,43.5382],[-123.5236,43.5395],[-123.5414,43.5409],[-123.5593,43.5422],[-123.5771,43.5435],[-123.565,43.5358],[-123.5528,43.5281],[-123.5407,43.5204],[-123.5285,43.5127],[-123.5163,43.505],[-123.5042,43.4973],[-123.492,43.4896],[-123.4799,43.4819],[-123.5032,43.4744],[-123.5265,43.4669],[-123.5499,43.4594],[-123.5732,43.4519],[-123.5658,43.4365],[-123.5584,43.4211],[-123.551,43.4057],[-123.5437,43.3902],[-123.527,43.3862],[-123.5103,43.3822],[-123.4936,43.3781],[-123.477,43.3741],[-123.4845,43.3478],[-123.492,43.3216],[-123.4809,43.3082],[-123.4698,43.2949],[-123.4587,43.2816],[-123.4476,43.2682],[-123.4676,43.2582],[-123.4876,43.2481],[-123.5076,43.238],[-123.5276,43.2279],[-123.5377,43.207],[-123.5479,43.186],[-123.5656,43.174],[-123.5833,43.1619],[-123.6011,43.1499],[-123.6188,43.1379],[-123.6068,43.1252],[-123.5948,43.1125],[-123.5829,43.0998],[-123.5709,43.087],[-123.5569,43.069],[-123.5428,43.051],[-123.549,43.0307],[-123.5552,43.0105],[-123.5614,42.9903],[-123.5676,42.9701],[-123.5831,42.9533],[-123.5987,42.9366],[-123.6143,42.9198],[-123.6298,42.903],[-123.6165,42.894],[-123.6031,42.8851],[-123.5898,42.8761],[-123.5765,42.8671],[-123.5595,42.8814],[-123.5425,42.8958],[-123.5254,42.9101],[-123.5084,42.9244],[-123.4837,42.9259],[-123.459,42.9274],[-123.4343,42.9289],[-123.4096,42.9303],[-123.3925,42.9287],[-123.3754,42.9271],[-123.3583,42.9255],[-123.3412,42.9238],[-123.3241,42.9222],[-123.307,42.9205],[-123.2899,42.9189],[-123.2729,42.9173],[-123.2626,42.9245],[-123.2524,42.9318],[-123.2422,42.9391],[-123.232,42.9464],[-123.2218,42.9537],[-123.2115,42.961],[-123.2013,42.9683],[-123.1911,42.9755],[-123.2137,42.9795],[-123.2073,43.0094],[-123.201,43.0393],[-123.1946,43.0692],[-123.1882,43.0991],[-123.1944,43.1128],[-123.2005,43.1265],[-123.2066,43.1402],[-123.2128,43.1539],[-123.2189,43.1676],[-123.2251,43.1812],[-123.2312,43.1949],[-123.2374,43.2086],[-123.2286,43.2351],[-123.2199,43.2615],[-123.2112,43.288],[-123.2024,43.3144],[-123.2044,43.4152],[-123.2063,43.5159],[-123.1911,43.5323],[-123.1758,43.5487],[-123.1605,43.565],[-123.1453,43.5814],[-123.13,43.5978],[-123.1147,43.6142],[-123.0994,43.6306],[-123.0841,43.6469],[-123.084,43.647]]]},"properties":{"OBJECTID":611,"state":"Oregon","agency":"Oregon Department of Fish and Wildlife","unit_type":"WMU","unit_id":"23","unit_name":"MELROSE","unit_label":"Oregon WMU 23 - MELROSE","aliases":"2025 | 23 | 23 melrose | game management unit | game management unit 23 | game management unit 23 melrose | gmu | gmu 23 | gmu 23 melrose | hunt unit | hunt unit 23 | hunt unit 23 melrose | hunting unit | hunting unit 23 | hunting unit 23 melrose | melro","year":"2025","Shape_Length":302432.5857949435,"Shape_Area":2481219658.6214633}},{"type":"Feature","id":612,"geometry":{"type":"Polygon","coordinates":[[[-123.5428,43.051],[-123.5569,43.069],[-123.5709,43.087],[-123.5909,43.0814],[-123.6108,43.0758],[-123.6307,43.0701],[-123.6506,43.0645],[-123.6655,43.0522],[-123.6804,43.0399],[-123.6953,43.0276],[-123.7102,43.0153],[-123.7251,43.0031],[-123.74,42.9908],[-123.7549,42.9785],[-123.7698,42.9662],[-123.7944,42.9659],[-123.819,42.9656],[-123.8436,42.9652],[-123.8682,42.9649],[-123.8731,42.9822],[-123.8779,42.9994],[-123.9011,43.0048],[-123.9242,43.0101],[-123.9474,43.0154],[-123.9706,43.0207],[-123.9937,43.026],[-124.0169,43.0313],[-124.0401,43.0365],[-124.0633,43.0418],[-124.087,43.0373],[-124.1108,43.0328],[-124.1288,43.021],[-124.1467,43.0091],[-124.134,42.9932],[-124.1213,42.9773],[-124.1086,42.9613],[-124.0958,42.9454],[-124.105,42.9325],[-124.1142,42.9196],[-124.1015,42.9076],[-124.0889,42.8956],[-124.0763,42.8837],[-124.0637,42.8717],[-124.0511,42.8597],[-124.0385,42.8477],[-124.0259,42.8358],[-124.0133,42.8238],[-124.0271,42.8082],[-124.0409,42.7926],[-124.0546,42.777],[-124.0684,42.7614],[-124.0608,42.7514],[-124.0531,42.7415],[-124.0455,42.7315],[-124.0379,42.7215],[-124.046,42.711],[-124.0542,42.7005],[-124.0624,42.69],[-124.0705,42.6796],[-124.0593,42.6561],[-124.0482,42.6326],[-124.0249,42.6434],[-124.0016,42.6541],[-123.9782,42.6649],[-123.9549,42.6756],[-123.9316,42.6864],[-123.9082,42.6971],[-123.8849,42.7079],[-123.8615,42.7186],[-123.8434,42.7162],[-123.8253,42.7137],[-123.8073,42.7113],[-123.7892,42.7088],[-123.7745,42.6948],[-123.7598,42.6808],[-123.7451,42.6668],[-123.7304,42.6527],[-123.7122,42.6523],[-123.694,42.6518],[-123.6759,42.6513],[-123.6577,42.6508],[-123.6395,42.6503],[-123.6213,42.6498],[-123.6031,42.6493],[-123.5849,42.6488],[-123.5659,42.6485],[-123.5468,42.6482],[-123.5278,42.648],[-123.5087,42.6477],[-123.491,42.6552],[-123.4733,42.6628],[-123.4556,42.6703],[-123.4379,42.6779],[-123.4201,42.6854],[-123.4024,42.693],[-123.3847,42.7005],[-123.3669,42.7081],[-123.3716,42.7455],[-123.3469,42.7544],[-123.3222,42.7633],[-123.2975,42.7721],[-123.2728,42.781],[-123.2641,42.8092],[-123.2554,42.8373],[-123.2467,42.8654],[-123.238,42.8936],[-123.2554,42.9054],[-123.2729,42.9173],[-123.2899,42.9189],[-123.307,42.9205],[-123.3241,42.9222],[-123.3412,42.9238],[-123.3583,42.9255],[-123.3754,42.9271],[-123.3925,42.9287],[-123.4096,42.9303],[-123.4343,42.9289],[-123.459,42.9274],[-123.4837,42.9259],[-123.5084,42.9244],[-123.5254,42.9101],[-123.5425,42.8958],[-123.5595,42.8814],[-123.5765,42.8671],[-123.5898,42.8761],[-123.6031,42.8851],[-123.6165,42.894],[-123.6298,42.903],[-123.6143,42.9198],[-123.5987,42.9366],[-123.5831,42.9533],[-123.5676,42.9701],[-123.5614,42.9903],[-123.5552,43.0105],[-123.549,43.0307],[-123.5428,43.051]]]},"properties":{"OBJECTID":612,"state":"Oregon","agency":"Oregon Department of Fish and Wildlife","unit_type":"WMU","unit_id":"26","unit_name":"POWERS","unit_label":"Oregon WMU 26 - POWERS","aliases":"2025 | 26 | 26 powers | game management unit | game management unit 26 | game management unit 26 powers | gmu | gmu 26 | gmu 26 powers | hunt unit | hunt unit 26 | hunt unit 26 powers | hunting unit | hunting unit 26 | hunting unit 26 powers | oregon | o","year":"2025","Shape_Length":256222.13849269773,"Shape_Area":2183940091.277428}},{"type":"Feature","id":613,"geometry":{"type":"Polygon","coordinates":[[[-122.0914,43.089],[-122.1016,43.0984],[-122.1118,43.1078],[-122.122,43.1172],[-122.1323,43.1266],[-122.1508,43.1181],[-122.1694,43.1096],[-122.1879,43.101],[-122.2064,43.0925],[-122.2327,43.0918],[-122.2589,43.0911],[-122.2851,43.0905],[-122.3113,43.0898],[-122.325,43.0763],[-122.3388,43.0628],[-122.3525,43.0494],[-122.3662,43.0359],[-122.3737,43.0233],[-122.3811,43.0108],[-122.3885,42.9982],[-122.3959,42.9856],[-122.4033,42.9731],[-122.4107,42.9605],[-122.418,42.948],[-122.4254,42.9354],[-122.4328,42.9229],[-122.4402,42.9103],[-122.4476,42.8977],[-122.455,42.8852],[-122.4623,42.8726],[-122.4697,42.8601],[-122.4771,42.8475],[-122.4844,42.835],[-122.4873,42.7967],[-122.4901,42.7584],[-122.5094,42.7466],[-122.5288,42.7348],[-122.5481,42.723],[-122.5674,42.7112],[-122.5868,42.6994],[-122.6061,42.6876],[-122.6254,42.6758],[-122.6447,42.664],[-122.6651,42.662],[-122.6855,42.66],[-122.7059,42.658],[-122.7262,42.656],[-122.7466,42.654],[-122.767,42.652],[-122.7874,42.65],[-122.8078,42.6479],[-122.8099,42.5598],[-122.812,42.4716],[-122.8201,42.4564],[-122.8281,42.4413],[-122.8362,42.4261],[-122.8443,42.4109],[-122.8524,42.3958],[-122.8604,42.3806],[-122.8685,42.3655],[-122.8765,42.3503],[-122.8631,42.3369],[-122.8497,42.3234],[-122.8364,42.3099],[-122.823,42.2965],[-122.8096,42.283],[-122.7962,42.2695],[-122.7828,42.2561],[-122.7695,42.2426],[-122.7573,42.2366],[-122.7451,42.2305],[-122.7329,42.2244],[-122.7207,42.2184],[-122.7085,42.2123],[-122.6963,42.2062],[-122.6841,42.2002],[-122.6719,42.1941],[-122.6628,42.1802],[-122.6538,42.1664],[-122.6447,42.1525],[-122.6356,42.1386],[-122.6265,42.1248],[-122.6175,42.1109],[-122.6084,42.097],[-122.5994,42.0831],[-122.6034,42.0638],[-122.6074,42.0444],[-122.6114,42.0251],[-122.6154,42.0057],[-122.6153,42.0054],[-122.5853,42.0064],[-122.5553,42.0073],[-122.5422,42.0075],[-122.5254,42.0077],[-122.5087,42.0079],[-122.4919,42.008],[-122.4751,42.0082],[-122.4555,42.0083],[-122.4366,42.0086],[-122.4177,42.0089],[-122.3988,42.0092],[-122.3799,42.0095],[-122.3752,42.0095],[-122.3591,42.0093],[-122.343,42.009],[-122.3427,42.0096],[-122.3459,42.0671],[-122.3491,42.1246],[-122.3337,42.1268],[-122.3183,42.1291],[-122.3029,42.1314],[-122.2874,42.1337],[-122.2872,42.2947],[-122.2701,42.3024],[-122.2529,42.3101],[-122.2358,42.3178],[-122.2186,42.3255],[-122.2259,42.3576],[-122.2331,42.3898],[-122.2404,42.4219],[-122.2477,42.454],[-122.2556,42.4633],[-122.2635,42.4726],[-122.2714,42.4818],[-122.2793,42.4911],[-122.267,42.4969],[-122.2547,42.5027],[-122.2424,42.5085],[-122.2301,42.5143],[-122.2261,42.5498],[-122.2221,42.5854],[-122.2181,42.621],[-122.2141,42.6565],[-122.2036,42.6652],[-122.1931,42.6738],[-122.1826,42.6825],[-122.1721,42.6911],[-122.1783,42.7076],[-122.1844,42.724],[-122.1905,42.7405],[-122.1967,42.757],[-122.1859,42.779],[-122.1751,42.801],[-122.198,42.801],[-122.2209,42.801],[-122.2438,42.801],[-122.2667,42.801],[-122.2722,42.8157],[-122.2777,42.8305],[-122.2833,42.8452],[-122.2888,42.8599],[-122.286,42.8859],[-122.2833,42.9119],[-122.2805,42.9378],[-122.2777,42.9638],[-122.2749,42.9898],[-122.2722,43.0158],[-122.2694,43.0418],[-122.2666,43.0677],[-122.2494,43.073],[-122.2323,43.0783],[-122.2151,43.0836],[-122.198,43.0888],[-122.1713,43.0888],[-122.1447,43.0889],[-122.118,43.0889],[-122.0914,43.0889],[-122.0914,43.089]]]},"properties":{"OBJECTID":613,"state":"Oregon","agency":"Oregon Department of Fish and Wildlife","unit_type":"WMU","unit_id":"30","unit_name":"ROGUE","unit_label":"Oregon WMU 30 - ROGUE","aliases":"2025 | 30 | 30 rogue | game management unit | game management unit 30 | game management unit 30 rogue | gmu | gmu 30 | gmu 30 rogue | hunt unit | hunt unit 30 | hunt unit 30 rogue | hunting unit | hunting unit 30 | hunting unit 30 rogue | oregon | oregon","year":"2025","Shape_Length":348187.0258985904,"Shape_Area":3772148336.2902117}},{"type":"Feature","id":614,"geometry":{"type":"Polygon","coordinates":[[[-123.9641,45.744],[-123.958,45.7224],[-123.952,45.7008],[-123.9459,45.6792],[-123.9398,45.6577],[-123.9286,45.6683],[-123.9175,45.679],[-123.9062,45.6897],[-123.895,45.7003],[-123.8947,45.7003],[-123.8812,45.7205],[-123.8676,45.7407],[-123.854,45.7609],[-123.8404,45.781],[-123.8229,45.7891],[-123.8055,45.7972],[-123.788,45.8052],[-123.7705,45.8133],[-123.7652,45.8578],[-123.7598,45.9023],[-123.7327,45.9073],[-123.7056,45.9122],[-123.6852,45.9053],[-123.6649,45.8984],[-123.6445,45.8915],[-123.6242,45.8846],[-123.6038,45.8777],[-123.5835,45.8708],[-123.5631,45.8639],[-123.5428,45.857],[-123.5271,45.8467],[-123.5115,45.8364],[-123.4959,45.8262],[-123.4802,45.8159],[-123.4646,45.8057],[-123.449,45.7954],[-123.4333,45.7851],[-123.4177,45.7749],[-123.3884,45.7711],[-123.3591,45.7673],[-123.3298,45.7635],[-123.3005,45.7597],[-123.2947,45.7759],[-123.2889,45.7921],[-123.283,45.8082],[-123.2772,45.8244],[-123.2617,45.8317],[-123.2462,45.8391],[-123.2308,45.8464],[-123.2153,45.8538],[-123.1998,45.8611],[-123.1843,45.8685],[-123.1688,45.8758],[-123.1533,45.8832],[-123.1475,45.9036],[-123.1417,45.924],[-123.1537,45.9377],[-123.1656,45.9514],[-123.1776,45.9651],[-123.1896,45.9787],[-123.2194,45.982],[-123.2493,45.9852],[-123.2534,46.0409],[-123.2575,46.0966],[-123.2387,46.1033],[-123.22,46.11],[-123.2279,46.1218],[-123.2359,46.1335],[-123.2438,46.1453],[-123.2518,46.1571],[-123.2519,46.1571],[-123.2583,46.154],[-123.2749,46.1535],[-123.2914,46.153],[-123.3079,46.1525],[-123.3244,46.152],[-123.341,46.1516],[-123.3575,46.1511],[-123.374,46.1506],[-123.3905,46.1501],[-123.3962,46.1546],[-123.4123,46.1672],[-123.4284,46.1798],[-123.43,46.1913],[-123.43,46.1915],[-123.4236,46.2185],[-123.4237,46.2188],[-123.4305,46.2357],[-123.4322,46.2397],[-123.4437,46.2476],[-123.4581,46.2533],[-123.4725,46.259],[-123.4868,46.2647],[-123.5012,46.2704],[-123.5246,46.2679],[-123.548,46.2653],[-123.5713,46.2628],[-123.5947,46.2602],[-123.6181,46.2577],[-123.6414,46.2551],[-123.6648,46.2526],[-123.6881,46.25],[-123.706,46.2566],[-123.7238,46.2631],[-123.7401,46.2691],[-123.7402,46.2691],[-123.7567,46.2648],[-123.7731,46.2605],[-123.7896,46.2562],[-123.806,46.2519],[-123.8225,46.2476],[-123.8389,46.2433],[-123.8554,46.239],[-123.8718,46.2347],[-123.9007,46.2367],[-123.9296,46.2386],[-123.9432,46.2441],[-123.9568,46.2497],[-123.9704,46.2552],[-123.984,46.2607],[-123.9976,46.2663],[-124.0112,46.2718],[-124.0249,46.2773],[-124.0385,46.2828],[-124.0336,46.2756],[-124.0273,46.2627],[-124.021,46.2499],[-124.0146,46.237],[-124.0083,46.2241],[-124.002,46.2112],[-123.9957,46.1983],[-123.9894,46.1854],[-123.983,46.1725],[-123.9767,46.1596],[-123.9704,46.1468],[-123.9641,46.1339],[-123.9578,46.121],[-123.9515,46.1081],[-123.9452,46.0952],[-123.9389,46.0823],[-123.9326,46.0694],[-123.9351,46.0229],[-123.9377,45.9763],[-123.9516,45.9688],[-123.9656,45.9613],[-123.9796,45.9538],[-123.9935,45.9463],[-123.9865,45.9349],[-123.9794,45.9235],[-123.9723,45.9121],[-123.9652,45.9007],[-123.9641,45.744]]]},"properties":{"OBJECTID":614,"state":"Oregon","agency":"Oregon Department of Fish and Wildlife","unit_type":"WMU","unit_id":"10","unit_name":"SADDLE MTN","unit_label":"Oregon WMU 10 - SADDLE MTN","aliases":"10 | 10 saddle mtn | 2025 | game management unit | game management unit 10 | game management unit 10 saddle mtn | gmu | gmu 10 | gmu 10 saddle mtn | hunt unit | hunt unit 10 | hunt unit 10 saddle mtn | hunting unit | hunting unit 10 | hunting unit 10 sad","year":"2025","Shape_Length":276417.0238787351,"Shape_Area":2685002647.265714}},{"type":"Feature","id":615,"geometry":{"type":"Polygon","coordinates":[[[-121.9067,45.5211],[-121.9106,45.5525],[-121.9144,45.584],[-121.9182,45.6155],[-121.9221,45.647],[-121.9378,45.6408],[-121.9535,45.6346],[-121.9692,45.6284],[-121.9849,45.6222],[-122.0133,45.6162],[-122.0417,45.6101],[-122.0576,45.606],[-122.0736,45.6019],[-122.0895,45.5977],[-122.1054,45.5936],[-122.1214,45.5894],[-122.1373,45.5853],[-122.1533,45.5811],[-122.1692,45.577],[-122.1851,45.5728],[-122.201,45.5687],[-122.217,45.5645],[-122.2329,45.5604],[-122.2488,45.5562],[-122.2647,45.5521],[-122.2807,45.5479],[-122.2966,45.5437],[-122.3023,45.5445],[-122.3158,45.5509],[-122.3292,45.5573],[-122.3426,45.5637],[-122.3561,45.5702],[-122.3802,45.5759],[-122.3854,45.5753],[-122.3976,45.5725],[-122.4013,45.5712],[-122.4012,45.5712],[-122.3964,45.5659],[-122.3892,45.5521],[-122.3819,45.5383],[-122.3747,45.5246],[-122.3674,45.5108],[-122.3368,45.5081],[-122.3062,45.5054],[-122.2904,45.4924],[-122.2746,45.4794],[-122.2588,45.4664],[-122.243,45.4534],[-122.2466,45.3961],[-122.2606,45.3913],[-122.2747,45.3865],[-122.2887,45.3817],[-122.3028,45.3769],[-122.3168,45.372],[-122.3309,45.3672],[-122.3449,45.3624],[-122.3589,45.3576],[-122.3504,45.3265],[-122.3419,45.2953],[-122.3334,45.2642],[-122.3249,45.2331],[-122.3377,45.2256],[-122.3506,45.218],[-122.3634,45.2105],[-122.3762,45.2029],[-122.3891,45.1954],[-122.4019,45.1879],[-122.4147,45.1803],[-122.4275,45.1728],[-122.4499,45.17],[-122.4722,45.1673],[-122.4946,45.1645],[-122.517,45.1618],[-122.5393,45.159],[-122.5617,45.1562],[-122.584,45.1535],[-122.6064,45.1507],[-122.6236,45.1347],[-122.6408,45.1187],[-122.658,45.1026],[-122.6751,45.0866],[-122.6923,45.0706],[-122.7095,45.0545],[-122.7266,45.0385],[-122.7438,45.0225],[-122.7602,45.0134],[-122.7766,45.0043],[-122.793,44.9952],[-122.8095,44.9861],[-122.8057,44.9438],[-122.8019,44.9016],[-122.7981,44.8593],[-122.7943,44.8171],[-122.7789,44.813],[-122.7636,44.809],[-122.7482,44.805],[-122.7328,44.8009],[-122.7174,44.7969],[-122.7021,44.7928],[-122.6867,44.7888],[-122.6713,44.7847],[-122.6825,44.7668],[-122.6937,44.7488],[-122.7048,44.7309],[-122.716,44.7129],[-122.7381,44.7111],[-122.7602,44.7092],[-122.7823,44.7074],[-122.8044,44.7056],[-122.8012,44.6414],[-122.798,44.5772],[-122.8166,44.5772],[-122.8351,44.5772],[-122.8536,44.5772],[-122.8722,44.5773],[-122.8809,44.5676],[-122.8896,44.5578],[-122.8984,44.5481],[-122.9071,44.5384],[-122.8948,44.5295],[-122.8824,44.5206],[-122.8701,44.5117],[-122.8578,44.5028],[-122.8454,44.4939],[-122.8331,44.485],[-122.8208,44.4761],[-122.8085,44.4672],[-122.7967,44.4517],[-122.7849,44.4362],[-122.7731,44.4208],[-122.7613,44.4053],[-122.7449,44.4063],[-122.7286,44.4073],[-122.7123,44.4083],[-122.6959,44.4093],[-122.6796,44.4103],[-122.6633,44.4113],[-122.6469,44.4123],[-122.6306,44.4133],[-122.612,44.4113],[-122.5934,44.4093],[-122.5749,44.4073],[-122.5563,44.4052],[-122.5377,44.4032],[-122.5192,44.4012],[-122.5006,44.3991],[-122.4821,44.3971],[-122.4654,44.3979],[-122.4488,44.3986],[-122.4322,44.3994],[-122.4156,44.4002],[-122.399,44.401],[-122.3824,44.4017],[-122.3658,44.4025],[-122.3491,44.4032],[-122.3325,44.404],[-122.3159,44.4048],[-122.2993,44.4055],[-122.2827,44.4063],[-122.2661,44.407],[-122.2494,44.4078],[-122.2328,44.4085],[-122.2162,44.4093],[-122.2123,44.385],[-122.1866,44.3871],[-122.1609,44.3892],[-122.1352,44.3913],[-122.1095,44.3934],[-122.0924,44.3982],[-122.0753,44.403],[-122.0582,44.4078],[-122.0411,44.4126],[-122.024,44.4173],[-122.0069,44.4221],[-121.9897,44.4269],[-121.9726,44.4316],[-121.9572,44.4307],[-121.9417,44.4297],[-121.9263,44.4288],[-121.9108,44.4278],[-121.8954,44.4269],[-121.8799,44.4259],[-121.8645,44.4249],[-121.849,44.424],[-121.8513,44.4547],[-121.8535,44.4855],[-121.8431,44.4926],[-121.8326,44.4998],[-121.8221,44.5069],[-121.8116,44.514],[-121.8083,44.5473],[-121.8049,44.5806],[-121.8015,44.6138],[-121.7981,44.6471],[-121.7996,44.6743],[-121.7946,44.7043],[-121.7896,44.7343],[-121.7846,44.7644],[-121.7796,44.7944],[-121.7746,44.8244],[-121.7696,44.8544],[-121.7646,44.8844],[-121.7596,44.9145],[-121.7546,44.9445],[-121.7496,44.9745],[-121.7446,45.0046],[-121.7396,45.0346],[-121.7345,45.0646],[-121.7295,45.0947],[-121.7245,45.1247],[-121.7194,45.1548],[-121.7046,45.1518],[-121.6898,45.1488],[-121.6751,45.1458],[-121.6603,45.1428],[-121.6455,45.1397],[-121.6307,45.1367],[-121.6159,45.1337],[-121.6011,45.1307],[-121.6166,45.1381],[-121.632,45.1454],[-121.6475,45.1528],[-121.663,45.1601],[-121.6693,45.1755],[-121.6757,45.1909],[-121.6821,45.2063],[-121.6885,45.2216],[-121.6948,45.237],[-121.7012,45.2524],[-121.7076,45.2678],[-121.714,45.2832],[-121.6977,45.2838],[-121.6815,45.2844],[-121.6905,45.2942],[-121.6995,45.3041],[-121.7085,45.3139],[-121.7176,45.3237],[-121.7266,45.3335],[-121.7357,45.3434],[-121.7447,45.3532],[-121.7537,45.363],[-121.7604,45.3744],[-121.767,45.3858],[-121.7736,45.3972],[-121.7802,45.4086],[-121.7869,45.42],[-121.7935,45.4314],[-121.8002,45.4428],[-121.8068,45.4541],[-121.8193,45.4625],[-121.8318,45.4709],[-121.8443,45.4793],[-121.8567,45.4876],[-121.8692,45.496],[-121.8817,45.5043],[-121.8942,45.5127],[-121.9067,45.5211]]]},"properties":{"OBJECTID":615,"state":"Oregon","agency":"Oregon Department of Fish and Wildlife","unit_type":"WMU","unit_id":"16","unit_name":"SANTIAM","unit_label":"Oregon WMU 16 - SANTIAM","aliases":"16 | 16 santiam | 2025 | game management unit | game management unit 16 | game management unit 16 santiam | gmu | gmu 16 | gmu 16 santiam | hunt unit | hunt unit 16 | hunt unit 16 santiam | hunting unit | hunting unit 16 | hunting unit 16 santiam | orego","year":"2025","Shape_Length":466897.50502798794,"Shape_Area":8642531063.215837}},{"type":"Feature","id":616,"geometry":{"type":"Polygon","coordinates":[[[-122.9624,46.1049],[-122.9822,46.1151],[-123.002,46.1252],[-123.0218,46.1354],[-123.0417,46.1456],[-123.0615,46.1558],[-123.0813,46.1659],[-123.1012,46.1761],[-123.1211,46.1862],[-123.1488,46.1813],[-123.1766,46.1764],[-123.2044,46.1714],[-123.2322,46.1665],[-123.2519,46.1571],[-123.2518,46.1571],[-123.2438,46.1453],[-123.2359,46.1335],[-123.2279,46.1218],[-123.22,46.11],[-123.2387,46.1033],[-123.2575,46.0966],[-123.2534,46.0409],[-123.2493,45.9852],[-123.2194,45.982],[-123.1896,45.9787],[-123.1776,45.9651],[-123.1656,45.9514],[-123.1537,45.9377],[-123.1417,45.924],[-123.1475,45.9036],[-123.1533,45.8832],[-123.1688,45.8758],[-123.1843,45.8685],[-123.1998,45.8611],[-123.2153,45.8538],[-123.2308,45.8464],[-123.2462,45.8391],[-123.2617,45.8317],[-123.2772,45.8244],[-123.283,45.8082],[-123.2889,45.7921],[-123.2947,45.7759],[-123.3005,45.7597],[-123.2941,45.7324],[-123.2878,45.705],[-123.2814,45.6776],[-123.275,45.6502],[-123.2598,45.6315],[-123.2445,45.6128],[-123.2213,45.613],[-123.1982,45.6131],[-123.175,45.6132],[-123.1519,45.6134],[-123.1287,45.6135],[-123.1056,45.6136],[-123.0824,45.6137],[-123.0592,45.6138],[-123.0394,45.6064],[-123.0196,45.599],[-122.9998,45.5915],[-122.98,45.5841],[-122.9602,45.5766],[-122.9404,45.5692],[-122.9206,45.5618],[-122.9008,45.5543],[-122.8947,45.5665],[-122.8885,45.5786],[-122.8824,45.5908],[-122.8762,45.603],[-122.87,45.6152],[-122.8639,45.6273],[-122.8577,45.6395],[-122.8516,45.6517],[-122.8365,45.6431],[-122.8214,45.6345],[-122.8063,45.626],[-122.7912,45.6174],[-122.7776,45.6373],[-122.7639,45.6571],[-122.7639,45.6572],[-122.762,45.6958],[-122.76,45.7344],[-122.7676,45.7518],[-122.7752,45.7693],[-122.7828,45.7867],[-122.7904,45.8042],[-122.7956,45.81],[-122.7956,45.81],[-122.7903,45.839],[-122.785,45.8679],[-122.7925,45.8777],[-122.7991,45.8922],[-122.8056,45.9067],[-122.8121,45.9212],[-122.8186,45.9357],[-122.8251,45.9502],[-122.8317,45.9647],[-122.8382,45.9792],[-122.8447,45.9936],[-122.8536,46.0059],[-122.8626,46.0182],[-122.8715,46.0305],[-122.8804,46.0428],[-122.8923,46.0552],[-122.9042,46.0677],[-122.9162,46.0801],[-122.9281,46.0926],[-122.9452,46.0987],[-122.9624,46.1049]]]},"properties":{"OBJECTID":616,"state":"Oregon","agency":"Oregon Department of Fish and Wildlife","unit_type":"WMU","unit_id":"11","unit_name":"SCAPPOOSE","unit_label":"Oregon WMU 11 - SCAPPOOSE","aliases":"11 | 11 scappoose | 2025 | game management unit | game management unit 11 | game management unit 11 scappoose | gmu | gmu 11 | gmu 11 scappoose | hunt unit | hunt unit 11 | hunt unit 11 scappoose | hunting unit | hunting unit 11 | hunting unit 11 scappoo","year":"2025","Shape_Length":205303.5839196237,"Shape_Area":1986499185.9404306}},{"type":"Feature","id":617,"geometry":{"type":"Polygon","coordinates":[[[-124.198,43.3491],[-124.2065,43.3637],[-124.215,43.3782],[-124.2236,43.3928],[-124.2321,43.4074],[-124.2325,43.4075],[-124.2512,43.4208],[-124.2626,43.4121],[-124.274,43.4034],[-124.2854,43.3947],[-124.2967,43.386],[-124.3081,43.3773],[-124.3195,43.3686],[-124.3308,43.3599],[-124.3422,43.3512],[-124.3561,43.3406],[-124.3699,43.3299],[-124.3838,43.3193],[-124.3977,43.3086],[-124.3897,43.2898],[-124.3818,43.2709],[-124.3864,43.2548],[-124.3909,43.2386],[-124.3955,43.2225],[-124.4,43.2063],[-124.4045,43.1902],[-124.4091,43.174],[-124.4136,43.1578],[-124.4181,43.1417],[-124.4227,43.1255],[-124.4272,43.1094],[-124.4317,43.0932],[-124.4363,43.0771],[-124.4408,43.0609],[-124.4453,43.0448],[-124.4498,43.0286],[-124.4543,43.0124],[-124.4607,43.0012],[-124.4671,42.9899],[-124.4734,42.9787],[-124.4798,42.9674],[-124.4861,42.9562],[-124.4925,42.9449],[-124.4988,42.9337],[-124.5052,42.9224],[-124.5115,42.9112],[-124.5178,42.8999],[-124.5242,42.8886],[-124.5305,42.8774],[-124.5369,42.8661],[-124.5432,42.8549],[-124.5495,42.8436],[-124.5559,42.8324],[-124.5449,42.8078],[-124.5339,42.7832],[-124.5229,42.7585],[-124.5119,42.7339],[-124.4936,42.7337],[-124.4752,42.7334],[-124.4599,42.7148],[-124.4446,42.6962],[-124.4294,42.6775],[-124.4141,42.6589],[-124.4083,42.6379],[-124.4025,42.6168],[-124.3968,42.5957],[-124.391,42.5747],[-124.3962,42.5552],[-124.4013,42.5358],[-124.4065,42.5163],[-124.4117,42.4968],[-124.4168,42.4774],[-124.422,42.4579],[-124.4272,42.4385],[-124.4323,42.419],[-124.4156,42.4297],[-124.3988,42.4403],[-124.382,42.451],[-124.3652,42.4616],[-124.3483,42.4723],[-124.3315,42.4829],[-124.3147,42.4936],[-124.2979,42.5042],[-124.2712,42.5035],[-124.2446,42.5029],[-124.2179,42.5022],[-124.1913,42.5015],[-124.1741,42.5153],[-124.1568,42.5291],[-124.1396,42.5429],[-124.1224,42.5567],[-124.1071,42.5559],[-124.0918,42.555],[-124.0765,42.5542],[-124.0612,42.5534],[-124.0547,42.593],[-124.0482,42.6326],[-124.0593,42.6561],[-124.0705,42.6796],[-124.0624,42.69],[-124.0542,42.7005],[-124.046,42.711],[-124.0379,42.7215],[-124.0455,42.7315],[-124.0531,42.7415],[-124.0608,42.7514],[-124.0684,42.7614],[-124.0546,42.777],[-124.0409,42.7926],[-124.0271,42.8082],[-124.0133,42.8238],[-124.0259,42.8358],[-124.0385,42.8477],[-124.0511,42.8597],[-124.0637,42.8717],[-124.0763,42.8837],[-124.0889,42.8956],[-124.1015,42.9076],[-124.1142,42.9196],[-124.105,42.9325],[-124.0958,42.9454],[-124.1086,42.9613],[-124.1213,42.9773],[-124.134,42.9932],[-124.1467,43.0091],[-124.1288,43.021],[-124.1108,43.0328],[-124.1188,43.044],[-124.1267,43.0552],[-124.1347,43.0663],[-124.1427,43.0775],[-124.1507,43.0887],[-124.1587,43.0999],[-124.1667,43.111],[-124.1747,43.1222],[-124.1789,43.1457],[-124.1832,43.1693],[-124.1978,43.1782],[-124.2124,43.1871],[-124.227,43.196],[-124.2416,43.2049],[-124.2361,43.2229],[-124.2307,43.2409],[-124.2253,43.2589],[-124.2198,43.277],[-124.2144,43.295],[-124.2089,43.313],[-124.2035,43.3311],[-124.198,43.3491]]]},"properties":{"OBJECTID":617,"state":"Oregon","agency":"Oregon Department of Fish and Wildlife","unit_type":"WMU","unit_id":"25","unit_name":"SIXES","unit_label":"Oregon WMU 25 - SIXES","aliases":"2025 | 25 | 25 sixes | game management unit | game management unit 25 | game management unit 25 sixes | gmu | gmu 25 | gmu 25 sixes | hunt unit | hunt unit 25 | hunt unit 25 sixes | hunting unit | hunting unit 25 | hunting unit 25 sixes | oregon | oregon","year":"2025","Shape_Length":271565.22200902796,"Shape_Area":2590202518.869013}},{"type":"Feature","id":618,"geometry":{"type":"Polygon","coordinates":[[[-123.5677,43.6325],[-123.5928,43.6334],[-123.6179,43.6343],[-123.643,43.6352],[-123.6682,43.6361],[-123.6865,43.6479],[-123.7049,43.6598],[-123.7292,43.6587],[-123.7535,43.6576],[-123.7779,43.6565],[-123.8022,43.6553],[-123.8265,43.6542],[-123.8508,43.6531],[-123.8751,43.6519],[-123.8994,43.6508],[-123.9108,43.6591],[-123.9221,43.6674],[-123.9334,43.6757],[-123.9448,43.684],[-123.974,43.6858],[-124.0032,43.6876],[-124.0324,43.6894],[-124.0616,43.6911],[-124.0808,43.7016],[-124.1001,43.7121],[-124.1193,43.7226],[-124.1386,43.733],[-124.156,43.7165],[-124.1734,43.7],[-124.1908,43.6835],[-124.2082,43.667],[-124.2142,43.6409],[-124.2201,43.6147],[-124.2261,43.5886],[-124.2321,43.5624],[-124.239,43.5492],[-124.2459,43.536],[-124.2528,43.5228],[-124.2597,43.5096],[-124.2665,43.4964],[-124.2734,43.4832],[-124.2803,43.47],[-124.2872,43.4568],[-124.2941,43.4436],[-124.301,43.4304],[-124.3078,43.4172],[-124.3147,43.404],[-124.3216,43.3908],[-124.3285,43.3776],[-124.3353,43.3644],[-124.3422,43.3512],[-124.3308,43.3599],[-124.3195,43.3686],[-124.3081,43.3773],[-124.2967,43.386],[-124.2854,43.3947],[-124.274,43.4034],[-124.2626,43.4121],[-124.2512,43.4208],[-124.2325,43.4075],[-124.2321,43.4074],[-124.2236,43.3928],[-124.215,43.3782],[-124.2065,43.3637],[-124.198,43.3491],[-124.2035,43.3311],[-124.2089,43.313],[-124.2144,43.295],[-124.2198,43.277],[-124.2253,43.2589],[-124.2307,43.2409],[-124.2361,43.2229],[-124.2416,43.2049],[-124.227,43.196],[-124.2124,43.1871],[-124.1978,43.1782],[-124.1832,43.1693],[-124.1789,43.1457],[-124.1747,43.1222],[-124.1667,43.111],[-124.1587,43.0999],[-124.1507,43.0887],[-124.1427,43.0775],[-124.1347,43.0663],[-124.1267,43.0552],[-124.1188,43.044],[-124.1108,43.0328],[-124.087,43.0373],[-124.0633,43.0418],[-124.0401,43.0365],[-124.0169,43.0313],[-123.9937,43.026],[-123.9706,43.0207],[-123.9474,43.0154],[-123.9242,43.0101],[-123.9011,43.0048],[-123.8779,42.9994],[-123.8731,42.9822],[-123.8682,42.9649],[-123.8436,42.9652],[-123.819,42.9656],[-123.7944,42.9659],[-123.7698,42.9662],[-123.7549,42.9785],[-123.74,42.9908],[-123.7251,43.0031],[-123.7102,43.0153],[-123.6953,43.0276],[-123.6804,43.0399],[-123.6655,43.0522],[-123.6506,43.0645],[-123.6307,43.0701],[-123.6108,43.0758],[-123.5909,43.0814],[-123.5709,43.087],[-123.5829,43.0998],[-123.5948,43.1125],[-123.6068,43.1252],[-123.6188,43.1379],[-123.6011,43.1499],[-123.5833,43.1619],[-123.5656,43.174],[-123.5479,43.186],[-123.5377,43.207],[-123.5276,43.2279],[-123.5076,43.238],[-123.4876,43.2481],[-123.4676,43.2582],[-123.4476,43.2682],[-123.4587,43.2816],[-123.4698,43.2949],[-123.4809,43.3082],[-123.492,43.3216],[-123.4845,43.3478],[-123.477,43.3741],[-123.4936,43.3781],[-123.5103,43.3822],[-123.527,43.3862],[-123.5437,43.3902],[-123.551,43.4057],[-123.5584,43.4211],[-123.5658,43.4365],[-123.5732,43.4519],[-123.5499,43.4594],[-123.5265,43.4669],[-123.5032,43.4744],[-123.4799,43.4819],[-123.492,43.4896],[-123.5042,43.4973],[-123.5163,43.505],[-123.5285,43.5127],[-123.5407,43.5204],[-123.5528,43.5281],[-123.565,43.5358],[-123.5771,43.5435],[-123.5593,43.5422],[-123.5414,43.5409],[-123.5236,43.5395],[-123.5057,43.5382],[-123.5135,43.5488],[-123.5212,43.5595],[-123.5289,43.5701],[-123.5366,43.5807],[-123.5562,43.5837],[-123.5758,43.5866],[-123.5955,43.5896],[-123.6151,43.5925],[-123.6033,43.6025],[-123.5914,43.6125],[-123.5795,43.6225],[-123.5677,43.6325]]]},"properties":{"OBJECTID":618,"state":"Oregon","agency":"Oregon Department of Fish and Wildlife","unit_type":"WMU","unit_id":"24","unit_name":"TIOGA","unit_label":"Oregon WMU 24 - TIOGA","aliases":"2025 | 24 | 24 tioga | game management unit | game management unit 24 | game management unit 24 tioga | gmu | gmu 24 | gmu 24 tioga | hunt unit | hunt unit 24 | hunt unit 24 tioga | hunting unit | hunting unit 24 | hunting unit 24 tioga | oregon | oregon","year":"2025","Shape_Length":304207.76354032493,"Shape_Area":3970894792.716218}},{"type":"Feature","id":619,"geometry":{"type":"Polygon","coordinates":[[[-123.6819,45.0578],[-123.6977,45.0646],[-123.7135,45.0714],[-123.7376,45.0629],[-123.7618,45.0543],[-123.7859,45.0458],[-123.81,45.0372],[-123.8342,45.0286],[-123.8583,45.0201],[-123.8824,45.0115],[-123.9065,45.0029],[-123.9192,45.0085],[-123.932,45.014],[-123.9447,45.0196],[-123.9575,45.0251],[-123.9702,45.0306],[-123.983,45.0362],[-123.9957,45.0417],[-124.0085,45.0472],[-124.0128,45.0172],[-124.0171,44.9871],[-124.0214,44.9571],[-124.0257,44.9271],[-124.0151,44.9157],[-124.0045,44.9043],[-123.9939,44.8929],[-123.9834,44.8815],[-123.9796,44.8456],[-123.9757,44.8098],[-123.9592,44.8073],[-123.9426,44.8049],[-123.926,44.8024],[-123.9095,44.8],[-123.9087,44.7304],[-123.8797,44.7319],[-123.8507,44.7334],[-123.8217,44.7349],[-123.7926,44.7364],[-123.8036,44.7469],[-123.8145,44.7574],[-123.8255,44.7679],[-123.8364,44.7783],[-123.8124,44.7803],[-123.7883,44.7823],[-123.7816,44.7987],[-123.7748,44.8151],[-123.768,44.8314],[-123.7612,44.8478],[-123.7496,44.8565],[-123.738,44.8652],[-123.7264,44.8738],[-123.7148,44.8825],[-123.6958,44.8691],[-123.6767,44.8556],[-123.6577,44.8422],[-123.6387,44.8288],[-123.613,44.8271],[-123.5873,44.8254],[-123.5617,44.8238],[-123.536,44.8221],[-123.5112,44.8329],[-123.4863,44.8437],[-123.4615,44.8546],[-123.4366,44.8654],[-123.4215,44.8564],[-123.4064,44.8475],[-123.3913,44.8385],[-123.3763,44.8295],[-123.3644,44.844],[-123.3525,44.8584],[-123.3406,44.8729],[-123.3287,44.8874],[-123.3214,44.9077],[-123.3141,44.928],[-123.3068,44.9484],[-123.2995,44.9687],[-123.3237,44.9795],[-123.348,44.9902],[-123.3722,45.001],[-123.3965,45.0117],[-123.4207,45.0225],[-123.445,45.0332],[-123.4693,45.0439],[-123.4935,45.0547],[-123.5171,45.0551],[-123.5406,45.0555],[-123.5642,45.0559],[-123.5877,45.0562],[-123.6112,45.0566],[-123.6348,45.057],[-123.6583,45.0574],[-123.6819,45.0578]]]},"properties":{"OBJECTID":619,"state":"Oregon","agency":"Oregon Department of Fish and Wildlife","unit_type":"WMU","unit_id":"17","unit_name":"STOTT MTN","unit_label":"Oregon WMU 17 - STOTT MTN","aliases":"17 | 17 stott mtn | 2025 | game management unit | game management unit 17 | game management unit 17 stott mtn | gmu | gmu 17 | gmu 17 stott mtn | hunt unit | hunt unit 17 | hunt unit 17 stott mtn | hunting unit | hunting unit 17 | hunting unit 17 stott m","year":"2025","Shape_Length":183371.9725283606,"Shape_Area":1293189157.533303}},{"type":"Feature","id":620,"geometry":{"type":"Polygon","coordinates":[[[-123.275,45.6502],[-123.2893,45.646],[-123.3036,45.6418],[-123.3178,45.6376],[-123.3321,45.6335],[-123.3464,45.6293],[-123.3606,45.6251],[-123.3749,45.6209],[-123.3892,45.6167],[-123.4151,45.614],[-123.441,45.6113],[-123.4669,45.6086],[-123.4928,45.6059],[-123.5065,45.6],[-123.5202,45.594],[-123.5339,45.5881],[-123.5476,45.5822],[-123.5613,45.5763],[-123.575,45.5703],[-123.5887,45.5644],[-123.6023,45.5585],[-123.5997,45.4979],[-123.6183,45.4977],[-123.6369,45.4974],[-123.6555,45.4972],[-123.6741,45.497],[-123.6938,45.4894],[-123.7135,45.4818],[-123.7332,45.4742],[-123.7528,45.4666],[-123.7755,45.4689],[-123.7982,45.4711],[-123.8209,45.4733],[-123.8436,45.4756],[-123.8569,45.4873],[-123.8702,45.499],[-123.8835,45.5107],[-123.8968,45.5224],[-123.9101,45.534],[-123.9234,45.5457],[-123.9367,45.5574],[-123.95,45.5691],[-123.9562,45.5438],[-123.9624,45.5184],[-123.9685,45.4931],[-123.9747,45.4678],[-123.9659,45.4543],[-123.9572,45.4407],[-123.9607,45.3716],[-123.9643,45.3025],[-123.9679,45.2334],[-123.9714,45.1643],[-123.976,45.1497],[-123.9807,45.1351],[-123.9853,45.1204],[-123.99,45.1058],[-123.9946,45.0912],[-123.9992,45.0765],[-124.0038,45.0619],[-124.0085,45.0472],[-123.9957,45.0417],[-123.983,45.0362],[-123.9702,45.0306],[-123.9575,45.0251],[-123.9447,45.0196],[-123.932,45.014],[-123.9192,45.0085],[-123.9065,45.0029],[-123.8824,45.0115],[-123.8583,45.0201],[-123.8342,45.0286],[-123.81,45.0372],[-123.7859,45.0458],[-123.7618,45.0543],[-123.7376,45.0629],[-123.7135,45.0714],[-123.6977,45.0646],[-123.6819,45.0578],[-123.6583,45.0574],[-123.6348,45.057],[-123.6112,45.0566],[-123.5877,45.0562],[-123.5642,45.0559],[-123.5406,45.0555],[-123.5171,45.0551],[-123.4935,45.0547],[-123.4717,45.0622],[-123.4498,45.0697],[-123.4279,45.0771],[-123.406,45.0846],[-123.3841,45.0921],[-123.3622,45.0996],[-123.3403,45.1071],[-123.3184,45.1145],[-123.3084,45.122],[-123.2984,45.1294],[-123.2884,45.1368],[-123.2784,45.1442],[-123.2685,45.1516],[-123.2585,45.159],[-123.2485,45.1664],[-123.2385,45.1738],[-123.2285,45.1812],[-123.2185,45.1886],[-123.2085,45.196],[-123.1985,45.2034],[-123.1885,45.2108],[-123.1785,45.2182],[-123.1684,45.2256],[-123.1584,45.233],[-123.1658,45.2596],[-123.1731,45.2862],[-123.1805,45.3128],[-123.1879,45.3394],[-123.172,45.3551],[-123.1561,45.3708],[-123.1401,45.3865],[-123.1242,45.4021],[-123.1337,45.4268],[-123.1432,45.4514],[-123.1388,45.471],[-123.1343,45.4906],[-123.1298,45.5102],[-123.1253,45.5298],[-123.1395,45.5353],[-123.1537,45.5408],[-123.1679,45.5463],[-123.1821,45.5518],[-123.1977,45.5671],[-123.2133,45.5823],[-123.2289,45.5976],[-123.2445,45.6128],[-123.2598,45.6315],[-123.275,45.6502]]]},"properties":{"OBJECTID":620,"state":"Oregon","agency":"Oregon Department of Fish and Wildlife","unit_type":"WMU","unit_id":"14","unit_name":"TRASK","unit_label":"Oregon WMU 14 - TRASK","aliases":"14 | 14 trask | 2025 | game management unit | game management unit 14 | game management unit 14 trask | gmu | gmu 14 | gmu 14 trask | hunt unit | hunt unit 14 | hunt unit 14 trask | hunting unit | hunting unit 14 | hunting unit 14 trask | oregon | oregon","year":"2025","Shape_Length":257735.73698173155,"Shape_Area":3397514129.8055563}},{"type":"Feature","id":621,"geometry":{"type":"Polygon","coordinates":[[[-122.7639,45.6571],[-122.7776,45.6373],[-122.7912,45.6174],[-122.8063,45.626],[-122.8214,45.6345],[-122.8365,45.6431],[-122.8516,45.6517],[-122.8577,45.6395],[-122.8639,45.6273],[-122.87,45.6152],[-122.8762,45.603],[-122.8824,45.5908],[-122.8885,45.5786],[-122.8947,45.5665],[-122.9008,45.5543],[-122.9206,45.5618],[-122.9404,45.5692],[-122.9602,45.5766],[-122.98,45.5841],[-122.9998,45.5915],[-123.0196,45.599],[-123.0394,45.6064],[-123.0592,45.6138],[-123.0824,45.6137],[-123.1056,45.6136],[-123.1287,45.6135],[-123.1519,45.6134],[-123.175,45.6132],[-123.1982,45.6131],[-123.2213,45.613],[-123.2445,45.6128],[-123.2289,45.5976],[-123.2133,45.5823],[-123.1977,45.5671],[-123.1821,45.5518],[-123.1679,45.5463],[-123.1537,45.5408],[-123.1395,45.5353],[-123.1253,45.5298],[-123.1298,45.5102],[-123.1343,45.4906],[-123.1388,45.471],[-123.1432,45.4514],[-123.1337,45.4268],[-123.1242,45.4021],[-123.1401,45.3865],[-123.1561,45.3708],[-123.172,45.3551],[-123.1879,45.3394],[-123.1805,45.3128],[-123.1731,45.2862],[-123.1658,45.2596],[-123.1584,45.233],[-123.1684,45.2256],[-123.1785,45.2182],[-123.1885,45.2108],[-123.1985,45.2034],[-123.2085,45.196],[-123.2185,45.1886],[-123.2285,45.1812],[-123.2385,45.1738],[-123.2485,45.1664],[-123.2585,45.159],[-123.2685,45.1516],[-123.2784,45.1442],[-123.2884,45.1368],[-123.2984,45.1294],[-123.3084,45.122],[-123.3184,45.1145],[-123.3403,45.1071],[-123.3622,45.0996],[-123.3841,45.0921],[-123.406,45.0846],[-123.4279,45.0771],[-123.4498,45.0697],[-123.4717,45.0622],[-123.4935,45.0547],[-123.4693,45.0439],[-123.445,45.0332],[-123.4207,45.0225],[-123.3965,45.0117],[-123.3722,45.001],[-123.348,44.9902],[-123.3237,44.9795],[-123.2995,44.9687],[-123.3068,44.9484],[-123.3141,44.928],[-123.3214,44.9077],[-123.3287,44.8874],[-123.3406,44.8729],[-123.3525,44.8584],[-123.3644,44.844],[-123.3763,44.8295],[-123.3675,44.8179],[-123.3587,44.8062],[-123.35,44.7945],[-123.3412,44.7828],[-123.3325,44.7711],[-123.3237,44.7595],[-123.315,44.7478],[-123.3062,44.7361],[-123.2855,44.7381],[-123.2647,44.7401],[-123.2439,44.7421],[-123.2231,44.7441],[-123.2209,44.714],[-123.2186,44.684],[-123.2244,44.6682],[-123.2301,44.6524],[-123.2358,44.6366],[-123.2415,44.6208],[-123.2472,44.605],[-123.253,44.5892],[-123.2587,44.5734],[-123.2644,44.5577],[-123.2795,44.5556],[-123.2946,44.5536],[-123.3098,44.5515],[-123.3249,44.5494],[-123.34,44.5474],[-123.3551,44.5453],[-123.3703,44.5433],[-123.3854,44.5412],[-123.4014,44.5282],[-123.4175,44.5153],[-123.4336,44.5023],[-123.4496,44.4893],[-123.435,44.4816],[-123.4203,44.4738],[-123.4056,44.4661],[-123.391,44.4584],[-123.3763,44.4506],[-123.3617,44.4429],[-123.3471,44.4352],[-123.3324,44.4274],[-123.3382,44.4116],[-123.344,44.3958],[-123.3498,44.38],[-123.3555,44.3641],[-123.3395,44.3638],[-123.3236,44.3636],[-123.3076,44.3633],[-123.2916,44.363],[-123.2891,44.2763],[-123.2865,44.1896],[-123.3041,44.1839],[-123.3216,44.1781],[-123.3391,44.1724],[-123.3566,44.1667],[-123.3742,44.1609],[-123.3917,44.1552],[-123.4092,44.1494],[-123.4267,44.1437],[-123.4454,44.1327],[-123.464,44.1218],[-123.4542,44.104],[-123.4444,44.0863],[-123.4346,44.0685],[-123.4249,44.0507],[-123.4091,44.0506],[-123.3934,44.0504],[-123.3776,44.0503],[-123.3619,44.0501],[-123.3461,44.05],[-123.3304,44.0498],[-123.3147,44.0497],[-123.2989,44.0495],[-123.2832,44.0493],[-123.2674,44.0492],[-123.2517,44.049],[-123.236,44.0488],[-123.2202,44.0487],[-123.2045,44.0485],[-123.1887,44.0483],[-123.173,44.0482],[-123.171,44.0917],[-123.1555,44.0908],[-123.14,44.0898],[-123.1245,44.0889],[-123.109,44.0879],[-123.0934,44.087],[-123.0779,44.086],[-123.0624,44.0851],[-123.0469,44.0841],[-123.0504,44.1061],[-123.0538,44.1281],[-123.0573,44.1502],[-123.0608,44.1722],[-123.0612,44.3639],[-123.0617,44.5558],[-123.0424,44.5536],[-123.023,44.5515],[-123.0037,44.5493],[-122.9844,44.5471],[-122.9651,44.545],[-122.9457,44.5428],[-122.9264,44.5406],[-122.9071,44.5384],[-122.8984,44.5481],[-122.8896,44.5578],[-122.8809,44.5676],[-122.8722,44.5773],[-122.8536,44.5772],[-122.8351,44.5772],[-122.8166,44.5772],[-122.798,44.5772],[-122.8012,44.6414],[-122.8044,44.7056],[-122.7823,44.7074],[-122.7602,44.7092],[-122.7381,44.7111],[-122.716,44.7129],[-122.7048,44.7309],[-122.6937,44.7488],[-122.6825,44.7668],[-122.6713,44.7847],[-122.6867,44.7888],[-122.7021,44.7928],[-122.7174,44.7969],[-122.7328,44.8009],[-122.7482,44.805],[-122.7636,44.809],[-122.7789,44.813],[-122.7943,44.8171],[-122.7981,44.8593],[-122.8019,44.9016],[-122.8057,44.9438],[-122.8095,44.9861],[-122.793,44.9952],[-122.7766,45.0043],[-122.7602,45.0134],[-122.7438,45.0225],[-122.7266,45.0385],[-122.7095,45.0545],[-122.6923,45.0706],[-122.6751,45.0866],[-122.658,45.1026],[-122.6408,45.1187],[-122.6236,45.1347],[-122.6064,45.1507],[-122.584,45.1535],[-122.5617,45.1562],[-122.5393,45.159],[-122.517,45.1618],[-122.4946,45.1645],[-122.4722,45.1673],[-122.4499,45.17],[-122.4275,45.1728],[-122.4147,45.1803],[-122.4019,45.1879],[-122.3891,45.1954],[-122.3762,45.2029],[-122.3634,45.2105],[-122.3506,45.218],[-122.3377,45.2256],[-122.3249,45.2331],[-122.3334,45.2642],[-122.3419,45.2953],[-122.3504,45.3265],[-122.3589,45.3576],[-122.3449,45.3624],[-122.3309,45.3672],[-122.3168,45.372],[-122.3028,45.3769],[-122.2887,45.3817],[-122.2747,45.3865],[-122.2606,45.3913],[-122.2466,45.3961],[-122.243,45.4534],[-122.2588,45.4664],[-122.2746,45.4794],[-122.2904,45.4924],[-122.3062,45.5054],[-122.3368,45.5081],[-122.3674,45.5108],[-122.3747,45.5246],[-122.3819,45.5383],[-122.3892,45.5521],[-122.3964,45.5659],[-122.4012,45.5712],[-122.4013,45.5712],[-122.4039,45.5702],[-122.4213,45.5668],[-122.4386,45.5635],[-122.4534,45.5672],[-122.4538,45.5673],[-122.4539,45.5674],[-122.4711,45.5729],[-122.4883,45.5784],[-122.5055,45.5839],[-122.5227,45.5893],[-122.5392,45.5937],[-122.5557,45.5981],[-122.5801,45.6029],[-122.6045,45.6077],[-122.6067,45.6081],[-122.6126,45.6083],[-122.6419,45.6093],[-122.6615,45.6168],[-122.6811,45.6244],[-122.7008,45.632],[-122.7204,45.6395],[-122.7381,45.6441],[-122.751,45.6506],[-122.7639,45.6571]]]},"properties":{"OBJECTID":621,"state":"Oregon","agency":"Oregon Department of Fish and Wildlife","unit_type":"WMU","unit_id":"15","unit_name":"WILLAMETTE","unit_label":"Oregon WMU 15 - WILLAMETTE","aliases":"15 | 15 willamette | 2025 | game management unit | game management unit 15 | game management unit 15 willamette | gmu | gmu 15 | gmu 15 willamette | hunt unit | hunt unit 15 | hunt unit 15 willamette | hunting unit | hunting unit 15 | hunting unit 15 wil","year":"2025","Shape_Length":593018.3948918729,"Shape_Area":7511332719.085462}},{"type":"Feature","id":622,"geometry":{"type":"Polygon","coordinates":[[[-123.5428,45.857],[-123.5631,45.8639],[-123.5835,45.8708],[-123.6038,45.8777],[-123.6242,45.8846],[-123.6445,45.8915],[-123.6649,45.8984],[-123.6852,45.9053],[-123.7056,45.9122],[-123.7327,45.9073],[-123.7598,45.9023],[-123.7652,45.8578],[-123.7705,45.8133],[-123.788,45.8052],[-123.8055,45.7972],[-123.8229,45.7891],[-123.8404,45.781],[-123.854,45.7609],[-123.8676,45.7407],[-123.8812,45.7205],[-123.8947,45.7003],[-123.895,45.7003],[-123.9062,45.6897],[-123.9175,45.679],[-123.9286,45.6683],[-123.9398,45.6577],[-123.9449,45.6134],[-123.95,45.5691],[-123.9367,45.5574],[-123.9234,45.5457],[-123.9101,45.534],[-123.8968,45.5224],[-123.8835,45.5107],[-123.8702,45.499],[-123.8569,45.4873],[-123.8436,45.4756],[-123.8209,45.4733],[-123.7982,45.4711],[-123.7755,45.4689],[-123.7528,45.4666],[-123.7332,45.4742],[-123.7135,45.4818],[-123.6938,45.4894],[-123.6741,45.497],[-123.6555,45.4972],[-123.6369,45.4974],[-123.6183,45.4977],[-123.5997,45.4979],[-123.6023,45.5585],[-123.5887,45.5644],[-123.575,45.5703],[-123.5613,45.5763],[-123.5476,45.5822],[-123.5339,45.5881],[-123.5202,45.594],[-123.5065,45.6],[-123.4928,45.6059],[-123.4669,45.6086],[-123.441,45.6113],[-123.4151,45.614],[-123.3892,45.6167],[-123.3749,45.6209],[-123.3606,45.6251],[-123.3464,45.6293],[-123.3321,45.6335],[-123.3178,45.6376],[-123.3036,45.6418],[-123.2893,45.646],[-123.275,45.6502],[-123.2814,45.6776],[-123.2878,45.705],[-123.2941,45.7324],[-123.3005,45.7597],[-123.3298,45.7635],[-123.3591,45.7673],[-123.3884,45.7711],[-123.4177,45.7749],[-123.4333,45.7851],[-123.449,45.7954],[-123.4646,45.8057],[-123.4802,45.8159],[-123.4959,45.8262],[-123.5115,45.8364],[-123.5271,45.8467],[-123.5428,45.857]]]},"properties":{"OBJECTID":622,"state":"Oregon","agency":"Oregon Department of Fish and Wildlife","unit_type":"WMU","unit_id":"12","unit_name":"WILSON","unit_label":"Oregon WMU 12 - WILSON","aliases":"12 | 12 wilson | 2025 | game management unit | game management unit 12 | game management unit 12 wilson | gmu | gmu 12 | gmu 12 wilson | hunt unit | hunt unit 12 | hunt unit 12 wilson | hunting unit | hunting unit 12 | hunting unit 12 wilson | oregon | o","year":"2025","Shape_Length":163407.50763616632,"Shape_Area":1505258543.012635}},{"type":"Feature","id":623,"geometry":{"type":"Polygon","coordinates":[[[-118.9782,42.7631],[-119.007,42.7592],[-119.0357,42.7553],[-119.0645,42.7513],[-119.0933,42.7474],[-119.1015,42.7313],[-119.1097,42.7152],[-119.1341,42.7061],[-119.1584,42.6969],[-119.1827,42.6877],[-119.207,42.6785],[-119.2244,42.6795],[-119.2417,42.6805],[-119.2591,42.6815],[-119.2764,42.6825],[-119.2938,42.6834],[-119.3112,42.6844],[-119.3285,42.6854],[-119.3459,42.6863],[-119.374,42.6804],[-119.4021,42.6745],[-119.4302,42.6686],[-119.4583,42.6627],[-119.469,42.6547],[-119.4798,42.6466],[-119.4905,42.6386],[-119.5013,42.6306],[-119.512,42.6225],[-119.5227,42.6145],[-119.5335,42.6065],[-119.5442,42.5985],[-119.5578,42.5921],[-119.5714,42.5858],[-119.585,42.5795],[-119.5986,42.5732],[-119.6122,42.5669],[-119.6258,42.5606],[-119.6393,42.5543],[-119.6529,42.5479],[-119.6711,42.5548],[-119.6893,42.5617],[-119.7075,42.5686],[-119.7257,42.5755],[-119.7391,42.5668],[-119.7526,42.558],[-119.766,42.5492],[-119.7794,42.5405],[-119.7946,42.5524],[-119.8098,42.5644],[-119.825,42.5764],[-119.8402,42.5884],[-119.8548,42.5807],[-119.8695,42.573],[-119.8842,42.5653],[-119.8988,42.5577],[-119.9019,42.512],[-119.9049,42.4663],[-119.9079,42.4206],[-119.911,42.3749],[-119.9052,42.3624],[-119.8995,42.3498],[-119.8937,42.3373],[-119.8879,42.3248],[-119.8822,42.3122],[-119.8764,42.2997],[-119.8707,42.2872],[-119.8649,42.2746],[-119.8741,42.247],[-119.8832,42.2193],[-119.8923,42.1916],[-119.9013,42.1639],[-119.9171,42.1537],[-119.9329,42.1435],[-119.9397,42.1228],[-119.9465,42.1021],[-119.9532,42.0815],[-119.96,42.0608],[-119.9703,42.0526],[-119.9806,42.0444],[-119.9908,42.0361],[-120.0011,42.0279],[-120.0114,42.0197],[-120.0217,42.0115],[-120.0319,42.0033],[-120.0422,41.9951],[-120.0216,41.995],[-120.001,41.9949],[-119.9997,41.9949],[-119.9898,41.9955],[-119.9748,41.996],[-119.9497,41.9964],[-119.9246,41.9967],[-119.8994,41.9971],[-119.8743,41.9974],[-119.8612,41.9975],[-119.8371,41.9975],[-119.8131,41.9975],[-119.7931,41.9973],[-119.7731,41.9971],[-119.767,41.9969],[-119.7501,41.9968],[-119.7331,41.9966],[-119.7162,41.9964],[-119.6993,41.9962],[-119.6816,41.9962],[-119.664,41.9961],[-119.6464,41.9961],[-119.6288,41.996],[-119.6112,41.996],[-119.5935,41.9959],[-119.5759,41.9958],[-119.5583,41.9958],[-119.5353,41.9956],[-119.5123,41.9955],[-119.4894,41.9953],[-119.4664,41.9951],[-119.4434,41.995],[-119.4204,41.9948],[-119.3974,41.9946],[-119.3745,41.9944],[-119.3592,41.9944],[-119.3439,41.9943],[-119.3287,41.9942],[-119.3134,41.9942],[-119.2981,41.9941],[-119.2828,41.994],[-119.2676,41.9939],[-119.2523,41.9938],[-119.2505,41.9939],[-119.2346,41.9937],[-119.2187,41.9936],[-119.1977,41.9935],[-119.1766,41.9934],[-119.1487,41.9934],[-119.1207,41.9935],[-119.0925,41.9935],[-119.0643,41.9935],[-119.0362,41.9936],[-119.008,41.9936],[-118.9787,41.9935],[-118.9494,41.9934],[-118.9201,41.9932],[-118.8908,41.9931],[-118.8615,41.993],[-118.8322,41.9928],[-118.8029,41.9927],[-118.7736,41.9926],[-118.7564,41.9926],[-118.7392,41.9927],[-118.722,41.9928],[-118.7048,41.9929],[-118.6876,41.993],[-118.6704,41.9931],[-118.6532,41.9931],[-118.636,41.9932],[-118.6349,41.9932],[-118.6272,42.0055],[-118.6196,42.0178],[-118.612,42.0301],[-118.6044,42.0424],[-118.5967,42.0547],[-118.5891,42.067],[-118.5815,42.0793],[-118.5738,42.0916],[-118.5797,42.1036],[-118.5856,42.1156],[-118.5914,42.1276],[-118.5973,42.1396],[-118.6032,42.1516],[-118.6091,42.1635],[-118.6149,42.1755],[-118.6208,42.1875],[-118.6267,42.1995],[-118.6326,42.2115],[-118.6385,42.2234],[-118.6444,42.2354],[-118.6503,42.2474],[-118.6562,42.2594],[-118.6621,42.2714],[-118.668,42.2834],[-118.6812,42.2885],[-118.6944,42.2936],[-118.7076,42.2987],[-118.7208,42.3038],[-118.734,42.3089],[-118.7472,42.314],[-118.7604,42.3191],[-118.7736,42.3242],[-118.7868,42.3293],[-118.8,42.3344],[-118.8132,42.3395],[-118.8265,42.3446],[-118.8397,42.3497],[-118.8529,42.3548],[-118.8661,42.3599],[-118.8794,42.365],[-118.8767,42.3912],[-118.874,42.4174],[-118.8713,42.4436],[-118.8687,42.4699],[-118.8856,42.4849],[-118.9025,42.4999],[-118.9195,42.5149],[-118.9364,42.5299],[-118.945,42.5524],[-118.9535,42.5748],[-118.962,42.5972],[-118.9706,42.6196],[-118.9792,42.6421],[-118.9877,42.6645],[-118.9963,42.6869],[-119.0049,42.7093],[-118.9982,42.7228],[-118.9915,42.7362],[-118.9849,42.7497],[-118.9782,42.7631]]]},"properties":{"OBJECTID":623,"state":"Oregon","agency":"Oregon Department of Fish and Wildlife","unit_type":"WMU","unit_id":"70","unit_name":"BEATYS BUTTE","unit_label":"Oregon WMU 70 - BEATYS BUTTE","aliases":"2025 | 70 | 70 beatys butte | beatys butte | game management unit | game management unit 70 | game management unit 70 beatys butte | gmu | gmu 70 | gmu 70 beatys butte | hunt unit | hunt unit 70 | hunt unit 70 beatys butte | hunting unit | hunting unit 7","year":"2025","Shape_Length":375354.68678793666,"Shape_Area":6819948296.905588}},{"type":"Feature","id":624,"geometry":{"type":"Polygon","coordinates":[[[-118.244,44.4973],[-118.2667,44.5079],[-118.2893,44.5185],[-118.3119,44.529],[-118.3345,44.5396],[-118.3572,44.5502],[-118.3798,44.5607],[-118.4025,44.5713],[-118.4252,44.5818],[-118.4441,44.5798],[-118.463,44.5777],[-118.482,44.5757],[-118.5009,44.5737],[-118.5271,44.5643],[-118.5533,44.5549],[-118.5794,44.5455],[-118.6056,44.5361],[-118.6209,44.5178],[-118.6363,44.4995],[-118.6516,44.4812],[-118.6669,44.463],[-118.6892,44.4627],[-118.7114,44.4625],[-118.695,44.4542],[-118.6786,44.4459],[-118.6622,44.4377],[-118.6459,44.4294],[-118.6295,44.4211],[-118.6131,44.4128],[-118.5968,44.4046],[-118.5804,44.3963],[-118.5721,44.3723],[-118.5638,44.3483],[-118.5556,44.3243],[-118.5473,44.3004],[-118.539,44.2764],[-118.5307,44.2524],[-118.5225,44.2285],[-118.5142,44.2045],[-118.5059,44.1864],[-118.4976,44.1684],[-118.4892,44.1503],[-118.4809,44.1323],[-118.4726,44.1142],[-118.4643,44.0962],[-118.456,44.0781],[-118.4477,44.0601],[-118.4272,44.0544],[-118.4067,44.0487],[-118.3972,44.0327],[-118.3876,44.0167],[-118.3781,44.0007],[-118.3685,43.9847],[-118.359,43.9687],[-118.3495,43.9527],[-118.3399,43.9367],[-118.3304,43.9207],[-118.3287,43.849],[-118.3408,43.8376],[-118.3529,43.8263],[-118.365,43.815],[-118.3771,43.8037],[-118.3672,43.7915],[-118.3573,43.7794],[-118.3295,43.781],[-118.3017,43.7827],[-118.2739,43.7844],[-118.246,43.786],[-118.2303,43.784],[-118.2145,43.782],[-118.1988,43.78],[-118.183,43.778],[-118.1673,43.776],[-118.1515,43.774],[-118.1358,43.772],[-118.12,43.77],[-118.0976,43.7577],[-118.0751,43.7455],[-118.0534,43.758],[-118.0318,43.7705],[-118.0102,43.783],[-117.9885,43.7955],[-117.9668,43.7975],[-117.945,43.7994],[-117.9233,43.8014],[-117.9015,43.8033],[-117.8876,43.7984],[-117.8736,43.7935],[-117.8597,43.7885],[-117.8457,43.7836],[-117.8318,43.7787],[-117.8179,43.7738],[-117.8039,43.7689],[-117.79,43.764],[-117.7651,43.77],[-117.7403,43.776],[-117.7154,43.7821],[-117.6905,43.7881],[-117.6799,43.7965],[-117.6693,43.8049],[-117.6587,43.8133],[-117.6481,43.8217],[-117.6375,43.8301],[-117.6269,43.8385],[-117.6163,43.8469],[-117.6057,43.8553],[-117.5872,43.8595],[-117.5688,43.8637],[-117.5503,43.868],[-117.5319,43.8722],[-117.5134,43.8764],[-117.495,43.8806],[-117.4765,43.8849],[-117.458,43.8891],[-117.4362,43.9017],[-117.4144,43.9143],[-117.3925,43.9269],[-117.3707,43.9396],[-117.3407,43.9386],[-117.3107,43.9375],[-117.2976,43.9477],[-117.2845,43.9578],[-117.2713,43.9679],[-117.2582,43.978],[-117.2424,43.9787],[-117.2267,43.9794],[-117.2109,43.9801],[-117.1951,43.9807],[-117.1794,43.9814],[-117.1636,43.9821],[-117.1478,43.9827],[-117.1321,43.9834],[-117.1163,43.9841],[-117.1005,43.9847],[-117.0847,43.9854],[-117.069,43.9861],[-117.0532,43.9867],[-117.0374,43.9874],[-117.0217,43.988],[-117.0059,43.9887],[-117.0062,43.8842],[-116.9849,43.8769],[-116.98,43.927],[-116.9751,43.9771],[-116.9652,43.9885],[-116.9552,43.9999],[-116.9453,44.0112],[-116.9354,44.0226],[-116.946,44.0383],[-116.9566,44.0541],[-116.9672,44.0699],[-116.9778,44.0857],[-116.9676,44.0945],[-116.9574,44.1033],[-116.9472,44.1122],[-116.937,44.121],[-116.9268,44.1298],[-116.9166,44.1386],[-116.9064,44.1474],[-116.8962,44.1562],[-116.9152,44.1661],[-116.9342,44.176],[-116.9531,44.1858],[-116.9721,44.1957],[-116.9738,44.2385],[-116.9937,44.236],[-117.0136,44.2334],[-117.0334,44.2308],[-117.0533,44.2282],[-117.0686,44.2406],[-117.084,44.2529],[-117.0993,44.2653],[-117.1146,44.2777],[-117.1291,44.2652],[-117.1437,44.2528],[-117.1696,44.2578],[-117.1883,44.2677],[-117.207,44.2776],[-117.2172,44.2863],[-117.2273,44.2949],[-117.2375,44.3036],[-117.2476,44.3123],[-117.2578,44.3209],[-117.268,44.3296],[-117.2781,44.3382],[-117.2883,44.3469],[-117.312,44.3476],[-117.3357,44.3483],[-117.3595,44.349],[-117.3832,44.3497],[-117.4069,44.3504],[-117.4306,44.3511],[-117.4543,44.3518],[-117.4781,44.3525],[-117.5018,44.3532],[-117.5255,44.3538],[-117.5492,44.3545],[-117.5729,44.3552],[-117.5967,44.3558],[-117.6204,44.3565],[-117.6441,44.3572],[-117.6678,44.3578],[-117.6835,44.3653],[-117.6991,44.3728],[-117.7147,44.3803],[-117.7303,44.3877],[-117.7504,44.3845],[-117.7706,44.3813],[-117.7907,44.378],[-117.8108,44.3748],[-117.8285,44.3686],[-117.8461,44.3624],[-117.8637,44.3561],[-117.8814,44.3499],[-117.899,44.3437],[-117.9166,44.3374],[-117.9342,44.3312],[-117.9518,44.325],[-117.9683,44.3253],[-117.9847,44.3256],[-118.0011,44.326],[-118.0175,44.3263],[-118.0339,44.3266],[-118.0504,44.3269],[-118.0668,44.3273],[-118.0832,44.3276],[-118.0906,44.3507],[-118.098,44.3739],[-118.1054,44.3971],[-118.1128,44.4202],[-118.1328,44.4247],[-118.1527,44.4291],[-118.1727,44.4336],[-118.1927,44.438],[-118.2055,44.4528],[-118.2184,44.4677],[-118.2312,44.4825],[-118.244,44.4973]]]},"properties":{"OBJECTID":624,"state":"Oregon","agency":"Oregon Department of Fish and Wildlife","unit_type":"WMU","unit_id":"65","unit_name":"BEULAH","unit_label":"Oregon WMU 65 - BEULAH","aliases":"2025 | 65 | 65 beulah | beulah | game management unit | game management unit 65 | game management unit 65 beulah | gmu | gmu 65 | gmu 65 beulah | hunt unit | hunt unit 65 | hunt unit 65 beulah | hunting unit | hunting unit 65 | hunting unit 65 beulah | o","year":"2025","Shape_Length":439570.62259144144,"Shape_Area":7127223635.401138}},{"type":"Feature","id":625,"geometry":{"type":"Polygon","coordinates":[[[-120.5653,45.7331],[-120.5845,45.7343],[-120.6037,45.7355],[-120.6229,45.7367],[-120.6421,45.738],[-120.6536,45.7312],[-120.6652,45.7245],[-120.6767,45.7178],[-120.6882,45.7111],[-120.7083,45.7056],[-120.7285,45.7001],[-120.7486,45.6946],[-120.7687,45.6891],[-120.7889,45.6836],[-120.809,45.6781],[-120.8291,45.6725],[-120.8493,45.667],[-120.8709,45.6539],[-120.8925,45.6408],[-120.9153,45.635],[-120.9338,45.6367],[-120.9524,45.6384],[-120.9709,45.64],[-120.9895,45.6417],[-121.008,45.6434],[-121.0266,45.645],[-121.0452,45.6467],[-121.0637,45.6483],[-121.0775,45.6415],[-121.0913,45.6346],[-121.105,45.6278],[-121.1188,45.6209],[-121.1183,45.6201],[-121.1376,45.6062],[-121.1211,45.5914],[-121.1047,45.5766],[-121.0983,45.5359],[-121.0919,45.4952],[-121.1039,45.4762],[-121.116,45.4572],[-121.1281,45.4383],[-121.1401,45.4193],[-121.1444,45.3984],[-121.1488,45.3776],[-121.1531,45.3568],[-121.1574,45.3359],[-121.1617,45.3151],[-121.166,45.2942],[-121.1703,45.2734],[-121.1746,45.2525],[-121.1547,45.2508],[-121.1347,45.2491],[-121.1148,45.2474],[-121.0949,45.2457],[-121.0759,45.2486],[-121.0569,45.2515],[-121.0379,45.2543],[-121.0189,45.2572],[-120.9999,45.26],[-120.9809,45.2629],[-120.9619,45.2657],[-120.9429,45.2686],[-120.9224,45.2661],[-120.9019,45.2636],[-120.8814,45.2612],[-120.8609,45.2587],[-120.8558,45.2868],[-120.8507,45.3148],[-120.8297,45.3123],[-120.8087,45.3097],[-120.7877,45.3071],[-120.7667,45.3045],[-120.7579,45.2913],[-120.7491,45.2781],[-120.7404,45.2649],[-120.7316,45.2517],[-120.7228,45.2384],[-120.7141,45.2252],[-120.7053,45.212],[-120.6966,45.1988],[-120.6909,45.1702],[-120.6852,45.1416],[-120.6795,45.1129],[-120.6738,45.0843],[-120.6839,45.0735],[-120.694,45.0626],[-120.704,45.0517],[-120.7141,45.0408],[-120.7242,45.0299],[-120.7342,45.019],[-120.7443,45.0081],[-120.7543,44.9972],[-120.746,44.9751],[-120.7376,44.953],[-120.7293,44.9308],[-120.7209,44.9087],[-120.7022,44.9078],[-120.6834,44.9069],[-120.6647,44.906],[-120.6459,44.9051],[-120.6271,44.9042],[-120.6084,44.9033],[-120.5896,44.9024],[-120.5709,44.9015],[-120.5457,44.905],[-120.5205,44.9086],[-120.4953,44.9121],[-120.4701,44.9156],[-120.4459,44.9145],[-120.4217,44.9134],[-120.3974,44.9123],[-120.3732,44.9112],[-120.349,44.9101],[-120.3247,44.9089],[-120.3005,44.9078],[-120.2763,44.9067],[-120.2606,44.9172],[-120.245,44.9277],[-120.2294,44.9383],[-120.2137,44.9488],[-120.2226,44.9787],[-120.2314,45.0085],[-120.2208,45.02],[-120.2102,45.0315],[-120.1997,45.0431],[-120.1891,45.0546],[-120.1953,45.0794],[-120.2015,45.1043],[-120.2078,45.1291],[-120.214,45.1539],[-120.2067,45.1739],[-120.1994,45.194],[-120.1921,45.214],[-120.1848,45.234],[-120.1745,45.2488],[-120.1642,45.2635],[-120.1539,45.2783],[-120.1436,45.2931],[-120.1412,45.3401],[-120.1388,45.387],[-120.1532,45.4027],[-120.1675,45.4185],[-120.1818,45.4342],[-120.1962,45.4499],[-120.1886,45.4672],[-120.181,45.4846],[-120.1734,45.502],[-120.1658,45.5194],[-120.1641,45.6051],[-120.1623,45.6909],[-120.1731,45.6984],[-120.1839,45.7059],[-120.1947,45.7135],[-120.2055,45.721],[-120.2231,45.719],[-120.2407,45.7169],[-120.2584,45.7149],[-120.276,45.7129],[-120.2936,45.7108],[-120.3112,45.7088],[-120.3289,45.7067],[-120.3465,45.7047],[-120.3641,45.7026],[-120.3817,45.7006],[-120.3993,45.6985],[-120.417,45.6964],[-120.4346,45.6944],[-120.4522,45.6923],[-120.4698,45.6902],[-120.4874,45.6882],[-120.5069,45.6994],[-120.5263,45.7106],[-120.5458,45.7218],[-120.5653,45.7331]]]},"properties":{"OBJECTID":625,"state":"Oregon","agency":"Oregon Department of Fish and Wildlife","unit_type":"WMU","unit_id":"43","unit_name":"BIGGS","unit_label":"Oregon WMU 43 - BIGGS","aliases":"2025 | 43 | 43 biggs | biggs | game management unit | game management unit 43 | game management unit 43 biggs | gmu | gmu 43 | gmu 43 biggs | hunt unit | hunt unit 43 | hunt unit 43 biggs | hunting unit | hunting unit 43 | hunting unit 43 biggs | oregon","year":"2025","Shape_Length":340046.3170382808,"Shape_Area":5109892452.231641}},{"type":"Feature","id":626,"geometry":{"type":"Polygon","coordinates":[[[-116.9175,45.9954],[-116.9315,45.996],[-116.9371,45.9961],[-116.9414,45.9961],[-116.9568,45.9964],[-116.971,45.9966],[-116.9762,45.9967],[-116.9926,45.9968],[-117.009,45.9969],[-117.0254,45.997],[-117.0418,45.9971],[-117.0618,45.9972],[-117.0902,45.9976],[-117.0902,45.9976],[-117.1088,45.9823],[-117.1274,45.9669],[-117.146,45.9516],[-117.1646,45.9362],[-117.1832,45.9209],[-117.2018,45.9055],[-117.2204,45.8902],[-117.2389,45.8748],[-117.2365,45.8267],[-117.2237,45.8202],[-117.2109,45.8136],[-117.1981,45.8071],[-117.1852,45.8005],[-117.1795,45.7851],[-117.1738,45.7697],[-117.1681,45.7543],[-117.1624,45.7389],[-117.1567,45.7235],[-117.151,45.7081],[-117.1453,45.6927],[-117.1396,45.6773],[-117.1362,45.6569],[-117.1328,45.6366],[-117.1294,45.6162],[-117.126,45.5958],[-117.1226,45.5754],[-117.1192,45.5551],[-117.1158,45.5347],[-117.1124,45.5144],[-117.1295,45.5001],[-117.1467,45.4859],[-117.1504,45.4495],[-117.1541,45.4131],[-117.1732,45.4086],[-117.1922,45.4041],[-117.2113,45.3996],[-117.2304,45.3951],[-117.2299,45.3543],[-117.2111,45.352],[-117.1923,45.3497],[-117.1735,45.3474],[-117.1547,45.3451],[-117.136,45.3429],[-117.1172,45.3405],[-117.0984,45.3382],[-117.0796,45.3359],[-117.0709,45.3444],[-117.0622,45.3528],[-117.0535,45.3613],[-117.0448,45.3697],[-117.0361,45.3782],[-117.0274,45.3866],[-117.0187,45.395],[-117.01,45.4035],[-117.0052,45.439],[-116.9873,45.4492],[-116.9694,45.4593],[-116.9515,45.4695],[-116.9335,45.4797],[-116.9156,45.4898],[-116.8976,45.5],[-116.8797,45.5102],[-116.8617,45.5203],[-116.8478,45.5399],[-116.8339,45.5594],[-116.8405,45.597],[-116.847,45.6346],[-116.8326,45.6472],[-116.8181,45.6597],[-116.8037,45.6723],[-116.7892,45.6849],[-116.7776,45.7086],[-116.766,45.7322],[-116.7544,45.7559],[-116.7428,45.7795],[-116.7537,45.7983],[-116.7646,45.8171],[-116.7703,45.8212],[-116.7705,45.8213],[-116.7708,45.8214],[-116.771,45.8215],[-116.7716,45.8218],[-116.7718,45.8218],[-116.7743,45.8232],[-116.7744,45.8232],[-116.7859,45.8295],[-116.7859,45.8295],[-116.7907,45.8503],[-116.791,45.8507],[-116.8052,45.8625],[-116.8195,45.8742],[-116.8338,45.8859],[-116.848,45.8976],[-116.8482,45.8978],[-116.8507,45.8996],[-116.8512,45.9],[-116.8515,45.9002],[-116.8516,45.9003],[-116.8519,45.9006],[-116.852,45.9007],[-116.8636,45.9125],[-116.8644,45.9134],[-116.8776,45.9339],[-116.8909,45.9544],[-116.9042,45.9749],[-116.9175,45.9954]]]},"properties":{"OBJECTID":626,"state":"Oregon","agency":"Oregon Department of Fish and Wildlife","unit_type":"WMU","unit_id":"58","unit_name":"CHESNIMNUS","unit_label":"Oregon WMU 58 - CHESNIMNUS","aliases":"2025 | 58 | 58 chesnimnus | chesnimnus | game management unit | game management unit 58 | game management unit 58 chesnimnus | gmu | gmu 58 | gmu 58 chesnimnus | hunt unit | hunt unit 58 | hunt unit 58 chesnimnus | hunting unit | hunting unit 58 | huntin","year":"2025","Shape_Length":196238.37768857833,"Shape_Area":1693251545.1673262}},{"type":"Feature","id":627,"geometry":{"type":"Polygon","coordinates":[[[-120.2108,45.7259],[-120.2055,45.721],[-120.1947,45.7135],[-120.1839,45.7059],[-120.1731,45.6984],[-120.1623,45.6909],[-120.1641,45.6051],[-120.1658,45.5194],[-120.1734,45.502],[-120.181,45.4846],[-120.1886,45.4672],[-120.1962,45.4499],[-120.1818,45.4342],[-120.1675,45.4185],[-120.1532,45.4027],[-120.1388,45.387],[-120.1412,45.3401],[-120.1436,45.2931],[-120.1539,45.2783],[-120.1642,45.2635],[-120.1745,45.2488],[-120.1848,45.234],[-120.1684,45.2332],[-120.1521,45.2324],[-120.1358,45.2316],[-120.1194,45.2309],[-120.1031,45.2301],[-120.0868,45.2293],[-120.0704,45.2285],[-120.0541,45.2277],[-120.0442,45.2414],[-120.0343,45.2551],[-120.0244,45.2687],[-120.0144,45.2824],[-119.9991,45.2798],[-119.9837,45.2772],[-119.9684,45.2747],[-119.953,45.2721],[-119.9377,45.2695],[-119.9223,45.2669],[-119.9069,45.2643],[-119.8916,45.2617],[-119.869,45.2605],[-119.8465,45.2592],[-119.8239,45.2579],[-119.8013,45.2566],[-119.7788,45.2553],[-119.7562,45.254],[-119.7336,45.2527],[-119.7111,45.2514],[-119.6894,45.2634],[-119.6711,45.2679],[-119.6529,45.2723],[-119.6346,45.2768],[-119.6164,45.2812],[-119.6082,45.2907],[-119.5999,45.3002],[-119.5917,45.3096],[-119.5835,45.3191],[-119.5752,45.3285],[-119.567,45.338],[-119.5587,45.3474],[-119.5505,45.3569],[-119.5333,45.3607],[-119.5161,45.3645],[-119.4988,45.3683],[-119.4816,45.3721],[-119.461,45.369],[-119.4404,45.366],[-119.4199,45.3629],[-119.3993,45.3599],[-119.385,45.3647],[-119.3707,45.3695],[-119.3564,45.3744],[-119.3421,45.3792],[-119.3277,45.384],[-119.3134,45.3888],[-119.2991,45.3936],[-119.2848,45.3984],[-119.2564,45.3965],[-119.228,45.3946],[-119.1996,45.3926],[-119.1712,45.3907],[-119.1614,45.4003],[-119.1516,45.41],[-119.1417,45.4196],[-119.1319,45.4293],[-119.122,45.439],[-119.1122,45.4486],[-119.1024,45.4583],[-119.0925,45.468],[-119.0643,45.4661],[-119.0361,45.4642],[-119.0079,45.4622],[-118.9797,45.4603],[-118.9641,45.4614],[-118.9486,45.4624],[-118.933,45.4634],[-118.9175,45.4645],[-118.9019,45.4655],[-118.8864,45.4665],[-118.8708,45.4676],[-118.8553,45.4686],[-118.8386,45.4848],[-118.8219,45.5011],[-118.8053,45.5173],[-118.7886,45.5335],[-118.793,45.5659],[-118.7975,45.5984],[-118.802,45.6308],[-118.8064,45.6632],[-118.7928,45.6683],[-118.7792,45.6734],[-118.7656,45.6784],[-118.752,45.6835],[-118.7384,45.6886],[-118.7248,45.6937],[-118.7112,45.6988],[-118.6976,45.7038],[-118.6839,45.7089],[-118.6703,45.714],[-118.6567,45.719],[-118.6431,45.7241],[-118.6294,45.7292],[-118.6158,45.7342],[-118.6022,45.7393],[-118.5886,45.7444],[-118.5687,45.7592],[-118.5489,45.774],[-118.5291,45.7888],[-118.5092,45.8036],[-118.4876,45.8115],[-118.4661,45.8194],[-118.4445,45.8273],[-118.4229,45.8352],[-118.4126,45.8563],[-118.4024,45.8774],[-118.3921,45.8985],[-118.3818,45.9196],[-118.3846,45.9601],[-118.3874,46.0007],[-118.3921,46.0007],[-118.3944,46.0007],[-118.4054,46.0007],[-118.4308,46.0008],[-118.4561,46.0008],[-118.476,46.0008],[-118.4919,46.0008],[-118.5078,46.0009],[-118.5237,46.0009],[-118.5396,46.0009],[-118.5555,46.0009],[-118.5714,46.001],[-118.5873,46.001],[-118.6032,46.001],[-118.621,46.001],[-118.6423,46.001],[-118.6637,46.0011],[-118.685,46.0011],[-118.7064,46.0011],[-118.7255,46.0011],[-118.7447,46.0011],[-118.7639,46.0011],[-118.783,46.001],[-118.8051,46.001],[-118.8272,46.0009],[-118.8493,46.0008],[-118.8714,46.0008],[-118.8935,46.0007],[-118.9157,46.0006],[-118.9378,46.0005],[-118.9599,46.0005],[-118.9656,46.0004],[-118.9756,46.0004],[-118.9773,46.0004],[-118.987,46.0],[-118.9879,46.0],[-119.0012,45.988],[-119.0145,45.9761],[-119.0336,45.968],[-119.0527,45.96],[-119.0718,45.952],[-119.0909,45.9439],[-119.0991,45.941],[-119.1281,45.9385],[-119.1571,45.936],[-119.1861,45.9336],[-119.2151,45.9311],[-119.236,45.9355],[-119.257,45.9398],[-119.2778,45.937],[-119.2987,45.9342],[-119.3195,45.9313],[-119.3404,45.9285],[-119.3567,45.9263],[-119.373,45.924],[-119.3892,45.9218],[-119.4055,45.9196],[-119.4262,45.9163],[-119.4468,45.9129],[-119.4674,45.9096],[-119.4881,45.9063],[-119.5089,45.9111],[-119.5298,45.9158],[-119.5507,45.9206],[-119.5715,45.9254],[-119.5838,45.9168],[-119.5961,45.9082],[-119.6084,45.8997],[-119.6207,45.8911],[-119.633,45.8826],[-119.6453,45.874],[-119.6575,45.8654],[-119.6698,45.8569],[-119.6994,45.8533],[-119.7291,45.8497],[-119.7587,45.8462],[-119.7883,45.8426],[-119.8179,45.839],[-119.8475,45.8354],[-119.8772,45.8318],[-119.9068,45.8282],[-119.9362,45.8263],[-119.9656,45.8244],[-119.9912,45.8166],[-120.0168,45.8088],[-120.0425,45.801],[-120.0681,45.7932],[-120.0937,45.7853],[-120.1193,45.7775],[-120.1449,45.7697],[-120.1705,45.7619],[-120.18,45.7534],[-120.1894,45.745],[-120.1989,45.7365],[-120.2084,45.7281],[-120.2108,45.7259]]]},"properties":{"OBJECTID":627,"state":"Oregon","agency":"Oregon Department of Fish and Wildlife","unit_type":"WMU","unit_id":"44","unit_name":"COLUMBIA BASIN","unit_label":"Oregon WMU 44 - COLUMBIA BASIN","aliases":"2025 | 44 | 44 columbia basin | columbia basin | game management unit | game management unit 44 | game management unit 44 columbia basin | gmu | gmu 44 | gmu 44 columbia basin | hunt unit | hunt unit 44 | hunt unit 44 columbia basin | hunting unit | hunt","year":"2025","Shape_Length":408124.1297182049,"Shape_Area":7385845227.452431}},{"type":"Feature","id":628,"geometry":{"type":"Polygon","coordinates":[[[-118.8541,45.0181],[-118.8776,45.0134],[-118.901,45.0086],[-118.9245,45.0039],[-118.948,44.9992],[-118.9637,44.9829],[-118.9793,44.9666],[-118.995,44.9503],[-119.0107,44.934],[-119.0157,44.9096],[-119.0207,44.8852],[-119.0257,44.8608],[-119.0308,44.8364],[-119.0119,44.8259],[-118.993,44.8154],[-118.9741,44.8048],[-118.9552,44.7943],[-118.9335,44.7961],[-118.9118,44.7979],[-118.8986,44.7861],[-118.8854,44.7742],[-118.8722,44.7624],[-118.8591,44.7505],[-118.8459,44.7387],[-118.8327,44.7269],[-118.8196,44.715],[-118.8065,44.7032],[-118.7876,44.696],[-118.7687,44.6888],[-118.7498,44.6817],[-118.7309,44.6745],[-118.712,44.6673],[-118.6931,44.6602],[-118.6743,44.653],[-118.6554,44.6458],[-118.6365,44.6386],[-118.6177,44.6315],[-118.5988,44.6243],[-118.5799,44.6171],[-118.5611,44.6099],[-118.5423,44.6027],[-118.5234,44.5955],[-118.5046,44.5883],[-118.49,44.6037],[-118.4754,44.6191],[-118.4609,44.6345],[-118.4463,44.6499],[-118.4607,44.6538],[-118.4752,44.6577],[-118.4897,44.6615],[-118.5042,44.6654],[-118.4958,44.6751],[-118.4874,44.6848],[-118.479,44.6945],[-118.4706,44.7042],[-118.4577,44.7096],[-118.4449,44.7149],[-118.4321,44.7203],[-118.4192,44.7257],[-118.4064,44.7311],[-118.3935,44.7365],[-118.3807,44.7419],[-118.3678,44.7472],[-118.3472,44.7481],[-118.3267,44.749],[-118.3061,44.7499],[-118.2855,44.7507],[-118.2881,44.7786],[-118.2906,44.8065],[-118.2932,44.8344],[-118.2958,44.8623],[-118.2788,44.8631],[-118.2619,44.8638],[-118.2449,44.8646],[-118.2279,44.8653],[-118.2329,44.8927],[-118.2379,44.9201],[-118.2429,44.9475],[-118.2479,44.9749],[-118.2572,44.967],[-118.2666,44.959],[-118.2759,44.9511],[-118.2853,44.9432],[-118.2946,44.9352],[-118.304,44.9273],[-118.3133,44.9194],[-118.3227,44.9114],[-118.3415,44.9121],[-118.3604,44.9128],[-118.3793,44.9135],[-118.3982,44.9141],[-118.4132,44.9325],[-118.4282,44.9509],[-118.4432,44.9693],[-118.4582,44.9877],[-118.477,44.9905],[-118.4958,44.9933],[-118.5147,44.9962],[-118.5335,44.999],[-118.5523,45.0019],[-118.5711,45.0047],[-118.5899,45.0075],[-118.6088,45.0104],[-118.6003,44.9945],[-118.5919,44.9787],[-118.6146,44.9741],[-118.6374,44.9694],[-118.6601,44.9648],[-118.6829,44.9602],[-118.7043,44.9675],[-118.7257,44.9747],[-118.747,44.9819],[-118.7685,44.9892],[-118.7899,44.9964],[-118.8113,45.0036],[-118.8327,45.0109],[-118.8541,45.0181]]]},"properties":{"OBJECTID":628,"state":"Oregon","agency":"Oregon Department of Fish and Wildlife","unit_type":"WMU","unit_id":"50","unit_name":"DESOLATION","unit_label":"Oregon WMU 50 - DESOLATION","aliases":"2025 | 50 | 50 desolation | desolation | game management unit | game management unit 50 | game management unit 50 desolation | gmu | gmu 50 | gmu 50 desolation | hunt unit | hunt unit 50 | hunt unit 50 desolation | hunting unit | hunting unit 50 | huntin","year":"2025","Shape_Length":206233.5489484488,"Shape_Area":1769877563.5915022}},{"type":"Feature","id":629,"geometry":{"type":"Polygon","coordinates":[[[-119.8916,45.2617],[-119.9069,45.2643],[-119.9223,45.2669],[-119.9377,45.2695],[-119.953,45.2721],[-119.9684,45.2747],[-119.9837,45.2772],[-119.9991,45.2798],[-120.0144,45.2824],[-120.0244,45.2687],[-120.0343,45.2551],[-120.0442,45.2414],[-120.0541,45.2277],[-120.0704,45.2285],[-120.0868,45.2293],[-120.1031,45.2301],[-120.1194,45.2309],[-120.1358,45.2316],[-120.1521,45.2324],[-120.1684,45.2332],[-120.1848,45.234],[-120.1921,45.214],[-120.1994,45.194],[-120.2067,45.1739],[-120.214,45.1539],[-120.2078,45.1291],[-120.2015,45.1043],[-120.1953,45.0794],[-120.1891,45.0546],[-120.1997,45.0431],[-120.2102,45.0315],[-120.2208,45.02],[-120.2314,45.0085],[-120.2226,44.9787],[-120.2137,44.9488],[-120.2294,44.9383],[-120.245,44.9277],[-120.2606,44.9172],[-120.2763,44.9067],[-120.3005,44.9078],[-120.3247,44.9089],[-120.349,44.9101],[-120.3732,44.9112],[-120.3974,44.9123],[-120.4217,44.9134],[-120.4459,44.9145],[-120.4701,44.9156],[-120.4623,44.8903],[-120.4545,44.865],[-120.4337,44.8541],[-120.4129,44.8431],[-120.3922,44.8321],[-120.3714,44.8212],[-120.3769,44.787],[-120.3823,44.7527],[-120.3657,44.7495],[-120.349,44.7463],[-120.3323,44.7431],[-120.3156,44.7399],[-120.3062,44.7231],[-120.2967,44.7062],[-120.2873,44.6894],[-120.2778,44.6726],[-120.2601,44.6597],[-120.2424,44.6468],[-120.2248,44.6339],[-120.2071,44.621],[-120.2157,44.598],[-120.2002,44.5944],[-120.1847,44.5908],[-120.1691,44.5872],[-120.1536,44.5836],[-120.1381,44.58],[-120.1226,44.5764],[-120.1071,44.5728],[-120.0916,44.5692],[-120.0758,44.5628],[-120.0599,44.5563],[-120.0441,44.5499],[-120.0283,44.5435],[-120.0125,44.5371],[-119.9967,44.5307],[-119.9809,44.5243],[-119.9651,44.5178],[-119.9448,44.5202],[-119.9246,44.5225],[-119.9043,44.5249],[-119.884,44.5272],[-119.8743,44.5421],[-119.8646,44.557],[-119.8384,44.5517],[-119.8122,44.5464],[-119.786,44.5411],[-119.7598,44.5357],[-119.7336,44.5304],[-119.7075,44.5251],[-119.6813,44.5197],[-119.6551,44.5144],[-119.6443,44.5211],[-119.6334,44.5278],[-119.6381,44.5632],[-119.6427,44.5986],[-119.6474,44.634],[-119.652,44.6695],[-119.6487,44.6911],[-119.6454,44.7127],[-119.6421,44.7343],[-119.6388,44.7559],[-119.6503,44.7621],[-119.6618,44.7683],[-119.6733,44.7746],[-119.6848,44.7808],[-119.6963,44.787],[-119.7078,44.7932],[-119.7193,44.7993],[-119.7308,44.8055],[-119.7222,44.8349],[-119.7136,44.8642],[-119.705,44.8935],[-119.6964,44.9229],[-119.7033,44.9352],[-119.7103,44.9476],[-119.7172,44.96],[-119.7242,44.9723],[-119.7117,44.9889],[-119.6992,45.0055],[-119.6867,45.0221],[-119.6742,45.0387],[-119.6617,45.0553],[-119.6492,45.0718],[-119.6366,45.0884],[-119.6241,45.105],[-119.638,45.1149],[-119.6519,45.1247],[-119.6657,45.1346],[-119.6796,45.1444],[-119.6932,45.1643],[-119.7068,45.1842],[-119.7203,45.2041],[-119.7339,45.224],[-119.7228,45.2338],[-119.7116,45.2437],[-119.7005,45.2535],[-119.6894,45.2634],[-119.7111,45.2514],[-119.7336,45.2527],[-119.7562,45.254],[-119.7788,45.2553],[-119.8013,45.2566],[-119.8239,45.2579],[-119.8465,45.2592],[-119.869,45.2605],[-119.8916,45.2617]]]},"properties":{"OBJECTID":629,"state":"Oregon","agency":"Oregon Department of Fish and Wildlife","unit_type":"WMU","unit_id":"45","unit_name":"FOSSIL","unit_label":"Oregon WMU 45 - FOSSIL","aliases":"2025 | 45 | 45 fossil | fossil | game management unit | game management unit 45 | game management unit 45 fossil | gmu | gmu 45 | gmu 45 fossil | hunt unit | hunt unit 45 | hunt unit 45 fossil | hunting unit | hunting unit 45 | hunting unit 45 fossil | o","year":"2025","Shape_Length":288531.86100537074,"Shape_Area":3660961704.117767}},{"type":"Feature","id":630,"geometry":{"type":"Polygon","coordinates":[[[-120.9304,44.8371],[-120.9343,44.8581],[-120.9383,44.879],[-120.9422,44.8999],[-120.9462,44.9208],[-120.9567,44.9114],[-120.9673,44.9021],[-120.9778,44.8928],[-120.9884,44.8835],[-120.9989,44.8741],[-121.0095,44.8648],[-121.02,44.8555],[-121.0306,44.8462],[-121.0547,44.8502],[-121.0788,44.8543],[-121.0897,44.8396],[-121.1006,44.825],[-121.1116,44.8104],[-121.1225,44.7958],[-121.1403,44.7935],[-121.158,44.7912],[-121.1758,44.789],[-121.1936,44.7867],[-121.2066,44.7746],[-121.2196,44.7625],[-121.2326,44.7504],[-121.2456,44.7383],[-121.2387,44.7138],[-121.2318,44.6893],[-121.2386,44.6779],[-121.2455,44.6664],[-121.2523,44.655],[-121.2592,44.6435],[-121.266,44.6321],[-121.2728,44.6206],[-121.2796,44.6091],[-121.2865,44.5977],[-121.2804,44.5826],[-121.2743,44.5674],[-121.2682,44.5523],[-121.2621,44.5371],[-121.2707,44.5202],[-121.2794,44.5033],[-121.2881,44.4864],[-121.2967,44.4695],[-121.2819,44.4581],[-121.267,44.4467],[-121.2522,44.4353],[-121.2373,44.4239],[-121.2225,44.4125],[-121.2077,44.4011],[-121.1928,44.3897],[-121.178,44.3783],[-121.1762,44.324],[-121.1743,44.2696],[-121.1743,44.2696],[-121.1581,44.2669],[-121.1419,44.2641],[-121.1257,44.2614],[-121.1095,44.2587],[-121.0933,44.2559],[-121.0771,44.2532],[-121.061,44.2504],[-121.0448,44.2477],[-121.0201,44.2476],[-120.9954,44.2476],[-120.9707,44.2475],[-120.9461,44.2475],[-120.9337,44.2544],[-120.9213,44.2613],[-120.909,44.2683],[-120.8966,44.2752],[-120.8842,44.2821],[-120.8719,44.289],[-120.8595,44.296],[-120.8471,44.3029],[-120.8206,44.303],[-120.794,44.303],[-120.7675,44.3031],[-120.7409,44.3031],[-120.7144,44.3032],[-120.6879,44.3032],[-120.6613,44.3033],[-120.6348,44.3033],[-120.6137,44.3142],[-120.5927,44.3251],[-120.5716,44.336],[-120.5506,44.3469],[-120.5395,44.3601],[-120.5285,44.3732],[-120.5174,44.3864],[-120.5063,44.3995],[-120.4952,44.4127],[-120.4842,44.4258],[-120.4731,44.4389],[-120.462,44.4521],[-120.449,44.458],[-120.4359,44.4638],[-120.4229,44.4697],[-120.4098,44.4756],[-120.3973,44.4927],[-120.3847,44.5098],[-120.3721,44.5268],[-120.3595,44.5439],[-120.3415,44.5507],[-120.3236,44.5575],[-120.3056,44.5642],[-120.2876,44.571],[-120.2696,44.5778],[-120.2517,44.5845],[-120.2337,44.5913],[-120.2157,44.598],[-120.2071,44.621],[-120.2248,44.6339],[-120.2424,44.6468],[-120.2601,44.6597],[-120.2778,44.6726],[-120.2873,44.6894],[-120.2967,44.7062],[-120.3062,44.7231],[-120.3156,44.7399],[-120.3323,44.7431],[-120.349,44.7463],[-120.3657,44.7495],[-120.3823,44.7527],[-120.3769,44.787],[-120.3714,44.8212],[-120.3922,44.8321],[-120.4129,44.8431],[-120.4337,44.8541],[-120.4545,44.865],[-120.4623,44.8903],[-120.4701,44.9156],[-120.4953,44.9121],[-120.5205,44.9086],[-120.5457,44.905],[-120.5709,44.9015],[-120.5896,44.9024],[-120.6084,44.9033],[-120.6271,44.9042],[-120.6459,44.9051],[-120.6647,44.906],[-120.6834,44.9069],[-120.7022,44.9078],[-120.7209,44.9087],[-120.7471,44.8997],[-120.7733,44.8908],[-120.7995,44.8818],[-120.8257,44.8728],[-120.8519,44.8639],[-120.878,44.8549],[-120.9042,44.8459],[-120.9304,44.8369],[-120.9304,44.8371]]]},"properties":{"OBJECTID":630,"state":"Oregon","agency":"Oregon Department of Fish and Wildlife","unit_type":"WMU","unit_id":"38","unit_name":"GRIZZLY","unit_label":"Oregon WMU 38 - GRIZZLY","aliases":"2025 | 38 | 38 grizzly | game management unit | game management unit 38 | game management unit 38 grizzly | gmu | gmu 38 | gmu 38 grizzly | grizzly | hunt unit | hunt unit 38 | hunt unit 38 grizzly | hunting unit | hunting unit 38 | hunting unit 38 grizz","year":"2025","Shape_Length":279293.4371896726,"Shape_Area":4385890855.147397}},{"type":"Feature","id":631,"geometry":{"type":"Polygon","coordinates":[[[-118.9797,45.4603],[-119.0079,45.4622],[-119.0361,45.4642],[-119.0643,45.4661],[-119.0925,45.468],[-119.1024,45.4583],[-119.1122,45.4486],[-119.122,45.439],[-119.1319,45.4293],[-119.1417,45.4196],[-119.1516,45.41],[-119.1614,45.4003],[-119.1712,45.3907],[-119.1996,45.3926],[-119.228,45.3946],[-119.2564,45.3965],[-119.2848,45.3984],[-119.2991,45.3936],[-119.3134,45.3888],[-119.3277,45.384],[-119.3421,45.3792],[-119.3564,45.3744],[-119.3707,45.3695],[-119.385,45.3647],[-119.3993,45.3599],[-119.4199,45.3629],[-119.4404,45.366],[-119.461,45.369],[-119.4816,45.3721],[-119.4988,45.3683],[-119.5161,45.3645],[-119.5333,45.3607],[-119.5505,45.3569],[-119.5587,45.3474],[-119.567,45.338],[-119.5752,45.3285],[-119.5835,45.3191],[-119.5917,45.3096],[-119.5999,45.3002],[-119.6082,45.2907],[-119.6164,45.2812],[-119.6346,45.2768],[-119.6529,45.2723],[-119.6711,45.2679],[-119.6894,45.2634],[-119.7005,45.2535],[-119.7116,45.2437],[-119.7228,45.2338],[-119.7339,45.224],[-119.7203,45.2041],[-119.7068,45.1842],[-119.6932,45.1643],[-119.6796,45.1444],[-119.6657,45.1346],[-119.6519,45.1247],[-119.638,45.1149],[-119.6241,45.105],[-119.6366,45.0884],[-119.6492,45.0718],[-119.6617,45.0553],[-119.6742,45.0387],[-119.6867,45.0221],[-119.6992,45.0055],[-119.7117,44.9889],[-119.7242,44.9723],[-119.7172,44.96],[-119.7103,44.9476],[-119.7033,44.9352],[-119.6964,44.9229],[-119.705,44.8935],[-119.7136,44.8642],[-119.7222,44.8349],[-119.7308,44.8055],[-119.7193,44.7993],[-119.7078,44.7932],[-119.6963,44.787],[-119.6848,44.7808],[-119.6733,44.7746],[-119.6618,44.7683],[-119.6503,44.7621],[-119.6388,44.7559],[-119.6235,44.7623],[-119.6082,44.7686],[-119.5929,44.775],[-119.5777,44.7813],[-119.5624,44.7877],[-119.5471,44.794],[-119.5318,44.8003],[-119.5165,44.8067],[-119.4916,44.8091],[-119.4667,44.8115],[-119.4418,44.8139],[-119.4169,44.8163],[-119.4169,44.8163],[-119.4072,44.807],[-119.3976,44.7977],[-119.388,44.7883],[-119.3784,44.779],[-119.3688,44.7697],[-119.3592,44.7604],[-119.3496,44.7511],[-119.34,44.7418],[-119.3166,44.741],[-119.2932,44.7403],[-119.2697,44.7395],[-119.2463,44.7388],[-119.2228,44.738],[-119.1994,44.7372],[-119.176,44.7365],[-119.1525,44.7357],[-119.1282,44.7247],[-119.1038,44.7138],[-119.0997,44.7332],[-119.0955,44.7527],[-119.0914,44.7722],[-119.0872,44.7917],[-119.0731,44.8029],[-119.059,44.8141],[-119.0449,44.8252],[-119.0308,44.8364],[-119.0257,44.8608],[-119.0207,44.8852],[-119.0157,44.9096],[-119.0107,44.934],[-118.995,44.9503],[-118.9793,44.9666],[-118.9637,44.9829],[-118.948,44.9992],[-118.9716,45.0054],[-118.9953,45.0117],[-118.9896,45.0329],[-118.9839,45.054],[-118.9783,45.0752],[-118.9726,45.0964],[-118.9669,45.1175],[-118.9612,45.1387],[-118.9555,45.1598],[-118.9498,45.181],[-118.9563,45.1966],[-118.9628,45.2121],[-118.9694,45.2277],[-118.9759,45.2433],[-118.9824,45.2588],[-118.989,45.2744],[-118.9955,45.29],[-119.0021,45.3055],[-118.9965,45.3442],[-118.9909,45.3829],[-118.9853,45.4216],[-118.9797,45.4603]]]},"properties":{"OBJECTID":631,"state":"Oregon","agency":"Oregon Department of Fish and Wildlife","unit_type":"WMU","unit_id":"48","unit_name":"HEPPNER","unit_label":"Oregon WMU 48 - HEPPNER","aliases":"2025 | 48 | 48 heppner | game management unit | game management unit 48 | game management unit 48 heppner | gmu | gmu 48 | gmu 48 heppner | heppner | hunt unit | hunt unit 48 | hunt unit 48 heppner | hunting unit | hunting unit 48 | hunting unit 48 heppn","year":"2025","Shape_Length":272126.53182890435,"Shape_Area":3755594672.236783}},{"type":"Feature","id":632,"geometry":{"type":"Polygon","coordinates":[[[-121.5034,45.7116],[-121.5277,45.7087],[-121.552,45.7058],[-121.5763,45.7029],[-121.6006,45.7],[-121.6249,45.697],[-121.6493,45.6941],[-121.6736,45.6912],[-121.6979,45.6882],[-121.7145,45.6893],[-121.7311,45.6904],[-121.7478,45.6915],[-121.7644,45.6926],[-121.781,45.6937],[-121.7977,45.6948],[-121.8143,45.6959],[-121.831,45.697],[-121.8538,45.6845],[-121.8765,45.672],[-121.8993,45.6595],[-121.9221,45.647],[-121.9182,45.6155],[-121.9144,45.584],[-121.9106,45.5525],[-121.9067,45.5211],[-121.8942,45.5127],[-121.8817,45.5043],[-121.8692,45.496],[-121.8567,45.4876],[-121.8443,45.4793],[-121.8318,45.4709],[-121.8193,45.4625],[-121.8068,45.4541],[-121.8002,45.4428],[-121.7935,45.4314],[-121.7869,45.42],[-121.7802,45.4086],[-121.7736,45.3972],[-121.767,45.3858],[-121.7604,45.3744],[-121.7537,45.363],[-121.7447,45.3532],[-121.7357,45.3434],[-121.7266,45.3335],[-121.7176,45.3237],[-121.7085,45.3139],[-121.6995,45.3041],[-121.6905,45.2942],[-121.6815,45.2844],[-121.6673,45.2924],[-121.6532,45.3003],[-121.639,45.3083],[-121.6249,45.3162],[-121.6107,45.3242],[-121.5965,45.3321],[-121.5824,45.3401],[-121.5682,45.348],[-121.5715,45.3751],[-121.5748,45.4022],[-121.5781,45.4293],[-121.5813,45.4564],[-121.578,45.4815],[-121.5747,45.5065],[-121.5714,45.5315],[-121.5681,45.5565],[-121.5543,45.5751],[-121.5405,45.5937],[-121.5268,45.6123],[-121.513,45.6309],[-121.5082,45.6713],[-121.5034,45.7116]]]},"properties":{"OBJECTID":632,"state":"Oregon","agency":"Oregon Department of Fish and Wildlife","unit_type":"WMU","unit_id":"42","unit_name":"HOOD","unit_label":"Oregon WMU 42 - HOOD","aliases":"2025 | 42 | 42 hood | game management unit | game management unit 42 | game management unit 42 hood | gmu | gmu 42 | gmu 42 hood | hood | hunt unit | hunt unit 42 | hunt unit 42 hood | hunting unit | hunting unit 42 | hunting unit 42 hood | oregon | oreg","year":"2025","Shape_Length":133942.38728010491,"Shape_Area":958167275.3472006}},{"type":"Feature","id":633,"geometry":{"type":"Polygon","coordinates":[[[-116.7878,45.4543],[-116.7936,45.4675],[-116.7993,45.4806],[-116.8051,45.4937],[-116.8109,45.5069],[-116.8166,45.52],[-116.8224,45.5331],[-116.8281,45.5462],[-116.8339,45.5594],[-116.8478,45.5399],[-116.8617,45.5203],[-116.8797,45.5102],[-116.8976,45.5],[-116.9156,45.4898],[-116.9335,45.4797],[-116.9515,45.4695],[-116.9694,45.4593],[-116.9873,45.4492],[-117.0052,45.439],[-117.01,45.4035],[-117.0187,45.395],[-117.0274,45.3866],[-117.0361,45.3782],[-117.0448,45.3697],[-117.0535,45.3613],[-117.0622,45.3528],[-117.0709,45.3444],[-117.0796,45.3359],[-117.0984,45.3382],[-117.1172,45.3405],[-117.136,45.3429],[-117.1547,45.3451],[-117.1735,45.3474],[-117.1923,45.3497],[-117.2111,45.352],[-117.2299,45.3543],[-117.2229,45.3376],[-117.2159,45.3208],[-117.2089,45.3041],[-117.2019,45.2874],[-117.2101,45.2696],[-117.2182,45.2519],[-117.2263,45.2342],[-117.2344,45.2164],[-117.2425,45.1987],[-117.2507,45.181],[-117.2588,45.1632],[-117.2669,45.1455],[-117.2523,45.134],[-117.2378,45.1225],[-117.2233,45.1109],[-117.2087,45.0994],[-117.1905,45.1033],[-117.1722,45.1071],[-117.154,45.111],[-117.1357,45.1149],[-117.1143,45.1106],[-117.0928,45.1064],[-117.0714,45.1021],[-117.0499,45.0978],[-117.0336,45.0988],[-117.0173,45.0998],[-117.001,45.1008],[-116.9847,45.1018],[-116.9685,45.1028],[-116.9522,45.1037],[-116.9359,45.1047],[-116.9196,45.1057],[-116.9091,45.1169],[-116.8986,45.1282],[-116.8881,45.1394],[-116.8776,45.1507],[-116.8718,45.1793],[-116.866,45.2079],[-116.8531,45.2191],[-116.8402,45.2304],[-116.8273,45.2416],[-116.8144,45.2529],[-116.8111,45.278],[-116.8078,45.3032],[-116.8045,45.3284],[-116.8012,45.3536],[-116.7978,45.3788],[-116.7945,45.404],[-116.7912,45.4292],[-116.7878,45.4543]]]},"properties":{"OBJECTID":633,"state":"Oregon","agency":"Oregon Department of Fish and Wildlife","unit_type":"WMU","unit_id":"61","unit_name":"IMNAHA","unit_label":"Oregon WMU 61 - IMNAHA","aliases":"2025 | 61 | 61 imnaha | game management unit | game management unit 61 | game management unit 61 imnaha | gmu | gmu 61 | gmu 61 imnaha | hunt unit | hunt unit 61 | hunt unit 61 imnaha | hunting unit | hunting unit 61 | hunting unit 61 imnaha | imnaha | o","year":"2025","Shape_Length":152512.65375182734,"Shape_Area":1097230290.9372745}},{"type":"Feature","id":634,"geometry":{"type":"Polygon","coordinates":[[[-121.014,42.7758],[-121.0329,42.7792],[-121.0518,42.7825],[-121.0707,42.7859],[-121.0897,42.7892],[-121.1035,42.7771],[-121.1173,42.765],[-121.131,42.7529],[-121.1448,42.7408],[-121.1586,42.7286],[-121.1724,42.7165],[-121.1862,42.7044],[-121.1999,42.6923],[-121.2166,42.693],[-121.2334,42.6937],[-121.2501,42.6944],[-121.2668,42.6952],[-121.2894,42.6857],[-121.3119,42.6762],[-121.3345,42.6667],[-121.357,42.6572],[-121.3519,42.6207],[-121.3467,42.5842],[-121.3375,42.5754],[-121.3284,42.5666],[-121.3193,42.5578],[-121.3102,42.549],[-121.3045,42.5269],[-121.2987,42.5047],[-121.293,42.4826],[-121.2873,42.4604],[-121.2793,42.4511],[-121.2713,42.4417],[-121.2441,42.4415],[-121.217,42.4413],[-121.1899,42.4411],[-121.1627,42.4409],[-121.1486,42.4371],[-121.1346,42.4333],[-121.1205,42.4295],[-121.1064,42.4257],[-121.0923,42.4219],[-121.0782,42.4181],[-121.0641,42.4142],[-121.05,42.4104],[-121.0513,42.3535],[-121.0526,42.2966],[-121.0638,42.2853],[-121.075,42.2739],[-121.0862,42.2625],[-121.0973,42.2512],[-121.1085,42.2398],[-121.1197,42.2284],[-121.1308,42.2171],[-121.142,42.2057],[-121.1534,42.1971],[-121.1648,42.1885],[-121.1763,42.1799],[-121.1877,42.1713],[-121.1991,42.1626],[-121.2105,42.154],[-121.2219,42.1454],[-121.2334,42.1368],[-121.2259,42.1193],[-121.2185,42.1018],[-121.211,42.0843],[-121.2036,42.0668],[-121.2063,42.032],[-121.209,41.9972],[-121.209,41.9972],[-121.1935,41.9969],[-121.1781,41.9967],[-121.1627,41.9965],[-121.1473,41.9962],[-121.1319,41.996],[-121.1165,41.9957],[-121.1011,41.9955],[-121.0857,41.9952],[-121.0567,41.9942],[-121.0483,41.9939],[-121.0318,41.9935],[-121.0153,41.9932],[-121.0101,41.9931],[-120.9924,41.9931],[-120.9747,41.9931],[-120.9721,41.9931],[-120.9522,41.9934],[-120.9323,41.9936],[-120.9163,41.9937],[-120.9003,41.9937],[-120.8843,41.9938],[-120.8682,41.9938],[-120.8522,41.9938],[-120.8362,41.9939],[-120.8202,41.9939],[-120.8042,41.9939],[-120.7853,41.9938],[-120.7664,41.9937],[-120.7488,41.9936],[-120.7441,41.9937],[-120.7186,41.9935],[-120.6931,41.9934],[-120.6676,41.9933],[-120.6421,41.9931],[-120.6151,41.993],[-120.5907,41.9932],[-120.5663,41.9933],[-120.5418,41.9935],[-120.5174,41.9936],[-120.4985,41.9936],[-120.4796,41.9935],[-120.4607,41.9935],[-120.4418,41.9934],[-120.4229,41.9933],[-120.404,41.9933],[-120.3851,41.9932],[-120.3662,41.9932],[-120.3473,41.9931],[-120.3283,41.993],[-120.3168,41.993],[-120.2981,41.9931],[-120.3028,42.0268],[-120.3076,42.0605],[-120.3123,42.0942],[-120.317,42.1279],[-120.3233,42.1419],[-120.3295,42.1558],[-120.3357,42.1697],[-120.3419,42.1836],[-120.3481,42.1975],[-120.3544,42.2114],[-120.3606,42.2254],[-120.3668,42.2393],[-120.3604,42.2567],[-120.354,42.274],[-120.3476,42.2914],[-120.3411,42.3088],[-120.3194,42.3218],[-120.2976,42.3348],[-120.2938,42.372],[-120.2899,42.4092],[-120.286,42.4465],[-120.2821,42.4837],[-120.2927,42.504],[-120.3033,42.5242],[-120.3138,42.5445],[-120.3244,42.5647],[-120.3482,42.5753],[-120.372,42.5859],[-120.3959,42.5965],[-120.4197,42.607],[-120.44,42.6099],[-120.4603,42.6128],[-120.4806,42.6157],[-120.5009,42.6186],[-120.5086,42.6362],[-120.5164,42.6538],[-120.5241,42.6715],[-120.5319,42.6891],[-120.5466,42.6969],[-120.5613,42.7047],[-120.5761,42.7125],[-120.5908,42.7202],[-120.6106,42.7223],[-120.6304,42.7244],[-120.6502,42.7265],[-120.67,42.7286],[-120.6898,42.7307],[-120.7096,42.7328],[-120.7294,42.7349],[-120.7492,42.7369],[-120.7634,42.7263],[-120.7775,42.7157],[-120.7917,42.7051],[-120.8059,42.6945],[-120.8261,42.6994],[-120.8462,42.7043],[-120.8664,42.7092],[-120.8866,42.7141],[-120.9065,42.7055],[-120.9263,42.6969],[-120.9425,42.7038],[-120.9587,42.7107],[-120.9748,42.7176],[-120.991,42.7245],[-120.9968,42.7373],[-121.0025,42.7501],[-121.0083,42.763],[-121.014,42.7758]]]},"properties":{"OBJECTID":634,"state":"Oregon","agency":"Oregon Department of Fish and Wildlife","unit_type":"WMU","unit_id":"75","unit_name":"INTERSTATE","unit_label":"Oregon WMU 75 - INTERSTATE","aliases":"2025 | 75 | 75 interstate | game management unit | game management unit 75 | game management unit 75 interstate | gmu | gmu 75 | gmu 75 interstate | hunt unit | hunt unit 75 | hunt unit 75 interstate | hunting unit | hunting unit 75 | hunting unit 75 int","year":"2025","Shape_Length":345542.2091538475,"Shape_Area":5717380955.346095}},{"type":"Feature","id":635,"geometry":{"type":"Polygon","coordinates":[[[-119.0201,43.5859],[-119.0372,43.586],[-119.0544,43.5861],[-119.0622,43.5709],[-119.0701,43.5558],[-119.0779,43.5407],[-119.0858,43.5255],[-119.1098,43.5223],[-119.1338,43.519],[-119.1578,43.5158],[-119.1818,43.5125],[-119.2002,43.5152],[-119.2186,43.5178],[-119.237,43.5205],[-119.2554,43.5232],[-119.2738,43.5258],[-119.2922,43.5285],[-119.3107,43.5311],[-119.3291,43.5338],[-119.351,43.5349],[-119.373,43.5359],[-119.395,43.537],[-119.4169,43.538],[-119.4389,43.539],[-119.4608,43.5401],[-119.4828,43.5411],[-119.5048,43.5421],[-119.5126,43.5274],[-119.5205,43.5127],[-119.5283,43.498],[-119.5361,43.4833],[-119.5507,43.4722],[-119.5653,43.4611],[-119.5799,43.45],[-119.5945,43.4389],[-119.6091,43.4278],[-119.6237,43.4167],[-119.6382,43.4056],[-119.6528,43.3945],[-119.6611,43.3852],[-119.6694,43.3759],[-119.6777,43.3667],[-119.6859,43.3574],[-119.6942,43.3481],[-119.7025,43.3388],[-119.7108,43.3296],[-119.719,43.3203],[-119.7402,43.3108],[-119.7614,43.3013],[-119.7826,43.2918],[-119.8038,43.2823],[-119.8249,43.2728],[-119.8461,43.2633],[-119.8673,43.2538],[-119.8884,43.2443],[-119.8891,43.2075],[-119.906,43.1939],[-119.9228,43.1803],[-119.9397,43.1667],[-119.9565,43.1531],[-119.9625,43.1258],[-119.9685,43.0985],[-119.9745,43.0712],[-119.9804,43.0439],[-119.9864,43.0166],[-119.9924,42.9893],[-119.9983,42.962],[-120.0043,42.9348],[-119.9979,42.9126],[-119.9915,42.8904],[-120.0026,42.8784],[-120.0138,42.8665],[-120.0249,42.8545],[-120.0361,42.8426],[-120.0472,42.8306],[-120.0583,42.8186],[-120.0695,42.8067],[-120.0806,42.7947],[-120.0721,42.7842],[-120.0636,42.7737],[-120.0551,42.7632],[-120.0466,42.7527],[-120.0382,42.7422],[-120.0297,42.7318],[-120.0212,42.7213],[-120.0127,42.7108],[-120.0086,42.6905],[-120.0046,42.6701],[-119.9913,42.6561],[-119.9781,42.642],[-119.9649,42.628],[-119.9516,42.6139],[-119.9384,42.5999],[-119.9252,42.5858],[-119.912,42.5717],[-119.8988,42.5577],[-119.8842,42.5653],[-119.8695,42.573],[-119.8548,42.5807],[-119.8402,42.5884],[-119.825,42.5764],[-119.8098,42.5644],[-119.7946,42.5524],[-119.7794,42.5405],[-119.766,42.5492],[-119.7526,42.558],[-119.7391,42.5668],[-119.7257,42.5755],[-119.7075,42.5686],[-119.6893,42.5617],[-119.6711,42.5548],[-119.6529,42.5479],[-119.6393,42.5543],[-119.6258,42.5606],[-119.6122,42.5669],[-119.5986,42.5732],[-119.585,42.5795],[-119.5714,42.5858],[-119.5578,42.5921],[-119.5442,42.5985],[-119.5335,42.6065],[-119.5227,42.6145],[-119.512,42.6225],[-119.5013,42.6306],[-119.4905,42.6386],[-119.4798,42.6466],[-119.469,42.6547],[-119.4583,42.6627],[-119.4302,42.6686],[-119.4021,42.6745],[-119.374,42.6804],[-119.3459,42.6863],[-119.3285,42.6854],[-119.3112,42.6844],[-119.2938,42.6834],[-119.2764,42.6825],[-119.2591,42.6815],[-119.2417,42.6805],[-119.2244,42.6795],[-119.207,42.6785],[-119.1827,42.6877],[-119.1584,42.6969],[-119.1341,42.7061],[-119.1097,42.7152],[-119.1015,42.7313],[-119.0933,42.7474],[-119.0645,42.7513],[-119.0357,42.7553],[-119.007,42.7592],[-118.9782,42.7631],[-118.9637,42.7806],[-118.9492,42.798],[-118.9347,42.8155],[-118.9202,42.8329],[-118.9139,42.8536],[-118.9076,42.8742],[-118.9014,42.8949],[-118.8951,42.9155],[-118.8888,42.9362],[-118.8825,42.9568],[-118.8762,42.9775],[-118.8699,42.9981],[-118.8561,43.0128],[-118.8423,43.0275],[-118.8551,43.0422],[-118.8679,43.0569],[-118.8807,43.0715],[-118.8935,43.0862],[-118.9063,43.1008],[-118.9191,43.1155],[-118.932,43.1302],[-118.9448,43.1448],[-118.9468,43.2324],[-118.9536,43.2479],[-118.9605,43.2634],[-118.9673,43.279],[-118.9741,43.2945],[-118.9772,43.3302],[-118.9803,43.3659],[-118.9834,43.4016],[-118.9865,43.4373],[-119.0033,43.4438],[-119.02,43.4503],[-119.0201,43.5859]]]},"properties":{"OBJECTID":635,"state":"Oregon","agency":"Oregon Department of Fish and Wildlife","unit_type":"WMU","unit_id":"71","unit_name":"JUNIPER","unit_label":"Oregon WMU 71 - JUNIPER","aliases":"2025 | 71 | 71 juniper | game management unit | game management unit 71 | game management unit 71 juniper | gmu | gmu 71 | gmu 71 juniper | hunt unit | hunt unit 71 | hunt unit 71 juniper | hunting unit | hunting unit 71 | hunting unit 71 juniper | junip","year":"2025","Shape_Length":364598.6030773398,"Shape_Area":7594400698.504874}},{"type":"Feature","id":636,"geometry":{"type":"Polygon","coordinates":[[[-117.2913,45.0696],[-117.2861,45.1057],[-117.2809,45.1417],[-117.2973,45.1377],[-117.3137,45.1338],[-117.3301,45.1298],[-117.3465,45.1258],[-117.363,45.1218],[-117.3793,45.1178],[-117.3957,45.1138],[-117.4121,45.1098],[-117.4298,45.115],[-117.4475,45.1202],[-117.4652,45.1253],[-117.4829,45.1305],[-117.4965,45.1178],[-117.5102,45.1051],[-117.5239,45.0924],[-117.5376,45.0797],[-117.5376,45.0797],[-117.542,45.0526],[-117.5463,45.0254],[-117.56,45.018],[-117.5737,45.0105],[-117.5874,45.0031],[-117.6011,44.9956],[-117.6233,45.0045],[-117.6454,45.0134],[-117.652,44.9886],[-117.6586,44.9638],[-117.6652,44.939],[-117.6717,44.9141],[-117.6913,44.9239],[-117.7109,44.9337],[-117.7305,44.9434],[-117.7501,44.9532],[-117.7618,44.9718],[-117.7735,44.9905],[-117.7852,45.0091],[-117.797,45.0277],[-117.819,45.0356],[-117.841,45.0436],[-117.863,45.0515],[-117.885,45.0594],[-117.8943,45.0493],[-117.9035,45.0391],[-117.9128,45.029],[-117.922,45.0189],[-117.9092,45.0059],[-117.8965,44.993],[-117.8837,44.98],[-117.871,44.9671],[-117.8583,44.9541],[-117.8455,44.9411],[-117.8328,44.9282],[-117.8201,44.9152],[-117.8165,44.8592],[-117.813,44.8033],[-117.7956,44.804],[-117.7782,44.8048],[-117.7607,44.8055],[-117.7433,44.8062],[-117.7259,44.807],[-117.7085,44.8077],[-117.691,44.8084],[-117.6736,44.8091],[-117.6523,44.8159],[-117.6309,44.8228],[-117.6096,44.8296],[-117.5883,44.8364],[-117.5711,44.8345],[-117.5539,44.8327],[-117.5367,44.8309],[-117.5195,44.829],[-117.5023,44.8272],[-117.4851,44.8253],[-117.4679,44.8235],[-117.4508,44.8216],[-117.4336,44.8198],[-117.4164,44.8179],[-117.3992,44.8161],[-117.382,44.8142],[-117.3649,44.8123],[-117.3477,44.8105],[-117.3305,44.8086],[-117.3133,44.8067],[-117.2979,44.793],[-117.2824,44.7794],[-117.2669,44.7657],[-117.2515,44.752],[-117.2323,44.7503],[-117.213,44.7487],[-117.1938,44.747],[-117.1745,44.7454],[-117.149,44.7509],[-117.1235,44.7564],[-117.0979,44.7619],[-117.0724,44.7674],[-117.0601,44.7814],[-117.0479,44.7954],[-117.0593,44.8144],[-117.0707,44.8333],[-117.0821,44.8523],[-117.0935,44.8713],[-117.1109,44.8852],[-117.1284,44.8991],[-117.1459,44.9131],[-117.1634,44.927],[-117.1706,44.9512],[-117.1779,44.9754],[-117.1851,44.9997],[-117.1924,45.0239],[-117.1919,45.024],[-117.1917,45.0241],[-117.1915,45.0242],[-117.1903,45.0243],[-117.1861,45.0468],[-117.1818,45.0694],[-117.2092,45.0694],[-117.2365,45.0695],[-117.2639,45.0696],[-117.2913,45.0696]]]},"properties":{"OBJECTID":636,"state":"Oregon","agency":"Oregon Department of Fish and Wildlife","unit_type":"WMU","unit_id":"63","unit_name":"KEATING","unit_label":"Oregon WMU 63 - KEATING","aliases":"2025 | 63 | 63 keating | game management unit | game management unit 63 | game management unit 63 keating | gmu | gmu 63 | gmu 63 keating | hunt unit | hunt unit 63 | hunt unit 63 keating | hunting unit | hunting unit 63 | hunting unit 63 keating | keati","year":"2025","Shape_Length":223920.5893595337,"Shape_Area":1580399911.224767}},{"type":"Feature","id":637,"geometry":{"type":"Polygon","coordinates":[[[-122.062,42.7687],[-122.0708,42.7849],[-122.0796,42.801],[-122.1035,42.801],[-122.1273,42.801],[-122.1512,42.801],[-122.1751,42.801],[-122.1859,42.779],[-122.1967,42.757],[-122.1905,42.7405],[-122.1844,42.724],[-122.1783,42.7076],[-122.1721,42.6911],[-122.1826,42.6825],[-122.1931,42.6738],[-122.2036,42.6652],[-122.2141,42.6565],[-122.2181,42.621],[-122.2221,42.5854],[-122.2261,42.5498],[-122.2301,42.5143],[-122.2424,42.5085],[-122.2547,42.5027],[-122.267,42.4969],[-122.2793,42.4911],[-122.2714,42.4818],[-122.2635,42.4726],[-122.2556,42.4633],[-122.2477,42.454],[-122.2404,42.4219],[-122.2331,42.3898],[-122.2259,42.3576],[-122.2186,42.3255],[-122.2358,42.3178],[-122.2529,42.3101],[-122.2701,42.3024],[-122.2872,42.2947],[-122.2874,42.1337],[-122.3029,42.1314],[-122.3183,42.1291],[-122.3337,42.1268],[-122.3491,42.1246],[-122.3459,42.0671],[-122.3427,42.0096],[-122.343,42.009],[-122.3192,42.0088],[-122.2955,42.0084],[-122.2718,42.0081],[-122.2481,42.0078],[-122.2244,42.0075],[-122.2006,42.0072],[-122.1769,42.0069],[-122.1532,42.0066],[-122.1295,42.0062],[-122.1058,42.0059],[-122.082,42.0055],[-122.0583,42.0052],[-122.0346,42.0049],[-122.0109,42.0045],[-121.9872,42.0041],[-121.9634,42.0038],[-121.9405,42.0038],[-121.9392,42.0038],[-121.9222,42.0037],[-121.9053,42.0035],[-121.8893,42.0033],[-121.8891,42.0033],[-121.8891,42.0034],[-121.8828,42.0164],[-121.8764,42.0294],[-121.8701,42.0425],[-121.8637,42.0555],[-121.8573,42.0685],[-121.851,42.0816],[-121.8446,42.0946],[-121.8382,42.1076],[-121.8319,42.1207],[-121.8255,42.1337],[-121.8191,42.1467],[-121.8128,42.1598],[-121.8064,42.1728],[-121.8,42.1858],[-121.7936,42.1989],[-121.7872,42.2119],[-121.7924,42.2288],[-121.7976,42.2456],[-121.8027,42.2625],[-121.8079,42.2793],[-121.8131,42.2962],[-121.8183,42.3131],[-121.8235,42.3299],[-121.8287,42.3468],[-121.8212,42.3643],[-121.8137,42.3818],[-121.8271,42.3963],[-121.8405,42.4107],[-121.854,42.4252],[-121.8674,42.4397],[-121.8718,42.461],[-121.8762,42.4823],[-121.8806,42.5035],[-121.885,42.5248],[-121.896,42.5462],[-121.907,42.5675],[-121.918,42.5888],[-121.9289,42.6101],[-121.9399,42.6314],[-121.9509,42.6528],[-121.9619,42.6741],[-121.973,42.6954],[-121.9841,42.7046],[-121.9952,42.7137],[-122.0063,42.7229],[-122.0175,42.7321],[-122.0286,42.7412],[-122.0397,42.7504],[-122.0509,42.7596],[-122.062,42.7687]]]},"properties":{"OBJECTID":637,"state":"Oregon","agency":"Oregon Department of Fish and Wildlife","unit_type":"WMU","unit_id":"31","unit_name":"KENO","unit_label":"Oregon WMU 31 - KENO","aliases":"2025 | 31 | 31 keno | game management unit | game management unit 31 | game management unit 31 keno | gmu | gmu 31 | gmu 31 keno | hunt unit | hunt unit 31 | hunt unit 31 keno | hunting unit | hunting unit 31 | hunting unit 31 keno | keno | oregon | oreg","year":"2025","Shape_Length":242970.55309904864,"Shape_Area":2710771270.247013}},{"type":"Feature","id":638,"geometry":{"type":"Polygon","coordinates":[[[-121.2873,42.4604],[-121.3093,42.4602],[-121.3313,42.4599],[-121.3533,42.4597],[-121.3752,42.4594],[-121.3972,42.4592],[-121.4192,42.4589],[-121.4412,42.4586],[-121.4632,42.4584],[-121.4844,42.4619],[-121.5057,42.4654],[-121.5269,42.4688],[-121.5482,42.4723],[-121.5656,42.4815],[-121.5831,42.4908],[-121.6005,42.5],[-121.618,42.5092],[-121.6125,42.5258],[-121.607,42.5425],[-121.6238,42.5467],[-121.6407,42.5508],[-121.6576,42.5549],[-121.6745,42.5591],[-121.6799,42.5837],[-121.6852,42.6083],[-121.7008,42.6081],[-121.7163,42.6079],[-121.7319,42.6077],[-121.7474,42.6075],[-121.763,42.6073],[-121.7785,42.6072],[-121.7941,42.607],[-121.8096,42.6068],[-121.8191,42.5965],[-121.8285,42.5863],[-121.8379,42.5761],[-121.8474,42.5658],[-121.8568,42.5556],[-121.8662,42.5453],[-121.8756,42.5351],[-121.885,42.5248],[-121.8806,42.5035],[-121.8762,42.4823],[-121.8718,42.461],[-121.8674,42.4397],[-121.854,42.4252],[-121.8405,42.4107],[-121.8271,42.3963],[-121.8137,42.3818],[-121.8212,42.3643],[-121.8287,42.3468],[-121.8235,42.3299],[-121.8183,42.3131],[-121.8131,42.2962],[-121.8079,42.2793],[-121.8027,42.2625],[-121.7976,42.2456],[-121.7924,42.2288],[-121.7872,42.2119],[-121.7936,42.1989],[-121.8,42.1858],[-121.8064,42.1728],[-121.8128,42.1598],[-121.8191,42.1467],[-121.8255,42.1337],[-121.8319,42.1207],[-121.8382,42.1076],[-121.8446,42.0946],[-121.851,42.0816],[-121.8573,42.0685],[-121.8637,42.0555],[-121.8701,42.0425],[-121.8764,42.0294],[-121.8828,42.0164],[-121.8891,42.0034],[-121.8891,42.0033],[-121.8724,42.0031],[-121.8556,42.0029],[-121.8388,42.0027],[-121.822,42.0025],[-121.8052,42.0022],[-121.7884,42.002],[-121.7716,42.0018],[-121.7548,42.0015],[-121.7381,42.0013],[-121.7213,42.0011],[-121.7045,42.0008],[-121.6877,42.0006],[-121.6709,42.0003],[-121.6541,42.0001],[-121.6373,41.9998],[-121.6206,41.9996],[-121.6011,41.9995],[-121.5816,41.9994],[-121.5621,41.9992],[-121.5426,41.9991],[-121.5231,41.999],[-121.5037,41.9989],[-121.4842,41.9987],[-121.4647,41.9986],[-121.4452,41.9985],[-121.4257,41.9983],[-121.4062,41.9982],[-121.3867,41.9981],[-121.3673,41.9979],[-121.3478,41.9978],[-121.3283,41.9976],[-121.3088,41.9975],[-121.2919,41.9975],[-121.275,41.9976],[-121.2488,41.9974],[-121.2227,41.9973],[-121.209,41.9972],[-121.209,41.9972],[-121.2063,42.032],[-121.2036,42.0668],[-121.211,42.0843],[-121.2185,42.1018],[-121.2259,42.1193],[-121.2334,42.1368],[-121.2219,42.1454],[-121.2105,42.154],[-121.1991,42.1626],[-121.1877,42.1713],[-121.1763,42.1799],[-121.1648,42.1885],[-121.1534,42.1971],[-121.142,42.2057],[-121.1308,42.2171],[-121.1197,42.2284],[-121.1085,42.2398],[-121.0973,42.2512],[-121.0862,42.2625],[-121.075,42.2739],[-121.0638,42.2853],[-121.0526,42.2966],[-121.0513,42.3535],[-121.05,42.4104],[-121.0641,42.4142],[-121.0782,42.4181],[-121.0923,42.4219],[-121.1064,42.4257],[-121.1205,42.4295],[-121.1346,42.4333],[-121.1486,42.4371],[-121.1627,42.4409],[-121.1899,42.4411],[-121.217,42.4413],[-121.2441,42.4415],[-121.2713,42.4417],[-121.2793,42.4511],[-121.2873,42.4604]]]},"properties":{"OBJECTID":638,"state":"Oregon","agency":"Oregon Department of Fish and Wildlife","unit_type":"WMU","unit_id":"32","unit_name":"KLAMATH FALLS","unit_label":"Oregon WMU 32 - KLAMATH FALLS","aliases":"2025 | 32 | 32 klamath falls | game management unit | game management unit 32 | game management unit 32 klamath falls | gmu | gmu 32 | gmu 32 klamath falls | hunt unit | hunt unit 32 | hunt unit 32 klamath falls | hunting unit | hunting unit 32 | hunting","year":"2025","Shape_Length":255859.46193815063,"Shape_Area":3226421757.823269}},{"type":"Feature","id":639,"geometry":{"type":"Polygon","coordinates":[[[-117.5883,44.8364],[-117.6096,44.8296],[-117.6309,44.8228],[-117.6523,44.8159],[-117.6736,44.8091],[-117.691,44.8084],[-117.7085,44.8077],[-117.7259,44.807],[-117.7433,44.8062],[-117.7607,44.8055],[-117.7782,44.8048],[-117.7956,44.804],[-117.813,44.8033],[-117.8035,44.7833],[-117.7939,44.7634],[-117.7844,44.7434],[-117.7748,44.7234],[-117.7581,44.7174],[-117.7414,44.7114],[-117.7247,44.7054],[-117.7079,44.6995],[-117.6912,44.6935],[-117.6745,44.6875],[-117.6578,44.6815],[-117.6411,44.6755],[-117.6244,44.6695],[-117.6077,44.6635],[-117.591,44.6575],[-117.5743,44.6515],[-117.5576,44.6455],[-117.5409,44.6395],[-117.5242,44.6334],[-117.5075,44.6274],[-117.4974,44.6183],[-117.4872,44.6093],[-117.477,44.6002],[-117.4669,44.5911],[-117.4567,44.582],[-117.4466,44.5729],[-117.4364,44.5638],[-117.4263,44.5547],[-117.4162,44.5456],[-117.406,44.5365],[-117.3959,44.5274],[-117.3857,44.5183],[-117.3756,44.5092],[-117.3655,44.5001],[-117.3554,44.491],[-117.3452,44.4819],[-117.3381,44.4651],[-117.331,44.4482],[-117.3239,44.4313],[-117.3167,44.4144],[-117.3096,44.3975],[-117.3025,44.3807],[-117.2954,44.3638],[-117.2883,44.3469],[-117.2781,44.3382],[-117.268,44.3296],[-117.2578,44.3209],[-117.2476,44.3123],[-117.2375,44.3036],[-117.2273,44.2949],[-117.2172,44.2863],[-117.207,44.2776],[-117.2229,44.2943],[-117.2149,44.3051],[-117.2069,44.316],[-117.199,44.3268],[-117.191,44.3376],[-117.2046,44.3509],[-117.2181,44.3643],[-117.2317,44.3776],[-117.2453,44.391],[-117.2415,44.4132],[-117.2377,44.4354],[-117.234,44.4576],[-117.2302,44.4798],[-117.2124,44.4939],[-117.1946,44.508],[-117.1768,44.5221],[-117.159,44.5362],[-117.1521,44.5492],[-117.1452,44.5623],[-117.1383,44.5753],[-117.1314,44.5883],[-117.1245,44.6013],[-117.1177,44.6144],[-117.1108,44.6274],[-117.1039,44.6404],[-117.0969,44.6534],[-117.09,44.6665],[-117.0831,44.6795],[-117.0762,44.6925],[-117.0693,44.7055],[-117.0624,44.7186],[-117.0555,44.7316],[-117.0485,44.7446],[-117.0605,44.756],[-117.0724,44.7674],[-117.0979,44.7619],[-117.1235,44.7564],[-117.149,44.7509],[-117.1745,44.7454],[-117.1938,44.747],[-117.213,44.7487],[-117.2323,44.7503],[-117.2515,44.752],[-117.2669,44.7657],[-117.2824,44.7794],[-117.2979,44.793],[-117.3133,44.8067],[-117.3305,44.8086],[-117.3477,44.8105],[-117.3649,44.8123],[-117.382,44.8142],[-117.3992,44.8161],[-117.4164,44.8179],[-117.4336,44.8198],[-117.4508,44.8216],[-117.4679,44.8235],[-117.4851,44.8253],[-117.5023,44.8272],[-117.5195,44.829],[-117.5367,44.8309],[-117.5539,44.8327],[-117.5711,44.8345],[-117.5883,44.8364]]]},"properties":{"OBJECTID":639,"state":"Oregon","agency":"Oregon Department of Fish and Wildlife","unit_type":"WMU","unit_id":"64","unit_name":"LOOKOUT MTN","unit_label":"Oregon WMU 64 - LOOKOUT MTN","aliases":"2025 | 64 | 64 lookout mtn | game management unit | game management unit 64 | game management unit 64 lookout mtn | gmu | gmu 64 | gmu 64 lookout mtn | hunt unit | hunt unit 64 | hunt unit 64 lookout mtn | hunting unit | hunting unit 64 | hunting unit 64","year":"2025","Shape_Length":203745.06649639952,"Shape_Area":1424616112.1913004}},{"type":"Feature","id":640,"geometry":{"type":"Polygon","coordinates":[[[-118.5142,44.2045],[-118.5362,44.1935],[-118.5582,44.1824],[-118.5767,44.181],[-118.5951,44.1796],[-118.6135,44.1781],[-118.632,44.1767],[-118.6504,44.1752],[-118.6688,44.1738],[-118.6873,44.1723],[-118.7057,44.1709],[-118.7247,44.1769],[-118.7437,44.183],[-118.7723,44.1769],[-118.8009,44.1708],[-118.8295,44.1647],[-118.858,44.1585],[-118.8866,44.1524],[-118.9152,44.1462],[-118.9437,44.1401],[-118.9723,44.1339],[-118.9709,44.0718],[-118.9589,44.0526],[-118.947,44.0335],[-118.935,44.0143],[-118.9231,43.9952],[-118.9241,43.8789],[-118.9333,43.8681],[-118.9424,43.8573],[-118.9516,43.8464],[-118.9608,43.8356],[-118.9699,43.8248],[-118.9791,43.814],[-118.9882,43.8032],[-118.9974,43.7924],[-119.0,43.7504],[-119.0026,43.7085],[-119.0051,43.6666],[-119.0077,43.6247],[-119.0194,43.6151],[-119.0311,43.6054],[-119.0427,43.5957],[-119.0544,43.5861],[-119.0372,43.586],[-119.0201,43.5859],[-119.0011,43.5858],[-118.9822,43.5856],[-118.9697,43.5765],[-118.9573,43.5674],[-118.9448,43.5582],[-118.9324,43.5491],[-118.92,43.54],[-118.9075,43.5308],[-118.8951,43.5217],[-118.8827,43.5125],[-118.8703,43.5034],[-118.8579,43.4942],[-118.8455,43.4851],[-118.833,43.4759],[-118.8206,43.4668],[-118.8082,43.4576],[-118.7958,43.4485],[-118.7835,43.4393],[-118.7628,43.4393],[-118.7422,43.4393],[-118.7216,43.4392],[-118.7009,43.4392],[-118.6803,43.4392],[-118.6597,43.4391],[-118.639,43.4391],[-118.6184,43.439],[-118.6038,43.4294],[-118.5893,43.4197],[-118.5859,43.3512],[-118.5824,43.2826],[-118.5676,43.2748],[-118.5528,43.267],[-118.538,43.2593],[-118.5231,43.2515],[-118.5083,43.2437],[-118.4935,43.2359],[-118.4787,43.2281],[-118.4639,43.2204],[-118.4441,43.214],[-118.4242,43.2075],[-118.4044,43.2011],[-118.3846,43.1947],[-118.3648,43.1883],[-118.345,43.1819],[-118.3252,43.1755],[-118.3053,43.1691],[-118.293,43.1508],[-118.2806,43.1326],[-118.2691,43.1258],[-118.2577,43.119],[-118.2462,43.1123],[-118.2348,43.1055],[-118.2233,43.0987],[-118.2119,43.0919],[-118.2005,43.0851],[-118.189,43.0783],[-118.1918,43.057],[-118.1843,43.0529],[-118.1701,43.071],[-118.156,43.0891],[-118.1419,43.1072],[-118.1277,43.1253],[-118.1132,43.1319],[-118.0987,43.1386],[-118.0842,43.1452],[-118.0696,43.1519],[-118.0643,43.1652],[-118.059,43.1786],[-118.0537,43.192],[-118.0484,43.2053],[-118.033,43.2088],[-118.0176,43.2123],[-118.0022,43.2158],[-117.9868,43.2194],[-117.9715,43.2229],[-117.9561,43.2264],[-117.9407,43.2299],[-117.9253,43.2333],[-117.9204,43.2625],[-117.9155,43.2916],[-117.8874,43.2907],[-117.8594,43.2897],[-117.8314,43.2887],[-117.8034,43.2877],[-117.7969,43.3057],[-117.7904,43.3237],[-117.7838,43.3416],[-117.7773,43.3596],[-117.7578,43.3712],[-117.7383,43.3827],[-117.7526,43.4017],[-117.7669,43.4208],[-117.7813,43.4398],[-117.7956,43.4588],[-117.7918,43.4817],[-117.788,43.5047],[-117.7842,43.5276],[-117.7803,43.5506],[-117.7673,43.562],[-117.7543,43.5735],[-117.7413,43.5849],[-117.7283,43.5964],[-117.7153,43.6078],[-117.7023,43.6192],[-117.6893,43.6307],[-117.6763,43.6421],[-117.6826,43.6593],[-117.6889,43.6765],[-117.6953,43.6937],[-117.7016,43.7109],[-117.6931,43.7204],[-117.6845,43.7299],[-117.676,43.7394],[-117.6675,43.7488],[-117.6589,43.7583],[-117.6504,43.7678],[-117.6419,43.7773],[-117.6333,43.7867],[-117.6264,43.8039],[-117.6195,43.821],[-117.6126,43.8381],[-117.6057,43.8553],[-117.6163,43.8469],[-117.6269,43.8385],[-117.6375,43.8301],[-117.6481,43.8217],[-117.6587,43.8133],[-117.6693,43.8049],[-117.6799,43.7965],[-117.6905,43.7881],[-117.7154,43.7821],[-117.7403,43.776],[-117.7651,43.77],[-117.79,43.764],[-117.8039,43.7689],[-117.8179,43.7738],[-117.8318,43.7787],[-117.8457,43.7836],[-117.8597,43.7885],[-117.8736,43.7935],[-117.8876,43.7984],[-117.9015,43.8033],[-117.9233,43.8014],[-117.945,43.7994],[-117.9668,43.7975],[-117.9885,43.7955],[-118.0102,43.783],[-118.0318,43.7705],[-118.0534,43.758],[-118.0751,43.7455],[-118.0976,43.7577],[-118.12,43.77],[-118.1358,43.772],[-118.1515,43.774],[-118.1673,43.776],[-118.183,43.778],[-118.1988,43.78],[-118.2145,43.782],[-118.2303,43.784],[-118.246,43.786],[-118.2739,43.7844],[-118.3017,43.7827],[-118.3295,43.781],[-118.3573,43.7794],[-118.3672,43.7915],[-118.3771,43.8037],[-118.365,43.815],[-118.3529,43.8263],[-118.3408,43.8376],[-118.3287,43.849],[-118.3304,43.9207],[-118.3399,43.9367],[-118.3495,43.9527],[-118.359,43.9687],[-118.3685,43.9847],[-118.3781,44.0007],[-118.3876,44.0167],[-118.3972,44.0327],[-118.4067,44.0487],[-118.4272,44.0544],[-118.4477,44.0601],[-118.456,44.0781],[-118.4643,44.0962],[-118.4726,44.1142],[-118.4809,44.1323],[-118.4892,44.1503],[-118.4976,44.1684],[-118.5059,44.1864],[-118.5142,44.2045]]]},"properties":{"OBJECTID":640,"state":"Oregon","agency":"Oregon Department of Fish and Wildlife","unit_type":"WMU","unit_id":"66","unit_name":"MALHEUR RIVER","unit_label":"Oregon WMU 66 - MALHEUR RIVER","aliases":"2025 | 66 | 66 malheur river | game management unit | game management unit 66 | game management unit 66 malheur river | gmu | gmu 66 | gmu 66 malheur river | hunt unit | hunt unit 66 | hunt unit 66 malheur river | hunting unit | hunting unit 66 | hunting","year":"2025","Shape_Length":447371.7013913213,"Shape_Area":7467467441.049234}},{"type":"Feature","id":641,"geometry":{"type":"Polygon","coordinates":[[[-120.7667,45.3045],[-120.7877,45.3071],[-120.8087,45.3097],[-120.8297,45.3123],[-120.8507,45.3148],[-120.8558,45.2868],[-120.8609,45.2587],[-120.8814,45.2612],[-120.9019,45.2636],[-120.9224,45.2661],[-120.9429,45.2686],[-120.9619,45.2657],[-120.9809,45.2629],[-120.9999,45.26],[-121.0189,45.2572],[-121.0379,45.2543],[-121.0569,45.2515],[-121.0759,45.2486],[-121.0949,45.2457],[-121.1148,45.2474],[-121.1347,45.2491],[-121.1547,45.2508],[-121.1746,45.2525],[-121.1618,45.2449],[-121.149,45.2373],[-121.1362,45.2297],[-121.1234,45.222],[-121.1226,45.1354],[-121.1218,45.0488],[-121.1058,45.0404],[-121.0897,45.032],[-121.0736,45.0236],[-121.0575,45.0152],[-121.0628,44.975],[-121.0682,44.9347],[-121.0735,44.8945],[-121.0788,44.8543],[-121.0547,44.8502],[-121.0306,44.8462],[-121.02,44.8555],[-121.0095,44.8648],[-120.9989,44.8741],[-120.9884,44.8835],[-120.9778,44.8928],[-120.9673,44.9021],[-120.9567,44.9114],[-120.9462,44.9208],[-120.9422,44.8999],[-120.9383,44.879],[-120.9343,44.8581],[-120.9304,44.8371],[-120.9304,44.8369],[-120.9042,44.8459],[-120.878,44.8549],[-120.8519,44.8639],[-120.8257,44.8728],[-120.7995,44.8818],[-120.7733,44.8908],[-120.7471,44.8997],[-120.7209,44.9087],[-120.7293,44.9308],[-120.7376,44.953],[-120.746,44.9751],[-120.7543,44.9972],[-120.7443,45.0081],[-120.7342,45.019],[-120.7242,45.0299],[-120.7141,45.0408],[-120.704,45.0517],[-120.694,45.0626],[-120.6839,45.0735],[-120.6738,45.0843],[-120.6795,45.1129],[-120.6852,45.1416],[-120.6909,45.1702],[-120.6966,45.1988],[-120.7053,45.212],[-120.7141,45.2252],[-120.7228,45.2384],[-120.7316,45.2517],[-120.7404,45.2649],[-120.7491,45.2781],[-120.7579,45.2913],[-120.7667,45.3045]]]},"properties":{"OBJECTID":641,"state":"Oregon","agency":"Oregon Department of Fish and Wildlife","unit_type":"WMU","unit_id":"40","unit_name":"MAUPIN","unit_label":"Oregon WMU 40 - MAUPIN","aliases":"2025 | 40 | 40 maupin | game management unit | game management unit 40 | game management unit 40 maupin | gmu | gmu 40 | gmu 40 maupin | hunt unit | hunt unit 40 | hunt unit 40 maupin | hunting unit | hunting unit 40 | hunting unit 40 maupin | maupin | o","year":"2025","Shape_Length":176741.97276859882,"Shape_Area":1359009355.5393915}},{"type":"Feature","id":642,"geometry":{"type":"Polygon","coordinates":[[[-120.5104,44.1743],[-120.5407,44.1751],[-120.571,44.1759],[-120.6012,44.1767],[-120.6315,44.1774],[-120.651,44.1693],[-120.6704,44.1611],[-120.6899,44.153],[-120.7094,44.1448],[-120.7289,44.1366],[-120.7484,44.1284],[-120.7678,44.1203],[-120.7873,44.1121],[-120.7828,44.0832],[-120.7783,44.0544],[-120.7599,44.0522],[-120.7416,44.0501],[-120.7233,44.048],[-120.705,44.0458],[-120.7076,44.0142],[-120.7102,43.9825],[-120.7221,43.9732],[-120.7341,43.9639],[-120.746,43.9547],[-120.758,43.9454],[-120.7521,43.9215],[-120.7462,43.8975],[-120.7404,43.8736],[-120.7345,43.8497],[-120.7192,43.8455],[-120.7038,43.8413],[-120.6884,43.8371],[-120.6731,43.8329],[-120.6577,43.8287],[-120.6424,43.8245],[-120.627,43.8203],[-120.6117,43.8161],[-120.5963,43.8119],[-120.581,43.8076],[-120.5656,43.8034],[-120.5503,43.7992],[-120.535,43.795],[-120.5196,43.7908],[-120.5043,43.7866],[-120.489,43.7823],[-120.4744,43.7764],[-120.4599,43.7704],[-120.4453,43.7644],[-120.4308,43.7584],[-120.4162,43.7524],[-120.4017,43.7465],[-120.3872,43.7405],[-120.3726,43.7345],[-120.3581,43.7285],[-120.3436,43.7225],[-120.3291,43.7165],[-120.3146,43.7105],[-120.3,43.7045],[-120.2855,43.6985],[-120.271,43.6925],[-120.2565,43.6865],[-120.2409,43.6748],[-120.2253,43.6631],[-120.2096,43.6514],[-120.194,43.6397],[-120.1784,43.628],[-120.1628,43.6163],[-120.1472,43.6046],[-120.1316,43.5929],[-120.1154,43.5922],[-120.0992,43.5915],[-120.083,43.5907],[-120.0668,43.59],[-120.0638,43.6252],[-120.0609,43.6605],[-120.0579,43.6958],[-120.0549,43.7311],[-120.0665,43.7486],[-120.0782,43.7662],[-120.0744,43.7946],[-120.0707,43.823],[-120.067,43.8514],[-120.0633,43.8798],[-120.039,43.8864],[-120.0147,43.893],[-119.9904,43.8997],[-119.966,43.9063],[-119.9417,43.9129],[-119.9174,43.9195],[-119.8931,43.9261],[-119.8687,43.9327],[-119.8658,43.9568],[-119.8629,43.981],[-119.86,44.0051],[-119.8571,44.0293],[-119.8457,44.0412],[-119.8342,44.0531],[-119.8228,44.0649],[-119.8113,44.0768],[-119.8215,44.085],[-119.8317,44.0932],[-119.8419,44.1014],[-119.8521,44.1096],[-119.8623,44.1179],[-119.8725,44.1261],[-119.8827,44.1343],[-119.8929,44.1425],[-119.9092,44.1403],[-119.9255,44.138],[-119.9418,44.1358],[-119.9581,44.1336],[-119.9712,44.1277],[-119.9844,44.1218],[-119.9975,44.1158],[-120.0106,44.1099],[-120.0237,44.104],[-120.0368,44.098],[-120.0499,44.0921],[-120.063,44.0861],[-120.0806,44.096],[-120.0982,44.1058],[-120.1158,44.1157],[-120.1334,44.1255],[-120.1512,44.1244],[-120.1689,44.1234],[-120.1867,44.1223],[-120.2044,44.1212],[-120.2221,44.1201],[-120.2399,44.119],[-120.2576,44.1179],[-120.2754,44.1168],[-120.3018,44.1214],[-120.3282,44.126],[-120.3546,44.1306],[-120.3811,44.1352],[-120.4075,44.1398],[-120.434,44.1444],[-120.4604,44.149],[-120.4869,44.1535],[-120.4987,44.1639],[-120.5104,44.1743]]]},"properties":{"OBJECTID":642,"state":"Oregon","agency":"Oregon Department of Fish and Wildlife","unit_type":"WMU","unit_id":"36","unit_name":"MAURY","unit_label":"Oregon WMU 36 - MAURY","aliases":"2025 | 36 | 36 maury | game management unit | game management unit 36 | game management unit 36 maury | gmu | gmu 36 | gmu 36 maury | hunt unit | hunt unit 36 | hunt unit 36 maury | hunting unit | hunting unit 36 | hunting unit 36 maury | maury | oregon","year":"2025","Shape_Length":252845.7470622646,"Shape_Area":2872139249.112618}},{"type":"Feature","id":643,"geometry":{"type":"Polygon","coordinates":[[[-121.4468,44.5926],[-121.4605,44.603],[-121.4741,44.6133],[-121.4878,44.6237],[-121.5015,44.634],[-121.5152,44.6444],[-121.5289,44.6547],[-121.5426,44.665],[-121.5563,44.6754],[-121.5707,44.6687],[-121.5851,44.6621],[-121.5995,44.6554],[-121.6139,44.6488],[-121.6054,44.6345],[-121.5968,44.6202],[-121.6109,44.6079],[-121.6249,44.5957],[-121.6389,44.5834],[-121.653,44.5712],[-121.6679,44.5887],[-121.6828,44.6061],[-121.6978,44.6236],[-121.7127,44.6411],[-121.7341,44.6426],[-121.7554,44.6441],[-121.7768,44.6456],[-121.7981,44.6471],[-121.8015,44.6138],[-121.8049,44.5806],[-121.8083,44.5473],[-121.8116,44.514],[-121.8221,44.5069],[-121.8326,44.4998],[-121.8431,44.4926],[-121.8535,44.4855],[-121.8513,44.4547],[-121.849,44.424],[-121.8546,44.4085],[-121.8602,44.393],[-121.8658,44.3775],[-121.8714,44.362],[-121.8631,44.3492],[-121.8548,44.3364],[-121.8465,44.3237],[-121.8381,44.3109],[-121.8298,44.2981],[-121.8215,44.2854],[-121.8132,44.2726],[-121.8049,44.2598],[-121.7862,44.2709],[-121.7675,44.282],[-121.7488,44.2932],[-121.7301,44.3043],[-121.7111,44.303],[-121.692,44.3017],[-121.673,44.3003],[-121.6539,44.299],[-121.6349,44.2977],[-121.6159,44.2964],[-121.5968,44.2951],[-121.5778,44.2938],[-121.5499,44.2939],[-121.522,44.294],[-121.4942,44.2941],[-121.4663,44.2943],[-121.4384,44.2944],[-121.4105,44.2945],[-121.3826,44.2946],[-121.3548,44.2947],[-121.3322,44.2916],[-121.3096,44.2884],[-121.2871,44.2853],[-121.2645,44.2822],[-121.242,44.279],[-121.2194,44.2759],[-121.1968,44.2728],[-121.1743,44.2696],[-121.1762,44.324],[-121.178,44.3783],[-121.1928,44.3897],[-121.2077,44.4011],[-121.2225,44.4125],[-121.2373,44.4239],[-121.2522,44.4353],[-121.267,44.4467],[-121.2819,44.4581],[-121.2967,44.4695],[-121.2881,44.4864],[-121.2794,44.5033],[-121.2707,44.5202],[-121.2621,44.5371],[-121.2682,44.5523],[-121.2743,44.5674],[-121.2804,44.5826],[-121.2865,44.5977],[-121.3065,44.5971],[-121.3266,44.5965],[-121.3466,44.5958],[-121.3666,44.5952],[-121.3867,44.5946],[-121.4067,44.5939],[-121.4267,44.5933],[-121.4468,44.5926]]]},"properties":{"OBJECTID":643,"state":"Oregon","agency":"Oregon Department of Fish and Wildlife","unit_type":"WMU","unit_id":"39","unit_name":"METOLIUS","unit_label":"Oregon WMU 39 - METOLIUS","aliases":"2025 | 39 | 39 metolius | game management unit | game management unit 39 | game management unit 39 metolius | gmu | gmu 39 | gmu 39 metolius | hunt unit | hunt unit 39 | hunt unit 39 metolius | hunting unit | hunting unit 39 | hunting unit 39 metolius |","year":"2025","Shape_Length":196533.55509239985,"Shape_Area":1737520013.14305}},{"type":"Feature","id":644,"geometry":{"type":"Polygon","coordinates":[[[-117.5641,45.5995],[-117.5894,45.6071],[-117.6147,45.6147],[-117.64,45.6223],[-117.6653,45.6299],[-117.6934,45.6256],[-117.7215,45.6213],[-117.7187,45.558],[-117.716,45.4947],[-117.7132,45.4314],[-117.7105,45.3681],[-117.7031,45.349],[-117.6957,45.3299],[-117.6883,45.3108],[-117.681,45.2918],[-117.6736,45.2727],[-117.6662,45.2536],[-117.6589,45.2345],[-117.6515,45.2155],[-117.6327,45.2213],[-117.614,45.2272],[-117.5952,45.2331],[-117.5765,45.2389],[-117.5829,45.2003],[-117.5704,45.1916],[-117.5579,45.1828],[-117.5454,45.1741],[-117.5328,45.1654],[-117.5203,45.1567],[-117.5078,45.1479],[-117.4954,45.1392],[-117.4829,45.1305],[-117.4652,45.1253],[-117.4475,45.1202],[-117.4298,45.115],[-117.4121,45.1098],[-117.3957,45.1138],[-117.3793,45.1178],[-117.363,45.1218],[-117.3465,45.1258],[-117.3301,45.1298],[-117.3137,45.1338],[-117.2973,45.1377],[-117.2809,45.1417],[-117.2669,45.1455],[-117.2588,45.1632],[-117.2507,45.181],[-117.2425,45.1987],[-117.2344,45.2164],[-117.2263,45.2342],[-117.2182,45.2519],[-117.2101,45.2696],[-117.2019,45.2874],[-117.2089,45.3041],[-117.2159,45.3208],[-117.2229,45.3376],[-117.2299,45.3543],[-117.2304,45.3951],[-117.2422,45.403],[-117.2541,45.4108],[-117.2659,45.4186],[-117.2778,45.4264],[-117.3033,45.4321],[-117.3288,45.4377],[-117.3543,45.4434],[-117.3798,45.449],[-117.3913,45.4584],[-117.4028,45.4678],[-117.4143,45.4772],[-117.4258,45.4867],[-117.4373,45.4961],[-117.4488,45.5055],[-117.4603,45.5149],[-117.4718,45.5243],[-117.4834,45.5337],[-117.4949,45.5431],[-117.5064,45.5525],[-117.5179,45.5619],[-117.5294,45.5713],[-117.541,45.5807],[-117.5525,45.5901],[-117.5641,45.5995]]]},"properties":{"OBJECTID":644,"state":"Oregon","agency":"Oregon Department of Fish and Wildlife","unit_type":"WMU","unit_id":"60","unit_name":"MINAM","unit_label":"Oregon WMU 60 - MINAM","aliases":"2025 | 60 | 60 minam | game management unit | game management unit 60 | game management unit 60 minam | gmu | gmu 60 | gmu 60 minam | hunt unit | hunt unit 60 | hunt unit 60 minam | hunting unit | hunting unit 60 | hunting unit 60 minam | minam | oregon","year":"2025","Shape_Length":163128.57142170836,"Shape_Area":1492276876.3853934}},{"type":"Feature","id":645,"geometry":{"type":"Polygon","coordinates":[[[-118.3671,45.7964],[-118.381,45.8061],[-118.395,45.8158],[-118.4089,45.8255],[-118.4229,45.8352],[-118.4445,45.8273],[-118.4661,45.8194],[-118.4876,45.8115],[-118.5092,45.8036],[-118.5291,45.7888],[-118.5489,45.774],[-118.5687,45.7592],[-118.5886,45.7444],[-118.6022,45.7393],[-118.6158,45.7342],[-118.6294,45.7292],[-118.6431,45.7241],[-118.6567,45.719],[-118.6703,45.714],[-118.6839,45.7089],[-118.6976,45.7038],[-118.7112,45.6988],[-118.7248,45.6937],[-118.7384,45.6886],[-118.752,45.6835],[-118.7656,45.6784],[-118.7792,45.6734],[-118.7928,45.6683],[-118.8064,45.6632],[-118.782,45.6611],[-118.7575,45.6589],[-118.7331,45.6568],[-118.7086,45.6546],[-118.6937,45.6456],[-118.6787,45.6366],[-118.6638,45.6276],[-118.6488,45.6186],[-118.6339,45.6095],[-118.6189,45.6005],[-118.604,45.5915],[-118.5891,45.5825],[-118.5664,45.5867],[-118.5438,45.591],[-118.5212,45.5952],[-118.4985,45.5994],[-118.4899,45.5889],[-118.4813,45.5784],[-118.4726,45.5679],[-118.464,45.5573],[-118.4553,45.5468],[-118.4467,45.5363],[-118.4381,45.5258],[-118.4295,45.5152],[-118.4208,45.5047],[-118.4122,45.4942],[-118.4036,45.4837],[-118.395,45.4731],[-118.3864,45.4626],[-118.3777,45.4521],[-118.3691,45.4416],[-118.3605,45.431],[-118.3458,45.4168],[-118.331,45.4026],[-118.3163,45.3884],[-118.3016,45.3741],[-118.2839,45.3661],[-118.2662,45.3581],[-118.2485,45.3501],[-118.2308,45.3421],[-118.2105,45.3483],[-118.1903,45.3544],[-118.1608,45.3488],[-118.1313,45.3432],[-118.1019,45.3375],[-118.0724,45.3319],[-118.0525,45.3419],[-118.0325,45.352],[-118.0126,45.362],[-117.9927,45.372],[-117.9833,45.3961],[-117.9739,45.4202],[-117.9645,45.4443],[-117.955,45.4684],[-117.9456,45.4925],[-117.9362,45.5166],[-117.9268,45.5407],[-117.9173,45.5648],[-117.9339,45.5649],[-117.9504,45.5651],[-117.967,45.5652],[-117.9835,45.5653],[-117.9908,45.579],[-117.9982,45.5927],[-118.0055,45.6064],[-118.0129,45.62],[-118.0202,45.6337],[-118.0276,45.6474],[-118.0349,45.6611],[-118.0423,45.6747],[-118.0334,45.6966],[-118.0245,45.7184],[-118.0405,45.7338],[-118.0564,45.7491],[-118.0724,45.7645],[-118.0884,45.7799],[-118.1058,45.7809],[-118.1232,45.782],[-118.1406,45.783],[-118.158,45.7841],[-118.1755,45.7851],[-118.1929,45.7861],[-118.2103,45.7872],[-118.2277,45.7882],[-118.2451,45.7892],[-118.2626,45.7903],[-118.28,45.7913],[-118.2974,45.7923],[-118.3148,45.7933],[-118.3322,45.7943],[-118.3497,45.7954],[-118.3671,45.7964]]]},"properties":{"OBJECTID":645,"state":"Oregon","agency":"Oregon Department of Fish and Wildlife","unit_type":"WMU","unit_id":"54","unit_name":"MOUNT EMILY","unit_label":"Oregon WMU 54 - MOUNT EMILY","aliases":"2025 | 54 | 54 mount emily | game management unit | game management unit 54 | game management unit 54 mount emily | gmu | gmu 54 | gmu 54 mount emily | hunt unit | hunt unit 54 | hunt unit 54 mount emily | hunting unit | hunting unit 54 | hunting unit 54","year":"2025","Shape_Length":201597.26651876103,"Shape_Area":1994316264.167414}},{"type":"Feature","id":646,"geometry":{"type":"Polygon","coordinates":[[[-118.5804,44.3963],[-118.5968,44.4046],[-118.6131,44.4128],[-118.6295,44.4211],[-118.6459,44.4294],[-118.6622,44.4377],[-118.6786,44.4459],[-118.695,44.4542],[-118.7114,44.4625],[-118.7315,44.4566],[-118.7516,44.4507],[-118.7717,44.4448],[-118.7918,44.4389],[-118.8119,44.433],[-118.832,44.4271],[-118.8521,44.4212],[-118.8722,44.4153],[-118.8935,44.415],[-118.9149,44.4148],[-118.9363,44.4145],[-118.9577,44.4142],[-118.979,44.414],[-119.0004,44.4137],[-119.0218,44.4134],[-119.0432,44.4131],[-119.0645,44.4128],[-119.0859,44.4125],[-119.1073,44.4122],[-119.1286,44.4119],[-119.15,44.4116],[-119.1714,44.4113],[-119.1928,44.411],[-119.2141,44.4107],[-119.2345,44.4173],[-119.255,44.424],[-119.2754,44.4306],[-119.2958,44.4372],[-119.3254,44.4408],[-119.3549,44.4444],[-119.3845,44.4479],[-119.414,44.4515],[-119.4436,44.455],[-119.4732,44.4585],[-119.5027,44.4621],[-119.5323,44.4656],[-119.5403,44.4336],[-119.5482,44.4017],[-119.5562,44.3698],[-119.5642,44.3379],[-119.551,44.3251],[-119.5378,44.3123],[-119.534,44.2779],[-119.5301,44.2435],[-119.5263,44.2091],[-119.5225,44.1747],[-119.5136,44.1598],[-119.5046,44.1449],[-119.4957,44.1299],[-119.4868,44.115],[-119.4724,44.1085],[-119.458,44.102],[-119.4436,44.0954],[-119.4292,44.0889],[-119.4148,44.0824],[-119.4004,44.0758],[-119.386,44.0693],[-119.3716,44.0628],[-119.3541,44.0468],[-119.3367,44.0308],[-119.3193,44.0148],[-119.3019,43.9989],[-119.2932,43.9744],[-119.2845,43.95],[-119.2569,43.9512],[-119.2292,43.9525],[-119.2015,43.9538],[-119.1738,43.955],[-119.1632,43.9673],[-119.1527,43.9796],[-119.1421,43.9919],[-119.1315,44.0042],[-119.1209,44.0165],[-119.1103,44.0288],[-119.0997,44.0411],[-119.0892,44.0534],[-119.0596,44.058],[-119.03,44.0626],[-119.0005,44.0672],[-118.9709,44.0718],[-118.9723,44.1339],[-118.9437,44.1401],[-118.9152,44.1462],[-118.8866,44.1524],[-118.858,44.1585],[-118.8295,44.1647],[-118.8009,44.1708],[-118.7723,44.1769],[-118.7437,44.183],[-118.7247,44.1769],[-118.7057,44.1709],[-118.6873,44.1723],[-118.6688,44.1738],[-118.6504,44.1752],[-118.632,44.1767],[-118.6135,44.1781],[-118.5951,44.1796],[-118.5767,44.181],[-118.5582,44.1824],[-118.5362,44.1935],[-118.5142,44.2045],[-118.5225,44.2285],[-118.5307,44.2524],[-118.539,44.2764],[-118.5473,44.3004],[-118.5556,44.3243],[-118.5638,44.3483],[-118.5721,44.3723],[-118.5804,44.3963]]]},"properties":{"OBJECTID":646,"state":"Oregon","agency":"Oregon Department of Fish and Wildlife","unit_type":"WMU","unit_id":"46","unit_name":"MURDERERS CREEK","unit_label":"Oregon WMU 46 - MURDERERS CREEK","aliases":"2025 | 46 | 46 murderers creek | game management unit | game management unit 46 | game management unit 46 murderers creek | gmu | gmu 46 | gmu 46 murderers creek | hunt unit | hunt unit 46 | hunt unit 46 murderers creek | hunting unit | hunting unit 46 |","year":"2025","Shape_Length":244883.2887457663,"Shape_Area":2953786428.907366}},{"type":"Feature","id":647,"geometry":{"type":"Polygon","coordinates":[[[-119.0308,44.8364],[-119.0449,44.8252],[-119.059,44.8141],[-119.0731,44.8029],[-119.0872,44.7917],[-119.0914,44.7722],[-119.0955,44.7527],[-119.0997,44.7332],[-119.1038,44.7138],[-119.1282,44.7247],[-119.1525,44.7357],[-119.176,44.7365],[-119.1994,44.7372],[-119.2228,44.738],[-119.2463,44.7388],[-119.2697,44.7395],[-119.2932,44.7403],[-119.3166,44.741],[-119.34,44.7418],[-119.3496,44.7511],[-119.3592,44.7604],[-119.3688,44.7697],[-119.3784,44.779],[-119.388,44.7883],[-119.3976,44.7977],[-119.4072,44.807],[-119.4169,44.8163],[-119.4169,44.8163],[-119.4418,44.8139],[-119.4667,44.8115],[-119.4916,44.8091],[-119.5165,44.8067],[-119.5318,44.8003],[-119.5471,44.794],[-119.5624,44.7877],[-119.5777,44.7813],[-119.5929,44.775],[-119.6082,44.7686],[-119.6235,44.7623],[-119.6388,44.7559],[-119.6421,44.7343],[-119.6454,44.7127],[-119.6487,44.6911],[-119.652,44.6695],[-119.6474,44.634],[-119.6427,44.5986],[-119.6381,44.5632],[-119.6334,44.5278],[-119.6208,44.52],[-119.6081,44.5122],[-119.5955,44.5045],[-119.5828,44.4967],[-119.5702,44.4889],[-119.5576,44.4811],[-119.5449,44.4734],[-119.5323,44.4656],[-119.5027,44.4621],[-119.4732,44.4585],[-119.4436,44.455],[-119.414,44.4515],[-119.3845,44.4479],[-119.3549,44.4444],[-119.3254,44.4408],[-119.2958,44.4372],[-119.2754,44.4306],[-119.255,44.424],[-119.2345,44.4173],[-119.2141,44.4107],[-119.1928,44.411],[-119.1714,44.4113],[-119.15,44.4116],[-119.1286,44.4119],[-119.1073,44.4122],[-119.0859,44.4125],[-119.0645,44.4128],[-119.0432,44.4131],[-119.0218,44.4134],[-119.0004,44.4137],[-118.979,44.414],[-118.9577,44.4142],[-118.9363,44.4145],[-118.9149,44.4148],[-118.8935,44.415],[-118.8722,44.4153],[-118.8521,44.4212],[-118.832,44.4271],[-118.8119,44.433],[-118.7918,44.4389],[-118.7717,44.4448],[-118.7516,44.4507],[-118.7315,44.4566],[-118.7114,44.4625],[-118.6892,44.4627],[-118.6669,44.463],[-118.6516,44.4812],[-118.6363,44.4995],[-118.6209,44.5178],[-118.6056,44.5361],[-118.5794,44.5455],[-118.5533,44.5549],[-118.5271,44.5643],[-118.5009,44.5737],[-118.5046,44.5883],[-118.5234,44.5955],[-118.5423,44.6027],[-118.5611,44.6099],[-118.5799,44.6171],[-118.5988,44.6243],[-118.6177,44.6315],[-118.6365,44.6386],[-118.6554,44.6458],[-118.6743,44.653],[-118.6931,44.6602],[-118.712,44.6673],[-118.7309,44.6745],[-118.7498,44.6817],[-118.7687,44.6888],[-118.7876,44.696],[-118.8065,44.7032],[-118.8196,44.715],[-118.8327,44.7269],[-118.8459,44.7387],[-118.8591,44.7505],[-118.8722,44.7624],[-118.8854,44.7742],[-118.8986,44.7861],[-118.9118,44.7979],[-118.9335,44.7961],[-118.9552,44.7943],[-118.9741,44.8048],[-118.993,44.8154],[-119.0119,44.8259],[-119.0308,44.8364]]]},"properties":{"OBJECTID":647,"state":"Oregon","agency":"Oregon Department of Fish and Wildlife","unit_type":"WMU","unit_id":"47","unit_name":"NORTHSIDE","unit_label":"Oregon WMU 47 - NORTHSIDE","aliases":"2025 | 47 | 47 northside | game management unit | game management unit 47 | game management unit 47 northside | gmu | gmu 47 | gmu 47 northside | hunt unit | hunt unit 47 | hunt unit 47 northside | hunting unit | hunting unit 47 | hunting unit 47 northsi","year":"2025","Shape_Length":243093.97672298455,"Shape_Area":2879742835.5039673}},{"type":"Feature","id":648,"geometry":{"type":"Polygon","coordinates":[[[-120.0916,44.5692],[-120.1071,44.5728],[-120.1226,44.5764],[-120.1381,44.58],[-120.1536,44.5836],[-120.1691,44.5872],[-120.1847,44.5908],[-120.2002,44.5944],[-120.2157,44.598],[-120.2337,44.5913],[-120.2517,44.5845],[-120.2696,44.5778],[-120.2876,44.571],[-120.3056,44.5642],[-120.3236,44.5575],[-120.3415,44.5507],[-120.3595,44.5439],[-120.3721,44.5268],[-120.3847,44.5098],[-120.3973,44.4927],[-120.4098,44.4756],[-120.4229,44.4697],[-120.4359,44.4638],[-120.449,44.458],[-120.462,44.4521],[-120.4731,44.4389],[-120.4842,44.4258],[-120.4952,44.4127],[-120.5063,44.3995],[-120.5174,44.3864],[-120.5285,44.3732],[-120.5395,44.3601],[-120.5506,44.3469],[-120.5716,44.336],[-120.5927,44.3251],[-120.6137,44.3142],[-120.6348,44.3033],[-120.6613,44.3033],[-120.6879,44.3032],[-120.7144,44.3032],[-120.7409,44.3031],[-120.7675,44.3031],[-120.794,44.303],[-120.8206,44.303],[-120.8471,44.3029],[-120.8549,44.2763],[-120.8627,44.2497],[-120.8705,44.223],[-120.8783,44.1964],[-120.8669,44.1859],[-120.8555,44.1753],[-120.8441,44.1648],[-120.8327,44.1543],[-120.8214,44.1437],[-120.81,44.1332],[-120.7987,44.1226],[-120.7873,44.1121],[-120.7678,44.1203],[-120.7484,44.1284],[-120.7289,44.1366],[-120.7094,44.1448],[-120.6899,44.153],[-120.6704,44.1611],[-120.651,44.1693],[-120.6315,44.1774],[-120.6012,44.1767],[-120.571,44.1759],[-120.5407,44.1751],[-120.5104,44.1743],[-120.4987,44.1639],[-120.4869,44.1535],[-120.4604,44.149],[-120.434,44.1444],[-120.4075,44.1398],[-120.3811,44.1352],[-120.3546,44.1306],[-120.3282,44.126],[-120.3018,44.1214],[-120.2754,44.1168],[-120.2576,44.1179],[-120.2399,44.119],[-120.2221,44.1201],[-120.2044,44.1212],[-120.1867,44.1223],[-120.1689,44.1234],[-120.1512,44.1244],[-120.1334,44.1255],[-120.1158,44.1157],[-120.0982,44.1058],[-120.0806,44.096],[-120.063,44.0861],[-120.0499,44.0921],[-120.0368,44.098],[-120.0237,44.104],[-120.0106,44.1099],[-119.9975,44.1158],[-119.9844,44.1218],[-119.9712,44.1277],[-119.9581,44.1336],[-119.9418,44.1358],[-119.9255,44.138],[-119.9092,44.1403],[-119.8929,44.1425],[-119.8827,44.1343],[-119.8725,44.1261],[-119.8623,44.1179],[-119.8521,44.1096],[-119.8419,44.1014],[-119.8317,44.0932],[-119.8215,44.085],[-119.8113,44.0768],[-119.7954,44.0777],[-119.7796,44.0786],[-119.7637,44.0794],[-119.7478,44.0803],[-119.7319,44.0812],[-119.716,44.082],[-119.7002,44.0829],[-119.6843,44.0838],[-119.6612,44.075],[-119.638,44.0663],[-119.6191,44.0724],[-119.6003,44.0785],[-119.5814,44.0846],[-119.5625,44.0907],[-119.5436,44.0968],[-119.5246,44.1028],[-119.5057,44.1089],[-119.4868,44.115],[-119.4957,44.1299],[-119.5046,44.1449],[-119.5136,44.1598],[-119.5225,44.1747],[-119.5263,44.2091],[-119.5301,44.2435],[-119.534,44.2779],[-119.5378,44.3123],[-119.551,44.3251],[-119.5642,44.3379],[-119.5562,44.3698],[-119.5482,44.4017],[-119.5403,44.4336],[-119.5323,44.4656],[-119.5449,44.4734],[-119.5576,44.4811],[-119.5702,44.4889],[-119.5828,44.4967],[-119.5955,44.5045],[-119.6081,44.5122],[-119.6208,44.52],[-119.6334,44.5278],[-119.6443,44.5211],[-119.6551,44.5144],[-119.6813,44.5197],[-119.7075,44.5251],[-119.7336,44.5304],[-119.7598,44.5357],[-119.786,44.5411],[-119.8122,44.5464],[-119.8384,44.5517],[-119.8646,44.557],[-119.8743,44.5421],[-119.884,44.5272],[-119.9043,44.5249],[-119.9246,44.5225],[-119.9448,44.5202],[-119.9651,44.5178],[-119.9809,44.5243],[-119.9967,44.5307],[-120.0125,44.5371],[-120.0283,44.5435],[-120.0441,44.5499],[-120.0599,44.5563],[-120.0758,44.5628],[-120.0916,44.5692]]]},"properties":{"OBJECTID":648,"state":"Oregon","agency":"Oregon Department of Fish and Wildlife","unit_type":"WMU","unit_id":"37","unit_name":"OCHOCO","unit_label":"Oregon WMU 37 - OCHOCO","aliases":"2025 | 37 | 37 ochoco | game management unit | game management unit 37 | game management unit 37 ochoco | gmu | gmu 37 | gmu 37 ochoco | hunt unit | hunt unit 37 | hunt unit 37 ochoco | hunting unit | hunting unit 37 | hunting unit 37 ochoco | ochoco | o","year":"2025","Shape_Length":307517.60559644696,"Shape_Area":4144880265.216549}},{"type":"Feature","id":649,"geometry":{"type":"Polygon","coordinates":[[[-118.1277,43.1253],[-118.1419,43.1072],[-118.156,43.0891],[-118.1701,43.071],[-118.1843,43.0529],[-118.172,43.0468],[-118.1597,43.0407],[-118.1474,43.0346],[-118.1351,43.0284],[-118.1228,43.0223],[-118.1105,43.0162],[-118.0982,43.0101],[-118.0859,43.004],[-118.0715,42.99],[-118.0571,42.9759],[-118.0427,42.9619],[-118.0282,42.9479],[-118.0138,42.9339],[-117.9994,42.9198],[-117.985,42.9058],[-117.9706,42.8918],[-117.9562,42.8777],[-117.9419,42.8637],[-117.9275,42.8497],[-117.9131,42.8356],[-117.8988,42.8216],[-117.8844,42.8075],[-117.87,42.7935],[-117.8557,42.7794],[-117.8254,42.7784],[-117.795,42.7774],[-117.7731,42.7872],[-117.7513,42.797],[-117.7294,42.8068],[-117.7075,42.8166],[-117.6824,42.824],[-117.6573,42.8315],[-117.6322,42.8389],[-117.6071,42.8463],[-117.582,42.8537],[-117.5569,42.8612],[-117.5317,42.8686],[-117.5066,42.876],[-117.479,42.8765],[-117.4513,42.8771],[-117.4236,42.8776],[-117.3959,42.8781],[-117.3799,42.8823],[-117.3639,42.8865],[-117.3479,42.8906],[-117.3319,42.8948],[-117.3159,42.899],[-117.2999,42.9031],[-117.2838,42.9073],[-117.2678,42.9114],[-117.2532,42.921],[-117.2385,42.9305],[-117.2238,42.94],[-117.2092,42.9495],[-117.1945,42.9591],[-117.1798,42.9686],[-117.1651,42.9781],[-117.1504,42.9876],[-117.1354,42.9853],[-117.1203,42.9829],[-117.1053,42.9806],[-117.0902,42.9783],[-117.0751,42.9759],[-117.0601,42.9736],[-117.045,42.9712],[-117.03,42.9689],[-117.0265,42.9764],[-117.0265,42.9964],[-117.0267,43.1579],[-117.0267,43.1678],[-117.0267,43.2549],[-117.0267,43.2622],[-117.0268,43.3061],[-117.0268,43.3156],[-117.0266,43.429],[-117.0266,43.4312],[-117.0265,43.4506],[-117.0266,43.4559],[-117.0267,43.5183],[-117.0267,43.5219],[-117.0268,43.5917],[-117.0268,43.5924],[-117.0268,43.6179],[-117.0268,43.6187],[-117.0284,43.6714],[-117.0301,43.7241],[-117.0318,43.7768],[-117.0334,43.8295],[-117.0318,43.8361],[-117.0201,43.8463],[-117.0084,43.8565],[-116.9967,43.8667],[-116.9849,43.8769],[-117.0062,43.8842],[-117.0059,43.9887],[-117.0217,43.988],[-117.0374,43.9874],[-117.0532,43.9867],[-117.069,43.9861],[-117.0847,43.9854],[-117.1005,43.9847],[-117.1163,43.9841],[-117.1321,43.9834],[-117.1478,43.9827],[-117.1636,43.9821],[-117.1794,43.9814],[-117.1951,43.9807],[-117.2109,43.9801],[-117.2267,43.9794],[-117.2424,43.9787],[-117.2582,43.978],[-117.2713,43.9679],[-117.2845,43.9578],[-117.2976,43.9477],[-117.3107,43.9375],[-117.3407,43.9386],[-117.3707,43.9396],[-117.3925,43.9269],[-117.4144,43.9143],[-117.4362,43.9017],[-117.458,43.8891],[-117.4765,43.8849],[-117.495,43.8806],[-117.5134,43.8764],[-117.5319,43.8722],[-117.5503,43.868],[-117.5688,43.8637],[-117.5872,43.8595],[-117.6057,43.8553],[-117.6126,43.8381],[-117.6195,43.821],[-117.6264,43.8039],[-117.6333,43.7867],[-117.6419,43.7773],[-117.6504,43.7678],[-117.6589,43.7583],[-117.6675,43.7488],[-117.676,43.7394],[-117.6845,43.7299],[-117.6931,43.7204],[-117.7016,43.7109],[-117.6953,43.6937],[-117.6889,43.6765],[-117.6826,43.6593],[-117.6763,43.6421],[-117.6893,43.6307],[-117.7023,43.6192],[-117.7153,43.6078],[-117.7283,43.5964],[-117.7413,43.5849],[-117.7543,43.5735],[-117.7673,43.562],[-117.7803,43.5506],[-117.7842,43.5276],[-117.788,43.5047],[-117.7918,43.4817],[-117.7956,43.4588],[-117.7813,43.4398],[-117.7669,43.4208],[-117.7526,43.4017],[-117.7383,43.3827],[-117.7578,43.3712],[-117.7773,43.3596],[-117.7838,43.3416],[-117.7904,43.3237],[-117.7969,43.3057],[-117.8034,43.2877],[-117.8314,43.2887],[-117.8594,43.2897],[-117.8874,43.2907],[-117.9155,43.2916],[-117.9204,43.2625],[-117.9253,43.2333],[-117.9407,43.2299],[-117.9561,43.2264],[-117.9715,43.2229],[-117.9868,43.2194],[-118.0022,43.2158],[-118.0176,43.2123],[-118.033,43.2088],[-118.0484,43.2053],[-118.0537,43.192],[-118.059,43.1786],[-118.0643,43.1652],[-118.0696,43.1519],[-118.0842,43.1452],[-118.0987,43.1386],[-118.1132,43.1319],[-118.1277,43.1253]]]},"properties":{"OBJECTID":649,"state":"Oregon","agency":"Oregon Department of Fish and Wildlife","unit_type":"WMU","unit_id":"67","unit_name":"OWYHEE","unit_label":"Oregon WMU 67 - OWYHEE","aliases":"2025 | 67 | 67 owyhee | game management unit | game management unit 67 | game management unit 67 owyhee | gmu | gmu 67 | gmu 67 owyhee | hunt unit | hunt unit 67 | hunt unit 67 owyhee | hunting unit | hunting unit 67 | hunting unit 67 owyhee | oregon | o","year":"2025","Shape_Length":402213.56746047904,"Shape_Area":7830640278.107243}},{"type":"Feature","id":650,"geometry":{"type":"Polygon","coordinates":[[[-120.8471,44.3029],[-120.8595,44.296],[-120.8719,44.289],[-120.8842,44.2821],[-120.8966,44.2752],[-120.909,44.2683],[-120.9213,44.2613],[-120.9337,44.2544],[-120.9461,44.2475],[-120.9707,44.2475],[-120.9954,44.2476],[-121.0201,44.2476],[-121.0448,44.2477],[-121.061,44.2504],[-121.0771,44.2532],[-121.0933,44.2559],[-121.1095,44.2587],[-121.1257,44.2614],[-121.1419,44.2641],[-121.1581,44.2669],[-121.1743,44.2696],[-121.1824,44.2588],[-121.1905,44.248],[-121.1985,44.2372],[-121.2066,44.2264],[-121.2147,44.2156],[-121.2228,44.2048],[-121.2308,44.194],[-121.2389,44.1831],[-121.247,44.1723],[-121.255,44.1615],[-121.2631,44.1507],[-121.2711,44.1399],[-121.2792,44.1291],[-121.2872,44.1183],[-121.2953,44.1075],[-121.3033,44.0967],[-121.3025,44.0433],[-121.3129,44.0273],[-121.3233,44.0113],[-121.3338,43.9953],[-121.3442,43.9793],[-121.3484,43.9451],[-121.3526,43.9109],[-121.363,43.9032],[-121.3734,43.8955],[-121.3838,43.8878],[-121.3942,43.8801],[-121.4047,43.8578],[-121.4152,43.8356],[-121.4256,43.8133],[-121.4361,43.791],[-121.4466,43.7687],[-121.457,43.7464],[-121.4675,43.7242],[-121.4779,43.7019],[-121.4857,43.6923],[-121.4936,43.6828],[-121.5014,43.6732],[-121.5092,43.6636],[-121.5171,43.6541],[-121.5249,43.6445],[-121.5327,43.635],[-121.5406,43.6254],[-121.5484,43.6158],[-121.5562,43.6063],[-121.564,43.5967],[-121.5719,43.5872],[-121.5797,43.5776],[-121.5875,43.568],[-121.5953,43.5585],[-121.6031,43.5489],[-121.6219,43.5345],[-121.6407,43.5201],[-121.6595,43.5058],[-121.6782,43.4914],[-121.6544,43.4977],[-121.6306,43.5041],[-121.6159,43.4976],[-121.6012,43.4912],[-121.5865,43.4847],[-121.5718,43.4783],[-121.5571,43.4718],[-121.5424,43.4654],[-121.5277,43.4589],[-121.513,43.4525],[-121.4918,43.4512],[-121.4705,43.45],[-121.4493,43.4488],[-121.4281,43.4476],[-121.4281,43.4476],[-121.4108,43.4465],[-121.3935,43.4455],[-121.3762,43.4445],[-121.3589,43.4435],[-121.3417,43.4424],[-121.3244,43.4414],[-121.3071,43.4404],[-121.2898,43.4393],[-121.2757,43.4285],[-121.2616,43.4177],[-121.2475,43.4068],[-121.2333,43.396],[-121.2192,43.3851],[-121.2051,43.3743],[-121.191,43.3635],[-121.177,43.3526],[-121.1472,43.3531],[-121.1174,43.3535],[-121.0876,43.3539],[-121.0578,43.3544],[-121.028,43.3548],[-120.9983,43.3552],[-120.9685,43.3556],[-120.9387,43.356],[-120.9383,43.2647],[-120.9185,43.2502],[-120.8987,43.2357],[-120.8715,43.236],[-120.8443,43.2363],[-120.8171,43.2365],[-120.7899,43.2368],[-120.7627,43.2371],[-120.7354,43.2373],[-120.7082,43.2376],[-120.681,43.2379],[-120.6612,43.2378],[-120.6413,43.2377],[-120.6404,43.3072],[-120.6293,43.3193],[-120.6181,43.3314],[-120.607,43.3435],[-120.5958,43.3556],[-120.5961,43.441],[-120.6134,43.4527],[-120.6306,43.4645],[-120.6479,43.4762],[-120.6652,43.4879],[-120.6633,43.5492],[-120.6736,43.5636],[-120.6839,43.578],[-120.6942,43.5924],[-120.7045,43.6068],[-120.7093,43.6272],[-120.7141,43.6475],[-120.719,43.6679],[-120.7238,43.6882],[-120.7327,43.6997],[-120.7417,43.7111],[-120.7506,43.7226],[-120.7596,43.734],[-120.7686,43.7455],[-120.7775,43.7569],[-120.7865,43.7684],[-120.7955,43.7799],[-120.8044,43.7913],[-120.8134,43.8028],[-120.8224,43.8142],[-120.8314,43.8257],[-120.8404,43.8371],[-120.8494,43.8486],[-120.8584,43.86],[-120.8673,43.8715],[-120.8507,43.8688],[-120.8341,43.8661],[-120.8175,43.8633],[-120.8009,43.8606],[-120.7843,43.8579],[-120.7677,43.8551],[-120.7511,43.8524],[-120.7345,43.8497],[-120.7404,43.8736],[-120.7462,43.8975],[-120.7521,43.9215],[-120.758,43.9454],[-120.746,43.9547],[-120.7341,43.9639],[-120.7221,43.9732],[-120.7102,43.9825],[-120.7076,44.0142],[-120.705,44.0458],[-120.7233,44.048],[-120.7416,44.0501],[-120.7599,44.0522],[-120.7783,44.0544],[-120.7828,44.0832],[-120.7873,44.1121],[-120.7987,44.1226],[-120.81,44.1332],[-120.8214,44.1437],[-120.8327,44.1543],[-120.8441,44.1648],[-120.8555,44.1753],[-120.8669,44.1859],[-120.8783,44.1964],[-120.8705,44.223],[-120.8627,44.2497],[-120.8549,44.2763],[-120.8471,44.3029]]]},"properties":{"OBJECTID":650,"state":"Oregon","agency":"Oregon Department of Fish and Wildlife","unit_type":"WMU","unit_id":"35","unit_name":"PAULINA","unit_label":"Oregon WMU 35 - PAULINA","aliases":"2025 | 35 | 35 paulina | game management unit | game management unit 35 | game management unit 35 paulina | gmu | gmu 35 | gmu 35 paulina | hunt unit | hunt unit 35 | hunt unit 35 paulina | hunting unit | hunting unit 35 | hunting unit 35 paulina | orego","year":"2025","Shape_Length":376522.34906480386,"Shape_Area":5623564362.229038}},{"type":"Feature","id":651,"geometry":{"type":"Polygon","coordinates":[[[-116.7137,45.1991],[-116.7342,45.193],[-116.7547,45.187],[-116.7752,45.181],[-116.7957,45.1749],[-116.8162,45.1689],[-116.8367,45.1628],[-116.8571,45.1567],[-116.8776,45.1507],[-116.8881,45.1394],[-116.8986,45.1282],[-116.9091,45.1169],[-116.9196,45.1057],[-116.9359,45.1047],[-116.9522,45.1037],[-116.9685,45.1028],[-116.9847,45.1018],[-117.001,45.1008],[-117.0173,45.0998],[-117.0336,45.0988],[-117.0499,45.0978],[-117.0714,45.1021],[-117.0928,45.1064],[-117.1143,45.1106],[-117.1357,45.1149],[-117.154,45.111],[-117.1722,45.1071],[-117.1905,45.1033],[-117.2087,45.0994],[-117.2233,45.1109],[-117.2378,45.1225],[-117.2523,45.134],[-117.2669,45.1455],[-117.2809,45.1417],[-117.2861,45.1057],[-117.2913,45.0696],[-117.2639,45.0696],[-117.2365,45.0695],[-117.2092,45.0694],[-117.1818,45.0694],[-117.1861,45.0468],[-117.1903,45.0243],[-117.1917,45.0241],[-117.1919,45.024],[-117.1924,45.0239],[-117.1851,44.9997],[-117.1779,44.9754],[-117.1706,44.9512],[-117.1634,44.927],[-117.1459,44.9131],[-117.1284,44.8991],[-117.1109,44.8852],[-117.0935,44.8713],[-117.0821,44.8523],[-117.0707,44.8333],[-117.0593,44.8144],[-117.0479,44.7954],[-117.0601,44.7814],[-117.0724,44.7674],[-117.0605,44.756],[-117.0485,44.7446],[-117.023,44.7539],[-116.9975,44.7632],[-116.9719,44.7725],[-116.9463,44.7818],[-116.9344,44.8002],[-116.9225,44.8185],[-116.9105,44.8369],[-116.8986,44.8552],[-116.8832,44.8626],[-116.8678,44.87],[-116.8588,44.8964],[-116.8498,44.9227],[-116.8408,44.949],[-116.8317,44.9754],[-116.8306,44.9771],[-116.8306,44.9771],[-116.8303,44.9773],[-116.8267,44.9825],[-116.8268,44.9833],[-116.8427,44.9838],[-116.8586,44.9844],[-116.8531,45.0044],[-116.8475,45.0245],[-116.8332,45.039],[-116.8188,45.0536],[-116.8044,45.0681],[-116.7901,45.0827],[-116.7757,45.0972],[-116.7613,45.1118],[-116.7469,45.1263],[-116.7325,45.1408],[-116.7278,45.1554],[-116.7231,45.17],[-116.7184,45.1845],[-116.7137,45.1991]]]},"properties":{"OBJECTID":651,"state":"Oregon","agency":"Oregon Department of Fish and Wildlife","unit_type":"WMU","unit_id":"62","unit_name":"PINE CREEK","unit_label":"Oregon WMU 62 - PINE CREEK","aliases":"2025 | 62 | 62 pine creek | game management unit | game management unit 62 | game management unit 62 pine creek | gmu | gmu 62 | gmu 62 pine creek | hunt unit | hunt unit 62 | hunt unit 62 pine creek | hunting unit | hunting unit 62 | hunting unit 62 pin","year":"2025","Shape_Length":172060.0951590939,"Shape_Area":962859980.9431837}},{"type":"Feature","id":652,"geometry":{"type":"Polygon","coordinates":[[[-121.9754,43.5746],[-121.9901,43.5803],[-122.0048,43.5861],[-122.0195,43.5918],[-122.0342,43.5976],[-122.0465,43.5918],[-122.0589,43.586],[-122.0712,43.5802],[-122.0836,43.5744],[-122.096,43.5686],[-122.1083,43.5628],[-122.1206,43.557],[-122.133,43.5512],[-122.1265,43.5393],[-122.12,43.5274],[-122.1199,43.5271],[-122.12,43.5219],[-122.1201,43.5218],[-122.1243,43.5212],[-122.1246,43.5214],[-122.1364,43.5114],[-122.137,43.5095],[-122.1374,43.5086],[-122.1378,43.5083],[-122.1425,43.5046],[-122.1444,43.5035],[-122.1289,43.4854],[-122.1134,43.4673],[-122.098,43.4492],[-122.0826,43.4311],[-122.0671,43.413],[-122.0517,43.3949],[-122.0363,43.3768],[-122.0209,43.3586],[-122.0134,43.3324],[-122.0059,43.3061],[-121.9984,43.2798],[-121.9909,43.2536],[-122.006,43.2401],[-122.0212,43.2266],[-122.0363,43.2131],[-122.0514,43.1996],[-122.0564,43.1858],[-122.0614,43.1719],[-122.0664,43.1581],[-122.0714,43.1443],[-122.0764,43.1305],[-122.0814,43.1166],[-122.0864,43.1028],[-122.0914,43.089],[-122.0914,43.0889],[-122.0697,43.0886],[-122.048,43.0883],[-122.0263,43.0881],[-122.0046,43.0878],[-122.0022,43.0367],[-121.9997,42.9857],[-121.9913,42.9696],[-121.9829,42.9536],[-121.9745,42.9376],[-121.9661,42.9216],[-121.983,42.9075],[-121.9998,42.8933],[-121.9914,42.8813],[-121.9829,42.8693],[-121.9745,42.8573],[-121.9661,42.8452],[-121.9469,42.8486],[-121.9277,42.852],[-121.9085,42.8554],[-121.8893,42.8588],[-121.8701,42.8621],[-121.8508,42.8655],[-121.8316,42.8689],[-121.8124,42.8722],[-121.7932,42.8756],[-121.7739,42.879],[-121.7547,42.8823],[-121.7355,42.8857],[-121.7162,42.889],[-121.697,42.8924],[-121.6778,42.8957],[-121.6585,42.8991],[-121.6616,42.9652],[-121.6408,42.9652],[-121.62,42.9652],[-121.5993,42.9653],[-121.5785,42.9653],[-121.5665,42.9778],[-121.5545,42.9903],[-121.5424,43.0028],[-121.5304,43.0153],[-121.5184,43.0278],[-121.5063,43.0402],[-121.4943,43.0527],[-121.4823,43.0652],[-121.4608,43.0758],[-121.4393,43.0865],[-121.4178,43.0971],[-121.3962,43.1077],[-121.3659,43.1077],[-121.3355,43.1076],[-121.3051,43.1075],[-121.2748,43.1074],[-121.2568,43.1115],[-121.2388,43.1155],[-121.2208,43.1195],[-121.2029,43.1236],[-121.1849,43.1276],[-121.1669,43.1316],[-121.1489,43.1356],[-121.1309,43.1397],[-121.1144,43.1368],[-121.0978,43.1339],[-121.0813,43.131],[-121.0647,43.1281],[-121.0451,43.1284],[-121.0254,43.1288],[-121.0058,43.1292],[-120.9862,43.1295],[-120.9665,43.1299],[-120.9469,43.1302],[-120.9273,43.1306],[-120.9076,43.1309],[-120.8847,43.1229],[-120.8618,43.1149],[-120.8491,43.122],[-120.8364,43.1291],[-120.8237,43.1362],[-120.811,43.1432],[-120.7984,43.1503],[-120.7857,43.1574],[-120.773,43.1645],[-120.7603,43.1716],[-120.7405,43.1771],[-120.7208,43.1827],[-120.701,43.1882],[-120.6812,43.1938],[-120.681,43.2379],[-120.7082,43.2376],[-120.7354,43.2373],[-120.7627,43.2371],[-120.7899,43.2368],[-120.8171,43.2365],[-120.8443,43.2363],[-120.8715,43.236],[-120.8987,43.2357],[-120.9185,43.2502],[-120.9383,43.2647],[-120.9387,43.356],[-120.9685,43.3556],[-120.9983,43.3552],[-121.028,43.3548],[-121.0578,43.3544],[-121.0876,43.3539],[-121.1174,43.3535],[-121.1472,43.3531],[-121.177,43.3526],[-121.191,43.3635],[-121.2051,43.3743],[-121.2192,43.3851],[-121.2333,43.396],[-121.2475,43.4068],[-121.2616,43.4177],[-121.2757,43.4285],[-121.2898,43.4393],[-121.3071,43.4404],[-121.3244,43.4414],[-121.3417,43.4424],[-121.3589,43.4435],[-121.3762,43.4445],[-121.3935,43.4455],[-121.4108,43.4465],[-121.4281,43.4476],[-121.4281,43.4476],[-121.4493,43.4488],[-121.4705,43.45],[-121.4918,43.4512],[-121.513,43.4525],[-121.5277,43.4589],[-121.5424,43.4654],[-121.5571,43.4718],[-121.5718,43.4783],[-121.5865,43.4847],[-121.6012,43.4912],[-121.6159,43.4976],[-121.6306,43.5041],[-121.6544,43.4977],[-121.6782,43.4914],[-121.6899,43.4782],[-121.7016,43.4651],[-121.7226,43.4652],[-121.7435,43.4653],[-121.7645,43.4653],[-121.7855,43.4654],[-121.7994,43.4732],[-121.8134,43.481],[-121.8274,43.4888],[-121.8414,43.4966],[-121.8563,43.4931],[-121.8713,43.4896],[-121.8862,43.4861],[-121.9012,43.4826],[-121.9105,43.4941],[-121.9197,43.5056],[-121.929,43.5171],[-121.9383,43.5286],[-121.9476,43.5401],[-121.9569,43.5516],[-121.9662,43.5631],[-121.9754,43.5746]]]},"properties":{"OBJECTID":652,"state":"Oregon","agency":"Oregon Department of Fish and Wildlife","unit_type":"WMU","unit_id":"77","unit_name":"FORT ROCK","unit_label":"Oregon WMU 77 - FORT ROCK","aliases":"2025 | 77 | 77 fort rock | fort rock | game management unit | game management unit 77 | game management unit 77 fort rock | gmu | gmu 77 | gmu 77 fort rock | hunt unit | hunt unit 77 | hunt unit 77 fort rock | hunting unit | hunting unit 77 | hunting uni","year":"2025","Shape_Length":368474.64895089366,"Shape_Area":4539001811.022919}},{"type":"Feature","id":653,"geometry":{"type":"Polygon","coordinates":[[[-121.0647,43.1281],[-121.0813,43.131],[-121.0978,43.1339],[-121.1144,43.1368],[-121.1309,43.1397],[-121.1489,43.1356],[-121.1669,43.1316],[-121.1849,43.1276],[-121.2029,43.1236],[-121.2208,43.1195],[-121.2388,43.1155],[-121.2568,43.1115],[-121.2748,43.1074],[-121.3051,43.1075],[-121.3355,43.1076],[-121.3659,43.1077],[-121.3962,43.1077],[-121.4178,43.0971],[-121.4393,43.0865],[-121.4608,43.0758],[-121.4823,43.0652],[-121.4943,43.0527],[-121.5063,43.0402],[-121.5184,43.0278],[-121.5304,43.0153],[-121.5424,43.0028],[-121.5545,42.9903],[-121.5665,42.9778],[-121.5785,42.9653],[-121.5555,42.9734],[-121.5324,42.9814],[-121.521,42.9745],[-121.5095,42.9677],[-121.4981,42.9608],[-121.4867,42.9539],[-121.4812,42.9251],[-121.4757,42.8964],[-121.4702,42.8676],[-121.4647,42.8388],[-121.4571,42.8202],[-121.4495,42.8016],[-121.442,42.783],[-121.4344,42.7644],[-121.4269,42.7458],[-121.4193,42.7272],[-121.4117,42.7086],[-121.4042,42.69],[-121.3924,42.6818],[-121.3806,42.6736],[-121.3688,42.6654],[-121.357,42.6572],[-121.3345,42.6667],[-121.3119,42.6762],[-121.2894,42.6857],[-121.2668,42.6952],[-121.2501,42.6944],[-121.2334,42.6937],[-121.2166,42.693],[-121.1999,42.6923],[-121.1862,42.7044],[-121.1724,42.7165],[-121.1586,42.7286],[-121.1448,42.7408],[-121.131,42.7529],[-121.1173,42.765],[-121.1035,42.7771],[-121.0897,42.7892],[-121.0707,42.7859],[-121.0518,42.7825],[-121.0329,42.7792],[-121.014,42.7758],[-121.0083,42.763],[-121.0025,42.7501],[-120.9968,42.7373],[-120.991,42.7245],[-120.9748,42.7176],[-120.9587,42.7107],[-120.9425,42.7038],[-120.9263,42.6969],[-120.9065,42.7055],[-120.8866,42.7141],[-120.8664,42.7092],[-120.8462,42.7043],[-120.8261,42.6994],[-120.8059,42.6945],[-120.7917,42.7051],[-120.7775,42.7157],[-120.7634,42.7263],[-120.7492,42.7369],[-120.7627,42.7484],[-120.7762,42.7599],[-120.7811,42.7788],[-120.786,42.7976],[-120.7908,42.8165],[-120.7957,42.8354],[-120.8006,42.8543],[-120.8055,42.8731],[-120.8104,42.892],[-120.8154,42.9109],[-120.81,42.9238],[-120.8046,42.9367],[-120.7993,42.9496],[-120.7939,42.9626],[-120.7886,42.9755],[-120.7832,42.9884],[-120.7778,43.0013],[-120.7724,43.0142],[-120.7836,43.0268],[-120.7948,43.0394],[-120.8059,43.052],[-120.8171,43.0646],[-120.8282,43.0771],[-120.8394,43.0897],[-120.8506,43.1023],[-120.8618,43.1149],[-120.8847,43.1229],[-120.9076,43.1309],[-120.9273,43.1306],[-120.9469,43.1302],[-120.9665,43.1299],[-120.9862,43.1295],[-121.0058,43.1292],[-121.0254,43.1288],[-121.0451,43.1284],[-121.0647,43.1281]]]},"properties":{"OBJECTID":653,"state":"Oregon","agency":"Oregon Department of Fish and Wildlife","unit_type":"WMU","unit_id":"76","unit_name":"SILVER LAKE","unit_label":"Oregon WMU 76 - SILVER LAKE","aliases":"2025 | 76 | 76 silver lake | game management unit | game management unit 76 | game management unit 76 silver lake | gmu | gmu 76 | gmu 76 silver lake | hunt unit | hunt unit 76 | hunt unit 76 silver lake | hunting unit | hunting unit 76 | hunting unit 76","year":"2025","Shape_Length":220801.65526372855,"Shape_Area":2487554533.5440836}},{"type":"Feature","id":654,"geometry":{"type":"Polygon","coordinates":[[[-119.3716,44.0628],[-119.386,44.0693],[-119.4004,44.0758],[-119.4148,44.0824],[-119.4292,44.0889],[-119.4436,44.0954],[-119.458,44.102],[-119.4724,44.1085],[-119.4868,44.115],[-119.5057,44.1089],[-119.5246,44.1028],[-119.5436,44.0968],[-119.5625,44.0907],[-119.5814,44.0846],[-119.6003,44.0785],[-119.6191,44.0724],[-119.638,44.0663],[-119.6612,44.075],[-119.6843,44.0838],[-119.7002,44.0829],[-119.716,44.082],[-119.7319,44.0812],[-119.7478,44.0803],[-119.7637,44.0794],[-119.7796,44.0786],[-119.7954,44.0777],[-119.8113,44.0768],[-119.8228,44.0649],[-119.8342,44.0531],[-119.8457,44.0412],[-119.8571,44.0293],[-119.86,44.0051],[-119.8629,43.981],[-119.8658,43.9568],[-119.8687,43.9327],[-119.8931,43.9261],[-119.9174,43.9195],[-119.9417,43.9129],[-119.966,43.9063],[-119.9904,43.8997],[-120.0147,43.893],[-120.039,43.8864],[-120.0633,43.8798],[-120.067,43.8514],[-120.0707,43.823],[-120.0744,43.7946],[-120.0782,43.7662],[-120.0665,43.7486],[-120.0549,43.7311],[-120.0579,43.6958],[-120.0609,43.6605],[-120.0638,43.6252],[-120.0668,43.59],[-120.042,43.5901],[-120.0172,43.5903],[-119.9924,43.5905],[-119.9676,43.5906],[-119.9489,43.5823],[-119.9301,43.5739],[-119.9114,43.5655],[-119.8927,43.5572],[-119.8739,43.5488],[-119.8552,43.5404],[-119.8365,43.532],[-119.8178,43.5236],[-119.7925,43.5305],[-119.7671,43.5373],[-119.7507,43.5376],[-119.7343,43.538],[-119.7179,43.5383],[-119.7016,43.5386],[-119.6852,43.5389],[-119.6688,43.5392],[-119.6524,43.5395],[-119.636,43.5398],[-119.6196,43.5401],[-119.6032,43.5404],[-119.5868,43.5407],[-119.5704,43.541],[-119.554,43.5413],[-119.5376,43.5416],[-119.5212,43.5419],[-119.5048,43.5421],[-119.4828,43.5411],[-119.4608,43.5401],[-119.4389,43.539],[-119.4169,43.538],[-119.395,43.537],[-119.373,43.5359],[-119.351,43.5349],[-119.3291,43.5338],[-119.3107,43.5311],[-119.2922,43.5285],[-119.2738,43.5258],[-119.2554,43.5232],[-119.237,43.5205],[-119.2186,43.5178],[-119.2002,43.5152],[-119.1818,43.5125],[-119.1578,43.5158],[-119.1338,43.519],[-119.1098,43.5223],[-119.0858,43.5255],[-119.0779,43.5407],[-119.0701,43.5558],[-119.0622,43.5709],[-119.0544,43.5861],[-119.0427,43.5957],[-119.0311,43.6054],[-119.0194,43.6151],[-119.0077,43.6247],[-119.0051,43.6666],[-119.0026,43.7085],[-119.0,43.7504],[-118.9974,43.7924],[-118.9882,43.8032],[-118.9791,43.814],[-118.9699,43.8248],[-118.9608,43.8356],[-118.9516,43.8464],[-118.9424,43.8573],[-118.9333,43.8681],[-118.9241,43.8789],[-118.9231,43.9952],[-118.935,44.0143],[-118.947,44.0335],[-118.9589,44.0526],[-118.9709,44.0718],[-119.0005,44.0672],[-119.03,44.0626],[-119.0596,44.058],[-119.0892,44.0534],[-119.0997,44.0411],[-119.1103,44.0288],[-119.1209,44.0165],[-119.1315,44.0042],[-119.1421,43.9919],[-119.1527,43.9796],[-119.1632,43.9673],[-119.1738,43.955],[-119.2015,43.9538],[-119.2292,43.9525],[-119.2569,43.9512],[-119.2845,43.95],[-119.2932,43.9744],[-119.3019,43.9989],[-119.3193,44.0148],[-119.3367,44.0308],[-119.3541,44.0468],[-119.3716,44.0628]]]},"properties":{"OBJECTID":654,"state":"Oregon","agency":"Oregon Department of Fish and Wildlife","unit_type":"WMU","unit_id":"72","unit_name":"SILVIES","unit_label":"Oregon WMU 72 - SILVIES","aliases":"2025 | 72 | 72 silvies | game management unit | game management unit 72 | game management unit 72 silvies | gmu | gmu 72 | gmu 72 silvies | hunt unit | hunt unit 72 | hunt unit 72 silvies | hunting unit | hunting unit 72 | hunting unit 72 silvies | orego","year":"2025","Shape_Length":298313.6190477647,"Shape_Area":4678263598.13832}},{"type":"Feature","id":655,"geometry":{"type":"Polygon","coordinates":[[[-116.7133,45.8264],[-116.7244,45.8262],[-116.7252,45.8264],[-116.7414,45.8214],[-116.7577,45.8165],[-116.7579,45.8165],[-116.7611,45.8161],[-116.7615,45.8161],[-116.7646,45.8171],[-116.7537,45.7983],[-116.7428,45.7795],[-116.7544,45.7559],[-116.766,45.7322],[-116.7776,45.7086],[-116.7892,45.6849],[-116.8037,45.6723],[-116.8181,45.6597],[-116.8326,45.6472],[-116.847,45.6346],[-116.8405,45.597],[-116.8339,45.5594],[-116.8281,45.5462],[-116.8224,45.5331],[-116.8166,45.52],[-116.8109,45.5069],[-116.8051,45.4937],[-116.7993,45.4806],[-116.7936,45.4675],[-116.7878,45.4543],[-116.7912,45.4292],[-116.7945,45.404],[-116.7978,45.3788],[-116.8012,45.3536],[-116.8045,45.3284],[-116.8078,45.3032],[-116.8111,45.278],[-116.8144,45.2529],[-116.8273,45.2416],[-116.8402,45.2304],[-116.8531,45.2191],[-116.866,45.2079],[-116.8718,45.1793],[-116.8776,45.1507],[-116.8571,45.1567],[-116.8367,45.1628],[-116.8162,45.1689],[-116.7957,45.1749],[-116.7752,45.181],[-116.7547,45.187],[-116.7342,45.193],[-116.7137,45.1991],[-116.7034,45.2227],[-116.6931,45.2462],[-116.6827,45.2698],[-116.6724,45.2934],[-116.6724,45.2936],[-116.6724,45.2948],[-116.6724,45.2952],[-116.6732,45.3014],[-116.6732,45.302],[-116.6643,45.3254],[-116.6554,45.3489],[-116.6469,45.3604],[-116.6385,45.3719],[-116.63,45.3835],[-116.6216,45.395],[-116.6207,45.3955],[-116.6044,45.4125],[-116.588,45.4296],[-116.5716,45.4467],[-116.5553,45.4637],[-116.5464,45.4936],[-116.5374,45.5234],[-116.537,45.5236],[-116.5323,45.5379],[-116.5276,45.5522],[-116.5274,45.5524],[-116.5034,45.5625],[-116.5034,45.563],[-116.5035,45.5639],[-116.5036,45.5642],[-116.4936,45.5768],[-116.4836,45.5894],[-116.4736,45.602],[-116.4637,45.6146],[-116.4636,45.615],[-116.4719,45.6272],[-116.4717,45.6276],[-116.4764,45.6314],[-116.4826,45.6394],[-116.4828,45.6399],[-116.4879,45.6457],[-116.4879,45.6458],[-116.4876,45.6467],[-116.4876,45.6472],[-116.4875,45.6479],[-116.4875,45.648],[-116.4891,45.6507],[-116.4903,45.6519],[-116.4904,45.6519],[-116.4908,45.6525],[-116.4932,45.6545],[-116.4939,45.655],[-116.4944,45.6554],[-116.4944,45.6554],[-116.4947,45.6557],[-116.4949,45.6558],[-116.4959,45.6565],[-116.496,45.6566],[-116.4966,45.657],[-116.4969,45.6571],[-116.4979,45.6576],[-116.4981,45.6577],[-116.5009,45.6593],[-116.5014,45.6596],[-116.5062,45.6634],[-116.5064,45.6636],[-116.5141,45.6754],[-116.5219,45.6873],[-116.5296,45.6991],[-116.5374,45.7109],[-116.5374,45.7111],[-116.5377,45.7193],[-116.5377,45.7195],[-116.5371,45.7249],[-116.5371,45.7253],[-116.5394,45.7398],[-116.5423,45.7448],[-116.5435,45.7458],[-116.5439,45.7463],[-116.5441,45.7465],[-116.5444,45.7471],[-116.5603,45.7559],[-116.5618,45.7574],[-116.578,45.7676],[-116.5787,45.7685],[-116.5913,45.7772],[-116.5918,45.7776],[-116.6103,45.7788],[-116.6287,45.78],[-116.6472,45.7812],[-116.6657,45.7824],[-116.6669,45.7832],[-116.668,45.7841],[-116.6682,45.7842],[-116.6699,45.7859],[-116.6705,45.7866],[-116.6752,45.7896],[-116.6753,45.7897],[-116.6768,45.7909],[-116.6854,45.8019],[-116.694,45.8129],[-116.6941,45.8134],[-116.6963,45.8187],[-116.6966,45.8192],[-116.7063,45.8234],[-116.7065,45.8236],[-116.708,45.8247],[-116.7081,45.8248],[-116.7126,45.8262],[-116.7133,45.8264]]]},"properties":{"OBJECTID":655,"state":"Oregon","agency":"Oregon Department of Fish and Wildlife","unit_type":"WMU","unit_id":"59","unit_name":"SNAKE RIVER","unit_label":"Oregon WMU 59 - SNAKE RIVER","aliases":"2025 | 59 | 59 snake river | game management unit | game management unit 59 | game management unit 59 snake river | gmu | gmu 59 | gmu 59 snake river | hunt unit | hunt unit 59 | hunt unit 59 snake river | hunting unit | hunting unit 59 | hunting unit 59","year":"2025","Shape_Length":181815.78904674127,"Shape_Area":1204411607.1309347}},{"type":"Feature","id":656,"geometry":{"type":"Polygon","coordinates":[[[-121.4867,42.9539],[-121.4981,42.9608],[-121.5095,42.9677],[-121.521,42.9745],[-121.5324,42.9814],[-121.5555,42.9734],[-121.5785,42.9653],[-121.5993,42.9653],[-121.62,42.9652],[-121.6408,42.9652],[-121.6616,42.9652],[-121.6585,42.8991],[-121.6778,42.8957],[-121.697,42.8924],[-121.7162,42.889],[-121.7355,42.8857],[-121.7547,42.8823],[-121.7739,42.879],[-121.7932,42.8756],[-121.8124,42.8722],[-121.8316,42.8689],[-121.8508,42.8655],[-121.8701,42.8621],[-121.8893,42.8588],[-121.9085,42.8554],[-121.9277,42.852],[-121.9469,42.8486],[-121.9661,42.8452],[-121.9745,42.8342],[-121.9829,42.8231],[-121.9913,42.8121],[-121.9997,42.801],[-122.0178,42.801],[-122.036,42.801],[-122.0541,42.801],[-122.0722,42.801],[-122.0671,42.7849],[-122.062,42.7687],[-122.0509,42.7596],[-122.0397,42.7504],[-122.0286,42.7412],[-122.0175,42.7321],[-122.0063,42.7229],[-121.9952,42.7137],[-121.9841,42.7046],[-121.973,42.6954],[-121.9619,42.6741],[-121.9509,42.6528],[-121.9399,42.6314],[-121.9289,42.6101],[-121.918,42.5888],[-121.907,42.5675],[-121.896,42.5462],[-121.885,42.5248],[-121.8756,42.5351],[-121.8662,42.5453],[-121.8568,42.5556],[-121.8474,42.5658],[-121.8379,42.5761],[-121.8285,42.5863],[-121.8191,42.5965],[-121.8096,42.6068],[-121.7941,42.607],[-121.7785,42.6072],[-121.763,42.6073],[-121.7474,42.6075],[-121.7319,42.6077],[-121.7163,42.6079],[-121.7008,42.6081],[-121.6852,42.6083],[-121.6799,42.5837],[-121.6745,42.5591],[-121.6576,42.5549],[-121.6407,42.5508],[-121.6238,42.5467],[-121.607,42.5425],[-121.6125,42.5258],[-121.618,42.5092],[-121.6005,42.5],[-121.5831,42.4908],[-121.5656,42.4815],[-121.5482,42.4723],[-121.5269,42.4688],[-121.5057,42.4654],[-121.4844,42.4619],[-121.4632,42.4584],[-121.4412,42.4586],[-121.4192,42.4589],[-121.3972,42.4592],[-121.3752,42.4594],[-121.3533,42.4597],[-121.3313,42.4599],[-121.3093,42.4602],[-121.2873,42.4604],[-121.293,42.4826],[-121.2987,42.5047],[-121.3045,42.5269],[-121.3102,42.549],[-121.3193,42.5578],[-121.3284,42.5666],[-121.3375,42.5754],[-121.3467,42.5842],[-121.3519,42.6207],[-121.357,42.6572],[-121.3688,42.6654],[-121.3806,42.6736],[-121.3924,42.6818],[-121.4042,42.69],[-121.4117,42.7086],[-121.4193,42.7272],[-121.4269,42.7458],[-121.4344,42.7644],[-121.442,42.783],[-121.4495,42.8016],[-121.4571,42.8202],[-121.4647,42.8388],[-121.4702,42.8676],[-121.4757,42.8964],[-121.4812,42.9251],[-121.4867,42.9539]]]},"properties":{"OBJECTID":656,"state":"Oregon","agency":"Oregon Department of Fish and Wildlife","unit_type":"WMU","unit_id":"33","unit_name":"SPRAGUE","unit_label":"Oregon WMU 33 - SPRAGUE","aliases":"2025 | 33 | 33 sprague | game management unit | game management unit 33 | game management unit 33 sprague | gmu | gmu 33 | gmu 33 sprague | hunt unit | hunt unit 33 | hunt unit 33 sprague | hunting unit | hunting unit 33 | hunting unit 33 sprague | orego","year":"2025","Shape_Length":219124.68117164876,"Shape_Area":1997511439.8947642}},{"type":"Feature","id":657,"geometry":{"type":"Polygon","coordinates":[[[-118.3605,45.431],[-118.3775,45.4336],[-118.3946,45.4361],[-118.4038,45.4201],[-118.413,45.4041],[-118.4222,45.388],[-118.4314,45.372],[-118.4548,45.3647],[-118.4782,45.3575],[-118.5016,45.3502],[-118.525,45.3429],[-118.5484,45.3357],[-118.5718,45.3284],[-118.5952,45.3211],[-118.6186,45.3138],[-118.6143,45.2811],[-118.61,45.2485],[-118.6058,45.2158],[-118.6015,45.1831],[-118.6107,45.1706],[-118.6199,45.158],[-118.6291,45.1455],[-118.6383,45.133],[-118.6194,45.121],[-118.6004,45.109],[-118.5814,45.097],[-118.5624,45.0849],[-118.5556,45.0516],[-118.5487,45.0183],[-118.5787,45.0144],[-118.6088,45.0104],[-118.5899,45.0075],[-118.5711,45.0047],[-118.5523,45.0019],[-118.5335,44.999],[-118.5147,44.9962],[-118.4958,44.9933],[-118.477,44.9905],[-118.4582,44.9877],[-118.4432,44.9693],[-118.4282,44.9509],[-118.4132,44.9325],[-118.3982,44.9141],[-118.3793,44.9135],[-118.3604,44.9128],[-118.3415,44.9121],[-118.3227,44.9114],[-118.3133,44.9194],[-118.304,44.9273],[-118.2946,44.9352],[-118.2853,44.9432],[-118.2759,44.9511],[-118.2666,44.959],[-118.2572,44.967],[-118.2479,44.9749],[-118.2317,44.9748],[-118.2155,44.9747],[-118.1993,44.9745],[-118.1831,44.9744],[-118.1668,44.9743],[-118.1506,44.9741],[-118.1344,44.974],[-118.1182,44.9739],[-118.106,44.9802],[-118.0938,44.9866],[-118.0815,44.9929],[-118.0693,44.9993],[-118.0504,44.9976],[-118.0314,44.996],[-118.0125,44.9943],[-117.9936,44.9926],[-117.9767,45.0009],[-117.9598,45.0092],[-117.9428,45.0174],[-117.9259,45.0257],[-117.9316,45.0412],[-117.9373,45.0566],[-117.943,45.0721],[-117.9487,45.0876],[-117.9544,45.1031],[-117.9601,45.1186],[-117.9658,45.1341],[-117.9715,45.1496],[-117.9778,45.161],[-117.9841,45.1724],[-117.9904,45.1838],[-117.9967,45.1952],[-118.003,45.2066],[-118.0093,45.218],[-118.0156,45.2294],[-118.0219,45.2407],[-118.0282,45.2521],[-118.0345,45.2635],[-118.0408,45.2749],[-118.0471,45.2863],[-118.0534,45.2977],[-118.0598,45.3091],[-118.0661,45.3205],[-118.0724,45.3319],[-118.1019,45.3375],[-118.1313,45.3432],[-118.1608,45.3488],[-118.1903,45.3544],[-118.2105,45.3483],[-118.2308,45.3421],[-118.2485,45.3501],[-118.2662,45.3581],[-118.2839,45.3661],[-118.3016,45.3741],[-118.3163,45.3884],[-118.331,45.4026],[-118.3458,45.4168],[-118.3605,45.431]]]},"properties":{"OBJECTID":657,"state":"Oregon","agency":"Oregon Department of Fish and Wildlife","unit_type":"WMU","unit_id":"52","unit_name":"STARKEY","unit_label":"Oregon WMU 52 - STARKEY","aliases":"2025 | 52 | 52 starkey | game management unit | game management unit 52 | game management unit 52 starkey | gmu | gmu 52 | gmu 52 starkey | hunt unit | hunt unit 52 | hunt unit 52 starkey | hunting unit | hunting unit 52 | hunting unit 52 starkey | orego","year":"2025","Shape_Length":195298.84278061998,"Shape_Area":2069340150.7267094}},{"type":"Feature","id":658,"geometry":{"type":"Polygon","coordinates":[[[-118.7835,43.4393],[-118.7958,43.4485],[-118.8082,43.4576],[-118.8206,43.4668],[-118.833,43.4759],[-118.8455,43.4851],[-118.8579,43.4942],[-118.8703,43.5034],[-118.8827,43.5125],[-118.8951,43.5217],[-118.9075,43.5308],[-118.92,43.54],[-118.9324,43.5491],[-118.9448,43.5582],[-118.9573,43.5674],[-118.9697,43.5765],[-118.9822,43.5856],[-119.0011,43.5858],[-119.0201,43.5859],[-119.02,43.4503],[-119.0033,43.4438],[-118.9865,43.4373],[-118.9834,43.4016],[-118.9803,43.3659],[-118.9772,43.3302],[-118.9741,43.2945],[-118.9673,43.279],[-118.9605,43.2634],[-118.9536,43.2479],[-118.9468,43.2324],[-118.9448,43.1448],[-118.932,43.1302],[-118.9191,43.1155],[-118.9063,43.1008],[-118.8935,43.0862],[-118.8807,43.0715],[-118.8679,43.0569],[-118.8551,43.0422],[-118.8423,43.0275],[-118.8561,43.0128],[-118.8699,42.9981],[-118.8762,42.9775],[-118.8825,42.9568],[-118.8888,42.9362],[-118.8951,42.9155],[-118.9014,42.8949],[-118.9076,42.8742],[-118.9139,42.8536],[-118.9202,42.8329],[-118.9347,42.8155],[-118.9492,42.798],[-118.9637,42.7806],[-118.9782,42.7631],[-118.9849,42.7497],[-118.9915,42.7362],[-118.9982,42.7228],[-119.0049,42.7093],[-118.9963,42.6869],[-118.9877,42.6645],[-118.9792,42.6421],[-118.9706,42.6196],[-118.962,42.5972],[-118.9535,42.5748],[-118.945,42.5524],[-118.9364,42.5299],[-118.9195,42.5149],[-118.9025,42.4999],[-118.8856,42.4849],[-118.8687,42.4699],[-118.8713,42.4436],[-118.874,42.4174],[-118.8767,42.3912],[-118.8794,42.365],[-118.8661,42.3599],[-118.8529,42.3548],[-118.8397,42.3497],[-118.8265,42.3446],[-118.8132,42.3395],[-118.8,42.3344],[-118.7868,42.3293],[-118.7736,42.3242],[-118.7604,42.3191],[-118.7472,42.314],[-118.734,42.3089],[-118.7208,42.3038],[-118.7076,42.2987],[-118.6944,42.2936],[-118.6812,42.2885],[-118.668,42.2834],[-118.66,42.3078],[-118.6521,42.3323],[-118.6441,42.3568],[-118.6362,42.3813],[-118.6282,42.4058],[-118.6202,42.4302],[-118.6123,42.4547],[-118.6043,42.4792],[-118.5877,42.4818],[-118.5711,42.4844],[-118.5544,42.4869],[-118.5378,42.4895],[-118.5307,42.5196],[-118.5235,42.5496],[-118.5163,42.5796],[-118.5092,42.6096],[-118.4947,42.6247],[-118.4802,42.6398],[-118.4657,42.6549],[-118.4511,42.6699],[-118.4513,42.7311],[-118.4421,42.7504],[-118.4329,42.7697],[-118.4237,42.789],[-118.4145,42.8084],[-118.4053,42.8277],[-118.3961,42.847],[-118.3868,42.8663],[-118.3776,42.8856],[-118.3612,42.899],[-118.3449,42.9125],[-118.3285,42.9259],[-118.3121,42.9393],[-118.2989,42.9584],[-118.2856,42.9776],[-118.2724,42.9967],[-118.2591,43.0158],[-118.2423,43.0261],[-118.2255,43.0364],[-118.2086,43.0467],[-118.1918,43.057],[-118.189,43.0783],[-118.2005,43.0851],[-118.2119,43.0919],[-118.2233,43.0987],[-118.2348,43.1055],[-118.2462,43.1123],[-118.2577,43.119],[-118.2691,43.1258],[-118.2806,43.1326],[-118.293,43.1508],[-118.3053,43.1691],[-118.3252,43.1755],[-118.345,43.1819],[-118.3648,43.1883],[-118.3846,43.1947],[-118.4044,43.2011],[-118.4242,43.2075],[-118.4441,43.214],[-118.4639,43.2204],[-118.4787,43.2281],[-118.4935,43.2359],[-118.5083,43.2437],[-118.5231,43.2515],[-118.538,43.2593],[-118.5528,43.267],[-118.5676,43.2748],[-118.5824,43.2826],[-118.5859,43.3512],[-118.5893,43.4197],[-118.6038,43.4294],[-118.6184,43.439],[-118.639,43.4391],[-118.6597,43.4391],[-118.6803,43.4392],[-118.7009,43.4392],[-118.7216,43.4392],[-118.7422,43.4393],[-118.7628,43.4393],[-118.7835,43.4393]]]},"properties":{"OBJECTID":658,"state":"Oregon","agency":"Oregon Department of Fish and Wildlife","unit_type":"WMU","unit_id":"69","unit_name":"STEENS MTN","unit_label":"Oregon WMU 69 - STEENS MTN","aliases":"2025 | 69 | 69 steens mtn | game management unit | game management unit 69 | game management unit 69 steens mtn | gmu | gmu 69 | gmu 69 steens mtn | hunt unit | hunt unit 69 | hunt unit 69 steens mtn | hunting unit | hunting unit 69 | hunting unit 69 ste","year":"2025","Shape_Length":365820.5843273881,"Shape_Area":4981775661.85979}},{"type":"Feature","id":659,"geometry":{"type":"Polygon","coordinates":[[[-117.8201,44.9152],[-117.8328,44.9282],[-117.8455,44.9411],[-117.8583,44.9541],[-117.871,44.9671],[-117.8837,44.98],[-117.8965,44.993],[-117.9092,45.0059],[-117.922,45.0189],[-117.9259,45.0257],[-117.9428,45.0174],[-117.9598,45.0092],[-117.9767,45.0009],[-117.9936,44.9926],[-118.0125,44.9943],[-118.0314,44.996],[-118.0504,44.9976],[-118.0693,44.9993],[-118.0815,44.9929],[-118.0938,44.9866],[-118.106,44.9802],[-118.1182,44.9739],[-118.1344,44.974],[-118.1506,44.9741],[-118.1668,44.9743],[-118.1831,44.9744],[-118.1993,44.9745],[-118.2155,44.9747],[-118.2317,44.9748],[-118.2479,44.9749],[-118.2429,44.9475],[-118.2379,44.9201],[-118.2329,44.8927],[-118.2279,44.8653],[-118.2449,44.8646],[-118.2619,44.8638],[-118.2788,44.8631],[-118.2958,44.8623],[-118.2932,44.8344],[-118.2906,44.8065],[-118.2881,44.7786],[-118.2855,44.7507],[-118.3061,44.7499],[-118.3267,44.749],[-118.3472,44.7481],[-118.3678,44.7472],[-118.3807,44.7419],[-118.3935,44.7365],[-118.4064,44.7311],[-118.4192,44.7257],[-118.4321,44.7203],[-118.4449,44.7149],[-118.4577,44.7096],[-118.4706,44.7042],[-118.479,44.6945],[-118.4874,44.6848],[-118.4958,44.6751],[-118.5042,44.6654],[-118.4897,44.6615],[-118.4752,44.6577],[-118.4607,44.6538],[-118.4463,44.6499],[-118.4609,44.6345],[-118.4754,44.6191],[-118.49,44.6037],[-118.5046,44.5883],[-118.5009,44.5737],[-118.482,44.5757],[-118.463,44.5777],[-118.4441,44.5798],[-118.4252,44.5818],[-118.4025,44.5713],[-118.3798,44.5607],[-118.3572,44.5502],[-118.3345,44.5396],[-118.3119,44.529],[-118.2893,44.5185],[-118.2667,44.5079],[-118.244,44.4973],[-118.2312,44.4825],[-118.2184,44.4677],[-118.2055,44.4528],[-118.1927,44.438],[-118.1727,44.4336],[-118.1527,44.4291],[-118.1328,44.4247],[-118.1128,44.4202],[-118.1054,44.3971],[-118.098,44.3739],[-118.0906,44.3507],[-118.0832,44.3276],[-118.0668,44.3273],[-118.0504,44.3269],[-118.0339,44.3266],[-118.0175,44.3263],[-118.0011,44.326],[-117.9847,44.3256],[-117.9683,44.3253],[-117.9518,44.325],[-117.9342,44.3312],[-117.9166,44.3374],[-117.899,44.3437],[-117.8814,44.3499],[-117.8637,44.3561],[-117.8461,44.3624],[-117.8285,44.3686],[-117.8108,44.3748],[-117.7907,44.378],[-117.7706,44.3813],[-117.7504,44.3845],[-117.7303,44.3877],[-117.7147,44.3803],[-117.6991,44.3728],[-117.6835,44.3653],[-117.6678,44.3578],[-117.6441,44.3572],[-117.6204,44.3565],[-117.5967,44.3558],[-117.5729,44.3552],[-117.5492,44.3545],[-117.5255,44.3538],[-117.5018,44.3532],[-117.4781,44.3525],[-117.4543,44.3518],[-117.4306,44.3511],[-117.4069,44.3504],[-117.3832,44.3497],[-117.3595,44.349],[-117.3357,44.3483],[-117.312,44.3476],[-117.2883,44.3469],[-117.2954,44.3638],[-117.3025,44.3807],[-117.3096,44.3975],[-117.3167,44.4144],[-117.3239,44.4313],[-117.331,44.4482],[-117.3381,44.4651],[-117.3452,44.4819],[-117.3554,44.491],[-117.3655,44.5001],[-117.3756,44.5092],[-117.3857,44.5183],[-117.3959,44.5274],[-117.406,44.5365],[-117.4162,44.5456],[-117.4263,44.5547],[-117.4364,44.5638],[-117.4466,44.5729],[-117.4567,44.582],[-117.4669,44.5911],[-117.477,44.6002],[-117.4872,44.6093],[-117.4974,44.6183],[-117.5075,44.6274],[-117.5242,44.6334],[-117.5409,44.6395],[-117.5576,44.6455],[-117.5743,44.6515],[-117.591,44.6575],[-117.6077,44.6635],[-117.6244,44.6695],[-117.6411,44.6755],[-117.6578,44.6815],[-117.6745,44.6875],[-117.6912,44.6935],[-117.7079,44.6995],[-117.7247,44.7054],[-117.7414,44.7114],[-117.7581,44.7174],[-117.7748,44.7234],[-117.7844,44.7434],[-117.7939,44.7634],[-117.8035,44.7833],[-117.813,44.8033],[-117.8165,44.8592],[-117.8201,44.9152]]]},"properties":{"OBJECTID":659,"state":"Oregon","agency":"Oregon Department of Fish and Wildlife","unit_type":"WMU","unit_id":"51","unit_name":"SUMPTER","unit_label":"Oregon WMU 51 - SUMPTER","aliases":"2025 | 51 | 51 sumpter | game management unit | game management unit 51 | game management unit 51 sumpter | gmu | gmu 51 | gmu 51 sumpter | hunt unit | hunt unit 51 | hunt unit 51 sumpter | hunting unit | hunting unit 51 | hunting unit 51 sumpter | orego","year":"2025","Shape_Length":304210.8566762839,"Shape_Area":3938102335.599078}},{"type":"Feature","id":660,"geometry":{"type":"Polygon","coordinates":[[[-118.7086,45.6546],[-118.7331,45.6568],[-118.7575,45.6589],[-118.782,45.6611],[-118.8064,45.6632],[-118.802,45.6308],[-118.7975,45.5984],[-118.793,45.5659],[-118.7886,45.5335],[-118.8053,45.5173],[-118.8219,45.5011],[-118.8386,45.4848],[-118.8553,45.4686],[-118.8708,45.4676],[-118.8864,45.4665],[-118.9019,45.4655],[-118.9175,45.4645],[-118.933,45.4634],[-118.9486,45.4624],[-118.9641,45.4614],[-118.9797,45.4603],[-118.9853,45.4216],[-118.9909,45.3829],[-118.9965,45.3442],[-119.0021,45.3055],[-118.9955,45.29],[-118.989,45.2744],[-118.9824,45.2588],[-118.9759,45.2433],[-118.9694,45.2277],[-118.9628,45.2121],[-118.9563,45.1966],[-118.9498,45.181],[-118.9555,45.1598],[-118.9612,45.1387],[-118.9669,45.1175],[-118.9726,45.0964],[-118.9783,45.0752],[-118.9839,45.054],[-118.9896,45.0329],[-118.9953,45.0117],[-118.9716,45.0054],[-118.948,44.9992],[-118.9245,45.0039],[-118.901,45.0086],[-118.8776,45.0134],[-118.8541,45.0181],[-118.8327,45.0109],[-118.8113,45.0036],[-118.7899,44.9964],[-118.7685,44.9892],[-118.747,44.9819],[-118.7257,44.9747],[-118.7043,44.9675],[-118.6829,44.9602],[-118.6601,44.9648],[-118.6374,44.9694],[-118.6146,44.9741],[-118.5919,44.9787],[-118.6003,44.9945],[-118.6088,45.0104],[-118.5787,45.0144],[-118.5487,45.0183],[-118.5556,45.0516],[-118.5624,45.0849],[-118.5814,45.097],[-118.6004,45.109],[-118.6194,45.121],[-118.6383,45.133],[-118.6291,45.1455],[-118.6199,45.158],[-118.6107,45.1706],[-118.6015,45.1831],[-118.6058,45.2158],[-118.61,45.2485],[-118.6143,45.2811],[-118.6186,45.3138],[-118.5952,45.3211],[-118.5718,45.3284],[-118.5484,45.3357],[-118.525,45.3429],[-118.5016,45.3502],[-118.4782,45.3575],[-118.4548,45.3647],[-118.4314,45.372],[-118.4222,45.388],[-118.413,45.4041],[-118.4038,45.4201],[-118.3946,45.4361],[-118.3775,45.4336],[-118.3605,45.431],[-118.3691,45.4416],[-118.3777,45.4521],[-118.3864,45.4626],[-118.395,45.4731],[-118.4036,45.4837],[-118.4122,45.4942],[-118.4208,45.5047],[-118.4295,45.5152],[-118.4381,45.5258],[-118.4467,45.5363],[-118.4553,45.5468],[-118.464,45.5573],[-118.4726,45.5679],[-118.4813,45.5784],[-118.4899,45.5889],[-118.4985,45.5994],[-118.5212,45.5952],[-118.5438,45.591],[-118.5664,45.5867],[-118.5891,45.5825],[-118.604,45.5915],[-118.6189,45.6005],[-118.6339,45.6095],[-118.6488,45.6186],[-118.6638,45.6276],[-118.6787,45.6366],[-118.6937,45.6456],[-118.7086,45.6546]]]},"properties":{"OBJECTID":660,"state":"Oregon","agency":"Oregon Department of Fish and Wildlife","unit_type":"WMU","unit_id":"49","unit_name":"UKIAH","unit_label":"Oregon WMU 49 - UKIAH","aliases":"2025 | 49 | 49 ukiah | game management unit | game management unit 49 | game management unit 49 ukiah | gmu | gmu 49 | gmu 49 ukiah | hunt unit | hunt unit 49 | hunt unit 49 ukiah | hunting unit | hunting unit 49 | hunting unit 49 ukiah | oregon | oregon","year":"2025","Shape_Length":238429.9690809254,"Shape_Area":2265652235.301578}},{"type":"Feature","id":661,"geometry":{"type":"Polygon","coordinates":[[[-121.9654,43.8533],[-121.9703,43.8275],[-121.9752,43.8017],[-121.9801,43.7759],[-121.9849,43.7501],[-121.9898,43.7243],[-121.9947,43.6985],[-121.9995,43.6727],[-122.0044,43.6469],[-122.0118,43.6346],[-122.0193,43.6222],[-122.0267,43.6099],[-122.0342,43.5976],[-122.0195,43.5918],[-122.0048,43.5861],[-121.9901,43.5803],[-121.9754,43.5746],[-121.9662,43.5631],[-121.9569,43.5516],[-121.9476,43.5401],[-121.9383,43.5286],[-121.929,43.5171],[-121.9197,43.5056],[-121.9105,43.4941],[-121.9012,43.4826],[-121.8862,43.4861],[-121.8713,43.4896],[-121.8563,43.4931],[-121.8414,43.4966],[-121.8274,43.4888],[-121.8134,43.481],[-121.7994,43.4732],[-121.7855,43.4654],[-121.7645,43.4653],[-121.7435,43.4653],[-121.7226,43.4652],[-121.7016,43.4651],[-121.6899,43.4782],[-121.6782,43.4914],[-121.6595,43.5058],[-121.6407,43.5201],[-121.6219,43.5345],[-121.6031,43.5489],[-121.5953,43.5585],[-121.5875,43.568],[-121.5797,43.5776],[-121.5719,43.5872],[-121.564,43.5967],[-121.5562,43.6063],[-121.5484,43.6158],[-121.5406,43.6254],[-121.5327,43.635],[-121.5249,43.6445],[-121.5171,43.6541],[-121.5092,43.6636],[-121.5014,43.6732],[-121.4936,43.6828],[-121.4857,43.6923],[-121.4779,43.7019],[-121.4675,43.7242],[-121.457,43.7464],[-121.4466,43.7687],[-121.4361,43.791],[-121.4256,43.8133],[-121.4152,43.8356],[-121.4047,43.8578],[-121.3942,43.8801],[-121.3838,43.8878],[-121.3734,43.8955],[-121.363,43.9032],[-121.3526,43.9109],[-121.3484,43.9451],[-121.3442,43.9793],[-121.3338,43.9953],[-121.3233,44.0113],[-121.3129,44.0273],[-121.3025,44.0433],[-121.3033,44.0967],[-121.2953,44.1075],[-121.2872,44.1183],[-121.2792,44.1291],[-121.2711,44.1399],[-121.2631,44.1507],[-121.255,44.1615],[-121.247,44.1723],[-121.2389,44.1831],[-121.2308,44.194],[-121.2228,44.2048],[-121.2147,44.2156],[-121.2066,44.2264],[-121.1985,44.2372],[-121.1905,44.248],[-121.1824,44.2588],[-121.1743,44.2696],[-121.1743,44.2696],[-121.1968,44.2728],[-121.2194,44.2759],[-121.242,44.279],[-121.2645,44.2822],[-121.2871,44.2853],[-121.3096,44.2884],[-121.3322,44.2916],[-121.3548,44.2947],[-121.3826,44.2946],[-121.4105,44.2945],[-121.4384,44.2944],[-121.4663,44.2943],[-121.4942,44.2941],[-121.522,44.294],[-121.5499,44.2939],[-121.5778,44.2938],[-121.5968,44.2951],[-121.6159,44.2964],[-121.6349,44.2977],[-121.6539,44.299],[-121.673,44.3003],[-121.692,44.3017],[-121.7111,44.303],[-121.7301,44.3043],[-121.7488,44.2932],[-121.7675,44.282],[-121.7862,44.2709],[-121.8049,44.2598],[-121.7889,44.2529],[-121.773,44.246],[-121.7833,44.2319],[-121.7936,44.2177],[-121.8039,44.2036],[-121.8142,44.1894],[-121.817,44.1376],[-121.8198,44.0857],[-121.8226,44.0338],[-121.8255,43.9819],[-121.843,43.9659],[-121.8605,43.9498],[-121.878,43.9337],[-121.8955,43.9176],[-121.913,43.9015],[-121.9305,43.8854],[-121.948,43.8693],[-121.9654,43.8533]]]},"properties":{"OBJECTID":661,"state":"Oregon","agency":"Oregon Department of Fish and Wildlife","unit_type":"WMU","unit_id":"34","unit_name":"UPPER DESCHUTES","unit_label":"Oregon WMU 34 - UPPER DESCHUTES","aliases":"2025 | 34 | 34 upper deschutes | game management unit | game management unit 34 | game management unit 34 upper deschutes | gmu | gmu 34 | gmu 34 upper deschutes | hunt unit | hunt unit 34 | hunt unit 34 upper deschutes | hunting unit | hunting unit 34 |","year":"2025","Shape_Length":268959.07408848515,"Shape_Area":3655676021.87935}},{"type":"Feature","id":662,"geometry":{"type":"Polygon","coordinates":[[[-120.7345,43.8497],[-120.7511,43.8524],[-120.7677,43.8551],[-120.7843,43.8579],[-120.8009,43.8606],[-120.8175,43.8633],[-120.8341,43.8661],[-120.8507,43.8688],[-120.8673,43.8715],[-120.8584,43.86],[-120.8494,43.8486],[-120.8404,43.8371],[-120.8314,43.8257],[-120.8224,43.8142],[-120.8134,43.8028],[-120.8044,43.7913],[-120.7955,43.7799],[-120.7865,43.7684],[-120.7775,43.7569],[-120.7686,43.7455],[-120.7596,43.734],[-120.7506,43.7226],[-120.7417,43.7111],[-120.7327,43.6997],[-120.7238,43.6882],[-120.719,43.6679],[-120.7141,43.6475],[-120.7093,43.6272],[-120.7045,43.6068],[-120.6942,43.5924],[-120.6839,43.578],[-120.6736,43.5636],[-120.6633,43.5492],[-120.6652,43.4879],[-120.6479,43.4762],[-120.6306,43.4645],[-120.6134,43.4527],[-120.5961,43.441],[-120.5958,43.3556],[-120.607,43.3435],[-120.6181,43.3314],[-120.6293,43.3193],[-120.6404,43.3072],[-120.6413,43.2377],[-120.6612,43.2378],[-120.681,43.2379],[-120.6812,43.1938],[-120.701,43.1882],[-120.7208,43.1827],[-120.7405,43.1771],[-120.7603,43.1716],[-120.773,43.1645],[-120.7857,43.1574],[-120.7984,43.1503],[-120.811,43.1432],[-120.8237,43.1362],[-120.8364,43.1291],[-120.8491,43.122],[-120.8618,43.1149],[-120.8506,43.1023],[-120.8394,43.0897],[-120.8282,43.0771],[-120.8171,43.0646],[-120.8059,43.052],[-120.7948,43.0394],[-120.7836,43.0268],[-120.7724,43.0142],[-120.7778,43.0013],[-120.7832,42.9884],[-120.7886,42.9755],[-120.7939,42.9626],[-120.7993,42.9496],[-120.8046,42.9367],[-120.81,42.9238],[-120.8154,42.9109],[-120.8104,42.892],[-120.8055,42.8731],[-120.8006,42.8543],[-120.7957,42.8354],[-120.7908,42.8165],[-120.786,42.7976],[-120.7811,42.7788],[-120.7762,42.7599],[-120.7627,42.7484],[-120.7492,42.7369],[-120.7294,42.7349],[-120.7096,42.7328],[-120.6898,42.7307],[-120.67,42.7286],[-120.6502,42.7265],[-120.6304,42.7244],[-120.6106,42.7223],[-120.5908,42.7202],[-120.5761,42.7125],[-120.5613,42.7047],[-120.5466,42.6969],[-120.5319,42.6891],[-120.5241,42.6715],[-120.5164,42.6538],[-120.5086,42.6362],[-120.5009,42.6186],[-120.4806,42.6157],[-120.4603,42.6128],[-120.44,42.6099],[-120.4197,42.607],[-120.3959,42.5965],[-120.372,42.5859],[-120.3482,42.5753],[-120.3244,42.5647],[-120.3138,42.5445],[-120.3033,42.5242],[-120.2927,42.504],[-120.2821,42.4837],[-120.2699,42.4955],[-120.2576,42.5072],[-120.2453,42.519],[-120.233,42.5308],[-120.2207,42.5425],[-120.2084,42.5543],[-120.1961,42.5661],[-120.1838,42.5778],[-120.1814,42.6486],[-120.1688,42.6668],[-120.1562,42.6851],[-120.1436,42.7034],[-120.131,42.7216],[-120.1184,42.7399],[-120.1058,42.7582],[-120.0932,42.7764],[-120.0806,42.7947],[-120.0695,42.8067],[-120.0583,42.8186],[-120.0472,42.8306],[-120.0361,42.8426],[-120.0249,42.8545],[-120.0138,42.8665],[-120.0026,42.8784],[-119.9915,42.8904],[-119.9979,42.9126],[-120.0043,42.9348],[-119.9983,42.962],[-119.9924,42.9893],[-119.9864,43.0166],[-119.9804,43.0439],[-119.9745,43.0712],[-119.9685,43.0985],[-119.9625,43.1258],[-119.9565,43.1531],[-119.9397,43.1667],[-119.9228,43.1803],[-119.906,43.1939],[-119.8891,43.2075],[-119.8884,43.2443],[-119.8673,43.2538],[-119.8461,43.2633],[-119.8249,43.2728],[-119.8038,43.2823],[-119.7826,43.2918],[-119.7614,43.3013],[-119.7402,43.3108],[-119.719,43.3203],[-119.7108,43.3296],[-119.7025,43.3388],[-119.6942,43.3481],[-119.6859,43.3574],[-119.6777,43.3667],[-119.6694,43.3759],[-119.6611,43.3852],[-119.6528,43.3945],[-119.6382,43.4056],[-119.6237,43.4167],[-119.6091,43.4278],[-119.5945,43.4389],[-119.5799,43.45],[-119.5653,43.4611],[-119.5507,43.4722],[-119.5361,43.4833],[-119.5283,43.498],[-119.5205,43.5127],[-119.5126,43.5274],[-119.5048,43.5421],[-119.5212,43.5419],[-119.5376,43.5416],[-119.554,43.5413],[-119.5704,43.541],[-119.5868,43.5407],[-119.6032,43.5404],[-119.6196,43.5401],[-119.636,43.5398],[-119.6524,43.5395],[-119.6688,43.5392],[-119.6852,43.5389],[-119.7016,43.5386],[-119.7179,43.5383],[-119.7343,43.538],[-119.7507,43.5376],[-119.7671,43.5373],[-119.7925,43.5305],[-119.8178,43.5236],[-119.8365,43.532],[-119.8552,43.5404],[-119.8739,43.5488],[-119.8927,43.5572],[-119.9114,43.5655],[-119.9301,43.5739],[-119.9489,43.5823],[-119.9676,43.5906],[-119.9924,43.5905],[-120.0172,43.5903],[-120.042,43.5901],[-120.0668,43.59],[-120.083,43.5907],[-120.0992,43.5915],[-120.1154,43.5922],[-120.1316,43.5929],[-120.1472,43.6046],[-120.1628,43.6163],[-120.1784,43.628],[-120.194,43.6397],[-120.2096,43.6514],[-120.2253,43.6631],[-120.2409,43.6748],[-120.2565,43.6865],[-120.271,43.6925],[-120.2855,43.6985],[-120.3,43.7045],[-120.3146,43.7105],[-120.3291,43.7165],[-120.3436,43.7225],[-120.3581,43.7285],[-120.3726,43.7345],[-120.3872,43.7405],[-120.4017,43.7465],[-120.4162,43.7524],[-120.4308,43.7584],[-120.4453,43.7644],[-120.4599,43.7704],[-120.4744,43.7764],[-120.489,43.7823],[-120.5043,43.7866],[-120.5196,43.7908],[-120.535,43.795],[-120.5503,43.7992],[-120.5656,43.8034],[-120.581,43.8076],[-120.5963,43.8119],[-120.6117,43.8161],[-120.627,43.8203],[-120.6424,43.8245],[-120.6577,43.8287],[-120.6731,43.8329],[-120.6884,43.8371],[-120.7038,43.8413],[-120.7192,43.8455],[-120.7345,43.8497]]]},"properties":{"OBJECTID":662,"state":"Oregon","agency":"Oregon Department of Fish and Wildlife","unit_type":"WMU","unit_id":"73","unit_name":"WAGONTIRE","unit_label":"Oregon WMU 73 - WAGONTIRE","aliases":"2025 | 73 | 73 wagontire | game management unit | game management unit 73 | game management unit 73 wagontire | gmu | gmu 73 | gmu 73 wagontire | hunt unit | hunt unit 73 | hunt unit 73 wagontire | hunting unit | hunting unit 73 | hunting unit 73 wagonti","year":"2025","Shape_Length":464104.8173203959,"Shape_Area":8044068061.738754}},{"type":"Feature","id":663,"geometry":{"type":"Polygon","coordinates":[[[-120.0127,42.7108],[-120.0212,42.7213],[-120.0297,42.7318],[-120.0382,42.7422],[-120.0466,42.7527],[-120.0551,42.7632],[-120.0636,42.7737],[-120.0721,42.7842],[-120.0806,42.7947],[-120.0932,42.7764],[-120.1058,42.7582],[-120.1184,42.7399],[-120.131,42.7216],[-120.1436,42.7034],[-120.1562,42.6851],[-120.1688,42.6668],[-120.1814,42.6486],[-120.1838,42.5778],[-120.1961,42.5661],[-120.2084,42.5543],[-120.2207,42.5425],[-120.233,42.5308],[-120.2453,42.519],[-120.2576,42.5072],[-120.2699,42.4955],[-120.2821,42.4837],[-120.286,42.4465],[-120.2899,42.4092],[-120.2938,42.372],[-120.2976,42.3348],[-120.3194,42.3218],[-120.3411,42.3088],[-120.3476,42.2914],[-120.354,42.274],[-120.3604,42.2567],[-120.3668,42.2393],[-120.3606,42.2254],[-120.3544,42.2114],[-120.3481,42.1975],[-120.3419,42.1836],[-120.3357,42.1697],[-120.3295,42.1558],[-120.3233,42.1419],[-120.317,42.1279],[-120.3123,42.0942],[-120.3076,42.0605],[-120.3028,42.0268],[-120.2981,41.9931],[-120.272,41.9933],[-120.246,41.9935],[-120.2261,41.9939],[-120.2061,41.9943],[-120.1818,41.9944],[-120.1574,41.9945],[-120.133,41.9947],[-120.1086,41.9948],[-120.0803,41.9949],[-120.0612,41.995],[-120.0422,41.9951],[-120.0319,42.0033],[-120.0217,42.0115],[-120.0114,42.0197],[-120.0011,42.0279],[-119.9908,42.0361],[-119.9806,42.0444],[-119.9703,42.0526],[-119.96,42.0608],[-119.9532,42.0815],[-119.9465,42.1021],[-119.9397,42.1228],[-119.9329,42.1435],[-119.9171,42.1537],[-119.9013,42.1639],[-119.8923,42.1916],[-119.8832,42.2193],[-119.8741,42.247],[-119.8649,42.2746],[-119.8707,42.2872],[-119.8764,42.2997],[-119.8822,42.3122],[-119.8879,42.3248],[-119.8937,42.3373],[-119.8995,42.3498],[-119.9052,42.3624],[-119.911,42.3749],[-119.9079,42.4206],[-119.9049,42.4663],[-119.9019,42.512],[-119.8988,42.5577],[-119.912,42.5717],[-119.9252,42.5858],[-119.9384,42.5999],[-119.9516,42.6139],[-119.9649,42.628],[-119.9781,42.642],[-119.9913,42.6561],[-120.0046,42.6701],[-120.0086,42.6905],[-120.0127,42.7108]]]},"properties":{"OBJECTID":663,"state":"Oregon","agency":"Oregon Department of Fish and Wildlife","unit_type":"WMU","unit_id":"74","unit_name":"WARNER","unit_label":"Oregon WMU 74 - WARNER","aliases":"2025 | 74 | 74 warner | game management unit | game management unit 74 | game management unit 74 warner | gmu | gmu 74 | gmu 74 warner | hunt unit | hunt unit 74 | hunt unit 74 warner | hunting unit | hunting unit 74 | hunting unit 74 warner | oregon | o","year":"2025","Shape_Length":216792.28483234072,"Shape_Area":2362091804.2748013}},{"type":"Feature","id":664,"geometry":{"type":"Polygon","coordinates":[[[-118.0859,43.004],[-118.0982,43.0101],[-118.1105,43.0162],[-118.1228,43.0223],[-118.1351,43.0284],[-118.1474,43.0346],[-118.1597,43.0407],[-118.172,43.0468],[-118.1843,43.0529],[-118.1918,43.057],[-118.2086,43.0467],[-118.2255,43.0364],[-118.2423,43.0261],[-118.2591,43.0158],[-118.2724,42.9967],[-118.2856,42.9776],[-118.2989,42.9584],[-118.3121,42.9393],[-118.3285,42.9259],[-118.3449,42.9125],[-118.3612,42.899],[-118.3776,42.8856],[-118.3868,42.8663],[-118.3961,42.847],[-118.4053,42.8277],[-118.4145,42.8084],[-118.4237,42.789],[-118.4329,42.7697],[-118.4421,42.7504],[-118.4513,42.7311],[-118.4511,42.6699],[-118.4657,42.6549],[-118.4802,42.6398],[-118.4947,42.6247],[-118.5092,42.6096],[-118.5163,42.5796],[-118.5235,42.5496],[-118.5307,42.5196],[-118.5378,42.4895],[-118.5544,42.4869],[-118.5711,42.4844],[-118.5877,42.4818],[-118.6043,42.4792],[-118.6123,42.4547],[-118.6202,42.4302],[-118.6282,42.4058],[-118.6362,42.3813],[-118.6441,42.3568],[-118.6521,42.3323],[-118.66,42.3078],[-118.668,42.2834],[-118.6621,42.2714],[-118.6562,42.2594],[-118.6503,42.2474],[-118.6444,42.2354],[-118.6385,42.2234],[-118.6326,42.2115],[-118.6267,42.1995],[-118.6208,42.1875],[-118.6149,42.1755],[-118.6091,42.1635],[-118.6032,42.1516],[-118.5973,42.1396],[-118.5914,42.1276],[-118.5856,42.1156],[-118.5797,42.1036],[-118.5738,42.0916],[-118.5815,42.0793],[-118.5891,42.067],[-118.5967,42.0547],[-118.6044,42.0424],[-118.612,42.0301],[-118.6196,42.0178],[-118.6272,42.0055],[-118.6349,41.9932],[-118.6185,41.9936],[-118.6022,41.9939],[-118.6017,41.9939],[-118.5757,41.9943],[-118.5497,41.9947],[-118.5344,41.9948],[-118.519,41.995],[-118.5037,41.9952],[-118.4883,41.9953],[-118.4674,41.9956],[-118.442,41.9958],[-118.4266,41.9959],[-118.4113,41.9959],[-118.3908,41.996],[-118.3665,41.9962],[-118.3422,41.9963],[-118.3178,41.9965],[-118.2935,41.9966],[-118.2692,41.9968],[-118.2448,41.9969],[-118.2205,41.997],[-118.1962,41.9972],[-118.1718,41.9973],[-118.1475,41.9974],[-118.1232,41.9975],[-118.0989,41.9976],[-118.0745,41.9977],[-118.0502,41.9978],[-118.0259,41.9979],[-118.0015,41.998],[-117.9807,41.998],[-117.9549,41.998],[-117.9377,41.9981],[-117.9205,41.9982],[-117.8972,41.9983],[-117.8738,41.9983],[-117.8689,41.9983],[-117.8444,41.9983],[-117.82,41.9984],[-117.8029,41.9984],[-117.7857,41.9984],[-117.7655,41.9984],[-117.7453,41.9984],[-117.7251,41.9984],[-117.7049,41.9984],[-117.6847,41.9984],[-117.6645,41.9984],[-117.6443,41.9984],[-117.6241,41.9984],[-117.6028,41.9986],[-117.5814,41.9987],[-117.5601,41.9988],[-117.5387,41.999],[-117.5176,41.999],[-117.4966,41.9991],[-117.4755,41.9992],[-117.4544,41.9993],[-117.4333,41.9993],[-117.4122,41.9994],[-117.3912,41.9994],[-117.3701,41.9995],[-117.3499,41.9995],[-117.3297,41.9996],[-117.3095,41.9996],[-117.2893,41.9997],[-117.2665,41.9998],[-117.2436,41.9999],[-117.2183,41.9999],[-117.193,41.9999],[-117.1677,41.9999],[-117.1424,41.9999],[-117.1171,41.9999],[-117.0917,41.9999],[-117.0664,41.9999],[-117.0411,41.9999],[-117.0263,42.0003],[-117.0263,42.0544],[-117.0263,42.0556],[-117.0264,42.1025],[-117.0264,42.1049],[-117.0264,42.1161],[-117.0265,42.122],[-117.0265,42.1287],[-117.0265,42.1366],[-117.0265,42.1438],[-117.0265,42.1554],[-117.0266,42.2747],[-117.0266,42.2792],[-117.0266,42.2904],[-117.0266,42.3097],[-117.0266,42.3194],[-117.0266,42.321],[-117.0266,42.357],[-117.0266,42.4191],[-117.0266,42.4253],[-117.0266,42.4564],[-117.0266,42.4754],[-117.0265,42.5593],[-117.0264,42.5666],[-117.0264,42.5739],[-117.0264,42.5874],[-117.0264,42.7721],[-117.0264,42.7781],[-117.0263,42.7872],[-117.0263,42.7934],[-117.0263,42.8451],[-117.0263,42.8559],[-117.0263,42.8576],[-117.0264,42.8918],[-117.0264,42.9131],[-117.0264,42.9434],[-117.0265,42.9507],[-117.0265,42.9592],[-117.03,42.9689],[-117.045,42.9712],[-117.0601,42.9736],[-117.0751,42.9759],[-117.0902,42.9783],[-117.1053,42.9806],[-117.1203,42.9829],[-117.1354,42.9853],[-117.1504,42.9876],[-117.1651,42.9781],[-117.1798,42.9686],[-117.1945,42.9591],[-117.2092,42.9495],[-117.2238,42.94],[-117.2385,42.9305],[-117.2532,42.921],[-117.2678,42.9114],[-117.2838,42.9073],[-117.2999,42.9031],[-117.3159,42.899],[-117.3319,42.8948],[-117.3479,42.8906],[-117.3639,42.8865],[-117.3799,42.8823],[-117.3959,42.8781],[-117.4236,42.8776],[-117.4513,42.8771],[-117.479,42.8765],[-117.5066,42.876],[-117.5317,42.8686],[-117.5569,42.8612],[-117.582,42.8537],[-117.6071,42.8463],[-117.6322,42.8389],[-117.6573,42.8315],[-117.6824,42.824],[-117.7075,42.8166],[-117.7294,42.8068],[-117.7513,42.797],[-117.7731,42.7872],[-117.795,42.7774],[-117.8254,42.7784],[-117.8557,42.7794],[-117.87,42.7935],[-117.8844,42.8075],[-117.8988,42.8216],[-117.9131,42.8356],[-117.9275,42.8497],[-117.9419,42.8637],[-117.9562,42.8777],[-117.9706,42.8918],[-117.985,42.9058],[-117.9994,42.9198],[-118.0138,42.9339],[-118.0282,42.9479],[-118.0427,42.9619],[-118.0571,42.9759],[-118.0715,42.99],[-118.0859,43.004]]]},"properties":{"OBJECTID":664,"state":"Oregon","agency":"Oregon Department of Fish and Wildlife","unit_type":"WMU","unit_id":"68","unit_name":"WHITEHORSE","unit_label":"Oregon WMU 68 - WHITEHORSE","aliases":"2025 | 68 | 68 whitehorse | game management unit | game management unit 68 | game management unit 68 whitehorse | gmu | gmu 68 | gmu 68 whitehorse | hunt unit | hunt unit 68 | hunt unit 68 whitehorse | hunting unit | hunting unit 68 | hunting unit 68 whi","year":"2025","Shape_Length":490748.1343433645,"Shape_Area":12650291463.402077}},{"type":"Feature","id":665,"geometry":{"type":"Polygon","coordinates":[[[-117.956,45.9697],[-117.9446,45.9774],[-117.9332,45.985],[-117.9217,45.9926],[-117.9102,46.0003],[-117.9248,46.0004],[-117.955,46.0005],[-117.9852,46.0005],[-118.0154,46.0006],[-118.0456,46.0006],[-118.0593,46.0006],[-118.079,46.0006],[-118.1078,46.0006],[-118.1367,46.0006],[-118.1655,46.0006],[-118.1944,46.0006],[-118.2232,46.0006],[-118.2521,46.0006],[-118.2809,46.0006],[-118.3097,46.0006],[-118.324,46.0006],[-118.3519,46.0007],[-118.3713,46.0006],[-118.3733,46.0006],[-118.3874,46.0007],[-118.3846,45.9601],[-118.3818,45.9196],[-118.3921,45.8985],[-118.4024,45.8774],[-118.4126,45.8563],[-118.4229,45.8352],[-118.4089,45.8255],[-118.395,45.8158],[-118.381,45.8061],[-118.3671,45.7964],[-118.3497,45.7954],[-118.3322,45.7943],[-118.3148,45.7933],[-118.2974,45.7923],[-118.28,45.7913],[-118.2626,45.7903],[-118.2451,45.7892],[-118.2277,45.7882],[-118.2103,45.7872],[-118.1929,45.7861],[-118.1755,45.7851],[-118.158,45.7841],[-118.1406,45.783],[-118.1232,45.782],[-118.1058,45.7809],[-118.0884,45.7799],[-118.075,45.7846],[-118.0616,45.7894],[-118.0482,45.7942],[-118.0348,45.7989],[-118.0214,45.8037],[-118.008,45.8084],[-117.9946,45.8132],[-117.9811,45.8179],[-117.9753,45.8302],[-117.9694,45.8425],[-117.9635,45.8548],[-117.9576,45.8671],[-117.9517,45.8794],[-117.9459,45.8917],[-117.94,45.904],[-117.9341,45.9164],[-117.9396,45.9297],[-117.9451,45.943],[-117.9506,45.9564],[-117.956,45.9697]]]},"properties":{"OBJECTID":665,"state":"Oregon","agency":"Oregon Department of Fish and Wildlife","unit_type":"WMU","unit_id":"55","unit_name":"WALLA WALLA","unit_label":"Oregon WMU 55 - WALLA WALLA","aliases":"2025 | 55 | 55 walla walla | game management unit | game management unit 55 | game management unit 55 walla walla | gmu | gmu 55 | gmu 55 walla walla | hunt unit | hunt unit 55 | hunt unit 55 walla walla | hunting unit | hunting unit 55 | hunting unit 55","year":"2025","Shape_Length":115759.3513290662,"Shape_Area":793856493.702983}},{"type":"Feature","id":666,"geometry":{"type":"Polygon","coordinates":[[[-117.4732,45.8979],[-117.4618,45.9104],[-117.4505,45.923],[-117.4391,45.9355],[-117.4277,45.948],[-117.4163,45.9605],[-117.4049,45.973],[-117.3935,45.9855],[-117.3822,45.998],[-117.3821,45.9981],[-117.398,45.9982],[-117.4139,45.9982],[-117.4298,45.9983],[-117.4457,45.9984],[-117.4675,45.9979],[-117.4719,45.9979],[-117.4795,45.9978],[-117.4981,45.998],[-117.5167,45.9981],[-117.5353,45.9983],[-117.5539,45.9985],[-117.5539,45.9985],[-117.5674,45.9985],[-117.5837,45.9986],[-117.5925,45.9987],[-117.5936,45.9987],[-117.6242,45.9993],[-117.6322,45.9993],[-117.6419,45.9994],[-117.6629,45.9996],[-117.6839,45.9998],[-117.7031,45.9998],[-117.7128,45.9998],[-117.7287,45.9998],[-117.7446,45.9999],[-117.7448,45.9999],[-117.7502,45.9999],[-117.7525,45.9999],[-117.7689,45.9999],[-117.7711,45.9999],[-117.7973,46.0],[-117.802,46.0],[-117.8193,46.0001],[-117.8365,46.0001],[-117.8587,46.0001],[-117.8809,46.0002],[-117.8935,46.0002],[-117.9062,46.0003],[-117.9102,46.0003],[-117.9102,46.0003],[-117.9217,45.9926],[-117.9332,45.985],[-117.9446,45.9774],[-117.956,45.9697],[-117.9506,45.9564],[-117.9451,45.943],[-117.9396,45.9297],[-117.9341,45.9164],[-117.94,45.904],[-117.9459,45.8917],[-117.9517,45.8794],[-117.9576,45.8671],[-117.9635,45.8548],[-117.9694,45.8425],[-117.9753,45.8302],[-117.9811,45.8179],[-117.9946,45.8132],[-118.008,45.8084],[-118.0214,45.8037],[-118.0348,45.7989],[-118.0482,45.7942],[-118.0616,45.7894],[-118.075,45.7846],[-118.0884,45.7799],[-118.0724,45.7645],[-118.0564,45.7491],[-118.0405,45.7338],[-118.0245,45.7184],[-118.0334,45.6966],[-118.0423,45.6747],[-118.0349,45.6611],[-118.0276,45.6474],[-118.0202,45.6337],[-118.0129,45.62],[-118.0055,45.6064],[-117.9982,45.5927],[-117.9908,45.579],[-117.9835,45.5653],[-117.967,45.5652],[-117.9504,45.5651],[-117.9339,45.5649],[-117.9173,45.5648],[-117.9111,45.5663],[-117.906,45.581],[-117.9008,45.5956],[-117.8956,45.6103],[-117.8904,45.6249],[-117.8852,45.6396],[-117.88,45.6542],[-117.8749,45.6689],[-117.8697,45.6835],[-117.8484,45.6941],[-117.8272,45.7047],[-117.806,45.7153],[-117.7848,45.7259],[-117.7777,45.7419],[-117.7707,45.758],[-117.7636,45.774],[-117.7566,45.7901],[-117.7496,45.8062],[-117.7425,45.8222],[-117.7355,45.8383],[-117.7284,45.8543],[-117.7152,45.8609],[-117.7021,45.8675],[-117.6889,45.8741],[-117.6758,45.8807],[-117.6622,45.8755],[-117.6487,45.8702],[-117.6351,45.8649],[-117.6216,45.8597],[-117.6101,45.8662],[-117.5987,45.8727],[-117.5872,45.8792],[-117.5757,45.8857],[-117.5501,45.8887],[-117.5245,45.8918],[-117.4988,45.8949],[-117.4732,45.8979]]]},"properties":{"OBJECTID":666,"state":"Oregon","agency":"Oregon Department of Fish and Wildlife","unit_type":"WMU","unit_id":"56","unit_name":"WENAHA","unit_label":"Oregon WMU 56 - WENAHA","aliases":"2025 | 56 | 56 wenaha | game management unit | game management unit 56 | game management unit 56 wenaha | gmu | gmu 56 | gmu 56 wenaha | hunt unit | hunt unit 56 | hunt unit 56 wenaha | hunting unit | hunting unit 56 | hunting unit 56 wenaha | oregon | o","year":"2025","Shape_Length":177252.94718044755,"Shape_Area":1078214222.6399186}},{"type":"Feature","id":667,"geometry":{"type":"Polygon","coordinates":[[[-121.5813,45.4564],[-121.5781,45.4293],[-121.5748,45.4022],[-121.5715,45.3751],[-121.5682,45.348],[-121.5824,45.3401],[-121.5965,45.3321],[-121.6107,45.3242],[-121.6249,45.3162],[-121.639,45.3083],[-121.6532,45.3003],[-121.6673,45.2924],[-121.6815,45.2844],[-121.6977,45.2838],[-121.714,45.2832],[-121.7076,45.2678],[-121.7012,45.2524],[-121.6948,45.237],[-121.6885,45.2216],[-121.6821,45.2063],[-121.6757,45.1909],[-121.6693,45.1755],[-121.663,45.1601],[-121.6475,45.1528],[-121.632,45.1454],[-121.6166,45.1381],[-121.6011,45.1307],[-121.5841,45.1271],[-121.5671,45.1236],[-121.5501,45.12],[-121.5331,45.1164],[-121.5161,45.1128],[-121.4991,45.1092],[-121.4821,45.1056],[-121.4651,45.102],[-121.4481,45.0984],[-121.431,45.0949],[-121.4141,45.0913],[-121.3971,45.0877],[-121.3801,45.0841],[-121.3631,45.0805],[-121.3461,45.0768],[-121.3291,45.0732],[-121.3121,45.0696],[-121.2951,45.066],[-121.2781,45.0624],[-121.2611,45.0588],[-121.2442,45.0552],[-121.2272,45.0515],[-121.2102,45.0479],[-121.1932,45.0443],[-121.1763,45.0407],[-121.1593,45.037],[-121.1423,45.0334],[-121.1254,45.0298],[-121.1084,45.0261],[-121.0914,45.0225],[-121.0745,45.0189],[-121.0575,45.0152],[-121.0736,45.0236],[-121.0897,45.032],[-121.1058,45.0404],[-121.1218,45.0488],[-121.1226,45.1354],[-121.1234,45.222],[-121.1362,45.2297],[-121.149,45.2373],[-121.1618,45.2449],[-121.1746,45.2525],[-121.1703,45.2734],[-121.166,45.2942],[-121.1617,45.3151],[-121.1574,45.3359],[-121.1531,45.3568],[-121.1488,45.3776],[-121.1444,45.3984],[-121.1401,45.4193],[-121.1281,45.4383],[-121.116,45.4572],[-121.1039,45.4762],[-121.0919,45.4952],[-121.0983,45.5359],[-121.1047,45.5766],[-121.1211,45.5914],[-121.1376,45.6062],[-121.1612,45.6057],[-121.1848,45.6053],[-121.1934,45.6204],[-121.202,45.6356],[-121.2106,45.6507],[-121.2191,45.6659],[-121.2375,45.6702],[-121.2558,45.6746],[-121.2742,45.6789],[-121.2925,45.6832],[-121.3108,45.6876],[-121.3292,45.6919],[-121.3475,45.6962],[-121.3659,45.7005],[-121.3834,45.6938],[-121.4009,45.687],[-121.4184,45.6879],[-121.4358,45.6889],[-121.4527,45.6946],[-121.4696,45.7003],[-121.4865,45.706],[-121.5034,45.7116],[-121.5082,45.6713],[-121.513,45.6309],[-121.5268,45.6123],[-121.5405,45.5937],[-121.5543,45.5751],[-121.5681,45.5565],[-121.5714,45.5315],[-121.5747,45.5065],[-121.578,45.4815],[-121.5813,45.4564]]]},"properties":{"OBJECTID":667,"state":"Oregon","agency":"Oregon Department of Fish and Wildlife","unit_type":"WMU","unit_id":"41","unit_name":"WHITE RIVER","unit_label":"Oregon WMU 41 - WHITE RIVER","aliases":"2025 | 41 | 41 white river | game management unit | game management unit 41 | game management unit 41 white river | gmu | gmu 41 | gmu 41 white river | hunt unit | hunt unit 41 | hunt unit 41 white river | hunting unit | hunting unit 41 | hunting unit 41","year":"2025","Shape_Length":227019.57641409128,"Shape_Area":2429060853.7793217}},{"type":"Feature","id":668,"geometry":{"type":"Polygon","coordinates":[[[-122.198,43.0888],[-122.2151,43.0836],[-122.2323,43.0783],[-122.2494,43.073],[-122.2666,43.0677],[-122.2694,43.0418],[-122.2722,43.0158],[-122.2749,42.9898],[-122.2777,42.9638],[-122.2805,42.9378],[-122.2833,42.9119],[-122.286,42.8859],[-122.2888,42.8599],[-122.2833,42.8452],[-122.2777,42.8305],[-122.2722,42.8157],[-122.2667,42.801],[-122.2438,42.801],[-122.2209,42.801],[-122.198,42.801],[-122.1751,42.801],[-122.1512,42.801],[-122.1273,42.801],[-122.1035,42.801],[-122.0796,42.801],[-122.0708,42.7849],[-122.062,42.7687],[-122.0671,42.7849],[-122.0722,42.801],[-122.0541,42.801],[-122.036,42.801],[-122.0178,42.801],[-121.9997,42.801],[-121.9913,42.8121],[-121.9829,42.8231],[-121.9745,42.8342],[-121.9661,42.8452],[-121.9745,42.8573],[-121.9829,42.8693],[-121.9914,42.8813],[-121.9998,42.8933],[-121.983,42.9075],[-121.9661,42.9216],[-121.9745,42.9376],[-121.9829,42.9536],[-121.9913,42.9696],[-121.9997,42.9857],[-122.0022,43.0367],[-122.0046,43.0878],[-122.0263,43.0881],[-122.048,43.0883],[-122.0697,43.0886],[-122.0914,43.0889],[-122.118,43.0889],[-122.1447,43.0889],[-122.1713,43.0888],[-122.198,43.0888]]]},"properties":{"OBJECTID":668,"state":"Oregon","agency":"Oregon Department of Fish and Wildlife","unit_type":"WMU","unit_id":"1","unit_name":"CRATER LAKE NP","unit_label":"Oregon WMU 1 - CRATER LAKE NP","aliases":"1 | 1 crater lake np | 2025 | crater lake np | game management unit | game management unit 1 | game management unit 1 crater lake np | gmu | gmu 1 | gmu 1 crater lake np | hunt unit | hunt unit 1 | hunt unit 1 crater lake np | hunting unit | hunting unit","year":"2025","Shape_Length":115427.01044363683,"Shape_Area":743369291.08773}},{"type":"Feature","id":669,"geometry":{"type":"Polygon","coordinates":[[[-121.0788,44.8543],[-121.0735,44.8945],[-121.0682,44.9347],[-121.0628,44.975],[-121.0575,45.0152],[-121.0745,45.0189],[-121.0914,45.0225],[-121.1084,45.0261],[-121.1254,45.0298],[-121.1423,45.0334],[-121.1593,45.037],[-121.1763,45.0407],[-121.1932,45.0443],[-121.2102,45.0479],[-121.2272,45.0515],[-121.2442,45.0552],[-121.2611,45.0588],[-121.2781,45.0624],[-121.2951,45.066],[-121.3121,45.0696],[-121.3291,45.0732],[-121.3461,45.0768],[-121.3631,45.0805],[-121.3801,45.0841],[-121.3971,45.0877],[-121.4141,45.0913],[-121.431,45.0949],[-121.4481,45.0984],[-121.4651,45.102],[-121.4821,45.1056],[-121.4991,45.1092],[-121.5161,45.1128],[-121.5331,45.1164],[-121.5501,45.12],[-121.5671,45.1236],[-121.5841,45.1271],[-121.6011,45.1307],[-121.6159,45.1337],[-121.6307,45.1367],[-121.6455,45.1397],[-121.6603,45.1428],[-121.6751,45.1458],[-121.6898,45.1488],[-121.7046,45.1518],[-121.7194,45.1548],[-121.7245,45.1247],[-121.7295,45.0947],[-121.7345,45.0646],[-121.7396,45.0346],[-121.7446,45.0046],[-121.7496,44.9745],[-121.7546,44.9445],[-121.7596,44.9145],[-121.7646,44.8844],[-121.7696,44.8544],[-121.7746,44.8244],[-121.7796,44.7944],[-121.7846,44.7644],[-121.7896,44.7343],[-121.7946,44.7043],[-121.7996,44.6743],[-121.7981,44.6471],[-121.7768,44.6456],[-121.7554,44.6441],[-121.7341,44.6426],[-121.7127,44.6411],[-121.6978,44.6236],[-121.6828,44.6061],[-121.6679,44.5887],[-121.653,44.5712],[-121.6389,44.5834],[-121.6249,44.5957],[-121.6109,44.6079],[-121.5968,44.6202],[-121.6054,44.6345],[-121.6139,44.6488],[-121.5995,44.6554],[-121.5851,44.6621],[-121.5707,44.6687],[-121.5563,44.6754],[-121.5426,44.665],[-121.5289,44.6547],[-121.5152,44.6444],[-121.5015,44.634],[-121.4878,44.6237],[-121.4741,44.6133],[-121.4605,44.603],[-121.4468,44.5926],[-121.4267,44.5933],[-121.4067,44.5939],[-121.3867,44.5946],[-121.3666,44.5952],[-121.3466,44.5958],[-121.3266,44.5965],[-121.3065,44.5971],[-121.2865,44.5977],[-121.2796,44.6091],[-121.2728,44.6206],[-121.266,44.6321],[-121.2592,44.6435],[-121.2523,44.655],[-121.2455,44.6664],[-121.2386,44.6779],[-121.2318,44.6893],[-121.2387,44.7138],[-121.2456,44.7383],[-121.2326,44.7504],[-121.2196,44.7625],[-121.2066,44.7746],[-121.1936,44.7867],[-121.1758,44.789],[-121.158,44.7912],[-121.1403,44.7935],[-121.1225,44.7958],[-121.1116,44.8104],[-121.1006,44.825],[-121.0897,44.8396],[-121.0788,44.8543]]]},"properties":{"OBJECTID":669,"state":"Oregon","agency":"Oregon Department of Fish and Wildlife","unit_type":"WMU","unit_id":"0","unit_name":"WARM SPRINGS TRIBAL RES","unit_label":"Oregon WMU 0 - WARM SPRINGS TRIBAL RES","aliases":"0 | 0 warm springs tribal res | 2025 | game management unit | game management unit 0 | game management unit 0 warm springs tribal res | gmu | gmu 0 | gmu 0 warm springs tribal res | hunt unit | hunt unit 0 | hunt unit 0 warm springs tribal res | hunting","year":"2025","Shape_Length":222895.08943332967,"Shape_Area":2607980841.4862847}},{"type":"Feature","id":670,"geometry":{"type":"Polygon","coordinates":[[[-117.0902,45.9976],[-117.1094,45.9978],[-117.1286,45.9979],[-117.155,45.998],[-117.1814,45.9982],[-117.2078,45.9983],[-117.2342,45.9984],[-117.2567,45.9984],[-117.2792,45.9984],[-117.2836,45.9983],[-117.3016,45.9984],[-117.3196,45.9985],[-117.3359,45.9976],[-117.3522,45.9968],[-117.3559,45.9966],[-117.3821,45.9981],[-117.3822,45.998],[-117.3935,45.9855],[-117.4049,45.973],[-117.4163,45.9605],[-117.4277,45.948],[-117.4391,45.9355],[-117.4505,45.923],[-117.4618,45.9104],[-117.4732,45.8979],[-117.4988,45.8949],[-117.5245,45.8918],[-117.5501,45.8887],[-117.5757,45.8857],[-117.5872,45.8792],[-117.5987,45.8727],[-117.6101,45.8662],[-117.6216,45.8597],[-117.6351,45.8649],[-117.6487,45.8702],[-117.6622,45.8755],[-117.6758,45.8807],[-117.6889,45.8741],[-117.7021,45.8675],[-117.7152,45.8609],[-117.7284,45.8543],[-117.7355,45.8383],[-117.7425,45.8222],[-117.7496,45.8062],[-117.7566,45.7901],[-117.7636,45.774],[-117.7707,45.758],[-117.7777,45.7419],[-117.7848,45.7259],[-117.806,45.7153],[-117.8272,45.7047],[-117.8484,45.6941],[-117.8697,45.6835],[-117.8749,45.6689],[-117.88,45.6542],[-117.8852,45.6396],[-117.8904,45.6249],[-117.8956,45.6103],[-117.9008,45.5956],[-117.906,45.581],[-117.9111,45.5663],[-117.897,45.5748],[-117.8829,45.5833],[-117.8644,45.5835],[-117.846,45.5837],[-117.8275,45.5839],[-117.809,45.5841],[-117.7905,45.5844],[-117.7721,45.5846],[-117.7536,45.5848],[-117.7351,45.5849],[-117.7283,45.6031],[-117.7215,45.6213],[-117.6934,45.6256],[-117.6653,45.6299],[-117.64,45.6223],[-117.6147,45.6147],[-117.5894,45.6071],[-117.5641,45.5995],[-117.5525,45.5901],[-117.541,45.5807],[-117.5294,45.5713],[-117.5179,45.5619],[-117.5064,45.5525],[-117.4949,45.5431],[-117.4834,45.5337],[-117.4718,45.5243],[-117.4603,45.5149],[-117.4488,45.5055],[-117.4373,45.4961],[-117.4258,45.4867],[-117.4143,45.4772],[-117.4028,45.4678],[-117.3913,45.4584],[-117.3798,45.449],[-117.3543,45.4434],[-117.3288,45.4377],[-117.3033,45.4321],[-117.2778,45.4264],[-117.2659,45.4186],[-117.2541,45.4108],[-117.2422,45.403],[-117.2304,45.3951],[-117.2113,45.3996],[-117.1922,45.4041],[-117.1732,45.4086],[-117.1541,45.4131],[-117.1504,45.4495],[-117.1467,45.4859],[-117.1295,45.5001],[-117.1124,45.5144],[-117.1158,45.5347],[-117.1192,45.5551],[-117.1226,45.5754],[-117.126,45.5958],[-117.1294,45.6162],[-117.1328,45.6366],[-117.1362,45.6569],[-117.1396,45.6773],[-117.1453,45.6927],[-117.151,45.7081],[-117.1567,45.7235],[-117.1624,45.7389],[-117.1681,45.7543],[-117.1738,45.7697],[-117.1795,45.7851],[-117.1852,45.8005],[-117.1981,45.8071],[-117.2109,45.8136],[-117.2237,45.8202],[-117.2365,45.8267],[-117.2389,45.8748],[-117.2204,45.8902],[-117.2018,45.9055],[-117.1832,45.9209],[-117.1646,45.9362],[-117.146,45.9516],[-117.1274,45.9669],[-117.1088,45.9823],[-117.0902,45.9976],[-117.0902,45.9976]]]},"properties":{"OBJECTID":670,"state":"Oregon","agency":"Oregon Department of Fish and Wildlife","unit_type":"WMU","unit_id":"57","unit_name":"SLED SPRINGS","unit_label":"Oregon WMU 57 - SLED SPRINGS","aliases":"2025 | 57 | 57 sled springs | game management unit | game management unit 57 | game management unit 57 sled springs | gmu | gmu 57 | gmu 57 sled springs | hunt unit | hunt unit 57 | hunt unit 57 sled springs | hunting unit | hunting unit 57 | hunting uni","year":"2025","Shape_Length":241091.38979749338,"Shape_Area":2306334653.6774135}},{"type":"Feature","id":671,"geometry":{"type":"Polygon","coordinates":[[[-117.7105,45.3681],[-117.7132,45.4314],[-117.716,45.4947],[-117.7187,45.558],[-117.7215,45.6213],[-117.7283,45.6031],[-117.7351,45.5849],[-117.7536,45.5848],[-117.7721,45.5846],[-117.7905,45.5844],[-117.809,45.5841],[-117.8275,45.5839],[-117.846,45.5837],[-117.8644,45.5835],[-117.8829,45.5833],[-117.897,45.5748],[-117.9111,45.5663],[-117.9173,45.5648],[-117.9268,45.5407],[-117.9362,45.5166],[-117.9456,45.4925],[-117.955,45.4684],[-117.9645,45.4443],[-117.9739,45.4202],[-117.9833,45.3961],[-117.9927,45.372],[-118.0126,45.362],[-118.0325,45.352],[-118.0525,45.3419],[-118.0724,45.3319],[-118.0661,45.3205],[-118.0598,45.3091],[-118.0534,45.2977],[-118.0471,45.2863],[-118.0408,45.2749],[-118.0345,45.2635],[-118.0282,45.2521],[-118.0219,45.2407],[-118.0156,45.2294],[-118.0093,45.218],[-118.003,45.2066],[-117.9967,45.1952],[-117.9904,45.1838],[-117.9841,45.1724],[-117.9778,45.161],[-117.9715,45.1496],[-117.9658,45.1341],[-117.9601,45.1186],[-117.9544,45.1031],[-117.9487,45.0876],[-117.943,45.0721],[-117.9373,45.0566],[-117.9316,45.0412],[-117.9259,45.0257],[-117.922,45.0189],[-117.9128,45.029],[-117.9035,45.0391],[-117.8943,45.0493],[-117.885,45.0594],[-117.863,45.0515],[-117.841,45.0436],[-117.819,45.0356],[-117.797,45.0277],[-117.7852,45.0091],[-117.7735,44.9905],[-117.7618,44.9718],[-117.7501,44.9532],[-117.7305,44.9434],[-117.7109,44.9337],[-117.6913,44.9239],[-117.6717,44.9141],[-117.6652,44.939],[-117.6586,44.9638],[-117.652,44.9886],[-117.6454,45.0134],[-117.6233,45.0045],[-117.6011,44.9956],[-117.5874,45.0031],[-117.5737,45.0105],[-117.56,45.018],[-117.5463,45.0254],[-117.542,45.0526],[-117.5376,45.0797],[-117.5376,45.0797],[-117.5239,45.0924],[-117.5102,45.1051],[-117.4965,45.1178],[-117.4829,45.1305],[-117.4954,45.1392],[-117.5078,45.1479],[-117.5203,45.1567],[-117.5328,45.1654],[-117.5454,45.1741],[-117.5579,45.1828],[-117.5704,45.1916],[-117.5829,45.2003],[-117.5765,45.2389],[-117.5952,45.2331],[-117.614,45.2272],[-117.6327,45.2213],[-117.6515,45.2155],[-117.6589,45.2345],[-117.6662,45.2536],[-117.6736,45.2727],[-117.681,45.2918],[-117.6883,45.3108],[-117.6957,45.3299],[-117.7031,45.349],[-117.7105,45.3681]]]},"properties":{"OBJECTID":671,"state":"Oregon","agency":"Oregon Department of Fish and Wildlife","unit_type":"WMU","unit_id":"53","unit_name":"CATHERINE CREEK","unit_label":"Oregon WMU 53 - CATHERINE CREEK","aliases":"2025 | 53 | 53 catherine creek | catherine creek | game management unit | game management unit 53 | game management unit 53 catherine creek | gmu | gmu 53 | gmu 53 catherine creek | hunt unit | hunt unit 53 | hunt unit 53 catherine creek | hunting unit |","year":"2025","Shape_Length":217046.90998284923,"Shape_Area":1731169127.6878982}},{"type":"Feature","id":672,"geometry":{"type":"Polygon","coordinates":[[[-123.9834,44.8815],[-123.9939,44.8929],[-124.0045,44.9043],[-124.0151,44.9157],[-124.0257,44.9271],[-124.0359,44.903],[-124.0462,44.8789],[-124.0564,44.8548],[-124.0667,44.8307],[-124.0647,44.7877],[-124.0627,44.7447],[-124.0607,44.7017],[-124.0587,44.6587],[-124.0638,44.6187],[-124.0688,44.5787],[-124.0739,44.5386],[-124.0789,44.4986],[-124.0839,44.4586],[-124.0889,44.4186],[-124.0939,44.3786],[-124.099,44.3386],[-124.104,44.2986],[-124.109,44.2586],[-124.1139,44.2186],[-124.1189,44.1786],[-124.1239,44.1386],[-124.1289,44.0986],[-124.1339,44.0586],[-124.1388,44.0186],[-124.1318,44.0055],[-124.1247,43.9925],[-124.1177,43.9794],[-124.1106,43.9663],[-124.0927,43.973],[-124.0748,43.9797],[-124.0569,43.9864],[-124.0391,43.9931],[-124.0212,43.9997],[-124.0033,44.0064],[-123.9854,44.0131],[-123.9674,44.0198],[-123.9397,44.0192],[-123.9119,44.0187],[-123.8841,44.0181],[-123.8563,44.0175],[-123.865,44.0463],[-123.8737,44.075],[-123.8547,44.07],[-123.8357,44.0651],[-123.8167,44.0601],[-123.7977,44.0551],[-123.7896,44.0651],[-123.7815,44.0751],[-123.7735,44.0851],[-123.7654,44.0951],[-123.7481,44.0978],[-123.7308,44.1006],[-123.7135,44.1033],[-123.6963,44.1061],[-123.679,44.1088],[-123.6617,44.1115],[-123.6444,44.1143],[-123.6271,44.117],[-123.6167,44.1269],[-123.6062,44.1369],[-123.5957,44.1469],[-123.5852,44.1568],[-123.5747,44.1668],[-123.5643,44.1767],[-123.5538,44.1867],[-123.5433,44.1967],[-123.5243,44.1966],[-123.5053,44.1966],[-123.4863,44.1966],[-123.4673,44.1966],[-123.4572,44.1833],[-123.447,44.1701],[-123.4369,44.1569],[-123.4267,44.1437],[-123.4092,44.1494],[-123.3917,44.1552],[-123.3742,44.1609],[-123.3566,44.1667],[-123.3391,44.1724],[-123.3216,44.1781],[-123.3041,44.1839],[-123.2865,44.1896],[-123.2891,44.2763],[-123.2916,44.363],[-123.3076,44.3633],[-123.3236,44.3636],[-123.3395,44.3638],[-123.3555,44.3641],[-123.3498,44.38],[-123.344,44.3958],[-123.3382,44.4116],[-123.3324,44.4274],[-123.3471,44.4352],[-123.3617,44.4429],[-123.3763,44.4506],[-123.391,44.4584],[-123.4056,44.4661],[-123.4203,44.4738],[-123.435,44.4816],[-123.4496,44.4893],[-123.4336,44.5023],[-123.4175,44.5153],[-123.4014,44.5282],[-123.3854,44.5412],[-123.3703,44.5433],[-123.3551,44.5453],[-123.34,44.5474],[-123.3249,44.5494],[-123.3098,44.5515],[-123.2946,44.5536],[-123.2795,44.5556],[-123.2644,44.5577],[-123.2587,44.5734],[-123.253,44.5892],[-123.2472,44.605],[-123.2415,44.6208],[-123.2358,44.6366],[-123.2301,44.6524],[-123.2244,44.6682],[-123.2186,44.684],[-123.2209,44.714],[-123.2231,44.7441],[-123.2439,44.7421],[-123.2647,44.7401],[-123.2855,44.7381],[-123.3062,44.7361],[-123.315,44.7478],[-123.3237,44.7595],[-123.3325,44.7711],[-123.3412,44.7828],[-123.35,44.7945],[-123.3587,44.8062],[-123.3675,44.8179],[-123.3763,44.8295],[-123.3913,44.8385],[-123.4064,44.8475],[-123.4215,44.8564],[-123.4366,44.8654],[-123.4615,44.8546],[-123.4863,44.8437],[-123.5112,44.8329],[-123.536,44.8221],[-123.5617,44.8238],[-123.5873,44.8254],[-123.613,44.8271],[-123.6387,44.8288],[-123.6577,44.8422],[-123.6767,44.8556],[-123.6958,44.8691],[-123.7148,44.8825],[-123.7264,44.8738],[-123.738,44.8652],[-123.7496,44.8565],[-123.7612,44.8478],[-123.768,44.8314],[-123.7748,44.8151],[-123.7816,44.7987],[-123.7883,44.7823],[-123.8124,44.7803],[-123.8364,44.7783],[-123.8255,44.7679],[-123.8145,44.7574],[-123.8036,44.7469],[-123.7926,44.7364],[-123.8217,44.7349],[-123.8507,44.7334],[-123.8797,44.7319],[-123.9087,44.7304],[-123.9095,44.8],[-123.926,44.8024],[-123.9426,44.8049],[-123.9592,44.8073],[-123.9757,44.8098],[-123.9796,44.8456],[-123.9834,44.8815]]]},"properties":{"OBJECTID":672,"state":"Oregon","agency":"Oregon Department of Fish and Wildlife","unit_type":"WMU","unit_id":"18","unit_name":"ALSEA","unit_label":"Oregon WMU 18 - ALSEA","aliases":"18 | 18 alsea | 2025 | alsea | game management unit | game management unit 18 | game management unit 18 alsea | gmu | gmu 18 | gmu 18 alsea | hunt unit | hunt unit 18 | hunt unit 18 alsea | hunting unit | hunting unit 18 | hunting unit 18 alsea | oregon","year":"2025","Shape_Length":387037.3650287735,"Shape_Area":5067040162.998924}},{"type":"Feature","id":673,"geometry":{"type":"Polygon","coordinates":[[[-123.5433,44.1967],[-123.5538,44.1867],[-123.5643,44.1767],[-123.5747,44.1668],[-123.5852,44.1568],[-123.5957,44.1469],[-123.6062,44.1369],[-123.6167,44.1269],[-123.6271,44.117],[-123.6444,44.1143],[-123.6617,44.1115],[-123.679,44.1088],[-123.6963,44.1061],[-123.7135,44.1033],[-123.7308,44.1006],[-123.7481,44.0978],[-123.7654,44.0951],[-123.7735,44.0851],[-123.7815,44.0751],[-123.7896,44.0651],[-123.7977,44.0551],[-123.8167,44.0601],[-123.8357,44.0651],[-123.8547,44.07],[-123.8737,44.075],[-123.865,44.0463],[-123.8563,44.0175],[-123.8841,44.0181],[-123.9119,44.0187],[-123.9397,44.0192],[-123.9674,44.0198],[-123.9854,44.0131],[-124.0033,44.0064],[-124.0212,43.9997],[-124.0391,43.9931],[-124.0569,43.9864],[-124.0748,43.9797],[-124.0927,43.973],[-124.1106,43.9663],[-124.1177,43.9794],[-124.1247,43.9925],[-124.1318,44.0055],[-124.1388,44.0186],[-124.142,43.9953],[-124.1451,43.972],[-124.1482,43.9488],[-124.1514,43.9255],[-124.1545,43.9022],[-124.1576,43.8789],[-124.1608,43.8556],[-124.1639,43.8324],[-124.1695,43.8117],[-124.175,43.791],[-124.1805,43.7703],[-124.1861,43.7497],[-124.1916,43.729],[-124.1971,43.7083],[-124.2027,43.6877],[-124.2082,43.667],[-124.1908,43.6835],[-124.1734,43.7],[-124.156,43.7165],[-124.1386,43.733],[-124.1193,43.7226],[-124.1001,43.7121],[-124.0808,43.7016],[-124.0616,43.6911],[-124.0324,43.6894],[-124.0032,43.6876],[-123.974,43.6858],[-123.9448,43.684],[-123.9334,43.6757],[-123.9221,43.6674],[-123.9108,43.6591],[-123.8994,43.6508],[-123.8751,43.6519],[-123.8508,43.6531],[-123.8265,43.6542],[-123.8022,43.6553],[-123.7779,43.6565],[-123.7535,43.6576],[-123.7292,43.6587],[-123.7049,43.6598],[-123.6865,43.6479],[-123.6682,43.6361],[-123.643,43.6352],[-123.6179,43.6343],[-123.5928,43.6334],[-123.5677,43.6325],[-123.546,43.6411],[-123.5243,43.6497],[-123.5026,43.6583],[-123.4809,43.6669],[-123.4602,43.6664],[-123.4394,43.6659],[-123.4187,43.6654],[-123.398,43.6649],[-123.3773,43.6643],[-123.3566,43.6638],[-123.3359,43.6633],[-123.3152,43.6628],[-123.3,43.6807],[-123.2847,43.6985],[-123.2687,43.7008],[-123.2526,43.7031],[-123.2366,43.7054],[-123.2206,43.7076],[-123.2094,43.7181],[-123.1982,43.7286],[-123.187,43.739],[-123.1758,43.7495],[-123.1474,43.7549],[-123.1189,43.7604],[-123.0905,43.7658],[-123.0621,43.7712],[-123.056,43.7832],[-123.0499,43.7953],[-123.0438,43.8073],[-123.0377,43.8193],[-123.0316,43.8313],[-123.0255,43.8433],[-123.0194,43.8553],[-123.0133,43.8673],[-123.0099,43.9321],[-123.0064,43.9968],[-123.0165,44.0186],[-123.0267,44.0404],[-123.0368,44.0623],[-123.0469,44.0841],[-123.0624,44.0851],[-123.0779,44.086],[-123.0934,44.087],[-123.109,44.0879],[-123.1245,44.0889],[-123.14,44.0898],[-123.1555,44.0908],[-123.171,44.0917],[-123.173,44.0482],[-123.1887,44.0483],[-123.2045,44.0485],[-123.2202,44.0487],[-123.236,44.0488],[-123.2517,44.049],[-123.2674,44.0492],[-123.2832,44.0493],[-123.2989,44.0495],[-123.3147,44.0497],[-123.3304,44.0498],[-123.3461,44.05],[-123.3619,44.0501],[-123.3776,44.0503],[-123.3934,44.0504],[-123.4091,44.0506],[-123.4249,44.0507],[-123.4346,44.0685],[-123.4444,44.0863],[-123.4542,44.104],[-123.464,44.1218],[-123.4454,44.1327],[-123.4267,44.1437],[-123.4369,44.1569],[-123.447,44.1701],[-123.4572,44.1833],[-123.4673,44.1966],[-123.4863,44.1966],[-123.5053,44.1966],[-123.5243,44.1966],[-123.5433,44.1967]]]},"properties":{"OBJECTID":673,"state":"Oregon","agency":"Oregon Department of Fish and Wildlife","unit_type":"WMU","unit_id":"20","unit_name":"SIUSLAW","unit_label":"Oregon WMU 20 - SIUSLAW","aliases":"20 | 20 siuslaw | 2025 | game management unit | game management unit 20 | game management unit 20 siuslaw | gmu | gmu 20 | gmu 20 siuslaw | hunt unit | hunt unit 20 | hunt unit 20 siuslaw | hunting unit | hunting unit 20 | hunting unit 20 siuslaw | orego","year":"2025","Shape_Length":310302.15207383345,"Shape_Area":3951090574.916455}},{"type":"Feature","id":674,"geometry":{"type":"Polygon","coordinates":[[[-122.7451,43.9065],[-122.761,43.9083],[-122.777,43.9101],[-122.7929,43.9119],[-122.8089,43.9137],[-122.8335,43.9241],[-122.8582,43.9345],[-122.8829,43.9449],[-122.9076,43.9553],[-122.9323,43.9657],[-122.957,43.976],[-122.9817,43.9864],[-123.0064,43.9968],[-123.0099,43.9321],[-123.0133,43.8673],[-123.0194,43.8553],[-123.0255,43.8433],[-123.0316,43.8313],[-123.0377,43.8193],[-123.0438,43.8073],[-123.0499,43.7953],[-123.056,43.7832],[-123.0621,43.7712],[-123.0675,43.7402],[-123.073,43.7091],[-123.0785,43.6781],[-123.084,43.647],[-123.0841,43.6469],[-123.0994,43.6306],[-123.1147,43.6142],[-123.13,43.5978],[-123.1453,43.5814],[-123.1605,43.565],[-123.1758,43.5487],[-123.1911,43.5323],[-123.2063,43.5159],[-123.2044,43.4152],[-123.2024,43.3144],[-123.1862,43.3138],[-123.17,43.3131],[-123.1537,43.3124],[-123.1375,43.3117],[-123.1213,43.3111],[-123.1051,43.3104],[-123.0888,43.3097],[-123.0726,43.309],[-123.0574,43.315],[-123.0421,43.3209],[-123.0269,43.3269],[-123.0117,43.3328],[-122.9968,43.3281],[-122.982,43.3234],[-122.9672,43.3186],[-122.9524,43.3139],[-122.9376,43.3092],[-122.9228,43.3044],[-122.908,43.2997],[-122.8932,43.295],[-122.8766,43.3009],[-122.8601,43.3068],[-122.8435,43.3127],[-122.827,43.3186],[-122.8104,43.3245],[-122.7938,43.3304],[-122.7772,43.3363],[-122.7607,43.3422],[-122.7394,43.3326],[-122.7182,43.323],[-122.6969,43.3134],[-122.6757,43.3038],[-122.65,43.2997],[-122.6243,43.2956],[-122.5987,43.2915],[-122.573,43.2875],[-122.5555,43.2923],[-122.5381,43.2971],[-122.5206,43.3019],[-122.5031,43.3067],[-122.4871,43.2985],[-122.4711,43.2903],[-122.4552,43.2821],[-122.4392,43.2739],[-122.4232,43.2657],[-122.4072,43.2575],[-122.3913,43.2493],[-122.3753,43.2411],[-122.35,43.2432],[-122.3247,43.2454],[-122.2994,43.2476],[-122.274,43.2497],[-122.2487,43.2519],[-122.2234,43.254],[-122.1981,43.2561],[-122.1727,43.2583],[-122.1564,43.2451],[-122.14,43.2318],[-122.1361,43.1792],[-122.1323,43.1266],[-122.122,43.1172],[-122.1118,43.1078],[-122.1016,43.0984],[-122.0914,43.089],[-122.0864,43.1028],[-122.0814,43.1166],[-122.0764,43.1305],[-122.0714,43.1443],[-122.0664,43.1581],[-122.0614,43.1719],[-122.0564,43.1858],[-122.0514,43.1996],[-122.0363,43.2131],[-122.0212,43.2266],[-122.006,43.2401],[-121.9909,43.2536],[-121.9984,43.2798],[-122.0059,43.3061],[-122.0134,43.3324],[-122.0209,43.3586],[-122.0363,43.3768],[-122.0517,43.3949],[-122.0671,43.413],[-122.0826,43.4311],[-122.098,43.4492],[-122.1134,43.4673],[-122.1289,43.4854],[-122.1444,43.5035],[-122.1425,43.5046],[-122.1378,43.5083],[-122.1374,43.5086],[-122.137,43.5095],[-122.1364,43.5114],[-122.1246,43.5214],[-122.1243,43.5212],[-122.1201,43.5218],[-122.12,43.5219],[-122.1199,43.5271],[-122.12,43.5274],[-122.1265,43.5393],[-122.133,43.5512],[-122.1206,43.557],[-122.1083,43.5628],[-122.096,43.5686],[-122.0836,43.5744],[-122.0712,43.5802],[-122.0589,43.586],[-122.0465,43.5918],[-122.0342,43.5976],[-122.056,43.6009],[-122.0777,43.6041],[-122.0995,43.6074],[-122.1213,43.6107],[-122.1347,43.6167],[-122.1481,43.6227],[-122.1616,43.6288],[-122.175,43.6348],[-122.1884,43.6408],[-122.2018,43.6468],[-122.2153,43.6528],[-122.2287,43.6588],[-122.2444,43.6713],[-122.2602,43.6838],[-122.2759,43.6963],[-122.2917,43.7088],[-122.3208,43.7133],[-122.35,43.7179],[-122.3791,43.7224],[-122.4083,43.727],[-122.4374,43.7315],[-122.4666,43.736],[-122.4958,43.7405],[-122.5249,43.745],[-122.5309,43.7783],[-122.5443,43.7864],[-122.5576,43.7944],[-122.571,43.8024],[-122.5844,43.8104],[-122.5978,43.8184],[-122.6111,43.8264],[-122.6245,43.8344],[-122.6379,43.8424],[-122.6513,43.8505],[-122.6647,43.8585],[-122.6781,43.8665],[-122.6915,43.8745],[-122.7049,43.8825],[-122.7183,43.8905],[-122.7317,43.8985],[-122.7451,43.9065]]]},"properties":{"OBJECTID":674,"state":"Oregon","agency":"Oregon Department of Fish and Wildlife","unit_type":"WMU","unit_id":"21","unit_name":"INDIGO","unit_label":"Oregon WMU 21 - INDIGO","aliases":"2025 | 21 | 21 indigo | game management unit | game management unit 21 | game management unit 21 indigo | gmu | gmu 21 | gmu 21 indigo | hunt unit | hunt unit 21 | hunt unit 21 indigo | hunting unit | hunting unit 21 | hunting unit 21 indigo | indigo | o","year":"2025","Shape_Length":352235.6814949459,"Shape_Area":5027908497.517724}},{"type":"Feature","id":675,"geometry":{"type":"Polygon","coordinates":[[[-123.0891,42.432],[-123.1195,42.4311],[-123.1498,42.4303],[-123.1802,42.4294],[-123.2105,42.4285],[-123.2409,42.4276],[-123.2713,42.4267],[-123.3016,42.4258],[-123.332,42.4249],[-123.3564,42.4212],[-123.3807,42.4176],[-123.4051,42.4139],[-123.4295,42.4102],[-123.4436,42.4042],[-123.4577,42.3983],[-123.4719,42.3923],[-123.486,42.3863],[-123.5001,42.3804],[-123.5142,42.3744],[-123.5283,42.3684],[-123.5424,42.3625],[-123.559,42.3493],[-123.5757,42.3362],[-123.5923,42.323],[-123.6089,42.3098],[-123.6184,42.2891],[-123.6279,42.2683],[-123.6374,42.2476],[-123.6468,42.2268],[-123.6492,42.189],[-123.6515,42.1512],[-123.6614,42.1357],[-123.6712,42.1201],[-123.681,42.1045],[-123.6909,42.0889],[-123.7007,42.0734],[-123.7105,42.0578],[-123.7203,42.0422],[-123.7301,42.0266],[-123.7214,41.9975],[-123.7209,41.9969],[-123.7006,41.997],[-123.6735,41.9973],[-123.6464,41.9975],[-123.6298,41.9976],[-123.6133,41.9977],[-123.5967,41.9979],[-123.5802,41.998],[-123.5636,41.9982],[-123.5471,41.9983],[-123.5306,41.9984],[-123.514,41.9986],[-123.4975,41.9987],[-123.4809,41.9988],[-123.4644,41.9989],[-123.4478,41.999],[-123.4313,41.9992],[-123.4148,41.9993],[-123.3982,41.9994],[-123.3817,41.9995],[-123.3778,41.9995],[-123.3708,41.9996],[-123.3454,41.9998],[-123.32,42.0],[-123.2983,42.0002],[-123.2766,42.0003],[-123.2548,42.0005],[-123.2331,42.0007],[-123.2113,42.0009],[-123.1896,42.001],[-123.1679,42.0012],[-123.1461,42.0013],[-123.1456,42.0013],[-123.1437,42.0013],[-123.1399,42.0014],[-123.1385,42.0014],[-123.1091,42.0017],[-123.0796,42.0019],[-123.0501,42.0022],[-123.0207,42.0025],[-122.9912,42.0027],[-122.9617,42.003],[-122.9323,42.0032],[-122.9028,42.0034],[-122.8733,42.0037],[-122.8439,42.0039],[-122.8144,42.0041],[-122.7849,42.0043],[-122.7555,42.0045],[-122.726,42.0047],[-122.6965,42.0049],[-122.6671,42.005],[-122.6468,42.0052],[-122.6266,42.0054],[-122.6173,42.0054],[-122.6153,42.0054],[-122.6154,42.0057],[-122.6114,42.0251],[-122.6074,42.0444],[-122.6034,42.0638],[-122.5994,42.0831],[-122.6084,42.097],[-122.6175,42.1109],[-122.6265,42.1248],[-122.6356,42.1386],[-122.6447,42.1525],[-122.6538,42.1664],[-122.6628,42.1802],[-122.6719,42.1941],[-122.6841,42.2002],[-122.6963,42.2062],[-122.7085,42.2123],[-122.7207,42.2184],[-122.7329,42.2244],[-122.7451,42.2305],[-122.7573,42.2366],[-122.7695,42.2426],[-122.7828,42.2561],[-122.7962,42.2695],[-122.8096,42.283],[-122.823,42.2965],[-122.8364,42.3099],[-122.8497,42.3234],[-122.8631,42.3369],[-122.8765,42.3503],[-122.8922,42.3639],[-122.9079,42.3774],[-122.9236,42.3909],[-122.9392,42.4045],[-122.958,42.4079],[-122.9767,42.4114],[-122.9954,42.4148],[-123.0142,42.4183],[-123.0329,42.4217],[-123.0516,42.4251],[-123.0704,42.4286],[-123.0891,42.432]]]},"properties":{"OBJECTID":675,"state":"Oregon","agency":"Oregon Department of Fish and Wildlife","unit_type":"WMU","unit_id":"28","unit_name":"APPLEGATE","unit_label":"Oregon WMU 28 - APPLEGATE","aliases":"2025 | 28 | 28 applegate | applegate | game management unit | game management unit 28 | game management unit 28 applegate | gmu | gmu 28 | gmu 28 applegate | hunt unit | hunt unit 28 | hunt unit 28 applegate | hunting unit | hunting unit 28 | hunting uni","year":"2025","Shape_Length":242386.08943908938,"Shape_Area":3450967262.829008}}]}