{"type":"FeatureCollection","features":[{"type":"Feature","id":785,"geometry":{"type":"Polygon","coordinates":[[[-117.0411,41.9999],[-117.0664,41.9999],[-117.0917,41.9999],[-117.1171,41.9999],[-117.1424,41.9999],[-117.1677,41.9999],[-117.193,41.9999],[-117.2183,41.9999],[-117.2436,41.9999],[-117.2665,41.9998],[-117.2893,41.9997],[-117.3095,41.9996],[-117.3297,41.9996],[-117.3499,41.9995],[-117.3701,41.9995],[-117.3912,41.9994],[-117.4122,41.9994],[-117.4333,41.9993],[-117.4544,41.9993],[-117.4755,41.9992],[-117.4966,41.9991],[-117.5176,41.999],[-117.5387,41.999],[-117.5601,41.9988],[-117.5814,41.9987],[-117.6028,41.9986],[-117.6241,41.9984],[-117.6478,41.9984],[-117.6714,41.9983],[-117.695,41.9983],[-117.7187,41.9982],[-117.7165,41.9627],[-117.7143,41.9271],[-117.7121,41.8916],[-117.7099,41.8561],[-117.7179,41.8381],[-117.7259,41.8201],[-117.7339,41.8022],[-117.7419,41.7842],[-117.7498,41.7662],[-117.7578,41.7483],[-117.7658,41.7303],[-117.7737,41.7124],[-117.7764,41.6758],[-117.779,41.6392],[-117.7816,41.6026],[-117.7842,41.566],[-117.7868,41.5295],[-117.7894,41.4929],[-117.792,41.4563],[-117.7946,41.4198],[-117.7884,41.4077],[-117.7823,41.3957],[-117.7711,41.3838],[-117.76,41.3718],[-117.7489,41.3599],[-117.7377,41.348],[-117.7266,41.336],[-117.7155,41.3241],[-117.7044,41.3121],[-117.6932,41.3002],[-117.6898,41.2689],[-117.6863,41.2375],[-117.6829,41.2062],[-117.6795,41.1749],[-117.6872,41.1502],[-117.6949,41.1254],[-117.7026,41.1007],[-117.7103,41.0759],[-117.7181,41.0512],[-117.7258,41.0264],[-117.7335,41.0017],[-117.7412,40.9769],[-117.7389,40.975],[-117.7207,40.9814],[-117.7025,40.9877],[-117.6844,40.994],[-117.6662,41.0003],[-117.648,41.0067],[-117.6298,41.013],[-117.6116,41.0193],[-117.5935,41.0256],[-117.5809,41.016],[-117.5683,41.0063],[-117.5557,40.9967],[-117.5432,40.9871],[-117.5306,40.9774],[-117.518,40.9678],[-117.5055,40.9582],[-117.4929,40.9485],[-117.4743,40.9446],[-117.4557,40.9407],[-117.4372,40.9367],[-117.4186,40.9328],[-117.4,40.9289],[-117.3814,40.9249],[-117.3628,40.921],[-117.3442,40.917],[-117.3262,40.9085],[-117.3082,40.8999],[-117.2901,40.8913],[-117.2721,40.8827],[-117.2541,40.8741],[-117.2361,40.8655],[-117.2181,40.8569],[-117.2,40.8483],[-117.1822,40.8342],[-117.1644,40.8201],[-117.1465,40.8061],[-117.1287,40.792],[-117.1149,40.7813],[-117.1012,40.7706],[-117.0874,40.7599],[-117.0736,40.7492],[-117.0599,40.7384],[-117.0461,40.7277],[-117.0324,40.717],[-117.0186,40.7063],[-117.0186,40.7933],[-117.0179,41.1475],[-117.0337,41.1433],[-117.0495,41.139],[-117.0653,41.1348],[-117.0812,41.1305],[-117.097,41.1263],[-117.1128,41.122],[-117.1286,41.1177],[-117.1444,41.1135],[-117.1514,41.1381],[-117.1584,41.1628],[-117.1484,41.1798],[-117.1384,41.1968],[-117.1284,41.2138],[-117.1184,41.2307],[-117.1084,41.2477],[-117.0984,41.2647],[-117.0884,41.2817],[-117.0784,41.2987],[-117.0884,41.3087],[-117.0984,41.3188],[-117.1085,41.3288],[-117.1185,41.3388],[-117.1286,41.3489],[-117.1386,41.3589],[-117.1486,41.369],[-117.1587,41.379],[-117.1518,41.3902],[-117.1448,41.4014],[-117.1379,41.4126],[-117.1309,41.4238],[-117.1168,41.4312],[-117.1026,41.4387],[-117.0885,41.4461],[-117.0743,41.4535],[-117.0602,41.461],[-117.046,41.4684],[-117.0319,41.4758],[-117.0177,41.4833],[-117.018,41.7414],[-117.0183,41.9995],[-117.0184,41.9997],[-117.0225,41.9999],[-117.0411,41.9999]]]},"properties":{"OBJECTID":785,"state":"Nevada","agency":"Nevada Department of Wildlife","unit_type":"GMU","unit_id":"5","unit_name":"Partee","unit_label":"Nevada GMU 5 - Partee","aliases":"2025 | 5 | 5 partee | game management unit | game management unit 5 | game management unit 5 partee | gmu | gmu 5 | gmu 5 partee | hunt unit | hunt unit 5 | hunt unit 5 partee | hunting unit | hunting unit 5 | hunting unit 5 partee | nevada | nevada 5 |","year":"2025","Shape_Length":419715.5162815271,"Shape_Area":6985869538.643474}},{"type":"Feature","id":786,"geometry":{"type":"Polygon","coordinates":[[[-116.1504,39.2677],[-116.1686,39.2787],[-116.1868,39.2897],[-116.205,39.3007],[-116.2232,39.3117],[-116.2407,39.3068],[-116.2581,39.302],[-116.2756,39.2972],[-116.293,39.2924],[-116.3107,39.2958],[-116.3284,39.2992],[-116.3462,39.3026],[-116.3639,39.3061],[-116.3646,39.1959],[-116.3582,39.1803],[-116.3518,39.1646],[-116.3454,39.149],[-116.339,39.1333],[-116.3326,39.1177],[-116.3262,39.102],[-116.3198,39.0864],[-116.3134,39.0707],[-116.3183,39.0384],[-116.3232,39.006],[-116.3281,38.9737],[-116.333,38.9413],[-116.3506,38.9258],[-116.3681,38.9103],[-116.3856,38.8949],[-116.4032,38.8794],[-116.4005,38.8523],[-116.4186,38.8448],[-116.4367,38.8372],[-116.4547,38.8296],[-116.4728,38.822],[-116.478,38.7896],[-116.4831,38.7573],[-116.472,38.7359],[-116.4608,38.7145],[-116.4664,38.669],[-116.472,38.6234],[-116.4775,38.5779],[-116.4831,38.5323],[-116.4925,38.508],[-116.5019,38.4837],[-116.5113,38.4593],[-116.5207,38.435],[-116.5301,38.4106],[-116.5395,38.3863],[-116.5489,38.362],[-116.5583,38.3376],[-116.5676,38.3133],[-116.577,38.2889],[-116.5863,38.2646],[-116.5957,38.2402],[-116.605,38.2159],[-116.6144,38.1915],[-116.6237,38.1672],[-116.633,38.1428],[-116.6076,38.1463],[-116.5821,38.1497],[-116.5566,38.1531],[-116.5311,38.1565],[-116.5056,38.16],[-116.4802,38.1634],[-116.4547,38.1668],[-116.4292,38.1702],[-116.4144,38.1754],[-116.3996,38.1806],[-116.3848,38.1858],[-116.37,38.1909],[-116.357,38.2074],[-116.3439,38.2239],[-116.3309,38.2403],[-116.3179,38.2568],[-116.3048,38.2733],[-116.2918,38.2897],[-116.2787,38.3062],[-116.2656,38.3226],[-116.2526,38.3391],[-116.2395,38.3555],[-116.2264,38.372],[-116.2133,38.3884],[-116.2002,38.4049],[-116.1871,38.4213],[-116.174,38.4378],[-116.1609,38.4542],[-116.1452,38.4606],[-116.1295,38.4671],[-116.1138,38.4735],[-116.0981,38.4799],[-116.1017,38.5463],[-116.1117,38.5569],[-116.1217,38.5675],[-116.1316,38.5781],[-116.1416,38.5887],[-116.1516,38.5993],[-116.1616,38.6099],[-116.1716,38.6204],[-116.1815,38.631],[-116.1866,38.6637],[-116.1917,38.6964],[-116.1967,38.7291],[-116.2018,38.7618],[-116.1867,38.7762],[-116.1716,38.7906],[-116.1565,38.805],[-116.1414,38.8194],[-116.1263,38.8338],[-116.1111,38.8482],[-116.096,38.8626],[-116.0809,38.877],[-116.0868,38.889],[-116.0926,38.901],[-116.0985,38.9131],[-116.1044,38.9251],[-116.1103,38.9372],[-116.1162,38.9492],[-116.1221,38.9612],[-116.128,38.9733],[-116.1339,38.9853],[-116.1398,38.9974],[-116.1457,39.0094],[-116.1516,39.0214],[-116.1575,39.0335],[-116.1634,39.0455],[-116.1693,39.0576],[-116.1752,39.0696],[-116.1641,39.0794],[-116.1531,39.0893],[-116.1421,39.0991],[-116.131,39.109],[-116.1199,39.1188],[-116.1089,39.1286],[-116.0978,39.1385],[-116.0868,39.1483],[-116.1002,39.1557],[-116.1135,39.1631],[-116.1269,39.1704],[-116.1403,39.1778],[-116.1454,39.2228],[-116.1504,39.2677]]]},"properties":{"OBJECTID":786,"state":"Nevada","agency":"Nevada Department of Wildlife","unit_type":"GMU","unit_id":"16","unit_name":"Bennett","unit_label":"Nevada GMU 16 - Bennett","aliases":"16 | 16 bennett | 2025 | bennett | game management unit | game management unit 16 | game management unit 16 bennett | gmu | gmu 16 | gmu 16 bennett | hunt unit | hunt unit 16 | hunt unit 16 bennett | hunting unit | hunting unit 16 | hunting unit 16 benne","year":"2025","Shape_Length":325353.0602998473,"Shape_Area":3000486896.3028755}},{"type":"Feature","id":787,"geometry":{"type":"Polygon","coordinates":[[[-116.7185,41.2133],[-116.7064,41.2278],[-116.6942,41.2423],[-116.6821,41.2567],[-116.6699,41.2712],[-116.6706,41.333],[-116.6618,41.3595],[-116.653,41.386],[-116.6442,41.4126],[-116.6353,41.4391],[-116.6329,41.5079],[-116.6149,41.5097],[-116.5968,41.5115],[-116.5788,41.5133],[-116.5608,41.5151],[-116.5428,41.5169],[-116.5248,41.5187],[-116.5068,41.5205],[-116.4887,41.5223],[-116.4763,41.5385],[-116.4638,41.5547],[-116.4423,41.5621],[-116.4208,41.5695],[-116.3993,41.577],[-116.3777,41.5844],[-116.3562,41.5918],[-116.3347,41.5992],[-116.3131,41.6066],[-116.2916,41.614],[-116.2724,41.6061],[-116.2532,41.5982],[-116.2341,41.5902],[-116.215,41.5823],[-116.216,41.6496],[-116.2078,41.6605],[-116.1996,41.6715],[-116.1914,41.6824],[-116.1832,41.6933],[-116.185,41.751],[-116.1925,41.7653],[-116.1999,41.7796],[-116.2073,41.7939],[-116.2147,41.8082],[-116.2221,41.8224],[-116.2295,41.8367],[-116.237,41.851],[-116.2444,41.8653],[-116.2326,41.8743],[-116.2209,41.8833],[-116.2091,41.8923],[-116.1973,41.9012],[-116.1856,41.9102],[-116.1738,41.9192],[-116.162,41.9282],[-116.1502,41.9372],[-116.1227,41.9372],[-116.0952,41.9372],[-116.1047,41.9523],[-116.1142,41.9674],[-116.1237,41.9825],[-116.1333,41.9977],[-116.1333,41.9977],[-116.1496,41.9976],[-116.1694,41.9976],[-116.1782,41.9977],[-116.1794,41.9977],[-116.1973,41.9976],[-116.2151,41.9976],[-116.233,41.9975],[-116.2508,41.9975],[-116.2685,41.9974],[-116.2862,41.9973],[-116.3081,41.9972],[-116.318,41.9972],[-116.3374,41.997],[-116.3568,41.9967],[-116.3769,41.9968],[-116.3969,41.9969],[-116.417,41.997],[-116.437,41.997],[-116.4571,41.9971],[-116.4771,41.9972],[-116.4972,41.9972],[-116.5172,41.9973],[-116.5338,41.9974],[-116.5504,41.9975],[-116.567,41.9976],[-116.5836,41.9977],[-116.5989,41.9977],[-116.6143,41.9978],[-116.6297,41.9978],[-116.6451,41.9979],[-116.6714,41.998],[-116.6977,41.9981],[-116.713,41.9981],[-116.7392,41.9982],[-116.761,41.9984],[-116.7805,41.9985],[-116.8,41.9985],[-116.8086,41.9986],[-116.8351,41.9986],[-116.8596,41.9987],[-116.8841,41.9988],[-116.9087,41.9988],[-116.9332,41.9989],[-116.9545,41.9991],[-116.9758,41.9993],[-116.9971,41.9995],[-117.0184,41.9997],[-117.0183,41.9995],[-117.018,41.7414],[-117.0177,41.4833],[-117.0319,41.4758],[-117.046,41.4684],[-117.0602,41.461],[-117.0743,41.4535],[-117.0885,41.4461],[-117.1026,41.4387],[-117.1168,41.4312],[-117.1309,41.4238],[-117.1379,41.4126],[-117.1448,41.4014],[-117.1518,41.3902],[-117.1587,41.379],[-117.1486,41.369],[-117.1386,41.3589],[-117.1286,41.3489],[-117.1185,41.3388],[-117.1085,41.3288],[-117.0984,41.3188],[-117.0884,41.3087],[-117.0784,41.2987],[-117.0884,41.2817],[-117.0984,41.2647],[-117.1084,41.2477],[-117.1184,41.2307],[-117.1284,41.2138],[-117.1384,41.1968],[-117.1484,41.1798],[-117.1584,41.1628],[-117.1514,41.1381],[-117.1444,41.1135],[-117.1286,41.1177],[-117.1128,41.122],[-117.097,41.1263],[-117.0812,41.1305],[-117.0653,41.1348],[-117.0495,41.139],[-117.0337,41.1433],[-117.0179,41.1475],[-117.0019,41.1518],[-116.9858,41.1561],[-116.9697,41.1603],[-116.9537,41.1646],[-116.9376,41.1689],[-116.9215,41.1731],[-116.9055,41.1774],[-116.8894,41.1816],[-116.8785,41.1888],[-116.8676,41.196],[-116.8568,41.2032],[-116.8459,41.2103],[-116.83,41.2107],[-116.814,41.2111],[-116.7981,41.2115],[-116.7822,41.2119],[-116.7663,41.2122],[-116.7504,41.2126],[-116.7345,41.213],[-116.7185,41.2133]]]},"properties":{"OBJECTID":787,"state":"Nevada","agency":"Nevada Department of Wildlife","unit_type":"GMU","unit_id":"6","unit_name":"Jeffress","unit_label":"Nevada GMU 6 - Jeffress","aliases":"2025 | 6 | 6 jeffress | game management unit | game management unit 6 | game management unit 6 jeffress | gmu | gmu 6 | gmu 6 jeffress | hunt unit | hunt unit 6 | hunt unit 6 jeffress | hunting unit | hunting unit 6 | hunting unit 6 jeffress | jeffress |","year":"2025","Shape_Length":349226.88781510416,"Shape_Area":4896217753.840632}},{"type":"Feature","id":788,"geometry":{"type":"Polygon","coordinates":[[[-114.0406,41.3682],[-114.0402,41.4916],[-114.0401,41.6234],[-114.04,41.6364],[-114.04,41.6917],[-114.0401,41.7711],[-114.0404,41.8617],[-114.0398,41.8964],[-114.0402,41.9184],[-114.0403,41.9225],[-114.0412,41.9732],[-114.0416,41.9917],[-114.0584,41.992],[-114.0753,41.9923],[-114.0921,41.9926],[-114.109,41.9929],[-114.1258,41.9932],[-114.1426,41.9935],[-114.1595,41.9938],[-114.1763,41.9941],[-114.2055,41.9941],[-114.232,41.9942],[-114.2584,41.9943],[-114.2848,41.9944],[-114.3113,41.9944],[-114.3282,41.9945],[-114.345,41.9947],[-114.3619,41.9948],[-114.3788,41.9949],[-114.3788,41.9944],[-114.3673,41.9772],[-114.3558,41.9599],[-114.3443,41.9426],[-114.3328,41.9253],[-114.3213,41.9081],[-114.3098,41.8908],[-114.2983,41.8735],[-114.2869,41.8562],[-114.2955,41.8434],[-114.3042,41.8305],[-114.3128,41.8176],[-114.3215,41.8047],[-114.3301,41.7918],[-114.3388,41.779],[-114.3474,41.7661],[-114.356,41.7532],[-114.3647,41.7403],[-114.3733,41.7274],[-114.3819,41.7146],[-114.3906,41.7017],[-114.3992,41.6888],[-114.4078,41.6759],[-114.4164,41.663],[-114.425,41.6501],[-114.432,41.6147],[-114.4391,41.5792],[-114.4114,41.5756],[-114.3838,41.572],[-114.3748,41.5606],[-114.3658,41.5491],[-114.3569,41.5377],[-114.3479,41.5262],[-114.3337,41.5219],[-114.3195,41.5177],[-114.3053,41.5134],[-114.2911,41.5091],[-114.2768,41.5048],[-114.2626,41.5005],[-114.2484,41.4962],[-114.2342,41.4919],[-114.2218,41.4818],[-114.2093,41.4717],[-114.1968,41.4616],[-114.1843,41.4515],[-114.1863,41.4043],[-114.1882,41.357],[-114.1902,41.3098],[-114.1921,41.2625],[-114.1732,41.2758],[-114.1543,41.289],[-114.1353,41.3022],[-114.1164,41.3154],[-114.0975,41.3286],[-114.0785,41.3418],[-114.0596,41.355],[-114.0406,41.3682],[-114.0406,41.3682]]]},"properties":{"OBJECTID":788,"state":"Nevada","agency":"Nevada Department of Wildlife","unit_type":"GMU","unit_id":"8","unit_name":"Huebner","unit_label":"Nevada GMU 8 - Huebner","aliases":"2025 | 8 | 8 huebner | game management unit | game management unit 8 | game management unit 8 huebner | gmu | gmu 8 | gmu 8 huebner | huebner | hunt unit | hunt unit 8 | hunt unit 8 huebner | hunting unit | hunting unit 8 | hunting unit 8 huebner | nevad","year":"2025","Shape_Length":213841.73523818128,"Shape_Area":1719779258.954665}},{"type":"Feature","id":789,"geometry":{"type":"Polygon","coordinates":[[[-118.7319,40.7685],[-118.7268,40.7831],[-118.7217,40.7977],[-118.7166,40.8123],[-118.7115,40.8269],[-118.7177,40.8387],[-118.7238,40.8504],[-118.73,40.8622],[-118.7362,40.874],[-118.7416,40.8735],[-118.7511,40.8726],[-118.7692,40.8708],[-118.7873,40.8689],[-118.8054,40.8671],[-118.8235,40.8653],[-118.8416,40.8635],[-118.8597,40.8616],[-118.8779,40.8598],[-118.896,40.858],[-118.9136,40.8511],[-118.9313,40.8443],[-118.9489,40.8374],[-118.9666,40.8305],[-118.9842,40.8237],[-119.0019,40.8168],[-119.0195,40.8099],[-119.0372,40.8031],[-119.0548,40.7962],[-119.0724,40.7893],[-119.0901,40.7824],[-119.1077,40.7755],[-119.1253,40.7687],[-119.1429,40.7618],[-119.1606,40.7549],[-119.1782,40.748],[-119.1993,40.7363],[-119.2204,40.7247],[-119.2415,40.7131],[-119.2626,40.7014],[-119.2837,40.6898],[-119.3048,40.6781],[-119.3259,40.6665],[-119.3469,40.6548],[-119.3435,40.5864],[-119.3402,40.5181],[-119.3368,40.4497],[-119.3334,40.3813],[-119.3413,40.3542],[-119.3493,40.3271],[-119.3572,40.3],[-119.3652,40.2729],[-119.3669,40.1957],[-119.3686,40.1185],[-119.3727,40.0993],[-119.3768,40.0801],[-119.3809,40.0609],[-119.385,40.0418],[-119.3842,39.8964],[-119.3798,39.8715],[-119.3755,39.8466],[-119.3711,39.8218],[-119.3667,39.7969],[-119.358,39.7846],[-119.3494,39.7723],[-119.3407,39.7601],[-119.332,39.7478],[-119.327,39.7147],[-119.322,39.6815],[-119.3169,39.6484],[-119.3119,39.6152],[-119.2885,39.6156],[-119.2651,39.616],[-119.2651,39.616],[-119.2391,39.6154],[-119.213,39.6149],[-119.2035,39.6227],[-119.1939,39.6305],[-119.1844,39.6383],[-119.1748,39.6461],[-119.1653,39.654],[-119.1557,39.6618],[-119.1461,39.6696],[-119.1366,39.6774],[-119.127,39.6852],[-119.1174,39.6931],[-119.1079,39.7009],[-119.0983,39.7087],[-119.0887,39.7165],[-119.0792,39.7243],[-119.0696,39.7321],[-119.06,39.7399],[-119.0515,39.75],[-119.043,39.76],[-119.0344,39.77],[-119.0259,39.78],[-119.0174,39.7901],[-119.0089,39.8001],[-119.0003,39.8101],[-118.9918,39.8201],[-118.9766,39.8278],[-118.9615,39.8354],[-118.9463,39.843],[-118.9311,39.8507],[-118.9159,39.8583],[-118.9007,39.866],[-118.8856,39.8736],[-118.8704,39.8812],[-118.8552,39.8889],[-118.84,39.8965],[-118.8248,39.9041],[-118.8096,39.9118],[-118.7944,39.9194],[-118.7792,39.927],[-118.7639,39.9346],[-118.7487,39.9423],[-118.7325,39.9535],[-118.7162,39.9647],[-118.6999,39.9759],[-118.6837,39.9871],[-118.6757,40.0056],[-118.6677,40.024],[-118.6597,40.0424],[-118.6517,40.0608],[-118.6334,40.0707],[-118.6151,40.0807],[-118.5967,40.0906],[-118.5784,40.1005],[-118.5601,40.1104],[-118.5418,40.1203],[-118.5234,40.1301],[-118.5051,40.14],[-118.4967,40.1497],[-118.4882,40.1593],[-118.4798,40.169],[-118.4714,40.1786],[-118.4857,40.185],[-118.4999,40.1914],[-118.5142,40.1978],[-118.5286,40.2042],[-118.5429,40.2106],[-118.5572,40.217],[-118.5715,40.2234],[-118.5858,40.2298],[-118.5992,40.2422],[-118.6127,40.2546],[-118.6261,40.2669],[-118.6396,40.2793],[-118.653,40.2916],[-118.6665,40.304],[-118.68,40.3164],[-118.6934,40.3287],[-118.6918,40.4297],[-118.6901,40.5306],[-118.6841,40.5704],[-118.678,40.6101],[-118.6692,40.6304],[-118.6603,40.6507],[-118.6514,40.6709],[-118.6425,40.6912],[-118.6336,40.7115],[-118.6247,40.7318],[-118.6158,40.7521],[-118.6069,40.7724],[-118.627,40.7772],[-118.6472,40.782],[-118.6673,40.7868],[-118.6875,40.7916],[-118.7097,40.7801],[-118.7319,40.7685]]]},"properties":{"OBJECTID":789,"state":"Nevada","agency":"Nevada Department of Wildlife","unit_type":"GMU","unit_id":"4","unit_name":"Neill","unit_label":"Nevada GMU 4 - Neill","aliases":"2025 | 4 | 4 neill | game management unit | game management unit 4 | game management unit 4 neill | gmu | gmu 4 | gmu 4 neill | hunt unit | hunt unit 4 | hunt unit 4 neill | hunting unit | hunting unit 4 | hunting unit 4 neill | neill | nevada | nevada 4","year":"2025","Shape_Length":375335.76129745017,"Shape_Area":6768807213.668338}},{"type":"Feature","id":790,"geometry":{"type":"Polygon","coordinates":[[[-119.7529,39.5341],[-119.73,39.5282],[-119.7071,39.5223],[-119.6842,39.5163],[-119.6613,39.5104],[-119.6485,39.5154],[-119.6357,39.5205],[-119.6229,39.5255],[-119.6101,39.5305],[-119.5974,39.5355],[-119.5846,39.5406],[-119.5718,39.5456],[-119.559,39.5506],[-119.5462,39.5556],[-119.5334,39.5606],[-119.5206,39.5656],[-119.5078,39.5706],[-119.495,39.5757],[-119.4821,39.5807],[-119.4693,39.5857],[-119.4565,39.5907],[-119.4364,39.5905],[-119.4162,39.5903],[-119.3961,39.5902],[-119.3759,39.59],[-119.3599,39.5963],[-119.3439,39.6026],[-119.3279,39.6089],[-119.3119,39.6152],[-119.3169,39.6484],[-119.322,39.6815],[-119.327,39.7147],[-119.332,39.7478],[-119.3407,39.7601],[-119.3494,39.7723],[-119.358,39.7846],[-119.3667,39.7969],[-119.3711,39.8218],[-119.3755,39.8466],[-119.3798,39.8715],[-119.3842,39.8964],[-119.385,40.0418],[-119.3809,40.0609],[-119.3768,40.0801],[-119.3727,40.0993],[-119.3686,40.1185],[-119.3669,40.1957],[-119.3652,40.2729],[-119.3572,40.3],[-119.3493,40.3271],[-119.3413,40.3542],[-119.3334,40.3813],[-119.3368,40.4497],[-119.3402,40.5181],[-119.3435,40.5864],[-119.3469,40.6548],[-119.3657,40.6455],[-119.3845,40.6363],[-119.4033,40.627],[-119.4221,40.6177],[-119.4389,40.6256],[-119.4558,40.6335],[-119.4727,40.6414],[-119.4896,40.6492],[-119.4991,40.6399],[-119.5086,40.6306],[-119.5181,40.6213],[-119.5277,40.6119],[-119.5372,40.6026],[-119.5467,40.5933],[-119.5562,40.584],[-119.5657,40.5746],[-119.5752,40.5653],[-119.5847,40.556],[-119.5942,40.5466],[-119.6037,40.5373],[-119.6132,40.528],[-119.6227,40.5186],[-119.6322,40.5093],[-119.6417,40.5],[-119.6479,40.4874],[-119.6542,40.4749],[-119.6604,40.4623],[-119.6666,40.4498],[-119.6728,40.4372],[-119.679,40.4247],[-119.6852,40.4121],[-119.6914,40.3996],[-119.6869,40.3514],[-119.6824,40.3031],[-119.6931,40.2813],[-119.7038,40.2595],[-119.7229,40.2594],[-119.7421,40.2592],[-119.7613,40.2591],[-119.7805,40.2589],[-119.7944,40.2478],[-119.8082,40.2367],[-119.8221,40.2255],[-119.8359,40.2144],[-119.8498,40.2033],[-119.8636,40.1921],[-119.8774,40.181],[-119.8913,40.1699],[-119.8848,40.1336],[-119.8783,40.0973],[-119.9035,40.0962],[-119.9288,40.0951],[-119.954,40.094],[-119.9793,40.0928],[-119.9698,40.0742],[-119.9604,40.0556],[-119.9384,40.045],[-119.9164,40.0343],[-119.8945,40.0237],[-119.8725,40.013],[-119.8552,39.9971],[-119.8378,39.9812],[-119.8205,39.9653],[-119.8032,39.9493],[-119.7859,39.9334],[-119.7685,39.9175],[-119.7512,39.9016],[-119.734,39.8856],[-119.7279,39.871],[-119.7218,39.8564],[-119.7157,39.8418],[-119.7096,39.8272],[-119.7035,39.8126],[-119.6975,39.798],[-119.6914,39.7834],[-119.6853,39.7688],[-119.691,39.7378],[-119.6967,39.7068],[-119.7023,39.6758],[-119.708,39.6448],[-119.7136,39.631],[-119.7192,39.6171],[-119.7248,39.6033],[-119.7305,39.5895],[-119.7361,39.5756],[-119.7417,39.5618],[-119.7473,39.5479],[-119.7529,39.5341]]]},"properties":{"OBJECTID":790,"state":"Nevada","agency":"Nevada Department of Wildlife","unit_type":"GMU","unit_id":"2","unit_name":"Hampson","unit_label":"Nevada GMU 2 - Hampson","aliases":"2 | 2 hampson | 2025 | game management unit | game management unit 2 | game management unit 2 hampson | gmu | gmu 2 | gmu 2 hampson | hampson | hunt unit | hunt unit 2 | hunt unit 2 hampson | hunting unit | hunting unit 2 | hunting unit 2 hampson | nevad","year":"2025","Shape_Length":331392.82569692173,"Shape_Area":3907215263.6025558}},{"type":"Feature","id":791,"geometry":{"type":"Polygon","coordinates":[[[-120.0027,39.4685],[-120.0039,39.3967],[-120.005,39.3248],[-120.0052,39.292],[-120.0054,39.2712],[-120.0055,39.2491],[-120.0044,39.1867],[-120.0033,39.1243],[-120.0022,39.0619],[-120.001,38.9996],[-119.9879,38.9906],[-119.9748,38.9816],[-119.9617,38.9726],[-119.9487,38.9636],[-119.9461,38.962],[-119.9422,38.9593],[-119.9424,39.0817],[-119.9294,39.0867],[-119.9164,39.0917],[-119.9034,39.0967],[-119.8904,39.1017],[-119.8774,39.1068],[-119.8644,39.1118],[-119.8514,39.1168],[-119.8384,39.1218],[-119.8218,39.1216],[-119.8051,39.1215],[-119.7885,39.1213],[-119.7719,39.1211],[-119.7641,39.1345],[-119.7562,39.1479],[-119.7484,39.1613],[-119.7406,39.1747],[-119.757,39.1839],[-119.7734,39.193],[-119.7898,39.2021],[-119.8061,39.2113],[-119.8108,39.2337],[-119.8155,39.2562],[-119.8202,39.2786],[-119.8249,39.3011],[-119.8144,39.3113],[-119.8039,39.3216],[-119.7933,39.3318],[-119.7828,39.342],[-119.7723,39.3522],[-119.7618,39.3625],[-119.7512,39.3727],[-119.7407,39.3829],[-119.7469,39.3941],[-119.7531,39.4052],[-119.7593,39.4164],[-119.7654,39.4276],[-119.7716,39.4387],[-119.7778,39.4499],[-119.784,39.461],[-119.7902,39.4722],[-119.7879,39.5373],[-119.8022,39.5344],[-119.8164,39.5314],[-119.8307,39.5285],[-119.845,39.5255],[-119.8592,39.5226],[-119.8735,39.5196],[-119.8878,39.5167],[-119.902,39.5137],[-119.9234,39.5138],[-119.9449,39.5138],[-119.9663,39.5138],[-119.9877,39.5138],[-119.9952,39.4912],[-120.0027,39.4685]]]},"properties":{"OBJECTID":791,"state":"Nevada","agency":"Nevada Department of Wildlife","unit_type":"GMU","unit_id":"19","unit_name":"Lackey","unit_label":"Nevada GMU 19 - Lackey","aliases":"19 | 19 lackey | 2025 | game management unit | game management unit 19 | game management unit 19 lackey | gmu | gmu 19 | gmu 19 lackey | hunt unit | hunt unit 19 | hunt unit 19 lackey | hunting unit | hunting unit 19 | hunting unit 19 lackey | lackey | n","year":"2025","Shape_Length":164872.29087638512,"Shape_Area":943001187.9085611}},{"type":"Feature","id":792,"geometry":{"type":"Polygon","coordinates":[[[-117.1656,38.0017],[-117.1761,38.0112],[-117.1866,38.0207],[-117.197,38.0302],[-117.2075,38.0396],[-117.218,38.0491],[-117.2285,38.0586],[-117.239,38.0681],[-117.2494,38.0776],[-117.2757,38.0856],[-117.302,38.0937],[-117.3283,38.1017],[-117.3546,38.1097],[-117.3809,38.1178],[-117.4072,38.1258],[-117.4335,38.1338],[-117.4598,38.1418],[-117.4763,38.139],[-117.4928,38.1362],[-117.5092,38.1334],[-117.5257,38.1306],[-117.5421,38.1278],[-117.5586,38.125],[-117.575,38.1222],[-117.5915,38.1194],[-117.6004,38.1103],[-117.6093,38.1011],[-117.6182,38.0919],[-117.6272,38.0828],[-117.6361,38.0736],[-117.645,38.0644],[-117.6539,38.0553],[-117.6628,38.0461],[-117.677,38.0427],[-117.6913,38.0392],[-117.7055,38.0358],[-117.7198,38.0324],[-117.734,38.0289],[-117.7482,38.0255],[-117.7625,38.0221],[-117.7767,38.0186],[-117.7685,37.9917],[-117.7603,37.9647],[-117.748,37.9518],[-117.7357,37.9389],[-117.7235,37.926],[-117.7112,37.9131],[-117.6989,37.9002],[-117.6867,37.8873],[-117.6744,37.8744],[-117.6622,37.8615],[-117.6553,37.8465],[-117.6485,37.8315],[-117.6417,37.8164],[-117.6349,37.8014],[-117.6374,37.7698],[-117.6399,37.7383],[-117.6498,37.7163],[-117.6597,37.6944],[-117.6696,37.6725],[-117.6795,37.6505],[-117.6882,37.6391],[-117.6969,37.6277],[-117.7056,37.6162],[-117.7143,37.6048],[-117.723,37.5933],[-117.7316,37.5819],[-117.7403,37.5704],[-117.749,37.559],[-117.7637,37.5504],[-117.7783,37.5417],[-117.793,37.5331],[-117.8076,37.5245],[-117.8223,37.5159],[-117.8369,37.5072],[-117.8515,37.4986],[-117.8662,37.4899],[-117.8489,37.477],[-117.8316,37.4641],[-117.8144,37.4512],[-117.7972,37.4383],[-117.7838,37.4285],[-117.7704,37.4187],[-117.7571,37.4089],[-117.7437,37.3992],[-117.7304,37.3894],[-117.717,37.3796],[-117.7037,37.3698],[-117.6903,37.36],[-117.6745,37.3484],[-117.6586,37.3369],[-117.6488,37.3296],[-117.6389,37.3223],[-117.629,37.315],[-117.6191,37.3078],[-117.6092,37.3005],[-117.5994,37.2932],[-117.5895,37.2859],[-117.5796,37.2786],[-117.5697,37.2713],[-117.5599,37.2641],[-117.55,37.2568],[-117.5401,37.2495],[-117.5303,37.2422],[-117.5204,37.2349],[-117.5106,37.2276],[-117.5007,37.2203],[-117.4885,37.2113],[-117.4763,37.2022],[-117.464,37.1931],[-117.4518,37.1841],[-117.4391,37.1746],[-117.4264,37.1652],[-117.4137,37.1558],[-117.401,37.1463],[-117.3883,37.1369],[-117.3756,37.1274],[-117.3629,37.118],[-117.3502,37.1086],[-117.3375,37.0991],[-117.3248,37.0897],[-117.3121,37.0802],[-117.2994,37.0708],[-117.2868,37.0613],[-117.2741,37.0519],[-117.2614,37.0424],[-117.2487,37.033],[-117.2312,37.0199],[-117.2263,37.0164],[-117.2111,37.0164],[-117.196,37.0164],[-117.1808,37.0163],[-117.1657,37.0163],[-117.1659,37.5312],[-117.1656,38.0017]]]},"properties":{"OBJECTID":792,"state":"Nevada","agency":"Nevada Department of Wildlife","unit_type":"GMU","unit_id":"21","unit_name":"Bennett","unit_label":"Nevada GMU 21 - Bennett","aliases":"2025 | 21 | 21 bennett | bennett | game management unit | game management unit 21 | game management unit 21 bennett | gmu | gmu 21 | gmu 21 bennett | hunt unit | hunt unit 21 | hunt unit 21 bennett | hunting unit | hunting unit 21 | hunting unit 21 benne","year":"2025","Shape_Length":326310.50601207814,"Shape_Area":4969566410.746218}},{"type":"Feature","id":793,"geometry":{"type":"Polygon","coordinates":[[[-118.1626,39.2867],[-118.1457,39.2872],[-118.1289,39.2876],[-118.1121,39.2881],[-118.0953,39.2885],[-118.0785,39.2889],[-118.0617,39.2894],[-118.0449,39.2898],[-118.028,39.2903],[-118.0094,39.2937],[-117.9907,39.2972],[-117.972,39.3006],[-117.9533,39.3041],[-117.9416,39.3139],[-117.9299,39.3237],[-117.9182,39.3335],[-117.9065,39.3433],[-117.8948,39.3531],[-117.8831,39.3629],[-117.8714,39.3727],[-117.8597,39.3825],[-117.8519,39.3965],[-117.844,39.4104],[-117.8362,39.4244],[-117.8284,39.4384],[-117.8205,39.4523],[-117.8127,39.4663],[-117.8048,39.4802],[-117.797,39.4942],[-117.7734,39.5042],[-117.7498,39.5142],[-117.7262,39.5242],[-117.7025,39.5342],[-117.6789,39.5442],[-117.6553,39.5542],[-117.6317,39.5642],[-117.608,39.5742],[-117.5871,39.5744],[-117.5662,39.5745],[-117.5453,39.5747],[-117.5244,39.5748],[-117.5066,39.5644],[-117.4889,39.554],[-117.4711,39.5436],[-117.4533,39.5332],[-117.4434,39.546],[-117.4335,39.5589],[-117.4236,39.5717],[-117.4137,39.5845],[-117.4114,39.6282],[-117.4091,39.6719],[-117.4068,39.7155],[-117.4046,39.7592],[-117.4083,39.7773],[-117.4121,39.7954],[-117.4159,39.8135],[-117.4197,39.8316],[-117.4235,39.8497],[-117.4272,39.8677],[-117.431,39.8858],[-117.4348,39.9039],[-117.4427,39.9139],[-117.4506,39.9239],[-117.4584,39.9339],[-117.4663,39.9439],[-117.4742,39.9538],[-117.4821,39.9638],[-117.49,39.9738],[-117.4979,39.9838],[-117.4866,40.0039],[-117.4753,40.0239],[-117.464,40.044],[-117.4527,40.064],[-117.4601,40.0758],[-117.4676,40.0876],[-117.475,40.0994],[-117.4825,40.1112],[-117.4899,40.123],[-117.4974,40.1348],[-117.5048,40.1466],[-117.5123,40.1584],[-117.5279,40.152],[-117.5436,40.1457],[-117.5592,40.1394],[-117.5748,40.133],[-117.5904,40.1267],[-117.606,40.1203],[-117.6216,40.114],[-117.6373,40.1076],[-117.6498,40.123],[-117.6623,40.1383],[-117.67,40.1124],[-117.6776,40.0865],[-117.6923,40.0833],[-117.707,40.0802],[-117.7216,40.0771],[-117.7363,40.0739],[-117.7514,40.0619],[-117.7666,40.0498],[-117.7817,40.0378],[-117.7969,40.0257],[-117.812,40.0137],[-117.8272,40.0016],[-117.8423,39.9896],[-117.8574,39.9775],[-117.8718,39.9704],[-117.8861,39.9633],[-117.9005,39.9563],[-117.9148,39.9492],[-117.9292,39.9421],[-117.9435,39.935],[-117.9578,39.9279],[-117.9722,39.9208],[-117.9794,39.907],[-117.9867,39.8932],[-117.994,39.8794],[-118.0012,39.8655],[-118.0085,39.8517],[-118.0157,39.8379],[-118.023,39.8241],[-118.0303,39.8103],[-118.0543,39.8022],[-118.0783,39.7941],[-118.0918,39.7774],[-118.1053,39.7608],[-118.1187,39.7441],[-118.1322,39.7275],[-118.1367,39.7082],[-118.1413,39.6889],[-118.1459,39.6696],[-118.1505,39.6503],[-118.1477,39.6202],[-118.145,39.5901],[-118.1423,39.5599],[-118.1395,39.5298],[-118.1493,39.5125],[-118.1591,39.4953],[-118.1609,39.391],[-118.1626,39.2867]]]},"properties":{"OBJECTID":793,"state":"Nevada","agency":"Nevada Department of Wildlife","unit_type":"GMU","unit_id":"18","unit_name":"Salisbury","unit_label":"Nevada GMU 18 - Salisbury","aliases":"18 | 18 salisbury | 2025 | game management unit | game management unit 18 | game management unit 18 salisbury | gmu | gmu 18 | gmu 18 salisbury | hunt unit | hunt unit 18 | hunt unit 18 salisbury | hunting unit | hunting unit 18 | hunting unit 18 salisbu","year":"2025","Shape_Length":281420.6270342713,"Shape_Area":3788975482.5232787}},{"type":"Feature","id":794,"geometry":{"type":"Polygon","coordinates":[[[-115.0615,40.3329],[-115.0716,40.3512],[-115.0816,40.3695],[-115.0917,40.3879],[-115.1018,40.4062],[-115.1119,40.4245],[-115.122,40.4428],[-115.1321,40.4611],[-115.1422,40.4794],[-115.1442,40.4792],[-115.1519,40.4785],[-115.1631,40.4642],[-115.1743,40.4498],[-115.1856,40.4355],[-115.1968,40.4212],[-115.208,40.4069],[-115.2192,40.3925],[-115.2304,40.3782],[-115.2417,40.3639],[-115.2591,40.3549],[-115.2765,40.3459],[-115.2939,40.3368],[-115.3113,40.3278],[-115.3288,40.3188],[-115.3462,40.3098],[-115.3636,40.3008],[-115.381,40.2917],[-115.3993,40.2953],[-115.4176,40.2988],[-115.4359,40.3023],[-115.4543,40.3058],[-115.4592,40.2895],[-115.4641,40.2732],[-115.4691,40.2569],[-115.474,40.2407],[-115.4789,40.2244],[-115.4838,40.2081],[-115.4887,40.1918],[-115.4937,40.1755],[-115.5029,40.1636],[-115.512,40.1517],[-115.5212,40.1398],[-115.5304,40.128],[-115.5326,40.0863],[-115.5348,40.0446],[-115.517,40.0288],[-115.4993,40.013],[-115.4816,39.9973],[-115.4638,39.9815],[-115.4611,39.9414],[-115.4584,39.9013],[-115.4517,39.8898],[-115.4449,39.8783],[-115.4382,39.8668],[-115.4314,39.8554],[-115.4247,39.8439],[-115.4179,39.8324],[-115.4112,39.8209],[-115.4044,39.8094],[-115.3977,39.798],[-115.391,39.7865],[-115.3842,39.775],[-115.3775,39.7635],[-115.3708,39.7521],[-115.364,39.7406],[-115.3573,39.7291],[-115.3506,39.7176],[-115.3582,39.6841],[-115.3657,39.6505],[-115.3615,39.6254],[-115.3573,39.6002],[-115.3531,39.575],[-115.3489,39.5499],[-115.353,39.5274],[-115.3571,39.505],[-115.3612,39.4825],[-115.3652,39.46],[-115.358,39.4487],[-115.3507,39.4374],[-115.3434,39.4261],[-115.3362,39.4148],[-115.3289,39.4034],[-115.3216,39.3921],[-115.3144,39.3808],[-115.3071,39.3695],[-115.2918,39.377],[-115.2765,39.3844],[-115.2612,39.3919],[-115.2459,39.3994],[-115.2306,39.4069],[-115.2153,39.4144],[-115.2,39.4218],[-115.1847,39.4293],[-115.1555,39.4298],[-115.1264,39.4302],[-115.1358,39.4508],[-115.1452,39.4714],[-115.1323,39.4772],[-115.1193,39.483],[-115.1064,39.4889],[-115.0934,39.4947],[-115.0805,39.5006],[-115.0675,39.5064],[-115.0546,39.5122],[-115.0416,39.5181],[-115.0341,39.546],[-115.0267,39.5739],[-115.0192,39.6018],[-115.0117,39.6296],[-115.0221,39.6383],[-115.0324,39.647],[-115.0428,39.6557],[-115.0532,39.6644],[-115.0635,39.6731],[-115.0739,39.6818],[-115.0843,39.6904],[-115.0946,39.6991],[-115.1026,39.7207],[-115.1106,39.7422],[-115.1186,39.7638],[-115.1266,39.7853],[-115.1213,39.8034],[-115.1161,39.8215],[-115.1108,39.8396],[-115.1056,39.8576],[-115.0986,39.8681],[-115.0915,39.8786],[-115.0845,39.8891],[-115.0775,39.8996],[-115.0705,39.91],[-115.0635,39.9205],[-115.0565,39.931],[-115.0494,39.9415],[-115.0381,39.9484],[-115.0268,39.9553],[-115.0155,39.9622],[-115.0042,39.9691],[-114.9929,39.976],[-114.9816,39.9829],[-114.9703,39.9898],[-114.959,39.9967],[-114.9625,40.0414],[-114.966,40.0861],[-114.9695,40.1308],[-114.973,40.1755],[-114.9874,40.1787],[-115.0018,40.1818],[-115.0139,40.2038],[-115.0261,40.2258],[-115.0383,40.2478],[-115.0505,40.2697],[-115.056,40.3013],[-115.0615,40.3329]]]},"properties":{"OBJECTID":794,"state":"Nevada","agency":"Nevada Department of Wildlife","unit_type":"GMU","unit_id":"10","unit_name":"McAdoo","unit_label":"Nevada GMU 10 - McAdoo","aliases":"10 | 10 mcadoo | 2025 | game management unit | game management unit 10 | game management unit 10 mcadoo | gmu | gmu 10 | gmu 10 mcadoo | hunt unit | hunt unit 10 | hunt unit 10 mcadoo | hunting unit | hunting unit 10 | hunting unit 10 mcadoo | mcadoo | n","year":"2025","Shape_Length":300756.09168977704,"Shape_Area":3457333406.9172287}},{"type":"Feature","id":795,"geometry":{"type":"Polygon","coordinates":[[[-114.7478,40.2664],[-114.7571,40.2831],[-114.7664,40.2998],[-114.7757,40.3165],[-114.785,40.3332],[-114.7943,40.3499],[-114.8036,40.3666],[-114.8129,40.3833],[-114.8222,40.4],[-114.838,40.4169],[-114.8537,40.4338],[-114.8695,40.4507],[-114.8853,40.4676],[-114.894,40.454],[-114.9028,40.4405],[-114.9115,40.427],[-114.9203,40.4134],[-114.929,40.3999],[-114.9377,40.3864],[-114.9465,40.3728],[-114.9552,40.3593],[-114.9818,40.3527],[-115.0084,40.3461],[-115.0349,40.3395],[-115.0615,40.3329],[-115.056,40.3013],[-115.0505,40.2697],[-115.0383,40.2478],[-115.0261,40.2258],[-115.0139,40.2038],[-115.0018,40.1818],[-114.9874,40.1787],[-114.973,40.1755],[-114.9695,40.1308],[-114.966,40.0861],[-114.9625,40.0414],[-114.959,39.9967],[-114.9703,39.9898],[-114.9816,39.9829],[-114.9929,39.976],[-115.0042,39.9691],[-115.0155,39.9622],[-115.0268,39.9553],[-115.0381,39.9484],[-115.0494,39.9415],[-115.0565,39.931],[-115.0635,39.9205],[-115.0705,39.91],[-115.0775,39.8996],[-115.0845,39.8891],[-115.0915,39.8786],[-115.0986,39.8681],[-115.1056,39.8576],[-115.1108,39.8396],[-115.1161,39.8215],[-115.1213,39.8034],[-115.1266,39.7853],[-115.1186,39.7638],[-115.1106,39.7422],[-115.1026,39.7207],[-115.0946,39.6991],[-115.0843,39.6904],[-115.0739,39.6818],[-115.0635,39.6731],[-115.0532,39.6644],[-115.0428,39.6557],[-115.0324,39.647],[-115.0221,39.6383],[-115.0117,39.6296],[-115.0192,39.6018],[-115.0267,39.5739],[-115.0341,39.546],[-115.0416,39.5181],[-115.0546,39.5122],[-115.0675,39.5064],[-115.0805,39.5006],[-115.0934,39.4947],[-115.1064,39.4889],[-115.1193,39.483],[-115.1323,39.4772],[-115.1452,39.4714],[-115.1358,39.4508],[-115.1264,39.4302],[-115.1165,39.4215],[-115.1066,39.4129],[-115.0967,39.4042],[-115.0868,39.3956],[-115.0769,39.3869],[-115.067,39.3782],[-115.0571,39.3696],[-115.0473,39.3609],[-115.0374,39.3522],[-115.0275,39.3436],[-115.0176,39.3349],[-115.0078,39.3262],[-114.9979,39.3176],[-114.988,39.3089],[-114.9782,39.3002],[-114.9683,39.2915],[-114.9448,39.282],[-114.9213,39.2725],[-114.8977,39.2629],[-114.8742,39.2534],[-114.8658,39.2642],[-114.8575,39.275],[-114.8491,39.2858],[-114.8407,39.2966],[-114.8323,39.3074],[-114.8239,39.3182],[-114.8155,39.329],[-114.8071,39.3398],[-114.798,39.3612],[-114.7889,39.3826],[-114.7799,39.404],[-114.7708,39.4254],[-114.7671,39.4855],[-114.7633,39.5455],[-114.7596,39.6055],[-114.7559,39.6655],[-114.7531,39.6925],[-114.7502,39.7195],[-114.7474,39.7464],[-114.7446,39.7734],[-114.7418,39.8004],[-114.7389,39.8273],[-114.7361,39.8543],[-114.7333,39.8813],[-114.7267,39.8948],[-114.7201,39.9084],[-114.7135,39.9219],[-114.7069,39.9355],[-114.7004,39.9491],[-114.6938,39.9626],[-114.6872,39.9762],[-114.6806,39.9897],[-114.6722,39.9991],[-114.6639,40.0086],[-114.6556,40.018],[-114.6472,40.0274],[-114.6389,40.0369],[-114.6306,40.0463],[-114.6222,40.0557],[-114.6139,40.0651],[-114.6233,40.0895],[-114.6328,40.1138],[-114.6422,40.1382],[-114.6517,40.1625],[-114.6637,40.1755],[-114.6757,40.1885],[-114.6877,40.2015],[-114.6997,40.2145],[-114.7117,40.2275],[-114.7238,40.2405],[-114.7358,40.2535],[-114.7478,40.2664]]]},"properties":{"OBJECTID":795,"state":"Nevada","agency":"Nevada Department of Wildlife","unit_type":"GMU","unit_id":"12","unit_name":"Roberts","unit_label":"Nevada GMU 12 - Roberts","aliases":"12 | 12 roberts | 2025 | game management unit | game management unit 12 | game management unit 12 roberts | gmu | gmu 12 | gmu 12 roberts | hunt unit | hunt unit 12 | hunt unit 12 roberts | hunting unit | hunting unit 12 | hunting unit 12 roberts | nevad","year":"2025","Shape_Length":316779.047540954,"Shape_Area":3267119509.4261246}},{"type":"Feature","id":796,"geometry":{"type":"Polygon","coordinates":[[[-116.6198,40.1523],[-116.6355,40.167],[-116.6511,40.1816],[-116.6667,40.1963],[-116.6824,40.2109],[-116.6974,40.208],[-116.7124,40.205],[-116.7275,40.202],[-116.7425,40.1991],[-116.7575,40.1961],[-116.7726,40.1931],[-116.7876,40.1901],[-116.8026,40.1872],[-116.8229,40.1741],[-116.8432,40.161],[-116.8635,40.148],[-116.8838,40.1349],[-116.8972,40.1171],[-116.9106,40.0994],[-116.9241,40.0816],[-116.9375,40.0639],[-116.9482,40.0552],[-116.9589,40.0465],[-116.9696,40.0378],[-116.9803,40.0291],[-116.991,40.0204],[-117.0017,40.0117],[-117.0124,40.003],[-117.023,39.9943],[-117.0337,39.9856],[-117.0444,39.9769],[-117.0551,39.9681],[-117.0658,39.9594],[-117.0764,39.9507],[-117.0871,39.942],[-117.0978,39.9333],[-117.1084,39.9246],[-117.1336,39.919],[-117.1256,39.8939],[-117.1175,39.8687],[-117.1095,39.8436],[-117.1015,39.8184],[-117.1099,39.8064],[-117.1182,39.7943],[-117.1266,39.7823],[-117.135,39.7702],[-117.1433,39.7582],[-117.1517,39.7461],[-117.1601,39.7341],[-117.1684,39.722],[-117.1642,39.6601],[-117.16,39.5982],[-117.1504,39.586],[-117.1409,39.5738],[-117.1314,39.5617],[-117.1219,39.5495],[-117.1124,39.5373],[-117.1029,39.5251],[-117.0935,39.513],[-117.084,39.5008],[-117.0643,39.495],[-117.0446,39.4891],[-117.025,39.4833],[-117.0053,39.4774],[-116.9971,39.4683],[-116.9889,39.4592],[-116.9808,39.45],[-116.9726,39.4409],[-116.9644,39.4317],[-116.9562,39.4226],[-116.9481,39.4134],[-116.9399,39.4043],[-116.9237,39.4012],[-116.9136,39.412],[-116.9035,39.4228],[-116.8934,39.4336],[-116.8833,39.4444],[-116.8794,39.4795],[-116.8754,39.5146],[-116.8715,39.5496],[-116.8676,39.5847],[-116.8819,39.5812],[-116.8963,39.5777],[-116.9106,39.5743],[-116.925,39.5708],[-116.9188,39.584],[-116.9127,39.5972],[-116.9065,39.6104],[-116.9003,39.6236],[-116.887,39.6297],[-116.8737,39.6358],[-116.8603,39.6419],[-116.847,39.648],[-116.8336,39.6541],[-116.8202,39.6602],[-116.8069,39.6662],[-116.7935,39.6723],[-116.7813,39.6831],[-116.7691,39.6939],[-116.7569,39.7047],[-116.7447,39.7154],[-116.7325,39.7262],[-116.7202,39.737],[-116.708,39.7478],[-116.6958,39.7585],[-116.6835,39.7693],[-116.6713,39.7801],[-116.6591,39.7909],[-116.6468,39.8016],[-116.6346,39.8124],[-116.6223,39.8232],[-116.6101,39.8339],[-116.5978,39.8447],[-116.5923,39.8594],[-116.5868,39.8741],[-116.5813,39.8888],[-116.5757,39.9035],[-116.5702,39.9182],[-116.5647,39.9329],[-116.5592,39.9476],[-116.5536,39.9623],[-116.5581,39.9814],[-116.5625,40.0004],[-116.5669,40.0194],[-116.5714,40.0384],[-116.5774,40.0526],[-116.5835,40.0669],[-116.5895,40.0811],[-116.5956,40.0953],[-116.6016,40.1096],[-116.6077,40.1238],[-116.6138,40.1381],[-116.6198,40.1523]]]},"properties":{"OBJECTID":796,"state":"Nevada","agency":"Nevada Department of Wildlife","unit_type":"GMU","unit_id":"15","unit_name":"Lutz","unit_label":"Nevada GMU 15 - Lutz","aliases":"15 | 15 lutz | 2025 | game management unit | game management unit 15 | game management unit 15 lutz | gmu | gmu 15 | gmu 15 lutz | hunt unit | hunt unit 15 | hunt unit 15 lutz | hunting unit | hunting unit 15 | hunting unit 15 lutz | lutz | nevada | neva","year":"2025","Shape_Length":234489.59593789568,"Shape_Area":2599258024.1231036}},{"type":"Feature","id":797,"geometry":{"type":"Polygon","coordinates":[[[-117.084,39.5008],[-117.1018,39.5018],[-117.1163,39.4947],[-117.1308,39.4877],[-117.1453,39.4806],[-117.1598,39.4736],[-117.1743,39.4665],[-117.1887,39.4595],[-117.2032,39.4524],[-117.2177,39.4453],[-117.2223,39.4134],[-117.2269,39.3814],[-117.2314,39.3495],[-117.236,39.3175],[-117.246,39.309],[-117.2559,39.3005],[-117.2659,39.292],[-117.2758,39.2835],[-117.2857,39.275],[-117.2957,39.2665],[-117.3056,39.258],[-117.3155,39.2495],[-117.3218,39.2378],[-117.3281,39.226],[-117.3344,39.2143],[-117.3407,39.2026],[-117.347,39.1908],[-117.3532,39.1791],[-117.3595,39.1674],[-117.3658,39.1557],[-117.3721,39.1439],[-117.3783,39.1322],[-117.3846,39.1205],[-117.3909,39.1087],[-117.3971,39.097],[-117.4034,39.0853],[-117.4096,39.0735],[-117.4159,39.0618],[-117.4296,39.0459],[-117.4432,39.03],[-117.4568,39.0141],[-117.4705,38.9982],[-117.4757,38.9676],[-117.4809,38.937],[-117.4862,38.9064],[-117.4914,38.8758],[-117.4966,38.8452],[-117.5019,38.8145],[-117.5071,38.7839],[-117.5123,38.7533],[-117.507,38.7136],[-117.5017,38.6738],[-117.5077,38.6603],[-117.5137,38.6468],[-117.5197,38.6332],[-117.5257,38.6197],[-117.5317,38.6061],[-117.5377,38.5926],[-117.5437,38.5791],[-117.5497,38.5655],[-117.5548,38.5477],[-117.5599,38.5299],[-117.5649,38.5121],[-117.57,38.4943],[-117.5574,38.4797],[-117.5447,38.4652],[-117.5321,38.4506],[-117.5194,38.436],[-117.5068,38.4215],[-117.4942,38.4069],[-117.4816,38.3923],[-117.4689,38.3777],[-117.4601,38.3634],[-117.4513,38.349],[-117.4425,38.3347],[-117.4337,38.3203],[-117.425,38.3059],[-117.4162,38.2916],[-117.4074,38.2772],[-117.3986,38.2628],[-117.3898,38.2485],[-117.381,38.2341],[-117.3723,38.2198],[-117.3635,38.2054],[-117.3547,38.191],[-117.346,38.1767],[-117.3372,38.1623],[-117.3285,38.1479],[-117.3186,38.1391],[-117.3087,38.1303],[-117.2988,38.1215],[-117.2889,38.1127],[-117.2791,38.104],[-117.2692,38.0952],[-117.2593,38.0864],[-117.2494,38.0776],[-117.2342,38.0768],[-117.2189,38.076],[-117.2037,38.0752],[-117.1884,38.0743],[-117.1732,38.0735],[-117.1579,38.0727],[-117.1426,38.0719],[-117.1274,38.0711],[-117.1209,38.09],[-117.1145,38.1089],[-117.108,38.1278],[-117.1016,38.1468],[-117.0951,38.1657],[-117.0887,38.1846],[-117.0822,38.2035],[-117.0757,38.2225],[-117.0786,38.2565],[-117.0862,38.268],[-117.0937,38.2796],[-117.1013,38.2912],[-117.1089,38.3027],[-117.1165,38.3143],[-117.1241,38.3259],[-117.1317,38.3374],[-117.1393,38.349],[-117.1469,38.3606],[-117.1545,38.3721],[-117.1621,38.3837],[-117.1697,38.3953],[-117.1773,38.4068],[-117.1849,38.4184],[-117.1925,38.43],[-117.2001,38.4415],[-117.2026,38.4797],[-117.2051,38.5179],[-117.1995,38.5303],[-117.194,38.5426],[-117.1885,38.5549],[-117.183,38.5672],[-117.1774,38.5795],[-117.1719,38.5919],[-117.1664,38.6042],[-117.1608,38.6165],[-117.1553,38.6288],[-117.1497,38.6411],[-117.1442,38.6535],[-117.1387,38.6658],[-117.1331,38.6781],[-117.1276,38.6904],[-117.122,38.7027],[-117.1165,38.715],[-117.1253,38.7257],[-117.1342,38.7363],[-117.1431,38.7469],[-117.1519,38.7575],[-117.1608,38.7681],[-117.1697,38.7787],[-117.1785,38.7894],[-117.1874,38.8],[-117.1903,38.8419],[-117.1932,38.8838],[-117.1961,38.9256],[-117.199,38.9675],[-117.1915,38.9828],[-117.1841,38.998],[-117.1766,39.0132],[-117.1691,39.0285],[-117.1616,39.0437],[-117.1542,39.0589],[-117.1467,39.0742],[-117.1392,39.0894],[-117.1232,39.1053],[-117.1072,39.1212],[-117.0912,39.1371],[-117.0752,39.153],[-117.0668,39.1687],[-117.0583,39.1844],[-117.0499,39.2001],[-117.0415,39.2158],[-117.033,39.2315],[-117.0246,39.2472],[-117.0161,39.2629],[-117.0077,39.2786],[-116.9992,39.2943],[-116.9908,39.31],[-116.9823,39.3257],[-116.9738,39.3415],[-116.9653,39.3572],[-116.9569,39.3729],[-116.9484,39.3886],[-116.9399,39.4043],[-116.9481,39.4134],[-116.9562,39.4226],[-116.9644,39.4317],[-116.9726,39.4409],[-116.9808,39.45],[-116.9889,39.4592],[-116.9971,39.4683],[-117.0053,39.4774],[-117.025,39.4833],[-117.0446,39.4891],[-117.0643,39.495],[-117.084,39.5008]]]},"properties":{"OBJECTID":797,"state":"Nevada","agency":"Nevada Department of Wildlife","unit_type":"GMU","unit_id":"17","unit_name":"Bennett","unit_label":"Nevada GMU 17 - Bennett","aliases":"17 | 17 bennett | 2025 | bennett | game management unit | game management unit 17 | game management unit 17 bennett | gmu | gmu 17 | gmu 17 bennett | hunt unit | hunt unit 17 | hunt unit 17 bennett | hunting unit | hunting unit 17 | hunting unit 17 benne","year":"2025","Shape_Length":369902.2572485159,"Shape_Area":4052591939.1261725}},{"type":"Feature","id":798,"geometry":{"type":"Polygon","coordinates":[[[-115.0274,38.4149],[-115.0424,38.4169],[-115.0573,38.419],[-115.0723,38.4211],[-115.0873,38.4232],[-115.1011,38.4142],[-115.1149,38.4052],[-115.1286,38.3962],[-115.1424,38.3872],[-115.1653,38.3836],[-115.1881,38.38],[-115.211,38.3764],[-115.2338,38.3729],[-115.2566,38.3693],[-115.2795,38.3657],[-115.3023,38.3621],[-115.3251,38.3585],[-115.3291,38.3407],[-115.3331,38.3229],[-115.3371,38.3051],[-115.3411,38.2874],[-115.3524,38.2777],[-115.3637,38.268],[-115.375,38.2582],[-115.3863,38.2485],[-115.3976,38.2388],[-115.4088,38.2291],[-115.4201,38.2194],[-115.4314,38.2097],[-115.4411,38.198],[-115.4508,38.1864],[-115.4605,38.1747],[-115.4702,38.163],[-115.4799,38.1514],[-115.4896,38.1397],[-115.4993,38.1281],[-115.509,38.1164],[-115.5187,38.1048],[-115.5283,38.0931],[-115.538,38.0814],[-115.5477,38.0698],[-115.5574,38.0581],[-115.567,38.0464],[-115.5767,38.0348],[-115.5863,38.0231],[-115.5893,37.9863],[-115.6014,37.9798],[-115.6135,37.9734],[-115.6256,37.967],[-115.6377,37.9605],[-115.6498,37.9541],[-115.662,37.9476],[-115.6741,37.9412],[-115.6862,37.9347],[-115.6932,37.9159],[-115.7003,37.8971],[-115.7073,37.8783],[-115.7143,37.8595],[-115.7295,37.8569],[-115.7446,37.8542],[-115.7597,37.8516],[-115.7748,37.8489],[-115.7818,37.8291],[-115.7888,37.8093],[-115.7959,37.7894],[-115.8029,37.7696],[-115.8099,37.7498],[-115.8169,37.7299],[-115.8239,37.7101],[-115.8309,37.6903],[-115.8161,37.6829],[-115.8014,37.6755],[-115.7867,37.6681],[-115.772,37.6608],[-115.7572,37.6534],[-115.7425,37.646],[-115.7278,37.6386],[-115.7131,37.6312],[-115.7039,37.6224],[-115.6947,37.6136],[-115.6855,37.6047],[-115.6763,37.5959],[-115.6671,37.5871],[-115.6579,37.5783],[-115.6487,37.5694],[-115.6396,37.5606],[-115.626,37.5517],[-115.6125,37.5428],[-115.599,37.534],[-115.5855,37.5251],[-115.572,37.5162],[-115.5585,37.5073],[-115.545,37.4984],[-115.5315,37.4895],[-115.518,37.4807],[-115.5045,37.4718],[-115.491,37.4629],[-115.4775,37.454],[-115.464,37.4451],[-115.4506,37.4362],[-115.4371,37.4273],[-115.4236,37.4184],[-115.4119,37.4282],[-115.4002,37.438],[-115.3884,37.4478],[-115.3767,37.4576],[-115.365,37.4674],[-115.3532,37.4772],[-115.3415,37.4869],[-115.3298,37.4967],[-115.3049,37.5055],[-115.2801,37.5143],[-115.2552,37.5231],[-115.2303,37.5319],[-115.2281,37.5751],[-115.2259,37.6184],[-115.2176,37.6342],[-115.2094,37.65],[-115.2011,37.6659],[-115.1928,37.6817],[-115.1833,37.6904],[-115.1737,37.6992],[-115.1642,37.708],[-115.1547,37.7167],[-115.1452,37.7255],[-115.1357,37.7343],[-115.1261,37.743],[-115.1166,37.7518],[-115.1071,37.7606],[-115.0975,37.7693],[-115.088,37.7781],[-115.0784,37.7869],[-115.0689,37.7956],[-115.0594,37.8044],[-115.0498,37.8131],[-115.0403,37.8219],[-115.0332,37.8352],[-115.0262,37.8485],[-115.0192,37.8618],[-115.0121,37.8751],[-115.0051,37.8884],[-114.9981,37.9016],[-114.991,37.9149],[-114.984,37.9282],[-114.9791,37.9534],[-114.9742,37.9785],[-114.9692,38.0037],[-114.9643,38.0288],[-114.9731,38.0503],[-114.9818,38.0718],[-114.9906,38.0933],[-114.9994,38.1147],[-115.0032,38.1376],[-115.007,38.1605],[-115.0108,38.1834],[-115.0146,38.2063],[-115.0184,38.2292],[-115.0222,38.2521],[-115.026,38.275],[-115.0299,38.2978],[-115.0286,38.3564],[-115.0274,38.4149]]]},"properties":{"OBJECTID":798,"state":"Nevada","agency":"Nevada Department of Wildlife","unit_type":"GMU","unit_id":"13","unit_name":"Garrett","unit_label":"Nevada GMU 13 - Garrett","aliases":"13 | 13 garrett | 2025 | game management unit | game management unit 13 | game management unit 13 garrett | garrett | gmu | gmu 13 | gmu 13 garrett | hunt unit | hunt unit 13 | hunt unit 13 garrett | hunting unit | hunting unit 13 | hunting unit 13 garre","year":"2025","Shape_Length":294210.9472689038,"Shape_Area":4671280304.863572}},{"type":"Feature","id":799,"geometry":{"type":"Polygon","coordinates":[[[-114.554,38.7743],[-114.5546,38.7744],[-114.5548,38.7744],[-114.5548,38.7744],[-114.5581,38.7744],[-114.5593,38.7743],[-114.5598,38.7743],[-114.5598,38.7743],[-114.5608,38.7743],[-114.5612,38.7743],[-114.5633,38.7741],[-114.5638,38.774],[-114.5647,38.7739],[-114.5647,38.7739],[-114.5683,38.7737],[-114.5689,38.7737],[-114.5689,38.7737],[-114.5762,38.7639],[-114.5835,38.7541],[-114.5907,38.7443],[-114.598,38.7345],[-114.6053,38.7247],[-114.6126,38.7149],[-114.6199,38.7052],[-114.6271,38.6954],[-114.6333,38.6593],[-114.6395,38.6232],[-114.6457,38.5871],[-114.6518,38.551],[-114.6487,38.5084],[-114.6455,38.4658],[-114.6392,38.4436],[-114.6329,38.4215],[-114.6266,38.3994],[-114.6203,38.3772],[-114.614,38.3551],[-114.6077,38.3329],[-114.6014,38.3108],[-114.5952,38.2886],[-114.5922,38.2434],[-114.5892,38.1981],[-114.5862,38.1528],[-114.5832,38.1076],[-114.5703,38.0888],[-114.5575,38.07],[-114.5446,38.0513],[-114.5318,38.0325],[-114.519,38.0137],[-114.5061,37.995],[-114.4933,37.9762],[-114.4805,37.9574],[-114.4639,37.9431],[-114.4473,37.9288],[-114.4307,37.9144],[-114.4141,37.9001],[-114.4106,37.8452],[-114.4071,37.7904],[-114.384,37.7894],[-114.3609,37.7884],[-114.3377,37.7873],[-114.3146,37.7863],[-114.2914,37.7853],[-114.2683,37.7843],[-114.2451,37.7833],[-114.222,37.7822],[-114.2095,37.7758],[-114.197,37.7693],[-114.1846,37.7629],[-114.1721,37.7564],[-114.1596,37.75],[-114.1472,37.7435],[-114.1347,37.737],[-114.1223,37.7306],[-114.1047,37.7289],[-114.0871,37.7273],[-114.0695,37.7257],[-114.0519,37.724],[-114.0519,37.724],[-114.0519,37.7253],[-114.0518,37.729],[-114.0517,37.7443],[-114.0517,37.7507],[-114.0488,37.8014],[-114.0496,37.8289],[-114.0495,37.8386],[-114.0496,37.8406],[-114.0497,37.8437],[-114.0499,37.8528],[-114.0499,37.8532],[-114.0499,37.8567],[-114.05,37.8648],[-114.0498,37.8746],[-114.0504,37.9889],[-114.0504,38.0005],[-114.0502,38.0897],[-114.0501,38.1041],[-114.0501,38.118],[-114.0501,38.1274],[-114.0501,38.2481],[-114.0499,38.2561],[-114.0496,38.3091],[-114.0498,38.3604],[-114.0499,38.3754],[-114.0501,38.4047],[-114.0501,38.4052],[-114.0502,38.4249],[-114.0502,38.4273],[-114.05,38.5392],[-114.0501,38.5582],[-114.0499,38.6293],[-114.0499,38.649],[-114.0499,38.6519],[-114.0499,38.653],[-114.0602,38.6774],[-114.0759,38.6774],[-114.0883,38.6773],[-114.1121,38.6773],[-114.1129,38.6773],[-114.1131,38.6773],[-114.1132,38.6773],[-114.1133,38.6771],[-114.1134,38.6764],[-114.1134,38.676],[-114.1134,38.676],[-114.115,38.6735],[-114.1153,38.6731],[-114.1159,38.6723],[-114.1172,38.6702],[-114.1172,38.6702],[-114.1176,38.6696],[-114.1177,38.6695],[-114.1179,38.6693],[-114.118,38.6691],[-114.1181,38.6691],[-114.1181,38.669],[-114.1192,38.6673],[-114.1198,38.6663],[-114.1215,38.6611],[-114.122,38.6584],[-114.1221,38.6583],[-114.1223,38.658],[-114.1226,38.6575],[-114.1226,38.6575],[-114.1233,38.6564],[-114.1245,38.6544],[-114.1247,38.6539],[-114.1248,38.6536],[-114.1249,38.6535],[-114.125,38.6534],[-114.1251,38.6533],[-114.1252,38.6532],[-114.1254,38.6532],[-114.1257,38.6531],[-114.126,38.6531],[-114.1269,38.6533],[-114.1292,38.6539],[-114.1292,38.6539],[-114.1315,38.6545],[-114.1334,38.6548],[-114.1347,38.6549],[-114.1368,38.6551],[-114.1371,38.6551],[-114.1377,38.655],[-114.1383,38.6549],[-114.1383,38.6549],[-114.1422,38.6542],[-114.1427,38.6541],[-114.1431,38.6541],[-114.1435,38.654],[-114.1446,38.6539],[-114.1446,38.6539],[-114.1489,38.6532],[-114.1489,38.6532],[-114.1529,38.6533],[-114.1538,38.6534],[-114.1569,38.6535],[-114.1581,38.6535],[-114.1613,38.6533],[-114.1617,38.6533],[-114.165,38.6529],[-114.1656,38.653],[-114.1658,38.653],[-114.1661,38.6531],[-114.1663,38.6531],[-114.1663,38.6531],[-114.1681,38.6538],[-114.1693,38.6543],[-114.1755,38.6566],[-114.1755,38.6566],[-114.1789,38.6568],[-114.1803,38.6568],[-114.181,38.6569],[-114.1842,38.6576],[-114.185,38.6579],[-114.1887,38.6599],[-114.1887,38.6599],[-114.1899,38.6606],[-114.1902,38.6607],[-114.1904,38.6608],[-114.1907,38.6609],[-114.1909,38.6609],[-114.1914,38.6609],[-114.1915,38.6609],[-114.1923,38.6606],[-114.1923,38.6606],[-114.1935,38.6598],[-114.1944,38.6592],[-114.1944,38.6592],[-114.1953,38.6587],[-114.1955,38.6585],[-114.1965,38.6578],[-114.1965,38.6578],[-114.1973,38.6573],[-114.198,38.6569],[-114.199,38.6564],[-114.1993,38.6562],[-114.1996,38.656],[-114.1999,38.6558],[-114.2001,38.6556],[-114.201,38.6552],[-114.2019,38.6548],[-114.202,38.6547],[-114.2031,38.6539],[-114.2034,38.6537],[-114.2035,38.6536],[-114.204,38.6534],[-114.204,38.6534],[-114.2058,38.6523],[-114.2072,38.6515],[-114.2072,38.6515],[-114.2083,38.6509],[-114.2083,38.6509],[-114.2115,38.649],[-114.212,38.6487],[-114.212,38.6487],[-114.2129,38.6484],[-114.213,38.6483],[-114.2146,38.6471],[-114.2149,38.6468],[-114.2153,38.6463],[-114.2156,38.6457],[-114.2158,38.6454],[-114.2161,38.6452],[-114.2162,38.6451],[-114.2165,38.645],[-114.2167,38.645],[-114.2175,38.6451],[-114.2178,38.6451],[-114.2181,38.6452],[-114.2185,38.6452],[-114.2188,38.6453],[-114.2191,38.6453],[-114.2193,38.6452],[-114.2196,38.6451],[-114.2233,38.6438],[-114.2233,38.6438],[-114.2236,38.6437],[-114.2238,38.6436],[-114.226,38.6428],[-114.2266,38.6427],[-114.2273,38.6425],[-114.2273,38.6425],[-114.2287,38.6422],[-114.2288,38.6422],[-114.229,38.6421],[-114.2295,38.642],[-114.2295,38.642],[-114.2302,38.6418],[-114.2319,38.6415],[-114.2341,38.641],[-114.2345,38.6409],[-114.2347,38.6408],[-114.2369,38.6401],[-114.2369,38.6401],[-114.2378,38.6398],[-114.2384,38.6397],[-114.2399,38.6393],[-114.2403,38.6391],[-114.2404,38.639],[-114.2406,38.6389],[-114.2414,38.6382],[-114.2418,38.6379],[-114.2424,38.6376],[-114.2438,38.6369],[-114.2438,38.6369],[-114.2447,38.6365],[-114.2453,38.6363],[-114.2455,38.6362],[-114.2468,38.6357],[-114.2468,38.6357],[-114.2475,38.6354],[-114.2479,38.6352],[-114.2479,38.6352],[-114.2488,38.6348],[-114.2496,38.6343],[-114.2507,38.6336],[-114.2511,38.6333],[-114.2517,38.6329],[-114.252,38.6328],[-114.2522,38.6327],[-114.2529,38.6325],[-114.253,38.6324],[-114.2532,38.6324],[-114.2533,38.6324],[-114.254,38.6324],[-114.2547,38.6322],[-114.2547,38.6322],[-114.2552,38.6321],[-114.2563,38.6316],[-114.2566,38.6315],[-114.2582,38.6311],[-114.2582,38.6311],[-114.2592,38.631],[-114.2598,38.6308],[-114.2602,38.6307],[-114.2604,38.6307],[-114.2608,38.6307],[-114.2619,38.6307],[-114.2624,38.6306],[-114.2638,38.6303],[-114.2647,38.63],[-114.265,38.63],[-114.2656,38.63],[-114.2676,38.6301],[-114.2676,38.6301],[-114.2683,38.6302],[-114.2684,38.6302],[-114.2686,38.6303],[-114.2687,38.6303],[-114.2687,38.6303],[-114.269,38.6305],[-114.269,38.6306],[-114.2693,38.6306],[-114.2694,38.6306],[-114.27,38.6303],[-114.27,38.6303],[-114.2726,38.6298],[-114.2726,38.6298],[-114.2743,38.6297],[-114.2743,38.6297],[-114.2746,38.6297],[-114.2747,38.6298],[-114.2749,38.6298],[-114.2756,38.6302],[-114.2806,38.6326],[-114.2806,38.6326],[-114.2838,38.6342],[-114.2838,38.6342],[-114.2857,38.6351],[-114.2883,38.6364],[-114.2887,38.6366],[-114.2902,38.6376],[-114.2907,38.6379],[-114.2932,38.6397],[-114.2942,38.6404],[-114.2945,38.6406],[-114.2949,38.6408],[-114.2956,38.6413],[-114.297,38.6423],[-114.297,38.6423],[-114.2998,38.6442],[-114.3007,38.6448],[-114.3007,38.6448],[-114.3009,38.6449],[-114.3013,38.6452],[-114.3013,38.6452],[-114.3036,38.6462],[-114.3043,38.6465],[-114.3043,38.6465],[-114.3068,38.6476],[-114.307,38.6477],[-114.3073,38.6479],[-114.3077,38.6482],[-114.3077,38.6482],[-114.3092,38.6493],[-114.3098,38.6498],[-114.3112,38.6509],[-114.3123,38.6519],[-114.3123,38.6519],[-114.3147,38.6537],[-114.3149,38.6539],[-114.3154,38.6543],[-114.3179,38.6565],[-114.3179,38.6565],[-114.319,38.6575],[-114.3198,38.6579],[-114.3221,38.659],[-114.3238,38.66],[-114.3238,38.66],[-114.3266,38.6615],[-114.3276,38.6621],[-114.3284,38.6625],[-114.3286,38.6626],[-114.3289,38.6628],[-114.3302,38.6634],[-114.3305,38.6636],[-114.3312,38.6639],[-114.3312,38.6639],[-114.3343,38.6654],[-114.3343,38.6654],[-114.3347,38.6656],[-114.3352,38.6658],[-114.3362,38.6666],[-114.3372,38.6674],[-114.3392,38.6689],[-114.3405,38.6695],[-114.3408,38.6697],[-114.341,38.6698],[-114.341,38.6698],[-114.3412,38.6701],[-114.3414,38.6703],[-114.3429,38.6716],[-114.3435,38.6722],[-114.3455,38.6739],[-114.3455,38.6739],[-114.3457,38.6741],[-114.3458,38.6742],[-114.3463,38.6752],[-114.3465,38.6755],[-114.3468,38.6762],[-114.3472,38.6771],[-114.3473,38.6773],[-114.3582,38.6774],[-114.3823,38.6774],[-114.4019,38.6773],[-114.4269,38.6773],[-114.4315,38.6773],[-114.4315,38.6773],[-114.4317,38.6785],[-114.4319,38.6802],[-114.432,38.6805],[-114.4321,38.6809],[-114.4327,38.6817],[-114.4331,38.6822],[-114.4331,38.6822],[-114.4337,38.6832],[-114.4337,38.6832],[-114.4344,38.6846],[-114.4344,38.6846],[-114.4354,38.6861],[-114.4357,38.6864],[-114.4366,38.6868],[-114.4366,38.6868],[-114.4386,38.6876],[-114.441,38.6884],[-114.4419,38.6887],[-114.442,38.6888],[-114.4424,38.689],[-114.4425,38.6891],[-114.4426,38.6892],[-114.4431,38.6898],[-114.4435,38.6904],[-114.444,38.6913],[-114.4442,38.6916],[-114.4452,38.6931],[-114.4452,38.6931],[-114.4456,38.6936],[-114.4463,38.6943],[-114.4463,38.6943],[-114.4467,38.6947],[-114.4468,38.6948],[-114.4475,38.6955],[-114.4478,38.6958],[-114.4491,38.6971],[-114.4491,38.6971],[-114.4502,38.6984],[-114.4502,38.6984],[-114.4514,38.6995],[-114.4514,38.6995],[-114.4529,38.701],[-114.4529,38.701],[-114.4531,38.7012],[-114.4532,38.7014],[-114.4539,38.702],[-114.4548,38.7029],[-114.455,38.7031],[-114.4556,38.7037],[-114.4568,38.7049],[-114.4573,38.7053],[-114.4573,38.7053],[-114.4583,38.7063],[-114.4586,38.7065],[-114.4586,38.7065],[-114.46,38.7075],[-114.46,38.7075],[-114.4605,38.7081],[-114.4609,38.7086],[-114.4612,38.709],[-114.4613,38.7092],[-114.462,38.7106],[-114.4628,38.7115],[-114.4638,38.7127],[-114.464,38.713],[-114.4648,38.7143],[-114.465,38.7146],[-114.4653,38.715],[-114.4653,38.715],[-114.4661,38.7162],[-114.4661,38.7162],[-114.4665,38.7168],[-114.4665,38.7168],[-114.4669,38.7174],[-114.4671,38.7177],[-114.4674,38.7181],[-114.4705,38.7222],[-114.4715,38.7234],[-114.4719,38.724],[-114.4721,38.7243],[-114.4722,38.7244],[-114.4724,38.7245],[-114.4726,38.7247],[-114.4729,38.7249],[-114.4818,38.731],[-114.4818,38.731],[-114.4825,38.7315],[-114.4835,38.7322],[-114.4838,38.7324],[-114.4838,38.7324],[-114.4879,38.7354],[-114.4879,38.7354],[-114.4919,38.7384],[-114.4956,38.741],[-114.4978,38.7427],[-114.5011,38.7451],[-114.5028,38.7463],[-114.5057,38.7485],[-114.5082,38.7502],[-114.5088,38.7506],[-114.5098,38.7513],[-114.5135,38.754],[-114.5164,38.756],[-114.5164,38.756],[-114.5192,38.7581],[-114.5209,38.7594],[-114.5234,38.7613],[-114.524,38.7617],[-114.5247,38.7622],[-114.5255,38.7628],[-114.5255,38.7628],[-114.5263,38.7633],[-114.5263,38.7633],[-114.5291,38.7655],[-114.5297,38.7659],[-114.5301,38.7662],[-114.5336,38.7673],[-114.5336,38.7673],[-114.5366,38.7685],[-114.5366,38.7685],[-114.5375,38.7688],[-114.5387,38.7693],[-114.5407,38.7701],[-114.5418,38.7704],[-114.5431,38.7709],[-114.5437,38.7711],[-114.5454,38.7718],[-114.5462,38.7722],[-114.5483,38.773],[-114.549,38.7732],[-114.5506,38.7736],[-114.5506,38.7736],[-114.552,38.774],[-114.5526,38.7741],[-114.5526,38.7741],[-114.554,38.7743]]]},"properties":{"OBJECTID":799,"state":"Nevada","agency":"Nevada Department of Wildlife","unit_type":"GMU","unit_id":"23","unit_name":"Munson","unit_label":"Nevada GMU 23 - Munson","aliases":"2025 | 23 | 23 munson | game management unit | game management unit 23 | game management unit 23 munson | gmu | gmu 23 | gmu 23 munson | hunt unit | hunt unit 23 | hunt unit 23 munson | hunting unit | hunting unit 23 | hunting unit 23 munson | munson | n","year":"2025","Shape_Length":310733.86546946235,"Shape_Area":4594134580.331975}},{"type":"Feature","id":800,"geometry":{"type":"Polygon","coordinates":[[[-114.2743,38.6297],[-114.2726,38.6298],[-114.2726,38.6298],[-114.27,38.6303],[-114.27,38.6303],[-114.2697,38.6304],[-114.2694,38.6306],[-114.2693,38.6306],[-114.269,38.6306],[-114.2687,38.6303],[-114.2687,38.6303],[-114.2686,38.6303],[-114.2686,38.6303],[-114.2676,38.6301],[-114.2676,38.6301],[-114.2656,38.63],[-114.265,38.63],[-114.2649,38.63],[-114.2647,38.63],[-114.2638,38.6303],[-114.2624,38.6306],[-114.2622,38.6306],[-114.2619,38.6307],[-114.2608,38.6307],[-114.2606,38.6307],[-114.2604,38.6307],[-114.2603,38.6307],[-114.2602,38.6307],[-114.2598,38.6308],[-114.2592,38.631],[-114.2582,38.6311],[-114.2582,38.6311],[-114.2566,38.6315],[-114.2563,38.6316],[-114.2552,38.6321],[-114.2547,38.6322],[-114.2547,38.6322],[-114.2541,38.6323],[-114.254,38.6324],[-114.2533,38.6324],[-114.2529,38.6325],[-114.2522,38.6327],[-114.252,38.6328],[-114.2519,38.6328],[-114.2517,38.6329],[-114.2511,38.6333],[-114.2509,38.6335],[-114.2507,38.6336],[-114.2502,38.634],[-114.25,38.6341],[-114.2496,38.6343],[-114.2496,38.6343],[-114.2496,38.6343],[-114.2489,38.6347],[-114.2488,38.6348],[-114.2485,38.6349],[-114.2479,38.6352],[-114.2479,38.6352],[-114.2468,38.6357],[-114.2468,38.6357],[-114.2462,38.6359],[-114.2462,38.636],[-114.2456,38.6362],[-114.2455,38.6362],[-114.2453,38.6363],[-114.2447,38.6365],[-114.2443,38.6367],[-114.2438,38.6369],[-114.2438,38.6369],[-114.2424,38.6376],[-114.2418,38.6379],[-114.2416,38.638],[-114.2414,38.6382],[-114.2406,38.6389],[-114.2404,38.639],[-114.2404,38.6391],[-114.2403,38.6391],[-114.2399,38.6393],[-114.2397,38.6394],[-114.2393,38.6395],[-114.2384,38.6397],[-114.2379,38.6398],[-114.2378,38.6398],[-114.2369,38.6401],[-114.2369,38.6401],[-114.2347,38.6408],[-114.2319,38.6415],[-114.2295,38.642],[-114.2295,38.642],[-114.229,38.6421],[-114.2288,38.6422],[-114.2288,38.6422],[-114.2273,38.6425],[-114.2273,38.6425],[-114.2266,38.6427],[-114.226,38.6428],[-114.2259,38.6429],[-114.2244,38.6434],[-114.2238,38.6436],[-114.2233,38.6438],[-114.2233,38.6438],[-114.2196,38.6451],[-114.2193,38.6452],[-114.2191,38.6453],[-114.2189,38.6453],[-114.2188,38.6453],[-114.2185,38.6452],[-114.2183,38.6452],[-114.2181,38.6452],[-114.2179,38.6451],[-114.2178,38.6451],[-114.2177,38.6451],[-114.2175,38.6451],[-114.2175,38.6451],[-114.2173,38.6451],[-114.2167,38.645],[-114.2167,38.645],[-114.2165,38.645],[-114.2164,38.645],[-114.2163,38.6451],[-114.2162,38.6451],[-114.2161,38.6452],[-114.2158,38.6454],[-114.2156,38.6457],[-114.2154,38.6459],[-114.2153,38.6463],[-114.2152,38.6464],[-114.215,38.6467],[-114.2149,38.6468],[-114.2146,38.6471],[-114.2145,38.6472],[-114.2143,38.6474],[-114.2141,38.6476],[-114.2134,38.6481],[-114.213,38.6483],[-114.213,38.6483],[-114.212,38.6487],[-114.212,38.6487],[-114.2115,38.649],[-114.2083,38.6509],[-114.2083,38.6509],[-114.2072,38.6515],[-114.2072,38.6515],[-114.2058,38.6523],[-114.204,38.6534],[-114.204,38.6534],[-114.2034,38.6537],[-114.2033,38.6537],[-114.2031,38.6539],[-114.202,38.6547],[-114.2019,38.6548],[-114.2017,38.6549],[-114.2014,38.655],[-114.201,38.6552],[-114.2001,38.6556],[-114.1999,38.6558],[-114.199,38.6564],[-114.198,38.6569],[-114.1973,38.6573],[-114.1965,38.6578],[-114.1965,38.6578],[-114.1953,38.6587],[-114.1951,38.6588],[-114.1944,38.6592],[-114.1944,38.6592],[-114.1935,38.6598],[-114.1923,38.6606],[-114.1923,38.6606],[-114.1915,38.6609],[-114.1914,38.6609],[-114.1913,38.661],[-114.191,38.661],[-114.1909,38.6609],[-114.1907,38.6609],[-114.1905,38.6609],[-114.1904,38.6608],[-114.1899,38.6606],[-114.1887,38.6599],[-114.1887,38.6599],[-114.1885,38.6597],[-114.188,38.6594],[-114.1877,38.6593],[-114.1865,38.6586],[-114.186,38.6583],[-114.1856,38.6581],[-114.185,38.6579],[-114.1845,38.6578],[-114.1842,38.6576],[-114.181,38.6569],[-114.1803,38.6568],[-114.1789,38.6568],[-114.1755,38.6566],[-114.1755,38.6566],[-114.1693,38.6543],[-114.1681,38.6538],[-114.1671,38.6534],[-114.1663,38.6531],[-114.1663,38.6531],[-114.1658,38.653],[-114.1657,38.653],[-114.1656,38.653],[-114.165,38.6529],[-114.1617,38.6533],[-114.1614,38.6533],[-114.1613,38.6533],[-114.1581,38.6535],[-114.1575,38.6535],[-114.1572,38.6535],[-114.1569,38.6535],[-114.1538,38.6534],[-114.1529,38.6533],[-114.1489,38.6532],[-114.1489,38.6532],[-114.1446,38.6539],[-114.1446,38.6539],[-114.1435,38.654],[-114.1433,38.654],[-114.1431,38.6541],[-114.1383,38.6549],[-114.1383,38.6549],[-114.1377,38.655],[-114.1374,38.655],[-114.1371,38.6551],[-114.1368,38.6551],[-114.1347,38.6549],[-114.1334,38.6548],[-114.1315,38.6545],[-114.1311,38.6544],[-114.1292,38.6539],[-114.1292,38.6539],[-114.1284,38.6537],[-114.1269,38.6533],[-114.126,38.6531],[-114.1257,38.6531],[-114.1254,38.6532],[-114.1252,38.6532],[-114.1251,38.6533],[-114.125,38.6534],[-114.1249,38.6534],[-114.1249,38.6535],[-114.1248,38.6536],[-114.1247,38.6538],[-114.1247,38.6539],[-114.1245,38.6544],[-114.1233,38.6564],[-114.1226,38.6575],[-114.1226,38.6575],[-114.1223,38.658],[-114.1221,38.6583],[-114.122,38.6584],[-114.1215,38.6611],[-114.1198,38.6663],[-114.1198,38.6663],[-114.1192,38.6673],[-114.1181,38.669],[-114.1181,38.6691],[-114.1179,38.6693],[-114.1177,38.6695],[-114.1176,38.6696],[-114.1176,38.6696],[-114.1172,38.6702],[-114.1172,38.6702],[-114.1159,38.6723],[-114.1153,38.6731],[-114.115,38.6735],[-114.1134,38.676],[-114.1134,38.676],[-114.1134,38.6761],[-114.1134,38.6764],[-114.1133,38.6767],[-114.1133,38.677],[-114.1133,38.6771],[-114.1132,38.6773],[-114.1131,38.6773],[-114.1129,38.6773],[-114.1121,38.6773],[-114.0883,38.6773],[-114.0759,38.6774],[-114.0602,38.6774],[-114.055,38.7001],[-114.0498,38.7227],[-114.0491,39.0051],[-114.0491,39.0092],[-114.0491,39.0173],[-114.0494,39.0572],[-114.052,39.0573],[-114.0546,39.0575],[-114.0609,39.058],[-114.0621,39.0581],[-114.0648,39.0584],[-114.09,39.0603],[-114.0909,39.0603],[-114.0923,39.0604],[-114.094,39.0606],[-114.0985,39.0609],[-114.1056,39.0614],[-114.1143,39.0621],[-114.1198,39.0625],[-114.1198,39.0625],[-114.1262,39.063],[-114.1284,39.0632],[-114.1293,39.0632],[-114.1348,39.0637],[-114.1371,39.0638],[-114.1398,39.064],[-114.1427,39.0642],[-114.1483,39.0647],[-114.1548,39.0651],[-114.1568,39.0653],[-114.1572,39.0653],[-114.1583,39.0654],[-114.1594,39.0655],[-114.1594,39.0655],[-114.16,39.0655],[-114.1608,39.0656],[-114.1612,39.0657],[-114.1612,39.0657],[-114.1621,39.0658],[-114.1627,39.0659],[-114.1628,39.0659],[-114.1637,39.0661],[-114.1639,39.0662],[-114.1648,39.0665],[-114.1648,39.0665],[-114.1672,39.0674],[-114.1672,39.0674],[-114.1715,39.0696],[-114.1727,39.0702],[-114.1769,39.0724],[-114.1792,39.0736],[-114.1808,39.0744],[-114.1808,39.0744],[-114.1825,39.0753],[-114.1835,39.0758],[-114.1864,39.0773],[-114.1864,39.0773],[-114.1885,39.0784],[-114.1885,39.0784],[-114.1976,39.083],[-114.1976,39.083],[-114.1985,39.0835],[-114.2003,39.0842],[-114.2015,39.0846],[-114.2018,39.0847],[-114.2024,39.0849],[-114.2029,39.085],[-114.2044,39.0853],[-114.2088,39.086],[-114.2088,39.086],[-114.215,39.0869],[-114.2161,39.0871],[-114.2166,39.0872],[-114.217,39.0873],[-114.2172,39.0873],[-114.218,39.0874],[-114.2214,39.088],[-114.223,39.0882],[-114.2231,39.0882],[-114.2239,39.0884],[-114.2239,39.0884],[-114.225,39.0886],[-114.226,39.0889],[-114.2287,39.09],[-114.2287,39.09],[-114.2313,39.0915],[-114.2336,39.0931],[-114.239,39.0967],[-114.2394,39.0969],[-114.2397,39.0972],[-114.2397,39.0972],[-114.2405,39.0976],[-114.2413,39.0979],[-114.2419,39.0982],[-114.242,39.0982],[-114.2425,39.0983],[-114.2465,39.0994],[-114.2465,39.0994],[-114.2503,39.1004],[-114.2507,39.1005],[-114.2515,39.1007],[-114.254,39.102],[-114.2546,39.1023],[-114.2585,39.1046],[-114.2585,39.1046],[-114.2593,39.1052],[-114.2593,39.1052],[-114.2605,39.1065],[-114.2614,39.1074],[-114.2615,39.1075],[-114.2617,39.1076],[-114.2617,39.1076],[-114.2653,39.1096],[-114.2653,39.1096],[-114.2673,39.1107],[-114.2716,39.1129],[-114.2756,39.1151],[-114.2763,39.1154],[-114.2771,39.1157],[-114.2783,39.116],[-114.2798,39.1162],[-114.2805,39.1163],[-114.2809,39.1163],[-114.2813,39.1164],[-114.282,39.1166],[-114.2829,39.1169],[-114.2835,39.1171],[-114.2835,39.1171],[-114.2841,39.1174],[-114.2873,39.1195],[-114.2878,39.1199],[-114.2888,39.1205],[-114.2888,39.1205],[-114.2893,39.1208],[-114.2896,39.1209],[-114.2896,39.1209],[-114.2904,39.1212],[-114.2908,39.1213],[-114.2914,39.1215],[-114.2918,39.1215],[-114.2918,39.1215],[-114.293,39.1216],[-114.3021,39.1217],[-114.3021,39.1217],[-114.3037,39.1219],[-114.3044,39.122],[-114.3055,39.1221],[-114.3062,39.1222],[-114.3105,39.1231],[-114.3109,39.1232],[-114.3111,39.1233],[-114.3116,39.1236],[-114.3119,39.1237],[-114.3129,39.1244],[-114.3138,39.125],[-114.3138,39.125],[-114.3152,39.126],[-114.3166,39.127],[-114.3168,39.1271],[-114.3173,39.1276],[-114.3199,39.1298],[-114.3212,39.1311],[-114.3227,39.1328],[-114.3231,39.1331],[-114.3233,39.1332],[-114.3238,39.1335],[-114.3238,39.1335],[-114.325,39.1341],[-114.3269,39.1352],[-114.3269,39.1352],[-114.3272,39.1354],[-114.3273,39.1355],[-114.3275,39.1357],[-114.3284,39.1367],[-114.3294,39.1374],[-114.3305,39.1382],[-114.3344,39.1409],[-114.3352,39.1417],[-114.3373,39.144],[-114.3373,39.144],[-114.3388,39.1459],[-114.339,39.1461],[-114.3409,39.1475],[-114.3419,39.1479],[-114.3425,39.1482],[-114.3428,39.1484],[-114.3433,39.1487],[-114.3433,39.1487],[-114.3441,39.1492],[-114.3445,39.1496],[-114.3447,39.1498],[-114.346,39.1516],[-114.3486,39.1556],[-114.3491,39.1562],[-114.3499,39.157],[-114.3499,39.157],[-114.3529,39.1588],[-114.3529,39.1588],[-114.3534,39.1591],[-114.3536,39.1592],[-114.3541,39.1596],[-114.3543,39.1597],[-114.3553,39.1605],[-114.3553,39.1605],[-114.3565,39.1616],[-114.3572,39.1623],[-114.3572,39.1623],[-114.3615,39.1646],[-114.3615,39.1646],[-114.3638,39.1659],[-114.3639,39.166],[-114.3645,39.1664],[-114.3652,39.1669],[-114.3656,39.1672],[-114.3663,39.1679],[-114.3663,39.1679],[-114.3699,39.1713],[-114.3699,39.1713],[-114.3708,39.1719],[-114.3716,39.1724],[-114.3717,39.1725],[-114.3726,39.1729],[-114.3736,39.1732],[-114.3745,39.1735],[-114.386,39.1761],[-114.3867,39.1762],[-114.3872,39.1763],[-114.3898,39.1763],[-114.3902,39.1762],[-114.3913,39.1761],[-114.3922,39.1759],[-114.3922,39.1759],[-114.3937,39.1754],[-114.3943,39.1752],[-114.3959,39.1744],[-114.3972,39.1736],[-114.3977,39.1731],[-114.3992,39.1716],[-114.4023,39.1678],[-114.4023,39.1678],[-114.4082,39.1609],[-114.4103,39.1584],[-114.4103,39.1584],[-114.4108,39.1578],[-114.4111,39.1573],[-114.4113,39.1569],[-114.4115,39.1566],[-114.4125,39.1542],[-114.4135,39.1514],[-114.4145,39.1483],[-114.4157,39.1445],[-114.4163,39.1427],[-114.4165,39.1419],[-114.4174,39.1395],[-114.419,39.1344],[-114.4198,39.1319],[-114.4205,39.1299],[-114.4209,39.1288],[-114.4211,39.1283],[-114.4211,39.1283],[-114.4217,39.1269],[-114.4233,39.1238],[-114.4238,39.1227],[-114.4242,39.1219],[-114.4242,39.1219],[-114.4245,39.1213],[-114.4245,39.1211],[-114.4249,39.1204],[-114.4258,39.1187],[-114.4258,39.1187],[-114.4262,39.1178],[-114.4264,39.1172],[-114.4266,39.1168],[-114.4287,39.1125],[-114.4287,39.1125],[-114.4298,39.1102],[-114.4298,39.1102],[-114.4313,39.1071],[-114.4329,39.1037],[-114.4339,39.1017],[-114.4339,39.1017],[-114.4342,39.1012],[-114.4348,39.0999],[-114.4349,39.0996],[-114.4349,39.0996],[-114.4363,39.0969],[-114.4372,39.0949],[-114.4379,39.0934],[-114.4383,39.0927],[-114.4383,39.0927],[-114.4384,39.0924],[-114.4395,39.0903],[-114.4397,39.0899],[-114.4398,39.0896],[-114.4401,39.0889],[-114.4401,39.0889],[-114.4416,39.086],[-114.4419,39.0852],[-114.4423,39.0843],[-114.4424,39.0842],[-114.4442,39.0806],[-114.4458,39.0772],[-114.4458,39.0772],[-114.4471,39.0746],[-114.4478,39.0736],[-114.448,39.0733],[-114.4481,39.0732],[-114.4482,39.073],[-114.4486,39.0726],[-114.4495,39.0717],[-114.45,39.0712],[-114.4509,39.0704],[-114.4517,39.0699],[-114.4544,39.0684],[-114.4558,39.0679],[-114.4671,39.064],[-114.4714,39.0626],[-114.4751,39.0613],[-114.4753,39.0613],[-114.4757,39.0611],[-114.4763,39.0609],[-114.4775,39.0605],[-114.482,39.059],[-114.482,39.059],[-114.4838,39.0584],[-114.4862,39.0576],[-114.4869,39.0573],[-114.4925,39.0554],[-114.4948,39.0546],[-114.4948,39.0546],[-114.5025,39.052],[-114.5025,39.052],[-114.5077,39.0503],[-114.5077,39.0503],[-114.513,39.0485],[-114.514,39.0481],[-114.5199,39.0461],[-114.5199,39.0461],[-114.5221,39.0454],[-114.5247,39.0445],[-114.5269,39.0437],[-114.5317,39.0421],[-114.5329,39.0417],[-114.5335,39.0415],[-114.5342,39.0412],[-114.5347,39.0411],[-114.535,39.041],[-114.5507,39.0356],[-114.5542,39.0345],[-114.5556,39.034],[-114.5573,39.0334],[-114.5573,39.0334],[-114.56,39.0325],[-114.5603,39.0324],[-114.562,39.0318],[-114.5645,39.0309],[-114.5645,39.0309],[-114.5658,39.0305],[-114.5685,39.0296],[-114.5758,39.0271],[-114.5775,39.0265],[-114.5775,39.0265],[-114.5808,39.0254],[-114.581,39.0253],[-114.5817,39.0251],[-114.5817,39.0251],[-114.5823,39.025],[-114.582,39.025],[-114.5791,39.0247],[-114.5782,39.0247],[-114.5781,39.0247],[-114.5771,39.0247],[-114.5771,39.0247],[-114.575,39.0245],[-114.5743,39.0245],[-114.5738,39.0244],[-114.5736,39.0243],[-114.573,39.0242],[-114.5712,39.0238],[-114.571,39.0237],[-114.5601,39.021],[-114.5581,39.0204],[-114.5551,39.0189],[-114.5551,39.0189],[-114.5545,39.0185],[-114.5538,39.018],[-114.5522,39.0167],[-114.552,39.0165],[-114.5514,39.0159],[-114.5514,39.0159],[-114.5506,39.0149],[-114.5505,39.0147],[-114.5501,39.0142],[-114.5501,39.0142],[-114.5496,39.0134],[-114.5492,39.0125],[-114.5449,39.0038],[-114.5435,39.0012],[-114.5432,39.0005],[-114.5415,38.9972],[-114.5415,38.9972],[-114.5387,38.9915],[-114.5377,38.9894],[-114.5372,38.9884],[-114.5366,38.9873],[-114.5365,38.9871],[-114.5341,38.9823],[-114.534,38.9821],[-114.5336,38.9813],[-114.5303,38.9746],[-114.529,38.972],[-114.5286,38.9713],[-114.5275,38.9689],[-114.5275,38.9689],[-114.5247,38.9633],[-114.5247,38.9633],[-114.524,38.962],[-114.5169,38.9478],[-114.5169,38.9478],[-114.5164,38.9467],[-114.5148,38.9437],[-114.5137,38.9413],[-114.5137,38.9413],[-114.5123,38.9385],[-114.5093,38.9325],[-114.5089,38.9313],[-114.5089,38.9313],[-114.5088,38.9309],[-114.5087,38.9303],[-114.5087,38.9295],[-114.5087,38.929],[-114.5088,38.9281],[-114.5088,38.9281],[-114.5089,38.9272],[-114.5093,38.9261],[-114.5099,38.9246],[-114.5115,38.9204],[-114.5121,38.919],[-114.5163,38.9082],[-114.5176,38.9048],[-114.5176,38.9048],[-114.5182,38.9032],[-114.5201,38.8986],[-114.5201,38.8986],[-114.5211,38.8959],[-114.5213,38.8956],[-114.5216,38.8947],[-114.5218,38.8942],[-114.5246,38.887],[-114.5251,38.8858],[-114.5259,38.8838],[-114.5268,38.8814],[-114.5282,38.8777],[-114.5286,38.8768],[-114.5296,38.8744],[-114.5298,38.8741],[-114.5301,38.8733],[-114.5302,38.8731],[-114.5305,38.8722],[-114.5305,38.8722],[-114.5308,38.8716],[-114.5309,38.8712],[-114.5311,38.8708],[-114.5311,38.8708],[-114.5318,38.869],[-114.532,38.8684],[-114.5323,38.8677],[-114.5328,38.8666],[-114.5332,38.8655],[-114.5341,38.863],[-114.5343,38.8626],[-114.5344,38.8623],[-114.5346,38.8617],[-114.5346,38.8617],[-114.535,38.8607],[-114.535,38.8607],[-114.5354,38.8597],[-114.536,38.8579],[-114.5365,38.8566],[-114.5367,38.8562],[-114.5369,38.8557],[-114.537,38.8553],[-114.5377,38.8535],[-114.5388,38.8508],[-114.5395,38.8491],[-114.5399,38.8481],[-114.5399,38.8481],[-114.5402,38.8472],[-114.5407,38.8458],[-114.5411,38.8448],[-114.5411,38.8448],[-114.5418,38.843],[-114.5418,38.843],[-114.5421,38.8422],[-114.5427,38.8407],[-114.5429,38.8401],[-114.5441,38.8372],[-114.5449,38.835],[-114.5449,38.835],[-114.5451,38.8346],[-114.5456,38.8334],[-114.5458,38.8327],[-114.5465,38.831],[-114.5468,38.8303],[-114.5471,38.8296],[-114.5471,38.8295],[-114.5474,38.8288],[-114.5474,38.8288],[-114.5477,38.828],[-114.5482,38.8267],[-114.5484,38.8261],[-114.5484,38.8261],[-114.5488,38.825],[-114.5495,38.8232],[-114.5497,38.8228],[-114.55,38.822],[-114.5503,38.8213],[-114.5505,38.8206],[-114.5505,38.8206],[-114.5508,38.8199],[-114.5511,38.8192],[-114.5515,38.8182],[-114.5515,38.8182],[-114.552,38.8171],[-114.5524,38.816],[-114.5524,38.816],[-114.5529,38.8148],[-114.5531,38.8143],[-114.5534,38.8135],[-114.5541,38.8119],[-114.5544,38.8111],[-114.5547,38.8103],[-114.5547,38.8103],[-114.5552,38.8089],[-114.5555,38.8082],[-114.5555,38.8082],[-114.556,38.807],[-114.5562,38.8064],[-114.5567,38.8053],[-114.5567,38.8053],[-114.557,38.8043],[-114.5572,38.8038],[-114.5576,38.8026],[-114.5581,38.8012],[-114.5585,38.8004],[-114.5594,38.7981],[-114.5595,38.7977],[-114.56,38.7963],[-114.5604,38.7954],[-114.5605,38.7952],[-114.5606,38.7951],[-114.5607,38.7948],[-114.5607,38.7948],[-114.5608,38.7945],[-114.5609,38.7942],[-114.5613,38.7933],[-114.5615,38.7928],[-114.562,38.7914],[-114.5622,38.7908],[-114.5624,38.7903],[-114.5634,38.7879],[-114.5634,38.7879],[-114.5635,38.7876],[-114.5639,38.7865],[-114.5644,38.7852],[-114.5645,38.7848],[-114.5645,38.7848],[-114.5652,38.7833],[-114.5653,38.7829],[-114.5654,38.7827],[-114.5657,38.7819],[-114.5657,38.7819],[-114.566,38.781],[-114.5666,38.7794],[-114.5669,38.7788],[-114.5669,38.7786],[-114.567,38.7784],[-114.5673,38.7777],[-114.5676,38.777],[-114.5678,38.7765],[-114.5679,38.776],[-114.5686,38.7743],[-114.5687,38.7741],[-114.5689,38.7737],[-114.5689,38.7737],[-114.5683,38.7737],[-114.5647,38.7739],[-114.5647,38.7739],[-114.5633,38.7741],[-114.5612,38.7743],[-114.5609,38.7743],[-114.5608,38.7743],[-114.5598,38.7743],[-114.5598,38.7743],[-114.5595,38.7743],[-114.5593,38.7743],[-114.5589,38.7744],[-114.5581,38.7744],[-114.5548,38.7744],[-114.5548,38.7744],[-114.5546,38.7744],[-114.554,38.7743],[-114.5526,38.7741],[-114.5526,38.7741],[-114.5522,38.774],[-114.552,38.774],[-114.5506,38.7736],[-114.5506,38.7736],[-114.5495,38.7734],[-114.549,38.7732],[-114.5487,38.7732],[-114.5484,38.7731],[-114.5483,38.773],[-114.5462,38.7722],[-114.5454,38.7718],[-114.5437,38.7711],[-114.5431,38.771],[-114.5431,38.7709],[-114.5418,38.7704],[-114.5407,38.7701],[-114.5387,38.7693],[-114.5375,38.7688],[-114.5366,38.7685],[-114.5366,38.7685],[-114.5355,38.7681],[-114.5345,38.7677],[-114.5336,38.7673],[-114.5336,38.7673],[-114.5301,38.7662],[-114.5297,38.7659],[-114.5296,38.7659],[-114.5293,38.7656],[-114.5291,38.7655],[-114.5263,38.7633],[-114.5263,38.7633],[-114.5255,38.7628],[-114.5255,38.7628],[-114.5247,38.7622],[-114.524,38.7617],[-114.5234,38.7613],[-114.5209,38.7594],[-114.5192,38.7581],[-114.5164,38.756],[-114.5164,38.756],[-114.5135,38.754],[-114.5098,38.7513],[-114.5088,38.7506],[-114.5085,38.7504],[-114.5082,38.7502],[-114.5078,38.75],[-114.5057,38.7485],[-114.5028,38.7463],[-114.5011,38.7451],[-114.4978,38.7427],[-114.4956,38.741],[-114.4919,38.7384],[-114.4879,38.7354],[-114.4879,38.7354],[-114.4838,38.7324],[-114.4838,38.7324],[-114.4835,38.7322],[-114.4831,38.7319],[-114.4825,38.7315],[-114.4818,38.731],[-114.4818,38.731],[-114.4729,38.7249],[-114.4724,38.7245],[-114.4722,38.7244],[-114.4721,38.7243],[-114.4715,38.7234],[-114.4705,38.7222],[-114.4674,38.7181],[-114.4671,38.7177],[-114.4669,38.7174],[-114.4667,38.7172],[-114.4665,38.7168],[-114.4661,38.7162],[-114.4661,38.7162],[-114.4653,38.715],[-114.4653,38.715],[-114.4648,38.7143],[-114.464,38.713],[-114.4639,38.7128],[-114.4638,38.7127],[-114.4628,38.7115],[-114.462,38.7106],[-114.4619,38.7105],[-114.4617,38.7102],[-114.4615,38.7096],[-114.4613,38.7092],[-114.4612,38.709],[-114.461,38.7087],[-114.4609,38.7086],[-114.4605,38.7081],[-114.46,38.7075],[-114.46,38.7075],[-114.4592,38.707],[-114.4586,38.7065],[-114.4586,38.7065],[-114.4585,38.7065],[-114.4583,38.7063],[-114.4573,38.7053],[-114.4573,38.7053],[-114.4568,38.7049],[-114.4556,38.7037],[-114.455,38.7031],[-114.4548,38.7029],[-114.4539,38.702],[-114.4532,38.7014],[-114.4529,38.701],[-114.4529,38.701],[-114.4514,38.6995],[-114.4514,38.6995],[-114.4502,38.6984],[-114.4502,38.6984],[-114.4491,38.6971],[-114.4491,38.6971],[-114.4478,38.6958],[-114.4475,38.6955],[-114.4468,38.6948],[-114.4463,38.6943],[-114.4463,38.6943],[-114.4457,38.6937],[-114.4456,38.6936],[-114.4455,38.6934],[-114.4452,38.6931],[-114.4452,38.6931],[-114.4442,38.6916],[-114.444,38.6913],[-114.4439,38.691],[-114.4435,38.6904],[-114.4431,38.6898],[-114.4426,38.6892],[-114.4425,38.6891],[-114.4419,38.6887],[-114.4418,38.6887],[-114.4412,38.6885],[-114.441,38.6884],[-114.4403,38.6882],[-114.4392,38.6878],[-114.4386,38.6876],[-114.4366,38.6868],[-114.4366,38.6868],[-114.4357,38.6864],[-114.4354,38.6861],[-114.4352,38.6858],[-114.4348,38.6852],[-114.4344,38.6846],[-114.4344,38.6846],[-114.4341,38.684],[-114.4337,38.6832],[-114.4337,38.6832],[-114.4333,38.6825],[-114.4331,38.6822],[-114.4331,38.6822],[-114.4327,38.6817],[-114.4321,38.6809],[-114.432,38.6805],[-114.4319,38.6802],[-114.4319,38.6802],[-114.4318,38.6792],[-114.4317,38.6785],[-114.4315,38.6773],[-114.4315,38.6773],[-114.4315,38.6773],[-114.4269,38.6773],[-114.4139,38.6773],[-114.4019,38.6773],[-114.3823,38.6774],[-114.3582,38.6774],[-114.3473,38.6773],[-114.3472,38.6771],[-114.3468,38.6762],[-114.3463,38.6752],[-114.3458,38.6742],[-114.3455,38.6739],[-114.3455,38.6739],[-114.344,38.6727],[-114.3435,38.6722],[-114.3429,38.6716],[-114.3423,38.6711],[-114.3417,38.6706],[-114.3414,38.6703],[-114.3413,38.6702],[-114.3412,38.6701],[-114.341,38.6698],[-114.341,38.6698],[-114.3408,38.6697],[-114.3407,38.6696],[-114.3405,38.6695],[-114.3392,38.6689],[-114.3372,38.6674],[-114.3362,38.6666],[-114.3352,38.6658],[-114.335,38.6657],[-114.3347,38.6656],[-114.3343,38.6654],[-114.3343,38.6654],[-114.3312,38.6639],[-114.3312,38.6639],[-114.3302,38.6634],[-114.3292,38.6629],[-114.3289,38.6628],[-114.3266,38.6615],[-114.3238,38.66],[-114.3238,38.66],[-114.3221,38.659],[-114.3198,38.6579],[-114.319,38.6575],[-114.3188,38.6573],[-114.3179,38.6565],[-114.3179,38.6565],[-114.3159,38.6548],[-114.3154,38.6543],[-114.3149,38.6539],[-114.3149,38.6539],[-114.3147,38.6537],[-114.3147,38.6537],[-114.3123,38.6519],[-114.3123,38.6519],[-114.3114,38.6511],[-114.3112,38.6509],[-114.3104,38.6503],[-114.3098,38.6498],[-114.3096,38.6496],[-114.3092,38.6493],[-114.3077,38.6482],[-114.3077,38.6482],[-114.307,38.6477],[-114.3068,38.6476],[-114.3043,38.6465],[-114.3043,38.6465],[-114.3036,38.6462],[-114.3031,38.646],[-114.3015,38.6453],[-114.3013,38.6452],[-114.3013,38.6452],[-114.3007,38.6448],[-114.3007,38.6448],[-114.2998,38.6442],[-114.297,38.6423],[-114.297,38.6423],[-114.2956,38.6413],[-114.2949,38.6408],[-114.2945,38.6406],[-114.2945,38.6406],[-114.2942,38.6404],[-114.2932,38.6397],[-114.2907,38.6379],[-114.2902,38.6376],[-114.2887,38.6366],[-114.2883,38.6364],[-114.2857,38.6351],[-114.2838,38.6342],[-114.2838,38.6342],[-114.2806,38.6326],[-114.2806,38.6326],[-114.2756,38.6302],[-114.2749,38.6298],[-114.2748,38.6298],[-114.2747,38.6298],[-114.2746,38.6297],[-114.2745,38.6297],[-114.2743,38.6297],[-114.2743,38.6297]],[[-114.2813,38.8184],[-114.2929,38.8342],[-114.3044,38.85],[-114.316,38.8658],[-114.3276,38.8815],[-114.3347,38.9035],[-114.3418,38.9255],[-114.3489,38.9475],[-114.356,38.9695],[-114.3513,38.9931],[-114.3467,39.0166],[-114.342,39.0402],[-114.3373,39.0637],[-114.3162,39.064],[-114.2952,39.0642],[-114.2741,39.0645],[-114.253,39.0647],[-114.2415,39.0539],[-114.2301,39.043],[-114.2187,39.0321],[-114.2073,39.0213],[-114.2066,38.9778],[-114.188,38.9704],[-114.1695,38.9629],[-114.151,38.9555],[-114.1325,38.9481],[-114.1464,38.9399],[-114.1603,38.9316],[-114.1742,38.9234],[-114.1882,38.9152],[-114.1928,38.891],[-114.1974,38.8668],[-114.202,38.8426],[-114.2066,38.8185],[-114.2253,38.8185],[-114.244,38.8185],[-114.2626,38.8184],[-114.2813,38.8184]]]},"properties":{"OBJECTID":800,"state":"Nevada","agency":"Nevada Department of Wildlife","unit_type":"GMU","unit_id":"11","unit_name":"Menghini","unit_label":"Nevada GMU 11 - Menghini","aliases":"11 | 11 menghini | 2025 | game management unit | game management unit 11 | game management unit 11 menghini | gmu | gmu 11 | gmu 11 menghini | hunt unit | hunt unit 11 | hunt unit 11 menghini | hunting unit | hunting unit 11 | hunting unit 11 menghini |","year":"2025","Shape_Length":265583.1888294308,"Shape_Area":1642557444.226344}},{"type":"Feature","id":801,"geometry":{"type":"Polygon","coordinates":[[[-114.5832,38.1076],[-114.6036,38.1088],[-114.624,38.1101],[-114.6445,38.1113],[-114.6649,38.1125],[-114.6853,38.1138],[-114.7057,38.115],[-114.7262,38.1162],[-114.7466,38.1175],[-114.7664,38.1143],[-114.7862,38.1112],[-114.806,38.108],[-114.8258,38.1049],[-114.8456,38.1017],[-114.8654,38.0985],[-114.8852,38.0954],[-114.905,38.0922],[-114.9286,38.0978],[-114.9522,38.1035],[-114.9758,38.1091],[-114.9994,38.1147],[-114.9906,38.0933],[-114.9818,38.0718],[-114.9731,38.0503],[-114.9643,38.0288],[-114.9692,38.0037],[-114.9742,37.9785],[-114.9791,37.9534],[-114.984,37.9282],[-114.991,37.9149],[-114.9981,37.9016],[-115.0051,37.8884],[-115.0121,37.8751],[-115.0192,37.8618],[-115.0262,37.8485],[-115.0332,37.8352],[-115.0403,37.8219],[-115.0498,37.8131],[-115.0594,37.8044],[-115.0689,37.7956],[-115.0784,37.7869],[-115.088,37.7781],[-115.0975,37.7693],[-115.1071,37.7606],[-115.1166,37.7518],[-115.1261,37.743],[-115.1357,37.7343],[-115.1452,37.7255],[-115.1547,37.7167],[-115.1642,37.708],[-115.1737,37.6992],[-115.1833,37.6904],[-115.1928,37.6817],[-115.2011,37.6659],[-115.2094,37.65],[-115.2176,37.6342],[-115.2259,37.6184],[-115.2281,37.5751],[-115.2303,37.5319],[-115.2198,37.529],[-115.2071,37.5344],[-115.1944,37.5399],[-115.1817,37.5453],[-115.169,37.5507],[-115.1563,37.5562],[-115.1436,37.5616],[-115.1308,37.5671],[-115.1181,37.5725],[-115.1054,37.5779],[-115.0927,37.5834],[-115.08,37.5888],[-115.0673,37.5943],[-115.0546,37.5997],[-115.0418,37.6051],[-115.0291,37.6105],[-115.0164,37.616],[-115.0015,37.6153],[-114.9865,37.6146],[-114.9716,37.6139],[-114.9567,37.6132],[-114.9417,37.6125],[-114.9268,37.6118],[-114.9119,37.6111],[-114.8969,37.6103],[-114.8802,37.6119],[-114.8634,37.6135],[-114.8466,37.615],[-114.8299,37.6166],[-114.8131,37.6182],[-114.7963,37.6197],[-114.7796,37.6213],[-114.7628,37.6228],[-114.744,37.6155],[-114.7251,37.6081],[-114.7063,37.6007],[-114.6875,37.5934],[-114.6645,37.6009],[-114.6414,37.6085],[-114.6184,37.6161],[-114.5954,37.6237],[-114.577,37.6203],[-114.5586,37.6169],[-114.5402,37.6135],[-114.5219,37.6101],[-114.5147,37.6213],[-114.5076,37.6326],[-114.5004,37.6439],[-114.4932,37.6552],[-114.4861,37.6664],[-114.4789,37.6777],[-114.4717,37.689],[-114.4646,37.7002],[-114.4574,37.7115],[-114.4502,37.7228],[-114.4431,37.734],[-114.4359,37.7453],[-114.4287,37.7566],[-114.4215,37.7678],[-114.4143,37.7791],[-114.4071,37.7904],[-114.4106,37.8452],[-114.4141,37.9001],[-114.4307,37.9144],[-114.4473,37.9288],[-114.4639,37.9431],[-114.4805,37.9574],[-114.4933,37.9762],[-114.5061,37.995],[-114.519,38.0137],[-114.5318,38.0325],[-114.5446,38.0513],[-114.5575,38.07],[-114.5703,38.0888],[-114.5832,38.1076]]]},"properties":{"OBJECTID":801,"state":"Nevada","agency":"Nevada Department of Wildlife","unit_type":"GMU","unit_id":"22","unit_name":"Munson","unit_label":"Nevada GMU 22 - Munson","aliases":"2025 | 22 | 22 munson | game management unit | game management unit 22 | game management unit 22 munson | gmu | gmu 22 | gmu 22 munson | hunt unit | hunt unit 22 | hunt unit 22 munson | hunting unit | hunting unit 22 | hunting unit 22 munson | munson | n","year":"2025","Shape_Length":238041.1363503483,"Shape_Area":2918493393.3990946}},{"type":"Feature","id":802,"geometry":{"type":"Polygon","coordinates":[[[-114.7664,36.1778],[-114.7483,36.184],[-114.7302,36.1901],[-114.712,36.1962],[-114.6939,36.2023],[-114.6757,36.2084],[-114.6575,36.2145],[-114.6394,36.2206],[-114.6212,36.2267],[-114.604,36.2299],[-114.5868,36.2331],[-114.5696,36.2362],[-114.5524,36.2394],[-114.5352,36.2426],[-114.5179,36.2457],[-114.5007,36.2489],[-114.4835,36.2521],[-114.4838,36.3595],[-114.4664,36.3724],[-114.449,36.3853],[-114.4316,36.3983],[-114.4141,36.4112],[-114.4243,36.4288],[-114.4346,36.4463],[-114.4448,36.4639],[-114.455,36.4815],[-114.4389,36.4981],[-114.4229,36.5147],[-114.4358,36.5302],[-114.4488,36.5456],[-114.4617,36.5611],[-114.4746,36.5766],[-114.4805,36.5883],[-114.4864,36.6001],[-114.4922,36.6119],[-114.4981,36.6236],[-114.504,36.6354],[-114.5099,36.6472],[-114.5158,36.6589],[-114.5216,36.6707],[-114.548,36.6658],[-114.5744,36.6609],[-114.5855,36.6513],[-114.5966,36.6418],[-114.6077,36.6323],[-114.6188,36.6227],[-114.6298,36.6132],[-114.6409,36.6036],[-114.652,36.5941],[-114.6631,36.5845],[-114.6741,36.575],[-114.6852,36.5654],[-114.6963,36.5559],[-114.7073,36.5463],[-114.7184,36.5368],[-114.7294,36.5272],[-114.7405,36.5177],[-114.7515,36.5081],[-114.7693,36.4989],[-114.7871,36.4898],[-114.8048,36.4806],[-114.8226,36.4715],[-114.8312,36.4601],[-114.8399,36.4488],[-114.8485,36.4375],[-114.8571,36.4262],[-114.8658,36.4149],[-114.8744,36.4035],[-114.883,36.3922],[-114.8917,36.3809],[-114.9058,36.3636],[-114.9199,36.3463],[-114.934,36.329],[-114.9481,36.3117],[-114.9628,36.3061],[-114.9776,36.3006],[-114.9924,36.2951],[-115.0071,36.2896],[-115.0219,36.284],[-115.0366,36.2785],[-115.0514,36.2729],[-115.0661,36.2674],[-115.0772,36.2558],[-115.0883,36.2441],[-115.0994,36.2325],[-115.1105,36.2208],[-115.1216,36.2092],[-115.1327,36.1975],[-115.1438,36.1859],[-115.1549,36.1742],[-115.1334,36.1646],[-115.1119,36.155],[-115.0957,36.1406],[-115.0794,36.1261],[-115.0632,36.1117],[-115.0469,36.0973],[-115.0307,36.0829],[-115.0145,36.0684],[-114.9983,36.054],[-114.982,36.0396],[-114.9641,36.052],[-114.9461,36.0644],[-114.9282,36.0768],[-114.9102,36.0892],[-114.9075,36.1353],[-114.8931,36.138],[-114.8788,36.1407],[-114.8644,36.1434],[-114.85,36.1461],[-114.8356,36.1489],[-114.8212,36.1516],[-114.8069,36.1543],[-114.7925,36.157],[-114.7795,36.1674],[-114.7664,36.1778]]]},"properties":{"OBJECTID":802,"state":"Nevada","agency":"Nevada Department of Wildlife","unit_type":"GMU","unit_id":"26","unit_name":"Cummings","unit_label":"Nevada GMU 26 - Cummings","aliases":"2025 | 26 | 26 cummings | cummings | game management unit | game management unit 26 | game management unit 26 cummings | gmu | gmu 26 | gmu 26 cummings | hunt unit | hunt unit 26 | hunt unit 26 cummings | hunting unit | hunting unit 26 | hunting unit 26","year":"2025","Shape_Length":210744.1838823286,"Shape_Area":2003433049.172775}},{"type":"Feature","id":803,"geometry":{"type":"Polygon","coordinates":[[[-114.0506,36.8174],[-114.0505,36.862],[-114.0505,36.8901],[-114.0504,36.9138],[-114.0501,36.9631],[-114.0518,37.0892],[-114.0519,37.0916],[-114.0519,37.133],[-114.0519,37.1386],[-114.0519,37.1624],[-114.0684,37.166],[-114.0849,37.1695],[-114.1015,37.173],[-114.118,37.1766],[-114.1345,37.1801],[-114.151,37.1837],[-114.1676,37.1872],[-114.1841,37.1907],[-114.2066,37.1849],[-114.2291,37.1791],[-114.2516,37.1733],[-114.2741,37.1675],[-114.2967,37.1617],[-114.3192,37.1559],[-114.3417,37.15],[-114.3641,37.1442],[-114.3906,37.1463],[-114.4171,37.1485],[-114.4436,37.1506],[-114.4701,37.1527],[-114.4792,37.137],[-114.4883,37.1213],[-114.4975,37.1056],[-114.5066,37.0899],[-114.5191,37.0809],[-114.5315,37.0718],[-114.544,37.0627],[-114.5565,37.0537],[-114.569,37.0446],[-114.5814,37.0356],[-114.5939,37.0265],[-114.6063,37.0174],[-114.6187,36.9974],[-114.631,36.9774],[-114.6434,36.9574],[-114.6557,36.9374],[-114.6595,36.9178],[-114.6634,36.8981],[-114.6672,36.8785],[-114.671,36.8588],[-114.6647,36.8359],[-114.6583,36.8129],[-114.652,36.79],[-114.6457,36.767],[-114.6393,36.744],[-114.633,36.7211],[-114.6267,36.6981],[-114.6204,36.6752],[-114.5974,36.668],[-114.5744,36.6609],[-114.548,36.6658],[-114.5216,36.6707],[-114.509,36.6799],[-114.4964,36.6891],[-114.4838,36.6983],[-114.4712,36.7075],[-114.4586,36.7167],[-114.446,36.7259],[-114.4334,36.7351],[-114.4207,36.7443],[-114.4012,36.7486],[-114.3816,36.7529],[-114.362,36.7572],[-114.3425,36.7615],[-114.3229,36.7658],[-114.3033,36.7701],[-114.2837,36.7744],[-114.2642,36.7787],[-114.2493,36.7745],[-114.2344,36.7703],[-114.2063,36.7668],[-114.1782,36.7632],[-114.1623,36.77],[-114.1463,36.7768],[-114.1304,36.7836],[-114.1144,36.7903],[-114.0984,36.7971],[-114.0825,36.8039],[-114.0665,36.8106],[-114.0506,36.8174]]]},"properties":{"OBJECTID":803,"state":"Nevada","agency":"Nevada Department of Wildlife","unit_type":"GMU","unit_id":"27","unit_name":"Munson","unit_label":"Nevada GMU 27 - Munson","aliases":"2025 | 27 | 27 munson | game management unit | game management unit 27 | game management unit 27 munson | gmu | gmu 27 | gmu 27 munson | hunt unit | hunt unit 27 | hunt unit 27 munson | hunting unit | hunting unit 27 | hunting unit 27 munson | munson | n","year":"2025","Shape_Length":192726.19544576254,"Shape_Area":2318882713.0794973}},{"type":"Feature","id":804,"geometry":{"type":"Polygon","coordinates":[[[-117.0971,37.5662],[-117.0963,37.7273],[-117.0955,37.8884],[-117.0715,37.8884],[-117.0476,37.8883],[-117.0237,37.8882],[-116.9997,37.8882],[-116.9758,37.8881],[-116.9519,37.888],[-116.9279,37.8879],[-116.904,37.8878],[-116.8801,37.8877],[-116.8561,37.8876],[-116.8322,37.8875],[-116.8083,37.8874],[-116.7843,37.8873],[-116.7604,37.8872],[-116.7365,37.8871],[-116.7125,37.8869],[-116.6886,37.8868],[-116.6647,37.8867],[-116.6407,37.8865],[-116.6168,37.8864],[-116.5929,37.8862],[-116.5689,37.8861],[-116.545,37.8859],[-116.5211,37.8857],[-116.4971,37.8856],[-116.4732,37.8854],[-116.4493,37.8852],[-116.4254,37.885],[-116.4014,37.8848],[-116.3775,37.8846],[-116.3536,37.8844],[-116.3296,37.8842],[-116.3299,37.8043],[-116.3026,37.8043],[-116.2753,37.8044],[-116.248,37.8044],[-116.2208,37.8044],[-116.2208,37.7174],[-116.2006,37.7178],[-116.1804,37.7182],[-116.1603,37.7186],[-116.1401,37.7189],[-116.1199,37.7193],[-116.0998,37.7197],[-116.0796,37.72],[-116.0594,37.7204],[-116.0393,37.7207],[-116.0191,37.7211],[-115.9989,37.7214],[-115.9788,37.7218],[-115.9586,37.7221],[-115.9384,37.7224],[-115.9183,37.7228],[-115.8981,37.7231],[-115.897,37.7234],[-115.9191,37.7351],[-115.9412,37.7469],[-115.9633,37.7587],[-115.9854,37.7705],[-115.9953,37.7961],[-116.0052,37.8217],[-116.0151,37.8473],[-116.025,37.8728],[-116.0349,37.8984],[-116.0448,37.924],[-116.0547,37.9496],[-116.0646,37.9752],[-116.0688,38.0119],[-116.073,38.0486],[-116.0772,38.0853],[-116.0814,38.1221],[-116.0939,38.1358],[-116.1064,38.1496],[-116.118,38.1567],[-116.1296,38.1639],[-116.1411,38.171],[-116.1527,38.1782],[-116.1643,38.1853],[-116.1759,38.1925],[-116.1875,38.1996],[-116.1991,38.2068],[-116.2204,38.2048],[-116.2418,38.2028],[-116.2632,38.2009],[-116.2845,38.1989],[-116.3059,38.1969],[-116.3273,38.1949],[-116.3486,38.1929],[-116.37,38.1909],[-116.3848,38.1858],[-116.3996,38.1806],[-116.4144,38.1754],[-116.4292,38.1702],[-116.4547,38.1668],[-116.4802,38.1634],[-116.5056,38.16],[-116.5311,38.1565],[-116.5566,38.1531],[-116.5821,38.1497],[-116.6076,38.1463],[-116.633,38.1428],[-116.6527,38.1399],[-116.6723,38.137],[-116.6919,38.1341],[-116.7116,38.1312],[-116.7312,38.1283],[-116.7509,38.1253],[-116.7705,38.1224],[-116.7901,38.1195],[-116.8163,38.1195],[-116.8425,38.1195],[-116.8686,38.1194],[-116.8948,38.1194],[-116.9064,38.1106],[-116.9179,38.1017],[-116.9295,38.0929],[-116.941,38.0841],[-116.9643,38.0825],[-116.9876,38.0808],[-117.0109,38.0792],[-117.0342,38.0776],[-117.0575,38.076],[-117.0808,38.0744],[-117.1041,38.0727],[-117.1274,38.0711],[-117.1426,38.0719],[-117.1579,38.0727],[-117.1732,38.0735],[-117.1884,38.0743],[-117.2037,38.0752],[-117.2189,38.076],[-117.2342,38.0768],[-117.2494,38.0776],[-117.239,38.0681],[-117.2285,38.0586],[-117.218,38.0491],[-117.2075,38.0396],[-117.197,38.0302],[-117.1866,38.0207],[-117.1761,38.0112],[-117.1656,38.0017],[-117.1659,37.5312],[-117.1487,37.54],[-117.1315,37.5487],[-117.1143,37.5575],[-117.0971,37.5662]]]},"properties":{"OBJECTID":804,"state":"Nevada","agency":"Nevada Department of Wildlife","unit_type":"GMU","unit_id":"25","unit_name":"Bennett","unit_label":"Nevada GMU 25 - Bennett","aliases":"2025 | 25 | 25 bennett | bennett | game management unit | game management unit 25 | game management unit 25 bennett | gmu | gmu 25 | gmu 25 bennett | hunt unit | hunt unit 25 | hunt unit 25 bennett | hunting unit | hunting unit 25 | hunting unit 25 benne","year":"2025","Shape_Length":388390.96034598147,"Shape_Area":3442153238.510125}},{"type":"Feature","id":805,"geometry":{"type":"Polygon","coordinates":[[[-114.4701,37.1527],[-114.4436,37.1506],[-114.4171,37.1485],[-114.3906,37.1463],[-114.3641,37.1442],[-114.3417,37.15],[-114.3192,37.1559],[-114.2967,37.1617],[-114.2741,37.1675],[-114.2516,37.1733],[-114.2291,37.1791],[-114.2066,37.1849],[-114.1841,37.1907],[-114.1676,37.1872],[-114.151,37.1837],[-114.1345,37.1801],[-114.118,37.1766],[-114.1015,37.173],[-114.0849,37.1695],[-114.0684,37.166],[-114.0519,37.1624],[-114.0518,37.169],[-114.0518,37.1756],[-114.0517,37.2084],[-114.0519,37.2807],[-114.052,37.2869],[-114.0518,37.3232],[-114.0518,37.3435],[-114.0519,37.3478],[-114.0519,37.3715],[-114.0526,37.4639],[-114.0527,37.4882],[-114.0527,37.4898],[-114.0527,37.4943],[-114.0527,37.5039],[-114.0525,37.6197],[-114.0522,37.6505],[-114.0522,37.6512],[-114.052,37.7135],[-114.0519,37.724],[-114.0519,37.724],[-114.0695,37.7257],[-114.0871,37.7273],[-114.1047,37.7289],[-114.1223,37.7306],[-114.1347,37.737],[-114.1472,37.7435],[-114.1596,37.75],[-114.1721,37.7564],[-114.1846,37.7629],[-114.197,37.7693],[-114.2095,37.7758],[-114.222,37.7822],[-114.2451,37.7833],[-114.2683,37.7843],[-114.2914,37.7853],[-114.3146,37.7863],[-114.3377,37.7873],[-114.3609,37.7884],[-114.384,37.7894],[-114.4071,37.7904],[-114.4143,37.7791],[-114.4215,37.7678],[-114.4287,37.7566],[-114.4359,37.7453],[-114.4431,37.734],[-114.4502,37.7228],[-114.4574,37.7115],[-114.4646,37.7002],[-114.4717,37.689],[-114.4789,37.6777],[-114.4861,37.6664],[-114.4932,37.6552],[-114.5004,37.6439],[-114.5076,37.6326],[-114.5147,37.6213],[-114.5219,37.6101],[-114.5373,37.5919],[-114.5527,37.5738],[-114.5681,37.5556],[-114.5835,37.5375],[-114.5835,37.494],[-114.5768,37.4756],[-114.57,37.4573],[-114.5633,37.4389],[-114.5566,37.4206],[-114.5499,37.4022],[-114.5432,37.3839],[-114.5365,37.3655],[-114.5298,37.3472],[-114.5132,37.3334],[-114.4965,37.3197],[-114.4799,37.3059],[-114.4633,37.2922],[-114.4667,37.2224],[-114.4701,37.1527]]]},"properties":{"OBJECTID":805,"state":"Nevada","agency":"Nevada Department of Wildlife","unit_type":"GMU","unit_id":"24","unit_name":"Munson","unit_label":"Nevada GMU 24 - Munson","aliases":"2025 | 24 | 24 munson | game management unit | game management unit 24 | game management unit 24 munson | gmu | gmu 24 | gmu 24 munson | hunt unit | hunt unit 24 | hunt unit 24 munson | hunting unit | hunting unit 24 | hunting unit 24 munson | munson | n","year":"2025","Shape_Length":212287.35115553375,"Shape_Area":2711658485.5512023}},{"type":"Feature","id":806,"geometry":{"type":"Polygon","coordinates":[[[-119.4427,41.6547],[-119.443,41.7696],[-119.4721,41.7696],[-119.5011,41.7697],[-119.5302,41.7697],[-119.5593,41.7697],[-119.5596,41.8136],[-119.5885,41.8137],[-119.6175,41.8138],[-119.6465,41.8138],[-119.6754,41.8139],[-119.6753,41.901],[-119.6462,41.901],[-119.6171,41.9011],[-119.588,41.9011],[-119.5589,41.9011],[-119.5583,41.9957],[-119.5759,41.9958],[-119.5935,41.9959],[-119.6112,41.9959],[-119.6288,41.996],[-119.6464,41.9961],[-119.664,41.9961],[-119.6816,41.9962],[-119.6993,41.9962],[-119.7162,41.9964],[-119.7331,41.9966],[-119.7501,41.9968],[-119.767,41.9969],[-119.7731,41.9971],[-119.7931,41.9973],[-119.8131,41.9975],[-119.8371,41.9975],[-119.8612,41.9975],[-119.8743,41.9974],[-119.8994,41.9971],[-119.9246,41.9967],[-119.9497,41.9964],[-119.9748,41.996],[-119.9898,41.9955],[-119.9992,41.9945],[-119.9988,41.5579],[-119.9871,41.5705],[-119.9754,41.583],[-119.9637,41.5955],[-119.9519,41.6081],[-119.928,41.5984],[-119.904,41.5887],[-119.8801,41.579],[-119.8562,41.5693],[-119.8475,41.5834],[-119.824,41.5832],[-119.8004,41.583],[-119.7769,41.5829],[-119.7533,41.5827],[-119.7298,41.5825],[-119.7063,41.5823],[-119.6827,41.5821],[-119.6592,41.5819],[-119.6429,41.5845],[-119.6267,41.5871],[-119.6104,41.5896],[-119.5942,41.5922],[-119.5779,41.5947],[-119.5616,41.5973],[-119.5454,41.5998],[-119.5291,41.6024],[-119.5075,41.6155],[-119.4859,41.6285],[-119.4643,41.6416],[-119.4427,41.6547]]]},"properties":{"OBJECTID":806,"state":"Nevada","agency":"Nevada Department of Wildlife","unit_type":"GMU","unit_id":"1","unit_name":"Hampson","unit_label":"Nevada GMU 1 - Hampson","aliases":"1 | 1 hampson | 2025 | game management unit | game management unit 1 | game management unit 1 hampson | gmu | gmu 1 | gmu 1 hampson | hampson | hunt unit | hunt unit 1 | hunt unit 1 hampson | hunting unit | hunting unit 1 | hunting unit 1 hampson | nevad","year":"2025","Shape_Length":205394.86244645307,"Shape_Area":1735559275.4398491}},{"type":"Feature","id":807,"geometry":{"type":"Polygon","coordinates":[[[-119.4412,41.5949],[-119.4427,41.6547],[-119.4643,41.6416],[-119.4859,41.6285],[-119.5075,41.6155],[-119.5291,41.6024],[-119.5454,41.5998],[-119.5616,41.5973],[-119.5779,41.5947],[-119.5942,41.5922],[-119.6104,41.5896],[-119.6267,41.5871],[-119.6429,41.5845],[-119.6592,41.5819],[-119.6827,41.5821],[-119.7063,41.5823],[-119.7298,41.5825],[-119.7533,41.5827],[-119.7769,41.5829],[-119.8004,41.583],[-119.824,41.5832],[-119.8475,41.5834],[-119.8562,41.5693],[-119.8504,41.5332],[-119.8446,41.497],[-119.8281,41.4893],[-119.8115,41.4816],[-119.795,41.474],[-119.7784,41.4663],[-119.7678,41.4593],[-119.7573,41.4524],[-119.7467,41.4454],[-119.7361,41.4385],[-119.7255,41.4316],[-119.715,41.4246],[-119.7044,41.4177],[-119.6938,41.4107],[-119.6832,41.4038],[-119.6727,41.3968],[-119.6621,41.3899],[-119.6516,41.3829],[-119.641,41.3759],[-119.6304,41.369],[-119.6199,41.362],[-119.6093,41.3551],[-119.6024,41.342],[-119.5954,41.329],[-119.5885,41.3159],[-119.5815,41.3029],[-119.5746,41.2898],[-119.5676,41.2768],[-119.5607,41.2637],[-119.5537,41.2507],[-119.5353,41.2428],[-119.517,41.235],[-119.4986,41.2271],[-119.4802,41.2193],[-119.4664,41.2102],[-119.4526,41.201],[-119.4388,41.1919],[-119.425,41.1827],[-119.4112,41.1736],[-119.3975,41.1644],[-119.3837,41.1553],[-119.3699,41.1462],[-119.3778,41.1127],[-119.3856,41.0793],[-119.3775,41.07],[-119.3694,41.0607],[-119.3613,41.0513],[-119.3531,41.042],[-119.3509,41.0122],[-119.3486,40.9824],[-119.3463,40.9526],[-119.3441,40.9228],[-119.3418,40.893],[-119.3396,40.8632],[-119.3373,40.8333],[-119.335,40.8035],[-119.3068,40.7979],[-119.2785,40.7922],[-119.2697,40.8069],[-119.2609,40.8217],[-119.2521,40.8364],[-119.2433,40.8512],[-119.2344,40.866],[-119.2256,40.8807],[-119.2168,40.8955],[-119.2079,40.9102],[-119.1997,40.9199],[-119.1915,40.9296],[-119.1833,40.9394],[-119.175,40.9491],[-119.1668,40.9588],[-119.1586,40.9685],[-119.1503,40.9782],[-119.1421,40.9879],[-119.1363,41.0127],[-119.1305,41.0375],[-119.1247,41.0623],[-119.1189,41.0871],[-119.1257,41.1133],[-119.1325,41.1394],[-119.1394,41.1656],[-119.1462,41.1917],[-119.1531,41.2179],[-119.1599,41.244],[-119.1668,41.2702],[-119.1736,41.2963],[-119.1687,41.3268],[-119.1639,41.3573],[-119.159,41.3879],[-119.154,41.4184],[-119.1444,41.4281],[-119.1347,41.4379],[-119.1251,41.4476],[-119.1154,41.4573],[-119.1057,41.4671],[-119.0961,41.4768],[-119.0864,41.4865],[-119.0767,41.4963],[-119.0769,41.5501],[-119.0571,41.548],[-119.0374,41.5459],[-119.0282,41.5585],[-119.019,41.5711],[-119.0097,41.5837],[-119.0005,41.5963],[-119.0209,41.596],[-119.0414,41.5956],[-119.0618,41.5953],[-119.0822,41.5949],[-119.1026,41.5946],[-119.123,41.5943],[-119.1434,41.5939],[-119.1638,41.5936],[-119.1842,41.5932],[-119.2046,41.5928],[-119.2251,41.5925],[-119.2455,41.5921],[-119.2659,41.5917],[-119.2863,41.5914],[-119.3067,41.591],[-119.3271,41.5906],[-119.3556,41.5917],[-119.3841,41.5927],[-119.4127,41.5938],[-119.4412,41.5949]]]},"properties":{"OBJECTID":807,"state":"Nevada","agency":"Nevada Department of Wildlife","unit_type":"GMU","unit_id":"1","unit_name":"Hampson","unit_label":"Nevada GMU 1 - Hampson","aliases":"1 | 1 hampson | 2025 | game management unit | game management unit 1 | game management unit 1 hampson | gmu | gmu 1 | gmu 1 hampson | hampson | hunt unit | hunt unit 1 | hunt unit 1 hampson | hunting unit | hunting unit 1 | hunting unit 1 hampson | nevad","year":"2025","Shape_Length":290487.4113519024,"Shape_Area":2768907019.622039}},{"type":"Feature","id":808,"geometry":{"type":"Polygon","coordinates":[[[-119.5255,41.1282],[-119.5142,41.151],[-119.5029,41.1738],[-119.4915,41.1965],[-119.4802,41.2193],[-119.4986,41.2271],[-119.517,41.235],[-119.5353,41.2428],[-119.5537,41.2507],[-119.5607,41.2637],[-119.5676,41.2768],[-119.5746,41.2898],[-119.5815,41.3029],[-119.5885,41.3159],[-119.5954,41.329],[-119.6024,41.342],[-119.6093,41.3551],[-119.6199,41.362],[-119.6304,41.369],[-119.641,41.3759],[-119.6516,41.3829],[-119.6621,41.3899],[-119.6727,41.3968],[-119.6832,41.4038],[-119.6938,41.4107],[-119.7044,41.4177],[-119.715,41.4246],[-119.7255,41.4316],[-119.7361,41.4385],[-119.7467,41.4454],[-119.7573,41.4524],[-119.7678,41.4593],[-119.7784,41.4663],[-119.795,41.474],[-119.8115,41.4816],[-119.8281,41.4893],[-119.8446,41.497],[-119.8504,41.5332],[-119.8562,41.5693],[-119.8801,41.579],[-119.904,41.5887],[-119.928,41.5984],[-119.9519,41.6081],[-119.9637,41.5955],[-119.9754,41.583],[-119.9871,41.5705],[-119.9988,41.5579],[-119.9993,41.3601],[-119.9999,41.1623],[-119.9802,41.1586],[-119.9605,41.1549],[-119.952,41.1461],[-119.9435,41.1372],[-119.9349,41.1284],[-119.9264,41.1195],[-119.9179,41.1107],[-119.9094,41.1019],[-119.9008,41.093],[-119.8923,41.0842],[-119.876,41.0815],[-119.8596,41.0787],[-119.8433,41.076],[-119.827,41.0733],[-119.8106,41.0706],[-119.7943,41.0678],[-119.778,41.0651],[-119.7616,41.0624],[-119.7523,41.0705],[-119.743,41.0785],[-119.7337,41.0866],[-119.7244,41.0947],[-119.7084,41.0932],[-119.6924,41.0918],[-119.6764,41.0903],[-119.6604,41.0889],[-119.6435,41.0938],[-119.6267,41.0987],[-119.6098,41.1036],[-119.5929,41.1086],[-119.5761,41.1135],[-119.5592,41.1184],[-119.5423,41.1233],[-119.5255,41.1282]]]},"properties":{"OBJECTID":808,"state":"Nevada","agency":"Nevada Department of Wildlife","unit_type":"GMU","unit_id":"1","unit_name":"Hampson","unit_label":"Nevada GMU 1 - Hampson","aliases":"1 | 1 hampson | 2025 | game management unit | game management unit 1 | game management unit 1 hampson | gmu | gmu 1 | gmu 1 hampson | hampson | hunt unit | hunt unit 1 | hunt unit 1 hampson | hunting unit | hunting unit 1 | hunting unit 1 hampson | nevad","year":"2025","Shape_Length":170508.4814240744,"Shape_Area":1585256774.9917328}},{"type":"Feature","id":809,"geometry":{"type":"Polygon","coordinates":[[[-119.363,40.6555],[-119.3535,40.6837],[-119.3441,40.7119],[-119.3234,40.7246],[-119.3026,40.7372],[-119.2819,40.7499],[-119.2612,40.7625],[-119.2699,40.7773],[-119.2785,40.7922],[-119.3068,40.7979],[-119.335,40.8035],[-119.3373,40.8333],[-119.3396,40.8632],[-119.3418,40.893],[-119.3441,40.9228],[-119.3463,40.9526],[-119.3486,40.9824],[-119.3509,41.0122],[-119.3531,41.042],[-119.3613,41.0513],[-119.3694,41.0607],[-119.3775,41.07],[-119.3856,41.0793],[-119.3778,41.1127],[-119.3699,41.1462],[-119.3837,41.1553],[-119.3975,41.1644],[-119.4112,41.1736],[-119.425,41.1827],[-119.4388,41.1919],[-119.4526,41.201],[-119.4664,41.2102],[-119.4802,41.2193],[-119.4915,41.1965],[-119.5029,41.1738],[-119.5142,41.151],[-119.5255,41.1282],[-119.5423,41.1233],[-119.5592,41.1184],[-119.5761,41.1135],[-119.5929,41.1086],[-119.6098,41.1036],[-119.6267,41.0987],[-119.6435,41.0938],[-119.6604,41.0889],[-119.6764,41.0903],[-119.6924,41.0918],[-119.7084,41.0932],[-119.7244,41.0947],[-119.7337,41.0866],[-119.743,41.0785],[-119.7523,41.0705],[-119.7616,41.0624],[-119.778,41.0651],[-119.7943,41.0678],[-119.8106,41.0706],[-119.827,41.0733],[-119.8433,41.076],[-119.8596,41.0787],[-119.876,41.0815],[-119.8923,41.0842],[-119.8815,41.0714],[-119.8707,41.0585],[-119.8598,41.0457],[-119.849,41.0329],[-119.8382,41.02],[-119.8274,41.0072],[-119.8166,40.9944],[-119.8058,40.9816],[-119.7902,40.9777],[-119.7747,40.9738],[-119.7591,40.9699],[-119.7435,40.966],[-119.728,40.9621],[-119.7124,40.9582],[-119.6968,40.9543],[-119.6813,40.9504],[-119.6692,40.9394],[-119.6572,40.9284],[-119.6452,40.9174],[-119.6331,40.9064],[-119.6211,40.8954],[-119.6091,40.8843],[-119.5971,40.8733],[-119.5851,40.8623],[-119.5731,40.8513],[-119.5611,40.8403],[-119.5491,40.8293],[-119.5371,40.8183],[-119.5251,40.8072],[-119.5131,40.7962],[-119.5011,40.7852],[-119.4891,40.7742],[-119.485,40.7472],[-119.4808,40.7202],[-119.4661,40.7121],[-119.4514,40.704],[-119.4366,40.6959],[-119.4219,40.6879],[-119.4072,40.6798],[-119.3925,40.6717],[-119.3777,40.6636],[-119.363,40.6555]]]},"properties":{"OBJECTID":809,"state":"Nevada","agency":"Nevada Department of Wildlife","unit_type":"GMU","unit_id":"1","unit_name":"Hampson","unit_label":"Nevada GMU 1 - Hampson","aliases":"1 | 1 hampson | 2025 | game management unit | game management unit 1 | game management unit 1 hampson | gmu | gmu 1 | gmu 1 hampson | hampson | hunt unit | hunt unit 1 | hunt unit 1 hampson | hunting unit | hunting unit 1 | hunting unit 1 hampson | nevad","year":"2025","Shape_Length":188179.4338919923,"Shape_Area":1300050416.491859}},{"type":"Feature","id":810,"geometry":{"type":"Polygon","coordinates":[[[-119.8923,41.0842],[-119.9008,41.093],[-119.9094,41.1019],[-119.9179,41.1107],[-119.9264,41.1195],[-119.9349,41.1284],[-119.9435,41.1372],[-119.952,41.1461],[-119.9605,41.1549],[-119.9802,41.1586],[-119.9999,41.1623],[-120.0,41.132],[-119.9999,41.1226],[-119.9998,41.0639],[-119.9998,41.0221],[-119.9991,40.8834],[-119.9983,40.7447],[-119.9971,40.6604],[-119.996,40.5115],[-119.9961,40.3828],[-119.9962,40.3155],[-119.9969,40.1544],[-119.9705,40.1582],[-119.9441,40.1621],[-119.9177,40.166],[-119.8913,40.1699],[-119.8774,40.181],[-119.8636,40.1921],[-119.8498,40.2033],[-119.8359,40.2144],[-119.8221,40.2255],[-119.8082,40.2367],[-119.7944,40.2478],[-119.7805,40.2589],[-119.7613,40.2591],[-119.7421,40.2592],[-119.7229,40.2594],[-119.7038,40.2595],[-119.6931,40.2813],[-119.6824,40.3031],[-119.6869,40.3514],[-119.6914,40.3996],[-119.6852,40.4121],[-119.679,40.4247],[-119.6728,40.4372],[-119.6666,40.4498],[-119.6604,40.4623],[-119.6542,40.4749],[-119.6479,40.4874],[-119.6417,40.5],[-119.6322,40.5093],[-119.6227,40.5186],[-119.6132,40.528],[-119.6037,40.5373],[-119.5942,40.5466],[-119.5847,40.556],[-119.5752,40.5653],[-119.5657,40.5746],[-119.5562,40.584],[-119.5467,40.5933],[-119.5372,40.6026],[-119.5277,40.6119],[-119.5181,40.6213],[-119.5086,40.6306],[-119.4991,40.6399],[-119.4896,40.6492],[-119.4727,40.6414],[-119.4558,40.6335],[-119.4389,40.6256],[-119.4221,40.6177],[-119.4033,40.627],[-119.3845,40.6363],[-119.3657,40.6455],[-119.3469,40.6548],[-119.363,40.6555],[-119.3777,40.6636],[-119.3925,40.6717],[-119.4072,40.6798],[-119.4219,40.6879],[-119.4366,40.6959],[-119.4514,40.704],[-119.4661,40.7121],[-119.4808,40.7202],[-119.485,40.7472],[-119.4891,40.7742],[-119.5011,40.7852],[-119.5131,40.7962],[-119.5251,40.8072],[-119.5371,40.8183],[-119.5491,40.8293],[-119.5611,40.8403],[-119.5731,40.8513],[-119.5851,40.8623],[-119.5971,40.8733],[-119.6091,40.8843],[-119.6211,40.8954],[-119.6331,40.9064],[-119.6452,40.9174],[-119.6572,40.9284],[-119.6692,40.9394],[-119.6813,40.9504],[-119.6968,40.9543],[-119.7124,40.9582],[-119.728,40.9621],[-119.7435,40.966],[-119.7591,40.9699],[-119.7747,40.9738],[-119.7902,40.9777],[-119.8058,40.9816],[-119.8166,40.9944],[-119.8274,41.0072],[-119.8382,41.02],[-119.849,41.0329],[-119.8598,41.0457],[-119.8707,41.0585],[-119.8815,41.0714],[-119.8923,41.0842]]]},"properties":{"OBJECTID":810,"state":"Nevada","agency":"Nevada Department of Wildlife","unit_type":"GMU","unit_id":"1","unit_name":"Hampson","unit_label":"Nevada GMU 1 - Hampson","aliases":"1 | 1 hampson | 2025 | game management unit | game management unit 1 | game management unit 1 hampson | gmu | gmu 1 | gmu 1 hampson | hampson | hunt unit | hunt unit 1 | hunt unit 1 hampson | hunting unit | hunting unit 1 | hunting unit 1 hampson | nevad","year":"2025","Shape_Length":288206.0481516541,"Shape_Area":3085328866.992076}},{"type":"Feature","id":811,"geometry":{"type":"Polygon","coordinates":[[[-119.7529,39.5341],[-119.7473,39.5479],[-119.7417,39.5618],[-119.7361,39.5756],[-119.7305,39.5895],[-119.7248,39.6033],[-119.7192,39.6171],[-119.7136,39.631],[-119.708,39.6448],[-119.7023,39.6758],[-119.6967,39.7068],[-119.691,39.7378],[-119.6853,39.7688],[-119.6914,39.7834],[-119.6975,39.798],[-119.7035,39.8126],[-119.7096,39.8272],[-119.7157,39.8418],[-119.7218,39.8564],[-119.7279,39.871],[-119.734,39.8856],[-119.7512,39.9016],[-119.7685,39.9175],[-119.7859,39.9334],[-119.8032,39.9493],[-119.8205,39.9653],[-119.8378,39.9812],[-119.8552,39.9971],[-119.8725,40.013],[-119.8945,40.0237],[-119.9164,40.0343],[-119.9384,40.045],[-119.9604,40.0556],[-119.9698,40.0742],[-119.9793,40.0928],[-119.954,40.094],[-119.9288,40.0951],[-119.9035,40.0962],[-119.8783,40.0973],[-119.8848,40.1336],[-119.8913,40.1699],[-119.9177,40.166],[-119.9441,40.1621],[-119.9705,40.1582],[-119.9969,40.1544],[-119.9973,40.078],[-119.9973,40.0779],[-119.9973,40.0736],[-119.9973,40.0599],[-119.9983,39.9785],[-119.9992,39.8972],[-120.0001,39.8158],[-120.0011,39.7345],[-120.0014,39.6743],[-120.0014,39.6742],[-119.9839,39.663],[-119.9665,39.6518],[-119.9491,39.6406],[-119.9316,39.6294],[-119.9099,39.6238],[-119.8882,39.6182],[-119.8664,39.6125],[-119.8447,39.6069],[-119.8305,39.5895],[-119.8163,39.5721],[-119.8021,39.5547],[-119.7879,39.5373],[-119.7704,39.5357],[-119.7529,39.5341]]]},"properties":{"OBJECTID":811,"state":"Nevada","agency":"Nevada Department of Wildlife","unit_type":"GMU","unit_id":"2","unit_name":"Hampson","unit_label":"Nevada GMU 2 - Hampson","aliases":"2 | 2 hampson | 2025 | game management unit | game management unit 2 | game management unit 2 hampson | gmu | gmu 2 | gmu 2 hampson | hampson | hunt unit | hunt unit 2 | hunt unit 2 hampson | hunting unit | hunting unit 2 | hunting unit 2 hampson | nevad","year":"2025","Shape_Length":179918.33342280873,"Shape_Area":1149846892.9428637}},{"type":"Feature","id":812,"geometry":{"type":"Polygon","coordinates":[[[-117.7823,41.3957],[-117.7884,41.4077],[-117.7946,41.4198],[-117.792,41.4563],[-117.7894,41.4929],[-117.7868,41.5295],[-117.7842,41.566],[-117.7816,41.6026],[-117.779,41.6392],[-117.7764,41.6758],[-117.7737,41.7124],[-117.7658,41.7303],[-117.7578,41.7483],[-117.7498,41.7662],[-117.7419,41.7842],[-117.7339,41.8022],[-117.7259,41.8201],[-117.7179,41.8381],[-117.7099,41.8561],[-117.7121,41.8916],[-117.7143,41.9271],[-117.7165,41.9627],[-117.7187,41.9982],[-117.7354,41.9982],[-117.7522,41.9983],[-117.769,41.9984],[-117.7857,41.9984],[-117.8029,41.9984],[-117.82,41.9984],[-117.8444,41.9983],[-117.8689,41.9983],[-117.8738,41.9983],[-117.8972,41.9983],[-117.9205,41.9982],[-117.9377,41.9981],[-117.9549,41.998],[-117.9807,41.998],[-118.0015,41.998],[-118.0259,41.9979],[-118.0502,41.9978],[-118.0745,41.9977],[-118.0989,41.9976],[-118.1232,41.9975],[-118.1475,41.9974],[-118.1718,41.9973],[-118.1962,41.9972],[-118.2205,41.997],[-118.2448,41.9969],[-118.2692,41.9968],[-118.2935,41.9966],[-118.3178,41.9965],[-118.3422,41.9963],[-118.3665,41.9962],[-118.3908,41.996],[-118.4113,41.9959],[-118.4266,41.9959],[-118.442,41.9958],[-118.4674,41.9956],[-118.4883,41.9953],[-118.5037,41.9952],[-118.519,41.995],[-118.5344,41.9948],[-118.5497,41.9947],[-118.5757,41.9943],[-118.6017,41.9939],[-118.6022,41.9939],[-118.6185,41.9936],[-118.6349,41.9932],[-118.6274,41.9697],[-118.6199,41.9463],[-118.6125,41.9228],[-118.605,41.8993],[-118.5976,41.8758],[-118.5901,41.8523],[-118.5827,41.8288],[-118.5753,41.8053],[-118.5665,41.7924],[-118.5578,41.7794],[-118.549,41.7665],[-118.5403,41.7535],[-118.5316,41.7405],[-118.5229,41.7276],[-118.5141,41.7146],[-118.5054,41.7017],[-118.4967,41.6887],[-118.488,41.6757],[-118.4793,41.6628],[-118.4705,41.6498],[-118.4618,41.6368],[-118.4531,41.6239],[-118.4444,41.6109],[-118.4357,41.5979],[-118.4263,41.589],[-118.4168,41.58],[-118.4073,41.571],[-118.3978,41.562],[-118.3837,41.5499],[-118.3696,41.5377],[-118.3555,41.5255],[-118.3414,41.5134],[-118.3273,41.5012],[-118.3132,41.489],[-118.2991,41.4768],[-118.2851,41.4647],[-118.2698,41.4614],[-118.2545,41.458],[-118.2393,41.4547],[-118.224,41.4514],[-118.2088,41.4481],[-118.1935,41.4448],[-118.1783,41.4414],[-118.163,41.4381],[-118.1478,41.4348],[-118.1325,41.4314],[-118.1173,41.4281],[-118.102,41.4248],[-118.0868,41.4214],[-118.0716,41.4181],[-118.0563,41.4148],[-118.0411,41.4114],[-118.0249,41.4104],[-118.0087,41.4095],[-117.9925,41.4085],[-117.9764,41.4075],[-117.9602,41.4066],[-117.944,41.4056],[-117.9278,41.4046],[-117.9117,41.4036],[-117.8955,41.4026],[-117.8793,41.4017],[-117.8631,41.4007],[-117.847,41.3997],[-117.8308,41.3987],[-117.8146,41.3977],[-117.7984,41.3967],[-117.7823,41.3957]]]},"properties":{"OBJECTID":812,"state":"Nevada","agency":"Nevada Department of Wildlife","unit_type":"GMU","unit_id":"3","unit_name":"Partee","unit_label":"Nevada GMU 3 - Partee","aliases":"2025 | 3 | 3 partee | game management unit | game management unit 3 | game management unit 3 partee | gmu | gmu 3 | gmu 3 partee | hunt unit | hunt unit 3 | hunt unit 3 partee | hunting unit | hunting unit 3 | hunting unit 3 partee | nevada | nevada 3 |","year":"2025","Shape_Length":253479.1094943628,"Shape_Area":3897867285.667008}},{"type":"Feature","id":813,"geometry":{"type":"Polygon","coordinates":[[[-118.7736,41.9934],[-118.8029,41.9934],[-118.8322,41.9935],[-118.8615,41.9935],[-118.8908,41.9935],[-118.9201,41.9936],[-118.9494,41.9936],[-118.9787,41.9936],[-119.008,41.9936],[-119.0362,41.9936],[-119.0643,41.9935],[-119.0925,41.9935],[-119.1207,41.9935],[-119.1487,41.9934],[-119.1766,41.9934],[-119.1977,41.9935],[-119.2187,41.9936],[-119.2346,41.9937],[-119.2505,41.9939],[-119.2523,41.9938],[-119.2676,41.9939],[-119.2828,41.994],[-119.2981,41.9941],[-119.3134,41.9942],[-119.3287,41.9942],[-119.3439,41.9943],[-119.3592,41.9944],[-119.3745,41.9944],[-119.3974,41.9946],[-119.4204,41.9948],[-119.4434,41.9949],[-119.4664,41.9951],[-119.4894,41.9953],[-119.5123,41.9954],[-119.5353,41.9956],[-119.5583,41.9957],[-119.5589,41.9011],[-119.5297,41.9009],[-119.5004,41.9007],[-119.5012,41.8137],[-119.5304,41.8136],[-119.5596,41.8136],[-119.5593,41.7697],[-119.5302,41.7697],[-119.5011,41.7697],[-119.4721,41.7696],[-119.443,41.7696],[-119.4427,41.6547],[-119.4412,41.5949],[-119.4127,41.5938],[-119.3841,41.5927],[-119.3556,41.5917],[-119.3271,41.5906],[-119.3067,41.591],[-119.2863,41.5914],[-119.2659,41.5917],[-119.2455,41.5921],[-119.2251,41.5925],[-119.2046,41.5928],[-119.1842,41.5932],[-119.1638,41.5936],[-119.1434,41.5939],[-119.123,41.5943],[-119.1026,41.5946],[-119.0822,41.5949],[-119.0618,41.5953],[-119.0414,41.5956],[-119.0209,41.596],[-119.0005,41.5963],[-118.9737,41.6037],[-118.9469,41.6111],[-118.9456,41.6864],[-118.9443,41.7618],[-118.9736,41.7618],[-118.9736,41.8703],[-118.9488,41.8701],[-118.924,41.8699],[-118.8991,41.8697],[-118.8743,41.8695],[-118.8494,41.8693],[-118.8246,41.869],[-118.7997,41.8688],[-118.7749,41.8686],[-118.7736,41.9926],[-118.7736,41.9934]]]},"properties":{"OBJECTID":813,"state":"Nevada","agency":"Nevada Department of Wildlife","unit_type":"GMU","unit_id":"3","unit_name":"Hampson","unit_label":"Nevada GMU 3 - Hampson","aliases":"2025 | 3 | 3 hampson | game management unit | game management unit 3 | game management unit 3 hampson | gmu | gmu 3 | gmu 3 hampson | hampson | hunt unit | hunt unit 3 | hunt unit 3 hampson | hunting unit | hunting unit 3 | hunting unit 3 hampson | nevad","year":"2025","Shape_Length":231584.24485798154,"Shape_Area":2195422636.0270834}},{"type":"Feature","id":814,"geometry":{"type":"Polygon","coordinates":[[[-118.7736,41.9934],[-118.7736,41.9926],[-118.7749,41.8686],[-118.7997,41.8688],[-118.8246,41.869],[-118.8494,41.8693],[-118.8743,41.8695],[-118.8991,41.8697],[-118.924,41.8699],[-118.9488,41.8701],[-118.9736,41.8703],[-118.9736,41.7618],[-118.9443,41.7618],[-118.9456,41.6864],[-118.9469,41.6111],[-118.9419,41.6319],[-118.9369,41.6528],[-118.9088,41.6537],[-118.8807,41.6545],[-118.866,41.6376],[-118.8513,41.6208],[-118.8366,41.6039],[-118.8219,41.587],[-118.8269,41.5596],[-118.8319,41.5323],[-118.8167,41.524],[-118.8015,41.5157],[-118.7863,41.5074],[-118.7711,41.4991],[-118.7468,41.5077],[-118.7226,41.5163],[-118.7112,41.5098],[-118.6998,41.5033],[-118.6883,41.4969],[-118.6769,41.4904],[-118.6655,41.4839],[-118.6541,41.4775],[-118.6427,41.471],[-118.6313,41.4645],[-118.6116,41.4734],[-118.5919,41.4824],[-118.5636,41.4826],[-118.5352,41.4828],[-118.5069,41.483],[-118.4785,41.4832],[-118.4717,41.4985],[-118.4649,41.5138],[-118.4581,41.5292],[-118.4513,41.5445],[-118.4379,41.5489],[-118.4245,41.5533],[-118.4112,41.5577],[-118.3978,41.562],[-118.4073,41.571],[-118.4168,41.58],[-118.4263,41.589],[-118.4357,41.5979],[-118.4444,41.6109],[-118.4531,41.6239],[-118.4618,41.6368],[-118.4705,41.6498],[-118.4793,41.6628],[-118.488,41.6757],[-118.4967,41.6887],[-118.5054,41.7017],[-118.5141,41.7146],[-118.5229,41.7276],[-118.5316,41.7405],[-118.5403,41.7535],[-118.549,41.7665],[-118.5578,41.7794],[-118.5665,41.7924],[-118.5753,41.8053],[-118.5827,41.8288],[-118.5901,41.8523],[-118.5976,41.8758],[-118.605,41.8993],[-118.6125,41.9228],[-118.6199,41.9463],[-118.6274,41.9697],[-118.6349,41.9932],[-118.636,41.9932],[-118.6532,41.9932],[-118.6704,41.9933],[-118.6876,41.9933],[-118.7048,41.9933],[-118.722,41.9933],[-118.7392,41.9934],[-118.7564,41.9934],[-118.7736,41.9934]]]},"properties":{"OBJECTID":814,"state":"Nevada","agency":"Nevada Department of Wildlife","unit_type":"GMU","unit_id":"3","unit_name":"Partee","unit_label":"Nevada GMU 3 - Partee","aliases":"2025 | 3 | 3 partee | game management unit | game management unit 3 | game management unit 3 partee | gmu | gmu 3 | gmu 3 partee | hunt unit | hunt unit 3 | hunt unit 3 partee | hunting unit | hunting unit 3 | hunting unit 3 partee | nevada | nevada 3 |","year":"2025","Shape_Length":195882.83439861768,"Shape_Area":1599837038.2289987}},{"type":"Feature","id":815,"geometry":{"type":"Polygon","coordinates":[[[-118.4785,41.4832],[-118.5069,41.483],[-118.5352,41.4828],[-118.5636,41.4826],[-118.5919,41.4824],[-118.6116,41.4734],[-118.6313,41.4645],[-118.6427,41.471],[-118.6541,41.4775],[-118.6655,41.4839],[-118.6769,41.4904],[-118.6883,41.4969],[-118.6998,41.5033],[-118.7112,41.5098],[-118.7226,41.5163],[-118.7468,41.5077],[-118.7711,41.4991],[-118.7863,41.5074],[-118.8015,41.5157],[-118.8167,41.524],[-118.8319,41.5323],[-118.8269,41.5596],[-118.8219,41.587],[-118.8366,41.6039],[-118.8513,41.6208],[-118.866,41.6376],[-118.8807,41.6545],[-118.9088,41.6537],[-118.9369,41.6528],[-118.9419,41.6319],[-118.9469,41.6111],[-118.9737,41.6037],[-119.0005,41.5963],[-119.0097,41.5837],[-119.019,41.5711],[-119.0282,41.5585],[-119.0374,41.5459],[-119.0571,41.548],[-119.0769,41.5501],[-119.0767,41.4963],[-119.0864,41.4865],[-119.0961,41.4768],[-119.1057,41.4671],[-119.1154,41.4573],[-119.1251,41.4476],[-119.1347,41.4379],[-119.1444,41.4281],[-119.154,41.4184],[-119.159,41.3879],[-119.1639,41.3573],[-119.1687,41.3268],[-119.1736,41.2963],[-119.1668,41.2702],[-119.1599,41.244],[-119.1531,41.2179],[-119.1462,41.1917],[-119.1394,41.1656],[-119.1325,41.1394],[-119.1257,41.1133],[-119.1189,41.0871],[-119.1247,41.0623],[-119.1305,41.0375],[-119.1363,41.0127],[-119.1421,40.9879],[-119.1503,40.9782],[-119.1586,40.9685],[-119.1668,40.9588],[-119.175,40.9491],[-119.1833,40.9394],[-119.1915,40.9296],[-119.1997,40.9199],[-119.2079,40.9102],[-119.2168,40.8955],[-119.2256,40.8807],[-119.2344,40.866],[-119.2433,40.8512],[-119.2521,40.8364],[-119.2609,40.8217],[-119.2697,40.8069],[-119.2785,40.7922],[-119.2699,40.7773],[-119.2612,40.7625],[-119.2819,40.7499],[-119.3026,40.7372],[-119.3234,40.7246],[-119.3441,40.7119],[-119.3535,40.6837],[-119.363,40.6555],[-119.3469,40.6548],[-119.3259,40.6665],[-119.3048,40.6781],[-119.2837,40.6898],[-119.2626,40.7014],[-119.2415,40.7131],[-119.2204,40.7247],[-119.1993,40.7363],[-119.1782,40.748],[-119.1606,40.7549],[-119.1429,40.7618],[-119.1253,40.7687],[-119.1077,40.7755],[-119.0901,40.7824],[-119.0724,40.7893],[-119.0548,40.7962],[-119.0372,40.8031],[-119.0195,40.8099],[-119.0019,40.8168],[-118.9842,40.8237],[-118.9666,40.8305],[-118.9489,40.8374],[-118.9313,40.8443],[-118.9136,40.8511],[-118.896,40.858],[-118.8779,40.8598],[-118.8597,40.8616],[-118.8416,40.8635],[-118.8235,40.8653],[-118.8054,40.8671],[-118.7873,40.8689],[-118.7692,40.8708],[-118.7511,40.8726],[-118.7416,40.8735],[-118.7362,40.874],[-118.7279,40.8941],[-118.7195,40.9142],[-118.7112,40.9343],[-118.7028,40.9544],[-118.7081,40.9751],[-118.7133,40.9958],[-118.7186,41.0165],[-118.7238,41.0371],[-118.7107,41.053],[-118.6975,41.069],[-118.6843,41.0849],[-118.6711,41.1008],[-118.6647,41.1195],[-118.6583,41.1382],[-118.6519,41.157],[-118.6454,41.1757],[-118.6362,41.1871],[-118.627,41.1985],[-118.6177,41.2099],[-118.6085,41.2213],[-118.5993,41.2327],[-118.59,41.2441],[-118.5808,41.2555],[-118.5715,41.2669],[-118.5633,41.2963],[-118.5551,41.3256],[-118.5459,41.339],[-118.5367,41.3523],[-118.5276,41.3656],[-118.5184,41.379],[-118.5092,41.3923],[-118.5,41.4056],[-118.4908,41.4189],[-118.4817,41.4323],[-118.4785,41.4832]]]},"properties":{"OBJECTID":815,"state":"Nevada","agency":"Nevada Department of Wildlife","unit_type":"GMU","unit_id":"3","unit_name":"Partee","unit_label":"Nevada GMU 3 - Partee","aliases":"2025 | 3 | 3 partee | game management unit | game management unit 3 | game management unit 3 partee | gmu | gmu 3 | gmu 3 partee | hunt unit | hunt unit 3 | hunt unit 3 partee | hunting unit | hunting unit 3 | hunting unit 3 partee | nevada | nevada 3 |","year":"2025","Shape_Length":314757.26995256654,"Shape_Area":3689830412.465212}},{"type":"Feature","id":816,"geometry":{"type":"Polygon","coordinates":[[[-118.7362,40.874],[-118.7189,40.886],[-118.7016,40.898],[-118.6842,40.91],[-118.6669,40.9219],[-118.6502,40.9224],[-118.6335,40.9229],[-118.6168,40.9233],[-118.6001,40.9238],[-118.5795,40.9154],[-118.5589,40.9071],[-118.5383,40.8987],[-118.5177,40.8903],[-118.4936,40.8942],[-118.4696,40.898],[-118.4456,40.9018],[-118.4215,40.9056],[-118.3975,40.9093],[-118.3734,40.9131],[-118.3493,40.9169],[-118.3253,40.9207],[-118.3012,40.9245],[-118.2772,40.9282],[-118.2531,40.932],[-118.229,40.9358],[-118.205,40.9395],[-118.1809,40.9433],[-118.1568,40.947],[-118.1327,40.9508],[-118.1106,40.9453],[-118.0884,40.9397],[-118.0662,40.9342],[-118.0441,40.9287],[-118.0219,40.9232],[-117.9998,40.9176],[-117.9777,40.9121],[-117.9555,40.9066],[-117.9421,40.911],[-117.9287,40.9154],[-117.9154,40.9198],[-117.902,40.9242],[-117.8886,40.9286],[-117.8752,40.933],[-117.8618,40.9374],[-117.8484,40.9418],[-117.835,40.9462],[-117.8216,40.9506],[-117.8082,40.955],[-117.7948,40.9594],[-117.7814,40.9638],[-117.768,40.9682],[-117.7546,40.9726],[-117.7412,40.9769],[-117.7335,41.0017],[-117.7258,41.0264],[-117.7181,41.0512],[-117.7103,41.0759],[-117.7026,41.1007],[-117.6949,41.1254],[-117.6872,41.1502],[-117.6795,41.1749],[-117.6829,41.2062],[-117.6863,41.2375],[-117.6898,41.2689],[-117.6932,41.3002],[-117.7044,41.3121],[-117.7155,41.3241],[-117.7266,41.336],[-117.7377,41.348],[-117.7489,41.3599],[-117.76,41.3718],[-117.7711,41.3838],[-117.7823,41.3957],[-117.7984,41.3967],[-117.8146,41.3977],[-117.8308,41.3987],[-117.847,41.3997],[-117.8631,41.4007],[-117.8793,41.4017],[-117.8955,41.4026],[-117.9117,41.4036],[-117.9278,41.4046],[-117.944,41.4056],[-117.9602,41.4066],[-117.9764,41.4075],[-117.9925,41.4085],[-118.0087,41.4095],[-118.0249,41.4104],[-118.0411,41.4114],[-118.0563,41.4148],[-118.0716,41.4181],[-118.0868,41.4214],[-118.102,41.4248],[-118.1173,41.4281],[-118.1325,41.4314],[-118.1478,41.4348],[-118.163,41.4381],[-118.1783,41.4414],[-118.1935,41.4448],[-118.2088,41.4481],[-118.224,41.4514],[-118.2393,41.4547],[-118.2545,41.458],[-118.2698,41.4614],[-118.2851,41.4647],[-118.2991,41.4768],[-118.3132,41.489],[-118.3273,41.5012],[-118.3414,41.5134],[-118.3555,41.5255],[-118.3696,41.5377],[-118.3837,41.5499],[-118.3978,41.562],[-118.4112,41.5577],[-118.4245,41.5533],[-118.4379,41.5489],[-118.4513,41.5445],[-118.4581,41.5292],[-118.4649,41.5138],[-118.4717,41.4985],[-118.4785,41.4832],[-118.4817,41.4323],[-118.4908,41.4189],[-118.5,41.4056],[-118.5092,41.3923],[-118.5184,41.379],[-118.5276,41.3656],[-118.5367,41.3523],[-118.5459,41.339],[-118.5551,41.3256],[-118.5633,41.2963],[-118.5715,41.2669],[-118.5808,41.2555],[-118.59,41.2441],[-118.5993,41.2327],[-118.6085,41.2213],[-118.6177,41.2099],[-118.627,41.1985],[-118.6362,41.1871],[-118.6454,41.1757],[-118.6519,41.157],[-118.6583,41.1382],[-118.6647,41.1195],[-118.6711,41.1008],[-118.6843,41.0849],[-118.6975,41.069],[-118.7107,41.053],[-118.7238,41.0371],[-118.7186,41.0165],[-118.7133,40.9958],[-118.7081,40.9751],[-118.7028,40.9544],[-118.7112,40.9343],[-118.7195,40.9142],[-118.7279,40.8941],[-118.7362,40.874]]]},"properties":{"OBJECTID":816,"state":"Nevada","agency":"Nevada Department of Wildlife","unit_type":"GMU","unit_id":"3","unit_name":"Partee","unit_label":"Nevada GMU 3 - Partee","aliases":"2025 | 3 | 3 partee | game management unit | game management unit 3 | game management unit 3 partee | gmu | gmu 3 | gmu 3 partee | hunt unit | hunt unit 3 | hunt unit 3 partee | hunting unit | hunting unit 3 | hunting unit 3 partee | nevada | nevada 3 |","year":"2025","Shape_Length":281853.2716700983,"Shape_Area":4406201002.655659}},{"type":"Feature","id":817,"geometry":{"type":"Polygon","coordinates":[[[-117.3365,40.6125],[-117.3272,40.6391],[-117.3127,40.6478],[-117.2982,40.6565],[-117.2837,40.6653],[-117.2691,40.674],[-117.2546,40.6827],[-117.24,40.6914],[-117.2255,40.7002],[-117.2109,40.7089],[-117.2007,40.7193],[-117.1904,40.7297],[-117.1801,40.7401],[-117.1698,40.7504],[-117.1596,40.7608],[-117.1493,40.7712],[-117.139,40.7816],[-117.1287,40.792],[-117.1465,40.8061],[-117.1644,40.8201],[-117.1822,40.8342],[-117.2,40.8483],[-117.2181,40.8569],[-117.2361,40.8655],[-117.2541,40.8741],[-117.2721,40.8827],[-117.2901,40.8913],[-117.3082,40.8999],[-117.3262,40.9085],[-117.3442,40.917],[-117.3628,40.921],[-117.3814,40.9249],[-117.4,40.9289],[-117.4186,40.9328],[-117.4372,40.9367],[-117.4557,40.9407],[-117.4743,40.9446],[-117.4929,40.9485],[-117.5055,40.9582],[-117.518,40.9678],[-117.5306,40.9774],[-117.5432,40.9871],[-117.5557,40.9967],[-117.5683,41.0063],[-117.5809,41.016],[-117.5935,41.0256],[-117.6116,41.0193],[-117.6298,41.013],[-117.648,41.0067],[-117.6662,41.0003],[-117.6844,40.994],[-117.7025,40.9877],[-117.7207,40.9814],[-117.7389,40.975],[-117.7472,40.9592],[-117.7554,40.9434],[-117.7637,40.9276],[-117.772,40.9118],[-117.7633,40.8874],[-117.7546,40.863],[-117.7459,40.8385],[-117.7371,40.8141],[-117.7284,40.7897],[-117.7197,40.7653],[-117.711,40.7408],[-117.7024,40.7164],[-117.6923,40.6956],[-117.6823,40.6747],[-117.6723,40.6539],[-117.6623,40.6331],[-117.6523,40.6122],[-117.6423,40.5914],[-117.6323,40.5706],[-117.6223,40.5497],[-117.5951,40.556],[-117.5679,40.5623],[-117.5407,40.5685],[-117.5135,40.5748],[-117.5161,40.6099],[-117.5188,40.645],[-117.5058,40.6502],[-117.4928,40.6555],[-117.4798,40.6608],[-117.4668,40.6661],[-117.4505,40.6594],[-117.4342,40.6527],[-117.4179,40.646],[-117.4016,40.6393],[-117.3853,40.6326],[-117.369,40.6259],[-117.3528,40.6192],[-117.3365,40.6125]]]},"properties":{"OBJECTID":817,"state":"Nevada","agency":"Nevada Department of Wildlife","unit_type":"GMU","unit_id":"4","unit_name":"Neill","unit_label":"Nevada GMU 4 - Neill","aliases":"2025 | 4 | 4 neill | game management unit | game management unit 4 | game management unit 4 neill | gmu | gmu 4 | gmu 4 neill | hunt unit | hunt unit 4 | hunt unit 4 neill | hunting unit | hunting unit 4 | hunting unit 4 neill | neill | nevada | nevada 4","year":"2025","Shape_Length":173413.71922193654,"Shape_Area":1610306610.5642374}},{"type":"Feature","id":818,"geometry":{"type":"Polygon","coordinates":[[[-118.107,40.1143],[-118.0927,40.1309],[-118.0784,40.1476],[-118.0641,40.1642],[-118.0498,40.1808],[-118.046,40.2011],[-118.0422,40.2213],[-118.0384,40.2415],[-118.0345,40.2617],[-118.039,40.2768],[-118.0436,40.2919],[-118.0481,40.307],[-118.0527,40.3221],[-118.0572,40.3372],[-118.0617,40.3522],[-118.0663,40.3673],[-118.0708,40.3824],[-118.0707,40.4927],[-118.061,40.5135],[-118.0514,40.5342],[-118.0558,40.5704],[-118.0602,40.6067],[-118.0647,40.6429],[-118.0691,40.6791],[-118.0955,40.6717],[-118.1218,40.6643],[-118.1482,40.6568],[-118.1745,40.6494],[-118.192,40.6391],[-118.2094,40.6288],[-118.2268,40.6185],[-118.2442,40.6083],[-118.2524,40.5949],[-118.2606,40.5816],[-118.2687,40.5683],[-118.2769,40.555],[-118.2812,40.5293],[-118.2854,40.5035],[-118.2896,40.4778],[-118.2939,40.452],[-118.2981,40.4263],[-118.3023,40.4006],[-118.3066,40.3748],[-118.3108,40.3491],[-118.3189,40.3376],[-118.327,40.3261],[-118.335,40.3146],[-118.3431,40.3032],[-118.3512,40.2917],[-118.3592,40.2802],[-118.3673,40.2687],[-118.3753,40.2572],[-118.3873,40.2474],[-118.3994,40.2376],[-118.4114,40.2278],[-118.4234,40.2179],[-118.4354,40.2081],[-118.4474,40.1983],[-118.4594,40.1884],[-118.4714,40.1786],[-118.4798,40.169],[-118.4882,40.1593],[-118.4967,40.1497],[-118.5051,40.14],[-118.5234,40.1301],[-118.5418,40.1203],[-118.5601,40.1104],[-118.5784,40.1005],[-118.5967,40.0906],[-118.6151,40.0807],[-118.6334,40.0707],[-118.6517,40.0608],[-118.6597,40.0424],[-118.6677,40.024],[-118.6757,40.0056],[-118.6837,39.9871],[-118.6999,39.9759],[-118.7162,39.9647],[-118.7325,39.9535],[-118.7487,39.9423],[-118.7556,39.9176],[-118.7624,39.893],[-118.7692,39.8684],[-118.776,39.8438],[-118.7536,39.8472],[-118.7311,39.8507],[-118.7087,39.8541],[-118.6862,39.8576],[-118.6692,39.8676],[-118.6522,39.8776],[-118.6353,39.8876],[-118.6183,39.8976],[-118.6013,39.9076],[-118.5843,39.9176],[-118.5673,39.9276],[-118.5502,39.9376],[-118.5258,39.9422],[-118.5014,39.9469],[-118.4769,39.9515],[-118.4525,39.9561],[-118.4365,39.9722],[-118.4205,39.9883],[-118.4037,39.9949],[-118.3868,40.0016],[-118.37,40.0082],[-118.3531,40.0148],[-118.3362,40.0215],[-118.3194,40.0281],[-118.3025,40.0347],[-118.2856,40.0414],[-118.261,40.047],[-118.2363,40.0526],[-118.2117,40.0582],[-118.1871,40.0638],[-118.1907,40.083],[-118.1943,40.1022],[-118.1979,40.1214],[-118.2015,40.1406],[-118.1779,40.1341],[-118.1542,40.1275],[-118.1306,40.1209],[-118.107,40.1143]]]},"properties":{"OBJECTID":818,"state":"Nevada","agency":"Nevada Department of Wildlife","unit_type":"GMU","unit_id":"4","unit_name":"Neill","unit_label":"Nevada GMU 4 - Neill","aliases":"2025 | 4 | 4 neill | game management unit | game management unit 4 | game management unit 4 neill | gmu | gmu 4 | gmu 4 neill | hunt unit | hunt unit 4 | hunt unit 4 neill | hunting unit | hunting unit 4 | hunting unit 4 neill | neill | nevada | nevada 4","year":"2025","Shape_Length":257807.9196244229,"Shape_Area":2084966163.525416}},{"type":"Feature","id":819,"geometry":{"type":"Polygon","coordinates":[[[-117.9291,40.8804],[-117.9077,40.889],[-117.8862,40.8976],[-117.8648,40.9061],[-117.8433,40.9147],[-117.8218,40.9233],[-117.8003,40.9318],[-117.7789,40.9404],[-117.7574,40.9489],[-117.7481,40.962],[-117.7389,40.975],[-117.7412,40.9769],[-117.7546,40.9726],[-117.768,40.9682],[-117.7814,40.9638],[-117.7948,40.9594],[-117.8082,40.955],[-117.8216,40.9506],[-117.835,40.9462],[-117.8484,40.9418],[-117.8618,40.9374],[-117.8752,40.933],[-117.8886,40.9286],[-117.902,40.9242],[-117.9154,40.9198],[-117.9287,40.9154],[-117.9421,40.911],[-117.9555,40.9066],[-117.9777,40.9121],[-117.9998,40.9176],[-118.0219,40.9232],[-118.0441,40.9287],[-118.0662,40.9342],[-118.0884,40.9397],[-118.1106,40.9453],[-118.1327,40.9508],[-118.1568,40.947],[-118.1809,40.9433],[-118.205,40.9395],[-118.229,40.9358],[-118.2531,40.932],[-118.2772,40.9282],[-118.3012,40.9245],[-118.3253,40.9207],[-118.3493,40.9169],[-118.3734,40.9131],[-118.3975,40.9093],[-118.4215,40.9056],[-118.4456,40.9018],[-118.4696,40.898],[-118.4936,40.8942],[-118.5177,40.8903],[-118.5383,40.8987],[-118.5589,40.9071],[-118.5795,40.9154],[-118.6001,40.9238],[-118.6168,40.9233],[-118.6335,40.9229],[-118.6502,40.9224],[-118.6669,40.9219],[-118.6842,40.91],[-118.7016,40.898],[-118.7189,40.886],[-118.7362,40.874],[-118.73,40.8622],[-118.7238,40.8504],[-118.7177,40.8387],[-118.7115,40.8269],[-118.7166,40.8123],[-118.7217,40.7977],[-118.7268,40.7831],[-118.7319,40.7685],[-118.7097,40.7801],[-118.6875,40.7916],[-118.6673,40.7868],[-118.6472,40.782],[-118.627,40.7772],[-118.6069,40.7724],[-118.6158,40.7521],[-118.6247,40.7318],[-118.6336,40.7115],[-118.6425,40.6912],[-118.6514,40.6709],[-118.6603,40.6507],[-118.6692,40.6304],[-118.678,40.6101],[-118.6841,40.5704],[-118.6901,40.5306],[-118.6918,40.4297],[-118.6934,40.3287],[-118.68,40.3164],[-118.6665,40.304],[-118.653,40.2916],[-118.6396,40.2793],[-118.6261,40.2669],[-118.6127,40.2546],[-118.5992,40.2422],[-118.5858,40.2298],[-118.5715,40.2234],[-118.5572,40.217],[-118.5429,40.2106],[-118.5286,40.2042],[-118.5142,40.1978],[-118.4999,40.1914],[-118.4857,40.185],[-118.4714,40.1786],[-118.4594,40.1884],[-118.4474,40.1983],[-118.4354,40.2081],[-118.4234,40.2179],[-118.4114,40.2278],[-118.3994,40.2376],[-118.3873,40.2474],[-118.3753,40.2572],[-118.3673,40.2687],[-118.3592,40.2802],[-118.3512,40.2917],[-118.3431,40.3032],[-118.335,40.3146],[-118.327,40.3261],[-118.3189,40.3376],[-118.3108,40.3491],[-118.3066,40.3748],[-118.3023,40.4006],[-118.2981,40.4263],[-118.2939,40.452],[-118.2896,40.4778],[-118.2854,40.5035],[-118.2812,40.5293],[-118.2769,40.555],[-118.2687,40.5683],[-118.2606,40.5816],[-118.2524,40.5949],[-118.2442,40.6083],[-118.2268,40.6185],[-118.2094,40.6288],[-118.192,40.6391],[-118.1745,40.6494],[-118.1482,40.6568],[-118.1218,40.6643],[-118.0955,40.6717],[-118.0691,40.6791],[-118.0576,40.6979],[-118.046,40.7167],[-118.0344,40.7355],[-118.0228,40.7543],[-118.0112,40.7731],[-117.9996,40.7918],[-117.988,40.8106],[-117.9764,40.8294],[-117.9646,40.8422],[-117.9528,40.8549],[-117.9409,40.8677],[-117.9291,40.8804]]]},"properties":{"OBJECTID":819,"state":"Nevada","agency":"Nevada Department of Wildlife","unit_type":"GMU","unit_id":"4","unit_name":"Neill","unit_label":"Nevada GMU 4 - Neill","aliases":"2025 | 4 | 4 neill | game management unit | game management unit 4 | game management unit 4 neill | gmu | gmu 4 | gmu 4 neill | hunt unit | hunt unit 4 | hunt unit 4 neill | hunting unit | hunting unit 4 | hunting unit 4 neill | neill | nevada | nevada 4","year":"2025","Shape_Length":305292.34144209535,"Shape_Area":3282859380.1795826}},{"type":"Feature","id":820,"geometry":{"type":"Polygon","coordinates":[[[-117.772,40.9118],[-117.7637,40.9276],[-117.7554,40.9434],[-117.7472,40.9592],[-117.7389,40.975],[-117.7481,40.962],[-117.7574,40.9489],[-117.7789,40.9404],[-117.8003,40.9318],[-117.8218,40.9233],[-117.8433,40.9147],[-117.8648,40.9061],[-117.8862,40.8976],[-117.9077,40.889],[-117.9291,40.8804],[-117.9409,40.8677],[-117.9528,40.8549],[-117.9646,40.8422],[-117.9764,40.8294],[-117.988,40.8106],[-117.9996,40.7918],[-118.0112,40.7731],[-118.0228,40.7543],[-118.0344,40.7355],[-118.046,40.7167],[-118.0576,40.6979],[-118.0691,40.6791],[-118.0647,40.6429],[-118.0602,40.6067],[-118.0558,40.5704],[-118.0514,40.5342],[-118.061,40.5135],[-118.0707,40.4927],[-118.0708,40.3824],[-118.0663,40.3673],[-118.0617,40.3522],[-118.0572,40.3372],[-118.0527,40.3221],[-118.0481,40.307],[-118.0436,40.2919],[-118.039,40.2768],[-118.0345,40.2617],[-118.0384,40.2415],[-118.0422,40.2213],[-118.046,40.2011],[-118.0498,40.1808],[-118.0641,40.1642],[-118.0784,40.1476],[-118.0927,40.1309],[-118.107,40.1143],[-118.0786,40.1099],[-118.0501,40.1055],[-118.0217,40.101],[-117.9932,40.0966],[-117.9798,40.1084],[-117.9664,40.1203],[-117.953,40.1321],[-117.9396,40.144],[-117.9261,40.1558],[-117.9127,40.1676],[-117.8993,40.1795],[-117.8858,40.1913],[-117.8642,40.1997],[-117.8425,40.2081],[-117.8208,40.2164],[-117.7991,40.2248],[-117.7823,40.2184],[-117.7655,40.2121],[-117.7487,40.2057],[-117.7319,40.1994],[-117.72,40.2153],[-117.708,40.2312],[-117.696,40.247],[-117.684,40.2629],[-117.672,40.2788],[-117.66,40.2947],[-117.648,40.3105],[-117.636,40.3264],[-117.6314,40.3434],[-117.6267,40.3603],[-117.6221,40.3772],[-117.6174,40.3942],[-117.6128,40.4111],[-117.6081,40.428],[-117.6035,40.445],[-117.5988,40.4619],[-117.6047,40.4839],[-117.6106,40.5058],[-117.6164,40.5278],[-117.6223,40.5497],[-117.6323,40.5706],[-117.6423,40.5914],[-117.6523,40.6122],[-117.6623,40.6331],[-117.6723,40.6539],[-117.6823,40.6747],[-117.6923,40.6956],[-117.7024,40.7164],[-117.711,40.7408],[-117.7197,40.7653],[-117.7284,40.7897],[-117.7371,40.8141],[-117.7459,40.8385],[-117.7546,40.863],[-117.7633,40.8874],[-117.772,40.9118]]]},"properties":{"OBJECTID":820,"state":"Nevada","agency":"Nevada Department of Wildlife","unit_type":"GMU","unit_id":"4","unit_name":"Neill","unit_label":"Nevada GMU 4 - Neill","aliases":"2025 | 4 | 4 neill | game management unit | game management unit 4 | game management unit 4 neill | gmu | gmu 4 | gmu 4 neill | hunt unit | hunt unit 4 | hunt unit 4 neill | hunting unit | hunting unit 4 | hunting unit 4 neill | neill | nevada | nevada 4","year":"2025","Shape_Length":240870.64963999152,"Shape_Area":2569206540.3766327}},{"type":"Feature","id":821,"geometry":{"type":"Polygon","coordinates":[[[-117.3365,40.6125],[-117.3528,40.6192],[-117.369,40.6259],[-117.3853,40.6326],[-117.4016,40.6393],[-117.4179,40.646],[-117.4342,40.6527],[-117.4505,40.6594],[-117.4668,40.6661],[-117.4798,40.6608],[-117.4928,40.6555],[-117.5058,40.6502],[-117.5188,40.645],[-117.5161,40.6099],[-117.5135,40.5748],[-117.5407,40.5685],[-117.5679,40.5623],[-117.5951,40.556],[-117.6223,40.5497],[-117.6164,40.5278],[-117.6106,40.5058],[-117.6047,40.4839],[-117.5988,40.4619],[-117.6035,40.445],[-117.6081,40.428],[-117.6128,40.4111],[-117.6174,40.3942],[-117.6221,40.3772],[-117.6267,40.3603],[-117.6314,40.3434],[-117.636,40.3264],[-117.648,40.3105],[-117.66,40.2947],[-117.672,40.2788],[-117.684,40.2629],[-117.696,40.247],[-117.708,40.2312],[-117.72,40.2153],[-117.7319,40.1994],[-117.7091,40.196],[-117.6863,40.1926],[-117.6803,40.179],[-117.6743,40.1654],[-117.6683,40.1519],[-117.6623,40.1383],[-117.6498,40.123],[-117.6373,40.1076],[-117.6216,40.114],[-117.606,40.1203],[-117.5904,40.1267],[-117.5748,40.133],[-117.5592,40.1394],[-117.5436,40.1457],[-117.5279,40.152],[-117.5123,40.1584],[-117.5087,40.1623],[-117.5074,40.1628],[-117.4979,40.1785],[-117.4884,40.1942],[-117.4789,40.2099],[-117.4694,40.2256],[-117.4599,40.2413],[-117.4504,40.257],[-117.4408,40.2727],[-117.4313,40.2884],[-117.4282,40.3196],[-117.4251,40.3507],[-117.422,40.3819],[-117.4189,40.413],[-117.4109,40.4254],[-117.4029,40.4379],[-117.395,40.4503],[-117.3869,40.4627],[-117.3789,40.4751],[-117.3709,40.4875],[-117.3629,40.4999],[-117.3549,40.5124],[-117.3503,40.5374],[-117.3457,40.5624],[-117.3411,40.5875],[-117.3365,40.6125]]]},"properties":{"OBJECTID":821,"state":"Nevada","agency":"Nevada Department of Wildlife","unit_type":"GMU","unit_id":"4","unit_name":"Neill","unit_label":"Nevada GMU 4 - Neill","aliases":"2025 | 4 | 4 neill | game management unit | game management unit 4 | game management unit 4 neill | gmu | gmu 4 | gmu 4 neill | hunt unit | hunt unit 4 | hunt unit 4 neill | hunting unit | hunting unit 4 | hunting unit 4 neill | neill | nevada | nevada 4","year":"2025","Shape_Length":156930.04676788254,"Shape_Area":1022481298.6817719}},{"type":"Feature","id":822,"geometry":{"type":"Polygon","coordinates":[[[-115.7936,41.6764],[-115.7702,41.6847],[-115.7469,41.6929],[-115.7235,41.7012],[-115.7001,41.7095],[-115.6916,41.7345],[-115.683,41.7594],[-115.7017,41.7689],[-115.7204,41.7783],[-115.7157,41.8024],[-115.711,41.8265],[-115.7063,41.8506],[-115.7016,41.8747],[-115.6934,41.8852],[-115.6852,41.8957],[-115.677,41.9062],[-115.6688,41.9167],[-115.6795,41.9367],[-115.6902,41.9568],[-115.7009,41.9768],[-115.7116,41.9968],[-115.7117,41.997],[-115.7251,41.9969],[-115.7437,41.997],[-115.7624,41.997],[-115.7811,41.997],[-115.7997,41.997],[-115.8184,41.9971],[-115.8371,41.9971],[-115.8557,41.9971],[-115.8744,41.9971],[-115.8991,41.9972],[-115.9238,41.9972],[-115.9485,41.9973],[-115.9732,41.9973],[-115.9979,41.9974],[-116.0226,41.9974],[-116.0473,41.9975],[-116.072,41.9975],[-116.0787,41.9975],[-116.0829,41.9975],[-116.1008,41.9976],[-116.1188,41.9976],[-116.1208,41.9976],[-116.1333,41.9977],[-116.1237,41.9825],[-116.1142,41.9674],[-116.1047,41.9523],[-116.0952,41.9372],[-116.0861,41.9259],[-116.077,41.9146],[-116.0679,41.9034],[-116.0589,41.8921],[-116.0411,41.8845],[-116.0233,41.8769],[-116.0055,41.8693],[-115.9877,41.8616],[-115.9796,41.8462],[-115.9715,41.8308],[-115.9634,41.8153],[-115.9553,41.7999],[-115.9472,41.7844],[-115.9391,41.769],[-115.9311,41.7536],[-115.923,41.7381],[-115.9068,41.7304],[-115.8906,41.7227],[-115.8744,41.715],[-115.8583,41.7073],[-115.8421,41.6996],[-115.8259,41.6918],[-115.8097,41.6841],[-115.7936,41.6764]]]},"properties":{"OBJECTID":822,"state":"Nevada","agency":"Nevada Department of Wildlife","unit_type":"GMU","unit_id":"6","unit_name":"Jeffress","unit_label":"Nevada GMU 6 - Jeffress","aliases":"2025 | 6 | 6 jeffress | game management unit | game management unit 6 | game management unit 6 jeffress | gmu | gmu 6 | gmu 6 jeffress | hunt unit | hunt unit 6 | hunt unit 6 jeffress | hunting unit | hunting unit 6 | hunting unit 6 jeffress | jeffress |","year":"2025","Shape_Length":126369.00800243756,"Shape_Area":850137018.4730724}},{"type":"Feature","id":823,"geometry":{"type":"Polygon","coordinates":[[[-115.8415,41.1569],[-115.8329,41.1698],[-115.8243,41.1826],[-115.8156,41.1955],[-115.807,41.2083],[-115.8,41.2381],[-115.793,41.268],[-115.7861,41.2978],[-115.7791,41.3276],[-115.7857,41.3536],[-115.7923,41.3795],[-115.7989,41.4054],[-115.8055,41.4314],[-115.8122,41.4573],[-115.8188,41.4833],[-115.8254,41.5092],[-115.8321,41.5352],[-115.8261,41.5499],[-115.82,41.5646],[-115.814,41.5793],[-115.808,41.5941],[-115.8019,41.6088],[-115.7959,41.6235],[-115.7899,41.6382],[-115.7838,41.653],[-115.7936,41.6764],[-115.8097,41.6841],[-115.8259,41.6918],[-115.8421,41.6996],[-115.8583,41.7073],[-115.8744,41.715],[-115.8906,41.7227],[-115.9068,41.7304],[-115.923,41.7381],[-115.9311,41.7536],[-115.9391,41.769],[-115.9472,41.7844],[-115.9553,41.7999],[-115.9634,41.8153],[-115.9715,41.8308],[-115.9796,41.8462],[-115.9877,41.8616],[-116.0055,41.8693],[-116.0233,41.8769],[-116.0411,41.8845],[-116.0589,41.8921],[-116.0679,41.9034],[-116.077,41.9146],[-116.0861,41.9259],[-116.0952,41.9372],[-116.1227,41.9372],[-116.1502,41.9372],[-116.162,41.9282],[-116.1738,41.9192],[-116.1856,41.9102],[-116.1973,41.9012],[-116.2091,41.8923],[-116.2209,41.8833],[-116.2326,41.8743],[-116.2444,41.8653],[-116.237,41.851],[-116.2295,41.8367],[-116.2221,41.8224],[-116.2147,41.8082],[-116.2073,41.7939],[-116.1999,41.7796],[-116.1925,41.7653],[-116.185,41.751],[-116.1832,41.6933],[-116.1914,41.6824],[-116.1996,41.6715],[-116.2078,41.6605],[-116.216,41.6496],[-116.215,41.5823],[-116.1977,41.5779],[-116.1805,41.5735],[-116.1633,41.5691],[-116.1461,41.5648],[-116.1346,41.5437],[-116.1231,41.5226],[-116.1116,41.5015],[-116.1002,41.4805],[-116.1038,41.4292],[-116.1075,41.3779],[-116.1111,41.3266],[-116.1148,41.2753],[-116.0965,41.2661],[-116.0782,41.2568],[-116.0599,41.2476],[-116.0416,41.2383],[-116.0229,41.2351],[-116.0042,41.2318],[-115.9855,41.2286],[-115.9668,41.2253],[-115.9511,41.2168],[-115.9354,41.2082],[-115.9198,41.1997],[-115.9041,41.1911],[-115.8885,41.1826],[-115.8728,41.174],[-115.8572,41.1655],[-115.8415,41.1569]]]},"properties":{"OBJECTID":823,"state":"Nevada","agency":"Nevada Department of Wildlife","unit_type":"GMU","unit_id":"6","unit_name":"Jeffress","unit_label":"Nevada GMU 6 - Jeffress","aliases":"2025 | 6 | 6 jeffress | game management unit | game management unit 6 | game management unit 6 jeffress | gmu | gmu 6 | gmu 6 jeffress | hunt unit | hunt unit 6 | hunt unit 6 jeffress | hunting unit | hunting unit 6 | hunting unit 6 jeffress | jeffress |","year":"2025","Shape_Length":215197.38437824685,"Shape_Area":2004228710.9270854}},{"type":"Feature","id":824,"geometry":{"type":"Polygon","coordinates":[[[-116.1046,40.7143],[-116.089,40.7143],[-116.0734,40.7142],[-116.0578,40.7141],[-116.0422,40.714],[-116.0266,40.714],[-116.011,40.7139],[-115.9954,40.7138],[-115.9799,40.7137],[-115.9612,40.7286],[-115.9425,40.7434],[-115.9238,40.7582],[-115.9052,40.773],[-115.8873,40.7804],[-115.8694,40.7878],[-115.8516,40.7952],[-115.8337,40.8025],[-115.8158,40.8099],[-115.798,40.8172],[-115.7801,40.8246],[-115.7622,40.832],[-115.7887,40.8358],[-115.8118,40.8442],[-115.8349,40.8526],[-115.8581,40.861],[-115.8812,40.8695],[-115.8771,40.9288],[-115.873,40.9881],[-115.8689,41.0474],[-115.8648,41.1067],[-115.859,41.1193],[-115.8532,41.1318],[-115.8473,41.1444],[-115.8415,41.1569],[-115.8572,41.1655],[-115.8728,41.174],[-115.8885,41.1826],[-115.9041,41.1911],[-115.9198,41.1997],[-115.9354,41.2082],[-115.9511,41.2168],[-115.9668,41.2253],[-115.9855,41.2286],[-116.0042,41.2318],[-116.0229,41.2351],[-116.0416,41.2383],[-116.053,41.2295],[-116.0643,41.2206],[-116.0757,41.2118],[-116.0871,41.203],[-116.0906,41.1305],[-116.0989,41.115],[-116.1072,41.0996],[-116.1154,41.0842],[-116.1237,41.0687],[-116.132,41.0533],[-116.1402,41.0379],[-116.1485,41.0224],[-116.1567,41.007],[-116.1638,40.9785],[-116.1709,40.9499],[-116.1779,40.9214],[-116.185,40.8929],[-116.1961,40.8785],[-116.2072,40.8641],[-116.2183,40.8497],[-116.2294,40.8353],[-116.2104,40.8212],[-116.1914,40.8071],[-116.1725,40.793],[-116.1535,40.7789],[-116.1412,40.7627],[-116.129,40.7466],[-116.1168,40.7305],[-116.1046,40.7143]]]},"properties":{"OBJECTID":824,"state":"Nevada","agency":"Nevada Department of Wildlife","unit_type":"GMU","unit_id":"6","unit_name":"Jeffress","unit_label":"Nevada GMU 6 - Jeffress","aliases":"2025 | 6 | 6 jeffress | game management unit | game management unit 6 | game management unit 6 jeffress | gmu | gmu 6 | gmu 6 jeffress | hunt unit | hunt unit 6 | hunt unit 6 jeffress | hunting unit | hunting unit 6 | hunting unit 6 jeffress | jeffress |","year":"2025","Shape_Length":162157.87529458484,"Shape_Area":1292157548.985091}},{"type":"Feature","id":825,"geometry":{"type":"Polygon","coordinates":[[[-115.6762,40.7854],[-115.6977,40.7971],[-115.7192,40.8087],[-115.7407,40.8203],[-115.7622,40.832],[-115.7801,40.8246],[-115.798,40.8172],[-115.8158,40.8099],[-115.8337,40.8025],[-115.8516,40.7952],[-115.8694,40.7878],[-115.8873,40.7804],[-115.9052,40.773],[-115.9238,40.7582],[-115.9425,40.7434],[-115.9612,40.7286],[-115.9799,40.7137],[-115.9954,40.7138],[-116.011,40.7139],[-116.0266,40.714],[-116.0422,40.714],[-116.0578,40.7141],[-116.0734,40.7142],[-116.089,40.7143],[-116.1046,40.7143],[-116.1138,40.7],[-116.123,40.6857],[-116.1322,40.6714],[-116.1414,40.6571],[-116.1507,40.6428],[-116.1599,40.6285],[-116.1691,40.6142],[-116.1783,40.5999],[-116.1663,40.5858],[-116.1544,40.5718],[-116.1424,40.5577],[-116.1305,40.5437],[-116.1275,40.5131],[-116.1245,40.4825],[-116.1215,40.4519],[-116.1186,40.4213],[-116.1156,40.3907],[-116.1126,40.3601],[-116.1096,40.3295],[-116.1067,40.299],[-116.1137,40.2839],[-116.1008,40.2679],[-116.0879,40.252],[-116.0751,40.236],[-116.0622,40.22],[-116.0493,40.204],[-116.0365,40.188],[-116.0237,40.172],[-116.0108,40.156],[-115.9949,40.1544],[-115.9789,40.1527],[-115.963,40.1511],[-115.947,40.1494],[-115.9311,40.1478],[-115.9151,40.1461],[-115.8992,40.1445],[-115.8832,40.1428],[-115.8669,40.1286],[-115.8506,40.1143],[-115.8307,40.1144],[-115.8108,40.1145],[-115.7909,40.1146],[-115.771,40.1147],[-115.7654,40.1168],[-115.7601,40.1389],[-115.7548,40.161],[-115.7495,40.1831],[-115.7441,40.2052],[-115.7344,40.2167],[-115.7247,40.2281],[-115.715,40.2396],[-115.7053,40.251],[-115.6956,40.2625],[-115.6859,40.2739],[-115.6762,40.2853],[-115.6665,40.2968],[-115.6625,40.3395],[-115.6586,40.3822],[-115.6607,40.4291],[-115.6628,40.4761],[-115.6649,40.523],[-115.667,40.5699],[-115.6786,40.5835],[-115.6901,40.597],[-115.7017,40.6106],[-115.7133,40.6242],[-115.7103,40.6513],[-115.7074,40.6784],[-115.7044,40.7056],[-115.7014,40.7327],[-115.6951,40.7459],[-115.6888,40.7591],[-115.6825,40.7723],[-115.6762,40.7854]]]},"properties":{"OBJECTID":825,"state":"Nevada","agency":"Nevada Department of Wildlife","unit_type":"GMU","unit_id":"6","unit_name":"Roberts","unit_label":"Nevada GMU 6 - Roberts","aliases":"2025 | 6 | 6 roberts | game management unit | game management unit 6 | game management unit 6 roberts | gmu | gmu 6 | gmu 6 roberts | hunt unit | hunt unit 6 | hunt unit 6 roberts | hunting unit | hunting unit 6 | hunting unit 6 roberts | nevada | nevada","year":"2025","Shape_Length":210741.53926941994,"Shape_Area":2497200857.3546185}},{"type":"Feature","id":826,"geometry":{"type":"Polygon","coordinates":[[[-116.2916,41.614],[-116.3131,41.6066],[-116.3347,41.5992],[-116.3562,41.5918],[-116.3777,41.5844],[-116.3993,41.577],[-116.4208,41.5695],[-116.4423,41.5621],[-116.4638,41.5547],[-116.4763,41.5385],[-116.4887,41.5223],[-116.5068,41.5205],[-116.5248,41.5187],[-116.5428,41.5169],[-116.5608,41.5151],[-116.5788,41.5133],[-116.5968,41.5115],[-116.6149,41.5097],[-116.6329,41.5079],[-116.6353,41.4391],[-116.6442,41.4126],[-116.653,41.386],[-116.6618,41.3595],[-116.6706,41.333],[-116.6699,41.2712],[-116.6821,41.2567],[-116.6942,41.2423],[-116.7064,41.2278],[-116.7185,41.2133],[-116.7033,41.2148],[-116.6881,41.2163],[-116.6729,41.2178],[-116.6577,41.2192],[-116.6425,41.2207],[-116.6273,41.2222],[-116.6121,41.2236],[-116.5969,41.2251],[-116.5702,41.2221],[-116.5435,41.219],[-116.5169,41.2159],[-116.4902,41.2129],[-116.4635,41.2098],[-116.4369,41.2067],[-116.4102,41.2037],[-116.3836,41.2006],[-116.3679,41.2037],[-116.3523,41.2068],[-116.3366,41.2098],[-116.3209,41.2129],[-116.3053,41.216],[-116.2896,41.2191],[-116.274,41.2222],[-116.2583,41.2252],[-116.247,41.2446],[-116.2357,41.264],[-116.2244,41.2834],[-116.2131,41.3027],[-116.1885,41.2959],[-116.1639,41.289],[-116.1393,41.2822],[-116.1148,41.2753],[-116.1111,41.3266],[-116.1075,41.3779],[-116.1038,41.4292],[-116.1002,41.4805],[-116.1116,41.5015],[-116.1231,41.5226],[-116.1346,41.5437],[-116.1461,41.5648],[-116.1633,41.5691],[-116.1805,41.5735],[-116.1977,41.5779],[-116.215,41.5823],[-116.2341,41.5902],[-116.2532,41.5982],[-116.2724,41.6061],[-116.2916,41.614]]]},"properties":{"OBJECTID":826,"state":"Nevada","agency":"Nevada Department of Wildlife","unit_type":"GMU","unit_id":"6","unit_name":"Jeffress","unit_label":"Nevada GMU 6 - Jeffress","aliases":"2025 | 6 | 6 jeffress | game management unit | game management unit 6 | game management unit 6 jeffress | gmu | gmu 6 | gmu 6 jeffress | hunt unit | hunt unit 6 | hunt unit 6 jeffress | hunting unit | hunting unit 6 | hunting unit 6 jeffress | jeffress |","year":"2025","Shape_Length":170025.00026094556,"Shape_Area":1666103120.9221992}},{"type":"Feature","id":827,"geometry":{"type":"Polygon","coordinates":[[[-114.3202,40.9173],[-114.3308,40.9243],[-114.3414,40.9314],[-114.352,40.9384],[-114.3626,40.9454],[-114.3732,40.9524],[-114.3838,40.9594],[-114.3943,40.9664],[-114.4049,40.9735],[-114.4155,40.9805],[-114.4261,40.9875],[-114.4367,40.9945],[-114.4473,41.0015],[-114.4579,41.0085],[-114.4685,41.0155],[-114.4792,41.0225],[-114.4898,41.0295],[-114.5117,41.0416],[-114.5336,41.0538],[-114.5555,41.0659],[-114.5775,41.0779],[-114.5941,41.0795],[-114.6107,41.081],[-114.6273,41.0825],[-114.6439,41.084],[-114.6605,41.0855],[-114.6771,41.087],[-114.6937,41.0885],[-114.7103,41.09],[-114.7168,41.0709],[-114.7233,41.0518],[-114.7297,41.0327],[-114.7362,41.0136],[-114.7427,40.9945],[-114.7491,40.9754],[-114.7556,40.9563],[-114.762,40.9372],[-114.7784,40.9324],[-114.7948,40.9276],[-114.8112,40.9228],[-114.8276,40.918],[-114.844,40.9131],[-114.8604,40.9083],[-114.8767,40.9035],[-114.8931,40.8986],[-114.8778,40.8921],[-114.8625,40.8856],[-114.8472,40.8791],[-114.8319,40.8726],[-114.8166,40.8661],[-114.8014,40.8596],[-114.7861,40.8531],[-114.7708,40.8466],[-114.7555,40.8401],[-114.7402,40.8335],[-114.725,40.827],[-114.7097,40.8205],[-114.6944,40.814],[-114.6792,40.8075],[-114.6639,40.8009],[-114.6486,40.7944],[-114.6341,40.7787],[-114.6197,40.7631],[-114.6052,40.7474],[-114.5907,40.7317],[-114.5724,40.7471],[-114.554,40.7624],[-114.5357,40.7778],[-114.5174,40.7931],[-114.499,40.8085],[-114.4807,40.8238],[-114.4623,40.8391],[-114.4439,40.8545],[-114.4274,40.8684],[-114.4108,40.8824],[-114.3943,40.8964],[-114.3777,40.9103],[-114.349,40.9138],[-114.3202,40.9173]]]},"properties":{"OBJECTID":827,"state":"Nevada","agency":"Nevada Department of Wildlife","unit_type":"GMU","unit_id":"7","unit_name":"Huebner","unit_label":"Nevada GMU 7 - Huebner","aliases":"2025 | 7 | 7 huebner | game management unit | game management unit 7 | game management unit 7 huebner | gmu | gmu 7 | gmu 7 huebner | huebner | hunt unit | hunt unit 7 | hunt unit 7 huebner | hunting unit | hunting unit 7 | hunting unit 7 huebner | nevad","year":"2025","Shape_Length":132321.65640215532,"Shape_Area":894828160.6669165}},{"type":"Feature","id":828,"geometry":{"type":"Polygon","coordinates":[[[-115.8321,41.5352],[-115.806,41.5426],[-115.78,41.5499],[-115.7633,41.5449],[-115.7466,41.5398],[-115.7299,41.5347],[-115.7132,41.5296],[-115.697,41.5405],[-115.6808,41.5514],[-115.6646,41.5623],[-115.6484,41.5732],[-115.63,41.574],[-115.6117,41.5747],[-115.5933,41.5754],[-115.575,41.5761],[-115.5566,41.5768],[-115.5383,41.5775],[-115.5199,41.5782],[-115.5016,41.5789],[-115.5055,41.6007],[-115.5095,41.6226],[-115.5135,41.6445],[-115.5175,41.6664],[-115.5097,41.678],[-115.5019,41.6895],[-115.4941,41.7011],[-115.4864,41.7127],[-115.4786,41.7243],[-115.4708,41.7359],[-115.463,41.7475],[-115.4552,41.7591],[-115.4661,41.7804],[-115.4769,41.8017],[-115.4657,41.8185],[-115.4544,41.8353],[-115.4431,41.852],[-115.4317,41.8688],[-115.4267,41.9007],[-115.4217,41.9326],[-115.4166,41.9646],[-115.4116,41.9965],[-115.4338,41.9966],[-115.4559,41.9966],[-115.4781,41.9967],[-115.5002,41.9967],[-115.5224,41.9968],[-115.5445,41.9968],[-115.5667,41.9969],[-115.5889,41.9969],[-115.619,41.997],[-115.6491,41.9972],[-115.6647,41.9971],[-115.6804,41.9971],[-115.696,41.997],[-115.7117,41.997],[-115.7116,41.9968],[-115.7009,41.9768],[-115.6902,41.9568],[-115.6795,41.9367],[-115.6688,41.9167],[-115.677,41.9062],[-115.6852,41.8957],[-115.6934,41.8852],[-115.7016,41.8747],[-115.7063,41.8506],[-115.711,41.8265],[-115.7157,41.8024],[-115.7204,41.7783],[-115.7017,41.7689],[-115.683,41.7594],[-115.6916,41.7345],[-115.7001,41.7095],[-115.7235,41.7012],[-115.7469,41.6929],[-115.7702,41.6847],[-115.7936,41.6764],[-115.7838,41.653],[-115.7899,41.6382],[-115.7959,41.6235],[-115.8019,41.6088],[-115.808,41.5941],[-115.814,41.5793],[-115.82,41.5646],[-115.8261,41.5499],[-115.8321,41.5352]]]},"properties":{"OBJECTID":828,"state":"Nevada","agency":"Nevada Department of Wildlife","unit_type":"GMU","unit_id":"7","unit_name":"Huebner","unit_label":"Nevada GMU 7 - Huebner","aliases":"2025 | 7 | 7 huebner | game management unit | game management unit 7 | game management unit 7 huebner | gmu | gmu 7 | gmu 7 huebner | huebner | hunt unit | hunt unit 7 | hunt unit 7 huebner | hunting unit | hunting unit 7 | hunting unit 7 huebner | nevad","year":"2025","Shape_Length":164583.47019324094,"Shape_Area":1062977020.9022964}},{"type":"Feature","id":829,"geometry":{"type":"Polygon","coordinates":[[[-114.9998,41.997],[-115.0155,41.9969],[-115.0311,41.9969],[-115.0468,41.9969],[-115.0625,41.9969],[-115.0782,41.9968],[-115.0939,41.9968],[-115.1096,41.9968],[-115.1253,41.9967],[-115.141,41.9967],[-115.1567,41.9966],[-115.1724,41.9966],[-115.1881,41.9965],[-115.2038,41.9965],[-115.2195,41.9964],[-115.2351,41.9964],[-115.2508,41.9963],[-115.2705,41.9963],[-115.2901,41.9963],[-115.3124,41.9963],[-115.3348,41.9964],[-115.3571,41.9964],[-115.3794,41.9964],[-115.3981,41.9965],[-115.4008,41.9965],[-115.4094,41.9965],[-115.4116,41.9965],[-115.4166,41.9646],[-115.4217,41.9326],[-115.4267,41.9007],[-115.4317,41.8688],[-115.4431,41.852],[-115.4544,41.8353],[-115.4657,41.8185],[-115.4769,41.8017],[-115.4661,41.7804],[-115.4552,41.7591],[-115.463,41.7475],[-115.4708,41.7359],[-115.4786,41.7243],[-115.4864,41.7127],[-115.4941,41.7011],[-115.5019,41.6895],[-115.5097,41.678],[-115.5175,41.6664],[-115.5135,41.6445],[-115.5095,41.6226],[-115.5055,41.6007],[-115.5016,41.5789],[-115.4906,41.5652],[-115.4797,41.5516],[-115.4687,41.538],[-115.4578,41.5244],[-115.4468,41.5108],[-115.4359,41.4972],[-115.425,41.4836],[-115.414,41.47],[-115.4085,41.4907],[-115.4029,41.5115],[-115.3973,41.5323],[-115.3918,41.5531],[-115.3775,41.5629],[-115.3632,41.5727],[-115.3489,41.5825],[-115.3346,41.5923],[-115.3188,41.5852],[-115.3029,41.5781],[-115.2871,41.571],[-115.2712,41.5639],[-115.2554,41.5567],[-115.2396,41.5496],[-115.2237,41.5425],[-115.2079,41.5354],[-115.2111,41.5746],[-115.2142,41.6138],[-115.2059,41.6246],[-115.1976,41.6353],[-115.1893,41.646],[-115.181,41.6567],[-115.1584,41.6673],[-115.1358,41.6778],[-115.1132,41.6883],[-115.0906,41.6989],[-115.0745,41.7152],[-115.0584,41.7315],[-115.0423,41.7478],[-115.0262,41.7641],[-115.0208,41.7838],[-115.0154,41.8035],[-115.01,41.8232],[-115.0046,41.8429],[-114.9941,41.8559],[-114.9836,41.8689],[-114.9732,41.8819],[-114.9627,41.8948],[-114.972,41.9204],[-114.9812,41.9459],[-114.9905,41.9714],[-114.9998,41.997]]]},"properties":{"OBJECTID":829,"state":"Nevada","agency":"Nevada Department of Wildlife","unit_type":"GMU","unit_id":"7","unit_name":"Huebner","unit_label":"Nevada GMU 7 - Huebner","aliases":"2025 | 7 | 7 huebner | game management unit | game management unit 7 | game management unit 7 huebner | gmu | gmu 7 | gmu 7 huebner | huebner | hunt unit | hunt unit 7 | hunt unit 7 huebner | hunting unit | hunting unit 7 | hunting unit 7 huebner | nevad","year":"2025","Shape_Length":185372.12327490063,"Shape_Area":1647497954.243525}},{"type":"Feature","id":830,"geometry":{"type":"Polygon","coordinates":[[[-115.2079,41.5354],[-115.2237,41.5425],[-115.2396,41.5496],[-115.2554,41.5567],[-115.2712,41.5639],[-115.2871,41.571],[-115.3029,41.5781],[-115.3188,41.5852],[-115.3346,41.5923],[-115.3489,41.5825],[-115.3632,41.5727],[-115.3775,41.5629],[-115.3918,41.5531],[-115.3973,41.5323],[-115.4029,41.5115],[-115.4085,41.4907],[-115.414,41.47],[-115.425,41.4836],[-115.4359,41.4972],[-115.4468,41.5108],[-115.4578,41.5244],[-115.4687,41.538],[-115.4797,41.5516],[-115.4906,41.5652],[-115.5016,41.5789],[-115.5199,41.5782],[-115.5383,41.5775],[-115.5566,41.5768],[-115.575,41.5761],[-115.5933,41.5754],[-115.6117,41.5747],[-115.63,41.574],[-115.6484,41.5732],[-115.6646,41.5623],[-115.6808,41.5514],[-115.697,41.5405],[-115.7132,41.5296],[-115.7299,41.5347],[-115.7466,41.5398],[-115.7633,41.5449],[-115.78,41.5499],[-115.806,41.5426],[-115.8321,41.5352],[-115.8254,41.5092],[-115.8188,41.4833],[-115.8122,41.4573],[-115.8055,41.4314],[-115.7989,41.4054],[-115.7923,41.3795],[-115.7857,41.3536],[-115.7791,41.3276],[-115.7861,41.2978],[-115.793,41.268],[-115.8,41.2381],[-115.807,41.2083],[-115.8156,41.1955],[-115.8243,41.1826],[-115.8329,41.1698],[-115.8415,41.1569],[-115.8473,41.1444],[-115.8532,41.1318],[-115.859,41.1193],[-115.8648,41.1067],[-115.8689,41.0474],[-115.873,40.9881],[-115.8771,40.9288],[-115.8812,40.8695],[-115.8581,40.861],[-115.8349,40.8526],[-115.8118,40.8442],[-115.7887,40.8358],[-115.7762,40.846],[-115.7638,40.8562],[-115.7513,40.8664],[-115.7388,40.8767],[-115.7263,40.8869],[-115.7138,40.8971],[-115.7013,40.9073],[-115.6888,40.9175],[-115.6728,40.9256],[-115.6568,40.9336],[-115.6409,40.9416],[-115.6249,40.9497],[-115.605,40.9508],[-115.5852,40.9519],[-115.5654,40.953],[-115.5456,40.9541],[-115.5257,40.9552],[-115.5059,40.9563],[-115.4861,40.9573],[-115.4662,40.9584],[-115.4569,40.9668],[-115.4477,40.9752],[-115.4384,40.9836],[-115.4291,40.992],[-115.4198,41.0004],[-115.4105,41.0088],[-115.4012,41.0172],[-115.3919,41.0256],[-115.3752,41.0331],[-115.3584,41.0407],[-115.3417,41.0483],[-115.325,41.0558],[-115.3082,41.0634],[-115.2915,41.0709],[-115.2747,41.0785],[-115.258,41.086],[-115.2634,41.1087],[-115.2689,41.1314],[-115.2743,41.1541],[-115.2798,41.1768],[-115.2741,41.1987],[-115.2684,41.2207],[-115.2626,41.2427],[-115.2569,41.2647],[-115.2512,41.2866],[-115.2454,41.3086],[-115.2397,41.3306],[-115.2339,41.3526],[-115.2392,41.3874],[-115.2445,41.4221],[-115.2354,41.4504],[-115.2262,41.4787],[-115.2171,41.5071],[-115.2079,41.5354]]]},"properties":{"OBJECTID":830,"state":"Nevada","agency":"Nevada Department of Wildlife","unit_type":"GMU","unit_id":"7","unit_name":"Huebner","unit_label":"Nevada GMU 7 - Huebner","aliases":"2025 | 7 | 7 huebner | game management unit | game management unit 7 | game management unit 7 huebner | gmu | gmu 7 | gmu 7 huebner | huebner | hunt unit | hunt unit 7 | hunt unit 7 huebner | hunting unit | hunting unit 7 | hunting unit 7 huebner | nevad","year":"2025","Shape_Length":263351.09313928697,"Shape_Area":3237591892.561423}},{"type":"Feature","id":831,"geometry":{"type":"Polygon","coordinates":[[[-114.8244,41.6586],[-114.821,41.701],[-114.8057,41.7148],[-114.7904,41.7286],[-114.7751,41.7424],[-114.7598,41.7562],[-114.7487,41.7788],[-114.7376,41.8015],[-114.7265,41.8241],[-114.7154,41.8468],[-114.7097,41.8655],[-114.7039,41.8843],[-114.6982,41.903],[-114.6924,41.9218],[-114.6867,41.9405],[-114.6809,41.9593],[-114.6752,41.978],[-114.6694,41.9968],[-114.6711,41.9968],[-114.6944,41.9975],[-114.7097,41.998],[-114.725,41.9986],[-114.7404,41.9991],[-114.7557,41.9997],[-114.773,41.9997],[-114.7904,41.9998],[-114.8077,41.9999],[-114.825,41.9999],[-114.8424,42.0],[-114.8597,42.0001],[-114.8771,42.0001],[-114.8944,42.0002],[-114.911,41.9999],[-114.9297,41.9993],[-114.9484,41.9987],[-114.9671,41.9981],[-114.9858,41.9975],[-114.9998,41.997],[-114.9905,41.9714],[-114.9812,41.9459],[-114.972,41.9204],[-114.9627,41.8948],[-114.9732,41.8819],[-114.9836,41.8689],[-114.9941,41.8559],[-115.0046,41.8429],[-115.01,41.8232],[-115.0154,41.8035],[-115.0208,41.7838],[-115.0262,41.7641],[-115.0423,41.7478],[-115.0584,41.7315],[-115.0745,41.7152],[-115.0906,41.6989],[-115.0645,41.6911],[-115.0385,41.6834],[-115.0124,41.6757],[-114.9863,41.6679],[-114.9725,41.6531],[-114.9587,41.6382],[-114.9449,41.6234],[-114.9311,41.6085],[-114.9022,41.6101],[-114.8732,41.6118],[-114.861,41.6235],[-114.8488,41.6352],[-114.8366,41.6469],[-114.8244,41.6586]]]},"properties":{"OBJECTID":831,"state":"Nevada","agency":"Nevada Department of Wildlife","unit_type":"GMU","unit_id":"7","unit_name":"Huebner","unit_label":"Nevada GMU 7 - Huebner","aliases":"2025 | 7 | 7 huebner | game management unit | game management unit 7 | game management unit 7 huebner | gmu | gmu 7 | gmu 7 huebner | huebner | hunt unit | hunt unit 7 | hunt unit 7 huebner | hunting unit | hunting unit 7 | hunting unit 7 huebner | nevad","year":"2025","Shape_Length":133293.43546839282,"Shape_Area":905594442.900032}},{"type":"Feature","id":832,"geometry":{"type":"Polygon","coordinates":[[[-115.2079,41.5354],[-115.2171,41.5071],[-115.2262,41.4787],[-115.2354,41.4504],[-115.2445,41.4221],[-115.2392,41.3874],[-115.2339,41.3526],[-115.2397,41.3306],[-115.2454,41.3086],[-115.2512,41.2866],[-115.2569,41.2647],[-115.2626,41.2427],[-115.2684,41.2207],[-115.2741,41.1987],[-115.2798,41.1768],[-115.2743,41.1541],[-115.2689,41.1314],[-115.2634,41.1087],[-115.258,41.086],[-115.2318,41.0891],[-115.2057,41.0921],[-115.1795,41.0952],[-115.1534,41.0982],[-115.1272,41.1013],[-115.101,41.1043],[-115.0749,41.1073],[-115.0487,41.1103],[-115.026,41.1076],[-115.0034,41.1049],[-114.9807,41.1022],[-114.9581,41.0995],[-114.9439,41.1138],[-114.9298,41.1282],[-114.9156,41.1425],[-114.9015,41.1569],[-114.8873,41.1712],[-114.8731,41.1856],[-114.859,41.1999],[-114.8448,41.2142],[-114.8387,41.2419],[-114.8327,41.2696],[-114.8266,41.2973],[-114.8206,41.325],[-114.812,41.3354],[-114.8035,41.3457],[-114.7949,41.3561],[-114.7864,41.3665],[-114.7779,41.3769],[-114.7693,41.3872],[-114.7608,41.3976],[-114.7522,41.408],[-114.7533,41.4355],[-114.757,41.4556],[-114.7608,41.4757],[-114.7645,41.4958],[-114.7682,41.5159],[-114.7752,41.5337],[-114.7822,41.5516],[-114.7892,41.5694],[-114.7963,41.5872],[-114.8033,41.6051],[-114.8103,41.6229],[-114.8173,41.6407],[-114.8244,41.6586],[-114.8366,41.6469],[-114.8488,41.6352],[-114.861,41.6235],[-114.8732,41.6118],[-114.9022,41.6101],[-114.9311,41.6085],[-114.9449,41.6234],[-114.9587,41.6382],[-114.9725,41.6531],[-114.9863,41.6679],[-115.0124,41.6757],[-115.0385,41.6834],[-115.0645,41.6911],[-115.0906,41.6989],[-115.1132,41.6883],[-115.1358,41.6778],[-115.1584,41.6673],[-115.181,41.6567],[-115.1893,41.646],[-115.1976,41.6353],[-115.2059,41.6246],[-115.2142,41.6138],[-115.2111,41.5746],[-115.2079,41.5354]]]},"properties":{"OBJECTID":832,"state":"Nevada","agency":"Nevada Department of Wildlife","unit_type":"GMU","unit_id":"7","unit_name":"Huebner","unit_label":"Nevada GMU 7 - Huebner","aliases":"2025 | 7 | 7 huebner | game management unit | game management unit 7 | game management unit 7 huebner | gmu | gmu 7 | gmu 7 huebner | huebner | hunt unit | hunt unit 7 | hunt unit 7 huebner | hunting unit | hunting unit 7 | hunting unit 7 huebner | nevad","year":"2025","Shape_Length":196645.7314029382,"Shape_Area":2186981709.4966326}},{"type":"Feature","id":833,"geometry":{"type":"Polygon","coordinates":[[[-114.7533,41.4355],[-114.7373,41.4305],[-114.7213,41.4256],[-114.7053,41.4206],[-114.6893,41.4156],[-114.6699,41.4267],[-114.6506,41.4377],[-114.6312,41.4487],[-114.6118,41.4598],[-114.5925,41.4708],[-114.5731,41.4818],[-114.5537,41.4928],[-114.5343,41.5038],[-114.5228,41.5189],[-114.5113,41.534],[-114.4997,41.5491],[-114.4882,41.5642],[-114.4636,41.5717],[-114.4391,41.5792],[-114.432,41.6147],[-114.425,41.6501],[-114.4164,41.663],[-114.4078,41.6759],[-114.3992,41.6888],[-114.3906,41.7017],[-114.3819,41.7146],[-114.3733,41.7274],[-114.3647,41.7403],[-114.356,41.7532],[-114.3474,41.7661],[-114.3388,41.779],[-114.3301,41.7918],[-114.3215,41.8047],[-114.3128,41.8176],[-114.3042,41.8305],[-114.2955,41.8434],[-114.2869,41.8562],[-114.2983,41.8735],[-114.3098,41.8908],[-114.3213,41.9081],[-114.3328,41.9253],[-114.3443,41.9426],[-114.3558,41.9599],[-114.3673,41.9772],[-114.3788,41.9944],[-114.3788,41.9949],[-114.4086,41.9948],[-114.4384,41.9948],[-114.4682,41.9947],[-114.4981,41.9946],[-114.5229,41.9945],[-114.5477,41.9944],[-114.5669,41.9945],[-114.5861,41.9946],[-114.607,41.9951],[-114.6278,41.9957],[-114.6486,41.9962],[-114.6694,41.9968],[-114.6752,41.978],[-114.6809,41.9593],[-114.6867,41.9405],[-114.6924,41.9218],[-114.6982,41.903],[-114.7039,41.8843],[-114.7097,41.8655],[-114.7154,41.8468],[-114.7265,41.8241],[-114.7376,41.8015],[-114.7487,41.7788],[-114.7598,41.7562],[-114.7751,41.7424],[-114.7904,41.7286],[-114.8057,41.7148],[-114.821,41.701],[-114.8244,41.6586],[-114.8173,41.6407],[-114.8103,41.6229],[-114.8033,41.6051],[-114.7963,41.5872],[-114.7892,41.5694],[-114.7822,41.5516],[-114.7752,41.5337],[-114.7682,41.5159],[-114.7645,41.4958],[-114.7608,41.4757],[-114.757,41.4556],[-114.7533,41.4355]]]},"properties":{"OBJECTID":833,"state":"Nevada","agency":"Nevada Department of Wildlife","unit_type":"GMU","unit_id":"7","unit_name":"Huebner","unit_label":"Nevada GMU 7 - Huebner","aliases":"2025 | 7 | 7 huebner | game management unit | game management unit 7 | game management unit 7 huebner | gmu | gmu 7 | gmu 7 huebner | huebner | hunt unit | hunt unit 7 | hunt unit 7 huebner | hunting unit | hunting unit 7 | hunting unit 7 huebner | nevad","year":"2025","Shape_Length":175485.46326551388,"Shape_Area":1802582482.3312783}},{"type":"Feature","id":834,"geometry":{"type":"Polygon","coordinates":[[[-114.4898,41.0295],[-114.4783,41.0383],[-114.4669,41.047],[-114.4555,41.0557],[-114.444,41.0644],[-114.4326,41.0732],[-114.4212,41.0819],[-114.4097,41.0906],[-114.3983,41.0993],[-114.3831,41.1063],[-114.3679,41.1132],[-114.3527,41.1202],[-114.3375,41.1271],[-114.3223,41.1341],[-114.307,41.141],[-114.2918,41.148],[-114.2766,41.1549],[-114.2673,41.1689],[-114.258,41.1829],[-114.2487,41.1969],[-114.2394,41.2108],[-114.2276,41.2238],[-114.2158,41.2367],[-114.2039,41.2496],[-114.1921,41.2625],[-114.1902,41.3098],[-114.1882,41.357],[-114.1863,41.4043],[-114.1843,41.4515],[-114.1968,41.4616],[-114.2093,41.4717],[-114.2218,41.4818],[-114.2342,41.4919],[-114.2484,41.4962],[-114.2626,41.5005],[-114.2768,41.5048],[-114.2911,41.5091],[-114.3053,41.5134],[-114.3195,41.5177],[-114.3337,41.5219],[-114.3479,41.5262],[-114.3569,41.5377],[-114.3658,41.5491],[-114.3748,41.5606],[-114.3838,41.572],[-114.4114,41.5756],[-114.4391,41.5792],[-114.4636,41.5717],[-114.4882,41.5642],[-114.4997,41.5491],[-114.5113,41.534],[-114.5228,41.5189],[-114.5343,41.5038],[-114.5537,41.4928],[-114.5731,41.4818],[-114.5925,41.4708],[-114.6118,41.4598],[-114.6312,41.4487],[-114.6506,41.4377],[-114.6699,41.4267],[-114.6893,41.4156],[-114.7053,41.4206],[-114.7213,41.4256],[-114.7373,41.4305],[-114.7533,41.4355],[-114.7522,41.408],[-114.7608,41.3976],[-114.7693,41.3872],[-114.7779,41.3769],[-114.7864,41.3665],[-114.7949,41.3561],[-114.8035,41.3457],[-114.812,41.3354],[-114.8206,41.325],[-114.8266,41.2973],[-114.8327,41.2696],[-114.8387,41.2419],[-114.8448,41.2142],[-114.859,41.1999],[-114.8731,41.1856],[-114.8873,41.1712],[-114.9015,41.1569],[-114.9156,41.1425],[-114.9298,41.1282],[-114.9439,41.1138],[-114.9581,41.0995],[-114.9349,41.101],[-114.9118,41.1024],[-114.8886,41.1039],[-114.8654,41.1053],[-114.8423,41.1068],[-114.8191,41.1082],[-114.796,41.1096],[-114.7728,41.1111],[-114.7572,41.1058],[-114.7416,41.1005],[-114.7259,41.0953],[-114.7103,41.09],[-114.6937,41.0885],[-114.6771,41.087],[-114.6605,41.0855],[-114.6439,41.084],[-114.6273,41.0825],[-114.6107,41.081],[-114.5941,41.0795],[-114.5775,41.0779],[-114.5555,41.0659],[-114.5336,41.0538],[-114.5117,41.0416],[-114.4898,41.0295]]]},"properties":{"OBJECTID":834,"state":"Nevada","agency":"Nevada Department of Wildlife","unit_type":"GMU","unit_id":"7","unit_name":"Huebner","unit_label":"Nevada GMU 7 - Huebner","aliases":"2025 | 7 | 7 huebner | game management unit | game management unit 7 | game management unit 7 huebner | gmu | gmu 7 | gmu 7 huebner | huebner | hunt unit | hunt unit 7 | hunt unit 7 huebner | hunting unit | hunting unit 7 | hunting unit 7 huebner | nevad","year":"2025","Shape_Length":202880.2293137373,"Shape_Area":2318488081.0281262}},{"type":"Feature","id":835,"geometry":{"type":"Polygon","coordinates":[[[-114.2099,40.8426],[-114.1959,40.8304],[-114.1818,40.8181],[-114.1678,40.8058],[-114.1537,40.7936],[-114.1397,40.7813],[-114.1257,40.769],[-114.1117,40.7567],[-114.0977,40.7445],[-114.0706,40.7412],[-114.0436,40.738],[-114.0435,40.738],[-114.0435,40.7462],[-114.0433,40.7704],[-114.0432,40.7717],[-114.0432,40.7737],[-114.0428,40.83],[-114.0427,40.8446],[-114.0423,40.9668],[-114.0423,40.9672],[-114.042,41.0135],[-114.042,41.0312],[-114.0417,41.1242],[-114.0416,41.1502],[-114.0413,41.2496],[-114.0412,41.2563],[-114.0407,41.3392],[-114.0406,41.3682],[-114.0406,41.3682],[-114.0596,41.355],[-114.0785,41.3418],[-114.0975,41.3286],[-114.1164,41.3154],[-114.1353,41.3022],[-114.1543,41.289],[-114.1732,41.2758],[-114.1921,41.2625],[-114.2039,41.2496],[-114.2158,41.2367],[-114.2276,41.2238],[-114.2394,41.2108],[-114.21,41.212],[-114.1806,41.2131],[-114.1746,41.1956],[-114.1686,41.1781],[-114.1626,41.1606],[-114.1566,41.1432],[-114.1506,41.1257],[-114.1446,41.1082],[-114.1386,41.0908],[-114.1326,41.0733],[-114.1437,41.0557],[-114.1548,41.0381],[-114.1659,41.0206],[-114.177,41.003],[-114.183,40.9852],[-114.189,40.9675],[-114.195,40.9497],[-114.2009,40.932],[-114.2069,40.9143],[-114.2129,40.8965],[-114.2188,40.8788],[-114.2248,40.861],[-114.2099,40.8426]]]},"properties":{"OBJECTID":835,"state":"Nevada","agency":"Nevada Department of Wildlife","unit_type":"GMU","unit_id":"9","unit_name":"Huebner","unit_label":"Nevada GMU 9 - Huebner","aliases":"2025 | 9 | 9 huebner | game management unit | game management unit 9 | game management unit 9 huebner | gmu | gmu 9 | gmu 9 huebner | huebner | hunt unit | hunt unit 9 | hunt unit 9 huebner | hunting unit | hunting unit 9 | hunting unit 9 huebner | nevad","year":"2025","Shape_Length":162430.51751247357,"Shape_Area":722682866.5819972}},{"type":"Feature","id":836,"geometry":{"type":"Polygon","coordinates":[[[-114.2099,40.8426],[-114.2248,40.861],[-114.2188,40.8788],[-114.2129,40.8965],[-114.2069,40.9143],[-114.2009,40.932],[-114.195,40.9497],[-114.189,40.9675],[-114.183,40.9852],[-114.177,41.003],[-114.1659,41.0206],[-114.1548,41.0381],[-114.1437,41.0557],[-114.1326,41.0733],[-114.1386,41.0908],[-114.1446,41.1082],[-114.1506,41.1257],[-114.1566,41.1432],[-114.1626,41.1606],[-114.1686,41.1781],[-114.1746,41.1956],[-114.1806,41.2131],[-114.21,41.212],[-114.2394,41.2108],[-114.2487,41.1969],[-114.258,41.1829],[-114.2673,41.1689],[-114.2766,41.1549],[-114.2918,41.148],[-114.307,41.141],[-114.3223,41.1341],[-114.3375,41.1271],[-114.3527,41.1202],[-114.3679,41.1132],[-114.3831,41.1063],[-114.3983,41.0993],[-114.4097,41.0906],[-114.4212,41.0819],[-114.4326,41.0732],[-114.444,41.0644],[-114.4555,41.0557],[-114.4669,41.047],[-114.4783,41.0383],[-114.4898,41.0295],[-114.4792,41.0225],[-114.4685,41.0155],[-114.4579,41.0085],[-114.4473,41.0015],[-114.4367,40.9945],[-114.4261,40.9875],[-114.4155,40.9805],[-114.4049,40.9735],[-114.3943,40.9664],[-114.3838,40.9594],[-114.3732,40.9524],[-114.3626,40.9454],[-114.352,40.9384],[-114.3414,40.9314],[-114.3308,40.9243],[-114.3202,40.9173],[-114.3064,40.908],[-114.2926,40.8987],[-114.2788,40.8893],[-114.265,40.88],[-114.2513,40.8706],[-114.2375,40.8613],[-114.2237,40.852],[-114.2099,40.8426]]]},"properties":{"OBJECTID":836,"state":"Nevada","agency":"Nevada Department of Wildlife","unit_type":"GMU","unit_id":"7","unit_name":"Huebner","unit_label":"Nevada GMU 7 - Huebner","aliases":"2025 | 7 | 7 huebner | game management unit | game management unit 7 | game management unit 7 huebner | gmu | gmu 7 | gmu 7 huebner | huebner | hunt unit | hunt unit 7 | hunt unit 7 huebner | hunting unit | hunting unit 7 | hunting unit 7 huebner | nevad","year":"2025","Shape_Length":109716.49046699378,"Shape_Area":603094583.0971631}},{"type":"Feature","id":837,"geometry":{"type":"Polygon","coordinates":[[[-114.2099,40.8426],[-114.2237,40.852],[-114.2375,40.8613],[-114.2513,40.8706],[-114.265,40.88],[-114.2788,40.8893],[-114.2926,40.8987],[-114.3064,40.908],[-114.3202,40.9173],[-114.349,40.9138],[-114.3777,40.9103],[-114.3943,40.8964],[-114.4108,40.8824],[-114.4274,40.8684],[-114.4439,40.8545],[-114.4481,40.8371],[-114.4522,40.8197],[-114.4564,40.8023],[-114.4605,40.7849],[-114.4646,40.7675],[-114.4688,40.7502],[-114.4729,40.7328],[-114.477,40.7154],[-114.4812,40.698],[-114.4853,40.6806],[-114.4894,40.6632],[-114.4935,40.6459],[-114.4976,40.6285],[-114.5018,40.6111],[-114.5059,40.5937],[-114.51,40.5763],[-114.5256,40.5583],[-114.5412,40.5404],[-114.5568,40.5224],[-114.5724,40.5044],[-114.588,40.4864],[-114.6036,40.4684],[-114.6192,40.4504],[-114.6347,40.4324],[-114.6418,40.4221],[-114.6489,40.4117],[-114.656,40.4013],[-114.6631,40.3909],[-114.6701,40.3806],[-114.6772,40.3702],[-114.6843,40.3598],[-114.6913,40.3494],[-114.6984,40.3391],[-114.7055,40.3287],[-114.7125,40.3183],[-114.7196,40.308],[-114.7266,40.2976],[-114.7337,40.2872],[-114.7408,40.2768],[-114.7478,40.2664],[-114.7358,40.2535],[-114.7238,40.2405],[-114.7117,40.2275],[-114.6997,40.2145],[-114.6877,40.2015],[-114.6757,40.1885],[-114.6637,40.1755],[-114.6517,40.1625],[-114.6422,40.1382],[-114.6328,40.1138],[-114.6233,40.0895],[-114.6139,40.0651],[-114.5985,40.075],[-114.583,40.0849],[-114.5676,40.0948],[-114.5522,40.1047],[-114.541,40.1119],[-114.5297,40.1191],[-114.5044,40.1189],[-114.479,40.1187],[-114.4537,40.1185],[-114.4284,40.1183],[-114.403,40.1181],[-114.3777,40.1179],[-114.3523,40.1176],[-114.327,40.1174],[-114.3097,40.1173],[-114.3095,40.1173],[-114.2931,40.1173],[-114.2767,40.1172],[-114.2603,40.1172],[-114.2438,40.1172],[-114.2274,40.1172],[-114.211,40.1172],[-114.1945,40.1172],[-114.1781,40.1172],[-114.1617,40.1171],[-114.1453,40.1171],[-114.1288,40.1171],[-114.1124,40.1171],[-114.096,40.117],[-114.0796,40.117],[-114.0631,40.117],[-114.0467,40.1169],[-114.046,40.2662],[-114.0452,40.4154],[-114.0445,40.5647],[-114.0437,40.714],[-114.0435,40.738],[-114.0435,40.738],[-114.0435,40.738],[-114.0436,40.738],[-114.0706,40.7412],[-114.0977,40.7445],[-114.1117,40.7567],[-114.1257,40.769],[-114.1397,40.7813],[-114.1537,40.7936],[-114.1678,40.8058],[-114.1818,40.8181],[-114.1959,40.8304],[-114.2099,40.8426]]]},"properties":{"OBJECTID":837,"state":"Nevada","agency":"Nevada Department of Wildlife","unit_type":"GMU","unit_id":"10","unit_name":"McAdoo","unit_label":"Nevada GMU 10 - McAdoo","aliases":"10 | 10 mcadoo | 2025 | game management unit | game management unit 10 | game management unit 10 mcadoo | gmu | gmu 10 | gmu 10 mcadoo | hunt unit | hunt unit 10 | hunt unit 10 mcadoo | hunting unit | hunting unit 10 | hunting unit 10 mcadoo | mcadoo | n","year":"2025","Shape_Length":261750.00047749642,"Shape_Area":3731363185.664775}},{"type":"Feature","id":838,"geometry":{"type":"Polygon","coordinates":[[[-115.3113,40.9057],[-115.3307,40.9123],[-115.35,40.9189],[-115.3694,40.9255],[-115.3887,40.9321],[-115.4081,40.9387],[-115.4275,40.9453],[-115.4469,40.9518],[-115.4662,40.9584],[-115.4861,40.9573],[-115.5059,40.9563],[-115.5257,40.9552],[-115.5456,40.9541],[-115.5654,40.953],[-115.5852,40.9519],[-115.605,40.9508],[-115.6249,40.9497],[-115.6409,40.9416],[-115.6568,40.9336],[-115.6728,40.9256],[-115.6888,40.9175],[-115.7013,40.9073],[-115.7138,40.8971],[-115.7263,40.8869],[-115.7388,40.8767],[-115.7513,40.8664],[-115.7638,40.8562],[-115.7762,40.846],[-115.7887,40.8358],[-115.7622,40.832],[-115.7407,40.8203],[-115.7192,40.8087],[-115.6977,40.7971],[-115.6762,40.7854],[-115.6825,40.7723],[-115.6888,40.7591],[-115.6951,40.7459],[-115.7014,40.7327],[-115.7044,40.7056],[-115.7074,40.6784],[-115.7103,40.6513],[-115.7133,40.6242],[-115.7017,40.6106],[-115.6901,40.597],[-115.6786,40.5835],[-115.667,40.5699],[-115.6649,40.523],[-115.6628,40.4761],[-115.6607,40.4291],[-115.6586,40.3822],[-115.6465,40.375],[-115.6344,40.3679],[-115.6224,40.3607],[-115.6103,40.3535],[-115.5982,40.3463],[-115.5862,40.3392],[-115.5741,40.332],[-115.562,40.3248],[-115.5351,40.3201],[-115.5081,40.3153],[-115.4812,40.3106],[-115.4543,40.3058],[-115.4359,40.3023],[-115.4176,40.2988],[-115.3993,40.2953],[-115.381,40.2917],[-115.3636,40.3008],[-115.3462,40.3098],[-115.3288,40.3188],[-115.3113,40.3278],[-115.2939,40.3368],[-115.2765,40.3459],[-115.2591,40.3549],[-115.2417,40.3639],[-115.2304,40.3782],[-115.2192,40.3925],[-115.208,40.4069],[-115.1968,40.4212],[-115.1856,40.4355],[-115.1743,40.4498],[-115.1631,40.4642],[-115.1519,40.4785],[-115.1442,40.4792],[-115.1422,40.4794],[-115.1339,40.4974],[-115.1256,40.5154],[-115.1172,40.5333],[-115.1089,40.5513],[-115.1158,40.5625],[-115.1226,40.5737],[-115.1295,40.5849],[-115.1364,40.5961],[-115.13,40.63],[-115.1235,40.6638],[-115.1322,40.6771],[-115.1409,40.6904],[-115.1412,40.8104],[-115.1683,40.811],[-115.1954,40.8116],[-115.207,40.8246],[-115.2185,40.8375],[-115.2301,40.8505],[-115.2417,40.8635],[-115.2666,40.8606],[-115.2915,40.8577],[-115.3014,40.8817],[-115.3113,40.9057]]]},"properties":{"OBJECTID":838,"state":"Nevada","agency":"Nevada Department of Wildlife","unit_type":"GMU","unit_id":"10","unit_name":"McAdoo","unit_label":"Nevada GMU 10 - McAdoo","aliases":"10 | 10 mcadoo | 2025 | game management unit | game management unit 10 | game management unit 10 mcadoo | gmu | gmu 10 | gmu 10 mcadoo | hunt unit | hunt unit 10 | hunt unit 10 mcadoo | hunting unit | hunting unit 10 | hunting unit 10 mcadoo | mcadoo | n","year":"2025","Shape_Length":220050.86196403822,"Shape_Area":2952984831.028118}},{"type":"Feature","id":839,"geometry":{"type":"Polygon","coordinates":[[[-115.5348,40.0446],[-115.5326,40.0863],[-115.5304,40.128],[-115.5212,40.1398],[-115.512,40.1517],[-115.5029,40.1636],[-115.4937,40.1755],[-115.4887,40.1918],[-115.4838,40.2081],[-115.4789,40.2244],[-115.474,40.2407],[-115.4691,40.2569],[-115.4641,40.2732],[-115.4592,40.2895],[-115.4543,40.3058],[-115.4812,40.3106],[-115.5081,40.3153],[-115.5351,40.3201],[-115.562,40.3248],[-115.5741,40.332],[-115.5862,40.3392],[-115.5982,40.3463],[-115.6103,40.3535],[-115.6224,40.3607],[-115.6344,40.3679],[-115.6465,40.375],[-115.6586,40.3822],[-115.6625,40.3395],[-115.6665,40.2968],[-115.6762,40.2853],[-115.6859,40.2739],[-115.6956,40.2625],[-115.7053,40.251],[-115.715,40.2396],[-115.7247,40.2281],[-115.7344,40.2167],[-115.7441,40.2052],[-115.7495,40.1831],[-115.7548,40.161],[-115.7601,40.1389],[-115.7654,40.1168],[-115.7606,40.1028],[-115.7558,40.0888],[-115.751,40.0748],[-115.7462,40.0608],[-115.7262,40.0489],[-115.7061,40.0371],[-115.6861,40.0253],[-115.666,40.0134],[-115.6383,40.0112],[-115.6105,40.0089],[-115.5916,40.0178],[-115.5727,40.0267],[-115.5537,40.0357],[-115.5348,40.0446]]]},"properties":{"OBJECTID":839,"state":"Nevada","agency":"Nevada Department of Wildlife","unit_type":"GMU","unit_id":"10","unit_name":"McAdoo","unit_label":"Nevada GMU 10 - McAdoo","aliases":"10 | 10 mcadoo | 2025 | game management unit | game management unit 10 | game management unit 10 mcadoo | gmu | gmu 10 | gmu 10 mcadoo | hunt unit | hunt unit 10 | hunt unit 10 mcadoo | hunting unit | hunting unit 10 | hunting unit 10 mcadoo | mcadoo | n","year":"2025","Shape_Length":109378.40928415774,"Shape_Area":670995549.6998346}},{"type":"Feature","id":840,"geometry":{"type":"Polygon","coordinates":[[[-114.7103,41.09],[-114.7259,41.0953],[-114.7416,41.1005],[-114.7572,41.1058],[-114.7728,41.1111],[-114.796,41.1096],[-114.8191,41.1082],[-114.8423,41.1068],[-114.8654,41.1053],[-114.8886,41.1039],[-114.9118,41.1024],[-114.9349,41.101],[-114.9581,41.0995],[-114.9595,41.0481],[-114.961,40.9967],[-114.9624,40.9453],[-114.9639,40.894],[-114.9462,40.8951],[-114.9285,40.8963],[-114.9108,40.8975],[-114.8931,40.8986],[-114.8767,40.9035],[-114.8604,40.9083],[-114.844,40.9131],[-114.8276,40.918],[-114.8112,40.9228],[-114.7948,40.9276],[-114.7784,40.9324],[-114.762,40.9372],[-114.7556,40.9563],[-114.7491,40.9754],[-114.7427,40.9945],[-114.7362,41.0136],[-114.7297,41.0327],[-114.7233,41.0518],[-114.7168,41.0709],[-114.7103,41.09]]]},"properties":{"OBJECTID":840,"state":"Nevada","agency":"Nevada Department of Wildlife","unit_type":"GMU","unit_id":"10","unit_name":"McAdoo","unit_label":"Nevada GMU 10 - McAdoo","aliases":"10 | 10 mcadoo | 2025 | game management unit | game management unit 10 | game management unit 10 mcadoo | gmu | gmu 10 | gmu 10 mcadoo | hunt unit | hunt unit 10 | hunt unit 10 mcadoo | hunting unit | hunting unit 10 | hunting unit 10 mcadoo | mcadoo | n","year":"2025","Shape_Length":79576.82915875697,"Shape_Area":403195441.26628894}},{"type":"Feature","id":841,"geometry":{"type":"Polygon","coordinates":[[[-114.4439,40.8545],[-114.4623,40.8391],[-114.4807,40.8238],[-114.499,40.8085],[-114.5174,40.7931],[-114.5357,40.7778],[-114.554,40.7624],[-114.5724,40.7471],[-114.5907,40.7317],[-114.6052,40.7474],[-114.6197,40.7631],[-114.6341,40.7787],[-114.6486,40.7944],[-114.6639,40.8009],[-114.6792,40.8075],[-114.6944,40.814],[-114.7097,40.8205],[-114.725,40.827],[-114.7402,40.8335],[-114.7555,40.8401],[-114.7708,40.8466],[-114.7861,40.8531],[-114.8014,40.8596],[-114.8166,40.8661],[-114.8319,40.8726],[-114.8472,40.8791],[-114.8625,40.8856],[-114.8778,40.8921],[-114.8931,40.8986],[-114.9108,40.8975],[-114.9285,40.8963],[-114.9462,40.8951],[-114.9639,40.894],[-114.9729,40.877],[-114.982,40.86],[-114.991,40.843],[-115.0,40.826],[-115.009,40.809],[-115.0181,40.792],[-115.0271,40.775],[-115.0361,40.758],[-115.0289,40.7316],[-115.0217,40.7052],[-115.0134,40.6851],[-115.0051,40.6651],[-114.9968,40.645],[-114.9885,40.625],[-114.9802,40.6049],[-114.9719,40.5849],[-114.9636,40.5648],[-114.9553,40.5447],[-114.9465,40.5351],[-114.9377,40.5255],[-114.929,40.5158],[-114.9202,40.5062],[-114.9115,40.4965],[-114.9027,40.4869],[-114.894,40.4772],[-114.8853,40.4676],[-114.8695,40.4507],[-114.8537,40.4338],[-114.838,40.4169],[-114.8222,40.4],[-114.8129,40.3833],[-114.8036,40.3666],[-114.7943,40.3499],[-114.785,40.3332],[-114.7757,40.3165],[-114.7664,40.2998],[-114.7571,40.2831],[-114.7478,40.2664],[-114.7408,40.2768],[-114.7337,40.2872],[-114.7266,40.2976],[-114.7196,40.308],[-114.7125,40.3183],[-114.7055,40.3287],[-114.6984,40.3391],[-114.6913,40.3494],[-114.6843,40.3598],[-114.6772,40.3702],[-114.6701,40.3806],[-114.6631,40.3909],[-114.656,40.4013],[-114.6489,40.4117],[-114.6418,40.4221],[-114.6347,40.4324],[-114.6192,40.4504],[-114.6036,40.4684],[-114.588,40.4864],[-114.5724,40.5044],[-114.5568,40.5224],[-114.5412,40.5404],[-114.5256,40.5583],[-114.51,40.5763],[-114.5059,40.5937],[-114.5018,40.6111],[-114.4976,40.6285],[-114.4935,40.6459],[-114.4894,40.6632],[-114.4853,40.6806],[-114.4812,40.698],[-114.477,40.7154],[-114.4729,40.7328],[-114.4688,40.7502],[-114.4646,40.7675],[-114.4605,40.7849],[-114.4564,40.8023],[-114.4522,40.8197],[-114.4481,40.8371],[-114.4439,40.8545]]]},"properties":{"OBJECTID":841,"state":"Nevada","agency":"Nevada Department of Wildlife","unit_type":"GMU","unit_id":"10","unit_name":"McAdoo","unit_label":"Nevada GMU 10 - McAdoo","aliases":"10 | 10 mcadoo | 2025 | game management unit | game management unit 10 | game management unit 10 mcadoo | gmu | gmu 10 | gmu 10 mcadoo | hunt unit | hunt unit 10 | hunt unit 10 mcadoo | hunting unit | hunting unit 10 | hunting unit 10 mcadoo | mcadoo | n","year":"2025","Shape_Length":205350.16860178462,"Shape_Area":1891197935.5597415}},{"type":"Feature","id":842,"geometry":{"type":"Polygon","coordinates":[[[-115.6468,39.4188],[-115.6192,39.4144],[-115.5917,39.4099],[-115.5642,39.4054],[-115.5367,39.4009],[-115.5091,39.3964],[-115.4816,39.3919],[-115.4541,39.3874],[-115.4266,39.3829],[-115.4095,39.3664],[-115.3924,39.35],[-115.3711,39.3548],[-115.3498,39.3597],[-115.3284,39.3646],[-115.3071,39.3695],[-115.3144,39.3808],[-115.3216,39.3921],[-115.3289,39.4034],[-115.3362,39.4148],[-115.3434,39.4261],[-115.3507,39.4374],[-115.358,39.4487],[-115.3652,39.46],[-115.3612,39.4825],[-115.3571,39.505],[-115.353,39.5274],[-115.3489,39.5499],[-115.3531,39.575],[-115.3573,39.6002],[-115.3615,39.6254],[-115.3657,39.6505],[-115.3582,39.6841],[-115.3506,39.7176],[-115.3573,39.7291],[-115.364,39.7406],[-115.3708,39.7521],[-115.3775,39.7635],[-115.3842,39.775],[-115.391,39.7865],[-115.3977,39.798],[-115.4044,39.8094],[-115.4112,39.8209],[-115.4179,39.8324],[-115.4247,39.8439],[-115.4314,39.8554],[-115.4382,39.8668],[-115.4449,39.8783],[-115.4517,39.8898],[-115.4584,39.9013],[-115.4611,39.9414],[-115.4638,39.9815],[-115.4816,39.9973],[-115.4993,40.013],[-115.517,40.0288],[-115.5348,40.0446],[-115.5537,40.0357],[-115.5727,40.0267],[-115.5916,40.0178],[-115.6105,40.0089],[-115.6383,40.0112],[-115.666,40.0134],[-115.6861,40.0253],[-115.7061,40.0371],[-115.7262,40.0489],[-115.7462,40.0608],[-115.751,40.0748],[-115.7558,40.0888],[-115.7606,40.1028],[-115.7654,40.1168],[-115.771,40.1147],[-115.7811,40.103],[-115.7911,40.0913],[-115.7846,40.0733],[-115.778,40.0552],[-115.7715,40.0371],[-115.765,40.0191],[-115.7584,40.001],[-115.7519,39.9829],[-115.7454,39.9649],[-115.7389,39.9468],[-115.7328,39.9073],[-115.7267,39.8678],[-115.7119,39.8653],[-115.6971,39.8628],[-115.6823,39.8604],[-115.6675,39.8579],[-115.6528,39.8554],[-115.638,39.853],[-115.6232,39.8505],[-115.6084,39.848],[-115.6063,39.8109],[-115.6226,39.8003],[-115.6389,39.7898],[-115.6551,39.7792],[-115.6714,39.7687],[-115.6726,39.6993],[-115.6737,39.6299],[-115.666,39.6178],[-115.6584,39.6057],[-115.6507,39.5936],[-115.643,39.5816],[-115.6449,39.5002],[-115.6468,39.4188]]]},"properties":{"OBJECTID":842,"state":"Nevada","agency":"Nevada Department of Wildlife","unit_type":"GMU","unit_id":"10","unit_name":"McAdoo","unit_label":"Nevada GMU 10 - McAdoo","aliases":"10 | 10 mcadoo | 2025 | game management unit | game management unit 10 | game management unit 10 mcadoo | gmu | gmu 10 | gmu 10 mcadoo | hunt unit | hunt unit 10 | hunt unit 10 mcadoo | hunting unit | hunting unit 10 | hunting unit 10 mcadoo | mcadoo | n","year":"2025","Shape_Length":230998.94024723038,"Shape_Area":1747919859.9201589}},{"type":"Feature","id":843,"geometry":{"type":"Polygon","coordinates":[[[-114.6139,40.0651],[-114.6222,40.0557],[-114.6306,40.0463],[-114.6389,40.0369],[-114.6472,40.0274],[-114.6556,40.018],[-114.6639,40.0086],[-114.6722,39.9991],[-114.6806,39.9897],[-114.6872,39.9762],[-114.6938,39.9626],[-114.7004,39.9491],[-114.7069,39.9355],[-114.7135,39.9219],[-114.7201,39.9084],[-114.7267,39.8948],[-114.7333,39.8813],[-114.7361,39.8543],[-114.7389,39.8273],[-114.7418,39.8004],[-114.7446,39.7734],[-114.7474,39.7464],[-114.7502,39.7195],[-114.7531,39.6925],[-114.7559,39.6655],[-114.7596,39.6055],[-114.7633,39.5455],[-114.7671,39.4855],[-114.7708,39.4254],[-114.7799,39.404],[-114.7889,39.3826],[-114.798,39.3612],[-114.8071,39.3398],[-114.8155,39.329],[-114.8239,39.3182],[-114.8323,39.3074],[-114.8407,39.2966],[-114.8491,39.2858],[-114.8575,39.275],[-114.8658,39.2642],[-114.8742,39.2534],[-114.8689,39.2431],[-114.8587,39.2276],[-114.8486,39.2121],[-114.8384,39.1966],[-114.8283,39.1812],[-114.8151,39.1645],[-114.8018,39.1478],[-114.7887,39.1311],[-114.7755,39.1144],[-114.7623,39.0977],[-114.7491,39.081],[-114.7359,39.0643],[-114.7228,39.0476],[-114.7052,39.0346],[-114.6876,39.0217],[-114.6694,39.0281],[-114.6511,39.0346],[-114.6328,39.041],[-114.6145,39.0475],[-114.5984,39.0362],[-114.5823,39.025],[-114.5817,39.0251],[-114.5817,39.0251],[-114.5808,39.0254],[-114.5775,39.0265],[-114.5775,39.0265],[-114.5764,39.0269],[-114.5758,39.0271],[-114.5685,39.0296],[-114.5658,39.0305],[-114.5645,39.0309],[-114.5645,39.0309],[-114.562,39.0318],[-114.5603,39.0324],[-114.5602,39.0324],[-114.56,39.0325],[-114.5573,39.0334],[-114.5573,39.0334],[-114.5556,39.034],[-114.5542,39.0345],[-114.5528,39.0349],[-114.5507,39.0356],[-114.535,39.041],[-114.5347,39.0411],[-114.5335,39.0415],[-114.5329,39.0417],[-114.5317,39.0421],[-114.5269,39.0437],[-114.5247,39.0445],[-114.5199,39.0461],[-114.5199,39.0461],[-114.514,39.0481],[-114.513,39.0485],[-114.5077,39.0503],[-114.5077,39.0503],[-114.5047,39.0513],[-114.5025,39.052],[-114.5025,39.052],[-114.4948,39.0546],[-114.4948,39.0546],[-114.494,39.0549],[-114.4925,39.0554],[-114.4869,39.0573],[-114.4862,39.0576],[-114.4838,39.0584],[-114.482,39.059],[-114.482,39.059],[-114.4775,39.0605],[-114.4763,39.0609],[-114.4753,39.0613],[-114.4751,39.0613],[-114.4714,39.0626],[-114.4696,39.0632],[-114.4674,39.0639],[-114.4671,39.064],[-114.4558,39.0679],[-114.4544,39.0684],[-114.4542,39.0685],[-114.4535,39.0689],[-114.4518,39.0698],[-114.4517,39.0699],[-114.4509,39.0704],[-114.4508,39.0705],[-114.4506,39.0706],[-114.4502,39.071],[-114.45,39.0712],[-114.4495,39.0717],[-114.4486,39.0726],[-114.448,39.0733],[-114.4478,39.0736],[-114.4471,39.0746],[-114.4458,39.0772],[-114.4458,39.0772],[-114.4442,39.0806],[-114.4424,39.0842],[-114.4419,39.0852],[-114.4416,39.086],[-114.4401,39.0889],[-114.4401,39.0889],[-114.4398,39.0896],[-114.4397,39.0899],[-114.4395,39.0903],[-114.4384,39.0924],[-114.4384,39.0925],[-114.4383,39.0927],[-114.4383,39.0927],[-114.4379,39.0934],[-114.4378,39.0937],[-114.4372,39.0949],[-114.4363,39.0969],[-114.4349,39.0996],[-114.4349,39.0996],[-114.4348,39.0999],[-114.4342,39.1012],[-114.4339,39.1017],[-114.4339,39.1017],[-114.4329,39.1037],[-114.4313,39.1071],[-114.4298,39.1102],[-114.4298,39.1102],[-114.4287,39.1125],[-114.4287,39.1125],[-114.4266,39.1168],[-114.4266,39.117],[-114.4264,39.1172],[-114.4263,39.1174],[-114.4262,39.1178],[-114.4258,39.1187],[-114.4258,39.1187],[-114.4249,39.1204],[-114.4247,39.1208],[-114.4245,39.1211],[-114.4242,39.1219],[-114.4242,39.1219],[-114.424,39.1224],[-114.4238,39.1227],[-114.4233,39.1238],[-114.4217,39.1269],[-114.4211,39.1283],[-114.4211,39.1283],[-114.4205,39.1299],[-114.4198,39.1319],[-114.419,39.1344],[-114.4174,39.1395],[-114.4165,39.1419],[-114.4163,39.1427],[-114.4157,39.1445],[-114.4145,39.1483],[-114.4135,39.1514],[-114.4125,39.1542],[-114.4115,39.1566],[-114.4113,39.1569],[-114.4112,39.157],[-114.4111,39.1573],[-114.4108,39.1578],[-114.4106,39.158],[-114.4103,39.1584],[-114.4103,39.1584],[-114.4082,39.1609],[-114.4023,39.1678],[-114.4023,39.1678],[-114.3992,39.1716],[-114.3977,39.1731],[-114.3972,39.1736],[-114.3959,39.1744],[-114.3943,39.1752],[-114.3941,39.1753],[-114.3937,39.1754],[-114.3922,39.1759],[-114.3922,39.1759],[-114.3913,39.1761],[-114.3902,39.1762],[-114.39,39.1763],[-114.4034,39.1926],[-114.4167,39.209],[-114.4099,39.222],[-114.403,39.235],[-114.3962,39.248],[-114.3893,39.2609],[-114.3825,39.2739],[-114.3756,39.2869],[-114.3688,39.2999],[-114.3619,39.3128],[-114.3582,39.3422],[-114.3544,39.3716],[-114.3619,39.3879],[-114.3694,39.4041],[-114.3769,39.4203],[-114.3844,39.4365],[-114.3803,39.4627],[-114.3761,39.4889],[-114.3719,39.5151],[-114.3677,39.5413],[-114.3769,39.5565],[-114.3861,39.5716],[-114.3954,39.5868],[-114.4046,39.602],[-114.4209,39.6019],[-114.4371,39.6019],[-114.4534,39.6018],[-114.4697,39.6017],[-114.4859,39.6017],[-114.5022,39.6016],[-114.5184,39.6015],[-114.5347,39.6014],[-114.5345,39.7153],[-114.5393,39.7522],[-114.5442,39.7891],[-114.549,39.826],[-114.5539,39.8629],[-114.5463,39.883],[-114.5388,39.903],[-114.5312,39.923],[-114.5237,39.9431],[-114.5209,39.9672],[-114.5181,39.9914],[-114.5152,40.0155],[-114.5124,40.0397],[-114.5224,40.0559],[-114.5323,40.0722],[-114.5422,40.0885],[-114.5522,40.1047],[-114.5676,40.0948],[-114.583,40.0849],[-114.5985,40.075],[-114.6139,40.0651]]]},"properties":{"OBJECTID":843,"state":"Nevada","agency":"Nevada Department of Wildlife","unit_type":"GMU","unit_id":"11","unit_name":"Menghini","unit_label":"Nevada GMU 11 - Menghini","aliases":"11 | 11 menghini | 2025 | game management unit | game management unit 11 | game management unit 11 menghini | gmu | gmu 11 | gmu 11 menghini | hunt unit | hunt unit 11 | hunt unit 11 menghini | hunting unit | hunting unit 11 | hunting unit 11 menghini |","year":"2025","Shape_Length":288616.8625942707,"Shape_Area":3001155779.489011}},{"type":"Feature","id":844,"geometry":{"type":"Polygon","coordinates":[[[-114.3095,40.1173],[-114.3097,40.1173],[-114.327,40.1174],[-114.3523,40.1176],[-114.3777,40.1179],[-114.403,40.1181],[-114.4284,40.1183],[-114.4537,40.1185],[-114.479,40.1187],[-114.5044,40.1189],[-114.5297,40.1191],[-114.541,40.1119],[-114.5522,40.1047],[-114.5422,40.0885],[-114.5323,40.0722],[-114.5224,40.0559],[-114.5124,40.0397],[-114.5152,40.0155],[-114.5181,39.9914],[-114.5209,39.9672],[-114.5237,39.9431],[-114.5312,39.923],[-114.5388,39.903],[-114.5463,39.883],[-114.5539,39.8629],[-114.549,39.826],[-114.5442,39.7891],[-114.5393,39.7522],[-114.5345,39.7153],[-114.5144,39.7227],[-114.4943,39.7301],[-114.4742,39.7375],[-114.4541,39.7449],[-114.4438,39.7524],[-114.4334,39.76],[-114.4231,39.7675],[-114.4128,39.775],[-114.4024,39.7826],[-114.3921,39.7901],[-114.3817,39.7976],[-114.3714,39.8052],[-114.3643,39.8177],[-114.3572,39.8302],[-114.3501,39.8428],[-114.3429,39.8553],[-114.3358,39.8678],[-114.3287,39.8804],[-114.3216,39.8929],[-114.3144,39.9054],[-114.3098,39.9215],[-114.3052,39.9375],[-114.3005,39.9535],[-114.2959,39.9695],[-114.2912,39.9855],[-114.2866,40.0015],[-114.2819,40.0175],[-114.2773,40.0335],[-114.2853,40.0545],[-114.2934,40.0754],[-114.3015,40.0963],[-114.3095,40.1173]]]},"properties":{"OBJECTID":844,"state":"Nevada","agency":"Nevada Department of Wildlife","unit_type":"GMU","unit_id":"11","unit_name":"Menghini","unit_label":"Nevada GMU 11 - Menghini","aliases":"11 | 11 menghini | 2025 | game management unit | game management unit 11 | game management unit 11 menghini | gmu | gmu 11 | gmu 11 menghini | hunt unit | hunt unit 11 | hunt unit 11 menghini | hunting unit | hunting unit 11 | hunting unit 11 menghini |","year":"2025","Shape_Length":119963.18230816214,"Shape_Area":748077432.0598693}},{"type":"Feature","id":845,"geometry":{"type":"Polygon","coordinates":[[[-114.5345,39.7153],[-114.5347,39.6014],[-114.5184,39.6015],[-114.5022,39.6016],[-114.4859,39.6017],[-114.4697,39.6017],[-114.4534,39.6018],[-114.4371,39.6019],[-114.4209,39.6019],[-114.4046,39.602],[-114.3857,39.6013],[-114.3668,39.6005],[-114.3479,39.5998],[-114.329,39.5991],[-114.3101,39.5984],[-114.2912,39.5976],[-114.2724,39.5969],[-114.2535,39.5961],[-114.2401,39.592],[-114.2268,39.5879],[-114.2134,39.5837],[-114.2001,39.5796],[-114.1867,39.5754],[-114.1734,39.5713],[-114.16,39.5671],[-114.1467,39.563],[-114.1343,39.5541],[-114.1219,39.5453],[-114.1095,39.5364],[-114.0971,39.5276],[-114.0847,39.5187],[-114.0723,39.5099],[-114.0599,39.501],[-114.0475,39.4921],[-114.0471,39.4919],[-114.0475,39.5233],[-114.0471,39.8201],[-114.0467,40.1169],[-114.0631,40.117],[-114.0796,40.117],[-114.096,40.117],[-114.1124,40.1171],[-114.1288,40.1171],[-114.1453,40.1171],[-114.1617,40.1171],[-114.1781,40.1172],[-114.1945,40.1172],[-114.211,40.1172],[-114.2274,40.1172],[-114.2438,40.1172],[-114.2603,40.1172],[-114.2767,40.1172],[-114.2931,40.1173],[-114.3095,40.1173],[-114.3015,40.0963],[-114.2934,40.0754],[-114.2853,40.0545],[-114.2773,40.0335],[-114.2819,40.0175],[-114.2866,40.0015],[-114.2912,39.9855],[-114.2959,39.9695],[-114.3005,39.9535],[-114.3052,39.9375],[-114.3098,39.9215],[-114.3144,39.9054],[-114.3216,39.8929],[-114.3287,39.8804],[-114.3358,39.8678],[-114.3429,39.8553],[-114.3501,39.8428],[-114.3572,39.8302],[-114.3643,39.8177],[-114.3714,39.8052],[-114.3817,39.7976],[-114.3921,39.7901],[-114.4024,39.7826],[-114.4128,39.775],[-114.4231,39.7675],[-114.4334,39.76],[-114.4438,39.7524],[-114.4541,39.7449],[-114.4742,39.7375],[-114.4943,39.7301],[-114.5144,39.7227],[-114.5345,39.7153]]]},"properties":{"OBJECTID":845,"state":"Nevada","agency":"Nevada Department of Wildlife","unit_type":"GMU","unit_id":"11","unit_name":"Menghini","unit_label":"Nevada GMU 11 - Menghini","aliases":"11 | 11 menghini | 2025 | game management unit | game management unit 11 | game management unit 11 menghini | gmu | gmu 11 | gmu 11 menghini | hunt unit | hunt unit 11 | hunt unit 11 menghini | hunting unit | hunting unit 11 | hunting unit 11 menghini |","year":"2025","Shape_Length":204436.31923849034,"Shape_Area":1739339225.565248}},{"type":"Feature","id":846,"geometry":{"type":"Polygon","coordinates":[[[-114.0494,39.0572],[-114.0488,39.1772],[-114.0482,39.2973],[-114.0471,39.4919],[-114.0475,39.4921],[-114.0599,39.501],[-114.0723,39.5099],[-114.0847,39.5187],[-114.0971,39.5276],[-114.1095,39.5364],[-114.1219,39.5453],[-114.1343,39.5541],[-114.1467,39.563],[-114.16,39.5671],[-114.1734,39.5713],[-114.1867,39.5754],[-114.2001,39.5796],[-114.2134,39.5837],[-114.2268,39.5879],[-114.2401,39.592],[-114.2535,39.5961],[-114.2724,39.5969],[-114.2912,39.5976],[-114.3101,39.5984],[-114.329,39.5991],[-114.3479,39.5998],[-114.3668,39.6005],[-114.3857,39.6013],[-114.4046,39.602],[-114.3954,39.5868],[-114.3861,39.5716],[-114.3769,39.5565],[-114.3677,39.5413],[-114.3719,39.5151],[-114.3761,39.4889],[-114.3803,39.4627],[-114.3844,39.4365],[-114.3769,39.4203],[-114.3694,39.4041],[-114.3619,39.3879],[-114.3544,39.3716],[-114.3582,39.3422],[-114.3619,39.3128],[-114.3688,39.2999],[-114.3756,39.2869],[-114.3825,39.2739],[-114.3893,39.2609],[-114.3962,39.248],[-114.403,39.235],[-114.4099,39.222],[-114.4167,39.209],[-114.4034,39.1926],[-114.39,39.1763],[-114.3898,39.1763],[-114.3872,39.1763],[-114.3869,39.1762],[-114.3867,39.1762],[-114.386,39.1761],[-114.3745,39.1735],[-114.3736,39.1732],[-114.3727,39.1729],[-114.3726,39.1729],[-114.3717,39.1725],[-114.3716,39.1724],[-114.3716,39.1724],[-114.3708,39.1719],[-114.3707,39.1719],[-114.3703,39.1716],[-114.3699,39.1713],[-114.3699,39.1713],[-114.3663,39.1679],[-114.3663,39.1679],[-114.3639,39.166],[-114.3638,39.1659],[-114.3638,39.1659],[-114.3615,39.1646],[-114.3615,39.1646],[-114.3572,39.1623],[-114.3572,39.1623],[-114.3571,39.1622],[-114.3567,39.1619],[-114.3565,39.1616],[-114.3553,39.1605],[-114.3553,39.1605],[-114.3544,39.1598],[-114.3543,39.1597],[-114.3542,39.1597],[-114.3541,39.1596],[-114.354,39.1595],[-114.3536,39.1592],[-114.3529,39.1588],[-114.3529,39.1588],[-114.3499,39.157],[-114.3499,39.157],[-114.3491,39.1562],[-114.3489,39.156],[-114.3486,39.1556],[-114.346,39.1516],[-114.3447,39.1498],[-114.3446,39.1497],[-114.3445,39.1496],[-114.3441,39.1492],[-114.344,39.1491],[-114.3435,39.1488],[-114.3433,39.1487],[-114.3433,39.1487],[-114.3425,39.1482],[-114.3423,39.1481],[-114.3419,39.1479],[-114.3411,39.1476],[-114.3409,39.1475],[-114.339,39.1461],[-114.3389,39.1461],[-114.3388,39.1459],[-114.3373,39.144],[-114.3373,39.144],[-114.3361,39.1426],[-114.336,39.1425],[-114.3352,39.1417],[-114.3344,39.1409],[-114.3305,39.1382],[-114.3294,39.1374],[-114.329,39.1372],[-114.3288,39.137],[-114.3284,39.1367],[-114.3275,39.1357],[-114.3273,39.1355],[-114.3269,39.1352],[-114.3269,39.1352],[-114.3266,39.135],[-114.326,39.1346],[-114.3256,39.1344],[-114.325,39.1341],[-114.3243,39.1338],[-114.3238,39.1335],[-114.3238,39.1335],[-114.3233,39.1332],[-114.3231,39.1331],[-114.3228,39.1329],[-114.3227,39.1328],[-114.3212,39.1311],[-114.3199,39.1298],[-114.3173,39.1276],[-114.3171,39.1274],[-114.3168,39.1271],[-114.3167,39.127],[-114.3166,39.127],[-114.3152,39.126],[-114.3138,39.125],[-114.3129,39.1244],[-114.3119,39.1237],[-114.3109,39.1232],[-114.3108,39.1232],[-114.3105,39.1231],[-114.3062,39.1222],[-114.306,39.1222],[-114.3055,39.1221],[-114.3044,39.122],[-114.3041,39.1219],[-114.3037,39.1219],[-114.3021,39.1217],[-114.3021,39.1217],[-114.293,39.1216],[-114.2923,39.1216],[-114.2922,39.1216],[-114.2918,39.1215],[-114.2918,39.1215],[-114.2904,39.1212],[-114.2896,39.1209],[-114.2896,39.1209],[-114.2894,39.1208],[-114.2893,39.1208],[-114.2888,39.1205],[-114.2888,39.1205],[-114.2884,39.1203],[-114.2878,39.1199],[-114.2873,39.1196],[-114.2873,39.1195],[-114.2841,39.1174],[-114.2839,39.1173],[-114.2835,39.1171],[-114.2835,39.1171],[-114.2829,39.1169],[-114.282,39.1166],[-114.2816,39.1165],[-114.2813,39.1164],[-114.2809,39.1163],[-114.2807,39.1163],[-114.2805,39.1163],[-114.2798,39.1162],[-114.2783,39.116],[-114.2782,39.116],[-114.2778,39.1159],[-114.2773,39.1158],[-114.2771,39.1157],[-114.2763,39.1154],[-114.2762,39.1153],[-114.2756,39.1151],[-114.2716,39.1129],[-114.2673,39.1107],[-114.2653,39.1096],[-114.2653,39.1096],[-114.2617,39.1076],[-114.2617,39.1076],[-114.2614,39.1074],[-114.2612,39.1073],[-114.2608,39.1068],[-114.2605,39.1065],[-114.2593,39.1052],[-114.2593,39.1052],[-114.2585,39.1046],[-114.2585,39.1046],[-114.2546,39.1023],[-114.254,39.102],[-114.2533,39.1015],[-114.2527,39.1012],[-114.2522,39.101],[-114.2518,39.1008],[-114.2515,39.1007],[-114.2507,39.1005],[-114.2465,39.0994],[-114.2465,39.0994],[-114.2425,39.0983],[-114.2422,39.0983],[-114.242,39.0982],[-114.2419,39.0982],[-114.2416,39.0981],[-114.2413,39.0979],[-114.2405,39.0976],[-114.2402,39.0975],[-114.2397,39.0972],[-114.2397,39.0972],[-114.239,39.0967],[-114.2336,39.0931],[-114.2313,39.0915],[-114.2306,39.0911],[-114.2298,39.0906],[-114.2296,39.0905],[-114.2291,39.0902],[-114.2287,39.09],[-114.2287,39.09],[-114.226,39.0889],[-114.225,39.0886],[-114.225,39.0886],[-114.2239,39.0884],[-114.2239,39.0884],[-114.223,39.0882],[-114.2214,39.088],[-114.218,39.0874],[-114.2166,39.0872],[-114.2088,39.086],[-114.2088,39.086],[-114.2044,39.0853],[-114.2038,39.0852],[-114.2035,39.0851],[-114.2029,39.085],[-114.2024,39.0849],[-114.2019,39.0847],[-114.2018,39.0847],[-114.2015,39.0846],[-114.2015,39.0846],[-114.201,39.0845],[-114.2003,39.0842],[-114.1985,39.0835],[-114.1976,39.083],[-114.1976,39.083],[-114.1885,39.0784],[-114.1885,39.0784],[-114.1864,39.0773],[-114.1864,39.0773],[-114.1835,39.0758],[-114.1825,39.0753],[-114.1819,39.075],[-114.1808,39.0744],[-114.1808,39.0744],[-114.1792,39.0736],[-114.1769,39.0724],[-114.1727,39.0702],[-114.1719,39.0698],[-114.1715,39.0696],[-114.1672,39.0674],[-114.1672,39.0674],[-114.1648,39.0665],[-114.1648,39.0665],[-114.1637,39.0661],[-114.1633,39.0661],[-114.1628,39.0659],[-114.1612,39.0657],[-114.1612,39.0657],[-114.1594,39.0655],[-114.1594,39.0655],[-114.1587,39.0654],[-114.1583,39.0654],[-114.1572,39.0653],[-114.1568,39.0653],[-114.1548,39.0651],[-114.1483,39.0647],[-114.1427,39.0642],[-114.1398,39.064],[-114.1396,39.064],[-114.138,39.0639],[-114.1371,39.0638],[-114.1348,39.0637],[-114.1293,39.0632],[-114.1284,39.0632],[-114.1267,39.063],[-114.1262,39.063],[-114.1258,39.063],[-114.1198,39.0625],[-114.1198,39.0625],[-114.1143,39.0621],[-114.1056,39.0614],[-114.0985,39.0609],[-114.094,39.0606],[-114.0937,39.0605],[-114.0923,39.0604],[-114.0909,39.0603],[-114.09,39.0603],[-114.0648,39.0584],[-114.0621,39.0581],[-114.0609,39.058],[-114.0546,39.0575],[-114.052,39.0573],[-114.0494,39.0572]]]},"properties":{"OBJECTID":846,"state":"Nevada","agency":"Nevada Department of Wildlife","unit_type":"GMU","unit_id":"11","unit_name":"Menghini","unit_label":"Nevada GMU 11 - Menghini","aliases":"11 | 11 menghini | 2025 | game management unit | game management unit 11 | game management unit 11 menghini | gmu | gmu 11 | gmu 11 menghini | hunt unit | hunt unit 11 | hunt unit 11 menghini | hunting unit | hunting unit 11 | hunting unit 11 menghini |","year":"2025","Shape_Length":167232.67244555763,"Shape_Area":1507728677.807209}},{"type":"Feature","id":847,"geometry":{"type":"Polygon","coordinates":[[[-115.1242,38.9975],[-115.1166,39.0099],[-115.1089,39.0223],[-115.1013,39.0347],[-115.0937,39.0471],[-115.0861,39.0595],[-115.0784,39.0719],[-115.0708,39.0843],[-115.0632,39.0967],[-115.0555,39.1091],[-115.0479,39.1215],[-115.0402,39.1339],[-115.0326,39.1463],[-115.0249,39.1587],[-115.0173,39.1712],[-115.0096,39.1836],[-115.002,39.196],[-114.9854,39.2019],[-114.9687,39.2078],[-114.9521,39.2137],[-114.9355,39.2196],[-114.9188,39.2254],[-114.9022,39.2313],[-114.8855,39.2372],[-114.8689,39.2431],[-114.8742,39.2534],[-114.8977,39.2629],[-114.9213,39.2725],[-114.9448,39.282],[-114.9683,39.2915],[-114.9782,39.3002],[-114.988,39.3089],[-114.9979,39.3176],[-115.0078,39.3262],[-115.0176,39.3349],[-115.0275,39.3436],[-115.0374,39.3522],[-115.0473,39.3609],[-115.0571,39.3696],[-115.067,39.3782],[-115.0769,39.3869],[-115.0868,39.3956],[-115.0967,39.4042],[-115.1066,39.4129],[-115.1165,39.4215],[-115.1264,39.4302],[-115.1555,39.4298],[-115.1847,39.4293],[-115.2,39.4218],[-115.2153,39.4144],[-115.2306,39.4069],[-115.2459,39.3994],[-115.2612,39.3919],[-115.2765,39.3844],[-115.2918,39.377],[-115.3071,39.3695],[-115.3284,39.3646],[-115.3498,39.3597],[-115.3711,39.3548],[-115.3924,39.35],[-115.4095,39.3664],[-115.4266,39.3829],[-115.4541,39.3874],[-115.4816,39.3919],[-115.5091,39.3964],[-115.5367,39.4009],[-115.5642,39.4054],[-115.5917,39.4099],[-115.6192,39.4144],[-115.6468,39.4188],[-115.6745,39.4126],[-115.7021,39.4064],[-115.7298,39.4002],[-115.7575,39.3939],[-115.7852,39.3877],[-115.8129,39.3815],[-115.8405,39.3752],[-115.8682,39.3689],[-115.8938,39.377],[-115.9194,39.385],[-115.9274,39.356],[-115.9353,39.3269],[-115.9433,39.2979],[-115.9512,39.2689],[-115.9391,39.2586],[-115.9269,39.2483],[-115.9148,39.2381],[-115.9027,39.2278],[-115.8906,39.2175],[-115.8785,39.2072],[-115.8663,39.197],[-115.8542,39.1867],[-115.8455,39.1761],[-115.8368,39.1654],[-115.8281,39.1548],[-115.8194,39.1441],[-115.8106,39.1335],[-115.8019,39.1228],[-115.7932,39.1121],[-115.7845,39.1015],[-115.7758,39.0908],[-115.7671,39.0802],[-115.7584,39.0695],[-115.7497,39.0589],[-115.741,39.0482],[-115.7323,39.0376],[-115.7236,39.0269],[-115.7149,39.0163],[-115.7102,38.9945],[-115.7054,38.9727],[-115.7006,38.9509],[-115.6959,38.9291],[-115.682,38.9175],[-115.668,38.9059],[-115.6541,38.8942],[-115.6402,38.8826],[-115.6263,38.871],[-115.6124,38.8594],[-115.5985,38.8477],[-115.5846,38.8361],[-115.5707,38.8245],[-115.5568,38.8128],[-115.5429,38.8012],[-115.529,38.7896],[-115.5151,38.7779],[-115.5012,38.7663],[-115.4874,38.7547],[-115.4735,38.743],[-115.4575,38.7527],[-115.4416,38.7623],[-115.4256,38.772],[-115.4096,38.7816],[-115.3936,38.7913],[-115.3776,38.8009],[-115.3616,38.8105],[-115.3456,38.8202],[-115.3216,38.8171],[-115.2977,38.814],[-115.2837,38.825],[-115.2698,38.836],[-115.2558,38.847],[-115.2419,38.8581],[-115.2279,38.8691],[-115.2139,38.8801],[-115.2,38.8911],[-115.186,38.9021],[-115.1783,38.914],[-115.1706,38.926],[-115.1628,38.9379],[-115.1551,38.9498],[-115.1474,38.9617],[-115.1396,38.9736],[-115.1319,38.9855],[-115.1242,38.9975]]]},"properties":{"OBJECTID":847,"state":"Nevada","agency":"Nevada Department of Wildlife","unit_type":"GMU","unit_id":"13","unit_name":"Garrett","unit_label":"Nevada GMU 13 - Garrett","aliases":"13 | 13 garrett | 2025 | game management unit | game management unit 13 | game management unit 13 garrett | garrett | gmu | gmu 13 | gmu 13 garrett | hunt unit | hunt unit 13 | hunt unit 13 garrett | hunting unit | hunting unit 13 | hunting unit 13 garre","year":"2025","Shape_Length":271722.33377362957,"Shape_Area":4047080230.302514}},{"type":"Feature","id":848,"geometry":{"type":"Polygon","coordinates":[[[-115.5415,38.48],[-115.5372,38.4963],[-115.533,38.5127],[-115.5288,38.529],[-115.5245,38.5453],[-115.5203,38.5617],[-115.5161,38.578],[-115.5118,38.5943],[-115.5076,38.6107],[-115.5033,38.627],[-115.4991,38.6433],[-115.4948,38.6597],[-115.4906,38.676],[-115.4863,38.6923],[-115.4821,38.7087],[-115.4778,38.725],[-115.4736,38.7413],[-115.4907,38.727],[-115.5078,38.7127],[-115.5249,38.6984],[-115.542,38.6841],[-115.5591,38.6697],[-115.5762,38.6554],[-115.5933,38.6411],[-115.6104,38.6268],[-115.6295,38.6227],[-115.6486,38.6187],[-115.6676,38.6147],[-115.6867,38.6106],[-115.7055,38.599],[-115.7243,38.5874],[-115.743,38.5758],[-115.7618,38.5642],[-115.7805,38.5526],[-115.7993,38.541],[-115.818,38.5294],[-115.8368,38.5178],[-115.8565,38.514],[-115.8762,38.5103],[-115.8959,38.5066],[-115.9156,38.5029],[-115.9374,38.4923],[-115.9592,38.4816],[-115.9811,38.471],[-116.0029,38.4603],[-116.0267,38.4652],[-116.0505,38.4701],[-116.0743,38.475],[-116.0981,38.4799],[-116.1138,38.4735],[-116.1295,38.4671],[-116.1452,38.4606],[-116.1609,38.4542],[-116.174,38.4378],[-116.1871,38.4213],[-116.2002,38.4049],[-116.2133,38.3884],[-116.2264,38.372],[-116.2395,38.3555],[-116.2526,38.3391],[-116.2656,38.3226],[-116.2787,38.3062],[-116.2918,38.2897],[-116.3048,38.2733],[-116.3179,38.2568],[-116.3309,38.2403],[-116.3439,38.2239],[-116.357,38.2074],[-116.37,38.1909],[-116.3486,38.1929],[-116.3273,38.1949],[-116.3059,38.1969],[-116.2845,38.1989],[-116.2632,38.2009],[-116.2418,38.2028],[-116.2204,38.2048],[-116.1991,38.2068],[-116.1875,38.1996],[-116.1759,38.1925],[-116.1643,38.1853],[-116.1527,38.1782],[-116.1411,38.171],[-116.1296,38.1639],[-116.118,38.1567],[-116.1064,38.1496],[-116.0882,38.1525],[-116.0701,38.1555],[-116.0519,38.1585],[-116.0337,38.1614],[-116.0155,38.1644],[-115.9973,38.1673],[-115.9791,38.1703],[-115.9609,38.1732],[-115.9455,38.1782],[-115.9301,38.1833],[-115.9147,38.1883],[-115.8993,38.1933],[-115.8839,38.1983],[-115.8685,38.2033],[-115.8531,38.2084],[-115.8377,38.2134],[-115.8223,38.2184],[-115.8068,38.2234],[-115.7914,38.2284],[-115.776,38.2334],[-115.7606,38.2384],[-115.7451,38.2434],[-115.7297,38.2484],[-115.7143,38.2534],[-115.7035,38.2676],[-115.6927,38.2817],[-115.682,38.2959],[-115.6712,38.3101],[-115.6604,38.3242],[-115.6496,38.3384],[-115.6388,38.3526],[-115.628,38.3667],[-115.6172,38.3809],[-115.6064,38.395],[-115.5956,38.4092],[-115.5848,38.4234],[-115.574,38.4375],[-115.5631,38.4517],[-115.5523,38.4658],[-115.5415,38.48]]]},"properties":{"OBJECTID":848,"state":"Nevada","agency":"Nevada Department of Wildlife","unit_type":"GMU","unit_id":"13","unit_name":"Garrett","unit_label":"Nevada GMU 13 - Garrett","aliases":"13 | 13 garrett | 2025 | game management unit | game management unit 13 | game management unit 13 garrett | garrett | gmu | gmu 13 | gmu 13 garrett | hunt unit | hunt unit 13 | hunt unit 13 garrett | hunting unit | hunting unit 13 | hunting unit 13 garre","year":"2025","Shape_Length":226769.99949070718,"Shape_Area":2113069604.063685}},{"type":"Feature","id":849,"geometry":{"type":"Polygon","coordinates":[[[-115.0274,38.4149],[-115.0187,38.4292],[-115.01,38.4436],[-115.0159,38.4742],[-115.0217,38.5048],[-115.0275,38.5355],[-115.0333,38.5661],[-115.0392,38.5967],[-115.045,38.6273],[-115.0509,38.6579],[-115.0567,38.6885],[-115.0469,38.7091],[-115.037,38.7297],[-115.0271,38.7503],[-115.0172,38.7709],[-115.0132,38.8207],[-115.0092,38.8706],[-115.0235,38.8864],[-115.0379,38.9023],[-115.0523,38.9182],[-115.0666,38.934],[-115.081,38.9499],[-115.0954,38.9657],[-115.1098,38.9816],[-115.1242,38.9975],[-115.1319,38.9855],[-115.1396,38.9736],[-115.1474,38.9617],[-115.1551,38.9498],[-115.1628,38.9379],[-115.1706,38.926],[-115.1783,38.914],[-115.186,38.9021],[-115.2,38.8911],[-115.2139,38.8801],[-115.2279,38.8691],[-115.2419,38.8581],[-115.2558,38.847],[-115.2698,38.836],[-115.2837,38.825],[-115.2977,38.814],[-115.3216,38.8171],[-115.3456,38.8202],[-115.3616,38.8105],[-115.3776,38.8009],[-115.3936,38.7913],[-115.4096,38.7816],[-115.4256,38.772],[-115.4416,38.7623],[-115.4575,38.7527],[-115.4735,38.743],[-115.4736,38.7413],[-115.4778,38.725],[-115.4821,38.7087],[-115.4863,38.6923],[-115.4906,38.676],[-115.4948,38.6597],[-115.4991,38.6433],[-115.5033,38.627],[-115.5076,38.6107],[-115.5118,38.5943],[-115.5161,38.578],[-115.5203,38.5617],[-115.5245,38.5453],[-115.5288,38.529],[-115.533,38.5127],[-115.5372,38.4963],[-115.5415,38.48],[-115.5523,38.4658],[-115.5631,38.4517],[-115.574,38.4375],[-115.5848,38.4234],[-115.5956,38.4092],[-115.6064,38.395],[-115.6172,38.3809],[-115.628,38.3667],[-115.6388,38.3526],[-115.6496,38.3384],[-115.6604,38.3242],[-115.6712,38.3101],[-115.682,38.2959],[-115.6927,38.2817],[-115.7035,38.2676],[-115.7143,38.2534],[-115.7297,38.2484],[-115.7451,38.2434],[-115.7606,38.2384],[-115.776,38.2334],[-115.7914,38.2284],[-115.8068,38.2234],[-115.8223,38.2184],[-115.8377,38.2134],[-115.8531,38.2084],[-115.8685,38.2033],[-115.8839,38.1983],[-115.8993,38.1933],[-115.9147,38.1883],[-115.9301,38.1833],[-115.9455,38.1782],[-115.9609,38.1732],[-115.9791,38.1703],[-115.9973,38.1673],[-116.0155,38.1644],[-116.0337,38.1614],[-116.0519,38.1585],[-116.0701,38.1555],[-116.0882,38.1525],[-116.1064,38.1496],[-116.0939,38.1358],[-116.0814,38.1221],[-116.0772,38.0853],[-116.073,38.0486],[-116.0688,38.0119],[-116.0646,37.9752],[-116.0547,37.9496],[-116.0448,37.924],[-116.0349,37.8984],[-116.025,37.8728],[-116.0151,37.8473],[-116.0052,37.8217],[-115.9953,37.7961],[-115.9854,37.7705],[-115.9633,37.7587],[-115.9412,37.7469],[-115.9191,37.7351],[-115.897,37.7234],[-115.8804,37.7151],[-115.8639,37.7068],[-115.8474,37.6986],[-115.8309,37.6903],[-115.8239,37.7101],[-115.8169,37.7299],[-115.8099,37.7498],[-115.8029,37.7696],[-115.7959,37.7894],[-115.7888,37.8093],[-115.7818,37.8291],[-115.7748,37.8489],[-115.7597,37.8516],[-115.7446,37.8542],[-115.7295,37.8569],[-115.7143,37.8595],[-115.7073,37.8783],[-115.7003,37.8971],[-115.6932,37.9159],[-115.6862,37.9347],[-115.6741,37.9412],[-115.662,37.9476],[-115.6498,37.9541],[-115.6377,37.9605],[-115.6256,37.967],[-115.6135,37.9734],[-115.6014,37.9798],[-115.5893,37.9863],[-115.5863,38.0231],[-115.5767,38.0348],[-115.567,38.0464],[-115.5574,38.0581],[-115.5477,38.0698],[-115.538,38.0814],[-115.5283,38.0931],[-115.5187,38.1048],[-115.509,38.1164],[-115.4993,38.1281],[-115.4896,38.1397],[-115.4799,38.1514],[-115.4702,38.163],[-115.4605,38.1747],[-115.4508,38.1864],[-115.4411,38.198],[-115.4314,38.2097],[-115.4201,38.2194],[-115.4088,38.2291],[-115.3976,38.2388],[-115.3863,38.2485],[-115.375,38.2582],[-115.3637,38.268],[-115.3524,38.2777],[-115.3411,38.2874],[-115.3371,38.3051],[-115.3331,38.3229],[-115.3291,38.3407],[-115.3251,38.3585],[-115.3023,38.3621],[-115.2795,38.3657],[-115.2566,38.3693],[-115.2338,38.3729],[-115.211,38.3764],[-115.1881,38.38],[-115.1653,38.3836],[-115.1424,38.3872],[-115.1286,38.3962],[-115.1149,38.4052],[-115.1011,38.4142],[-115.0873,38.4232],[-115.0723,38.4211],[-115.0573,38.419],[-115.0424,38.4169],[-115.0274,38.4149]]]},"properties":{"OBJECTID":849,"state":"Nevada","agency":"Nevada Department of Wildlife","unit_type":"GMU","unit_id":"13","unit_name":"Garrett","unit_label":"Nevada GMU 13 - Garrett","aliases":"13 | 13 garrett | 2025 | game management unit | game management unit 13 | game management unit 13 garrett | garrett | gmu | gmu 13 | gmu 13 garrett | hunt unit | hunt unit 13 | hunt unit 13 garrett | hunting unit | hunting unit 13 | hunting unit 13 garre","year":"2025","Shape_Length":388938.03393584717,"Shape_Area":4663254380.489893}},{"type":"Feature","id":850,"geometry":{"type":"Polygon","coordinates":[[[-116.0108,40.156],[-116.0237,40.172],[-116.0365,40.188],[-116.0493,40.204],[-116.0622,40.22],[-116.0751,40.236],[-116.0879,40.252],[-116.1008,40.2679],[-116.1137,40.2839],[-116.1219,40.2744],[-116.1302,40.2648],[-116.1384,40.2552],[-116.1467,40.2456],[-116.1549,40.236],[-116.1631,40.2264],[-116.1714,40.2169],[-116.1796,40.2073],[-116.1859,40.1747],[-116.1921,40.142],[-116.1983,40.1094],[-116.2046,40.0768],[-116.1998,40.0624],[-116.195,40.0479],[-116.1902,40.0334],[-116.1854,40.019],[-116.1806,40.0045],[-116.1758,39.9901],[-116.171,39.9756],[-116.1662,39.9611],[-116.1648,39.8883],[-116.1635,39.8154],[-116.1462,39.8047],[-116.1289,39.7939],[-116.1116,39.7832],[-116.0943,39.7725],[-116.0821,39.7943],[-116.0698,39.8162],[-116.073,39.8789],[-116.0763,39.9416],[-116.0686,39.9542],[-116.0608,39.9667],[-116.0531,39.9793],[-116.0454,39.9919],[-116.0377,40.0045],[-116.0299,40.0171],[-116.0222,40.0297],[-116.0144,40.0423],[-116.0126,40.0991],[-116.0108,40.156]]]},"properties":{"OBJECTID":850,"state":"Nevada","agency":"Nevada Department of Wildlife","unit_type":"GMU","unit_id":"14","unit_name":"Garrett","unit_label":"Nevada GMU 14 - Garrett","aliases":"14 | 14 garrett | 2025 | game management unit | game management unit 14 | game management unit 14 garrett | garrett | gmu | gmu 14 | gmu 14 garrett | hunt unit | hunt unit 14 | hunt unit 14 garrett | hunting unit | hunting unit 14 | hunting unit 14 garre","year":"2025","Shape_Length":123607.58715487961,"Shape_Area":574135999.4777329}},{"type":"Feature","id":851,"geometry":{"type":"Polygon","coordinates":[[[-116.2046,40.0768],[-116.2243,40.0799],[-116.2441,40.083],[-116.2639,40.086],[-116.2837,40.0891],[-116.2907,40.0788],[-116.2977,40.0686],[-116.3047,40.0583],[-116.3118,40.048],[-116.3188,40.0378],[-116.3258,40.0275],[-116.3328,40.0172],[-116.3399,40.0069],[-116.3549,39.9907],[-116.3699,39.9746],[-116.3848,39.9584],[-116.3998,39.9422],[-116.4148,39.926],[-116.4298,39.9098],[-116.4447,39.8936],[-116.4597,39.8773],[-116.4659,39.8519],[-116.472,39.8264],[-116.4688,39.7862],[-116.4656,39.7461],[-116.4624,39.706],[-116.4592,39.6659],[-116.4478,39.6478],[-116.4364,39.6298],[-116.425,39.6118],[-116.4136,39.5938],[-116.4022,39.5758],[-116.3909,39.5578],[-116.3795,39.5398],[-116.3681,39.5218],[-116.3454,39.5266],[-116.3227,39.5315],[-116.2999,39.5364],[-116.2772,39.5412],[-116.2558,39.5465],[-116.2344,39.5519],[-116.2129,39.5572],[-116.1915,39.5625],[-116.1701,39.5678],[-116.1487,39.5731],[-116.1272,39.5784],[-116.1058,39.5837],[-116.0913,39.58],[-116.0768,39.5762],[-116.0622,39.5725],[-116.0477,39.5687],[-116.0332,39.5649],[-116.0187,39.5611],[-116.0042,39.5574],[-115.9897,39.5536],[-115.9962,39.5673],[-116.0027,39.581],[-116.0092,39.5946],[-116.0158,39.6083],[-116.0223,39.622],[-116.0288,39.6357],[-116.0354,39.6494],[-116.0419,39.663],[-116.0484,39.6767],[-116.055,39.6904],[-116.0615,39.7041],[-116.0681,39.7177],[-116.0746,39.7314],[-116.0812,39.7451],[-116.0878,39.7588],[-116.0943,39.7725],[-116.1116,39.7832],[-116.1289,39.7939],[-116.1462,39.8047],[-116.1635,39.8154],[-116.1648,39.8883],[-116.1662,39.9611],[-116.171,39.9756],[-116.1758,39.9901],[-116.1806,40.0045],[-116.1854,40.019],[-116.1902,40.0334],[-116.195,40.0479],[-116.1998,40.0624],[-116.2046,40.0768]]]},"properties":{"OBJECTID":851,"state":"Nevada","agency":"Nevada Department of Wildlife","unit_type":"GMU","unit_id":"14","unit_name":"Garrett","unit_label":"Nevada GMU 14 - Garrett","aliases":"14 | 14 garrett | 2025 | game management unit | game management unit 14 | game management unit 14 garrett | garrett | gmu | gmu 14 | gmu 14 garrett | hunt unit | hunt unit 14 | hunt unit 14 garrett | hunting unit | hunting unit 14 | hunting unit 14 garre","year":"2025","Shape_Length":173858.23673881323,"Shape_Area":1515973071.116574}},{"type":"Feature","id":852,"geometry":{"type":"Polygon","coordinates":[[[-115.8832,40.1428],[-115.8992,40.1445],[-115.9151,40.1461],[-115.9311,40.1478],[-115.947,40.1494],[-115.963,40.1511],[-115.9789,40.1527],[-115.9949,40.1544],[-116.0108,40.156],[-116.0126,40.0991],[-116.0144,40.0423],[-116.0222,40.0297],[-116.0299,40.0171],[-116.0377,40.0045],[-116.0454,39.9919],[-116.0531,39.9793],[-116.0608,39.9667],[-116.0686,39.9542],[-116.0763,39.9416],[-116.073,39.8789],[-116.0698,39.8162],[-116.0821,39.7943],[-116.0943,39.7725],[-116.0878,39.7588],[-116.0812,39.7451],[-116.0746,39.7314],[-116.0681,39.7177],[-116.0615,39.7041],[-116.055,39.6904],[-116.0484,39.6767],[-116.0419,39.663],[-116.0354,39.6494],[-116.0288,39.6357],[-116.0223,39.622],[-116.0158,39.6083],[-116.0092,39.5946],[-116.0027,39.581],[-115.9962,39.5673],[-115.9897,39.5536],[-115.981,39.5382],[-115.9723,39.5228],[-115.9636,39.5074],[-115.9549,39.4921],[-115.9462,39.4767],[-115.9376,39.4613],[-115.9289,39.4459],[-115.9202,39.4305],[-115.9194,39.385],[-115.8938,39.377],[-115.8682,39.3689],[-115.8405,39.3752],[-115.8129,39.3815],[-115.7852,39.3877],[-115.7575,39.3939],[-115.7298,39.4002],[-115.7021,39.4064],[-115.6745,39.4126],[-115.6468,39.4188],[-115.6449,39.5002],[-115.643,39.5816],[-115.6507,39.5936],[-115.6584,39.6057],[-115.666,39.6178],[-115.6737,39.6299],[-115.6726,39.6993],[-115.6714,39.7687],[-115.6551,39.7792],[-115.6389,39.7898],[-115.6226,39.8003],[-115.6063,39.8109],[-115.6084,39.848],[-115.6232,39.8505],[-115.638,39.853],[-115.6528,39.8554],[-115.6675,39.8579],[-115.6823,39.8604],[-115.6971,39.8628],[-115.7119,39.8653],[-115.7267,39.8678],[-115.7328,39.9073],[-115.7389,39.9468],[-115.7454,39.9649],[-115.7519,39.9829],[-115.7584,40.001],[-115.765,40.0191],[-115.7715,40.0371],[-115.778,40.0552],[-115.7846,40.0733],[-115.7911,40.0913],[-115.7811,40.103],[-115.771,40.1147],[-115.7909,40.1146],[-115.8108,40.1145],[-115.8307,40.1144],[-115.8506,40.1143],[-115.8669,40.1286],[-115.8832,40.1428]]]},"properties":{"OBJECTID":852,"state":"Nevada","agency":"Nevada Department of Wildlife","unit_type":"GMU","unit_id":"14","unit_name":"Garrett","unit_label":"Nevada GMU 14 - Garrett","aliases":"14 | 14 garrett | 2025 | game management unit | game management unit 14 | game management unit 14 garrett | garrett | gmu | gmu 14 | gmu 14 garrett | hunt unit | hunt unit 14 | hunt unit 14 garrett | hunting unit | hunting unit 14 | hunting unit 14 garre","year":"2025","Shape_Length":227357.07459999976,"Shape_Area":2377521588.8572297}},{"type":"Feature","id":853,"geometry":{"type":"Polygon","coordinates":[[[-115.9897,39.5536],[-116.0042,39.5574],[-116.0187,39.5611],[-116.0332,39.5649],[-116.0477,39.5687],[-116.0622,39.5725],[-116.0768,39.5762],[-116.0913,39.58],[-116.1058,39.5837],[-116.1272,39.5784],[-116.1487,39.5731],[-116.1701,39.5678],[-116.1915,39.5625],[-116.2129,39.5572],[-116.2344,39.5519],[-116.2558,39.5465],[-116.2772,39.5412],[-116.2818,39.5129],[-116.2865,39.4845],[-116.3005,39.4696],[-116.3144,39.4548],[-116.3284,39.4399],[-116.3423,39.4251],[-116.3477,39.3953],[-116.3531,39.3656],[-116.3585,39.3358],[-116.3639,39.3061],[-116.3462,39.3026],[-116.3284,39.2992],[-116.3107,39.2958],[-116.293,39.2924],[-116.2756,39.2972],[-116.2581,39.302],[-116.2407,39.3068],[-116.2232,39.3117],[-116.205,39.3007],[-116.1868,39.2897],[-116.1686,39.2787],[-116.1504,39.2677],[-116.1454,39.2228],[-116.1403,39.1778],[-116.1269,39.1704],[-116.1135,39.1631],[-116.1002,39.1557],[-116.0868,39.1483],[-116.0786,39.1603],[-116.0704,39.1723],[-116.0622,39.1843],[-116.0541,39.1964],[-116.0412,39.2054],[-116.0284,39.2145],[-116.0155,39.2236],[-116.0027,39.2326],[-115.9898,39.2417],[-115.9769,39.2507],[-115.9641,39.2598],[-115.9512,39.2689],[-115.9433,39.2979],[-115.9353,39.3269],[-115.9274,39.356],[-115.9194,39.385],[-115.9202,39.4305],[-115.9289,39.4459],[-115.9376,39.4613],[-115.9462,39.4767],[-115.9549,39.4921],[-115.9636,39.5074],[-115.9723,39.5228],[-115.981,39.5382],[-115.9897,39.5536]]]},"properties":{"OBJECTID":853,"state":"Nevada","agency":"Nevada Department of Wildlife","unit_type":"GMU","unit_id":"14","unit_name":"Garrett","unit_label":"Nevada GMU 14 - Garrett","aliases":"14 | 14 garrett | 2025 | game management unit | game management unit 14 | game management unit 14 garrett | garrett | gmu | gmu 14 | gmu 14 garrett | hunt unit | hunt unit 14 | hunt unit 14 garrett | hunting unit | hunting unit 14 | hunting unit 14 garre","year":"2025","Shape_Length":141601.91176556092,"Shape_Area":1154250584.3306868}},{"type":"Feature","id":854,"geometry":{"type":"Polygon","coordinates":[[[-117.1642,40.5018],[-117.188,40.5031],[-117.2119,40.5044],[-117.2357,40.5058],[-117.2595,40.5071],[-117.2834,40.5084],[-117.3072,40.5097],[-117.3311,40.511],[-117.3549,40.5124],[-117.3629,40.4999],[-117.3709,40.4875],[-117.3789,40.4751],[-117.3869,40.4627],[-117.395,40.4503],[-117.4029,40.4379],[-117.4109,40.4254],[-117.4189,40.413],[-117.422,40.3819],[-117.4251,40.3507],[-117.4282,40.3196],[-117.4313,40.2884],[-117.4408,40.2727],[-117.4504,40.257],[-117.4599,40.2413],[-117.4694,40.2256],[-117.4789,40.2099],[-117.4884,40.1942],[-117.4979,40.1785],[-117.5074,40.1628],[-117.5087,40.1623],[-117.5123,40.1584],[-117.5048,40.1466],[-117.4974,40.1348],[-117.4899,40.123],[-117.4825,40.1112],[-117.475,40.0994],[-117.4676,40.0876],[-117.4601,40.0758],[-117.4527,40.064],[-117.4339,40.0598],[-117.4151,40.0556],[-117.3964,40.0513],[-117.3776,40.0471],[-117.3535,40.0469],[-117.3294,40.0467],[-117.3052,40.0465],[-117.2811,40.0463],[-117.257,40.0461],[-117.2329,40.0459],[-117.2088,40.0457],[-117.1847,40.0455],[-117.1739,40.0626],[-117.1631,40.0798],[-117.1524,40.0969],[-117.1416,40.114],[-117.1308,40.1312],[-117.12,40.1483],[-117.1092,40.1654],[-117.0984,40.1826],[-117.1009,40.2499],[-117.0936,40.2664],[-117.0863,40.2829],[-117.0789,40.2994],[-117.0716,40.3159],[-117.0642,40.3324],[-117.0569,40.3489],[-117.0495,40.3653],[-117.0422,40.3818],[-117.0501,40.4136],[-117.0579,40.4454],[-117.0658,40.4772],[-117.0737,40.509],[-117.0912,40.5016],[-117.1087,40.4942],[-117.1262,40.4869],[-117.1436,40.4795],[-117.1539,40.4906],[-117.1642,40.5018]]]},"properties":{"OBJECTID":854,"state":"Nevada","agency":"Nevada Department of Wildlife","unit_type":"GMU","unit_id":"15","unit_name":"Lutz","unit_label":"Nevada GMU 15 - Lutz","aliases":"15 | 15 lutz | 2025 | game management unit | game management unit 15 | game management unit 15 lutz | gmu | gmu 15 | gmu 15 lutz | hunt unit | hunt unit 15 | hunt unit 15 lutz | hunting unit | hunting unit 15 | hunting unit 15 lutz | lutz | nevada | neva","year":"2025","Shape_Length":157598.65363649395,"Shape_Area":1508478282.5626497}},{"type":"Feature","id":855,"geometry":{"type":"Polygon","coordinates":[[[-116.8213,40.6745],[-116.8415,40.684],[-116.8616,40.6936],[-116.8817,40.7031],[-116.9019,40.7126],[-116.9086,40.6961],[-116.9154,40.6796],[-116.9221,40.6631],[-116.9289,40.6466],[-116.9434,40.6378],[-116.958,40.629],[-116.9725,40.6202],[-116.9871,40.6114],[-116.9979,40.5986],[-117.0088,40.5858],[-117.0196,40.573],[-117.0304,40.5602],[-117.0413,40.5474],[-117.0521,40.5346],[-117.0629,40.5218],[-117.0737,40.509],[-117.0658,40.4772],[-117.0579,40.4454],[-117.0501,40.4136],[-117.0422,40.3818],[-117.0495,40.3653],[-117.0569,40.3489],[-117.0642,40.3324],[-117.0716,40.3159],[-117.0789,40.2994],[-117.0863,40.2829],[-117.0936,40.2664],[-117.1009,40.2499],[-117.0984,40.1826],[-117.1092,40.1654],[-117.12,40.1483],[-117.1308,40.1312],[-117.1416,40.114],[-117.1524,40.0969],[-117.1631,40.0798],[-117.1739,40.0626],[-117.1847,40.0455],[-117.1877,40.0235],[-117.1908,40.0014],[-117.1836,39.9911],[-117.1765,39.9808],[-117.1693,39.9705],[-117.1622,39.9602],[-117.155,39.9499],[-117.1479,39.9396],[-117.1407,39.9293],[-117.1336,39.919],[-117.1084,39.9246],[-117.0978,39.9333],[-117.0871,39.942],[-117.0764,39.9507],[-117.0658,39.9594],[-117.0551,39.9681],[-117.0444,39.9769],[-117.0337,39.9856],[-117.023,39.9943],[-117.0124,40.003],[-117.0017,40.0117],[-116.991,40.0204],[-116.9803,40.0291],[-116.9696,40.0378],[-116.9589,40.0465],[-116.9482,40.0552],[-116.9375,40.0639],[-116.9241,40.0816],[-116.9106,40.0994],[-116.8972,40.1171],[-116.8838,40.1349],[-116.8635,40.148],[-116.8432,40.161],[-116.8229,40.1741],[-116.8026,40.1872],[-116.7876,40.1901],[-116.7726,40.1931],[-116.7575,40.1961],[-116.7425,40.1991],[-116.7275,40.202],[-116.7124,40.205],[-116.6974,40.208],[-116.6824,40.2109],[-116.6875,40.2416],[-116.6927,40.2723],[-116.6817,40.2821],[-116.6708,40.2918],[-116.6598,40.3016],[-116.6488,40.3114],[-116.6382,40.3291],[-116.6275,40.3467],[-116.6168,40.3644],[-116.6062,40.382],[-116.5955,40.3997],[-116.5848,40.4173],[-116.5741,40.435],[-116.5634,40.4526],[-116.5527,40.4703],[-116.542,40.4879],[-116.5313,40.5056],[-116.5206,40.5232],[-116.5098,40.5409],[-116.4991,40.5585],[-116.4884,40.5762],[-116.4776,40.5938],[-116.4868,40.6205],[-116.4959,40.6473],[-116.5051,40.674],[-116.5142,40.7007],[-116.5336,40.7059],[-116.553,40.7111],[-116.5698,40.7089],[-116.5866,40.7066],[-116.6034,40.7043],[-116.6201,40.702],[-116.6369,40.6998],[-116.6537,40.6975],[-116.6705,40.6952],[-116.6872,40.6929],[-116.704,40.6906],[-116.7208,40.6883],[-116.7375,40.686],[-116.7543,40.6837],[-116.7711,40.6814],[-116.7878,40.6791],[-116.8046,40.6768],[-116.8213,40.6745]]]},"properties":{"OBJECTID":855,"state":"Nevada","agency":"Nevada Department of Wildlife","unit_type":"GMU","unit_id":"15","unit_name":"Lutz","unit_label":"Nevada GMU 15 - Lutz","aliases":"15 | 15 lutz | 2025 | game management unit | game management unit 15 | game management unit 15 lutz | gmu | gmu 15 | gmu 15 lutz | hunt unit | hunt unit 15 | hunt unit 15 lutz | hunting unit | hunting unit 15 | hunting unit 15 lutz | lutz | nevada | neva","year":"2025","Shape_Length":243834.90771017212,"Shape_Area":2690454765.6981754}},{"type":"Feature","id":856,"geometry":{"type":"Polygon","coordinates":[[[-116.9237,39.4012],[-116.913,39.3991],[-116.8948,39.3955],[-116.8786,39.3977],[-116.8624,39.4],[-116.8462,39.4022],[-116.83,39.4044],[-116.8137,39.4066],[-116.7975,39.4088],[-116.7813,39.411],[-116.7651,39.4132],[-116.7533,39.4249],[-116.7415,39.4366],[-116.7296,39.4483],[-116.7178,39.4599],[-116.6935,39.4643],[-116.6692,39.4686],[-116.6449,39.4729],[-116.6206,39.4772],[-116.5963,39.4815],[-116.572,39.4859],[-116.5477,39.4902],[-116.5233,39.4945],[-116.5039,39.4979],[-116.4845,39.5013],[-116.4652,39.5047],[-116.4458,39.5081],[-116.4264,39.5116],[-116.4069,39.515],[-116.3875,39.5184],[-116.3681,39.5218],[-116.3795,39.5398],[-116.3909,39.5578],[-116.4022,39.5758],[-116.4136,39.5938],[-116.425,39.6118],[-116.4364,39.6298],[-116.4478,39.6478],[-116.4592,39.6659],[-116.4624,39.706],[-116.4656,39.7461],[-116.4688,39.7862],[-116.472,39.8264],[-116.4659,39.8519],[-116.4597,39.8773],[-116.4447,39.8936],[-116.4298,39.9098],[-116.4148,39.926],[-116.3998,39.9422],[-116.3848,39.9584],[-116.3699,39.9746],[-116.3549,39.9907],[-116.3399,40.0069],[-116.3328,40.0172],[-116.3258,40.0275],[-116.3188,40.0378],[-116.3118,40.048],[-116.3047,40.0583],[-116.2977,40.0686],[-116.2907,40.0788],[-116.2837,40.0891],[-116.3029,40.094],[-116.3221,40.0989],[-116.3413,40.1038],[-116.3605,40.1087],[-116.3737,40.1043],[-116.3869,40.0999],[-116.4001,40.0955],[-116.4132,40.0911],[-116.4264,40.0867],[-116.4396,40.0824],[-116.4528,40.078],[-116.466,40.0736],[-116.4792,40.0692],[-116.4923,40.0648],[-116.5055,40.0604],[-116.5187,40.056],[-116.5319,40.0516],[-116.545,40.0472],[-116.5582,40.0428],[-116.5714,40.0384],[-116.5669,40.0194],[-116.5625,40.0004],[-116.5581,39.9814],[-116.5536,39.9623],[-116.5592,39.9476],[-116.5647,39.9329],[-116.5702,39.9182],[-116.5757,39.9035],[-116.5813,39.8888],[-116.5868,39.8741],[-116.5923,39.8594],[-116.5978,39.8447],[-116.6101,39.8339],[-116.6223,39.8232],[-116.6346,39.8124],[-116.6468,39.8016],[-116.6591,39.7909],[-116.6713,39.7801],[-116.6835,39.7693],[-116.6958,39.7585],[-116.708,39.7478],[-116.7202,39.737],[-116.7325,39.7262],[-116.7447,39.7154],[-116.7569,39.7047],[-116.7691,39.6939],[-116.7813,39.6831],[-116.7935,39.6723],[-116.8069,39.6662],[-116.8202,39.6602],[-116.8336,39.6541],[-116.847,39.648],[-116.8603,39.6419],[-116.8737,39.6358],[-116.887,39.6297],[-116.9003,39.6236],[-116.9065,39.6104],[-116.9127,39.5972],[-116.9188,39.584],[-116.925,39.5708],[-116.9106,39.5743],[-116.8963,39.5777],[-116.8819,39.5812],[-116.8676,39.5847],[-116.8715,39.5496],[-116.8754,39.5146],[-116.8794,39.4795],[-116.8833,39.4444],[-116.8934,39.4336],[-116.9035,39.4228],[-116.9136,39.412],[-116.9237,39.4012]]]},"properties":{"OBJECTID":856,"state":"Nevada","agency":"Nevada Department of Wildlife","unit_type":"GMU","unit_id":"15","unit_name":"Lutz","unit_label":"Nevada GMU 15 - Lutz","aliases":"15 | 15 lutz | 2025 | game management unit | game management unit 15 | game management unit 15 lutz | gmu | gmu 15 | gmu 15 lutz | hunt unit | hunt unit 15 | hunt unit 15 lutz | hunting unit | hunting unit 15 | hunting unit 15 lutz | lutz | nevada | neva","year":"2025","Shape_Length":238706.04100857742,"Shape_Area":1737404463.4913125}},{"type":"Feature","id":857,"geometry":{"type":"Polygon","coordinates":[[[-117.0786,38.2565],[-117.0715,38.2687],[-117.0643,38.2809],[-117.0572,38.2931],[-117.0501,38.3054],[-117.0429,38.3176],[-117.0358,38.3298],[-117.0286,38.3421],[-117.0215,38.3543],[-117.0178,38.3836],[-117.0141,38.4129],[-117.0026,38.4298],[-116.9911,38.4466],[-116.9796,38.4635],[-116.9681,38.4803],[-116.9566,38.4971],[-116.9451,38.514],[-116.9336,38.5308],[-116.9221,38.5476],[-116.9031,38.5587],[-116.8842,38.5698],[-116.8652,38.5809],[-116.8462,38.592],[-116.8377,38.6022],[-116.8292,38.6124],[-116.8207,38.6226],[-116.8122,38.6328],[-116.8037,38.643],[-116.7952,38.6532],[-116.7867,38.6634],[-116.7782,38.6736],[-116.7732,38.7073],[-116.7682,38.7411],[-116.778,38.7567],[-116.7877,38.7724],[-116.7975,38.788],[-116.8072,38.8037],[-116.8002,38.8185],[-116.7931,38.8334],[-116.786,38.8482],[-116.7789,38.863],[-116.7717,38.8778],[-116.7646,38.8926],[-116.7575,38.9075],[-116.7504,38.9223],[-116.7385,38.9386],[-116.7267,38.9549],[-116.7148,38.9712],[-116.7029,38.9875],[-116.6965,39.0112],[-116.69,39.035],[-116.6836,39.0587],[-116.6772,39.0824],[-116.6814,39.1005],[-116.6857,39.1186],[-116.6899,39.1367],[-116.6942,39.1549],[-116.6865,39.1805],[-116.6788,39.206],[-116.671,39.2316],[-116.6633,39.2572],[-116.6556,39.2828],[-116.6478,39.3084],[-116.6401,39.334],[-116.6323,39.3596],[-116.6187,39.3765],[-116.6051,39.3933],[-116.5915,39.4102],[-116.5779,39.4271],[-116.5643,39.4439],[-116.5506,39.4608],[-116.537,39.4776],[-116.5233,39.4945],[-116.5477,39.4902],[-116.572,39.4859],[-116.5963,39.4815],[-116.6206,39.4772],[-116.6449,39.4729],[-116.6692,39.4686],[-116.6935,39.4643],[-116.7178,39.4599],[-116.7296,39.4483],[-116.7415,39.4366],[-116.7533,39.4249],[-116.7651,39.4132],[-116.7813,39.411],[-116.7975,39.4088],[-116.8137,39.4066],[-116.83,39.4044],[-116.8462,39.4022],[-116.8624,39.4],[-116.8786,39.3977],[-116.8948,39.3955],[-116.913,39.3991],[-116.9237,39.4012],[-116.9399,39.4043],[-116.9484,39.3886],[-116.9569,39.3729],[-116.9653,39.3572],[-116.9738,39.3415],[-116.9823,39.3257],[-116.9908,39.31],[-116.9992,39.2943],[-117.0077,39.2786],[-117.0161,39.2629],[-117.0246,39.2472],[-117.033,39.2315],[-117.0415,39.2158],[-117.0499,39.2001],[-117.0583,39.1844],[-117.0668,39.1687],[-117.0752,39.153],[-117.0912,39.1371],[-117.1072,39.1212],[-117.1232,39.1053],[-117.1392,39.0894],[-117.1467,39.0742],[-117.1542,39.0589],[-117.1616,39.0437],[-117.1691,39.0285],[-117.1766,39.0132],[-117.1841,38.998],[-117.1915,38.9828],[-117.199,38.9675],[-117.1961,38.9256],[-117.1932,38.8838],[-117.1903,38.8419],[-117.1874,38.8],[-117.1785,38.7894],[-117.1697,38.7787],[-117.1608,38.7681],[-117.1519,38.7575],[-117.1431,38.7469],[-117.1342,38.7363],[-117.1253,38.7257],[-117.1165,38.715],[-117.122,38.7027],[-117.1276,38.6904],[-117.1331,38.6781],[-117.1387,38.6658],[-117.1442,38.6535],[-117.1497,38.6411],[-117.1553,38.6288],[-117.1608,38.6165],[-117.1664,38.6042],[-117.1719,38.5919],[-117.1774,38.5795],[-117.183,38.5672],[-117.1885,38.5549],[-117.194,38.5426],[-117.1995,38.5303],[-117.2051,38.5179],[-117.2026,38.4797],[-117.2001,38.4415],[-117.1925,38.43],[-117.1849,38.4184],[-117.1773,38.4068],[-117.1697,38.3953],[-117.1621,38.3837],[-117.1545,38.3721],[-117.1469,38.3606],[-117.1393,38.349],[-117.1317,38.3374],[-117.1241,38.3259],[-117.1165,38.3143],[-117.1089,38.3027],[-117.1013,38.2912],[-117.0937,38.2796],[-117.0862,38.268],[-117.0786,38.2565]]]},"properties":{"OBJECTID":857,"state":"Nevada","agency":"Nevada Department of Wildlife","unit_type":"GMU","unit_id":"16","unit_name":"Bennett","unit_label":"Nevada GMU 16 - Bennett","aliases":"16 | 16 bennett | 2025 | bennett | game management unit | game management unit 16 | game management unit 16 bennett | gmu | gmu 16 | gmu 16 bennett | hunt unit | hunt unit 16 | hunt unit 16 bennett | hunting unit | hunting unit 16 | hunting unit 16 benne","year":"2025","Shape_Length":331319.4167278773,"Shape_Area":3750664991.8703303}},{"type":"Feature","id":858,"geometry":{"type":"Polygon","coordinates":[[[-116.2865,39.4845],[-116.2818,39.5129],[-116.2772,39.5412],[-116.2999,39.5364],[-116.3227,39.5315],[-116.3454,39.5266],[-116.3681,39.5218],[-116.3875,39.5184],[-116.4069,39.515],[-116.4264,39.5116],[-116.4458,39.5081],[-116.4652,39.5047],[-116.4845,39.5013],[-116.5039,39.4979],[-116.5233,39.4945],[-116.537,39.4776],[-116.5506,39.4608],[-116.5643,39.4439],[-116.5779,39.4271],[-116.5915,39.4102],[-116.6051,39.3933],[-116.6187,39.3765],[-116.6323,39.3596],[-116.6401,39.334],[-116.6478,39.3084],[-116.6556,39.2828],[-116.6633,39.2572],[-116.671,39.2316],[-116.6788,39.206],[-116.6865,39.1805],[-116.6942,39.1549],[-116.6899,39.1367],[-116.6857,39.1186],[-116.6814,39.1005],[-116.6772,39.0824],[-116.6836,39.0587],[-116.69,39.035],[-116.6965,39.0112],[-116.7029,38.9875],[-116.7148,38.9712],[-116.7267,38.9549],[-116.7385,38.9386],[-116.7504,38.9223],[-116.7575,38.9075],[-116.7646,38.8926],[-116.7717,38.8778],[-116.7789,38.863],[-116.786,38.8482],[-116.7931,38.8334],[-116.8002,38.8185],[-116.8072,38.8037],[-116.7975,38.788],[-116.7877,38.7724],[-116.778,38.7567],[-116.7682,38.7411],[-116.7732,38.7073],[-116.7782,38.6736],[-116.7867,38.6634],[-116.7952,38.6532],[-116.8037,38.643],[-116.8122,38.6328],[-116.8207,38.6226],[-116.8292,38.6124],[-116.8377,38.6022],[-116.8462,38.592],[-116.8652,38.5809],[-116.8842,38.5698],[-116.9031,38.5587],[-116.9221,38.5476],[-116.9336,38.5308],[-116.9451,38.514],[-116.9566,38.4971],[-116.9681,38.4803],[-116.9796,38.4635],[-116.9911,38.4466],[-117.0026,38.4298],[-117.0141,38.4129],[-117.0178,38.3836],[-117.0215,38.3543],[-117.0286,38.3421],[-117.0358,38.3298],[-117.0429,38.3176],[-117.0501,38.3054],[-117.0572,38.2931],[-117.0643,38.2809],[-117.0715,38.2687],[-117.0786,38.2565],[-117.0757,38.2225],[-117.0822,38.2035],[-117.0887,38.1846],[-117.0951,38.1657],[-117.1016,38.1468],[-117.108,38.1278],[-117.1145,38.1089],[-117.1209,38.09],[-117.1274,38.0711],[-117.1041,38.0727],[-117.0808,38.0744],[-117.0575,38.076],[-117.0342,38.0776],[-117.0109,38.0792],[-116.9876,38.0808],[-116.9643,38.0825],[-116.941,38.0841],[-116.9295,38.0929],[-116.9179,38.1017],[-116.9064,38.1106],[-116.8948,38.1194],[-116.8686,38.1194],[-116.8425,38.1195],[-116.8163,38.1195],[-116.7901,38.1195],[-116.7705,38.1224],[-116.7509,38.1253],[-116.7312,38.1283],[-116.7116,38.1312],[-116.6919,38.1341],[-116.6723,38.137],[-116.6527,38.1399],[-116.633,38.1428],[-116.6237,38.1672],[-116.6144,38.1915],[-116.605,38.2159],[-116.5957,38.2402],[-116.5863,38.2646],[-116.577,38.2889],[-116.5676,38.3133],[-116.5583,38.3376],[-116.5489,38.362],[-116.5395,38.3863],[-116.5301,38.4106],[-116.5207,38.435],[-116.5113,38.4593],[-116.5019,38.4837],[-116.4925,38.508],[-116.4831,38.5323],[-116.4775,38.5779],[-116.472,38.6234],[-116.4664,38.669],[-116.4608,38.7145],[-116.472,38.7359],[-116.4831,38.7573],[-116.478,38.7896],[-116.4728,38.822],[-116.4547,38.8296],[-116.4367,38.8372],[-116.4186,38.8448],[-116.4005,38.8523],[-116.4032,38.8794],[-116.3856,38.8949],[-116.3681,38.9103],[-116.3506,38.9258],[-116.333,38.9413],[-116.3281,38.9737],[-116.3232,39.006],[-116.3183,39.0384],[-116.3134,39.0707],[-116.3198,39.0864],[-116.3262,39.102],[-116.3326,39.1177],[-116.339,39.1333],[-116.3454,39.149],[-116.3518,39.1646],[-116.3582,39.1803],[-116.3646,39.1959],[-116.3639,39.3061],[-116.3585,39.3358],[-116.3531,39.3656],[-116.3477,39.3953],[-116.3423,39.4251],[-116.3284,39.4399],[-116.3144,39.4548],[-116.3005,39.4696],[-116.2865,39.4845]]]},"properties":{"OBJECTID":858,"state":"Nevada","agency":"Nevada Department of Wildlife","unit_type":"GMU","unit_id":"16","unit_name":"Bennett","unit_label":"Nevada GMU 16 - Bennett","aliases":"16 | 16 bennett | 2025 | bennett | game management unit | game management unit 16 | game management unit 16 bennett | gmu | gmu 16 | gmu 16 bennett | hunt unit | hunt unit 16 | hunt unit 16 bennett | hunting unit | hunting unit 16 | hunting unit 16 benne","year":"2025","Shape_Length":408537.9683731047,"Shape_Area":5069615828.43605}},{"type":"Feature","id":859,"geometry":{"type":"Polygon","coordinates":[[[-116.1752,39.0696],[-116.1693,39.0576],[-116.1634,39.0455],[-116.1575,39.0335],[-116.1516,39.0214],[-116.1457,39.0094],[-116.1398,38.9974],[-116.1339,38.9853],[-116.128,38.9733],[-116.1221,38.9612],[-116.1162,38.9492],[-116.1103,38.9372],[-116.1044,38.9251],[-116.0985,38.9131],[-116.0926,38.901],[-116.0868,38.889],[-116.0809,38.877],[-116.096,38.8626],[-116.1111,38.8482],[-116.1263,38.8338],[-116.1414,38.8194],[-116.1565,38.805],[-116.1716,38.7906],[-116.1867,38.7762],[-116.2018,38.7618],[-116.1967,38.7291],[-116.1917,38.6964],[-116.1866,38.6637],[-116.1815,38.631],[-116.1716,38.6204],[-116.1616,38.6099],[-116.1516,38.5993],[-116.1416,38.5887],[-116.1316,38.5781],[-116.1217,38.5675],[-116.1117,38.5569],[-116.1017,38.5463],[-116.0981,38.4799],[-116.0743,38.475],[-116.0505,38.4701],[-116.0267,38.4652],[-116.0029,38.4603],[-115.9811,38.471],[-115.9592,38.4816],[-115.9374,38.4923],[-115.9156,38.5029],[-115.8959,38.5066],[-115.8762,38.5103],[-115.8565,38.514],[-115.8368,38.5178],[-115.818,38.5294],[-115.7993,38.541],[-115.7805,38.5526],[-115.7618,38.5642],[-115.743,38.5758],[-115.7243,38.5874],[-115.7055,38.599],[-115.6867,38.6106],[-115.6676,38.6147],[-115.6486,38.6187],[-115.6295,38.6227],[-115.6104,38.6268],[-115.5933,38.6411],[-115.5762,38.6554],[-115.5591,38.6697],[-115.542,38.6841],[-115.5249,38.6984],[-115.5078,38.7127],[-115.4907,38.727],[-115.4736,38.7413],[-115.4735,38.743],[-115.4874,38.7547],[-115.5012,38.7663],[-115.5151,38.7779],[-115.529,38.7896],[-115.5429,38.8012],[-115.5568,38.8128],[-115.5707,38.8245],[-115.5846,38.8361],[-115.5985,38.8477],[-115.6124,38.8594],[-115.6263,38.871],[-115.6402,38.8826],[-115.6541,38.8942],[-115.668,38.9059],[-115.682,38.9175],[-115.6959,38.9291],[-115.7006,38.9509],[-115.7054,38.9727],[-115.7102,38.9945],[-115.7149,39.0163],[-115.7236,39.0269],[-115.7323,39.0376],[-115.741,39.0482],[-115.7497,39.0589],[-115.7584,39.0695],[-115.7671,39.0802],[-115.7758,39.0908],[-115.7845,39.1015],[-115.7932,39.1121],[-115.8019,39.1228],[-115.8106,39.1335],[-115.8194,39.1441],[-115.8281,39.1548],[-115.8368,39.1654],[-115.8455,39.1761],[-115.8542,39.1867],[-115.8663,39.197],[-115.8785,39.2072],[-115.8906,39.2175],[-115.9027,39.2278],[-115.9148,39.2381],[-115.9269,39.2483],[-115.9391,39.2586],[-115.9512,39.2689],[-115.9641,39.2598],[-115.9769,39.2507],[-115.9898,39.2417],[-116.0027,39.2326],[-116.0155,39.2236],[-116.0284,39.2145],[-116.0412,39.2054],[-116.0541,39.1964],[-116.0622,39.1843],[-116.0704,39.1723],[-116.0786,39.1603],[-116.0868,39.1483],[-116.0978,39.1385],[-116.1089,39.1286],[-116.1199,39.1188],[-116.131,39.109],[-116.1421,39.0991],[-116.1531,39.0893],[-116.1641,39.0794],[-116.1752,39.0696]]]},"properties":{"OBJECTID":859,"state":"Nevada","agency":"Nevada Department of Wildlife","unit_type":"GMU","unit_id":"16","unit_name":"Bennett","unit_label":"Nevada GMU 16 - Bennett","aliases":"16 | 16 bennett | 2025 | bennett | game management unit | game management unit 16 | game management unit 16 bennett | gmu | gmu 16 | gmu 16 bennett | hunt unit | hunt unit 16 | hunt unit 16 bennett | hunting unit | hunting unit 16 | hunting unit 16 benne","year":"2025","Shape_Length":241886.28630516285,"Shape_Area":3199698969.419624}},{"type":"Feature","id":860,"geometry":{"type":"Polygon","coordinates":[[[-117.5956,38.9476],[-117.6061,38.9568],[-117.6166,38.9661],[-117.6271,38.9753],[-117.6376,38.9846],[-117.6481,38.9938],[-117.6586,39.003],[-117.6691,39.0123],[-117.6796,39.0215],[-117.6901,39.0308],[-117.7006,39.04],[-117.7112,39.0492],[-117.7217,39.0585],[-117.7322,39.0677],[-117.7427,39.0769],[-117.7533,39.0861],[-117.7638,39.0954],[-117.7804,39.0918],[-117.797,39.0881],[-117.8136,39.0845],[-117.8302,39.0809],[-117.8468,39.0773],[-117.8634,39.0736],[-117.88,39.07],[-117.8965,39.0664],[-117.9131,39.0627],[-117.9297,39.0591],[-117.9463,39.0555],[-117.9629,39.0518],[-117.9795,39.0482],[-117.996,39.0445],[-118.0126,39.0409],[-118.0292,39.0372],[-118.0154,39.0174],[-118.0016,38.9975],[-117.9877,38.9777],[-117.9739,38.9578],[-117.9601,38.9379],[-117.9464,38.9181],[-117.9326,38.8982],[-117.9188,38.8784],[-117.9316,38.8642],[-117.9444,38.8501],[-117.9572,38.8359],[-117.9699,38.8218],[-117.9827,38.8076],[-117.9955,38.7934],[-118.0082,38.7793],[-118.021,38.7651],[-118.0106,38.756],[-118.0003,38.747],[-117.9899,38.7379],[-117.9796,38.7288],[-117.9692,38.7197],[-117.9589,38.7106],[-117.9486,38.7015],[-117.9382,38.6924],[-117.9279,38.6833],[-117.9176,38.6742],[-117.9073,38.6651],[-117.8969,38.656],[-117.8866,38.6469],[-117.8763,38.6378],[-117.866,38.6287],[-117.8557,38.6196],[-117.8454,38.6105],[-117.8351,38.6014],[-117.8247,38.5923],[-117.8144,38.5832],[-117.8041,38.574],[-117.7939,38.5649],[-117.7836,38.5558],[-117.7733,38.5467],[-117.763,38.5376],[-117.7527,38.5285],[-117.7424,38.5194],[-117.7321,38.5103],[-117.7219,38.5012],[-117.7116,38.492],[-117.7013,38.4829],[-117.691,38.4738],[-117.682,38.4657],[-117.6729,38.4576],[-117.6638,38.4495],[-117.6548,38.4413],[-117.6457,38.4332],[-117.6367,38.4251],[-117.6276,38.417],[-117.6186,38.4089],[-117.6095,38.4007],[-117.6005,38.3926],[-117.5914,38.3845],[-117.5824,38.3764],[-117.5733,38.3682],[-117.5643,38.3601],[-117.5552,38.352],[-117.5462,38.3439],[-117.5372,38.3357],[-117.5281,38.3276],[-117.5191,38.3195],[-117.5101,38.3113],[-117.501,38.3032],[-117.492,38.2951],[-117.483,38.287],[-117.474,38.2788],[-117.465,38.2707],[-117.4559,38.2626],[-117.4469,38.2544],[-117.4379,38.2463],[-117.4289,38.2382],[-117.4199,38.23],[-117.4109,38.2219],[-117.4019,38.2137],[-117.3952,38.2078],[-117.3807,38.195],[-117.3676,38.1832],[-117.3546,38.1715],[-117.3415,38.1597],[-117.3285,38.1479],[-117.3372,38.1623],[-117.346,38.1767],[-117.3547,38.191],[-117.3635,38.2054],[-117.3723,38.2198],[-117.381,38.2341],[-117.3898,38.2485],[-117.3986,38.2628],[-117.4074,38.2772],[-117.4162,38.2916],[-117.425,38.3059],[-117.4337,38.3203],[-117.4425,38.3347],[-117.4513,38.349],[-117.4601,38.3634],[-117.4689,38.3777],[-117.4816,38.3923],[-117.4942,38.4069],[-117.5068,38.4215],[-117.5194,38.436],[-117.5321,38.4506],[-117.5447,38.4652],[-117.5574,38.4797],[-117.57,38.4943],[-117.5649,38.5121],[-117.5599,38.5299],[-117.5548,38.5477],[-117.5497,38.5655],[-117.5595,38.576],[-117.5692,38.5865],[-117.5789,38.597],[-117.5886,38.6075],[-117.5984,38.618],[-117.6081,38.6285],[-117.6178,38.639],[-117.6276,38.6494],[-117.6373,38.6599],[-117.6471,38.6704],[-117.6568,38.6809],[-117.6666,38.6914],[-117.6763,38.7019],[-117.6861,38.7124],[-117.6959,38.7228],[-117.7056,38.7333],[-117.6989,38.7583],[-117.6922,38.7834],[-117.6855,38.8084],[-117.6788,38.8334],[-117.6684,38.8477],[-117.658,38.862],[-117.6476,38.8763],[-117.6372,38.8905],[-117.6268,38.9048],[-117.6164,38.9191],[-117.606,38.9333],[-117.5956,38.9476]]]},"properties":{"OBJECTID":860,"state":"Nevada","agency":"Nevada Department of Wildlife","unit_type":"GMU","unit_id":"17","unit_name":"Bennett","unit_label":"Nevada GMU 17 - Bennett","aliases":"17 | 17 bennett | 2025 | bennett | game management unit | game management unit 17 | game management unit 17 bennett | gmu | gmu 17 | gmu 17 bennett | hunt unit | hunt unit 17 | hunt unit 17 bennett | hunting unit | hunting unit 17 | hunting unit 17 benne","year":"2025","Shape_Length":274332.3896360205,"Shape_Area":1855280409.236911}},{"type":"Feature","id":861,"geometry":{"type":"Polygon","coordinates":[[[-117.236,39.3175],[-117.2314,39.3495],[-117.2269,39.3814],[-117.2223,39.4134],[-117.2177,39.4453],[-117.2355,39.4356],[-117.2534,39.4258],[-117.2713,39.416],[-117.2892,39.4062],[-117.307,39.3964],[-117.3249,39.3866],[-117.3427,39.3768],[-117.3606,39.367],[-117.3757,39.3629],[-117.3908,39.3589],[-117.4059,39.3548],[-117.421,39.3507],[-117.4307,39.3276],[-117.4404,39.3045],[-117.4532,39.2965],[-117.4661,39.2886],[-117.4789,39.2806],[-117.4918,39.2727],[-117.5046,39.2647],[-117.5175,39.2568],[-117.5303,39.2488],[-117.5431,39.2409],[-117.5505,39.2255],[-117.5638,39.2173],[-117.5772,39.2092],[-117.5905,39.2011],[-117.6039,39.193],[-117.6172,39.1849],[-117.6306,39.1767],[-117.6439,39.1686],[-117.6572,39.1605],[-117.6706,39.1523],[-117.6839,39.1442],[-117.6972,39.1361],[-117.7105,39.1279],[-117.7239,39.1198],[-117.7372,39.1117],[-117.7505,39.1035],[-117.7638,39.0954],[-117.7533,39.0861],[-117.7427,39.0769],[-117.7322,39.0677],[-117.7217,39.0585],[-117.7112,39.0492],[-117.7006,39.04],[-117.6901,39.0308],[-117.6796,39.0215],[-117.6691,39.0123],[-117.6586,39.003],[-117.6481,38.9938],[-117.6376,38.9846],[-117.6271,38.9753],[-117.6166,38.9661],[-117.6061,38.9568],[-117.5956,38.9476],[-117.606,38.9333],[-117.6164,38.9191],[-117.6268,38.9048],[-117.6372,38.8905],[-117.6476,38.8763],[-117.658,38.862],[-117.6684,38.8477],[-117.6788,38.8334],[-117.6855,38.8084],[-117.6922,38.7834],[-117.6989,38.7583],[-117.7056,38.7333],[-117.6959,38.7228],[-117.6861,38.7124],[-117.6763,38.7019],[-117.6666,38.6914],[-117.6568,38.6809],[-117.6471,38.6704],[-117.6373,38.6599],[-117.6276,38.6494],[-117.6178,38.639],[-117.6081,38.6285],[-117.5984,38.618],[-117.5886,38.6075],[-117.5789,38.597],[-117.5692,38.5865],[-117.5595,38.576],[-117.5497,38.5655],[-117.5437,38.5791],[-117.5377,38.5926],[-117.5317,38.6061],[-117.5257,38.6197],[-117.5197,38.6332],[-117.5137,38.6468],[-117.5077,38.6603],[-117.5017,38.6738],[-117.507,38.7136],[-117.5123,38.7533],[-117.5071,38.7839],[-117.5019,38.8145],[-117.4966,38.8452],[-117.4914,38.8758],[-117.4862,38.9064],[-117.4809,38.937],[-117.4757,38.9676],[-117.4705,38.9982],[-117.4568,39.0141],[-117.4432,39.03],[-117.4296,39.0459],[-117.4159,39.0618],[-117.4096,39.0735],[-117.4034,39.0853],[-117.3971,39.097],[-117.3909,39.1087],[-117.3846,39.1205],[-117.3783,39.1322],[-117.3721,39.1439],[-117.3658,39.1557],[-117.3595,39.1674],[-117.3532,39.1791],[-117.347,39.1908],[-117.3407,39.2026],[-117.3344,39.2143],[-117.3281,39.226],[-117.3218,39.2378],[-117.3155,39.2495],[-117.3056,39.258],[-117.2957,39.2665],[-117.2857,39.275],[-117.2758,39.2835],[-117.2659,39.292],[-117.2559,39.3005],[-117.246,39.309],[-117.236,39.3175]]]},"properties":{"OBJECTID":861,"state":"Nevada","agency":"Nevada Department of Wildlife","unit_type":"GMU","unit_id":"17","unit_name":"Bennett","unit_label":"Nevada GMU 17 - Bennett","aliases":"17 | 17 bennett | 2025 | bennett | game management unit | game management unit 17 | game management unit 17 bennett | gmu | gmu 17 | gmu 17 bennett | hunt unit | hunt unit 17 | hunt unit 17 bennett | hunting unit | hunting unit 17 | hunting unit 17 benne","year":"2025","Shape_Length":238998.48557213924,"Shape_Area":1535676287.6304708}},{"type":"Feature","id":862,"geometry":{"type":"Polygon","coordinates":[[[-118.0292,39.0372],[-118.0382,39.0587],[-118.0473,39.0801],[-118.0406,39.096],[-118.0339,39.112],[-118.0272,39.1279],[-118.0206,39.1439],[-118.0166,39.202],[-118.0125,39.2601],[-118.0203,39.2752],[-118.028,39.2903],[-118.0449,39.2898],[-118.0617,39.2894],[-118.0785,39.2889],[-118.0953,39.2885],[-118.1121,39.2881],[-118.1289,39.2876],[-118.1457,39.2872],[-118.1626,39.2867],[-118.1775,39.2856],[-118.1925,39.2845],[-118.2075,39.2835],[-118.2225,39.2824],[-118.2375,39.2813],[-118.2524,39.2802],[-118.2674,39.2791],[-118.2824,39.2781],[-118.2974,39.277],[-118.3124,39.2759],[-118.3273,39.2748],[-118.3423,39.2737],[-118.3573,39.2726],[-118.3723,39.2715],[-118.3872,39.2704],[-118.4022,39.2693],[-118.423,39.2774],[-118.4438,39.2855],[-118.4646,39.2936],[-118.4854,39.3017],[-118.503,39.3167],[-118.5205,39.3317],[-118.538,39.3468],[-118.5556,39.3618],[-118.5794,39.3719],[-118.6032,39.3821],[-118.6271,39.3922],[-118.6509,39.4023],[-118.6593,39.4195],[-118.6677,39.4367],[-118.6761,39.4539],[-118.6845,39.471],[-118.6619,39.4757],[-118.6392,39.4804],[-118.6165,39.4851],[-118.5939,39.4898],[-118.5891,39.5044],[-118.5843,39.5191],[-118.5663,39.5188],[-118.5483,39.5185],[-118.5303,39.5182],[-118.5123,39.5179],[-118.4968,39.524],[-118.4813,39.53],[-118.4658,39.5361],[-118.4503,39.5421],[-118.4348,39.5481],[-118.4193,39.5542],[-118.4037,39.5602],[-118.3882,39.5662],[-118.3792,39.5815],[-118.3702,39.5968],[-118.3613,39.6122],[-118.3523,39.6275],[-118.3432,39.6428],[-118.3342,39.6581],[-118.3252,39.6734],[-118.3162,39.6887],[-118.3072,39.704],[-118.2982,39.7194],[-118.2892,39.7347],[-118.2801,39.75],[-118.2711,39.7653],[-118.2621,39.7806],[-118.253,39.7959],[-118.244,39.8112],[-118.2368,39.8345],[-118.2297,39.8578],[-118.2225,39.8811],[-118.2154,39.9043],[-118.2082,39.9276],[-118.2011,39.9509],[-118.1939,39.9742],[-118.1867,39.9974],[-118.1871,40.0638],[-118.2117,40.0582],[-118.2363,40.0526],[-118.261,40.047],[-118.2856,40.0414],[-118.3025,40.0347],[-118.3194,40.0281],[-118.3362,40.0215],[-118.3531,40.0148],[-118.37,40.0082],[-118.3868,40.0016],[-118.4037,39.9949],[-118.4205,39.9883],[-118.4365,39.9722],[-118.4525,39.9561],[-118.4769,39.9515],[-118.5014,39.9469],[-118.5258,39.9422],[-118.5502,39.9376],[-118.5673,39.9276],[-118.5843,39.9176],[-118.6013,39.9076],[-118.6183,39.8976],[-118.6353,39.8876],[-118.6522,39.8776],[-118.6692,39.8676],[-118.6862,39.8576],[-118.7087,39.8541],[-118.7311,39.8507],[-118.7536,39.8472],[-118.776,39.8438],[-118.7692,39.8684],[-118.7624,39.893],[-118.7556,39.9176],[-118.7487,39.9423],[-118.7639,39.9346],[-118.7792,39.927],[-118.7944,39.9194],[-118.8096,39.9118],[-118.8248,39.9041],[-118.84,39.8965],[-118.8552,39.8889],[-118.8704,39.8812],[-118.8856,39.8736],[-118.9007,39.866],[-118.9159,39.8583],[-118.9311,39.8507],[-118.9463,39.843],[-118.9615,39.8354],[-118.9766,39.8278],[-118.9918,39.8201],[-119.0003,39.8101],[-119.0089,39.8001],[-119.0174,39.7901],[-119.0259,39.78],[-119.0344,39.77],[-119.043,39.76],[-119.0515,39.75],[-119.06,39.7399],[-119.069,39.7312],[-119.078,39.7224],[-119.081,39.6715],[-119.0841,39.6206],[-119.0871,39.5697],[-119.0901,39.5187],[-119.1177,39.5187],[-119.1182,39.3885],[-119.1013,39.3759],[-119.0845,39.3632],[-119.0676,39.3506],[-119.0508,39.3379],[-119.034,39.3253],[-119.0171,39.3127],[-119.0003,39.3],[-118.9835,39.2873],[-118.9667,39.2747],[-118.9499,39.262],[-118.933,39.2494],[-118.9162,39.2367],[-118.8995,39.224],[-118.8827,39.2114],[-118.8659,39.1987],[-118.8491,39.186],[-118.8406,39.1768],[-118.832,39.1676],[-118.8235,39.1583],[-118.8149,39.1491],[-118.8064,39.1399],[-118.7978,39.1306],[-118.7893,39.1214],[-118.7807,39.1122],[-118.7724,39.1121],[-118.7719,39.1121],[-118.7546,39.1229],[-118.7373,39.1337],[-118.7214,39.1249],[-118.7055,39.116],[-118.6896,39.1071],[-118.6737,39.0983],[-118.6578,39.0894],[-118.6419,39.0806],[-118.6261,39.0717],[-118.6102,39.0628],[-118.5931,39.0594],[-118.5759,39.0559],[-118.5588,39.0525],[-118.5416,39.049],[-118.5208,39.0527],[-118.5,39.0564],[-118.4792,39.06],[-118.4584,39.0637],[-118.4456,39.0585],[-118.4327,39.0532],[-118.4199,39.048],[-118.407,39.0428],[-118.3947,39.0331],[-118.3824,39.0235],[-118.37,39.0138],[-118.3577,39.0042],[-118.3454,38.9945],[-118.3331,38.9849],[-118.3208,38.9752],[-118.3084,38.9656],[-118.2884,38.9645],[-118.2683,38.9635],[-118.2482,38.9624],[-118.2281,38.9614],[-118.2087,38.9562],[-118.1894,38.9511],[-118.17,38.9459],[-118.1507,38.9407],[-118.1314,38.9355],[-118.112,38.9303],[-118.0927,38.9252],[-118.0734,38.92],[-118.054,38.9148],[-118.0347,38.9096],[-118.0154,38.9044],[-117.9961,38.8992],[-117.9767,38.894],[-117.9574,38.8888],[-117.9381,38.8836],[-117.9188,38.8784],[-117.9326,38.8982],[-117.9464,38.9181],[-117.9601,38.9379],[-117.9739,38.9578],[-117.9877,38.9777],[-118.0016,38.9975],[-118.0154,39.0174],[-118.0292,39.0372]]]},"properties":{"OBJECTID":862,"state":"Nevada","agency":"Nevada Department of Wildlife","unit_type":"GMU","unit_id":"18","unit_name":"Salisbury","unit_label":"Nevada GMU 18 - Salisbury","aliases":"18 | 18 salisbury | 2025 | game management unit | game management unit 18 | game management unit 18 salisbury | gmu | gmu 18 | gmu 18 salisbury | hunt unit | hunt unit 18 | hunt unit 18 salisbury | hunting unit | hunting unit 18 | hunting unit 18 salisbu","year":"2025","Shape_Length":476365.21437760186,"Shape_Area":6186507861.092279}},{"type":"Feature","id":863,"geometry":{"type":"Polygon","coordinates":[[[-117.5505,39.2255],[-117.5431,39.2409],[-117.5303,39.2488],[-117.5175,39.2568],[-117.5046,39.2647],[-117.4918,39.2727],[-117.4789,39.2806],[-117.4661,39.2886],[-117.4532,39.2965],[-117.4404,39.3045],[-117.4307,39.3276],[-117.421,39.3507],[-117.4059,39.3548],[-117.3908,39.3589],[-117.3757,39.3629],[-117.3606,39.367],[-117.3427,39.3768],[-117.3249,39.3866],[-117.307,39.3964],[-117.2892,39.4062],[-117.2713,39.416],[-117.2534,39.4258],[-117.2355,39.4356],[-117.2177,39.4453],[-117.2032,39.4524],[-117.1887,39.4595],[-117.1743,39.4665],[-117.1598,39.4736],[-117.1453,39.4806],[-117.1308,39.4877],[-117.1163,39.4947],[-117.1018,39.5018],[-117.13,39.4983],[-117.1582,39.4948],[-117.1863,39.4913],[-117.2145,39.4878],[-117.2427,39.4843],[-117.2708,39.4807],[-117.299,39.4772],[-117.3271,39.4737],[-117.339,39.48],[-117.3508,39.4864],[-117.3627,39.4928],[-117.3746,39.4991],[-117.3864,39.5055],[-117.3983,39.5118],[-117.4102,39.5182],[-117.4221,39.5245],[-117.4409,39.5298],[-117.4533,39.5332],[-117.4711,39.5436],[-117.4889,39.554],[-117.5066,39.5644],[-117.5244,39.5748],[-117.5453,39.5747],[-117.5662,39.5745],[-117.5871,39.5744],[-117.608,39.5742],[-117.6317,39.5642],[-117.6553,39.5542],[-117.6789,39.5442],[-117.7025,39.5342],[-117.7262,39.5242],[-117.7498,39.5142],[-117.7734,39.5042],[-117.797,39.4942],[-117.8048,39.4802],[-117.8127,39.4663],[-117.8205,39.4523],[-117.8284,39.4384],[-117.8362,39.4244],[-117.844,39.4104],[-117.8519,39.3965],[-117.8597,39.3825],[-117.8714,39.3727],[-117.8831,39.3629],[-117.8948,39.3531],[-117.9065,39.3433],[-117.9182,39.3335],[-117.9299,39.3237],[-117.9416,39.3139],[-117.9533,39.3041],[-117.972,39.3006],[-117.9907,39.2972],[-118.0094,39.2937],[-118.028,39.2903],[-118.0203,39.2752],[-118.0125,39.2601],[-118.0166,39.202],[-118.0206,39.1439],[-118.0272,39.1279],[-118.0339,39.112],[-118.0406,39.096],[-118.0473,39.0801],[-118.0382,39.0587],[-118.0292,39.0372],[-118.0126,39.0409],[-117.996,39.0445],[-117.9795,39.0482],[-117.9629,39.0518],[-117.9463,39.0555],[-117.9297,39.0591],[-117.9131,39.0627],[-117.8965,39.0664],[-117.88,39.07],[-117.8634,39.0736],[-117.8468,39.0773],[-117.8302,39.0809],[-117.8136,39.0845],[-117.797,39.0881],[-117.7804,39.0918],[-117.7638,39.0954],[-117.7505,39.1035],[-117.7372,39.1117],[-117.7239,39.1198],[-117.7105,39.1279],[-117.6972,39.1361],[-117.6839,39.1442],[-117.6706,39.1523],[-117.6572,39.1605],[-117.6439,39.1686],[-117.6306,39.1767],[-117.6172,39.1849],[-117.6039,39.193],[-117.5905,39.2011],[-117.5772,39.2092],[-117.5638,39.2173],[-117.5505,39.2255]]]},"properties":{"OBJECTID":863,"state":"Nevada","agency":"Nevada Department of Wildlife","unit_type":"GMU","unit_id":"18","unit_name":"Salisbury","unit_label":"Nevada GMU 18 - Salisbury","aliases":"18 | 18 salisbury | 2025 | game management unit | game management unit 18 | game management unit 18 salisbury | gmu | gmu 18 | gmu 18 salisbury | hunt unit | hunt unit 18 | hunt unit 18 salisbury | hunting unit | hunting unit 18 | hunting unit 18 salisbu","year":"2025","Shape_Length":224517.23820413917,"Shape_Area":2113613655.2058885}},{"type":"Feature","id":864,"geometry":{"type":"Polygon","coordinates":[[[-117.6623,40.1383],[-117.6683,40.1519],[-117.6743,40.1654],[-117.6803,40.179],[-117.6863,40.1926],[-117.7091,40.196],[-117.7319,40.1994],[-117.7487,40.2057],[-117.7655,40.2121],[-117.7823,40.2184],[-117.7991,40.2248],[-117.8208,40.2164],[-117.8425,40.2081],[-117.8642,40.1997],[-117.8858,40.1913],[-117.8993,40.1795],[-117.9127,40.1676],[-117.9261,40.1558],[-117.9396,40.144],[-117.953,40.1321],[-117.9664,40.1203],[-117.9798,40.1084],[-117.9932,40.0966],[-118.0217,40.101],[-118.0501,40.1055],[-118.0786,40.1099],[-118.107,40.1143],[-118.1306,40.1209],[-118.1542,40.1275],[-118.1779,40.1341],[-118.2015,40.1406],[-118.1979,40.1214],[-118.1943,40.1022],[-118.1907,40.083],[-118.1871,40.0638],[-118.1867,39.9974],[-118.1939,39.9742],[-118.2011,39.9509],[-118.2082,39.9276],[-118.2154,39.9043],[-118.2225,39.8811],[-118.2297,39.8578],[-118.2368,39.8345],[-118.244,39.8112],[-118.253,39.7959],[-118.2621,39.7806],[-118.2711,39.7653],[-118.2801,39.75],[-118.2892,39.7347],[-118.2982,39.7194],[-118.3072,39.704],[-118.3162,39.6887],[-118.3252,39.6734],[-118.3342,39.6581],[-118.3432,39.6428],[-118.3523,39.6275],[-118.3613,39.6122],[-118.3702,39.5968],[-118.3792,39.5815],[-118.3882,39.5662],[-118.4037,39.5602],[-118.4193,39.5542],[-118.4348,39.5481],[-118.4503,39.5421],[-118.4658,39.5361],[-118.4813,39.53],[-118.4968,39.524],[-118.5123,39.5179],[-118.5303,39.5182],[-118.5483,39.5185],[-118.5663,39.5188],[-118.5843,39.5191],[-118.5891,39.5044],[-118.5939,39.4898],[-118.6165,39.4851],[-118.6392,39.4804],[-118.6619,39.4757],[-118.6845,39.471],[-118.6761,39.4539],[-118.6677,39.4367],[-118.6593,39.4195],[-118.6509,39.4023],[-118.6271,39.3922],[-118.6032,39.3821],[-118.5794,39.3719],[-118.5556,39.3618],[-118.538,39.3468],[-118.5205,39.3317],[-118.503,39.3167],[-118.4854,39.3017],[-118.4646,39.2936],[-118.4438,39.2855],[-118.423,39.2774],[-118.4022,39.2693],[-118.3872,39.2704],[-118.3723,39.2715],[-118.3573,39.2726],[-118.3423,39.2737],[-118.3273,39.2748],[-118.3124,39.2759],[-118.2974,39.277],[-118.2824,39.2781],[-118.2674,39.2791],[-118.2524,39.2802],[-118.2375,39.2813],[-118.2225,39.2824],[-118.2075,39.2835],[-118.1925,39.2845],[-118.1775,39.2856],[-118.1626,39.2867],[-118.1609,39.391],[-118.1591,39.4953],[-118.1493,39.5125],[-118.1395,39.5298],[-118.1423,39.5599],[-118.145,39.5901],[-118.1477,39.6202],[-118.1505,39.6503],[-118.1459,39.6696],[-118.1413,39.6889],[-118.1367,39.7082],[-118.1322,39.7275],[-118.1187,39.7441],[-118.1053,39.7608],[-118.0918,39.7774],[-118.0783,39.7941],[-118.0543,39.8022],[-118.0303,39.8103],[-118.023,39.8241],[-118.0157,39.8379],[-118.0085,39.8517],[-118.0012,39.8655],[-117.994,39.8794],[-117.9867,39.8932],[-117.9794,39.907],[-117.9722,39.9208],[-117.9578,39.9279],[-117.9435,39.935],[-117.9292,39.9421],[-117.9148,39.9492],[-117.9005,39.9563],[-117.8861,39.9633],[-117.8718,39.9704],[-117.8574,39.9775],[-117.8423,39.9896],[-117.8272,40.0016],[-117.812,40.0137],[-117.7969,40.0257],[-117.7817,40.0378],[-117.7666,40.0498],[-117.7514,40.0619],[-117.7363,40.0739],[-117.7216,40.0771],[-117.707,40.0802],[-117.6923,40.0833],[-117.6776,40.0865],[-117.67,40.1124],[-117.6623,40.1383]]]},"properties":{"OBJECTID":864,"state":"Nevada","agency":"Nevada Department of Wildlife","unit_type":"GMU","unit_id":"18","unit_name":"Salisbury","unit_label":"Nevada GMU 18 - Salisbury","aliases":"18 | 18 salisbury | 2025 | game management unit | game management unit 18 | game management unit 18 salisbury | gmu | gmu 18 | gmu 18 salisbury | hunt unit | hunt unit 18 | hunt unit 18 salisbury | hunting unit | hunting unit 18 | hunting unit 18 salisbu","year":"2025","Shape_Length":323381.24100767897,"Shape_Area":2723322708.0917506}},{"type":"Feature","id":865,"geometry":{"type":"Polygon","coordinates":[[[-119.7719,39.1211],[-119.7885,39.1213],[-119.8051,39.1215],[-119.8218,39.1216],[-119.8384,39.1218],[-119.8514,39.1168],[-119.8644,39.1118],[-119.8774,39.1068],[-119.8904,39.1017],[-119.9034,39.0967],[-119.9164,39.0917],[-119.9294,39.0867],[-119.9424,39.0817],[-119.9422,38.9593],[-119.9421,38.9592],[-119.9329,38.953],[-119.9302,38.9512],[-119.9254,38.9478],[-119.914,38.94],[-119.8966,38.9281],[-119.8793,38.9161],[-119.8619,38.9042],[-119.8445,38.8922],[-119.8271,38.8803],[-119.8104,38.8687],[-119.7902,38.8549],[-119.7701,38.841],[-119.75,38.8271],[-119.7299,38.8132],[-119.7121,38.8009],[-119.6942,38.7885],[-119.6763,38.7761],[-119.6584,38.7638],[-119.6406,38.7514],[-119.6227,38.739],[-119.6049,38.7267],[-119.587,38.7143],[-119.587,38.7143],[-119.5676,38.7008],[-119.5482,38.6874],[-119.5482,38.6876],[-119.5547,38.7281],[-119.5649,38.7423],[-119.5751,38.7564],[-119.5853,38.7706],[-119.5955,38.7848],[-119.6057,38.799],[-119.6159,38.8132],[-119.6261,38.8274],[-119.6363,38.8416],[-119.6478,38.849],[-119.6594,38.8565],[-119.6709,38.8639],[-119.6825,38.8713],[-119.6836,38.8731],[-119.6956,38.8842],[-119.7075,38.8954],[-119.7194,38.9065],[-119.7314,38.9177],[-119.7433,38.9288],[-119.7553,38.94],[-119.7672,38.9511],[-119.7792,38.9623],[-119.7773,39.002],[-119.7755,39.0417],[-119.7737,39.0814],[-119.7719,39.1211]]]},"properties":{"OBJECTID":865,"state":"Nevada","agency":"Nevada Department of Wildlife","unit_type":"GMU","unit_id":"19","unit_name":"Lackey","unit_label":"Nevada GMU 19 - Lackey","aliases":"19 | 19 lackey | 2025 | game management unit | game management unit 19 | game management unit 19 lackey | gmu | gmu 19 | gmu 19 lackey | hunt unit | hunt unit 19 | hunt unit 19 lackey | hunting unit | hunting unit 19 | hunting unit 19 lackey | lackey | n","year":"2025","Shape_Length":130246.1891990666,"Shape_Area":517294411.6475492}},{"type":"Feature","id":866,"geometry":{"type":"Polygon","coordinates":[[[-119.7406,39.1747],[-119.7217,39.1823],[-119.7028,39.19],[-119.6839,39.1976],[-119.665,39.2052],[-119.6461,39.2128],[-119.6271,39.2204],[-119.6082,39.228],[-119.5893,39.2357],[-119.5823,39.2518],[-119.5754,39.2679],[-119.5638,39.2747],[-119.5522,39.2815],[-119.5405,39.2884],[-119.5289,39.2952],[-119.5173,39.302],[-119.5056,39.3088],[-119.494,39.3157],[-119.4823,39.3225],[-119.4663,39.3284],[-119.4502,39.3342],[-119.4342,39.3401],[-119.4181,39.346],[-119.402,39.3518],[-119.3859,39.3577],[-119.3699,39.3636],[-119.3538,39.3694],[-119.3377,39.3753],[-119.3216,39.3811],[-119.3055,39.387],[-119.2895,39.3928],[-119.2734,39.3987],[-119.2573,39.4045],[-119.2412,39.4104],[-119.2251,39.4162],[-119.2205,39.4312],[-119.2159,39.4462],[-119.2113,39.4612],[-119.2067,39.4762],[-119.214,39.4937],[-119.2213,39.5111],[-119.2286,39.5286],[-119.2359,39.5461],[-119.2432,39.5636],[-119.2505,39.5811],[-119.2578,39.5985],[-119.2651,39.616],[-119.2651,39.616],[-119.2885,39.6156],[-119.3119,39.6152],[-119.3279,39.6089],[-119.3439,39.6026],[-119.3599,39.5963],[-119.3759,39.59],[-119.3961,39.5902],[-119.4162,39.5903],[-119.4364,39.5905],[-119.4565,39.5907],[-119.4693,39.5857],[-119.4821,39.5807],[-119.495,39.5757],[-119.5078,39.5706],[-119.5206,39.5656],[-119.5334,39.5606],[-119.5462,39.5556],[-119.559,39.5506],[-119.5718,39.5456],[-119.5846,39.5406],[-119.5974,39.5355],[-119.6101,39.5305],[-119.6229,39.5255],[-119.6357,39.5205],[-119.6485,39.5154],[-119.6613,39.5104],[-119.6842,39.5163],[-119.7071,39.5223],[-119.73,39.5282],[-119.7529,39.5341],[-119.7704,39.5357],[-119.7879,39.5373],[-119.7902,39.4722],[-119.784,39.461],[-119.7778,39.4499],[-119.7716,39.4387],[-119.7654,39.4276],[-119.7593,39.4164],[-119.7531,39.4052],[-119.7469,39.3941],[-119.7407,39.3829],[-119.7512,39.3727],[-119.7618,39.3625],[-119.7723,39.3522],[-119.7828,39.342],[-119.7933,39.3318],[-119.8039,39.3216],[-119.8144,39.3113],[-119.8249,39.3011],[-119.8202,39.2786],[-119.8155,39.2562],[-119.8108,39.2337],[-119.8061,39.2113],[-119.7898,39.2021],[-119.7734,39.193],[-119.757,39.1839],[-119.7406,39.1747]]]},"properties":{"OBJECTID":866,"state":"Nevada","agency":"Nevada Department of Wildlife","unit_type":"GMU","unit_id":"19","unit_name":"Lackey","unit_label":"Nevada GMU 19 - Lackey","aliases":"19 | 19 lackey | 2025 | game management unit | game management unit 19 | game management unit 19 lackey | gmu | gmu 19 | gmu 19 lackey | hunt unit | hunt unit 19 | hunt unit 19 lackey | hunting unit | hunting unit 19 | hunting unit 19 lackey | lackey | n","year":"2025","Shape_Length":170960.16087530315,"Shape_Area":1456048485.0628173}},{"type":"Feature","id":867,"geometry":{"type":"Polygon","coordinates":[[[-119.7879,39.5373],[-119.8021,39.5547],[-119.8163,39.5721],[-119.8305,39.5895],[-119.8447,39.6069],[-119.8664,39.6125],[-119.8882,39.6182],[-119.9099,39.6238],[-119.9316,39.6294],[-119.9491,39.6406],[-119.9665,39.6518],[-119.9839,39.663],[-120.0014,39.6742],[-120.0014,39.6743],[-120.0014,39.673],[-120.0015,39.6673],[-120.0026,39.4753],[-120.0027,39.4685],[-119.9952,39.4912],[-119.9877,39.5138],[-119.9663,39.5138],[-119.9449,39.5138],[-119.9234,39.5138],[-119.902,39.5137],[-119.8878,39.5167],[-119.8735,39.5196],[-119.8592,39.5226],[-119.845,39.5255],[-119.8307,39.5285],[-119.8164,39.5314],[-119.8022,39.5344],[-119.7879,39.5373]]]},"properties":{"OBJECTID":867,"state":"Nevada","agency":"Nevada Department of Wildlife","unit_type":"GMU","unit_id":"19","unit_name":"Lackey","unit_label":"Nevada GMU 19 - Lackey","aliases":"19 | 19 lackey | 2025 | game management unit | game management unit 19 | game management unit 19 lackey | gmu | gmu 19 | gmu 19 lackey | hunt unit | hunt unit 19 | hunt unit 19 lackey | hunting unit | hunting unit 19 | hunting unit 19 lackey | lackey | n","year":"2025","Shape_Length":70453.20574106646,"Shape_Area":201245353.10396296}},{"type":"Feature","id":868,"geometry":{"type":"Polygon","coordinates":[[[-119.1615,38.4179],[-119.1469,38.4283],[-119.1322,38.4386],[-119.1422,38.4479],[-119.1522,38.4571],[-119.1622,38.4663],[-119.1722,38.4756],[-119.1822,38.4848],[-119.1923,38.494],[-119.2023,38.5032],[-119.2123,38.5125],[-119.2091,38.5765],[-119.2184,38.5875],[-119.2277,38.5985],[-119.237,38.6096],[-119.2463,38.6206],[-119.2556,38.6316],[-119.2649,38.6427],[-119.2742,38.6537],[-119.2835,38.6647],[-119.2933,38.6785],[-119.3031,38.6923],[-119.3128,38.7061],[-119.3226,38.7199],[-119.3401,38.7316],[-119.3576,38.7433],[-119.375,38.755],[-119.3925,38.7667],[-119.4128,38.7619],[-119.4331,38.7571],[-119.4534,38.7523],[-119.4736,38.7474],[-119.4939,38.7426],[-119.5142,38.7377],[-119.5345,38.7329],[-119.5547,38.7281],[-119.5482,38.6876],[-119.5482,38.6874],[-119.5313,38.6758],[-119.5144,38.6642],[-119.5108,38.6617],[-119.4998,38.654],[-119.4887,38.6463],[-119.4776,38.6386],[-119.4666,38.631],[-119.4539,38.6221],[-119.4412,38.6133],[-119.4342,38.6085],[-119.4331,38.6077],[-119.4219,38.5999],[-119.4107,38.5921],[-119.3994,38.5842],[-119.3882,38.5764],[-119.377,38.5686],[-119.3657,38.5607],[-119.3545,38.5529],[-119.3433,38.5451],[-119.3309,38.5364],[-119.3185,38.5277],[-119.3062,38.519],[-119.2938,38.5104],[-119.2784,38.4996],[-119.263,38.4889],[-119.2488,38.4788],[-119.2346,38.4687],[-119.2219,38.4599],[-119.2092,38.4511],[-119.1965,38.4422],[-119.1838,38.4334],[-119.1685,38.4228],[-119.1654,38.4206],[-119.1615,38.4179]]]},"properties":{"OBJECTID":868,"state":"Nevada","agency":"Nevada Department of Wildlife","unit_type":"GMU","unit_id":"20","unit_name":"Salisbury","unit_label":"Nevada GMU 20 - Salisbury","aliases":"20 | 20 salisbury | 2025 | game management unit | game management unit 20 | game management unit 20 salisbury | gmu | gmu 20 | gmu 20 salisbury | hunt unit | hunt unit 20 | hunt unit 20 salisbury | hunting unit | hunting unit 20 | hunting unit 20 salisbu","year":"2025","Shape_Length":112463.71281545072,"Shape_Area":500870773.60631764}},{"type":"Feature","id":869,"geometry":{"type":"Polygon","coordinates":[[[-119.2835,38.6647],[-119.2742,38.6537],[-119.2649,38.6427],[-119.2556,38.6316],[-119.2463,38.6206],[-119.237,38.6096],[-119.2277,38.5985],[-119.2184,38.5875],[-119.2091,38.5765],[-119.2123,38.5125],[-119.2023,38.5032],[-119.1923,38.494],[-119.1822,38.4848],[-119.1722,38.4756],[-119.1622,38.4663],[-119.1522,38.4571],[-119.1422,38.4479],[-119.1322,38.4386],[-119.1469,38.4283],[-119.1615,38.4179],[-119.1514,38.4108],[-119.1412,38.4037],[-119.1311,38.3965],[-119.121,38.3894],[-119.1055,38.3786],[-119.0921,38.369],[-119.077,38.3583],[-119.0619,38.3477],[-119.0469,38.3371],[-119.0318,38.3264],[-119.0168,38.3158],[-119.0017,38.3051],[-118.9867,38.2945],[-118.9717,38.2838],[-118.9607,38.2764],[-118.9497,38.269],[-118.9284,38.2822],[-118.9208,38.3142],[-118.9132,38.3462],[-118.9056,38.3782],[-118.898,38.4102],[-118.8954,38.4571],[-118.8927,38.5041],[-118.9058,38.5131],[-118.9189,38.5221],[-118.932,38.5311],[-118.9451,38.5401],[-118.9583,38.549],[-118.9714,38.558],[-118.9845,38.567],[-118.9976,38.576],[-118.9974,38.6291],[-119.0039,38.6404],[-119.0105,38.6516],[-119.0171,38.6629],[-119.0236,38.6741],[-119.0302,38.6854],[-119.0368,38.6966],[-119.0434,38.7079],[-119.0499,38.7191],[-119.0565,38.7304],[-119.0631,38.7416],[-119.0697,38.7528],[-119.0763,38.7641],[-119.0829,38.7753],[-119.0895,38.7866],[-119.0961,38.7978],[-119.1027,38.8091],[-119.1132,38.8162],[-119.1238,38.8234],[-119.1344,38.8306],[-119.145,38.8377],[-119.1634,38.8333],[-119.1817,38.8288],[-119.2001,38.8244],[-119.2184,38.8199],[-119.2367,38.8155],[-119.2551,38.811],[-119.2734,38.8066],[-119.2917,38.8021],[-119.2897,38.7678],[-119.2876,38.7334],[-119.2855,38.6991],[-119.2835,38.6647]]]},"properties":{"OBJECTID":869,"state":"Nevada","agency":"Nevada Department of Wildlife","unit_type":"GMU","unit_id":"20","unit_name":"Salisbury","unit_label":"Nevada GMU 20 - Salisbury","aliases":"20 | 20 salisbury | 2025 | game management unit | game management unit 20 | game management unit 20 salisbury | gmu | gmu 20 | gmu 20 salisbury | hunt unit | hunt unit 20 | hunt unit 20 salisbury | hunting unit | hunting unit 20 | hunting unit 20 salisbu","year":"2025","Shape_Length":159177.736997859,"Shape_Area":1159777730.2254574}},{"type":"Feature","id":870,"geometry":{"type":"Polygon","coordinates":[[[-118.7837,39.0745],[-118.8019,39.0744],[-118.8202,39.0743],[-118.8385,39.0742],[-118.8567,39.0741],[-118.875,39.074],[-118.8932,39.0739],[-118.9115,39.0738],[-118.9298,39.0737],[-118.9404,39.0574],[-118.9511,39.0411],[-118.9617,39.0248],[-118.9723,39.0085],[-118.983,38.9922],[-118.9936,38.9759],[-119.0042,38.9596],[-119.0149,38.9433],[-119.0145,38.8513],[-119.0309,38.8496],[-119.0472,38.8479],[-119.0635,38.8462],[-119.0798,38.8445],[-119.0961,38.8428],[-119.1124,38.8411],[-119.1287,38.8394],[-119.145,38.8377],[-119.1344,38.8306],[-119.1238,38.8234],[-119.1132,38.8162],[-119.1027,38.8091],[-119.0961,38.7978],[-119.0895,38.7866],[-119.0829,38.7753],[-119.0763,38.7641],[-119.0697,38.7528],[-119.0631,38.7416],[-119.0565,38.7304],[-119.0499,38.7191],[-119.0434,38.7079],[-119.0368,38.6966],[-119.0302,38.6854],[-119.0236,38.6741],[-119.0171,38.6629],[-119.0105,38.6516],[-119.0039,38.6404],[-118.9974,38.6291],[-118.9976,38.576],[-118.9845,38.567],[-118.9714,38.558],[-118.9583,38.549],[-118.9451,38.5401],[-118.932,38.5311],[-118.9189,38.5221],[-118.9058,38.5131],[-118.8927,38.5041],[-118.8954,38.4571],[-118.898,38.4102],[-118.9056,38.3782],[-118.9132,38.3462],[-118.9208,38.3142],[-118.9284,38.2822],[-118.9497,38.269],[-118.9335,38.2574],[-118.9173,38.2459],[-118.901,38.2344],[-118.8848,38.2228],[-118.8686,38.2113],[-118.8524,38.1998],[-118.8362,38.1882],[-118.82,38.1767],[-118.8088,38.1686],[-118.7977,38.1606],[-118.7977,38.1606],[-118.7976,38.1606],[-118.7974,38.1606],[-118.7802,38.1663],[-118.7631,38.1719],[-118.7459,38.1776],[-118.7287,38.1832],[-118.7116,38.1888],[-118.6944,38.1945],[-118.6773,38.2001],[-118.6601,38.2057],[-118.6471,38.2195],[-118.634,38.2333],[-118.621,38.2471],[-118.6079,38.2608],[-118.601,38.2927],[-118.5941,38.3245],[-118.5872,38.3563],[-118.5803,38.3881],[-118.5889,38.3996],[-118.5976,38.4111],[-118.6062,38.4226],[-118.6149,38.4341],[-118.6235,38.4456],[-118.6322,38.4571],[-118.6408,38.4686],[-118.6495,38.48],[-118.6435,38.4934],[-118.6375,38.5068],[-118.6315,38.5201],[-118.6256,38.5335],[-118.6459,38.5459],[-118.6663,38.5583],[-118.6867,38.5707],[-118.7071,38.583],[-118.7155,38.595],[-118.7238,38.6069],[-118.7322,38.6189],[-118.7405,38.6308],[-118.7489,38.6428],[-118.7572,38.6547],[-118.7656,38.6667],[-118.774,38.6786],[-118.768,38.7028],[-118.7621,38.7269],[-118.7561,38.751],[-118.7502,38.7751],[-118.7577,38.7958],[-118.7652,38.8164],[-118.7727,38.8371],[-118.7802,38.8577],[-118.7877,38.8784],[-118.7953,38.899],[-118.8028,38.9197],[-118.8103,38.9403],[-118.8037,38.9739],[-118.797,39.0074],[-118.7904,39.041],[-118.7837,39.0745]]]},"properties":{"OBJECTID":870,"state":"Nevada","agency":"Nevada Department of Wildlife","unit_type":"GMU","unit_id":"20","unit_name":"Salisbury","unit_label":"Nevada GMU 20 - Salisbury","aliases":"20 | 20 salisbury | 2025 | game management unit | game management unit 20 | game management unit 20 salisbury | gmu | gmu 20 | gmu 20 salisbury | hunt unit | hunt unit 20 | hunt unit 20 salisbury | hunting unit | hunting unit 20 | hunting unit 20 salisbu","year":"2025","Shape_Length":260883.49110130066,"Shape_Area":2305492862.0943623}},{"type":"Feature","id":871,"geometry":{"type":"Polygon","coordinates":[[[-119.2651,39.616],[-119.2578,39.5985],[-119.2505,39.5811],[-119.2432,39.5636],[-119.2359,39.5461],[-119.2286,39.5286],[-119.2213,39.5111],[-119.214,39.4937],[-119.2067,39.4762],[-119.2113,39.4612],[-119.2159,39.4462],[-119.2205,39.4312],[-119.2251,39.4162],[-119.2324,39.3895],[-119.2397,39.3628],[-119.247,39.3362],[-119.2543,39.3095],[-119.2465,39.2909],[-119.2387,39.2723],[-119.2309,39.2537],[-119.2232,39.2352],[-119.2154,39.2166],[-119.2076,39.198],[-119.1998,39.1794],[-119.1921,39.1608],[-119.217,39.1578],[-119.242,39.1547],[-119.2669,39.1516],[-119.2919,39.1486],[-119.307,39.1387],[-119.3222,39.1289],[-119.3373,39.119],[-119.3524,39.1092],[-119.3675,39.0993],[-119.3827,39.0894],[-119.3978,39.0796],[-119.4129,39.0697],[-119.4073,39.0456],[-119.4018,39.0215],[-119.3962,38.9974],[-119.3907,38.9733],[-119.3973,38.9483],[-119.4039,38.9232],[-119.4105,38.8981],[-119.4171,38.873],[-119.3939,38.8676],[-119.3925,38.7667],[-119.375,38.755],[-119.3576,38.7433],[-119.3401,38.7316],[-119.3226,38.7199],[-119.3128,38.7061],[-119.3031,38.6923],[-119.2933,38.6785],[-119.2835,38.6647],[-119.2855,38.6991],[-119.2876,38.7334],[-119.2897,38.7678],[-119.2917,38.8021],[-119.2734,38.8066],[-119.2551,38.811],[-119.2367,38.8155],[-119.2184,38.8199],[-119.2001,38.8244],[-119.1817,38.8288],[-119.1634,38.8333],[-119.145,38.8377],[-119.1287,38.8394],[-119.1124,38.8411],[-119.0961,38.8428],[-119.0798,38.8445],[-119.0635,38.8462],[-119.0472,38.8479],[-119.0309,38.8496],[-119.0145,38.8513],[-119.0149,38.9433],[-119.0042,38.9596],[-118.9936,38.9759],[-118.983,38.9922],[-118.9723,39.0085],[-118.9617,39.0248],[-118.9511,39.0411],[-118.9404,39.0574],[-118.9298,39.0737],[-118.9115,39.0738],[-118.8932,39.0739],[-118.875,39.074],[-118.8567,39.0741],[-118.8385,39.0742],[-118.8202,39.0743],[-118.8019,39.0744],[-118.7837,39.0745],[-118.7778,39.0933],[-118.7719,39.1121],[-118.7724,39.1121],[-118.7807,39.1122],[-118.7893,39.1214],[-118.7978,39.1306],[-118.8064,39.1399],[-118.8149,39.1491],[-118.8235,39.1583],[-118.832,39.1676],[-118.8406,39.1768],[-118.8491,39.186],[-118.8659,39.1987],[-118.8827,39.2114],[-118.8995,39.224],[-118.9162,39.2367],[-118.933,39.2494],[-118.9499,39.262],[-118.9667,39.2747],[-118.9835,39.2873],[-119.0003,39.3],[-119.0171,39.3127],[-119.034,39.3253],[-119.0508,39.3379],[-119.0676,39.3506],[-119.0845,39.3632],[-119.1013,39.3759],[-119.1182,39.3885],[-119.1177,39.5187],[-119.0901,39.5187],[-119.0871,39.5697],[-119.0841,39.6206],[-119.081,39.6715],[-119.078,39.7224],[-119.069,39.7312],[-119.06,39.7399],[-119.0696,39.7321],[-119.0792,39.7243],[-119.0887,39.7165],[-119.0983,39.7087],[-119.1079,39.7009],[-119.1174,39.6931],[-119.127,39.6852],[-119.1366,39.6774],[-119.1461,39.6696],[-119.1557,39.6618],[-119.1653,39.654],[-119.1748,39.6461],[-119.1844,39.6383],[-119.1939,39.6305],[-119.2035,39.6227],[-119.213,39.6149],[-119.2391,39.6154],[-119.2651,39.616]]]},"properties":{"OBJECTID":871,"state":"Nevada","agency":"Nevada Department of Wildlife","unit_type":"GMU","unit_id":"20","unit_name":"Salisbury","unit_label":"Nevada GMU 20 - Salisbury","aliases":"20 | 20 salisbury | 2025 | game management unit | game management unit 20 | game management unit 20 salisbury | gmu | gmu 20 | gmu 20 salisbury | hunt unit | hunt unit 20 | hunt unit 20 salisbury | hunting unit | hunting unit 20 | hunting unit 20 salisbu","year":"2025","Shape_Length":318711.53540789004,"Shape_Area":2423792981.8243866}},{"type":"Feature","id":872,"geometry":{"type":"Polygon","coordinates":[[[-118.2223,38.5263],[-118.239,38.5278],[-118.2556,38.5293],[-118.2723,38.5307],[-118.2889,38.5322],[-118.3056,38.5336],[-118.3222,38.5351],[-118.3389,38.5365],[-118.3555,38.5379],[-118.3722,38.5394],[-118.3888,38.5408],[-118.4055,38.5423],[-118.4222,38.5437],[-118.4388,38.5451],[-118.4555,38.5466],[-118.4721,38.548],[-118.4888,38.5494],[-118.5059,38.5474],[-118.523,38.5454],[-118.5401,38.5435],[-118.5572,38.5415],[-118.5743,38.5395],[-118.5914,38.5375],[-118.6085,38.5355],[-118.6256,38.5335],[-118.6315,38.5201],[-118.6375,38.5068],[-118.6435,38.4934],[-118.6495,38.48],[-118.6408,38.4686],[-118.6322,38.4571],[-118.6235,38.4456],[-118.6149,38.4341],[-118.6062,38.4226],[-118.5976,38.4111],[-118.5889,38.3996],[-118.5803,38.3881],[-118.5872,38.3563],[-118.5941,38.3245],[-118.601,38.2927],[-118.6079,38.2608],[-118.621,38.2471],[-118.634,38.2333],[-118.6471,38.2195],[-118.6601,38.2057],[-118.6773,38.2001],[-118.6944,38.1945],[-118.7116,38.1888],[-118.7287,38.1832],[-118.7459,38.1776],[-118.7631,38.1719],[-118.7802,38.1663],[-118.7974,38.1606],[-118.7976,38.1606],[-118.7871,38.1531],[-118.7765,38.1457],[-118.7659,38.1383],[-118.7554,38.1309],[-118.7376,38.1182],[-118.7197,38.1056],[-118.7019,38.0929],[-118.6841,38.0802],[-118.6686,38.0691],[-118.653,38.058],[-118.6375,38.0468],[-118.622,38.0357],[-118.6064,38.0245],[-118.5909,38.0134],[-118.5754,38.0022],[-118.5599,37.9911],[-118.5444,37.9799],[-118.5289,37.9688],[-118.5134,37.9576],[-118.4979,37.9465],[-118.4824,37.9353],[-118.4669,37.9242],[-118.4514,37.913],[-118.436,37.9018],[-118.4352,37.9013],[-118.4348,37.9016],[-118.4149,37.9153],[-118.395,37.9289],[-118.375,37.9426],[-118.3551,37.9562],[-118.3352,37.9699],[-118.3152,37.9835],[-118.2953,37.9971],[-118.2753,38.0108],[-118.2804,38.0425],[-118.2855,38.0743],[-118.2748,38.0913],[-118.2642,38.1083],[-118.2535,38.1253],[-118.2428,38.1423],[-118.2294,38.1499],[-118.2161,38.1576],[-118.2027,38.1652],[-118.1893,38.1729],[-118.1844,38.1885],[-118.1794,38.2041],[-118.1745,38.2197],[-118.1696,38.2353],[-118.1512,38.244],[-118.1329,38.2527],[-118.1146,38.2614],[-118.0963,38.2701],[-118.099,38.2995],[-118.1018,38.329],[-118.1045,38.3584],[-118.1072,38.3879],[-118.1175,38.4033],[-118.1279,38.4188],[-118.1382,38.4342],[-118.1485,38.4497],[-118.1589,38.4652],[-118.1692,38.4806],[-118.1796,38.4961],[-118.1899,38.5115],[-118.2061,38.5189],[-118.2223,38.5263]]]},"properties":{"OBJECTID":872,"state":"Nevada","agency":"Nevada Department of Wildlife","unit_type":"GMU","unit_id":"20","unit_name":"Salisbury","unit_label":"Nevada GMU 20 - Salisbury","aliases":"20 | 20 salisbury | 2025 | game management unit | game management unit 20 | game management unit 20 salisbury | gmu | gmu 20 | gmu 20 salisbury | hunt unit | hunt unit 20 | hunt unit 20 salisbury | hunting unit | hunting unit 20 | hunting unit 20 salisbu","year":"2025","Shape_Length":218015.37502404457,"Shape_Area":2563405689.345786}},{"type":"Feature","id":873,"geometry":{"type":"Polygon","coordinates":[[[-117.7767,38.0186],[-117.8042,38.0218],[-117.8317,38.025],[-117.8592,38.0282],[-117.8867,38.0313],[-117.9047,38.0295],[-117.9228,38.0276],[-117.9408,38.0257],[-117.9589,38.0239],[-117.9769,38.022],[-117.995,38.0201],[-118.013,38.0183],[-118.0311,38.0164],[-118.0491,38.0145],[-118.0672,38.0126],[-118.0852,38.0107],[-118.1032,38.0088],[-118.1213,38.007],[-118.1393,38.0051],[-118.1574,38.0032],[-118.1754,38.0013],[-118.2004,38.0037],[-118.2254,38.006],[-118.2504,38.0084],[-118.2753,38.0108],[-118.2953,37.9971],[-118.3152,37.9835],[-118.3352,37.9699],[-118.3551,37.9562],[-118.375,37.9426],[-118.395,37.9289],[-118.4149,37.9153],[-118.4348,37.9016],[-118.4352,37.9013],[-118.4248,37.8938],[-118.4144,37.8864],[-118.4041,37.8789],[-118.3937,37.8715],[-118.3833,37.864],[-118.3729,37.8565],[-118.3626,37.8491],[-118.3522,37.8416],[-118.3418,37.8342],[-118.3315,37.8267],[-118.3211,37.8192],[-118.3108,37.8118],[-118.3004,37.8043],[-118.2901,37.7968],[-118.2797,37.7894],[-118.2694,37.7819],[-118.259,37.7744],[-118.2487,37.7669],[-118.2383,37.7595],[-118.228,37.752],[-118.2176,37.7445],[-118.2073,37.7371],[-118.197,37.7296],[-118.1866,37.7221],[-118.1763,37.7146],[-118.166,37.7071],[-118.1557,37.6997],[-118.1453,37.6922],[-118.135,37.6847],[-118.1247,37.6772],[-118.1144,37.6697],[-118.104,37.6623],[-118.089,37.6513],[-118.0739,37.6403],[-118.0588,37.6293],[-118.0437,37.6183],[-118.0248,37.6045],[-118.0059,37.5908],[-117.9894,37.5788],[-117.9861,37.5765],[-117.9742,37.5678],[-117.9622,37.5591],[-117.9519,37.5516],[-117.9416,37.5442],[-117.9312,37.5368],[-117.9209,37.5293],[-117.9106,37.5219],[-117.9003,37.5145],[-117.89,37.507],[-117.8796,37.4996],[-117.8662,37.4899],[-117.8515,37.4986],[-117.8369,37.5072],[-117.8223,37.5159],[-117.8076,37.5245],[-117.793,37.5331],[-117.7783,37.5417],[-117.7637,37.5504],[-117.749,37.559],[-117.7403,37.5704],[-117.7316,37.5819],[-117.723,37.5933],[-117.7143,37.6048],[-117.7056,37.6162],[-117.6969,37.6277],[-117.6882,37.6391],[-117.6795,37.6505],[-117.6696,37.6725],[-117.6597,37.6944],[-117.6498,37.7163],[-117.6399,37.7383],[-117.6374,37.7698],[-117.6349,37.8014],[-117.6417,37.8164],[-117.6485,37.8315],[-117.6553,37.8465],[-117.6622,37.8615],[-117.6744,37.8744],[-117.6867,37.8873],[-117.6989,37.9002],[-117.7112,37.9131],[-117.7235,37.926],[-117.7357,37.9389],[-117.748,37.9518],[-117.7603,37.9647],[-117.7685,37.9917],[-117.7767,38.0186]]]},"properties":{"OBJECTID":873,"state":"Nevada","agency":"Nevada Department of Wildlife","unit_type":"GMU","unit_id":"21","unit_name":"Bennett","unit_label":"Nevada GMU 21 - Bennett","aliases":"2025 | 21 | 21 bennett | bennett | game management unit | game management unit 21 | game management unit 21 bennett | gmu | gmu 21 | gmu 21 bennett | hunt unit | hunt unit 21 | hunt unit 21 bennett | hunting unit | hunting unit 21 | hunting unit 21 benne","year":"2025","Shape_Length":200120.86255230138,"Shape_Area":2515191561.0946903}},{"type":"Feature","id":874,"geometry":{"type":"Polygon","coordinates":[[[-114.8283,39.1812],[-114.8384,39.1966],[-114.8486,39.2121],[-114.8587,39.2276],[-114.8689,39.2431],[-114.8855,39.2372],[-114.9022,39.2313],[-114.9188,39.2254],[-114.9355,39.2196],[-114.9521,39.2137],[-114.9687,39.2078],[-114.9854,39.2019],[-115.002,39.196],[-115.0096,39.1836],[-115.0173,39.1712],[-115.0249,39.1587],[-115.0326,39.1463],[-115.0402,39.1339],[-115.0479,39.1215],[-115.0555,39.1091],[-115.0632,39.0967],[-115.0708,39.0843],[-115.0784,39.0719],[-115.0861,39.0595],[-115.0937,39.0471],[-115.1013,39.0347],[-115.1089,39.0223],[-115.1166,39.0099],[-115.1242,38.9975],[-115.1098,38.9816],[-115.0954,38.9657],[-115.081,38.9499],[-115.0666,38.934],[-115.0523,38.9182],[-115.0379,38.9023],[-115.0235,38.8864],[-115.0092,38.8706],[-115.0132,38.8207],[-115.0172,38.7709],[-115.0271,38.7503],[-115.037,38.7297],[-115.0469,38.7091],[-115.0567,38.6885],[-115.0509,38.6579],[-115.045,38.6273],[-115.0392,38.5967],[-115.0333,38.5661],[-115.0275,38.5355],[-115.0217,38.5048],[-115.0159,38.4742],[-115.01,38.4436],[-115.0187,38.4292],[-115.0274,38.4149],[-115.0286,38.3564],[-115.0299,38.2978],[-115.01,38.3026],[-114.9902,38.3074],[-114.9704,38.3121],[-114.9506,38.3169],[-114.9351,38.311],[-114.9196,38.3052],[-114.9041,38.2993],[-114.8886,38.2935],[-114.8802,38.3033],[-114.8718,38.3131],[-114.8635,38.3229],[-114.8551,38.3327],[-114.8468,38.3425],[-114.8384,38.3523],[-114.83,38.3621],[-114.8217,38.3719],[-114.8169,38.3875],[-114.8122,38.4031],[-114.8075,38.4187],[-114.8028,38.4343],[-114.798,38.4499],[-114.7933,38.4655],[-114.7886,38.4812],[-114.7839,38.4968],[-114.7834,38.6092],[-114.797,38.6268],[-114.8106,38.6444],[-114.8241,38.662],[-114.8377,38.6796],[-114.8421,38.7048],[-114.8464,38.7301],[-114.8417,38.7471],[-114.837,38.7641],[-114.8322,38.7811],[-114.8275,38.7981],[-114.8228,38.8151],[-114.8181,38.8321],[-114.8133,38.8491],[-114.8086,38.8661],[-114.8056,38.9272],[-114.8138,38.956],[-114.8221,38.9847],[-114.8304,39.0135],[-114.8387,39.0422],[-114.8361,39.077],[-114.8335,39.1117],[-114.8309,39.1464],[-114.8283,39.1812]]]},"properties":{"OBJECTID":874,"state":"Nevada","agency":"Nevada Department of Wildlife","unit_type":"GMU","unit_id":"22","unit_name":"Munson","unit_label":"Nevada GMU 22 - Munson","aliases":"2025 | 22 | 22 munson | game management unit | game management unit 22 | game management unit 22 munson | gmu | gmu 22 | gmu 22 munson | hunt unit | hunt unit 22 | hunt unit 22 munson | hunting unit | hunting unit 22 | hunting unit 22 munson | munson | n","year":"2025","Shape_Length":244469.00398120267,"Shape_Area":1953947538.0056036}},{"type":"Feature","id":875,"geometry":{"type":"Polygon","coordinates":[[[-114.5832,38.1076],[-114.5862,38.1528],[-114.5892,38.1981],[-114.5922,38.2434],[-114.5952,38.2886],[-114.6014,38.3108],[-114.6077,38.3329],[-114.614,38.3551],[-114.6203,38.3772],[-114.6266,38.3994],[-114.6329,38.4215],[-114.6392,38.4436],[-114.6455,38.4658],[-114.6487,38.5084],[-114.6518,38.551],[-114.6457,38.5871],[-114.6395,38.6232],[-114.6333,38.6593],[-114.6271,38.6954],[-114.6199,38.7052],[-114.6126,38.7149],[-114.6053,38.7247],[-114.598,38.7345],[-114.5907,38.7443],[-114.5835,38.7541],[-114.5762,38.7639],[-114.5689,38.7737],[-114.5689,38.7737],[-114.5686,38.7743],[-114.5679,38.776],[-114.5679,38.7763],[-114.5678,38.7765],[-114.5677,38.7765],[-114.5676,38.7769],[-114.5676,38.777],[-114.5675,38.7771],[-114.5673,38.7777],[-114.567,38.7784],[-114.5669,38.7788],[-114.5666,38.7794],[-114.5665,38.7799],[-114.566,38.781],[-114.5657,38.7819],[-114.5657,38.7819],[-114.5654,38.7827],[-114.5653,38.7829],[-114.5652,38.7833],[-114.5645,38.7848],[-114.5645,38.7848],[-114.5644,38.7852],[-114.5639,38.7865],[-114.5635,38.7876],[-114.5635,38.7876],[-114.5634,38.7879],[-114.5634,38.7879],[-114.5624,38.7903],[-114.5622,38.7908],[-114.5621,38.7911],[-114.562,38.7914],[-114.5615,38.7928],[-114.5613,38.7933],[-114.5609,38.7942],[-114.5608,38.7945],[-114.5607,38.7948],[-114.5607,38.7948],[-114.5604,38.7954],[-114.56,38.7963],[-114.5595,38.7977],[-114.5594,38.7981],[-114.5585,38.8004],[-114.5583,38.8008],[-114.5581,38.8012],[-114.5576,38.8026],[-114.5572,38.8038],[-114.557,38.8043],[-114.5567,38.8053],[-114.5567,38.8053],[-114.5565,38.8056],[-114.5562,38.8064],[-114.556,38.807],[-114.5557,38.8078],[-114.5555,38.8082],[-114.5555,38.8082],[-114.5554,38.8086],[-114.5552,38.8089],[-114.5547,38.8103],[-114.5547,38.8103],[-114.5544,38.8111],[-114.5541,38.8119],[-114.5534,38.8135],[-114.5531,38.8143],[-114.553,38.8145],[-114.5529,38.8148],[-114.5524,38.816],[-114.5524,38.816],[-114.552,38.8171],[-114.5515,38.8182],[-114.5515,38.8182],[-114.5505,38.8206],[-114.5505,38.8206],[-114.5504,38.821],[-114.5503,38.8213],[-114.55,38.822],[-114.5497,38.8228],[-114.5495,38.8232],[-114.5488,38.825],[-114.5487,38.8254],[-114.5484,38.8261],[-114.5484,38.8261],[-114.5482,38.8267],[-114.5481,38.8269],[-114.5477,38.828],[-114.5475,38.8284],[-114.5474,38.8288],[-114.5474,38.8288],[-114.5471,38.8295],[-114.5471,38.8295],[-114.5471,38.8296],[-114.5469,38.8299],[-114.5468,38.8303],[-114.5467,38.8305],[-114.5465,38.831],[-114.5458,38.8327],[-114.5456,38.8334],[-114.5452,38.8344],[-114.5451,38.8346],[-114.5449,38.835],[-114.5449,38.835],[-114.5441,38.8372],[-114.5429,38.8401],[-114.5427,38.8407],[-114.5421,38.8422],[-114.542,38.8426],[-114.5418,38.843],[-114.5418,38.843],[-114.5413,38.8444],[-114.5411,38.8448],[-114.5411,38.8448],[-114.5407,38.8458],[-114.5402,38.8472],[-114.5401,38.8473],[-114.5399,38.8481],[-114.5399,38.8481],[-114.5395,38.8491],[-114.5388,38.8508],[-114.5377,38.8535],[-114.537,38.8553],[-114.5369,38.8555],[-114.5369,38.8557],[-114.5368,38.8558],[-114.5367,38.8562],[-114.5365,38.8565],[-114.5365,38.8566],[-114.536,38.8579],[-114.5354,38.8597],[-114.535,38.8607],[-114.535,38.8607],[-114.5346,38.8617],[-114.5346,38.8617],[-114.5344,38.8623],[-114.5343,38.8626],[-114.5341,38.863],[-114.5332,38.8655],[-114.5328,38.8666],[-114.5323,38.8677],[-114.532,38.8684],[-114.5318,38.869],[-114.5311,38.8708],[-114.5311,38.8708],[-114.5309,38.8712],[-114.5309,38.8714],[-114.5308,38.8716],[-114.5305,38.8722],[-114.5305,38.8722],[-114.5303,38.8728],[-114.5302,38.8731],[-114.5302,38.8732],[-114.5301,38.8733],[-114.5301,38.8735],[-114.5298,38.874],[-114.5298,38.8741],[-114.5296,38.8744],[-114.5286,38.8768],[-114.5284,38.8773],[-114.5282,38.8777],[-114.5278,38.8788],[-114.5268,38.8814],[-114.5261,38.8831],[-114.5259,38.8838],[-114.5255,38.8848],[-114.5251,38.8858],[-114.5247,38.8868],[-114.5246,38.887],[-114.5218,38.8942],[-114.5216,38.8947],[-114.5213,38.8956],[-114.5201,38.8986],[-114.5201,38.8986],[-114.52,38.8989],[-114.5187,38.9022],[-114.5182,38.9032],[-114.5181,38.9036],[-114.5176,38.9048],[-114.5176,38.9048],[-114.5163,38.9082],[-114.5121,38.919],[-114.5118,38.9197],[-114.5115,38.9204],[-114.5099,38.9246],[-114.5097,38.9248],[-114.5095,38.9255],[-114.5093,38.9261],[-114.5088,38.9281],[-114.5088,38.9281],[-114.5087,38.9287],[-114.5087,38.929],[-114.5087,38.9303],[-114.5089,38.9313],[-114.5089,38.9313],[-114.5093,38.9325],[-114.5123,38.9385],[-114.5126,38.9392],[-114.5137,38.9413],[-114.5137,38.9413],[-114.5148,38.9437],[-114.5154,38.9448],[-114.5164,38.9467],[-114.5166,38.9473],[-114.5169,38.9478],[-114.5169,38.9478],[-114.524,38.962],[-114.5242,38.9624],[-114.5247,38.9633],[-114.5247,38.9633],[-114.5275,38.9689],[-114.5275,38.9689],[-114.5282,38.9704],[-114.5286,38.9713],[-114.5288,38.9717],[-114.529,38.972],[-114.5292,38.9724],[-114.5303,38.9746],[-114.5336,38.9813],[-114.5341,38.9823],[-114.5365,38.9871],[-114.5366,38.9872],[-114.5366,38.9873],[-114.5372,38.9884],[-114.5377,38.9894],[-114.5387,38.9915],[-114.5415,38.9972],[-114.5415,38.9972],[-114.5432,39.0005],[-114.5435,39.0012],[-114.5449,39.0038],[-114.5492,39.0125],[-114.5494,39.0128],[-114.5496,39.0134],[-114.5501,39.0142],[-114.5501,39.0142],[-114.5506,39.0149],[-114.5514,39.0159],[-114.552,39.0165],[-114.5522,39.0167],[-114.5538,39.018],[-114.5545,39.0185],[-114.5551,39.0189],[-114.5551,39.0189],[-114.5556,39.0192],[-114.5563,39.0195],[-114.5571,39.02],[-114.5576,39.0202],[-114.5581,39.0204],[-114.5601,39.021],[-114.571,39.0237],[-114.5712,39.0238],[-114.573,39.0242],[-114.5736,39.0243],[-114.5737,39.0244],[-114.5738,39.0244],[-114.5743,39.0245],[-114.5746,39.0245],[-114.575,39.0245],[-114.5771,39.0247],[-114.5771,39.0247],[-114.5782,39.0247],[-114.5791,39.0247],[-114.582,39.025],[-114.5823,39.025],[-114.5823,39.025],[-114.5984,39.0362],[-114.6145,39.0475],[-114.6328,39.041],[-114.6511,39.0346],[-114.6694,39.0281],[-114.6876,39.0217],[-114.7052,39.0346],[-114.7228,39.0476],[-114.7359,39.0643],[-114.7491,39.081],[-114.7623,39.0977],[-114.7755,39.1144],[-114.7887,39.1311],[-114.8018,39.1478],[-114.8151,39.1645],[-114.8283,39.1812],[-114.8309,39.1464],[-114.8335,39.1117],[-114.8361,39.077],[-114.8387,39.0422],[-114.8304,39.0135],[-114.8221,38.9847],[-114.8138,38.956],[-114.8056,38.9272],[-114.8086,38.8661],[-114.8133,38.8491],[-114.8181,38.8321],[-114.8228,38.8151],[-114.8275,38.7981],[-114.8322,38.7811],[-114.837,38.7641],[-114.8417,38.7471],[-114.8464,38.7301],[-114.8421,38.7048],[-114.8377,38.6796],[-114.8241,38.662],[-114.8106,38.6444],[-114.797,38.6268],[-114.7834,38.6092],[-114.7839,38.4968],[-114.7886,38.4812],[-114.7933,38.4655],[-114.798,38.4499],[-114.8028,38.4343],[-114.8075,38.4187],[-114.8122,38.4031],[-114.8169,38.3875],[-114.8217,38.3719],[-114.83,38.3621],[-114.8384,38.3523],[-114.8468,38.3425],[-114.8551,38.3327],[-114.8635,38.3229],[-114.8718,38.3131],[-114.8802,38.3033],[-114.8886,38.2935],[-114.9041,38.2993],[-114.9196,38.3052],[-114.9351,38.311],[-114.9506,38.3169],[-114.9704,38.3121],[-114.9902,38.3074],[-115.01,38.3026],[-115.0299,38.2978],[-115.026,38.275],[-115.0222,38.2521],[-115.0184,38.2292],[-115.0146,38.2063],[-115.0108,38.1834],[-115.007,38.1605],[-115.0032,38.1376],[-114.9994,38.1147],[-114.9758,38.1091],[-114.9522,38.1035],[-114.9286,38.0978],[-114.905,38.0922],[-114.8852,38.0954],[-114.8654,38.0985],[-114.8456,38.1017],[-114.8258,38.1049],[-114.806,38.108],[-114.7862,38.1112],[-114.7664,38.1143],[-114.7466,38.1175],[-114.7262,38.1162],[-114.7057,38.115],[-114.6853,38.1138],[-114.6649,38.1125],[-114.6445,38.1113],[-114.624,38.1101],[-114.6036,38.1088],[-114.5832,38.1076]]]},"properties":{"OBJECTID":875,"state":"Nevada","agency":"Nevada Department of Wildlife","unit_type":"GMU","unit_id":"22","unit_name":"Munson","unit_label":"Nevada GMU 22 - Munson","aliases":"2025 | 22 | 22 munson | game management unit | game management unit 22 | game management unit 22 munson | gmu | gmu 22 | gmu 22 munson | hunt unit | hunt unit 22 | hunt unit 22 munson | hunting unit | hunting unit 22 | hunting unit 22 munson | munson | n","year":"2025","Shape_Length":314834.27561025275,"Shape_Area":2450295943.339633}},{"type":"Feature","id":876,"geometry":{"type":"Polygon","coordinates":[[[-115.0653,37.2102],[-115.0518,37.201],[-115.0383,37.1918],[-115.0248,37.1826],[-115.0113,37.1734],[-115.007,37.1487],[-115.0027,37.124],[-114.9985,37.0993],[-114.9942,37.0746],[-114.99,37.0498],[-114.9857,37.0251],[-114.9815,37.0004],[-114.9773,36.9757],[-114.9632,36.981],[-114.9491,36.9863],[-114.9351,36.9916],[-114.921,36.9968],[-114.9069,37.0021],[-114.8928,37.0074],[-114.8788,37.0127],[-114.8647,37.018],[-114.8549,37.0266],[-114.8452,37.0351],[-114.8354,37.0437],[-114.8256,37.0523],[-114.8159,37.0609],[-114.8061,37.0694],[-114.7963,37.078],[-114.7866,37.0866],[-114.7768,37.0951],[-114.767,37.1037],[-114.7572,37.1123],[-114.7475,37.1208],[-114.7377,37.1294],[-114.7279,37.138],[-114.7181,37.1465],[-114.7083,37.1551],[-114.6984,37.1677],[-114.6885,37.1804],[-114.6786,37.193],[-114.6687,37.2056],[-114.6587,37.2183],[-114.6488,37.2309],[-114.6389,37.2435],[-114.629,37.2562],[-114.6166,37.2676],[-114.6042,37.2789],[-114.5918,37.2903],[-114.5794,37.3017],[-114.567,37.313],[-114.5546,37.3244],[-114.5422,37.3358],[-114.5298,37.3472],[-114.5365,37.3655],[-114.5432,37.3839],[-114.5499,37.4022],[-114.5566,37.4206],[-114.5633,37.4389],[-114.57,37.4573],[-114.5768,37.4756],[-114.5835,37.494],[-114.5835,37.5375],[-114.5681,37.5556],[-114.5527,37.5738],[-114.5373,37.5919],[-114.5219,37.6101],[-114.5402,37.6135],[-114.5586,37.6169],[-114.577,37.6203],[-114.5954,37.6237],[-114.6184,37.6161],[-114.6414,37.6085],[-114.6645,37.6009],[-114.6875,37.5934],[-114.7063,37.6007],[-114.7251,37.6081],[-114.744,37.6155],[-114.7628,37.6228],[-114.7796,37.6213],[-114.7963,37.6197],[-114.8131,37.6182],[-114.8299,37.6166],[-114.8466,37.615],[-114.8634,37.6135],[-114.8802,37.6119],[-114.8969,37.6103],[-114.9119,37.6111],[-114.9268,37.6118],[-114.9417,37.6125],[-114.9567,37.6132],[-114.9716,37.6139],[-114.9865,37.6146],[-115.0015,37.6153],[-115.0164,37.616],[-115.0291,37.6105],[-115.0418,37.6051],[-115.0546,37.5997],[-115.0673,37.5943],[-115.08,37.5888],[-115.0927,37.5834],[-115.1054,37.5779],[-115.1181,37.5725],[-115.1308,37.5671],[-115.1436,37.5616],[-115.1563,37.5562],[-115.169,37.5507],[-115.1817,37.5453],[-115.1944,37.5399],[-115.2071,37.5344],[-115.2198,37.529],[-115.212,37.5107],[-115.2043,37.4925],[-115.1965,37.4742],[-115.1888,37.456],[-115.181,37.4378],[-115.1733,37.4195],[-115.1656,37.4013],[-115.1578,37.383],[-115.1501,37.3648],[-115.1424,37.3465],[-115.1347,37.3283],[-115.127,37.3101],[-115.1192,37.2918],[-115.1115,37.2736],[-115.1038,37.2553],[-115.0961,37.2371],[-115.0807,37.2236],[-115.0653,37.2102]]]},"properties":{"OBJECTID":876,"state":"Nevada","agency":"Nevada Department of Wildlife","unit_type":"GMU","unit_id":"24","unit_name":"Munson","unit_label":"Nevada GMU 24 - Munson","aliases":"2025 | 24 | 24 munson | game management unit | game management unit 24 | game management unit 24 munson | gmu | gmu 24 | gmu 24 munson | hunt unit | hunt unit 24 | hunt unit 24 munson | hunting unit | hunting unit 24 | hunting unit 24 munson | munson | n","year":"2025","Shape_Length":222536.65240638694,"Shape_Area":2754899713.980679}},{"type":"Feature","id":877,"geometry":{"type":"Polygon","coordinates":[[[-114.6204,36.6752],[-114.6267,36.6981],[-114.633,36.7211],[-114.6393,36.744],[-114.6457,36.767],[-114.652,36.79],[-114.6583,36.8129],[-114.6647,36.8359],[-114.671,36.8588],[-114.6672,36.8785],[-114.6634,36.8981],[-114.6595,36.9178],[-114.6557,36.9374],[-114.6434,36.9574],[-114.631,36.9774],[-114.6187,36.9974],[-114.6063,37.0174],[-114.5939,37.0265],[-114.5814,37.0356],[-114.569,37.0446],[-114.5565,37.0537],[-114.544,37.0627],[-114.5315,37.0718],[-114.5191,37.0809],[-114.5066,37.0899],[-114.4975,37.1056],[-114.4883,37.1213],[-114.4792,37.137],[-114.4701,37.1527],[-114.4667,37.2224],[-114.4633,37.2922],[-114.4799,37.3059],[-114.4965,37.3197],[-114.5132,37.3334],[-114.5298,37.3472],[-114.5422,37.3358],[-114.5546,37.3244],[-114.567,37.313],[-114.5794,37.3017],[-114.5918,37.2903],[-114.6042,37.2789],[-114.6166,37.2676],[-114.629,37.2562],[-114.6389,37.2435],[-114.6488,37.2309],[-114.6587,37.2183],[-114.6687,37.2056],[-114.6786,37.193],[-114.6885,37.1804],[-114.6984,37.1677],[-114.7083,37.1551],[-114.7181,37.1465],[-114.7279,37.138],[-114.7377,37.1294],[-114.7475,37.1208],[-114.7572,37.1123],[-114.767,37.1037],[-114.7768,37.0951],[-114.7866,37.0866],[-114.7963,37.078],[-114.8061,37.0694],[-114.8159,37.0609],[-114.8256,37.0523],[-114.8354,37.0437],[-114.8452,37.0351],[-114.8549,37.0266],[-114.8647,37.018],[-114.8788,37.0127],[-114.8928,37.0074],[-114.9069,37.0021],[-114.921,36.9968],[-114.9351,36.9916],[-114.9491,36.9863],[-114.9632,36.981],[-114.9773,36.9757],[-114.9734,36.9536],[-114.9696,36.9315],[-114.9658,36.9094],[-114.9619,36.8873],[-114.9581,36.8653],[-114.9543,36.8432],[-114.9505,36.8211],[-114.9466,36.799],[-114.9199,36.7972],[-114.8931,36.7954],[-114.8664,36.7936],[-114.8396,36.7917],[-114.8259,36.7845],[-114.8122,36.7772],[-114.7984,36.7699],[-114.7847,36.7626],[-114.771,36.7554],[-114.7573,36.7481],[-114.7436,36.7408],[-114.7299,36.7335],[-114.7162,36.7262],[-114.7025,36.7189],[-114.6888,36.7116],[-114.6751,36.7043],[-114.6614,36.6971],[-114.6477,36.6898],[-114.634,36.6825],[-114.6204,36.6752]]]},"properties":{"OBJECTID":877,"state":"Nevada","agency":"Nevada Department of Wildlife","unit_type":"GMU","unit_id":"24","unit_name":"Munson","unit_label":"Nevada GMU 24 - Munson","aliases":"2025 | 24 | 24 munson | game management unit | game management unit 24 | game management unit 24 munson | gmu | gmu 24 | gmu 24 munson | hunt unit | hunt unit 24 | hunt unit 24 munson | hunting unit | hunting unit 24 | hunting unit 24 munson | munson | n","year":"2025","Shape_Length":194966.89726468746,"Shape_Area":1422740288.3529103}},{"type":"Feature","id":878,"geometry":{"type":"Polygon","coordinates":[[[-114.6204,36.6752],[-114.634,36.6825],[-114.6477,36.6898],[-114.6614,36.6971],[-114.6751,36.7043],[-114.6888,36.7116],[-114.7025,36.7189],[-114.7162,36.7262],[-114.7299,36.7335],[-114.7436,36.7408],[-114.7573,36.7481],[-114.771,36.7554],[-114.7847,36.7626],[-114.7984,36.7699],[-114.8122,36.7772],[-114.8259,36.7845],[-114.8396,36.7917],[-114.8664,36.7936],[-114.8931,36.7954],[-114.9199,36.7972],[-114.9466,36.799],[-114.9454,36.792],[-114.9407,36.7649],[-114.9393,36.757],[-114.9351,36.7331],[-114.9333,36.7225],[-114.9293,36.7],[-114.9276,36.6903],[-114.9221,36.6587],[-114.9203,36.586],[-114.9247,36.5669],[-114.9291,36.5478],[-114.9335,36.5286],[-114.9378,36.5095],[-114.9422,36.4903],[-114.9466,36.4712],[-114.9509,36.452],[-114.9553,36.4329],[-114.9394,36.4199],[-114.9235,36.4069],[-114.9076,36.3939],[-114.8917,36.3809],[-114.883,36.3922],[-114.8744,36.4035],[-114.8658,36.4149],[-114.8571,36.4262],[-114.8485,36.4375],[-114.8399,36.4488],[-114.8312,36.4601],[-114.8226,36.4715],[-114.8048,36.4806],[-114.7871,36.4898],[-114.7693,36.4989],[-114.7515,36.5081],[-114.7405,36.5177],[-114.7294,36.5272],[-114.7184,36.5368],[-114.7073,36.5463],[-114.6963,36.5559],[-114.6852,36.5654],[-114.6741,36.575],[-114.6631,36.5845],[-114.652,36.5941],[-114.6409,36.6036],[-114.6298,36.6132],[-114.6188,36.6227],[-114.6077,36.6323],[-114.5966,36.6418],[-114.5855,36.6513],[-114.5744,36.6609],[-114.5974,36.668],[-114.6204,36.6752]]]},"properties":{"OBJECTID":878,"state":"Nevada","agency":"Nevada Department of Wildlife","unit_type":"GMU","unit_id":"24","unit_name":"Munson","unit_label":"Nevada GMU 24 - Munson","aliases":"2025 | 24 | 24 munson | game management unit | game management unit 24 | game management unit 24 munson | gmu | gmu 24 | gmu 24 munson | hunt unit | hunt unit 24 | hunt unit 24 munson | hunting unit | hunting unit 24 | hunting unit 24 munson | munson | n","year":"2025","Shape_Length":129424.67735166187,"Shape_Area":812131229.6945024}},{"type":"Feature","id":879,"geometry":{"type":"Polygon","coordinates":[[[-115.2198,37.529],[-115.2303,37.5319],[-115.2552,37.5231],[-115.2801,37.5143],[-115.3049,37.5055],[-115.3298,37.4967],[-115.3415,37.4869],[-115.3532,37.4772],[-115.365,37.4674],[-115.3767,37.4576],[-115.3884,37.4478],[-115.4002,37.438],[-115.4119,37.4282],[-115.4236,37.4184],[-115.4371,37.4273],[-115.4506,37.4362],[-115.464,37.4451],[-115.4775,37.454],[-115.491,37.4629],[-115.5045,37.4718],[-115.518,37.4807],[-115.5315,37.4895],[-115.545,37.4984],[-115.5585,37.5073],[-115.572,37.5162],[-115.5855,37.5251],[-115.599,37.534],[-115.6125,37.5428],[-115.626,37.5517],[-115.6396,37.5606],[-115.6487,37.5694],[-115.6579,37.5783],[-115.6671,37.5871],[-115.6763,37.5959],[-115.6855,37.6047],[-115.6947,37.6136],[-115.7039,37.6224],[-115.7131,37.6312],[-115.7278,37.6386],[-115.7425,37.646],[-115.7572,37.6534],[-115.772,37.6608],[-115.7867,37.6681],[-115.8014,37.6755],[-115.8161,37.6829],[-115.8309,37.6903],[-115.8474,37.6986],[-115.8639,37.7068],[-115.8804,37.7151],[-115.897,37.7234],[-115.8981,37.7231],[-115.8991,37.5484],[-115.8832,37.5484],[-115.8673,37.5484],[-115.8514,37.5484],[-115.8355,37.5484],[-115.8196,37.5484],[-115.8037,37.5484],[-115.7878,37.5484],[-115.7719,37.5484],[-115.7628,37.53],[-115.7537,37.5115],[-115.7403,37.5072],[-115.727,37.5029],[-115.7136,37.4986],[-115.7002,37.4944],[-115.6868,37.4901],[-115.6735,37.4858],[-115.6601,37.4815],[-115.6467,37.4772],[-115.6467,37.2887],[-115.6252,37.2888],[-115.6036,37.2888],[-115.5821,37.2888],[-115.5606,37.2888],[-115.5391,37.2888],[-115.5175,37.2888],[-115.496,37.2888],[-115.4745,37.2888],[-115.453,37.2888],[-115.4314,37.2888],[-115.4099,37.2888],[-115.3884,37.2888],[-115.3669,37.2888],[-115.3454,37.2888],[-115.3238,37.2887],[-115.3023,37.2887],[-115.3023,37.2017],[-115.2875,37.2023],[-115.2727,37.2028],[-115.2579,37.2034],[-115.2431,37.2039],[-115.2282,37.2044],[-115.2134,37.205],[-115.1986,37.2055],[-115.1838,37.206],[-115.169,37.2065],[-115.1542,37.2071],[-115.1394,37.2076],[-115.1245,37.2081],[-115.1097,37.2086],[-115.0949,37.2091],[-115.0801,37.2097],[-115.0653,37.2102],[-115.0807,37.2236],[-115.0961,37.2371],[-115.1038,37.2553],[-115.1115,37.2736],[-115.1192,37.2918],[-115.127,37.3101],[-115.1347,37.3283],[-115.1424,37.3465],[-115.1501,37.3648],[-115.1578,37.383],[-115.1656,37.4013],[-115.1733,37.4195],[-115.181,37.4378],[-115.1888,37.456],[-115.1965,37.4742],[-115.2043,37.4925],[-115.212,37.5107],[-115.2198,37.529]]]},"properties":{"OBJECTID":879,"state":"Nevada","agency":"Nevada Department of Wildlife","unit_type":"GMU","unit_id":"24","unit_name":"Munson","unit_label":"Nevada GMU 24 - Munson","aliases":"2025 | 24 | 24 munson | game management unit | game management unit 24 | game management unit 24 munson | gmu | gmu 24 | gmu 24 munson | hunt unit | hunt unit 24 | hunt unit 24 munson | hunting unit | hunting unit 24 | hunting unit 24 munson | munson | n","year":"2025","Shape_Length":242455.52407554298,"Shape_Area":1462952120.4097414}},{"type":"Feature","id":880,"geometry":{"type":"Polygon","coordinates":[[[-114.9411,36.7675],[-114.9597,36.7586],[-114.9783,36.7497],[-114.9969,36.7407],[-115.0155,36.7318],[-115.034,36.7228],[-115.0526,36.7139],[-115.0712,36.705],[-115.0897,36.696],[-115.0954,36.6768],[-115.1011,36.6576],[-115.1068,36.6384],[-115.1124,36.6192],[-115.1097,36.5759],[-115.107,36.5327],[-115.1246,36.5218],[-115.1422,36.5109],[-115.1598,36.5001],[-115.1774,36.4892],[-115.1949,36.4783],[-115.2125,36.4675],[-115.2301,36.4566],[-115.2476,36.4457],[-115.2751,36.4439],[-115.3025,36.442],[-115.33,36.4402],[-115.3574,36.4383],[-115.3741,36.4352],[-115.3907,36.4321],[-115.4073,36.4291],[-115.424,36.426],[-115.413,36.4155],[-115.4021,36.405],[-115.3911,36.3945],[-115.3802,36.384],[-115.3693,36.3734],[-115.3584,36.3629],[-115.3474,36.3524],[-115.3365,36.3419],[-115.3256,36.3314],[-115.3147,36.3209],[-115.3038,36.3104],[-115.2929,36.2999],[-115.282,36.2894],[-115.271,36.2788],[-115.2601,36.2683],[-115.2493,36.2578],[-115.2469,36.2188],[-115.2446,36.1798],[-115.2222,36.1784],[-115.1997,36.177],[-115.1773,36.1756],[-115.1549,36.1742],[-115.1438,36.1859],[-115.1327,36.1975],[-115.1216,36.2092],[-115.1105,36.2208],[-115.0994,36.2325],[-115.0883,36.2441],[-115.0772,36.2558],[-115.0661,36.2674],[-115.0514,36.2729],[-115.0366,36.2785],[-115.0219,36.284],[-115.0071,36.2896],[-114.9924,36.2951],[-114.9776,36.3006],[-114.9628,36.3061],[-114.9481,36.3117],[-114.934,36.329],[-114.9199,36.3463],[-114.9058,36.3636],[-114.8917,36.3809],[-114.9076,36.3939],[-114.9235,36.4069],[-114.9394,36.4199],[-114.9553,36.4329],[-114.9509,36.452],[-114.9466,36.4712],[-114.9422,36.4903],[-114.9378,36.5095],[-114.9335,36.5286],[-114.9291,36.5478],[-114.9247,36.5669],[-114.9203,36.586],[-114.9221,36.6587],[-114.9276,36.6903],[-114.9293,36.7],[-114.9333,36.7225],[-114.9351,36.7331],[-114.9393,36.757],[-114.9407,36.7649],[-114.9411,36.7675]]]},"properties":{"OBJECTID":880,"state":"Nevada","agency":"Nevada Department of Wildlife","unit_type":"GMU","unit_id":"28","unit_name":"Cummings","unit_label":"Nevada GMU 28 - Cummings","aliases":"2025 | 28 | 28 cummings | cummings | game management unit | game management unit 28 | game management unit 28 cummings | gmu | gmu 28 | gmu 28 cummings | hunt unit | hunt unit 28 | hunt unit 28 cummings | hunting unit | hunting unit 28 | hunting unit 28","year":"2025","Shape_Length":186754.9589626755,"Shape_Area":1387044661.4572456}},{"type":"Feature","id":881,"geometry":{"type":"Polygon","coordinates":[[[-117.0229,37.5428],[-117.0414,37.5486],[-117.06,37.5545],[-117.0785,37.5604],[-117.0971,37.5662],[-117.1143,37.5575],[-117.1315,37.5487],[-117.1487,37.54],[-117.1659,37.5312],[-117.1657,37.0163],[-117.1483,37.0163],[-117.131,37.0164],[-117.1137,37.0164],[-117.0964,37.0164],[-117.0791,37.0164],[-117.0618,37.0165],[-117.0444,37.0165],[-117.0271,37.0165],[-117.0098,37.0165],[-116.9925,37.0165],[-116.9752,37.0165],[-116.9579,37.0165],[-116.9405,37.0165],[-116.9232,37.0165],[-116.9059,37.0165],[-116.8886,37.0165],[-116.8738,37.0207],[-116.859,37.0248],[-116.8442,37.0289],[-116.8295,37.0331],[-116.8147,37.0372],[-116.7999,37.0413],[-116.7851,37.0455],[-116.7703,37.0496],[-116.7613,37.0664],[-116.7523,37.0832],[-116.7432,37.1],[-116.7342,37.1168],[-116.7523,37.1209],[-116.7704,37.1249],[-116.7884,37.1289],[-116.8065,37.1329],[-116.8246,37.1478],[-116.8426,37.1627],[-116.8607,37.1776],[-116.8787,37.1925],[-116.9011,37.1998],[-116.9234,37.2071],[-116.9457,37.2144],[-116.968,37.2216],[-116.9748,37.2325],[-116.9817,37.2434],[-116.9885,37.2543],[-116.9953,37.2652],[-117.0021,37.2761],[-117.0089,37.287],[-117.0158,37.2979],[-117.0226,37.3088],[-117.0407,37.3233],[-117.0588,37.3379],[-117.077,37.3524],[-117.0951,37.3669],[-117.0953,37.4834],[-117.0772,37.4982],[-117.0591,37.5131],[-117.041,37.5279],[-117.0229,37.5428]]]},"properties":{"OBJECTID":881,"state":"Nevada","agency":"Nevada Department of Wildlife","unit_type":"GMU","unit_id":"25","unit_name":"Bennett","unit_label":"Nevada GMU 25 - Bennett","aliases":"2025 | 25 | 25 bennett | bennett | game management unit | game management unit 25 | game management unit 25 bennett | gmu | gmu 25 | gmu 25 bennett | hunt unit | hunt unit 25 | hunt unit 25 bennett | hunting unit | hunting unit 25 | hunting unit 25 benne","year":"2025","Shape_Length":182119.85021623288,"Shape_Area":1069350834.6462203}},{"type":"Feature","id":882,"geometry":{"type":"Polygon","coordinates":[[[-116.3971,36.6703],[-116.4223,36.6704],[-116.4476,36.6704],[-116.4476,36.8045],[-116.4608,36.8093],[-116.474,36.8141],[-116.4872,36.8188],[-116.5004,36.8236],[-116.5136,36.8283],[-116.5268,36.8331],[-116.54,36.8378],[-116.5532,36.8426],[-116.5534,37.0165],[-116.5715,37.0239],[-116.5896,37.0313],[-116.6077,37.0388],[-116.6258,37.0462],[-116.6394,37.055],[-116.6529,37.0639],[-116.6664,37.0727],[-116.68,37.0815],[-116.6935,37.0904],[-116.7071,37.0992],[-116.7206,37.108],[-116.7342,37.1168],[-116.7432,37.1],[-116.7523,37.0832],[-116.7613,37.0664],[-116.7703,37.0496],[-116.7851,37.0455],[-116.7999,37.0413],[-116.8147,37.0372],[-116.8295,37.0331],[-116.8442,37.0289],[-116.859,37.0248],[-116.8738,37.0207],[-116.8886,37.0165],[-116.8791,37.0093],[-116.8797,36.883],[-116.8804,36.7567],[-116.8673,36.7468],[-116.8542,36.7368],[-116.8404,36.7264],[-116.8266,36.7159],[-116.8128,36.7055],[-116.799,36.6951],[-116.7852,36.6846],[-116.7715,36.6742],[-116.7577,36.6637],[-116.7439,36.6533],[-116.7301,36.6428],[-116.7164,36.6324],[-116.7026,36.6219],[-116.6889,36.6115],[-116.6751,36.601],[-116.6614,36.5906],[-116.6476,36.5801],[-116.6339,36.5696],[-116.6241,36.5622],[-116.6143,36.5547],[-116.5963,36.5412],[-116.5784,36.5276],[-116.5605,36.514],[-116.5426,36.5004],[-116.5304,36.491],[-116.5234,36.4856],[-116.523,36.4852],[-116.5109,36.476],[-116.4989,36.4668],[-116.4817,36.4537],[-116.4645,36.4406],[-116.454,36.4324],[-116.4434,36.4241],[-116.4329,36.4159],[-116.4223,36.4077],[-116.4223,36.4084],[-116.4213,36.5024],[-116.4161,36.5378],[-116.4108,36.5731],[-116.4056,36.6085],[-116.4003,36.6438],[-116.3971,36.6703]]]},"properties":{"OBJECTID":882,"state":"Nevada","agency":"Nevada Department of Wildlife","unit_type":"GMU","unit_id":"25","unit_name":"Bennett","unit_label":"Nevada GMU 25 - Bennett","aliases":"2025 | 25 | 25 bennett | bennett | game management unit | game management unit 25 | game management unit 25 bennett | gmu | gmu 25 | gmu 25 bennett | hunt unit | hunt unit 25 | hunt unit 25 bennett | hunting unit | hunting unit 25 | hunting unit 25 benne","year":"2025","Shape_Length":203464.3535418251,"Shape_Area":1824385085.4606836}},{"type":"Feature","id":883,"geometry":{"type":"Polygon","coordinates":[[[-116.1232,36.5648],[-116.1402,36.5676],[-116.1572,36.5704],[-116.1742,36.5732],[-116.1912,36.576],[-116.2076,36.5829],[-116.2241,36.5899],[-116.2405,36.5968],[-116.2569,36.6038],[-116.2733,36.6107],[-116.2897,36.6177],[-116.3062,36.6246],[-116.3226,36.6316],[-116.342,36.6346],[-116.3614,36.6377],[-116.3809,36.6408],[-116.4003,36.6438],[-116.4056,36.6085],[-116.4108,36.5731],[-116.4161,36.5378],[-116.4213,36.5024],[-116.4223,36.4084],[-116.4223,36.4077],[-116.4222,36.4076],[-116.4039,36.3937],[-116.3856,36.3798],[-116.3674,36.3658],[-116.3491,36.3519],[-116.3309,36.338],[-116.3126,36.3241],[-116.2944,36.3102],[-116.2762,36.2963],[-116.261,36.2846],[-116.2458,36.273],[-116.232,36.2624],[-116.2183,36.2519],[-116.2068,36.2431],[-116.1953,36.2342],[-116.1839,36.2254],[-116.1724,36.2166],[-116.1565,36.2042],[-116.1405,36.1919],[-116.1245,36.1795],[-116.1085,36.1671],[-116.1082,36.1672],[-116.0927,36.1724],[-116.0773,36.1777],[-116.0619,36.1829],[-116.0464,36.1881],[-116.0309,36.1933],[-116.0155,36.1985],[-116.0,36.2037],[-115.9846,36.2089],[-115.9894,36.2316],[-115.9942,36.2542],[-115.999,36.2768],[-116.0038,36.2994],[-116.0188,36.3175],[-116.0338,36.3356],[-116.0489,36.3537],[-116.0639,36.3718],[-116.0676,36.401],[-116.0714,36.4301],[-116.0896,36.442],[-116.1078,36.4539],[-116.1117,36.4816],[-116.1155,36.5094],[-116.1194,36.5371],[-116.1232,36.5648]]]},"properties":{"OBJECTID":883,"state":"Nevada","agency":"Nevada Department of Wildlife","unit_type":"GMU","unit_id":"26","unit_name":"Cummings","unit_label":"Nevada GMU 26 - Cummings","aliases":"2025 | 26 | 26 cummings | cummings | game management unit | game management unit 26 | game management unit 26 cummings | gmu | gmu 26 | gmu 26 cummings | hunt unit | hunt unit 26 | hunt unit 26 cummings | hunting unit | hunting unit 26 | hunting unit 26","year":"2025","Shape_Length":146995.8806832363,"Shape_Area":1179948074.2989137}},{"type":"Feature","id":884,"geometry":{"type":"Polygon","coordinates":[[[-115.1549,36.1742],[-115.1773,36.1756],[-115.1997,36.177],[-115.2222,36.1784],[-115.2446,36.1798],[-115.2469,36.2188],[-115.2493,36.2578],[-115.2601,36.2683],[-115.271,36.2788],[-115.282,36.2894],[-115.2929,36.2999],[-115.3038,36.3104],[-115.3147,36.3209],[-115.3256,36.3314],[-115.3365,36.3419],[-115.3474,36.3524],[-115.3584,36.3629],[-115.3693,36.3734],[-115.3802,36.384],[-115.3911,36.3945],[-115.4021,36.405],[-115.413,36.4155],[-115.424,36.426],[-115.4314,36.4367],[-115.4388,36.4475],[-115.4462,36.4582],[-115.4535,36.4689],[-115.4728,36.4802],[-115.4921,36.4914],[-115.5114,36.5026],[-115.5306,36.5138],[-115.5413,36.5199],[-115.5562,36.5271],[-115.5711,36.5343],[-115.5861,36.5415],[-115.601,36.5487],[-115.6159,36.5559],[-115.6308,36.5631],[-115.6458,36.5703],[-115.6607,36.5775],[-115.6834,36.5787],[-115.7061,36.5799],[-115.7323,36.5768],[-115.7585,36.5738],[-115.7846,36.5707],[-115.8108,36.5676],[-115.8318,36.5719],[-115.8529,36.5761],[-115.8739,36.5804],[-115.8949,36.5846],[-115.9159,36.5889],[-115.937,36.5931],[-115.958,36.5974],[-115.9791,36.6016],[-116.002,36.5954],[-116.0249,36.5892],[-116.0478,36.583],[-116.0707,36.5768],[-116.097,36.5708],[-116.1232,36.5648],[-116.1194,36.5371],[-116.1155,36.5094],[-116.1117,36.4816],[-116.1078,36.4539],[-116.0896,36.442],[-116.0714,36.4301],[-116.0676,36.401],[-116.0639,36.3718],[-116.0489,36.3537],[-116.0338,36.3356],[-116.0188,36.3175],[-116.0038,36.2994],[-115.999,36.2768],[-115.9942,36.2542],[-115.9894,36.2316],[-115.9846,36.2089],[-116.0,36.2037],[-116.0155,36.1985],[-116.0309,36.1933],[-116.0464,36.1881],[-116.0619,36.1829],[-116.0773,36.1777],[-116.0927,36.1724],[-116.1082,36.1672],[-116.1085,36.1671],[-116.0946,36.1565],[-116.0809,36.1459],[-116.0635,36.1324],[-116.056,36.1267],[-116.0405,36.1146],[-116.025,36.1026],[-116.0123,36.0928],[-115.9996,36.083],[-115.986,36.0724],[-115.9723,36.0618],[-115.9586,36.0511],[-115.9449,36.0405],[-115.9312,36.0299],[-115.9176,36.0192],[-115.9039,36.0086],[-115.8902,35.998],[-115.8735,35.985],[-115.8567,35.972],[-115.84,35.959],[-115.8233,35.946],[-115.8065,35.933],[-115.7898,35.9199],[-115.7731,35.9069],[-115.7564,35.8939],[-115.7397,35.8809],[-115.723,35.8679],[-115.7063,35.8549],[-115.6896,35.8418],[-115.6729,35.8288],[-115.6563,35.8158],[-115.6396,35.8027],[-115.6229,35.7897],[-115.612,35.7812],[-115.6011,35.7726],[-115.5902,35.764],[-115.5793,35.7555],[-115.5641,35.7434],[-115.5489,35.7314],[-115.5337,35.7194],[-115.5185,35.7074],[-115.5007,35.6933],[-115.4889,35.684],[-115.4771,35.6747],[-115.4653,35.6654],[-115.4536,35.6562],[-115.4418,35.6469],[-115.43,35.6376],[-115.4182,35.6283],[-115.4065,35.6191],[-115.4058,35.6186],[-115.3933,35.6087],[-115.391,35.6068],[-115.391,35.6069],[-115.3865,35.624],[-115.3819,35.6412],[-115.3774,35.6583],[-115.3729,35.6755],[-115.3683,35.6926],[-115.3638,35.7097],[-115.3593,35.7269],[-115.3547,35.744],[-115.3473,35.7542],[-115.3399,35.7643],[-115.3324,35.7744],[-115.325,35.7846],[-115.3175,35.7947],[-115.3101,35.8049],[-115.3026,35.815],[-115.2952,35.8252],[-115.2815,35.8397],[-115.2677,35.8542],[-115.254,35.8687],[-115.2403,35.8832],[-115.2266,35.8977],[-115.2129,35.9122],[-115.1991,35.9267],[-115.1854,35.9412],[-115.1829,36.0353],[-115.1804,36.1294],[-115.174,36.1406],[-115.1676,36.1518],[-115.1612,36.163],[-115.1549,36.1742]]]},"properties":{"OBJECTID":884,"state":"Nevada","agency":"Nevada Department of Wildlife","unit_type":"GMU","unit_id":"26","unit_name":"Cummings","unit_label":"Nevada GMU 26 - Cummings","aliases":"2025 | 26 | 26 cummings | cummings | game management unit | game management unit 26 | game management unit 26 cummings | gmu | gmu 26 | gmu 26 cummings | hunt unit | hunt unit 26 | hunt unit 26 cummings | hunting unit | hunting unit 26 | hunting unit 26","year":"2025","Shape_Length":325094.20145731315,"Shape_Area":5514448706.610886}},{"type":"Feature","id":885,"geometry":{"type":"Polygon","coordinates":[[[-114.8494,35.1758],[-114.8538,35.1939],[-114.8582,35.212],[-114.8626,35.2301],[-114.867,35.2482],[-114.8714,35.2663],[-114.8758,35.2844],[-114.8802,35.3025],[-114.8846,35.3206],[-114.8891,35.3387],[-114.8935,35.3567],[-114.8979,35.3748],[-114.9023,35.3929],[-114.9067,35.411],[-114.9112,35.4291],[-114.9156,35.4472],[-114.92,35.4653],[-114.9192,35.6083],[-114.9292,35.6233],[-114.9393,35.6383],[-114.9493,35.6533],[-114.9594,35.6683],[-114.9544,35.7061],[-114.9495,35.744],[-114.9445,35.7818],[-114.9395,35.8196],[-114.9368,35.8319],[-114.9309,35.8587],[-114.9218,35.8859],[-114.9127,35.9132],[-114.9037,35.9404],[-114.8946,35.9677],[-114.9055,35.9767],[-114.9164,35.9857],[-114.9274,35.9947],[-114.9383,36.0036],[-114.9492,36.0126],[-114.9602,36.0216],[-114.9711,36.0306],[-114.982,36.0396],[-114.9983,36.054],[-115.0145,36.0684],[-115.0307,36.0829],[-115.0469,36.0973],[-115.0632,36.1117],[-115.0794,36.1261],[-115.0957,36.1406],[-115.1119,36.155],[-115.1334,36.1646],[-115.1549,36.1742],[-115.1612,36.163],[-115.1676,36.1518],[-115.174,36.1406],[-115.1804,36.1294],[-115.1829,36.0353],[-115.1854,35.9412],[-115.1991,35.9267],[-115.2129,35.9122],[-115.2266,35.8977],[-115.2403,35.8832],[-115.254,35.8687],[-115.2677,35.8542],[-115.2815,35.8397],[-115.2952,35.8252],[-115.3026,35.815],[-115.3101,35.8049],[-115.3175,35.7947],[-115.325,35.7846],[-115.3324,35.7744],[-115.3399,35.7643],[-115.3473,35.7542],[-115.3547,35.744],[-115.3593,35.7269],[-115.3638,35.7097],[-115.3683,35.6926],[-115.3729,35.6755],[-115.3774,35.6583],[-115.3819,35.6412],[-115.3865,35.624],[-115.391,35.6069],[-115.391,35.6068],[-115.3748,35.594],[-115.3709,35.591],[-115.3671,35.5879],[-115.349,35.5736],[-115.3309,35.5594],[-115.3128,35.5451],[-115.2947,35.5307],[-115.2766,35.5164],[-115.2585,35.5021],[-115.2405,35.4878],[-115.2224,35.4735],[-115.2075,35.4616],[-115.2059,35.4603],[-115.1933,35.4503],[-115.1807,35.4404],[-115.1629,35.4262],[-115.1604,35.4242],[-115.1423,35.4099],[-115.1242,35.3955],[-115.1061,35.3812],[-115.088,35.3668],[-115.07,35.3525],[-115.0519,35.3381],[-115.0338,35.3237],[-115.0158,35.3093],[-115.0157,35.3093],[-115.0061,35.3016],[-114.9965,35.2939],[-114.9936,35.2916],[-114.9757,35.2771],[-114.9578,35.2626],[-114.9424,35.2504],[-114.9271,35.2383],[-114.917,35.2302],[-114.9068,35.222],[-114.8967,35.2139],[-114.8865,35.2058],[-114.8854,35.2049],[-114.8674,35.1904],[-114.8494,35.1758]]]},"properties":{"OBJECTID":885,"state":"Nevada","agency":"Nevada Department of Wildlife","unit_type":"GMU","unit_id":"26","unit_name":"Cummings","unit_label":"Nevada GMU 26 - Cummings","aliases":"2025 | 26 | 26 cummings | cummings | game management unit | game management unit 26 | game management unit 26 cummings | gmu | gmu 26 | gmu 26 cummings | hunt unit | hunt unit 26 | hunt unit 26 cummings | hunting unit | hunting unit 26 | hunting unit 26","year":"2025","Shape_Length":261444.8218608368,"Shape_Area":2645546233.452467}},{"type":"Feature","id":886,"geometry":{"type":"Polygon","coordinates":[[[-114.92,35.4653],[-114.9156,35.4472],[-114.9112,35.4291],[-114.9067,35.411],[-114.9023,35.3929],[-114.8979,35.3748],[-114.8935,35.3567],[-114.8891,35.3387],[-114.8846,35.3206],[-114.8802,35.3025],[-114.8758,35.2844],[-114.8714,35.2663],[-114.867,35.2482],[-114.8626,35.2301],[-114.8582,35.212],[-114.8538,35.1939],[-114.8494,35.1758],[-114.8315,35.1615],[-114.82,35.1523],[-114.8085,35.1431],[-114.7971,35.1339],[-114.7856,35.1246],[-114.7718,35.1136],[-114.758,35.1025],[-114.7442,35.0914],[-114.7305,35.0803],[-114.7167,35.0692],[-114.7029,35.0582],[-114.6892,35.0471],[-114.6754,35.036],[-114.6657,35.0282],[-114.6561,35.0204],[-114.6464,35.0126],[-114.6367,35.0048],[-114.6332,35.0022],[-114.6347,35.0049],[-114.6379,35.0154],[-114.6381,35.021],[-114.6368,35.0286],[-114.6311,35.0399],[-114.631,35.0399],[-114.6294,35.0419],[-114.6206,35.0495],[-114.6188,35.0508],[-114.6182,35.0513],[-114.609,35.0567],[-114.6195,35.0742],[-114.63,35.0916],[-114.639,35.0945],[-114.6465,35.1024],[-114.6393,35.1105],[-114.6346,35.115],[-114.6345,35.115],[-114.6317,35.1173],[-114.6167,35.1193],[-114.6017,35.1212],[-114.5991,35.1211],[-114.5836,35.1253],[-114.583,35.1256],[-114.5815,35.1265],[-114.5787,35.1287],[-114.5748,35.1346],[-114.5728,35.1387],[-114.5728,35.1392],[-114.5738,35.1446],[-114.5738,35.1447],[-114.5732,35.1481],[-114.5709,35.1563],[-114.5693,35.1762],[-114.5692,35.1799],[-114.5693,35.1831],[-114.5694,35.1844],[-114.5714,35.1913],[-114.5716,35.194],[-114.5798,35.2091],[-114.5799,35.2093],[-114.58,35.2097],[-114.5801,35.213],[-114.5826,35.2259],[-114.5836,35.2307],[-114.5829,35.233],[-114.5827,35.2341],[-114.5831,35.2379],[-114.5833,35.2387],[-114.5852,35.2422],[-114.5853,35.2426],[-114.5856,35.2445],[-114.5863,35.249],[-114.5871,35.2619],[-114.5874,35.2631],[-114.5891,35.268],[-114.5912,35.2744],[-114.5922,35.2791],[-114.5925,35.2801],[-114.5951,35.2873],[-114.597,35.2945],[-114.597,35.3069],[-114.5969,35.3074],[-114.5957,35.3226],[-114.596,35.3256],[-114.5981,35.3336],[-114.6,35.3404],[-114.6038,35.352],[-114.6046,35.3541],[-114.6145,35.3746],[-114.615,35.3754],[-114.6181,35.38],[-114.6204,35.3934],[-114.6255,35.4065],[-114.6261,35.4078],[-114.6268,35.409],[-114.6277,35.4098],[-114.6409,35.421],[-114.654,35.4321],[-114.654,35.4321],[-114.6541,35.4325],[-114.6543,35.4334],[-114.6545,35.4351],[-114.6546,35.4355],[-114.6558,35.438],[-114.6577,35.4404],[-114.6676,35.4605],[-114.6662,35.4656],[-114.6664,35.4668],[-114.6665,35.467],[-114.6674,35.4686],[-114.6693,35.4708],[-114.6732,35.474],[-114.6737,35.4752],[-114.6738,35.4757],[-114.6735,35.4779],[-114.6775,35.4902],[-114.677,35.4923],[-114.6782,35.4947],[-114.6933,35.4929],[-114.7084,35.4911],[-114.7236,35.4892],[-114.7387,35.4874],[-114.7538,35.4856],[-114.7689,35.4837],[-114.784,35.4819],[-114.7991,35.4801],[-114.8142,35.4782],[-114.8294,35.4764],[-114.8445,35.4745],[-114.8596,35.4727],[-114.8747,35.4708],[-114.8898,35.469],[-114.9049,35.4671],[-114.92,35.4653]]]},"properties":{"OBJECTID":886,"state":"Nevada","agency":"Nevada Department of Wildlife","unit_type":"GMU","unit_id":"26","unit_name":"Cummings","unit_label":"Nevada GMU 26 - Cummings","aliases":"2025 | 26 | 26 cummings | cummings | game management unit | game management unit 26 | game management unit 26 cummings | gmu | gmu 26 | gmu 26 cummings | hunt unit | hunt unit 26 | hunt unit 26 cummings | hunting unit | hunting unit 26 | hunting unit 26","year":"2025","Shape_Length":146739.76777375935,"Shape_Area":1078057116.3098166}},{"type":"Feature","id":887,"geometry":{"type":"Polygon","coordinates":[[[-114.7054,35.7083],[-114.7206,35.7085],[-114.7357,35.7087],[-114.7509,35.7089],[-114.766,35.709],[-114.7812,35.7092],[-114.7964,35.7094],[-114.8115,35.7096],[-114.8267,35.7097],[-114.8348,35.729],[-114.8429,35.7483],[-114.8511,35.7676],[-114.8592,35.7869],[-114.8788,35.7973],[-114.8984,35.8077],[-114.918,35.8182],[-114.9376,35.8286],[-114.9395,35.8196],[-114.9445,35.7818],[-114.9495,35.744],[-114.9544,35.7061],[-114.9594,35.6683],[-114.9493,35.6533],[-114.9393,35.6383],[-114.9292,35.6233],[-114.9192,35.6083],[-114.92,35.4653],[-114.9049,35.4671],[-114.8898,35.469],[-114.8747,35.4708],[-114.8596,35.4727],[-114.8445,35.4745],[-114.8294,35.4764],[-114.8142,35.4782],[-114.7991,35.4801],[-114.784,35.4819],[-114.7689,35.4837],[-114.7538,35.4856],[-114.7387,35.4874],[-114.7236,35.4892],[-114.7084,35.4911],[-114.6933,35.4929],[-114.6782,35.4947],[-114.6783,35.495],[-114.6788,35.4966],[-114.679,35.4974],[-114.6791,35.4991],[-114.6791,35.5011],[-114.679,35.502],[-114.6776,35.5104],[-114.6774,35.5127],[-114.6774,35.513],[-114.6767,35.5143],[-114.6719,35.5192],[-114.6714,35.5195],[-114.6709,35.5199],[-114.6677,35.5215],[-114.6663,35.5213],[-114.6628,35.5251],[-114.6627,35.5253],[-114.6611,35.5271],[-114.6582,35.5303],[-114.6579,35.5307],[-114.6622,35.5537],[-114.6625,35.5569],[-114.6633,35.5595],[-114.6631,35.5639],[-114.6669,35.5727],[-114.6698,35.5758],[-114.6727,35.5772],[-114.6611,35.5869],[-114.6608,35.5869],[-114.6538,35.6074],[-114.6537,35.6093],[-114.6618,35.6211],[-114.6653,35.6218],[-114.6672,35.6253],[-114.6708,35.6318],[-114.6721,35.6337],[-114.6763,35.6404],[-114.6771,35.6415],[-114.6829,35.6461],[-114.6845,35.6471],[-114.6892,35.6552],[-114.6861,35.6708],[-114.685,35.6728],[-114.683,35.6766],[-114.6825,35.6777],[-114.682,35.6787],[-114.6814,35.6805],[-114.6809,35.686],[-114.6855,35.6906],[-114.6917,35.6938],[-114.6966,35.6971],[-114.7003,35.7004],[-114.7054,35.7083]]]},"properties":{"OBJECTID":887,"state":"Nevada","agency":"Nevada Department of Wildlife","unit_type":"GMU","unit_id":"26","unit_name":"Cummings","unit_label":"Nevada GMU 26 - Cummings","aliases":"2025 | 26 | 26 cummings | cummings | game management unit | game management unit 26 | game management unit 26 cummings | gmu | gmu 26 | gmu 26 cummings | hunt unit | hunt unit 26 | hunt unit 26 cummings | hunting unit | hunting unit 26 | hunting unit 26","year":"2025","Shape_Length":119704.22732829634,"Shape_Area":695667794.740475}},{"type":"Feature","id":888,"geometry":{"type":"Polygon","coordinates":[[[-114.7412,36.0125],[-114.7415,36.0126],[-114.7599,36.011],[-114.7784,36.0093],[-114.7969,36.0076],[-114.8153,36.006],[-114.8351,35.9964],[-114.855,35.9868],[-114.8748,35.9773],[-114.8946,35.9677],[-114.9037,35.9404],[-114.9127,35.9132],[-114.9218,35.8859],[-114.9309,35.8587],[-114.9368,35.8319],[-114.9376,35.8286],[-114.918,35.8182],[-114.8984,35.8077],[-114.8788,35.7973],[-114.8592,35.7869],[-114.8511,35.7676],[-114.8429,35.7483],[-114.8348,35.729],[-114.8267,35.7097],[-114.8115,35.7096],[-114.7964,35.7094],[-114.7812,35.7092],[-114.766,35.709],[-114.7509,35.7089],[-114.7357,35.7087],[-114.7206,35.7085],[-114.7054,35.7083],[-114.7051,35.7121],[-114.6984,35.7296],[-114.6977,35.7323],[-114.697,35.7357],[-114.6963,35.7451],[-114.6965,35.7464],[-114.6984,35.7632],[-114.6984,35.7633],[-114.6984,35.7634],[-114.6985,35.7635],[-114.6985,35.7637],[-114.6986,35.7639],[-114.6997,35.7833],[-114.6996,35.7843],[-114.6994,35.7851],[-114.7026,35.7943],[-114.7034,35.7951],[-114.7113,35.8043],[-114.7116,35.8045],[-114.7121,35.8051],[-114.7121,35.8054],[-114.7121,35.8056],[-114.7119,35.8064],[-114.7113,35.807],[-114.7111,35.8072],[-114.7111,35.8072],[-114.7071,35.8121],[-114.7064,35.8125],[-114.7062,35.8126],[-114.7038,35.8146],[-114.703,35.8161],[-114.7028,35.817],[-114.7019,35.8199],[-114.7017,35.8205],[-114.7006,35.8224],[-114.6999,35.8235],[-114.6968,35.8275],[-114.6957,35.8305],[-114.7037,35.8431],[-114.7048,35.8444],[-114.705,35.8449],[-114.7047,35.8516],[-114.7028,35.8528],[-114.7023,35.853],[-114.6946,35.8541],[-114.6946,35.8541],[-114.6927,35.8559],[-114.6925,35.8564],[-114.6918,35.858],[-114.6911,35.8589],[-114.6911,35.8589],[-114.6906,35.8592],[-114.678,35.8636],[-114.6669,35.8679],[-114.6665,35.868],[-114.6662,35.8682],[-114.6649,35.8687],[-114.6649,35.8687],[-114.6647,35.8688],[-114.6641,35.8689],[-114.6634,35.8692],[-114.662,35.8702],[-114.6618,35.8709],[-114.6623,35.8723],[-114.6625,35.8728],[-114.6637,35.8743],[-114.6638,35.8743],[-114.6657,35.8747],[-114.6659,35.8747],[-114.6668,35.8748],[-114.667,35.8748],[-114.6689,35.8758],[-114.6824,35.888],[-114.6834,35.8888],[-114.691,35.8937],[-114.6917,35.8943],[-114.6926,35.895],[-114.6928,35.8951],[-114.6936,35.8957],[-114.6975,35.8989],[-114.7019,35.9044],[-114.7023,35.9049],[-114.703,35.9058],[-114.7045,35.9074],[-114.7081,35.9115],[-114.7085,35.9122],[-114.7082,35.9189],[-114.7082,35.9191],[-114.7075,35.9278],[-114.7078,35.9283],[-114.7109,35.9308],[-114.7131,35.9326],[-114.7216,35.9375],[-114.7222,35.9378],[-114.7273,35.9403],[-114.729,35.9412],[-114.73,35.9623],[-114.7305,35.9631],[-114.7333,35.9667],[-114.7337,35.9671],[-114.7345,35.9679],[-114.7352,35.9685],[-114.7364,35.9697],[-114.7372,35.9708],[-114.7434,35.9831],[-114.7436,35.9836],[-114.7436,35.9838],[-114.7437,35.9845],[-114.7427,35.9882],[-114.7416,35.9895],[-114.7417,36.0004],[-114.7412,36.0125]]]},"properties":{"OBJECTID":888,"state":"Nevada","agency":"Nevada Department of Wildlife","unit_type":"GMU","unit_id":"26","unit_name":"Cummings","unit_label":"Nevada GMU 26 - Cummings","aliases":"2025 | 26 | 26 cummings | cummings | game management unit | game management unit 26 | game management unit 26 cummings | gmu | gmu 26 | gmu 26 cummings | hunt unit | hunt unit 26 | hunt unit 26 cummings | hunting unit | hunting unit 26 | hunting unit 26","year":"2025","Shape_Length":99992.81231732821,"Shape_Area":539357686.4309908}},{"type":"Feature","id":889,"geometry":{"type":"Polygon","coordinates":[[[-114.3002,36.6784],[-114.2802,36.6925],[-114.2601,36.7067],[-114.2401,36.7208],[-114.22,36.735],[-114.2272,36.7526],[-114.2344,36.7703],[-114.2493,36.7745],[-114.2642,36.7787],[-114.2837,36.7744],[-114.3033,36.7701],[-114.3229,36.7658],[-114.3425,36.7615],[-114.362,36.7572],[-114.3816,36.7529],[-114.4012,36.7486],[-114.4207,36.7443],[-114.4334,36.7351],[-114.446,36.7259],[-114.4586,36.7167],[-114.4712,36.7075],[-114.4838,36.6983],[-114.4964,36.6891],[-114.509,36.6799],[-114.5216,36.6707],[-114.5158,36.6589],[-114.5099,36.6472],[-114.504,36.6354],[-114.4981,36.6236],[-114.4922,36.6119],[-114.4864,36.6001],[-114.4805,36.5883],[-114.4746,36.5766],[-114.4617,36.5611],[-114.4488,36.5456],[-114.4358,36.5302],[-114.4229,36.5147],[-114.4389,36.4981],[-114.455,36.4815],[-114.4448,36.4639],[-114.4346,36.4463],[-114.4243,36.4288],[-114.4141,36.4112],[-114.4316,36.3983],[-114.449,36.3853],[-114.4664,36.3724],[-114.4838,36.3595],[-114.4835,36.2521],[-114.5007,36.2489],[-114.5179,36.2457],[-114.5352,36.2426],[-114.5524,36.2394],[-114.5696,36.2362],[-114.5868,36.2331],[-114.604,36.2299],[-114.6212,36.2267],[-114.6394,36.2206],[-114.6575,36.2145],[-114.6757,36.2084],[-114.6939,36.2023],[-114.712,36.1962],[-114.7302,36.1901],[-114.7483,36.184],[-114.7664,36.1778],[-114.7574,36.1698],[-114.7483,36.1617],[-114.7392,36.1536],[-114.7301,36.1455],[-114.7211,36.1374],[-114.712,36.1294],[-114.7029,36.1213],[-114.6939,36.1132],[-114.6939,36.1132],[-114.6922,36.1131],[-114.6792,36.1113],[-114.6733,36.1161],[-114.6635,36.118],[-114.663,36.1184],[-114.6623,36.1195],[-114.6471,36.1308],[-114.632,36.1421],[-114.6294,36.142],[-114.6151,36.1305],[-114.6022,36.1384],[-114.5945,36.143],[-114.5916,36.1437],[-114.5801,36.1477],[-114.5794,36.1484],[-114.5529,36.1516],[-114.5517,36.1513],[-114.5431,36.1524],[-114.5428,36.1524],[-114.5388,36.1519],[-114.5385,36.1518],[-114.5313,36.1482],[-114.5295,36.1484],[-114.5017,36.1432],[-114.5105,36.1337],[-114.5107,36.1323],[-114.5091,36.1291],[-114.5002,36.1271],[-114.4934,36.1288],[-114.4768,36.1341],[-114.4601,36.1393],[-114.4599,36.1392],[-114.4584,36.1386],[-114.4584,36.1386],[-114.4461,36.1261],[-114.4275,36.1361],[-114.4222,36.1406],[-114.4086,36.1475],[-114.4059,36.1731],[-114.4032,36.1988],[-114.4006,36.2245],[-114.3979,36.2502],[-114.3953,36.2759],[-114.3926,36.3016],[-114.3899,36.3273],[-114.3873,36.3529],[-114.3757,36.3711],[-114.3642,36.3893],[-114.3527,36.4074],[-114.3411,36.4256],[-114.3385,36.4738],[-114.3358,36.522],[-114.3331,36.5701],[-114.3304,36.6183],[-114.3229,36.6333],[-114.3153,36.6483],[-114.3078,36.6634],[-114.3002,36.6784]]]},"properties":{"OBJECTID":889,"state":"Nevada","agency":"Nevada Department of Wildlife","unit_type":"GMU","unit_id":"26","unit_name":"Cummings","unit_label":"Nevada GMU 26 - Cummings","aliases":"2025 | 26 | 26 cummings | cummings | game management unit | game management unit 26 | game management unit 26 cummings | gmu | gmu 26 | gmu 26 cummings | hunt unit | hunt unit 26 | hunt unit 26 cummings | hunting unit | hunting unit 26 | hunting unit 26","year":"2025","Shape_Length":226387.34271507052,"Shape_Area":987022092.3102568}},{"type":"Feature","id":890,"geometry":{"type":"Polygon","coordinates":[[[-115.6611,36.5965],[-115.6563,36.6291],[-115.6514,36.6618],[-115.6465,36.6945],[-115.6416,36.7272],[-115.6367,36.7599],[-115.6319,36.7926],[-115.627,36.8253],[-115.6221,36.8579],[-115.6256,36.8781],[-115.6291,36.8982],[-115.6326,36.9184],[-115.6362,36.9385],[-115.6284,36.9693],[-115.6206,37.0],[-115.6489,37.0],[-115.6773,37.0001],[-115.7057,37.0001],[-115.7341,37.0001],[-115.7625,37.0001],[-115.7908,37.0001],[-115.8192,37.0],[-115.8476,37.0],[-115.8533,36.9878],[-115.859,36.9756],[-115.8648,36.9635],[-115.8705,36.9513],[-115.8762,36.9391],[-115.8819,36.9269],[-115.8876,36.9147],[-115.8934,36.9025],[-115.8945,36.8528],[-115.8792,36.8529],[-115.8638,36.8529],[-115.8485,36.853],[-115.8331,36.8531],[-115.8177,36.8531],[-115.8024,36.8532],[-115.787,36.8533],[-115.7717,36.8533],[-115.7708,36.7917],[-115.7863,36.7902],[-115.8018,36.7888],[-115.8173,36.7873],[-115.8327,36.7859],[-115.8482,36.7844],[-115.8636,36.7829],[-115.8791,36.7815],[-115.8946,36.78],[-115.8947,36.6787],[-115.916,36.6785],[-115.9372,36.6782],[-115.9585,36.678],[-115.9798,36.6777],[-115.9791,36.6016],[-115.958,36.5974],[-115.937,36.5931],[-115.9159,36.5889],[-115.8949,36.5846],[-115.8739,36.5804],[-115.8529,36.5761],[-115.8318,36.5719],[-115.8108,36.5676],[-115.7846,36.5707],[-115.7585,36.5738],[-115.7323,36.5768],[-115.7061,36.5799],[-115.6836,36.5882],[-115.6611,36.5965]]]},"properties":{"OBJECTID":890,"state":"Nevada","agency":"Nevada Department of Wildlife","unit_type":"GMU","unit_id":"28","unit_name":" ","unit_label":"Nevada GMU 28","aliases":"2025 | 28 | game management unit | game management unit 28 | gmu | gmu 28 | hunt unit | hunt unit 28 | hunting unit | hunting unit 28 | nevada | nevada 28 | nevada department of wildlife | nevada department of wildlife 28 | nevada game management unit 28","year":"2025","Shape_Length":168241.12940560858,"Shape_Area":1039446906.0604055}},{"type":"Feature","id":891,"geometry":{"type":"Polygon","coordinates":[[[-115.6536,36.5813],[-115.6393,36.5847],[-115.6249,36.588],[-115.6105,36.5913],[-115.5961,36.5946],[-115.5817,36.5979],[-115.5673,36.6012],[-115.5529,36.6045],[-115.5385,36.6078],[-115.5258,36.6254],[-115.5131,36.643],[-115.5005,36.6605],[-115.4878,36.6781],[-115.4751,36.6956],[-115.4623,36.7132],[-115.4496,36.7308],[-115.4369,36.7483],[-115.4415,36.7685],[-115.4461,36.7887],[-115.4506,36.809],[-115.4552,36.8292],[-115.4556,36.8535],[-115.457,36.9308],[-115.4672,36.9515],[-115.4695,36.9564],[-115.4727,36.9628],[-115.4763,36.9701],[-115.4795,36.9765],[-115.4831,36.9838],[-115.4863,36.9902],[-115.4898,36.9974],[-115.493,37.0039],[-115.4962,37.0104],[-115.5017,37.0214],[-115.5041,37.0264],[-115.5119,37.0422],[-115.5255,37.0369],[-115.5391,37.0316],[-115.5527,37.0264],[-115.5663,37.0211],[-115.5798,37.0158],[-115.5934,37.0106],[-115.607,37.0053],[-115.6206,37.0],[-115.6284,36.9693],[-115.6362,36.9385],[-115.6326,36.9184],[-115.6291,36.8982],[-115.6256,36.8781],[-115.6221,36.8579],[-115.627,36.8253],[-115.6319,36.7926],[-115.6367,36.7599],[-115.6416,36.7272],[-115.6465,36.6945],[-115.6514,36.6618],[-115.6563,36.6291],[-115.6611,36.5965],[-115.6536,36.5813]]]},"properties":{"OBJECTID":891,"state":"Nevada","agency":"Nevada Department of Wildlife","unit_type":"GMU","unit_id":"28","unit_name":" ","unit_label":"Nevada GMU 28","aliases":"2025 | 28 | game management unit | game management unit 28 | gmu | gmu 28 | hunt unit | hunt unit 28 | hunting unit | hunting unit 28 | nevada | nevada 28 | nevada department of wildlife | nevada department of wildlife 28 | nevada game management unit 28","year":"2025","Shape_Length":120869.37627107905,"Shape_Area":695581741.8135604}},{"type":"Feature","id":892,"geometry":{"type":"Polygon","coordinates":[[[-115.3826,37.1457],[-115.4033,37.1542],[-115.4241,37.1627],[-115.4203,37.1425],[-115.4164,37.1224],[-115.4125,37.1022],[-115.4087,37.0821],[-115.4216,37.0771],[-115.4345,37.0721],[-115.4474,37.0671],[-115.4603,37.0621],[-115.4732,37.0572],[-115.4861,37.0522],[-115.499,37.0472],[-115.5119,37.0422],[-115.5041,37.0264],[-115.5017,37.0214],[-115.4962,37.0104],[-115.493,37.0039],[-115.4898,36.9974],[-115.4863,36.9902],[-115.4831,36.9838],[-115.4795,36.9765],[-115.4763,36.9701],[-115.4727,36.9628],[-115.4695,36.9564],[-115.4672,36.9515],[-115.457,36.9308],[-115.4556,36.8535],[-115.4552,36.8292],[-115.4506,36.809],[-115.4461,36.7887],[-115.4415,36.7685],[-115.4369,36.7483],[-115.4496,36.7308],[-115.4623,36.7132],[-115.4751,36.6956],[-115.4878,36.6781],[-115.5005,36.6605],[-115.5131,36.643],[-115.5258,36.6254],[-115.5385,36.6078],[-115.5529,36.6045],[-115.5673,36.6012],[-115.5817,36.5979],[-115.5961,36.5946],[-115.6105,36.5913],[-115.6249,36.588],[-115.6393,36.5847],[-115.6536,36.5813],[-115.6607,36.5775],[-115.6458,36.5703],[-115.6308,36.5631],[-115.6159,36.5559],[-115.601,36.5487],[-115.5861,36.5415],[-115.5711,36.5343],[-115.5562,36.5271],[-115.5413,36.5199],[-115.5306,36.5138],[-115.5114,36.5026],[-115.4921,36.4914],[-115.4728,36.4802],[-115.4535,36.4689],[-115.4462,36.4582],[-115.4388,36.4475],[-115.4314,36.4367],[-115.424,36.426],[-115.4073,36.4291],[-115.3907,36.4321],[-115.3741,36.4352],[-115.3574,36.4383],[-115.369,36.4614],[-115.3806,36.4844],[-115.3922,36.5075],[-115.4038,36.5305],[-115.3976,36.5431],[-115.3914,36.5556],[-115.3852,36.5681],[-115.379,36.5807],[-115.3728,36.5932],[-115.3666,36.6058],[-115.3604,36.6183],[-115.3542,36.6309],[-115.348,36.6434],[-115.3418,36.6559],[-115.3355,36.6685],[-115.3293,36.681],[-115.3231,36.6936],[-115.3169,36.7061],[-115.3107,36.7186],[-115.3045,36.7312],[-115.302,36.7785],[-115.2996,36.8257],[-115.2972,36.873],[-115.2948,36.9203],[-115.2856,36.934],[-115.2763,36.9477],[-115.3003,36.9529],[-115.302,37.0029],[-115.3036,37.0529],[-115.3135,37.0645],[-115.3234,37.0761],[-115.3332,37.0877],[-115.3431,37.0993],[-115.3529,37.1109],[-115.3628,37.1225],[-115.3727,37.1341],[-115.3826,37.1457]]]},"properties":{"OBJECTID":892,"state":"Nevada","agency":"Nevada Department of Wildlife","unit_type":"GMU","unit_id":"28","unit_name":" ","unit_label":"Nevada GMU 28","aliases":"2025 | 28 | game management unit | game management unit 28 | gmu | gmu 28 | hunt unit | hunt unit 28 | hunting unit | hunting unit 28 | nevada | nevada 28 | nevada department of wildlife | nevada department of wildlife 28 | nevada game management unit 28","year":"2025","Shape_Length":206346.58914825157,"Shape_Area":1070933345.3181754}},{"type":"Feature","id":893,"geometry":{"type":"Polygon","coordinates":[[[-114.9411,36.7675],[-114.9454,36.792],[-114.9466,36.799],[-114.9505,36.8211],[-114.9543,36.8432],[-114.9581,36.8653],[-114.9619,36.8873],[-114.9658,36.9094],[-114.9696,36.9315],[-114.9734,36.9536],[-114.9773,36.9757],[-114.9815,37.0004],[-114.9857,37.0251],[-114.99,37.0498],[-114.9942,37.0746],[-114.9985,37.0993],[-115.0027,37.124],[-115.007,37.1487],[-115.0113,37.1734],[-115.0248,37.1826],[-115.0383,37.1918],[-115.0518,37.201],[-115.0653,37.2102],[-115.0801,37.2097],[-115.0949,37.2091],[-115.1097,37.2086],[-115.1245,37.2081],[-115.1394,37.2076],[-115.1542,37.2071],[-115.169,37.2065],[-115.1838,37.206],[-115.1986,37.2055],[-115.2134,37.205],[-115.2282,37.2044],[-115.2431,37.2039],[-115.2579,37.2034],[-115.2727,37.2028],[-115.2875,37.2023],[-115.3023,37.2017],[-115.3036,37.0529],[-115.302,37.0029],[-115.3003,36.9529],[-115.2763,36.9477],[-115.2602,36.9359],[-115.2441,36.9241],[-115.228,36.9123],[-115.2119,36.9005],[-115.1958,36.8887],[-115.1797,36.8769],[-115.1636,36.8651],[-115.1475,36.8532],[-115.1247,36.8458],[-115.1019,36.8383],[-115.1091,36.8146],[-115.1162,36.7908],[-115.1234,36.7671],[-115.1305,36.7434],[-115.1449,36.7282],[-115.1594,36.713],[-115.1738,36.6978],[-115.1882,36.6826],[-115.1636,36.6859],[-115.139,36.6893],[-115.1144,36.6927],[-115.0897,36.696],[-115.0712,36.705],[-115.0526,36.7139],[-115.034,36.7228],[-115.0155,36.7318],[-114.9969,36.7407],[-114.9783,36.7497],[-114.9597,36.7586],[-114.9411,36.7675]]]},"properties":{"OBJECTID":893,"state":"Nevada","agency":"Nevada Department of Wildlife","unit_type":"GMU","unit_id":"28","unit_name":"Cummings","unit_label":"Nevada GMU 28 - Cummings","aliases":"2025 | 28 | 28 cummings | cummings | game management unit | game management unit 28 | game management unit 28 cummings | gmu | gmu 28 | gmu 28 cummings | hunt unit | hunt unit 28 | hunt unit 28 cummings | hunting unit | hunting unit 28 | hunting unit 28","year":"2025","Shape_Length":166713.80264808887,"Shape_Area":1246835743.7768273}},{"type":"Feature","id":894,"geometry":{"type":"Polygon","coordinates":[[[-115.0897,36.696],[-115.1144,36.6927],[-115.139,36.6893],[-115.1636,36.6859],[-115.1882,36.6826],[-115.1738,36.6978],[-115.1594,36.713],[-115.1449,36.7282],[-115.1305,36.7434],[-115.1234,36.7671],[-115.1162,36.7908],[-115.1091,36.8146],[-115.1019,36.8383],[-115.1247,36.8458],[-115.1475,36.8532],[-115.1636,36.8651],[-115.1797,36.8769],[-115.1958,36.8887],[-115.2119,36.9005],[-115.228,36.9123],[-115.2441,36.9241],[-115.2602,36.9359],[-115.2763,36.9477],[-115.2856,36.934],[-115.2948,36.9203],[-115.2972,36.873],[-115.2996,36.8257],[-115.302,36.7785],[-115.3045,36.7312],[-115.3107,36.7186],[-115.3169,36.7061],[-115.3231,36.6936],[-115.3293,36.681],[-115.3355,36.6685],[-115.3418,36.6559],[-115.348,36.6434],[-115.3542,36.6309],[-115.3604,36.6183],[-115.3666,36.6058],[-115.3728,36.5932],[-115.379,36.5807],[-115.3852,36.5681],[-115.3914,36.5556],[-115.3976,36.5431],[-115.4038,36.5305],[-115.3922,36.5075],[-115.3806,36.4844],[-115.369,36.4614],[-115.3574,36.4383],[-115.33,36.4402],[-115.3025,36.442],[-115.2751,36.4439],[-115.2476,36.4457],[-115.2301,36.4566],[-115.2125,36.4675],[-115.1949,36.4783],[-115.1774,36.4892],[-115.1598,36.5001],[-115.1422,36.5109],[-115.1246,36.5218],[-115.107,36.5327],[-115.1097,36.5759],[-115.1124,36.6192],[-115.1068,36.6384],[-115.1011,36.6576],[-115.0954,36.6768],[-115.0897,36.696]]]},"properties":{"OBJECTID":894,"state":"Nevada","agency":"Nevada Department of Wildlife","unit_type":"GMU","unit_id":"28","unit_name":"Cummings","unit_label":"Nevada GMU 28 - Cummings","aliases":"2025 | 28 | 28 cummings | cummings | game management unit | game management unit 28 | game management unit 28 cummings | gmu | gmu 28 | gmu 28 cummings | hunt unit | hunt unit 28 | hunt unit 28 cummings | hunting unit | hunting unit 28 | hunting unit 28","year":"2025","Shape_Length":152291.3278332445,"Shape_Area":942494454.1110997}},{"type":"Feature","id":895,"geometry":{"type":"Polygon","coordinates":[[[-115.0615,40.3329],[-115.0349,40.3395],[-115.0084,40.3461],[-114.9818,40.3527],[-114.9552,40.3593],[-114.9465,40.3728],[-114.9377,40.3864],[-114.929,40.3999],[-114.9203,40.4134],[-114.9115,40.427],[-114.9028,40.4405],[-114.894,40.454],[-114.8853,40.4676],[-114.894,40.4772],[-114.9027,40.4869],[-114.9115,40.4965],[-114.9202,40.5062],[-114.929,40.5158],[-114.9377,40.5255],[-114.9465,40.5351],[-114.9553,40.5447],[-114.9636,40.5648],[-114.9719,40.5849],[-114.9802,40.6049],[-114.9885,40.625],[-114.9968,40.645],[-115.0051,40.6651],[-115.0134,40.6851],[-115.0217,40.7052],[-115.0345,40.7],[-115.0472,40.6949],[-115.0599,40.6897],[-115.0726,40.6845],[-115.0854,40.6794],[-115.0981,40.6742],[-115.1108,40.669],[-115.1235,40.6638],[-115.13,40.63],[-115.1364,40.5961],[-115.1295,40.5849],[-115.1226,40.5737],[-115.1158,40.5625],[-115.1089,40.5513],[-115.1172,40.5333],[-115.1256,40.5154],[-115.1339,40.4974],[-115.1422,40.4794],[-115.1321,40.4611],[-115.122,40.4428],[-115.1119,40.4245],[-115.1018,40.4062],[-115.0917,40.3879],[-115.0816,40.3695],[-115.0716,40.3512],[-115.0615,40.3329]]]},"properties":{"OBJECTID":895,"state":"Nevada","agency":"Nevada Department of Wildlife","unit_type":"GMU","unit_id":"10","unit_name":"McAdoo","unit_label":"Nevada GMU 10 - McAdoo","aliases":"10 | 10 mcadoo | 2025 | game management unit | game management unit 10 | game management unit 10 mcadoo | gmu | gmu 10 | gmu 10 mcadoo | hunt unit | hunt unit 10 | hunt unit 10 mcadoo | hunting unit | hunting unit 10 | hunting unit 10 mcadoo | mcadoo | n","year":"2025","Shape_Length":101369.94920199849,"Shape_Area":542787323.3732092}},{"type":"Feature","id":896,"geometry":{"type":"Polygon","coordinates":[[[-114.982,36.0396],[-114.9711,36.0306],[-114.9602,36.0216],[-114.9492,36.0126],[-114.9383,36.0036],[-114.9274,35.9947],[-114.9164,35.9857],[-114.9055,35.9767],[-114.8946,35.9677],[-114.8748,35.9773],[-114.855,35.9868],[-114.8351,35.9964],[-114.8153,36.006],[-114.7969,36.0076],[-114.7784,36.0093],[-114.7599,36.011],[-114.7415,36.0126],[-114.7412,36.0125],[-114.7374,36.016],[-114.7237,36.0274],[-114.7228,36.0289],[-114.7303,36.0358],[-114.7319,36.037],[-114.7431,36.0455],[-114.7417,36.0475],[-114.7404,36.0496],[-114.7388,36.051],[-114.7363,36.0529],[-114.7355,36.0541],[-114.7353,36.0551],[-114.7373,36.0599],[-114.7507,36.0765],[-114.7508,36.0934],[-114.7369,36.1038],[-114.7347,36.1046],[-114.7293,36.1055],[-114.7135,36.1078],[-114.7122,36.1078],[-114.7103,36.1078],[-114.7094,36.1079],[-114.7071,36.1085],[-114.7065,36.1086],[-114.7002,36.1101],[-114.6983,36.1106],[-114.6961,36.112],[-114.6939,36.1132],[-114.6939,36.1132],[-114.7029,36.1213],[-114.712,36.1294],[-114.7211,36.1374],[-114.7301,36.1455],[-114.7392,36.1536],[-114.7483,36.1617],[-114.7574,36.1698],[-114.7664,36.1778],[-114.7795,36.1674],[-114.7925,36.157],[-114.8069,36.1543],[-114.8212,36.1516],[-114.8356,36.1489],[-114.85,36.1461],[-114.8644,36.1434],[-114.8788,36.1407],[-114.8931,36.138],[-114.9075,36.1353],[-114.9102,36.0892],[-114.9282,36.0768],[-114.9461,36.0644],[-114.9641,36.052],[-114.982,36.0396]]]},"properties":{"OBJECTID":896,"state":"Nevada","agency":"Nevada Department of Wildlife","unit_type":"GMU","unit_id":"26","unit_name":"Cummings","unit_label":"Nevada GMU 26 - Cummings","aliases":"2025 | 26 | 26 cummings | cummings | game management unit | game management unit 26 | game management unit 26 cummings | gmu | gmu 26 | gmu 26 cummings | hunt unit | hunt unit 26 | hunt unit 26 cummings | hunting unit | hunting unit 26 | hunting unit 26","year":"2025","Shape_Length":80147.4220750927,"Shape_Area":317026802.32265514}},{"type":"Feature","id":897,"geometry":{"type":"Polygon","coordinates":[[[-116.9289,40.6466],[-116.9221,40.6631],[-116.9154,40.6796],[-116.9086,40.6961],[-116.9019,40.7126],[-116.9164,40.7227],[-116.931,40.7328],[-116.9456,40.7428],[-116.9602,40.7529],[-116.9748,40.763],[-116.9894,40.7731],[-117.004,40.7832],[-117.0186,40.7933],[-117.0186,40.7063],[-117.0324,40.717],[-117.0461,40.7277],[-117.0599,40.7384],[-117.0736,40.7492],[-117.0874,40.7599],[-117.1012,40.7706],[-117.1149,40.7813],[-117.1287,40.792],[-117.139,40.7816],[-117.1493,40.7712],[-117.1596,40.7608],[-117.1698,40.7504],[-117.1801,40.7401],[-117.1904,40.7297],[-117.2007,40.7193],[-117.2109,40.7089],[-117.2255,40.7002],[-117.24,40.6914],[-117.2546,40.6827],[-117.2691,40.674],[-117.2837,40.6653],[-117.2982,40.6565],[-117.3127,40.6478],[-117.3272,40.6391],[-117.3365,40.6125],[-117.3411,40.5875],[-117.3457,40.5624],[-117.3503,40.5374],[-117.3549,40.5124],[-117.3311,40.511],[-117.3072,40.5097],[-117.2834,40.5084],[-117.2595,40.5071],[-117.2357,40.5058],[-117.2119,40.5044],[-117.188,40.5031],[-117.1642,40.5018],[-117.1539,40.4906],[-117.1436,40.4795],[-117.1262,40.4869],[-117.1087,40.4942],[-117.0912,40.5016],[-117.0737,40.509],[-117.0629,40.5218],[-117.0521,40.5346],[-117.0413,40.5474],[-117.0304,40.5602],[-117.0196,40.573],[-117.0088,40.5858],[-116.9979,40.5986],[-116.9871,40.6114],[-116.9725,40.6202],[-116.958,40.629],[-116.9434,40.6378],[-116.9289,40.6466]]]},"properties":{"OBJECTID":897,"state":"Nevada","agency":"Nevada Department of Wildlife","unit_type":"GMU","unit_id":"15","unit_name":"Lutz","unit_label":"Nevada GMU 15 - Lutz","aliases":"15 | 15 lutz | 2025 | game management unit | game management unit 15 | game management unit 15 lutz | gmu | gmu 15 | gmu 15 lutz | hunt unit | hunt unit 15 | hunt unit 15 lutz | hunting unit | hunting unit 15 | hunting unit 15 lutz | lutz | nevada | neva","year":"2025","Shape_Length":128260.5392366754,"Shape_Area":768272097.3765059}},{"type":"Feature","id":898,"geometry":{"type":"Polygon","coordinates":[[[-117.1847,40.0455],[-117.2088,40.0457],[-117.2329,40.0459],[-117.257,40.0461],[-117.2811,40.0463],[-117.3052,40.0465],[-117.3294,40.0467],[-117.3535,40.0469],[-117.3776,40.0471],[-117.3964,40.0513],[-117.4151,40.0556],[-117.4339,40.0598],[-117.4527,40.064],[-117.464,40.044],[-117.4753,40.0239],[-117.4866,40.0039],[-117.4979,39.9838],[-117.49,39.9738],[-117.4821,39.9638],[-117.4742,39.9538],[-117.4663,39.9439],[-117.4584,39.9339],[-117.4506,39.9239],[-117.4427,39.9139],[-117.4348,39.9039],[-117.431,39.8858],[-117.4272,39.8677],[-117.4235,39.8497],[-117.4197,39.8316],[-117.4159,39.8135],[-117.4121,39.7954],[-117.4083,39.7773],[-117.4046,39.7592],[-117.4068,39.7155],[-117.4091,39.6719],[-117.4114,39.6282],[-117.4137,39.5845],[-117.4236,39.5717],[-117.4335,39.5589],[-117.4434,39.546],[-117.4533,39.5332],[-117.4409,39.5298],[-117.4221,39.5245],[-117.4102,39.5182],[-117.3983,39.5118],[-117.3864,39.5055],[-117.3746,39.4991],[-117.3627,39.4928],[-117.3508,39.4864],[-117.339,39.48],[-117.3271,39.4737],[-117.299,39.4772],[-117.2708,39.4807],[-117.2427,39.4843],[-117.2145,39.4878],[-117.1863,39.4913],[-117.1582,39.4948],[-117.13,39.4983],[-117.1018,39.5018],[-117.084,39.5008],[-117.0935,39.513],[-117.1029,39.5251],[-117.1124,39.5373],[-117.1219,39.5495],[-117.1314,39.5617],[-117.1409,39.5738],[-117.1504,39.586],[-117.16,39.5982],[-117.1642,39.6601],[-117.1684,39.722],[-117.1601,39.7341],[-117.1517,39.7461],[-117.1433,39.7582],[-117.135,39.7702],[-117.1266,39.7823],[-117.1182,39.7943],[-117.1099,39.8064],[-117.1015,39.8184],[-117.1095,39.8436],[-117.1175,39.8687],[-117.1256,39.8939],[-117.1336,39.919],[-117.1407,39.9293],[-117.1479,39.9396],[-117.155,39.9499],[-117.1622,39.9602],[-117.1693,39.9705],[-117.1765,39.9808],[-117.1836,39.9911],[-117.1908,40.0014],[-117.1877,40.0235],[-117.1847,40.0455]]]},"properties":{"OBJECTID":898,"state":"Nevada","agency":"Nevada Department of Wildlife","unit_type":"GMU","unit_id":"15","unit_name":"Lutz","unit_label":"Nevada GMU 15 - Lutz","aliases":"15 | 15 lutz | 2025 | game management unit | game management unit 15 | game management unit 15 lutz | gmu | gmu 15 | gmu 15 lutz | hunt unit | hunt unit 15 | hunt unit 15 lutz | hunting unit | hunting unit 15 | hunting unit 15 lutz | lutz | nevada | neva","year":"2025","Shape_Length":185305.68578147193,"Shape_Area":1527392435.4096189}},{"type":"Feature","id":899,"geometry":{"type":"Polygon","coordinates":[[[-114.2344,36.7703],[-114.2272,36.7526],[-114.22,36.735],[-114.2401,36.7208],[-114.2601,36.7067],[-114.2802,36.6925],[-114.3002,36.6784],[-114.3078,36.6634],[-114.3153,36.6483],[-114.3229,36.6333],[-114.3304,36.6183],[-114.3331,36.5701],[-114.3358,36.522],[-114.3385,36.4738],[-114.3411,36.4256],[-114.3527,36.4074],[-114.3642,36.3893],[-114.3757,36.3711],[-114.3873,36.3529],[-114.3899,36.3273],[-114.3926,36.3016],[-114.3953,36.2759],[-114.3979,36.2502],[-114.4006,36.2245],[-114.4032,36.1988],[-114.4059,36.1731],[-114.4086,36.1475],[-114.3987,36.1459],[-114.3804,36.1421],[-114.3738,36.1436],[-114.3649,36.1345],[-114.3559,36.1254],[-114.3519,36.1225],[-114.3396,36.1112],[-114.3386,36.1102],[-114.3341,36.1069],[-114.3284,36.105],[-114.318,36.0928],[-114.3165,36.0911],[-114.3057,36.0756],[-114.3127,36.0678],[-114.3138,36.0581],[-114.3064,36.0577],[-114.2993,36.0572],[-114.2899,36.0492],[-114.2806,36.0412],[-114.2712,36.0332],[-114.2618,36.0252],[-114.2586,36.0235],[-114.2517,36.0198],[-114.2321,36.0146],[-114.2279,36.015],[-114.2251,36.0149],[-114.217,36.0154],[-114.2154,36.0155],[-114.214,36.0156],[-114.2091,36.0169],[-114.2059,36.0176],[-114.203,36.0183],[-114.1886,36.0231],[-114.1741,36.0278],[-114.1738,36.0277],[-114.1698,36.0277],[-114.1666,36.0277],[-114.164,36.0273],[-114.1637,36.0272],[-114.1628,36.027],[-114.1594,36.0258],[-114.1585,36.0254],[-114.1545,36.024],[-114.1539,36.024],[-114.1519,36.0245],[-114.1415,36.0375],[-114.141,36.0379],[-114.1397,36.0392],[-114.1387,36.0405],[-114.1373,36.0452],[-114.1372,36.0468],[-114.1313,36.068],[-114.1298,36.0704],[-114.1214,36.0875],[-114.1168,36.0928],[-114.1148,36.0978],[-114.1227,36.1122],[-114.1197,36.1154],[-114.1099,36.1201],[-114.0975,36.1282],[-114.0957,36.1316],[-114.0957,36.1317],[-114.0875,36.1457],[-114.0858,36.1476],[-114.0814,36.1552],[-114.0791,36.1596],[-114.0726,36.1713],[-114.0662,36.183],[-114.0611,36.1887],[-114.0599,36.1895],[-114.055,36.1909],[-114.0529,36.1919],[-114.0486,36.1935],[-114.0469,36.194],[-114.0468,36.2226],[-114.0468,36.2395],[-114.047,36.2491],[-114.0474,36.2557],[-114.0485,36.2846],[-114.0473,36.3109],[-114.0476,36.3252],[-114.0476,36.327],[-114.0468,36.4775],[-114.0483,36.4971],[-114.0485,36.5023],[-114.049,36.5567],[-114.05,36.6233],[-114.0503,36.75],[-114.0504,36.7566],[-114.0506,36.8174],[-114.0665,36.8106],[-114.0825,36.8039],[-114.0984,36.7971],[-114.1144,36.7903],[-114.1304,36.7836],[-114.1463,36.7768],[-114.1623,36.77],[-114.1782,36.7632],[-114.2063,36.7668],[-114.2344,36.7703]]]},"properties":{"OBJECTID":899,"state":"Nevada","agency":"Nevada Department of Wildlife","unit_type":"GMU","unit_id":"27","unit_name":"Munson","unit_label":"Nevada GMU 27 - Munson","aliases":"2025 | 27 | 27 munson | game management unit | game management unit 27 | game management unit 27 munson | gmu | gmu 27 | gmu 27 munson | hunt unit | hunt unit 27 | hunt unit 27 munson | hunting unit | hunting unit 27 | hunting unit 27 munson | munson | n","year":"2025","Shape_Length":216843.454627214,"Shape_Area":2096107895.6486132}},{"type":"Feature","id":900,"geometry":{"type":"Polygon","coordinates":[[[-115.4662,40.9584],[-115.4469,40.9518],[-115.4275,40.9453],[-115.4081,40.9387],[-115.3887,40.9321],[-115.3694,40.9255],[-115.35,40.9189],[-115.3307,40.9123],[-115.3113,40.9057],[-115.3014,40.8817],[-115.2915,40.8577],[-115.2666,40.8606],[-115.2417,40.8635],[-115.2301,40.8505],[-115.2185,40.8375],[-115.207,40.8246],[-115.1954,40.8116],[-115.1683,40.811],[-115.1412,40.8104],[-115.1409,40.6904],[-115.1322,40.6771],[-115.1235,40.6638],[-115.1108,40.669],[-115.0981,40.6742],[-115.0854,40.6794],[-115.0726,40.6845],[-115.0599,40.6897],[-115.0472,40.6949],[-115.0345,40.7],[-115.0217,40.7052],[-115.0289,40.7316],[-115.0361,40.758],[-115.0271,40.775],[-115.0181,40.792],[-115.009,40.809],[-115.0,40.826],[-114.991,40.843],[-114.982,40.86],[-114.9729,40.877],[-114.9639,40.894],[-114.9624,40.9453],[-114.961,40.9967],[-114.9595,41.0481],[-114.9581,41.0995],[-114.9807,41.1022],[-115.0034,41.1049],[-115.026,41.1076],[-115.0487,41.1103],[-115.0749,41.1073],[-115.101,41.1043],[-115.1272,41.1013],[-115.1534,41.0982],[-115.1795,41.0952],[-115.2057,41.0921],[-115.2318,41.0891],[-115.258,41.086],[-115.2747,41.0785],[-115.2915,41.0709],[-115.3082,41.0634],[-115.325,41.0558],[-115.3417,41.0483],[-115.3584,41.0407],[-115.3752,41.0331],[-115.3919,41.0256],[-115.4012,41.0172],[-115.4105,41.0088],[-115.4198,41.0004],[-115.4291,40.992],[-115.4384,40.9836],[-115.4477,40.9752],[-115.4569,40.9668],[-115.4662,40.9584]]]},"properties":{"OBJECTID":900,"state":"Nevada","agency":"Nevada Department of Wildlife","unit_type":"GMU","unit_id":"10","unit_name":"McAdoo","unit_label":"Nevada GMU 10 - McAdoo","aliases":"10 | 10 mcadoo | 2025 | game management unit | game management unit 10 | game management unit 10 mcadoo | gmu | gmu 10 | gmu 10 mcadoo | hunt unit | hunt unit 10 | hunt unit 10 mcadoo | hunting unit | hunting unit 10 | hunting unit 10 mcadoo | mcadoo | n","year":"2025","Shape_Length":155578.67475648492,"Shape_Area":1131966374.795876}},{"type":"Feature","id":901,"geometry":{"type":"Polygon","coordinates":[[[-116.1148,41.2753],[-116.1393,41.2822],[-116.1639,41.289],[-116.1885,41.2959],[-116.2131,41.3027],[-116.2244,41.2834],[-116.2357,41.264],[-116.247,41.2446],[-116.2583,41.2252],[-116.274,41.2222],[-116.2896,41.2191],[-116.3053,41.216],[-116.3209,41.2129],[-116.3366,41.2098],[-116.3523,41.2068],[-116.3679,41.2037],[-116.3836,41.2006],[-116.4102,41.2037],[-116.4369,41.2067],[-116.4635,41.2098],[-116.4902,41.2129],[-116.5169,41.2159],[-116.5435,41.219],[-116.5702,41.2221],[-116.5969,41.2251],[-116.6121,41.2236],[-116.6273,41.2222],[-116.6425,41.2207],[-116.6577,41.2192],[-116.6729,41.2178],[-116.6881,41.2163],[-116.7033,41.2148],[-116.7185,41.2133],[-116.7345,41.213],[-116.7504,41.2126],[-116.7663,41.2122],[-116.7822,41.2119],[-116.7981,41.2115],[-116.814,41.2111],[-116.83,41.2107],[-116.8459,41.2103],[-116.8568,41.2032],[-116.8676,41.196],[-116.8785,41.1888],[-116.8894,41.1816],[-116.9055,41.1774],[-116.9215,41.1731],[-116.9376,41.1689],[-116.9537,41.1646],[-116.9697,41.1603],[-116.9858,41.1561],[-117.0019,41.1518],[-117.0179,41.1475],[-117.0186,40.7933],[-117.004,40.7832],[-116.9894,40.7731],[-116.9748,40.763],[-116.9602,40.7529],[-116.9456,40.7428],[-116.931,40.7328],[-116.9164,40.7227],[-116.9019,40.7126],[-116.8817,40.7031],[-116.8616,40.6936],[-116.8415,40.684],[-116.8213,40.6745],[-116.8046,40.6768],[-116.7878,40.6791],[-116.7711,40.6814],[-116.7543,40.6837],[-116.7375,40.686],[-116.7208,40.6883],[-116.704,40.6906],[-116.6872,40.6929],[-116.6705,40.6952],[-116.6537,40.6975],[-116.6369,40.6998],[-116.6201,40.702],[-116.6034,40.7043],[-116.5866,40.7066],[-116.5698,40.7089],[-116.553,40.7111],[-116.5336,40.7059],[-116.5142,40.7007],[-116.5051,40.674],[-116.4959,40.6473],[-116.4868,40.6205],[-116.4776,40.5938],[-116.4651,40.5842],[-116.4526,40.5746],[-116.4248,40.5752],[-116.397,40.5759],[-116.3691,40.5765],[-116.3413,40.5771],[-116.3135,40.5777],[-116.2856,40.5783],[-116.2578,40.5789],[-116.23,40.5795],[-116.217,40.5846],[-116.2041,40.5897],[-116.1912,40.5948],[-116.1783,40.5999],[-116.1691,40.6142],[-116.1599,40.6285],[-116.1507,40.6428],[-116.1414,40.6571],[-116.1322,40.6714],[-116.123,40.6857],[-116.1138,40.7],[-116.1046,40.7143],[-116.1168,40.7305],[-116.129,40.7466],[-116.1412,40.7627],[-116.1535,40.7789],[-116.1725,40.793],[-116.1914,40.8071],[-116.2104,40.8212],[-116.2294,40.8353],[-116.2183,40.8497],[-116.2072,40.8641],[-116.1961,40.8785],[-116.185,40.8929],[-116.1779,40.9214],[-116.1709,40.9499],[-116.1638,40.9785],[-116.1567,41.007],[-116.1485,41.0224],[-116.1402,41.0379],[-116.132,41.0533],[-116.1237,41.0687],[-116.1154,41.0842],[-116.1072,41.0996],[-116.0989,41.115],[-116.0906,41.1305],[-116.0871,41.203],[-116.0757,41.2118],[-116.0643,41.2206],[-116.053,41.2295],[-116.0416,41.2383],[-116.0599,41.2476],[-116.0782,41.2568],[-116.0965,41.2661],[-116.1148,41.2753]]]},"properties":{"OBJECTID":901,"state":"Nevada","agency":"Nevada Department of Wildlife","unit_type":"GMU","unit_id":"6","unit_name":"Jeffress","unit_label":"Nevada GMU 6 - Jeffress","aliases":"2025 | 6 | 6 jeffress | game management unit | game management unit 6 | game management unit 6 jeffress | gmu | gmu 6 | gmu 6 jeffress | hunt unit | hunt unit 6 | hunt unit 6 jeffress | hunting unit | hunting unit 6 | hunting unit 6 jeffress | jeffress |","year":"2025","Shape_Length":297938.44304743066,"Shape_Area":4592195150.391732}},{"type":"Feature","id":902,"geometry":{"type":"Polygon","coordinates":[[[-118.021,38.7651],[-118.0082,38.7793],[-117.9955,38.7934],[-117.9827,38.8076],[-117.9699,38.8218],[-117.9572,38.8359],[-117.9444,38.8501],[-117.9316,38.8642],[-117.9188,38.8784],[-117.9381,38.8836],[-117.9574,38.8888],[-117.9767,38.894],[-117.9961,38.8992],[-118.0154,38.9044],[-118.0347,38.9096],[-118.054,38.9148],[-118.0734,38.92],[-118.0927,38.9252],[-118.112,38.9303],[-118.1314,38.9355],[-118.1507,38.9407],[-118.17,38.9459],[-118.1894,38.9511],[-118.2087,38.9562],[-118.2281,38.9614],[-118.2482,38.9624],[-118.2683,38.9635],[-118.2884,38.9645],[-118.3084,38.9656],[-118.3208,38.9752],[-118.3331,38.9849],[-118.3454,38.9945],[-118.3577,39.0042],[-118.37,39.0138],[-118.3824,39.0235],[-118.3947,39.0331],[-118.407,39.0428],[-118.4199,39.048],[-118.4327,39.0532],[-118.4456,39.0585],[-118.4584,39.0637],[-118.4792,39.06],[-118.5,39.0564],[-118.5208,39.0527],[-118.5416,39.049],[-118.5588,39.0525],[-118.5759,39.0559],[-118.5931,39.0594],[-118.6102,39.0628],[-118.6261,39.0717],[-118.6419,39.0806],[-118.6578,39.0894],[-118.6737,39.0983],[-118.6896,39.1071],[-118.7055,39.116],[-118.7214,39.1249],[-118.7373,39.1337],[-118.7546,39.1229],[-118.7719,39.1121],[-118.7778,39.0933],[-118.7837,39.0745],[-118.7904,39.041],[-118.797,39.0074],[-118.8037,38.9739],[-118.8103,38.9403],[-118.8028,38.9197],[-118.7953,38.899],[-118.7877,38.8784],[-118.7802,38.8577],[-118.7727,38.8371],[-118.7652,38.8164],[-118.7577,38.7958],[-118.7502,38.7751],[-118.7561,38.751],[-118.7621,38.7269],[-118.768,38.7028],[-118.774,38.6786],[-118.7656,38.6667],[-118.7572,38.6547],[-118.7489,38.6428],[-118.7405,38.6308],[-118.7322,38.6189],[-118.7238,38.6069],[-118.7155,38.595],[-118.7071,38.583],[-118.6867,38.5707],[-118.6663,38.5583],[-118.6459,38.5459],[-118.6256,38.5335],[-118.6085,38.5355],[-118.5914,38.5375],[-118.5743,38.5395],[-118.5572,38.5415],[-118.5401,38.5435],[-118.523,38.5454],[-118.5059,38.5474],[-118.4888,38.5494],[-118.4721,38.548],[-118.4555,38.5466],[-118.4388,38.5451],[-118.4222,38.5437],[-118.4055,38.5423],[-118.3888,38.5408],[-118.3722,38.5394],[-118.3555,38.5379],[-118.3389,38.5365],[-118.3222,38.5351],[-118.3056,38.5336],[-118.2889,38.5322],[-118.2723,38.5307],[-118.2556,38.5293],[-118.239,38.5278],[-118.2223,38.5263],[-118.2061,38.5189],[-118.1899,38.5115],[-118.1852,38.5306],[-118.1805,38.5496],[-118.1757,38.5686],[-118.171,38.5877],[-118.1554,38.5902],[-118.1398,38.5927],[-118.1241,38.5953],[-118.1085,38.5978],[-118.1014,38.628],[-118.0943,38.6581],[-118.0852,38.6715],[-118.076,38.6849],[-118.0668,38.6982],[-118.0577,38.7116],[-118.0485,38.725],[-118.0393,38.7384],[-118.0301,38.7518],[-118.021,38.7651]]]},"properties":{"OBJECTID":902,"state":"Nevada","agency":"Nevada Department of Wildlife","unit_type":"GMU","unit_id":"20","unit_name":"Salisbury","unit_label":"Nevada GMU 20 - Salisbury","aliases":"20 | 20 salisbury | 2025 | game management unit | game management unit 20 | game management unit 20 salisbury | gmu | gmu 20 | gmu 20 salisbury | hunt unit | hunt unit 20 | hunt unit 20 salisbury | hunting unit | hunting unit 20 | hunting unit 20 salisbu","year":"2025","Shape_Length":242188.97795116418,"Shape_Area":3325354867.458667}},{"type":"Feature","id":903,"geometry":{"type":"Polygon","coordinates":[[[-118.0963,38.2701],[-118.0841,38.262],[-118.0718,38.254],[-118.0596,38.246],[-118.0474,38.238],[-118.0351,38.23],[-118.0229,38.222],[-118.0107,38.214],[-117.9985,38.206],[-117.9889,38.2144],[-117.9793,38.2227],[-117.9698,38.2311],[-117.9602,38.2395],[-117.9506,38.2479],[-117.941,38.2563],[-117.9314,38.2646],[-117.9218,38.273],[-117.9122,38.2814],[-117.9026,38.2898],[-117.893,38.2981],[-117.8835,38.3065],[-117.8739,38.3149],[-117.8642,38.3233],[-117.8546,38.3316],[-117.845,38.34],[-117.8354,38.3484],[-117.8258,38.3567],[-117.8162,38.3651],[-117.8066,38.3735],[-117.797,38.3818],[-117.7874,38.3902],[-117.7777,38.3986],[-117.7681,38.4069],[-117.7585,38.4153],[-117.7488,38.4236],[-117.7392,38.432],[-117.7296,38.4404],[-117.7199,38.4487],[-117.7103,38.4571],[-117.7007,38.4654],[-117.691,38.4738],[-117.7013,38.4829],[-117.7116,38.492],[-117.7219,38.5012],[-117.7321,38.5103],[-117.7424,38.5194],[-117.7527,38.5285],[-117.763,38.5376],[-117.7733,38.5467],[-117.7836,38.5558],[-117.7939,38.5649],[-117.8041,38.574],[-117.8144,38.5832],[-117.8247,38.5923],[-117.8351,38.6014],[-117.8454,38.6105],[-117.8557,38.6196],[-117.866,38.6287],[-117.8763,38.6378],[-117.8866,38.6469],[-117.8969,38.656],[-117.9073,38.6651],[-117.9176,38.6742],[-117.9279,38.6833],[-117.9382,38.6924],[-117.9486,38.7015],[-117.9589,38.7106],[-117.9692,38.7197],[-117.9796,38.7288],[-117.9899,38.7379],[-118.0003,38.747],[-118.0106,38.756],[-118.021,38.7651],[-118.0301,38.7518],[-118.0393,38.7384],[-118.0485,38.725],[-118.0577,38.7116],[-118.0668,38.6982],[-118.076,38.6849],[-118.0852,38.6715],[-118.0943,38.6581],[-118.1014,38.628],[-118.1085,38.5978],[-118.1241,38.5953],[-118.1398,38.5927],[-118.1554,38.5902],[-118.171,38.5877],[-118.1757,38.5686],[-118.1805,38.5496],[-118.1852,38.5306],[-118.1899,38.5115],[-118.1796,38.4961],[-118.1692,38.4806],[-118.1589,38.4652],[-118.1485,38.4497],[-118.1382,38.4342],[-118.1279,38.4188],[-118.1175,38.4033],[-118.1072,38.3879],[-118.1045,38.3584],[-118.1018,38.329],[-118.099,38.2995],[-118.0963,38.2701]]]},"properties":{"OBJECTID":903,"state":"Nevada","agency":"Nevada Department of Wildlife","unit_type":"GMU","unit_id":"20","unit_name":"Salisbury","unit_label":"Nevada GMU 20 - Salisbury","aliases":"20 | 20 salisbury | 2025 | game management unit | game management unit 20 | game management unit 20 salisbury | gmu | gmu 20 | gmu 20 salisbury | hunt unit | hunt unit 20 | hunt unit 20 salisbury | hunting unit | hunting unit 20 | hunting unit 20 salisbu","year":"2025","Shape_Length":158009.98872797206,"Shape_Area":1398523414.1914096}},{"type":"Feature","id":904,"geometry":{"type":"Polygon","coordinates":[[[-117.7767,38.0186],[-117.7625,38.0221],[-117.7482,38.0255],[-117.734,38.0289],[-117.7198,38.0324],[-117.7055,38.0358],[-117.6913,38.0392],[-117.677,38.0427],[-117.6628,38.0461],[-117.6539,38.0553],[-117.645,38.0644],[-117.6361,38.0736],[-117.6272,38.0828],[-117.6182,38.0919],[-117.6093,38.1011],[-117.6004,38.1103],[-117.5915,38.1194],[-117.575,38.1222],[-117.5586,38.125],[-117.5421,38.1278],[-117.5257,38.1306],[-117.5092,38.1334],[-117.4928,38.1362],[-117.4763,38.139],[-117.4598,38.1418],[-117.4335,38.1338],[-117.4072,38.1258],[-117.3809,38.1178],[-117.3546,38.1097],[-117.3283,38.1017],[-117.302,38.0937],[-117.2757,38.0856],[-117.2494,38.0776],[-117.2593,38.0864],[-117.2692,38.0952],[-117.2791,38.104],[-117.2889,38.1127],[-117.2988,38.1215],[-117.3087,38.1303],[-117.3186,38.1391],[-117.3285,38.1479],[-117.3415,38.1597],[-117.3546,38.1715],[-117.3676,38.1832],[-117.3807,38.195],[-117.3952,38.2078],[-117.4019,38.2137],[-117.4109,38.2219],[-117.4199,38.23],[-117.4289,38.2382],[-117.4379,38.2463],[-117.4469,38.2544],[-117.4559,38.2626],[-117.465,38.2707],[-117.474,38.2788],[-117.483,38.287],[-117.492,38.2951],[-117.501,38.3032],[-117.5101,38.3113],[-117.5191,38.3195],[-117.5281,38.3276],[-117.5372,38.3357],[-117.5462,38.3439],[-117.5552,38.352],[-117.5643,38.3601],[-117.5733,38.3682],[-117.5824,38.3764],[-117.5914,38.3845],[-117.6005,38.3926],[-117.6095,38.4007],[-117.6186,38.4089],[-117.6276,38.417],[-117.6367,38.4251],[-117.6457,38.4332],[-117.6548,38.4413],[-117.6638,38.4495],[-117.6729,38.4576],[-117.682,38.4657],[-117.691,38.4738],[-117.7007,38.4654],[-117.7103,38.4571],[-117.7199,38.4487],[-117.7296,38.4404],[-117.7392,38.432],[-117.7488,38.4236],[-117.7585,38.4153],[-117.7681,38.4069],[-117.7777,38.3986],[-117.7874,38.3902],[-117.797,38.3818],[-117.8066,38.3735],[-117.8162,38.3651],[-117.8258,38.3567],[-117.8354,38.3484],[-117.845,38.34],[-117.8546,38.3316],[-117.8642,38.3233],[-117.8739,38.3149],[-117.8835,38.3065],[-117.893,38.2981],[-117.9026,38.2898],[-117.9122,38.2814],[-117.9218,38.273],[-117.9314,38.2646],[-117.941,38.2563],[-117.9506,38.2479],[-117.9602,38.2395],[-117.9698,38.2311],[-117.9793,38.2227],[-117.9889,38.2144],[-117.9985,38.206],[-117.9877,38.1967],[-117.977,38.1873],[-117.9663,38.178],[-117.9555,38.1686],[-117.9469,38.1515],[-117.9383,38.1343],[-117.9297,38.1172],[-117.9211,38.1],[-117.9125,38.0828],[-117.9039,38.0657],[-117.8952,38.0485],[-117.8867,38.0313],[-117.8592,38.0282],[-117.8317,38.025],[-117.8042,38.0218],[-117.7767,38.0186]]]},"properties":{"OBJECTID":904,"state":"Nevada","agency":"Nevada Department of Wildlife","unit_type":"GMU","unit_id":"21","unit_name":"Bennett","unit_label":"Nevada GMU 21 - Bennett","aliases":"2025 | 21 | 21 bennett | bennett | game management unit | game management unit 21 | game management unit 21 bennett | gmu | gmu 21 | gmu 21 bennett | hunt unit | hunt unit 21 | hunt unit 21 bennett | hunting unit | hunting unit 21 | hunting unit 21 benne","year":"2025","Shape_Length":182534.46788625975,"Shape_Area":1542425625.930953}},{"type":"Feature","id":905,"geometry":{"type":"Polygon","coordinates":[[[-116.4003,36.6438],[-116.3809,36.6408],[-116.3614,36.6377],[-116.342,36.6346],[-116.3226,36.6316],[-116.3062,36.6246],[-116.2897,36.6177],[-116.2733,36.6107],[-116.2569,36.6038],[-116.2405,36.5968],[-116.2241,36.5899],[-116.2076,36.5829],[-116.1912,36.576],[-116.1742,36.5732],[-116.1572,36.5704],[-116.1402,36.5676],[-116.1232,36.5648],[-116.097,36.5708],[-116.0707,36.5768],[-116.0709,36.6245],[-116.0877,36.637],[-116.1046,36.6495],[-116.1214,36.6621],[-116.1383,36.6746],[-116.1545,36.6743],[-116.1707,36.6741],[-116.1868,36.6738],[-116.203,36.6736],[-116.2192,36.6733],[-116.2354,36.6731],[-116.2515,36.6728],[-116.2677,36.6725],[-116.2839,36.6722],[-116.3001,36.672],[-116.3162,36.6717],[-116.3324,36.6714],[-116.3486,36.6712],[-116.3648,36.6709],[-116.3809,36.6706],[-116.3971,36.6703],[-116.4003,36.6438]]]},"properties":{"OBJECTID":905,"state":"Nevada","agency":"Nevada Department of Wildlife","unit_type":"GMU","unit_id":"25","unit_name":"Bennett","unit_label":"Nevada GMU 25 - Bennett","aliases":"2025 | 25 | 25 bennett | bennett | game management unit | game management unit 25 | game management unit 25 bennett | gmu | gmu 25 | gmu 25 bennett | hunt unit | hunt unit 25 | hunt unit 25 bennett | hunting unit | hunting unit 25 | hunting unit 25 benne","year":"2025","Shape_Length":70663.66236891632,"Shape_Area":222366298.93044025}},{"type":"Feature","id":906,"geometry":{"type":"Polygon","coordinates":[[[-117.9985,38.206],[-118.0107,38.214],[-118.0229,38.222],[-118.0351,38.23],[-118.0474,38.238],[-118.0596,38.246],[-118.0718,38.254],[-118.0841,38.262],[-118.0963,38.2701],[-118.1146,38.2614],[-118.1329,38.2527],[-118.1512,38.244],[-118.1696,38.2353],[-118.1745,38.2197],[-118.1794,38.2041],[-118.1844,38.1885],[-118.1893,38.1729],[-118.2027,38.1652],[-118.2161,38.1576],[-118.2294,38.1499],[-118.2428,38.1423],[-118.2535,38.1253],[-118.2642,38.1083],[-118.2748,38.0913],[-118.2855,38.0743],[-118.2804,38.0425],[-118.2753,38.0108],[-118.2504,38.0084],[-118.2254,38.006],[-118.2004,38.0037],[-118.1754,38.0013],[-118.1574,38.0032],[-118.1393,38.0051],[-118.1213,38.007],[-118.1032,38.0088],[-118.0852,38.0107],[-118.0672,38.0126],[-118.0491,38.0145],[-118.0311,38.0164],[-118.013,38.0183],[-117.995,38.0201],[-117.9769,38.022],[-117.9589,38.0239],[-117.9408,38.0257],[-117.9228,38.0276],[-117.9047,38.0295],[-117.8867,38.0313],[-117.8952,38.0485],[-117.9039,38.0657],[-117.9125,38.0828],[-117.9211,38.1],[-117.9297,38.1172],[-117.9383,38.1343],[-117.9469,38.1515],[-117.9555,38.1686],[-117.9663,38.178],[-117.977,38.1873],[-117.9877,38.1967],[-117.9985,38.206]]]},"properties":{"OBJECTID":906,"state":"Nevada","agency":"Nevada Department of Wildlife","unit_type":"GMU","unit_id":"20","unit_name":"Salisbury","unit_label":"Nevada GMU 20 - Salisbury","aliases":"20 | 20 salisbury | 2025 | game management unit | game management unit 20 | game management unit 20 salisbury | gmu | gmu 20 | gmu 20 salisbury | hunt unit | hunt unit 20 | hunt unit 20 salisbury | hunting unit | hunting unit 20 | hunting unit 20 salisbu","year":"2025","Shape_Length":103399.56709437339,"Shape_Area":662523150.1258023}},{"type":"Feature","id":907,"geometry":{"type":"Polygon","coordinates":[[[-116.1783,40.5999],[-116.1912,40.5948],[-116.2041,40.5897],[-116.217,40.5846],[-116.23,40.5795],[-116.2578,40.5789],[-116.2856,40.5783],[-116.3135,40.5777],[-116.3413,40.5771],[-116.3691,40.5765],[-116.397,40.5759],[-116.4248,40.5752],[-116.4526,40.5746],[-116.4651,40.5842],[-116.4776,40.5938],[-116.4884,40.5762],[-116.4991,40.5585],[-116.5098,40.5409],[-116.5206,40.5232],[-116.5313,40.5056],[-116.542,40.4879],[-116.5527,40.4703],[-116.5634,40.4526],[-116.5741,40.435],[-116.5848,40.4173],[-116.5955,40.3997],[-116.6062,40.382],[-116.6168,40.3644],[-116.6275,40.3467],[-116.6382,40.3291],[-116.6488,40.3114],[-116.6598,40.3016],[-116.6708,40.2918],[-116.6817,40.2821],[-116.6927,40.2723],[-116.6875,40.2416],[-116.6824,40.2109],[-116.6667,40.1963],[-116.6511,40.1816],[-116.6355,40.167],[-116.6198,40.1523],[-116.6138,40.1381],[-116.6077,40.1238],[-116.6016,40.1096],[-116.5956,40.0953],[-116.5895,40.0811],[-116.5835,40.0669],[-116.5774,40.0526],[-116.5714,40.0384],[-116.5582,40.0428],[-116.545,40.0472],[-116.5319,40.0516],[-116.5187,40.056],[-116.5055,40.0604],[-116.4923,40.0648],[-116.4792,40.0692],[-116.466,40.0736],[-116.4528,40.078],[-116.4396,40.0824],[-116.4264,40.0867],[-116.4132,40.0911],[-116.4001,40.0955],[-116.3869,40.0999],[-116.3737,40.1043],[-116.3605,40.1087],[-116.3413,40.1038],[-116.3221,40.0989],[-116.3029,40.094],[-116.2837,40.0891],[-116.2639,40.086],[-116.2441,40.083],[-116.2243,40.0799],[-116.2046,40.0768],[-116.1983,40.1094],[-116.1921,40.142],[-116.1859,40.1747],[-116.1796,40.2073],[-116.1714,40.2169],[-116.1631,40.2264],[-116.1549,40.236],[-116.1467,40.2456],[-116.1384,40.2552],[-116.1302,40.2648],[-116.1219,40.2744],[-116.1137,40.2839],[-116.1067,40.299],[-116.1096,40.3295],[-116.1126,40.3601],[-116.1156,40.3907],[-116.1186,40.4213],[-116.1215,40.4519],[-116.1245,40.4825],[-116.1275,40.5131],[-116.1305,40.5437],[-116.1424,40.5577],[-116.1544,40.5718],[-116.1663,40.5858],[-116.1783,40.5999]]]},"properties":{"OBJECTID":907,"state":"Nevada","agency":"Nevada Department of Wildlife","unit_type":"GMU","unit_id":"14","unit_name":"Garrett","unit_label":"Nevada GMU 14 - Garrett","aliases":"14 | 14 garrett | 2025 | game management unit | game management unit 14 | game management unit 14 garrett | garrett | gmu | gmu 14 | gmu 14 garrett | hunt unit | hunt unit 14 | hunt unit 14 garrett | hunting unit | hunting unit 14 | hunting unit 14 garre","year":"2025","Shape_Length":190749.45649000042,"Shape_Area":2183148335.3709006}},{"type":"Feature","id":908,"geometry":{"type":"Polygon","coordinates":[[[-119.7792,38.9623],[-119.7672,38.9511],[-119.7553,38.94],[-119.7433,38.9288],[-119.7314,38.9177],[-119.7194,38.9065],[-119.7075,38.8954],[-119.6956,38.8842],[-119.6836,38.8731],[-119.6825,38.8713],[-119.6709,38.8639],[-119.6594,38.8565],[-119.6478,38.849],[-119.6363,38.8416],[-119.6261,38.8274],[-119.6159,38.8132],[-119.6057,38.799],[-119.5955,38.7848],[-119.5853,38.7706],[-119.5751,38.7564],[-119.5649,38.7423],[-119.5547,38.7281],[-119.5345,38.7329],[-119.5142,38.7377],[-119.4939,38.7426],[-119.4736,38.7474],[-119.4534,38.7523],[-119.4331,38.7571],[-119.4128,38.7619],[-119.3925,38.7667],[-119.3939,38.8676],[-119.4171,38.873],[-119.4105,38.8981],[-119.4039,38.9232],[-119.3973,38.9483],[-119.3907,38.9733],[-119.3962,38.9974],[-119.4018,39.0215],[-119.4073,39.0456],[-119.4129,39.0697],[-119.3978,39.0796],[-119.3827,39.0894],[-119.3675,39.0993],[-119.3524,39.1092],[-119.3373,39.119],[-119.3222,39.1289],[-119.307,39.1387],[-119.2919,39.1486],[-119.2669,39.1516],[-119.242,39.1547],[-119.217,39.1578],[-119.1921,39.1608],[-119.1998,39.1794],[-119.2076,39.198],[-119.2154,39.2166],[-119.2232,39.2352],[-119.2309,39.2537],[-119.2387,39.2723],[-119.2465,39.2909],[-119.2543,39.3095],[-119.247,39.3362],[-119.2397,39.3628],[-119.2324,39.3895],[-119.2251,39.4162],[-119.2412,39.4104],[-119.2573,39.4045],[-119.2734,39.3987],[-119.2895,39.3928],[-119.3055,39.387],[-119.3216,39.3811],[-119.3377,39.3753],[-119.3538,39.3694],[-119.3699,39.3636],[-119.3859,39.3577],[-119.402,39.3518],[-119.4181,39.346],[-119.4342,39.3401],[-119.4502,39.3342],[-119.4663,39.3284],[-119.4823,39.3225],[-119.494,39.3157],[-119.5056,39.3088],[-119.5173,39.302],[-119.5289,39.2952],[-119.5405,39.2884],[-119.5522,39.2815],[-119.5638,39.2747],[-119.5754,39.2679],[-119.5823,39.2518],[-119.5893,39.2357],[-119.6082,39.228],[-119.6271,39.2204],[-119.6461,39.2128],[-119.665,39.2052],[-119.6839,39.1976],[-119.7028,39.19],[-119.7217,39.1823],[-119.7406,39.1747],[-119.7484,39.1613],[-119.7562,39.1479],[-119.7641,39.1345],[-119.7719,39.1211],[-119.7737,39.0814],[-119.7755,39.0417],[-119.7773,39.002],[-119.7792,38.9623]]]},"properties":{"OBJECTID":908,"state":"Nevada","agency":"Nevada Department of Wildlife","unit_type":"GMU","unit_id":"29","unit_name":"Lackey","unit_label":"Nevada GMU 29 - Lackey","aliases":"2025 | 29 | 29 lackey | game management unit | game management unit 29 | game management unit 29 lackey | gmu | gmu 29 | gmu 29 lackey | hunt unit | hunt unit 29 | hunt unit 29 lackey | hunting unit | hunting unit 29 | hunting unit 29 lackey | lackey | n","year":"2025","Shape_Length":212525.43588979787,"Shape_Area":2015191012.5392888}}]}