{"type":"FeatureCollection","features":[{"type":"Feature","id":"AZ-AZGF-CA24-01-17","geometry":{"type":"Point","coordinates":[-113.61886,36.18823]},"properties":{"GIS ID":"400-25","WRI":"False","Status Year":"2025","Status":"True","Project ID":"AZ-AZGF-CA24-01-17","Private":"False","Project Name":"Salthouse Draw Aerial Seeding","Public Name":"Salthouse Draw Aerial Seeding","Year":"2025","MDF/BDF":"MDF","Location":"Salt House Draw","County":"Mohave","State":"AZ","Narrative":"This project aerially seeded treated pinyon\u2013juniper habitat following mastication to promote the recovery of native grasses and forbs on public lands. Restoring native vegetation improves forage availability, supports healthier mule deer habitat, and helps maintain more open and wildfire-resilient rangeland conditions.","Category":"Habitat Conservation","Project Type":"Habitat Enhancement","Partner Type":"State","Partner Name":"BLM","Land Jurisdiction":"Public","Herds":"0","GMUs":"13B","Deer Capacity":"20","Acres Benefitted":"196","Miles Treated":"0","Structures Installed":"0","Volunteer Hours":"0","Longitude":"-113.61886","Latitude":"36.18823","photo_urls":[],"photo_url":""}},{"type":"Feature","id":"3992248887213956","geometry":{"type":"Point","coordinates":[-108.26004,39.20162]},"properties":{"GIS ID":"402-25","WRI":"False","Status Year":"2025","Status":"True","Private":"False","Project Name":"Beavertail Fire Seeding","Public Name":"Beavertail Fire Seeding","Year":"2025","MDF/BDF":"MDF","Location":"Cameo/ Beavertail Fire Scar","County":"Mesa County","State":"CO","Narrative":"This partnership project restored native vegetation following the Beavertail Fire through post-fire seeding efforts on public lands. Reestablishing native plant communities supports long-term habitat recovery, improves forage availability, and strengthens ecosystem resilience for mule deer and other wildlife.","Category":"Habitat Conservation","Project Type":"Fire Restoration","Partner Type":"Federal","Partner Name":"BLM","Land Jurisdiction":"Public","Herds":"0","GMUs":"D-1","Deer Capacity":"6","Acres Benefitted":"60","Miles Treated":"0","Structures Installed":"0","Volunteer Hours":"0","Longitude":"-108.26004","Latitude":"39.20162","photo_urls":[],"photo_url":""}},{"type":"Feature","id":"CO-BLM-CA16-01-12","geometry":{"type":"Point","coordinates":[-108.71274,38.09954]},"properties":{"GIS ID":"403-25","WRI":"False","Status Year":"2025","Status":"True","Project ID":"CO-BLM-CA16-01-12","Private":"False","Project Name":"Dry Creek Guzzler Repair and Fencing","Public Name":"Dry Creek Guzzler Repair and Fencing","Year":"2025","MDF/BDF":"MDF","Location":"Basin","County":"San Miguel County","State":"CO","Narrative":"This project improved water availability for big game in the arid Dry Creek Basin by replacing aging wildlife guzzlers and upgrading water infrastructure on public lands. The new guzzlers and wildlife-friendly fencing provide more reliable water access for mule deer and other wildlife while improving long-term habitat functionality.","Category":"Wildlife Management","Project Type":"Water Access","Partner Type":"Federal","Partner Name":"BLM","Land Jurisdiction":"Public","Herds":"0","GMUs":"D-2","Deer Capacity":"256","Acres Benefitted":"2560","Miles Treated":"0","Structures Installed":"3","Volunteer Hours":"0","Longitude":"-108.71274","Latitude":"38.09954","photo_urls":[],"photo_url":""}},{"type":"Feature","id":"CO-NFWF-GT22-01-04","geometry":{"type":"Point","coordinates":[-108.7988,39.39269]},"properties":{"GIS ID":"404-25","WRI":"False","Status Year":"2025","Status":"True","Project ID":"CO-NFWF-GT22-01-04","Private":"False","Project Name":"East Salt Lop and Scatter","Public Name":"East Salt Lop and Scatter","Year":"2025","MDF/BDF":"MDF","Location":"Loma","County":"Garfield County","State":"CO","Narrative":"This project restored sagebrush habitat by removing encroaching pinyon and juniper that were crowding out native vegetation. The treatment promotes the growth of grasses, shrubs, and other forage plants, improving habitat quality, increasing wildfire resilience, and supporting mule deer and other sagebrush-dependent wildlife.","Category":"Habitat Conservation","Project Type":"Habitat Enhancement","Partner Type":"Federal","Partner Name":"BLM","Land Jurisdiction":"Public","Herds":"0","GMUs":"D-1","Deer Capacity":"80","Acres Benefitted":"800","Miles Treated":"0","Structures Installed":"0","Volunteer Hours":"0","Longitude":"-108.7988","Latitude":"39.39269","photo_urls":[],"photo_url":""}},{"type":"Feature","id":"CO-BLM-CA16-01-11","geometry":{"type":"Point","coordinates":[-105.82835,38.46046]},"properties":{"GIS ID":"405-25","WRI":"False","Status Year":"2025","Status":"True","Project ID":"CO-BLM-CA16-01-11","Private":"False","Project Name":"North Howard Mastication","Public Name":"North Howard Mastication","Year":"2025","MDF/BDF":"MDF","Location":"Howard","County":"Fremont County","State":"CO","Narrative":"This multi-jurisdictional project thinned high-density pinyon and juniper across State Trust and BLM lands. Mastication and lop and scatter treatments opened up the canopy, allowing for revitalization of the understory community, increased forage for wildlife, and reduced fire risk.","Category":"Habitat Conservation","Project Type":"Habitat Enhancement","Partner Type":"Federal","Partner Name":"BLM","Land Jurisdiction":"Public","Herds":"San Isabel","GMUs":"D-1","Deer Capacity":"100","Acres Benefitted":"1000","Miles Treated":"0","Structures Installed":"0","Volunteer Hours":"0","Longitude":"-105.82835","Latitude":"38.46046","photo_urls":[],"photo_url":""}},{"type":"Feature","id":"2584874003660676","geometry":{"type":"Point","coordinates":[-108.8337,39.47991]},"properties":{"GIS ID":"406-25","WRI":"False","Status Year":"2025","Status":"True","Private":"True","Project Name":"Spink Canyon Archeology Clearance Surveys","Public Name":"Colorado 2025 Private Lands Surveys #1","Year":"2025","MDF/BDF":"MDF","Location":"Loma/ Douglas Pass","County":"Garfield County","State":"CO","Narrative":"This project completed archaeological surveys on public lands to help guide future vegetation and habitat restoration treatments. The surveys help ensure upcoming projects can improve mule deer habitat and wildfire resilience while protecting important cultural resources.","Category":"Wildlife Management","Project Type":"Surveys","Partner Type":"Federal","Partner Name":"BLM","Land Jurisdiction":"Public","Herds":"0","GMUs":"D-1","Deer Capacity":"40","Acres Benefitted":"400","Miles Treated":"0","Structures Installed":"0","Volunteer Hours":"0","Longitude":"-108.86515","Latitude":"39.48791","Public Longitude":"-108.8337","Public Latitude":"39.47991","photo_urls":[],"photo_url":""}},{"type":"Feature","id":"CO-BLM-CA16-01-13","geometry":{"type":"Point","coordinates":[-106.14548,40.73482]},"properties":{"GIS ID":"407-25","WRI":"False","Status Year":"2025","Status":"True","Project ID":"CO-BLM-CA16-01-13","Private":"False","Project Name":"Sudduth and Williams Draws Fence Replacement","Public Name":"Sudduth and Williams Draws Fence Replacement","Year":"2025","MDF/BDF":"MDF","Location":"Walden","County":"Jackson County","State":"CO","Narrative":"This project improved habitat connectivity by replacing hazardous range fencing with new wildlife-friendly fencing on public lands. The work reduces the risk of wildlife injury and allows mule deer and other wildlife to move more freely across the landscape.","Category":"Wildlife Management","Project Type":"Fencing","Partner Type":"Federal","Partner Name":"BLM","Land Jurisdiction":"Public","Herds":"0","GMUs":"D-3","Deer Capacity":"96","Acres Benefitted":"960","Miles Treated":"3","Structures Installed":"0","Volunteer Hours":"0","Longitude":"-106.14548","Latitude":"40.73482","photo_urls":[],"photo_url":""}},{"type":"Feature","id":"1458974096818052","geometry":{"type":"Point","coordinates":[-113.1232,43.29605]},"properties":{"GIS ID":"408-25","WRI":"False","Status Year":"2025","Status":"True","Private":"False","Project Name":"Big Desert Shrub Planting","Public Name":"Big Desert Shrub Planting","Year":"2025","MDF/BDF":"MDF","Location":"Atomic City","County":"Butte County","State":"ID","Narrative":"This project restored sagebrush habitat within the 2017 Wildhorse Fire burn scar through the planting of over 29,000 native shrubs including sagebrush and winterfat on public lands. Reestablishing native vegetation improves forage availability, winter range habitat, and long-term ecosystem resilience for mule deer and other sagebrush-dependent wildlife.","Category":"Habitat Conservation","Project Type":"Fire Restoration","Partner Type":"Federal","Partner Name":"BLM","Land Jurisdiction":"Public","Herds":"0","GMUs":"Sna","Deer Capacity":"100","Acres Benefitted":"1000","Miles Treated":"0","Structures Installed":"0","Volunteer Hours":"0","Longitude":"-113.1232","Latitude":"43.29605","photo_urls":[],"photo_url":""}},{"type":"Feature","id":"NAT-BLM-CA23-01-09","geometry":{"type":"Point","coordinates":[-116.9745,43.19103]},"properties":{"GIS ID":"411-25","WRI":"False","Status Year":"2025","Status":"True","Project ID":"NAT-BLM-CA23-01-09","Private":"False","Project Name":"Owyhee Sagebrush Restoration Part 2","Public Name":"Owyhee Sagebrush Restoration Part 2","Year":"2025","MDF/BDF":"MDF","Location":"Marsing","County":"Owyhee County","State":"ID","Narrative":"In partnership with IDFG and the BLM, this project restored migratory mule deer habitat within the 2015 Soda Fire burn scar through the planting of more than 34,000 sagebrush and bitterbrush seedlings on public lands. Reestablishing native shrub habitat improves critical winter forage, strengthens cross-boundary migration habitat, and supports long-term sagebrush ecosystem recovery.","Category":"Habitat Conservation","Project Type":"Fire Restoration","Partner Type":"Federal","Partner Name":"BLM","Land Jurisdiction":"Public","Herds":"Southeast","GMUs":"Owy","Deer Capacity":"100","Acres Benefitted":"1000","Miles Treated":"0","Structures Installed":"0","Volunteer Hours":"0","Longitude":"-116.9745","Latitude":"43.19103","photo_urls":[],"photo_url":""}},{"type":"Feature","id":"5399623770767236","geometry":{"type":"Point","coordinates":[-114.62427,42.10546]},"properties":{"GIS ID":"413-25","WRI":"True","Status Year":"2025","Status":"True","Private":"False","Project Name":"Savage Arms South Idaho Guzzlers","Public Name":"Savage Arms South Idaho Guzzlers","Year":"2025","MDF/BDF":"MDF","Location":"Burley","County":"Twin Falls County","State":"ID","Narrative":"This project will repair and replace wildlife guzzlers damaged by wildfire and aging infrastructure on public lands. Restoring these critical water sources and protective fencing will improve reliable water access for mule deer, pronghorn, elk, sage grouse, and other wildlife across dry and fire-impacted landscapes.","Category":"Wildlife Management","Project Type":"Water Access","Partner Type":"Federal","Partner Name":"BLM","Land Jurisdiction":"Public","Herds":"0","GMUs":"Sou","Deer Capacity":"256","Acres Benefitted":"2560","Miles Treated":"0","Structures Installed":"2","Volunteer Hours":"0","Longitude":"-114.62427","Latitude":"42.10546","photo_urls":[],"photo_url":""}},{"type":"Feature","id":"ID-BLM-CA21-01-04","geometry":{"type":"Point","coordinates":[-114.26309,43.24881]},"properties":{"GIS ID":"414-25","WRI":"False","Status Year":"2025","Status":"True","Project ID":"ID-BLM-CA21-01-04","Private":"False","Project Name":"Wedge Butte Shrub Planting","Public Name":"Wedge Butte Shrub Planting","Year":"2025","MDF/BDF":"MDF","Location":"Bellevue","County":"Blaine County","State":"ID","Narrative":"This project restored critical winter range within the Wedge Butte Fire burn scar through the hand planting of more than 93,000 sagebrush and bitterbrush seedlings on public lands. Reestablishing native shrub habitat improves essential winter forage and supports long-term habitat recovery for mule deer, elk, pronghorn, and other wildlife.","Category":"Habitat Conservation","Project Type":"Fire Restoration","Partner Type":"Federal","Partner Name":"BLM","Land Jurisdiction":"Public","Herds":"0","GMUs":"Smo","Deer Capacity":"1000","Acres Benefitted":"10000","Miles Treated":"0","Structures Installed":"0","Volunteer Hours":"0","Longitude":"-114.26309","Latitude":"43.24881","photo_urls":[],"photo_url":""}},{"type":"Feature","id":"NAT-BLM-CA23-01-10","geometry":{"type":"Point","coordinates":[-109.162,45.075]},"properties":{"GIS ID":"416-25","WRI":"True","Status Year":"2025","Status":"True","Project ID":"NAT-BLM-CA23-01-10","Private":"False","Project Name":"Robertson Draw Burn Area Sagebrush Restoration","Public Name":"Robertson Draw Burn Area Sagebrush Restoration","Year":"2025","MDF/BDF":"MDF","Location":"Belfry","County":"Carbon County","State":"MT","Narrative":"Following the 2021 Robertson Draw Fire, this partnership project restored sagebrush habitat on the Beartooth Front through the hand planting of more than 31,000 locally sourced sagebrush seedlings on public lands. The plantings help restore critical mule deer habitat, improve ecosystem recovery following wildfire, and create future seed sources to support long-term natural regeneration across the landscape.","Category":"Habitat Conservation","Project Type":"Fire Restoration","Partner Type":"Federal","Partner Name":"BLM","Land Jurisdiction":"Public","Herds":"0","GMUs":"555","Deer Capacity":"50","Acres Benefitted":"500","Miles Treated":"0","Structures Installed":"0","Volunteer Hours":"27","Longitude":"-109.162","Latitude":"45.075","photo_urls":[],"photo_url":""}},{"type":"Feature","id":"NV-NDOW-GT25-01-01","geometry":{"type":"Point","coordinates":[-116.4849,38.81092]},"properties":{"GIS ID":"417-25","WRI":"False","Status Year":"2025","Status":"True","Project ID":"NV-NDOW-GT25-01-01","Private":"False","Project Name":"Little Fish Lake Valley Habitat Improvement - Pinion Juniper Surveys","Public Name":"Little Fish Lake Valley Habitat Improvement - Pinion Juniper Surveys","Year":"2025","MDF/BDF":"MDF","Location":"Tonopah","County":"Nye County","State":"NV","Narrative":"In partnership with the BLM and Nevada Department of Wildlife, this project completed environmental and resource surveys to help guide future sagebrush habitat restoration work on public lands. The planning process helps ensure upcoming treatments improve mule deer habitat, reduce wildfire risk, and protect important ecological resources across the landscape.","Category":"Wildlife Management","Project Type":"Surveys","Partner Type":"Federal","Partner Name":"BLM","Land Jurisdiction":"Public","Herds":"0","GMUs":"162","Deer Capacity":"819","Acres Benefitted":"8193","Miles Treated":"0","Structures Installed":"0","Volunteer Hours":"0","Longitude":"-116.4849","Latitude":"38.81092","photo_urls":[],"photo_url":""}},{"type":"Feature","id":"NV-NDOW-GT25-01-02","geometry":{"type":"Point","coordinates":[-116.4722,38.8197]},"properties":{"GIS ID":"418-25","WRI":"False","Status Year":"2025","Status":"True","Project ID":"NV-NDOW-GT25-01-02","Private":"False","Project Name":"Little Fish Lake Valley Habitat Improvement Project Phase 1","Public Name":"Little Fish Lake Valley Habitat Improvement Project Phase 1","Year":"2025","MDF/BDF":"MDF","Location":"Tonopah","County":"Nye County","State":"NV","Narrative":"This partnership project restored degraded sagebrush and sagebrush-steppe habitat through pinyon and juniper thinning treatments on public lands. Removing encroaching trees improved forage availability, reduced hazardous fuels, and helped restore healthier habitat conditions for mule deer and other wildlife.","Category":"Habitat Conservation","Project Type":"Habitat Enhancement","Partner Type":"Federal","Partner Name":"BLM","Land Jurisdiction":"Public","Herds":"0","GMUs":"162","Deer Capacity":"1847","Acres Benefitted":"18465","Miles Treated":"0","Structures Installed":"0","Volunteer Hours":"0","Longitude":"-116.4722","Latitude":"38.8197","photo_urls":[],"photo_url":""}},{"type":"Feature","id":"NV-NDOW-GT25-01-03","geometry":{"type":"Point","coordinates":[-116.4849,38.81092]},"properties":{"GIS ID":"419-25","WRI":"False","Status Year":"2025","Status":"True","Project ID":"NV-NDOW-GT25-01-03","Private":"False","Project Name":"Little Fish Lake Valley Habitat Improvement Project Phase 2","Public Name":"Little Fish Lake Valley Habitat Improvement Project Phase 2","Year":"2025","MDF/BDF":"MDF","Location":"Tonopah","County":"Nye County","State":"NV","Narrative":"Building on earlier restoration efforts, this project continued pinyon and juniper reduction treatments to improve ecosystem resilience across fire- and cheatgrass-impacted landscapes. The work helped restore native plant communities, improve wildfire resilience, and enhance long-term habitat quality for mule deer and other sagebrush-dependent wildlife.","Category":"Habitat Conservation","Project Type":"Habitat Enhancement","Partner Type":"Federal","Partner Name":"BLM","Land Jurisdiction":"Public","Herds":"0","GMUs":"162","Deer Capacity":"1292","Acres Benefitted":"12920","Miles Treated":"0","Structures Installed":"0","Volunteer Hours":"0","Longitude":"-116.4849","Latitude":"38.81092","photo_urls":[],"photo_url":""}},{"type":"Feature","id":"NAT-BLM-CA23-01-08","geometry":{"type":"Point","coordinates":[-109.24532,39.50156]},"properties":{"GIS ID":"420-25","WRI":"False","Status Year":"2025","Status":"True","Project ID":"NAT-BLM-CA23-01-08","Private":"False","Project Name":"Central Bookcliffs Lop and Scatter","Public Name":"Central Bookcliffs Lop and Scatter","Year":"2025","MDF/BDF":"MDF","Location":"Tavaputs Plateau","County":"Uintah County","State":"UT","Narrative":"In collaboration with Utah BLM fuels staff, this project restored sagebrush rangeland habitat through lop-and-scatter treatments that removed encroaching pinyon and juniper on public lands. The work reduced hazardous fuels, promoted new understory growth, and improved forage availability and habitat conditions for mule deer and other wildlife.","Category":"Habitat Conservation","Project Type":"Habitat Enhancement","Partner Type":"Federal","Partner Name":"BLM","Land Jurisdiction":"Public","Herds":"Book Cliffs","GMUs":"DB1","Deer Capacity":"259","Acres Benefitted":"2593","Miles Treated":"0","Structures Installed":"0","Volunteer Hours":"0","Longitude":"-109.24532","Latitude":"39.50156","photo_urls":[],"photo_url":""}},{"type":"Feature","id":"3007086468726660","geometry":{"type":"Point","coordinates":[-111.73038,43.44979]},"properties":{"GIS ID":"430-25","WRI":"False","Status Year":"2025","Status":"True","Private":"False","Project Name":"Tex Creek, Bureau of Reclamation Shrub Restoration","Public Name":"Tex Creek, Bureau of Reclamation Shrub Restoration","Year":"2025","MDF/BDF":"MDF","Location":"Idaho Falls","County":"Bonneville County","State":"ID","Narrative":"This project restored critical winter range for mule deer and elk through the hand planting of native 33,000 sagebrush on public lands impacted by the 2017 wildfire. Reestablishing sagebrush improves essential winter forage, strengthens long-term habitat recovery, and provides an important seed source for continued ecosystem restoration across the landscape.","Category":"Habitat Conservation","Project Type":"Fire Restoration","Partner Type":"State","Partner Name":"Idaho Department of Fish & Game","Land Jurisdiction":"Public","Herds":"Tex Creek","GMUs":"Car","Deer Capacity":"200","Acres Benefitted":"2000","Miles Treated":"0","Structures Installed":"0","Volunteer Hours":"0","Longitude":"-111.73038","Latitude":"43.44979","photo_urls":[],"photo_url":""}},{"type":"Feature","id":"AK-FS-SA24-02-01","geometry":{"type":"Point","coordinates":[-135.15719,57.73286]},"properties":{"GIS ID":"431-25","WRI":"False","Status Year":"2025","Status":"True","Project ID":"AK-FS-SA24-02-01","Private":"False","Project Name":"Muri Creek Restoration","Public Name":"Muri Creek Restoration","Year":"2025","Project Manager":"Randy Morrison","MDF/BDF":"BDF","Location":"Chichagof Island","County":"Hoonah-Angoon","State":"AK","Narrative":"This multi-year project implemented stream habitat improvements to support spawning salmon, along with young forest growth treatments to improve riparian and watershed conditions. By enhancing riparian vegetation, forest structure, and watershed health, the work improved forage availability, cover, and travel corridors for black-tailed deer, supporting seasonal habitat use and long-term population resilience.","Category":"Habitat Conservation","Project Type":"Watershed Restoration","Partner Type":"Federal","Partner Name":"USFS","Land Jurisdiction":"Public","Herds":"0","GMUs":"04Z, 1","Deer Capacity":"16","Acres Benefitted":"163","Miles Treated":"0","Structures Installed":"0","Volunteer Hours":"0","Longitude":"-135.15719","Latitude":"57.73286","photo_urls":[],"photo_url":""}},{"type":"Feature","id":"AK-FS-SA24-01-03","geometry":{"type":"Point","coordinates":[-133.66324,56.97342]},"properties":{"GIS ID":"432-25","WRI":"False","Status Year":"2025","Status":"True","Project ID":"AK-FS-SA24-01-03","Private":"False","Project Name":"SE AK Sitka Black-tailed Deer Framework Planning","Public Name":"SE AK Sitka Black-tailed Deer Framework Planning","Year":"2025","Project Manager":"Randy Morrison","MDF/BDF":"BDF","Location":"Tongass National Forest","County":"Prince of Wales","State":"AK","Narrative":"This project supported a partnership-led effort coordinated by the Blacktail Deer Foundation to bring state and federal agencies, NGO's, and local experts together to identify priority conservation areas for Sitka black-tailed deer across Southeast Alaska.","Category":"Wildlife Management","Project Type":"Planning","Partner Type":"Federal","Partner Name":"USFS","Land Jurisdiction":"Public","Herds":"0","GMUs":"03Z, 1","Deer Capacity":"0","Acres Benefitted":"0","Miles Treated":"0","Structures Installed":"0","Volunteer Hours":"0","Longitude":"-133.66324","Latitude":"56.97342","photo_urls":[],"photo_url":""}},{"type":"Feature","id":"AZ 2402","geometry":{"type":"Point","coordinates":[-110.78418,34.51045]},"properties":{"GIS ID":"433-25","WRI":"False","Status Year":"2025","Status":"True","Project ID":"AZ 2402","Private":"False","Project Name":"Durfee Pipeline","Public Name":"Durfee Pipeline","Year":"2025","MDF/BDF":"MDF","Location":"Heber-Overgaard","County":"Coconino County","State":"AZ","Narrative":"This project restored a former livestock well and converted it to solar power to provide reliable year-round water for wildlife across an important habitat area. New drinkers and pipeline infrastructure improve water availability for mule deer and other wildlife, especially during dry periods and seasonal movements.","Category":"Wildlife Management","Project Type":"Water Access","Partner Type":"Federal","Partner Name":"USFS","Land Jurisdiction":"Public","Herds":"0","GMUs":"0","Deer Capacity":"1670","Acres Benefitted":"16704","Miles Treated":"0","Structures Installed":"9","Volunteer Hours":"0","Longitude":"-110.78418","Latitude":"34.51045","photo_urls":[],"photo_url":""}},{"type":"Feature","id":"4132986375569284","geometry":{"type":"Point","coordinates":[-112.3,36.435]},"properties":{"GIS ID":"434-25","WRI":"False","Status Year":"2025","Status":"True","Private":"False","Project Name":"Kaibab Drinker Refurbishment","Public Name":"Kaibab Drinker Refurbishment","Year":"2025","MDF/BDF":"MDF","Location":"Kaibab","County":"Coconino County","State":"AZ","Narrative":"This project refurbished wildlife drinkers within important mule deer winter range to provide reliable year-round water on public lands. Restoring these water sources improves habitat functionality, supports winter survival, and benefits mule deer and other wildlife in Arizona\u2019s GMU 12A.","Category":"Wildlife Management","Project Type":"Water Access","Partner Type":"Federal","Partner Name":"USFS","Land Jurisdiction":"Public","Herds":"Kaibab, Paunsaugunt","GMUs":"12A","Deer Capacity":"192","Acres Benefitted":"1920","Miles Treated":"0","Structures Installed":"3","Volunteer Hours":"0","Longitude":"-112.3","Latitude":"36.435","photo_urls":[],"photo_url":""}},{"type":"Feature","id":"AZ-FS-SA24-01-01","geometry":{"type":"Point","coordinates":[-112.386,34.425]},"properties":{"GIS ID":"435-25","WRI":"False","Status Year":"2025","Status":"True","Project ID":"AZ-FS-SA24-01-01","Private":"False","Project Name":"Poland Junction Timber Stand Improvement","Public Name":"Poland Junction Timber Stand Improvement","Year":"2025","Project Manager":"Jake Smith","MDF/BDF":"MDF","Location":"Mayer","County":"Yavapai County","State":"AZ","Narrative":"This project improves forest health and reduces wildfire risk through hand thinning of overgrown juniper and the construction of handline fire breaks within a high-risk Wildland Urban Interface area. These treatments improve forage availability, habitat quality, and landscape resilience for mule deer and other big game species.","Category":"Habitat Conservation","Project Type":"Habitat Enhancement","Partner Type":"Federal","Partner Name":"USFS","Land Jurisdiction":"Public","Herds":"0","GMUs":"20A","Deer Capacity":"740","Acres Benefitted":"7404","Miles Treated":"11.39","Structures Installed":"0","Volunteer Hours":"0","Longitude":"-112.386","Latitude":"34.425","photo_urls":[],"photo_url":""}},{"type":"Feature","id":"CA-FS-SA23-01-07","geometry":{"type":"Point","coordinates":[-120.95821,39.92356]},"properties":{"GIS ID":"436-25","WRI":"False","Status Year":"2025","Status":"True","Project ID":"CA-FS-SA23-01-07","Private":"False","Project Name":"Claremont Forest Restoration -  Phase I","Public Name":"Claremont Forest Restoration -  Phase I","Year":"2025","Project Manager":"Chris Daunt","MDF/BDF":"MDF","Location":"Quincy","County":"Plumas County","State":"CA","Narrative":"This project reduced hazardous fuels and improved wildlife habitat through small tree removal and mastication treatments within the Wildland Urban Interface on public lands. The work helped protect nearby communities and recreation corridors from wildfire while improving forest health and habitat conditions for mule deer and other wildlife.","Category":"Habitat Conservation","Project Type":"Habitat Enhancement","Partner Type":"Federal","Partner Name":"USFS","Land Jurisdiction":"Public","Herds":"0","GMUs":"D3","Deer Capacity":"210","Acres Benefitted":"2095","Miles Treated":"0","Structures Installed":"0","Volunteer Hours":"0","Longitude":"-120.95821","Latitude":"39.92356","photo_urls":[],"photo_url":""}},{"type":"Feature","id":"CA-FS-SA24-01-02","geometry":{"type":"Point","coordinates":[-121.6042,40.94914]},"properties":{"GIS ID":"437-25","WRI":"False","Status Year":"2025","Status":"True","Project ID":"CA-FS-SA24-01-02","Private":"False","Project Name":"Crossroads Mastication","Public Name":"Crossroads Mastication","Year":"2025","Project Manager":"Randy Morrison","MDF/BDF":"MDF","Location":"Burney","County":"Shasta County","State":"CA","Narrative":"This project reduced hazardous fuels and improved forage availability for mule deer and other wildlife within the Wildland Urban Interface near Burney and Burney Falls State Park. The treatments improved forest health and wildfire resilience, while future prescribed fire will help maintain long-term habitat and ecosystem benefits.","Category":"Habitat Conservation","Project Type":"Habitat Enhancement","Partner Type":"Federal","Partner Name":"USFS","Land Jurisdiction":"Public","Herds":"0","GMUs":"X4","Deer Capacity":"805","Acres Benefitted":"8045","Miles Treated":"0","Structures Installed":"0","Volunteer Hours":"0","Longitude":"-121.6042","Latitude":"40.94914","photo_urls":[],"photo_url":""}},{"type":"Feature","id":"CA-FS-CS20-01-03","geometry":{"type":"Point","coordinates":[-121.40193,41.43705]},"properties":{"GIS ID":"438-25","WRI":"False","Status Year":"2025","Status":"True","Project ID":"CA-FS-CS20-01-03","Private":"False","Project Name":"Deep Refuge Restoration","Public Name":"Deep Refuge Restoration","Year":"2025","MDF/BDF":"MDF","Location":"Longbell State Game Refuge","County":"Modoc County","State":"CA","Narrative":"This project supported planning and environmental review work for future forest restoration efforts on public lands. Upcoming treatments will include forest thinning, aspen and meadow restoration, and prescribed fire designed to improve forest health, reduce wildfire risk, and enhance habitat for mule deer and other wildlife.","Category":"Habitat Conservation","Project Type":"Planning","Partner Type":"Federal","Partner Name":"USFS","Land Jurisdiction":"Public","Herds":"0","GMUs":"X1","Deer Capacity":"136","Acres Benefitted":"1361","Miles Treated":"0","Structures Installed":"0","Volunteer Hours":"0","Longitude":"-121.40193","Latitude":"41.43705","photo_urls":[],"photo_url":""}},{"type":"Feature","id":"CA-FS-SA23-01-03","geometry":{"type":"Point","coordinates":[-120.89392,39.90198]},"properties":{"GIS ID":"439-25","WRI":"False","Status Year":"2025","Status":"True","Project ID":"CA-FS-SA23-01-03","Private":"False","Project Name":"Deer Service Project","Public Name":"Deer Service Project","Year":"2025","Project Manager":"Chris Daunt","MDF/BDF":"MDF","Location":"Quincy","County":"Plumas County","State":"CA","Narrative":"This project improved forest health and mule deer habitat by thinning overstocked forest stands and removing woody debris from previously burned areas on public lands. Treatments including mastication, biomass removal, and forest thinning opened the understory to promote new forage growth, improve habitat conditions, and reduce hazardous wildfire fuels.","Category":"Habitat Conservation","Project Type":"Fire Restoration","Partner Type":"Federal","Partner Name":"USFS","Land Jurisdiction":"Public","Herds":"0","GMUs":"D3","Deer Capacity":"163","Acres Benefitted":"1625","Miles Treated":"0","Structures Installed":"0","Volunteer Hours":"0","Longitude":"-120.89392","Latitude":"39.90198","photo_urls":[],"photo_url":""}},{"type":"Feature","id":"CA-FS-CS23-01-02","geometry":{"type":"Point","coordinates":[-121.15305,40.05211]},"properties":{"GIS ID":"440-25","WRI":"False","Status Year":"2025","Status":"True","Project ID":"CA-FS-CS23-01-02","Private":"False","Project Name":"Dixie Fire Guzzler Replacement","Public Name":"Dixie Fire Guzzler Replacement","Year":"2025","Project Manager":"Chris Daunt","MDF/BDF":"MDF","Location":"Quincy","County":"Plumas County","State":"CA","Narrative":"This project completed the final phase of a large-scale effort to replace wildlife guzzlers destroyed during the 2021 Dixie Fire on public lands. MDF volunteers and partners helped restore strategically placed water sources that improve drought resilience and provide reliable water access for mule deer and other wildlife across fire-affected landscapes.","Category":"Wildlife Management","Project Type":"Water Access","Partner Type":"Federal","Partner Name":"USFS","Land Jurisdiction":"Public","Land Administration":"USFS","Herds":"0","GMUs":"C4","Deer Capacity":"128","Acres Benefitted":"1280","Miles Treated":"0","Structures Installed":"2","Volunteer Hours":"64","Longitude":"-121.15305","Latitude":"40.05211","photo_urls":[],"photo_url":""}},{"type":"Feature","id":"CA-FS-SA20-01-04","geometry":{"type":"Point","coordinates":[-122.71323,39.28147]},"properties":{"GIS ID":"441-25","WRI":"False","Status Year":"2025","Status":"True","Project ID":"CA-FS-SA20-01-04","Private":"False","Project Name":"Letts Lake Hand Thin & Seedling Release","Public Name":"Letts Lake Hand Thin & Seedling Release","Year":"2025","Project Manager":"Randy Morrison","MDF/BDF":"BDF","Location":"Letts Lake","County":"Colusa County","State":"CA","Narrative":"This project improved the success of previous reforestation efforts by hand thinning competing vegetation around young conifer seedlings planted after wildfire. Releasing seedlings from dense grasses, brush, and competing trees helps accelerate forest recovery and restore important thermal and hiding cover for mule deer and other wildlife.","Category":"Habitat Conservation","Project Type":"Fire Restoration","Partner Type":"Federal","Partner Name":"USFS","Land Jurisdiction":"Public","Herds":"Mendocino","GMUs":"B3","Deer Capacity":"119","Acres Benefitted":"1190","Miles Treated":"0","Structures Installed":"0","Volunteer Hours":"0","Longitude":"-122.71323","Latitude":"39.28147","photo_urls":[],"photo_url":""}},{"type":"Feature","id":"CA-FS-SA20-01-05","geometry":{"type":"Point","coordinates":[-122.70779,39.30529]},"properties":{"GIS ID":"442-25","WRI":"False","Status Year":"2025","Status":"True","Project ID":"CA-FS-SA20-01-05","Private":"False","Project Name":"M10 Letts Conifer Seedling Planting","Public Name":"M10 Letts Conifer Seedling Planting","Year":"2025","Project Manager":"Randy Morrison","MDF/BDF":"BDF","Location":"Letts Lake","County":"Colusa County","State":"CA","Narrative":"This project helped restore forest habitat following severe wildfire impacts of the Mendocino Complex fire through the planting of native conifer seedlings on public lands. Reestablishing forest cover more quickly than natural regeneration helps restore thermal and hiding cover for mule deer and other wildlife while supporting long-term ecosystem recovery.","Category":"Habitat Conservation","Project Type":"Fire Restoration","Partner Type":"Federal","Partner Name":"USFS","Land Jurisdiction":"Public","Herds":"Mendocino","GMUs":"B3","Deer Capacity":"147","Acres Benefitted":"1465","Miles Treated":"0","Structures Installed":"0","Volunteer Hours":"0","Longitude":"-122.70779","Latitude":"39.30529","photo_urls":[],"photo_url":""}},{"type":"Feature","id":"CA-FS-SA20-03-06","geometry":{"type":"Point","coordinates":[-120.714,38.8866]},"properties":{"GIS ID":"443-25","WRI":"False","Status Year":"2025","Status":"True","Project ID":"CA-FS-SA20-03-06","Private":"False","Project Name":"Revenant Phase 2 Mastication","Public Name":"Revenant Phase 2 Mastication","Year":"2025","Project Manager":"Randy Morrison","MDF/BDF":"MDF","Location":"Georgetown","County":"El Dorado County","State":"CA","Narrative":"This project expanded ongoing shaded fuel break and forest restoration efforts through the mastication of burned trees and overgrown vegetation on public lands. Building on previous phases, the treatment reduced wildfire risk, improved habitat conditions, and increased forage availability for mule deer and other wildlife.","Category":"Habitat Conservation","Project Type":"Habitat Enhancement","Partner Type":"Federal","Partner Name":"USFS","Land Jurisdiction":"Public","Herds":"Casa Diablo","GMUs":"D5","Deer Capacity":"263","Acres Benefitted":"2630","Miles Treated":"0","Structures Installed":"0","Volunteer Hours":"0","Longitude":"-120.714","Latitude":"38.8866","photo_urls":[],"photo_url":""}},{"type":"Feature","id":"CA-FS-SA23-01-04","geometry":{"type":"Point","coordinates":[-121.05686,39.91276]},"properties":{"GIS ID":"444-25","WRI":"False","Status Year":"2025","Status":"True","Project ID":"CA-FS-SA23-01-04","Private":"False","Project Name":"Schneider Creek Forestry Prep Contract","Public Name":"Schneider Creek Forestry Prep Contract","Year":"2025","Project Manager":"Chris Daunt","MDF/BDF":"MDF","Location":"Quincy","County":"Plumas County","State":"CA","Narrative":"This project completed planning and site preparation work for upcoming forest restoration and biomass removal efforts on public lands. The future treatments will help improve forest health, reduce hazardous fuels, and enhance habitat conditions for mule deer and other wildlife while increasing wildfire resilience near important recreation and community areas.","Category":"Habitat Conservation","Project Type":"Planning","Partner Type":"Federal","Partner Name":"USFS","Land Jurisdiction":"Public","Herds":"0","GMUs":"D3","Deer Capacity":"134","Acres Benefitted":"1342","Miles Treated":"0","Structures Installed":"0","Volunteer Hours":"0","Longitude":"-121.05686","Latitude":"39.91276","photo_urls":[],"photo_url":""}},{"type":"Feature","id":"CA-FS-SA23-01-05","geometry":{"type":"Point","coordinates":[-121.06626,39.91353]},"properties":{"GIS ID":"445-25","WRI":"False","Status Year":"2025","Status":"True","Project ID":"CA-FS-SA23-01-05","Private":"False","Project Name":"Schneider Creek Hand Thinning","Public Name":"Schneider Creek Hand Thinning","Year":"2025","Project Manager":"Chris Daunt","MDF/BDF":"MDF","Location":"Quincy","County":"Plumas County","State":"CA","Narrative":"This project improved forest health and reduced hazardous fuels on public lands through hand thinning and pile burning preparation near an important recreation area. Removing dense small trees helps improve wildfire resilience, open the forest understory, and create healthier habitat conditions for mule deer and other wildlife.","Category":"Habitat Conservation","Project Type":"Habitat Enhancement","Partner Type":"Federal","Partner Name":"USFS","Land Jurisdiction":"Public","Herds":"0","GMUs":"D3","Deer Capacity":"165","Acres Benefitted":"1650","Miles Treated":"0","Structures Installed":"0","Volunteer Hours":"0","Longitude":"-121.06626","Latitude":"39.91353","photo_urls":[],"photo_url":""}},{"type":"Feature","id":"CA-FS-SA23-01-08","geometry":{"type":"Point","coordinates":[-120.94663,39.92036]},"properties":{"GIS ID":"446-25","WRI":"False","Status Year":"2025","Status":"True","Project ID":"CA-FS-SA23-01-08","Private":"False","Project Name":"SNC Claremont Phase II Hand Thinning","Public Name":"SNC Claremont Phase II Hand Thinning","Year":"2025","Project Manager":"Chris Daunt","MDF/BDF":"MDF","Location":"Quincy","County":"Plumas County","State":"CA","Narrative":"This project reduced hazardous fuels through hand thinning and pile treatments within the Wildland Urban Interface on public lands near an important recreation and travel corridor. Removing dense small trees helps improve wildfire resilience, promote healthier forest conditions, and support better habitat for mule deer and other wildlife.","Category":"Habitat Conservation","Project Type":"Habitat Enhancement","Partner Type":"Federal","Partner Name":"USFS","Land Jurisdiction":"Public","Herds":"0","GMUs":"D3","Deer Capacity":"307","Acres Benefitted":"3070","Miles Treated":"0","Structures Installed":"0","Volunteer Hours":"0","Longitude":"-120.94663","Latitude":"39.92036","photo_urls":[],"photo_url":""}},{"type":"Feature","id":"CA-FS-SA19-02-02","geometry":{"type":"Point","coordinates":[-120.59817,40.25696]},"properties":{"GIS ID":"447-25","WRI":"False","Status Year":"2025","Status":"True","Project ID":"CA-FS-SA19-02-02","Private":"False","Project Name":"Tomcat Stewardship - Biomass","Public Name":"Tomcat Stewardship - Biomass","Year":"2025","Project Manager":"Randy Morrison","MDF/BDF":"MDF","Location":"Janesville","County":"Plumas County","State":"CA","Narrative":"This project improved forest health and mule deer habitat on public lands through timber thinning and biomass removal along the Sierra Nevada crest. The treatment reduced hazardous wildfire fuels, opened dense forest stands to improve forage and habitat conditions for mule deer, and supported more resilient forests for wildlife and recreation.","Category":"Habitat Conservation","Project Type":"Habitat Enhancement","Partner Type":"Federal","Partner Name":"USFS","Land Jurisdiction":"Public","Herds":"0","GMUs":"X6a","Deer Capacity":"340","Acres Benefitted":"3400","Miles Treated":"0","Structures Installed":"0","Volunteer Hours":"0","Longitude":"-120.59817","Latitude":"40.25696","photo_urls":[],"photo_url":""}},{"type":"Feature","id":"RMR-FS-SA23-01-02","geometry":{"type":"Point","coordinates":[-105.46248,38.97407]},"properties":{"GIS ID":"450-25","WRI":"False","Status Year":"2025","Status":"True","Project ID":"RMR-FS-SA23-01-02","Private":"False","Project Name":"Caylor Pre-Commercial Thinning and Fuels Treatment","Public Name":"Caylor Pre-Commercial Thinning and Fuels Treatment","Year":"2025","Project Manager":"Nicole Reed-Fickel","MDF/BDF":"MDF","Location":"Lake George","County":"Park County","State":"CO","Narrative":"This project restored forest health in a beetle-impacted area through thinning, mastication, and fuels reduction treatments on public lands. The work removed diseased trees, promoted healthy aspen habitat, created strategic forest openings, and improved wildfire resilience and habitat conditions for mule deer and other wildlife.","Category":"Habitat Conservation","Project Type":"Habitat Enhancement","Partner Type":"Federal","Partner Name":"USFS","Land Jurisdiction":"Public","Herds":"0","GMUs":"D-1","Deer Capacity":"155","Acres Benefitted":"1550","Miles Treated":"0","Structures Installed":"0","Volunteer Hours":"0","Longitude":"-105.46248","Latitude":"38.97407","photo_urls":[],"photo_url":""}},{"type":"Feature","id":"RMR-FS-SA23-01-03","geometry":{"type":"Point","coordinates":[-108.41263,38.4896]},"properties":{"GIS ID":"451-25","WRI":"False","Status Year":"2025","Status":"True","Project ID":"RMR-FS-SA23-01-03","Private":"False","Project Name":"Iron Beetle Toe Timber Sale Phase 3","Public Name":"Iron Beetle Toe Timber Sale Phase 3","Year":"2025","Project Manager":"Nicole Reed-Fickel","MDF/BDF":"MDF","Location":"Iron Spring Mesa","County":"Montrose County","State":"CO","Narrative":"This project improved watershed function and forest health through culvert replacement, forest thinning, and fuels reduction treatments on public lands. Removing dense and unhealthy vegetation helped reduce wildfire risk, improve habitat resilience, and support healthier habitat conditions for mule deer and other wildlife.","Category":"Habitat Conservation","Project Type":"Habitat Enhancement","Partner Type":"Federal","Partner Name":"USFS","Land Jurisdiction":"Public","Herds":"0","GMUs":"D-1","Deer Capacity":"0","Acres Benefitted":"0","Miles Treated":"0","Structures Installed":"0","Volunteer Hours":"0","Longitude":"-108.41263","Latitude":"38.4896","photo_urls":[],"photo_url":""}},{"type":"Feature","id":"RMR-FS-PA23-01-03","geometry":{"type":"Point","coordinates":[-108.59646,38.54798]},"properties":{"GIS ID":"452-25","WRI":"False","Status Year":"2025","Status":"True","Project ID":"RMR-FS-PA23-01-03","Private":"False","Project Name":"Long Point Mastication","Public Name":"Long Point Mastication","Year":"2025","Project Manager":"Aidan Downey","MDF/BDF":"MDF","Location":"Uncompahgre Plateau","County":"Mesa County","State":"CO","Narrative":"This project created a roadside fuel break through mastication treatments on public lands to help slow the spread of future wildfires. Reducing dense vegetation also reset vegetative succession, promoting new plant growth and improving forage and habitat conditions for mule deer and other wildlife.","Category":"Habitat Conservation","Project Type":"Habitat Enhancement","Partner Type":"Federal","Partner Name":"USFS","Land Jurisdiction":"Public","Herds":"SW CO Migratory","GMUs":"D-1","Deer Capacity":"256","Acres Benefitted":"2560","Miles Treated":"8","Structures Installed":"0","Volunteer Hours":"0","Longitude":"-108.59646","Latitude":"38.54798","photo_urls":[],"photo_url":""}},{"type":"Feature","id":"ID-NFWF-GT24-01-03","geometry":{"type":"Point","coordinates":[-107.8542,39.87002]},"properties":{"GIS ID":"453-25","WRI":"False","Status Year":"2025","Status":"True","Project ID":"ID-NFWF-GT24-01-03","Private":"False","Project Name":"Southwest Blanco Wildlife Habitat Enhancement - Weed Treatment","Public Name":"Southwest Blanco Wildlife Habitat Enhancement - Weed Treatment","Year":"2025","Project Manager":"Nicole Reed-Fickel","MDF/BDF":"MDF","Location":"White River National Forest","County":"Rio Blanco County","State":"CO","Narrative":"This project treated invasive noxious weeds on public lands to improve native plant communities and overall habitat health. Low-impact treatment methods helped protect sensitive landscapes while improving forage quality and habitat conditions for mule deer and other wildlife.","Category":"Habitat Conservation","Project Type":"Habitat Enhancement","Partner Type":"Federal","Partner Name":"USFS","Land Jurisdiction":"Public","Herds":"0","GMUs":"D-7","Deer Capacity":"5","Acres Benefitted":"50","Miles Treated":"0","Structures Installed":"0","Volunteer Hours":"0","Longitude":"-107.8542","Latitude":"39.87002","photo_urls":[],"photo_url":""}},{"type":"Feature","id":"ID-NFWF-GT24-01-02","geometry":{"type":"Point","coordinates":[-107.85314,39.88409]},"properties":{"GIS ID":"454-25","WRI":"False","Status Year":"2025","Status":"True","Project ID":"ID-NFWF-GT24-01-02","Private":"False","Project Name":"Southwest Blanco Wildlife Habitat Enhancement - Wildlife Surveys","Public Name":"Southwest Blanco Wildlife Habitat Enhancement - Wildlife Surveys","Year":"2025","MDF/BDF":"MDF","Location":"White River National Forest","County":"Rio Blanco County","State":"CO","Narrative":"This project completed wildlife surveys for American Goshawks, Flammulated Owls, and Purple Martins to help guide future habitat restoration work on public lands. The surveys helped ensure upcoming vegetation treatments and invasive weed reduction projects could improve mule deer habitat and overall ecosystem health while minimizing impacts to sensitive wildlife species.","Category":"Wildlife Management","Project Type":"Surveys","Partner Type":"Federal","Partner Name":"USFS","Land Jurisdiction":"Public","Herds":"NE CO","GMUs":"D-7","Deer Capacity":"101","Acres Benefitted":"1008","Miles Treated":"0","Structures Installed":"0","Volunteer Hours":"0","Longitude":"-107.85314","Latitude":"39.88409","photo_urls":[],"photo_url":""}},{"type":"Feature","id":"ID-FS-SA24-01-02","geometry":{"type":"Point","coordinates":[-113.99198,45.41037]},"properties":{"GIS ID":"456-25","WRI":"False","Status Year":"2025","Status":"True","Project ID":"ID-FS-SA24-01-02","Private":"False","Project Name":"Salmon-Challis NF Thinning","Public Name":"Salmon-Challis NF Thinning","Year":"2025","Project Manager":"Sarah Wolf","MDF/BDF":"MDF","Location":"Salmon","County":"Lemhi County","State":"ID","Narrative":"This project reduced wildfire risk and restored important sagebrush, riparian, and meadow habitat on public lands through thinning, lop-and-scatter, girdling, and hand pile treatments. Removing encroaching conifers and excess fuels improved native plant growth, enhanced critical summer range habitat for mule deer, and increased overall landscape resilience.","Category":"Habitat Conservation","Project Type":"Habitat Enhancement","Partner Type":"Federal","Partner Name":"USFS","Land Jurisdiction":"Public","Herds":"North Fork of the Salmon River","GMUs":"Bea","Deer Capacity":"689","Acres Benefitted":"6890","Miles Treated":"0","Structures Installed":"0","Volunteer Hours":"0","Longitude":"-113.99198","Latitude":"45.41037","photo_urls":[],"photo_url":""}},{"type":"Feature","id":"MT-FS-PA24-01-06","geometry":{"type":"Point","coordinates":[-113.41288,47.14123]},"properties":{"GIS ID":"459-25","WRI":"False","Status Year":"2025","Status":"True","Project ID":"MT-FS-PA24-01-06","Private":"False","Project Name":"Horseshoe West","Public Name":"Horseshoe West","Year":"2025","Project Manager":"Rusty Wandler","MDF/BDF":"MDF","Location":"Seeley Lake","County":"Missoula County","State":"MT","Narrative":"This partnership project near Seeley Lake reduced hazardous fuels to help protect nearby homes and infrastructure from catastrophic wildfire within Hunting District 282. The treatments also improved big game habitat by promoting healthier vegetation conditions and increasing forage availability for mule deer and other wildlife.","Category":"Habitat Conservation","Project Type":"Habitat Enhancement","Partner Type":"Federal","Partner Name":"USFS","Land Jurisdiction":"Public","Land Administration":"USFS","Herds":"0","GMUs":"285","Deer Capacity":"562","Acres Benefitted":"5620","Miles Treated":"0","Structures Installed":"0","Volunteer Hours":"0","Longitude":"-113.41288","Latitude":"47.14123","photo_urls":[],"photo_url":""}},{"type":"Feature","id":"MT-FS-SA24-01-03","geometry":{"type":"Point","coordinates":[-113.77942,45.90754]},"properties":{"GIS ID":"460-25","WRI":"False","Status Year":"2025","Status":"True","Project ID":"MT-FS-SA24-01-03","Private":"False","Project Name":"Meadow Vapor Phase 1","Public Name":"Meadow Vapor Phase 1","Year":"2025","Project Manager":"Rusty Wandler","MDF/BDF":"MDF","Location":"Sula","County":"Ravalli County","State":"MT","Narrative":"This project completed hazardous fuels reduction treatments within Montana\u2019s premier mule deer Hunting District 270 to improve forest health and reduce wildfire risk near the Springer-Bonanza Memorial community. The work increased forage availability and improved habitat conditions for mule deer, elk, bighorn sheep, and other wildlife.","Category":"Habitat Conservation","Project Type":"Habitat Enhancement","Partner Type":"Federal","Partner Name":"USFS","Land Jurisdiction":"Public","Land Administration":"USFS","Herds":"Bitteroot","GMUs":"270","Deer Capacity":"283","Acres Benefitted":"2830","Miles Treated":"0","Structures Installed":"0","Volunteer Hours":"0","Longitude":"-113.77942","Latitude":"45.90754","photo_urls":[],"photo_url":""}},{"type":"Feature","id":"MT-FS-SA24-01-02","geometry":{"type":"Point","coordinates":[-113.75595,45.92997]},"properties":{"GIS ID":"461-25","WRI":"False","Status Year":"2025","Status":"True","Project ID":"MT-FS-SA24-01-02","Private":"False","Project Name":"Tepee Thinning","Public Name":"Tepee Thinning","Year":"2025","Project Manager":"Rusty Wandler","MDF/BDF":"MDF","Location":"Sula","County":"Ravalli County","State":"MT","Narrative":"This project completed large-scale fuels reduction treatments within Montana\u2019s renowned Hunting District 270 to improve big game habitat and reduce wildfire risk to nearby communities. The work promoted healthier forest conditions and increased forage availability for mule deer and other wildlife across this important landscape.","Category":"Habitat Conservation","Project Type":"Habitat Enhancement","Partner Type":"Federal","Partner Name":"USFS","Land Jurisdiction":"Public","Land Administration":"USFS","Herds":"Bitteroot","GMUs":"270","Deer Capacity":"257","Acres Benefitted":"2565","Miles Treated":"0","Structures Installed":"0","Volunteer Hours":"0","Longitude":"-113.75595","Latitude":"45.92997","photo_urls":[],"photo_url":""}},{"type":"Feature","id":"RMR-FS-SA24-02-02","geometry":{"type":"Point","coordinates":[-100.33145,41.89145]},"properties":{"GIS ID":"462-25","WRI":"False","Status Year":"2025","Status":"True","Project ID":"RMR-FS-SA24-02-02","Private":"False","Project Name":"Bovee Fire Restoration and Habitat Enhancement \u2013 Phase 1","Public Name":"Bovee Fire Restoration and Habitat Enhancement \u2013 Phase 1","Year":"2025","Project Manager":"Nicole Reed-Fickel","MDF/BDF":"MDF","Location":"Halsey","County":"Thomas County","State":"NE","Narrative":"This multi-phase project supports post-fire forest recovery following the Bovee Fire through the removal of woody biomass generated from timber restoration operations on public lands. The work helps reduce hazardous fuels, improve forest resilience, and prepare the landscape for continued restoration within Nebraska\u2019s historic Sandhills forest plantations.","Category":"Habitat Conservation","Project Type":"Habitat Enhancement","Partner Type":"Federal","Partner Name":"USFS","Land Jurisdiction":"Public","Herds":"0","GMUs":"Cal","Deer Capacity":"9","Acres Benefitted":"89","Miles Treated":"0","Structures Installed":"0","Volunteer Hours":"0","Longitude":"-100.33145","Latitude":"41.89145","photo_urls":[],"photo_url":""}},{"type":"Feature","id":"OR-FS-SA24-01-02","geometry":{"type":"Point","coordinates":[-118.44336,44.05021]},"properties":{"GIS ID":"464-25","WRI":"False","Status Year":"2025","Status":"True","Project ID":"OR-FS-SA24-01-02","Private":"False","Project Name":"South Cliff Knox - P4","Public Name":"South Cliff Knox - P4","Year":"2025","Project Manager":"Ryan Krapp","MDF/BDF":"MDF","Location":"Malheur National Forest","County":"Grant County","State":"OR","Narrative":"This project improved critical mule deer habitat through tree thinning and lop-and-scatter treatments across aspen, grassland, shrubland, and mountain mahogany habitat types on public lands. Removing encroaching conifers and juniper restored more open habitat conditions, improved forage availability, and enhanced important seasonal habitat for mule deer and other wildlife.","Category":"Habitat Conservation","Project Type":"Habitat Enhancement","Partner Type":"Federal","Partner Name":"USFS","Land Jurisdiction":"Public","Land Administration":"USFS","Herds":"Beulah-Malheur","GMUs":"66","Deer Capacity":"449","Acres Benefitted":"4485","Miles Treated":"0","Structures Installed":"0","Volunteer Hours":"0","Longitude":"-118.44336","Latitude":"44.05021","photo_urls":[],"photo_url":""}},{"type":"Feature","id":"OR-FS-SA24-01-01","geometry":{"type":"Point","coordinates":[-119.5966,44.10963]},"properties":{"GIS ID":"465-25","WRI":"False","Status Year":"2025","Status":"True","Project ID":"OR-FS-SA24-01-01","Private":"False","Project Name":"Sunflower Winter Range Enhancement - P5","Public Name":"Sunflower Winter Range Enhancement - P5","Year":"2025","Project Manager":"Ryan Krapp","MDF/BDF":"MDF","Location":"Ochoco National Forest","County":"Grant County","State":"OR","Narrative":"This project restored mule deer habitat following the 2024 Rail Ridge Fire through thinning and pile treatments that removed remaining dense juniper and small conifers on public lands. Combined with recent wildfire effects, the treatments helped restore more open habitat conditions, improve forage availability, and enhance critical habitat for the Murderers Creek mule deer herd.","Category":"Habitat Conservation","Project Type":"Fire Restoration","Partner Type":"Federal","Partner Name":"USFS","Land Jurisdiction":"Public","Land Administration":"USFS","Herds":"MurderersCreek, Ochoco","GMUs":"37","Deer Capacity":"604","Acres Benefitted":"6035","Miles Treated":"0","Structures Installed":"0","Volunteer Hours":"0","Longitude":"-119.5966","Latitude":"44.10963","photo_urls":[],"photo_url":""}},{"type":"Feature","id":"UT-FS-SA24-01-03","geometry":{"type":"Point","coordinates":[-109.60946,40.69263]},"properties":{"GIS ID":"470-25","WRI":"True","Status Year":"2025","Status":"True","Project ID":"UT-FS-SA24-01-03","Private":"False","Project Name":"Ashley Karst Red Cloud Loop","Public Name":"Ashley Karst Red Cloud Loop","Year":"2025","Project Manager":"Katie Acree","MDF/BDF":"MDF","Location":"Manila","County":"Uintah County","State":"UT","Narrative":"This project improved mule deer habitat through mastication treatments on public lands that reduced dense vegetation and opened the forest floor for new browse growth. The work increased forage availability, improved habitat conditions, and supported healthier forest ecosystems for wildlife.","Category":"Habitat Conservation","Project Type":"Habitat Enhancement","Partner Type":"Federal","Partner Name":"USFS","Land Jurisdiction":"Public","Land Administration":"USFS","Herds":"Uinta South Slope","GMUs":"DB1","Deer Capacity":"79","Acres Benefitted":"785","Miles Treated":"0","Structures Installed":"0","Volunteer Hours":"0","Longitude":"-109.60946","Latitude":"40.69263","photo_urls":[],"photo_url":""}},{"type":"Feature","id":"UT-WRI-CA25-02-01","geometry":{"type":"Point","coordinates":[-110.93173,40.82601]},"properties":{"GIS ID":"471-25","WRI":"False","Status Year":"2025","Status":"True","Project ID":"UT-WRI-CA25-02-01","Private":"False","Project Name":"Bourbon Fuel Treatments","Public Name":"Bourbon Fuel Treatments","Year":"2025","MDF/BDF":"MDF","Location":"Whitney Reservoir","County":"Summit County","State":"UT","Narrative":"The project restored vegetation conditions by reducing conifer encroachment, improving aspen and riparian communities, and lowering hazardous fuels near communities. Hand cut-and-pile treatments and shaded fuel breaks created openings for grasses and shrubs mule deer rely on, while reducing fire risk and improving habitat connectivity and forage availability.","Category":"Habitat Conservation","Project Type":"Habitat Enhancement","Partner Type":"Federal","Partner Name":"USFS","Land Jurisdiction":"Public","Herds":"0","GMUs":"DB1","Deer Capacity":"530","Acres Benefitted":"5300","Miles Treated":"0","Structures Installed":"0","Volunteer Hours":"0","Longitude":"-110.93173","Latitude":"40.82601","photo_urls":[],"photo_url":""}},{"type":"Feature","id":"UT-WRI-CA24-01-01","geometry":{"type":"Point","coordinates":[-110.18987,40.92057]},"properties":{"GIS ID":"472-25","WRI":"False","Status Year":"2025","Status":"True","Project ID":"UT-WRI-CA24-01-01","Private":"False","Project Name":"Burnt Beaver 2025","Public Name":"Burnt Beaver 2025","Year":"2025","MDF/BDF":"MDF","Location":"Lonetree","County":"Summit County","State":"UT","Narrative":"This project improved mule deer habitat on public lands by thinning dense vegetation to promote healthier understory growth and increase forage availability. The treatment also supports forest resilience and creates more productive habitat conditions for mule deer and other wildlife.","Category":"Habitat Conservation","Project Type":"Habitat Enhancement","Partner Type":"Federal","Partner Name":"USFS","Land Jurisdiction":"Public","Herds":"North Slope","GMUs":"DB1","Deer Capacity":"379","Acres Benefitted":"3785","Miles Treated":"0","Structures Installed":"0","Volunteer Hours":"0","Longitude":"-110.18987","Latitude":"40.92057","photo_urls":[],"photo_url":""}},{"type":"Feature","id":"UT-WRI-CA25-04-01","geometry":{"type":"Point","coordinates":[-110.8317,40.88353]},"properties":{"GIS ID":"475-25","WRI":"False","Status Year":"2025","Status":"True","Project ID":"UT-WRI-CA25-04-01","Private":"False","Project Name":"Highway 150 Fuel Break","Public Name":"Highway 150 Fuel Break","Year":"2025","MDF/BDF":"MDF","Location":"Mirror Lake Highway","County":"Summit County","State":"UT","Narrative":"The shaded fuel break reduced tree density and opened the understory, boosting grasses, forbs, and shrubs that mule deer rely on for forage and improving movement through the corridor. It also provides a strategic area to slow or hold wildfire, protecting critical mule deer habitat and reducing the likelihood of large-scale habitat loss.","Category":"Habitat Conservation","Project Type":"Habitat Enhancement","Partner Type":"Federal","Partner Name":"USFS","Land Jurisdiction":"Public","Herds":"North Slope","GMUs":"DB1","Deer Capacity":"171","Acres Benefitted":"1705","Miles Treated":"0","Structures Installed":"0","Volunteer Hours":"0","Longitude":"-110.8317","Latitude":"40.88353","photo_urls":[],"photo_url":""}},{"type":"Feature","id":"UT-FS-SA24-01-04","geometry":{"type":"Point","coordinates":[-109.51797,40.80694]},"properties":{"GIS ID":"481-25","WRI":"True","Status Year":"2025","Status":"True","Project ID":"UT-FS-SA24-01-04","Private":"False","Project Name":"Vernal Timber Stand Improvement","Public Name":"Vernal Timber Stand Improvement","Year":"2025","Project Manager":"Katie Acree","MDF/BDF":"MDF","Location":"Manila","County":"Uintah County","State":"UT","Narrative":"This project improved mule deer habitat through lop-and-scatter treatments that reduced dense forest cover and opened movement corridors on public lands. The work stimulated new forage growth, improved habitat connectivity, and created healthier conditions for mule deer and other wildlife.","Category":"Habitat Conservation","Project Type":"Habitat Enhancement","Partner Type":"Federal","Partner Name":"USFS","Land Jurisdiction":"Public","Land Administration":"USFS","Herds":"North Slope\nUinta South Slope","GMUs":"DB1","Deer Capacity":"357","Acres Benefitted":"3565","Miles Treated":"0","Structures Installed":"0","Volunteer Hours":"0","Longitude":"-109.51797","Latitude":"40.80694","photo_urls":[],"photo_url":""}},{"type":"Feature","id":"RMR-FS-PA23-01-04","geometry":{"type":"Point","coordinates":[-106.23597,41.46878]},"properties":{"GIS ID":"484-25","WRI":"False","Status Year":"2025","Status":"True","Project ID":"RMR-FS-PA23-01-04","Private":"False","Project Name":"MBRTB Amphibian Resource Surveys","Public Name":"MBRTB Amphibian Resource Surveys","Year":"2025","Project Manager":"Aidan Downey","MDF/BDF":"MDF","Location":"Snowy Mountains","County":"Carbon County","State":"WY","Narrative":"This project completed amphibian resource surveys on public lands to support responsible forest management and future habitat restoration work. The surveys help ensure timber and vegetation treatments can move forward while protecting sensitive wildlife species and maintaining healthy ecosystems.","Category":"Wildlife Management","Project Type":"Surveys","Partner Type":"Federal","Partner Name":"USFS","Land Jurisdiction":"Public","Herds":"0","GMUs":"539","Deer Capacity":"99","Acres Benefitted":"993","Miles Treated":"0","Structures Installed":"0","Volunteer Hours":"0","Longitude":"-106.23597","Latitude":"41.46878","photo_urls":[],"photo_url":""}},{"type":"Feature","id":"RMR-FS-PA23-01-05","geometry":{"type":"Point","coordinates":[-106.84661,41.14075]},"properties":{"GIS ID":"485-25","WRI":"False","Status Year":"2025","Status":"True","Project ID":"RMR-FS-PA23-01-05","Private":"False","Project Name":"MBRTB Hydrology Resource Surveys","Public Name":"MBRTB Hydrology Resource Surveys","Year":"2025","Project Manager":"Aidan Downey","MDF/BDF":"MDF","Location":"Snowy Mountains and Sierra Madre Range","County":"Carbon County","State":"WY","Narrative":"This project completed hydrology resource surveys on public lands to support future timber and fuels reduction projects while protecting watershed health and aquatic resources. The surveys help ensure upcoming forest restoration work improves ecosystem resilience and wildlife habitat while meeting environmental protection standards.","Category":"Wildlife Management","Project Type":"Surveys","Partner Type":"Federal","Partner Name":"USFS","Land Jurisdiction":"Public","Herds":"0","GMUs":"541","Deer Capacity":"428","Acres Benefitted":"4282","Miles Treated":"0","Structures Installed":"0","Volunteer Hours":"0","Longitude":"-106.84661","Latitude":"41.14075","photo_urls":[],"photo_url":""}},{"type":"Feature","id":"RMR-FS-SA24-01-02","geometry":{"type":"Point","coordinates":[-106.50992,41.24389]},"properties":{"GIS ID":"486-25","WRI":"False","Status Year":"2025","Status":"True","Project ID":"RMR-FS-SA24-01-02","Private":"False","Project Name":"Ryan Park Aspen","Public Name":"Ryan Park Aspen","Year":"2025","Project Manager":"Nicole Reed-Fickel","MDF/BDF":"MDF","Location":"Ryan Park","County":"Carbon County","State":"WY","Narrative":"This project restored declining aspen habitat by removing dead and dying trees, encroaching conifers, and dense ground juniper on public lands. The treatments helped stimulate new aspen growth and improve browse, cover, and migration habitat for mule deer and other wildlife.","Category":"Habitat Conservation","Project Type":"Habitat Enhancement","Partner Type":"Federal","Partner Name":"USFS","Land Jurisdiction":"Public","Herds":"0","GMUs":"541","Deer Capacity":"92","Acres Benefitted":"920","Miles Treated":"0","Structures Installed":"0","Volunteer Hours":"0","Longitude":"-106.50992","Latitude":"41.24389","photo_urls":[],"photo_url":""}},{"type":"Feature","id":"RMR-FS-PA23-01-06","geometry":{"type":"Point","coordinates":[-106.39856,41.51883]},"properties":{"GIS ID":"488-25","WRI":"False","Status Year":"2025","Status":"True","Project ID":"RMR-FS-PA23-01-06","Private":"False","Project Name":"Wildlife Resource Surveys","Public Name":"Wildlife Resource Surveys","Year":"2025","Project Manager":"Aidan Downey","MDF/BDF":"MDF","Location":"Snowy Mountains","County":"Carbon County","State":"WY","Narrative":"This project completed wildlife resource surveys on public lands to support future timber and forest restoration projects while protecting sensitive wildlife habitat. The surveys help ensure vegetation treatments can improve forest health, reduce wildfire risk, and enhance habitat conditions for mule deer and other wildlife while meeting environmental protection standards.","Category":"Wildlife Management","Project Type":"Surveys","Partner Type":"Federal","Partner Name":"USFS","Land Jurisdiction":"Public","Herds":"0","GMUs":"541","Deer Capacity":"606","Acres Benefitted":"6061","Miles Treated":"0","Structures Installed":"0","Volunteer Hours":"0","Longitude":"-106.39856","Latitude":"41.51883","photo_urls":[],"photo_url":""}},{"type":"Feature","id":"RMR-FS-SA24-01-01","geometry":{"type":"Point","coordinates":[-107.29044,41.04786]},"properties":{"GIS ID":"489-25","WRI":"False","Status Year":"2025","Status":"True","Project ID":"RMR-FS-SA24-01-01","Private":"False","Project Name":"Battle Mountain Fuels And Wildlife Mastication","Public Name":"Battle Mountain Fuels And Wildlife Mastication","Year":"2025","Project Manager":"Nicole Reed-Fickel","MDF/BDF":"MDF","Location":"Sierra Madre Mountains","County":"Carbon County","State":"WY","Narrative":"This project improved crucial winter range for the Baggs mule deer herd through mastication and hand thinning treatments on public lands in southeastern Wyoming. Reducing dense tree and shrub cover improved forage availability, enhanced habitat conditions, and increased landscape resilience to wildfire across this important seasonal habitat area.","Category":"Habitat Conservation","Project Type":"Habitat Enhancement","Partner Type":"Federal","Partner Name":"USFS","Land Jurisdiction":"Public","Herds":"0","GMUs":"427","Deer Capacity":"202","Acres Benefitted":"2020","Miles Treated":"0","Structures Installed":"0","Volunteer Hours":"0","Longitude":"-107.29044","Latitude":"41.04786","photo_urls":[],"photo_url":""}},{"type":"Feature","id":"ID-NFWF-GT24-01-01","geometry":{"type":"Point","coordinates":[-113.5287,44.7733]},"properties":{"GIS ID":"493-25","WRI":"False","Status Year":"2025","Status":"True","Project ID":"ID-NFWF-GT24-01-01","Private":"False","Project Name":"Hwy 28 Wildlife Funnel Fence Extension","Public Name":"Hwy 28 Wildlife Funnel Fence Extension","Year":"2025","MDF/BDF":"MDF","Location":"Leadore","County":"Lemhi County","State":"ID","Narrative":"This project expanded wildlife funnel fencing to guide mule deer and other big game species toward existing highway underpasses and reduce wildlife\u2013vehicle collisions. As part of a larger wildlife crossing system, the project improves habitat connectivity, supports seasonal wildlife movement, and increases safety for both wildlife and motorists.","Category":"Wildlife Management","Project Type":"Crossings","Partner Type":"State","Partner Name":"Idaho Transportation Department","Land Jurisdiction":"Public","Herds":"0","GMUs":"Bea","Deer Capacity":"164","Acres Benefitted":"1644","Miles Treated":"5.2","Structures Installed":"0","Volunteer Hours":"0","Longitude":"-113.5287","Latitude":"44.7733","photo_urls":[],"photo_url":""}},{"type":"Feature","id":"ID 2504","geometry":{"type":"Point","coordinates":[-116.0693,43.57674]},"properties":{"GIS ID":"494-25","WRI":"False","Status Year":"2025","Status":"True","Project ID":"ID 2504","Private":"False","Project Name":"Southwest Idaho Planting- Valley Fire Restoration","Public Name":"Southwest Idaho Planting- Valley Fire Restoration","Year":"2025","MDF/BDF":"MDF","Location":"Boise","County":"Ada County","State":"ID","Narrative":"This project restored important mule deer winter range within the 2024 Valley Fire burn scar through the planting of more than 100,000 native shrubs, including bitterbrush, sagebrush, and rabbitbrush, on the Boise River Wildlife Management Area. Reestablishing native browse species improves critical winter forage, supports post-fire habitat recovery, and increases long-term resilience for mule deer and other wildlife.","Category":"Habitat Conservation","Project Type":"Fire Restoration","Land Jurisdiction":"Public","Herds":"Boise River","GMUs":"Smo","Deer Capacity":"200","Acres Benefitted":"2000","Miles Treated":"0","Structures Installed":"0","Volunteer Hours":"0","Longitude":"-116.0693","Latitude":"43.57674","photo_urls":[],"photo_url":""}},{"type":"Feature","id":"CA-CDFW-GT24-01-01","geometry":{"type":"Point","coordinates":[-122.0051,41.82777]},"properties":{"GIS ID":"511-25","WRI":"False","Status Year":"2025","Status":"True","Project ID":"CA-CDFW-GT24-01-01","Private":"True","Project Name":"Allen Property Watershed & Oak Woodland Restoration","Public Name":"California 2025 Private Lands Watershed Restoration #1","Year":"2025","MDF/BDF":"MDF","Location":"McDoel","County":"Siskiyou County","State":"CA","Narrative":"The objective of this project was to stop erosion and reduce sediment from entering the Klamath River and reduce downgrading of meadows down slope of the roads treated.","Category":"Habitat Conservation","Project Type":"Watershed Restoration","Partner Type":"Private","Partner Name":"Private Landowner/Organization","Land Jurisdiction":"Private","Herds":"0","GMUs":"C1","Deer Capacity":"278","Acres Benefitted":"2784","Miles Treated":"8.7","Structures Installed":"0","Volunteer Hours":"0","Longitude":"-122.1018","Latitude":"41.98432","Public Longitude":"-122.0051","Public Latitude":"41.82777","photo_urls":[],"photo_url":""}},{"type":"Feature","id":"PL25CO01","geometry":{"type":"Point","coordinates":[-102.49076,40.11388]},"properties":{"GIS ID":"512-25","WRI":"False","Status Year":"2025","Status":"True","Project ID":"PL25CO01","Private":"True","Project Name":"Blach Property - Invasive Weed Management","Public Name":"Colorado 2025 Private Lands Habitat Enhancement #1","Year":"2025","MDF/BDF":"MDF","Location":"Eckle","County":"Yuma County","State":"CO","Narrative":"This project entailed aerial herbicide treatment of cheatgrass to promote the resurgence of native vegetation, enhancing habitat quality for mule deer and other species. These efforts also boost livestock grazing productivity and mitigate wildfire risks.","Category":"Habitat Conservation","Project Type":"Habitat Enhancement","Partner Type":"Private","Partner Name":"Private Landowner/Organization","Land Jurisdiction":"Private","Herds":"0","GMUs":"D-5","Deer Capacity":"82","Acres Benefitted":"820","Miles Treated":"0","Structures Installed":"0","Volunteer Hours":"0","Longitude":"-102.54992","Latitude":"40.07496","Public Longitude":"-102.49076","Public Latitude":"40.11388","photo_urls":[],"photo_url":""}},{"type":"Feature","id":"PL25CO04","geometry":{"type":"Point","coordinates":[-102.10352,40.08249]},"properties":{"GIS ID":"513-25","WRI":"False","Status Year":"2025","Status":"True","Project ID":"PL25CO04","Private":"True","Project Name":"Collins Property - Invasive Weed Management","Public Name":"Colorado 2025 Private Lands Habitat Enhancement #4","Year":"2025","MDF/BDF":"MDF","Location":"Laird","County":"Yuma County","State":"CO","Narrative":"This project entailed aerial herbicide treatment of cheatgrass to promote the resurgence of native vegetation, enhancing habitat quality for mule deer and other species. These efforts also boost livestock grazing productivity and mitigate wildfire risks.","Category":"Habitat Conservation","Project Type":"Habitat Enhancement","Partner Type":"Private","Partner Name":"Private Landowner/Organization","Land Jurisdiction":"Private","Herds":"0","GMUs":"D-5","Deer Capacity":"9","Acres Benefitted":"92","Miles Treated":"0","Structures Installed":"0","Volunteer Hours":"0","Longitude":"-102.09136","Latitude":"40.09304","Public Longitude":"-102.10352","Public Latitude":"40.08249","photo_urls":[],"photo_url":""}},{"type":"Feature","id":"CO-NFWF-GT22-01-05","geometry":{"type":"Point","coordinates":[-108.21508,39.3346]},"properties":{"GIS ID":"514-25","WRI":"False","Status Year":"2025","Status":"True","Project ID":"CO-NFWF-GT22-01-05","Private":"True","Project Name":"Coyote Basin Lop and Scatter","Public Name":"Colorado 2025 Private Lands Habitat Enhancement #1","Year":"2025","MDF/BDF":"MDF","Location":"De Beque","County":"Garfield County","State":"CO","Narrative":"This project removed encroaching pinyon and juniper from 243 acres of sagebrush rangeland near De Beque, Colorado. This will reset vegetative succession, allowing for an enhanced native plant community, increased fire resistance and improved wildlife habitat.","Category":"Habitat Conservation","Project Type":"Habitat Enhancement","Partner Type":"Private","Partner Name":"Private Landowner/Organization","Land Jurisdiction":"Private","Herds":"0","GMUs":"D-4","Deer Capacity":"122","Acres Benefitted":"1215","Miles Treated":"0","Structures Installed":"0","Volunteer Hours":"0","Longitude":"-108.24081","Latitude":"39.40461","Public Longitude":"-108.21508","Public Latitude":"39.3346","photo_urls":[],"photo_url":""}},{"type":"Feature","id":"PL25CO03","geometry":{"type":"Point","coordinates":[-102.10352,40.08249]},"properties":{"GIS ID":"515-25","WRI":"False","Status Year":"2025","Status":"True","Project ID":"PL25CO03","Private":"True","Project Name":"Keeler Property - Invasive Weed Management","Public Name":"Colorado 2025 Private Lands Habitat Enhancement #3","Year":"2025","MDF/BDF":"MDF","Location":"Laird","County":"Yuma County","State":"CO","Narrative":"This project entailed aerial herbicide treatment of cheatgrass to promote the resurgence of native vegetation, enhancing habitat quality for mule deer and other species. These efforts also boost livestock grazing productivity and mitigate wildfire risks.","Category":"Habitat Conservation","Project Type":"Habitat Enhancement","Partner Type":"Private","Partner Name":"Private Landowner/Organization","Land Jurisdiction":"Private","Herds":"0","GMUs":"D-5","Deer Capacity":"9","Acres Benefitted":"94","Miles Treated":"0","Structures Installed":"0","Volunteer Hours":"0","Longitude":"-102.1003","Latitude":"40.08181","Public Longitude":"-102.10352","Public Latitude":"40.08249","photo_urls":[],"photo_url":""}},{"type":"Feature","id":"PL25CO02","geometry":{"type":"Point","coordinates":[-102.22325,40.07588]},"properties":{"GIS ID":"516-25","WRI":"False","Status Year":"2025","Status":"True","Project ID":"PL25CO02","Private":"True","Project Name":"Wieser Property - Invasive Weed Management","Public Name":"Colorado 2025 Private Lands Habitat Enhancement #2","Year":"2025","MDF/BDF":"MDF","Location":"Wray","County":"Yuma County","State":"CO","Narrative":"This project entailed aerial herbicide treatment of cheatgrass to promote the resurgence of native vegetation, enhancing habitat quality for mule deer and other species. These efforts also boost livestock grazing productivity and mitigate wildfire risks.","Category":"Habitat Conservation","Project Type":"Habitat Enhancement","Partner Type":"Private","Partner Name":"Private Landowner/Organization","Land Jurisdiction":"Private","Herds":"0","GMUs":"D-5","Deer Capacity":"10","Acres Benefitted":"100","Miles Treated":"0","Structures Installed":"0","Volunteer Hours":"0","Longitude":"-102.32817","Latitude":"39.8154","Public Longitude":"-102.22325","Public Latitude":"40.07588","photo_urls":[],"photo_url":""}},{"type":"Feature","id":"RMR-NFWF-GT23-02-01","geometry":{"type":"Point","coordinates":[-113.46678,44.77041]},"properties":{"GIS ID":"517-25","WRI":"False","Status Year":"2025","Status":"True","Project ID":"RMR-NFWF-GT23-02-01","Private":"True","Project Name":"Cedar Gulch Fence Modification","Public Name":"Idaho 2025 Private Lands Fencing #2","Year":"2025","Project Manager":"Jessie Shallow","MDF/BDF":"MDF","Location":"Leadore","County":"Lemhi County","State":"ID","Narrative":"This project improved habitat connectivity along the Lemhi River Valley by replacing woven wire fencing with wildlife-friendly fencing on priority mule deer winter range. Anti-strike markers were also installed to improve fence visibility and reduce collision risks for elk, mule deer, sage grouse, and other wildlife moving across the landscape.","Category":"Wildlife Management","Project Type":"Fencing","Partner Type":"Private","Partner Name":"Private Landowner/Organization","Land Jurisdiction":"Private","Herds":"0","GMUs":"Bea","Deer Capacity":"150","Acres Benefitted":"1500","Miles Treated":"5","Structures Installed":"0","Volunteer Hours":"8","Longitude":"-113.47632","Latitude":"44.75171","Public Longitude":"-113.46678","Public Latitude":"44.77041","photo_urls":[],"photo_url":""}},{"type":"Feature","id":"RMR-NFWF-GT23-01-03","geometry":{"type":"Point","coordinates":[-113.9563,45.13157]},"properties":{"GIS ID":"518-25","WRI":"False","Status Year":"2025","Status":"True","Project ID":"RMR-NFWF-GT23-01-03","Private":"True","Project Name":"Gorley Creek Fence Modification","Public Name":"Idaho 2025 Private Lands Fencing #1","Year":"2025","MDF/BDF":"MDF","Location":"Salmon","County":"Lemhi County","State":"ID","Narrative":"This project improved habitat connectivity within critical winter range in the Salmon River Mountains by replacing tall woven wire fencing with wildlife-friendly fencing near adjacent public lands. The new fencing allows mule deer, elk, bighorn sheep, and other wildlife to move more safely and freely across this important seasonal habitat area.","Category":"Wildlife Management","Project Type":"Fencing","Partner Type":"Private","Partner Name":"Private Landowner/Organization","Land Jurisdiction":"Private","Herds":"0","GMUs":"Cen","Deer Capacity":"48","Acres Benefitted":"480","Miles Treated":"1.5","Structures Installed":"0","Volunteer Hours":"0","Longitude":"-113.93805","Latitude":"45.14909","Public Longitude":"-113.9563","Public Latitude":"45.13157","photo_urls":[],"photo_url":""}},{"type":"Feature","id":"RMR-NFWF-GT23-01-04","geometry":{"type":"Point","coordinates":[-113.79942,44.58991]},"properties":{"GIS ID":"520-25","WRI":"False","Status Year":"2025","Status":"True","Project ID":"RMR-NFWF-GT23-01-04","Private":"True","Project Name":"Salmon River Mountains Cheatgrass Treatments","Public Name":"Idaho 2025 Private Lands Habitat Enhancement #1","Year":"2025","MDF/BDF":"MDF","Location":"Salmon","County":"Lemhi County","State":"ID","Narrative":"This partnership project helped restore habitat near critical winter range by reseeding pivot fields with drought-resistant vegetation on private lands adjacent to public habitat. Establishing resilient forage species helps improve winter forage availability for mule deer while reducing the spread of invasive cheatgrass across the landscape.","Category":"Habitat Conservation","Project Type":"Habitat Enhancement","Partner Type":"Private","Partner Name":"Private Landowner/Organization","Land Jurisdiction":"Private","Herds":"0","GMUs":"Mou","Deer Capacity":"40","Acres Benefitted":"400","Miles Treated":"0","Structures Installed":"0","Volunteer Hours":"8","Longitude":"-113.84244","Latitude":"44.53757","Public Longitude":"-113.79942","Public Latitude":"44.58991","photo_urls":[],"photo_url":""}},{"type":"Feature","id":"7915306375118724","geometry":{"type":"Point","coordinates":[-105.83142,45.41315]},"properties":{"GIS ID":"523-25","WRI":"False","Status Year":"2025","Status":"True","Private":"True","Project Name":"Fire Creek Ranch Fencing","Public Name":"Montana 2025 Private Lands Fencing #1","Year":"2025","MDF/BDF":"MDF","Location":"Sonnette","County":"Powder River","State":"MT","Narrative":"This project removed outdated, wildlife-restrictive fencing and rebuilt select sections using wildlife-friendly designs. The work reduced movement barriers and improved habitat connectivity, supporting safer wildlife travel and more effective use of surrounding habitats.","Category":"Wildlife Management","Project Type":"Fencing","Partner Type":"Private","Partner Name":"Private Landowner/Organization","Land Jurisdiction":"Private","Herds":"0","GMUs":"704","Deer Capacity":"128","Acres Benefitted":"1280","Miles Treated":"4","Structures Installed":"0","Volunteer Hours":"8","Longitude":"-105.83142","Latitude":"45.41315","Public Longitude":"-105.83142","Public Latitude":"45.41315","photo_urls":[],"photo_url":""}},{"type":"Feature","id":"ND-OHF-GT25-01-01","geometry":{"type":"Point","coordinates":[-103.39491,46.18306]},"properties":{"GIS ID":"525-25","WRI":"False","Status Year":"2025","Status":"True","Project ID":"ND-OHF-GT25-01-01","Private":"True","Project Name":"Acres Property - Fence Replacement","Public Name":"North Dakota 2025 Private Lands Fencing #1","Year":"2025","MDF/BDF":"MDF","Location":"Bowman","County":"Bowman County","State":"ND","Narrative":"This project improved habitat connectivity by replacing degraded woven wire fencing with new wildlife-friendly fencing on public lands. The work reduced wildlife entanglement risks, allowed mule deer and other wildlife to move more freely across the landscape, and supported managed grazing practices that improve vegetation health and habitat diversity.","Category":"Wildlife Management","Project Type":"Fencing","Partner Type":"Private","Partner Name":"Private Landowner/Organization","Land Jurisdiction":"Private","Herds":"0","GMUs":"4F","Deer Capacity":"31","Acres Benefitted":"314","Miles Treated":"2.75","Structures Installed":"0","Volunteer Hours":"0","Longitude":"-103.46811","Latitude":"46.13931","Public Longitude":"-103.39491","Public Latitude":"46.18306","photo_urls":[],"photo_url":""}},{"type":"Feature","id":"ND-OHF-GT25-01-02","geometry":{"type":"Point","coordinates":[-102.15516,46.36528]},"properties":{"GIS ID":"526-25","WRI":"False","Status Year":"2025","Status":"True","Project ID":"ND-OHF-GT25-01-02","Private":"True","Project Name":"B. Bieber Property - Fence Replacement","Public Name":"North Dakota 2025 Private Lands Fencing #2","Year":"2025","MDF/BDF":"MDF","Location":"Burt","County":"Hettinger County","State":"ND","Narrative":"This project entailed replacing degraded and hazardous fencing with wildlife-friendly fencing, reducing habitat fragmentation for big game species and minimizing the risk of entanglement. In addition, this new fence provides essential infrastructure for managed livestock grazing and helps prevent costly fence damage caused by wildlife.","Category":"Wildlife Management","Project Type":"Fencing","Partner Type":"Private","Partner Name":"Private Landowner/Organization","Land Jurisdiction":"Private","Herds":"0","GMUs":"3F2","Deer Capacity":"79","Acres Benefitted":"790","Miles Treated":"2.47","Structures Installed":"0","Volunteer Hours":"0","Longitude":"-102.12143","Latitude":"46.36382","Public Longitude":"-102.15516","Public Latitude":"46.36528","photo_urls":[],"photo_url":""}},{"type":"Feature","id":"ND-OHF-GT25-01-03","geometry":{"type":"Point","coordinates":[-102.32649,46.37268]},"properties":{"GIS ID":"527-25","WRI":"False","Status Year":"2025","Status":"True","Project ID":"ND-OHF-GT25-01-03","Private":"True","Project Name":"Clarys Property - Fence Project","Public Name":"North Dakota 2025 Private Lands Fencing #3","Year":"2025","MDF/BDF":"MDF","Location":"Mott","County":"Hettinger County","State":"ND","Narrative":"This project entailed constructing wildlife-friendly fencing where degraded and obsolete fencing had been removed, minimizing habitat fragmentation and the risk of entanglement for big game species. In addition, the new fence provided essential livestock infrastructure, facilitating managed grazing that will improve vegetative quality and diversity.","Category":"Wildlife Management","Project Type":"Fencing","Partner Type":"Private","Partner Name":"Private Landowner/Organization","Land Jurisdiction":"Private","Herds":"0","GMUs":"300","Deer Capacity":"16","Acres Benefitted":"160","Miles Treated":"1.69","Structures Installed":"0","Volunteer Hours":"0","Longitude":"-102.31878","Latitude":"46.37735","Public Longitude":"-102.32649","Public Latitude":"46.37268","photo_urls":[],"photo_url":""}},{"type":"Feature","id":"ND-OHF-GT25-01-04","geometry":{"type":"Point","coordinates":[-101.77795,47.26334]},"properties":{"GIS ID":"528-25","WRI":"False","Status Year":"2025","Status":"True","Project ID":"ND-OHF-GT25-01-04","Private":"True","Project Name":"D.M. Smith Partnership - Fence Replacement","Public Name":"North Dakota 2025 Private Lands Fencing #4","Year":"2025","MDF/BDF":"MDF","Location":"Beulah","County":"Oliver County","State":"ND","Narrative":"This project entailed replacing degraded and hazardous fencing with wildlife-friendly fencing and strategic crossings, reducing habitat fragmentation for big game species and minimizing the risk of entanglement. In addition, this new fence provides essential infrastructure for managed livestock grazing and helps prevent costly fence damage caused by wildlife.","Category":"Wildlife Management","Project Type":"Fencing","Partner Type":"Private","Partner Name":"Private Landowner/Organization","Land Jurisdiction":"Private","Herds":"0","GMUs":"3D2","Deer Capacity":"58","Acres Benefitted":"576","Miles Treated":"1.8","Structures Installed":"0","Volunteer Hours":"0","Longitude":"-101.77961","Latitude":"47.28116","Public Longitude":"-101.77795","Public Latitude":"47.26334","photo_urls":[],"photo_url":""}},{"type":"Feature","id":"ND-OHF-GT25-01-13","geometry":{"type":"Point","coordinates":[-102.32649,46.37268]},"properties":{"GIS ID":"529-25","WRI":"False","Status Year":"2025","Status":"True","Project ID":"ND-OHF-GT25-01-13","Private":"True","Project Name":"Hochhalter Property - Fence Replacement","Public Name":"North Dakota 2025 Private Lands Fencing #12","Year":"2025","MDF/BDF":"MDF","Location":"Mott","County":"Adams County","State":"ND","Narrative":"This project entailed replacing degraded and hazardous fencing with wildlife-friendly fencing, reducing habitat fragmentation for big game species and minimizing the risk of entanglement. In addition, this new fence provides essential infrastructure for managed livestock grazing and helps prevent costly fence damage caused by wildlife.","Category":"Wildlife Management","Project Type":"Fencing","Partner Type":"Private","Partner Name":"Private Landowner/Organization","Land Jurisdiction":"Private","Herds":"0","GMUs":"3F2","Deer Capacity":"70","Acres Benefitted":"704","Miles Treated":"2.2","Structures Installed":"0","Volunteer Hours":"0","Longitude":"-102.31802","Latitude":"46.18385","Public Longitude":"-102.32649","Public Latitude":"46.37268","photo_urls":[],"photo_url":""}},{"type":"Feature","id":"ND-OHF-GT25-01-05","geometry":{"type":"Point","coordinates":[-101.56487,46.41779]},"properties":{"GIS ID":"530-25","WRI":"False","Status Year":"2025","Status":"True","Project ID":"ND-OHF-GT25-01-05","Private":"True","Project Name":"Klein-Kraft-Kitzman Property - Fence Replacement","Public Name":"North Dakota 2025 Private Lands Fencing #5","Year":"2025","MDF/BDF":"MDF","Location":"Carson","County":"Grant County","State":"ND","Narrative":"This project entailed replacing degraded and hazardous fencing with wildlife-friendly fencing, reducing habitat fragmentation for big game species and minimizing the risk of entanglement. In addition, this new fence provides essential infrastructure for managed livestock grazing and helps prevent costly fence damage caused by wildlife.","Category":"Wildlife Management","Project Type":"Fencing","Partner Type":"Private","Partner Name":"Private Landowner/Organization","Land Jurisdiction":"Private","Herds":"0","GMUs":"3F2","Deer Capacity":"47","Acres Benefitted":"474","Miles Treated":"1.48","Structures Installed":"0","Volunteer Hours":"0","Longitude":"-101.40305","Latitude":"46.32427","Public Longitude":"-101.56487","Public Latitude":"46.41779","photo_urls":[],"photo_url":""}},{"type":"Feature","id":"ND-OHF-GT25-01-15","geometry":{"type":"Point","coordinates":[-100.94153,47.08583]},"properties":{"GIS ID":"532-25","WRI":"False","Status Year":"2025","Status":"True","Project ID":"ND-OHF-GT25-01-15","Private":"True","Project Name":"Paulson Property - Fence Removal","Public Name":"North Dakota 2025 Private Lands Fencing #14","Year":"2025","MDF/BDF":"MDF","Location":"Price","County":"Burleigh County","State":"ND","Narrative":"This project entailed removing one mile of degraded and obsolete woven wire fencing that posed entanglement hazards to wildlife. As a result, this effort improves safe passage for big game species and reduces habitat fragmentation within the Missouri River corridor.","Category":"Wildlife Management","Project Type":"Fencing","Partner Type":"Private","Partner Name":"Private Landowner/Organization","Land Jurisdiction":"Private","Herds":"0","GMUs":"3B3","Deer Capacity":"32","Acres Benefitted":"320","Miles Treated":"1","Structures Installed":"0","Volunteer Hours":"32","Longitude":"-100.93425","Latitude":"47.11658","Public Longitude":"-100.94153","Public Latitude":"47.08583","photo_urls":[],"photo_url":""}},{"type":"Feature","id":"ND-OHF-GT25-01-06","geometry":{"type":"Point","coordinates":[-102.32649,46.37268]},"properties":{"GIS ID":"533-25","WRI":"False","Status Year":"2025","Status":"True","Project ID":"ND-OHF-GT25-01-06","Private":"True","Project Name":"R. Bieber Property - Fence Replacement","Public Name":"North Dakota 2025 Private Lands Fencing #6","Year":"2025","MDF/BDF":"MDF","Location":"Mott","County":"Hettinger County","State":"ND","Narrative":"This project entailed replacing degraded and hazardous fencing with wildlife-friendly fencing, reducing habitat fragmentation for big game species and minimizing the risk of entanglement. In addition, this new fence provides essential infrastructure for managed livestock grazing and helps prevent costly fence damage caused by wildlife.","Category":"Wildlife Management","Project Type":"Fencing","Partner Type":"Private","Partner Name":"Private Landowner/Organization","Land Jurisdiction":"Private","Herds":"0","GMUs":"300","Deer Capacity":"37","Acres Benefitted":"365","Miles Treated":"1.14","Structures Installed":"0","Volunteer Hours":"0","Longitude":"-102.22421","Latitude":"46.43026","Public Longitude":"-102.32649","Public Latitude":"46.37268","photo_urls":[],"photo_url":""}},{"type":"Feature","id":"ND-OHF-GT25-01-11","geometry":{"type":"Point","coordinates":[-102.42518,46.90056]},"properties":{"GIS ID":"534-25","WRI":"False","Status Year":"2025","Status":"True","Project ID":"ND-OHF-GT25-01-11","Private":"True","Project Name":"Rebel Property - Fence Replacement","Public Name":"North Dakota 2025 Private Lands Fencing #10","Year":"2025","MDF/BDF":"MDF","Location":"Taylor","County":"Oliver County","State":"ND","Narrative":"This project entailed replacing degraded and hazardous woven wire fencing with wildlife-friendly fencing, reducing habitat fragmentation for big game species and minimizing the risk of entanglement. In addition, this new fence provides essential infrastructure for managed livestock grazing and helps prevent costly fence damage caused by wildlife.","Category":"Wildlife Management","Project Type":"Fencing","Partner Type":"Private","Partner Name":"Private Landowner/Organization","Land Jurisdiction":"Private","Herds":"0","GMUs":"3D2","Deer Capacity":"72","Acres Benefitted":"720","Miles Treated":"2.25","Structures Installed":"0","Volunteer Hours":"0","Longitude":"-101.69058","Latitude":"47.11142","Public Longitude":"-102.42518","Public Latitude":"46.90056","photo_urls":[],"photo_url":""}},{"type":"Feature","id":"ND-OHF-GT25-01-12","geometry":{"type":"Point","coordinates":[-100.8897,46.82642]},"properties":{"GIS ID":"535-25","WRI":"False","Status Year":"2025","Status":"True","Project ID":"ND-OHF-GT25-01-12","Private":"True","Project Name":"Risch Property - Fence Replacement","Public Name":"North Dakota 2025 Private Lands Fencing #11","Year":"2025","MDF/BDF":"MDF","Location":"Mandan","County":"Morton County","State":"ND","Narrative":"This project entailed replacing degraded and hazardous fencing with wildlife-friendly fencing, reducing habitat fragmentation for big game species and minimizing the risk of entanglement. In addition, this new fence provides essential infrastructure for managed livestock grazing and helps prevent costly fence damage caused by wildlife","Category":"Wildlife Management","Project Type":"Fencing","Partner Type":"Private","Partner Name":"Private Landowner/Organization","Land Jurisdiction":"Private","Herds":"0","GMUs":"300","Deer Capacity":"41","Acres Benefitted":"410","Miles Treated":"1.28","Structures Installed":"0","Volunteer Hours":"0","Longitude":"-100.90886","Latitude":"46.85289","Public Longitude":"-100.8897","Public Latitude":"46.82642","photo_urls":[],"photo_url":""}},{"type":"Feature","id":"ND-OHF-GT25-01-07","geometry":{"type":"Point","coordinates":[-101.77795,47.26334]},"properties":{"GIS ID":"536-25","WRI":"False","Status Year":"2025","Status":"True","Project ID":"ND-OHF-GT25-01-07","Private":"True","Project Name":"Silbernagel-Swenson Property - Fence Replacement","Public Name":"North Dakota 2025 Private Lands Fencing #7","Year":"2025","MDF/BDF":"MDF","Location":"Beulah","County":"Oliver County","State":"ND","Narrative":"This project entailed replacing degraded and hazardous woven wire fencing with wildlife-friendly fencing and strategic crossings, reducing habitat fragmentation for big game species and minimizing the risk of entanglement. In addition, this new fence provides essential infrastructure for managed livestock grazing and helps prevent costly fence damage caused by wildlife.","Category":"Wildlife Management","Project Type":"Fencing","Partner Type":"Private","Partner Name":"Private Landowner/Organization","Land Jurisdiction":"Private","Herds":"0","GMUs":"3D2","Deer Capacity":"19","Acres Benefitted":"192","Miles Treated":"0.6","Structures Installed":"0","Volunteer Hours":"0","Longitude":"-101.6863","Latitude":"47.11418","Public Longitude":"-101.77795","Public Latitude":"47.26334","photo_urls":[],"photo_url":""}},{"type":"Feature","id":"ND-OHF-GT25-01-08","geometry":{"type":"Point","coordinates":[-100.8897,46.82642]},"properties":{"GIS ID":"537-25","WRI":"False","Status Year":"2025","Status":"True","Project ID":"ND-OHF-GT25-01-08","Private":"True","Project Name":"Starck Property - Fence Replacement","Public Name":"North Dakota 2025 Private Lands Fencing #8","Year":"2025","MDF/BDF":"MDF","Location":"Mandan","County":"Morton County","State":"ND","Narrative":"This project entailed replacing degraded and hazardous woven wire fencing with wildlife-friendly fencing, reducing habitat fragmentation for big game species and minimizing the risk of entanglement. In addition, this new fence provides essential infrastructure for managed livestock grazing and helps prevent costly fence damage caused by wildlife.","Category":"Wildlife Management","Project Type":"Fencing","Partner Type":"Private","Partner Name":"Private Landowner/Organization","Land Jurisdiction":"Private","Herds":"0","GMUs":"300","Deer Capacity":"46","Acres Benefitted":"464","Miles Treated":"1.45","Structures Installed":"0","Volunteer Hours":"80","Longitude":"-101.22686","Latitude":"46.71038","Public Longitude":"-100.8897","Public Latitude":"46.82642","photo_urls":[],"photo_url":""}},{"type":"Feature","id":"ND-OHF-GT25-01-09","geometry":{"type":"Point","coordinates":[-104.00437,46.91807]},"properties":{"GIS ID":"538-25","WRI":"False","Status Year":"2025","Status":"True","Project ID":"ND-OHF-GT25-01-09","Private":"True","Project Name":"Stedman Property - Fence Replacement","Public Name":"North Dakota 2025 Private Lands Fencing #9","Year":"2025","MDF/BDF":"MDF","Location":"Beach","County":"Golden Valley County","State":"ND","Narrative":"This project entailed replacing degraded and hazardous woven wire fencing with wildlife-friendly fencing, reducing habitat fragmentation for big game species and minimizing the risk of entanglement. In addition, this new fence provides essential infrastructure for managed livestock grazing and helps prevent costly fence damage caused by wildlife.","Category":"Wildlife Management","Project Type":"Fencing","Partner Type":"Private","Partner Name":"Private Landowner/Organization","Land Jurisdiction":"Private","Herds":"0","GMUs":"4B","Deer Capacity":"71","Acres Benefitted":"707","Miles Treated":"2.21","Structures Installed":"0","Volunteer Hours":"0","Longitude":"-103.93956","Latitude":"47.11739","Public Longitude":"-104.00437","Public Latitude":"46.91807","photo_urls":[],"photo_url":""}},{"type":"Feature","id":"ND-OHF-GT25-01-14","geometry":{"type":"Point","coordinates":[-101.2521,47.23999]},"properties":{"GIS ID":"539-25","WRI":"False","Status Year":"2025","Status":"True","Project ID":"ND-OHF-GT25-01-14","Private":"True","Project Name":"Windhorst Family Farms - Fence Replacement","Public Name":"North Dakota 2025 Private Lands Fencing #13","Year":"2025","MDF/BDF":"MDF","Location":"Fort Clark","County":"Oliver County","State":"ND","Narrative":"This project entailed replacing degraded and hazardous fencing with wildlife-friendly fencing and strategic crossings, reducing habitat fragmentation for big game species and minimizing the risk of entanglement. In addition, the new fence provides essential livestock infrastructure, facilitating managed grazing that will improve vegetative quality and diversity.","Category":"Wildlife Management","Project Type":"Fencing","Partner Type":"Private","Partner Name":"Private Landowner/Organization","Land Jurisdiction":"Private","Herds":"0","GMUs":"3B3","Deer Capacity":"17","Acres Benefitted":"169","Miles Treated":"3","Structures Installed":"0","Volunteer Hours":"0","Longitude":"-101.25157","Latitude":"47.22001","Public Longitude":"-101.2521","Public Latitude":"47.23999","photo_urls":[],"photo_url":""}},{"type":"Feature","id":"PL25NE05","geometry":{"type":"Point","coordinates":[-103.50327,41.80952]},"properties":{"GIS ID":"540-25","WRI":"False","Status Year":"2025","Status":"True","Project ID":"PL25NE05","Private":"True","Project Name":"Gaertner Family Farms \u2013 Invasive Weed Management","Public Name":"Nebraska 2025 Private Lands Habitat Enhancement #2","Year":"2025","MDF/BDF":"MDF","Location":"Minatare","County":"Banner County","State":"NE","Narrative":"This project entailed aerial herbicide treatment of cheatgrass to promote the resurgence of native vegetation, enhancing habitat quality for mule deer and other species. These efforts also boost livestock grazing productivity and mitigate wildfire risks.","Category":"Habitat Conservation","Project Type":"Habitat Enhancement","Partner Type":"Private","Partner Name":"Private Landowner/Organization","Land Jurisdiction":"Private","Herds":"0","GMUs":"Upp","Deer Capacity":"77","Acres Benefitted":"769","Miles Treated":"0","Structures Installed":"0","Volunteer Hours":"0","Longitude":"-103.51468","Latitude":"41.53531","Public Longitude":"-103.50327","Public Latitude":"41.80952","photo_urls":[],"photo_url":""}},{"type":"Feature","id":"PL25NE03","geometry":{"type":"Point","coordinates":[-103.09766,41.66664]},"properties":{"GIS ID":"541-25","WRI":"False","Status Year":"2025","Status":"True","Project ID":"PL25NE03","Private":"True","Project Name":"Schuler Property \u2013 Invasive Weed Management","Public Name":"Nebraska 2025 Private Lands Habitat Enhancement #1","Year":"2025","MDF/BDF":"MDF","Location":"Bridgeport","County":"Morrill County","State":"NE","Narrative":"This project entailed aerial herbicide treatment of cheatgrass to promote the resurgence of native vegetation, enhancing habitat quality for mule deer and other species. These efforts also boost livestock grazing productivity and mitigate wildfire risks.","Category":"Habitat Conservation","Project Type":"Habitat Enhancement","Partner Type":"Private","Partner Name":"Private Landowner/Organization","Land Jurisdiction":"Private","Herds":"0","GMUs":"Upp","Deer Capacity":"102","Acres Benefitted":"1023","Miles Treated":"0","Structures Installed":"0","Volunteer Hours":"0","Longitude":"-103.21445","Latitude":"41.64129","Public Longitude":"-103.09766","Public Latitude":"41.66664","photo_urls":[],"photo_url":""}},{"type":"Feature","id":"SGP-NFWF-GT23-01-06","geometry":{"type":"Point","coordinates":[-103.11467,33.78843]},"properties":{"GIS ID":"542-25","WRI":"False","Status Year":"2025","Status":"True","Project ID":"SGP-NFWF-GT23-01-06","Private":"True","Project Name":"Weaver Ranch - Brush Management","Public Name":"New Mexico 2025 Private Lands Habitat Enhancement #1","Year":"2025","MDF/BDF":"MDF","Location":"Lingo","County":"Roosevelt County","State":"NM","Narrative":"This project addressed grassland plant community degradation by treating encroaching woody vegetation through aerial herbicide application. These efforts will increase the availability of forbs and palatable browse, improving habitat conditions for species such as mule deer, pronghorn, and lesser prairie-chickens.","Category":"Habitat Conservation","Project Type":"Habitat Enhancement","Partner Type":"Private","Partner Name":"Private Landowner/Organization","Land Jurisdiction":"Private","Herds":"0","GMUs":"31","Deer Capacity":"357","Acres Benefitted":"3566","Miles Treated":"0","Structures Installed":"0","Volunteer Hours":"0","Longitude":"-103.10103","Latitude":"33.70235","Public Longitude":"-103.11467","Public Latitude":"33.78843","photo_urls":[],"photo_url":""}},{"type":"Feature","id":"PL24TX01","geometry":{"type":"Point","coordinates":[-104.83163,31.04297]},"properties":{"GIS ID":"544-25","WRI":"False","Status Year":"2025","Status":"True","Project ID":"PL24TX01","Private":"True","Project Name":"Cross L - Water Development","Public Name":"Texas 2025 Private Lands Water Access #1","Year":"2025","MDF/BDF":"MDF","Location":"Van Horn","County":"Hudspeth County","State":"TX","Narrative":"This project entailed installing a 10,000-gallon water storage tank and 3,000 feet of waterline to supply water to two new troughs. In addition to providing livestock and wildlife with valuable watering sources in this desert ecosystem, this development will improve livestock distribution, thereby enhancing forage diversification and quality.","Category":"Habitat Conservation","Project Type":"Water Access","Partner Type":"Private","Partner Name":"Private Landowner/Organization","Land Jurisdiction":"Private","Herds":"0","GMUs":"2","Deer Capacity":"320","Acres Benefitted":"3200","Miles Treated":"0","Structures Installed":"3","Volunteer Hours":"0","Longitude":"-105.11454","Latitude":"31.00134","Public Longitude":"-104.83163","Public Latitude":"31.04297","photo_urls":[],"photo_url":""}},{"type":"Feature","id":"UT-WRI-CA25-01-01","geometry":{"type":"Point","coordinates":[-110.1258,41.04817]},"properties":{"GIS ID":"545-25","WRI":"False","Status Year":"2025","Status":"True","Project ID":"UT-WRI-CA25-01-01","Private":"True","Project Name":"Burnt Beaver 2026","Public Name":"Burnt Beaver 2026","Year":"2025","MDF/BDF":"MDF","Location":"Lonetree","County":"Summit County","State":"UT","Narrative":"This project improved mule deer habitat on private lands through hand cut-and-pile treatments that reduced dense vegetation and lowered catastrophic wildfire risk near the Uinta-Wasatch-Cache National Forest. Creating a more diverse mosaic of habitat conditions improved forage availability, cover, and movement opportunities for mule deer and other wildlife.","Category":"Habitat Conservation","Project Type":"Habitat Enhancement","Partner Type":"Private","Partner Name":"Private Landowner/Organization","Land Jurisdiction":"Private","Herds":"North Slope","GMUs":"DB1","Deer Capacity":"42","Acres Benefitted":"420","Miles Treated":"0","Structures Installed":"0","Volunteer Hours":"0","Longitude":"-110.15159","Latitude":"40.9542","Public Longitude":"-110.1258","Public Latitude":"41.04817","photo_urls":[],"photo_url":""}},{"type":"Feature","id":"WY 2306","geometry":{"type":"Point","coordinates":[-107.16975,41.12636]},"properties":{"GIS ID":"548-25","WRI":"False","Status Year":"2025","Status":"True","Project ID":"WY 2306","Private":"False","Project Name":"Aspen Alley Restoration","Public Name":"Aspen Alley Restoration","Year":"2025","MDF/BDF":"MDF","Location":"Sierra Madre Mountains","County":"Carbon County","State":"WY","Narrative":"This project restored declining aspen habitat within the well-known Aspen Alley area of the Sierra Madre Mountains through mastication of diseased and dying trees. The treatments improved habitat conditions, stimulated new vegetation growth, and enhanced both mule deer habitat and recreational value across the landscape.","Category":"Habitat Conservation","Project Type":"Habitat Enhancement","Partner Type":"Private","Partner Name":"Private Landowner/Organization","Land Jurisdiction":"Private","Herds":"0","GMUs":"427","Deer Capacity":"36","Acres Benefitted":"360","Miles Treated":"0","Structures Installed":"0","Volunteer Hours":"0","Longitude":"-107.16975","Latitude":"41.12636","photo_urls":[],"photo_url":""}},{"type":"Feature","id":"4678344142946180","geometry":{"type":"Point","coordinates":[-109.21464,41.58631]},"properties":{"GIS ID":"549-25","WRI":"False","Status Year":"2025","Status":"True","Private":"True","Project Name":"Rock Springs Guzzler Project","Public Name":"Wyoming 2025 Private Lands Water Access #1","Year":"2025","MDF/BDF":"MDF","Location":"Rock Springs","County":"Sweetwater County","State":"WY","Narrative":"This project repaired critical wildlife guzzlers on public lands to provide reliable water sources before winter conditions limited access to the area. MDF staff restored multiple guzzlers that support mule deer, pronghorn, elk, sage grouse, and other wildlife, with additional repairs planned to continue improving habitat functionality across the landscape.","Category":"Wildlife Management","Project Type":"Water Access","Partner Type":"Private","Partner Name":"Private Landowner/Organization","Land Jurisdiction":"Private","Herds":"0","GMUs":"104","Deer Capacity":"256","Acres Benefitted":"2560","Miles Treated":"0","Structures Installed":"4","Volunteer Hours":"0","Longitude":"-109.42959","Latitude":"41.80811","Public Longitude":"-109.21464","Public Latitude":"41.58631","photo_urls":[],"photo_url":""}},{"type":"Feature","id":"ND-OHF-GT25-01-10","geometry":{"type":"Point","coordinates":[-102.75868,47.58523]},"properties":{"GIS ID":"550-25","WRI":"False","Status Year":"2025","Status":"True","Project ID":"ND-OHF-GT25-01-10","Private":"False","Project Name":"Three Affiliated Tribes National Park - Fence Removal","Public Name":"Three Affiliated Tribes National Park - Fence Removal","Year":"2025","MDF/BDF":"MDF","Location":"Oakdale","County":"Dunn County","State":"ND","Narrative":"As a joint effort between the Mandan, Hidatsa and Arikara Nation, Mule Deer Foundation, North Dakota Wildlife Federation, Badlands Conservation Alliance, and Bobcat Company, this project entailed removing degraded and obsolete fencing on the Three Affiliated Tribes National Park. As a result, big game species such as mule deer, elk, and pronghorn will be able to move more safely into and out of the park, reducing habitat fragmentation within the Little Missouri River corridor.","Category":"Wildlife Management","Project Type":"Fencing","Partner Type":"Tribal","Partner Name":"Three Affiliated Tribes","Land Jurisdiction":"Tribal","Herds":"0","GMUs":"3B2","Deer Capacity":"16","Acres Benefitted":"160","Miles Treated":"0.5","Structures Installed":"0","Volunteer Hours":"0","Longitude":"-102.75868","Latitude":"47.58523","photo_urls":[],"photo_url":""}},{"type":"Feature","id":"TX-TPWD-GT25-01-01","geometry":{"type":"Point","coordinates":[-106.01889,31.95724]},"properties":{"GIS ID":"551-25","WRI":"False","Status Year":"2025","Status":"True","Project ID":"TX-TPWD-GT25-01-01","Private":"False","Project Name":"2025 Panhandle and Hueco Capture","Public Name":"2025 Panhandle and Hueco Capture","Year":"2025","MDF/BDF":"MDF","Location":"Panhandle and Hueco Mountains (Trans-Pecos)","State":"TX","Narrative":"This research project supported the capture and satellite radio-collaring of mule deer, white-tailed deer, and elk to improve understanding of movement, habitat use, and survival. By deploying new collars across multiple herds, the work generated critical data to inform science-based management, migration conservation, and long-term wildlife stewardship.","Category":"Monitoring","Project Type":"Research","Partner Type":"State","Partner Name":"Texas Parks & Wildlife Department","Land Jurisdiction":"Public","Herds":"0","GMUs":"6","Deer Capacity":"0","Acres Benefitted":"0","Miles Treated":"0","Structures Installed":"0","Volunteer Hours":"0","Longitude":"-106.01889","Latitude":"31.95724","photo_urls":[],"photo_url":""}},{"type":"Feature","id":"JS1901","geometry":{"type":"Point","coordinates":[-114.72192,43.04645]},"properties":{"GIS ID":"025-AR","WRI":"False","Status Year":"2019","Status":"False","Project ID":"JS1901","Private":"False","Project Name":"Dog Creek Shrub Planting","Public Name":"Dog Creek Shrub Planting","Year":"2019","MDF/BDF":"MDF","Location":"Gooding","County":"Gooding County","State":"ID","Narrative":"Following the 2018 Dog Creek Fire, this project planted 174,000 shrubs in 2019 and 2020 in collaboration with the Idaho Department of Fish and Game and the Bureau of Land Management to rehabilitate burned rangelands. The plantings restored sagebrush-dominated habitat, improved sagebrush ecosystem health, and provided essential winter forage for mule deer and other wildlife, supporting long-term range recovery and resilience.","Category":"Habitat Conservation","Project Type":"Fire Restoration","Partner Type":"State","Partner Name":"Idaho Department of Fish and Game","Land Jurisdiction":"Public","Herds":"0","GMUs":"Smo","Deer Capacity":"1750","Acres Benefitted":"17500","Miles Treated":"0","Structures Installed":"0","Volunteer Hours":"0","Longitude":"-114.72192","Latitude":"43.04645","photo_urls":[],"photo_url":""}},{"type":"Feature","id":"UT-WRI-CA19-01-01","geometry":{"type":"Point","coordinates":[-110.03598,40.90971]},"properties":{"GIS ID":"067-AR","WRI":"False","Status Year":"2020","Status":"False","Project ID":"UT-WRI-CA19-01-01","Private":"False","Project Name":"Burnt Beaver Phase II","Public Name":"Burnt Beaver Phase II","Year":"2020","MDF/BDF":"MDF","Location":"Ashley National Forest","County":"Summit County","State":"UT","Narrative":"The first phase of the Burnt Beaver Project implemented mechanical thinning and hand cutting to create shaded fuel breaks and prepare the area for future prescribed burns. These treatments improve forest structure and resilience, supporting healthier vegetation and better habitat for mule deer.","Category":"Habitat Conservation","Project Type":"Habitat Enhancement","Partner Type":"Federal","Partner Name":"USFS","Land Jurisdiction":"Public","Herds":"North Slope, Uinta South Slope","GMUs":"DB1","Deer Capacity":"354","Acres Benefitted":"3535","Miles Treated":"0","Structures Installed":"0","Volunteer Hours":"0","Longitude":"-110.03598","Latitude":"40.90971","photo_urls":[],"photo_url":""}},{"type":"Feature","id":"AZ-FS-SA20-01-01","geometry":{"type":"Point","coordinates":[-109.22586,34.08192]},"properties":{"GIS ID":"078-AR","WRI":"False","Status Year":"2020","Status":"False","Project ID":"AZ-FS-SA20-01-01","Private":"False","Project Name":"West Escudilla PJ Restoration Project (Phases 1 and 2)","Public Name":"West Escudilla PJ Restoration Project (Phases 1 and 2)","Year":"2020","Project Manager":"Jake Smith","MDF/BDF":"MDF","Location":"Springerville","County":"Apache County","State":"AZ","Narrative":"Since 2019, this ongoing partnership has worked to reduce dense pinyon\u2013juniper stands and restore historic grassland and savanna habitat on public lands. Removing excess trees allows native grasses and forbs to recover, improving forage availability, seasonal range, and overall habitat conditions for mule deer and other wildlife while also increasing landscape resilience to wildfire.","Category":"Habitat Conservation","Project Type":"Habitat Enhancement","Partner Type":"Federal","Partner Name":"USFS","Land Jurisdiction":"Public","Herds":"0","GMUs":"1.0","Deer Capacity":"868","Acres Benefitted":"8680","Miles Treated":"0","Structures Installed":"0","Volunteer Hours":"0","Longitude":"-109.22586","Latitude":"34.08192","photo_urls":[],"photo_url":""}},{"type":"Feature","id":"JS2006","geometry":{"type":"Point","coordinates":[-115.99314,43.6188]},"properties":{"GIS ID":"081-AR","WRI":"False","Status Year":"2020","Status":"False","Project ID":"JS2006","Private":"False","Project Name":"Cervidea Peak Highway Overpass","Public Name":"Cervidea Peak Highway Overpass","Year":"2020","MDF/BDF":"MDF","Location":"Robie Creek","County":"Boise County","State":"ID","Narrative":"This project constructed Idaho's first wildlife overpass and guiding fencing along Idaho Highway 21 at Cervidae Peak to safely direct migrating animals across the roadway. With approximately 7,000 mule deer and 4,000 elk migrating through this corridor twice annually, the overpass and associated fencing reduced wildlife\u2013vehicle collisions and improved connectivity between seasonal ranges, benefiting both wildlife and public safety.","Category":"Wildlife Management","Project Type":"Crossings","Partner Type":"Federal","Partner Name":"Federal Highway Administration","Land Jurisdiction":"Public","Herds":"Boise River","GMUs":"Smo","Deer Capacity":"150","Acres Benefitted":"1500","Miles Treated":"0","Structures Installed":"0","Volunteer Hours":"0","Longitude":"-115.99314","Latitude":"43.6188","photo_urls":[],"photo_url":""}},{"type":"Feature","id":"JS2001","geometry":{"type":"Point","coordinates":[-113.62008,44.85183]},"properties":{"GIS ID":"082-AR","WRI":"False","Status Year":"2020","Status":"False","Project ID":"JS2001","Private":"True","Project Name":"Lemhi Annual Invasive Grass Removal","Public Name":"Idaho 2020 Private Lands Habitat Enhancement #1","Year":"2020","MDF/BDF":"MDF","Location":"Lemhi","County":"Lemhi County","State":"ID","Narrative":"This project treated invasive cheatgrass on private lands using aerial herbicide applications to improve rangeland health and reduce wildfire risk. Reducing invasive annual grasses increased the quality and availability of native forage for mule deer and other big game species while supporting long-term habitat resilience.","Category":"Habitat Conservation","Project Type":"Habitat Enhancement","Partner Type":"Private","Partner Name":"Private Landowner/Organization","Land Jurisdiction":"Private","Herds":"0","GMUs":"Bea","Deer Capacity":"2647","Acres Benefitted":"26470","Miles Treated":"0","Structures Installed":"0","Volunteer Hours":"0","Longitude":"-113.81905","Latitude":"45.27863","Public Longitude":"-113.62008","Public Latitude":"44.85183","photo_urls":[],"photo_url":""}},{"type":"Feature","id":"JS2003","geometry":{"type":"Point","coordinates":[-113.56263,44.79859]},"properties":{"GIS ID":"083-AR","WRI":"False","Status Year":"2020","Status":"False","Project ID":"JS2003","Private":"False","Project Name":"Lemhi Funnel Fence and Big Game Migration","Public Name":"Lemhi Funnel Fence and Big Game Migration","Year":"2020","MDF/BDF":"MDF","Location":"Lemhi","County":"Lemhi County","State":"ID","Narrative":"This project expanded wildlife funnel fencing to guide mule deer and other wildlife toward existing highway underpasses in a known wildlife\u2013vehicle collision area. The work improves habitat connectivity, reduces collision risk, and creates safer travel corridors for both wildlife and motorists.","Category":"Wildlife Management","Project Type":"Crossings","Partner Type":"State","Partner Name":"Idaho Transportation Department","Land Jurisdiction":"Public","Herds":"Reese Creek","GMUs":"Bea","Deer Capacity":"2112","Acres Benefitted":"21120","Miles Treated":"6","Structures Installed":"0","Volunteer Hours":"0","Longitude":"-113.56263","Latitude":"44.79859","photo_urls":[],"photo_url":""}},{"type":"Feature","id":"JS2002","geometry":{"type":"Point","coordinates":[-113.35902,44.68019]},"properties":{"GIS ID":"084-AR","WRI":"False","Status Year":"2020","Status":"False","Project ID":"JS2002","Private":"True","Project Name":"Leadore Fence Modification","Public Name":"Idaho 2020 Private Lands Wildlife Management #1","Year":"2020","MDF/BDF":"MDF","Location":"Leadore","County":"Lemhi County","State":"ID","Narrative":"This project improved wildlife movement on private lands through a partnership with the U.S. Fish and Wildlife Service and the Idaho Department of Fish and Game by removing, modifying, and replacing non-wildlife-friendly fencing. The fencing improvements reduced movement barriers and improved habitat connectivity for mule deer and other wildlife while supporting continued agricultural use of the land.","Category":"Wildlife Management","Project Type":"Fencing","Partner Type":"Private","Partner Name":"Private Landowner/Organization","Land Jurisdiction":"Private","Herds":"0","GMUs":"Bea","Deer Capacity":"432","Acres Benefitted":"4320","Miles Treated":"13.5","Structures Installed":"0","Volunteer Hours":"0","Longitude":"-113.256","Latitude":"44.59682","Public Longitude":"-113.35902","Public Latitude":"44.68019","photo_urls":[],"photo_url":""}},{"type":"Feature","id":"JS2005","geometry":{"type":"Point","coordinates":[-112.6389,44.19502]},"properties":{"GIS ID":"085-AR","WRI":"False","Status Year":"2020","Status":"False","Project ID":"JS2005","Private":"False","Project Name":"Crooked Creek Fence Modification","Public Name":"Crooked Creek Fence Modification","Year":"2020","MDF/BDF":"MDF","Location":"Winsper","County":"Clark County","State":"ID","Narrative":"This project removed woven-wire fencing and replaced it with wildlife-friendly fencing to reduce barriers to movement and improve safety for mule deer and other wildlife. The new fencing improved habitat connectivity while continuing to support livestock management on the landscape.","Category":"Wildlife Management","Project Type":"Fencing","Partner Type":"State","Partner Name":"Idaho Department of Fish and Game","Land Jurisdiction":"Public","Herds":"Reno","GMUs":"Mou","Deer Capacity":"160","Acres Benefitted":"1600","Miles Treated":"5","Structures Installed":"0","Volunteer Hours":"0","Longitude":"-112.6389","Latitude":"44.19502","photo_urls":[],"photo_url":""}},{"type":"Feature","id":"JS2004","geometry":{"type":"Point","coordinates":[-111.69891,43.44034]},"properties":{"GIS ID":"086-AR","WRI":"False","Status Year":"2020","Status":"False","Project ID":"JS2004","Private":"False","Project Name":"Tex Creek WMA Shrub Planting","Public Name":"Tex Creek WMA Shrub Planting","Year":"2020","MDF/BDF":"MDF","Location":"Tex Creek Wildlife Management Area","County":"Bonneville County","State":"ID","Narrative":"This project restored burned areas within an active mule deer migration corridor by planting native sagebrush to improve winter forage and habitat conditions. The plantings enhanced critical winter range for mule deer and elk while supporting long-term recovery and resilience of the post-fire landscape.","Category":"Habitat Conservation","Project Type":"Habitat Enhancement","Partner Type":"State","Partner Name":"Idaho Department of Fish and Game","Land Jurisdiction":"Public","Herds":"Tex Creek","GMUs":"Car","Deer Capacity":"300","Acres Benefitted":"3000","Miles Treated":"0","Structures Installed":"0","Volunteer Hours":"0","Longitude":"-111.69891","Latitude":"43.44034","photo_urls":[],"photo_url":""}},{"type":"Feature","id":"JS2007","geometry":{"type":"Point","coordinates":[-111.20662,42.20305]},"properties":{"GIS ID":"087-AR","WRI":"False","Status Year":"2020","Status":"False","Project ID":"JS2007","Private":"False","Project Name":"Rocky Point Highway Wildlife Crossing","Public Name":"Rocky Point Highway Wildlife Crossing","Year":"2020","MDF/BDF":"MDF","Location":"Montpelier","County":"Bear Lake County","State":"ID","Narrative":"This project is delivering dedicated wildlife crossings at Rocky Point along U.S. Highway 30 to protect a major mule deer migration route south of Montpelier. Project planning began in 2020, with construction starting in 2025 through a long-standing partnership between the Idaho Transportation Department and the Idaho Department of Fish and Game. By guiding migrating mule deer safely under the highway using purpose-built underpasses and wildlife fencing, the project reduces collisions in one of Idaho\u2019s most dangerous roadway segments for wildlife while preserving connectivity between critical summer and winter habitats across the Bear Lake Plateau migration corridor.","Category":"Wildlife Management","Project Type":"Fencing","Partner Type":"State","Partner Name":"Idaho Transportation Department","Land Jurisdiction":"Public","Herds":"Bear Lake Plateau, Cache","GMUs":"Car","Deer Capacity":"192","Acres Benefitted":"1920","Miles Treated":"6","Structures Installed":"0","Volunteer Hours":"0","Longitude":"-111.20662","Latitude":"42.20305","photo_urls":[],"photo_url":""}},{"type":"Feature","id":"UT-WRI-CA21-03-01","geometry":{"type":"Point","coordinates":[-110.1136,40.91946]},"properties":{"GIS ID":"099-AR","WRI":"False","Status Year":"2021","Status":"False","Project ID":"UT-WRI-CA21-03-01","Private":"False","Project Name":"Burnt Beaver Phase III","Public Name":"Burnt Beaver Phase III","Year":"2021","MDF/BDF":"MDF","Location":"Ashley National Forest","County":"Summit County","State":"UT","Narrative":"In areas previously clear-cut and regrown with dense young conifers, crews used hand cut-and-pile thinning to open up the forest. This reduces overcrowding and enhances plant diversity, providing improved forage and cover for mule deer.","Category":"Habitat Conservation","Project Type":"Habitat Enhancement","Partner Type":"Federal","Partner Name":"USFS","Land Jurisdiction":"Public","Herds":"North Slope, Uinta South Slope","GMUs":"DB1","Deer Capacity":"256","Acres Benefitted":"2555","Miles Treated":"0","Structures Installed":"0","Volunteer Hours":"0","Longitude":"-110.1136","Latitude":"40.91946","photo_urls":[],"photo_url":""}},{"type":"Feature","id":"AZ-FS-CS17-01","geometry":{"type":"Point","coordinates":[-112.11926,35.93514]},"properties":{"GIS ID":"131-AR","WRI":"False","Status Year":"2021","Status":"False","Project ID":"AZ-FS-CS17-01","Private":"False","Project Name":"10X Campground Browse Release","Public Name":"10X Campground Browse Release","Year":"2021","Project Manager":"Jackson Miller","MDF/BDF":"MDF","Location":"Tusayan","County":"Coconino County","State":"AZ","Narrative":"This project completed targeted timber stand improvement (TSI) treatments to release key browse species near the 10X Campground. Reducing competing trees allows shrubs and native vegetation to grow more vigorously, increasing the availability of high-quality forage for mule deer and other wildlife. These treatments improve habitat conditions while maintaining a healthy, balanced forest structure that benefits both wildlife and recreational users.","Category":"Habitat Conservation","Project Type":"Habitat Enhancement","Partner Type":"State","Partner Name":"Arizona Game and Fish Department","Land Jurisdiction":"Public","Herds":"San Francisco Peaks","GMUs":"9.0","Deer Capacity":"255","Acres Benefitted":"2550","Miles Treated":"0","Structures Installed":"0","Volunteer Hours":"0","Longitude":"-112.11926","Latitude":"35.93514","photo_urls":[],"photo_url":""}},{"type":"Feature","id":"RM2102","geometry":{"type":"Point","coordinates":[-121.62414,40.55854]},"properties":{"GIS ID":"132-AR","WRI":"False","Status Year":"2021","Status":"False","Project ID":"RM2102","Private":"False","Project Name":"Manzanita Chutes Phase 2 Mastication","Public Name":"Manzanita Chutes Phase 2 Mastication","Year":"2021","MDF/BDF":"MDF","Location":"Viola","County":"Shasta County","State":"CA","Narrative":"This project improved forest health by thinning small-diameter conifers and masticating overgrown brush to reduce competition among trees and stimulate new understory growth. The treatment promoted the resprouting of shrubs and forbs that provide valuable forage for mule deer, while preserving oak trees that produce important mast and wildlife habitat.","Category":"Habitat Conservation","Project Type":"Habitat Enhancement","Partner Type":"Federal","Partner Name":"USFS","Land Jurisdiction":"Public","Herds":"0","GMUs":"C3","Deer Capacity":"161","Acres Benefitted":"1610","Miles Treated":"0","Structures Installed":"0","Volunteer Hours":"0","Longitude":"-121.62414","Latitude":"40.55854","photo_urls":[],"photo_url":""}},{"type":"Feature","id":"CA-FS-SA20-02-02","geometry":{"type":"Point","coordinates":[-121.03831,40.73968]},"properties":{"GIS ID":"133-AR","WRI":"False","Status Year":"2021","Status":"False","Project ID":"CA-FS-SA20-02-02","Private":"False","Project Name":"Harvey Mtn. Archeological Survey","Public Name":"Harvey Mtn. Archeological Survey","Year":"2021","Project Manager":"Randy Morrison","MDF/BDF":"MDF","Location":"Susanville","County":"Lassen County","State":"CA","Narrative":"This project completed archaeological and environmental surveys needed to guide future habitat restoration work on public lands. The planning process helps ensure upcoming treatments can improve mule deer habitat and forest health while protecting important cultural resources and sensitive wildlife areas.","Category":"Wildlife Management","Project Type":"Surveys","Partner Type":"Federal","Partner Name":"USFS","Land Jurisdiction":"Public","Herds":"0","GMUs":"X4","Deer Capacity":"50","Acres Benefitted":"500","Miles Treated":"0","Structures Installed":"0","Volunteer Hours":"0","Longitude":"-121.03831","Latitude":"40.73968","photo_urls":[],"photo_url":""}},{"type":"Feature","id":"CA-FS-SA20-03-02","geometry":{"type":"Point","coordinates":[-120.74262,38.95322]},"properties":{"GIS ID":"134-AR","WRI":"False","Status Year":"2021","Status":"False","Project ID":"CA-FS-SA20-03-02","Private":"False","Project Name":"Vulcan Mastication","Public Name":"Vulcan Mastication","Year":"2021","Project Manager":"Randy Morrison","MDF/BDF":"MDF","Location":"Quintette","County":"El Dorado County","State":"CA","Narrative":"This project began a multi-phase effort to create shaded fuel breaks and improve wildlife habitat on public lands. Reducing dense vegetation helped create more wildfire-resilient landscapes while stimulating new forage growth and increasing acorn production that benefits mule deer, other wildlife, and nearby communities.","Category":"Habitat Conservation","Project Type":"Habitat Enhancement","Partner Type":"Federal","Partner Name":"USFS","Land Jurisdiction":"Public","Herds":"0","GMUs":"D5","Deer Capacity":"165","Acres Benefitted":"1645","Miles Treated":"0","Structures Installed":"0","Volunteer Hours":"0","Longitude":"-120.74262","Latitude":"38.95322","photo_urls":[],"photo_url":""}},{"type":"Feature","id":"CA-FS-SA20-03-01","geometry":{"type":"Point","coordinates":[-120.48605,38.96695]},"properties":{"GIS ID":"135-AR","WRI":"False","Status Year":"2021","Status":"False","Project ID":"CA-FS-SA20-03-01","Private":"False","Project Name":"King Fire Biomass Removal","Public Name":"King Fire Biomass Removal","Year":"2021","Project Manager":"Randy Morrison","MDF/BDF":"MDF","Location":"King Fire Burn Scar","County":"Placer County","State":"CA","Narrative":"This project removed fire-damaged trees and excess woody material from public lands following the 2015 King Fire to reduce hazardous fuels and support long-term forest recovery. The remaining material was piled for future burning, and the completed treatment prepared the landscape for reforestation and the restoration of healthier wildlife habitat.","Category":"Habitat Conservation","Project Type":"Fire Restoration","Partner Type":"Federal","Partner Name":"USFS","Land Jurisdiction":"Public","Herds":"Casa Diablo","GMUs":"D4","Deer Capacity":"88","Acres Benefitted":"875","Miles Treated":"0","Structures Installed":"0","Volunteer Hours":"0","Longitude":"-120.48605","Latitude":"38.96695","photo_urls":[],"photo_url":""}},{"type":"Feature","id":"CA-FS-SA20-04-01","geometry":{"type":"Point","coordinates":[-120.33847,38.29114]},"properties":{"GIS ID":"136-AR","WRI":"False","Status Year":"2021","Status":"False","Project ID":"CA-FS-SA20-04-01","Private":"False","Project Name":"Arnold/Avery Phase 1 Mastication & Hazard Tree Felling","Public Name":"Arnold/Avery Phase 1 Mastication & Hazard Tree Felling","Year":"2021","Project Manager":"Randy Morrison","MDF/BDF":"MDF","Location":"Arnold","County":"Calaveras County","State":"CA","Narrative":"This project created shaded fuel breaks on public lands to reduce wildfire risk and improve protection for nearby communities. Thinning dense vegetation reduced competition among trees, increased sunlight reaching the forest floor, and stimulated new growth of grasses, forbs, brush, and acorn-producing oaks that provide valuable forage for mule deer and other wildlife.","Category":"Habitat Conservation","Project Type":"Habitat Enhancement","Partner Type":"Federal","Partner Name":"USFS","Land Jurisdiction":"Public","Herds":"0","GMUs":"D5","Deer Capacity":"418","Acres Benefitted":"4175","Miles Treated":"0","Structures Installed":"0","Volunteer Hours":"0","Longitude":"-120.33847","Latitude":"38.29114","photo_urls":[],"photo_url":""}},{"type":"Feature","id":"CA-FS-SA16-01-02","geometry":{"type":"Point","coordinates":[-120.26679,38.48206]},"properties":{"GIS ID":"137-AR","WRI":"False","Status Year":"2021","Status":"False","Project ID":"CA-FS-SA16-01-02","Private":"False","Project Name":"Moore Creek Campground Restoration","Public Name":"Moore Creek Campground Restoration","Year":"2021","Project Manager":"Randy Morrison","MDF/BDF":"MDF","Location":"Moore Creek","County":"Amador County","State":"CA","Narrative":"This project rebuilt an important campground on public lands that provides access to hunting, fishing, and outdoor recreation opportunities. The work improves recreational infrastructure, supports local forest use, and helps connect the public to healthy wildlife habitat and conservation landscapes.","Category":"Partner Support","Project Type":"Recreation/Access","Partner Type":"Federal","Partner Name":"USFS","Land Jurisdiction":"Public","Herds":"Pacific","GMUs":"D5","Deer Capacity":"8","Acres Benefitted":"80","Miles Treated":"0","Structures Installed":"0","Volunteer Hours":"0","Longitude":"-120.26679","Latitude":"38.48206","photo_urls":[],"photo_url":""}},{"type":"Feature","id":"JS2103","geometry":{"type":"Point","coordinates":[-116.9014,43.27733]},"properties":{"GIS ID":"138-AR","WRI":"False","Status Year":"2021","Status":"False","Project ID":"JS2103","Private":"False","Project Name":"Soda Shrub Planting","Public Name":"Soda Shrub Planting","Year":"2021","MDF/BDF":"MDF","Location":"Soda Fire Burn Scar","County":"Owyhee County","State":"ID","Narrative":"This project restored shrub-steppe habitat in the 2015 Soda Fire area by planting more than 130,000 native sagebrush seedlings across state and Bureau of Land Management lands. Reestablishing sagebrush-dominated communities improved ecological function and provided essential winter forage for mule deer, supporting long-term recovery of this fire-impacted landscape.","Category":"Habitat Conservation","Project Type":"Habitat Enhancement","Partner Type":"Federal","Partner Name":"BLM","Land Jurisdiction":"Public","Herds":"0","GMUs":"Owy","Deer Capacity":"650","Acres Benefitted":"6500","Miles Treated":"0","Structures Installed":"0","Volunteer Hours":"0","Longitude":"-116.9014","Latitude":"43.27733","photo_urls":[],"photo_url":""}},{"type":"Feature","id":"ID-BLM-CA21-01-02","geometry":{"type":"Point","coordinates":[-114.24094,42.35844]},"properties":{"GIS ID":"139-AR","WRI":"False","Status Year":"2021","Status":"False","Project ID":"ID-BLM-CA21-01-02","Private":"False","Project Name":"Badger Shrub Planting","Public Name":"Badger Shrub Planting","Year":"2021","MDF/BDF":"MDF","Location":"Badger Fire Burn Scar","County":"Cassia County","State":"ID","Narrative":"This project rehabilitated shrub-steppe habitat following the 2020 Badger Fire by planting approximately 200,000 native shrubs, including bitterbrush and sagebrush. Restoring sagebrush-dominated plant communities improved ecological function and provided essential winter forage for mule deer in this fire-affected landscape.","Category":"Habitat Conservation","Project Type":"Fire Restoration","Partner Type":"State","Partner Name":"Idaho Department of Fish and Game","Land Jurisdiction":"Public","Herds":"0","GMUs":"Sou","Deer Capacity":"1000","Acres Benefitted":"10000","Miles Treated":"0","Structures Installed":"0","Volunteer Hours":"0","Longitude":"-114.24094","Latitude":"42.35844","photo_urls":[],"photo_url":""}},{"type":"Feature","id":"JS2104","geometry":{"type":"Point","coordinates":[-111.26165,41.98648]},"properties":{"GIS ID":"140-AR","WRI":"False","Status Year":"2021","Status":"False","Project ID":"JS2104","Private":"False","Project Name":"Bear Lake Plateau Fence Modification","Public Name":"Bear Lake Plateau Fence Modification","Year":"2021","MDF/BDF":"MDF","Location":"Bear Lake Plateau","County":"Rich County","State":"ID","Narrative":"This project removed and replaced dilapidated fencing with wildlife-friendly designs in partnership with the Idaho Department of Fish and Game. The improved fencing reduced the risk of injury or mortality while easing movement across the landscape, helping mule deer conserve energy as they travel between seasonal habitats.","Category":"Wildlife Management","Project Type":"Fencing","Partner Type":"State","Partner Name":"Idaho Department of Fish and Game","Land Jurisdiction":"Public","Herds":"Bear Lake Plateau, Cache","GMUs":"DB1","Deer Capacity":"136","Acres Benefitted":"1360","Miles Treated":"4.25","Structures Installed":"0","Volunteer Hours":"0","Longitude":"-111.26165","Latitude":"41.98648","photo_urls":[],"photo_url":""}},{"type":"Feature","id":"MT-NFWF-CR20-08","geometry":{"type":"Point","coordinates":[-113.9102,45.84518]},"properties":{"GIS ID":"141-AR","WRI":"False","Status Year":"2021","Status":"False","Project ID":"MT-NFWF-CR20-08","Private":"False","Project Name":"Sula Fence Removal","Public Name":"Sula Fence Removal","Year":"2021","MDF/BDF":"MDF","Location":"Sula","County":"Ravalli County","State":"MT","Narrative":"This project removed hazardous fencing that restricted wildlife movement and posed entanglement risks to mule deer and other wildlife. Removing these barriers improved habitat connectivity and allowed safer movement across the landscape.","Category":"Wildlife Management","Project Type":"Fencing","Partner Type":"State","Partner Name":"Idaho Department of Fish and Game","Land Jurisdiction":"Public","Herds":"Bitteroot","GMUs":"270.0","Deer Capacity":"192","Acres Benefitted":"1920","Miles Treated":"6","Structures Installed":"0","Volunteer Hours":"0","Longitude":"-113.9102","Latitude":"45.84518","photo_urls":[],"photo_url":""}},{"type":"Feature","id":"UT-WRI-CA21-01-01","geometry":{"type":"Point","coordinates":[-110.84916,40.854]},"properties":{"GIS ID":"144-AR","WRI":"False","Status Year":"2020","Status":"False","Project ID":"UT-WRI-CA21-01-01","Private":"False","Project Name":"Bear River Watershed Resilience Phase 2","Public Name":"Bear River Watershed Resilience Phase 2","Year":"2020","MDF/BDF":"MDF","Location":"Ashley National Forest","County":"Summit County","State":"UT","Narrative":"This project reduced hazardous fuels and restored more natural vegetation patterns through mastication and lop-and-scatter treatments on public lands. Creating a diverse mix of plant types and age classes improved forage availability, cover, and overall habitat conditions for mule deer and other wildlife.","Category":"Habitat Conservation","Project Type":"Habitat Enhancement","Partner Type":"Federal","Partner Name":"USFS","Land Jurisdiction":"Public","Herds":"Chalk Creek","GMUs":"DB1","Deer Capacity":"354","Acres Benefitted":"3535","Miles Treated":"0","Structures Installed":"0","Volunteer Hours":"0","Longitude":"-110.84916","Latitude":"40.854","photo_urls":[],"photo_url":""}},{"type":"Feature","id":"UT-WRI-CA21-02-01","geometry":{"type":"Point","coordinates":[-110.09346,40.90609]},"properties":{"GIS ID":"145-AR","WRI":"False","Status Year":"2021","Status":"False","Project ID":"UT-WRI-CA21-02-01","Private":"False","Project Name":"Burnt Beaver Phase IV","Public Name":"Burnt Beaver Phase IV","Year":"2021","MDF/BDF":"MDF","Location":"Ashley National Forest","County":"Summit County","State":"UT","Narrative":"Contract fire crews worked with the Forest Service to safely burn piles of woody debris in the Burnt Beaver Project area. These pile burns lower wildfire risk, promote the regrowth of nutritious vegetation, and maintain high-quality habitat for mule deer.","Category":"Habitat Conservation","Project Type":"Habitat Enhancement","Partner Type":"Federal","Partner Name":"USFS","Land Jurisdiction":"Public","Herds":"North Slope","GMUs":"DB1","Deer Capacity":"250","Acres Benefitted":"2500","Miles Treated":"0","Structures Installed":"0","Volunteer Hours":"0","Longitude":"-110.09346","Latitude":"40.90609","photo_urls":[],"photo_url":""}},{"type":"Feature","id":"7598647026319236","geometry":{"type":"Point","coordinates":[-105.45177,41.2994]},"properties":{"GIS ID":"199-AR","WRI":"False","Status Year":"2021","Status":"False","Private":"False","Project Name":"Grizzly Fencing Modification","Public Name":"Grizzly Fencing Modification","Year":"2021","MDF/BDF":"MDF","Location":"Laramie","County":"Albany County","State":"WY","Narrative":"This project improved habitat connectivity by converting woven wire and five-strand fencing to wildlife-friendly fencing on public lands. The fencing modifications reduced movement barriers and allowed mule deer and other wildlife to move more safely across the landscape.","Category":"Wildlife Management","Project Type":"Fencing","Partner Type":"Federal","Partner Name":"USFS","Land Jurisdiction":"Public","Herds":"0","GMUs":"537.0","Deer Capacity":"96","Acres Benefitted":"960","Miles Treated":"3","Structures Installed":"0","Volunteer Hours":"61","Longitude":"-105.45177","Latitude":"41.2994","photo_urls":[],"photo_url":""}},{"type":"Feature","id":"AZ-FS-PA23-01-01","geometry":{"type":"Point","coordinates":[-110.63507,33.70092]},"properties":{"GIS ID":"200-AR","WRI":"False","Status Year":"2024","Status":"False","Project ID":"AZ-FS-PA23-01-01","Private":"False","Project Name":"Highway Tanks / Timber Camp Restoration Project","Public Name":"Highway Tanks / Timber Camp Restoration Project","Year":"2024","Project Manager":"Jake Smith","MDF/BDF":"MDF","Location":"Globe","County":"Gila County","State":"AZ","Narrative":"This project implemented forest thinning treatments to improve native grasslands and rangeland conditions. By reducing dense tree cover, the project improves growing conditions for grasses and forbs that provide important forage for mule deer and other wildlife, while also lowering hazardous fuel loads. The work was completed in partnership with state and federal agencies to support healthier ecosystems, reduce wildfire risk, and promote long-term landscape resilience.","Category":"Habitat Conservation","Project Type":"Habitat Enhancement","Partner Type":"Federal","Partner Name":"USFS","Land Jurisdiction":"Public","Herds":"0","GMUs":"24A","Deer Capacity":"500","Acres Benefitted":"5000","Miles Treated":"0","Structures Installed":"0","Volunteer Hours":"0","Longitude":"-110.63507","Latitude":"33.70092","photo_urls":[],"photo_url":""}},{"type":"Feature","id":"JM2202","geometry":{"type":"Point","coordinates":[-112.40107,36.68362]},"properties":{"GIS ID":"201-AR","WRI":"False","Status Year":"2022","Status":"False","Project ID":"JM2202","Private":"False","Project Name":"Kaibab Plateau Ecological Restoration Project","Public Name":"Kaibab Plateau Ecological Restoration Project","Year":"2022","MDF/BDF":"MDF","Location":"Fredonia","County":"Coconino County","State":"AZ","Narrative":"This project restored ecological conditions across the landscape to improve habitat function and long-term resilience for mule deer and other wildlife. Restoration work enhanced forage, cover, water availability, and habitat connectivity, supporting healthier seasonal habitat use and overall herd health.","Category":"Habitat Conservation","Project Type":"Watershed Restoration","Partner Type":"Federal","Partner Name":"USFS","Land Jurisdiction":"Public","Herds":"Kaibab","GMUs":"12A","Deer Capacity":"1294","Acres Benefitted":"12940","Miles Treated":"0","Structures Installed":"0","Volunteer Hours":"0","Longitude":"-112.40107","Latitude":"36.68362","photo_urls":[],"photo_url":""}},{"type":"Feature","id":"CA-FS-SA19-02-01","geometry":{"type":"Point","coordinates":[-120.5992,40.25459]},"properties":{"GIS ID":"202-AR","WRI":"False","Status Year":"2024","Status":"False","Project ID":"CA-FS-SA19-02-01","Private":"False","Project Name":"Tomcat","Public Name":"Tomcat","Year":"2024","Project Manager":"Randy Morrison","MDF/BDF":"MDF","Location":"Janesville","County":"Plumas County","State":"CA","Narrative":"This project improved forest health and mule deer habitat on public lands through large-scale forest restoration and biomass removal. Thinning dense timber stands and removing excess woody material helped reduce wildfire risk, improve habitat conditions for the Doyle mule deer herd, and support safer, healthier landscapes for wildlife and public recreation.","Category":"Habitat Conservation","Project Type":"Habitat Enhancement","Partner Type":"Federal","Partner Name":"USFS","Land Jurisdiction":"Public","Herds":"0","GMUs":"X6a","Deer Capacity":"648","Acres Benefitted":"6480","Miles Treated":"0","Structures Installed":"0","Volunteer Hours":"0","Longitude":"-120.5992","Latitude":"40.25459","photo_urls":[],"photo_url":""}},{"type":"Feature","id":"CA-FS-SA20-02-04","geometry":{"type":"Point","coordinates":[-120.8767,40.63599]},"properties":{"GIS ID":"204-AR","WRI":"False","Status Year":"2022","Status":"False","Project ID":"CA-FS-SA20-02-04","Private":"False","Project Name":"Whaleback  Guzzler Replacement","Public Name":"Whaleback  Guzzler Replacement","Year":"2022","Project Manager":"Randy Morrison","MDF/BDF":"MDF","Location":"Susanville","County":"Lassen County","State":"CA","Narrative":"This project installed wildlife guzzlers in areas where water availability is limited following recent wildfire impacts on public lands. The new water sources improve habitat conditions for mule deer and other wildlife, while one installation was strategically placed to help reduce deer crossings along a nearby highway and improve wildlife safety.","Category":"Wildlife Management","Project Type":"Water Access","Partner Type":"Federal","Partner Name":"USFS","Land Jurisdiction":"Public","Herds":"0","GMUs":"X4","Deer Capacity":"128","Acres Benefitted":"1280","Miles Treated":"2","Structures Installed":"2","Volunteer Hours":"0","Longitude":"-120.8767","Latitude":"40.63599","photo_urls":[],"photo_url":""}},{"type":"Feature","id":"CA-FS-SA20-02-03","geometry":{"type":"Point","coordinates":[-120.85651,40.63408]},"properties":{"GIS ID":"205-AR","WRI":"False","Status Year":"2022","Status":"False","Project ID":"CA-FS-SA20-02-03","Private":"False","Project Name":"Whaleback Mtn. Post Fire Site Prep","Public Name":"Whaleback Mtn. Post Fire Site Prep","Year":"2022","Project Manager":"Randy Morrison","MDF/BDF":"MDF","Location":"Eagle Lake","County":"Lassen County","State":"CA","Narrative":"This project prepared burned areas for reforestation by cutting and piling fire-damaged trees for later burning and future conifer seedling planting on public lands. The work helped accelerate forest recovery, reduce hazardous fuels, improve public safety along nearby road corridors, and support the long-term restoration of wildlife habitat.","Category":"Habitat Conservation","Project Type":"Fire Restoration","Partner Type":"Federal","Partner Name":"USFS","Land Jurisdiction":"Public","Herds":"0","GMUs":"X4","Deer Capacity":"272","Acres Benefitted":"2720","Miles Treated":"0","Structures Installed":"0","Volunteer Hours":"0","Longitude":"-120.85651","Latitude":"40.63408","photo_urls":[],"photo_url":""}},{"type":"Feature","id":"RM2207","geometry":{"type":"Point","coordinates":[-120.80127,38.73918]},"properties":{"GIS ID":"206-AR","WRI":"False","Status Year":"2022","Status":"False","Project ID":"RM2207","Private":"False","Project Name":"HWY 50 SOFAR Collaboration Facilitation","Public Name":"HWY 50 SOFAR Collaboration Facilitation","Year":"2022","MDF/BDF":"MDF","Location":"Placerville","County":"El Dorado County","State":"CA","Narrative":"This project supported collaborative partnerships focused on improving forest health and watershed conditions on public lands. By helping bring partners together and coordinate restoration planning efforts, the project advances long-term habitat improvement, wildfire resilience, and healthy ecosystems that benefit mule deer and other wildlife.","Category":"Wildlife Management","Project Type":"Planning","Partner Type":"Federal","Partner Name":"USFS","Land Jurisdiction":"Public","Herds":"0","GMUs":"D5","Deer Capacity":"0","Acres Benefitted":"0","Miles Treated":"0","Structures Installed":"0","Volunteer Hours":"0","Longitude":"-120.80127","Latitude":"38.73918","photo_urls":[],"photo_url":""}},{"type":"Feature","id":"CA-FS-SA20-03-03","geometry":{"type":"Point","coordinates":[-120.7391,38.91171]},"properties":{"GIS ID":"207-AR","WRI":"False","Status Year":"2022","Status":"False","Project ID":"CA-FS-SA20-03-03","Private":"False","Project Name":"Revenant Mastication","Public Name":"Revenant Mastication","Year":"2022","Project Manager":"Randy Morrison","MDF/BDF":"MDF","Location":"Georgetown","County":"El Dorado County","State":"CA","Narrative":"This project expanded ongoing shaded fuel break treatments through the mastication of small-diameter conifers and overgrown brush on public lands. The work reduced hazardous fuel loads, improved wildfire resilience, and increased forage availability for mule deer and other wildlife.","Category":"Habitat Conservation","Project Type":"Habitat Enhancement","Partner Type":"Federal","Partner Name":"USFS","Land Jurisdiction":"Public","Herds":"Casa Diablo","GMUs":"D5","Deer Capacity":"160","Acres Benefitted":"1595","Miles Treated":"0","Structures Installed":"0","Volunteer Hours":"0","Longitude":"-120.7391","Latitude":"38.91171","photo_urls":[],"photo_url":""}},{"type":"Feature","id":"CA-FS-SA20-04-02","geometry":{"type":"Point","coordinates":[-120.34617,38.27276]},"properties":{"GIS ID":"208-AR","WRI":"False","Status Year":"2022","Status":"False","Project ID":"CA-FS-SA20-04-02","Private":"False","Project Name":"Arnold/Avery Phase 2 Mastication & Hazard Tree Felling","Public Name":"Arnold/Avery Phase 2 Mastication & Hazard Tree Felling","Year":"2022","Project Manager":"Randy Morrison","MDF/BDF":"MDF","Location":"Arnold","County":"Calaveras County","State":"CA","Narrative":"This project expanded ongoing hazardous fuels reduction efforts by masticating dense vegetation and removing beetle-killed hazard trees near local communities and along the popular Arnold Rim Trail. Reducing dead and overstocked timber improved wildfire resilience, protected recreation access, and stimulated new forage growth and acorn production that benefit mule deer and other wildlife.","Category":"Habitat Conservation","Project Type":"Habitat Enhancement","Partner Type":"Federal","Partner Name":"USFS","Land Jurisdiction":"Public","Herds":"0","GMUs":"D5","Deer Capacity":"294","Acres Benefitted":"2940","Miles Treated":"0","Structures Installed":"0","Volunteer Hours":"0","Longitude":"-120.34617","Latitude":"38.27276","photo_urls":[],"photo_url":""}},{"type":"Feature","id":"CA-FS-SA20-04-03","geometry":{"type":"Point","coordinates":[-120.14232,38.35652]},"properties":{"GIS ID":"209-AR","WRI":"False","Status Year":"2022","Status":"False","Project ID":"CA-FS-SA20-04-03","Private":"False","Project Name":"Prather/Medusa Phase 1 Mastication Project","Public Name":"Prather/Medusa Phase 1 Mastication Project","Year":"2022","Project Manager":"Randy Morrison","MDF/BDF":"MDF","Location":"Dorrington","County":"Tuolumne County","State":"CA","Narrative":"The objective of this project was to thin conifers and some brush in conifer plantations that were first planted in the 1960's. Trees were too close together and no sun was reaching the ground, so forage was non-existent. Oak trees that did exist were being choked out by the over stocked conifers as well. By removing many trees and creating space between them, we also reduced competition for the remaining trees allowing them to prosper. The ability for sun to now reach the ground also enabled forbs and grasses to grow adding to more available forage for deer.","Category":"Habitat Conservation","Project Type":"Habitat Enhancement","Partner Type":"Federal","Partner Name":"USFS","Land Jurisdiction":"Public","Herds":"0","GMUs":"D6","Deer Capacity":"95","Acres Benefitted":"950","Miles Treated":"0","Structures Installed":"0","Volunteer Hours":"0","Longitude":"-120.14232","Latitude":"38.35652","photo_urls":[],"photo_url":""}},{"type":"Feature","id":"CA-FS-SA16-01-03","geometry":{"type":"Point","coordinates":[-119.80366,38.49515]},"properties":{"GIS ID":"210-AR","WRI":"False","Status Year":"2022","Status":"False","Project ID":"CA-FS-SA16-01-03","Private":"False","Project Name":"Calaveras District Campground Restoration","Public Name":"Calaveras District Campground Restoration","Year":"2022","Project Manager":"Randy Morrison","MDF/BDF":"MDF","Location":"Highland Lakes Campground","County":"Alpine County","State":"CA","Narrative":"This project improved campground infrastructure on public lands by replacing worn and missing picnic tables in heavily used recreation areas. Youth conservation crews helped assemble and install the new tables, supporting outdoor recreation, public land stewardship, and access to important wildlife and hunting landscapes.","Category":"Partner Support","Project Type":"Recreation/Access","Partner Type":"Federal","Partner Name":"USFS","Land Jurisdiction":"Public","Herds":"0","GMUs":"D5","Deer Capacity":"8","Acres Benefitted":"75","Miles Treated":"0","Structures Installed":"0","Volunteer Hours":"0","Longitude":"-119.80366","Latitude":"38.49515","photo_urls":[],"photo_url":""}},{"type":"Feature","id":"CA-FS-SA19-01","geometry":{"type":"Point","coordinates":[-118.59549,35.80567]},"properties":{"GIS ID":"211-AR","WRI":"False","Status Year":"2022","Status":"False","Project ID":"CA-FS-SA19-01","Private":"False","Project Name":"Sequoia Cull Log Deck Removal","Public Name":"Sequoia Cull Log Deck Removal","Year":"2022","MDF/BDF":"MDF","Location":"Giant Sequoia National Monument","County":"Kern County","State":"CA","Narrative":"This project reduced hazardous fuels on public lands by removing leftover log decks created during previous salvage timber operations. The removed material was repurposed locally as firewood, helping reduce wildfire risk while supporting nearby communities and healthier forest conditions for wildlife.","Category":"Habitat Conservation","Project Type":"Habitat Enhancement","Partner Type":"Federal","Partner Name":"USFS","Land Jurisdiction":"Public","Herds":"0","GMUs":"D8","Deer Capacity":"125","Acres Benefitted":"1250","Miles Treated":"0","Structures Installed":"0","Volunteer Hours":"0","Longitude":"-118.59549","Latitude":"35.80567","photo_urls":[],"photo_url":""}},{"type":"Feature","id":"CA-FS-CS23-01-01","geometry":{"type":"Point","coordinates":[-121.08078,40.04203]},"properties":{"GIS ID":"212-AR","WRI":"False","Status Year":"2022","Status":"False","Project ID":"CA-FS-CS23-01-01","Private":"False","Project Name":"Wildlife Guzzler Replacement","Public Name":"Wildlife Guzzler Replacement","Year":"2022","Project Manager":"Chris Daunt","MDF/BDF":"MDF","Location":"Quincy","County":"Plumas County","State":"CA","Narrative":"This project replaced multiple wildlife guzzlers destroyed during the Dixie Fire to restore reliable water sources for mule deer and other wildlife on public lands. Reestablishing these critical water supplies supports post-fire habitat recovery, improves drought resilience, and helps maintain healthy wildlife populations across fire-affected landscapes.","Category":"Wildlife Management","Project Type":"Water Access","Partner Type":"Federal","Partner Name":"USFS","Land Jurisdiction":"Public","Land Administration":"USFS","Herds":"0","GMUs":"C4","Deer Capacity":"1216","Acres Benefitted":"12160","Miles Treated":"0","Structures Installed":"19","Volunteer Hours":"265","Longitude":"-121.08078","Latitude":"40.04203","photo_urls":[],"photo_url":""}},{"type":"Feature","id":"JS2202","geometry":{"type":"Point","coordinates":[-115.70135,43.41018]},"properties":{"GIS ID":"217-AR","WRI":"False","Status Year":"2022","Status":"False","Project ID":"JS2202","Private":"False","Project Name":"Danskin Shrub Planting","Public Name":"Danskin Shrub Planting","Year":"2022","MDF/BDF":"MDF","Location":"Mayfield","County":"Elmore County","State":"ID","Narrative":"In 2022 and 2023, large-scale sagebrush and bitterbrush plantings were completed on Idaho Department of Lands properties to improve mule deer habitat. These efforts help restore critical shrub communities that provide essential winter forage and cover for deer and other wildlife. The project was implemented in partnership with the Idaho Department of Fish and Game and the Bureau of Land Management to support long-term habitat recovery and resilience.","Category":"Habitat Conservation","Project Type":"Habitat Enhancement","Partner Type":"State","Partner Name":"Idaho Department of Fish and Game","Land Jurisdiction":"Public","Herds":"0","GMUs":"Smo","Deer Capacity":"750","Acres Benefitted":"7500","Miles Treated":"0","Structures Installed":"0","Volunteer Hours":"0","Longitude":"-115.70135","Latitude":"43.41018","photo_urls":[],"photo_url":""}},{"type":"Feature","id":"JS2201","geometry":{"type":"Point","coordinates":[-113.72961,45.13204]},"properties":{"GIS ID":"218-AR","WRI":"False","Status Year":"2022","Status":"False","Project ID":"JS2201","Private":"False","Project Name":"Eagle Valley Fence Removal","Public Name":"Eagle Valley Fence Removal","Year":"2022","MDF/BDF":"MDF","Location":"Baker","County":"Lemhi County","State":"ID","Narrative":"This project removed several miles of unnecessary fencing and modified additional fence segments to improve wildlife movement across the landscape. Work was completed with the help of dedicated volunteers and partners, reducing barriers that can cause injury or restrict access to important habitat. These improvements increase landscape connectivity and support safer movement for mule deer and other wildlife.","Category":"Wildlife Management","Project Type":"Fencing","Partner Type":"Federal","Partner Name":"USFWS","Land Jurisdiction":"Public","Herds":"0","GMUs":"Bea","Deer Capacity":"672","Acres Benefitted":"6720","Miles Treated":"21","Structures Installed":"0","Volunteer Hours":"426","Longitude":"-113.72961","Latitude":"45.13204","photo_urls":[],"photo_url":""}},{"type":"Feature","id":"WY-FS-SA22-01-01","geometry":{"type":"Point","coordinates":[-106.57445,41.44747]},"properties":{"GIS ID":"227-AR","WRI":"False","Status Year":"2022","Status":"False","Project ID":"WY-FS-SA22-01-01","Private":"False","Project Name":"Troublesome Ridge Shrub Enhancement","Public Name":"Troublesome Ridge Shrub Enhancement","Year":"2022","Project Manager":"Nicole Reed-Fickel","MDF/BDF":"MDF","Location":"Kennaday Peak","County":"Carbon County","State":"WY","Narrative":"This project used shrub mowing to introduce a younger age class into an aging shrub stand and stimulate increased understory growth. Creating a mix of shrub ages improves habitat quality by promoting diverse, nutritious forage for mule deer and other wildlife. Work occurred across both Forest Service and private lands, with project locations shown only on public lands to respect private landowner privacy.","Category":"Habitat Conservation","Project Type":"Habitat Enhancement","Partner Type":"Federal","Partner Name":"USFS","Land Jurisdiction":"Public","Herds":"0","GMUs":"541.0","Deer Capacity":"99","Acres Benefitted":"985","Miles Treated":"0","Structures Installed":"0","Volunteer Hours":"0","Longitude":"-106.57445","Latitude":"41.44747","photo_urls":[],"photo_url":""}},{"type":"Feature","id":"AZ-FS-SA20-01-02","geometry":{"type":"Point","coordinates":[-109.21068,34.0448]},"properties":{"GIS ID":"229-AR","WRI":"False","Status Year":"2023","Status":"False","Project ID":"AZ-FS-SA20-01-02","Private":"False","Project Name":"West Escudilla PJ Restoration Project (Phase 3)","Public Name":"West Escudilla PJ Restoration Project (Phase 3)","Year":"2023","Project Manager":"Jake Smith","MDF/BDF":"MDF","Location":"Sipe White Mountain Wildlife Area","County":"Apache County","State":"AZ","Narrative":"This project expanded ongoing pinyon\u2013juniper reduction efforts to reconnect and restore native grassland habitat across the landscape. Continued tree removal improved growing conditions for native grasses and forbs, increasing forage availability, supporting seasonal mule deer movement, and creating more resilient habitat for wildlife.","Category":"Habitat Conservation","Project Type":"Habitat Enhancement","Partner Type":"Federal","Partner Name":"USFS","Land Jurisdiction":"Public","Herds":"0","GMUs":"1.0","Deer Capacity":"667","Acres Benefitted":"6665","Miles Treated":"0","Structures Installed":"0","Volunteer Hours":"0","Longitude":"-109.21068","Latitude":"34.0448","photo_urls":[],"photo_url":""}},{"type":"Feature","id":"AZ-HPC-CA23-01","geometry":{"type":"Point","coordinates":[-112.17625,36.83653]},"properties":{"GIS ID":"230-AR","WRI":"False","Status Year":"2023","Status":"False","Project ID":"AZ-HPC-CA23-01","Private":"False","Project Name":"Willis Canyon Pipeline","Public Name":"Willis Canyon Pipeline","Year":"2023","MDF/BDF":"MDF","Location":"Fredonia","County":"Coconino County","State":"AZ","Narrative":"Following the Mangum Fire, this project rebuilt critical water infrastructure on the Kaibab National Forest. Crews installed new pipeline, replaced multiple water systems serving two canyons, and added a larger 10,000-gallon storage tank. These improvements restore reliable water sources for wildlife and livestock, benefiting mule deer by ensuring consistent access to water throughout the year.","Category":"Wildlife Management","Project Type":"Water Access","Partner Type":"Private","Partner Name":"Private Landowner/Organization","Land Jurisdiction":"Private","Herds":"Kaibab, Paunsaugunt","GMUs":"12A","Deer Capacity":"544","Acres Benefitted":"5440","Miles Treated":"4.5","Structures Installed":"4","Volunteer Hours":"0","Longitude":"-112.17625","Latitude":"36.83653","photo_urls":[],"photo_url":""}},{"type":"Feature","id":"CA-FS-SA23-01-02","geometry":{"type":"Point","coordinates":[-121.07185,39.91369]},"properties":{"GIS ID":"237-AR","WRI":"False","Status Year":"2024","Status":"False","Project ID":"CA-FS-SA23-01-02","Private":"False","Project Name":"Schneider Creek Cultural Surveys","Public Name":"Schneider Creek Cultural Surveys","Year":"2024","Project Manager":"Chris Daunt","MDF/BDF":"MDF","Location":"Quincy","County":"Plumas County","State":"CA","Narrative":"This project completed important environmental and wildlife survey work on public lands in preparation for future mule deer habitat restoration efforts. The surveys help guide upcoming vegetation treatments designed to improve forage availability, forest health, and overall habitat conditions for mule deer and other wildlife.","Category":"Wildlife Management","Project Type":"Surveys","Partner Type":"State","Partner Name":"USFS","Land Jurisdiction":"Public","Herds":"0","GMUs":"D3","Deer Capacity":"0","Acres Benefitted":"0","Miles Treated":"0","Structures Installed":"0","Volunteer Hours":"0","Longitude":"-121.07185","Latitude":"39.91369","photo_urls":[],"photo_url":""}},{"type":"Feature","id":"CA-FS-SA23-01-06","geometry":{"type":"Point","coordinates":[-121.05079,39.91391]},"properties":{"GIS ID":"238-AR","WRI":"False","Status Year":"2025","Status":"True","Project ID":"CA-FS-SA23-01-06","Private":"False","Project Name":"Schneider Creek Hand Thin Project","Public Name":"Schneider Creek Hand Thin Project","Year":"2025","Project Manager":"Chris Daunt","MDF/BDF":"MDF","Location":"Quincy","County":"Plumas County","State":"CA","Narrative":"This project began a multi-phase effort to improve mule deer habitat through hand thinning and pile treatments in overstocked forest stands on public lands. Reducing dense vegetation helps improve forest health, stimulate new understory growth, and create better forage and cover conditions for mule deer and other wildlife.","Category":"Habitat Conservation","Project Type":"Habitat Enhancement","Partner Type":"State","Partner Name":"USFS","Land Jurisdiction":"Public","Herds":"0","GMUs":"D3","Deer Capacity":"28","Acres Benefitted":"275","Miles Treated":"0","Structures Installed":"0","Volunteer Hours":"0","Longitude":"-121.05079","Latitude":"39.91391","photo_urls":[],"photo_url":""}},{"type":"Feature","id":"CA-FS-SA23-01-01","geometry":{"type":"Point","coordinates":[-120.89588,39.90403]},"properties":{"GIS ID":"239-AR","WRI":"False","Status Year":"2024","Status":"False","Project ID":"CA-FS-SA23-01-01","Private":"False","Project Name":"Deer Service project","Public Name":"Deer Service project","Year":"2024","Project Manager":"Chris Daunt","MDF/BDF":"MDF","Location":"Quincy","County":"Plumas County","State":"CA","Narrative":"This project restored deer habitat outside of Quincy, California by reducing excessive understory vegetation and woody debris within a recent fire scar to promote healthier forest conditions. Implemented through a partnership between the Mule Deer Foundation and the Plumas National Forest, the work included biomass removal, mastication, and targeted brush and debris cleanup. These treatments improved forage availability, habitat structure, and movement corridors for mule deer while increasing the landscape\u2019s resilience to future wildfire.","Category":"Habitat Conservation","Project Type":"Habitat Enhancement","Partner Type":"State","Partner Name":"USFS","Land Jurisdiction":"Public","Herds":"0","GMUs":"D3","Deer Capacity":"282","Acres Benefitted":"2815","Miles Treated":"0","Structures Installed":"0","Volunteer Hours":"0","Longitude":"-120.89588","Latitude":"39.90403","photo_urls":[],"photo_url":""}},{"type":"Feature","id":"CA-FS-SA19-03","geometry":{"type":"Point","coordinates":[-118.96248,36.77616]},"properties":{"GIS ID":"243-AR","WRI":"False","Status Year":"2023","Status":"False","Project ID":"CA-FS-SA19-03","Private":"False","Project Name":"Rough Plantation Post Fire Site Prep","Public Name":"Rough Plantation Post Fire Site Prep","Year":"2023","Project Manager":"Randy Morrison","MDF/BDF":"MDF","Location":"Kings Canyon National Park","County":"Fresno County","State":"CA","Narrative":"This project reduced hazardous fuels and prepared the landscape for future reforestation through mastication, biomass removal, and the removal of excess woody material. The treatment helps restore healthier forest conditions, improve wildfire resilience, and create better long-term habitat for mule deer and other wildlife.","Category":"Habitat Conservation","Project Type":"Fire Restoration","Partner Type":"Federal","Partner Name":"USFS","Land Jurisdiction":"Public","Herds":"0","GMUs":"D8","Deer Capacity":"13","Acres Benefitted":"130","Miles Treated":"0","Structures Installed":"0","Volunteer Hours":"0","Longitude":"-118.96248","Latitude":"36.77616","photo_urls":[],"photo_url":""}},{"type":"Feature","id":"CA-FS-SA23-02-01","geometry":{"type":"Point","coordinates":[-120.05642,37.81784]},"properties":{"GIS ID":"244-AR","WRI":"False","Status Year":"2023","Status":"False","Project ID":"CA-FS-SA23-02-01","Private":"False","Project Name":"Buck Meadows Mastication","Public Name":"Buck Meadows Mastication","Year":"2023","Project Manager":"Randy Morrison","MDF/BDF":"MDF","Location":"Buck Meadows","County":"Tuolumne County","State":"CA","Narrative":"This project improved critical winter range for the Yosemite deer herd through mechanical thinning and mastication treatments on public lands. Reducing hazardous fuels and opening dense vegetation improved forage availability, habitat conditions, and wildfire resilience within this important seasonal habitat area.","Category":"Habitat Conservation","Project Type":"Habitat Enhancement","Partner Type":"Federal","Partner Name":"USFS","Land Jurisdiction":"Public","Herds":"0","GMUs":"D6","Deer Capacity":"343","Acres Benefitted":"3430","Miles Treated":"0","Structures Installed":"0","Volunteer Hours":"0","Longitude":"-120.05642","Latitude":"37.81784","photo_urls":[],"photo_url":""}},{"type":"Feature","id":"CA-NFWF-GT23-01-02","geometry":{"type":"Point","coordinates":[-120.74062,38.91948]},"properties":{"GIS ID":"245-AR","WRI":"False","Status Year":"2024","Status":"False","Project ID":"CA-NFWF-GT23-01-02","Private":"False","Project Name":"Revenant Phase 2-Fuels Reduction & Habitat Improvement in Eldorado N.F.","Public Name":"Revenant Phase 2-Fuels Reduction & Habitat Improvement in Eldorado N.F.","Year":"2024","MDF/BDF":"MDF","Location":"Georgetown","County":"El Dorado County","State":"CA","Narrative":"This project reduced hazardous fuels through mastication and biomass removal to improve wildlife habitat and increase landscape resilience. As the final phase of a larger ongoing restoration effort, the work also helps protect nearby communities from catastrophic wildfire while improving habitat conditions for mule deer and other wildlife.","Category":"Habitat Conservation","Project Type":"Habitat Enhancement","Partner Type":"Federal","Partner Name":"USFS","Land Jurisdiction":"Public","Herds":"0","GMUs":"D5","Deer Capacity":"263","Acres Benefitted":"2630","Miles Treated":"0","Structures Installed":"0","Volunteer Hours":"0","Longitude":"-120.74062","Latitude":"38.91948","photo_urls":[],"photo_url":""}},{"type":"Feature","id":"CA-FS-SA20-03-05","geometry":{"type":"Point","coordinates":[-120.77103,38.95847]},"properties":{"GIS ID":"246-AR","WRI":"False","Status Year":"2023","Status":"False","Project ID":"CA-FS-SA20-03-05","Private":"False","Project Name":"Desert Cold Springs Mastication","Public Name":"Desert Cold Springs Mastication","Year":"2023","Project Manager":"Randy Morrison","MDF/BDF":"MDF","Location":"Rubicon River","County":"El Dorado County","State":"CA","Narrative":"This project masticated fire-damaged trees and brush following the 2015 King Fire to prepare the landscape for conifer reforestation on public lands. The treatment reduced hazardous fuels, supported forest recovery, and helped accelerate the restoration of healthy wildlife habitat.","Category":"Habitat Conservation","Project Type":"Fire Restoration","Partner Type":"Federal","Partner Name":"USFS","Land Jurisdiction":"Public","Herds":"0","GMUs":"D5","Deer Capacity":"31","Acres Benefitted":"310","Miles Treated":"0","Structures Installed":"0","Volunteer Hours":"0","Longitude":"-120.77103","Latitude":"38.95847","photo_urls":[],"photo_url":""}},{"type":"Feature","id":"CA-FS-SA20-03-04","geometry":{"type":"Point","coordinates":[-120.5432,38.98638]},"properties":{"GIS ID":"247-AR","WRI":"False","Status Year":"2023","Status":"False","Project ID":"CA-FS-SA20-03-04","Private":"False","Project Name":"Steam Hammer Mastication","Public Name":"Steam Hammer Mastication","Year":"2023","Project Manager":"Randy Morrison","MDF/BDF":"MDF","Location":"Rubicon River","County":"El Dorado County","State":"CA","Narrative":"This project reduced hazardous fuels and prepared burned areas for reforestation through the mastication of fire-damaged trees and brush on public lands. The treatment helped restore healthier forest conditions, improve wildfire resilience, and support future wildlife habitat recovery.","Category":"Habitat Conservation","Project Type":"Habitat Enhancement","Partner Type":"Federal","Partner Name":"USFS","Land Jurisdiction":"Public","Herds":"0","GMUs":"D5","Deer Capacity":"149","Acres Benefitted":"1490","Miles Treated":"0","Structures Installed":"0","Volunteer Hours":"0","Longitude":"-120.5432","Latitude":"38.98638","photo_urls":[],"photo_url":""}},{"type":"Feature","id":"CA-FS-SA20-01-01","geometry":{"type":"Point","coordinates":[-122.69885,39.26868]},"properties":{"GIS ID":"248-AR","WRI":"False","Status Year":"2023","Status":"False","Project ID":"CA-FS-SA20-01-01","Private":"False","Project Name":"Cedar Camp Hazard Tree Removal & Site Prep","Public Name":"Cedar Camp Hazard Tree Removal & Site Prep","Year":"2023","Project Manager":"Randy Morrison","MDF/BDF":"MDF","Location":"Goat Mountain Lookout","County":"Colusa County","State":"CA","Narrative":"This project removed burned hazard trees along an important road corridor on public lands to improve public safety and prepare the area for reforestation. The work supports long-term forest recovery and helps restore healthier habitat conditions for mule deer and other wildlife.","Category":"Habitat Conservation","Project Type":"Fire Restoration","Partner Type":"Federal","Partner Name":"USFS","Land Jurisdiction":"Public","Herds":"0","GMUs":"0.0","Deer Capacity":"63","Acres Benefitted":"630","Miles Treated":"0","Structures Installed":"0","Volunteer Hours":"0","Longitude":"-122.69885","Latitude":"39.26868","photo_urls":[],"photo_url":""}},{"type":"Feature","id":"CA-FS-SA20-02-05","geometry":{"type":"Point","coordinates":[-120.70763,40.42335]},"properties":{"GIS ID":"249-AR","WRI":"False","Status Year":"2023","Status":"False","Project ID":"CA-FS-SA20-02-05","Private":"False","Project Name":"Eagle Lake Ranger Station Wildlife Guzzler Install","Public Name":"Eagle Lake Ranger Station Wildlife Guzzler Install","Year":"2023","Project Manager":"Randy Morrison","MDF/BDF":"MDF","Location":"Susanville","County":"Lassen County","State":"CA","Narrative":"This project installed a wildlife guzzler on public lands to provide a reliable water source for mule deer and other wildlife in an area where water is limited. The placement was strategically selected to help reduce deer crossings along Highway 36 and improve wildlife safety.","Category":"Wildlife Management","Project Type":"Water Access","Partner Type":"Federal","Partner Name":"USFS","Land Jurisdiction":"Public","Herds":"0","GMUs":"X4","Deer Capacity":"64","Acres Benefitted":"640","Miles Treated":"0","Structures Installed":"1","Volunteer Hours":"0","Longitude":"-120.70763","Latitude":"40.42335","photo_urls":[],"photo_url":""}},{"type":"Feature","id":"ID-BLM-CA21-01-03","geometry":{"type":"Point","coordinates":[-113.62056,43.24061]},"properties":{"GIS ID":"253-AR","WRI":"False","Status Year":"2023","Status":"False","Project ID":"ID-BLM-CA21-01-03","Private":"False","Project Name":"Idaho Shrub Restoration","Public Name":"Idaho Shrub Restoration","Year":"2023","MDF/BDF":"MDF","Location":"Linda Reservoir","County":"Blaine County","State":"ID","Narrative":"Following the Laidlaw Fire, extensive sagebrush and bitterbrush plantings were completed on Bureau of Land Management lands to restore large areas of fire-affected habitat. These plantings are helping re-establish sagebrush communities that provide critical forage and cover for mule deer, elk, pronghorn, and sage-grouse. The project supports long-term post-fire recovery by rebuilding resilient shrub habitats across the landscape.","Category":"Habitat Conservation","Project Type":"Fire Restoration","Partner Type":"Federal","Partner Name":"BLM","Land Jurisdiction":"Public","Herds":"Owinza","GMUs":"Smo","Deer Capacity":"750","Acres Benefitted":"7500","Miles Treated":"0","Structures Installed":"0","Volunteer Hours":"0","Longitude":"-113.62056","Latitude":"43.24061","photo_urls":[],"photo_url":""}},{"type":"Feature","id":"NGP-NFWF-GT22-01-01","geometry":{"type":"Point","coordinates":[-103.66047,41.827]},"properties":{"GIS ID":"254-AR","WRI":"False","Status Year":"2023","Status":"False","Project ID":"NGP-NFWF-GT22-01-01","Private":"True","Project Name":"Carter Canyon Ranch","Public Name":"Nebraska 2023 Private Lands Watershed Restoration #1","Year":"2023","MDF/BDF":"MDF","Location":"Gering","County":"Scotts Bluff County","State":"NE","Narrative":"This project entailed the repair of a water system that was damaged in a recent wildfire and the installation of exclusionary fencing around a natural spring and wet meadow. These efforts will improve livestock grazing management, water availability, and the health of riparian vegetation that provides quality forage and cover for mule deer and other wildlife.","Category":"Habitat Conservation","Project Type":"Watershed Restoration","Partner Type":"Private","Partner Name":"Private Landowner/Organization","Land Jurisdiction":"Private","Herds":"0","GMUs":"Upp","Deer Capacity":"80","Acres Benefitted":"800","Miles Treated":"0.5","Structures Installed":"1","Volunteer Hours":"0","Longitude":"-103.66253","Latitude":"41.82392","Public Longitude":"-103.66047","Public Latitude":"41.827","photo_urls":[],"photo_url":""}},{"type":"Feature","id":"NGP-NFWF-GT22-01-02","geometry":{"type":"Point","coordinates":[-103.85557,44.67174]},"properties":{"GIS ID":"256-AR","WRI":"False","Status Year":"2023","Status":"False","Project ID":"NGP-NFWF-GT22-01-02","Private":"True","Project Name":"Blair Brothers LLC Ranch (Phase I)","Public Name":"South Dakota 2023 Private Lands Habitat Enhancement #1","Year":"2023","MDF/BDF":"MDF","Location":"Belle Fourche","County":"Butte County","State":"SD","Narrative":"This project entailed the planting of cover crops on previously farmed marginal cropland that was dominated by annual invasive grasses, and the removal of obsolete fencing that posed entanglement hazards to big game. Future project phases will include planting native grasses and forbs to restore grassland conditions that benefit managed livestock grazing, as well as provide forage and cover for mule deer and other wildlife.","Category":"Habitat Conservation","Project Type":"Habitat Enhancement","Partner Type":"Private","Partner Name":"Private Landowner/Organization","Land Jurisdiction":"Private","Herds":"0","GMUs":"15B","Deer Capacity":"475","Acres Benefitted":"4750","Miles Treated":"0.5","Structures Installed":"0","Volunteer Hours":"0","Longitude":"-103.85289","Latitude":"44.67145","Public Longitude":"-103.85557","Public Latitude":"44.67174","photo_urls":[],"photo_url":""}},{"type":"Feature","id":"UT-WRI-CA23-03-01","geometry":{"type":"Point","coordinates":[-111.50687,41.97546]},"properties":{"GIS ID":"257-AR","WRI":"False","Status Year":"2023","Status":"False","Project ID":"UT-WRI-CA23-03-01","Private":"False","Project Name":"North Zone Aspen Restoration- Surveys","Public Name":"North Zone Aspen Restoration- Surveys","Year":"2023","MDF/BDF":"MDF","Location":"Beaver Mountain","County":"Cache County","State":"UT","Narrative":"This project conducted wildlife, botany, and archaeological surveys to support future aspen restoration planning. The surveys helped guide restoration efforts that improve aspen habitat, benefiting mule deer by enhancing forage diversity, cover, and seasonal habitat use.","Category":"Wildlife Management","Project Type":"Surveys","Partner Type":"Federal","Partner Name":"USFS","Land Jurisdiction":"Public","Herds":"0","GMUs":"DB1","Deer Capacity":"175","Acres Benefitted":"1750","Miles Treated":"0","Structures Installed":"0","Volunteer Hours":"0","Longitude":"-111.50687","Latitude":"41.97546","photo_urls":[],"photo_url":""}},{"type":"Feature","id":"UT-WRI-CA23-01-01","geometry":{"type":"Point","coordinates":[-110.74493,40.92602]},"properties":{"GIS ID":"259-AR","WRI":"False","Status Year":"2024","Status":"False","Project ID":"UT-WRI-CA23-01-01","Private":"False","Project Name":"Bear River Watershed Resilience Phase 4","Public Name":"Bear River Watershed Resilience Phase 4","Year":"2024","MDF/BDF":"MDF","Location":"Ashley National Forest","County":"Summit County","State":"UT","Narrative":"This partnered project completed tree stand improvement work in the Ashley National Forest to enhance forest health and resilience. By thinning overcrowded trees and promoting a more diverse understory, the project supports better forage and cover for mule deer, improving the quality of their habitat across the landscape.","Category":"Habitat Conservation","Project Type":"Habitat Enhancement","Partner Type":"Federal","Partner Name":"USFS","Land Jurisdiction":"Public","Herds":"North Slope, Chalk Creek","GMUs":"DB1","Deer Capacity":"909","Acres Benefitted":"9085","Miles Treated":"0","Structures Installed":"0","Volunteer Hours":"0","Longitude":"-110.74493","Latitude":"40.92602","photo_urls":[],"photo_url":""}},{"type":"Feature","id":"UT-FS-SA24-01-01","geometry":{"type":"Point","coordinates":[-109.54558,40.81558]},"properties":{"GIS ID":"260-AR","WRI":"False","Status Year":"2024","Status":"False","Project ID":"UT-FS-SA24-01-01","Private":"False","Project Name":"Ashley TSI","Public Name":"Ashley TSI","Year":"2024","Project Manager":"Katie Acree","MDF/BDF":"MDF","Location":"Ashley National Forest","County":"Uintah County","State":"UT","Narrative":"Contracted crews completed lop-and-scatter work in dense young lodgepole pine stands to reduce fuel buildup and improve forest health. This treatment opens up the forest floor, encouraging new vegetation growth that provides better forage and movement areas for mule deer.","Category":"Habitat Conservation","Project Type":"Habitat Enhancement","Partner Type":"Federal","Partner Name":"USFS","Land Jurisdiction":"Public","Land Administration":"USFS","Herds":"North Slope, Uinta South Slope","GMUs":"DB1","Deer Capacity":"414","Acres Benefitted":"4140","Miles Treated":"0","Structures Installed":"0","Volunteer Hours":"0","Longitude":"-109.54558","Latitude":"40.81558","photo_urls":[],"photo_url":""}},{"type":"Feature","id":"WY-FS-SA22-01-02","geometry":{"type":"Point","coordinates":[-106.36359,41.01651]},"properties":{"GIS ID":"261-AR","WRI":"False","Status Year":"2023","Status":"False","Project ID":"WY-FS-SA22-01-02","Private":"False","Project Name":"Southeastern Medicine Bow National Forest Native Shrub Restoration","Public Name":"Southeastern Medicine Bow National Forest Native Shrub Restoration","Year":"2023","Project Manager":"Nicole Reed-Fickel","MDF/BDF":"MDF","Location":"Medicine Bow National Forest","County":"Carbon County","State":"WY","Narrative":"This project restored shrubland habitat within the Badger and Mullen Fire burn scars through the planting of native shrub species on public lands. Reestablishing native vegetation improves forage, cover, and long-term habitat resilience for mule deer and other wildlife following severe wildfire impacts.","Category":"Habitat Conservation","Project Type":"Habitat Enhancement","Partner Type":"Federal","Partner Name":"USFS","Land Jurisdiction":"Public","Herds":"0","GMUs":"541.0","Deer Capacity":"267","Acres Benefitted":"2670","Miles Treated":"0","Structures Installed":"0","Volunteer Hours":"0","Longitude":"-106.36359","Latitude":"41.01651","photo_urls":[],"photo_url":""}},{"type":"Feature","id":"AZ-FS-SA20-01-03","geometry":{"type":"Point","coordinates":[-109.17479,34.08769]},"properties":{"GIS ID":"264-AR","WRI":"False","Status Year":"2024","Status":"False","Project ID":"AZ-FS-SA20-01-03","Private":"False","Project Name":"West Escudilla PJ Restoration Project (Phase 4 - Dry Lakes)","Public Name":"West Escudilla PJ Restoration Project (Phase 4 - Dry Lakes)","Year":"2024","Project Manager":"Jake Smith","MDF/BDF":"MDF","Location":"Sipe White Mountain Wildlife Area","County":"Apache County","State":"AZ","Narrative":"This project continues a multi-year restoration of historic grassland and savanna habitat through targeted pinyon\u2013juniper reduction on public lands. Maintaining lower tree densities helps sustain native grasses and forbs that provide important forage and seasonal habitat for mule deer and other wildlife while improving overall landscape resilience.","Category":"Habitat Conservation","Project Type":"Habitat Enhancement","Partner Type":"Federal","Partner Name":"USFS","Land Jurisdiction":"Public","Herds":"0","GMUs":"1.0","Deer Capacity":"1420","Acres Benefitted":"14195","Miles Treated":"0","Structures Installed":"0","Volunteer Hours":"0","Longitude":"-109.17479","Latitude":"34.08769","photo_urls":[],"photo_url":""}},{"type":"Feature","id":"CA-FS-SA20-01-03","geometry":{"type":"Point","coordinates":[-122.70716,39.30512]},"properties":{"GIS ID":"278-AR","WRI":"False","Status Year":"2024","Status":"False","Project ID":"CA-FS-SA20-01-03","Private":"False","Project Name":"Letts Lake Biomass Removal","Public Name":"Letts Lake Biomass Removal","Year":"2024","Project Manager":"Randy Morrison","MDF/BDF":"MDF","Location":"Mendocino National Forest","County":"Colusa County","State":"CA","Narrative":"This project supported post-wildfire recovery through cut-and-pile treatments and biomass removal that reduced hazardous debris and prepared the landscape for future reforestation. The work helps restore healthier forest conditions, improve wildfire resilience, and support long-term wildlife habitat recovery.","Category":"Habitat Conservation","Project Type":"Habitat Enhancement","Partner Type":"Federal","Partner Name":"USFS","Land Jurisdiction":"Public","Herds":"0","GMUs":"0.0","Deer Capacity":"111","Acres Benefitted":"1105","Miles Treated":"0","Structures Installed":"0","Volunteer Hours":"0","Longitude":"-122.70716","Latitude":"39.30512","photo_urls":[],"photo_url":""}},{"type":"Feature","id":"CA-FS-SA20-01-02","geometry":{"type":"Point","coordinates":[-122.69534,39.26364]},"properties":{"GIS ID":"279-AR","WRI":"False","Status Year":"2024","Status":"False","Project ID":"CA-FS-SA20-01-02","Private":"False","Project Name":"Letts Lake Reforestation","Public Name":"Letts Lake Reforestation","Year":"2024","Project Manager":"Randy Morrison","MDF/BDF":"MDF","Location":"Mendocino National Forest","County":"Colusa County","State":"Ca","Narrative":"This project supported post-wildfire forest recovery through the planting of native conifer seedlings on public lands. Reestablishing forest cover helps restore long-term habitat conditions, improve landscape resilience, and provide important thermal and hiding cover for mule deer and other wildlife.","Category":"Habitat Conservation","Project Type":"Fire Restoration","Partner Type":"Federal","Partner Name":"USFS","Land Jurisdiction":"Public","Herds":"0","GMUs":"0","Deer Capacity":"312","Acres Benefitted":"3120","Miles Treated":"0","Structures Installed":"0","Volunteer Hours":"0","Longitude":"-122.69534","Latitude":"39.26364","photo_urls":[],"photo_url":""}},{"type":"Feature","id":"CA-FS-CS20-01-02","geometry":{"type":"Point","coordinates":[-121.08841,41.77883]},"properties":{"GIS ID":"287-AR","WRI":"False","Status Year":"2024","Status":"False","Project ID":"CA-FS-CS20-01-02","Private":"False","Project Name":"Modoc Fencing Removal Project","Public Name":"Modoc Fencing Removal Project","Year":"2024","Project Manager":"Randy Morrison","MDF/BDF":"MDF","Location":"Clear Lake National Wildlife Refuge","County":"Modoc County","State":"CA","Narrative":"This project improved habitat connectivity for the Modoc Interstate mule deer herd by removing old, abandoned fencing that restricted wildlife movement within an important migration corridor. The work helps mule deer and other wildlife move more freely across the landscape while reducing the risk of wildlife entanglement and injury.","Category":"Wildlife Management","Project Type":"Fencing","Partner Type":"Federal","Partner Name":"USFS","Land Jurisdiction":"Public","Herds":"0","GMUs":"X2","Deer Capacity":"128","Acres Benefitted":"1280","Miles Treated":"4","Structures Installed":"0","Volunteer Hours":"0","Longitude":"-121.08841","Latitude":"41.77883","photo_urls":[],"photo_url":""}},{"type":"Feature","id":"CA-FS-CS20-01-01","geometry":{"type":"Point","coordinates":[-121.40227,41.45024]},"properties":{"GIS ID":"288-AR","WRI":"False","Status Year":"2024","Status":"False","Project ID":"CA-FS-CS20-01-01","Private":"False","Project Name":"Deep Refuge Restoration","Public Name":"Deep Refuge Restoration","Year":"2024","Project Manager":"Randy Morrison","MDF/BDF":"MDF","Location":"Tionesta","County":"Modoc County","State":"CA","Narrative":"This project supported planning and environmental review work for future habitat restoration projects on public lands. Upcoming treatments will include forest thinning, aspen restoration, and water improvements designed to enhance forage, improve summer range and fawning habitat, and support healthier mule deer populations.","Category":"Wildlife Management","Project Type":"Surveys","Partner Type":"Federal","Partner Name":"USFS","Land Jurisdiction":"Public","Herds":"Interstate","GMUs":"X1","Deer Capacity":"0","Acres Benefitted":"0","Miles Treated":"0","Structures Installed":"0","Volunteer Hours":"0","Longitude":"-121.40227","Latitude":"41.45024","photo_urls":[],"photo_url":""}},{"type":"Feature","id":"CO 2402","geometry":{"type":"Point","coordinates":[-105.31982,40.8239]},"properties":{"GIS ID":"289-AR","WRI":"False","Status Year":"2024","Status":"False","Project ID":"CO 2402","Private":"False","Project Name":"Calloway Rim Range Improvement Project","Public Name":"Calloway Rim Range Improvement Project","Year":"2024","MDF/BDF":"MDF","Location":"Livermore","County":"Larimer County","State":"CO","Narrative":"This project supported a coordinated aerial treatment effort to reduce invasive cheatgrass across important shrubland and grassland habitat on public and private lands. Improving native vegetation conditions enhances forage quality, increases habitat resilience to wildfire, and benefits mule deer, bighorn sheep, pronghorn, and other wildlife.","Category":"Habitat Conservation","Project Type":"Habitat Enhancement","Partner Type":"Private","Partner Name":"Private Landowner/Organization","Land Jurisdiction":"Private","Herds":"0","GMUs":"D-4","Deer Capacity":"125","Acres Benefitted":"1250","Miles Treated":"0","Structures Installed":"0","Volunteer Hours":"0","Longitude":"-105.31982","Latitude":"40.8239","photo_urls":[],"photo_url":""}},{"type":"Feature","id":"RMR-FS-SA23-01-01","geometry":{"type":"Point","coordinates":[-105.47673,38.97548]},"properties":{"GIS ID":"290-AR","WRI":"False","Status Year":"2024","Status":"False","Project ID":"RMR-FS-SA23-01-01","Private":"False","Project Name":"Caylor Fuels Reduction","Public Name":"Caylor Fuels Reduction","Year":"2024","Project Manager":"Nicole Reed-Fickel","MDF/BDF":"MDF","Location":"Lake George","County":"Park County","State":"CO","Narrative":"This project improved forest health on public lands through fuels reduction and the removal of dead and dying trees impacted by insects and disease. The work helps reduce wildfire risk, protect important watershed resources that supply downstream water users, and support healthier habitat conditions for mule deer and other wildlife.","Category":"Habitat Conservation","Project Type":"Habitat Enhancement","Partner Type":"Federal","Partner Name":"USFS","Land Jurisdiction":"Public","Herds":"0","GMUs":"D-1","Deer Capacity":"200","Acres Benefitted":"2000","Miles Treated":"0","Structures Installed":"0","Volunteer Hours":"0","Longitude":"-105.47673","Latitude":"38.97548","photo_urls":[],"photo_url":""}},{"type":"Feature","id":"ID 2401","geometry":{"type":"Point","coordinates":[-116.51883,44.16072]},"properties":{"GIS ID":"291-AR","WRI":"False","Status Year":"2024","Status":"False","Project ID":"ID 2401","Private":"False","Project Name":"Danskin (Paddock) Fall 2024 Sagebrush Planting","Public Name":"Danskin (Paddock) Fall 2024 Sagebrush Planting","Year":"2024","MDF/BDF":"MDF","Location":"Emmett","County":"Washington County","State":"ID","Narrative":"MDF partnered with Idaho Department of Fish and Game to plant 42,740 sagebrush, bitterbrush, and rabbitbrush shrubs on the 2024 Paddock Fire. This project is within critical winter range for the Emmett mule deer herd and restored important forage to the landscape.","Category":"Habitat Conservation","Project Type":"Habitat Enhancement","Partner Type":"State","Partner Name":"Idaho Department of Fish and Game","Land Jurisdiction":"Public","Herds":"Emmett","GMUs":"Wei","Deer Capacity":"68","Acres Benefitted":"680","Miles Treated":"0","Structures Installed":"0","Volunteer Hours":"0","Longitude":"-116.51883","Latitude":"44.16072","photo_urls":[],"photo_url":""}},{"type":"Feature","id":"ID 2402","geometry":{"type":"Point","coordinates":[-112.71024,41.9745]},"properties":{"GIS ID":"292-AR","WRI":"False","Status Year":"2024","Status":"False","Project ID":"ID 2402","Private":"True","Project Name":"Rose of Snowville Fencing","Public Name":"Utah 2024 Private Lands Fencing #1","Year":"2024","MDF/BDF":"MDF","Location":"Snowville","County":"Box Elder County","State":"UT","Narrative":"MDF in partnership with Idaho Department of Fish and Game, Utah Division of Wildlife Resources, US Fish and Wildlife Service, Bureau of Land Management, and the private landowner modified 11.3 miles of fence to wildlife friendly specifications in a cross-boundary project. This included both state line fence & internal fence on private property. The Idaho Stone Hills mule deer herd's terminal winter range is in UT on the north side of I-84 requiring cross-boundary coordination for habitat improvement.","Category":"Wildlife Management","Project Type":"Fencing","Partner Type":"Federal","Partner Name":"USFS","Land Jurisdiction":"Public","Herds":"0","GMUs":"DB1","Deer Capacity":"362","Acres Benefitted":"3616","Miles Treated":"11.3","Structures Installed":"0","Volunteer Hours":"100","Longitude":"-112.79398","Latitude":"41.99947","Public Longitude":"-112.71024","Public Latitude":"41.9745","photo_urls":[],"photo_url":""}},{"type":"Feature","id":"ID-FS-SA24-01-01","geometry":{"type":"Point","coordinates":[-114.0881,45.16189]},"properties":{"GIS ID":"293-AR","WRI":"False","Status Year":"2025","Status":"True","Project ID":"ID-FS-SA24-01-01","Private":"False","Project Name":"Salmon River Mountains Fuels Reduction and Habitat Improvement Project and Surveys","Public Name":"Salmon River Mountains Fuels Reduction and Habitat Improvement Project and Surveys","Year":"2025","Project Manager":"Sarah Wolf","MDF/BDF":"MDF","Location":"Salmon","County":"Lemhi County","State":"ID","Narrative":"This project reduced dense conifers to improve fire resilience while enhancing habitat conditions for mule deer. Thinning allows grasses and shrubs to grow more vigorously, increasing the quality and availability of forage.","Category":"Habitat Conservation","Project Type":"Habitat Enhancement","Partner Type":"Federal","Partner Name":"USFS","Land Jurisdiction":"Public","Herds":"0","GMUs":"Cen","Deer Capacity":"3569","Acres Benefitted":"35685","Miles Treated":"0","Structures Installed":"0","Volunteer Hours":"0","Longitude":"-114.0881","Latitude":"45.16189","photo_urls":[],"photo_url":""}},{"type":"Feature","id":"RMR-NFWF-GT23-01-02","geometry":{"type":"Point","coordinates":[-113.89179,45.17761]},"properties":{"GIS ID":"294-AR","WRI":"False","Status Year":"2024","Status":"False","Project ID":"RMR-NFWF-GT23-01-02","Private":"True","Project Name":"RMR NFWF Salmon River Mountains Cheatgrass Treatment","Public Name":"Idaho 2024 Private Lands Habitat Enhancement #1","Year":"2024","MDF/BDF":"MDF","Location":"Salmon","County":"Lemhi County","State":"ID","Narrative":"This project improved critical mule deer winter range in the Salmon River Mountains through targeted aerial treatment to reduce cheatgrass on important private and state lands near Salmon, Idaho. Implemented through a collaborative effort with conservation partners, the work restored more resilient native plant communities and reduced wildfire risk in a high-value seasonal habitat. By improving winter forage availability and vegetation structure, the project supports stronger mule deer survival and long-term population health across this key landscape.","Category":"Habitat Conservation","Project Type":"Habitat Enhancement","Partner Type":"Private","Partner Name":"Private Landowner/Organization","Land Jurisdiction":"Private","Herds":"0","GMUs":"Cen","Deer Capacity":"613","Acres Benefitted":"6130","Miles Treated":"0","Structures Installed":"0","Volunteer Hours":"0","Longitude":"-113.93591","Latitude":"45.11786","Public Longitude":"-113.89179","Public Latitude":"45.17761","photo_urls":[],"photo_url":""}},{"type":"Feature","id":"MT-FS-SA17-01","geometry":{"type":"Point","coordinates":[-111.22523,45.80058]},"properties":{"GIS ID":"300-AR","WRI":"False","Status Year":"2024","Status":"False","Project ID":"MT-FS-SA17-01","Private":"False","Project Name":"East Deer Lodge Valley Stewardship Project","Public Name":"East Deer Lodge Valley Stewardship Project","Year":"2024","MDF/BDF":"MDF","Location":"Anaconda","County":"Deer Lodge County","State":"MT","Narrative":"This project selectively hand-thinned hazardous fuel trees to reduce wildfire risk while preserving the structure of healthy forest habitat. By lowering the likelihood of high-severity fires, it protected critical forage and cover areas that mule deer relied on for feeding, shelter, and migration. The result was a more resilient landscape that supported long-term mule deer population health and movement as well as the protection of surrounding communities.","Category":"Habitat Conservation","Project Type":"Habitat Enhancement","Partner Type":"Federal","Partner Name":"USFS","Land Jurisdiction":"Public","Herds":"Paradise Valley","GMUs":"309.0","Deer Capacity":"108","Acres Benefitted":"1075","Miles Treated":"0","Structures Installed":"0","Volunteer Hours":"0","Longitude":"-111.22523","Latitude":"45.80058","photo_urls":[],"photo_url":""}},{"type":"Feature","id":"MT-FS-PA24-01-03","geometry":{"type":"Point","coordinates":[-115.48282,47.43089]},"properties":{"GIS ID":"302-AR","WRI":"False","Status Year":"2024","Status":"False","Project ID":"MT-FS-PA24-01-03","Private":"False","Project Name":"East Fork Packer","Public Name":"East Fork Packer","Year":"2024","Project Manager":"Rusty Wandler","MDF/BDF":"MDF","Location":"Saltese","County":"Mineral County","State":"MT","Narrative":"In partnership with the Lolo National Forest, this project completed forest thinning and hazardous fuels reduction treatments on public lands near adjacent private properties. The work improved forest health, reduced wildfire risk, and enhanced habitat conditions for mule deer and other big game species.","Category":"Habitat Conservation","Project Type":"Habitat Enhancement","Partner Type":"Federal","Partner Name":"USFS","Land Jurisdiction":"Public","Land Administration":"USFS","Herds":"0","GMUs":"200.0","Deer Capacity":"17","Acres Benefitted":"170","Miles Treated":"0","Structures Installed":"0","Volunteer Hours":"0","Longitude":"-115.48282","Latitude":"47.43089","photo_urls":[],"photo_url":""}},{"type":"Feature","id":"MT-FS-PA24-01-05","geometry":{"type":"Point","coordinates":[-115.08317,47.35069]},"properties":{"GIS ID":"303-AR","WRI":"False","Status Year":"2024","Status":"False","Project ID":"MT-FS-PA24-01-05","Private":"False","Project Name":"Butler Creek","Public Name":"Butler Creek","Year":"2024","Project Manager":"Rusty Wandler","MDF/BDF":"MDF","Location":"Saint Regis","County":"Mineral County","State":"MT","Narrative":"In partnership with the Lolo National Forest, this project completed hazardous fuels reduction treatments near local communities within the Superior Ranger District. The work reduced wildfire risk while improving forest health, forage availability, and habitat conditions for mule deer and other big game species.","Category":"Habitat Conservation","Project Type":"Habitat Enhancement","Partner Type":"Federal","Partner Name":"USFS","Land Jurisdiction":"Public","Land Administration":"USFS","Herds":"0","GMUs":"200.0","Deer Capacity":"127","Acres Benefitted":"1270","Miles Treated":"0","Structures Installed":"0","Volunteer Hours":"0","Longitude":"-115.08317","Latitude":"47.35069","photo_urls":[],"photo_url":""}},{"type":"Feature","id":"MT-FS-PA24-01-01","geometry":{"type":"Point","coordinates":[-114.53195,46.81744]},"properties":{"GIS ID":"304-AR","WRI":"False","Status Year":"2024","Status":"False","Project ID":"MT-FS-PA24-01-01","Private":"False","Project Name":"Granite Graves","Public Name":"Granite Graves","Year":"2024","Project Manager":"Rusty Wandler","MDF/BDF":"MDF","Location":"Lolo Hot Springs","County":"Missoula County","State":"MT","Narrative":"In partnership with the Lolo National Forest, this project completed hazardous fuels reduction treatments within Hunting District 202 and along the Highway 12 corridor to reduce wildfire risk and improve forest resilience. The work enhanced big game habitat by promoting healthier understory vegetation, increasing forage availability, and improving habitat conditions for mule deer and other wildlife.","Category":"Habitat Conservation","Project Type":"Habitat Enhancement","Partner Type":"Federal","Partner Name":"USFS","Land Jurisdiction":"Public","Land Administration":"USFS","Herds":"0","GMUs":"202.0","Deer Capacity":"509","Acres Benefitted":"5090","Miles Treated":"0","Structures Installed":"0","Volunteer Hours":"0","Longitude":"-114.53195","Latitude":"46.81744","photo_urls":[],"photo_url":""}},{"type":"Feature","id":"NGP-NFWF-GT22-01-03","geometry":{"type":"Point","coordinates":[-103.24818,47.39307]},"properties":{"GIS ID":"308-AR","WRI":"False","Status Year":"2024","Status":"False","Project ID":"NGP-NFWF-GT22-01-03","Private":"True","Project Name":"Kostelecky Grassy Butte Fence Removal","Public Name":"North Dakota 2024 Private Lands Fencing #1","Year":"2024","MDF/BDF":"MDF","Location":"Grassy Butte","County":"McKenzie County","State":"ND","Narrative":"MDF volunteers assisted in the removal of old woven wire and barbed-wire fencing that posed entanglement and collision hazards to wildlife. These efforts reduced the risk of big game injury and mortality associated with fencing and helped decrease habitat fragmentation, allowing mule deer and other wildlife to move safely across the landscape.","Category":"Wildlife Management","Project Type":"Fencing","Partner Type":"Private","Partner Name":"Private Landowner/Organization","Land Jurisdiction":"Private","Herds":"0","GMUs":"4A","Deer Capacity":"64","Acres Benefitted":"640","Miles Treated":"2","Structures Installed":"0","Volunteer Hours":"20","Longitude":"-103.14941","Latitude":"47.42429","Public Longitude":"-103.24818","Public Latitude":"47.39307","photo_urls":[],"photo_url":""}},{"type":"Feature","id":"AK-FS-SA24-01-02","geometry":{"type":"Point","coordinates":[-134.98627,57.71577]},"properties":{"GIS ID":"324-AR","WRI":"False","Status Year":"2024","Status":"False","Project ID":"AK-FS-SA24-01-02","Private":"False","Project Name":"Mule Deer Foundation Sitka Black-tailed Deer Pre/Post Treatment Monitoring in Southeast Alaska","Public Name":"Mule Deer Foundation Sitka Black-tailed Deer Pre/Post Treatment Monitoring in Southeast Alaska","Year":"2024","Project Manager":"Randy Morrison","MDF/BDF":"BDF","Location":"Chichagof Island","County":"Sitka City and Borough","State":"AK","Narrative":"This project develops a long-term monitoring strategy to evaluate how habitat enhancement projects affect Sitka black-tailed deer and the landscapes they depend on. The results will help guide adaptive management and ensure future restoration work continues to improve habitat quality and deer population resilience.","Category":"Wildlife Management","Project Type":"Research","Partner Type":"Federal","Partner Name":"USFS","Land Jurisdiction":"Public","Herds":"0","GMUs":"04Z, 1","Deer Capacity":"0","Acres Benefitted":"0","Miles Treated":"0","Structures Installed":"0","Volunteer Hours":"0","Longitude":"-134.98627","Latitude":"57.71577","photo_urls":[],"photo_url":""}},{"type":"Feature","id":"AK-FS-SA24-01-01","geometry":{"type":"Point","coordinates":[-132.74096,55.36165]},"properties":{"GIS ID":"325-AR","WRI":"False","Status Year":"2024","Status":"False","Project ID":"AK-FS-SA24-01-01","Private":"False","Project Name":"Sitka Black Tailed Deer Habitat Modeling","Public Name":"Sitka Black Tailed Deer Habitat Modeling","Year":"2024","Project Manager":"Randy Morrison","MDF/BDF":"BDF","Location":"Prince of Wales Island","County":"Prince of Wales-Hyder Census Area","State":"AK","Narrative":"This project uses mapping, data analysis, and local expertise to identify priority habitat areas for Sitka black-tailed deer conservation across Southeast Alaska. The work helps guide future restoration and management decisions that protect important seasonal habitat and support long-term deer population health.","Category":"Wildlife Management","Project Type":"Research","Partner Type":"State","Partner Name":"Southeast Alaska Habitat Enhancement & Restoration for Deer Stewardship","Land Jurisdiction":"Public","Herds":"0","GMUs":"02Z, 1","Deer Capacity":"0","Acres Benefitted":"0","Miles Treated":"0","Structures Installed":"0","Volunteer Hours":"0","Longitude":"-132.74096","Latitude":"55.36165","photo_urls":[],"photo_url":""}},{"type":"Feature","id":"AZ-FS-PA23-01-02","geometry":{"type":"Point","coordinates":[-110.67307,33.60635]},"properties":{"GIS ID":"326-AR","WRI":"False","Status Year":"2024","Status":"False","Project ID":"AZ-FS-PA23-01-02","Private":"False","Project Name":"Highway Tanks Restoration Project","Public Name":"Highway Tanks Restoration Project","Year":"2024","Project Manager":"Jake Smith","MDF/BDF":"MDF","Location":"Globe","County":"Gila County","State":"AZ","Narrative":"This ongoing partnership project restores juniper woodlands and native grassland habitat on public lands through large-scale vegetation treatments focused on improving ecosystem health. Reducing dense juniper encroachment helps improve watershed and fireshed resilience, increase forage availability, and create healthier habitat conditions for mule deer and other wildlife.","Category":"Habitat Conservation","Project Type":"Habitat Enhancement","Partner Type":"State","Partner Name":"Arizona Department of Forestry and Fire Management","Land Jurisdiction":"Public","Herds":"0","GMUs":"24A","Deer Capacity":"1502","Acres Benefitted":"15015","Miles Treated":"0","Structures Installed":"0","Volunteer Hours":"0","Longitude":"-110.67307","Latitude":"33.60635","photo_urls":[],"photo_url":""}},{"type":"Feature","id":"AZ-FS-SA20-01-04","geometry":{"type":"Point","coordinates":[-109.16943,34.07936]},"properties":{"GIS ID":"327-AR","WRI":"False","Status Year":"2024","Status":"False","Project ID":"AZ-FS-SA20-01-04","Private":"False","Project Name":"West Escudilla PJ HPC Restoration Project","Public Name":"West Escudilla PJ HPC Restoration Project","Year":"2024","Project Manager":"Jake Smith","MDF/BDF":"MDF","Location":"Springerville","County":"Apache County","State":"AZ","Narrative":"Since 2019, this ongoing partnership has worked to reduce dense pinyon\u2013juniper stands and restore historic grassland and savanna habitat on public lands. The treatments improve native grass and forb communities, increase forage availability, and support healthier seasonal habitat for mule deer and many other wildlife species.","Category":"Habitat Conservation","Project Type":"Habitat Enhancement","Partner Type":"Federal","Partner Name":"USFS","Land Jurisdiction":"Public","Herds":"0","GMUs":"1.0","Deer Capacity":"1607","Acres Benefitted":"16070","Miles Treated":"0","Structures Installed":"0","Volunteer Hours":"0","Longitude":"-109.16943","Latitude":"34.07936","photo_urls":[],"photo_url":""}},{"type":"Feature","id":"CA-FS-SA24-01-01","geometry":{"type":"Point","coordinates":[-121.61573,40.94683]},"properties":{"GIS ID":"328-AR","WRI":"False","Status Year":"2024","Status":"False","Project ID":"CA-FS-SA24-01-01","Private":"False","Project Name":"R5 North Zone SPA- Crossroads Project","Public Name":"R5 North Zone SPA- Crossroads Project","Year":"2024","Project Manager":"Randy Morrison","MDF/BDF":"MDF","Location":"Burney","County":"Shasta County","State":"CA","Narrative":"In partnership with the Lassen National Forest, this project improved critical mule deer winter range through mastication and pile treatments that reduced dense vegetation and hazardous fuels on public lands. The work increased browse availability, improved habitat conditions, and reduced wildfire risk within the Wildland Urban Interface and important seasonal habitat areas.","Category":"Habitat Conservation","Project Type":"Habitat Enhancement","Partner Type":"Federal","Partner Name":"USFS","Land Jurisdiction":"Public","Herds":"0","GMUs":"C3","Deer Capacity":"270","Acres Benefitted":"2700","Miles Treated":"0","Structures Installed":"0","Volunteer Hours":"0","Longitude":"-121.61573","Latitude":"40.94683","photo_urls":[],"photo_url":""}},{"type":"Feature","id":"CA-FS-SA20-02-01","geometry":{"type":"Point","coordinates":[-121.29719,40.70214]},"properties":{"GIS ID":"329-AR","WRI":"False","Status Year":"2020","Status":"False","Project ID":"CA-FS-SA20-02-01","Private":"False","Project Name":"Eagle Lake SPA- Rim DFPZ Mastication Project","Public Name":"Eagle Lake SPA- Rim DFPZ Mastication Project","Year":"2020","Project Manager":"Randy Morrison","MDF/BDF":"MDF","Location":"Hat Creek Rim","County":"Lassen County","State":"CA","Narrative":"This project reduced hazardous fuels and improved mule deer habitat through the mastication of brush and small trees on important transition range habitat. Opening the forest canopy allowed more sunlight to reach the ground, stimulating new vegetation growth and increasing forage availability for mule deer and other wildlife.","Category":"Habitat Conservation","Project Type":"Habitat Enhancement","Partner Type":"Federal","Partner Name":"USFS","Land Jurisdiction":"Public","Herds":"0","GMUs":"X4","Deer Capacity":"85","Acres Benefitted":"845","Miles Treated":"0","Structures Installed":"0","Volunteer Hours":"0","Longitude":"-121.29719","Latitude":"40.70214","photo_urls":[],"photo_url":""}},{"type":"Feature","id":"NAT-BLM-CA23-01-01","geometry":{"type":"Point","coordinates":[-120.51988,41.11817]},"properties":{"GIS ID":"330-AR","WRI":"False","Status Year":"2023","Status":"False","Project ID":"NAT-BLM-CA23-01-01","Private":"False","Project Name":"Harter Springs Project","Public Name":"Harter Springs Project","Year":"2023","MDF/BDF":"MDF","Location":"Madeline","County":"Lassen County","State":"CA","Narrative":"In partnership with the BLM Applegate Field Office, this project improved spring and riparian habitat through hand thinning and pile treatments that removed encroaching western juniper around Harter Spring. Reducing invasive woody vegetation improved watershed function, enhanced groundwater interactions, and restored healthier habitat conditions for mule deer and other wildlife.","Category":"Habitat Conservation","Project Type":"Watershed Restoration","Partner Type":"Federal","Partner Name":"BLM","Land Jurisdiction":"Public","Herds":"0","GMUs":"X3a","Deer Capacity":"65","Acres Benefitted":"645","Miles Treated":"0","Structures Installed":"0","Volunteer Hours":"0","Longitude":"-120.51988","Latitude":"41.11817","photo_urls":[],"photo_url":""}},{"type":"Feature","id":"NAT-BLM-CA23-01-05","geometry":{"type":"Point","coordinates":[-120.52285,41.16609]},"properties":{"GIS ID":"331-AR","WRI":"False","Status Year":"2023","Status":"False","Project ID":"NAT-BLM-CA23-01-05","Private":"False","Project Name":"Marshal Spring Development","Public Name":"Marshal Spring Development","Year":"2023","MDF/BDF":"MDF","Location":"Secret Valley","County":"Lassen County","State":"CA","Narrative":"In partnership with the BLM, this project protected an important spring and surrounding riparian habitat through the installation of protective pipe fencing on public lands. Safeguarding this water source helps maintain healthy vegetation and improves habitat conditions for mule deer and other wildlife.","Category":"Habitat Conservation","Project Type":"Watershed Restoration","Partner Type":"Federal","Partner Name":"BLM","Land Jurisdiction":"Public","Herds":"0","GMUs":"X3a","Deer Capacity":"9","Acres Benefitted":"85","Miles Treated":"0","Structures Installed":"0","Volunteer Hours":"0","Longitude":"-120.52285","Latitude":"41.16609","photo_urls":[],"photo_url":""}},{"type":"Feature","id":"CA-FS-SA16-01-01","geometry":{"type":"Point","coordinates":[-120.37497,38.18411]},"properties":{"GIS ID":"332-AR","WRI":"False","Status Year":"2016","Status":"False","Project ID":"CA-FS-SA16-01-01","Private":"False","Project Name":"Calaveras SPA","Public Name":"Calaveras SPA","Year":"2016","Project Manager":"Randy Morrison","MDF/BDF":"MDF","Location":"Red Apple","County":"Calaveras County","State":"CA","Narrative":"This project improved public awareness and stewardship on public lands through the installation of new forest signage. The updated signs help visitors better navigate and appreciate important wildlife habitat and ongoing conservation efforts that support mule deer and healthy forest ecosystems.","Category":"Partner Support","Project Type":"Education","Partner Type":"Federal","Partner Name":"USFS","Land Jurisdiction":"Public","Herds":"0","GMUs":"D5","Deer Capacity":"0","Acres Benefitted":"0","Miles Treated":"0","Structures Installed":"0","Volunteer Hours":"0","Longitude":"-120.37497","Latitude":"38.18411","photo_urls":[],"photo_url":""}},{"type":"Feature","id":"CA-FS-SA23-02-02","geometry":{"type":"Point","coordinates":[-119.90039,37.7977]},"properties":{"GIS ID":"333-AR","WRI":"False","Status Year":"2023","Status":"False","Project ID":"CA-FS-SA23-02-02","Private":"False","Project Name":"Buck Meadows Mastication","Public Name":"Buck Meadows Mastication","Year":"2023","Project Manager":"Randy Morrison","MDF/BDF":"MDF","Location":"Buck Meadows","County":"Tuolumne County","State":"CA","Narrative":"This project reduced hazardous fuels and wildfire risk through the mastication of dense brush and small conifers on public lands. Opening the canopy allowed more sunlight to reach the forest floor, stimulating new vegetation growth and improving forage and habitat conditions for mule deer and other wildlife.","Category":"Habitat Conservation","Project Type":"Habitat Enhancement","Partner Type":"Federal","Partner Name":"USFS","Land Jurisdiction":"Public","Herds":"0","GMUs":"D6","Deer Capacity":"371","Acres Benefitted":"3710","Miles Treated":"0","Structures Installed":"0","Volunteer Hours":"0","Longitude":"-119.90039","Latitude":"37.7977","photo_urls":[],"photo_url":""}},{"type":"Feature","id":"NAT-BLM-CA23-01-06","geometry":{"type":"Point","coordinates":[-120.02393,40.76847]},"properties":{"GIS ID":"334-AR","WRI":"False","Status Year":"2023","Status":"False","Project ID":"NAT-BLM-CA23-01-06","Private":"False","Project Name":"Selic Pipe Fence Exclosure","Public Name":"Selic Pipe Fence Exclosure","Year":"2023","MDF/BDF":"MDF","Location":"Observation Peak","County":"Lassen County","State":"CA","Narrative":"This partnership project installed protective pipe fencing around an important spring and riparian area near Painter Flat to reduce impacts from overuse by wild horses, burros, and livestock. Protecting this key water source helps maintain healthy vegetation and ensures reliable habitat and water access for mule deer and other wildlife.","Category":"Habitat Conservation","Project Type":"Watershed Restoration","Partner Type":"Federal","Partner Name":"BLM","Land Jurisdiction":"Public","Herds":"0","GMUs":"X5b","Deer Capacity":"22","Acres Benefitted":"218","Miles Treated":"0.34","Structures Installed":"0","Volunteer Hours":"0","Longitude":"-120.02393","Latitude":"40.76847","photo_urls":[],"photo_url":""}},{"type":"Feature","id":"CA-NFWF-GT23-01-01","geometry":{"type":"Point","coordinates":[-120.84417,38.90597]},"properties":{"GIS ID":"335-AR","WRI":"False","Status Year":"2020","Status":"False","Project ID":"CA-NFWF-GT23-01-01","Private":"False","Project Name":"SPA- Revenant/Blacksmith, NFWF: California Headwaters","Public Name":"SPA- Revenant/Blacksmith, NFWF: California Headwaters","Year":"2020","MDF/BDF":"MDF","Location":"Quintette","County":"El Dorado County","State":"CA","Narrative":"This project reduced hazardous fuels and improved mule deer habitat through the mastication of small-diameter conifers and brush on public lands. The work promotes new vegetative growth, improves forage conditions for wildlife, and helps reduce wildfire risk to nearby communities.","Category":"Habitat Conservation","Project Type":"Habitat Enhancement","Partner Type":"Federal","Partner Name":"USFS","Land Jurisdiction":"Public","Herds":"0","GMUs":"D5","Deer Capacity":"120","Acres Benefitted":"1195","Miles Treated":"0","Structures Installed":"0","Volunteer Hours":"0","Longitude":"-120.84417","Latitude":"38.90597","photo_urls":[],"photo_url":""}},{"type":"Feature","id":"CO-PL-GT24-02","geometry":{"type":"Point","coordinates":[-102.67873,39.65598]},"properties":{"GIS ID":"337-AR","WRI":"False","Status Year":"2024","Status":"False","Project ID":"CO-PL-GT24-02","Private":"True","Project Name":"Frank Property","Public Name":"Colorado 2024 Private Lands Habitat Enhancement #2","Year":"2024","MDF/BDF":"MDF","Location":"Joes","County":"Yuma County","State":"CO","Narrative":"MDF and several partners coordinated this aerial herbicide treatment of cheatgrass in Yuma County, CO. This effort will improve shrub and grassland conditions and reduce the risk of severe wildfire, benefitting mule deer, pronghorn, prairie-chickens, and other wildlife.","Category":"Habitat Conservation","Project Type":"Habitat Enhancement","Partner Type":"Private","Partner Name":"Private Landowner/Organization","Land Jurisdiction":"Private","Herds":"0","GMUs":"D-5","Deer Capacity":"25","Acres Benefitted":"250","Miles Treated":"0","Structures Installed":"0","Volunteer Hours":"0","Longitude":"-102.81272","Latitude":"39.83703","Public Longitude":"-102.67873","Public Latitude":"39.65598","photo_urls":[],"photo_url":""}},{"type":"Feature","id":"CO-BLM-CA16-01-10","geometry":{"type":"Point","coordinates":[-108.99306,39.36725]},"properties":{"GIS ID":"338-AR","WRI":"False","Status Year":"2024","Status":"False","Project ID":"CO-BLM-CA16-01-10","Private":"False","Project Name":"Baxter Fire Herbicide Application","Public Name":"Baxter Fire Herbicide Application","Year":"2024","MDF/BDF":"MDF","Location":"Mack","County":"Garfield County","State":"CO","Narrative":"In partnership with the BLM, this project treated invasive annual grasses within a wildfire burn scar near the Colorado-Utah border to support native habitat recovery. Reducing invasive grasses helps decrease future wildfire risk, improve native perennial plant growth, and restore healthier habitat conditions for mule deer and other wildlife.","Category":"Habitat Conservation","Project Type":"Habitat Enhancement","Partner Type":"Federal","Partner Name":"BLM","Land Jurisdiction":"Public","Herds":"0","GMUs":"D-1","Deer Capacity":"25","Acres Benefitted":"250","Miles Treated":"0","Structures Installed":"0","Volunteer Hours":"0","Longitude":"-108.99306","Latitude":"39.36725","photo_urls":[],"photo_url":""}},{"type":"Feature","id":"CO-NFWF-GT22-01-03","geometry":{"type":"Point","coordinates":[-108.21451,39.33499]},"properties":{"GIS ID":"339-AR","WRI":"False","Status Year":"2024","Status":"False","Project ID":"CO-NFWF-GT22-01-03","Private":"True","Project Name":"Dry Fork Creek Restoration","Public Name":"Colorado 2024 Private Lands Watershed Restoration #1","Year":"2024","MDF/BDF":"MDF","Location":"De Beque","County":"Garfield County","State":"CO","Narrative":"MDF partnered with the Audubon Society and a local private landowner to construct erosion-control structures in a stream system which is affected by intense seasonal flooding and erosion.","Category":"Habitat Conservation","Project Type":"Watershed Restoration","Partner Type":"Private","Partner Name":"Private Landowner/Organization","Land Jurisdiction":"Private","Herds":"Bookcliffs","GMUs":"D-4","Deer Capacity":"41","Acres Benefitted":"410","Miles Treated":"0","Structures Installed":"0","Volunteer Hours":"0","Longitude":"-108.49964","Latitude":"39.41554","Public Longitude":"-108.21451","Public Latitude":"39.33499","photo_urls":[],"photo_url":""}},{"type":"Feature","id":"CO-BLM-CA16-01-09","geometry":{"type":"Point","coordinates":[-108.44439,39.83052]},"properties":{"GIS ID":"340-AR","WRI":"False","Status Year":"2024","Status":"False","Project ID":"CO-BLM-CA16-01-09","Private":"False","Project Name":"Hog Lot Mastication","Public Name":"Hog Lot Mastication","Year":"2024","MDF/BDF":"MDF","Location":"Meeker","County":"Rio Blanco County","State":"CO","Narrative":"In partnership with the BLM and Colorado Parks and Wildlife, this project completed pinyon-juniper mastication treatments on public lands in the Piceance Basin of northwest Colorado. The work reduced hazardous fuels, improved mule deer habitat, and promoted healthier native plant communities across this important big game landscape.","Category":"Habitat Conservation","Project Type":"Habitat Enhancement","Partner Type":"Federal","Partner Name":"BLM","Land Jurisdiction":"Public","Herds":"NE CO","GMUs":"D-7","Deer Capacity":"95","Acres Benefitted":"950","Miles Treated":"0","Structures Installed":"0","Volunteer Hours":"0","Longitude":"-108.44439","Latitude":"39.83052","photo_urls":[],"photo_url":""}},{"type":"Feature","id":"CO-BLM-CA16-01-08","geometry":{"type":"Point","coordinates":[-106.98542,39.82267]},"properties":{"GIS ID":"341-AR","WRI":"False","Status Year":"2024","Status":"False","Project ID":"CO-BLM-CA16-01-08","Private":"False","Project Name":"River Common Habitat Treatment","Public Name":"River Common Habitat Treatment","Year":"2024","MDF/BDF":"MDF","Location":"Dotsero","County":"Eagle County","State":"CO","Narrative":"In partnership with the BLM, this project restored sagebrush habitat by removing encroaching pinyon and juniper from important sagebrush parks on public lands. The treatments improved forage availability, enhanced native plant communities, reduced hazardous fuels, and supported healthier habitat conditions for mule deer and other wildlife.","Category":"Habitat Conservation","Project Type":"Habitat Enhancement","Partner Type":"Federal","Partner Name":"BLM","Land Jurisdiction":"Public","Herds":"0","GMUs":"D-4","Deer Capacity":"160","Acres Benefitted":"1600","Miles Treated":"0","Structures Installed":"0","Volunteer Hours":"0","Longitude":"-106.98542","Latitude":"39.82267","photo_urls":[],"photo_url":""}},{"type":"Feature","id":"CO-BLM-CA16-01-07","geometry":{"type":"Point","coordinates":[-106.81597,39.9804]},"properties":{"GIS ID":"342-AR","WRI":"False","Status Year":"2024","Status":"False","Project ID":"CO-BLM-CA16-01-07","Private":"False","Project Name":"King Mountain Archeological Surveys","Public Name":"King Mountain Archeological Surveys","Year":"2024","MDF/BDF":"MDF","Location":"Toponas","County":"Routt County","State":"CO","Narrative":"In partnership with the BLM, this project completed archaeological surveys on public lands to help guide future fuels reduction and habitat restoration work. The surveys help ensure upcoming thinning treatments can improve wildfire resilience and mule deer habitat while protecting important cultural resources.","Category":"Wildlife Management","Project Type":"Surveys","Partner Type":"Federal","Partner Name":"BLM","Land Jurisdiction":"Public","Herds":"0","GMUs":"D-4","Deer Capacity":"86","Acres Benefitted":"861","Miles Treated":"0","Structures Installed":"0","Volunteer Hours":"0","Longitude":"-106.81597","Latitude":"39.9804","photo_urls":[],"photo_url":""}},{"type":"Feature","id":"NAT-BLM-CA23-01-03","geometry":{"type":"Point","coordinates":[-116.78907,43.25618]},"properties":{"GIS ID":"345-AR","WRI":"False","Status Year":"2024","Status":"False","Project ID":"NAT-BLM-CA23-01-03","Private":"False","Project Name":"Owyhee Sagebrush Restoration Plantings- Salmon Creek","Public Name":"Owyhee Sagebrush Restoration Plantings- Salmon Creek","Year":"2024","MDF/BDF":"MDF","Location":"Walters Ferry","County":"Owyhee County","State":"ID","Narrative":"In partnership with the BLM Owyhee Field Office and Idaho Department of Fish and Game, this project restored mule deer winter range through the planting of more than 52,000 sagebrush seedlings following the 2015 Soda Fire. Reestablishing native shrub habitat improves winter forage, supports post-fire recovery, and strengthens long-term ecosystem resilience for mule deer and other wildlife.","Category":"Habitat Conservation","Project Type":"Habitat Enhancement","Partner Type":"Federal","Partner Name":"BLM","Land Jurisdiction":"Public","Herds":"Reynolds Creek","GMUs":"Owy","Deer Capacity":"205","Acres Benefitted":"2050","Miles Treated":"0","Structures Installed":"0","Volunteer Hours":"0","Longitude":"-116.78907","Latitude":"43.25618","photo_urls":[],"photo_url":""}},{"type":"Feature","id":"ID-BLM-CA21-01-01","geometry":{"type":"Point","coordinates":[-114.28552,43.27427]},"properties":{"GIS ID":"348-AR","WRI":"False","Status Year":"2021","Status":"False","Project ID":"ID-BLM-CA21-01-01","Private":"False","Project Name":"BLM shrub Restoration Coop. Agreement","Public Name":"BLM shrub Restoration Coop. Agreement","Year":"2021","MDF/BDF":"MDF","Location":"Stanton Crossing","County":"Blaine County","State":"ID","Narrative":"In collaboration with the state and federal partners, this project restored important mule deer, pronghorn, and sage grouse habitat within the 2023 Wedge Butte Fire burn scar through the hand planting of more than 107,000 sagebrush and bitterbrush seedlings. Reestablishing native browse and shrub cover improves critical winter range, forage availability, and long-term habitat recovery for wildlife across this fire-impacted landscape.","Category":"Habitat Conservation","Project Type":"Habitat Enhancement","Partner Type":"Federal","Partner Name":"BLM","Land Jurisdiction":"Public","Herds":"0","GMUs":"Smo","Deer Capacity":"200","Acres Benefitted":"2000","Miles Treated":"0","Structures Installed":"0","Volunteer Hours":"0","Longitude":"-114.28552","Latitude":"43.27427","photo_urls":[],"photo_url":""}},{"type":"Feature","id":"NAT-BLM-CA23-01-07","geometry":{"type":"Point","coordinates":[-114.11627,44.66852]},"properties":{"GIS ID":"349-AR","WRI":"False","Status Year":"2023","Status":"False","Project ID":"NAT-BLM-CA23-01-07","Private":"False","Project Name":"Ellis Creek Cheatgrass Treatment Project","Public Name":"Ellis Creek Cheatgrass Treatment Project","Year":"2023","MDF/BDF":"MDF","Location":"Ellis","County":"Custer County","State":"ID","Narrative":"This partnership project treated important winter range through aerial herbicide applications that significantly reduced invasive cheatgrass across the landscape. Reducing cheatgrass competition improved native vegetation, increased forage quality, and enhanced habitat conditions for mule deer, elk, bighorn sheep, and other wildlife while also reducing wildfire risk.","Category":"Habitat Conservation","Project Type":"Habitat Enhancement","Partner Type":"Federal","Partner Name":"BLM","Land Jurisdiction":"Public","Herds":"Morgan Creek","GMUs":"Cen","Deer Capacity":"2543","Acres Benefitted":"25425","Miles Treated":"0","Structures Installed":"0","Volunteer Hours":"0","Longitude":"-114.11627","Latitude":"44.66852","photo_urls":[],"photo_url":""}},{"type":"Feature","id":"IDFG-FY20-502","geometry":{"type":"Point","coordinates":[-111.77844,43.44988]},"properties":{"GIS ID":"350-AR","WRI":"False","Status Year":"2020","Status":"False","Project ID":"IDFG-FY20-502","Private":"False","Project Name":"Tex Creek Shrub Restoration","Public Name":"Tex Creek Shrub Restoration","Year":"2020","MDF/BDF":"MDF","Location":"Idaho Falls","County":"Bonneville County","State":"ID","Narrative":"In partnership with IDFG and the BLM, this project restored critical mule deer and elk winter range through the hand planting of more than 33,000 sagebrush seedlings on public lands impacted by wildfire. Reestablishing sagebrush improves essential winter forage and supports long-term recovery of important sagebrush habitat across the Tex Creek landscape.","Category":"Habitat Conservation","Project Type":"Habitat Enhancement","Partner Type":"State","Partner Name":"Idaho Department of Fish and Game","Land Jurisdiction":"Public","Herds":"Tex Creek","GMUs":"Car","Deer Capacity":"250","Acres Benefitted":"2500","Miles Treated":"0","Structures Installed":"0","Volunteer Hours":"0","Longitude":"-111.77844","Latitude":"43.44988","photo_urls":[],"photo_url":""}},{"type":"Feature","id":"SGP-NFWF-GT23-01-03","geometry":{"type":"Point","coordinates":[-101.80149,39.77485]},"properties":{"GIS ID":"351-AR","WRI":"False","Status Year":"2024","Status":"False","Project ID":"SGP-NFWF-GT23-01-03","Private":"True","Project Name":"Sharp Property","Public Name":"Kansas 2024 Private Habitat Enhancement #3","Year":"2024","MDF/BDF":"MDF","Location":"Saint Francis","County":"Cheyenne County","State":"KS","Narrative":"MDF partnered with KDWP to treat invasive woody species resprouts along the South Fork Republican River corridor. This project was part of an ongoing multi-year and muti-jurisdictional effort to improve the health of native riparian plant communities that provide valuable forage and cover for mule deer and other wildlife.","Category":"Habitat Conservation","Project Type":"Habitat Enhancement","Partner Type":"Private","Partner Name":"Private Landowner/Organization","Land Jurisdiction":"Private","Herds":"0","GMUs":"UNI","Deer Capacity":"93","Acres Benefitted":"925","Miles Treated":"0","Structures Installed":"0","Volunteer Hours":"0","Longitude":"-101.79981","Latitude":"39.77601","Public Longitude":"-101.80149","Public Latitude":"39.77485","photo_urls":[],"photo_url":""}},{"type":"Feature","id":"SGP-NFWF-GT23-01-05","geometry":{"type":"Point","coordinates":[-101.71265,39.76446]},"properties":{"GIS ID":"352-AR","WRI":"False","Status Year":"2024","Status":"False","Project ID":"SGP-NFWF-GT23-01-05","Private":"True","Project Name":"Glasco Property","Public Name":"Kansas 2024 Private Habitat Enhancement #5","Year":"2024","MDF/BDF":"MDF","Location":"Wheeler","County":"Cheyenne County","State":"KS","Narrative":"MDF partnered with KDWP to treat invasive woody species resprouts along the South Fork Republican River corridor. This project was part of an ongoing multi-year and muti-jurisdictional effort to improve the health of native riparian plant communities that provide valuable forage and cover for mule deer and other wildlife.","Category":"Habitat Conservation","Project Type":"Habitat Enhancement","Partner Type":"Private","Partner Name":"Private Landowner/Organization","Land Jurisdiction":"Private","Herds":"0","GMUs":"UNI","Deer Capacity":"123","Acres Benefitted":"1230","Miles Treated":"0","Structures Installed":"0","Volunteer Hours":"0","Longitude":"-101.6861","Latitude":"39.94955","Public Longitude":"-101.71265","Public Latitude":"39.76446","photo_urls":[],"photo_url":""}},{"type":"Feature","id":"SGP-NFWF-GT23-01-04","geometry":{"type":"Point","coordinates":[-101.53285,39.75064]},"properties":{"GIS ID":"353-AR","WRI":"False","Status Year":"2024","Status":"False","Project ID":"SGP-NFWF-GT23-01-04","Private":"True","Project Name":"Stevens Property","Public Name":"Kansas 2024 Private Habitat Enhancement #4","Year":"2024","MDF/BDF":"MDF","Location":"Bird City","County":"Cheyenne County","State":"KS","Narrative":"MDF partnered with KDWP to treat invasive woody species resprouts along the South Fork Republican River corridor. This project was part of an ongoing multi-year and muti-jurisdictional effort to improve the health of native riparian plant communities that provide valuable forage and cover for mule deer and other wildlife.","Category":"Habitat Conservation","Project Type":"Habitat Enhancement","Partner Type":"Private","Partner Name":"Private Landowner/Organization","Land Jurisdiction":"Private","Herds":"0","GMUs":"UNI","Deer Capacity":"107","Acres Benefitted":"1065","Miles Treated":"0","Structures Installed":"0","Volunteer Hours":"0","Longitude":"-101.66886","Latitude":"39.93426","Public Longitude":"-101.53285","Public Latitude":"39.75064","photo_urls":[],"photo_url":""}},{"type":"Feature","id":"SGP-NFWF-GT23-01-02","geometry":{"type":"Point","coordinates":[-101.3707,39.7865]},"properties":{"GIS ID":"354-AR","WRI":"False","Status Year":"2024","Status":"False","Project ID":"SGP-NFWF-GT23-01-02","Private":"True","Project Name":"Keller Property","Public Name":"Kansas 2024 Private Habitat Enhancement #2","Year":"2024","MDF/BDF":"MDF","Location":"McDonald","County":"Cheyenne County","State":"KS","Narrative":"MDF partnered with KDWP to treat invasive woody species resprouts along the South Fork Republican River corridor. This project was part of an ongoing multi-year and muti-jurisdictional effort to improve the health of native riparian plant communities that provide valuable forage and cover for mule deer and other wildlife.","Category":"Habitat Conservation","Project Type":"Habitat Enhancement","Partner Type":"Private","Partner Name":"Private Landowner/Organization","Land Jurisdiction":"Private","Herds":"0","GMUs":"UNI","Deer Capacity":"245","Acres Benefitted":"2450","Miles Treated":"0","Structures Installed":"0","Volunteer Hours":"0","Longitude":"-101.53741","Latitude":"39.75848","Public Longitude":"-101.3707","Public Latitude":"39.7865","photo_urls":[],"photo_url":""}},{"type":"Feature","id":"SGP-NFWF-GT23-01-01","geometry":{"type":"Point","coordinates":[-101.13277,37.97971]},"properties":{"GIS ID":"355-AR","WRI":"False","Status Year":"2024","Status":"False","Project ID":"SGP-NFWF-GT23-01-01","Private":"True","Project Name":"Price Property","Public Name":"Kansas 2024 Private Habitat Enhancement #1","Year":"2024","MDF/BDF":"MDF","Location":"Deerfield","County":"Kearny County","State":"KS","Narrative":"This project entailed the conversion of marginal cropland back to native grassland conditions through the planting of a native seed mix. This effort will help restore diverse native plant communities that provide forage and cover for mule deer and other wildlife.","Category":"Habitat Conservation","Project Type":"Habitat Enhancement","Partner Type":"Private","Partner Name":"Private Landowner/Organization","Land Jurisdiction":"Private","Herds":"0","GMUs":"UNI","Deer Capacity":"24","Acres Benefitted":"235","Miles Treated":"0","Structures Installed":"0","Volunteer Hours":"0","Longitude":"-101.13322","Latitude":"37.97974","Public Longitude":"-101.13277","Public Latitude":"37.97971","photo_urls":[],"photo_url":""}},{"type":"Feature","id":"MT-FS-PA24-01-04","geometry":{"type":"Point","coordinates":[-114.94619,47.19646]},"properties":{"GIS ID":"357-AR","WRI":"False","Status Year":"2024","Status":"False","Project ID":"MT-FS-PA24-01-04","Private":"False","Project Name":"Thompson Murphy","Public Name":"Thompson Murphy","Year":"2024","Project Manager":"Rusty Wandler","MDF/BDF":"MDF","Location":"Superior","County":"Mineral County","State":"MT","Narrative":"MDF partnered with the Lolo National Forest to complete hazardous fuels reduction and forest thinning treatments on public lands within the Superior Ranger District. The project improved wildfire resilience, supported healthier forest conditions, and enhanced habitat for mule deer and other big game species.","Category":"Habitat Conservation","Project Type":"Habitat Enhancement","Partner Type":"Federal","Partner Name":"USFS","Land Jurisdiction":"Public","Land Administration":"USFS","Herds":"0","GMUs":"202.0","Deer Capacity":"25","Acres Benefitted":"250","Miles Treated":"0","Structures Installed":"0","Volunteer Hours":"0","Longitude":"-114.94619","Latitude":"47.19646","photo_urls":[],"photo_url":""}},{"type":"Feature","id":"MT-FS-PA24-01-02","geometry":{"type":"Point","coordinates":[-114.55584,46.94564]},"properties":{"GIS ID":"358-AR","WRI":"False","Status Year":"2024","Status":"False","Project ID":"MT-FS-PA24-01-02","Private":"False","Project Name":"Sawmill Petty","Public Name":"Sawmill Petty","Year":"2024","Project Manager":"Rusty Wandler","MDF/BDF":"MDF","Location":"Alberton","County":"Missoula County","State":"MT","Narrative":"MDF partnered with the Lolo National Forest to complete hazardous fuels reduction treatments in the West Fork of Petty Creek to improve forest health and reduce wildfire risk. The project also enhanced habitat conditions and forage availability for mule deer, elk, moose, bighorn sheep, and other wildlife across this important landscape.","Category":"Habitat Conservation","Project Type":"Habitat Enhancement","Partner Type":"Federal","Partner Name":"USFS","Land Jurisdiction":"Public","Land Administration":"USFS","Herds":"0","GMUs":"202.0","Deer Capacity":"394","Acres Benefitted":"3940","Miles Treated":"0","Structures Installed":"0","Volunteer Hours":"0","Longitude":"-114.55584","Latitude":"46.94564","photo_urls":[],"photo_url":""}},{"type":"Feature","id":"MT-FS-SA24-01-01","geometry":{"type":"Point","coordinates":[-113.75579,45.92995]},"properties":{"GIS ID":"359-AR","WRI":"False","Status Year":"2024","Status":"False","Project ID":"MT-FS-SA24-01-01","Private":"False","Project Name":"Tepee Project","Public Name":"Tepee Project","Year":"2024","Project Manager":"Rusty Wandler","MDF/BDF":"MDF","Location":"Sula","County":"Ravalli County","State":"MT","Narrative":"In partnership with the Bitterroot National Forest, this project completed hazardous fuels reduction treatments on the Darby-Sula Ranger District to help protect nearby communities in the East Fork from catastrophic wildfire. The work also improved habitat conditions and forage availability within Montana\u2019s trophy mule deer hunting district, HD 270.","Category":"Habitat Conservation","Project Type":"Habitat Enhancement","Partner Type":"Federal","Partner Name":"USFS","Land Jurisdiction":"Public","Land Administration":"USFS","Herds":"Bitteroot","GMUs":"270.0","Deer Capacity":"185","Acres Benefitted":"1850","Miles Treated":"0","Structures Installed":"0","Volunteer Hours":"0","Longitude":"-113.75579","Latitude":"45.92995","photo_urls":[],"photo_url":""}},{"type":"Feature","id":"MT-PL-GT24-01","geometry":{"type":"Point","coordinates":[-105.4072,45.44367]},"properties":{"GIS ID":"360-AR","WRI":"False","Status Year":"2024","Status":"False","Project ID":"MT-PL-GT24-01","Private":"True","Project Name":"MY Ranch","Public Name":"Montana 2024 Private Lands Habitat Enhancement #2","Year":"2024","MDF/BDF":"MDF","Location":"Broadus","County":"Powder River County","State":"MT","Narrative":"This project entailed the strategic placement and installation of a new stock tank that will create a more even dispersal of livestock grazing throughout multiple pastures and mitigate overgrazing within the riparian corridor. As a result, the quality and quantity of riparian and upland vegetation will improve, benefitting mule deer and other wildlife.","Category":"Habitat Conservation","Project Type":"Habitat Enhancement","Partner Type":"Private","Partner Name":"Private Landowner/Organization","Land Jurisdiction":"Private","Herds":"0","GMUs":"705.0","Deer Capacity":"306","Acres Benefitted":"3056","Miles Treated":"0","Structures Installed":"1","Volunteer Hours":"0","Longitude":"-105.87186","Latitude":"45.06682","Public Longitude":"-105.4072","Public Latitude":"45.44367","photo_urls":[],"photo_url":""}},{"type":"Feature","id":"NGP-NFWF-GT22-01-04","geometry":{"type":"Point","coordinates":[-104.27698,45.18794]},"properties":{"GIS ID":"361-AR","WRI":"False","Status Year":"2024","Status":"False","Project ID":"NGP-NFWF-GT22-01-04","Private":"True","Project Name":"Bonefield Ranch","Public Name":"Montana 2024 Private Lands Habitat Enhancement #1","Year":"2024","MDF/BDF":"MDF","Location":"Albion","County":"Carter County","State":"MT","Narrative":"This project entailed large scale grazing infrastructure improvements and installations, including water development and wildlife-friendly fencing of pastures to facilitate managed livestock grazing. As a result, the structure of grass, forb, and shrub communities will improve, providing higher-quality and more abundant forage and cover for mule deer and other wildlife.","Category":"Habitat Conservation","Project Type":"Habitat Enhancement","Partner Type":"Private","Partner Name":"Private Landowner/Organization","Land Jurisdiction":"Private","Herds":"SE MT","GMUs":"705.0","Deer Capacity":"426","Acres Benefitted":"4262","Miles Treated":"13","Structures Installed":"0","Volunteer Hours":"0","Longitude":"-104.27791","Latitude":"45.18842","Public Longitude":"-104.27698","Public Latitude":"45.18794","photo_urls":[],"photo_url":""}},{"type":"Feature","id":"MT-PL-GT24-02","geometry":{"type":"Point","coordinates":[-103.97473,45.55021]},"properties":{"GIS ID":"362-AR","WRI":"False","Status Year":"2024","Status":"False","Project ID":"MT-PL-GT24-02","Private":"True","Project Name":"Padden Ranch","Public Name":"Montana 2024 Private Lands Fencing #1","Year":"2024","MDF/BDF":"MDF","Location":"Camp Crook","County":"Harding County","State":"MT","Narrative":"This project involved converting degraded woven-wire fencing to wildlife-friendly fencing, including the installation of sage-grouse fence markers. The new infrastructure will improve livestock grazing management while reducing entanglement hazards and habitat fragmentation for mule deer and other wildlife.","Category":"Habitat Conservation","Project Type":"Fencing","Partner Type":"Private","Partner Name":"Private Landowner/Organization","Land Jurisdiction":"Private","Herds":"0","GMUs":"35A","Deer Capacity":"64","Acres Benefitted":"640","Miles Treated":"2","Structures Installed":"0","Volunteer Hours":"0","Longitude":"-103.97466","Latitude":"45.55027","Public Longitude":"-103.97473","Public Latitude":"45.55021","photo_urls":[],"photo_url":""}},{"type":"Feature","id":"NAT-BLM-CA23-01-04","geometry":{"type":"Point","coordinates":[-108.3762,48.69339]},"properties":{"GIS ID":"363-AR","WRI":"False","Status Year":"2023","Status":"False","Project ID":"NAT-BLM-CA23-01-04","Private":"False","Project Name":"North Black Coulee Fencing Project","Public Name":"North Black Coulee Fencing Project","Year":"2023","MDF/BDF":"MDF","Location":"Black Coulee National Wildlife Refuge","County":"Blaine County","State":"MT","Narrative":"In partnership with the BLM, this project improved habitat connectivity within a priority big game winter range and migration corridor by replacing degraded fencing with wildlife-friendly fencing. The work allows mule deer and other wildlife to move more safely and freely across the landscape while reducing the risk of injury and entanglement.","Category":"Wildlife Management","Project Type":"Fencing","Partner Type":"State","Partner Name":"USFS","Land Jurisdiction":"Public","Herds":"Fort Belknap","GMUs":"670.0","Deer Capacity":"192","Acres Benefitted":"1920","Miles Treated":"6","Structures Installed":"0","Volunteer Hours":"0","Longitude":"-108.3762","Latitude":"48.69339","photo_urls":[],"photo_url":""}},{"type":"Feature","id":"MDFID2025-02","geometry":{"type":"Point","coordinates":[-105.86428,46.39787]},"properties":{"GIS ID":"364-AR","WRI":"False","Status Year":"2024","Status":"False","Project ID":"MDFID2025-02","Private":"False","Project Name":"Eastern Montana Noxious Weeds","Public Name":"Eastern Montana Noxious Weeds","Year":"2024","MDF/BDF":"MDF","Location":"Miles City","County":"Custer County","State":"MT","Narrative":"This project inventoried large areas of habitat and treated invasive noxious weeds to improve native plant communities on public lands. Restoring healthy vegetation improved forage quality and habitat conditions for mule deer, pronghorn, sage grouse, and other wildlife.","Category":"Habitat Conservation","Project Type":"Habitat Enhancement","Partner Type":"Private","Partner Name":"Private Landowner/Organization","Land Jurisdiction":"Private","Herds":"0","GMUs":"701.0","Deer Capacity":"4150","Acres Benefitted":"41500","Miles Treated":"0","Structures Installed":"0","Volunteer Hours":"0","Longitude":"-105.86428","Latitude":"46.39787","photo_urls":[],"photo_url":""}},{"type":"Feature","id":"ND-PL-GT24-01","geometry":{"type":"Point","coordinates":[-104.00798,46.93226]},"properties":{"GIS ID":"368-AR","WRI":"False","Status Year":"2024","Status":"False","Project ID":"ND-PL-GT24-01","Private":"True","Project Name":"Feiring Cattle Company","Public Name":"North Dakota 2024 Private Lands Fencing #2","Year":"2024","MDF/BDF":"MDF","Location":"Beach","County":"Golden Valley County","State":"ND","Narrative":"MDF collaborated with the USFWS' North Dakota Partners for Fish and Wildlife Program and other partners to install permanent and temporary forms of wildlife-friendly fencing. The new infrastructure will improve livestock grazing management while reducing entanglement hazards and habitat fragmentation for mule deer and other wildlife.","Category":"Habitat Conservation","Project Type":"Fencing","Partner Type":"Private","Partner Name":"Private Landowner/Organization","Land Jurisdiction":"Private","Herds":"0","GMUs":"4D","Deer Capacity":"32","Acres Benefitted":"320","Miles Treated":"1","Structures Installed":"0","Volunteer Hours":"0","Longitude":"-104.00272","Latitude":"46.91792","Public Longitude":"-104.00798","Public Latitude":"46.93226","photo_urls":[],"photo_url":""}},{"type":"Feature","id":"NE-PL-GT25-01","geometry":{"type":"Point","coordinates":[-100.19399,41.42972]},"properties":{"GIS ID":"369-AR","WRI":"False","Status Year":"2024","Status":"False","Project ID":"NE-PL-GT25-01","Private":"True","Project Name":"South Loup River Ranch","Public Name":"Nebraska 2024 Private Lands Habitat Enhancement #1","Year":"2024","MDF/BDF":"MDF","Location":"Arnold","County":"Cherry County","State":"NE","Narrative":"MDF collaborated with the USFWS' Nebraska Partners for Fish and Wildlife Program and other partners to coordinate the mechanical removal of invasive eastern redcedar in the Nebraska Sandhills. These restoration efforts improve the quality and quantity of grasses, forbs, and shrubs that mule deer and other wildlife rely on, increase water availability, and reduce  the risk of severe wildfires.","Category":"Habitat Conservation","Project Type":"Habitat Enhancement","Partner Type":"Private","Partner Name":"Private Landowner/Organization","Land Jurisdiction":"Private","Herds":"0","GMUs":"San","Deer Capacity":"591","Acres Benefitted":"5905","Miles Treated":"0","Structures Installed":"0","Volunteer Hours":"0","Longitude":"-100.53798","Latitude":"42.12769","Public Longitude":"-100.19399","Public Latitude":"41.42972","photo_urls":[],"photo_url":""}},{"type":"Feature","id":"NM-PL-GT24-01","geometry":{"type":"Point","coordinates":[-104.37668,32.17565]},"properties":{"GIS ID":"370-AR","WRI":"False","Status Year":"2024","Status":"False","Project ID":"NM-PL-GT24-01","Private":"True","Project Name":"Cross Ranch","Public Name":"New Mexico 2024 Private Lands Habitat Enhancement #1","Year":"2024","MDF/BDF":"MDF","Location":"Whites City","County":"Eddy County","State":"NM","Narrative":"This project entailed the installation of a solar water pump system that supplies water to a livestock tank and ground-level concrete drinker for wildlife. In addition to increased water availability, improved dispersal of livestock grazing pressure will result in higher-quality and more abundant forage and cover for mule deer and other wildlife.","Category":"Habitat Conservation","Project Type":"Habitat Enhancement","Partner Type":"Private","Partner Name":"Private Landowner/Organization","Land Jurisdiction":"Private","Herds":"0","GMUs":"30.0","Deer Capacity":"64","Acres Benefitted":"640","Miles Treated":"0","Structures Installed":"1","Volunteer Hours":"0","Longitude":"-104.47084","Latitude":"32.04228","Public Longitude":"-104.37668","Public Latitude":"32.17565","photo_urls":[],"photo_url":""}},{"type":"Feature","id":"NM-PL-GT24-02","geometry":{"type":"Point","coordinates":[-103.11466,33.78875]},"properties":{"GIS ID":"371-AR","WRI":"False","Status Year":"2024","Status":"False","Project ID":"NM-PL-GT24-02","Private":"True","Project Name":"Weaver Ranch","Public Name":"New Mexico 2024 Private Lands Fencing #1","Year":"2024","MDF/BDF":"MDF","Location":"Lingo","County":"Roosevelt County","State":"NM","Narrative":"This coordinated effort between the MDF and the USFWS' New Mexico Partners for Fish and Wildlife Program entailed removing degraded fencing that fragmented habitat and posed entanglement risks to big game. By removing obsolete fencing that is no longer needed for livestock management, wildlife such as mule deer and pronghorn can move more freely across the landscape to access the water, forage, and cover they need to survive.","Category":"Wildlife Management","Project Type":"Fencing","Partner Type":"Private","Partner Name":"Private Landowner/Organization","Land Jurisdiction":"Private","Herds":"0","GMUs":"31.0","Deer Capacity":"320","Acres Benefitted":"3200","Miles Treated":"10","Structures Installed":"0","Volunteer Hours":"0","Longitude":"-103.11503","Latitude":"33.78858","Public Longitude":"-103.11466","Public Latitude":"33.78875","photo_urls":[],"photo_url":""}},{"type":"Feature","id":"NAT-BLM-CA23-01-02","geometry":{"type":"Point","coordinates":[-120.6505,44.19531]},"properties":{"GIS ID":"372-AR","WRI":"False","Status Year":"2024","Status":"False","Project ID":"NAT-BLM-CA23-01-02","Private":"False","Project Name":"Eagle Rock Winter Range Fence","Public Name":"Eagle Rock Winter Range Fence","Year":"2024","MDF/BDF":"MDF","Location":"Juniper Canyon","County":"Crook County","State":"OR","Narrative":"In partnership with the BLM and volunteers, this project improved critical mule deer winter range and migration habitat by installing a seasonal closure gate, replacing hazardous fencing with wildlife-friendly fencing, and removing dangerous barbed wire. The work improved habitat connectivity and safer movement for migrating mule deer across this important winter range landscape.","Category":"Wildlife Management","Project Type":"Fencing","Partner Type":"Federal","Partner Name":"BLM","Land Jurisdiction":"Public","Herds":"Ochoco","GMUs":"37.0","Deer Capacity":"8","Acres Benefitted":"80","Miles Treated":"0.25","Structures Installed":"0","Volunteer Hours":"120","Longitude":"-120.6505","Latitude":"44.19531","photo_urls":[],"photo_url":""}},{"type":"Feature","id":"SD-PL-GT24-04","geometry":{"type":"Point","coordinates":[-103.97526,45.28176]},"properties":{"GIS ID":"373-AR","WRI":"False","Status Year":"2024","Status":"False","Project ID":"SD-PL-GT24-04","Private":"True","Project Name":"Davis Property","Public Name":"South Dakota 2024 Private Lands Fencing #3","Year":"2024","MDF/BDF":"MDF","Location":"Gustave","County":"Harding County","State":"SD","Narrative":"This project entailed the removal of degraded woven wire fencing and its replacement with wildlife-friendly fencing, including sage-grouse fence markers. These wildlife-friendly fence designs reduce habitat fragmentation and the risk of wildlife collisions and entanglement, allowing mule deer and other wildlife to move more freely across the landscape, while still retaining essential livestock grazing infrastructure.","Category":"Wildlife Management","Project Type":"Fencing","Partner Type":"Private","Partner Name":"Private Landowner/Organization","Land Jurisdiction":"Private","Herds":"0","GMUs":"35A","Deer Capacity":"32","Acres Benefitted":"320","Miles Treated":"1","Structures Installed":"0","Volunteer Hours":"0","Longitude":"-103.97633","Latitude":"45.28188","Public Longitude":"-103.97526","Public Latitude":"45.28176","photo_urls":[],"photo_url":""}},{"type":"Feature","id":"SD-PL-GT24-01","geometry":{"type":"Point","coordinates":[-103.85832,44.62191]},"properties":{"GIS ID":"375-AR","WRI":"False","Status Year":"2024","Status":"False","Project ID":"SD-PL-GT24-01","Private":"True","Project Name":"Blair Brothers Ranch - Phase II","Public Name":"South Dakota 2024 Private Lands Habitat Enhancement #1","Year":"2024","MDF/BDF":"MDF","Location":"Belle Fourche","County":"Butte County","State":"SD","Narrative":"MDF collaborated with multiple partners on the final phase of this restoration project, converting cheatgrass-infested marginal cropland back to grassland conditions through the drill-seeding of a diverse mix of native grasses and forbs. These efforts will improve landscape connectivity and provide valuable forage and cover for mule deer and other wildlife.","Category":"Habitat Conservation","Project Type":"Habitat Enhancement","Partner Type":"Private","Partner Name":"Private Landowner/Organization","Land Jurisdiction":"Private","Herds":"0","GMUs":"15B","Deer Capacity":"458","Acres Benefitted":"4575","Miles Treated":"0","Structures Installed":"0","Volunteer Hours":"0","Longitude":"-103.85234","Latitude":"44.67008","Public Longitude":"-103.85832","Public Latitude":"44.62191","photo_urls":[],"photo_url":""}},{"type":"Feature","id":"SD-PL-GT24-02","geometry":{"type":"Point","coordinates":[-102.66968,44.5614]},"properties":{"GIS ID":"379-AR","WRI":"False","Status Year":"2024","Status":"False","Project ID":"SD-PL-GT24-02","Private":"True","Project Name":"RCK Ranch","Public Name":"South Dakota 2024 Private Lands Water Access #1","Year":"2024","MDF/BDF":"MDF","Location":"Union Center","County":"Meade County","State":"SD","Narrative":"This project entailed the installation of new stock tanks and the modification of existing barbed wire fence to wildlife-friendly specifications. These improvements provided the livestock grazing infrastructure needed to facilitate proper rest and rotation while reducing entanglement hazards and habitat fragmentation for mule deer and other wildlife.","Category":"Habitat Conservation","Project Type":"Water Access","Partner Type":"Private","Partner Name":"Private Landowner/Organization","Land Jurisdiction":"Private","Herds":"0","GMUs":"49B","Deer Capacity":"288","Acres Benefitted":"2880","Miles Treated":"1","Structures Installed":"4","Volunteer Hours":"0","Longitude":"-102.66947","Latitude":"44.56105","Public Longitude":"-102.66968","Public Latitude":"44.5614","photo_urls":[],"photo_url":""}},{"type":"Feature","id":"SD-PL-GT24-03-02","geometry":{"type":"Point","coordinates":[-102.414,44.59666]},"properties":{"GIS ID":"381-AR","WRI":"False","Status Year":"2024","Status":"False","Project ID":"SD-PL-GT24-03-02","Private":"True","Project Name":"Sawmill Ridge \u2013 Phase II","Public Name":"South Dakota 2024 Private Lands Fencing #2","Year":"2024","MDF/BDF":"MDF","Location":"White Owl","County":"Meade County","State":"SD","Narrative":"This project entailed the removal of 6-strand bison fencing and its replacement with wildlife-friendly fencing. Wildlife-friendly fence designs reduce habitat fragmentation and the risk of wildlife collisions and entanglement, allowing mule deer and other wildlife to move more freely across the landscape, while still retaining essential livestock grazing infrastructure.","Category":"Wildlife Management","Project Type":"Fencing","Partner Type":"Private","Partner Name":"Private Landowner/Organization","Land Jurisdiction":"Private","Herds":"0","GMUs":"49B","Deer Capacity":"128","Acres Benefitted":"1280","Miles Treated":"4","Structures Installed":"0","Volunteer Hours":"0","Longitude":"-102.36093","Latitude":"44.60474","Public Longitude":"-102.414","Public Latitude":"44.59666","photo_urls":[],"photo_url":""}},{"type":"Feature","id":"SD-BPS-GT24-02","geometry":{"type":"Point","coordinates":[-102.69585,44.56088]},"properties":{"GIS ID":"382-AR","WRI":"False","Status Year":"2024","Status":"False","Project ID":"SD-BPS-GT24-02","Private":"True","Project Name":"Sawmill Ridge Fence Replacement","Public Name":"South Dakota 2024 Private Lands Fencing #1","Year":"2024","MDF/BDF":"MDF","Location":"Union Center","County":"Meade County","State":"SD","Narrative":"This project entailed the removal of 6-strand bison fencing and its replacement with wildlife-friendly fencing. Wildlife-friendly fence designs reduce habitat fragmentation and the risk of wildlife collisions and entanglement, allowing mule deer and other wildlife to move more freely across the landscape, while still retaining essential livestock grazing infrastructure.","Category":"Wildlife Management","Project Type":"Fencing","Partner Type":"Private","Partner Name":"Private Landowner/Organization","Land Jurisdiction":"Private","Herds":"0","GMUs":"49B","Deer Capacity":"128","Acres Benefitted":"1280","Miles Treated":"2","Structures Installed":"0","Volunteer Hours":"0","Longitude":"-102.43555","Latitude":"44.592","Public Longitude":"-102.69585","Public Latitude":"44.56088","photo_urls":[],"photo_url":""}},{"type":"Feature","id":"TX-PL-GT25-01","geometry":{"type":"Point","coordinates":[-103.49581,31.42717]},"properties":{"GIS ID":"383-AR","WRI":"False","Status Year":"2024","Status":"False","Project ID":"TX-PL-GT25-01","Private":"True","Project Name":"Burkholder Ranch","Public Name":"Texas 2024 Private Lands Water Access #1","Year":"2024","MDF/BDF":"MDF","Location":"Pecos","County":"Reeves County","State":"TX","Narrative":"This project restored the flow of water to multiple existing stock tanks, resulting in improved livestock grazing management and increased water availability for both livestock and wildlife. In this arid environment, water resources and proper livestock distribution are essential for reducing overgrazing and ensuring adequate forage and cover for mule deer and other wildlife.","Category":"Habitat Conservation","Project Type":"Water Access","Partner Type":"Private","Partner Name":"Private Landowner/Organization","Land Jurisdiction":"Private","Herds":"0","GMUs":"4.0","Deer Capacity":"320","Acres Benefitted":"3200","Miles Treated":"0","Structures Installed":"5","Volunteer Hours":"0","Longitude":"-103.49581","Latitude":"31.42717","Public Longitude":"-103.49581","Public Latitude":"31.42717","photo_urls":[],"photo_url":""}},{"type":"Feature","id":"UT-WRI-CA22-01-01","geometry":{"type":"Point","coordinates":[-110.80378,40.9066]},"properties":{"GIS ID":"384-AR","WRI":"False","Status Year":"2024","Status":"False","Project ID":"UT-WRI-CA22-01-01","Private":"False","Project Name":"Bear River Watershed Resilience Phase 3","Public Name":"Bear River Watershed Resilience Phase 3","Year":"2024","MDF/BDF":"MDF","Location":"Ashley National Forest","County":"Summit County","State":"UT","Narrative":"Building on earlier restoration phases, this project continued forest and habitat improvement efforts through hand thinning, mastication, and woody material removal across adjacent public and private lands. These coordinated treatments improved forest health, increased forage availability, and enhanced cover and habitat connectivity for mule deer and other wildlife.","Category":"Habitat Conservation","Project Type":"Habitat Enhancement","Partner Type":"Federal","Partner Name":"USFS","Land Jurisdiction":"Public","Herds":"North Slope, Chalk Creek","GMUs":"DB1","Deer Capacity":"371","Acres Benefitted":"3710","Miles Treated":"0","Structures Installed":"0","Volunteer Hours":"0","Longitude":"-110.80378","Latitude":"40.9066","photo_urls":[],"photo_url":""}},{"type":"Feature","id":"UT-FS-SA24-01-02","geometry":{"type":"Point","coordinates":[-109.53238,40.70539]},"properties":{"GIS ID":"385-AR","WRI":"False","Status Year":"2024","Status":"False","Project ID":"UT-FS-SA24-01-02","Private":"False","Project Name":"Karst WC Mastication","Public Name":"Karst WC Mastication","Year":"2024","Project Manager":"Katie Acree","MDF/BDF":"MDF","Location":"Vernal","County":"Uintah County","State":"UT","Category":"Habitat Conservation","Project Type":"Habitat Enhancement","Partner Type":"Federal","Partner Name":"USFS","Land Jurisdiction":"Public","Land Administration":"USFS","Herds":"North Slope, Uinta South Slope","GMUs":"DB1","Deer Capacity":"58","Acres Benefitted":"580","Miles Treated":"0","Structures Installed":"0","Volunteer Hours":"0","Longitude":"-109.53238","Latitude":"40.70539","photo_urls":[],"photo_url":""}},{"type":"Feature","id":"WY-FS-SA22-01-03","geometry":{"type":"Point","coordinates":[-106.21674,41.14929]},"properties":{"GIS ID":"390-AR","WRI":"False","Status Year":"2024","Status":"False","Project ID":"WY-FS-SA22-01-03","Private":"False","Project Name":"Muddy Creek Watershed Restoration","Public Name":"Muddy Creek Watershed Restoration","Year":"2024","Project Manager":"Nicole Reed-Fickel","MDF/BDF":"MDF","Location":"Albany","County":"Albany County","State":"WY","Narrative":"This project restored stream and riparian habitat impacted by the Mullen Fire and a nearby road on public lands. Decommissioning the road and restoring the natural stream channel improved watershed health and created important forage, cover, and security habitat for mule deer and other wildlife.","Category":"Habitat Conservation","Project Type":"Watershed Restoration","Partner Type":"Federal","Partner Name":"USFS","Land Jurisdiction":"Public","Herds":"0","GMUs":"539.0","Deer Capacity":"864","Acres Benefitted":"8640","Miles Treated":"6","Structures Installed":"0","Volunteer Hours":"0","Longitude":"-106.21674","Latitude":"41.14929","photo_urls":[],"photo_url":""}},{"type":"Feature","id":"WY-PL-GT24-02","geometry":{"type":"Point","coordinates":[-105.8354,44.70868]},"properties":{"GIS ID":"392-AR","WRI":"False","Status Year":"2024","Status":"False","Project ID":"WY-PL-GT24-02","Private":"True","Project Name":"Ford Ranch - Short Creek","Public Name":"Wyoming 2024 Private Lands Habitat Enhancement #2","Year":"2024","MDF/BDF":"MDF","Location":"Spotted Horse","County":"Campbell County","State":"WY","Narrative":"This project entailed the excavation and replacement of a collapsed waterline that supplies water to a stock tank. These efforts restored managed livestock grazing, which promotes early successional plant growth that provides high-quality forage for mule deer and other wildlife.","Category":"Habitat Conservation","Project Type":"Habitat Enhancement","Partner Type":"Private","Partner Name":"Private Landowner/Organization","Land Jurisdiction":"Private","Herds":"0","GMUs":"319.0","Deer Capacity":"206","Acres Benefitted":"2061","Miles Treated":"0","Structures Installed":"1","Volunteer Hours":"0","Longitude":"-105.93806","Latitude":"44.99314","Public Longitude":"-105.8354","Public Latitude":"44.70868","photo_urls":[],"photo_url":""}},{"type":"Feature","id":"WY-PL-GT24-01","geometry":{"type":"Point","coordinates":[-105.86922,44.71326]},"properties":{"GIS ID":"393-AR","WRI":"False","Status Year":"2024","Status":"False","Project ID":"WY-PL-GT24-01","Private":"True","Project Name":"Ford Ranch - Williams Draw","Public Name":"Wyoming 2024 Private Lands Habitat Enhancement #1","Year":"2024","MDF/BDF":"MDF","Location":"Spotted Horse","County":"Campbell County","State":"WY","Narrative":"This project included conifer reduction, spring development, and the installation of beaver dam analogs to increase water availability, improve livestock and wildlife use, and reduce the risk of catastrophic wildfire. These efforts will help maintain and enhance grassland and shrubland plant communities that provide forage and cover for mule deer and other wildlife.","Category":"Habitat Conservation","Project Type":"Habitat Enhancement","Partner Type":"Private","Partner Name":"Private Landowner/Organization","Land Jurisdiction":"Private","Herds":"0","GMUs":"319.0","Deer Capacity":"137","Acres Benefitted":"1365","Miles Treated":"0","Structures Installed":"2","Volunteer Hours":"0","Longitude":"-105.93265","Latitude":"44.93848","Public Longitude":"-105.86922","Public Latitude":"44.71326","photo_urls":[],"photo_url":""}},{"type":"Feature","id":"WY-PL-GT24-03","geometry":{"type":"Point","coordinates":[-104.20699,44.13554]},"properties":{"GIS ID":"394-AR","WRI":"False","Status Year":"2024","Status":"False","Project ID":"WY-PL-GT24-03","Private":"True","Project Name":"Mile High Ranch","Public Name":"Wyoming 2024 Private Lands Fencing #1","Year":"2024","MDF/BDF":"MDF","Location":"Horton","County":"Weston County","State":"WY","Narrative":"This project entailed the removal of degraded woven wire fencing and its replacement with wildlife-friendly fencing. Wildlife-friendly fence designs reduce habitat fragmentation and the risk of wildlife collisions and entanglement, allowing mule deer and other wildlife to move more freely across the landscape, while still retaining essential livestock grazing infrastructure.","Category":"Wildlife Management","Project Type":"Fencing","Partner Type":"Private","Partner Name":"Private Landowner/Organization","Land Jurisdiction":"Private","Herds":"0","GMUs":"751.0","Deer Capacity":"64","Acres Benefitted":"640","Miles Treated":"2","Structures Installed":"0","Volunteer Hours":"0","Longitude":"-104.20651","Latitude":"44.13441","Public Longitude":"-104.20699","Public Latitude":"44.13554","photo_urls":[],"photo_url":""}},{"type":"Feature","id":"MDFID2025-010","geometry":{"type":"Point","coordinates":[-104.09611,44.14997]},"properties":{"GIS ID":"395-AR","WRI":"False","Status Year":"2024","Status":"False","Project ID":"MDFID2025-010","Private":"True","Project Name":"Hook Ranch","Public Name":"Wyoming 2024 Private Lands Fencing #2","Year":"2024","MDF/BDF":"MDF","Location":"Buckhorn","County":"Weston County","State":"WY","Narrative":"This project involved MDF staff and volunteers removing degraded woven and barbed wire fencing. By eliminating obsolete fencing no longer needed for livestock management, wildlife, including mule deer, can move more freely across the landscape to access the water, forage, and cover they need to survive.","Category":"Wildlife Management","Project Type":"Fencing","Partner Type":"Private","Partner Name":"Private Landowner/Organization","Land Jurisdiction":"Private","Herds":"0","GMUs":"751.0","Deer Capacity":"32","Acres Benefitted":"320","Miles Treated":"1","Structures Installed":"0","Volunteer Hours":"0","Longitude":"-104.0959","Latitude":"44.1498","Public Longitude":"-104.09611","Public Latitude":"44.14997","photo_urls":[],"photo_url":""}},{"type":"Feature","id":"RMR-FS-PA23-02-01","geometry":{"type":"Point","coordinates":[-106.13358,40.99754]},"properties":{"GIS ID":"396-AR","WRI":"False","Status Year":"2023","Status":"False","Project ID":"RMR-FS-PA23-02-01","Private":"False","Project Name":"MBRTB Resource Surveys (Terrestrial and Aquatics)","Public Name":"MBRTB Resource Surveys (Terrestrial and Aquatics)","Year":"2023","MDF/BDF":"MDF","Location":"Laramie","County":"Albany, Carbon, Routt","State":"WY and CO","Narrative":"This project completed wildlife and environmental resource surveys on public lands to help guide future forest restoration, fuels reduction, and habitat improvement efforts. Surveys for birds, amphibians, lynx, and sensitive plant species help ensure upcoming projects improve forest health and mule deer habitat while protecting important wildlife and ecological resources.","Category":"Wildlife Management","Project Type":"Surveys","Partner Type":"Federal","Partner Name":"USFS","Land Jurisdiction":"Public","Herds":"0","GMUs":"539.0","Deer Capacity":"0","Acres Benefitted":"0","Miles Treated":"0","Structures Installed":"0","Volunteer Hours":"0","Longitude":"-106.13358","Latitude":"40.99754","photo_urls":[],"photo_url":""}},{"type":"Feature","id":"RMR-NFWF-GT23-01-01","geometry":{"type":"Point","coordinates":[-113.89577,45.1756]},"properties":{"GIS ID":"399-AR","WRI":"False","Status Year":"2023","Status":"False","Project ID":"RMR-NFWF-GT23-01-01","Private":"True","Project Name":"Treating Invasive Plants and Removing Fencing to Restore Wildlife Habitat (RMR 4)","Public Name":"Idaho 2023 Private Lands Habitat Enhancement #1","Year":"2023","MDF/BDF":"MDF","Location":"Salmon","County":"Lemhi County","State":"ID","Narrative":"MDF worked with conservation partners and private landowners to treat invasive cheatgrass in important mule deer winter range as a proactive fire prevention effort. These treatments improved native forage needed for biggame and reduced wildfire risk.  18,000 acres were improved across the Lemhi and Salmon River Mountains.","Category":"Habitat Conservation","Project Type":"Habitat Enhancement","Partner Type":"Federal","Partner Name":"BLM","Land Jurisdiction":"Public","Herds":"0","GMUs":"Cen","Deer Capacity":"1800","Acres Benefitted":"18000","Miles Treated":"0","Structures Installed":"0","Volunteer Hours":"0","Longitude":"-113.93471","Latitude":"45.10449","Public Longitude":"-113.89577","Public Latitude":"45.1756","photo_urls":[],"photo_url":""}},{"type":"Feature","id":"AZ-AZGF-CA24-01-02","geometry":{"type":"Point","coordinates":[-112.43145,36.58626]},"properties":{"GIS ID":"231-AR","WRI":"False","Status Year":"2023","Status":"False","Project ID":"AZ-AZGF-CA24-01-02","Private":"False","Project Name":"GMU 12A Westside Cliffrose Enhancement","Public Name":"GMU 12A Westside Cliffrose Enhancement","Year":"2023","MDF/BDF":"MDF","Location":"Fredonia","County":"Coconino County","State":"AZ","Narrative":"This project pruned decadent browse species to stimulate new growth and productivity. The treatment improved forage quality for mule deer, supporting nutrition and habitat value.","Category":"Habitat Conservation","Project Type":"Habitat Enhancement","Partner Type":"State","Partner Name":"Arizona Game and Fish Department","Land Jurisdiction":"Public","Herds":"Kaibab","GMUs":"12A","Deer Capacity":"104","Acres Benefitted":"1040","Miles Treated":"0","Structures Installed":"0","Volunteer Hours":"0","Longitude":"-112.43145","Latitude":"36.58626","photo_urls":[],"photo_url":""}},{"type":"Feature","id":"AZ-AZGF-CA24-01-04","geometry":{"type":"Point","coordinates":[-112.06137,36.60328]},"properties":{"GIS ID":"232-AR","WRI":"False","Status Year":"2023","Status":"False","Project ID":"AZ-AZGF-CA24-01-04","Private":"False","Project Name":"GMU 12A Houserock Allotment North Lop and Scatter","Public Name":"GMU 12A Houserock Allotment North Lop and Scatter","Year":"2023","MDF/BDF":"MDF","Location":"Fredonia","County":"Coconino County","State":"AZ","Narrative":"This project restored historic forest openings by reducing pinyon juniper encroachment. These actions maintained open habitat conditions that support mule deer foraging and movement.","Category":"Habitat Conservation","Project Type":"Habitat Enhancement","Partner Type":"State","Partner Name":"Arizona Game and Fish Department","Land Jurisdiction":"Public","Herds":"0","GMUs":"12A","Deer Capacity":"160","Acres Benefitted":"1600","Miles Treated":"0","Structures Installed":"0","Volunteer Hours":"0","Longitude":"-112.06137","Latitude":"36.60328","photo_urls":[],"photo_url":""}},{"type":"Feature","id":"AZ-NGO-GT23-01","geometry":{"type":"Point","coordinates":[-112.21531,36.71367]},"properties":{"GIS ID":"233-AR","WRI":"False","Status Year":"2023","Status":"False","Project ID":"AZ-NGO-GT23-01","Private":"False","Project Name":"Game Management Unit 12A Summer Wildlife Water Rehabilitation Project Phase 1","Public Name":"Game Management Unit 12A Summer Wildlife Water Rehabilitation Project Phase 1","Year":"2023","MDF/BDF":"MDF","Location":"Jacob Lake","County":"Coconino County","State":"AZ","Narrative":"This project began a multi-phase effort to refurbish wildlife guzzlers and improve long-term water reliability on public lands. Restoring dependable water sources supports mule deer and other wildlife by improving habitat conditions and providing critical water access during dry periods.","Category":"Wildlife Management","Project Type":"Water Access","Partner Type":"Federal","Partner Name":"USFS","Land Jurisdiction":"Public","Herds":"Kaibab, Paunsaugunt","GMUs":"12A","Deer Capacity":"1984","Acres Benefitted":"19840","Miles Treated":"0","Structures Installed":"31","Volunteer Hours":"0","Longitude":"-112.21531","Latitude":"36.71367","photo_urls":[],"photo_url":""}},{"type":"Feature","id":"AZ-AZGF-CA24-01-05","geometry":{"type":"Point","coordinates":[-112.21402,36.70049]},"properties":{"GIS ID":"234-AR","WRI":"False","Status Year":"2023","Status":"False","Project ID":"AZ-AZGF-CA24-01-05","Private":"False","Project Name":"GMU 12A Wildlife Guzzler Refurbishment Phase 1 HPC","Public Name":"GMU 12A Wildlife Guzzler Refurbishment Phase 1 HPC","Year":"2023","MDF/BDF":"MDF","Location":"Jacob Lake","County":"Coconino County","State":"AZ","Narrative":"This project completed a subsequent phase of wildlife guzzler refurbishment to expand water availability. The continued improvements strengthened water access for mule deer and increased habitat resilience.","Category":"Wildlife Management","Project Type":"Water Access","Partner Type":"State","Partner Name":"Arizona Game and Fish Department","Land Jurisdiction":"Public","Herds":"Kaibab, Paunsaugunt","GMUs":"12A","Deer Capacity":"704","Acres Benefitted":"7040","Miles Treated":"0","Structures Installed":"11","Volunteer Hours":"0","Longitude":"-112.21402","Latitude":"36.70049","photo_urls":[],"photo_url":""}},{"type":"Feature","id":"AZ-AZGF-CA24-01-03","geometry":{"type":"Point","coordinates":[-112.34358,36.72767]},"properties":{"GIS ID":"235-AR","WRI":"False","Status Year":"2023","Status":"False","Project ID":"AZ-AZGF-CA24-01-03","Private":"False","Project Name":"GMU 12A 22 Road Lop and Scatter Phase 1","Public Name":"GMU 12A 22 Road Lop and Scatter Phase 1","Year":"2023","MDF/BDF":"MDF","Location":"Ryan","County":"Coconino County","State":"AZ","Narrative":"This project removed encroaching vegetation and enhanced native browse in historic wildlife openings. The work improved forage production and habitat quality for mule deer.","Category":"Habitat Conservation","Project Type":"Habitat Enhancement","Partner Type":"State","Partner Name":"Arizona Game and Fish Department","Land Jurisdiction":"Public","Herds":"0","GMUs":"12A","Deer Capacity":"106","Acres Benefitted":"1060","Miles Treated":"0","Structures Installed":"0","Volunteer Hours":"0","Longitude":"-112.34358","Latitude":"36.72767","photo_urls":[],"photo_url":""}},{"type":"Feature","id":"AZ-AZGF-CA24-01-01","geometry":{"type":"Point","coordinates":[-112.12884,36.83771]},"properties":{"GIS ID":"236-AR","WRI":"False","Status Year":"2023","Status":"False","Project ID":"AZ-AZGF-CA24-01-01","Private":"False","Project Name":"GMA 12A Burro Lop and Scatter","Public Name":"GMA 12A Burro Lop and Scatter","Year":"2023","MDF/BDF":"MDF","Location":"Jacob Lake","County":"Coconino County","State":"AZ","Narrative":"This project maintained wildlife openings by removing invasive pinyon and juniper trees. The work preserved open habitat and forage resources critical to mule deer.","Category":"Habitat Conservation","Project Type":"Habitat Enhancement","Partner Type":"State","Partner Name":"Arizona Game and Fish Department","Land Jurisdiction":"Public","Herds":"0","GMUs":"12A","Deer Capacity":"67","Acres Benefitted":"670","Miles Treated":"0","Structures Installed":"0","Volunteer Hours":"0","Longitude":"-112.12884","Latitude":"36.83771","photo_urls":[],"photo_url":""}},{"type":"Feature","id":"AZ-AZGF-CA24-01-07","geometry":{"type":"Point","coordinates":[-113.10462,36.4452]},"properties":{"GIS ID":"266-AR","WRI":"False","Status Year":"2024","Status":"False","Project ID":"AZ-AZGF-CA24-01-07","Private":"False","Project Name":"AZ White Springs Seeding","Public Name":"AZ White Springs Seeding","Year":"2024","MDF/BDF":"MDF","Location":"Tuweep","County":"Mohave County","State":"AZ","Narrative":"This project aerially seeded previously treated pinyon\u2013juniper areas to promote the establishment of desirable native plant species following mastication. These efforts improved forage availability and habitat quality, benefiting mule deer by enhancing nutrition, cover, and long-term ecosystem resilience.","Category":"Habitat Conservation","Project Type":"Habitat Enhancement","Partner Type":"State","Partner Name":"Arizona Game and Fish Department","Land Jurisdiction":"Public","Herds":"0","GMUs":"13A","Deer Capacity":"43","Acres Benefitted":"432","Miles Treated":"0","Structures Installed":"0","Volunteer Hours":"0","Longitude":"-113.10462","Latitude":"36.4452","photo_urls":[],"photo_url":""}},{"type":"Feature","id":"AZ-AZGF-CA24-01-06","geometry":{"type":"Point","coordinates":[-112.98322,36.98168]},"properties":{"GIS ID":"267-AR","WRI":"False","Status Year":"2024","Status":"False","Project ID":"AZ-AZGF-CA24-01-06","Private":"True","Project Name":"GMU 13A Clayhole Pipeline Phase 1","Public Name":"Arizona 2024 Private Lands Water Access #1","Year":"2024","MDF/BDF":"MDF","Location":"Colorado City","County":"Mohave County","State":"AZ","Narrative":"This project installed extensive water infrastructure during an initial project phase to improve water distribution. The system supported mule deer movement and access to water across a broader landscape.","Category":"Wildlife Management","Project Type":"Water Access","Partner Type":"Private","Partner Name":"Private Landowner/Organization","Land Jurisdiction":"Private","Herds":"0","GMUs":"13A","Deer Capacity":"5184","Acres Benefitted":"51840","Miles Treated":"38","Structures Installed":"43","Volunteer Hours":"0","Longitude":"-113.0725","Latitude":"36.65172","Public Longitude":"-112.98322","Public Latitude":"36.98168","photo_urls":[],"photo_url":""}},{"type":"Feature","id":"AZ-AZGF-CA24-01-08","geometry":{"type":"Point","coordinates":[-112.45152,36.46583]},"properties":{"GIS ID":"268-AR","WRI":"False","Status Year":"2024","Status":"False","Project ID":"AZ-AZGF-CA24-01-08","Private":"False","Project Name":"Indian Hollow Wildlife Catchment","Public Name":"Indian Hollow Wildlife Catchment","Year":"2024","MDF/BDF":"MDF","Location":"Grand Canyon North Rim","County":"Coconino County","State":"AZ","Narrative":"This project modernized an aging wildlife water development to improve capacity and reduce maintenance needs. The upgraded system provided more consistent water access for mule deer, supporting long-term habitat stability.","Category":"Wildlife Management","Project Type":"Water Access","Partner Type":"State","Partner Name":"Arizona Game and Fish Department","Land Jurisdiction":"Public","Herds":"0","GMUs":"12A","Deer Capacity":"64","Acres Benefitted":"640","Miles Treated":"0","Structures Installed":"1","Volunteer Hours":"0","Longitude":"-112.45152","Latitude":"36.46583","photo_urls":[],"photo_url":""}},{"type":"Feature","id":"AZ-AZGF-CA24-01-12","geometry":{"type":"Point","coordinates":[-112.34504,36.71691]},"properties":{"GIS ID":"269-AR","WRI":"False","Status Year":"2024","Status":"False","Project ID":"AZ-AZGF-CA24-01-12","Private":"False","Project Name":"Ryan Allotment 22 road Lop and Scatter #1","Public Name":"Ryan Allotment 22 road Lop and Scatter #1","Year":"2024","MDF/BDF":"MDF","Location":"Ryan","County":"Coconino County","State":"AZ","Narrative":"This project constructed new water delivery infrastructure, including pipelines, storage, and drinking structures. The system expanded reliable water access, benefiting mule deer distribution and habitat use.","Category":"Habitat Conservation","Project Type":"Habitat Enhancement","Partner Type":"Private","Partner Name":"Private Landowner/Organization","Land Jurisdiction":"Private","Herds":"Kaibab, Paunsaugunt","GMUs":"12A","Deer Capacity":"11","Acres Benefitted":"110","Miles Treated":"0","Structures Installed":"0","Volunteer Hours":"0","Longitude":"-112.34504","Latitude":"36.71691","photo_urls":[],"photo_url":""}},{"type":"Feature","id":"AZ-AZGF-CA24-01-14","geometry":{"type":"Point","coordinates":[-112.34118,36.73101]},"properties":{"GIS ID":"270-AR","WRI":"False","Status Year":"2024","Status":"False","Project ID":"AZ-AZGF-CA24-01-14","Private":"False","Project Name":"Ryan Allotment Lop and Scatter 212","Public Name":"Ryan Allotment Lop and Scatter 212","Year":"2024","MDF/BDF":"MDF","Location":"Ryan","County":"Coconino County","State":"AZ","Narrative":"This project restored wildlife openings by reducing woody encroachment and improving native vegetation. The treatment enhanced forage quality and availability for mule deer.","Category":"Habitat Conservation","Project Type":"Habitat Enhancement","Partner Type":"Private","Partner Name":"Private Landowner/Organization","Land Jurisdiction":"Private","Herds":"0","GMUs":"12A","Deer Capacity":"21","Acres Benefitted":"212","Miles Treated":"0","Structures Installed":"0","Volunteer Hours":"0","Longitude":"-112.34118","Latitude":"36.73101","photo_urls":[],"photo_url":""}},{"type":"Feature","id":"AZ-AZGF-CA24-01-13","geometry":{"type":"Point","coordinates":[-112.3023,36.7797]},"properties":{"GIS ID":"271-AR","WRI":"False","Status Year":"2024","Status":"False","Project ID":"AZ-AZGF-CA24-01-13","Private":"False","Project Name":"Ryan Allotment 422A Lop and Scatter","Public Name":"Ryan Allotment 422A Lop and Scatter","Year":"2024","MDF/BDF":"MDF","Location":"Ryan","County":"Coconino County","State":"AZ","Narrative":"This project improved wildlife openings by removing encroaching pinyon juniper trees and enhancing browse species. These actions boosted forage production, supporting mule deer health and carrying capacity.","Category":"Habitat Conservation","Project Type":"Habitat Enhancement","Partner Type":"Private","Partner Name":"Private Landowner/Organization","Land Jurisdiction":"Private","Herds":"0","GMUs":"12A","Deer Capacity":"11","Acres Benefitted":"106","Miles Treated":"0","Structures Installed":"0","Volunteer Hours":"0","Longitude":"-112.3023","Latitude":"36.7797","photo_urls":[],"photo_url":""}},{"type":"Feature","id":"MDFID2025-01","geometry":{"type":"Point","coordinates":[-112.29513,36.85562]},"properties":{"GIS ID":"272-AR","WRI":"False","Status Year":"2024","Status":"False","Project ID":"MDFID2025-01","Private":"False","Project Name":"Pratt Pipeline","Public Name":"Pratt Pipeline","Year":"2024","MDF/BDF":"MDF","Location":"Fredonia","County":"Coconino County","State":"AZ","Narrative":"This project constructed a new water system featuring a solar-powered well, storage tanks, and wildlife-friendly drinking troughs to provide reliable year-round water for wildlife. Improving water availability helps mule deer better utilize surrounding forage habitat and supports healthier wildlife populations during dry periods.","Category":"Wildlife Management","Project Type":"Water Access","Partner Type":"Private","Partner Name":"Private Landowner/Organization","Land Jurisdiction":"Private","Herds":"0","GMUs":"12B","Deer Capacity":"960","Acres Benefitted":"9600","Miles Treated":"0","Structures Installed":"15","Volunteer Hours":"0","Longitude":"-112.29513","Latitude":"36.85562","photo_urls":[],"photo_url":""}},{"type":"Feature","id":"AZ-AZGF-CA24-01-16","geometry":{"type":"Point","coordinates":[-112.20079,36.62836]},"properties":{"GIS ID":"273-AR","WRI":"False","Status Year":"2024","Status":"False","Project ID":"AZ-AZGF-CA24-01-16","Private":"False","Project Name":"GMU 12A Wildlife Water Rehabilitation","Public Name":"GMU 12A Wildlife Water Rehabilitation","Year":"2024","MDF/BDF":"MDF","Location":"Jacob Lake","County":"Coconino County","State":"AZ","Narrative":"This project refurbished multiple wildlife guzzlers through partner collaboration to restore reliable water infrastructure. These improvements benefited mule deer by increasing access to dependable water sources across the landscape.","Category":"Wildlife Management","Project Type":"Water Access","Partner Type":"Federal","Partner Name":"USFS","Land Jurisdiction":"Public","Herds":"Kaibab, Paunsaugunt","GMUs":"12A","Deer Capacity":"1280","Acres Benefitted":"12800","Miles Treated":"0","Structures Installed":"20","Volunteer Hours":"0","Longitude":"-112.20079","Latitude":"36.62836","photo_urls":[],"photo_url":""}},{"type":"Feature","id":"AZ-AZGF-CA24-01-09","geometry":{"type":"Point","coordinates":[-112.15597,36.69797]},"properties":{"GIS ID":"274-AR","WRI":"False","Status Year":"2024","Status":"False","Project ID":"AZ-AZGF-CA24-01-09","Private":"False","Project Name":"Big Ridge Wildlife Catchment","Public Name":"Big Ridge Wildlife Catchment","Year":"2024","MDF/BDF":"MDF","Location":"Jacob Lake","County":"Coconino County","State":"AZ","Narrative":"This project upgraded an aging wildlife water development to a higher-capacity system to provide a more reliable water source. The improvement reduced water limitations for mule deer, supporting consistent habitat use and seasonal movement.","Category":"Wildlife Management","Project Type":"Water Access","Partner Type":"State","Partner Name":"Arizona Game and Fish Department","Land Jurisdiction":"Public","Herds":"0","GMUs":"12A","Deer Capacity":"64","Acres Benefitted":"640","Miles Treated":"0","Structures Installed":"1","Volunteer Hours":"0","Longitude":"-112.15597","Latitude":"36.69797","photo_urls":[],"photo_url":""}},{"type":"Feature","id":"AZ-AZGF-CA24-01-11","geometry":{"type":"Point","coordinates":[-112.14496,36.78563]},"properties":{"GIS ID":"275-AR","WRI":"False","Status Year":"2024","Status":"False","Project ID":"AZ-AZGF-CA24-01-11","Private":"False","Project Name":"South Burro Wildlife Catchment","Public Name":"South Burro Wildlife Catchment","Year":"2024","MDF/BDF":"MDF","Location":"Jacob Lake","County":"Coconino County","State":"AZ","Narrative":"An aging 1,500\u2011gallon wildlife water development in GMU 12A was upgraded into a new 10,000\u2011gallon system, removing the need to haul water to this site. This expansion provides a more reliable, long-lasting water source, helping mule deer by ensuring consistent access to water throughout dry seasons and reducing stress on nearby habitats.","Category":"Wildlife Management","Project Type":"Water Access","Partner Type":"State","Partner Name":"Arizona Game and Fish Department","Land Jurisdiction":"Public","Herds":"0","GMUs":"12A","Deer Capacity":"64","Acres Benefitted":"640","Miles Treated":"0","Structures Installed":"1","Volunteer Hours":"0","Longitude":"-112.14496","Latitude":"36.78563","photo_urls":[],"photo_url":""}},{"type":"Feature","id":"AZ-AZGF-CA24-01-10","geometry":{"type":"Point","coordinates":[-112.10451,36.6186]},"properties":{"GIS ID":"276-AR","WRI":"False","Status Year":"2024","Status":"False","Project ID":"AZ-AZGF-CA24-01-10","Private":"False","Project Name":"Eastside #2 Wildlife Catchment","Public Name":"Eastside #2 Wildlife Catchment","Year":"2024","MDF/BDF":"MDF","Location":"Jacob Lake","County":"Coconino County","State":"AZ","Narrative":"This project upgraded an aging wildlife water development to a higher-capacity system to improve long-term functionality. The enhanced water availability supported mule deer survival and habitat resilience, especially during dry periods.","Category":"Wildlife Management","Project Type":"Water Access","Partner Type":"State","Partner Name":"Arizona Game and Fish Department","Land Jurisdiction":"Public","Herds":"0","GMUs":"12A","Deer Capacity":"64","Acres Benefitted":"640","Miles Treated":"0","Structures Installed":"1","Volunteer Hours":"0","Longitude":"-112.10451","Latitude":"36.6186","photo_urls":[],"photo_url":""}},{"type":"Feature","id":"AZ-AZGF-CA24-01-15","geometry":{"type":"Point","coordinates":[-112.0512,36.60874]},"properties":{"GIS ID":"277-AR","WRI":"False","Status Year":"2024","Status":"False","Project ID":"AZ-AZGF-CA24-01-15","Private":"False","Project Name":"Houserock Allotment Lop and Scatter Phase 1","Public Name":"Houserock Allotment Lop and Scatter Phase 1","Year":"2024","MDF/BDF":"MDF","Location":"Jacob Lake","County":"Coconino County","State":"AZ","Narrative":"This project improved existing wildlife openings by removing encroaching juniper and enhancing native browse. The treatment increased forage availability, supporting mule deer nutrition and habitat use.","Category":"Habitat Conservation","Project Type":"Habitat Enhancement","Partner Type":"Private","Partner Name":"Private Landowner/Organization","Land Jurisdiction":"Private","Herds":"0","GMUs":"12A","Deer Capacity":"32","Acres Benefitted":"320","Miles Treated":"0","Structures Installed":"0","Volunteer Hours":"0","Longitude":"-112.0512","Latitude":"36.60874","photo_urls":[],"photo_url":""}},{"type":"Feature","id":"CO-BLM-CA16-01-02","geometry":{"type":"Point","coordinates":[-108.39269,39.90773]},"properties":{"GIS ID":"213-AR","WRI":"False","Status Year":"2022","Status":"False","Project ID":"CO-BLM-CA16-01-02","Private":"False","Project Name":"Dry Ryan Hand Thin and Pile","Public Name":"Dry Ryan Hand Thin and Pile","Year":"2022","MDF/BDF":"MDF","Location":"White River City","County":"Rio Blanco County","State":"CO","Narrative":"This project restored sagebrush habitat through hand cutting and pile treatments that removed encroaching pinyon and juniper from important sagebrush parks on public lands. The work reduced hazardous fuels, improved forage availability, and enhanced habitat conditions for mule deer and other big game species.","Category":"Habitat Conservation","Project Type":"Habitat Enhancement","Partner Type":"Federal","Partner Name":"BLM","Land Jurisdiction":"Public","Herds":"NE CO","GMUs":"D-7","Deer Capacity":"208","Acres Benefitted":"2075","Miles Treated":"0","Structures Installed":"0","Volunteer Hours":"0","Longitude":"-108.39269","Latitude":"39.90773","photo_urls":[],"photo_url":""}},{"type":"Feature","id":"CO-BLM-CA16-01-01","geometry":{"type":"Point","coordinates":[-108.08795,39.8289]},"properties":{"GIS ID":"214-AR","WRI":"False","Status Year":"2022","Status":"False","Project ID":"CO-BLM-CA16-01-01","Private":"False","Project Name":"Special Status Plant Surveys","Public Name":"Special Status Plant Surveys","Year":"2022","MDF/BDF":"MDF","Location":"Meeker","County":"Rio Blanco County","State":"CO","Narrative":"This project completed special-status plant surveys on public lands to help guide future fuels reduction and habitat restoration treatments in the Piceance Creek Basin. The surveys help ensure upcoming work can reduce hazardous fuel buildup while improving forage quality and habitat conditions for mule deer and other wildlife.","Category":"Wildlife Management","Project Type":"Surveys","Partner Type":"Federal","Partner Name":"BLM","Land Jurisdiction":"Public","Herds":"0","GMUs":"D-7","Deer Capacity":"168","Acres Benefitted":"1677","Miles Treated":"0","Structures Installed":"0","Volunteer Hours":"0","Longitude":"-108.08795","Latitude":"39.8289","photo_urls":[],"photo_url":""}},{"type":"Feature","id":"CO-BLM-CA16-01-03","geometry":{"type":"Point","coordinates":[-108.01622,40.4738]},"properties":{"GIS ID":"215-AR","WRI":"False","Status Year":"2022","Status":"False","Project ID":"CO-BLM-CA16-01-03","Private":"False","Project Name":"Juniper Mountain Hand Thin/Pile and Lop/Scatter","Public Name":"Juniper Mountain Hand Thin/Pile and Lop/Scatter","Year":"2022","MDF/BDF":"MDF","Location":"Little Juniper Mountain","County":"Moffat County","State":"CO","Narrative":"This project improved important winter range habitat through hand thinning of encroaching pinyon and juniper on public lands. Reducing dense tree cover increased forage availability and improved habitat conditions for wintering mule deer, elk, and other wildlife.","Category":"Habitat Conservation","Project Type":"Habitat Enhancement","Partner Type":"Federal","Partner Name":"BLM","Land Jurisdiction":"Public","Herds":"NE CO","GMUs":"D-7","Deer Capacity":"98","Acres Benefitted":"980","Miles Treated":"0","Structures Installed":"0","Volunteer Hours":"0","Longitude":"-108.01622","Latitude":"40.4738","photo_urls":[],"photo_url":""}},{"type":"Feature","id":"CO-BLM-CA16-01-04","geometry":{"type":"Point","coordinates":[-107.84793,37.23584]},"properties":{"GIS ID":"216-AR","WRI":"False","Status Year":"2022","Status":"False","Project ID":"CO-BLM-CA16-01-04","Private":"False","Project Name":"Grandview Hazardous Fuels Reduction","Public Name":"Grandview Hazardous Fuels Reduction","Year":"2022","MDF/BDF":"MDF","Location":"Durango","County":"La Plata County","State":"CO","Narrative":"This project improved forest health and reduced the threat of catastrophic wildfire through hand thinning and pile treatments on public lands. Breaking up dense tree canopies improved habitat diversity, increased forage availability, and enhanced habitat conditions for mule deer and other big game species.","Category":"Habitat Conservation","Project Type":"Habitat Enhancement","Partner Type":"Federal","Partner Name":"BLM","Land Jurisdiction":"Public","Herds":"0","GMUs":"D-3","Deer Capacity":"39","Acres Benefitted":"390","Miles Treated":"0","Structures Installed":"0","Volunteer Hours":"0","Longitude":"-107.84793","Latitude":"37.23584","photo_urls":[],"photo_url":""}},{"type":"Feature","id":"CO-NFWF-GT22-01-01","geometry":{"type":"Point","coordinates":[-108.4001,39.40733]},"properties":{"GIS ID":"250-AR","WRI":"False","Status Year":"2023","Status":"False","Project ID":"CO-NFWF-GT22-01-01","Private":"False","Project Name":"Fence Removal","Public Name":"Fence Removal","Year":"2023","MDF/BDF":"MDF","Location":"De Beque","County":"Garfield County","State":"CO","Narrative":"Hazardous fence was removed to reduce barriers to wildlife movement while also supporting livestock grazing management plans. A majority of this fence was damaged in the Pine Gulch fire and presented safety concerns to big game, livestock, and other wildlife. This effort was completed by MDF staff, volunteers, and staff from the High Lonesome Ranch.","Category":"Wildlife Management","Project Type":"Fencing","Partner Type":"State","Partner Name":"Colorado Parks and Wildlife","Land Jurisdiction":"Public","Herds":"Bookcliffs","GMUs":"D-4","Deer Capacity":"192","Acres Benefitted":"1920","Miles Treated":"6","Structures Installed":"0","Volunteer Hours":"125","Longitude":"-108.4001","Latitude":"39.40733","photo_urls":[],"photo_url":""}},{"type":"Feature","id":"CO-BLM-CA16-01-05","geometry":{"type":"Point","coordinates":[-108.22832,40.09127]},"properties":{"GIS ID":"251-AR","WRI":"False","Status Year":"2023","Status":"False","Project ID":"CO-BLM-CA16-01-05","Private":"True","Project Name":"Bar D Mastication","Public Name":"Colorado 2023 Private Lands Habitat Enhancement #1","Year":"2023","MDF/BDF":"MDF","Location":"White River City","County":"Rio Blanco County","State":"CO","Narrative":"This project improved sagebrush habitat in the Piceance Basin through mastication treatments that removed encroaching pinyon and juniper on public and private lands. The work increased forage availability for mule deer and other big game species while reducing hazardous fuels near important energy infrastructure.","Category":"Habitat Conservation","Project Type":"Habitat Enhancement","Partner Type":"Federal","Partner Name":"BLM","Land Jurisdiction":"Public","Herds":"NE CO","GMUs":"D-7","Deer Capacity":"103","Acres Benefitted":"1025","Miles Treated":"0","Structures Installed":"0","Volunteer Hours":"0","Longitude":"-108.37736","Latitude":"39.91628","Public Longitude":"-108.22832","Public Latitude":"40.09127","photo_urls":[],"photo_url":""}},{"type":"Feature","id":"CO-BLM-CA16-01-06","geometry":{"type":"Point","coordinates":[-108.84053,40.76654]},"properties":{"GIS ID":"252-AR","WRI":"False","Status Year":"2023","Status":"False","Project ID":"CO-BLM-CA16-01-06","Private":"True","Project Name":"Blue Mountain Hand Thinning","Public Name":"Colorado 2023 Private Lands Habitat Enhancement #2","Year":"2023","MDF/BDF":"MDF","Location":"Wilson Place","County":"Moffat County","State":"CO","Narrative":"This project improved sagebrush habitat near Elk Springs through hand thinning and mastication treatments that removed encroaching pinyon and juniper on public and private lands. Reducing dense tree cover improved forage and habitat conditions for mule deer, sage grouse, and other wildlife while also lowering wildfire risk across the landscape.","Category":"Habitat Conservation","Project Type":"Habitat Enhancement","Partner Type":"Private","Partner Name":"Private Landowner/Organization","Land Jurisdiction":"Private","Herds":"0","GMUs":"D-1","Deer Capacity":"396","Acres Benefitted":"3960","Miles Treated":"0","Structures Installed":"0","Volunteer Hours":"0","Longitude":"-108.77511","Latitude":"40.8558","Public Longitude":"-108.84053","Public Latitude":"40.76654","photo_urls":[],"photo_url":""}},{"type":"Feature","id":"5807542584672132","geometry":{"type":"Point","coordinates":[-113.52822,37.19426]},"properties":{"GIS ID":"319-AR","WRI":"False","Status Year":"2024","Status":"False","Private":"False","Project Name":"Sagebrush Restoration Planting","Public Name":"Sagebrush Restoration Planting","Year":"2024","MDF/BDF":"MDF","Location":"Red Cliffs National Conservation Area","County":"Washington County","State":"UT","Narrative":"This project restored sagebrush habitat through targeted planting on public lands to improve ecosystem function. The work enhanced forage and cover, supporting mule deer seasonal use and long-term habitat resilience.","Category":"Habitat Conservation","Project Type":"Habitat Enhancement","Partner Type":"Federal","Partner Name":"BLM","Land Jurisdiction":"Public","Herds":"0","GMUs":"DB1","Deer Capacity":"325","Acres Benefitted":"3250","Miles Treated":"0","Structures Installed":"0","Volunteer Hours":"0","Longitude":"-113.52822","Latitude":"37.19426","photo_urls":[],"photo_url":""}},{"type":"Feature","id":"3555742770986884","geometry":{"type":"Point","coordinates":[-113.54418,37.20804]},"properties":{"GIS ID":"320-AR","WRI":"False","Status Year":"2024","Status":"False","Private":"False","Project Name":"Red Cliffs NCA Annual Grass Treatment","Public Name":"Red Cliffs NCA Annual Grass Treatment","Year":"2024","MDF/BDF":"MDF","Location":"Red Cliffs National Conservation Area","County":"Washington County","State":"UT","Narrative":"This project treated invasive annual grasses to improve native vegetation and reduce wildfire risk. These actions supported healthier habitat conditions for mule deer by protecting forage resources and improving overall landscape resilience.","Category":"Habitat Conservation","Project Type":"Habitat Enhancement","Partner Type":"Federal","Partner Name":"BLM","Land Jurisdiction":"Public","Herds":"0","GMUs":"DB1","Deer Capacity":"491","Acres Benefitted":"4910","Miles Treated":"0","Structures Installed":"0","Volunteer Hours":"0","Longitude":"-113.54418","Latitude":"37.20804","photo_urls":[],"photo_url":""}},{"type":"Feature","id":"8059342398357380","geometry":{"type":"Point","coordinates":[-113.29527,37.85968]},"properties":{"GIS ID":"321-AR","WRI":"False","Status Year":"2024","Status":"False","Private":"False","Project Name":"Low Tech Restoration Iron Co","Public Name":"Low Tech Restoration Iron Co","Year":"2024","MDF/BDF":"MDF","Location":"Cedar City","County":"Iron County","State":"UT","Narrative":"This project used low-tech, hand-built restoration practices to initiate natural processes that improved stream and riverscape function. By focusing on process-based restoration, it mimicked and promoted natural hydrologic and sediment dynamics, setting the system on a clear pathway toward self-sustaining ecological health that benefits riparian habitat and wildlife use.","Category":"Habitat Conservation","Project Type":"Watershed Restoration","Partner Type":"Federal","Partner Name":"BLM","Land Jurisdiction":"Public","Herds":"0","GMUs":"DB1","Deer Capacity":"1","Acres Benefitted":"10","Miles Treated":"0","Structures Installed":"0","Volunteer Hours":"0","Longitude":"-113.29527","Latitude":"37.85968","photo_urls":[],"photo_url":""}},{"type":"Feature","id":"740993003880324","geometry":{"type":"Point","coordinates":[-112.95936,37.9018]},"properties":{"GIS ID":"322-AR","WRI":"False","Status Year":"2024","Status":"False","Private":"False","Project Name":"Parowan Gap UPD Habitat Restoration","Public Name":"Parowan Gap UPD Habitat Restoration","Year":"2024","MDF/BDF":"MDF","Location":"Parowan","County":"Iron County","State":"UT","Narrative":"This project enhanced and conserved important wildlife habitat to improve overall ecosystem health and resilience. The work supported healthier landscapes for mule deer and other wildlife through improved habitat quality and long-term conservation efforts.","Category":"Habitat Conservation","Project Type":"Habitat Enhancement","Partner Type":"Federal","Partner Name":"BLM","Land Jurisdiction":"Public","Herds":"0","GMUs":"DB1","Deer Capacity":"225","Acres Benefitted":"2250","Miles Treated":"0","Structures Installed":"0","Volunteer Hours":"0","Longitude":"-112.95936","Latitude":"37.9018","photo_urls":[],"photo_url":""}},{"type":"Feature","id":"CO-NFWF-GT22-01-02","geometry":{"type":"Point","coordinates":[-108.20535,39.32664]},"properties":{"GIS ID":"344-AR","WRI":"False","Status Year":"2024","Status":"False","Project ID":"CO-NFWF-GT22-01-02","Private":"True","Project Name":"Pine Gulch Shrub Planting","Public Name":"Colorado 2024 Private Lands Habitat Enhancement #1","Year":"2024","MDF/BDF":"MDF","Location":"De Beque","County":"Garfield County","State":"CO","Narrative":"MDF partnered with the High Lonesome Ranch to plant 11,900 sagebrush plants in the Pine Gulch Burn area. This work was completed through a NFWF grant. This planting improved winter range by providing essential winter forage.","Category":"Habitat Conservation","Project Type":"Habitat Enhancement","Partner Type":"Private","Partner Name":"Private Landowner/Organization","Land Jurisdiction":"Private","Herds":"0","GMUs":"D-4","Deer Capacity":"100","Acres Benefitted":"1000","Miles Treated":"0","Structures Installed":"0","Volunteer Hours":"107","Longitude":"-108.52654","Latitude":"39.48503","Public Longitude":"-108.20535","Public Latitude":"39.32664","photo_urls":[],"photo_url":""}}]}